,BIC,FSV,LLR,M,g,l,max_delta,max_ll,max_mu_hat,max_s2_t_hat,model,n,s2_FSV,s2_logdelta,time,PER_prob,SE_prob,linear_prob,pval,qval,max_ll_null
0,7764.628657758886,0.03312534730104072,,3,PAFAH1B1,,2.43630443486069,-3869.7925878607693,-4.242692559672238,1.1824712973949298,linear,4221,0.019223430899957563,14.5294001631607,0.0027303695678710938,0.0003400931456189138,0.012120543102531217,0.9875393637516983,0.006177128638678475,0.014317847837996465,-3875.3167225393577
1,9025.293980573253,0.032018498803821294,,3,SUMO2,,2.523410539858429,-4500.125249267953,-4.569220825081618,1.351930985267214,linear,4221,0.03550070758938673,28.591377259980415,0.002764463424682617,0.00039569291105191696,0.0004579169063272673,0.9991463901820005,0.024305410335207167,0.04815222802258024,-4504.868026221679
2,8411.070220228055,0.03645102739360931,,3,CAMK2A,,2.20640808397968,-4193.013369095354,-4.413333020460391,1.4251386313278323,linear,4221,0.007512753670561584,4.752548535550592,0.002844572067260742,5.329550885063563e-06,0.0028448325832424832,0.9971498378650295,1.4643717665907552e-05,5.6321991022721356e-05,-4210.552540484977
3,8487.475172540693,0.036846498777747316,,3,TUBB4B,,2.1818309699437406,-4231.215845251673,-4.211264970985668,1.3331227385689193,linear,4221,0.006980807221982184,4.328622401434009,0.0028276443481445312,0.0007792527493759171,0.3420840016704458,0.6571367455802098,4.774956879893821e-07,2.161079622365738e-06,-4252.721000590191
4,7866.68740037521,0.03325623948365648,,3,CDC42,,2.426386940747104,-3920.8219591689312,-3.9409009780833997,1.0487025454402596,linear,4221,0.01819123072975583,13.64842290238811,0.002773284912109375,0.0014634835140457172,0.00047525108240045836,0.998061265403822,0.015567490403699091,0.03295537283041138,-3926.3239893037808
5,7078.899949749843,0.032939404963987076,,3,HPCAL4,,2.4505285060212856,-3526.9282338562475,-2.718714077851079,0.5482893870370318,linear,4221,0.020978333575743132,16.023293483293493,0.002827882766723633,0.1328350648533714,0.1082763376956946,0.7588885974505849,0.004113701160407102,0.01002177776897322,-3531.960836662049
6,6957.427695282509,0.035011330434904286,,3,DHCR24,,2.300569833756166,-3466.192106622581,-3.1618057028359097,0.738000871586615,linear,4221,0.010196887194332493,6.951600567327359,0.002826690673828125,0.00014658718871448355,2.783144576858444e-05,0.9998255813657483,0.0015881081822972654,0.004264740642997772,-3477.236260380842
7,8020.520961285546,0.033235341505683955,,3,JTB,,2.4279651071860266,-3997.7387396240993,-3.1743614788621684,0.7398472606939865,linear,4221,0.018345061332394785,13.779992562758487,0.002779722213745117,0.009047934130112945,0.0008238755966753043,0.9901281902728912,0.013044463876900614,0.027981855149264753,-4003.2736807306305
8,7496.663151311431,0.03291069538132553,,3,TPM3,,2.452739033368644,-3735.8098346370416,-2.979915444023834,0.6457888966776725,linear,4221,0.021357079338877785,16.339162846908703,0.0028018951416015625,0.4301850380984936,0.12517941205756303,0.44463554984371134,0.004601234907422369,0.011080955625673137,-3740.299536282033
9,8658.325608006637,0.0444173584836166,,3,ATP1A2,,1.795714732558724,-4316.641062984645,-1.908991652415176,0.5340807493803067,linear,4221,0.0039610652470131935,1.7421809480141666,0.002760171890258789,0.0024155618743687823,0.0016816139363857077,0.995902824189708,2.1851631615277256e-11,1.5943924421465047e-10,-4360.456463518773
10,8751.8535430909,0.0311393997137018,,3,GUK1,,2.5970055635242684,-4363.4050305267765,-5.315352298139704,1.6993488069565523,linear,4221,0.08097476740627008,68.70506486776245,0.002864837646484375,0.04266460703245573,0.012838976275563848,0.9444964166914754,0.024250542574973277,0.048134347266015017,-4366.456824185304
11,7390.390308679546,0.03266720514581682,,3,MRPL33,,2.47164306051057,-3682.6734133210994,-3.2733285726926744,0.7412061818054164,linear,4221,0.024096308289771655,18.692287102173783,0.003483295440673828,0.0003064724247782446,0.057424954630376585,0.9422685729451393,0.0070217861079316934,0.016097981251808467,-3687.1657929345415
12,8335.554275406026,0.03167596865956025,,3,KIF5C,,2.5516001940193367,-4155.25539668434,-3.894391648770387,0.995069660437532,linear,4221,0.04574501711417074,37.591003063469294,0.002933502197265625,0.023214175924574507,0.4288528196776123,0.5479330043983712,0.002227560840806553,0.005760933208982464,-4160.555888947019
13,8964.610793077663,0.03380258770571906,,3,ITM2C,,2.3858203726816294,-4469.783655520158,-4.843748790238738,1.5773794431187007,linear,4221,0.014380975366718994,10.466721124103465,0.002831697463989258,0.0014050359443951877,0.019532767286016727,0.9790621967687291,0.00042577481354422186,0.0012773244406326656,-4479.9825373840395
14,8781.054951061884,0.034554714807586595,,3,KIF1A,,2.3320731784150435,-4378.005734512269,-4.435696401463725,1.377701266354429,linear,4221,0.011211003901152672,7.831891887701551,0.002865314483642578,0.0012785286683073078,0.21465094582295363,0.7840705255095524,1.8631757170095575e-05,6.937356393120694e-05,-4392.803841652988
15,8672.077938989378,0.03161608825641656,,3,NDUFC1,,2.556590974831999,-4323.517228476016,-4.447542834608765,1.259109790044227,linear,4221,0.05037637591461397,41.54374615284262,0.002936124801635742,0.008526730687798382,0.28176758911111405,0.7097056802016031,0.016353826272244687,0.03413820593609726,-4325.569624678883
16,8930.195401702951,0.042640777679611865,,3,SLC1A3,,1.874008815612974,-4452.575959832802,-2.1633279661331746,0.6049196384995,linear,4221,0.004241439512184048,2.009890779882405,0.0028412342071533203,2.0221236315942816e-05,0.001592920597033636,0.9983868581671658,1.0600457178711054e-09,6.7868780717357355e-09,-4488.833507064374
17,7546.222725334478,0.03554964640843902,,3,TUBB2B,,2.2644691699037485,-3760.5896216485653,-1.6212610729668155,0.3152853842784234,linear,4221,0.009015785455158317,5.9745788252395196,0.002855062484741211,0.15140723656590488,0.09026295581858068,0.7583298076152393,8.567732320419186e-05,0.00029303319011205685,-3772.9085998022997
18,9122.735040796846,0.035695815113965926,,3,RPL10A,,2.25485473788594,-4548.84577937975,-3.4629738109162376,0.9660554153758576,linear,4221,0.008712617499933144,5.729852692231502,0.0028171539306640625,0.009946980922888277,0.001918027710780726,0.9881349913660418,0.00013151094731356228,0.0004328730240728539,-4562.414133437129
19,7208.494815415097,0.03258199833331563,,3,SNAP91,,2.4783250600775095,-3591.7256666888748,-3.4158375080133787,0.7873010659707078,linear,4221,0.02505678559026721,19.532447137802794,0.0028231143951416016,0.03045839093277203,0.1736145293598017,0.7959270797076594,0.0034300304469019327,0.008454300397293496,-3596.8764096412106
20,8989.468445584445,0.03285727766290603,,3,SERINC1,,2.456862272462638,-4482.212481773549,-6.113211377845284,2.3246775397532553,linear,4221,0.021705813628637976,16.656413234856768,0.0028524398803710938,0.019571312095815214,0.022326828140416914,0.9581018597642911,0.004946623401545169,0.011777674765583735,-4487.817000738072
21,8629.71554764025,0.033497986298146445,,3,RAC1,,2.4082739259639743,-4302.336032801451,-4.323570606271773,1.2707886693248047,linear,4221,0.016398267263008276,12.138082764669445,0.0028073787689208984,6.881709399347083e-05,3.0386284103482883e-05,0.9999007966222738,0.01742247005661879,0.036082038578796306,-4309.016137727023
22,9085.261409702372,0.032808178344903446,,3,RPL7,,2.4606640227360783,-4530.108963832513,-3.750392193407863,1.0019465182119514,linear,4221,0.02249832158775863,17.312848432739912,0.0028040409088134766,0.18952666115221073,0.26078616578031394,0.5496871730680069,0.004735600221443814,0.011326606452200468,-4534.2856152844015
23,8597.49106948557,0.039291154164286544,,3,LDHA,,2.0408863655176375,-4286.223793724112,-5.0816083186372,1.982543092314399,linear,4221,0.005315416209791966,2.9271225290400036,0.0028815269470214844,6.793372096246588e-05,0.0014709189908311711,0.9984611472883363,1.4560332116664298e-06,6.343713162862039e-06,-4308.515240869958
24,8506.372073304388,0.03423917893980296,,3,C1QTNF4,,2.354333933943818,-4240.664295633521,-4.750386963647975,1.5238824678726515,linear,4221,0.01256913522459442,8.931905776069408,0.0028228759765625,2.9314454518894433e-05,0.0007181835773699181,0.9992525019688777,0.0012951274947500258,0.0035230152059262357,-4250.458858134486
25,7709.04039328222,0.003204547581642772,,3,OTUB1,,25.963374909125992,-3841.9984556224363,-3.6496426530519925,0.09404941491415246,linear,4221,3.23749446834163e-05,2.313382241493241,0.0046634674072265625,0.00013027001624869045,0.008802619617223825,0.991067110366248,0.015836147527691802,0.03325590980815279,-3846.0073852458568
26,8438.256372106054,0.03467710100067013,,3,CFL1,,2.323547986770064,-4206.606445034354,-6.625669446119919,2.8231293379205846,linear,4221,0.010802711585171446,7.4971783122622515,0.002965211868286133,0.001279149332558484,0.0005640085343299375,0.9981568421331217,5.272990478100148e-05,0.00018579328865789112,-4222.519177250477
27,7997.212933285309,0.031857545938983704,,3,SCN3B,,2.5365811910498595,-3986.084725623981,-3.7834746053365667,0.9412504631019264,linear,4221,0.03938350564534666,32.01900193591152,0.002794981002807617,0.16244675258524482,0.2695376965957764,0.5680155508189443,0.0019518537714109385,0.005175369848438095,-3991.8778034533393
28,7827.242639718179,0.03180895950439772,,3,HK1,,2.5405831724900643,-3901.0995788404157,-3.6299130357318647,0.8711339446269061,linear,4221,0.04254306442588554,34.68668365718387,0.0027332305908203125,0.09235966175149556,0.07395077776668556,0.8336895604815995,0.0180120473960671,0.03715648284060993,-3903.7318728842497
29,7857.866712018725,0.0323717097748193,,3,FAM213A,,2.494966622936483,-3916.4116149906886,-3.1790773267366657,0.715975764563576,linear,4221,0.02870341030226032,22.647527151453268,0.0028078556060791016,0.42262331667228575,0.013989153389661732,0.5633875299383656,0.016980187543417236,0.03530534043680811,-3919.783964488473
30,7053.606367685771,0.0037416457373759733,,3,GSTO1,,22.224455605078838,-3514.281442824212,-2.966900778145426,0.07478186175854934,linear,4221,5.567194814611148e-05,2.924504886626023,0.004601955413818359,0.015929447372134517,0.48086553422889333,0.503205018398691,0.01210254598304572,0.026255523310326462,-3516.4260183897163
31,8863.144563128712,0.03173185462047893,,3,ARF3,,2.54695932636913,-4419.050540545682,-5.17178201602669,1.6545162608212953,linear,4221,0.04303517455667239,35.24767742880651,0.0028078556060791016,0.08681674773815287,0.038794710391651714,0.8743885418693116,0.0025751400027540505,0.006488182748179077,-4425.520670593328
32,7455.795173123606,0.03265118174770541,,3,PPFIA2,,2.472896968183593,-3715.3758455431293,-3.8096760826059715,0.9576668107339753,linear,4221,0.02410890777725474,18.719212319282143,0.0027458667755126953,0.007412651455164416,0.07266986637588646,0.9199174821685431,0.004023948115788878,0.009825919817624004,-3720.7440870668556
33,7170.364560978461,0.003200974551138798,,3,SERP2,,25.99244923133791,-3572.6605394705566,-3.025705703539677,0.06725463328136433,linear,4221,3.296444796383103e-05,2.3607322045385843,0.0046939849853515625,0.12885144333580142,0.09997926351893462,0.7711692931453472,0.015763629098314857,0.0332168963227767,-3575.337148900683
34,9173.336557838493,0.034264870036804736,,3,NDRG2,,2.352506119776013,-4574.146537900573,-3.4811895406017244,0.936419685537359,linear,4221,0.012565884644101136,8.917132280057249,0.0029325485229492188,0.0008155534758274762,7.090900853154606e-05,0.9991135375150819,0.004981515211280763,0.011833916225893214,-4582.635374291521
35,7503.819727489298,0.003667051748300391,,3,DAD1,,22.67823623047326,-3739.3881227259753,-2.434817651463908,0.05542115940178051,linear,4221,3.831122454575448e-05,2.0945880136336035,0.0052607059478759766,0.002221020343636576,0.0013909846785660383,0.9963879949778198,0.024929149375823356,0.049294928144283476,-3743.530072575814
36,7165.178958983804,0.033769237602235595,,3,ITPK1,,2.3882590132975157,-3570.067738473228,-2.714282080306471,0.5637192182847368,linear,4221,0.0146370649184387,10.672726525931312,0.0028052330017089844,8.053344879299368e-05,0.07656662441074275,0.9233528421401238,0.0005020156738555492,0.001476516687810439,-3579.2469128943044
37,8317.676742028763,0.03524428281919044,,3,DYNC1H1,,2.284812175084221,-4146.316629995708,-4.446686046292857,1.3907093540765627,linear,4221,0.009617682849044214,6.476409555490582,0.002902984619140625,5.16698475148504e-05,0.0006875021339708873,0.9992608280181716,0.0003462070786534044,0.0010506284178788284,-4158.585795921883
38,8844.920174072367,0.03248642195903258,,3,KLC1,,2.485861960446828,-4409.93834601751,-6.253222103077164,2.388623196512812,linear,4221,0.026604678361005277,20.853245800523364,0.0028395652770996094,0.00289574403700022,0.11577643362795131,0.881327822335321,0.006121053846667834,0.014219262254427491,-4414.293632251998
39,8500.833349772578,0.031461573823362315,,3,SCG3,,2.569556863692977,-4237.894933867616,-3.2222323954564644,0.7343653967518231,linear,4221,0.05546296167035316,46.16006393583422,0.0030159950256347656,0.0005731808281881725,0.4769861062785075,0.5224407128937839,0.0023534784696837008,0.006041937391608523,-4243.017680244534
40,7833.298849004136,0.003526345792594055,,3,LINGO1,,23.586458958665702,-3904.1276834833943,-4.026255165068506,0.12203090556103811,linear,4221,4.342046900966889e-05,2.5656501574991712,0.004645586013793945,0.00039499781752841634,0.0021241443406032757,0.9974808578418674,0.022070769098663567,0.04431033949062475,-3908.269899193043
41,7551.847978415122,0.03405427807409818,,3,SV2B,,2.36757020785552,-3763.4022481888874,-3.825536401553494,1.0102406537213044,linear,4221,0.01303722744851908,9.35845414350772,0.0027968883514404297,0.16872393042771722,0.2630208058685366,0.5682552637035552,3.941833438447784e-05,0.00014144915273748494,-3776.5126964707706
42,8478.517007026145,0.03187951091217566,,3,ATP6V0D1,,2.5347759777246646,-4226.736762494399,-4.5135138746360015,1.294417685761856,linear,4221,0.04034759398701838,32.7605267582762,0.0028905868530273438,0.25007452320752493,0.34813030177515913,0.4017951750177937,0.010189202694453559,0.02247618241423579,-4229.236046741963
43,8955.997214408546,0.03187727549923497,,3,PFN1,,2.53495958366831,-4465.4768661856,-3.2445814454574258,0.7717952225444107,linear,4221,0.03936354024673453,31.965711621623992,0.0028574466705322266,0.0018970082460442038,0.0011623052454412556,0.9969406865078827,0.019796570382509482,0.040283718801618136,-4470.109840430374
44,8239.250746324311,0.03190696798909012,,3,ATP6V0A1,,2.5325228856767916,-4107.103632143482,-4.600735620058186,1.3300270402172008,linear,4221,0.038741765261868115,31.40602451845018,0.002821683883666992,0.003105905774496637,0.03359276509551218,0.963301329129606,0.010069782249031434,0.02230647966557596,-4111.230256225279
45,8577.723358468324,0.03076975168583547,,3,PRKAR1A,,2.6292070549587683,-4276.3399382154885,-4.786686122979395,1.3875498766911096,linear,4221,0.1395186166294991,121.05857114357663,0.0028297901153564453,0.03747429706422399,0.08428517763055081,0.8782405253060669,0.023880026765172313,0.04748868958983131,-4278.441206706753
46,7826.067042373744,0.03285447807734375,,3,ARHGDIA,,2.457078738325018,-3900.511780168198,-3.342032592243961,0.7862031427110436,linear,4221,0.021469005767169806,16.47731563284784,0.003111124038696289,0.00015082199951968735,2.7611623749704916e-05,0.9998215663768085,0.014206399687207716,0.03019578880884231,-3907.598726393386
47,7168.732421421794,0.03474005808123385,,3,LZTS3,,2.319185912274164,-3571.8444696922234,-2.97911113707495,0.6712567565282126,linear,4221,0.01091028086403669,7.546324176174419,0.0027909278869628906,3.820136559987731e-05,5.453913126117759e-05,0.9999072595034086,0.001566082590819473,0.004216376206052428,-3582.578005520582
48,8981.06265342891,0.032397573924640356,,3,PPDPF,,2.4929081654556215,-4478.009585695781,-4.284712920713353,1.2249750987091035,linear,4221,0.028381470503735042,22.36010131876711,0.002848386764526367,0.37107300882765804,0.02071698824749378,0.6082100029243206,0.0195553041899047,0.039947605835408434,-4480.976618122271
49,8637.731717679275,0.031443580018506,,3,UQCR11,,2.5710750756116028,-4306.344117820964,-5.848341135572474,2.035119388336926,linear,4221,0.057001846146486124,47.49169227524448,0.0033888816833496094,0.42932225852177097,0.008405045768033517,0.5622726957102419,0.010611842533317706,0.023310532761471946,-4310.800968924306
50,7773.768467318878,0.03392230346140621,,3,RPS28,,2.3771059654890037,-3874.362492640765,-4.401779160973628,1.2927418330230387,linear,4221,0.013848125869693376,10.012714866612672,0.0028638839721679688,0.3291597709156242,0.051954024349255154,0.6188862047348596,0.0003356131791214523,0.001024400692085828,-3884.287735940922
51,7398.83610218935,0.0037097175653085786,,3,LSM4,,22.416451686160347,-3686.896310076001,-3.1464645111046767,0.08290061018409238,linear,4221,6.577977987996971e-05,3.5147494628783047,0.0047490596771240234,0.1509091821264537,0.1108558574767749,0.738234960396538,0.019974559533610603,0.04048897202758906,-3689.084528568149
52,8645.516589144643,0.03234834371233181,,3,CAPNS1,,2.4968290945733593,-4310.236553553648,-4.826343478055575,1.484436457586326,linear,4221,0.02790022934219554,22.043539397685727,0.002830982208251953,0.033362640867023965,0.2806546062421449,0.6859827528912268,0.0007611023539068063,0.0021716235641362678,-4317.843273588132
53,7075.431355058182,0.03263354169713796,,3,PNMA8B,,2.4742788106411155,-3525.193936510417,-2.959867202985449,0.6203336319432197,linear,4221,0.024622634526018674,19.137405681761322,0.002835988998413086,0.30730588684268667,0.015118661163698824,0.6775754519937499,0.011898418872545058,0.025866127983793605,-3529.247261553036
54,8404.779619368781,0.031299940731718275,,3,AP2S1,,2.583257102646888,-4189.868068665717,-4.395802822099563,1.2107300878457217,linear,4221,0.06506468604598228,54.67631647804163,0.002803325653076172,0.003701039683443309,0.010975697805840044,0.9853232625111362,0.007564606569246846,0.017192287657379193,-4195.07655503059
55,7157.5430480522955,0.03288084296207521,,3,SEZ6L,,2.455041648485864,-3566.249783007474,-2.9772540322548737,0.6335033165179501,linear,4221,0.02134911056158518,16.36076907464644,0.003410816192626953,0.0045130737211489715,0.41302822302660824,0.5824587032526953,0.001364478194293861,0.0037020726201771425,-3572.500938964057
56,8456.688759603161,0.03996188719558725,,3,NPTXR,,2.0052305199875025,-4215.822638782907,-4.227828217611483,1.457521419451732,linear,4221,0.00502491690102429,2.682231407832521,0.002893686294555664,0.011603312326809414,0.11445714479443128,0.8739395428788239,1.9394331529642983e-07,9.172994642398708e-07,-4239.7576865821775
57,8419.681601707742,0.03405921180637631,,3,CBX6,,2.3672151565375525,-4197.319059835198,-3.6028147499840366,0.9462608004278517,linear,4221,0.013266219421532638,9.520260766803675,0.0029709339141845703,0.019215907978147827,0.09053406970785685,0.890250022314396,0.0003313421077468792,0.0010143125747353445,-4207.172379093291
58,9113.733327348198,0.03375464401542179,,3,RPL3,,2.389327647522158,-4544.344922655426,-4.1613991471604175,1.2231051575889618,linear,4221,0.014872578268914015,10.853194223788272,0.0029604434967041016,0.013901148798877952,0.015343901125783332,0.9707549500753997,0.0020056312247093144,0.005291238155640152,-4551.789061849049
59,8297.951404904632,0.03234942611885832,,3,MAPK8IP2,,2.4967427582413784,-4136.453961433643,-3.9163070170191854,1.0247844362660654,linear,4221,0.028089202071817417,22.19145555871623,0.002836942672729492,0.07520049437010257,0.42727436251016115,0.4975251431196889,0.0009308654196481525,0.0025857372768004236,-4143.316421874068
60,8497.891122953186,0.03429715170970412,,3,FBXO2,,2.350213295822467,-4236.42382045792,-2.6940316051699873,0.6163279410516429,linear,4221,0.012303593360976917,8.715706481652582,0.0029239654541015625,0.001539106330532409,0.0007424329232149552,0.9977184607458727,0.0008271351952462425,0.0023409486657912522,-4247.0308863333985
61,7615.276759443003,0.00431673959493468,,3,IFI6,,19.25250194456974,-3795.116638702828,-2.5543877758356253,0.06973927395592458,linear,4221,4.490814513564496e-05,1.77660987753587,0.005217790603637695,0.0061328727284327535,0.0011484337610988063,0.9927186935102241,0.007216655080988454,0.01647279964138669,-3801.541986206971
62,8201.034357853527,0.03432029464167317,,3,TRIM2,,2.3485722105894133,-4087.99543790809,-3.8378801414046793,1.0485465618555274,linear,4221,0.012310936560673696,8.709961976957162,0.0028944015502929688,0.003460344721882949,0.00034970518113369345,0.9961899500961519,0.0020733991729912082,0.0054426728291019225,-4097.282220665837
63,8951.636162555402,0.0345136212822681,,3,RACK1,,2.3349492346852694,-4463.296340259028,-3.0735893320229666,0.7723988361485246,linear,4221,0.01166574066076466,8.167633937393392,0.002844095230102539,0.0022516877124313796,0.00015288551659573376,0.997595426771771,0.002649444225062636,0.0066394187024242666,-4472.548544319375
64,7755.765668236349,0.04949459173665983,,3,PPIA,,1.6029451693945014,-3865.3610930995005,-7.163774271073818,4.681835232848011,linear,4221,0.003673211472998404,1.3276496765263277,0.0029039382934570312,0.007301808375992191,4.6792858899409937e-05,0.9926513987655259,2.26929586233382e-13,1.9062085243604086e-12,-3919.925200152786
65,7513.359498837144,0.03299550813041513,,3,SRI,,2.4462198817473557,-3744.1580083998983,-2.5091430485271817,0.5004200011075296,linear,4221,0.019610022107153412,14.93065697054385,0.0028777122497558594,0.0018736011056648698,0.00033228370950064997,0.9977941151851709,0.001211808517705304,0.0033396297732035934,-3754.4600041257218
66,8879.971160507694,0.03355777213599767,,3,GDI1,,2.4038346890864886,-4427.4638392351735,-5.42249797599626,1.9070257065014558,linear,4221,0.014626389083332495,10.790584722450767,0.0033164024353027344,0.010594230833274668,0.0007643421111165436,0.9886414270561955,3.983724315981263e-06,1.6598851316588597e-05,-4448.145124009386
67,9047.43009614001,0.035713465415122964,,3,ENHO,,2.2536990923556424,-4511.193307051331,-3.163958463145735,0.839840026397961,linear,4221,0.008638929430604448,5.676179998350817,0.0028519630432128906,0.00022312332250569225,2.5565370107644158e-05,0.9997513113065657,0.00021449842127196916,0.000672308484583784,-4526.0060202362365
68,8978.738509639026,0.03753077889007364,,3,NTRK2,,2.140528888879393,-4476.84751380084,-3.4528206314049643,1.0047011250021038,linear,4221,0.006360930893957261,3.812189954044632,0.0027871131896972656,0.08566396997621507,0.003373774195588091,0.9109622558288978,1.1864626935365052e-06,5.234394236190464e-06,-4499.071881719753
69,7242.719551193706,0.032586947592499235,,3,TMEM141,,2.477935978543615,-3608.8380345781793,-2.8208321467918536,0.5791554354815637,linear,4221,0.025291837228681467,19.71008118255846,0.002838134765625,0.07875684026111297,0.005244465211946943,0.9159986945269505,0.019714557668176647,0.04019472922637957,-3612.68253681925
70,8125.327823369691,0.03401539096924022,,3,NSMF,,2.3703722862864525,-4050.1421706661718,-2.783023762346238,0.6243637851571504,linear,4221,0.013551120936427196,9.748067756969904,0.0032465457916259766,0.0005098802384634416,6.269638278850212e-05,0.9994274233785894,0.004924017395757874,0.01175049605805856,-4058.713709685874
71,9094.909061512393,0.0341145583972428,,3,APBB1,,2.3632392300219265,-4534.932789737523,-5.76059402319163,2.1734232388487027,linear,4221,0.012274158930849969,8.781725044042773,0.0030241012573242188,0.023568139033634458,0.3220136265773963,0.6544182343886711,7.995543405137084e-07,3.5423293567063032e-06,-4555.472377703149
72,7581.444426154228,0.03277983215003723,,3,TRMT112,,2.4628640483991884,-3778.20047205844,-2.917448866157974,0.6250807067700279,linear,4221,0.022559264959304645,17.38779546204659,0.0029468536376953125,0.001215746576754614,0.0002011558855402048,0.9985830975377712,0.019919801975338935,0.04045607751277734,-3783.700473748259
73,8816.121648643488,0.03788541068726047,,3,RPL6,,2.1197108451272437,-4395.539083303071,-4.762834413921862,1.7141503928635262,linear,4221,0.006067998498222155,3.5739476239662498,0.0028085708618164062,0.37890785925879045,0.10561971686176207,0.5154724238793443,1.5875419800970292e-07,7.743408438374042e-07,-4419.637463376379
74,7135.65738975683,0.002099612571168566,,3,TCF25,,39.67069854728909,-3555.306953859741,-2.744275479324665,0.03930935957845241,linear,4221,1.2988092455118234e-05,2.1520018498514357,0.0057926177978515625,0.014527970998081114,0.0046143943433417135,0.9808576346586702,0.025007827332024224,0.04935755394478465,-3558.8360076301556
75,8654.1028885412,0.03325671259808223,,3,RPL38,,2.4263512352112544,-4314.529703251927,-4.980332788100994,1.6144032312175298,linear,4221,0.01770886283988322,13.286161698346133,0.002739429473876953,0.023649251901905814,0.004205127068828212,0.9721456210293261,0.0011235562909669428,0.0031127548958187067,-4323.68939780353
76,7595.589861477674,0.03305978714782653,,3,SLC25A23,,2.441301342100535,-3785.2731897201634,-2.535678263698356,0.5118559670416676,linear,4221,0.019785186311138875,15.009388239017762,0.0028564929962158203,0.3361335322859002,0.013887649765402603,0.6499788179487773,0.005322435436358242,0.0125868405589553,-3790.788736613159
77,8909.871846431095,0.03203287765306608,,3,FKBP8,,2.522240369668223,-4442.414182196874,-4.929904413231761,1.5371948257406176,linear,4221,0.033230725363071166,26.740719931269684,0.002896547317504883,0.21604098076595377,0.02598083464772404,0.7579781845869638,0.0004791041837580723,0.0014170687125238757,-4452.1222027123795
78,8734.747912581197,0.03333772663740602,,3,MIF,,2.4202521203955487,-4354.852215271925,-4.507837056609154,1.3631901787199334,linear,4221,0.017468821572730695,13.046705626090327,0.002827882766723633,0.37759071371386016,0.0412824138542219,0.5811268724322282,0.0021921364825874257,0.005712221826386316,-4361.3818377073285
79,9018.024830949573,0.034037583897482515,,3,COPS9,,2.368772351658559,-4496.490674456113,-5.25547865914449,1.8364375045644765,linear,4221,0.013146586420050907,9.445579305044538,0.0028960704803466797,0.038581829960202416,0.0014514727332595703,0.959966697306631,0.00024089993602338655,0.0007439556847781056,-4509.045632456068
80,8603.083669342122,0.03334085529328379,,3,RPL15,,2.420017175020195,-4289.020093652388,-4.770058756373572,1.4979594375511995,linear,4221,0.017436441789713538,13.020242734608324,0.0028853416442871094,0.004968280993217161,0.00010654102549184931,0.994925177980922,0.012647652302208656,0.027287245358852196,-4295.634865394531
81,8592.040798805738,0.03211861666800347,,3,RPL9,,2.515284562666169,-4283.498658384196,-4.738750381159199,1.424849659512558,linear,4221,0.03294532370059655,26.378826336291443,0.002964496612548828,0.0014349277024383556,0.0001599920547892702,0.9984050802436647,0.023183569415865524,0.04636713883173105,-4288.848837629072
82,7656.0166021639125,0.04013381889035441,,3,TPPP,,1.9962826165420167,-3815.4865600632825,-3.1690927342708446,0.8797924593504491,linear,4221,0.004907335625954558,2.598860256431238,0.0028791427612304688,0.00040490037882085763,1.5996927175470722e-05,0.9995791026941117,1.2732077314669965e-07,6.305981688869558e-07,-3844.740501386581
83,8745.573605165568,0.032428743599077596,,3,SEC61G,,2.490431818602263,-4360.2650615641105,-4.3113606257698684,1.228415748976133,linear,4221,0.027060587747313822,21.281165374986028,0.0028438568115234375,0.0005848379868527036,5.3461270268700366e-05,0.9993617007422828,0.022046523721085842,0.04431033949062475,-4366.251214819724
84,8455.56791801236,0.03759665036949893,,3,PSD,,2.13663231865761,-4215.262217987507,-3.732812081474134,1.1113182062142541,linear,4221,0.006303226801226798,3.765376344911946,0.0027990341186523438,0.05501259930713574,0.0003407197629428823,0.9446466809305624,1.793294336582818e-06,7.748802688938103e-06,-4237.856727105377
85,7471.133895193455,0.03795103560283033,,3,ALDH2,,2.1159011085475936,-3723.0452065780537,-1.7598525221650865,0.3652869937747892,linear,4221,0.00597194504947769,3.5061423312008086,0.0029609203338623047,0.00013131387590521146,3.397660768850152e-06,0.9998652884636828,5.633573600949404e-07,2.538734884548015e-06,-3750.2011802927386
86,8055.897726307163,0.031985046669440687,,3,TBCB,,2.5261369908713336,-4015.4271221349077,-3.3353840741756926,0.7706926239086073,linear,4221,0.036147416187092066,29.16921125285061,0.0036399364471435547,0.018032903870428187,0.0010010395133268051,0.9809660566164419,0.014814770717283543,0.031425271218480245,-4020.635321099675
87,8126.620425197832,0.03590828188707614,,3,HPCA,,2.2410190449883802,-4050.7884715802425,-3.8452726935950428,1.0987247264048967,linear,4221,0.008370409761049429,5.444495592502877,0.0030574798583984375,0.003583130843194396,2.934613609172095e-06,0.9964139345431267,0.0007607230045818536,0.0021716235641362678,-4064.316924686484
88,7564.2358012988625,0.03715781820602485,,3,SLC6A1,,2.162851607786166,-3769.5961596307575,-2.4655696342658033,0.5533128967101545,linear,4221,0.00655321787411698,4.000675656480312,0.0028388500213623047,0.00013493983853586628,4.122337116937142e-06,0.9998609378247442,3.6895724264685015e-07,1.6917253483807539e-06,-3797.4719698117065
89,8870.417019249946,0.03372173400926288,,3,TMA7,,2.3917409199665336,-4422.6867686063,-5.348483759307951,1.8695410353975639,linear,4221,0.014296541121609578,10.451822141366948,0.0028879642486572266,3.837244666885113e-05,5.363625968060074e-06,0.9999562639274043,0.00022655198603405147,0.0007058741404621781,-4438.1777292017505
90,7692.098835551937,0.04189021879986681,,3,FXYD1,,1.9090814867416581,-3833.5276767572946,-1.843724967114564,0.43626210420031786,linear,4221,0.004427980024841257,2.1676450621218404,0.002848386764526367,3.367096353291649e-05,8.397664998985913e-07,0.9999654892697154,1.7306591015842088e-07,8.297680624033878e-07,-3863.6615730061912
91,8401.841991554991,0.004034750482324025,,4,NGEF,36.82108382230499,253.541766210943,-4184.22534108593,-4.452815147398299,0.07760872502853014,PER,4221,1.6499827944604616e-06,0.07463046019933171,0.008049964904785156,0.9597504676760372,0.03998058235044688,0.0002689499735200898,0.009778631393071002,0.02175331136170456,-4192.489265675118
92,8918.548855133282,0.01034417537677669,,4,PPP3CA,36.82108382230499,98.2675928935019,-4442.578772875076,-6.193321942590844,0.3814179956974576,PER,4221,4.678553531892648e-06,0.033046979253941525,0.008141040802001953,0.9999890196870939,1.0980312035875669e-05,7.63768296664141e-19,1.1041046751758543e-05,4.325783242293459e-05,-4467.6107508658915
93,8389.949603916137,0.0049605923274330214,,4,ACOT7,71.15386497931206,220.8894869182318,-4178.279147266503,-4.738829537397981,0.09635255210008792,PER,4221,5.281459802794875e-06,0.15864493124573723,0.004094600677490234,0.7991006858450058,0.20089076370341333,8.550451268838127e-06,0.002411917523854279,0.006176861951334128,-4188.175748689318
94,8772.928936168819,0.0065729888140796085,,4,SH3BGRL3,71.15386497931206,166.4337404739302,-4369.768813392844,-4.002151764323256,0.09178627958748839,PER,4221,8.208333285450678e-06,0.14137462166068793,0.004630088806152344,0.5038487756820276,0.31334594905682767,0.18280527526060014,0.0047001859709300264,0.011267569108393898,-4377.9976281577
95,8819.0741109069,0.004278537060027503,,4,UQCRH,71.15386497931206,256.2777326749057,-4392.841400761885,-5.6570572235207335,0.11812402940771748,PER,4221,2.7705819810790027e-06,0.1115552911184399,0.004008769989013672,0.9814944044468566,0.018504773602386462,8.219515619598741e-07,0.0024401982362751706,0.006234083085374524,-4404.011824860289
96,8625.585328198402,0.009341496597407219,,4,PREPL,71.15386497931206,116.78197465820232,-4296.097009407636,-5.785108807392078,0.26766800628846193,PER,4221,3.519997255392043e-05,0.3036156310760699,0.004631996154785156,0.8161853099187886,0.18273421673419823,0.001080473347494396,0.009431221249636135,0.021078591163059286,-4303.584602629896
97,8379.302554017051,0.003637368336218013,,4,ATP2B2,71.15386497931206,301.6466120291024,-4172.95562231696,-4.78910656198248,0.07242552987842392,PER,4221,3.7086141173296074e-06,0.20605832899806867,0.004159688949584961,0.770568857850725,0.22133349079011727,0.00809765135968982,0.015772852216669353,0.0332168963227767,-4179.407373121427
98,7390.03891883445,0.004076753074089407,,4,FAM131A,71.15386497931206,269.0170247198808,-3678.32380472566,-3.9053269438588263,0.05408668292938865,PER,4221,5.362689837324613e-06,0.2376291409186213,0.0041005611419677734,0.9317527439815951,0.06342063316948456,0.0048266228485098,0.015785934538157687,0.0332168963227767,-3685.494006982122
99,7075.3074977688675,0.010671520364129135,,4,NRSN1,71.15386497931206,102.089838418549,-3520.958094192869,-3.140000775888108,0.09181169168213249,PER,4221,1.868855649810468e-05,0.12419993978254625,0.004570722579956055,0.9757868374648533,0.02421316190568122,6.293205799507438e-10,0.00032739688612515305,0.0010051658784544172,-3535.713031784962
100,8104.2639169852455,0.0041468241879511515,,4,PACSIN1,71.15386497931206,264.4526920171388,-4035.436303801058,-3.632237035645304,0.047982541001112225,PER,4221,3.686932169059035e-06,0.15794508730359913,0.004892826080322266,0.9997706267842806,0.00020474027868811474,2.463293691972954e-05,0.022164811356483627,0.044414221229595055,-4044.915874221517
101,7403.619256894236,0.00527090863804092,,4,RCAN2,71.15386497931206,207.8201401818929,-3685.113973755553,-3.564662482338979,0.0583508792995691,PER,4221,4.455818623717497e-06,0.11870114812851063,0.004593372344970703,0.9740427031149147,0.0259569292579566,3.676270416685354e-07,0.0017869808359302075,0.004750202222092956,-3696.6828966275375
102,8334.55106552829,0.004860592712265605,,4,HSPB1,71.15386497931206,225.456622061858,-4150.57987807258,-2.543704702805893,0.028518612945434604,PER,4221,8.121727245460229e-06,0.2539972556308155,0.004160642623901367,0.8164805475232442,0.17652865121892747,0.006990801257079708,0.016132117227745102,0.03374247627317203,-4157.134054158506
103,8975.504561881427,0.004563588776883075,,4,BEX1,71.15386497931206,240.20128237533226,-4471.056626249148,-7.022671848041442,0.1930226941072575,PER,4221,3.6680166648046137e-06,0.12996967409028148,0.004027128219604492,0.7468037897245263,0.253195150442465,1.0598324623816074e-06,0.0012836607850247317,0.00350089305006745,-4481.963321728379
104,8867.707723958667,0.004689505946282431,,4,SARAF,71.15386497931206,233.72210811513153,-4417.158207287768,-6.174684396500482,0.153706034942384,PER,4221,5.139443625934577e-06,0.17254908034573094,0.004628419876098633,0.7660492853659668,0.23225205325355877,0.0016986613805013559,0.010010859740112843,0.02222283874655071,-4424.387882077797
105,8893.210957905629,0.0070748821102469515,,4,CCDC85B,71.15386497931206,154.5487839672616,-4429.909824261249,-5.296202138937098,0.17076406085212517,PER,4221,4.927070751194904e-06,0.07339985515673415,0.004042863845825195,0.9998205018610156,0.00017949813849269555,5.305647852805541e-13,0.00018342256701886495,0.0005801014920777355,-4448.216124050009
106,8555.107035094947,0.006178280294599207,,4,B4GAT1,71.15386497931206,177.13695678401135,-4260.857862855908,-5.017123708554503,0.1340256526892107,PER,4221,7.452434773098848e-06,0.14504243139170808,0.0041027069091796875,0.9917717418795534,0.008225781127630822,2.4769931181234284e-06,0.004124979620949154,0.010025992134251416,-4271.481936003934
107,8816.360552460073,0.006595386813575284,,4,GHITM,71.15386497931206,165.8647901246069,-4391.484621538471,-5.319220045758736,0.1605793242106101,PER,4221,1.3365998516306773e-05,0.22866695818827548,0.004048824310302734,0.8913646227389742,0.10683833508494185,0.0017970421769551842,0.012656084275962876,0.027287245358852196,-4398.761899075706
108,7857.164668987046,0.010797536265142939,,4,INA,71.15386497931206,100.8855162440693,-3911.886679801958,-4.03468484450724,0.15200618371991403,PER,4221,1.6883119262618784e-05,0.10965469208136096,0.0040585994720458984,0.8839257067829313,0.11607280822480599,1.4849921587639385e-06,0.0002442792958581297,0.0007521796500030387,-3926.3573318811777
109,7942.968769512846,0.00816331554318985,,4,CNTN1,71.15386497931206,133.79561679073257,-3954.788730064858,-3.783022396445679,0.10147680021484175,PER,4221,1.2314840550155343e-05,0.138419118292486,0.004643440246582031,0.9839907130871663,0.01594767310893666,6.161380383956782e-05,0.008372261303178474,0.018905106168467523,-3963.8019452101016
110,7246.2483551477935,0.008060257413980065,,4,COX6A1,71.15386497931206,135.52040216786568,-3606.428522882332,-6.156802161299806,0.2603573191646839,PER,4221,6.650222781962537e-06,0.07663969279208044,0.004060029983520508,0.8973039746481807,0.10269602396205899,1.3896249147736096e-09,8.626613328943655e-05,0.0002940890907594428,-3622.928086830981
111,7099.010409894753,0.005255336513023701,,4,CAMKK2,71.15386497931206,208.43919650738835,-3532.8095502558117,-3.1260533764385112,0.04500253298899265,PER,4221,6.371344315440693e-06,0.17072627144365102,0.0040683746337890625,0.5569380745626599,0.44206772490772395,0.000994200529419295,0.007199088433026413,0.01646850295136761,-3540.147657551696
112,8883.16827696252,0.0036648695034929633,,4,NDUFB1,71.15386497931206,299.3747935211752,-4424.888483789695,-5.85775125678107,0.10864049435997976,PER,4221,4.108144902797008e-06,0.22486996012951094,0.004568338394165039,0.720297289951205,0.23466831106379168,0.045034398984282804,0.025356905818003872,0.04995262872214646,-4430.448574759029
113,7623.075432194238,0.0064388554078490265,,4,MAP2K1,71.15386497931206,169.9238068784705,-3794.842061405554,-3.5322913869093755,0.07000399967700813,PER,4221,5.130887220330273e-06,0.09203988897400826,0.004055023193359375,0.9817749225456188,0.018225064041057927,1.3413412317781344e-08,0.0008026916040685395,0.0022840818001950308,-3808.070342293288
114,7629.326938464775,0.012597964803297076,,4,COX4I1,71.15386497931206,86.31016166162598,-3797.9678145408225,-6.17793800227395,0.4099354217858075,PER,4221,1.6418501417763217e-05,0.07891820807417585,0.00399470329284668,0.908821156237807,0.09117884376256113,8.705443557081042e-16,6.567629360021421e-06,2.693754229696286e-05,-3819.4326908141097
115,7083.027982830384,0.0038118397278022803,,4,RBFOX3,71.15386497931206,287.78956746147264,-3524.818336723627,-3.1630513964293643,0.033524042371971235,PER,4221,4.034078834331327e-06,0.20424105106486906,0.004136800765991211,0.867034376173908,0.11999010113339878,0.012975522692335305,0.021495649991471022,0.04332136754519112,-3531.0933247624935
116,8191.779840999309,0.003566196334210837,,4,VAPA,71.15386497931206,307.68867091903763,-4079.1942658080898,-3.583406610428516,0.040310811988883526,PER,4221,3.211188279937092e-06,0.1855580996056704,0.004210233688354492,0.8343885721729856,0.16234398996410862,0.003267437862720187,0.013314558557404932,0.028415216433486132,-4086.1395841060985
117,8560.02585866791,0.007662258041091566,,4,OAZ1,71.15386497931206,142.61691520794523,-4263.31727464239,-6.167447039799743,0.24923610599396295,PER,4221,1.0322992912364553e-05,0.13142940862683358,0.0045125484466552734,0.9990871495031736,0.0009120760368381408,7.744591301799838e-07,0.005492704577700125,0.01290232618922848,-4274.526340391173
118,8474.793920422799,0.053248694756366746,,4,PKM,137.4992796498633,22.623749213424546,-4220.701305519834,-6.780731683026714,1.9456733549728276,PER,4221,0.0007642830567127835,0.24223941611607458,0.003492593765258789,0.8159101372907414,0.1840898626787125,2.996969491075641e-11,4.3743922718886274e-05,0.00015517269883388713,-4238.147352865071
119,7986.166073334755,0.014386819349995424,,4,CHGB,137.4992796498633,87.1724685408502,-3976.387381975813,-4.236946683409363,0.20107585595245075,PER,4221,4.679575334214927e-05,0.17374610959762773,0.004007816314697266,0.9580165007510354,0.04185399044277985,0.00012950880636434953,3.605487746471958e-06,1.5203863991146812e-05,-3999.416642657143
120,8172.086368267422,0.057073358161585395,,4,STMN1,137.4992796498633,21.02239112045434,-4069.347529442146,-7.69290784659333,2.6872596068624186,PER,4221,0.00037824617239799903,0.1059425581254018,0.004059314727783203,0.8167478582010087,0.18325214179864813,1.2422181552714198e-13,0.0,0.0,-4168.267042624425
121,7383.826941556102,0.012165557825741934,,4,HMGN2,137.4992796498633,103.32127792953379,-3675.217816086486,-2.0037942076690123,0.040391906235774794,PER,4221,5.1321581119679645e-05,0.26406298890783575,0.004029035568237305,0.9906316261663847,0.009195595790027015,0.00017277804332071583,0.013058199069656884,0.027981855149264753,-3683.718833255029
122,8690.940594282636,0.009077703518020704,,4,MLLT11,137.4992796498633,138.89967776551222,-4328.774642449753,-5.223710357625977,0.19172666948332395,PER,4221,5.141206649938152e-05,0.4690883504387726,0.003521442413330078,0.6045820709414271,0.07883530967055216,0.31658261938878784,0.007602661191712934,0.01724145626630363,-4336.917990174074
123,8381.463862040415,0.01843925209460868,,4,NENF,137.4992796498633,67.73474702071788,-4174.036276328642,-2.760987471602173,0.1134921208369125,PER,4221,0.00011172846576484035,0.25676041928004,0.00415492057800293,0.8478213051122465,0.02040739747877407,0.13177129740925345,0.0011330788956980253,0.0031308758960077016,-4186.4960654514625
124,8331.010963787889,0.011712892765378447,,4,COX5B,137.4992796498633,107.36348364351666,-4148.809827202379,-6.403251901722997,0.3692827171400936,PER,4221,6.069604118954483e-05,0.33627460915335683,0.0034291744232177734,0.9904295228342753,0.009566073326351782,4.403839341619191e-06,0.004637296584456663,0.011142245797893583,-4159.145507799778
125,8126.258422782844,0.0108108796814334,,4,RHOA,137.4992796498633,116.42759574575659,-4046.433556699857,-2.71466770158432,0.06402021276620425,PER,4221,4.1552613953043974e-05,0.2692303694191673,0.004146575927734375,0.8808090532474977,0.119185318243364,5.628509177196972e-06,0.0024813869052828785,0.006323922938220928,-4056.5879048270845
126,7251.331238876132,0.0350776170368516,,4,BSN,137.4992796498633,35.00256981381434,-3608.9699647465013,-3.4440375954831572,0.33097943026986015,PER,4221,0.00042754168181983435,0.2904480602639763,0.0035550594329833984,0.9861650696400907,0.013530727297464873,0.0003042030625483257,0.013738151548491118,0.02925975481930157,-3617.185878677379
127,8056.349921551683,0.007541090732533845,,4,ATP6V1A,137.4992796498633,167.46189474492567,-4011.4793060842767,-4.194513570136262,0.10333149922636392,PER,4221,2.6730244341012867e-05,0.3511699596253176,0.004093170166015625,0.5787642480851708,0.2799499804642225,0.1412857714508443,0.004460703112411757,0.010767214409269758,-4019.9285082901097
128,8857.327767544193,0.01878009074561456,,4,PFN2,137.4992796498633,66.48234003444986,-4411.968229080531,-5.660029306209527,0.466329091265393,PER,4221,0.00013283992852565263,0.2947062419075733,0.003603696823120117,0.9905502599147882,0.004590635365985147,0.004859104718455481,0.001250338082191771,0.003436793157856962,-4425.069789524572
129,8876.77617500317,0.007845196407073493,,4,EIF4A2,137.4992796498633,160.92119565883337,-4421.692432810019,-6.489072315905739,0.25438019271620566,PER,4221,4.05140888720626e-05,0.49241077903273567,0.004155158996582031,0.6109974299094475,0.31745774462156,0.0715448254698112,0.004214544450382274,0.010220026958201818,-4430.208794084692
130,8416.222714014872,0.07146096990707815,,4,QDPR,137.4992796498633,16.533655689592447,-4191.4157023158705,-3.150007173369258,0.5941100903567292,PER,4221,0.000607527511181016,0.1148288034405655,0.004070281982421875,0.7338093841184558,0.26619061218324724,3.698300709656523e-09,0.0,0.0,-4319.305974906287
131,7891.61027687751,0.006471076800020493,,4,G3BP2,137.4992796498633,195.3626747310934,-3929.10948374719,-4.134285532488482,0.08618443996798891,PER,4221,1.871211389848196e-05,0.33237524779566047,0.004038810729980469,0.9182884607084499,0.022210947804216438,0.05950059148762614,0.006054272321295406,0.01409531249968997,-3938.5045245461474
132,8547.624536525731,0.011088993452639462,,4,SCD5,137.4992796498633,113.47565955675998,-4257.1166135713,-3.6759575480662927,0.11786359732353648,PER,4221,3.7556064427258e-05,0.23154823693928345,0.004269123077392578,0.9793823059259904,0.02061750083009403,1.932431924649769e-07,0.0015973295221463069,0.00427856122003475,-4269.009827341182
133,8432.757424523932,0.028639560387338413,,4,ANK2,137.4992796498633,43.15704463830149,-4199.683057570401,-4.683498307812953,0.49298539496864124,PER,4221,0.00029733793577385603,0.29524950419557067,0.0035963058471679688,0.9897049713904883,0.01029417131120573,8.572989431892647e-07,0.0025487433515624103,0.006448627756965135,-4211.0712403500365
134,7647.416860265274,0.0146360030202253,,4,FBXW7,137.4992796498633,85.66665939842926,-3807.0127754410723,-4.001667447770452,0.1826291614076764,PER,4221,0.00015099079261099007,0.5422357010248834,0.003406524658203125,0.7330869127118893,0.022312989256278067,0.24460009803177127,0.0026571360218959894,0.006642840054739974,-3817.787934572013
135,8440.26390730071,0.007007851477973974,,4,COX7C,137.4992796498633,180.30117532320946,-4203.43629895879,-6.408397884306369,0.22152533814120848,PER,4221,1.8696119915245958e-05,0.283795832307262,0.004009246826171875,0.9131002553047579,0.08681663633334083,8.310836149230026e-05,0.005678252387702143,0.0133084040336769,-4212.262498504178
136,7332.9877302850355,0.01890991809704776,,4,SEPT8,137.4992796498633,66.01716489645807,-3649.798210450953,-2.669414664816376,0.10784203081490613,PER,4221,0.00022571005927874368,0.4941492852373202,0.0035009384155273438,0.9680511352611583,0.03194033312836296,8.531610297987902e-06,0.00014362111624866003,0.0004697886980096356,-3665.957962614186
137,7929.142008166406,0.01648632965114323,,4,NRN1,137.4992796498633,75.9091368922637,-3947.8753493916383,-4.234547539861737,0.23033458481643374,PER,4221,0.00012493673717778352,0.3563042849485165,0.0035791397094726562,0.9326024052873017,0.06739732097011675,2.737423591789352e-07,0.0012732306333953503,0.003481490013190411,-3959.569973221421
138,7522.0265376198595,0.005501844825524782,,4,ELMO1,137.4992796498633,230.00288132654498,-3744.317614118365,-3.27438462004034,0.046483600361043,PER,4221,1.341234627669278e-05,0.3282482562559113,0.004061698913574219,0.5587140601090524,0.27813589984993126,0.1631500400411976,0.007677559979712645,0.017373788747194564,-3751.773562680583
139,8861.952368692919,0.008692595452849347,,4,ATP5MF,137.4992796498633,145.10972328259092,-4414.280529654894,-5.3435109966599565,0.19211002399953186,PER,4221,4.288630442313552e-05,0.42605952566691807,0.0034427642822265625,0.6148347277134666,0.3836274908913621,0.001537781394632772,0.006696205960139312,0.015385155925921833,-4421.869071951708
140,7682.9316815052,0.04585870868398145,,4,TSC22D4,137.4992796498633,26.47454478634983,-3824.770186061035,-1.308849950612693,0.07484604677009135,PER,4221,0.000646291907209001,0.2682036269494746,0.006566524505615234,0.9100959050650251,0.08990409493529529,1.591972054618607e-15,7.718470599882288e-06,3.1412380348358145e-05,-3845.933957005004
141,7769.945589144853,0.011242970937324986,,4,NRCAM,137.4992796498633,111.90413331297027,-3868.277139880862,-3.600235343453085,0.11413059255900666,PER,4221,4.0124291728040105e-05,0.24080552848432446,0.0039806365966796875,0.9758235306869419,0.024108929107510228,6.75402053133795e-05,0.002096489495097442,0.005489561022075597,-3879.5905679302846
142,8424.670078361356,0.014248644768830221,,4,NDUFA5,137.4992796498633,88.03015279933923,-4195.639384489113,-3.904284856727962,0.17022630066572114,PER,4221,0.0001210109345872904,0.45779310745174157,0.0035796165466308594,0.6148801865440333,0.3707727830294576,0.014347030426103715,0.016026219752098947,0.03358788570799181,-4201.692298529581
143,7187.374318068024,0.01806022468724923,,4,EPHB6,137.4992796498633,69.18299121440778,-3576.991504342447,-3.361387901397401,0.16028249088371782,PER,4221,0.00018744085765070345,0.448327639440639,0.003367900848388672,0.5042781933928696,0.4332937809742064,0.062428025633220814,0.0044300316385269545,0.010717818480307149,-3585.1659254544334
144,8037.795404450183,0.007585399951765313,,4,ATP6AP2,137.4992796498633,166.47625302279337,-4002.2020475335266,-3.9477940334010135,0.092326603806242,PER,4221,2.394185514408252e-05,0.3109304161415359,0.0039048194885253906,0.9753203017169062,0.024376955609163115,0.0003027426741384983,0.010414921772483265,0.02292592842999461,-4010.6091238312665
145,8955.248727901595,0.030044579989293097,,4,DPYSL2,137.4992796498633,41.07932219526595,-4460.928709259232,-5.719626227646428,0.7685027569508835,PER,4221,0.00017385994216766886,0.15776344763509753,0.0041005611419677734,0.9990020899774611,0.0009862950467582287,1.1614976252072698e-05,2.558954936837665e-09,1.562152723069505e-08,-4499.882545444941
146,9119.149977013853,0.008194598899980985,,4,NDUFB9,137.4992796498633,154.00555992713592,-4542.879333815361,-4.424201392674647,0.12532626147523532,PER,4221,3.064236551576246e-05,0.34184049892327034,0.004047870635986328,0.8667685809847958,0.12414273947437392,0.009088679539983532,0.019222346547578595,0.039343984161710574,-4549.33217764529
147,7832.003469660801,0.012584917348041826,,4,SH3GL2,137.4992796498633,99.83596525201759,-3899.3060801388356,-3.874993383968048,0.14751761548715042,PER,4221,4.7074379553686295e-05,0.2267279360662999,0.004571676254272461,0.8521794627804012,0.13479627411651024,0.013024263102737871,7.254970528436377e-05,0.00025107690579145495,-3915.971258519519
148,8085.378645440121,0.006862341959532863,,4,ZFAND5,137.4992796498633,184.1512733829031,-4025.9936680284954,-3.8759431685121464,0.08064831977595449,PER,4221,1.936314083727846e-05,0.30633298306097045,0.00391697883605957,0.8479689671965613,0.12401560466436634,0.028015428139346033,0.0033755709516959387,0.008339645880660555,-4035.5473496152745
149,8665.06787983833,0.015698047187234828,,4,C9orf16,137.4992796498633,79.78483452601347,-4315.8382852276,-5.986556816578664,0.4343309948487672,PER,4221,0.00012502363553660832,0.39199112261009433,0.003490447998046875,0.7191538225005616,0.2808325192242864,1.3658275888832798e-05,0.0025014180191178514,0.006344176135443826,-4325.447999586809
150,8441.186125585795,0.0329975460185614,,4,CEND1,137.4992796498633,37.28924284411932,-4203.897408101332,-4.603388289196713,0.5512297678423622,PER,4221,0.00030540783261712157,0.2325042665785224,0.003538846969604492,0.7767283954653006,0.22290809636280623,0.0003635081710742705,0.00014612509468847623,0.0004739528375375349,-4218.943065515923
151,8696.814581424973,0.01997907124796001,,4,PRDX5,137.4992796498633,62.4162520609451,-4331.711636020921,-5.743088515179242,0.5106661046198359,PER,4221,0.000124896306983636,0.24602679102484315,0.003470897674560547,0.8900734497022588,0.10992653035180518,1.994527164316327e-08,0.0005508505830996713,0.0016111228753611555,-4344.692519531464
152,8829.8224026748,0.012602631059653625,,4,CALY,137.4992796498633,99.6938516615896,-4398.215546645834,-5.892069918388318,0.3376651437437702,PER,4221,4.3366077133885336e-05,0.2082958003737685,0.004027128219604492,0.9892203054921066,0.010779694441017212,6.760021113521878e-11,0.00014624830415443935,0.0004739528375375349,-4414.89507765835
153,8788.44819027975,0.005685573358656222,,4,PTMS,137.4992796498633,222.5292506075021,-4377.52844044831,-4.332708606586525,0.08346626032964294,PER,4221,1.5054898678865582e-05,0.34528244275927306,0.004069328308105469,0.7934717331775829,0.19504835663024142,0.011479910192058995,0.0050590802100412,0.011991047901903524,-4386.088223167833
154,8328.906211918931,0.09382628550348578,,4,TPI1,137.4992796498633,12.289227079705627,-4147.7574512679,-6.955970538312903,3.7609556517792138,PER,4221,0.002308993310791832,0.2759616729015956,0.0034608840942382812,0.8766232411512067,0.12337675884874162,3.524102648034012e-19,1.9905626924554554e-08,1.0663728709582796e-07,-4180.241610694585
155,8710.054000683298,0.06107529644736189,,4,ATP5F1B,137.4992796498633,19.561529738392878,-4338.331345650084,-6.817749172256711,2.2749628743184322,PER,4221,0.001156715729056585,0.28740375392516593,0.0033555030822753906,0.7930903770482997,0.20690962295100104,2.6937018673895067e-16,3.858830333047791e-08,2.0258859248500904e-07,-4369.2223104280365
156,8636.319228832077,0.02783908723363861,,4,WSB2,137.4992796498633,44.434550978063676,-4301.463959724473,-4.815606331186098,0.5062063465131701,PER,4221,0.0002383204442309457,0.24964074227957864,0.003362894058227539,0.5693014088816112,0.43069859018949447,9.295143229861595e-10,0.00011649780839673163,0.0003883260279891054,-4316.45200702085
157,8662.54983517488,0.022358739051513997,,4,RPL21,137.4992796498633,55.637786968444416,-4314.579262895874,-3.8430647654651495,0.26077459328606023,PER,4221,0.00010375190285094103,0.1647779833188356,0.003972768783569336,0.9397361491674106,0.060263849901717695,9.301878621232819e-10,1.0316415150590785e-05,4.072269138391099e-05,-4335.40461497604
158,8669.969483013396,0.011496754382702534,,4,RPS29,137.4992796498633,109.40583335868868,-4318.289086815133,-3.9068592988790845,0.13763913529906133,PER,4221,6.073344968760498e-05,0.3489416593045761,0.0034084320068359375,0.9704633858852124,0.029025066362643123,0.0005115477521572279,0.012824146114577717,0.027592937336693858,-4326.237102417369
159,8529.053207773259,0.007617976781376751,,4,EVL,137.4992796498633,165.7589076202758,-4247.830949195064,-3.914232022436876,0.09148117963195478,PER,4221,1.77251955660315e-05,0.2282614952770563,0.004022836685180664,0.9643902483388194,0.035609037217579825,7.144437975266924e-07,0.0008808754077825887,0.0024676314409924683,-4260.542976303557
160,8313.706079834412,0.007796415902774795,,4,C16orf45,137.4992796498633,161.93600650086063,-4140.157385225641,-4.290931496965747,0.11182370268314414,PER,4221,2.4616151833034785e-05,0.30288073766685836,0.004608631134033203,0.6410532443271046,0.29396562791876574,0.06498112775328202,0.0014666153208691135,0.003968933213692189,-4150.667303903057
161,7367.8787551581345,0.007864346300320502,,4,TRAPPC1,137.4992796498633,160.52624982258624,-3667.2437228875024,-3.0117168622273836,0.05635976986813658,PER,4221,3.522712869600202e-05,0.4261038936658848,0.004492521286010742,0.4771871548048907,0.05129410377750906,0.47151874141745415,0.02064384788095852,0.04168469283655086,-3673.715500849289
162,7845.413285216348,0.09468571025863468,,4,MTRNR2L1,137.4992796498633,12.166133181152603,-3906.0109879166093,-4.819111220041582,1.837443470985536,PER,4221,0.0006073682152186542,0.07151293691637928,0.005101919174194336,0.9685341673925183,0.031465832607553375,2.010133758028124e-32,0.0,0.0,-4028.408384708863
163,9062.743008004732,0.047805424359128684,,4,RPL23A,137.4992796498633,25.344641793832334,-4514.675849310801,-3.8498570008631945,0.574109189218556,PER,4221,0.0006354551285425018,0.24455225499678562,0.0034918785095214844,0.5669468092585183,0.43305176737065476,1.4233699954042659e-06,5.743422331327963e-05,0.0002010197815964787,-4530.995981716942
164,7393.476226223581,0.012522298622277725,,4,THRA,137.4992796498633,100.34156568133574,-3680.0424584202256,-2.3805571365066145,0.057329945245047094,PER,4221,4.0721865036926e-05,0.19804724417142233,0.004209041595458984,0.9542658205911005,0.04141762956386832,0.004316549845037659,0.00010025909785060794,0.0003374104254587767,-3696.7428960979596
165,8756.781302430605,0.017590244014648662,,4,CLTC,137.4992796498633,71.06543760698729,-4361.694996523737,-5.403938438830237,0.39829186054535287,PER,4221,7.744928425919826e-05,0.19490186490400843,0.004126071929931641,0.8732381128104603,0.12676188107955144,6.10907942221192e-09,8.580861621698688e-06,3.465347962609085e-05,-4382.463818758583
166,8503.905531755394,0.018598829466669763,,4,H3F3B,137.4992796498633,67.14266751770175,-4235.257111186132,-2.418462949825195,0.0894876627396641,PER,4221,0.00015260734870959033,0.34493594750207685,0.004008293151855469,0.6398958699599041,0.3579842616433017,0.00211986839726493,0.00943517890155987,0.021078591163059286,-4242.286059835173
167,8100.208022041989,0.004968943520504197,,4,SLC12A5,137.4992796498633,254.80632707787805,-4033.40835632943,-4.195644225911072,0.06831027188543949,PER,4221,9.998707805681678e-06,0.29934368573539927,0.0046041011810302734,0.557588946411041,0.20373052535901445,0.23868052823009336,0.011738862325029298,0.025572210459088716,-4040.261657555954
168,8751.999874409528,0.07040068115222002,,4,EEF1A2,137.4992796498633,16.80182928834232,-4359.304282513199,-6.952781343687712,2.75271606824445,PER,4221,0.0005062122345450026,0.09817689405126015,0.0051882266998291016,0.9185985282804648,0.08140147172016801,1.4227902873551828e-36,2.7755575615628914e-15,2.7236779809729307e-14,-4422.951737091282
169,8928.92061148042,0.0075098654383442,,4,ATP5F1D,137.4992796498633,168.1634757938484,-4447.764651048645,-5.571535753644025,0.18031936833708717,PER,4221,4.063784919205942e-05,0.5382611752377208,0.0033817291259765625,0.536998540445866,0.43474681673759963,0.02825464281627818,0.018578873236973048,0.03825062137023863,-4453.4109928569105
170,8883.31933689097,0.02729830206506597,,4,PIN1,137.4992796498633,45.34001620691821,-4424.96401375392,-6.025965283836119,0.7719092459167827,PER,4221,0.000253758060888204,0.2758425556988661,0.003503561019897461,0.9614253647039147,0.03857463528427585,1.2551809087372923e-11,0.00010212711568513555,0.00034259895038144515,-4441.668894097451
171,7205.772424286312,0.007591784514421198,,4,SIRT2,137.4992796498633,166.33517920214126,-3586.1905574515913,-2.4821856169419596,0.03752577745899316,PER,4221,2.1831050266984492e-05,0.2830484198175443,0.0040051937103271484,0.5266550708719762,0.27598185849092977,0.19736307063693403,0.00666784625392558,0.015353593347854955,-3593.8739952295305
172,8826.341204389766,0.042094284359344064,,4,ATP1A3,137.4992796498633,28.955913209040276,-4396.474947503318,-6.345649933273691,1.3356135176527146,PER,4221,0.0002748292503396623,0.133345527902266,0.0039441585540771484,0.9976676687027957,0.0023323312979614623,6.063841910250237e-29,4.5639122481233585e-09,2.7074055709206362e-08,-4433.87124553974
173,7922.293565067293,0.08379331010308373,,4,CALM3,137.4992796498633,13.913030715260074,-3944.4511278420814,-8.054921806951294,4.442721219800139,PER,4221,0.0006392067146153015,0.09216760882474775,0.0052490234375,0.9998108561260027,0.00018914387432275107,3.73200052468229e-42,1.6431300764452317e-14,1.5404344466674047e-13,-4007.6532723273203
174,8908.302960343757,0.012917922754464479,,4,TMEM160,137.4992796498633,97.22953645266306,-4437.455825480313,-4.957554119285353,0.24655119575650453,PER,4221,4.852934108246573e-05,0.22214431257971354,0.0038957595825195312,0.8895327896783358,0.11046715641509591,5.390595315571757e-08,0.0007186176882318929,0.002067256363406815,-4449.939280481449
175,8567.15947620257,0.013910304529701108,,4,RPL18,137.4992796498633,90.20225915793343,-4266.88408340972,-3.824518704310269,0.15979397314548285,PER,4221,5.288798026399259e-05,0.2096388557537266,0.004192352294921875,0.8193337310358707,0.17719034091830552,0.0034759280452736456,4.816326699108586e-05,0.00017027417623111164,-4284.1687852020395
176,7351.339602537443,0.011582853225430432,,4,SYT5,137.4992796498633,108.58312835273294,-3658.9741465771567,-3.592666043345081,0.11679095383042463,PER,4221,6.479931571196903e-05,0.3669177583323359,0.0040514469146728516,0.8427700334021201,0.14691983071413903,0.01031013588410248,0.01899090762508171,0.03902241292825009,-3665.349902696928
177,7984.423595551262,0.024230093970241114,,4,TTC3,137.4992796498633,51.24245795965486,-3975.5161430840662,-3.208452213183462,0.19861351175116546,PER,4221,0.0002208389439510575,0.30093315788786396,0.003473043441772461,0.8255267755897724,0.17447234272239145,8.816875700952028e-07,0.0005167289067067316,0.0015155456760951624,-3988.347576492761
178,7536.726952825325,0.008215881085162576,,4,TMEM59,137.4992796498633,153.60333220077015,-3751.6678217210974,-2.8255061941670068,0.05216371445699998,PER,4221,3.0229013692588714e-05,0.3355139090532227,0.004088640213012695,0.6718998017802724,0.026450285829330823,0.30164991239058403,0.019115981204961607,0.039202695830487674,-3758.776117166093
179,8502.897642844364,0.0349238258277642,,4,CSRP1,137.4992796498633,35.16231112595581,-4234.753166730617,-1.4320968603561655,0.06770859159315683,PER,4221,0.00016216567834945756,0.11107003632925318,0.004133939743041992,0.9999439848425319,5.601515737681904e-05,1.1888604749054552e-24,1.0431764518870068e-07,5.19116243830027e-07,-4267.940242578357
180,8867.361495354993,0.09700322254027377,,4,H3F3A,137.4992796498633,11.845071058199915,-4416.985092985931,-3.103424015197659,0.8094767539475581,PER,4221,0.0012833168141092076,0.14524614286910065,0.004552125930786133,0.891319837480271,0.10868016251910823,4.850732446534338e-22,7.754907827006718e-13,6.215765815539736e-12,-4469.380530052704
181,8371.37187193491,0.06360104145075052,,4,TUBA4A,137.4992796498633,18.734164397686047,-4168.99028127589,-4.87385345978987,1.2238194516152823,PER,4221,0.0012942671666178465,0.2994976288180116,0.0035963058471679688,0.878774771795795,0.1212252099537979,1.825082547427543e-08,1.3185481739785843e-07,6.499885364683162e-07,-4197.8195252998785
182,8564.81710291985,0.019902080726631962,,4,HNRNPA2B1,137.4992796498633,62.66262960024945,-4265.712896768359,-3.5055852643173044,0.19384915787194346,PER,4221,9.663854855657074e-05,0.19177867131984697,0.003964662551879883,0.988793124554568,0.0112068403928143,3.5052534521490055e-08,0.00016334584321842094,0.0005206056089032432,-4282.164644433701
183,8025.001952039201,0.016967705533566333,,4,ATP6V1B2,137.4992796498633,73.71948608414853,-3995.8053213280355,-4.689964439044038,0.2898245225232718,PER,4221,8.165039152191011e-05,0.22026594461198196,0.004018068313598633,0.7366967645495238,0.19568405089807395,0.06761918455246572,0.00015407467463013358,0.0004962527863853996,-4010.7899053395176
184,8681.521034982547,0.02011113034882692,,4,RPS13,137.4992796498633,61.99804227429673,-4324.064862799708,-3.825754213028692,0.2321765699674558,PER,4221,6.711412771700301e-05,0.13054448554714604,0.00400543212890625,0.9996452621208541,0.00035473787753660424,2.3754705472561212e-12,1.536400863277887e-05,5.8450032842093524e-05,-4346.728572307583
185,7636.254590196305,0.0257711310759127,,4,MYO5A,137.4992796498633,48.10222295953172,-3801.4316404065876,-3.574023453092892,0.25989680385090247,PER,4221,0.00021813927595538057,0.2644173052248314,0.0033025741577148438,0.9213394364587555,0.07844934794024537,0.00021121560136614658,0.0001474404022542286,0.00047634591497520013,-3817.0679447195
186,8833.596306390828,0.04503700260428211,,4,YWHAB,137.4992796498633,26.980792217177797,-4400.102498503848,-6.83019244409252,1.657500773434828,PER,4221,0.0005463215518034956,0.23429779351104313,0.003385782241821289,0.8800875262267059,0.11988781093028272,2.4662843648188468e-05,1.5542087119402304e-05,5.891404864755386e-05,-4419.769079216379
187,8277.692628599727,0.007401779605713462,,4,NDUFS7,137.4992796498633,170.6376945780796,-4122.150659608298,-3.284329433283086,0.06319584672799311,PER,4221,1.855617169183067e-05,0.2528998070515348,0.003942251205444336,0.9669022862563886,0.033071515629307296,2.619811480154582e-05,0.0006504186751697949,0.0018917994707154699,-4135.464211940225
188,8596.663852149608,0.06644839625324782,,4,RPS3A,265.7066051117284,9.390565074238847,-4281.636271383239,-4.2173725672473115,0.384761320231468,PER,4221,0.0017610137010687901,0.37751046314959474,0.0037505626678466797,0.8486555830083903,0.151344388221906,2.876926239383673e-08,9.150815438729865e-09,5.1217750696636625e-08,-4315.512095620316
189,9190.089679060013,0.022941380177189958,,4,RPS4X,265.7066051117284,28.466821583149777,-4578.349184838441,-3.6970483280024187,0.10912415252247175,PER,4221,0.0002062217433637076,0.31183392345068206,0.003973245620727539,0.9773097999630095,0.02247776493545833,0.00021243510182123243,4.895578920027788e-08,2.5321959931178215e-07,-4609.9930236952705
190,9035.641278323948,0.035406227246777396,,4,RPS2,265.7066051117284,18.20969628023112,-4501.124984470409,-3.0883161196209286,0.12329382595567255,PER,4221,0.0002743449216065901,0.18317304440875842,0.0039598941802978516,0.9256026147382326,0.07439732896431693,5.629829584040343e-08,2.186595349229492e-11,1.5943924421465047e-10,-4547.181586091244
191,9075.640973244816,0.022362243750144957,,4,RPL5,265.7066051117284,29.221364357047637,-4521.124831930842,-4.153970880790139,0.1294111753948172,PER,4221,0.00032196571326592355,0.5111905276835974,0.004034996032714844,0.7748813843982181,0.22486607025778982,0.0002525453437508771,0.0004437598558016953,0.0013237154789539206,-4534.081730610042
192,8904.037074683798,0.052901648416515484,,4,NUCKS1,265.7066051117284,11.966407186341701,-4435.322882650334,-3.597479562219614,0.23439629256370975,PER,4221,0.00153052086250621,0.490810122409573,0.0033125877380371094,0.9639850827832049,0.036014917198775025,1.864018782912642e-11,8.14309789390899e-05,0.00027942002577138693,-4452.491228951987
193,8826.847820995652,0.03007462250001607,,4,RPL36A,265.7066051117284,21.55639031486037,-4396.728255806261,-3.352144297138084,0.11860278147349916,PER,4221,0.000407023970870394,0.36864765346714445,0.0035681724548339844,0.9706922174178034,0.02904483973591976,0.0002629428469358692,0.006243439576442467,0.014439673029217158,-4405.961503687621
194,7852.625407184466,0.021917752761961545,,4,ITM2B,265.7066051117284,29.827527408453395,-3909.617048900668,-6.352598717658463,0.2704790822704523,PER,4221,0.00021188039044417865,0.34955559163057437,0.003996610641479492,0.6665701588621522,0.33342026278808823,9.578349405593468e-06,7.919734651307131e-06,3.210703237016405e-05,-3929.920567112113
195,8725.409866410399,0.010183915423825128,,4,NAA38,265.7066051117284,64.96472790094836,-4346.009278513634,-4.5745592180193695,0.07452334231740325,PER,4221,7.274283512412104e-05,0.5297676724345605,0.003381967544555664,0.500221645882941,0.16752255042013156,0.33225580369616614,0.002497903811678359,0.006344176135443826,-4355.698373417901
196,9126.208166497803,0.10656379418349132,,4,RPL22,265.7066051117284,5.603918024671551,-4546.408428557336,-3.9273461698035623,0.573213105343458,PER,4221,0.0035863957369474202,0.3487884409060227,0.0035817623138427734,0.9892066508683448,0.010793349130873844,5.4811730238701754e-15,5.143709458366175e-09,3.000497184046935e-08,-4582.801695127808
197,8707.377947842186,0.02330186169028569,,4,RPL24,265.7066051117284,28.016097528992113,-4336.9933192295275,-4.541316208928507,0.15586639152241716,PER,4221,0.0002689413160570457,0.3947674988079542,0.003412961959838867,0.906195803072501,0.02339713646513068,0.0704070604620243,0.0002392519636886803,0.0007410459052304256,-4352.316232269472
198,8723.760148366146,0.14312588851823224,,4,APOD,265.7066051117284,4.0016281257326405,-4345.1844194915075,-2.1224935333207204,0.31057002807353246,PER,4221,0.004733959712851098,0.29265015302032726,0.003413677215576172,0.994315267475354,0.005684732525210912,8.782117893908227e-24,8.515965710387263e-12,6.34167659284158e-11,-4394.409819353153
199,8931.243027982186,0.011154663313343872,,4,C4orf48,265.7066051117284,59.25292640741058,-4448.9258592995275,-5.372570869051982,0.1087459111696877,PER,4221,6.504721902085232e-05,0.3964414004477312,0.0045893192291259766,0.9578346561632332,0.03970171130154037,0.002463632535951746,0.002249778733759533,0.005804097470387003,-4459.851197806471
200,8157.201400124971,0.11332214344072744,,4,RPS14,265.7066051117284,5.229846993554297,-4061.9050453709206,-3.9263565949288446,0.5935124783884922,PER,4221,0.005347332075087974,0.4717613819227864,0.003427743911743164,0.9748777446559053,0.025122255341206986,3.2212349533172015e-12,3.101863210730471e-11,2.23079203511438e-10,-4107.845868685565
201,7842.179225096062,0.16678733714172797,,4,QKI,265.7066051117284,3.3391097018849245,-3904.393957856466,-1.1781799035146425,0.18321995948058906,PER,4221,0.007787060090620268,0.3867398355907397,0.003408670425415039,0.9382744124695318,0.06172558753013753,3.058357816735657e-17,5.913394640622016e-08,3.014108918763649e-07,-3935.146211944643
202,9102.761939363261,0.028168718579881177,,4,MTURN,265.7066051117284,23.06012642364402,-4534.685314990065,-3.963467899618608,0.14889681871861155,PER,4221,0.0002976629054156294,0.30495403396026066,0.0034799575805664062,0.982380587019227,0.008008486754605387,0.0096109262269751,7.577528826629987e-09,4.324133297805156e-08,-4570.4706741532445
203,8363.789770209652,0.03165216823707723,,4,PTN,265.7066051117284,20.448705479511577,-4165.199230413261,-1.4336299298201063,0.03913587633617799,PER,4221,0.00024886392866936455,0.20479212302589114,0.004059314727783203,0.9139186433847947,0.041398167978532956,0.04468318863629273,2.1240786907128495e-12,1.6769042295101443e-11,-4216.112372931372
204,8758.83528229071,0.02508900994230365,,4,RPL39,265.7066051117284,25.972834213638926,-4362.72198645379,-4.235926489660224,0.1479460039246188,PER,4221,0.0003023957660068999,0.38568157522954566,0.004194021224975586,0.97197575281024,0.009238842851963613,0.018785404338249292,0.00013799659596003266,0.0004528013304938572,-4379.579242413682
205,9114.802120547136,0.06751214010991492,,4,RPS6,265.7066051117284,9.232072621261544,-4540.705405582003,-3.1649717769902748,0.24753226677656606,PER,4221,0.0017155922518970297,0.3577583341331021,0.003393888473510742,0.9803728063008501,0.01962464260897908,2.551089872515402e-06,6.695755061514319e-12,5.0579444709280825e-11,-4589.775522166966
206,8649.395810478843,0.021008241708605914,,4,RPL7A,265.7066051117284,31.147789498359884,-4308.002250547856,-4.5256446575382,0.14031693630607256,PER,4221,0.00029329999524068024,0.5247349039845446,0.0034041404724121094,0.5814397390445456,0.4155384143488711,0.0030218466073040524,3.895368812845135e-05,0.00014055454479338115,-4325.091918230136
207,8969.766280174928,0.06161571395055734,,4,RPS3,265.7066051117284,10.17951630497369,-4468.187485395899,-3.5817496057929605,0.27281936137780666,PER,4221,0.0011512850564667084,0.28165528262561895,0.0035550594329833984,0.9977394062512199,0.0022605195873422663,7.416200786162141e-08,5.786031431753713e-09,3.3198541001865565e-08,-4505.137752639334
208,7657.852334631262,0.1870502738313543,,4,GPRC5B,265.7066051117284,2.9049806347194163,-3812.2305126240663,-1.0382789293477757,0.1864301383702705,PER,4221,0.004377354232759407,0.18608765253165507,0.0041713714599609375,0.9946365763523958,0.005363423647439354,9.60995981052234e-44,6.697975507563569e-13,5.409903294570575e-12,-3866.472695430324
209,8800.158539860155,0.550850452424257,,4,CNP,265.7066051117284,0.5449983117154786,-4383.383615238512,-1.9289021188368005,2.025191328065362,PER,4221,0.014068451580265179,0.2678626239259609,0.003396749496459961,0.7142746740439689,0.28572532595630645,1.7290025034505077e-84,0.0,0.0,-4679.868061376495
210,7558.720141712779,0.01657849266423721,,4,DDX17,265.7066051117284,39.64902949835855,-3762.6644161648246,-2.670463742059727,0.044044991707609144,PER,4221,0.00015264622275801328,0.43066426428525045,0.004069089889526367,0.9944169314527729,0.005502138927036111,8.092962007825702e-05,0.012185836329604682,0.02638170751770086,-3771.546554215044
211,8718.959661341949,0.05145268078172728,,4,FAM107A,265.7066051117284,12.322218189026959,-4342.784175979409,-2.0237046176592486,0.09689251464315135,PER,4221,0.0008303344418655358,0.27987231072201196,0.0034503936767578125,0.9982745688794528,0.00106133286282785,0.0006640982575337478,5.539020797584726e-09,3.195588921683496e-08,-4380.197632546875
212,8946.689679004476,0.02042131667466775,,4,NDUFA3,265.7066051117284,32.062212388768,-4456.6491848106725,-5.941022807945283,0.22637272559956145,PER,4221,0.0001639136909850725,0.30961011428616564,0.003930330276489258,0.9984972269208676,0.0015016961709973494,1.0769086413902513e-06,3.6089761564772616e-05,0.0001311219710830839,-4476.965704313585
213,8966.95004931029,0.3056244008211694,7.7612749653135324,4,PRDX1,0.7071067811865476,2.271666010523835,-4466.7793699635795,-2.839001784324647,2.2303993917840668,SE,4221,0.0008590548258573688,0.020912064660613783,0.004623889923095703,4.519620715658957e-05,0.9991896352556638,0.0007651685371995913,0.005337826767569442,0.01259487214819756,-4474.540644928893
214,8624.758261419494,0.27910226107383296,6.520754029405907,4,RNF187,0.7071067811865476,2.582547764270954,-4295.683476018182,-4.12595759156805,4.194709365299065,SE,4221,0.0009610004871187249,0.025521420561780115,0.00475621223449707,0.0006046208875811911,0.990329887883102,0.009065491228936145,0.010662278836605421,0.023372427512391842,-4302.204230047588
215,8798.115467601763,0.2824285090837061,6.772261970612817,4,RHBDD2,0.7071067811865476,2.5403566696070516,-4382.362079109316,-5.2385975294201765,6.759000321200033,SE,4221,0.0009375792792165866,0.024606185847984702,0.004526853561401367,5.9636733947912906e-05,0.9835084779087643,0.016431885358001823,0.009258541705341683,0.020772369210702496,-4389.134341079929
216,8321.189657452514,0.27153875663827853,6.823995333682433,4,TMEM130,0.7071067811865476,2.6823329201379846,-4143.899174034692,-4.536595459182327,4.918479701661948,SE,4221,0.0008668039460849888,0.023673595174066305,0.004610538482666016,0.0003612325384916246,0.9946739928639079,0.004964774597940531,0.008994113569711026,0.02022231102397554,-4150.723169368374
217,7244.213367915619,0.2861210474065901,7.1872435303589555,4,CDK5R1,0.7071067811865476,2.494668398343505,-3605.4110292662444,-3.6790128673923275,3.397586388359226,SE,4221,0.0008598102259919398,0.022277607118615487,0.005643367767333984,0.00033677298761575127,0.9506510901655462,0.04901213684640392,0.007342368783378683,0.01672339961507075,-3612.5982727966034
218,9074.201721422194,0.38131323125513195,681.5341721270552,4,IGKC,2.640516328033427,1.614871795444922,-4520.405206019532,-1.7869328333422414,0.39173565384664555,SE,4221,2.378143465540999e-06,4.8826260981963176e-05,0.004609107971191406,0.0,1.0,0.0,0.0,0.0,-5201.939378146587
219,8780.503983020277,0.06622440196402163,71.32627566657084,4,LMO4,5.102591308481421,13.854307788408692,-4373.556336818573,-7.2863273992026425,0.656839842706436,SE,4221,6.985331709243806e-06,0.0015062813336421525,0.013569116592407227,6.076787335354594e-24,1.0,2.530634317260735e-44,0.0,0.0,-4444.882612485144
220,8804.900018139682,0.04898997698137665,48.79973228655217,4,RGS4,5.102591308481421,19.073843505661724,-4385.754354378276,-6.212808097031858,0.4493095439674984,SE,4221,5.666460803722721e-06,0.0020863206421851267,0.015462636947631836,1.7639886364192759e-15,1.0,5.227531233751218e-30,2.834732448775412e-12,2.2212455755329723e-11,-4434.554086664828
221,8742.679400054258,0.07491559470501379,92.88875152031596,4,ATP1B1,5.102591308481421,12.133035959418693,-4354.6440453355635,-8.891487959353485,0.9880038488533021,SE,4221,7.328744205259291e-06,0.0012774285852740703,0.013798713684082031,7.259765425561082e-26,1.0,5.7822325588411815e-68,0.0,0.0,-4447.5327968558795
222,7926.846705541223,0.07396545133908905,71.40756898863674,4,VSNL1,5.102591308481421,12.301515959323382,-3946.7276980790466,-9.018335759543337,1.0063132434804538,SE,4221,1.0650266174226441e-05,0.0018973728925896908,0.014297962188720703,3.646866322731275e-26,1.0,3.9961410313554375e-59,0.0,0.0,-4018.1352670676833
223,8371.488235909299,0.08887408525059523,86.33485684256357,4,CHN1,5.102591308481421,10.073110819389536,-4169.048463263084,-8.47217960728624,0.9290762042740945,SE,4221,1.1613144650537903e-05,0.0015178823707181536,0.004568338394165039,7.29014289165338e-36,1.0,5.658202376805764e-61,0.0,0.0,-4255.383320105648
224,7322.977939171961,0.09042997568456547,98.4611159584515,4,IGFBP5,5.102591308481421,9.882892732616005,-3644.7933148944157,-1.9762880253667054,0.08028253788999004,SE,4221,8.399542977005721e-06,0.0010667447112250577,0.0045931339263916016,4.5101970590938066e-51,1.0,3.85386127685501e-73,0.0,0.0,-3743.2544308528672
225,7921.242621673481,0.125524086887967,152.39887916604403,4,CCK,5.102591308481421,6.8451211203085,-3943.9256561451757,-7.063155771559512,0.7010731720568203,SE,4221,9.510342821451965e-06,0.0007159077931942671,0.004606485366821289,6.215907512563598e-83,1.0,2.5539746597547974e-85,0.0,0.0,-4096.32453531122
226,6447.51847772641,0.10167094523089483,117.6067958714334,4,MTRNR2L12,5.102591308481421,8.681583396347937,-3207.0635841716403,-4.73109809260629,0.3122363416632756,SE,4221,1.0146202953213721e-05,0.00106407103107195,0.004629611968994141,4.435739055465894e-22,1.0,4.6449703315990174e-30,0.0,0.0,-3324.6703800430737
227,8380.767663191817,0.09629058115543872,95.98735919105093,4,SPARCL1,5.102591308481421,9.22158040188893,-4173.688176904343,-5.290134356984299,0.3946150038348545,SE,4221,1.008545192341658e-05,0.001155287800480233,0.004641294479370117,4.528905951643171e-55,1.0,3.404061082149566e-64,0.0,0.0,-4269.675536095394
228,9194.10717825236,0.1479939186334202,242.45752208245813,4,ENC1,5.102591308481421,5.65664834901569,-4580.357934434614,-8.588772121494925,1.0632921219215226,SE,4221,8.865907438457239e-06,0.0005219307533737127,0.0053253173828125,1.6994882447385734e-108,1.0,3.7345884051220752e-137,0.0,0.0,-4822.815456517073
229,8952.9632861367,0.09165681773041033,144.03019042960022,4,CXCL14,5.102591308481421,9.737456766889302,-4459.785988376785,-0.768498642378741,0.05477439793610583,SE,4221,5.936849896629273e-06,0.0007373898489508884,0.0046808719635009766,0.0017014264309832964,0.9982985735688448,3.494971921715849e-26,0.0,0.0,-4603.816178806385
230,8609.453030463781,0.06115314507458468,62.77383225015183,4,CD74,5.102591308481421,15.084687395888897,-4288.030860540325,-1.401960822670148,0.05130417698631969,SE,4221,6.902056759910955e-06,0.0017110811197190113,0.014190196990966797,7.796618956860069e-26,1.0,1.743549479092188e-34,2.3314683517128287e-15,2.3094733672627078e-14,-4350.804692790477
231,8651.395032676286,0.07658378012026795,103.22049158870504,4,HLA-B,5.102591308481421,11.847345560297004,-4309.001861646578,-1.4907928069535454,0.06334247405632026,SE,4221,5.822801535460928e-06,0.0009775042448201172,0.016989469528198242,3.636471984276313e-59,1.0,1.9530760300104474e-64,0.0,0.0,-4412.222353235283
232,7543.412463670074,0.19772771571426168,381.7825836159386,4,COX6C,5.102591308481421,3.9867095484660737,-3755.0105771434723,-6.3605166392007515,0.6333140835257148,SE,4221,1.0378883798397146e-05,0.0004104162777505153,0.005187034606933594,1.4145713918155775e-148,1.0,1.5049112968295898e-287,0.0,0.0,-4136.793160759411
233,7789.655205104357,0.07949342756193048,88.41115327994612,4,OLFM1,5.102591308481421,11.377740569835295,-3878.1319478606138,-8.39551227908319,0.8881426694844576,SE,4221,7.766353171475417e-06,0.0012237842396478306,0.015465736389160156,7.54836024904498e-36,1.0,5.0979636620857164e-67,0.0,0.0,-3966.54310114056
234,7927.650586934306,0.051263871490635035,54.21258201776345,4,IFITM3,5.102591308481421,18.184208153379195,-3947.1296387755883,-1.3572050084779816,0.040759248618870605,SE,4221,5.422242539738741e-06,0.001839731133567892,0.0365447998046875,1.125115896149814e-27,1.0,1.7274269344321625e-38,1.7996715229173788e-13,1.5363049585880063e-12,-4001.3422207933518
235,7612.6059860336245,0.2639745402856759,417.59745302418423,4,HBB,5.102591308481421,2.7396251934413596,-3789.6073383252474,-1.2734832935526246,0.13983997687730357,SE,4221,1.3884652130388062e-05,0.00039058210381863045,0.004714488983154297,6.756662172797213e-254,1.0,0.0,0.0,0.0,-4207.204791349432
236,6142.136007286374,0.35557809949380015,907.9835654767453,4,SAA1,5.102591308481421,1.780720028177847,-3054.372348951622,-0.7798068606399824,0.13329658416281578,SE,4221,9.80277338966497e-06,0.00021084299451748728,0.004590749740600586,3.4144464622664e-311,1.0,0.0,0.0,0.0,-3962.355914428367
237,9371.361353386965,0.11986959269685823,166.8985819120253,4,SLC1A2,5.102591308481421,7.214369006752075,-4668.985022001917,-3.335281789521253,0.21385759790620776,SE,4221,9.296838081459927e-06,0.000751328293396609,0.00468754768371582,3.7423761815060724e-45,1.0,1.0197060255176053e-53,0.0,0.0,-4835.883603913942
238,8789.285837103014,0.4450005085485435,1356.983824560035,4,SCGB1D2,5.102591308481421,1.2254410779840041,-4377.947263859942,-2.8473283058959615,0.45038192197725474,SE,4221,8.737857177126931e-06,0.00016683505064695259,0.004646778106689453,0.0,1.0,0.0,0.0,0.0,-5734.931088419977
239,9362.07734794658,0.708267796614257,2386.2779677218286,4,SCGB2A2,5.102591308481421,0.40471307253404654,-4664.343019281725,-3.5115470485319533,1.2599466734475298,SE,4221,6.310936887107812e-06,0.00016046186786692742,0.004622697830200195,0.0,1.0,0.0,0.0,0.0,-7050.620987003554
240,7066.563338853165,0.15131279562632316,251.0465777833042,4,NRGN,5.102591308481421,5.511024673682796,-3516.5860147350177,-9.235441811408926,1.18665723249293,SE,4221,9.916516033273114e-06,0.0005653310726421353,0.0054094791412353516,6.957197383122332e-59,1.0,7.599107747214296e-174,0.0,0.0,-3767.632592518322
241,8856.887252640432,0.08643079693835427,108.26095399337555,4,SNCG,5.102591308481421,10.385640604014068,-4411.747971628651,-5.076617654190615,0.36135552278116284,SE,4221,8.169532389400353e-06,0.0011184680237030754,0.004806041717529297,5.257511808104351e-28,1.0,5.988708272122896e-72,0.0,0.0,-4520.008925622026
242,8881.224684465104,0.3729099114815907,823.4358486162018,4,MGP,5.102591308481421,1.6522903498840442,-4423.9166875409865,-2.4754189961909994,0.34410124653882296,SE,4221,1.1998004674863992e-05,0.00024980992051954696,0.004704475402832031,2.7300165965e-314,1.0,0.0,0.0,0.0,-5247.352536157188
243,4634.9643171279085,0.07023487469595076,89.22565004257194,4,RPL41,5.102591308481421,13.007109505068573,-2300.7865038723894,-3.951001304720799,0.198562446038265,SE,4221,5.778455869516398e-06,0.0011252684044418834,0.015284538269042969,4.92599732470582e-32,1.0,2.094298225336321e-49,0.0,0.0,-2390.0121539149613
244,8307.172109855674,2.0252130508081245e-09,55.03708065110186,4,RTN1,5.102591308481421,485165195.4097903,-4136.8904002362715,-8.535714439374871,1.5105188869331382e-07,SE,4221,4.3068376719801815e-08,7603133642.67564,0.026844501495361328,3.6789787695907634e-08,0.9999999632109401,9.273651729159967e-29,1.1823875212257917e-13,1.043283106963934e-12,-4191.927480887373
245,8185.940424237439,0.08578677014039257,125.62502173300072,4,IFI27,5.102591308481421,10.47098508873188,-4076.274557427155,-1.4004304778898984,0.061005070800027636,SE,4221,5.748877483153274e-06,0.0007969487167126041,0.004616975784301758,2.1796603990547707e-69,1.0,4.743135301620118e-94,0.0,0.0,-4201.899579160156
246,9518.830990786631,0.0646611157006305,70.29638238482039,4,B2M,5.102591308481421,14.213012952526082,-4742.71984070175,-2.064562247576281,0.08743558520371318,SE,4221,6.877492255374288e-06,0.0015461227430352159,0.025980472564697266,1.0031869421639906e-27,1.0,4.2724498150508465e-55,0.0,0.0,-4813.016223086571
247,7348.14002363666,0.13401244146129507,149.18180081304308,4,HBA2,5.102591308481421,6.349315233765441,-3657.374357126765,-1.6207792993372638,0.08350249787614955,SE,4221,1.2123344005415043e-05,0.0008264215441308515,0.004635334014892578,4.620588505707788e-98,1.0,1.6450225431040188e-113,0.0,0.0,-3806.556157939808
248,3526.9717953308977,0.31693790305051117,764.1675454164683,4,MT3,5.102591308481421,2.1176118724909063,-1746.7902429738838,-3.2950275621054264,0.21125189846926606,SE,4221,1.1629215696796412e-05,0.0002740882647872722,0.004633188247680664,1.0645215464626422e-92,1.0,3.3977553413742055e-150,0.0,0.0,-2510.957788390352
249,9922.429656838041,0.24589184329055858,507.3295480352908,4,GFAP,5.102591308481421,3.0133520414992634,-4944.519173727455,3.3726529361438753,0.3433122805300579,SE,4221,1.1423893783833056e-05,0.0003472271447510961,0.0045545101165771484,1.590091032914114e-156,1.0,0.0,0.0,0.0,-5451.848721762746
250,6961.149198209137,0.116622516065538,183.52827964102244,4,SNAP25,5.102591308481421,7.442593083031608,-3463.8789444130034,-9.153635019529627,1.1178404462513742,SE,4221,8.220952108904134e-06,0.0006933783049412419,0.005293369293212891,8.546428798003181e-41,1.0,2.4670986100846567e-131,0.0,0.0,-3647.407224054026
251,5528.677046916965,0.2700804503294617,583.929640775903,4,CST3,5.102591308481421,2.6554749131795012,-2747.6428687669177,-1.7559887513935342,0.11694136753450876,SE,4221,1.1532801057982785e-05,0.0003167372427530242,0.004609346389770508,1.4960034731901035e-91,1.0,5.414048855649862e-167,0.0,0.0,-3331.5725095428206
252,7511.288982952346,0.09180879238476455,147.5336802268398,4,XBP1,5.102591308481421,9.719711502635926,-3738.948836784608,-1.8126811534625786,0.07467024858226493,SE,4221,5.459561003494982e-06,0.0006762581330414621,0.0047070980072021484,5.47145611699962e-38,1.0,4.449480302778305e-80,0.0,0.0,-3886.4825170114477
253,6853.557017338444,0.130903155247995,217.01320723295203,4,PCP4,5.102591308481421,6.523466173954445,-3410.082853977657,-2.933266642441086,0.15499353266610538,SE,4221,8.18477229644188e-06,0.0005780238379812226,0.005223989486694336,3.2983259495110363e-111,1.0,1.246303146295489e-149,0.0,0.0,-3627.096061210609
254,7750.612330468156,0.15434249264754724,305.20374868033286,4,TFF3,5.102591308481421,5.383557489799774,-3858.610510542513,-2.054124141987565,0.11950857359913457,SE,4221,7.496423085480453e-06,0.00041535971678072784,0.0050868988037109375,1.9119102350920968e-156,1.0,5.481868465524051e-225,0.0,0.0,-4163.814259222846
255,7193.088775907974,0.19576544983519892,428.56444291755406,4,TFF1,5.102591308481421,4.03651932722496,-3579.8487332624222,-2.062562973120869,0.13123751181215962,SE,4221,9.89867681622435e-06,0.00039649151603132564,0.005110740661621094,1.4718810227987671e-96,1.0,2.4578896620064634e-215,0.0,0.0,-4008.4131761799763
256,2775.091548091963,0.6488166311313405,1801.018808074289,4,log_total_count,5.102591308481421,0.5318293773804985,-1370.8501193544164,7.726265619459502,1.068873401697803,SE,4221,9.87995810779912e-06,0.00021443221175988046,0.004644632339477539,0.0,1.0,0.0,0.0,0.0,-3171.8689274287053
257,8206.415102635388,0.08471594305303409,212.31594634544035,4,CAMK2N1,9.860358667344904,10.154698569583628,-4086.511896626129,-5.921016953527096,0.1903366354199671,SE,4221,1.5832937271524238e-05,0.002241453822808458,0.0046558380126953125,3.5483376498765823e-45,1.0,8.241096929717671e-48,0.0,0.0,-4298.827842971569
258,8928.56562373002,0.05117074606438968,66.81399937365404,4,RPL11,9.860358667344904,17.42780154247167,-4447.587157173445,-3.68023894810966,0.08269708575735639,SE,4221,1.542051861419095e-05,0.005249205129064999,0.0065326690673828125,3.745705294603247e-14,1.0,2.7710934949398912e-21,3.3306690738754696e-16,3.3626947380473493e-15,-4514.401156547099
259,8284.073210246628,0.02011779226957091,24.61982812576116,4,FABP3,9.860358667344904,45.77937309602673,-4125.340950431749,-4.089466699070949,0.06855818717794722,SE,4221,7.333972520196088e-06,0.014256338325297975,0.023842334747314453,0.009794953471246828,0.9902050465270866,1.3659273071714187e-12,6.982952375222951e-07,3.120042550631531e-06,-4149.96077855751
260,9003.423199140549,0.048444859428016865,47.61827641486343,4,NCDN,9.860358667344904,18.461311416174578,-4485.015944878709,-5.882349594161854,0.16721887000030897,SE,4221,2.390206099951675e-05,0.008980157024842953,0.0063703060150146484,1.9967375525130412e-21,1.0,4.455996310597672e-17,5.178302231456655e-12,3.968771783233203e-11,-4532.634221293572
261,8848.413979092642,0.0280682427051435,27.473121957464173,4,ATP1A1,9.860358667344904,32.54594139192813,-4407.511334854756,-6.725917085210304,0.18552167604828956,SE,4221,1.372882478982318e-05,0.014160222743684447,0.023807525634765625,1.5166115574504963e-07,0.999999848338132,5.789152262700952e-21,1.5929297358940886e-07,7.743408438374042e-07,-4434.98445681222
262,7804.571464845479,0.11666378733865489,216.01018609564744,4,S100A11,9.860358667344904,7.116496699660116,-3885.5900777311745,-1.207873244991801,0.05673146146997364,SE,4221,2.7914993450201417e-05,0.0023531291406931757,0.004560947418212891,8.377144750209705e-33,1.0,1.53271338759982e-63,0.0,0.0,-4101.600263826822
263,8681.589981181129,0.02828264160172079,38.290823284601174,4,S100A13,9.860358667344904,32.29209929828727,-4324.099335898999,-1.7513702595741296,0.02549227512786543,SE,4221,7.557145999073257e-06,0.007683551804610954,0.015298128128051758,6.43556402758914e-05,0.9999356443595325,1.2496205313177562e-25,6.094859061889224e-10,4.050381022141573e-09,-4362.3901591836
264,8447.907666543873,0.25366950140062855,420.5500012156117,4,MUC1,9.860358667344904,2.7652807003767053,-4207.258178580371,-1.9766257983968916,0.16665027299585344,SE,4221,8.235232639425551e-05,0.002418149300202623,0.0045812129974365234,2.8449456759235324e-138,1.0,1.3544430339712786e-219,0.0,0.0,-4627.808179795983
265,8343.082288442723,0.1944864302251495,409.91548994976074,4,HPCAL1,9.860358667344904,3.8927798590374096,-4154.845489529796,-3.513835202434389,0.16021847684923599,SE,4221,4.353718147512994e-05,0.0017587403876827637,0.004702329635620117,6.381497682994084e-150,1.0,1.1908253372811488e-189,0.0,0.0,-4564.760979479557
266,7834.494181594083,0.019951467582956062,20.408040169269952,4,NRXN1,9.860358667344904,46.16884652671624,-3900.5514361054766,-3.7133203845578415,0.057042988858210644,SE,4221,7.57396974675485e-06,0.01495919839534259,0.02470564842224121,1.178511457647101e-05,0.9879034827823592,0.012084732103368336,6.256637996915337e-06,2.5762627046121978e-05,-3920.9594762747465
267,8826.690213423743,0.03087854252134949,33.09210118115516,4,MDH1,9.860358667344904,29.498348674807964,-4396.649452020306,-7.6011008701727425,0.2376528777641873,SE,4221,1.184674319193828e-05,0.010211452809388875,0.04542994499206543,3.2955791985474596e-05,0.999967044207637,7.621095853504342e-26,8.789506455997298e-09,4.988638799349818e-08,-4429.741553201461
268,7256.26203112987,0.016237560952382327,18.526743627883206,4,UGP2,9.860358667344904,56.94370634136905,-3611.43536087337,-2.87293689381909,0.03375775630570678,SE,4221,6.0065350955969905e-06,0.0176408085942561,0.025086641311645508,0.0006203715611392818,0.9993381889234884,4.143951574550897e-05,1.6753694316751222e-05,6.327834184384454e-05,-3629.962104501253
269,8985.852981472177,0.0317167655380029,31.339305896243786,4,MAP2,9.860358667344904,28.693915105755202,-4476.230836044523,-4.604758252555686,0.09854341691618898,SE,4221,1.1255079131384037e-05,0.009226610347919828,0.046050310134887695,9.763720773950412e-12,0.9999999999909052,7.636221047425562e-14,2.166487567123454e-08,1.1547268758779831e-07,-4507.570141940767
270,7827.473263047156,0.06585542390171377,119.73095056919556,4,SNORC,9.860358667344904,13.332108379975168,-3897.0409768320133,-0.392418950506274,0.027845311988387335,SE,4221,2.230624397181114e-05,0.004857045702778963,0.00480961799621582,4.3642753975560105e-13,1.0,1.5938502354217558e-37,0.0,0.0,-4016.771927401209
271,8759.758984428781,0.02528505670567942,24.50393669461846,4,RPL14,9.860358667344904,36.231805882398085,-4363.183837522825,-4.778875489856076,0.09754473244956476,SE,4221,1.4692806202418283e-05,0.01846472654382063,0.04222822189331055,0.33775486603808874,0.5713801149714672,0.09086501899116647,7.415816483113957e-07,3.2994098759617183e-06,-4387.687774217444
272,8482.604217291482,0.02016814849236569,19.568317271057822,4,RPL29,9.860358667344904,45.66272354133522,-4224.606453954176,-3.8278214704756355,0.06165165399197811,SE,4221,9.133781292067889e-06,0.017670025497376222,0.025653362274169922,5.0237002549298903e-08,0.9999998969597126,5.280282703750065e-08,9.706558924627018e-06,3.8459950456069316e-05,-4244.174771225234
273,8902.79549625218,0.02798550662514933,22.28085571295469,4,TAGLN3,9.860358667344904,32.64493857390725,-4434.702093434525,-6.180647115255396,0.15896101010171418,SE,4221,1.892512207010237e-05,0.019628811884327333,0.01492452621459961,0.00970161982711857,0.9902983801728653,8.093450176723325e-15,2.3554322194918598e-06,1.0012970973548392e-05,-4456.982949147479
274,8793.606426854834,0.05197787990013823,112.25717831261227,4,GAP43,9.860358667344904,17.14258052030322,-4380.107558735852,-6.9513380850709146,0.22541744883024933,SE,4221,1.15073795509101e-05,0.0038085971977936017,0.004720449447631836,0.00011736462118490893,0.9998826353795983,6.452159602550586e-65,0.0,0.0,-4492.364737048464
275,8170.613202105659,0.02860554062021763,23.10276868059691,4,SST,9.860358667344904,31.916976997604177,-4068.6109463612647,-2.791324762818738,0.042008497051051905,SE,4221,1.5344216402097296e-05,0.015270601838343759,0.025163888931274414,1.1252812090534095e-11,0.9999999999881766,2.9106016865640855e-13,1.5356940938904273e-06,6.663135531342763e-06,-4091.7137150418616
276,8706.981580809359,0.10924336690490029,246.79205793726578,4,HOPX,9.860358667344904,7.663731431548501,-4336.795135713114,-4.9047083335772514,0.16399072560033298,SE,4221,2.4345970515326295e-05,0.0022759562362092748,0.00464630126953125,7.456657594368569e-73,1.0,5.3234546963161855e-87,0.0,0.0,-4583.58719365038
277,6881.715161128409,0.024711003738375842,23.217952075937774,4,RPL34,9.860358667344904,37.09532893581677,-3424.1619258726396,-4.656300880927352,0.08821008340139931,SE,4221,1.4231925450761197e-05,0.018682554143082463,0.0452115535736084,0.006611401843890728,0.9933885981534225,2.9118205080909144e-12,1.4464078679221615e-06,6.3280344221594564e-06,-3447.3798779485774
278,7858.010421943619,0.02272836483247585,26.141986921436,4,GRIA2,9.860358667344904,40.413213976630544,-3912.3095562802446,-3.878666488456512,0.06403820662113445,SE,4221,1.0208296929138113e-05,0.01571333262506261,0.051753997802734375,5.4599309357042184e-05,0.9999454006910384,2.285225474063723e-15,3.1721075088864126e-07,1.4737667629782006e-06,-3938.4515432016806
279,8968.849686353773,0.03860559568962357,44.76906625082847,4,CPE,9.860358667344904,23.406022627080038,-4467.729188485321,-4.983872361484887,0.1189283185634219,SE,4221,1.5367593251205008e-05,0.008741900217844512,0.022853374481201172,1.1963754898733455e-16,1.0,1.8696921728080108e-20,2.2169710511832363e-11,1.6053928301671712e-10,-4512.49825473615
280,8213.486051263437,0.06528120034905768,46.75051798423556,4,GPM6A,9.860358667344904,13.45764707487299,-4090.047370940153,-7.243594696612349,0.2506343282752602,SE,4221,3.452351970433212e-05,0.0076329524204717045,0.007066488265991211,6.418989830625469e-16,1.0,1.043475494617781e-37,8.062328582525424e-12,6.046746436894068e-11,-4136.797888924389
281,8694.394634150978,0.04497721698883345,71.0957832118138,4,BASP1,9.860358667344904,19.95710035888389,-4330.501662383924,-7.654917414435476,0.2593694283277265,SE,4221,1.4130420922102663e-05,0.006074707192448198,0.006348133087158203,2.8076912399953866e-08,0.999999971923899,1.814208030942449e-29,0.0,0.0,-4401.597445595738
282,8157.008793397454,0.15227658860962273,405.57076232570535,4,MAP1B,9.860358667344904,5.232356504144753,-4061.808742007162,-8.715128032680061,0.41753857696536095,SE,4221,4.066094301742825e-05,0.002296935008455475,0.004576206207275391,1.7439327340037918e-19,1.0,3.533909750815925e-131,0.0,0.0,-4467.379504332867
283,8424.651675713216,0.023878312884762973,19.433943351151356,4,MEF2C,9.860358667344904,38.421703112319946,-4195.630183165043,-4.460836408277885,0.0842572509009886,SE,4221,1.3723613346607255e-05,0.01922846566548819,0.014433622360229492,5.779074894072821e-06,0.9999942209236549,1.6223707639829653e-12,1.0413965709554773e-05,4.095379773420417e-05,-4215.064126516194
284,8462.66506277422,0.02316021353704144,18.765515510101068,4,HINT1,9.860358667344904,39.64213802512564,-4214.636876695545,-7.144077777838104,0.19764946029015876,SE,4221,1.2756067998096985e-05,0.018942901049506317,0.02512669563293457,4.483886895868591e-05,0.9999551610520342,7.907673975075555e-11,1.4781584570466855e-05,5.664475839047517e-05,-4233.402392205646
285,7691.4664744386055,0.06766804759075867,86.06311966961675,4,SPARC,9.860358667344904,12.949804465937698,-3829.037582527738,-0.3791816902484111,0.027709632893939927,SE,4221,3.0403330215513144e-05,0.006314770752306069,0.004724264144897461,9.97562160499828e-24,1.0,2.2470902032994733e-46,0.0,0.0,-3915.1007021973546
286,7881.840599084892,0.025760732786147312,26.34657243329866,4,NSG2,9.860358667344904,35.545424559851824,-3924.2246448508813,-4.390905068321088,0.08237084050226914,SE,4221,1.3133150954134585e-05,0.015931517671116672,0.024893999099731445,6.465149136856883e-10,0.9999998563162185,1.4303750086430413e-07,2.8532480722542886e-07,1.3374600338691978e-06,-3950.57121728418
287,8698.163251978138,0.042868383271487634,58.33678323963886,4,SNCB,9.860358667344904,20.985090479291138,-4332.385971297504,-7.166573649624766,0.22780046043730817,SE,4221,1.4495585691403402e-05,0.006802452335688024,0.0066983699798583984,4.394378614108951e-10,0.9999999995598047,2.7248896525925055e-35,2.2093438190040615e-14,2.052930097304659e-13,-4390.7227545371425
288,8406.969033849924,0.0877747453386246,192.15928028114104,4,TUBB2A,9.860358667344904,9.768070868844125,-4186.788862233397,-8.134050974164301,0.3290488471805144,SE,4221,2.1008211202157494e-05,0.0028032113679285807,0.004801034927368164,2.6075092182603196e-23,1.0,2.467887488697798e-79,0.0,0.0,-4378.948142514538
289,8640.848277082776,0.03992835988074547,47.681284718682946,4,HLA-A,9.860358667344904,22.599480625354254,-4303.728483849823,-1.6579884359996255,0.03051419255923032,SE,4221,1.4172123410087246e-05,0.007576577129732437,0.023267269134521484,5.802937099928122e-28,1.0,1.862986432461021e-35,5.0145443353244445e-12,3.8715232000666666e-11,-4351.409768568506
290,7816.325124966,0.03209095343515292,31.832279338270382,4,HLA-C,9.860358667344904,28.34837814189002,-3891.466907791435,-1.6226326818295747,0.023029603609112832,SE,4221,1.3986231779239845e-05,0.011216629746383619,0.04544806480407715,4.651411870211986e-17,1.0,9.468974182616445e-25,1.6807611857849736e-08,9.050252538842166e-08,-3923.2991871297054
291,8716.02673770579,0.039722165096376355,54.79332704027183,4,RPS18,9.860358667344904,22.721671727176656,-4341.31771416133,-3.60915730216893,0.07166255729814916,SE,4221,1.5313656620699633e-05,0.00826524484056932,0.0067310333251953125,3.2161028419575985e-08,0.9999999678366299,2.8242567957582393e-12,1.3389289676979388e-13,1.1715628467356964e-12,-4396.111041201601
292,6893.7050651311465,0.049832500358992,86.01421575548966,4,EEF1A1,9.860358667344904,17.921063610468643,-3430.1568778740084,-3.6690559384005166,0.07137565911981905,SE,4221,1.564839086092462e-05,0.005587008738264493,0.004754781723022461,1.105491636314433e-06,0.9999988945079821,4.257229162405857e-50,0.0,0.0,-3516.171093629498
293,6521.690927316037,0.05186887584765027,53.97758408419395,4,NDUFA4,9.860358667344904,17.18058138997392,-3244.1498089664537,-7.551186050056715,0.250010039443519,SE,4221,1.961032772347526e-05,0.006514927137726457,0.006748676300048828,1.0467742457236894e-10,0.9999999998954081,1.5226823626658392e-41,2.028377465990161e-13,1.7175776929755395e-12,-3298.1273930506477
294,7237.823365936597,0.017558487279019642,18.71021244282565,4,SNX10,9.860358667344904,52.58911912914223,-3602.2160282767336,-3.480458971467147,0.048065591184077994,SE,4221,6.733009598506825e-06,0.0170028178098547,0.0433349609375,0.0003768708858981998,0.9996231250243476,4.0897728942442326e-09,1.5216534446360619e-05,5.809949515883145e-05,-3620.9262407195592
295,8527.125587444136,0.02301158546570846,22.504477757727727,4,CAMK2B,9.860358667344904,39.90425070428022,-4246.867139030503,-4.941133193349793,0.10014350543168822,SE,4221,1.0776638820747753e-05,0.016201019030540675,0.04494810104370117,1.7221471261210441e-07,0.99999811042286,1.7173618410716442e-06,2.0965431408725976e-06,8.997322891010232e-06,-4269.37161678823
296,8351.46469832224,0.026542214573216125,32.56978620228347,4,VGF,9.860358667344904,34.47118836553594,-4159.036694469554,-4.193644872062836,0.07797184458150822,SE,4221,1.08431432690792e-05,0.012429751345624252,0.026032209396362305,0.0002262163715551433,0.9997737836287008,4.774494281783489e-20,1.1498849761260033e-08,6.28843346318908e-08,-4191.606480671838
297,7468.361575311009,0.07304112610886393,162.39300315934952,4,TMSB4X,9.860358667344904,11.928045707213734,-3717.4851329639396,-6.31545328819454,0.19780811112318178,SE,4221,1.4029701597776525e-05,0.0025539030375705514,0.004819631576538086,8.016035121053876e-33,1.0,5.502342508047454e-40,0.0,0.0,-3879.878136123289
298,8143.220858057116,0.03462019651921429,32.24254960940243,4,TCEAL4,9.860358667344904,26.20866915588415,-4054.914774336993,-2.921868744395308,0.04836767348752845,SE,4221,1.3345565705778549e-05,0.009290287240318423,0.0446171760559082,1.538755278288761e-07,0.9999995788358297,2.6728869295937797e-07,1.3607787341385347e-08,7.403200367074929e-08,-4087.1573239463955
299,8871.592754336605,0.018928683711529483,19.687986331450702,4,PHYHIP,9.860358667344904,48.714298446052524,-4419.100722476737,-5.6360930739842034,0.12152516287289572,SE,4221,8.227915818994213e-06,0.017979138358840407,0.014998674392700195,1.1694793045557495e-05,0.9999883052034327,4.251629134954459e-12,9.117274282099963e-06,3.653869464200367e-05,-4438.788708808188
300,8537.255800631698,0.11026893156348393,217.5506072108592,4,NEFM,9.860358667344904,7.583712805198555,-4251.9322456242835,-5.310015181159286,0.18064668622600744,SE,4221,2.407351499930022e-05,0.0022173970435884413,0.004798173904418945,7.535434428918928e-72,1.0,6.069760674477431e-139,0.0,0.0,-4469.482852835143
301,8606.605501975208,0.1373257822472249,303.2266007103235,4,NEFL,9.860358667344904,5.904335478806126,-4286.607096296038,-8.235801287333855,0.37758593398821994,SE,4221,3.3774276508675994e-05,0.0022197363683652167,0.004746675491333008,2.6602561602919383e-53,1.0,3.131169950518377e-168,0.0,0.0,-4589.833697006362
302,6462.139342615524,0.09576100332777959,161.14191219205577,4,CLU,9.860358667344904,8.875050513288517,-3214.374016616197,-4.1292212551822285,0.10383124284599543,SE,4221,2.4540204762010298e-05,0.0028365177948947535,0.004746675491333008,3.6729818146555476e-34,1.0,4.3770951104701423e-54,0.0,0.0,-3375.5159288082527
303,8779.095397188483,0.0814641922710839,180.38411844508846,4,STMN2,9.860358667344904,10.597553655242487,-4372.852043902676,-7.282067536661817,0.27096175854576576,SE,4221,1.8971105103186315e-05,0.002868235714265101,0.004879474639892578,1.211516969201712e-13,1.0,1.319859529078008e-80,0.0,0.0,-4553.236162347765
304,8044.756205651188,0.06323295550017988,92.6642672628177,4,RPL30,9.860358667344904,13.924012716570504,-4005.682448134029,-3.822612707605418,0.08880816939747163,SE,4221,1.8410881090840128e-05,0.004303871675870309,0.004621744155883789,1.6565653425720324e-11,0.9999999999836292,9.135851075084155e-53,0.0,0.0,-4098.346715396847
305,8169.401061044976,0.022991372652679583,29.168178987076317,4,NCALD,9.860358667344904,39.940158736369725,-4068.004875830923,-4.345942488473807,0.07902406022959738,SE,4221,7.764742394290236e-06,0.01169266778075083,0.025259971618652344,0.00016391334799540028,0.9998360866495443,2.5946129885843095e-12,6.636017002570327e-08,3.3660955810139337e-07,-4097.173054817999
306,7509.227776155679,0.017218256941493322,17.30135149294665,4,EEF1D,9.860358667344904,53.646844795578545,-3737.9182333862746,-1.5382802891038958,0.01451700357664026,SE,4221,7.13598609474036e-06,0.018713566452811407,0.02509021759033203,0.26554672019083975,0.7336483044042035,0.00080497540490295,3.189599187636283e-05,0.00011669265320620547,-3755.219584879221
307,8358.577414619002,0.034479281194950424,36.87727543694291,4,RPL8,9.860358667344904,26.319624131114963,-4162.593052617935,-4.197902178497813,0.08454027550898391,SE,4221,1.4784223934533681e-05,0.010370199929400501,0.015057086944580078,1.4508496786008142e-06,0.9999985491496384,9.766767817176574e-15,1.2580374519899351e-09,7.95746581077971e-09,-4199.470328054878
308,7553.1809329724665,0.06155709086159135,126.53598140834902,4,DIRAS2,9.860358667344904,14.328675866181053,-3759.8948117946684,-3.659837073971663,0.07984034805730356,SE,4221,1.4087818285300582e-05,0.0034522773523096534,0.004770040512084961,1.1457125144429065e-28,1.0,4.805424489121182e-62,0.0,0.0,-3886.4307932030174
309,8506.12623446824,0.03160375941156195,38.36212236175379,4,DNM1,9.860358667344904,28.79987722570523,-4236.367462542555,-7.590846710516654,0.23703381109930086,SE,4221,1.2311038328797499e-05,0.010159927083290585,0.022475481033325195,2.1074567923738726e-05,0.9999789254326703,2.741269766470666e-20,5.876192865628127e-10,3.929937903764034e-09,-4274.7295849043085
310,9276.218738900232,0.025710353697417147,27.204574345035326,4,NCS1,9.860358667344904,35.61691703484729,-4621.413714758551,-4.06421206609534,0.07609938445672858,SE,4221,1.1976210773430246e-05,0.014582069541737465,0.025972843170166016,0.2677685404794759,0.7322314424640444,1.7056357515652938e-08,1.8302512894141643e-07,8.735290244931239e-07,-4648.618289103586
311,3409.2771766035034,0.11984356858689561,235.11774728930686,4,FTH1,9.860358667344904,6.9027385267075365,-1687.9429336101866,-4.0979248000928346,0.09291130618708718,SE,4221,3.0449470787081156e-05,0.0024616164744986975,0.004614830017089844,7.802888532802748e-34,1.0,4.431923492311092e-71,0.0,0.0,-1923.0606808994935
312,8230.380244504291,0.04247538239753858,73.02240214753692,4,RTN3,9.860358667344904,21.187950003411135,-4098.49446756058,-8.739244747664726,0.3255800621846345,SE,4221,1.2978281103100654e-05,0.006193915015236647,0.005763053894042969,1.6218878985695505e-05,0.9999837811216057,4.2587201326434595e-35,0.0,0.0,-4171.516869708117
313,9652.262253527957,0.2151956886175328,258.56003709600645,4,MALAT1,9.860358667344904,3.4277102459016673,-4809.435472072413,-2.441444991379643,0.18742006662853317,SE,4221,6.828979496903077e-05,0.0024279093866208085,0.004702568054199219,1.9045493202215674e-72,1.0,1.7196539980010046e-215,0.0,0.0,-5067.99550916842
314,9572.536755993273,0.14473239776202398,295.88685940869254,4,CRYAB,9.860358667344904,5.554085392892535,-4769.572723305071,-1.4487600858421683,0.10700459488149765,SE,4221,3.1526805878378856e-05,0.0019173040593641719,0.004812002182006836,1.1068911527089217e-38,1.0,3.4537192312903026e-139,0.0,0.0,-5065.459582713764
315,8589.456435408156,0.029041625421164886,34.49781635377349,4,THY1,9.860358667344904,31.423603111057588,-4278.032563012513,-7.842012278782113,0.247949425779443,SE,4221,1.2605458394399086e-05,0.012192558296164136,0.012947320938110352,0.0018581129878349287,0.998141887012542,1.9905178210510903e-13,4.267297848414842e-09,2.545831102747491e-08,-4312.530379366286
316,8150.880979853556,0.04941656124579854,59.237522430637,4,HSPA8,9.860358667344904,18.079816211914316,-4058.744835235213,-7.927624722718087,0.2787339251207705,SE,4221,1.9404386170407418e-05,0.007033532634172858,0.006358146667480469,1.2107615884059195e-11,0.9999999999881766,3.660105406562727e-36,1.3988810110276972e-14,1.3352955105264383e-13,-4117.98235766585
317,8260.753003055717,0.04485583802793443,93.91723508068026,4,VIM,9.860358667344904,20.013647174030133,-4113.680846836293,-0.4216093998672825,0.020883429020605433,SE,4221,1.0548476300121276e-05,0.004557190877817005,0.0046384334564208984,2.850219800610252e-14,1.0,1.1255458379476925e-19,0.0,0.0,-4207.598081916974
318,7511.728469130597,0.019837678461521246,21.286173945810333,4,PHYHIPL,9.860358667344904,46.43906269991184,-3739.1685798737335,-3.4488445755174553,0.04962335216509901,SE,4221,7.875135027007823e-06,0.015725663577372824,0.025394439697265625,0.0026586283021610823,0.9973413716975912,1.3657585180782264e-15,3.95574354372652e-06,1.654793115901532e-05,-3760.454753819544
319,7757.197788811701,0.05994539639711663,96.05026104999752,4,ADIRF,9.860358667344904,14.739187131159323,-3861.9032397142855,-1.012522871000539,0.028504189757535874,SE,4221,1.6794448162800665e-05,0.004312448433901895,0.0047910213470458984,2.309189210470004e-26,1.0,7.320971870525502e-77,0.0,0.0,-3957.953500764283
320,8903.50835905606,0.06218759768139569,99.70201950646606,4,SCD,9.860358667344904,14.173871142153423,-4435.058524836465,-1.049106018533345,0.037647244255402,SE,4221,1.6619306229144742e-05,0.0040003457611751635,0.0047419071197509766,6.101552226429775e-19,1.0,2.8531465033866036e-64,0.0,0.0,-4534.760544342931
321,8217.278409990515,0.02623875744581637,28.55407928440036,4,DDN,9.860358667344904,34.88072542745282,-4091.943550303692,-3.049045297103926,0.046305692137851316,SE,4221,9.24069694052085e-06,0.010825929960829086,0.04723811149597168,5.1715821275519335e-12,0.9999999833216864,1.6672781616562955e-08,9.111766097191776e-08,4.599689616370848e-07,-4120.497629588092
322,7826.406947081404,0.28026952222810164,410.22059511204407,4,KRT8,9.860358667344904,2.413627854233694,-3896.507818849137,-1.0799708221351452,0.15183223023116987,SE,4221,6.701602460500351e-05,0.001772313382393934,0.004592180252075195,4.806421118798403e-155,1.0,9.549545329626259e-208,0.0,0.0,-4306.728413961181
323,7087.004403826288,0.1571833205835471,287.3669141457085,4,KRT18,9.860358667344904,5.039679881088119,-3526.806547221579,-1.2531581562032454,0.06668969450849617,SE,4221,3.331511268477135e-05,0.0017984858653967311,0.004606962203979492,4.867257629612123e-109,1.0,3.3533552874730032e-139,0.0,0.0,-3814.1734613672875
324,7523.83450377982,0.023989441995879233,22.34874799823092,4,RPS26,9.860358667344904,38.23936378665396,-3745.221597198345,-4.709798540699217,0.09066281195272897,SE,4221,1.2127364826661485e-05,0.01684247187277335,0.02532029151916504,5.866955110659348e-07,0.9999994132578552,4.66707447549815e-11,2.2736122775590673e-06,9.704442648117969e-06,-3767.570345196576
325,9183.81996220371,0.024435356289312347,31.89865307170203,4,MYL6,9.860358667344904,37.52439207319981,-4575.21432641029,-4.212240943474801,0.07906125590397811,SE,4221,8.704985328994686e-06,0.01167340624506059,0.015325069427490234,0.0036122787096883446,0.9963265261655201,6.11951246843065e-05,1.624297485403048e-08,8.791300823057733e-08,-4607.112979481992
326,8483.81372925725,0.08791741152013516,212.35572436400253,4,SYT1,9.860358667344904,9.750694746937018,-4225.21120993706,-8.123756668813886,0.32921953952524663,SE,4221,2.0282918808280422e-05,0.002699134401252934,0.004851818084716797,2.5272273110412926e-21,1.0,1.618862960600685e-84,0.0,0.0,-4437.566934301062
327,8357.233027409482,0.039627777910263146,34.14825983104947,4,ATP2B1,9.860358667344904,22.778029872826277,-4161.920859013176,-4.819017297795896,0.11056594474300566,SE,4221,2.2606303957119538e-05,0.012254868918162552,0.02581024169921875,2.486246748567948e-17,1.0,1.687719401992505e-25,5.106888911754481e-09,2.9956610934872656e-08,-4196.069118844225
328,8388.650327726547,0.016754361827608776,18.34962524729599,4,NUDT4,9.860358667344904,55.15824338370992,-4177.629509171708,-4.470321203393333,0.0761755789361665,SE,4221,7.95153075841309e-06,0.02198116726884033,0.014935493469238281,0.23923523924260115,0.7607509042030695,1.3856553737917248e-05,1.838551448529735e-05,6.870032103047052e-05,-4195.979134419004
329,9008.070291248287,0.028258910289624226,37.551660449831616,4,RPLP0,9.860358667344904,32.32000690914417,-4487.339490932578,-3.1437160550261476,0.05241538364174332,SE,4221,1.0275880602341666e-05,0.010464311428471821,0.022844314575195312,1.5098971757641867e-11,0.9999999999854481,2.0139011803971561e-16,8.90235996031663e-10,5.805886930641281e-09,-4524.89115138241
330,8792.487368864975,0.029506945977502703,38.17680715951701,4,CABP1,9.860358667344904,30.91323521715966,-4379.548029740922,-5.500254792463803,0.13027365093888651,SE,4221,1.1150525992099592e-05,0.010467480196656666,0.022993803024291992,3.641264339214964e-05,0.9999635873563678,1.553148856167537e-27,6.46158904160643e-10,4.24041780855422e-09,-4417.724836900439
331,8348.235895131107,0.05320382273071326,80.40110052795444,4,DCLK1,9.860358667344904,16.725917356053795,-4157.422292873988,-4.778088845015145,0.118736420483093,SE,4221,2.092847750106935e-05,0.006643293533388183,0.0047702789306640625,4.126775849136729e-15,1.0,1.0021461695071299e-35,0.0,0.0,-4237.823393401943
332,8921.142546101995,0.026889171265397697,30.321575272156224,4,TSC22D1,9.860358667344904,34.01427171536841,-4443.875618359432,-5.863249979044622,0.14313696085591746,SE,4221,8.957432425459365e-06,0.010018927311779294,0.044806718826293945,2.7838482365655235e-05,0.9999721615168331,1.0264724728912025e-21,3.6603173270144396e-08,1.9313232127463123e-07,-4474.197193631589
333,8462.919408213913,0.03402740401649825,39.175090939146685,4,TPT1,9.860358667344904,26.681625052535207,-4214.764049415391,-4.2441700999263015,0.08610973567415485,SE,4221,1.7458562437029687e-05,0.012550646501943404,0.02349710464477539,4.083716028252257e-05,0.9999591626718446,1.685903135135901e-10,3.8745184838262503e-10,2.6078489794984376e-09,-4253.939140354538
334,8405.055796583985,0.025788563738198832,29.839746617994933,4,MOAP1,9.860358667344904,35.5060497033916,-4185.832243600427,-5.07428891966313,0.10791286734827085,SE,4221,1.0544645435936442e-05,0.012765309958345405,0.01424717903137207,1.3713484132509312e-05,0.9999862865164576,1.259870681557217e-18,4.6927208341429605e-08,2.439285582104014e-07,-4215.671990218422
335,7324.918168349729,0.04525282232293414,60.76528221164699,4,CYP46A1,9.860358667344904,19.82983047222661,-3645.7634294832997,-3.4798157505821297,0.06530712613819786,SE,4221,1.8164770099491694e-05,0.007722726435452984,0.0062711238861083984,4.3383786496204225e-21,1.0,2.8539500768735e-23,6.439293542825908e-15,6.260424277747411e-14,-3706.5287116949467
336,8575.573090636293,0.02077582802701263,26.089700512637137,4,SNRPN,9.860358667344904,44.29962727871524,-4271.090890626581,-7.123240142016214,0.19194821742000664,SE,4221,6.771607326577963e-06,0.01237572568920332,0.04364800453186035,0.000123551046725817,0.9998764489524888,3.830994711460622e-16,3.259179165437942e-07,1.500937773556947e-06,-4297.180591139218
337,8832.665378589443,0.0475790225423566,79.41964091087993,4,MAP1A,9.860358667344904,18.81437193586011,-4399.637034603156,-5.193080683720408,0.13434201485924283,SE,4221,1.416111206739795e-05,0.005496887278920545,0.0046329498291015625,8.72909777401063e-07,0.9999991270910131,1.3073695201083048e-36,0.0,0.0,-4479.056675514036
338,8946.33049848786,0.021522855537962828,20.05861180915963,4,SERF2,9.860358667344904,42.72942843903293,-4456.4695945523645,-3.5586879034881407,0.05693580140002349,SE,4221,1.1310247973014398e-05,0.019319279662579958,0.025354385375976562,1.81364745811871e-08,0.9997863278505161,0.0002136540130910748,7.510456033754664e-06,3.0684742550359525e-05,-4476.528206361524
339,9081.19197805124,0.033871708422400594,28.49795251679552,4,ARPP19,9.860358667344904,26.80859083450532,-4523.900334334055,-7.00812666855464,0.20960937556620882,SE,4221,1.558268598572784e-05,0.011298249852120261,0.02560114860534668,2.400347028805832e-14,1.0,7.455193062267865e-22,9.379762644368128e-08,4.712320945735184e-07,-4552.39828685085
340,9108.872345443124,0.02631455722955784,27.424589397771342,4,MORF4L1,9.860358667344904,34.77754319422167,-4537.740518029997,-6.348296612455232,0.16516941152790446,SE,4221,1.1843786620267655e-05,0.013799997035722125,0.024308443069458008,2.1119202534295023e-07,0.9999997888080766,1.6053258062016439e-18,1.6334105590321002e-07,7.903599479187582e-07,-4565.165107427768
341,8934.116056246763,0.020384523716261562,18.48593759335745,4,ARHGDIG,9.860358667344904,45.168051665121546,-4450.362373431816,-5.399768311481687,0.11478844898032056,SE,4221,1.0673998785645974e-05,0.020231504993170515,0.024791240692138672,0.23881080900570145,0.7611891837001152,7.293486655389436e-09,1.711625590616883e-05,6.441601685117302e-05,-4468.848311025174
342,8968.478252560653,0.03768914635662738,34.583891525247054,4,FBXL16,9.860358667344904,23.998017831979084,-4467.543471588761,-4.623153046040823,0.10441149018602307,SE,4221,1.6114016499223397e-05,0.00958243953447126,0.04473400115966797,1.3148590274554022e-10,0.999999999829015,3.864489642596462e-11,4.082708837671589e-09,2.4496253026029535e-08,-4502.127363114008
343,9066.505899131502,0.045856179789345364,57.618040741361256,4,RPS15A,9.860358667344904,19.55655073080438,-4516.557294874186,-3.5487704084519636,0.07601778569921759,SE,4221,1.7582695729460627e-05,0.007297345663597916,0.006571531295776367,3.505996877945944e-06,0.9999964940022962,1.9276354327688116e-25,3.186340080674199e-14,2.9092670301807905e-13,-4574.175335615547
344,7818.106373967085,0.02702510587013534,30.38552638590454,4,CRYM,9.860358667344904,33.8384544600451,-3892.357532291978,-4.406801149656593,0.08383406649572983,SE,4221,9.527830673708084e-06,0.010555797588695163,0.0254824161529541,3.3190175315101604e-08,0.9999999668098104,8.0374805693897e-21,3.5416083954409316e-08,1.8781256642489788e-07,-3922.7430586778823
345,7065.817834685192,0.11955777796127198,179.22274298671982,4,NUPR1,9.860358667344904,6.9214855232934935,-3516.213262651031,-1.3736432983920976,0.05174674680898023,SE,4221,3.255981651182703e-05,0.002641985209918578,0.004778623580932617,6.8510665942806866e-74,1.0,2.3774058710314236e-102,0.0,0.0,-3695.436005637751
346,8696.602279007579,0.020444587528920463,20.52413859342505,4,GNAO1,9.860358667344904,45.03259191715134,-4331.605484812224,-5.340564976952304,0.11202650115565811,SE,4221,9.141028797874358e-06,0.017228481644937038,0.014501094818115234,3.764008963547235e-07,0.999999452258785,1.7133965574768915e-07,5.888397552777924e-06,2.4438013558959764e-05,-4352.129623405649
347,7876.195963998397,0.024413401962528784,32.587165293401995,4,MT1E,9.860358667344904,37.55898198345686,-3921.4023273076336,-1.3977631422460342,0.01708805344409223,SE,4221,8.57418679252929e-06,0.011517666377385377,0.015087366104125977,0.19803278272286792,0.8019637446821261,3.472595068305036e-06,1.1396485755099661e-08,6.265083792070495e-08,-3953.9894926010356
348,8946.431633463995,0.03130025605596894,36.072306539056626,4,NDRG4,9.860358667344904,29.08824926474284,-4456.520162040432,-6.36738345257005,0.17244929910985818,SE,4221,1.2418817030712348e-05,0.010435804653636587,0.015020132064819336,0.0003298328138578099,0.9996701671870286,3.893179868525969e-16,1.9012978969001892e-09,1.1883111855626183e-08,-4492.592468579489
349,7637.860726869053,0.03277988813177612,28.410840197043854,4,RPL13,9.860358667344904,27.73282683366194,-3802.2347087429616,-3.521347091613018,0.060657009151278446,SE,4221,1.652577880417553e-05,0.012737380654016018,0.02403569221496582,1.1096131557251821e-12,0.9999999999990905,1.2245480420824396e-18,9.811438905771297e-08,4.905719452885648e-07,-3830.6455489400055
350,8709.356006236696,0.03518025453647433,50.71935538457274,4,ATP1B2,9.860358667344904,25.776473098315066,-4337.982348426783,-2.190030775480131,0.03623534074508634,SE,4221,1.13683328818402e-05,0.007681185223051581,0.027742862701416016,3.483627151504989e-05,0.9649652025279863,0.0349999612008686,1.0655920590352252e-12,8.476300469598383e-12,-4388.701703811355
351,8904.650616828229,0.01843871416574852,16.813898552323735,4,VAMP2,9.860358667344904,50.033752674545255,-4435.629653722549,-6.388985285034247,0.15245252507832416,SE,4221,8.839712014613713e-06,0.020315463813014974,0.013657331466674805,0.23226185912853323,0.7676161617442514,0.00012197912755090676,4.123022549629152e-05,0.0001472508053438983,-4452.443552274873
352,8763.245858316986,0.021654555885923434,20.439800045231095,4,RPL26,9.860358667344904,42.4638370201694,-4364.927274466928,-4.498439494644505,0.0839652808684783,SE,4221,9.03994427456189e-06,0.01526226222658675,0.014580488204956055,0.00011521641517183963,0.9996664649257062,0.00021831865865897074,6.1536642645965145e-06,2.5438375896954096e-05,-4385.367074512159
353,7636.154542227337,0.015826130602433493,16.89665641088186,4,UBB,9.860358667344904,58.448500421365935,-3801.3816164221034,-6.791736920637063,0.16225697996010363,SE,4221,6.900079693562738e-06,0.021296493740001952,0.014098167419433594,0.034806477218466504,0.9651882377552828,5.28502639053484e-06,3.947104928769818e-05,0.00014144915273748494,-3818.2782728329853
354,9091.76174019424,0.018213892605308243,18.97928679303095,4,ALDOC,9.860358667344904,50.662941271158,-4529.185215405555,-4.8272674302704885,0.09119165919074643,SE,4221,6.9011415152019214e-06,0.01623924910866923,0.023678302764892578,2.690764313943563e-05,0.9999730923573608,1.3811998245887886e-13,1.3214521883186947e-05,5.138980732350479e-05,-4548.164502198586
355,8440.604551410384,0.041219874326693225,54.65703551158731,4,RPL19,9.860358667344904,21.86193749504668,-4203.606621013627,-3.8390847777912405,0.07823343236606797,SE,4221,1.574208465364773e-05,0.007937676168556236,0.00637054443359375,0.025313848655907734,0.9746861513448225,1.7782630976488866e-16,1.4355183708403274e-13,1.235487122444544e-12,-4258.263656525214
356,8857.272879179474,0.3041135667499226,391.11498918553207,4,KRT19,9.860358667344904,2.1506951884182217,-4411.940784898172,-1.9552067016718677,0.22730646953876832,SE,4221,8.779207127809262e-05,0.0021468206746315913,0.004720926284790039,8.98507979789898e-199,1.0,1.9661055410967543e-264,0.0,0.0,-4803.055774083704
357,7080.2914525332735,0.0342912617670229,26.31633420284288,4,BAIAP2,9.860358667344904,26.469088387813258,-3523.450071575072,-3.138892807670501,0.04999759406748101,SE,4221,1.9175087990153224e-05,0.013587729014254295,0.02534937858581543,6.036229598221438e-11,0.9999999999399735,5.853145203514966e-20,2.8982707223068616e-07,1.3525263370765355e-06,-3549.7664057779148
358,8021.134298685886,0.030759763677963726,35.86409818467382,4,ACTG1,9.860358667344904,29.615885943040183,-3993.8714946513783,-5.754881135206669,0.140074455642856,SE,4221,1.1973518370583852e-05,0.01039560200779478,0.0143585205078125,2.81089722507673e-09,0.9999993956291299,6.015601982864437e-07,2.1157154916906507e-09,1.3067654507501078e-08,-4029.735592836052
359,8577.659644137095,0.031340983882802785,34.96746424817684,4,FKBP1A,9.860358667344904,29.049227490715815,-4272.134167376982,-4.808118365516312,0.10403791861287151,SE,4221,1.234333610044084e-05,0.010347136611930777,0.01435232162475586,1.3580276203232016e-20,1.0,3.877723599544854e-17,3.352608080042785e-09,2.0348199329739446e-08,-4307.101631625159
360,9100.121050054142,0.01611844779135265,15.739436129571914,4,NORAD,9.860358667344904,57.371458320367466,-4533.364870335506,-6.859600132503965,0.1687134961643183,SE,4221,8.260088237875476e-06,0.024607203339012264,0.014383792877197266,0.0027558330723116416,0.8035569409950837,0.1936872259328408,7.269274224819267e-05,0.00025107690579145495,-4549.104306465078
361,6758.611294721063,0.026220424178449032,25.539839241022946,4,GNAS,9.860358667344904,34.90577112793614,-3362.6099926689667,-7.033627687849314,0.19328179875977583,SE,4221,1.1397717520318083e-05,0.013370670274561606,0.02440667152404785,9.247617459069479e-09,0.999999990741344,1.1107787681198251e-11,4.333420707824942e-07,1.969736685374974e-06,-3388.1498319099896
362,7190.81187047985,0.017872283020560993,16.322262042369857,4,TGFBR3L,9.860358667344904,51.649274197661455,-3578.71028054836,-3.193826988465477,0.04160957634384173,SE,4221,8.65818258877148e-06,0.02113052408232568,0.02250504493713379,0.009017164049516047,0.9804863334378995,0.010496502512702774,5.343253128953229e-05,0.0001876393239264512,-3595.03254259073
363,8917.200535395297,0.034976973572017386,29.49967723613736,4,CTXN1,9.860358667344904,25.931744614889016,-4441.904613006083,-5.6916759902539535,0.14496970539512188,SE,4221,1.3491459799315982e-05,0.009214439171393179,0.015294551849365234,1.7985556702755642e-05,0.9999820144438102,5.717792323134923e-22,5.5926015263274564e-08,2.864503220801868e-07,-4471.404290242221
364,8432.83506060251,0.025567368918638714,23.46120905308908,4,MAST3,9.860358667344904,35.821359922743014,-4199.72187560969,-4.436710411771358,0.08514940302995078,SE,4221,1.0612208227017185e-05,0.013058625369903154,0.01442408561706543,2.454901993826235e-13,1.0,1.845788715715452e-13,1.2745792900004105e-06,5.5996161276168664e-06,-4223.183084662779
365,8659.901938296458,0.029980725591156224,25.801587108931926,4,TMEM59L,9.860358667344904,30.409866459321233,-4313.255314456664,-7.187858403329764,0.2122216663509153,SE,4221,1.7103472467272867e-05,0.015582139076852734,0.024002790451049805,1.2277804178457325e-09,0.9999999547817435,4.398968765909955e-08,3.783772063448154e-07,1.727374202878505e-06,-4339.056901565596
366,7917.676069780929,0.03044248748823948,41.12967449218331,4,YJEFN3,9.860358667344904,29.934342825404183,-3942.1423801988994,-3.6606587999350646,0.06384339009031599,SE,4221,9.43024277373744e-06,0.008348336221329317,0.012337207794189453,1.3958972448166287e-15,1.0,5.112035469024339e-16,1.4245704615944987e-10,9.905953540888899e-10,-3983.2720546910828
367,7844.161529349399,0.043254570743249635,77.42995666179013,4,SCN1B,9.860358667344904,20.78933886239943,-3905.3851099831345,-3.8452660856275607,0.07709956806428293,SE,4221,9.876704756511765e-06,0.00455954219131965,0.006293296813964844,2.971300731188517e-20,1.0,8.122593490088043e-56,0.0,0.0,-3982.8150666449246
368,8788.943644066145,0.049996598826135254,72.23623198544465,4,APLP1,9.860358667344904,17.859158333188297,-4377.776167341507,-5.96662723872704,0.17136187680977114,SE,4221,1.3271224923911956e-05,0.004710290210900212,0.006266117095947266,4.394190497576531e-37,1.0,1.3549960306396154e-47,0.0,0.0,-4450.012399326952
369,9407.87934501065,0.044026245478549206,97.61145275080617,4,APOE,9.860358667344904,20.408477503181643,-4687.2440178137595,-1.8484258563012688,0.03973542981724348,SE,4221,8.273275341818237e-06,0.0036979741592189663,0.0046443939208984375,3.448777582556343e-16,1.0,2.504130622356583e-59,0.0,0.0,-4784.855470564566
370,7056.666920982821,0.048189273849267356,60.26434935182351,4,FTL,9.860358667344904,18.56421122118885,-3511.6378057998454,-3.2130547515045405,0.05842542902968438,SE,4221,1.9489502042799815e-05,0.0073927024357521845,0.0063707828521728516,5.261510707295414e-14,1.0,1.9077366004399884e-49,8.326672684688674e-15,8.021106714608356e-14,-3571.902155151669
371,8719.394770464078,0.03360624386763168,29.520537922881886,4,RPL13A,9.860358667344904,27.02778336652142,-4343.001730540474,-3.3378438238603336,0.060034296095072645,SE,4221,2.092591670540646e-05,0.015396549842004037,0.02399134635925293,0.00010044264351229266,0.9998995573557354,5.809223437469692e-17,5.532730462665114e-08,2.8477289146070443e-07,-4372.522268463355
372,8041.399747915863,0.06309517682145198,109.3162014530426,4,YWHAH,9.860358667344904,13.956470485284967,-4004.004219266367,-8.621413665141958,0.3394916011708555,SE,4221,1.939233929018405e-05,0.004550667805874359,0.004690647125244141,4.398988644971977e-18,1.0,1.391369092141762e-87,0.0,0.0,-4113.320420719409
373,9006.94459388904,0.06197751428172786,101.34231900649684,4,LGALS1,9.860358667344904,14.225101818676935,-4486.776642252955,-4.080711289319526,0.10353472521341907,SE,4221,1.4433508207387484e-05,0.0034949259446360845,0.00457000732421875,3.794911978284244e-43,1.0,5.141481923920076e-65,0.0,0.0,-4588.118961259452
374,8638.377766429585,0.018348000828994498,19.590323911636915,4,APP,9.860358667344904,50.28576863591691,-4302.493228523227,-7.52631505656622,0.2070614372131594,SE,4221,7.602715829306244e-06,0.017639246463648763,0.024623632431030273,1.5427350816415112e-06,0.9999857063870152,1.2750877301744258e-05,9.595392921002421e-06,3.816349457216872e-05,-4322.083552434864
375,8854.580942849261,0.007902113131415166,6.475716169898988,4,GNB1,19.054372018208795,102.15652105768979,-4410.594816733065,-4.717230568879055,0.03296644510348473,SE,4221,1.5057893296387504e-05,0.18043013819152046,0.01308131217956543,0.015421190813933684,0.9748142358748003,0.009764573310880839,0.01093582392882353,0.02392211484430147,-4417.070532902964
376,7788.867190981086,0.009568339739449254,8.767302209161244,4,GABRD,19.054372018208795,84.22533370787325,-3877.7379407989783,-3.8523291397059785,0.02389482745989343,SE,4221,1.5109298044797562e-05,0.1243347708710894,0.011694192886352539,0.28205699204179074,0.7163058603323946,0.0016371476261845725,0.0030667872525553808,0.007612592470882151,-3886.5052430081396
377,8848.605281969372,0.01766274986106575,11.878124286973616,4,CLSTN1,19.054372018208795,45.25401403946615,-4407.606986293121,-7.0292504526774096,0.0814432229568598,SE,4221,5.7973368256828815e-05,0.14473817520217755,0.010616302490234375,0.00016046889773281445,0.9998351870679695,4.344033421836727e-06,0.0005679711283210764,0.0016565824576031396,-4419.485110580094
378,8594.250350287588,0.017044434137568298,11.38199441665438,4,PINK1,19.054372018208795,46.92519776415537,-4280.429520452229,-4.544478076807769,0.03899217220322726,SE,4221,7.062566045941312e-05,0.18887268142921998,0.021089553833007812,0.0004462614384910447,0.9992673646412642,0.00028637391933530626,0.0007415944930834195,0.0021275251850753837,-4291.811514868883
379,9151.591872873498,0.08601215476222016,52.095490152170896,4,MARCKSL1,19.054372018208795,8.646401644265739,-4559.100281745184,-1.795456172900598,0.06326554210719092,SE,4221,0.00021364935516648682,0.029488067724319052,0.004558086395263672,0.0006621840488213985,0.9993378159503135,2.1433673999551486e-32,5.286882043264995e-13,4.303276081727322e-12,-4611.1957718973545
380,8771.51452205686,0.006846999731260011,5.12983124726361,4,NDUFS5,19.054372018208795,118.0240901438805,-4369.061606336864,-5.879489163780533,0.046777907329303835,SE,4221,1.4185867765882416e-05,0.22541891947115214,0.012505531311035156,0.06178684323906152,0.560622758340083,0.37759039842032305,0.023518014121413522,0.04694660613590152,-4374.191437584128
381,8248.411722779736,0.04034345599062814,76.50995975774913,4,RPS8,19.054372018208795,19.355194647079145,-4107.510206698303,-4.191657585096597,0.04856024629415618,SE,4221,3.682265709505287e-05,0.019314849430864558,0.004004001617431641,0.11147956116587639,0.8885204388333332,9.310236849602281e-23,0.0,0.0,-4184.020166456052
382,7159.110689831675,0.01123555991569781,16.985118545672776,4,EPS15,19.054372018208795,71.60658002351481,-3562.8596902242725,-2.9898668071850705,0.016480894486256868,SE,4221,9.873851015477386e-06,0.05933420347154869,0.010186433792114258,0.05382191797341509,0.5957858570476832,0.3503922249789639,3.767394873310792e-05,0.0001364056764474597,-3579.8448087699453
383,7953.830560857302,0.010629968119506426,14.818731661442143,4,DNAJC6,19.054372018208795,75.73237947885328,-3960.219625737086,-4.409197876104742,0.03107257217808106,SE,4221,9.83876066566599e-06,0.06588708318997177,0.010360240936279297,0.4801889175130396,0.5107020324513213,0.009109050035235962,0.00011835407444327206,0.0003920245367994816,-3975.038357398528
384,7232.233065029172,0.0165992941792342,19.64962476540768,4,SORT1,19.054372018208795,48.205401778048895,-3599.4208778230213,-2.8061326858196756,0.01787843705350515,SE,4221,1.5841287922542328e-05,0.04458524086370415,0.04779314994812012,0.48165691545888695,0.5183428022678718,2.8227347110562886e-07,9.302157686241763e-06,3.7137891903246585e-05,-3619.070502588429
385,8256.711767704208,0.015843399701508876,16.15168725696003,4,SV2A,19.054372018208795,50.544120460697336,-4111.660229160539,-4.952791297707408,0.042873861042849036,SE,4221,1.783486909729443e-05,0.054929723640634635,0.022754907608032227,0.03462863042431286,0.9653713694793287,9.564775608667397e-11,5.846646420970547e-05,0.00020395278212687954,-4127.811916417499
386,8493.919554089563,0.05111347087510248,54.70237671999348,4,RPS27,19.054372018208795,15.105451867411354,-4230.264122353216,-3.250940295119963,0.0453888463543166,SE,4221,7.215541439627853e-05,0.02461148012544357,0.003992557525634766,0.001919584402955109,0.9980804155972718,5.688082844464403e-28,1.4022116801015727e-13,1.2167952595922739e-12,-4284.96649907321
387,9166.435914949276,0.03829819490581653,70.61278520518681,4,C1orf61,19.054372018208795,20.43228506952486,-4566.5223027830725,-3.288915607507397,0.04159485155845432,SE,4221,4.918934292874128e-05,0.02839748385126114,0.004170894622802734,2.3176310858161025e-07,0.9999997617706242,6.465617612213665e-09,0.0,0.0,-4637.135087988259
388,9010.196748325714,0.03049077674953022,14.292562110841573,4,PEA15,19.054372018208795,25.872492511061335,-4488.402719471292,-4.442726124192019,0.04898324454153549,SE,4221,0.00011449184488196318,0.10105542221508534,0.02071070671081543,0.0024111278085779024,0.9975888705693299,1.6220187727557653e-09,0.00015648197156270527,0.0005024650463022647,-4502.695281582133
389,9043.301482417774,0.00851411208139588,7.5607994806196075,4,MGST3,19.054372018208795,94.7549675348261,-4504.955086517321,-5.265926712764586,0.0410094021700197,SE,4221,1.4569025079985197e-05,0.15075857137007717,0.009251117706298828,0.2781458097482077,0.6043033119101396,0.11755087834154629,0.005965152370161375,0.013918688863709876,-4512.515885997941
390,7272.120628619271,0.01715774221403869,18.3889184438749,4,KIFAP3,19.054372018208795,46.60993480044052,-3619.3646596180706,-3.4126748312919717,0.023623288196863823,SE,4221,2.2205022053170662e-05,0.058627888343142476,0.01231527328491211,0.005517525592819908,0.9943224961722377,0.00015997823528909723,1.801023695324755e-05,6.753838857467831e-05,-3637.7535780619455
391,9287.401224356534,0.050098299050837694,99.07326919386742,4,GLUL,19.054372018208795,15.428030810675043,-4627.004957486702,-2.8071165048353603,0.04621863508586042,SE,4221,9.490491694551368e-05,0.03356104095915195,0.004548072814941406,0.009252096170819249,0.9906689224753598,7.898135322333544e-05,0.0,0.0,-4726.078226680569
392,7232.750918563833,0.017379482008576284,11.454977687611972,4,ZBTB18,19.054372018208795,46.00487055953454,-3599.6798045903515,-3.2820338971656633,0.02242031897954512,SE,4221,3.739271755748115e-05,0.09631213117519244,0.012042760848999023,3.9600044980451e-05,0.9990272573487167,0.0009331426059520197,0.0007130274522133551,0.002056809958307755,-3611.1347822779635
393,8436.027740676003,0.006715168161339331,9.085290544979216,4,KIF3C,19.054372018208795,120.35710247014542,-4201.318215646436,-4.153491205324959,0.0248547545180288,SE,4221,6.352296414245323e-06,0.10488538163063807,0.010090351104736328,0.22003854519797528,0.7574354069748387,0.022526047827954726,0.0025767354342768334,0.006488182748179077,-4210.4035061914155
394,7117.494560761895,0.04449311749588606,52.21645695896859,4,CALM2,19.054372018208795,17.474139406463078,-3542.0516256893825,-8.033136423495883,0.12003295074267568,SE,4221,0.00011992413469544689,0.05258219972144211,0.004561901092529297,6.42581699073126e-07,0.9999993574185528,1.7311187858841358e-18,4.970468481246826e-13,4.077337426022787e-12,-3594.268082648351
395,8656.819977621508,0.07158244207148819,11.085401080711563,4,RTN4,19.054372018208795,10.553381734416982,-4311.714334119189,-7.280797648450728,0.12969329625180606,SE,4221,0.0004046415774308659,0.07625800233720428,0.011542797088623047,0.013999049818511647,0.9859999714008295,9.787814621296877e-07,0.0008701000148078064,0.0024493432052230474,-4322.7997351999
396,8429.788419636645,0.0052822532327237255,5.110102471740902,4,DCTN1,19.054372018208795,153.22705750817974,-4198.198555126757,-4.693115708512848,0.02862892762185869,SE,4221,9.02616587221466e-06,0.2394328325377506,0.012094974517822266,0.22959609566706224,0.6362057088508993,0.1341981954827893,0.023786915231491568,0.0473932846168238,-4203.308657598498
397,6381.580442862035,0.14259427069747554,382.92290908327914,4,TMSB10,19.054372018208795,4.8925933183937325,-3174.0945667394526,-7.253048560153207,0.14428027310541147,SE,4221,0.0001491348894495693,0.009270022454017252,0.005200624465942383,1.6060228770862136e-12,0.999999999998181,7.98342133248546e-91,0.0,0.0,-3557.0174758227317
398,8887.232221533683,0.013401888985807579,22.501884536785838,4,DBI,19.054372018208795,59.90031089416556,-4426.920456075276,-2.1260517268470833,0.014183825874033064,SE,4221,1.3731555717543866e-05,0.05851513905939416,0.009148120880126953,0.14737007324262258,0.8428684357896938,0.009761490967183789,2.0993753412357208e-06,8.997322891010232e-06,-4449.422340612062
399,6900.911378480686,0.011935807051589932,8.35333553199689,4,SCN2A,19.054372018208795,67.35784502134291,-3433.760034548778,-3.418518593331187,0.020337241800628306,SE,4221,2.9851041291930805e-05,0.15941039791628175,0.010332345962524414,0.20492617318934053,0.7948875510285965,0.0001862757823833707,0.0038497995957151865,0.009422586423079127,-3442.113370080775
400,9073.33738841581,0.011110177612710114,8.469458489596036,4,ATP5MC3,19.054372018208795,72.4238684212787,-4519.97303951634,-5.412041914588994,0.046364284172138975,SE,4221,2.0704388168685634e-05,0.1271756521890677,0.012543201446533203,0.12288993487790502,0.8769471502447892,0.00016291487784378912,0.0036115893007145905,0.008860207396612897,-4528.442498005936
401,7453.546385994864,0.01601191565606577,11.185517669834098,4,RPL37A,19.054372018208795,50.00360992314424,-3710.077538305867,-4.74881859009888,0.038783450600678414,SE,4221,3.0295518879828885e-05,0.09141682529619363,0.012156009674072266,0.0035579766705790957,0.996378337589669,6.368573945634723e-05,0.0008243825281751826,0.002339463931307951,-3721.2630559757013
402,7379.825845735476,0.07508762229470131,131.72757257619742,4,SERPINE2,19.054372018208795,10.022753563425495,-3673.217268176173,-2.570318744430775,0.04378061390797143,SE,4221,0.00012258165618829738,0.021282866962806252,0.00464177131652832,9.034666197783478e-09,0.9999999909650797,9.162031103250152e-14,0.0,0.0,-3804.9448407523705
403,9335.292340874574,0.034780635211187814,37.3296656980101,4,PTMA,19.054372018208795,22.581008279157412,-4650.9505157457215,-3.9722717491078354,0.04769918719523778,SE,4221,3.414847181222097e-05,0.023568272103262514,0.004708528518676758,0.0004750264026393037,0.9995249735982218,4.1553684175094846e-19,9.975558157293563e-10,6.4656395463939755e-09,-4688.280181443732
404,8426.339641116545,0.039131282905295536,40.38869016368426,4,SYN2,19.054372018208795,19.97996766382005,-4196.474165866707,-4.5228130848530075,0.0532243566124818,SE,4221,5.080231275530073e-05,0.028187103188546187,0.0045506954193115234,1.1093831428797125e-05,0.9999889061688562,4.840808387078388e-20,2.0814250323297756e-10,1.4284289437557284e-09,-4236.862856030391
405,7288.374026141234,0.04281436347925306,41.50329490943432,4,RPL32,19.054372018208795,18.191206097977798,-3627.491358379052,-4.079567246340249,0.04404621705234532,SE,4221,5.716712610640985e-05,0.02688918844895817,0.004683732986450195,1.5269387334646427e-09,0.9999999984729585,3.3975842139547105e-19,1.1767242735771788e-10,8.29235226346334e-10,-3668.9946532884865
406,7624.688576414373,0.008707448717177043,6.845885415702924,4,CADM2,19.054372018208795,92.63300026001276,-3795.6486335156214,-3.4012086543704942,0.018797898284019513,SE,4221,1.635535743058707e-05,0.16194048555421023,0.010883808135986328,0.032179618268594216,0.8898269317347984,0.07799344999690867,0.008884565536110278,0.020018870843166937,-3802.4945189313244
407,8420.216427482548,0.010387735957479908,9.303333829676376,4,RAB6B,19.054372018208795,77.51736112353845,-4193.412559049709,-5.30862154696007,0.04310516179591655,SE,4221,1.83448870953097e-05,0.12851777188545263,0.010284185409545898,0.07424398344640386,0.9255855093465316,0.0001705072073096442,0.0022873723638744403,0.005886620054088632,-4202.715892879385
408,8658.22431621026,0.028579026112725683,52.4137896520142,4,SERPINI1,19.054372018208795,27.657623721882704,-4312.416503413565,-7.083876868161803,0.09240583771990919,SE,4221,2.628962883614856e-05,0.02620926013831445,0.004634857177734375,0.0020575709541724436,0.9979424290456935,8.40432721036571e-26,4.495293026707259e-13,3.746077522256049e-12,-4364.830293065579
409,8674.218810608707,0.016617276628907933,19.770439875985176,4,AP2M1,19.054372018208795,48.152355588213595,-4320.413750612788,-6.944727772696908,0.07819717209576653,SE,4221,1.8489795275112635e-05,0.05193071178072666,0.012104272842407227,0.03929618225388724,0.9607038175677907,1.7744124690818043e-10,8.732279864087644e-06,3.512986152219167e-05,-4340.184190488773
410,8604.513732177078,0.029490806084633094,34.71580669045488,4,RPL35A,19.054372018208795,26.777364076391518,-4285.561211396974,-4.419071003177686,0.046263580556693565,SE,4221,3.3983582703365184e-05,0.031934700726205016,0.004519462585449219,2.4770285835184547e-05,0.9999752297147257,8.666594128090007e-14,3.815212146207614e-09,2.3022831916770082e-08,-4320.277018087429
411,8539.14278844489,0.025486845619978354,37.290989826296936,4,CPLX1,19.054372018208795,31.111892566005555,-4252.875739530879,-4.750855100521944,0.04786797490085537,SE,4221,3.013972801561493e-05,0.03731031894170983,0.004643440246582031,0.1956700900800924,0.8043299099206445,6.534964625103083e-17,1.0175363884812327e-09,6.554682257087696e-09,-4290.166729357176
412,7762.63606600038,0.0735868034020163,113.96409412157846,4,UCHL1,19.054372018208795,10.243765032386404,-3864.6223783086252,-8.76490937651004,0.16223781840304513,SE,4221,0.0001137701124328371,0.02044748043437213,0.00427556037902832,0.001976210623483874,0.9980237893767767,1.4147494620164823e-57,0.0,0.0,-3978.5864724302037
413,8880.60180225323,0.03120134055166741,52.393112706524334,4,CCNI,19.054372018208795,25.264754848878916,-4423.60524643505,-4.45474291320357,0.04908533038412977,SE,4221,3.58723746466999e-05,0.030323667236448117,0.004611968994140625,2.725727303919455e-06,0.9999972742717405,1.4028302094020453e-13,4.5430326167661406e-13,3.756050588664919e-12,-4475.998359141574
414,8682.365283421976,0.04789132329762994,74.66007186393017,4,SNCA,19.054372018208795,16.1764976377851,-4324.4869870194225,-5.657859912159546,0.07884233348529918,SE,4221,6.412593353544198e-05,0.024598541242383,0.004054069519042969,0.008773967387640023,0.9912260326124112,3.0482918065049136e-22,0.0,0.0,-4399.147058883353
415,8123.524000112276,0.040655411739657143,36.02507255124692,4,RPL37,19.054372018208795,19.200435494159503,-4045.066345364573,-4.283305329628338,0.04935310486484565,SE,4221,6.508672632416648e-05,0.033660457616802426,0.0046558380126953125,0.4342656687813805,0.5657343312184512,1.0630331810374463e-19,1.947948469194216e-09,1.2102638418070574e-08,-4081.09141791582
416,8839.909034257817,0.00782169176043789,8.811374778820209,4,UQCRQ,19.054372018208795,103.21524405126222,-4403.258862437343,-5.755891535545947,0.046685033966331134,SE,4221,1.1108504658947495e-05,0.13581292467036765,0.010819435119628906,0.16258847028811882,0.6573497466932942,0.180061783018206,0.0029935839174617396,0.007448490789892954,-4412.070237216163
417,8890.662555655505,0.014655665685191471,11.525074464389945,4,NDFIP1,19.054372018208795,54.70629299711401,-4428.635623136187,-6.102679230113855,0.060963122159342346,SE,4221,3.606845091741779e-05,0.12919154059164165,0.011825323104858398,0.10669242387824772,0.8933072080642919,3.680571601524506e-07,0.0006866370050669923,0.001991626672155641,-4440.160697600577
418,7086.308685532765,0.02384391462614755,11.456316455090018,4,SYNPO,19.054372018208795,33.31167884663762,-3526.4586880748175,-2.588529409634067,0.019251441671902906,SE,4221,0.00013113412482205513,0.18423973113591177,0.00948786735534668,4.102385487633279e-05,0.9074023693821112,0.09255660676282543,0.0007125139488863841,0.002056809958307755,-3537.9150045299075
419,8241.612360180667,0.026065858450680462,35.49772418317025,4,ANXA6,19.054372018208795,30.402715177917834,-4104.110525398768,-4.7195437823578335,0.04685380663693874,SE,4221,3.403951733640824e-05,0.04038143127998777,0.004975795745849609,7.844314514154781e-05,0.9999215568523182,3.398138310725041e-12,2.5534874215082937e-09,1.562152723069505e-08,-4139.608249581938
420,8442.451799157801,0.02404090299926173,30.090906348873432,4,GABRA1,19.054372018208795,33.032059592993704,-4204.530244887335,-5.289226594059973,0.05460432760103618,SE,4221,2.2304875595786325e-05,0.03085096850400153,0.005213260650634766,0.008240395598477635,0.9917596044016613,6.653491155695519e-23,4.1225986735504705e-08,2.153596322003977e-07,-4234.621151236209
421,8680.082250209478,0.05150239578312589,12.705704413706371,4,CPLX2,19.054372018208795,14.985237115126584,-4323.345470413174,-3.805327579949642,0.05320017905558668,SE,4221,0.0002705648096064849,0.09103844309011204,0.011667013168334961,0.0024719934484016084,0.997527967794144,3.875759456053027e-08,0.0003645418421381885,0.0011030805021472563,-4336.05117482688
422,7557.56765883155,0.013713006370313629,12.488714886668276,4,PHACTR1,19.054372018208795,58.5228464474345,-3762.08817472421,-3.3443888502899908,0.021474057852433334,SE,4221,1.8186223449919387e-05,0.07411619483064523,0.016278743743896484,0.05853462928144354,0.9414517842868826,1.3586431339500569e-05,0.0004094177414355471,0.0012317725745195542,-3774.5768896108784
423,9015.687553528975,0.026660047563927265,36.96430942457664,4,TUBB,19.054372018208795,29.706975853767815,-4491.148122072922,-5.402669211823318,0.06042115267767341,SE,4221,3.708192349992679e-05,0.04215309709643529,0.0046575069427490234,0.017059080738754985,0.9829408182320419,1.0102837202330838e-07,1.203114829984031e-09,7.656185281716561e-09,-4528.112431497499
424,7840.111541922616,0.02965165024206149,59.04997815027173,4,HSP90AB1,19.054372018208795,26.62769758046617,-3903.3601162697432,-7.453440460365262,0.09854655671533079,SE,4221,3.1166104502795895e-05,0.028989063111494122,0.0039196014404296875,6.609266855332448e-05,0.9999338845120568,2.2819217798178417e-08,1.532107773982716e-14,1.449291137551218e-13,-3962.410094420015
425,8730.827207250873,0.012967405788974639,10.964353462050894,4,SNX3,19.054372018208795,61.934581297920445,-4348.717948933871,-4.929221004356809,0.040918739179909035,SE,4221,4.797376182918712e-05,0.21797271784474406,0.015566587448120117,0.00011053254603760908,0.9961800103373021,0.003709457116918653,0.0009288134779857904,0.0025857372768004236,-4359.682302395922
426,7815.949914172091,0.0556092755909693,83.97726717797786,4,GJA1,19.054372018208795,13.818448625039679,-3891.2793023944805,-1.1453624510647034,0.02857542995225729,SE,4221,7.367687661308921e-05,0.021611911735495034,0.004042387008666992,1.5794355646907354e-09,0.9999999984202078,3.9652922377807294e-38,0.0,0.0,-3975.2565695724584
427,8839.38875308189,0.012462114090863483,12.806698793682699,4,PRKAR1B,19.054372018208795,64.47878658948052,-4402.99872184938,-6.340332519523569,0.06244944409752302,SE,4221,2.0625533843145247e-05,0.10125662368239016,0.008611679077148438,0.011769656247263689,0.9875908060998712,0.000639537653071264,0.0003453804600970223,0.0010506284178788284,-4415.8054206430625
428,8816.729981154502,0.014701188259295265,21.633513393485373,4,SEPT7,19.054372018208795,54.534374092304525,-4391.6693358856855,-5.151869640038102,0.04582973850031108,SE,4221,1.2600759464499832e-05,0.04486324676297047,0.012553691864013672,0.008946698703278267,0.9909337019317298,0.00011959936581323993,3.300345563506113e-06,1.3973237264844429e-05,-4413.302849279171
429,7733.706922102073,0.02539534475349005,19.04268834945333,4,STX1A,19.054372018208795,31.226922221328206,-3850.1578063594716,-3.868488634548315,0.03397239046551882,SE,4221,5.160828906981103e-05,0.06432380253146497,0.01030731201171875,0.001252382068221147,0.9987128221414973,3.479579043483264e-05,1.2782660475330054e-05,4.9895143119318055e-05,-3869.200494708925
430,9437.60557292264,0.06319391595678087,63.37277567033834,4,GPM6B,19.054372018208795,12.062275607791397,-4702.107131769754,-2.551747403782553,0.055108568272847096,SE,4221,0.00012983378122841907,0.030383824895609875,0.004625797271728516,0.11982448457424102,0.8801755154262813,4.001577242086651e-49,1.6653345369377348e-15,1.6653345369377348e-14,-4765.479907440093
431,8717.51818848549,0.017778277549508916,24.703192623189352,4,SYN1,19.054372018208795,44.954654641848464,-4342.06343955118,-5.622954796710032,0.055636340378791053,SE,4221,2.1248479284021204e-05,0.05238717999582002,0.012391328811645508,5.0135959114453664e-05,0.9999497670153454,9.702617864353078e-08,6.687330494914434e-07,3.0007252220769895e-06,-4366.766632174369
432,7718.50789891946,0.06179865247550126,76.16417183768408,4,PCSK1N,19.054372018208795,12.352983462889535,-3842.558294768165,-5.423754830439968,0.07686883011929671,SE,4221,0.00010544941914284963,0.025663499155413664,0.004653453826904297,0.0047564471669675175,0.9952368179027196,6.73493043933759e-06,0.0,0.0,-3918.722466605849
433,8755.096120859029,0.024169801537865417,57.811040811652674,4,SYP,19.054372018208795,32.85155886990625,-4360.852405737949,-6.664343926732524,0.0802202597212726,SE,4221,1.421311636263485e-05,0.019459930174304356,0.00406956672668457,2.9003510091792207e-05,0.9999709964890513,1.6542226135071256e-28,2.886579864025407e-14,2.6586919800234014e-13,-4418.663446549602
434,7241.021674435006,0.01838813014825335,14.20862418034676,4,NAP1L2,19.054372018208795,43.436722207430826,-3603.8151825259383,-3.518179149228858,0.025274055548010196,SE,4221,3.275871163907524e-05,0.07568533260663303,0.010297536849975586,0.4404208635175649,0.5595791354062277,1.0761573909969558e-09,0.00016361890565530501,0.0005206056089032432,-3618.023806706285
435,8863.736407097487,0.012028185888782685,14.82319379636283,4,PGK1,19.054372018208795,66.83427426244752,-4415.172548857178,-4.935645320313576,0.04032047331392435,SE,4221,1.4240831876635304e-05,0.07491366305347179,0.011798858642578125,0.00044385994400153705,0.9995245106127123,3.162944407624269e-05,0.00011807438022126693,0.0003920245367994816,-4429.995742653541
436,9706.155235511907,0.3698194651608717,917.995603416939,4,PLP1,19.054372018208795,1.3865324281432336,-4836.381963064388,-1.602686938026772,0.41100961100493083,SE,4221,0.0002654429489483904,0.005556888698361332,0.0039157867431640625,1.096882477383248e-22,1.0,3.948491044393095e-259,0.0,0.0,-5754.377566481327
437,8638.656128620683,0.018206114654628597,18.96518753087821,4,RTL8C,19.054372018208795,43.87911529092185,-4302.632409618776,-5.439384637982329,0.0528932090889143,SE,4221,2.6575112745141286e-05,0.0625860158097073,0.017206668853759766,7.827323163621558e-05,0.9999217267689928,1.4206252354900545e-13,1.3312533877485322e-05,5.1579928307599954e-05,-4321.597597149655
438,8858.687370455747,0.039439696693773,16.777262275209978,4,IDS,19.054372018208795,19.817363768077406,-4412.648030536308,-5.433316313067658,0.06993431343952942,SE,4221,0.00012522427864698686,0.0684814466211614,0.010249853134155273,0.00013841234236615038,0.9998244909078065,3.7096749977472735e-05,4.203396775959156e-05,0.0001496124276188852,-4429.425292811518
439,8129.409459135938,0.05150284730275195,83.65618572436415,4,RPL10,19.054372018208795,14.985098607791304,-4048.009074876404,-3.4873201674568954,0.04581367418339747,SE,4221,7.528099972792182e-05,0.025329816925002448,0.004026651382446289,5.28184212327698e-05,0.9999471815788228,1.2659775596064277e-16,0.0,0.0,-4131.665260600768
440,8378.610441389985,0.009374179979491833,5.395082933356207,4,PNMA2,19.054372018208795,85.98667762818323,-4172.609566003427,-4.439542462115612,0.030770194469467882,SE,4221,3.4390674880743786e-05,0.2946099819211445,0.011940956115722656,0.019087379899469965,0.9024303902740116,0.07848222982697452,0.020193565775808997,0.04085403480654999,-4178.004648936783
441,8041.040273005877,0.014001510222004888,9.381045203762369,4,NECAB1,19.054372018208795,57.30020569026069,-4003.8244818113735,-4.726992683854987,0.037949244328510746,SE,4221,4.716152860966412e-05,0.1845818258484813,0.009945154190063477,0.06099989275273692,0.9389719333531871,2.817389416491047e-05,0.0021924051390797006,0.005712221826386316,-4013.205527015136
442,8494.802762218715,0.0068300189969733895,7.361367681632146,4,UQCRB,19.054372018208795,118.31954358788985,-4230.705726417792,-5.811204333787508,0.045509897745819455,SE,4221,1.1867114421185727e-05,0.18949853138242007,0.010985851287841797,0.22587317633450227,0.5689492276608253,0.20517759600409075,0.006664008282597389,0.015353593347854955,-4238.067094099424
443,7382.407843388696,0.008360753446904375,9.56091782307567,4,OXR1,19.054372018208795,96.50795280294582,-3674.508267002783,-3.9057354220629636,0.023080932801235812,SE,4221,9.618751080930008e-06,0.10315322296328584,0.018004417419433594,0.376717460898085,0.6179719384008932,0.005310600700706972,0.0019876370471938465,0.005256974558069367,-3684.069184825859
444,7025.48580240544,0.039340783486405545,77.51197992749621,4,SLC24A2,19.054372018208795,19.86923571232288,-3496.047246511155,-3.043896708742111,0.02980451717239159,SE,4221,3.8969521521734285e-05,0.021410093986663208,0.004050493240356445,0.00012858828410296173,0.9998714116618159,5.404712881388481e-11,0.0,0.0,-3573.5592264386514
445,7972.641802252626,0.008071211675388885,5.718953289710953,4,GABBR2,19.054372018208795,99.99921034115297,-3969.625246434748,-4.502084526146527,0.02974967081104535,SE,4221,1.3122288984195795e-05,0.15082286277954668,0.013875484466552734,0.3824923453085742,0.5906317284243625,0.02687592626693721,0.01678273250809581,0.03496402605853294,-3975.344199724459
446,8158.721521939034,0.03339071055497463,33.00961645623374,4,GSN,19.054372018208795,23.554837723767342,-4062.665106277952,-1.016142572921843,0.01846898391942101,SE,4221,7.000106544561962e-05,0.05212609928920402,0.004789590835571289,0.0006806040465487882,0.9993193959531004,1.0240458189747508e-19,9.17041631520732e-09,5.1217750696636625e-08,-4095.6747227341857
447,9083.126837198226,0.04136479289838885,42.774506853343155,4,RPL12,19.054372018208795,18.85720549099242,-4524.867763907548,-3.167114870852386,0.04200765370133059,SE,4221,6.202018769314578e-05,0.0310718693759117,0.004576206207275391,0.011787629520927271,0.988212370478633,1.3390582220557502e-17,6.142752972948529e-11,4.387680694963235e-10,-4567.642270760891
448,8876.829347074789,0.031213757183271396,15.381140877203507,4,STXBP1,19.054372018208795,25.254381014556962,-4421.719018845829,-6.873917227695238,0.09107763045148122,SE,4221,9.514386602038617e-05,0.08036715012123129,0.010500907897949219,0.00017702732777188452,0.9998229724885169,1.8428930841314573e-10,8.786083546163947e-05,0.00029759315237006917,-4437.100159723032
449,9371.548959923119,0.06807237411578987,110.06712722659995,4,PTGDS,19.054372018208795,11.139510356611058,-4669.078825269994,-1.9660699205890464,0.053740330746182736,SE,4221,7.612347993382442e-05,0.015648251052421056,0.003985166549682617,0.001384056149607385,0.9986159438496961,3.2163391247555965e-86,0.0,0.0,-4779.145952496594
450,8846.620273796354,0.024182743278521063,18.79913802266765,4,GRIN1,19.054372018208795,32.83354243504783,-4406.614482206612,-5.437210339311778,0.05838028773043312,SE,4221,6.7734541549726e-05,0.09264458664571085,0.010915756225585938,0.0002061694134852178,0.9997936280533225,2.025326157350416e-07,1.4523274819544518e-05,5.6064112354859354e-05,-4425.413620229279
451,8483.088601924312,0.007599683908172748,5.656777307098309,4,RPLP2,19.054372018208795,106.25421761496592,-4224.8486462705905,-4.408568775094676,0.028647994013807326,SE,4221,2.1561718785864365e-05,0.27898468488982603,0.012795448303222656,0.08857284661864395,0.7051852844238171,0.20624186895750188,0.01738804421761897,0.036081909937746875,-4230.505423577689
452,8953.589898352273,0.057737161330639775,89.86605893092019,4,CTSD,19.054372018208795,13.27918583837049,-4460.099294484571,-4.695687507321299,0.07178829421757692,SE,4221,8.591429370200535e-05,0.023575048796906944,0.004060029983520508,1.634147372587836e-12,0.999999999998181,1.3035525890287813e-30,0.0,0.0,-4549.965353415491
453,9106.790713262977,0.010885424595359796,13.611437218064566,4,CD81,19.054372018208795,73.93601526867246,-4536.699701939923,-3.4251547503303,0.02253784341914066,SE,4221,1.067910220270744e-05,0.0682692653577542,0.009129524230957031,0.0016414602945484418,0.9983487152187355,9.824487251005476e-06,0.00022481171750687867,0.0007025366172089959,-4550.311139157988
454,8995.453654216757,0.026493682047249032,47.437830371725795,4,MTRNR2L8,19.054372018208795,29.89862852917294,-4481.031172416813,-4.112049467705136,0.04170562303257109,SE,4221,2.335320031068439e-05,0.02686320594452849,0.004538536071777344,0.4034173349231261,0.5965826385179531,2.6559806621232488e-08,5.6776805479330505e-12,4.31997432994906e-11,-4528.469002788539
455,8992.810268419504,0.10279840420276021,18.012870459195256,4,DKK3,19.054372018208795,7.101637128800624,-4479.7094795181865,-5.6439334088984445,0.12182827172843501,SE,4221,0.0004044210361549832,0.041666026338243616,0.004533052444458008,0.0162889104657754,0.983711089533045,9.387559274411936e-13,2.1941648881140807e-05,8.112229339858397e-05,-4497.722349977382
456,8703.863654403634,0.014125008108447907,17.537260326481373,4,GNG3,19.054372018208795,56.79210387030088,-4335.236172510252,-6.521930692265335,0.06741716928114179,SE,4221,1.5824010442487532e-05,0.060885002836042416,0.012403011322021484,0.021404043097286465,0.9785959569007283,2.4176776973640918e-12,2.8173208570958508e-05,0.00010379603157721555,-4352.773432836733
457,8381.188678303613,0.01555040305402534,14.240531706557704,4,FAU,19.054372018208795,51.51179081290882,-4173.898684460241,-4.226739470575252,0.03344290794575068,SE,4221,2.239736228153131e-05,0.0715197428026049,0.009697198867797852,0.2299516393110187,0.7700476888369914,6.718516475825521e-07,0.00016086809325577267,0.0005149740790200039,-4188.139216166799
458,7744.966964206381,0.026922506005281725,14.851959177161461,4,PLEKHB1,19.054372018208795,29.409440240289214,-3855.7878274116256,-1.1540366388795953,0.014276297792087196,SE,4221,0.00010797153440267667,0.12048403861751444,0.010901689529418945,0.1961368719892511,0.8038631275839139,4.2697314367795975e-10,0.0001162872170326068,0.0003883260279891054,-3870.639786588787
459,8015.497830397092,0.014285900325075405,11.166421492646805,4,NCAM1,19.054372018208795,56.14332973638152,-3991.053260506981,-3.1744497922346686,0.02096763864143759,SE,4221,2.4069328160817794e-05,0.09059556739143539,0.011082887649536133,0.1849742690126701,0.815004638285706,2.1092701570998464e-05,0.0008329112690773632,0.002350959227234493,-4002.219681999628
460,9111.862897586314,0.011877970654375007,12.250997146093141,4,RPS25,19.054372018208795,67.6897868691194,-4539.235794101592,-4.191631811964846,0.031336071486239736,SE,4221,1.5516616005374695e-05,0.08365074672255311,0.011388301849365234,0.0028119162609484914,0.9944026814721805,0.0027854022672986435,0.00046500959877193715,0.001383173027508595,-4551.486791247685
461,8299.948865892133,0.021612275978330483,21.3434786056132,4,FEZ1,19.054372018208795,36.83539262153983,-4133.278778254501,-3.1253576152125935,0.02557159999921955,SE,4221,2.8308970730360485e-05,0.04797333931096943,0.010315418243408203,0.07197209287922095,0.927985299549249,4.260757073311175e-05,3.839245203973718e-06,1.6124829856689615e-05,-4154.622256860114
462,7088.193478594839,0.008846093025865738,8.706125449646152,4,NTM,19.054372018208795,91.168415764871,-3527.4010846058545,-2.9961089826689777,0.01506998027400127,SE,4221,1.3019827653252892e-05,0.12497647539959111,0.01308298110961914,0.02498941140619145,0.9748977700067853,0.00011281858745091291,0.0031714255461557928,0.007853766093074485,-3536.1072100555007
463,7610.366713377872,0.03593714172382695,55.753008578638855,4,PFKP,19.054372018208795,21.828135051153506,-3788.487701997371,-3.7190874929692996,0.0374790378014577,SE,4221,4.1017594259992395e-05,0.02663996560698455,0.0038843154907226562,2.7204729413316524e-06,0.9999972795267866,8.253014933441201e-18,8.215650382226158e-14,7.31053635706565e-13,-3844.24071057601
464,7704.2776701651155,0.009509453048969664,6.613050895945435,4,SPOCK2,19.054372018208795,84.75193247042982,-3835.443180390993,-3.5107762865451333,0.020452476430782286,SE,4221,1.9628460123217186e-05,0.16348994766809802,0.00812530517578125,0.14807987562450325,0.8454851070907534,0.006435017285012177,0.010123407673659268,0.02237805906808891,-3842.0562312869383
465,8162.932718864245,0.01824645441241378,7.591080722516381,4,PPP3CB,19.054372018208795,43.78030723843202,-4064.7707047405574,-4.31795125647927,0.03603805861173479,SE,4221,0.0001151434254670769,0.27001666538589864,0.01149296760559082,0.00172351121990385,0.9972031901395799,0.0010732986408010941,0.005865777528053173,0.01371729711460096,-4072.361785463074
466,7069.596874885853,0.012410979200308083,13.929931964984007,4,CAMK2G,19.054372018208795,64.74780027417972,-3518.1027827513617,-2.8533296157012846,0.015929665787112544,SE,4221,1.6879177091083418e-05,0.08353134351168542,0.011105537414550781,0.031113887764264356,0.8903748840155684,0.07851122822031846,0.00018975259067277594,0.000598318979598843,-3532.0327147163457
467,8199.320635834667,0.030974608958538586,42.58610426756786,4,RPS24,19.054372018208795,25.455646865796528,-4082.964663225768,-3.855270178452882,0.03853248727792969,SE,4221,3.6790800759101204e-05,0.03152812716105158,0.0046367645263671875,0.0018377688367984684,0.998162231162618,3.1215049230909407e-15,6.763822835154087e-11,4.798658092507967e-10,-4125.550767493336
468,8742.601314058578,0.0312754867684244,27.365654018970417,4,PGAM1,19.054372018208795,25.20292951391047,-4354.605002337724,-6.290114679991852,0.0787644965521317,SE,4221,6.439585110832113e-05,0.05419357591109302,0.004854679107666016,9.067979594379499e-08,0.9999999093197445,1.3258197602272208e-14,1.683957090437005e-07,8.110802499811262e-07,-4381.970656356694
469,8303.108655619548,0.013953144015066202,18.109331654076414,4,GOT1,19.054372018208795,57.501647625099764,-4134.858673118209,-4.907107876647598,0.04076307780320838,SE,4221,1.929427817552169e-05,0.07602368278985633,0.011254549026489258,0.1817725137103442,0.8182222204128827,5.265876472381464e-06,2.0857673372010055e-05,7.738712735198076e-05,-4152.968004772285
470,8876.52534195931,0.010193883391084624,9.493812314291063,4,NDUFB8,19.054372018208795,79.00694788779862,-4421.56701628809,-5.168870022105793,0.041553861430246766,SE,4221,1.5127811776766607e-05,0.10996119398625043,0.012469768524169922,0.032739788068062506,0.9672242165622358,3.5995369835857946e-05,0.0020616599512066625,0.005425420924228059,-4431.060828602381
471,8805.141197458062,0.010766906590115902,8.493955313647348,4,ATP5MD,19.054372018208795,74.75883145657771,-4385.874944037466,-6.788982889371138,0.06810811006746532,SE,4221,2.5976494629599998e-05,0.16965539876061042,0.009248018264770508,0.28647377713978,0.7134000275437872,0.00012619531699251913,0.0035632831497536266,0.008762171679722033,-4394.368899351113
472,7876.056663399358,0.011599818316991656,8.957130767204035,4,BNIP3,19.054372018208795,69.33243328981519,-3921.332677008114,-4.000314058092961,0.02711695149726836,SE,4221,3.2290439752744247e-05,0.1823187581705991,0.010046243667602539,0.015233603820693262,0.9843496497195439,0.00041674646009368755,0.0027638863296514105,0.0068933031974678875,-3930.289807775318
473,5557.121988957207,0.06834911130620332,46.344680112221795,4,GAPDH,19.054372018208795,11.09111334222327,-2761.8653397870385,-6.911563102645289,0.09781665728371086,SE,4221,0.00018621587033204755,0.038010955354270806,0.004608869552612305,6.801675352928883e-12,0.9999999999936336,9.016053136447382e-29,9.917622278976523e-12,7.333453093609401e-11,-2808.2100198992603
474,9021.845075380845,0.027312368326789262,41.195415997990494,4,ENO2,19.054372018208795,28.9780292203823,-4494.226882998857,-6.888751704005131,0.08858126634498975,SE,4221,2.5516470156636805e-05,0.027710178312925784,0.00539851188659668,0.0009202116870758739,0.999079788312215,1.048397007120826e-19,1.377452596429407e-10,9.64216817500585e-10,-4535.4222989968475
475,8031.052354089551,0.011193476613823123,10.067326350753774,4,NELL2,19.054372018208795,71.87885322887743,-3998.8305223532107,-4.711928581700042,0.0353781109639496,SE,4221,2.866427593324262e-05,0.17351764799122243,0.00932765007019043,0.42759128872841107,0.5719521347370634,0.00045657653423033834,0.0015092188199772316,0.004073726891969391,-4008.8978487039644
476,6787.506217234765,0.1539317089330714,459.52958646014804,4,TUBA1B,19.054372018208795,4.472312489707676,-3377.0574539258178,-8.070000046564482,0.1774149598760213,SE,4221,0.00015221893714971888,0.008466368492874054,0.005181312561035156,1.1883050946176379e-14,1.0,1.1668661666527721e-150,0.0,0.0,-3836.587040385966
477,8905.838788687812,0.027671170457542547,80.01523613739391,4,TUBA1A,19.054372018208795,28.591730796500155,-4436.223739652341,-6.4670113853737075,0.07991681878446712,SE,4221,1.63881996537062e-05,0.01736380735272186,0.003988742828369141,0.0011188963681654375,0.9988811036320056,6.302428500214846e-13,0.0,0.0,-4516.2389757897345
478,8786.402563955897,0.020285861439718725,14.433752884121532,4,KIF5A,19.054372018208795,39.29712097114402,-4376.505627286383,-4.911910693863786,0.04705113718160716,SE,4221,7.020802366633856e-05,0.13431581063625375,0.009309053421020508,0.0001256774626321641,0.999874273363113,4.9174513976725016e-08,0.0001451768445265289,0.0004734027538908551,-4390.939380170505
479,8989.92630609783,0.012956333943241666,6.7220117152483,4,HMGB1,19.054372018208795,61.98820287763982,-4478.26749835735,-3.9614340617960404,0.029498442372337935,SE,4221,3.418597752076466e-05,0.15558528701771587,0.0220491886138916,0.2375124065335077,0.7578490321747251,0.004638561291251992,0.009523015101431054,0.021229651500005536,-4484.989510072598
480,7738.194707085119,0.012088734454149342,10.40926854252939,4,HSPH1,19.054372018208795,66.4954475036138,-3852.4016988509948,-4.299049066579612,0.03068764368488845,SE,4221,2.0003166978106094e-05,0.10420085640239934,0.023105382919311523,0.0036186296220069264,0.9963771891602206,4.181217819354503e-06,0.0012538439861657924,0.0034374312936660107,-3862.810967393524
481,8784.801300799398,0.01017624008805377,15.13720659041519,4,SLC22A17,19.054372018208795,79.14533884088968,-4375.7049957081335,-6.31020693374307,0.05883946528402754,SE,4221,9.009821148400771e-06,0.06571318630877038,0.0216672420501709,0.20848061925350456,0.7915193805081838,2.3763918386220315e-10,9.997344810341868e-05,0.0003374104254587767,-4390.842202298549
482,6885.230097977582,0.024464709804770474,12.196399828923859,4,CALM1,19.054372018208795,32.44574339215487,-3425.919394297226,-7.48519048771329,0.09277691835944078,SE,4221,0.00014563133775123406,0.19484686301373247,0.009438514709472656,0.011410565400138375,0.9885877338495802,1.7007501924516988e-06,0.0004788183248731759,0.0014170687125238757,-3438.11579412615
483,8429.537975869644,0.021544909658079064,47.88959514720136,4,CHGA,19.054372018208795,36.95311321872636,-4198.0733332432565,-4.697894670161353,0.043998399213871504,SE,4221,1.607560025180733e-05,0.02740535737832372,0.004067182540893555,0.0028582697189438997,0.9971417302803803,1.9159954997738243e-22,4.509059792212611e-12,3.507046505054253e-11,-4245.962928390458
484,8312.524231307001,0.06327486385831707,40.011354078340446,4,MEG3,19.054372018208795,12.045803320047558,-4139.566460961935,-4.2455307413183485,0.06356059358021389,SE,4221,0.00019798594783011655,0.04622904671610714,0.004086494445800781,0.0014468445831211144,0.9985531554172455,7.437314030602037e-32,2.5249091706314175e-10,1.7215289799759664e-09,-4179.577815040276
485,7017.147704173872,0.05063112008794677,69.65295713022579,4,CKB,19.054372018208795,15.257109718010621,-3491.878197395371,-7.100238341964923,0.10066449016846325,SE,4221,8.150227958914034e-05,0.0282777222503033,0.004500389099121094,2.5059706342343215e-08,0.9999999749406928,1.8057114613033305e-29,1.1102230246251565e-16,1.1317807532586547e-15,-3561.531154525597
486,8487.64099388841,0.01085758533083159,9.067218630443676,4,CRIP2,19.054372018208795,74.12767635515665,-4227.12484225264,-3.896113333734041,0.02622996453836275,SE,4221,2.1775270397456684e-05,0.13990345666807852,0.013930797576904297,0.037013660028352185,0.7781345581127617,0.18485178185855153,0.0026023259542394817,0.0065369431864867366,-4236.192060883083
487,8993.51318711573,0.022756866685725997,32.98803671859241,4,RPL4,19.054372018208795,34.94177599265708,-4480.0609388663,-4.526306627553827,0.04425059232026947,SE,4221,1.8288432415357263e-05,0.02808363623039431,0.004764556884765625,0.00037310094958028546,0.9996268990502578,5.206865442966822e-22,9.272770329360469e-09,5.1515390718669273e-08,-4513.048975584892
488,6548.840275246964,0.08484743817269576,100.42051940902911,4,RPLP1,19.054372018208795,8.776261977394148,-3257.724482931917,-3.285115978207742,0.04882447439350384,SE,4221,0.00010331651995556965,0.014588502509173056,0.0041656494140625,1.3661368256829401e-14,1.0,1.0415706238381338e-50,0.0,0.0,-3358.145002340946
489,9212.992678344932,0.04638704362165732,56.5694014677556,4,METRN,19.054372018208795,16.72747006927784,-4589.800684480901,-1.7730180615823223,0.035458931415973484,SE,4221,0.00012473423922044306,0.05069729540627517,0.004942655563354492,0.006543823385379782,0.993455860498118,3.161167971497118e-07,5.4289905904170155e-14,4.872171042681937e-13,-4646.370085948656
490,7873.806750117687,0.008349702707624182,7.732626048405109,4,SYNGR3,19.054372018208795,96.63675691158856,-3920.207720367279,-3.9690807060498448,0.024138387173300826,SE,4221,1.409812577982505e-05,0.15158438470164418,0.009182214736938477,0.05272826229532016,0.9233984630116278,0.02387327469286236,0.005423181737131744,0.01276758032284379,-3927.940346415684
491,8704.019477438698,0.014140975220103841,15.662560187406598,4,ARL6IP1,19.054372018208795,56.72705899158351,-4335.314084027784,-4.996767437370563,0.04288828620361747,SE,4221,1.6219251412247363e-05,0.062268980048795414,0.013796567916870117,0.011225380906279624,0.9887422137523597,3.2405341279242414e-05,7.570810053014743e-05,0.0002606344444480485,-4350.97664421519
492,8648.18097845131,0.050326418495185266,13.505975480116831,4,PRKCB,19.054372018208795,15.354410420888648,-4307.39483453409,-4.8635877017804425,0.06691731618322114,SE,4221,0.0002626956315253286,0.09213956473398943,0.009196281433105469,0.0007301150261120093,0.999269877138633,7.834442005990875e-09,0.0002378049959342876,0.0007387433305650947,-4320.900810014206
493,8524.002403785478,0.011798051561657688,9.859258185256294,4,SEZ6L2,19.054372018208795,68.15382409314775,-4245.305547201174,-4.986186551877197,0.0402364917002701,SE,4221,2.1027756062788244e-05,0.11486473588676789,0.011729001998901367,0.3325758392856849,0.6674164654959258,7.695218094466943e-06,0.0016897922728180692,0.004503253518931403,-4255.16480538643
494,7956.0937347494755,0.00711496424200825,5.637222567213485,4,STX1B,19.054372018208795,113.54840981153875,-3961.351212683173,-3.9061297612047228,0.022416133746336806,SE,4221,1.3538296261869222e-05,0.19945064635219928,0.022047758102416992,0.3099353168331714,0.5842691067647257,0.10579557640202171,0.017583040022028262,0.03634289768332613,-3966.9884352503864
495,7615.575468663542,0.00752404125718238,9.908340301898988,4,VPS35,19.054372018208795,107.33062050814334,-3791.092079640206,-3.6593870141882627,0.020182304462686748,SE,4221,6.2744400843047105e-06,0.08279893769033884,0.02464604377746582,0.1639625653543312,0.8327460786000859,0.003291356045556184,0.0016453142888881445,0.004395877871075195,-3801.000419942105
496,9193.153793816547,0.05380884611348673,110.2217971129212,4,MT2A,19.054372018208795,14.308035775667374,-4579.881242216708,-1.6716322697414097,0.03991696528045346,SE,4221,7.710280076977463e-05,0.0239846088607917,0.004061460494995117,4.658072667958644e-05,0.9999534192728584,2.1843832366647586e-25,0.0,0.0,-4690.10303932963
497,7528.330939249939,0.008484648838599361,6.401999600244835,4,MAPT,19.054372018208795,95.08683304679916,-3747.4698149334045,-3.568649137962709,0.020054758195529376,SE,4221,1.218334628659997e-05,0.12693348525405826,0.02106952667236328,0.06149760219666748,0.9277332062181853,0.010769191584989794,0.011399190326792707,0.02488388740775955,-3753.8718145336493
498,8592.421014487396,0.019417030315845504,26.94262308942507,4,NSF,19.054372018208795,41.09191212239918,-4279.514852552133,-5.840319982001621,0.06037703304959253,SE,4221,1.8812378713333854e-05,0.03914394640067961,0.02638840675354004,1.1202155319494058e-06,0.9999988797832793,8.331306902092273e-13,2.0958554458605505e-07,9.868377659881515e-07,-4306.457475641558
499,8159.927438023365,0.010884181777092128,14.13981270586737,4,DYNLL2,19.054372018208795,73.94455061762321,-4063.2680643201174,-4.19224427884171,0.02903754236801261,SE,4221,9.838881508548852e-06,0.06291195288770735,0.021579265594482422,0.011159046318939717,0.9887888707262551,5.2082954440086745e-05,0.00016971362489681674,0.0005383664838116543,-4077.407877025985
500,7070.4176808858365,0.1063700219287422,186.50250620329325,4,SEPT4,19.054372018208795,6.835862107868543,-3518.5131857513534,-1.8799075620541488,0.05065447196851072,SE,4221,0.00012151230985379902,0.011851852327870107,0.004523277282714844,6.76108021228335e-08,0.9999999323890757,1.3028686993807407e-43,0.0,0.0,-3705.0156919546466
501,7959.35422902476,0.054026675128806004,40.950016423094894,4,CELF4,19.054372018208795,14.24706683897653,-3962.981459820815,-3.821243027274793,0.05009215041592527,SE,4221,0.0001108614449198831,0.03423793815853636,0.0045566558837890625,5.186978413522889e-08,0.9999999481306091,9.85726072688454e-18,1.5617274140566906e-10,1.0788248583944244e-09,-4003.93147624391
502,8211.408121917568,0.029947893827828736,36.845625144629594,4,SYT4,19.054372018208795,26.356248349682176,-4089.0084062672186,-4.596847211656856,0.0475276553657421,SE,4221,4.577818507280722e-05,0.041792219672166044,0.004048585891723633,4.3467564630133185e-05,0.9999565324349122,3.599557648938445e-17,1.278626871048516e-09,8.039270746113424e-09,-4125.854031411848
503,8410.926896987978,0.45489843270532426,1420.1440500230292,4,MBP,19.054372018208795,0.9750296066827806,-4188.7677938024235,-1.936015050893885,0.4308281717932601,SE,4221,0.0003077210490077033,0.005838465516763247,0.0034253597259521484,2.0314551620207917e-18,1.0,0.0,0.0,0.0,-5608.911843825453
504,8544.471048140362,0.02333414809009095,27.80248903519987,4,NAPB,19.054372018208795,34.05719426133585,-4255.539869378616,-5.576017747658295,0.05901755578079422,SE,4221,3.123124830461279e-05,0.04572225060506403,0.004640817642211914,3.973012215262625e-05,0.9999602674123805,2.465417640321486e-09,1.343531518260832e-07,6.592093898008755e-07,-4283.342358413815
505,7854.172723545648,0.016729769975140814,9.366631508581577,4,RPS21,19.054372018208795,47.823101004904046,-3910.3907070812593,-5.08905403025879,0.04475492044959788,SE,4221,4.3837142266862415e-05,0.1215274345392542,0.01101827621459961,0.001559712104743485,0.9982639390422459,0.00017634885344729276,0.002209712255116014,0.005728883624374851,-3919.757338589841
506,8804.718635521604,0.010565481701584167,11.033838378250948,4,STMN3,19.054372018208795,76.1995783688651,-4385.6636630692365,-5.491811460850348,0.04648114978771489,SE,4221,2.2964843199974547e-05,0.15562995769071708,0.011321544647216797,0.4347986604511448,0.565186987993629,1.4351555476565304e-05,0.0008946371709862566,0.0024983218870626846,-4396.697501447487
507,7856.490125124318,0.030352319269942973,38.236032614212945,4,RPS15,19.054372018208795,25.99422622296659,-3911.549407870594,-4.081788171488462,0.039703086119310074,SE,4221,5.408142665665205e-05,0.0481441490482612,0.0046842098236083984,0.01295282854679335,0.9870352674897414,1.190396373636638e-05,6.268415786436776e-10,4.139519858967683e-09,-3949.785440484807
508,9056.992305756197,0.011937174452051388,12.133787908524937,4,AES,19.054372018208795,67.35003598930199,-4511.800498186533,-5.265445463460202,0.04514597952670636,SE,4221,1.659451364795945e-05,0.08859814566357971,0.011532306671142578,0.09333807928268675,0.9066618101463241,1.1057024685386572e-07,0.0004951644115847031,0.001460456831921175,-4523.934286095058
509,8721.661196881341,0.015362236534969216,27.139490304641186,4,TUBB4A,19.054372018208795,52.15270674279326,-4344.134943749105,-5.7500173369051115,0.055452606347460444,SE,4221,1.7078363225857437e-05,0.055836023067657566,0.010813236236572266,0.016680387357797512,0.8784623784926303,0.1048572341492588,1.8929144518509133e-07,8.993484952232846e-07,-4371.2744340537465
510,8758.813801276145,0.012645408356818055,9.37482833185004,4,RPL18A,19.054372018208795,63.53237704693616,-4362.711245946507,-3.6819890136185913,0.025887734935341234,SE,4221,2.2716580719753772e-05,0.10839431621651702,0.016779184341430664,0.3109748862124596,0.6889873638985078,3.774988837641015e-05,0.0021998530668891902,0.00571743990156844,-4372.086074278357
511,8721.711431443382,0.02176141506052767,34.28864872844315,4,RAB3A,19.054372018208795,36.577369489857695,-4344.160061030126,-6.49488212489995,0.07464365910935016,SE,4221,2.182158389430078e-05,0.03649663837029026,0.004751682281494141,0.005655913727987509,0.9943440862720899,3.0177963801765475e-14,4.751450566331528e-09,2.8028219632854517e-08,-4378.448709758569
512,8817.579278136342,0.006033049871274414,6.153110136847317,4,GPI,19.054372018208795,134.057106648022,-4392.0939843766055,-5.805788833953294,0.04421189047823622,SE,4221,7.036403800434942e-06,0.14353164119575132,0.012648582458496094,0.010285326447377922,0.7650920743358148,0.22462259921718614,0.013118121180325293,0.028053008634096856,-4398.247094513453
513,9098.547731319957,0.02319815447700209,14.754873809913079,4,RPS16,19.054372018208795,34.26161640558919,-4532.578210968413,-3.1779164315889554,0.029518168556550668,SE,4221,0.00011671112940179912,0.17277752001600508,0.008439302444458008,0.00019280593973881456,0.9996690787542534,0.00013811530651371614,0.0001224306454203905,0.00040425213110506297,-4547.333084778326
514,8779.812050851122,0.038025764582589446,39.87477939406472,4,TTC9B,19.054372018208795,20.5844988591161,-4373.210370733996,-4.906667971159251,0.05996962233978363,SE,4221,6.15124072063198e-05,0.03598304767959438,0.004701137542724609,3.0421722891869945e-08,0.9999999695774028,3.78632953307111e-17,2.707770674348353e-10,1.8342962632682392e-09,-4413.08515012806
515,9040.446247455631,0.024249073237662892,17.426093401868457,4,RPS19,19.054372018208795,32.741505143020596,-4503.52746903625,-3.326094325282294,0.031493792617731976,SE,4221,7.757981464505668e-05,0.10555930701185975,0.007630586624145508,0.16619169109638574,0.8335664788763842,0.0002418300279447844,2.9869728885967284e-05,0.0001096615920638659,-4520.953562438119
516,8711.0191376979,0.11963373005300211,114.48250283634388,4,SLC17A7,19.054372018208795,5.987762471792079,-4338.813914157385,-7.007369629756691,0.15936886332374373,SE,4221,0.0003597891349253069,0.029165452141552375,0.004702568054199219,1.1041644056395824e-11,0.9999999999890861,4.746752055080235e-48,0.0,0.0,-4453.296416993729
517,9145.226193037834,0.015382356425858031,13.822575775257974,4,RPS9,19.054372018208795,52.08342750255817,-4555.9174418273515,-2.7827224749262047,0.020614933608996945,SE,4221,3.453538430071225e-05,0.11262415081299598,0.01181483268737793,0.012394763591686796,0.9875978460163477,7.3903923630685105e-06,0.00020090763394231548,0.000631595855207878,-4569.740017602609
518,8739.953689403515,0.018808149151418232,17.210907441781274,4,TTYH1,19.054372018208795,42.448532960459424,-4353.281190010192,-3.094697631342977,0.024655190428802994,SE,4221,4.219018002458462e-05,0.0933308338646916,0.012075185775756836,0.012304472665253906,0.8968080797481146,0.09088744758680074,3.3451023199293495e-05,0.00012195685541409086,-4370.492097451974
519,8187.378851181052,0.020561544371921606,12.520810019886994,4,RPL28,19.054372018208795,38.75932752382739,-4076.993770898961,-4.281046507682966,0.037195758878160005,SE,4221,4.913761542024068e-05,0.0916048606838695,0.020684242248535156,0.020850330793248533,0.979149614141721,5.506523711087238e-08,0.0004024443771244446,0.0012142718275306517,-4089.514580918848
520,9205.737713803264,0.011381444742994967,11.061691755793618,4,RPS5,19.054372018208795,70.67831320983944,-4586.173202210067,-3.664920397075353,0.02542657926346404,SE,4221,2.2484816869221608e-05,0.13175394301142737,0.010307550430297852,0.4248309697577014,0.5067767078606364,0.06839232238201587,0.0008812969432115958,0.0024676314409924683,-4597.2348939658605
521,8747.403556529109,0.010703482010891616,12.400869806157061,4,ATP6V1E1,19.054372018208795,75.20664412860468,-4357.006123572989,-5.464119917253578,0.04615354416644033,SE,4221,1.639516835169915e-05,0.10832312272466996,0.010785341262817383,0.04872440866661006,0.8645627369886306,0.08671285434417425,0.0004291339115798376,0.0012837339235294287,-4369.406993379146
522,9519.607863039237,0.14313056438319044,161.9316204459874,4,S100B,19.054372018208795,4.8712125634158205,-4743.108276828053,-0.5557469276059275,0.11221377630041968,SE,4221,0.00022943259743315818,0.014182685154992486,0.004662513732910156,3.142384443119758e-17,1.0,2.7941800504862167e-126,0.0,0.0,-4905.03989727404
523,8853.77230294898,0.013921179110939956,15.387710294131466,4,RPS7,36.82108382230499,38.41598916954086,-4410.190496782925,-4.45538988338405,0.025889627488442812,SE,4221,5.0956737341273356e-05,0.20167731520701268,0.004022359848022461,0.37607700663890986,0.5757397235368692,0.048183269824376616,8.755589791498153e-05,0.0002975200414586751,-4425.5782070770565
524,7898.612811839038,0.026635511166615212,33.076560301491554,4,RPS27A,36.82108382230499,19.819416868363984,-3932.610751227954,-4.512967176506159,0.033877038620886375,SE,4221,8.62694228244006e-05,0.09823826555940825,0.004023075103759766,0.09974921159600818,0.9002507884015855,2.1432601402185436e-12,8.86004147826469e-09,5.0016363183752286e-08,-3965.6873115294457
525,7127.058032256343,0.26665346169894016,354.3525064951227,4,TF,36.82108382230499,1.4915521091970978,-3546.8333614366065,-1.215093681231599,0.20924166469186056,SE,4221,0.002229630782076615,0.0620563329395274,0.003334522247314453,0.0013627461781739129,0.9986372538218596,4.4558315578927885e-109,0.0,0.0,-3901.1858679317293
526,8722.216882519073,0.030724316627897687,34.10382396414843,4,RPS23,36.82108382230499,17.10966458754863,-4344.412786567971,-3.7741991790069966,0.03723887425514888,SE,4221,0.00016022545151931267,0.1394115389629865,0.00429224967956543,0.3348173005224937,0.6651826958018723,3.6764506451938084e-09,5.224848886875577e-09,3.03098968575655e-08,-4378.51661053212
527,7682.75194483886,0.07790421043812076,123.82034919330954,4,RPS12,36.82108382230499,6.41935685521729,-3824.6803177278653,-3.6949683491406553,0.06634940115533879,SE,4221,0.000276818846094895,0.045139274162293935,0.003973722457885742,0.23732490163180742,0.7626750983680897,5.663786073697417e-35,0.0,0.0,-3948.500666921175
528,7223.450084484985,0.016499317346704637,32.75542894430646,4,ACTB,36.82108382230499,32.328466195603525,-3595.029387550928,-7.104245043762562,0.04519450553669146,SE,4221,3.507784057878249e-05,0.0998855939906919,0.003939390182495117,0.36882136295106677,0.6288256152483811,0.002353021800280577,1.04513995236033e-08,5.775773420938666e-08,-3627.7848164952343
529,8620.70655774019,0.07650765468282841,57.26626833697628,4,YWHAG,36.82108382230499,6.546434415955952,-4293.65762417853,-8.069142313453142,0.12006993610645121,SE,4221,0.0004053341917501788,0.06816094993621151,0.0039446353912353516,0.46333036302230807,0.5366696369777076,2.7447638447392044e-25,3.808064974464287e-14,3.4469553648168113e-13,-4350.923892515506
530,8825.179658364978,0.031630483586793615,26.113522738964093,4,FAIM2,36.82108382230499,16.60396037744751,-4395.894174490923,-5.691783294587517,0.05228908614677193,SE,4221,0.00016767527799136568,0.13815849742186187,0.00407099723815918,8.82324539321085e-06,0.9999911735183833,3.2360498302723683e-09,3.2192151999677066e-07,1.4890642995445338e-06,-4422.0076972298875
531,9130.409174985783,0.027871950112895953,16.00199262139995,4,NACA,36.82108382230499,18.91614040312018,-4548.508932801326,-4.296931735466266,0.04016140105331065,SE,4221,0.00018532977811151977,0.1937012597702102,0.004398345947265625,0.028491229530809042,0.970408831158458,0.001099939310202416,6.327585069754171e-05,0.00021999881865039338,-4564.510925422726
532,8096.522016264647,0.08414131305891405,182.2928887960975,4,HSP90AA1,36.82108382230499,5.903310060806341,-4031.565353440759,-7.36727650548515,0.11027670984272146,SE,4221,0.0003336178231534255,0.04777145354852422,0.00464940071105957,0.00034117890065898563,0.9996588210977362,1.840874654276434e-12,0.0,0.0,-4213.858242236856
