,BIC,FSV,LLR,M,g,l,max_delta,max_ll,max_mu_hat,max_s2_t_hat,model,n,s2_FSV,s2_logdelta,time,PER_prob,SE_prob,linear_prob,pval,qval,max_ll_null
0,7561.453924584622,0.03493410825153901,,3,RPL22,,2.045751092206,-3768.4290031093647,-5.627299586182955,1.9523669959243017,linear,3636,0.004691896153424381,3.2118009689537503,0.002965211868286133,0.0002603495363957626,0.0001971965119195492,0.9995424539516633,0.0002501234997487334,0.0014478847117530454,-3782.0063308396057
1,7758.69537698058,0.031059375865855898,,3,MARCKSL1,,2.3102018484718823,-3867.0497293073436,-3.3867648743898875,0.7668453033926849,linear,3636,0.009372522570029043,7.990800119174516,0.0027785301208496094,0.07807052677817963,0.003388222017520995,0.9185412512046796,0.011033479040893357,0.036620639302497086,-3872.211567462774
2,7819.631539905176,0.030114179039651464,,3,NCDN,,2.385036715087821,-3897.517810769642,-6.073616818092455,1.9382731169815017,linear,3636,0.011755095096590881,10.620509856025603,0.0030260086059570312,0.00037164347118718254,0.005943928195539802,0.9936844283331512,0.00031057720241045583,0.0017451480897349423,-3908.983516972573
3,7151.704879311954,0.0025355859830757353,,3,CSDE1,,29.131614547952967,-3563.5544804730307,-4.047373231611128,0.09086512352066312,linear,3636,2.3686126566546174e-05,2.695882113549828,0.00453495979309082,0.055955612287669695,0.1984605837236284,0.745583803988564,0.013062969623508947,0.042186516636763635,-3566.277511282464
4,7670.433064195933,0.033559857375649996,,3,ATP1A1,,2.1325554925010812,-3822.9185729150204,-6.475879917479186,2.418096532187374,linear,3636,0.0055156025372251885,4.068651528680414,0.0034475326538085938,0.00033076587456264556,0.0002295606535232418,0.9994396734719317,0.0004672554114496519,0.0024463133145521026,-3835.2506516578737
5,7534.9984849447255,0.028875057767330927,,3,SYT11,,2.4905641567615153,-3755.2012832894166,-6.282474818562525,1.9586084046819918,linear,3636,0.02093138037460314,20.46621508999091,0.0028617382049560547,0.0018093585727505163,0.0018063081211329645,0.9963843333059997,0.001064584664185353,0.005151649447508932,-3764.9701171197185
6,7383.074144962853,0.031472530763259746,,3,RPS7,,2.2789025934467433,-3679.2391132984803,-5.627838199868039,1.7464065602752252,linear,3636,0.008258221469085987,6.868574721094129,0.0028450489044189453,0.014701971983657112,0.06130646725257644,0.9239915607635258,0.0012530550922242867,0.005932674418123629,-3686.9066331665786
7,7605.453791711449,0.002658152547204177,,3,PREPL,,27.78495053225094,-3790.4289366727785,-6.877125660606907,0.24689473230138548,linear,3636,1.7254760547766693e-05,1.7878625113727302,0.0051038265228271484,0.0006080748552176784,0.13084348519697847,0.8685484399475272,0.005185603209998946,0.020037066307653357,-3795.0895744122
8,7195.038158903692,0.011106069702363844,,3,CHL1,,6.593785318183211,-3585.2211202689,-4.546081836434492,0.42702607849045515,linear,3636,0.0009577205853478793,5.887002980179676,0.003946781158447266,0.0005028081233430351,0.00015583210855115044,0.9993413597682465,0.014398452541971696,0.045789193776821425,-3591.4934579966425
9,7503.0773677224915,0.029811010082775057,,3,RPSA,,2.4100449187009456,-3739.2407246782996,-5.27436004601834,1.4804148134554322,linear,3636,0.01434223452728177,13.206647918287626,0.002206563949584961,0.2806811899032853,0.01703607133663793,0.7022827387602866,0.009188607890683542,0.031253491140373735,-3743.7867019006
10,6883.501058765448,0.03384892051064272,,3,RPL35A,,2.1137114851179857,-3429.4525701997777,-5.960624552371081,2.0571015130517685,linear,3636,0.005357804205646441,3.8895594203259156,0.002771139144897461,0.2431223869329091,0.02376342896817147,0.7331141840992572,0.0002800940239602312,0.0015972648057806494,-3440.266857478774
11,7153.921775837551,0.03007485430621638,,3,GABRB2,,2.388252127722168,-3564.662928735829,-4.1974981076291495,0.9986109145873638,linear,3636,0.011982648989963509,10.852705962221135,0.002809286117553711,0.1281700706295016,0.36114153596306564,0.5106883934076497,0.00011188268506323595,0.0007033936019959178,-3575.6616506860023
12,6793.693719118486,0.029559862429405625,,3,TMEM30A,,2.431150412195253,-3384.548900376297,-4.14511275400803,0.945097413678554,linear,3636,0.015823120670588532,14.803880031291182,0.002731800079345703,0.2711903376563602,0.12412123681755059,0.6046884255261081,0.0033108859198880403,0.01380135598127243,-3389.86901201177
13,7812.538938194507,0.0027547898724805844,,3,SNX3,,26.80766378535852,-3893.9715099143073,-5.395113488747828,0.16435503672689417,linear,3636,1.8172513323593523e-05,1.7538708138245742,0.004986286163330078,0.0014791581977792916,0.003379310968438483,0.9951415308341495,0.013297887339090098,0.042854956256647495,-3898.8438392123917
14,7761.593588025908,0.031784749639256885,,3,GJA1,,2.255789707247051,-3868.4988348300076,-3.3456935459402883,0.7715476739840674,linear,3636,0.007760284061105274,6.336224415525563,0.002796649932861328,0.017918496774454406,0.03899264355639222,0.9430888596691035,0.0025566658998656955,0.011110270511031096,-3875.0920003480323
15,7107.2859192714095,0.029679340015137234,,3,TSC22D4,,2.4210654267154856,-3541.3450004527585,-2.7664117316684242,0.52272080365807,linear,3636,0.015387594509720149,14.287632279244097,0.0028662681579589844,0.14526945676114933,0.0326859466776532,0.8220445965607497,0.014636517738846777,0.04620135372935489,-3544.817807087694
16,7459.308493073472,0.0038119231840361405,,3,DNAJB6,,19.35274997317466,-3717.35628735379,-4.474407614733967,0.15549450477029433,linear,3636,3.9383464278956994e-05,1.9938556116496875,0.005110502243041992,0.08210185203550696,0.04549578168440987,0.8724023662804397,0.005651812130469502,0.021249705412108372,-3722.391879113795
17,6764.773324069876,0.030367666587738658,,3,PTK2B,,2.364509989963689,-3370.088702851992,-3.001827527725398,0.583670728232404,linear,3636,0.011153732606695258,9.919812169627733,0.0027878284454345703,0.05506032230411661,0.0026266143231744236,0.942313063372794,0.001930336366764096,0.008633049523662168,-3378.5453313363787
18,6470.313278105952,0.031986710744899706,,3,EEF1D,,2.2410792948409375,-3222.85867987003,-2.484566238087377,0.46097219005063045,linear,3636,0.00741264952603541,5.981066340557848,0.0028464794158935547,0.3020131787019456,0.020998319344808117,0.6769885019534968,0.002222706545894626,0.009714050830206144,-3229.8518507647505
19,6813.638230088262,0.03161904900140193,,3,NTM,,2.26799932501966,-3394.521155861185,-2.515210593921241,0.478128104692265,linear,3636,0.008060709834545477,6.646237768036414,0.0026886463165283203,0.0025534201869429345,0.0007690145655426582,0.9966775652479544,0.00822360709998815,0.02854075405290005,-3400.98949262063
20,7273.683025833212,0.028685367123332493,,3,FAM213A,,2.507523464603269,-3624.54355373366,-4.030476230855237,0.8961418290316182,linear,3636,0.024928211837224448,24.678704327344374,0.002776622772216797,0.15446319682510756,0.07617927573627035,0.769357527438638,0.0020799421499408943,0.009212340878240294,-3631.0780819709016
21,6636.160438767985,0.03141929282969259,,3,RPS26,,2.2828895233861246,-3305.7822602010465,-6.009094935899224,1.9245786892787795,linear,3636,0.008477652354008446,7.073476632212028,0.0029082298278808594,0.08304674179914656,0.06960598066394202,0.8473472775368398,0.002838171384613508,0.012190760604227996,-3311.841258301483
22,7634.050353754389,0.03100191906339358,,3,NACA,,2.31462066161988,-3804.7272176942483,-5.587118739777896,1.7115386652786417,linear,3636,0.009359045649468677,8.007056476534903,0.0028121471405029297,0.022831353197631275,0.0008518946514444481,0.9763167521509613,0.005874314869797281,0.021863759868969015,-3811.7383964806468
23,7232.177470837132,0.029561096503576592,,3,PPFIA2,,2.431045828543593,-3603.79077623562,-3.6187258697635456,0.7769014746277494,linear,3636,0.015903392677025206,14.87781331012711,0.002783536911010742,0.000496328427919373,0.002069558780695849,0.9974341127910064,0.014910218574692546,0.04658304540443659,-3608.707427492569
24,6955.105074605995,0.03500119314805111,,3,RPL21,,2.0416881772671442,-3465.254578120051,-5.48642866940546,1.835802965164821,linear,3636,0.004641845147031679,3.16622424172778,0.002831697463989258,0.04357725187691282,0.05075592765379327,0.9056668204696154,3.3583543672444094e-05,0.0002320592612321137,-3479.799476115721
25,7292.3610664037315,0.03311809173104612,,3,ARNT2,,2.161989677421503,-3633.8825740189195,-3.4825610576043498,0.8253163135306476,linear,3636,0.005792042766302574,4.379516031215071,0.0027947425842285156,0.0026658806977956392,0.011723835410532159,0.9856102838918863,5.1139145841205824e-05,0.00035021182910897203,-3648.4044797502884
26,7600.712004434137,0.028312246287947245,,3,ARHGDIG,,2.5415454965293853,-3788.0580430341224,-5.990761814072718,1.7656838751749582,linear,3636,0.03486998911020353,35.38338323978122,0.002936840057373047,0.07089807503505792,0.14276897376286973,0.7863329512019331,0.008755478926249727,0.029979697930506876,-3791.683836739184
27,7081.128167321378,0.03437645879689879,,3,RPL26,,2.0801382253311416,-3528.266124477743,-5.7813086424059845,1.9872003425474072,linear,3636,0.00499978020595317,3.5265818633200943,0.0027778148651123047,0.13297924378984835,0.04625856891026751,0.8207621872995777,0.0001141044938336444,0.0007111685810683444,-3540.492499162746
28,7587.778940919988,0.0323300896427274,,3,RPL23A,,2.2164901968771606,-3781.5915112770476,-5.094184674648209,1.518023946287045,linear,3636,0.006854021299997091,5.420973964731309,0.0027735233306884766,0.0011198487514098127,0.00027897121736450095,0.9986011800310001,0.0034421214344055873,0.01419412440961874,-3790.140608052029
29,6467.137708654671,0.0035697337041546177,,3,TCF4,,20.670766333669775,-3221.270895144389,-3.09032886776493,0.07619581865407583,linear,3636,3.4711119706558915e-05,2.00183377566524,0.0052449703216552734,0.10228399433024722,0.009788329213996264,0.8879276764553796,0.009634378451065961,0.03255316419368983,-3226.126704024412
30,7537.815746609196,0.029033969738430598,,3,ATP5F1D,,2.47652720460371,-3756.609914121652,-5.838876321628892,1.726666012207459,linear,3636,0.021437385969298773,20.745484153330906,0.0027685165405273438,0.36854214235921107,0.1794234999213517,0.4520343577191151,0.009752577705437915,0.03273622363269532,-3759.65213924751
31,7600.65376757738,0.035371989162478745,,3,RPS19,,2.019509368736169,-3788.0289246057437,-4.858121340068844,1.5347267684997363,linear,3636,0.004488431347790951,3.0022011830146744,0.0028533935546875,0.07097629057529853,0.11153000539894746,0.8174937040258726,2.54922113998024e-05,0.00018273388919297609,-3802.653024133847
32,6778.106605771296,0.030101327692611226,,3,RPL31,,2.3860865897596284,-3376.755343702702,-5.947736023340814,1.8145197234495296,linear,3636,0.012365574508230408,11.181027561561525,0.002813577651977539,0.18218673303876437,0.022355676914719715,0.79545759004695,0.001767129551071056,0.008067787890901786,-3384.2188951952958
33,5343.7716046688,0.04051677801606729,,3,RPL37A,,1.753670391683872,-2659.587843151454,-5.645867017419541,2.164729509117364,linear,3636,0.0033717181194913605,1.7547084334424539,0.002852201461791992,0.0026524464418016475,0.0031762120405118385,0.99417134151767,1.9497471814844403e-07,2.0073236083202224e-06,-2685.443936396785
34,7130.742449544692,0.03410599060837681,,3,RPL24,,2.097221450845161,-3553.0732655894,-5.393297539146627,1.743373324327345,linear,3636,0.0051827695331152935,3.709822963914529,0.003434419631958008,0.13741542886109379,0.0052455145944402416,0.8573390565441876,0.0003571522677804362,0.0019407451487415896,-3564.266180000571
35,6757.223052629758,0.03760954739730056,,3,RPL39,,1.8949540597243486,-3366.313567131933,-5.786328478639406,2.163259937721456,linear,3636,0.003821545901676874,2.2814402338584276,0.0028688907623291016,0.0011696805704649454,0.0003547902177461056,0.9984755292122169,2.414463063682426e-05,0.00017388668261449962,-3384.016251914618
36,7146.286624075534,0.03893255187376611,,3,RPL8,,1.8280433213534617,-3560.8453528548207,-5.484086007201845,2.056869816197351,linear,3636,0.0035767780147469867,2.003252378551905,0.0028285980224609375,0.050860338435348075,0.0027438046823785303,0.9463958568818633,2.7625240477391344e-06,2.3031042876259956e-05,-3581.6425016197586
37,8028.510065377521,0.031822796688447,,3,NCS1,,2.2530041677071795,-4001.957073505814,-3.5310577069457265,0.8522510236547751,linear,3636,0.007690071079484438,6.264852408307518,0.0029134750366210938,0.048634777601845716,0.0025373775943389703,0.948827844803668,0.005114587646304458,0.01981256931674505,-4008.6582719521807
38,7237.037949314966,0.03676340151894172,,3,RPL6,,1.9402727067336285,-3606.2210154745367,-6.3482348644204825,2.5319334437216034,linear,3636,0.0040092439998679385,2.4964493314004415,0.0029854774475097656,0.1866402766190871,0.021121497333277194,0.792238226047937,8.659890078810406e-06,6.675513256731237e-05,-3623.720331573195
39,6797.761387364839,0.03549827474953387,,3,CYP46A1,,2.0120614909007357,-3386.582734499473,-2.4708194902974516,0.5250568405195112,linear,3636,0.004379403333417708,2.9099469952457904,0.0027670860290527344,0.1916213341700332,0.00360828753704368,0.8047703782927984,1.1023199964821373e-05,8.329846672924132e-05,-3404.5124457061
40,7797.189066362755,0.028606482356706882,,3,NPTN,,2.5146423788569576,-3886.296573998431,-6.490898449118271,2.0724429466073357,linear,3636,0.025948741250046405,25.82264915748705,0.0029039382934570312,0.01824582069094789,0.002296548012906951,0.9794576312965116,0.0041156182873441916,0.016702006488851825,-3893.457136882544
41,6287.4370683426805,0.013461562882305567,,3,CAMKK1,,5.427052379575622,-3131.420574988394,-2.8173490306464655,0.2281636196178357,linear,3636,0.0016488286356874497,6.965810077219815,0.003997802734375,0.0012720665518719337,0.000645414639600109,0.9980825188081855,0.003013034674762438,0.01273276912144788,-3139.792662792012
42,7009.369508950906,0.03523244001791882,,3,RPL18,,2.0278015819584625,-3492.3867952925066,-5.8128752187783155,2.0538257612506237,linear,3636,0.004567920557525786,3.0778937968911784,0.002859830856323242,0.41020264520760896,0.00617956251065891,0.5836177922821472,9.568255959080396e-05,0.0006115710267178886,-3505.7815166262376
43,7278.957113704601,0.029797863704247484,,3,NDUFA3,,2.411140866323428,-3627.1805976693545,-6.225492258978834,1.9757798282208556,linear,3636,0.013806566813488685,12.723937445669458,0.0028760433197021484,0.2007221268559788,0.0029090190955077624,0.7963688540489576,0.002378093772477108,0.01036362456528376,-3635.1194963357266
44,7015.35611750518,0.031874230893077254,,3,C1orf115,,2.249249085434988,-3495.380099569644,-2.702187714258247,0.540078291250597,linear,3636,0.007510495746289369,6.100093059073721,0.003767251968383789,0.002400468750884006,0.00013803591182979326,0.9974614953375558,0.004655599056565651,0.018359097564965832,-3503.732096642225
45,6645.463536617308,0.029668263824640977,,3,ZBTB18,,2.421996941026955,-3310.4338091257077,-3.1626817704425214,0.6108560123309692,linear,3636,0.014436420086604238,13.413861246030915,0.002762317657470703,0.001710639805169043,0.00016061326375871717,0.9981287469310947,0.0038760582932713117,0.015855662458341843,-3319.042793232239
46,7124.832521691389,0.03260535557537849,,3,RPL15,,2.197152617787742,-3550.1183016627483,-6.353535810201734,2.2381669900470995,linear,3636,0.006520416605713594,5.076040599892068,0.0027892589569091797,0.0017622383710051764,6.430607384259091e-05,0.9981734555552464,0.004913088365308238,0.019128623229398064,-3558.75515134788
47,6859.910029307482,0.04426631419861287,,3,RPS23,,1.5988547734883356,-3417.6570554707946,-5.396183017417344,2.2613684292641216,linear,3636,0.003202430737033594,1.4172886488952163,0.0028944015502929688,2.7250062900813567e-05,2.51391220451505e-06,0.9999702360246695,2.523449309510539e-07,2.530046562607299e-06,-3446.5884017160115
48,7639.74815559329,0.028850316876662667,,3,CTSB,,2.4927634714134044,-3807.576118613699,-5.012489076415484,1.318278578554353,linear,3636,0.02252858197528682,22.063509633434222,0.0028808116912841797,0.0009229224842595519,0.00017355983509954336,0.9989035176807947,0.012928022272466477,0.04192724347983842,-3813.984677299064
49,7040.618278979951,0.036111616596499196,,3,RPL7A,,1.9766296345799617,-3508.0111803070295,-6.22064564551527,2.38442716093038,linear,3636,0.004219585384003248,2.7160068491312415,0.0028090476989746094,0.11957302418839252,0.0011370794395536583,0.879289896371683,5.604100702760739e-05,0.00037870883163149664,-3523.4691350460266
50,7138.0710105292765,0.008969395053074094,,4,SCG2,36.34201014411473,113.92324834723819,-3552.6382263540436,-4.125301296227772,0.14962288417651767,PER,3636,4.574401703937472e-06,0.042732201333803586,0.00882720947265625,0.9677087920403731,0.032291207895466925,6.386569658676996e-11,0.00017150797898801695,0.001048180238118,-3568.4583220306995
51,7503.604099655013,0.009862570204140223,,4,SERPINI1,36.34201014411473,103.51274285464841,-3735.4047709169117,-7.260909205197901,0.5020078678939195,PER,3636,8.61467575040877e-06,0.06680479784078927,0.007775306701660156,0.5772962334794449,0.42270373384552,3.267546161173152e-08,0.0002766015520284659,0.0015832342567599505,-3748.783159473571
52,6738.3577173456815,0.008850548221717252,,4,NAP1L5,36.34201014411473,115.46687663187885,-3352.781579762246,-4.388381103285012,0.16622593619198534,PER,3636,4.884893267322745e-06,0.0468434387764496,0.008281707763671875,0.9983938621088435,0.0016061361293877206,1.7620455273644043e-09,0.0009305856064290019,0.00459119709213766,-3366.9585593275033
53,6329.169754676766,0.012577204457477098,,4,NREP,36.34201014411473,80.94825181762653,-3148.1875984277885,-3.802080955542473,0.17832993377824458,PER,3636,8.200401303950283e-06,0.03954342164969803,0.00793004035949707,0.9114706512123338,0.08852934878719412,2.637819929436863e-14,1.6810464963490368e-05,0.00012397717910574146,-3167.8737569670334
54,6734.564216639619,0.00607304739768753,,4,SEPT8,36.34201014411473,168.74707082844185,-3350.884829409215,-4.103750342608188,0.0999397840381027,PER,3636,3.6855412880671756e-06,0.07420457046147966,0.007745504379272461,0.9989500288702661,0.0010246877729599647,2.5283357014228437e-05,0.014714062251543814,0.04620135372935489,-3360.2763739995594
55,6106.205672598238,0.00721897966977509,,4,NRSN1,36.34201014411473,141.79668997507167,-3036.7055573885245,-3.3985299642663116,0.08189401619390398,PER,3636,6.352658552830703e-06,0.0909510537472784,0.007400035858154297,0.8400842535470306,0.15937764229789547,0.000538104155137818,0.008405958266727076,0.02894143184841162,-3044.481547964651
56,7487.259199523161,0.006918253478183214,,4,NAP1L3,36.34201014411473,148.00520035374453,-3727.232320850986,-4.890186451593846,0.16121387118135708,PER,3636,4.414504546941655e-06,0.06873093220786433,0.007756710052490234,0.9038297318360546,0.09615258805047701,1.7680113691471378e-05,0.0037521813722763975,0.015389963168641696,-3736.7526870713878
57,7127.560934214251,0.010217175422341554,,4,BEX1,36.34201014411473,99.88436414087067,-3547.3831881965307,-7.237905816598481,0.5164456010150008,PER,3636,6.998390944824148e-06,0.050643170729658724,0.008750438690185547,0.6357516865584586,0.36421340488734116,3.490855392843134e-05,6.072888911845542e-05,0.0004085882276653974,-3563.7415059822074
58,7523.230696505458,0.009409238291917154,,4,FBXL16,36.34201014411473,108.54960614153143,-3745.218069342134,-5.059920785873175,0.2347026282668723,PER,3636,4.884982058825691e-06,0.04154227165485086,0.008706808090209961,0.9999999943902368,5.4704674122805124e-09,1.3894884926048225e-10,0.014835540844222006,0.046444325826605216,-3760.6659142665067
59,7145.720604142798,0.009755802836687148,,4,PNMA8A,36.34201014411473,104.65686886289693,-3556.4630231608044,-4.509933675576874,0.1938194621833391,PER,3636,4.519036179040936e-06,0.03579953179632511,0.008147239685058594,0.9999999999818101,1.8422422533026077e-11,1.0297737744584144e-14,0.0050987189554676515,0.019801100956170575,-3576.6658369009037
60,7797.339426167355,0.005305593843945188,,4,BEX2,70.07497246598813,211.62849935712762,-3882.2724341730827,-6.057199364837453,0.16798642031754593,PER,3636,5.586517729732675e-06,0.14690414601061333,0.0036919116973876953,0.9753620599362212,0.024614373886404098,2.3566177413809844e-05,0.005918258911092544,0.021929007656077203,-3891.6871973424268
61,7408.079720506232,0.018947887030848574,,4,DGKZ,70.07497246598813,58.44532367539958,-3687.642581342521,-4.404930849968827,0.3219140997752746,PER,3636,4.0023319053439924e-05,0.08728617829085922,0.00390934944152832,0.9803806131715799,0.019619386828552434,3.8043233241639586e-15,1.5019320832254657e-05,0.0001118429036731973,-3708.3333810486893
62,7282.081557558826,0.013183638262841189,,4,NNAT,70.07497246598813,84.49276856719561,-3624.6434998688183,-4.471079418081455,0.22949021682907148,PER,3636,1.868322855857447e-05,0.082200065220348,0.004606962203979492,0.603027551464106,0.39697244853598157,1.8355213089880294e-13,1.8864938540419374e-05,0.0001378038843857301,-3643.153131290116
63,7536.426718380468,0.010524025520891342,,4,ENO1,70.07497246598813,106.13089786504094,-3751.816080279639,-5.770217363149067,0.3023339214015982,PER,3636,1.6045820857491425e-05,0.10958023417422004,0.004552125930786133,0.9999837481047557,1.6233476020059774e-05,1.8418795463619277e-08,0.0062038523783218835,0.022779223432528493,-3764.820406707091
64,7614.654064870256,0.009315843550802139,,4,PINK1,70.07497246598813,120.0415262486302,-3790.929753524533,-5.932919877474922,0.28269193295634487,PER,3636,1.3549442667817793e-05,0.11750213952013287,0.0037899017333984375,0.999863049809216,0.00013660731030739405,3.4288074171819013e-07,0.007738000428231695,0.027434307059232322,-3802.4720146956415
65,7488.44740599278,0.007578388558640135,,4,UQCRH,70.07497246598813,147.82157385137037,-3727.826424085795,-6.822959490348305,0.30296958501317967,PER,3636,9.492053640391501e-06,0.12349694851118813,0.003905057907104492,0.9958471224137933,0.004148799583789105,4.078002680748e-06,0.005961607584601181,0.022036400083802917,-3738.128682203828
66,7254.034646507616,0.00784307259300323,,4,PSMB4,70.07497246598813,142.79487208120915,-3610.6200443432135,-4.638115382674399,0.14639816211233322,PER,3636,1.1278136898660735e-05,0.13714822580137556,0.0039048194885253906,0.985193701469928,0.014796975234642497,9.323295753029035e-06,0.005270457124171735,0.02031377193085287,-3620.5034710403424
67,6842.580009137901,0.016095286120200107,,4,KIFAP3,70.07497246598813,69.00376974010034,-3404.8927256583556,-4.697811777812756,0.3085493469227351,PER,3636,3.852274850882118e-05,0.115080736023697,0.0045850276947021484,0.9999678306866692,3.207109272606586e-05,9.822075663677775e-08,0.008180010904735302,0.028453824779736858,-3417.060121322029
68,6457.445046398525,0.011352574771250876,,4,ID2,70.07497246598813,98.30272256290885,-3212.325244288668,-3.528084159128452,0.12368984516455028,PER,3636,2.2253063982856975e-05,0.13104440058349165,0.0046231746673583984,0.9764201604605044,0.02356081242528641,1.9027114468047402e-05,0.0056454593896262395,0.021249705412108372,-3221.847523341121
69,7620.81490705217,0.007158797893223278,,4,YWHAQ,70.07497246598813,156.55183681185625,-3794.0101746154905,-5.2461953263748375,0.17050316852667163,PER,3636,1.1127015108328722e-05,0.16195492221258193,0.0039825439453125,0.9062576609662649,0.09353266918700778,0.00020966984698567235,0.007497846504050831,0.026873122750499943,-3802.295334703749
70,6256.80741234698,0.014457385385728895,,4,TMEM178A,70.07497246598813,76.94920321297845,-3112.006427262895,-3.526700352724695,0.15743459295225354,PER,3636,2.3403597855757338e-05,0.08607305108720784,0.004071474075317383,0.9869316601593485,0.013068339792628173,4.803902653105687e-11,9.835936753499475e-05,0.0006260716589156927,-3129.3365701429298
71,6631.413761017166,0.010590295199544953,,4,CNRIP1,70.07497246598813,105.45971110108236,-3299.309601597988,-3.9971661706447152,0.14730083428496718,PER,3636,2.6112966828123058e-05,0.17615413589807338,0.003935575485229492,0.9745163008993994,0.025482068347938768,1.6307529732389725e-06,0.00280872938493526,0.0121027833609289,-3310.0593165056152
72,7364.27850781394,0.008847174770154643,,4,SMIM37,70.07497246598813,126.46038337847567,-3665.7419749963756,-4.602321589959095,0.16276762329231648,PER,3636,1.29324856625356e-05,0.1241082851376642,0.004489421844482422,0.9996755751364049,0.0003243999082335224,2.495559814575663e-08,0.0029539356841769004,0.012587048165353791,-3678.594284127642
73,7092.847537191088,0.015122668639365207,,4,IQSEC1,70.07497246598813,73.51436034184931,-3530.0264896849494,-4.257553187512978,0.23923966924774254,PER,3636,6.46257329610995e-05,0.2178205348842751,0.0033910274505615234,0.5243532337286888,0.4744232006332156,0.0012235656379682718,0.00779684570871797,0.027558436214685175,-3537.1560755979744
74,7169.862880367566,0.01999480372387106,,4,BSN,70.07497246598813,55.32605581823832,-3568.534161273188,-4.597479003193505,0.3691384118497078,PER,3636,5.521978652185254e-05,0.10861047800544932,0.005023002624511719,0.9999835726706416,1.6412877459543472e-05,1.4451974909311519e-08,0.0057824357761783185,0.02163477190404278,-3581.659757906922
75,6263.282533513206,0.011727525653509778,,4,CADPS,70.07497246598813,95.12371109451396,-3115.243987846008,-3.763700961687832,0.144756200320236,PER,3636,2.184199404057485e-05,0.12071680179481634,0.004537105560302734,0.9963240143341989,0.0036756028442891694,3.828214733682651e-07,0.003209773658662929,0.013452985771554462,-3126.729382976422
76,6465.687458660048,0.02041625427661621,,4,SYNPR,70.07497246598813,54.160664190325484,-3216.4464504194293,-3.3001535788840175,0.19663844374674153,PER,3636,7.64721858040343e-05,0.14451395582846444,0.003996372222900391,0.6184227406759821,0.3815674080766618,9.851247500055123e-06,0.0002526737317606331,0.0014571485132361323,-3230.080086240826
77,7194.275849009939,0.01043727221657716,,4,EIF4A2,70.07497246598813,107.0224271218635,-3580.7406455943747,-7.575472707180817,0.513302914138805,PER,3636,2.462450013892694e-05,0.17091181414204665,0.004608154296875,0.7169271036205712,0.17174843677422635,0.11132445960522042,0.008301261119259551,0.028682980823912414,-3588.422418312124
78,6601.574863766478,0.009490341312278954,,4,RUFY3,70.07497246598813,117.81358199859756,-3284.3901529726445,-4.045257956078013,0.13505102842273267,PER,3636,1.9503665953052323e-05,0.1630925863546487,0.0045125484466552734,0.7087794889481499,0.28148706378709926,0.009733447264592488,0.00529530046978155,0.02035837323469899,-3292.627605430828
79,7455.52597363572,0.010936153944476952,,4,G3BP2,70.07497246598813,102.08882128111559,-3711.3657079072655,-5.819028251075375,0.31938775708685396,PER,3636,1.6489036285684707e-05,0.10445713245491979,0.004072666168212891,0.9995884990152087,0.0004114921560018189,8.829014229885169e-09,0.0020838867566814745,0.009212340878240294,-3724.7375013406854
80,7532.819213377408,0.010677881449774499,,4,ANK2,70.07497246598813,104.58540954744835,-3750.0123277781095,-5.601592793467254,0.2893522585902898,PER,3636,2.2158348406219782e-05,0.14708785366892804,0.003911495208740234,0.9993994834889154,0.0005860095141255169,1.4506997068266334e-05,0.01472781093458575,0.04620135372935489,-3759.6818545257465
81,7744.16853410944,0.011412667208603587,,4,SUB1,70.07497246598813,97.77917424051216,-3855.6869881441253,-5.581090056968314,0.30741387844096557,PER,3636,2.9502239502204476e-05,0.17195135447104629,0.004483461380004883,0.8516481059787095,0.14775903653937641,0.0005928574820288,0.008821661461789532,0.030139039381704102,-3863.4213637023063
82,7164.819345605492,0.01266593894716609,,4,HMGCS1,70.07497246598813,87.9924087933281,-3566.0123938921515,-4.292870835448464,0.2034189300688109,PER,3636,2.142298769723129e-05,0.10189930217558267,0.003844022750854492,0.9974185144004359,0.0025814773936719366,8.205934839099016e-09,0.0012405894575313603,0.005906525288352309,-3579.419693175025
83,7537.5248578241135,0.013446541570027552,,4,PJA2,70.07497246598813,82.81871770180277,-3752.365150001462,-5.782441333576536,0.38846983057719914,PER,3636,2.4190607206951333e-05,0.10242024937552635,0.0050029754638671875,0.971303761251541,0.028696236025200408,2.7236036682894823e-09,0.00048187011260847346,0.002514247458304076,-3766.31063474856
84,6384.20567530675,0.009764156558235483,,4,UBE2B,70.07497246598813,114.47809281033187,-3175.7055587427803,-3.419533571459267,0.09999898591917951,PER,3636,2.1767009346472696e-05,0.17214793900411002,0.0045011043548583984,0.9846496564251428,0.015005325588232758,0.0003450179869599625,0.014422565008548993,0.045789193776821425,-3183.7831688717606
85,7333.862076602714,0.011581267488022717,,4,CAP2,70.07497246598813,96.33927029579459,-3650.5337593907625,-4.900556683201221,0.24115175071657877,PER,3636,1.991117451589003e-05,0.11277459473589234,0.0039408206939697266,0.9551935542063479,0.04480642187596551,2.3917757243047728e-08,0.000766350818463879,0.003841771750077093,-3663.384549115405
86,5552.354256135024,0.003998589849058948,,4,PPIA,70.07497246598813,281.1716772559091,-2759.7798491569174,-7.656946557709725,0.20081307103155388,PER,3636,3.452026436380279e-06,0.1589517205733725,0.003847360610961914,0.9840036894101177,0.012674840654453103,0.003321469935684428,0.015797323101646277,0.04915434814995008,-2767.7811490291765
87,6854.887303012782,0.010581997881496571,,4,YWHAG,70.07497246598813,105.54328688881725,-3411.046372595796,-7.831336481654273,0.5555742310990214,PER,3636,1.4237744694625585e-05,0.09619306434062663,0.004484653472900391,0.7626515084399687,0.23734849119872153,3.6144003283490985e-10,0.0001599981643947146,0.0009856915027369165,-3425.880745180223
88,7490.86366537267,0.006451615398712408,,4,NDUFB2,70.07497246598813,173.83572338903096,-3729.0345537757403,-6.305336548940318,0.22071799608758796,PER,3636,6.464373255646303e-06,0.11550835627981851,0.00414586067199707,0.8968774143093436,0.10312206992112594,5.157693781933777e-07,0.0014026784737269926,0.006600333676985296,-3740.318327159671
89,6933.712742424292,0.011447452692297876,,4,EPHB6,70.07497246598813,97.47862162403327,-3450.459092301551,-4.320801326357385,0.1858176420620077,PER,3636,1.5814524114584064e-05,0.09162744549701474,0.0040819644927978516,0.9993103873832221,0.0006896125240681502,9.30878675638708e-11,0.0005296029364760813,0.0027539352696756224,-3466.1068732973013
90,6185.405698103923,0.005364749832927045,,4,CNTNAP2,70.07497246598813,209.28246849351152,-3076.305570141367,-2.9154385975707418,0.04031615278829004,PER,3636,7.409663031436772e-06,0.1906193289115862,0.0041103363037109375,0.5762632306733525,0.4157280671300044,0.00800870219628695,0.013717145156157295,0.04392922895520938,-3082.5430233295224
91,7586.350198654789,0.014398454385129818,,4,USP11,70.07497246598813,77.26876633810478,-3776.7778204168,-5.244570977723724,0.34351870059371803,PER,3636,2.313433955009624e-05,0.08575991364842735,0.004472494125366211,0.9944548153154104,0.005545184561678945,1.2311725608850083e-10,0.00032667124743623877,0.0018156293245188053,-3792.283369596812
92,7021.369740299486,0.008717375914919135,,4,TCEAL7,70.07497246598813,128.36014433897253,-3494.2875912391482,-4.304698819974079,0.14042466727491135,PER,3636,2.4352581196627426e-05,0.24058498259115363,0.003945827484130859,0.5670213002027946,0.4262048847870949,0.006773815010113137,0.012991144917841813,0.04204307237124333,-3500.6006449407414
93,6661.275582759945,0.011404459463454525,,4,FDFT1,70.07497246598813,97.85035792790036,-3314.240512469378,-3.7710492370525985,0.14166628112029567,PER,3636,2.4346717212038542e-05,0.14210234241714123,0.004559516906738281,0.98597083643033,0.014028127965230133,1.03560406217841e-06,0.0029207814771063934,0.012480442300504754,-3325.2230991002452
94,7344.9771166866285,0.008031361141666745,,4,ATP6V1B2,70.07497246598813,139.42070180307635,-3656.0912794327196,-6.14734477517672,0.2611201062071153,PER,3636,1.65266638282674e-05,0.19180961450637796,0.004044532775878906,0.9218338458501117,0.07806944170271897,9.671244731069047e-05,0.0063570727642684455,0.02327386544245297,-3664.7718567161696
95,7354.912888505589,0.006944737392743889,,4,SARAF,70.07497246598813,161.41209213104284,-3661.0591653422,-7.163357985622445,0.3056778421835063,PER,3636,1.1815284304084443e-05,0.18257585659014222,0.004014253616333008,0.7086523407175767,0.133799850494675,0.15754780878811872,0.013623377963661754,0.043720212962881026,-3667.9789793325576
96,7649.798907112303,0.007840690415797928,,4,NECAB1,70.07497246598813,142.83859931464096,-3808.502174645557,-4.864646658530933,0.16104339002633605,PER,3636,1.60475635464417e-05,0.19526369962196677,0.004494667053222656,0.6433487541322253,0.3522897950260654,0.004361450841765772,0.012106446088274492,0.0395976296362752,-3815.098504180021
97,6580.918189604343,0.013190015205270054,,4,AZIN1,70.07497246598813,84.45137332773605,-3274.0618158915768,-3.690665915760844,0.157169569240363,PER,3636,2.337258644466348e-05,0.10273498526266685,0.003855466842651367,0.9966087638409932,0.0033912353013090587,8.579189907794471e-10,0.0006268974556449258,0.003205535656531054,-3288.5977603792107
98,7255.983470263787,0.012113739350245217,,4,SH3GL2,70.07497246598813,92.05496093096929,-3611.594456221299,-5.839175593868495,0.35613332475322956,PER,3636,4.502657743042646e-05,0.23360998417203516,0.004536151885986328,0.8341674513102605,0.1625622174555478,0.003270331234435495,0.013886842254496434,0.04438003337166152,-3618.4646148769148
99,7112.7613570855265,0.012155832980134132,,4,STXBP1,70.07497246598813,91.73228103628377,-3539.9833996321686,-7.6815621969223935,0.6149189361686009,PER,3636,2.679227300317897e-05,0.1380683980413439,0.004202365875244141,0.9996124316928396,0.00038645369027515586,1.1146170596829765e-06,0.008044061300449323,0.0281730012314538,-3550.936093496687
100,7654.388642525935,0.013974442232253033,,4,TUBB4B,70.07497246598813,79.64750331796037,-3810.797042352373,-5.6118198083005035,0.380892210443424,PER,3636,5.880669180493589e-05,0.23102570858017948,0.0034456253051757812,0.9904659815376007,0.009449333832378174,8.468463031530649e-05,0.011053035200166983,0.036620639302497086,-3819.5799284892114
101,7515.787690475101,0.008807370466408204,,4,PRDX5,70.07497246598813,127.03701391560357,-3741.496566326956,-6.128346732791822,0.28478592312164114,PER,3636,1.1713251278274346e-05,0.11340742499683405,0.004526376724243164,0.9737996291743952,0.02620034900447613,2.182148823491918e-08,0.000863937715624763,0.004302858622624631,-3754.4028643220863
102,7438.59251649575,0.009843991142727418,,4,NCAM1,70.07497246598813,113.5405230355818,-3702.8989793372803,-4.6486486530005715,0.18481523778142223,PER,3636,1.896514744245527e-05,0.14761463877725484,0.0046155452728271484,0.9927616903929718,0.007162886738438276,7.542286864877799e-05,0.011566300530959306,0.037992944356513014,-3711.7409344327507
103,7642.587598548102,0.008355869865035098,,4,APLP2,70.07497246598813,133.96231848902804,-3804.896520363456,-5.931865403432833,0.253463019484674,PER,3636,2.232526465195193e-05,0.23969526896128568,0.004540443420410156,0.6565920448880348,0.3359424034420007,0.007465551669889299,0.014283937527944768,0.04555417914317521,-3811.2342899315645
104,7606.699624261373,0.011275487224264044,,4,PPP3CB,70.07497246598813,98.98250981386813,-3786.952533220092,-5.4921709704836745,0.2940729587435633,PER,3636,1.854347073920283e-05,0.11066233548665723,0.0040972232818603516,0.9975393206757064,0.0024605572301146027,1.220942638639235e-07,0.0026198604536793457,0.01132074911533554,-3799.0099247773933
105,3756.128249255942,0.005973112322882336,,4,GAPDH,70.07497246598813,187.85204518472258,-1861.6668457173764,-7.175897739985641,0.26247298791313495,PER,3636,7.49659925655233e-06,0.15596450660830036,0.003880023956298828,0.9610518926165187,0.038867473642416904,8.06337409695214e-05,0.007337697937491061,0.026422602432186124,-1870.4591663977658
106,7308.537501413235,0.009065427186184452,,4,ENO2,70.07497246598813,123.38864193735172,-3637.871471796023,-7.611929975035071,0.45004181622718276,PER,3636,1.92717972864794e-05,0.17630524159310018,0.003947019577026367,0.9646579765552803,0.034894710626833116,0.00044731281783040805,0.012225954929203753,0.0397343535199122,-3645.8089944055746
107,7426.006890964132,0.00887714321746368,,4,LMO3,70.07497246598813,126.02965361095538,-3696.6061665714715,-4.326721460679006,0.14480820671930938,PER,3636,1.3330922540094033e-05,0.1270853550807573,0.003911256790161133,0.9812959203880869,0.018704053164312087,2.644742722959616e-08,0.0009965668126676874,0.004868577995644052,-3709.4201673716125
108,7504.148945165549,0.01951791695249774,,4,NELL2,70.07497246598813,56.70543333149254,-3735.67719367218,-6.158066294376065,0.6411356744069933,PER,3636,3.527741561437787e-05,0.07267672134827735,0.004472494125366211,0.9942337809774177,0.0057662190223385775,1.4274126101751004e-13,5.376834323411739e-05,0.00036495857752715075,-3754.56256112233
109,7693.277356169869,0.007937364691828085,,4,KIF5A,70.07497246598813,141.08512760052648,-3830.2413991743397,-5.558453225225807,0.21186263869210284,PER,3636,6.33407471617713e-06,0.07523591058597057,0.0039441585540771484,0.9999744854475402,2.551452371850839e-05,2.8538280302462014e-11,0.0009354587674090808,0.0045993389397613145,-3846.4806610652217
110,6619.832500639177,0.013726706610268393,,4,NUAK1,70.07497246598813,81.10533069513735,-3293.518971408994,-4.348698017101305,0.22552224523379602,PER,3636,3.767134194214658e-05,0.15322823152232978,0.003957986831665039,0.6260949826580211,0.3739050067387981,1.0603063321973511e-08,0.0003487431587300138,0.0019174623852754166,-3306.565293931659
111,6275.5746177342535,0.01408999523330334,,4,DYNLL1,70.07497246598813,78.98505137591991,-3121.390029956532,-6.92004215126687,0.5789973499956959,PER,3636,3.053502540958143e-05,0.11805525002952665,0.0038368701934814453,0.9899605133843632,0.0100394864730765,1.4269471372449286e-10,0.00028999594271617024,0.0016476065782466858,-3136.8195288552442
112,7309.631793715709,0.011770106184051056,,4,HSPH1,70.07497246598813,94.7754998644984,-3638.41861794726,-5.139879118030485,0.26914216517506456,PER,3636,1.9784413664596103e-05,0.10857424198740866,0.004506349563598633,0.9262971541309085,0.07369579204661571,7.05382244599136e-06,0.001196831816360877,0.005737312519679955,-3650.179471617177
113,6785.842067488751,0.019561389686273665,,4,NDFIP2,70.07497246598813,56.576903997128795,-3376.523754833781,-3.756129926097752,0.24266877949134155,PER,3636,5.370671800866054e-05,0.11017214890211711,0.004515886306762695,0.9977729736468395,0.002227026269349932,8.425555116105873e-11,0.0003766869679342477,0.0020275010835478454,-3392.220610821374
114,7645.980227807269,0.00817229694175759,,4,NDRG2,70.07497246598813,136.9968475095918,-3806.59283499304,-4.1990677600845085,0.1259426066735994,PER,3636,8.063708813857463e-06,0.09044053876840169,0.0045623779296875,0.9926663867993032,0.007333612644486283,5.563198238905878e-10,0.00045378817129970717,0.0023921342088445044,-3821.343381807195
115,7523.99795904034,0.01784943633084714,,4,CHGA,70.07497246598813,62.11150342787013,-3745.6017006095753,-5.574338931446272,0.48117176284068885,PER,3636,5.681964654620801e-05,0.1390120697561413,0.004548072814941406,0.9961777796060324,0.003822220393985615,2.1737596220439948e-13,6.69730840983096e-05,0.00044283065089140914,-3764.277747035475
116,6127.507730641728,0.020182970533627803,,4,HSP90AA1,70.07497246598813,54.79972443311857,-3047.3565864102693,-8.06231881304694,1.1284922490172427,PER,3636,4.600623573731882e-05,0.08887741878629515,0.00500178337097168,0.9925316922382017,0.007468307762092565,9.175345950670813e-16,1.3325957522014598e-05,0.00010020597469985487,-3068.7646462926164
117,7743.833753489045,0.01598936474623096,,4,KLC1,70.07497246598813,69.46836221586737,-3855.519597833928,-7.035616716644782,0.6822040070341314,PER,3636,3.120173280528739e-05,0.09440836307578954,0.0039141178131103516,0.9999777266036656,2.227319809927114e-05,1.982738944530921e-10,0.0016402532523195346,0.0075560014686431405,-3870.7896601497087
118,7343.0100043885195,0.0071920986367786256,,4,MYO5A,70.07497246598813,155.8217463552161,-3655.107723283665,-5.19390984376386,0.16773582087238062,PER,3636,1.0744675234379172e-05,0.15496640656329377,0.003891468048095703,0.8343820158862808,0.165550394309792,6.758980419903074e-05,0.004674701658015756,0.018387159854861976,-3663.917605695191
119,7120.802620449311,0.027035046739354283,,4,RPL4,70.07497246598813,40.62454872570713,-3544.0040313140607,-5.235842622076243,0.6481403404484535,PER,3636,5.245800665718141e-05,0.05807735983574415,0.0049800872802734375,0.5501277666368269,0.4498722333633721,3.5779298192149865e-26,9.233888875748164e-09,1.1903181122182928e-07,-3577.1008308018186
120,7485.519056345953,0.008806360106225703,,4,MORF4L1,70.07497246598813,127.05171847429231,-3726.3622492623817,-7.065212265626389,0.3772590965863307,PER,3636,1.4867151071411977e-05,0.1439758393692558,0.0038177967071533203,0.5603251471320267,0.43967240772358585,2.4451443491196476e-06,0.0014436170336704635,0.006771726121613571,-3736.6327206841843
121,7216.059811585395,0.013299213157883216,,4,HCFC1R1,70.07497246598813,83.74868663343037,-3591.632626882103,-4.603817177187852,0.24506901440740175,PER,3636,3.1252009956927174e-05,0.13518336408422948,0.005030632019042969,0.8543184025764192,0.1456776426864626,3.954736742485298e-06,0.0022219529235399937,0.009714050830206144,-3601.8735869499524
122,7800.65858172628,0.010061404116903627,,4,PRKCB,70.07497246598813,111.06267808345395,-3883.9320119525455,-5.381702369669821,0.25223936528177804,PER,3636,2.552001958192971e-05,0.1903132796913315,0.005034685134887695,0.9150639998518695,0.08484193263741938,9.406751060163238e-05,0.006164236831055048,0.02273062331451549,-3892.6227676220424
123,6684.796790642749,0.00846585728444515,,4,CACNG3,70.07497246598813,132.2072305598626,-3326.00111641078,-3.2483551666072037,0.07868368247299029,PER,3636,1.8678690040846118e-05,0.19545561846314607,0.004508495330810547,0.5006782389484243,0.4982507723768909,0.0010709886746667007,0.007410596553402149,0.02662261150566486,-3333.1741953628057
124,6769.09970164424,0.008065826444690866,,4,DOC2A,70.07497246598813,138.82013330150622,-3368.1525719115252,-3.5201619821595336,0.08763912676494631,PER,3636,1.198808323488089e-05,0.13796768888166855,0.00389862060546875,0.9988249987757479,0.0011745581153919887,4.431087999087441e-07,0.004573834247990405,0.018097964714737947,-3379.566096554478
125,7564.833735725808,0.010504068876833443,,4,NDRG4,70.07497246598813,106.33468020060488,-3766.0195889523093,-7.730312408172,0.5381936277820533,PER,3636,1.916871625538311e-05,0.13139421153560177,0.004010200500488281,0.999070750773812,0.0009291365953657643,1.1263075732011988e-07,0.0033462794840801724,0.013873493861024284,-3778.118087152866
126,6063.753966164737,0.010073918056391741,,4,OMG,70.07497246598813,110.92331250513685,-3015.479704171774,-3.0786546913997808,0.08395174267607264,PER,3636,2.343703813218332e-05,0.17435467600255367,0.003941774368286133,0.8515739785842992,0.14841313325532798,1.288816082177777e-05,0.0030536859095582347,0.012869104904566848,-3025.128358349788
127,7288.45857902508,0.014085902676507991,,4,THRA,70.07497246598813,79.00832787513244,-3627.8320106019455,-3.2601369428211338,0.13297885828249165,PER,3636,3.28764702154494e-05,0.12717953315534655,0.005092620849609375,0.94033531130929,0.059664346528221154,3.421625762058542e-07,0.0014556967791143904,0.006787352155506003,-3639.344628735645
128,7307.2188683331715,0.008910194111151954,,4,MAPRE2,70.07497246598813,125.55798031110517,-3637.212155255991,-4.615056545903054,0.16476358423411658,PER,3636,1.628057691935089e-05,0.15407653953285325,0.004415273666381836,0.9763701706853987,0.023062915375365783,0.0005669139392315294,0.014698306492375468,0.04620135372935489,-3645.037238022183
129,7156.921872518809,0.018895889322421415,,4,CELF4,70.07497246598813,58.60925976008933,-3562.06365734881,-4.747465294693091,0.37116218998748873,PER,3636,3.7936332313726176e-05,0.08317299051175135,0.005135536193847656,0.9926544504589137,0.007345549540841374,1.7258950461501575e-14,2.8916023106839717e-05,0.00020535731224950057,-3582.004581898291
130,7205.262038868561,0.013439003420560317,,4,SYT4,70.07497246598813,82.86580519370737,-3586.233740523686,-5.593024800169439,0.36310428805782563,PER,3636,3.762191312268142e-05,0.15946065554031916,0.004419565200805664,0.9599152069904345,0.0399943587639851,9.043424593762558e-05,0.00751597319041708,0.02687529807482471,-3594.9681168989737
131,7567.928333938626,0.01068090477826248,,4,CHGB,70.07497246598813,104.55548616553003,-3767.566888058718,-5.556505834189384,0.2849067702878657,PER,3636,2.07845611841998e-05,0.13789223188819938,0.004927396774291992,0.9936949556442571,0.0062265079511337395,7.853640464995164e-05,0.012170272587331943,0.0396373633736034,-3776.3890885840424
132,7586.27767657165,0.009757460046777215,,4,MAP1LC3A,70.07497246598813,114.55743342811043,-3776.7415593752303,-5.711752643632605,0.2747272730074783,PER,3636,1.7224429743969458e-05,0.1364054798375184,0.003927469253540039,0.9955223200694333,0.0044736064000118776,4.073530485296539e-06,0.0058364824808743165,0.021783854320343556,-3787.0442030821396
133,7512.429424916409,0.017818673425217937,,4,YWHAB,70.07497246598813,62.220684148452335,-3739.8174335476097,-7.483046562591497,0.8596799511639212,PER,3636,3.099452879713555e-05,0.07608212343340341,0.005084037780761719,0.9978909389236246,0.002109061076161567,1.21089131152833e-14,3.658040214582492e-05,0.0002516337977206073,-3759.9381829342838
134,6929.761304974845,0.006896727365891547,,4,GPX4,70.07497246598813,162.54358426725153,-3448.483373576828,-6.342131204924513,0.23823885451249677,PER,3636,9.58275602290866e-06,0.15011663255033145,0.003996849060058594,0.9379112462170357,0.062039138950346545,4.961483295711134e-05,0.005630215879103395,0.021249705412108372,-3457.5063217670313
135,6436.084644673088,0.02046870368964041,,4,PRKCG,70.07497246598813,54.01898935891066,-3201.6450434259496,-2.645053588131623,0.1288557404731921,PER,3636,6.50009038761165e-05,0.12223345620891397,0.003999233245849609,0.7331917462863543,0.2668082536731308,4.0758658816557375e-11,8.696749527103975e-05,0.0005629035347922995,-3217.550933791382
136,7420.017375273061,0.013069182723681587,,4,SYNGR1,70.07497246598813,85.24261371363939,-3693.6114087259357,-5.310777806055906,0.31908551325114165,PER,3636,4.0971754652597944e-05,0.18334711103707682,0.0033152103424072266,0.8407507548173031,0.1587699348051042,0.00047931037717951173,0.0081472444918399,0.02840425693291456,-3701.4456469817324
137,7217.067220158884,0.005749138859060569,,4,APP,70.07497246598813,195.21431219361747,-3592.1363311688474,-7.74609015833711,0.29560366246968955,PER,3636,6.160307815507255e-06,0.13821540790859072,0.003984212875366211,0.8062652474963427,0.19366147531762287,7.327718604226964e-05,0.00457758168795197,0.018097964714737947,-3600.88867903154
138,6119.804100053463,0.008840845795971483,,4,PRMT2,70.07497246598813,126.5517217742106,-3043.504771116137,-2.850410359168031,0.06351976979531163,PER,3636,1.957174398719889e-05,0.18808688809211765,0.004533529281616211,0.47394557860761655,0.34216921639752756,0.1838852049952236,0.008650818283045592,0.029687595629064735,-3050.561196469227
139,7492.960492361473,0.015391244034613049,,4,NAPB,70.07497246598813,72.21184592020205,-3730.082967270142,-7.085437841509009,0.6651973808451683,PER,3636,3.1450559268929696e-05,0.10244947487005814,0.004522085189819336,0.9999999994934116,4.949700835147864e-10,1.1449527115279574e-11,0.014447177175998416,0.045789193776821425,-3746.7788915652673
140,7688.389166703773,0.021448553593754412,,4,MYL6,135.11915677301099,56.4695146342843,-3827.797304441292,-5.282367096405194,0.47133024004901,PER,3636,0.0001384574340885687,0.238071439883473,0.0039479732513427734,0.9797414006413969,0.020258599356537083,1.9274722064006647e-12,4.582237204120432e-07,4.393219919450464e-06,-3855.168783965059
141,6179.880192619826,0.06596091817416481,,4,ITPKA,135.11915677301099,17.52696655590149,-3073.542817399318,-2.240965945980394,0.284240156954301,PER,3636,0.00166412628386354,0.3613439804913634,0.0034198760986328125,0.5497890259446785,0.4502109739586212,9.695396358733016e-11,4.4036996271756834e-11,7.186463008603721e-10,-3117.068409992765
142,6959.7438905500585,0.012627320292164594,,4,HPCAL4,135.11915677301099,96.78282884485658,-3463.4746663644346,-3.0061538529061416,0.0920886630375823,PER,3636,6.797591910063521e-05,0.3252592355250488,0.0033495426177978516,0.9913646856914758,0.008621899693588264,1.3414615317250866e-05,0.006772833911371401,0.024619732748918786,-3473.179301691901
143,7588.0374537956395,0.007420939742303031,,4,RPL5,135.11915677301099,165.5520663869061,-3777.621447987225,-5.269678214078256,0.16231129206838332,PER,3636,2.5354266009253133e-05,0.34379541509779576,0.00395512580871582,0.7490724968204249,0.1280781993949704,0.12284930378498837,0.004729006361193777,0.018540889217804845,-3786.484808661591
144,7268.090825934234,0.012051447907994017,,4,S100A1,135.11915677301099,101.46669234644676,-3617.6481340565224,-2.828711787535492,0.07860916904534948,PER,3636,7.000937757000787e-05,0.3668979565943439,0.0033032894134521484,0.9179334010076179,0.08159533821054166,0.00047126078177012665,0.004750045282006066,0.018540889217804845,-3626.830537853333
145,8047.456906304758,0.024038773065818038,,4,ATP1A2,135.11915677301099,50.2514582192011,-4007.3311742417845,-3.6396724381024725,0.25715884399046385,PER,3636,0.00021080442439899705,0.29162309508912654,0.003354310989379883,0.9444758455578394,0.05541000229324045,0.00011415214855741282,0.0073234246682765125,0.026422602432186124,-4015.9409883961025
146,6320.403262231122,0.008577124343123016,,4,TSTD1,135.11915677301099,143.06902957536755,-3143.8043522049666,-3.023901413996632,0.06292209827979926,PER,3636,3.9140418048253656e-05,0.39919528057609116,0.003942251205444336,0.9446657568742227,0.048352384651020146,0.006981858474643289,0.006617103739305907,0.024168183657369672,-3152.6645790565185
147,7490.352240377766,0.007225063139958939,,4,CSRP1,135.11915677301099,170.07385662957944,-3728.7788412782884,-3.3031811341605937,0.0636993093358614,PER,3636,1.5143205916095695e-05,0.21644588271310275,0.0044481754302978516,0.9827114716191907,0.015167802080537918,0.0021207263006201805,0.0022018172013906767,0.009677901395224349,-3740.2376040125
148,7444.7116131524945,0.013142396671558752,,4,NENF,135.11915677301099,92.94121003931534,-3705.9585276656526,-4.030964790662498,0.16956401095244655,PER,3636,4.57718183593858e-05,0.20261246412296013,0.0039789676666259766,0.975197385771432,0.004782976710923576,0.020019637517734862,0.00021841880880846265,0.0012739713030881434,-3722.2829188922897
149,7020.244148865289,0.015640701479487484,,4,GUK1,135.11915677301099,77.89791311907534,-3493.72479552205,-5.740877233095888,0.4028773448898736,PER,3636,8.130822953961156e-05,0.2567410267062764,0.003955364227294922,0.9601008757076657,0.03949499088650265,0.00040413340571054897,0.0006369339738387936,0.0032460356008927223,-3506.9850392525154
150,7155.437125428472,0.013582869382290823,,4,HNRNPU,135.11915677301099,89.88712367770042,-3561.3212838036416,-3.469439034939934,0.13073376674259587,PER,3636,7.396536555036168e-05,0.3070782125113136,0.004393100738525391,0.9666299368620304,0.03259241217273797,0.0007776509654279744,0.004561205763710219,0.018097964714737947,-3571.0618413003594
151,6329.392723672334,0.012580679650182296,,4,SLC4A10,135.11915677301099,97.1462227352806,-3148.2990829255723,-3.2402936108446734,0.10530188513836009,PER,3636,0.00011390760474328948,0.5489819987679092,0.003956317901611328,0.5083776057618375,0.4869834818092805,0.004638912429215201,0.011244483641141279,0.03717465065842828,-3154.7468443912985
152,7632.9364962866075,0.010912754096175545,,4,MAP2,135.11915677301099,112.18340942857697,-3800.070969232709,-5.764593911465025,0.28409509000021627,PER,3636,6.745480481083861e-05,0.42911561173137236,0.003294706344604492,0.85700898364987,0.11325365723628097,0.029737359113939314,0.0029694111581636262,0.012617941043277014,-3809.909047364994
153,7618.946334502335,0.05661975097667013,,4,PTMA,135.11915677301099,20.622780844408688,-3793.075888340573,-5.424313882954577,1.3494182514907904,PER,3636,0.0009307287547139554,0.26440753330300837,0.003226757049560547,0.9356963363538024,0.06430366186725585,1.7790610255948406e-09,1.033863103949706e-05,7.863440826192304e-05,-3813.8625356453203
154,5720.987038847155,0.024183920039889752,,4,RPL32,135.11915677301099,49.94243053126182,-2844.096240512983,-5.3111486599445366,0.5340014041202583,PER,3636,9.790823264684612e-05,0.1339025585455768,0.003893136978149414,0.9354109842041507,0.06458681410807983,2.2016879817765373e-06,3.240894153044849e-08,3.914591835252597e-07,-2875.9903904179023
155,7258.433437608963,0.007619984859165621,,4,IGFBP7,135.11915677301099,161.1952734881829,-3612.8194398938867,-2.9519428871169167,0.05402035330133531,PER,3636,2.2253066136869546e-05,0.2864218605367673,0.004509687423706055,0.9875825009333519,0.011319573944885256,0.0010979251219657442,0.003996628460949281,0.016262143392828107,-3623.3391493755435
156,7475.704660940801,0.019461061427986523,,4,TRIM2,135.11915677301099,62.362960432030896,-3721.4550515598057,-4.896155686638524,0.3676879957860597,PER,3636,9.256035122563681e-05,0.1917593627809321,0.0038933753967285156,0.9778442081210871,0.022155743780846972,4.809778707856603e-08,0.0006165675694895789,0.003173874669788638,-3735.0739587883118
157,7445.294427298768,0.037108304816183726,,4,GRIA2,135.11915677301099,32.11698195809582,-3706.2499347387893,-4.228429143876497,0.5329030423397431,PER,3636,0.0004211114942265543,0.25771976147694614,0.0033555030822753906,0.8041754742490608,0.19582425994932992,2.658017913104503e-07,6.421524938460266e-06,5.0258261508153306e-05,-3727.314496045289
158,6879.274990011323,0.0200525464729674,,4,NPM1,135.11915677301099,60.486946256967265,-3423.240216095067,-3.3255736075775837,0.17772546060269145,PER,3636,0.00016764526519251393,0.3279184889965749,0.003952980041503906,0.987015113086579,0.012931788465611493,5.309844817691576e-05,0.0031139758831050246,0.013087230149816734,-3434.1471694526
159,7559.527066812587,0.010875824294557974,,4,RPS10,135.11915677301099,112.56854073691726,-3763.3662544956987,-5.453286676453826,0.2537392881526318,PER,3636,3.3664958387421285e-05,0.21558461396150894,0.0038919448852539062,0.8008262334979209,0.054070014899906545,0.1451037516017401,0.0004009125952034731,0.002150349374273174,-3777.2418718274935
160,7680.914828604995,0.01321429588537809,,4,RAC1,135.11915677301099,92.42878074947416,-3824.060135391903,-5.470547166593424,0.31025717169719313,PER,3636,7.386378751697197e-05,0.3235110081046792,0.003397703170776367,0.9740942941689028,0.023984535415742334,0.001921170415447514,0.007225535539558181,0.026203242358586877,-3833.128214421305
161,7909.54649859157,0.023334280246786514,,4,MTURN,135.11915677301099,51.805985205385575,-3938.37597038519,-5.211043630019684,0.5003824191958314,PER,3636,0.00011384929080330437,0.16667248104401905,0.003981590270996094,0.9380605061080349,0.06193949384115469,5.043769353601463e-11,4.201557818772628e-06,3.356869632290214e-05,-3960.9054206266
162,6995.43050246261,0.009450328596316317,,4,DPP6,135.11915677301099,129.73517762251834,-3481.3179723207104,-3.3358824932735605,0.08428337442810942,PER,3636,4.249010411788802e-05,0.35826457052508637,0.003921985626220703,0.9317479692042976,0.023481103043994218,0.04477092775136412,0.0012747569919105972,0.006016853001818019,-3493.537130455238
163,6268.921584497797,0.008430591358346612,,4,CNKSR2,135.11915677301099,145.57724048760434,-3118.063513338304,-3.0421173960208656,0.06254354570167596,PER,3636,3.933146947040178e-05,0.4149582635483939,0.003888368606567383,0.7923773775656671,0.20261192508325282,0.005010697350880318,0.005618760961095259,0.021249705412108372,-3126.414063965711
164,6519.653988699594,0.01623767902658831,,4,PCSK1N,135.11915677301099,74.98849445970826,-3243.4297154392025,-5.851371666398538,0.4336806644983041,PER,3636,7.836093955191986e-05,0.2301378214137211,0.0038721561431884766,0.9124090436048453,0.08758054890972013,1.0407485467038276e-05,0.0033280547991574316,0.013835328081050136,-3253.2197627875553
165,7739.468045461648,0.01245899568497225,,4,RPL36A,135.11915677301099,98.10711482050469,-3853.3367438202295,-4.823911911838304,0.22863141482848476,PER,3636,4.436375397435772e-05,0.217900553588515,0.0039827823638916016,0.8419010363237536,0.036097452446713495,0.12200151122974551,0.00020424493506387975,0.0012004280857777453,-3868.7030865236866
166,6516.666384177379,0.007475101645636583,,4,ASAH1,135.11915677301099,164.34356734024323,-3241.935913178095,-3.326628872224131,0.06613312648036367,PER,3636,1.9077145256101025e-05,0.25500186867804936,0.004439115524291992,0.9823110635764826,0.01713893437487815,0.0005500020485325303,0.0012380231689421706,0.005906525288352309,-3254.392910315124
167,7344.974739957739,0.026734810314827148,,4,PABPC1,135.11915677301099,45.05909714326299,-3656.090091068275,-3.036933406913798,0.20097938996981116,PER,3636,0.0002414511331253349,0.2730208173669854,0.0033714771270751953,0.9273794158114512,0.0726205830397318,1.1490997231067188e-09,6.459622775867313e-05,0.00042896369429352635,-3673.3265437155305
168,7612.326091407618,0.006188392720735999,,4,NDUFB9,135.11915677301099,198.77172208255735,-3789.7657667932144,-5.713964958881368,0.15904858402182837,PER,3636,1.398326231112216e-05,0.2712708148998704,0.004494190216064453,0.8592988521428693,0.13921473892900324,0.0014864089277412834,0.0032225153426358455,0.013469587290472445,-3799.352813411395
169,6318.315904301762,0.032642986392728425,,4,GDA,135.11915677301099,36.67966012863155,-3142.7606732402865,-3.2155659092540603,0.27198961782487246,PER,3636,0.00030005713842840877,0.23308680702125203,0.0032591819763183594,0.5147731620982667,0.48522670207473695,1.3582711826249124e-07,0.0006441825542931046,0.003272106087038485,-3154.433988463083
170,6943.4959698083385,0.014374943358467972,,4,GSN,135.11915677301099,84.86605131658068,-3455.3507059935746,-2.230292851953497,0.05976276991811984,PER,3636,4.484155697044057e-05,0.1667575259046254,0.0038194656372070312,0.949250410977997,0.05074956118350186,2.7838783860203405e-08,6.139633488400076e-05,0.0004112750118430444,-3472.8741761386073
171,6625.558867667811,0.012725356107204967,,4,RPLP2,135.11915677301099,96.02768093462753,-3296.3821549233107,-5.099915090006443,0.25906844860615386,PER,3636,8.137291732211018e-05,0.38354128658662123,0.003877401351928711,0.7320639887492775,0.1367360955298139,0.1311999157213499,0.0019254083737753058,0.008633049523662168,-3306.8403841677855
172,6873.015026508323,0.02054569322611146,,4,SLC1A2,135.11915677301099,59.00540329601422,-3420.110234343567,-5.299186122478031,0.45247410431998347,PER,3636,0.00011481904852182691,0.21436810036898013,0.003828763961791992,0.7730954398184654,0.22639240038933636,0.0005121597921299109,1.4921606993456571e-05,0.00011165729330713356,-3439.4718362114654
173,7356.872396038914,0.014739368388946513,,4,GNG3,135.11915677301099,82.73716933988086,-3662.0389191088625,-6.627285852099209,0.5047389759439015,PER,3636,6.954013890409783e-05,0.24634556029038054,0.004008054733276367,0.9660686140727018,0.03383379660916185,9.758931837239541e-05,0.008044181577168685,0.0281730012314538,-3670.7384180925437
174,6708.755651857273,0.014934172833351855,,4,FAU,135.11915677301099,81.64178326313683,-3337.9805470180418,-5.498013083285332,0.3527777986189291,PER,3636,7.342360129246983e-05,0.25356398322834384,0.0045282840728759766,0.866185076676674,0.1280096457430619,0.005805277579999492,9.251738288296174e-05,0.0005938144993408507,-3354.220120593004
175,6754.720252578778,0.008169948628133923,,4,C11orf87,135.11915677301099,150.26102227515025,-3360.9628473787943,-3.5217284897913776,0.08082186440818281,PER,3636,2.2046741204248933e-05,0.24741049424953893,0.00400853157043457,0.7139691826303152,0.2506762688752231,0.03535454849469217,0.0018350921652241503,0.008303927378919902,-3371.193769028095
176,7011.915099469212,0.007316189717617393,,4,THY1,135.11915677301099,167.9400903044,-3489.5602708240112,-7.442731414546166,0.3160804308822642,PER,3636,2.2460350635793395e-05,0.31320248736258316,0.0044443607330322266,0.7317496418031327,0.23363383778654545,0.03461652041028252,0.005758651519112701,0.021598463154813896,-3497.755428211704
177,6401.604097309892,0.011417363565740173,,4,ATP5MD,135.11915677301099,107.1705722487719,-3184.404769744351,-7.228163139422524,0.4634596267161438,PER,3636,8.7300667729406e-05,0.5084160257211133,0.0046536922454833984,0.8631487589241569,0.1070221897968044,0.02982905127893693,0.00433865830581992,0.017468508769364195,-3193.584893044288
178,7625.749925664748,0.008847066610327085,,4,DDN,135.11915677301099,138.66593220084548,-3796.4776839217793,-2.6890507115770856,0.05283415874696414,PER,3636,3.465922155991769e-05,0.3326197235807814,0.004172801971435547,0.8521147291169024,0.13804073897849214,0.009844531904416113,0.0019726683488566765,0.00877122680332215,-3806.9625654918377
179,6312.337152244776,0.018040427361549618,,4,ANKS1B,135.11915677301099,67.37134053997515,-3139.7712972117934,-3.1637919106677765,0.1443038095706404,PER,3636,0.00014163462472976056,0.339483106772464,0.003293275833129883,0.9442350507380459,0.05520170863209441,0.0005632406300160405,0.011464163914412406,0.03773825631911723,-3147.5828973622156
180,5476.998635725309,0.01820869768820026,,4,COX6A1,135.11915677301099,66.73730991899393,-2722.10203895206,-6.756944228198488,0.6458828207169703,PER,3636,0.00013573054601969227,0.3195664295064287,0.003457784652709961,0.7328548595819019,0.22291688625900763,0.04422825415921118,0.0004237019488558813,0.0022646647719335258,-2735.121772058113
181,7344.696824972923,0.007835898069148937,,4,TSC22D1,135.11915677301099,156.71953472667914,-3655.951133575867,-6.719170504268663,0.2764436533525195,PER,3636,2.222505738221214e-05,0.27075578752399865,0.003885030746459961,0.7442638443284769,0.10281702471899104,0.15291913095213025,0.0018216829315410576,0.008267637920070953,-3666.661917191719
182,6656.98324707826,0.025399759175920363,,4,RNASE1,135.11915677301099,47.49253128848512,-3312.0943446285355,-2.771138587583645,0.1587909353968101,PER,3636,0.00017441411678144437,0.2173154950470161,0.003856658935546875,0.9311793792238038,0.06882062077371522,2.347733391811861e-12,8.365260830700549e-07,7.777157645027056e-06,-3337.6686712790265
183,7094.688585714712,0.010590200681739085,,4,ITPK1,135.11915677301099,115.63795945793564,-3530.947013946761,-4.127022957099431,0.14275471857307495,PER,3636,4.249441420524014e-05,0.28666591447514733,0.003854990005493164,0.9313985077581155,0.06851979353921882,8.169870285684559e-05,0.00034226284980998223,0.001888601480606161,-3545.0754600246637
184,7120.389053373261,0.007328053724452975,,4,GPRC5B,135.11915677301099,167.6661939908627,-3543.797247776036,-3.3885557387654655,0.06757732585077007,PER,3636,2.2176065807127948e-05,0.3082528665421598,0.00392913818359375,0.9432534805970086,0.05228200867517231,0.0044645107280387765,0.009713160253038144,0.03267541190386078,-3551.9303486913223
185,7632.452787109452,0.018235423674090676,,4,MT1E,135.11915677301099,66.63768513486522,-3799.8291146441316,-2.9325678818369605,0.12817871764122424,PER,3636,0.00014564795204023392,0.34194910272088225,0.0032341480255126953,0.9818813358622354,0.01811480440970643,3.85972815280498e-06,0.003897927190159134,0.015902713589638594,-3810.1562486169923
186,7712.452666440639,0.04277321124135616,,4,CNP,135.11915677301099,27.699465556786894,-3839.829054309725,-4.697502126392277,0.7593241260326299,PER,3636,0.00013447467729335724,0.06336300776438203,0.004976511001586914,0.9921744457004152,0.00782555429975287,2.1615675807458805e-25,0.0,0.0,-3923.6759516658217
187,6595.868436437571,0.030935771760990542,,4,SEPT4,135.11915677301099,38.772161192258224,-3281.536939308191,-3.338047647472161,0.2774158286024978,PER,3636,0.00011208832319930907,0.096281081917115,0.004560232162475586,0.9985109808193543,0.001489019164664007,1.6013764750334134e-11,2.6089130855666554e-12,4.653572875882848e-11,-3333.7535856946442
188,6949.556527218365,0.009014567488754987,,4,RPL38,135.11915677301099,136.06636349949002,-3458.380984698588,-6.09032010324821,0.2612289010328115,PER,3636,2.997496378334394e-05,0.2772663666106214,0.0039141178131103516,0.9200007504698459,0.03096999862816355,0.0490292509020341,0.001969387222131247,0.00877122680332215,-3469.6545140936505
189,6417.009914835835,0.02181130777419033,,4,BAIAP2,135.11915677301099,55.50975802464082,-3192.107678507323,-3.207603084662817,0.17966507536772264,PER,3636,0.00019535002093584226,0.3252963656571488,0.0034449100494384766,0.6462102457178458,0.3434571355696733,0.010332618712379105,0.01556584251403692,0.048532525236854945,-3198.2749765666804
190,6391.819917424613,0.008482362573988076,,4,P4HB,135.11915677301099,144.68117057821163,-3179.512679801712,-2.8542959939571184,0.055739981784884894,PER,3636,3.817222752596451e-05,0.3979120553088467,0.004527091979980469,0.9758046275230136,0.021954936648816245,0.002240435827886717,0.00901853236213268,0.03074317476335896,-3188.2289681256625
191,7549.943419569687,0.010932163561599545,,4,DYNLRB1,135.11915677301099,111.98203631435975,-3758.5744308742487,-5.938326211944081,0.3016582891403227,PER,3636,6.008921136835036e-05,0.38093350665198494,0.0037965774536132812,0.8254588070348214,0.17437745903197835,0.00016373393301597627,0.00588639688779935,0.021863759868969015,-3766.9365442609515
192,6525.763843035618,0.010006033107983914,,4,PKIG,135.11915677301099,122.4613420453584,-3246.4846426072145,-2.6050242861884207,0.05527281217476007,PER,3636,6.83493513595201e-05,0.5152483103694693,0.0038213729858398438,0.5050097370226789,0.3575699935413295,0.13742026943643865,0.00420728327011366,0.01702895128325687,-3254.8493814635103
193,7763.749101368922,0.053278679020809454,,4,PIN1,135.11915677301099,21.99363997087472,-3865.4772717738665,-5.429827583724898,1.26909708030436,PER,3636,0.0009143158279639076,0.28950050453751974,0.004243612289428711,0.9833595004112009,0.01664049954692542,4.218618885490043e-11,5.2514355945665336e-05,0.00035803120898066944,-3883.871950256126
194,7034.405982376533,0.014486596131559485,,4,RPL18A,135.11915677301099,84.20242221689524,-3500.805712277672,-4.921182470968532,0.2754210475870866,PER,3636,5.808982449767068e-05,0.21280584046798035,0.005050182342529297,0.7599978966342613,0.24000049271379975,1.6106514975560255e-06,2.1501647048061123e-05,0.00015632003114561974,-3519.4334850459018
195,7723.023855913669,0.011752167693332757,,4,RPS16,135.11915677301099,104.08215908312347,-3845.1146490462397,-4.640803027471954,0.199948636714777,PER,3636,3.8645074637827074e-05,0.21271126401143942,0.0050449371337890625,0.8736562784581153,0.10041848626612879,0.025925235276082457,0.00044762070466397574,0.002370416502468784,-3858.518444923423
196,7856.478524236461,0.011223918487726085,,4,TMEM160,135.11915677301099,109.03899760116899,-3911.841983207636,-5.165133029851798,0.23568788765352933,PER,3636,6.854660725067018e-05,0.4127471735918195,0.0043888092041015625,0.9050744108314934,0.09273148143196722,0.002194107736494639,0.010494625398444923,0.03499729426350981,-3919.5300847261183
197,7711.5306282910915,0.02143669793697167,,4,RPS9,135.11915677301099,56.501429874785686,-3839.368035234951,-4.164780001185956,0.29608532138454086,PER,3636,0.0001630664721667652,0.28068224999601754,0.004224061965942383,0.9998166994742393,0.00018330043094777444,9.442862675681529e-11,3.3206883584768754e-05,0.00023049483900015958,-3860.8949595076283
198,7624.000775454705,0.04539447839218808,,4,MIF,135.11915677301099,26.028510379011596,-3795.603108816758,-5.6542125914078945,1.1615749167364273,PER,3636,0.0007454505411245254,0.31513004775184617,0.004142045974731445,0.7788754562931061,0.22112394778756547,5.959194464788938e-07,0.0011863701686368744,0.00570499008993406,-3806.744124396908
199,7478.96818653976,0.014138958475418907,,4,C1orf61,135.11915677301099,86.30315805046419,-3723.086814359285,-5.075698489901219,0.28625480507647416,PER,3636,4.290574854778545e-05,0.16476945905934284,0.004841804504394531,0.8446889872567971,0.025297365357730774,0.1300136473853815,3.4905619358260864e-06,2.8330804283371516e-05,-3746.3669904349576
200,6656.121858965793,0.03986419470806171,,4,CLDND1,135.11915677301099,29.81110487416352,-3311.663650572302,-3.5641908952288124,0.4091330974307938,PER,3636,0.00017026749007250204,0.09129674207883111,0.004864692687988281,0.9921597328148799,0.007840267185409243,3.4925778014755016e-16,4.4075854077618715e-14,9.52286762747424e-13,-3371.063291124666
201,6783.665947991043,0.008080601368385024,,4,ATP5ME,135.11915677301099,151.93614500262495,-3375.435695084927,-6.685891436194769,0.2818008812821496,PER,3636,1.530409541412258e-05,0.1754980189084933,0.005620479583740234,0.9967183099402411,0.003225568599945501,5.61214597018432e-05,0.00020609471536392476,0.0012066766922452694,-3392.077059384827
202,6532.172836426611,0.05492930837249636,,4,RPS14,135.11915677301099,21.29553555306256,-3249.689139302711,-5.286138385167056,1.2366684886720778,PER,3636,0.0010524398037949384,0.315558822513998,0.004143476486206055,0.9901700266615105,0.00982796384296816,2.0094959313992665e-06,9.04735888429542e-08,9.913320377506552e-07,-3280.5632764168017
203,7740.822859342516,0.02219692685666792,,4,RPS6,135.11915677301099,54.52390457128184,-3854.014150760663,-4.719997919529241,0.391503919157399,PER,3636,9.129244511556961e-05,0.14701465478803966,0.004926204681396484,0.9559748833064138,0.038550146016215085,0.005474970677244687,1.208585606038426e-07,1.2698426847006476e-06,-3883.6268383433508
204,7124.122333942703,0.042787811865711664,,4,RPS13,135.11915677301099,27.689591220914288,-3545.663888060757,-5.7254917263964185,1.1173904940213786,PER,3636,0.0006955348829738051,0.32752394473730273,0.004285573959350586,0.9925930920454858,0.007405914784105105,9.931699831542194e-07,2.2924782294708734e-08,2.8360174225873547e-07,-3579.3424752815413
205,7282.560426496015,0.017197087908105986,,4,PLEKHB1,135.11915677301099,70.7359068160487,-3624.8829343374127,-3.061287892068696,0.13046295712552025,PER,3636,6.540647254005341e-05,0.17193100308835726,0.004952907562255859,0.9968681920374017,0.002834503394425054,0.00029730456815747763,2.9587248794316068e-05,0.00020819651215816902,-3645.2584661415235
206,6392.260402333666,0.022407391596060033,,4,RPS24,135.11915677301099,54.00015510547953,-3179.7329222562385,-5.198853264623162,0.47482943762737295,PER,3636,8.344288551222911e-05,0.13197464038958048,0.004893302917480469,0.9112741314060396,0.08667859886910703,0.002047269725103683,1.1834207558347742e-07,1.2519775444486508e-06,-3208.957261514337
207,7841.3929023970295,0.041844094001995916,,4,SCD,135.11915677301099,28.341994794688464,-3904.29917228792,-3.5449375108111374,0.4306021180756779,PER,3636,0.00023067668223361015,0.11315222870060379,0.004931926727294922,0.9995074765913065,0.0004925234081075606,3.621074029991141e-13,2.9409807922320397e-13,5.8590448510181156e-12,-3961.3539992085375
208,5031.155068788297,0.04087976238116428,,4,CKB,135.11915677301099,29.039764769906128,-2499.180255483554,-6.43803285707553,1.3376242806273304,PER,3636,0.00020180533368539152,0.10331654171960307,0.006263256072998047,0.9920237874632251,0.007976212536820645,6.514560953550766e-15,2.0665691380372664e-12,3.773948878272818e-11,-2551.011615463782
209,6850.286814940931,0.009265629927349923,,4,PRKCA,135.11915677301099,132.34595780757786,-3408.746128559871,-1.995709010461367,0.03138456106129383,PER,3636,1.900988926175617e-05,0.16661279331445866,0.004952192306518555,0.8544833679294648,0.011476933442140994,0.13403969862867054,0.00017838528890212757,0.00108159301650539,-3424.947287345964
210,6565.732813245022,0.011843149963265118,,4,VSTM2L,135.11915677301099,103.27306325542646,-3266.4691277119164,-2.8136540365441367,0.07575054815489263,PER,3636,4.3771133469350716e-05,0.23732766426121463,0.0058078765869140625,0.5538348578983088,0.007395029139984488,0.4387701129615382,0.0001946018935007343,0.001162059167271881,-3282.5096583453787
211,6280.373559302434,0.007338540525053995,,4,RPL36,135.11915677301099,167.42482967055489,-3123.7895007406223,-5.814150634626479,0.19396488783174953,PER,3636,2.052346745598358e-05,0.2844789280436264,0.004834890365600586,0.8436244703774302,0.025586723491725586,0.1307888061312641,0.007647465177355928,0.027218588357457062,-3132.6515428022653
212,7580.440877097446,0.010199943521380487,,4,RPL3,135.11915677301099,120.10970749758658,-3773.8231596381283,-5.3525530721843415,0.2294901608417171,PER,3636,2.3233040115443613e-05,0.16868016745720207,0.004980325698852539,0.9896103003156548,0.008693970843553884,0.0016957288405702346,0.00015575277416501887,0.0009634062724562055,-3790.4918547541556
213,7857.512694738024,0.02202287568885138,,4,H3F3A,260.537905111713,28.080906148455192,-3912.3590684584174,-3.852216446632951,0.10457476159798881,PER,3636,0.00026123113000200916,0.4270516714996838,0.004900455474853516,0.4471283392583686,0.20406860211940703,0.34880305862182065,9.399562449163845e-06,7.20946439850867e-05,-3932.3809841437733
214,7560.334253154334,0.028701426857422316,,4,RPS2,260.537905111713,21.399602779344452,-3763.7698476665723,-5.469824054707612,0.24433001250005382,PER,3636,0.00048766922785941133,0.4822793350967116,0.004895925521850586,0.545075666758858,0.44793099667063196,0.006993336570243408,5.690163529248338e-08,6.465711743605148e-07,-3793.33414910644
215,7768.9945228000515,0.023738353326327954,,4,RPLP0,260.537905111713,26.005911920242944,-3868.099982489431,-4.184166053747264,0.12830557939691323,PER,3636,0.00022025427148187837,0.3120753058092327,0.004877567291259766,0.7065142864651155,0.0224871445744258,0.2709985689601931,4.271091348706513e-06,3.394743071977094e-05,-3890.9628477403594
216,6780.718493965231,0.00859313270697506,,4,FUS,260.537905111713,72.95530090021141,-3373.9619680720207,-3.18368829319359,0.03174042643874896,PER,3636,5.0981725180177774e-05,0.5180641891953929,0.004317760467529297,0.9092344681855186,0.04677040823634885,0.04399512357820826,0.009435349500131363,0.032021739232746704,-3382.184152398384
217,7146.927601483569,0.009233027218102744,,4,DDX17,260.537905111713,67.85531237153835,-3557.0665218311897,-3.238349107758948,0.035257954030227356,PER,3636,0.00011609198864580743,1.0245524678391158,0.004113674163818359,0.7187109249360278,0.10725632062194121,0.1740327544415768,0.005615639152337315,0.021249705412108372,-3565.6873214632287
218,6501.1894858316355,0.026084176228474063,,4,PTP4A2,260.537905111713,23.610258683182035,-3234.197464005223,-2.852595501447865,0.07009085850625019,PER,3636,0.00032180785308529253,0.3812563128187211,0.007300376892089844,0.9899642566108953,0.010007122420582697,2.8620968245548233e-05,0.0015151049691574103,0.0070216647211101746,-3246.554804666128
219,5101.0668948727425,0.13111190241613896,,4,RPLP1,260.537905111713,4.190619003609847,-2534.1361685257766,-4.944178995595423,0.9045056676036926,PER,3636,0.006123898318884068,0.4314406920487776,0.0033173561096191406,0.8417038281845567,0.15829617181537112,4.6409034847428114e-14,0.0,0.0,-2611.25493392232
220,7545.4005322752055,0.13856148930926585,,4,RPS15A,260.537905111713,3.9313181314428327,-3756.302987227008,-4.78932610382802,0.9641979434687264,PER,3636,0.010315600510760334,0.6689930659562345,0.002665996551513672,0.6630964474327802,0.3369035371231039,1.5444269770982695e-08,8.43769498715119e-13,1.559448687986738e-11,-3807.8191340313224
221,7168.948964197183,0.015542505925282687,,4,DDX5,260.537905111713,40.052753398794565,-3568.077203187997,-3.9572243994620933,0.07764074836542148,PER,3636,0.00020166315805761022,0.6445888393453427,0.003850698471069336,0.9613918734274518,0.0326040801716165,0.006004046400716232,0.0010095652483229633,0.004900864211795651,-3580.5791164285156
222,7491.078210552185,0.5132842758797299,19.44483892195376,4,HPCA,0.7071067811865476,0.948082984808393,-3729.1418263654978,-4.596664147552881,8.554066988842376,SE,3636,0.0008694324084251051,0.016303243998278275,0.0032341480255126953,9.334461209360756e-06,0.9999906655310968,7.831973030160802e-12,1.035472651167435e-05,7.863440826192304e-05,-3748.5866652874515
223,6160.101045734083,0.20018039436357335,7.751370671364839,4,SLC30A3,0.7071067811865476,3.9948404674845297,-3063.6532439564467,-3.423737534628304,2.160823203434992,SE,3636,0.0049760738923923815,0.19368673138094106,0.003275156021118164,0.008460919013991427,0.9908723583396971,0.0006667226458577497,0.005367179067019445,0.020583131722019574,-3071.4046146278115
224,7532.2271144782935,0.456168209522901,13.876829545301007,4,RPS4X,0.7071067811865476,1.191978743983181,-3749.716278328552,-5.183645925889096,9.862133997776354,SE,3636,0.0010365784287196468,0.01965314859665035,0.003279447555541992,0.0008776070844903188,0.9947975688006713,0.004324824115170372,0.00019519007711654712,0.001162059167271881,-3763.593107873853
225,7630.556036542283,0.3146807497934702,7.9737815883840995,4,PPP2R1A,0.7071067811865476,2.1774675432753585,-3798.880739360547,-6.224414796852764,10.424690321891758,SE,3636,0.0008868753188554466,0.021033413482009683,0.0046575069427490234,0.3878199446003428,0.6119161576046479,0.0002638977947059225,0.004745968898384856,0.018540889217804845,-3806.854520948931
226,7524.082384414186,0.38983379972975296,508.83313663397485,4,IGKC,2.629014510851892,1.556856481158195,-3745.6439132964983,-1.8826037681617964,0.4014685432035236,SE,3636,3.865345660948615e-06,7.832800369143264e-05,0.0044934749603271484,0.0,1.0,0.0,0.0,0.0,-4254.477049930473
227,6638.522473830883,0.3171018297342186,452.57623229228693,4,HBB,2.629014510851892,2.1420870936935783,-3302.863958004847,-3.367467632303367,0.6615817254850869,SE,3636,3.383670012056932e-06,7.97137388104168e-05,0.004510641098022461,7.216207434e-315,1.0,0.0,0.0,0.0,-3755.440190297134
228,7097.989332761367,0.18331693951274433,292.81483105674806,4,MUC1,5.069288097440687,4.36795493905074,-3532.597387470089,-3.409285949394658,0.2518141640110325,SE,3636,1.2549083042966444e-05,0.0005479541997890798,0.005082130432128906,9.57124292830341e-86,1.0,2.9496637256184125e-182,0.0,0.0,-3825.412218526837
229,6263.232191553067,0.12681559694316977,130.92761255259165,4,CCK,5.069288097440687,6.750881724429196,-3115.218816865939,-6.491737506230406,0.6182898914169298,SE,3636,1.183799243703836e-05,0.0008772938826018159,0.00436711311340332,8.57926414194639e-74,1.0,1.3313464571929494e-89,0.0,0.0,-3246.1464294185307
230,5750.5255037635325,0.2881907499335415,653.5236539214657,4,FABP4,5.069288097440687,2.4216467391556367,-2858.8654729711716,0.5665886353586254,0.1099419068889545,SE,3636,1.1505764399822181e-05,0.00029602123446454385,0.004488706588745117,2.494118468267938e-135,1.0,2.0392868835144053e-239,0.0,0.0,-3512.3891268926373
231,2659.186774580404,0.1390091744283219,182.1160805717136,4,MTRNR2L8,5.069288097440687,6.072706050199725,-1313.1961083796073,-4.698181386120706,0.3223161228033692,SE,3636,1.0585280870742772e-05,0.0006832021541818844,0.0049953460693359375,7.629465461156185e-87,1.0,1.0223344761315113e-131,0.0,0.0,-1495.3121889513209
232,6127.7945582503835,0.3920909896285206,906.4132134822867,4,SAA1,5.069288097440687,1.5201236583717475,-3047.500000214597,0.6187453820178228,0.18731673359345014,SE,3636,1.3243131232288262e-05,0.00026748088998327724,0.004524946212768555,7.800736316985989e-236,1.0,0.0,0.0,0.0,-3953.9132136968838
233,7367.750439918932,0.44924566885973377,1052.3928959126356,4,SCGB1D2,5.069288097440687,1.2019910175423678,-3667.4779410488713,-4.539665300750653,0.6353350126340958,SE,3636,1.199194880238592e-05,0.00022831190654148115,0.0038809776306152344,8.316511570254242e-289,1.0,0.0,0.0,0.0,-4719.870836961507
234,8231.19089843968,0.6902539498372762,1688.3710703148845,4,SCGB2A2,5.069288097440687,0.4399710251520453,-4099.198170309245,-7.309552937052177,1.8841234392504214,SE,3636,8.603270570071521e-06,0.00020691397178472943,0.004509925842285156,0.0,1.0,0.0,0.0,0.0,-5787.56924062413
235,7255.8203112412,0.06861423503127353,76.01970353572915,4,ADIRF,5.069288097440687,13.30891250855801,-3611.5128767100055,-1.3598234906346451,0.05355416462612457,SE,3636,7.66270934811427e-06,0.0015536773399667456,0.013539552688598633,2.475515188695385e-27,1.0,1.4956360893038532e-32,0.0,0.0,-3687.5325802457346
236,7197.719386633923,0.3884817025816555,763.278838910443,4,MGP,5.069288097440687,1.5433559040767884,-3582.462414406367,-1.296845534297764,0.26568012079489456,SE,3636,1.4491561227819788e-05,0.00029424857666277704,0.004522085189819336,0.0,1.0,0.0,0.0,0.0,-4345.74125331681
237,6735.981492215101,0.07469215813461501,70.51792507063283,4,TESPA1,5.069288097440687,12.146144251612588,-3351.5934671969558,-2.491418753714763,0.10679201921955381,SE,3636,8.532978865607969e-06,0.0014949466385461583,0.014996051788330078,4.805085013590802e-43,1.0,1.4315421776633831e-42,0.0,0.0,-3422.1113922675886
238,8002.8513142187085,0.06939397482463283,70.40801717744807,4,B2M,5.069288097440687,13.148351196475137,-3985.0283781987596,-3.7203155733364306,0.20888168683173838,SE,3636,8.610324300024877e-06,0.0017119975084856848,0.017194747924804688,2.3426714972749023e-27,1.0,1.15175620479732e-38,0.0,0.0,-4055.4363953762077
239,6165.4148978131525,0.16908851866174393,200.49869943495332,4,HBA2,5.069288097440687,4.818011590667842,-3066.3101699959816,-3.4511092185517045,0.22876079428500395,SE,3636,1.3851171157387274e-05,0.0006749689773677167,0.0052394866943359375,3.0117724503704178e-111,1.0,9.721507642167572e-164,0.0,0.0,-3266.808869430935
240,7432.963799679296,0.2021945473658578,325.4639974418751,4,KRT19,5.069288097440687,3.8686083101069815,-3700.0846209290535,-2.809059019637033,0.2200431395585448,SE,3636,1.3383370934423902e-05,0.0005143274452793829,0.005084991455078125,1.3817009513764745e-181,1.0,1.1657535012779379e-232,0.0,0.0,-4025.5486183709286
241,8153.805053535764,0.1904617196357712,313.0368710763064,4,GFAP,5.069288097440687,4.167320367532013,-4060.5052478572875,-2.295335197893079,0.19639838684554006,SE,3636,1.0854669175988445e-05,0.000450603026742706,0.004934549331665039,9.733603876519463e-67,1.0,8.310333332368417e-171,0.0,0.0,-4373.542118933594
242,7732.832359244702,0.05961438261200345,58.791665201310934,4,FKBP1A,5.069288097440687,15.466146780624614,-3850.0189007117565,-4.429151580534879,0.26462496707382704,SE,3636,7.368119563135475e-06,0.0019105547461951433,0.014122486114501953,5.752090380045471e-23,1.0,1.7428087737134648e-31,1.7541523789077473e-14,3.844099641777835e-13,-3908.8105659130674
243,2980.6243115034777,0.11698899826777676,130.69905990390953,4,CST3,5.069288097440687,7.400282386097176,-1473.9148768411442,-3.2797907410750504,0.16146298585567842,SE,3636,1.2987519424484215e-05,0.0010900534924860638,0.005026340484619141,4.806065788319859e-58,1.0,7.6494628369065e-98,0.0,0.0,-1604.6139367450537
244,6823.428163023401,0.2007718063643748,310.7040026822665,4,PCP4,5.069288097440687,3.9029705037787017,-3395.316802601106,-4.421726484361819,0.36995250522130135,SE,3636,9.978050244808561e-06,0.0003869221066721414,0.005054473876953125,2.912473707276751e-130,1.0,4.859760577076198e-267,0.0,0.0,-3706.0208052833723
245,6515.066239532149,0.13568920422402314,186.64720929150326,4,TFF3,5.069288097440687,6.2452789617726365,-3241.1358408554797,-2.408156394169852,0.13189213374786868,SE,3636,1.076107397892007e-05,0.0007200177967198462,0.0050623416900634766,2.556305381840743e-94,1.0,1.2808578261273045e-141,0.0,0.0,-3427.783050146983
246,5878.050804073244,0.2313298658229328,396.5711020705985,4,TFF1,5.069288097440687,3.257883133653302,-2922.6281231260273,-2.295038393100032,0.15867957547188877,SE,3636,1.4482516175190255e-05,0.00047212494967884005,0.004460334777832031,1.38259770016514e-83,1.0,5.541143014293802e-214,0.0,0.0,-3319.199225196626
247,7271.088971093977,0.020800556276287942,23.612781546686165,4,GABRD,9.774644342501894,43.935816765033074,-3619.147206636394,-3.4778849688010296,0.05516817542608628,SE,3636,7.806378644556598e-06,0.014234398359525455,0.013437509536743164,0.00028505901736287925,0.9997149382832043,2.6998730323276765e-09,1.1780243089898335e-06,1.0692836035446181e-05,-3642.75998818308
248,5923.321519314296,0.07272104679227007,132.24371631529857,4,EFHD2,9.774644342501894,11.900707378385137,-2945.2634807465533,-4.166820524907881,0.10267218323355297,SE,3636,2.0060573485906693e-05,0.003679372866477691,0.0044901371002197266,1.4030221777405573e-31,1.0,7.29204953995937e-84,0.0,0.0,-3077.507197061852
249,6417.524640881632,0.0981730764357631,127.41616052807012,4,CAMK2N1,9.774644342501894,8.573404054738296,-3192.3650415302213,-4.4831326930960325,0.13182796844146066,SE,3636,4.1617478186686006e-05,0.004619242155615883,0.00441431999206543,1.8579758047002362e-36,1.0,3.353176617173456e-42,0.0,0.0,-3319.7812020582915
250,7258.735870506655,0.036111616828801575,42.25480642376988,4,RPL11,9.774644342501894,24.911639380337657,-3612.970656342733,-5.839476765398167,0.1581718185040945,SE,3636,1.7365605281182615e-05,0.011177662738856555,0.012195348739624023,1.7173523122600915e-06,0.9999982681880728,1.4459358525619957e-08,8.012290830805568e-11,1.2541687892301778e-09,-3655.225462766503
251,6279.369678277615,0.04375526808316688,29.536050463897936,4,STMN1,9.774644342501894,20.396760780059214,-3123.287560228213,-8.741849843424223,0.34102514563183556,SE,3636,3.2704581248145044e-05,0.014783878239939173,0.022609949111938477,7.404252340576997e-12,0.999999999992724,2.7618868445051874e-19,5.48862550964202e-08,6.283247411784222e-07,-3152.823610692111
252,7436.5659072096905,0.04535011782358072,36.453930696687166,4,LMO4,9.774644342501894,19.646636023027156,-3701.8856746942506,-6.966592182132575,0.22998327323176984,SE,3636,3.2192449740016915e-05,0.013633191097013601,0.013561010360717773,1.351357059047961e-11,0.9999999999863576,6.834076560556613e-16,1.563175699992314e-09,2.1602806520614503e-08,-3738.339605390938
253,6460.52157039129,0.11399778696764301,151.97899079322406,4,S100A11,9.774644342501894,7.253721580104182,-3213.8635062850503,-2.0473949554132362,0.0655451338056093,SE,3636,4.177551870150838e-05,0.0036513196991432534,0.00448155403137207,1.4741266327488325e-34,1.0,2.582931186852952e-69,0.0,0.0,-3365.8424970782744
254,7685.938549035391,0.027192737452170348,31.998296370812568,4,PEA15,9.774644342501894,33.38845863439334,-3826.5719956071007,-4.818540039463279,0.10612017331026566,SE,3636,1.0596753999454573e-05,0.011603630561197847,0.015604734420776367,0.0064706325919233875,0.9935293674079186,5.8143009220068285e-25,1.5430784539027798e-08,1.956266403542863e-07,-3858.5702919779133
255,7039.438655213555,0.03640208233545939,38.50005045871558,4,ATP1B1,9.774644342501894,24.70541315101751,-3503.3220486961827,-7.546772856797094,0.2523049030768077,SE,3636,1.729796959334461e-05,0.010969940519660356,0.014264583587646484,1.6571487044156141e-10,0.9999999998344721,1.9668748522965e-17,5.475226938500555e-10,7.849530956691449e-09,-3541.8220991548983
256,6454.653498890753,0.03240471654344478,29.60212214754938,4,ATP2B4,9.774644342501894,27.86814180288116,-3210.929470534782,-3.065133345764677,0.05039090047322051,SE,3636,1.436776998099818e-05,0.011314862264498474,0.020900726318359375,1.1062599938520256e-07,0.9999998893736182,5.282291555022918e-20,5.304682992868237e-08,6.118333617338252e-07,-3240.5315926823314
257,7320.703854847685,0.1633305230497164,200.17131076605983,4,HPCAL1,9.774644342501894,4.780893490348824,-3643.954648513248,-0.9652464280383504,0.09198235294170962,SE,3636,8.399812361510954e-05,0.004295463787396907,0.0044248104095458984,7.673450808415092e-54,1.0,1.2237926299778782e-106,0.0,0.0,-3844.1259592793076
258,5490.7045298986395,0.03886516372597147,42.014876588413244,4,VSNL1,9.774644342501894,23.0805584560799,-2728.954986038725,-7.805440901485409,0.26636012057064884,SE,3636,1.9653246188676266e-05,0.01104245070675863,0.014344930648803711,2.855848500605934e-15,1.0,5.55689299786736e-22,9.058165328923451e-11,1.4035581428857145e-09,-2770.9698626271384
259,5823.3740484162245,0.04042374455408386,41.69112997368438,4,RPS27A,9.774644342501894,22.154678285122337,-2895.2897452975176,-6.08607192520733,0.1687580801172428,SE,3636,2.118321764371375e-05,0.01107084413968581,0.017240524291992188,0.07499438213245135,0.9250053687356038,2.4913189243288486e-07,1.0689282792242238e-10,1.6075842944411367e-09,-2936.980875271202
260,4249.218164971563,0.11224213120477186,149.60123939486175,4,TMSB10,9.774644342501894,7.3817804124191095,-2108.211803575187,-8.287759433519183,0.3476181145290984,SE,3636,5.647758312595473e-05,0.005058363353423226,0.004512310028076172,2.0338581525667657e-55,1.0,2.8421007368441523e-65,0.0,0.0,-2257.8130429700486
261,6040.204911528144,0.04076709862512314,55.91109852909358,4,TBR1,9.774644342501894,21.960223626556743,-3003.7051768534775,-3.9204692148512783,0.07847142509054228,SE,3636,1.3248420045591697e-05,0.0068171488026235565,0.006223917007446289,8.570436515911551e-06,0.9999914295634709,2.428991726205194e-34,7.582823258189819e-14,1.5934316271319429e-12,-3059.616275382571
262,6497.43324749221,0.022491213586432576,30.457733894601006,4,CHN1,9.774644342501894,40.563019453053144,-3232.3193448355105,-7.787133403817132,0.24027378971676985,SE,3636,7.88953330245929e-06,0.012389607988710602,0.013732433319091797,6.3306087252351645e-06,0.9999936693912173,5.4247866943374666e-18,3.412202709274226e-08,4.08931168439583e-07,-3262.7770787301115
263,7512.167456453634,0.03740300916564178,33.15000264418495,4,TUBA4A,9.774644342501894,24.019305826969685,-3739.6864493162225,-6.06531853761163,0.17198167085930363,SE,3636,1.729847394344194e-05,0.0104328054740488,0.023193836212158203,2.406530224040439e-07,0.9999997593468214,5.847320083241974e-26,8.531625850238811e-09,1.1091113605310454e-07,-3772.8364519604074
264,7066.801083711256,0.020572786353306283,22.50014025445671,4,SERPINE2,9.774644342501894,44.43258155403082,-3517.0032629450334,-2.234645720372554,0.027765932377431225,SE,3636,1.0111676925492914e-05,0.01883097379673172,0.02322673797607422,0.17708617306408847,0.8199493912084799,0.00296443572777966,2.1012825273114544e-06,1.790759664942095e-05,-3539.50340319949
265,7767.279531323673,0.0205683810574238,22.151190213650807,4,NGEF,9.774644342501894,44.44229793094457,-3867.242486751242,-4.465026614523533,0.08579262910821711,SE,3636,8.595451388195725e-06,0.016013877007565864,0.023839712142944336,0.0006006223393300588,0.9993993761457349,1.515138548577362e-09,2.5199968962663633e-06,2.1175344555635562e-05,-3889.3936769648926
266,7672.302243600562,0.06437759095529377,75.208432250849,4,SYN2,9.774644342501894,13.564019009629249,-3819.7538428896864,-6.870962335199153,0.24499110642230026,SE,3636,2.8409904587734652e-05,0.006436039369226021,0.0044918060302734375,5.939799471325905e-28,1.0,9.970389043888367e-48,0.0,0.0,-3894.9622751405354
267,7331.7277363940575,0.02752314261388975,29.310253401563386,4,RPL14,9.774644342501894,32.976438566607364,-3649.466589286434,-5.700415868610188,0.14196290921627194,SE,3636,1.374908127727767e-05,0.014715871178010674,0.013897418975830078,0.1920368063822101,0.8077985338739502,0.0001646597439299033,6.166851762579029e-08,6.905073433427905e-07,-3678.7768426879975
268,5280.156658985188,0.053585425101339165,46.294979176282595,4,MTRNR2L12,9.774644342501894,16.483796158375913,-2623.6810505819994,-4.63845311890175,0.10868228997751525,SE,3636,4.618844554804802e-05,0.014475262674291754,0.006163835525512695,3.1096339869962874e-18,1.0,2.1043666621454685e-32,1.0172418463127997e-11,1.753313474431275e-10,-2669.976029758282
269,7265.457557545326,0.03675834325253226,25.604416221709926,4,GAP43,9.774644342501894,24.456923377180033,-3616.3314998620685,-7.377480746325624,0.24334311796491484,SE,3636,4.1318230348379504e-05,0.025734318927605637,0.02488088607788086,9.262655874082457e-06,0.9999907373441307,7.814275950565103e-17,4.1907917158745533e-07,4.06878132414656e-06,-3641.9359160837785
270,6950.392988231077,0.028711848375842876,26.831316411880834,4,MGLL,9.774644342501894,31.57253366174253,-3458.7992152049437,-4.030964792977543,0.0771886965611921,SE,3636,1.364759874422663e-05,0.013487533386015117,0.024204730987548828,3.544013816471438e-10,0.9999999996452971,6.10297315283269e-17,2.2201034743929426e-07,2.2405517958676145e-06,-3485.6305316168246
271,7737.745162122661,0.02346576322514298,22.955522694237516,4,APOD,9.774644342501894,38.83964803236561,-3852.475302150736,-3.4550477091184923,0.058400313655632,SE,3636,1.2375001336618917e-05,0.01792382076247298,0.023592710494995117,0.026076643149338316,0.9739233567213066,1.289147713031261e-10,1.657932118481753e-06,1.445038562358528e-05,-3875.4308248449734
272,7554.719188897822,0.03321335337136954,32.17542665541123,4,CPLX1,9.774644342501894,27.16692056766845,-3760.9623155383165,-5.885401562368459,0.15852186515306718,SE,3636,1.4485859710480863e-05,0.010894579218442809,0.02403998374938965,7.772778561633952e-12,0.9999999999918147,9.073443323899329e-21,1.4086110500244331e-08,1.8006744589479003e-07,-3793.1377421937277
273,7557.975698458319,0.03793178937378095,36.716099290379134,4,QDPR,9.774644342501894,23.671459186503636,-3762.590570318565,-5.31748250112206,0.13727622271405193,SE,3636,2.3266402850107457e-05,0.01367256726762959,0.013877630233764648,5.743217140572983e-11,0.9999999999399735,3.035000976358626e-12,1.3664629427978525e-09,1.9055946856835505e-08,-3799.306669608944
274,6855.162886125234,0.023712509587972882,23.496371416355487,4,RPL9,9.774644342501894,38.42578079145508,-3411.1841641520223,-5.5716675957670585,0.1297189644284398,SE,3636,1.1892741341425286e-05,0.01688564019622895,0.02300429344177246,3.3944322350880334e-07,0.9999660306797393,3.362987675273705e-05,1.2514957801190718e-06,1.1226868577208515e-05,-3434.6805355683778
275,7984.002950910009,0.08623021990207833,149.9817540138788,4,HOPX,9.774644342501894,9.890079743744687,-3975.6041965444097,-3.5001488218198267,0.10757432987846137,SE,3636,3.152569580596283e-05,0.004332855626897969,0.004604339599609375,1.156459249691792e-22,1.0,3.370962518151353e-54,0.0,0.0,-4125.5859505582885
276,7687.9571668680555,0.03411008485105435,31.474585634764026,4,CCNI,9.774644342501894,26.428184359608704,-3827.581304523433,-5.204512513812238,0.12918784333629502,SE,3636,1.782996352909582e-05,0.0127598225955577,0.023438692092895508,2.2867315577884125e-13,1.0,9.921165349124107e-20,2.020677780656399e-08,2.540753865185997e-07,-3859.055890158197
277,7654.485984153382,0.01934476447308647,17.50313440445416,4,SCD5,9.774644342501894,47.312445947695224,-3810.845713166096,-5.398503434833219,0.11799825256621685,SE,3636,1.1511725005446161e-05,0.024125249127790103,0.023404359817504883,0.00583764865979571,0.9941623500513364,1.2892573362688516e-09,2.868344136131018e-05,0.00020465301882906893,-3828.3488475705503
278,7483.198866237742,0.0510772343901036,86.04297419158911,4,SNCA,9.774644342501894,17.339077497561973,-3725.202154208276,-7.511836562281674,0.2706716461796118,SE,3636,1.4460608409686748e-05,0.004938659039614547,0.005080223083496094,6.400173759667827e-12,0.9999999999936336,3.80253637882296e-54,0.0,0.0,-3811.2451283998653
279,7710.484955859119,0.04297706275561397,49.34422720036855,4,PPP3CA,9.774644342501894,20.782993992121796,-3838.8451990189646,-5.838543550402979,0.16761359148658672,SE,3636,1.7879911151028297e-05,0.008351879159976193,0.014584541320800781,6.048632469053908e-14,1.0,1.2082259777115459e-24,2.147615418834903e-12,3.8758141794032245e-11,-3888.189426219333
280,5185.789438440452,0.030176351285744623,24.52925450859084,4,RPL34,9.774644342501894,29.994977402313516,-2576.497440309631,-5.564114522540807,0.13269282148869752,SE,3636,2.4464449329868518e-05,0.02201772127935062,0.022002220153808594,0.00039198599414923697,0.9996079912212245,2.278461881468584e-08,7.319011381401452e-07,6.887953042374127e-06,-2601.026694818222
281,6889.001341875355,0.02215108581288739,23.46265230603194,4,CPE,9.774644342501894,41.20019145284478,-3428.103392027083,-6.634816145951222,0.1770496692221353,SE,3636,1.2201167520001547e-05,0.019726123299980722,0.023313522338867188,0.00023029572698197678,0.9997694509643995,2.5330882040023465e-07,1.2736234678012437e-06,1.1358944183762256e-05,-3451.566044333115
282,5918.344139245588,0.026485755055145097,30.6897860879817,4,GPM6A,9.774644342501894,34.3046069944354,-2942.7747907121993,-7.510921787394103,0.23083435999297436,SE,3636,1.1702381569434502e-05,0.013468885258161199,0.013494491577148438,4.662246286760086e-06,0.9999953377536711,8.014416026300105e-24,3.027545403266885e-08,3.6859163877868264e-07,-2973.464576800181
283,6733.834171578803,0.037937419397784534,41.73680610378415,4,UBE2QL1,9.774644342501894,23.66780776788046,-3350.519806878807,-4.72926304528102,0.10870867901300103,SE,3636,1.4605601939496897e-05,0.008580669588647033,0.013306379318237305,1.9134712755791708e-10,0.9999999998090061,1.4545205334330005e-30,1.0442458009407574e-10,1.6018730586431218e-09,-3392.256612982591
284,6248.57972180187,0.10525932349110415,236.3178174850159,4,CARTPT,9.774644342501894,7.9333954539723335,-3107.89258199034,-0.47794198492169626,0.04062509648104524,SE,3636,2.4957873894268942e-05,0.0024754996377684955,0.004483699798583984,1.4898748693169043e-41,1.0,2.4801632023096555e-119,0.0,0.0,-3344.210399475356
285,6376.653278026769,0.06718843023676532,70.97121639940042,4,MAP1B,9.774644342501894,12.95752111952164,-3171.92936010279,-8.409811449887092,0.3420872417157964,SE,3636,3.452866249612652e-05,0.007260747659771223,0.004557132720947266,3.7131181661066376e-24,1.0,2.7174477219504656e-43,0.0,0.0,-3242.9005765021902
286,7429.996287814584,0.11932889368970379,153.98020304052807,4,ENC1,9.774644342501894,6.887960208137804,-3698.6008649966975,-5.788252216286004,0.22134705146615177,SE,3636,4.6401105472156343e-05,0.0037763125092155204,0.004517555236816406,7.348356458808577e-29,1.0,2.5658970135747785e-44,0.0,0.0,-3852.5810680372256
287,7692.201408972136,0.02515486382985492,23.887914425313284,4,MEF2C,9.774644342501894,36.168971081304264,-3829.7034255754734,-5.319204086661636,0.12361202330572396,SE,3636,1.2030608942855545e-05,0.015267926266942088,0.021102190017700195,8.065368334317563e-05,0.999912482431686,6.863884675069852e-06,1.0211080015976037e-06,9.323688538397168e-06,-3853.5913400007867
288,6834.130110001174,0.044643811512259476,47.2985386071291,4,SPOCK1,9.774644342501894,19.972229651220264,-3400.6677760899925,-4.824874628369117,0.11803727730390721,SE,3636,2.4721304471819125e-05,0.010772771554395705,0.006125688552856445,9.240399968459957e-14,1.0,4.771226246564963e-26,6.0957905390068845e-12,1.074820998486961e-10,-3447.9663146971216
289,7098.56095302668,0.05915030494482193,74.27322744092498,4,CD74,9.774644342501894,14.845189863041918,-3532.8831976027454,-1.8097959368972836,0.04139441670850612,SE,3636,3.1571201989475594e-05,0.008300223116950384,0.004470348358154297,1.3017888673729948e-29,1.0,2.626586925210665e-41,0.0,0.0,-3607.1564250436704
290,6285.913129014227,0.036643044306674054,51.38126054834447,4,SPARC,9.774644342501894,24.53681483681872,-3126.5592855965187,-1.2900707982277624,0.02000998233268065,SE,3636,1.4104841455812362e-05,0.00883622793473661,0.006260395050048828,1.9950854415055452e-07,0.9999998004914432,6.126728071400462e-19,7.606137941706947e-13,1.458476950322307e-11,-3177.940546144863
291,7609.939875481022,0.0436544257828866,28.544668933517187,4,GABRA1,9.774644342501894,20.446033508360248,-3788.5726588299162,-6.304059448369415,0.1917117125729493,SE,3636,3.166761926471384e-05,0.014375557373778694,0.024773359298706055,6.908255606753705e-14,1.0,5.84925551731421e-22,9.156157643186447e-08,9.961380017480857e-07,-3817.1173277634334
292,7459.284920036391,0.02503368607897661,28.374579896723844,4,NSG2,9.774644342501894,36.3485678881124,-3713.2451811076007,-4.136183942803568,0.07899858416730392,SE,3636,8.840947007181554e-06,0.011323269184519582,0.02347874641418457,1.3963488499957693e-06,0.9999985958275683,7.823142120592544e-09,9.996939698275753e-08,1.0723989858150353e-06,-3741.6197610043246
293,6830.503854611069,0.06865140766785355,72.16062240670044,4,TUBB2A,9.774644342501894,12.66150444113707,-3398.85464839494,-8.805962025986904,0.3774514385977104,SE,3636,3.4212129060376695e-05,0.006930285041775182,0.004505634307861328,1.3628228704482837e-09,0.9999999986375769,3.705797267591193e-54,0.0,0.0,-3471.0152708016403
294,7374.665150406957,0.034817388910463556,41.46926481745459,4,HLA-A,9.774644342501894,25.87234454983973,-3670.935296292884,-2.5920301162922375,0.04445828658148879,SE,3636,1.7046985487710492e-05,0.011742238141147476,0.013252973556518555,2.1176096178062536e-07,0.999999788238733,7.033633661249655e-13,1.1973877445115022e-10,1.7832939806608198e-09,-3712.4045611103384
295,7528.544092355978,0.029467891878778185,22.14652122795269,4,TUBB,9.774644342501894,30.738547082484697,-3747.8747672673944,-6.654127124360374,0.19247771060208493,SE,3636,1.9185071839512244e-05,0.018054772972928172,0.023088932037353516,1.1288590113509097e-10,0.9999999998872228,2.588594019018231e-13,2.5261330206527433e-06,2.1175344555635562e-05,-3770.021288495347
296,7101.600523337519,0.04117895620906566,44.3699710857295,4,HLA-C,9.774644342501894,21.731250546968077,-3534.402982758165,-3.3283411596850705,0.06526055083995513,SE,3636,2.1451191072244556e-05,0.010836129090578015,0.015014171600341797,1.0913940665123648e-17,1.0,3.993324134808037e-27,2.7182478490317408e-11,4.483647527327624e-10,-3578.7729538438944
297,7294.72661353553,0.0607772374948461,86.11412353618789,4,HLA-B,9.774644342501894,14.42281885529266,-3630.9660278571705,-2.82353949917725,0.06456622042191094,SE,3636,2.553254045849384e-05,0.006398834924211784,0.004470348358154297,1.1303379990419168e-30,1.0,7.059792169397912e-50,0.0,0.0,-3717.0801513933584
298,7213.912682110722,0.027456149837761498,26.07082904631625,4,RPS18,9.774644342501894,33.0591780517452,-3590.5590621447664,-5.087622885452143,0.11524222611134122,SE,3636,1.7281387093560255e-05,0.01858188586447432,0.014343500137329102,0.3736412749543365,0.6263547342229315,3.990822310130821e-06,3.2911905101240535e-07,3.2363373349553193e-06,-3616.6298911910826
299,7373.855829962333,0.02265191435054241,21.95306256465574,4,QKI,9.774644342501894,40.268629735458475,-3670.5306360705717,-3.3564909156594966,0.053944665378426813,SE,3636,1.209269674764832e-05,0.018733958575767137,0.022457599639892578,0.23276840940586413,0.7672307450248308,8.455691686364797e-07,2.7940068132448204e-06,2.316760244063543e-05,-3692.4836986352275
300,4298.077535604409,0.0516926233898714,54.93331061188019,4,NDUFA4,9.774644342501894,17.121548941244242,-2132.6414888916097,-7.074875019049503,0.22846898192591855,SE,3636,2.1944089797097054e-05,0.00733492779770271,0.006386995315551758,0.0014215689717827868,0.9985784310280315,2.707305115618344e-33,1.2467804566540508e-13,2.5500816273430853e-12,-2187.57479950349
301,7223.88861777479,0.0319235501829178,25.85858445766371,4,STX1A,9.774644342501894,28.30225035668213,-3595.5470299768003,-5.297772647343534,0.1288512380237322,SE,3636,1.9908211697553137e-05,0.016122915056073068,0.022984743118286133,0.0003595786835153538,0.9996404213168062,5.265234427907305e-18,3.673672439585829e-07,3.589435364538001e-06,-3621.405614434464
302,5961.507120095079,0.029536475412384713,23.058144118058408,4,PCLO,9.774644342501894,30.66500522145615,-2964.3562811369447,-3.386495914431852,0.05565829531950212,SE,3636,1.8844412713274595e-05,0.017656817837284417,0.02498602867126465,0.0019297599627530937,0.9980702400368892,3.4024697862148577e-17,1.571753141749177e-06,1.3777538968247072e-05,-2987.414425255003
303,5471.395369808253,0.023280348885615428,22.800830536504236,4,TMSB4X,9.774644342501894,39.15641628256787,-2719.300405993532,-6.44912426730327,0.16666350500925536,SE,3636,1.4698647359080067e-05,0.021613519446386845,0.02401113510131836,2.6995905280265476e-08,0.9999669622312182,3.3010772655730416e-05,1.7968803622814278e-06,1.548547458280736e-05,-2742.101236530036
304,7858.219605995592,0.03239348114066528,28.596505945269655,4,GPM6B,9.774644342501894,27.87813133835527,-3912.7125240872015,-4.99368754497301,0.11942867054004704,SE,3636,2.2843932483630938e-05,0.01800164990027186,0.013946533203125,1.9718965754490705e-08,0.9999999802794266,1.83233947146718e-12,8.914289173489465e-08,9.837783879232257e-07,-3941.309030032471
305,8425.056837436927,0.1664009529031418,329.13588678089036,4,PLP1,9.774644342501894,4.675455161474828,-4196.131139807869,-6.676046700560857,0.3375179939730299,SE,3636,4.872775328389889e-05,0.0024278530027102324,0.004474163055419922,3.199968478028596e-16,1.0,1.2345541929471044e-128,0.0,0.0,-4525.267026588759
306,6725.155799557904,0.022123658240643083,23.2074731040384,4,IDS,9.774644342501894,41.2524260082993,-3346.1806208683574,-6.273517454957379,0.15881691039567408,SE,3636,9.380838924427902e-06,0.015202312813002366,0.022283315658569336,0.0018987700333778041,0.9981012299516914,1.528883961489645e-11,1.4543108289855056e-06,1.2821337998067617e-05,-3369.388093972396
307,7749.390922760046,0.0794744258267445,81.98117965313259,4,NEFM,9.774644342501894,10.810130965819756,-3858.2981824694284,-5.701273779392402,0.19219161282346783,SE,3636,4.176118027082822e-05,0.00658318766598426,0.004511117935180664,4.4021217969676754e-24,1.0,1.1202378910294052e-64,0.0,0.0,-3940.279362122561
308,7108.2212051208435,0.12882212984158162,134.98379464826212,4,NEFL,9.774644342501894,6.311591106446078,-3537.713323649827,-8.769884337969536,0.42875327527382967,SE,3636,6.948375189376776e-05,0.005027705877875518,0.004522562026977539,1.5754874573502516e-35,1.0,3.0580873249388466e-105,0.0,0.0,-3672.697118298089
309,7624.864254101738,0.0297125727882469,24.879655229387936,4,PNMA2,9.774644342501894,30.47773166772089,-3796.0348481402743,-6.186110017824259,0.1690905984600057,SE,3636,1.7137855127652755e-05,0.015879334747335563,0.025398731231689453,3.7211990356748983e-07,0.999999627880312,3.3708593514473997e-16,6.102303877764115e-07,5.814244812726802e-06,-3820.9145033696623
310,7336.921650065022,0.020496780389511797,18.487182263644172,4,DPYSL2,9.774644342501894,44.60080688924362,-3652.0635461219163,-7.229057608007837,0.2057804985531332,SE,3636,1.092162977041543e-05,0.020484118862254746,0.014580488204956055,4.387803823308087e-06,0.996513643108242,0.0034819690875946253,1.7105081335122563e-05,0.00012554638645013403,-3670.5507283855604
311,7494.1658010946785,0.04293175780206431,35.4017196737459,4,STMN2,9.774644342501894,20.805910729304447,-3730.6856216367446,-8.462654861782426,0.32560505977547166,SE,3636,3.330777643398848e-05,0.015588419652826811,0.014047622680664062,3.570786312520261e-10,0.9999999996425687,5.1729033291730643e-23,2.6824993337726255e-09,3.6096087526379016e-08,-3766.0873413104905
312,6757.173253915674,0.053031821814786814,63.6533832111968,4,RPL30,9.774644342501894,16.665614598868142,-3362.189348047242,-5.195415589116852,0.1395950024971034,SE,3636,2.415725234192337e-05,0.007712774367904382,0.004461765289306641,9.957467048218959e-06,0.9999900425332355,5.872070615906385e-19,1.4432899320127035e-15,3.304487695085802e-14,-3425.842731258439
313,5105.28028083406,0.25815655411099386,379.377958678881,4,COX6C,9.774644342501894,2.681955727844322,-2536.2428615064355,-6.192201785471868,0.27607637040991967,SE,3636,7.618074899172844e-05,0.0021946886143121122,0.005081653594970703,4.571114968652789e-102,1.0,9.27341619071429e-201,0.0,0.0,-2915.6208201853165
314,7640.984248498716,0.04239519818535261,37.18594815568258,4,LY6H,9.774644342501894,21.081045284492347,-3804.094845338763,-5.539366534257876,0.15217210305549875,SE,3636,2.2816439412795138e-05,0.010926929928318181,0.020238876342773438,1.8105334594693451e-13,1.0,1.8254862274251855e-29,1.0738478994909428e-09,1.520465623945631e-08,-3841.280793494446
315,6774.942434075861,0.05655347603313194,68.6040328543445,4,SLC24A2,9.774644342501894,15.56970846733429,-3371.0739381273356,-5.237269502415574,0.1440454054848546,SE,3636,2.12683553622072e-05,0.006054642073600669,0.0045011043548583984,1.4234791363865617e-15,1.0,6.679516596093535e-47,1.1102230246251565e-16,2.661065812148422e-15,-3439.67797098168
316,7146.576125105051,0.09877176104951434,175.09138350556123,4,DIRAS2,9.774644342501894,8.515781117098044,-3556.8907836419307,-5.719755042966459,0.19940611035190364,SE,3636,2.7965785380678238e-05,0.0030734892335851183,0.004410743713378906,6.160641502314948e-42,1.0,1.3777841358943323e-113,0.0,0.0,-3731.982167147492
317,7532.978942883264,0.03783788759599638,39.44673676582488,4,PTGDS,9.774644342501894,23.732520493690114,-3750.092192531037,-5.020366994583872,0.1242378341848786,SE,3636,2.5319166220877776e-05,0.014947191124061558,0.011502742767333984,0.010217437609036267,0.9897825142246005,4.816593298374322e-08,3.371306567245824e-10,4.8788530888255606e-09,-3789.538929296862
318,7089.718478411517,0.0509977792793961,44.81575450046512,4,IFITM3,9.774644342501894,17.36754607026255,-3528.461960295164,-2.4968150477240703,0.05006263744673745,SE,3636,2.8578329089784693e-05,0.009787569504569374,0.006262302398681641,6.03840871695831e-23,1.0,1.2989580067979008e-21,2.1647350578746227e-11,3.6094604117170337e-10,-3573.277714795629
319,7458.644073125061,0.04268886556930164,51.33071819254246,4,DKK3,9.774644342501894,20.92960307868321,-3712.924757651936,-6.953154249717159,0.22630292835188837,SE,3636,1.574165890152197e-05,0.007444131684964897,0.006092071533203125,0.0006615693046598214,0.9993384306953615,1.7095663950551102e-37,7.80486786311485e-13,1.4600813782949e-11,-3764.2554758444785
320,7688.252921764495,0.024588242344646447,20.995383145826963,4,C1QTNF4,9.774644342501894,37.0239710096353,-3827.729181971653,-4.309968685477141,0.08504638073068038,SE,3636,1.3832879885581183e-05,0.01833134662335706,0.014555692672729492,1.4397378141387395e-09,0.9999999876918083,1.0868826147421956e-08,4.603914732337344e-06,3.640415051239941e-05,-3848.72456511748
321,6333.43477086743,0.025696032091921433,22.78734906531099,4,PGM2L1,9.774644342501894,35.387583008684906,-3150.3201065231206,-3.7634057318639487,0.06475167516467539,SE,3636,1.4367835120296248e-05,0.017512566413009266,0.0238645076751709,8.373589022580496e-08,0.9999999162637359,8.197728895657289e-15,1.8095295726272553e-06,1.5507365164302848e-05,-3173.1074555884315
322,7730.783498917839,0.02893499187821579,30.101778629844375,4,RPS3,9.774644342501894,31.32185219650482,-3848.994470548325,-4.849779357875601,0.10942625946454122,SE,3636,1.633602567257579e-05,0.01591073972427001,0.014516115188598633,0.0037200241762634172,0.9962731042500139,6.8715736932453174e-06,4.099550487968173e-08,4.837469575802445e-07,-3879.0962491781693
323,8069.342009548455,0.0839789870903272,146.4403499694904,4,CRYAB,9.774644342501894,10.180223199960508,-4018.273725863633,-5.092444590077265,0.169865339048855,SE,3636,2.803335980115509e-05,0.004027171916061187,0.004499673843383789,2.596135906036978e-17,1.0,7.49127915035051e-74,0.0,0.0,-4164.714075833123
324,7673.3823068224865,0.02848022760895804,24.693074724536928,4,FXYD6,9.774644342501894,31.83689344273121,-3820.2938745006486,-7.013423374477947,0.2111369613440017,SE,3636,1.3409668366478548e-05,0.013456205948619864,0.014616727828979492,2.30792040802521e-07,0.9999997692075606,1.2958376992962769e-18,6.722530054847908e-07,6.365655002553513e-06,-3844.9869492251855
325,7227.760773127673,0.019782235458967325,17.97840698191976,4,RPS25,9.774644342501894,46.24552329153484,-3597.483107653242,-5.438480038080527,0.11922668221085236,SE,3636,1.0825542943828521e-05,0.021733681166683134,0.014569759368896484,0.05642264185588465,0.9435119563225219,6.540182168805269e-05,2.2342504753525283e-05,0.00016166699194296124,-3615.4615146351616
326,7299.399830448505,0.025020201301903716,24.23748853721372,4,SCN3B,9.774644342501894,36.36866116022123,-3633.302636313658,-4.17031173291157,0.07956433336211487,SE,3636,1.1388592665656975e-05,0.014601158739693344,0.014026880264282227,0.00013144767836274494,0.9998685523212627,3.222631718784617e-18,8.515847081946859e-07,7.869463508256916e-06,-3657.5401248508715
327,4706.28138999915,0.10144561819959373,169.22311779640359,4,NRGN,9.774644342501894,8.266726494307084,-2336.74341608898,-7.226228259661001,0.2683389291761126,SE,3636,3.760641516530896e-05,0.003958076471809407,0.004438161849975586,1.1042434999656926e-41,1.0,4.6944509611834964e-98,0.0,0.0,-2505.966533885384
328,7009.1295819778925,0.04460843413336487,42.880989249748836,4,PFKP,9.774644342501894,19.988809093008477,-3488.1675120783516,-5.522740184069907,0.14975144541687485,SE,3636,1.8680087048622407e-05,0.008151965281433422,0.013938188552856445,2.1112925172265806e-10,0.9999999997889973,3.927515914504713e-32,5.817324399970403e-11,9.295599614119373e-10,-3531.0485013281004
329,7157.705774157898,0.03736890358901308,34.2574807015576,4,PHYHIPL,9.774644342501894,24.04207939050874,-3562.4556081683545,-4.424303753571284,0.09851174900323632,SE,3636,1.596534778482924e-05,0.009645053763437186,0.0239105224609375,1.3490274729220169e-05,0.9999865097252493,6.382742895955653e-27,4.828159538838861e-09,6.330253617588728e-08,-3596.713088869912
330,6867.040533573065,0.027060254287483973,26.879005468537798,4,CAMK2G,9.774644342501894,33.55649310677393,-3417.1229878759377,-4.741086423323472,0.10019545488843415,SE,3636,1.1311044357033143e-05,0.012500651943998528,0.02219557762145996,1.4856832944720636e-09,0.9999999985138857,1.6321200037825498e-15,2.1659904370086025e-07,2.2004167750802624e-06,-3444.0019933444755
331,7776.381596936287,0.1360954969535859,151.4596451969478,4,SNCG,9.774644342501894,5.9244014263386475,-3871.7935195575487,-5.6985712457113715,0.2354974541904395,SE,3636,5.577192407311287e-05,0.003715029589221617,0.00438237190246582,7.185017821599257e-54,1.0,8.128472234385489e-124,0.0,0.0,-4023.2531647544965
332,7341.928946072654,0.023471873188164898,21.65519107370892,4,INA,9.774644342501894,38.82929473606272,-3654.5671941257324,-4.590236167990788,0.0923335280335427,SE,3636,1.1505679732521201e-05,0.01665644372738725,0.014035940170288086,0.04255129586199773,0.9574487041377758,5.399308027505598e-16,3.263256869501241e-06,2.662678743518566e-05,-3676.2223851994413
333,4786.310040653527,0.05802320326908465,96.3400980774627,4,TUBA1B,9.774644342501894,15.151687338923347,-2376.7577414161688,-8.794546291584467,0.354891912239771,SE,3636,2.6651283774211272e-05,0.007249394900992925,0.004581451416015625,8.166197924879246e-13,0.9999999999990905,4.1413705153789915e-36,0.0,0.0,-2473.0978394936315
334,7168.7146693157365,0.04170654010195477,51.79258442651826,4,TUBA1A,9.774644342501894,21.444546035553465,-3567.9600557472736,-7.595804851694799,0.263117347824454,SE,3636,1.62954488872568e-05,0.00804168570832203,0.0063018798828125,2.201357234505007e-09,0.9999999977990228,1.489378444276947e-33,6.16839912481737e-13,1.1977625642366893e-11,-3619.752640173792
335,6439.082365290435,0.24578746432496804,292.5414623197785,4,KRT8,9.774644342501894,2.863891187878612,-3203.1439037346227,-2.024944166470557,0.13402348317948054,SE,3636,7.359988212589288e-05,0.002238120865221524,0.004552602767944336,2.051430655319923e-149,1.0,7.959680819382592e-183,0.0,0.0,-3495.685366054401
336,3103.4775272242987,0.031028081299434327,34.9424471848547,4,RPL41,9.774644342501894,29.145986962574415,-1535.3414847015547,-4.95302544364877,0.10391271991200354,SE,3636,1.122919067625425e-05,0.009591863025343724,0.023976564407348633,6.133023956459418e-14,1.0,6.346663455565381e-14,3.39596151199828e-09,4.5299173560046624e-08,-1570.2839318864094
337,6185.987333952182,0.022401365238978378,21.84496955037912,4,KCNMB4,9.774644342501894,40.729454664747244,-3076.5963880654963,-3.662448216617028,0.05895427540372829,SE,3636,1.2608233461582725e-05,0.019951630379142632,0.02287459373474121,0.0011279896307309382,0.9988720103657223,3.29606115219737e-12,2.9559051885064136e-06,2.42479067335232e-05,-3098.4413576158754
338,6116.39485460771,0.039010649658259615,30.297791754688205,4,KCNC2,9.774644342501894,22.99100139921236,-3041.8001483932603,-3.210113836553655,0.05651709543075375,SE,3636,2.0615782233689015e-05,0.011503731610914242,0.02315664291381836,9.007878216916406e-09,0.9999999909923646,1.7553149098953055e-23,3.705475248860779e-08,4.406355838567779e-07,-3072.0979401479485
339,6841.2668715966365,0.07007640862210095,60.065709213829905,4,SYT1,9.774644342501894,12.385054585200077,-3404.2361568877236,-9.537048582118917,0.43927987223754367,SE,3636,3.594018424534036e-05,0.0070261679520637315,0.00444340705871582,1.737292241271323e-16,1.0,8.671809802736277e-40,9.2148511043888e-15,2.0486350136423795e-13,-3464.3018661015535
340,7689.803697394455,0.0556265727840151,53.748351837637074,4,ATP2B1,9.774644342501894,15.844697449274111,-3828.504569786633,-5.072853296640386,0.14258252255085913,SE,3636,2.37693744196177e-05,0.006968498784680945,0.006227254867553711,7.581616011858629e-22,1.0,2.0618233323630233e-30,2.2792878695554464e-13,4.600562620918493e-12,-3882.25292162427
341,7462.039938368564,0.040366591972562656,30.08471692179819,4,DCLK1,9.774644342501894,22.18736714112162,-3714.6226902736876,-6.061836290755926,0.17472421446972092,SE,3636,2.7657794188676326e-05,0.014492255043267618,0.025882959365844727,2.821013070553903e-06,0.9999971789869734,2.687993757136464e-23,4.135777598168744e-08,4.842963996634239e-07,-3744.7074071954858
342,4668.366907929403,0.031104821923212185,29.647733313197477,4,CALM1,9.774644342501894,29.07177649280064,-2317.786175054107,-6.666194740163028,0.1870581256593176,SE,3636,1.9564056356213886e-05,0.016634217055430417,0.01381826400756836,6.543841520163968e-05,0.999934479226967,8.23580820430042e-08,5.1813181634052796e-08,6.021319744442196e-07,-2347.4339083673044
343,6793.4043860218435,0.08428457604174264,108.57855954383149,4,IFI27,9.774644342501894,10.139929105020826,-3380.304914100327,-2.4534958827363993,0.06366588144757769,SE,3636,3.671435763671242e-05,0.005242242282310555,0.004538059234619141,2.5217559247255488e-42,1.0,1.6689267556588257e-57,0.0,0.0,-3488.8834736441586
344,7101.691911907919,0.024999226896263264,23.572415108633322,4,SERF2,9.774644342501894,36.3999575888367,-3534.448677043365,-5.609034501374175,0.13380257027048245,SE,3636,1.4101749404408205e-05,0.018108467558713013,0.02353501319885254,0.0015412699887014782,0.9984585519758248,1.7803524895654138e-07,1.2029980158700937e-06,1.0855287978498375e-05,-3558.0210921519983
345,7276.540652675384,0.04232887884045785,41.33790788672786,4,ARPP19,9.774644342501894,21.115536562618583,-3621.8730474270974,-6.21785994617051,0.18381392262957372,SE,3636,3.0551777946231325e-05,0.014673427859049317,0.006188631057739258,7.935033054169723e-09,0.9999999920646588,4.993753477998143e-22,1.2806122828834532e-10,1.8889031172530935e-09,-3663.2109553138253
346,7291.44070254698,0.05283221751339833,83.92570939019834,4,MAP2K1,9.774644342501894,16.73210470181395,-3629.3230723628953,-5.189608928129694,0.14264001565961015,SE,3636,1.4374374064643023e-05,0.004620454535445482,0.0043582916259765625,7.5834174742073145e-06,0.9999924165828049,1.1173489306621048e-68,0.0,0.0,-3713.2487817530937
347,7327.833910536083,0.032331353393252875,28.18062610658353,4,SV2B,9.774644342501894,27.93349522836107,-3647.5196763574468,-5.267487111796409,0.12840154208175952,SE,3636,2.0313518684345657e-05,0.016065168719117402,0.02303624153137207,0.09974221961023227,0.9002577803901938,1.0906089136530218e-21,1.1050517001454097e-07,1.1771870194604572e-06,-3675.7003024640303
348,7479.158717447384,0.02103677117227268,18.659908314832137,4,C16orf45,9.774644342501894,43.431996369442125,-3723.1820798130975,-5.531506563717928,0.12575973344369648,SE,3636,1.1174009932109887e-05,0.019939245845778168,0.014000654220581055,2.9427372111253148e-08,0.9999999702049541,3.679298921756086e-10,1.5623324102542746e-05,0.00011577864334927812,-3741.8419881279297
349,7498.302596839559,0.05243207395642102,45.32028437619465,4,CRYM,9.774644342501894,16.866921015515565,-3732.7540195091847,-4.772002169911816,0.1256785156407298,SE,3636,2.587543031537254e-05,0.008431399368833054,0.006700277328491211,2.1632912128013048e-18,1.0,5.495264896821663e-29,1.673072791419372e-11,2.820322705535513e-10,-3778.0743038853793
350,6994.981692557773,0.038823185530546866,29.291679397177177,4,ALDOA,9.774644342501894,23.10652383064549,-3481.093567368292,-5.205378047194068,0.13036515792658782,SE,3636,2.305942701235635e-05,0.01298211094699147,0.023512601852416992,2.3220920184354043e-10,0.999999999768079,1.3129645979673044e-22,6.226247084573089e-08,6.921060165025448e-07,-3510.385246765469
351,1746.895498236133,0.09608177473647694,92.64885677119491,4,MT3,9.774644342501894,8.780325626772065,-857.0504702074718,-3.8020266586429052,0.07745241099900739,SE,3636,4.7033842221706556e-05,0.005406856275479138,0.0051326751708984375,1.343270576481223e-29,1.0,5.700054053169162e-71,0.0,0.0,-949.6993269786667
352,7885.495867481139,0.02932449985417952,22.29229617004239,4,MT2A,9.774644342501894,30.893417265354014,-3926.3506548299747,-3.6262496472304586,0.06892724561836674,SE,3636,2.0130264813671664e-05,0.019118912163185474,0.023437976837158203,1.3290522254677173e-06,0.9999986709471806,5.171140736314509e-13,2.3414407304134244e-06,1.9844033593669576e-05,-3948.642951000017
353,6590.204713131339,0.027293086780871955,26.26107613473914,4,RPL13,9.774644342501894,33.26226676273999,-3278.705077655075,-5.301073785011468,0.12187429091837731,SE,3636,1.3353910078517206e-05,0.01452133846524817,0.0243680477142334,0.03595211907104297,0.8818645178118448,0.08218336311682703,2.9823940206341604e-07,2.9707743036706507e-06,-3304.966153789814
354,7341.1702151700665,0.030739986074063853,28.487760756553598,4,ALDOC,9.774644342501894,29.42789013901423,-3654.1878286744386,-6.225577683129629,0.17128257529606888,SE,3636,1.5524158083937663e-05,0.013494595977951036,0.0237729549407959,5.8115596401715605e-08,0.9999999418841998,5.917939808184758e-21,9.429267355809401e-08,1.0186264875923678e-06,-3682.675589430992
355,7182.98169814684,0.038810424128264326,51.33850506927047,4,AQP4,9.774644342501894,23.114428456872268,-3575.0935701628255,-2.673721971893915,0.04772038610666037,SE,3636,1.5968142203679235e-05,0.008995277155248052,0.006078958511352539,0.10106461385515007,0.8989353861451785,5.66752657616557e-16,7.773781618425346e-13,1.4600813782949e-11,-3626.432075232096
356,7510.677032533682,0.021631643717786055,21.182933665599194,4,PRNP,9.774644342501894,42.21194584066585,-3738.9412373562463,-6.960855968653223,0.19454281140272472,SE,3636,1.0475076420458693e-05,0.017721044683307405,0.024166345596313477,3.680474461219138e-08,0.9999999558158389,7.379036365648153e-09,4.174653733812761e-06,3.352837082549097e-05,-3760.1241710218455
357,4259.814144800714,0.04202014006908461,43.25537520696662,4,SNAP25,9.774644342501894,21.277538200772476,-2113.509793489762,-8.83494983478985,0.33913081524255695,SE,3636,1.6971792325601756e-05,0.008261252036213938,0.01355886459350586,1.3129580469906403e-18,1.0,9.762051200730837e-35,4.8041570721579774e-11,7.757449419674039e-10,-2156.765168696729
358,7369.280042016102,0.034363538023285664,29.330147335301263,4,EEF1A2,9.774644342501894,26.22637581262035,-3668.2427420974564,-7.078189639730511,0.2226006895469613,SE,3636,2.079079227542846e-05,0.01467499787752077,0.023236989974975586,7.189097321444047e-08,0.999999928108994,7.813598075944422e-19,6.103865102247141e-08,6.884800784446408e-07,-3697.5728894327576
359,7801.402078429865,0.02128944515451278,20.81450510825016,4,PPDPF,9.774644342501894,42.905446396276105,-3884.3037603043376,-4.6903788065118075,0.09461785011247414,SE,3636,9.17114081766084e-06,0.015995580216830525,0.014490842819213867,0.00011210484320443776,0.9998878951569807,3.02959855391865e-15,5.059829469189481e-06,3.980399182429058e-05,-3905.118265412588
360,7676.958656383751,0.026273442226486116,27.58330065809605,4,MAST3,9.774644342501894,34.58936070910776,-3822.082049281281,-4.292454093904574,0.0861789442432463,SE,3636,1.2088687907829826e-05,0.014127110275219281,0.023074865341186523,2.4126867691034947e-06,0.9999975873135556,2.49109839126718e-18,1.5047228063558293e-07,1.5702345475849267e-06,-3849.665349939377
361,7192.948815113661,0.021203055919902316,26.908358498909365,4,YJEFN3,9.774644342501894,43.084061968961365,-3580.077128646236,-2.8318242051246076,0.03992247217400425,SE,3636,7.771953559784785e-06,0.013661098446241055,0.01407313346862793,0.14765683742672586,0.8352494565494835,0.017093706024210877,2.1333426880598694e-07,2.181698455655893e-06,-3606.9854871451453
362,7293.947099727112,0.05832272714971869,67.86912600297956,4,SCN1B,9.774644342501894,15.06908080018805,-3630.5762709529613,-4.553066986163942,0.11942519143782415,SE,3636,2.6661497557366287e-05,0.0071863411386262665,0.004533052444458008,2.65327627837957e-13,1.0,4.0767070579043307e-56,2.220446049250313e-16,5.240252676230739e-15,-3698.445396955941
363,7575.585910380149,0.021470277322852106,21.916328336450533,4,APLP1,9.774644342501894,42.53621706929037,-3771.3956762794796,-5.865052854499018,0.1411354240698001,SE,3636,9.005047431462815e-06,0.01545383238563869,0.014476299285888672,0.0007347855053227458,0.9992652144946959,3.342586925610238e-16,2.8480030237476583e-06,2.348836902381133e-05,-3793.31200461593
364,7554.9722164087825,0.04519690631881057,46.971712659613786,4,COX7A1,9.774644342501894,19.71639927958519,-3761.0888292937966,-5.573513383346417,0.1558654824909756,SE,3636,2.183464791912976e-05,0.009303881313526028,0.006772279739379883,5.081637642709724e-15,1.0,1.497511257975558e-24,7.201905738440928e-12,1.2554231139509526e-10,-3808.0605419534104
365,7663.5955007310395,0.048577656489883894,42.41867416082823,4,TTC9B,9.774644342501894,18.279288304027606,-3815.400471454925,-6.183424006095147,0.19058468122537178,SE,3636,2.0806646174938898e-05,0.007778608221477236,0.022695064544677734,3.9585912484431445e-16,1.0,1.973973471137877e-33,7.368317067601993e-11,1.1652575651238616e-09,-3857.8191456157533
366,7724.375276676828,0.01907033832759067,20.292363391914478,4,APOE,9.774644342501894,48.00671233117289,-3845.7903594278196,-4.0316983317701345,0.07007686802419823,SE,3636,7.223204159037835e-06,0.015559097137243018,0.014051198959350586,5.1208684730654365e-06,0.9999948788430794,2.8819896702833913e-10,6.646533869947291e-06,5.175524343400581e-05,-3866.082722819734
367,7119.172227355103,0.04550985711614926,52.29136954874912,4,SLC17A7,9.774644342501894,19.574400576642955,-3543.188834766957,-8.032777117562334,0.2967134022181825,SE,3636,2.3113238465408817e-05,0.009725823614214582,0.006201505661010742,3.6451936958824313e-13,1.0,1.899373715824252e-24,4.785061236134425e-13,9.410620431064368e-12,-3595.480204315706
368,6341.265843500427,0.03087628990300297,31.210992871237522,4,SEZ6L,9.774644342501894,29.29386021377413,-3154.235642839619,-2.8244037428219224,0.04342528668550503,SE,3636,1.4834738210900072e-05,0.012788743113546261,0.02325725555419922,2.009716704991935e-06,0.9999979902833915,2.8259105171794207e-24,2.3145170335858722e-08,2.840375303616582e-07,-3185.4466357108563
369,6242.838035335752,0.10701428850849108,96.2775874244071,4,XBP1,9.774644342501894,7.787987348219741,-3105.021738757281,-2.4857527195711633,0.06916809417356817,SE,3636,5.45245212747054e-05,0.005267111155627644,0.004366397857666016,1.6316933369245024e-44,1.0,1.8398580314365998e-68,0.0,0.0,-3201.2993261816882
370,6027.58251598303,0.07258565712697508,75.33588506348269,4,YWHAH,9.774644342501894,11.924645886211712,-2997.3939790809204,-7.371552550187558,0.2703097123398081,SE,3636,3.760330732595275e-05,0.00691905179415048,0.0044138431549072266,1.5430150355325797e-18,1.0,3.925856513792118e-37,0.0,0.0,-3072.729864144403
371,7838.872540730378,0.08038907712409192,60.99475994299519,4,LGALS1,9.774644342501894,10.676516460339943,-3903.0389914545945,-6.28031245766368,0.22566853570555306,SE,3636,5.6862985034854484e-05,0.00879201959537655,0.00441288948059082,1.0309213815745114e-25,1.0,1.0840655893421342e-39,5.773159728050814e-15,1.3023569151220512e-13,-3964.0337513975896
372,1791.4486204098905,0.7792620918888286,2083.3066970736577,4,log_total_count,9.774644342501894,0.26437225070443204,-879.3270312943505,7.898048120833535,0.6667109518122294,SE,3636,3.361439661126685e-05,0.001158669382679762,0.0051958560943603516,0.0,1.0,0.0,0.0,0.0,-2962.633728368008
373,7333.439764109411,0.010440945406247916,7.489170087741513,4,CLSTN1,18.847552197840375,75.49645015622608,-3650.322603144111,-6.715055724072708,0.07007343286019477,SE,3636,4.067075524738647e-05,0.2820901025096811,0.009939193725585938,0.10015849112204024,0.6676192246712374,0.23222228420692242,0.006207115641979732,0.022779223432528493,-3657.8117732318524
374,7171.524135658763,0.015906235532748593,13.377183381519899,4,KIF1B,18.847552197840375,49.28261119527474,-3569.364788918787,-4.187979769309346,0.03508047058997731,SE,3636,4.0982194212671846e-05,0.12525830622583956,0.009439468383789062,0.007402450628864258,0.9902503884873891,0.0023471608833429114,0.0002547039449102284,0.0014633552490347953,-3582.7419723003068
375,7575.2528335277875,0.01317801685506513,12.742051234470637,4,SH3BGRL3,18.847552197840375,59.65040495907974,-3771.229137853299,-5.146169756115317,0.04696865005728741,SE,3636,1.8634221661903884e-05,0.08205251404962703,0.012244939804077148,0.003368263321159545,0.9965252031161276,0.0001065335627750794,0.00035752536987176953,0.0019407451487415896,-3783.9711890877697
376,7498.65114679462,0.01830566298817182,12.415995502865371,4,FABP3,18.847552197840375,42.71844766654462,-3732.9282944867155,-5.139556353335296,0.05153931926036376,SE,3636,5.5754438562077145e-05,0.1299337858114472,0.009671926498413086,0.002734446489631907,0.997265294540351,2.5896982144071927e-07,0.00042567203726684433,0.0022672948096088166,-3745.344289989581
377,6762.937682202259,0.009492468741330131,7.694951486192167,4,RIMS3,18.847552197840375,83.11956196119908,-3365.0715621905347,-2.7792981845001092,0.015302058741819776,SE,3636,1.3268406975525389e-05,0.11090366046768955,0.012670278549194336,0.2060251255892904,0.793377271421634,0.0005976029893805953,0.005537549827790422,0.021130849342861958,-3372.766513676727
378,6519.104264296561,0.03786576965625817,55.22732116249745,4,RPS8,18.847552197840375,20.240140218399436,-3243.154853237686,-5.451927677165945,0.0670454394627914,SE,3636,4.487397087235774e-05,0.02645534543185847,0.0037894248962402344,3.890935125059128e-07,0.9999996109064189,6.337801744663643e-15,1.0735856648125264e-13,2.2255140673275886e-12,-3298.3821744001834
379,7731.4779751057795,0.01574442732797982,13.984814153206571,4,PRDX1,18.847552197840375,49.79728362142601,-3849.341708642295,-5.298116314696204,0.0523354045158309,SE,3636,3.0458077425257017e-05,0.0949525705232435,0.010938167572021484,0.0046066922955874815,0.9951142467922204,0.00027906091192161204,0.00018429312198853243,0.0011086496044329754,-3863.3265227955017
380,6878.421654790716,0.01600369567712603,10.816635809082072,4,EPS15,18.847552197840375,48.97763636621058,-3422.8135484847635,-4.107731032394087,0.03348670797990488,SE,3636,5.2332830520313905e-05,0.1580714173719312,0.008292913436889648,0.11415435414331405,0.8857891755920178,5.6470264603075304e-05,0.0010059210685138265,0.00489867593365146,-3433.6301842938456
381,6811.854330532874,0.04923954878946005,14.97592744705571,4,SSBP3,18.847552197840375,15.380897677423416,-3389.5298863558423,-4.150322596241922,0.05398906777312772,SE,3636,0.00019409114742070728,0.07080945981229769,0.008115053176879883,0.046459067291069106,0.9535409323685642,3.404842593366553e-10,0.00010889146226233937,0.0006874053625943563,-3404.505813802898
382,6721.411147142813,0.019496410311721356,9.726190212777965,4,DHCR24,18.847552197840375,40.06075881478413,-3344.308294660812,-4.0418038585032265,0.03464954097521017,SE,3636,8.583855632434843e-05,0.17721498221443815,0.008325576782226562,0.02098548744958688,0.9785223922059355,0.000492120344189322,0.0018166064388476233,0.008267637920070953,-3354.03448487359
383,7496.0437923459085,0.013934983962701899,10.872928029421018,4,DNAJC6,18.847552197840375,56.36684375189062,-3731.6246172623596,-5.752732749992724,0.05743580912878696,SE,3636,3.695387110204926e-05,0.14597520997689026,0.009470462799072266,0.037682206621569396,0.9599068185979618,0.0024109747808495684,0.0009758013502373375,0.004782361889022606,-3742.4975452917806
384,7950.3123062691775,0.0240068993908055,10.115748072261795,4,AK5,18.847552197840375,32.38435970321132,-3958.758874223994,-5.085723829477395,0.05725609918721097,SE,3636,0.00011522674105969047,0.1598054701561903,0.008936166763305664,0.11750757460151177,0.8824871777559866,5.247642702826493e-06,0.0014700775252237674,0.006833633102100785,-3968.874622296256
385,7269.269608056556,0.030776568757289093,23.32852153178692,4,S100A13,18.847552197840375,25.085822502945106,-3618.237525117683,-3.07553023176987,0.032491744310225446,SE,3636,6.667155698689809e-05,0.05782604894396758,0.0045909881591796875,0.007494522437837266,0.9887548429572586,0.003750634604744031,1.365599181180066e-06,1.2108838982255615e-05,-3641.56604664947
386,7572.69872334183,0.030913336024287467,11.812101788843847,4,RGS4,18.847552197840375,24.971313209702217,-3769.9520827603205,-6.751521687730891,0.09357594560948662,SE,3636,0.0002133949276717181,0.18355047027543608,0.008251428604125977,7.189479368257292e-05,0.9999279053168466,1.998896580211256e-07,0.0005884696371628584,0.003039435769049915,-3781.7641845491644
387,7526.48358035124,0.017032618460235096,8.118697132360467,4,MGST3,18.847552197840375,45.97082820166936,-3746.844511265025,-6.894703651599048,0.08290598188340231,SE,3636,9.287288710996679e-05,0.24870063460641556,0.01056361198425293,0.015779713063656126,0.9839027276101563,0.0003175593259819766,0.004381103313236823,0.017593226393992897,-3754.9632083973856
388,7517.690276330057,0.023946597864757266,26.18574884951613,4,GLUL,18.847552197840375,32.46791481967432,-3742.4478592544338,-4.644269357905914,0.04855398332007617,SE,3636,3.33292602052634e-05,0.046445330245505,0.004408359527587891,0.16884789577560647,0.8311521042240765,2.7349646608177497e-18,3.101026565532905e-07,3.069015968727404e-06,-3768.63360810395
389,6374.506071624306,0.016443084939774328,12.32003179601952,4,KCNK1,18.847552197840375,47.647578626255644,-3170.8557569015584,-3.486340666842475,0.025551294988475245,SE,3636,3.7242288617991906e-05,0.1067509237803923,0.010071754455566406,0.19065960501943272,0.8093157678921518,2.462708799273513e-05,0.00044812306761143894,0.002370416502468784,-3183.175788697578
390,6771.966355453747,0.01383485487286953,8.046766092618782,4,COX7A2L,18.847552197840375,56.780561190245315,-3369.585898816279,-3.9002208941577745,0.029220680869213526,SE,3636,3.8047845726383534e-05,0.1524173059079481,0.009207963943481445,0.11417720799843346,0.8854926281102761,0.0003301638909724936,0.004558495598676826,0.018097964714737947,-3377.632664908898
391,6948.742121598707,0.02938387016686196,35.94288431440964,4,RTN4,18.847552197840375,26.31256265398717,-3457.973781888759,-7.093772002438141,0.09723221822197575,SE,3636,6.627354302826452e-05,0.06270488589484555,0.003986835479736328,0.0007380429060877874,0.9992217293027988,4.0227791071637395e-05,2.031870560692539e-09,2.7583092390286328e-08,-3493.9166662031685
392,7143.736066958555,0.05735385310898197,17.335769666638498,4,MDH1,18.847552197840375,13.092142884914432,-3555.470754568683,-7.86368266320798,0.1394076972863289,SE,3636,0.0002303187540986047,0.06395090085862935,0.004526615142822266,1.8086142004414136e-06,0.9999981913822906,3.1843719238140597e-12,3.1323498619673096e-05,0.00021940752001177411,-3572.8065242353214
393,6340.043551736098,0.01656146530988564,12.678344845025094,4,PPP3R1,18.847552197840375,47.301302720873444,-3153.6244969574545,-3.2515319002255025,0.023134343625650988,SE,3636,3.2506421243323335e-05,0.09189337388150931,0.011082172393798828,0.383632123875873,0.6150523034642591,0.0013155726602596728,0.00036991487766202535,0.0019980613462448832,-3166.3028418024796
394,7470.025335808641,0.0233555984922088,12.28105414900665,4,CREG2,18.847552197840375,33.309652633186225,-3718.615388993726,-4.657717853169749,0.04812273284993177,SE,3636,9.625588272412068e-05,0.14067124741909534,0.0067901611328125,0.01780612798904448,0.9821510443380713,4.2827673169152144e-05,0.0004575798348728233,0.0024038611873113385,-3730.8964431427326
395,7723.635772720436,0.012446568496784088,17.44700626896565,4,DBI,18.847552197840375,63.20269662391988,-3845.4206074496233,-3.5839778788056735,0.026485196124821676,SE,3636,1.1928793764486999e-05,0.058704469495448,0.009998083114624023,0.37822057213735844,0.6213626900493585,0.00041673781368825504,2.9542917708180738e-05,0.00020819651215816902,-3862.867613718589
396,6983.188282882971,0.026953219908402035,9.649144465103745,4,SCN2A,18.847552197840375,28.757273289925955,-3475.196862530891,-4.359903566114113,0.04450353477067711,SE,3636,8.846200680458212e-05,0.09850102708082344,0.010530710220336914,0.15282013042260464,0.8468403687452646,0.00033950083254347623,0.0018943979402009647,0.008522013021314605,-3484.8460069959947
397,6379.935218683117,0.013081066616984134,13.598953733422604,4,RAPGEF4,18.847552197840375,60.09840732069391,-3173.5703304309636,-3.3569707286408863,0.02221144030760536,SE,3636,2.3033955103090974e-05,0.10289393954380287,0.011904478073120117,0.1659650251694422,0.8323606893195549,0.001674285510562864,0.0002263116222001038,0.0013150076835415122,-3187.169284164386
398,7453.701322329698,0.008592307745860088,6.66230492691966,4,NCKAP1,18.847552197840375,91.91091723629775,-3710.4533822542544,-4.882822515782287,0.0377437615294192,SE,3636,1.8621282274424456e-05,0.18926074221748382,0.011007547378540039,0.17775481927725037,0.8173887773371634,0.004856403385330478,0.009847346492617648,0.03298216052330889,-3717.115687181174
399,7025.943029573328,0.04661872816994687,14.023967747494225,4,GLS,18.847552197840375,16.29036573580949,-3496.5742358760695,-4.610728464167063,0.06080369884589134,SE,3636,0.00012182595739903872,0.04906950550782036,0.00940704345703125,0.024224799569873726,0.975775198091238,2.3386732401140625e-09,0.0001804952286417194,0.0010900774832141636,-3510.5982036235637
400,7646.094380349325,0.009370844088709905,6.107888873424599,4,ATP2B2,18.847552197840375,84.2087136381509,-3806.6499112640677,-5.035857997451768,0.04112429485181094,SE,3636,2.1388764561367283e-05,0.1833562116170978,0.011035919189453125,0.4317006341329269,0.49275218168290436,0.07554718418456172,0.013457978619970556,0.043279956400492314,-3812.7578001374923
401,7306.2270625017245,0.014873984324551871,12.833019429834167,4,HIGD1A,18.847552197840375,52.75809533449168,-3636.7162523402676,-5.132611023637827,0.047842257021337944,SE,3636,3.183017024636423e-05,0.11078762595359759,0.008323907852172852,0.00471698365111136,0.8722430245303402,0.12303999181836739,0.00034055574730018634,0.0018859657630270247,-3649.5492717701018
402,7352.970772459714,0.010121752820896064,8.406977422677755,4,TMA7,18.847552197840375,77.90237402976501,-3660.0881073192622,-5.9790678529855885,0.05633068724502616,SE,3636,1.6047448658634977e-05,0.11827908477442343,0.009794473648071289,0.008874432190059473,0.9909458773589437,0.0001796904508824473,0.0037378359836686137,0.01537222627063714,-3668.49508474194
403,7044.507831177623,0.01858218626088368,15.324821256222094,4,CAMKV,18.847552197840375,42.070896550655426,-3505.856636678217,-3.6318376403964607,0.029982490149406796,SE,3636,2.766117059748122e-05,0.06262988544838245,0.009968996047973633,0.12870807093273348,0.8712919289128632,1.5483754683457974e-10,9.051930907566508e-05,0.0005834311769834883,-3521.181457934439
404,7178.69172891372,0.016162145671781595,20.271561110986568,4,RPL29,18.847552197840375,48.4896613723973,-3572.9485855462653,-5.075186177064137,0.04781970938478881,SE,3636,1.5903152025023006e-05,0.04712886477661795,0.009500265121459961,0.001586406498828552,0.9984132069856752,3.8651552228089725e-07,6.719193981208349e-06,5.2056785692796e-05,-3593.220146657252
405,7507.979107807803,0.026597290171566035,10.143727233406025,4,TAGLN3,18.847552197840375,29.152768171149724,-3737.592274993307,-7.3965566824320685,0.10423041718537188,SE,3636,0.00018786535692111604,0.21451144756968746,0.008657217025756836,0.05710356289212951,0.94255603093255,0.00034040617516941816,0.0014479310090542707,0.006771726121613571,-3747.736002226713
406,6479.9935899455095,0.04813585966170426,75.70233438015157,4,TF,18.847552197840375,15.75182481405572,-3223.59951606216,-2.9826590660864194,0.03694926054910275,SE,3636,6.43417693277589e-05,0.02445494332243952,0.004534721374511719,0.013449612940784986,0.9865503870590829,1.3356093098294033e-38,0.0,0.0,-3299.3018504423117
407,6443.0365582397635,0.04672529564794118,12.739369449487185,4,SST,18.847552197840375,16.25139515770448,-3205.121000209287,-2.4348444177392325,0.030937042183821293,SE,3636,0.00017201737397767888,0.06899933972817313,0.007127046585083008,0.0060846715260367635,0.9939152973742521,3.10997814687395e-08,0.0003580383814171251,0.0019407451487415896,-3217.8603696587743
408,5635.15536592064,0.03788073053803699,12.970109280240194,4,UCHL1,18.847552197840375,20.231831831809558,-2801.1804040497254,-8.837318661279873,0.144765689894739,SE,3636,0.00021117580806712048,0.1244073502845311,0.009170055389404297,0.4205333268549233,0.5794666617159179,1.1429252644847637e-08,0.0003165035472872946,0.0017719578158347075,-2814.1505133299656
409,5660.377059029897,0.01416256996956595,9.687537081061691,4,SPARCL1,18.847552197840375,55.44825387788706,-2813.791250604354,-7.096796159730192,0.08028616031632341,SE,3636,5.6125009852199516e-05,0.21483769751192422,0.005459785461425781,0.2008541516727439,0.7499448920518654,0.04920095627517901,0.0018552204569201036,0.008370318179163056,-2823.4787876854157
410,6079.442784273924,0.01195050847531085,7.20925487178738,4,SNHG8,18.847552197840375,65.85927632277658,-3023.3241132263674,-2.8458878022631446,0.016472843919477672,SE,3636,3.119556943692806e-05,0.16619087710414437,0.010802030563354492,0.12309645770860266,0.8751621679208493,0.001741374370970069,0.007252859905764075,0.02624029975340116,-3030.533368098155
411,6655.597220258007,0.021309484598972934,27.24333950971959,4,RPS3A,18.847552197840375,36.58449573196167,-3311.401331218409,-5.902852196844404,0.0648503401780058,SE,3636,3.235429708475423e-05,0.05632833110557636,0.0044138431549072266,0.10198245921302006,0.6728692704463122,0.22514827034080862,1.7939203800221293e-07,1.8593742317256393e-06,-3338.6446707281284
412,7332.0429494787695,0.0124122387570078,8.904273398463374,4,FBXW7,18.847552197840375,63.37970564346408,-3649.62419582879,-4.963969039090295,0.042982484426221934,SE,3636,2.7172834784354767e-05,0.13444580326341268,0.0103759765625,0.0808107215249506,0.919127632466171,6.164600853717197e-05,0.002845040610373939,0.012190760604227996,-3658.5284692272535
413,6560.047028119525,0.015022567910937036,7.668926002905209,4,MSMO1,18.847552197840375,52.22840264285788,-3263.6262351491678,-3.619764696248483,0.026474454245603036,SE,3636,5.67635887740168e-05,0.19379978440839254,0.00872945785522461,0.3165807413617568,0.6828774063028263,0.0005418523353925861,0.005617988642602212,0.021249705412108372,-3271.295161152073
414,7152.032086977399,0.016487763237116416,10.672928653473718,4,TPPP,18.847552197840375,47.51630538424614,-3559.6187645781047,-4.747902039366662,0.04312353019557479,SE,3636,5.9518449969142033e-05,0.16971081669003701,0.007177829742431641,0.13470062657556559,0.8652932674620023,6.105962648742243e-06,0.0010871485659772473,0.0052442952836764065,-3570.2916932315784
415,6474.782597043036,0.04149026666027224,15.475380445841893,4,RAB3C,18.847552197840375,18.40242009974712,-3220.9940196109233,-4.092692121838729,0.046939301796305094,SE,3636,0.0001287061041287512,0.06412398159243188,0.01047205924987793,1.5370029973654886e-05,0.9999846298386517,1.3150171457783886e-10,8.358691409948715e-05,0.0005433149416466665,-3236.469400056765
416,6983.922470547019,0.02269211218798716,21.45080317204247,4,CXCL14,18.847552197840375,34.30687194278958,-3475.5639563629147,-1.1662842268145674,0.013614722293166216,SE,3636,3.0263178511627543e-05,0.046725288269741386,0.008930444717407227,0.27173930773427407,0.7282606922661062,6.180725266042835e-16,3.630239303609173e-06,2.9309405745981427e-05,-3497.014759534957
417,7729.740437796372,0.020419463256116623,24.27188684301109,4,CAMK2A,18.847552197840375,38.21382100043808,-3848.4729399875914,-3.893021151295402,0.03643940279286122,SE,3636,5.333042877835909e-05,0.10075127163311702,0.003923654556274414,0.0029305005255471474,0.9738053133184308,0.02326418615604506,8.365111221486643e-07,7.777157645027056e-06,-3872.7448268306025
418,7814.186483486926,0.06174231979191307,14.047253550179903,4,CPLX2,18.847552197840375,12.104972989937064,-3890.695962832868,-4.199497272085121,0.07163036404805588,SE,3636,0.00036986071645458865,0.0901583672096856,0.0039179325103759766,0.47569512282098453,0.5243048759799002,1.1994382691536703e-09,0.00017827399452563508,0.00108159301650539,-3904.743216383048
419,7399.962105788253,0.03486447192104975,12.925544418367735,4,SNCB,18.847552197840375,22.05107929397641,-3683.583773983532,-7.00659774839259,0.1018421583766305,SE,3636,0.00011303238271738846,0.07766308346750857,0.010142803192138672,4.0214908692041045e-05,0.9999594469319402,3.381589374364298e-07,0.00032412837167483666,0.0018080469896334524,-3696.5093184018997
420,7453.312619781398,0.010536344848603472,6.413248230114732,4,CANX,18.847552197840375,74.80566869411398,-3710.2590309801044,-4.041013035977039,0.029323520054619287,SE,3636,3.778126038763998e-05,0.2574261276756666,0.008981704711914062,0.15035629655231805,0.8138607644567575,0.03578293899137361,0.011327201661024078,0.037367585694647175,-3716.672279210219
421,6549.029463742265,0.012541252751447542,7.335038076425008,4,SMIM29,18.847552197840375,62.71951339655089,-3258.117452960538,-3.991259017303045,0.02897501630296121,SE,3636,6.416727771216164e-05,0.3111536532661776,0.011486530303955078,0.06187355133763796,0.4812124666504077,0.4569139820118886,0.006762324695933186,0.024619732748918786,-3265.452491036963
422,7670.3631871394045,0.013470744228590237,11.403733135955918,4,RPL10A,18.847552197840375,58.336855812181945,-3818.7843146591076,-4.828739118221184,0.0427793987351935,SE,3636,2.896199415292425e-05,0.12219368159771482,0.009335517883300781,0.0661259571070358,0.5363645419162495,0.39750950097640453,0.0007329666707113214,0.003686461878266121,-3830.1880477950635
423,7363.05490876736,0.03484546123000439,9.807153784378443,4,MTCH1,18.847552197840375,22.063544321290813,-3665.1301754730853,-7.185543447056077,0.10586217971027706,SE,3636,0.00014110654283118538,0.09705087179960549,0.0086517333984375,0.09083886644904562,0.9091511120444047,1.0021506937114117e-05,0.001738343310377033,0.007960055636174234,-3674.9373292574637
424,5125.3290784538785,0.027337411577630328,45.402526854255484,4,EEF1A1,18.847552197840375,28.341932545541088,-2546.2672603163446,-4.563883860635794,0.042171307664414105,SE,3636,2.6660104671599112e-05,0.02890204583463973,0.0044689178466796875,0.11251758508712151,0.8874824149124357,1.2123774069974449e-23,1.6042722705833512e-11,2.7343929589720673e-10,-2591.6697871706
425,7064.14633664876,0.04516987855578103,13.061488671592542,4,SNAP91,18.847552197840375,16.83843898466487,-3515.675889413785,-4.706971634149814,0.061690816313416816,SE,3636,0.00019984752749188235,0.08524905557371787,0.010442256927490234,0.0052550192755960665,0.9947449643813033,1.634293324337357e-08,0.0003014297620869133,0.0016999752023578124,-3528.7373780853777
426,7636.756212995908,0.01976804766089783,7.05965886312697,4,TSPYL1,18.847552197840375,39.49932872166228,-3801.9808275873593,-6.279602981829211,0.0736201292395609,SE,3636,0.0001167979081891661,0.23481005009522038,0.010574817657470703,0.0014531803161855748,0.8949392934842132,0.10360752619945404,0.007883900896887286,0.027738311871158477,-3809.0404864504862
427,7532.503250030115,0.011504332748741955,8.096803293122775,4,SERINC1,18.847552197840375,68.44440854035273,-3749.854346104463,-7.008166477623248,0.07788200865003642,SE,3636,4.342759301122074e-05,0.24919069833553167,0.009356260299682617,0.06471303751591853,0.9218175001849899,0.01346946229881172,0.0044343397554414965,0.017714263502206395,-3757.9511493975856
428,5816.839241685272,0.10138804133181752,145.3979798561113,4,RPS12,18.847552197840375,7.06008776965852,-2892.0223419320414,-5.394386421849202,0.09348029739732873,SE,3636,0.00014274017740460227,0.015037184891912917,0.004995584487915039,6.918829127928624e-10,0.9999999993078745,7.874223154309767e-33,0.0,0.0,-3037.4203217881527
429,5289.038312904251,0.013834302850570647,11.147192591161001,4,ACTB,18.847552197840375,56.782858657733776,-2628.121877541531,-6.698990080065118,0.07126255532514869,SE,3636,2.0789295845727047e-05,0.08328708482665301,0.011274099349975586,0.0002478799270144532,0.999667930896009,8.418917731550579e-05,0.0008415894105378019,0.0042052057191041955,-2639.269070132692
430,7690.107096166152,0.008914547518247322,6.688710776783864,4,SEPT7,18.847552197840375,88.55976116985363,-3828.656269172481,-6.195176873831783,0.05866630439019526,SE,3636,2.171089183351163e-05,0.20527115316950895,0.010437488555908203,0.16312909239523382,0.7986847486367177,0.03818615896801107,0.009702534589931755,0.03267541190386078,-3835.344979949265
431,7283.949985672034,0.012486628925457344,5.9514442819690885,4,VGF,18.847552197840375,62.99736994031496,-3625.5777139254224,-4.171740849354812,0.03234006853711042,SE,3636,6.283129549418287e-05,0.3072777459795698,0.008307695388793945,0.11132918783789479,0.6398543412244213,0.24881647093750467,0.014705233139793772,0.04620135372935489,-3631.5291582073914
432,7699.939894069078,0.044532578193980155,15.674501014980251,4,SYP,18.847552197840375,17.09081149199485,-3833.5726681239444,-6.7221053849311545,0.10513151587593544,SE,3636,0.00017016915785236477,0.07449228386917965,0.008397102355957031,1.8654229007497573e-07,0.9998232593469658,0.0001765541108386325,7.523161150357893e-05,0.0004910863491340003,-3849.2471691389246
433,7057.634991206289,0.026225822023979013,8.819570365137679,4,PGRMC1,18.847552197840375,29.57697701516931,-3512.4202166925497,-4.586122546846357,0.04758235100247014,SE,3636,0.00017289862971072562,0.2027484571967844,0.008266448974609375,0.1313493614985353,0.8676545555062053,0.0009960829950657775,0.002980168254683835,0.01262866879194752,-3521.2397870576874
434,6531.5692744557155,0.07339144224307688,79.53932156025257,4,RPL10,18.847552197840375,10.057163813302461,-3249.387358317263,-5.3625165546325135,0.08569527625805652,SE,3636,0.0001199096368269754,0.02164936643480614,0.004507303237915039,0.00030708540189560216,0.9996929026132703,1.1985123803285615e-08,0.0,0.0,-3328.9266798775157
435,7849.462181782303,0.017974284802292663,12.777595364746048,4,PHYHIP,18.847552197840375,43.52070089624654,-3908.3338119805567,-5.576495967851983,0.059540838994400054,SE,3636,4.082223730356688e-05,0.09854132915703906,0.010554075241088867,0.0016988368400788919,0.9978003483907748,0.0005008147692679203,0.0003507955735608803,0.0019218586065799658,-3921.1114073453027
436,7163.536829602706,0.01575019979434445,13.86367759048835,4,STMN4,18.847552197840375,49.778740915337174,-3565.3711358907585,-4.361518462590896,0.03719599280494596,SE,3636,2.5168324239204855e-05,0.07840620327950057,0.009457826614379883,0.07167197450473443,0.9283280224294204,3.0658211336158368e-09,0.0001965608698309973,0.0011641867734391886,-3579.234813481247
437,4237.341105716856,0.04314664736083814,15.030670550390369,4,CLU,18.847552197840375,17.66537931620981,-2102.2732739478333,-5.448340962736963,0.06099994073020877,SE,3636,0.0002631627838024445,0.12204403110356415,0.0037903785705566406,0.0014509057383326322,0.9985490939418192,3.195783596632425e-10,0.00010577804979994276,0.0006705104479054223,-2117.3039444982237
438,6382.39462037629,0.014566252925663796,9.086855037679015,4,ASPH,18.847552197840375,53.88950864687777,-3174.8000312775503,-3.292864611202328,0.02247737805739668,SE,3636,7.845151652078803e-05,0.28435697966564605,0.008900880813598633,0.025713829185393507,0.9722892016790922,0.001996969135375529,0.00257453210260572,0.01115630577795812,-3183.8868863152293
439,6878.0208067448275,0.007821613910550893,8.56274096442894,4,VXN,18.847552197840375,101.04574422944025,-3422.613124461819,-3.264867817907123,0.018223018913462778,SE,3636,8.902219858480404e-06,0.10884094938587516,0.009469747543334961,0.3056155629060164,0.6942922386299766,9.219846438836511e-05,0.0034311245298708215,0.014186913824317629,-3431.175865426248
440,7041.476378894671,0.01420992935647036,6.63357684413495,4,OXR1,18.847552197840375,55.260799009618296,-3504.340910536741,-4.949209203831462,0.04390108033578574,SE,3636,5.517041625953649e-05,0.20981914339509933,0.009720087051391602,0.07166328980244235,0.9225315679473363,0.005805142250144827,0.010007411435463687,0.033445248675384086,-3510.974487380876
441,5993.751667112914,0.011344834628917305,6.2860667089667,4,RAD21,18.847552197840375,69.41787412676807,-2980.4785546458625,-3.0253127393144026,0.017557672177438966,SE,3636,4.536628314488918e-05,0.2675102350039589,0.01214599609375,0.2033289459406142,0.7045902841844425,0.09208076987463462,0.01216908128062344,0.0396373633736034,-2986.764621354829
442,7526.726437932318,0.04914200460618776,69.49400002177072,4,RPL12,18.847552197840375,15.413009065810838,-3746.9659400555643,-4.801477810392138,0.06925095851677185,SE,3636,5.87257798706991e-05,0.02150149557697382,0.00397944450378418,0.01197571752497394,0.9880242824751023,1.505015511408293e-16,1.1102230246251565e-16,2.661065812148422e-15,-3816.459940077335
443,7238.917507070789,0.047519454278289845,10.424297340734029,4,DNM1,18.847552197840375,15.96648469576097,-3603.0614746247998,-7.447479932778202,0.12168331845001172,SE,3636,0.0002689427106099181,0.10463201730788874,0.009949684143066406,0.000654312067324434,0.9993424819014709,3.2060315962507825e-06,0.001243681661106777,0.005906525288352309,-3613.485771965534
444,5860.429711396125,0.06791985258233686,95.81720534748956,4,OLFM1,18.847552197840375,10.931535332277736,-2913.8175767874677,-7.035033404913719,0.11413615219858987,SE,3636,0.00011846779475786818,0.024447662393197442,0.004501819610595703,0.0027673983065255215,0.9972326016933439,1.7804457336996373e-29,0.0,0.0,-3009.6347821349573
445,6669.416594301132,0.013649216448435107,8.101031205992058,4,SLC25A22,18.847552197840375,57.56364849742152,-3318.3110182399714,-3.8294432190349386,0.028093470930561866,SE,3636,7.94431808830639e-05,0.32671063022729746,0.009866714477539062,0.03265188390114637,0.8535159852228699,0.11383213087572173,0.004424008212557173,0.017714263502206395,-3326.4120494459635
446,7614.189602258168,0.11237355748640934,104.12652437964289,4,CTSD,18.847552197840375,6.292029369181464,-3790.697522218489,-5.90983322848817,0.13826748473582767,SE,3636,0.000294299434277129,0.026310084358877977,0.004376411437988281,1.1684725559525299e-21,1.0,4.9669749906932754e-54,0.0,0.0,-3894.824046598132
447,7582.988172158313,0.017507473102172013,14.881005963323787,4,LDHA,18.847552197840375,44.70235749766768,-3775.096807168562,-5.72498937589121,0.060870188104421324,SE,3636,3.261966839113347e-05,0.08283765184836088,0.009477615356445312,0.052654778155835774,0.9473452006101701,2.12339901618692e-08,0.00011451019525676731,0.0007111685810683444,-3789.977813131886
448,1801.7247614102728,0.08858788781566203,118.35099952689461,4,FTH1,18.847552197840375,8.195304381454664,-884.4651017945416,-5.324361568029666,0.0629394958630706,SE,3636,0.0001042438650547935,0.013698197597781736,0.0050811767578125,3.6986680167829104e-09,0.9999999963013125,7.680111319895487e-16,0.0,0.0,-1002.8161013214362
449,6504.578153317229,0.041668365071855853,11.951145475807152,4,RTN3,18.847552197840375,18.320360007844087,-3235.89179774802,-7.9052606634139995,0.12487395176172238,SE,3636,0.00014421951828766591,0.07129087948579582,0.010008096694946289,0.00017827192393994227,0.9998152063678863,6.521708441185982e-06,0.0005461379387823317,0.0028303229665273544,-3247.842943223827
450,8517.210188804711,0.7085958680530745,282.366666258823,4,MALAT1,18.847552197840375,0.32758328181322316,-4242.207815491761,-0.8984118923218488,1.7663534724084713,SE,3636,0.0004738073019778556,0.012060059989295855,0.003957509994506836,6.36760459052809e-69,1.0,1.3286152054911747e-222,0.0,0.0,-4524.574481750584
451,6413.17046549131,0.01089736428869045,8.185200923627235,4,PDE2A,18.847552197840375,72.30103751737413,-3190.1879538350604,-2.8307982213115754,0.016170075381208127,SE,3636,1.9133908038559805e-05,0.12205718631272816,0.009525060653686523,0.4388960512322729,0.5461459824310206,0.014957966336549946,0.0042233500605843854,0.017048997349832756,-3198.3731547586876
452,6385.229193345947,0.024826645230515077,9.907708938394535,4,HSPA8,18.847552197840375,31.288765438591756,-3176.217317762379,-7.543505609416711,0.10216424698623956,SE,3636,6.96575142688355e-05,0.09063361406093771,0.010030746459960938,0.0028825443172294622,0.9970400246704192,7.74310124285769e-05,0.001645878830285774,0.007559215945084963,-3186.1250267007736
453,7995.693471027349,0.024620918273519966,36.23497231033616,4,VIM,18.847552197840375,31.556863427960895,-3981.44945660308,-1.4343170551302216,0.019741132323230926,SE,3636,3.2382205283993095e-05,0.04280478555419207,0.003839254379272461,0.032997358176795936,0.9670026409285111,8.944903548662823e-10,1.749035138942645e-09,2.3955534849446584e-08,-4017.684428913416
454,7772.404752557157,0.013825506157756856,7.091776941965236,4,CALY,18.847552197840375,56.81949446344693,-3869.8050973679838,-6.109046173696574,0.06424610397380771,SE,3636,4.3715395425167386e-05,0.17535133265423578,0.008340597152709961,0.2724116921745455,0.719571860823522,0.0080164470017057,0.007743842866132722,0.027434307059232322,-3876.896874309949
455,7193.876737213304,0.015106113545029233,7.007300797904463,4,LDHB,18.847552197840375,51.935143555720686,-3580.5410896960575,-6.817193245964054,0.07820389666754943,SE,3636,6.734532826807766e-05,0.2274692469667392,0.009270191192626953,0.13285522840009578,0.8645683458995032,0.0025764257007255716,0.00811779780076427,0.0283660633858141,-3587.548390493962
456,7437.425419792571,0.01850920117569748,13.82380606628476,4,CNTN1,18.847552197840375,42.23993063057198,-3702.315430985691,-5.221607911942567,0.05285783169427952,SE,3636,4.443298507018952e-05,0.10136901129224464,0.00786900520324707,0.343769599970443,0.6562303307709058,6.92587626113761e-08,0.0002007761278093323,0.0011845791540750605,-3716.1392370519757
457,6844.213384144999,0.04527035012812079,39.63379907459239,4,TPT1,18.847552197840375,16.799300404917616,-3405.7094131619046,-4.901875677347771,0.06356161963620999,SE,3636,9.386453811396924e-05,0.03987826344059309,0.0038347244262695312,0.0002088540795143855,0.9968336416832906,0.0029575042368360734,3.063354014898323e-10,4.4754143417657405e-09,-3445.343212236497
458,6156.510856051746,0.020857745338707174,15.744959572039534,4,ITM2B,18.847552197840375,37.394098844950044,-3061.858149115278,-7.393179967646068,0.09448141932273799,SE,3636,5.735247775817586e-05,0.10402990023905644,0.009890317916870117,0.2732805721282016,0.7267038548231066,1.557304853935944e-05,7.248080243615895e-05,0.0004751519270814865,-3077.6031086873177
459,6255.379145224075,0.007296362460938998,6.528817952628742,4,GMFB,18.847552197840375,108.37718152235568,-3111.2922937014428,-3.2589078131686837,0.017161923061203035,SE,3636,1.2708281432081394e-05,0.1781627775663197,0.009916067123413086,0.12326219251383863,0.5355923799348233,0.34114542755110805,0.010614046928490661,0.03531875919371947,-3117.8211116540715
460,6081.495548832017,0.02692141914473553,14.125173641861238,4,RTN1,18.847552197840375,28.792183590207117,-3024.350495505414,-8.616226195246334,0.1311339105891092,SE,3636,0.0002034192464541046,0.2270102341740265,0.008209466934204102,0.3096621417787468,0.6903369472566738,9.109644236955766e-07,0.0001710394407389293,0.001048180238118,-3038.4756691472753
461,7486.059951156923,0.06021180345603744,17.30853939762119,4,MOAP1,18.847552197840375,12.432915737320986,-3726.6326966678666,-6.5283986531964855,0.11099527598417264,SE,3636,0.00022299664759736898,0.05681453525727879,0.00445556640625,0.12261715720437408,0.8773828420411907,7.547000213983775e-10,3.177556973033013e-05,0.0002215623816651201,-3743.941236065488
462,6966.1364862724895,0.016976303726116918,6.706131910999829,4,PWAR6,18.847552197840375,46.1259676071151,-3466.67096422565,-3.7764175483243014,0.030367466432181932,SE,3636,9.083966327750287e-05,0.24481603400710966,0.01033782958984375,0.15724189664902882,0.7560258475397073,0.08673225581115625,0.009608191957520718,0.03253634980758671,-3473.37709613665
463,7512.172230063687,0.011447427769599536,11.69675379896762,4,MAP1A,18.847552197840375,68.78860433623832,-3739.6888361212486,-5.856128134488218,0.05629019829449745,SE,3636,1.8708416040558478e-05,0.10839476716480381,0.007784605026245117,0.014469577331130508,0.9808740496072492,0.004656373061442959,0.0006260922993672757,0.003205535656531054,-3751.3855899202163
464,7575.314588696516,0.008560013581704575,7.739696524372448,4,SCG3,18.847552197840375,92.2606726220507,-3771.2600154376632,-4.580343591199839,0.03392494857907456,SE,3636,1.8981416419520638e-05,0.19435349208009162,0.010035991668701172,0.18194945260880002,0.8056295357342479,0.0124210116566632,0.005401987871550218,0.020664961084683377,-3778.9997119620357
465,6596.416854438192,0.012493328061995861,11.449742447050994,4,RCN2,18.847552197840375,62.96316253613987,-3281.8111483085013,-3.441147437002927,0.023008783990338445,SE,3636,2.426565012225148e-05,0.11854769699622296,0.010654926300048828,0.07034978754865298,0.9296009003193175,4.9312131648677235e-05,0.0007150390954838715,0.003620032912449699,-3293.2608907555523
466,6616.742752739336,0.01458495651444745,13.874385235960744,4,BAIAP3,18.847552197840375,53.81937981584751,-3291.974097459073,-2.9666209401593093,0.019832590934815313,SE,3636,2.288696306472201e-05,0.08275028312490318,0.009845256805419922,0.0025984463550894348,0.9973895456650915,1.2007979715301597e-05,0.00019544411027128117,0.001162059167271881,-3305.848482695034
467,7420.024778476485,0.007734708837525378,7.07437183619777,4,HSBP1,18.847552197840375,102.19001663214101,-3693.615110327648,-4.004958797554082,0.026020992748431372,SE,3636,1.158260104433296e-05,0.1447600730405502,0.009333133697509766,0.4893349327966939,0.509337771247966,0.0013272959551183085,0.007819422991756086,0.027574700849089282,-3700.6894821638457
468,5753.257922873976,0.01988217069346741,15.77597468341719,4,COX4I1,18.847552197840375,39.26803152689154,-2860.2316825263933,-6.285380693014653,0.06900581207405992,SE,3636,4.2254900599456006e-05,0.0840158170592494,0.013112783432006836,0.11076543557570721,0.8892203830672514,1.4181357089074117e-05,7.13022148247644e-05,0.0004694317491038137,-2876.0076572098105
469,7647.796214170881,0.009812350039211205,6.298659410133496,4,NAA38,18.847552197840375,80.38390725010517,-3807.500828174846,-5.697947106379716,0.05171283245528525,SE,3636,2.5124886881651637e-05,0.19679631821859456,0.009378433227539062,0.15149871901088222,0.8381954603935465,0.010305820595597776,0.012082931574735944,0.0395976296362752,-3813.7994875849795
470,6725.498731507787,0.02933459987313967,41.70319888752374,4,RPL19,18.847552197840375,26.3580950627075,-3346.352086843299,-5.4083773338303285,0.06179009193399337,SE,3636,3.6289736842151176e-05,0.03444420276438231,0.0044291019439697266,0.09101277791264543,0.9089872220874322,2.618360299143483e-14,1.0623502078033198e-10,1.6075842944411367e-09,-3388.0552857308226
471,6620.215103564773,0.020173087985494515,10.960374877909999,4,HDAC5,18.847552197840375,38.690257526170306,-3293.710272871792,-3.009277424048331,0.023398800284073613,SE,3636,0.0001135947793158522,0.21965494864328092,0.007815361022949219,0.05299738229388418,0.9469037422769788,9.887542958841445e-05,0.0009308098407136978,0.00459119709213766,-3304.670647749702
472,6865.3164037104125,0.018648568452377362,11.026607526632688,4,TRIM37,18.847552197840375,41.91830379453618,-3416.2609229446116,-4.407214552124195,0.0392508821991497,SE,3636,8.191532394902412e-05,0.1842030045476365,0.009485721588134766,0.005157293123191496,0.9947892659001855,5.3440976530932516e-05,0.0008981336036926191,0.004458695624804135,-3427.2875304712443
473,7003.193979405623,0.013643798483127452,6.943056009864449,4,DCXR,18.847552197840375,57.58682339599883,-3485.199710792217,-3.2260511599271773,0.022357455178587074,SE,3636,4.984763621842582e-05,0.20515702230991117,0.008893966674804688,0.07973229447682632,0.9171598090124874,0.0031078965104636594,0.008414523210164004,0.02894143184841162,-3492.1427668020815
474,6344.456848193928,0.02541457943361582,13.063160510752823,4,RAB40B,18.847552197840375,30.546511689352947,-3155.831145186369,-2.67814130943031,0.022346595779762158,SE,3636,6.677877163899152e-05,0.08311261789218265,0.010951519012451172,0.4632742403536633,0.5367257508577392,8.788582014265824e-09,0.0003011608275408362,0.0016999752023578124,-3168.894305697122
475,6937.748086357081,0.4469230505968023,758.4822773251794,4,MBP,18.847552197840375,0.9857741915383215,-3452.476764267946,-7.2080752534793175,0.49145032420898693,SE,3636,0.0006355618724915188,0.012118930659090222,0.003342866897583008,2.1177685320962974e-42,1.0,5.80990764226515e-299,0.0,0.0,-4210.959041593125
476,5597.110032626324,0.020514722318798452,22.85378492916425,4,RPS21,18.847552197840375,38.03267824135331,-2782.1577374025674,-5.319305184154139,0.05154211256705683,SE,3636,3.229681803884578e-05,0.060472981370418136,0.010552406311035156,0.001127202064738603,0.9966429283330742,0.00222986960199102,1.7480475553721675e-06,1.5149745479892118e-05,-2805.0115223317316
477,5837.768562918952,0.04994895484248563,56.427492151746264,4,RPS15,18.847552197840375,15.151135224309725,-2902.4870025488813,-5.615554630321507,0.07332928313939964,SE,3636,9.651742885619366e-05,0.034315353696848724,0.0038933753967285156,4.548618088150904e-06,0.9999954513817779,1.1490680427509434e-14,5.828670879282072e-14,1.2418307123359302e-12,-2958.9144947006275
478,7573.566709052075,0.01357795079250979,9.43058353827655,4,AES,18.847552197840375,57.86995976672437,-3770.3860756154427,-5.9456756921877805,0.06056447548692168,SE,3636,4.583811612504245e-05,0.19043780353672463,0.010360240936279297,0.0016551260409164836,0.8969378198927529,0.10140705406608604,0.002133963758768065,0.009406610361925895,-3779.8166591537192
479,7788.86097168345,0.04334260632828325,11.423364843776199,4,CTXN1,18.847552197840375,17.581909837083213,-3878.0332069311303,-5.612661727634546,0.08149751655536504,SE,3636,0.0005446130246994761,0.2504861288690334,0.008331775665283203,0.06582712355600817,0.9341724700934357,4.063506931895655e-07,0.0007252622638280748,0.0036597115549745615,-3889.4565717749065
480,5767.350822258535,0.02103279295830202,24.084480514356073,4,RPS28,18.847552197840375,37.07625299785363,-2867.278132218673,-5.643304939835912,0.057808325899797244,SE,3636,3.353133834213581e-05,0.0598560135240466,0.008854866027832031,0.006656843031971812,0.9933082106094281,3.4946358266052005e-05,9.220039011159642e-07,8.469185534801731e-06,-2891.362612733029
481,7642.677344026541,0.026146852470713553,7.116341710425786,4,GPI,18.847552197840375,29.66871216921816,-3804.9413931026756,-6.557015948100683,0.08541632397982753,SE,3636,0.0001875646470606642,0.22120617356707278,0.01057577133178711,0.44063652251618396,0.5580263845803974,0.0013370929038634379,0.007638441502548998,0.027218588357457062,-3812.0577348131014
482,6249.718201870672,0.01628615699603833,15.989857580940225,4,CALM3,18.847552197840375,48.11437019846996,-3108.461822024741,-7.2694869018186745,0.08731505364857209,SE,3636,3.225810613038035e-05,0.09419420735452529,0.009516000747680664,0.0002888408837418916,0.9251999176892294,0.07451124142744754,6.368274009060926e-05,0.0004247361882564983,-3124.4516796056814
483,7568.790108443332,0.023908500448765854,9.929823690825742,4,NAPA,18.847552197840375,32.52092069375981,-3767.9977753110716,-5.349344597813016,0.06000613399134819,SE,3636,9.134011265006533e-05,0.1276713977705676,0.00992727279663086,0.005596182751372533,0.9943952408129976,8.576435401573132e-06,0.0016262211030017015,0.007513925216881357,-3777.9275990018973
484,5486.603629897437,0.09025561627516646,65.21903096991309,4,FTL,18.847552197840375,8.029153979409715,-2726.9045360381238,-4.752695803597651,0.07326477681686275,SE,3636,0.0001928451259985208,0.024569688366339087,0.0038907527923583984,1.7425492600892304e-15,1.0,5.723357508174299e-23,6.661338147750939e-16,1.5482564725227184e-14,-2792.123567008037
485,6109.209664904227,0.03242936038403471,31.342000840446417,4,RPL28,18.847552197840375,23.766702939558016,-3038.207553541519,-6.038007549226833,0.07334680483590249,SE,3636,6.119446118432181e-05,0.048123239668090755,0.0045430660247802734,0.30885889578867376,0.6739027786496388,0.017238325562124603,2.163482393235938e-08,2.698196740832463e-07,-3069.549554381965
486,7504.008491578891,0.030215571322696092,25.526117269503175,4,MAPK1,18.847552197840375,25.566367992341238,-3735.606966878851,-4.865654288083794,0.0566175288242589,SE,3636,4.9695950297398766e-05,0.044616816490218855,0.004388093948364258,0.10728460953521587,0.89271539046487,4.1450739785772665e-18,4.36434935968677e-07,4.2106364262638395e-06,-3761.133084148354
487,7788.4972694289145,0.03779911929626088,14.896471875510997,4,NPTXR,18.847552197840375,20.277233791479237,-3877.8513558038626,-4.69641531285975,0.061214203421005524,SE,3636,0.00012488145051994044,0.07386369088834384,0.008792638778686523,7.988910677911972e-05,0.9986467134427054,0.0012733974508245592,0.00011357520020360834,0.0007111198249483069,-3892.7478276793736
488,6920.96702705819,0.010296525346677703,6.967145233214978,4,ST13,18.847552197840375,76.56654344774155,-3444.0862346185004,-3.750155902458577,0.025073342516393607,SE,3636,3.1358964764352514e-05,0.2235151075993902,0.01050257682800293,0.023141665578774805,0.7905796054033105,0.18627872901800258,0.008301984019437492,0.028682980823912414,-3451.0533798517154
489,7941.621813203564,0.07593301021832169,106.03115629326021,4,S100B,18.847552197840375,9.693876417948578,-3954.4136276911872,-3.542176497263565,0.07489798855478792,SE,3636,0.00011527670279827032,0.01963565188887254,0.005053520202636719,3.723054536180343e-12,0.999999999996362,1.3674247658817075e-46,0.0,0.0,-4060.4447839844474
490,6580.279128109168,0.08102291759734334,73.81496682724674,4,RPS27,36.34201014411473,5.8728388200650175,-3273.742285143989,-4.860335219787458,0.08092133521424023,SE,3636,0.0009053201780119363,0.13813459791132301,0.0039768218994140625,0.0640103610264416,0.9359893649863728,2.739869088619635e-07,0.0,0.0,-3347.557251971236
491,6143.485603862671,0.025087249126276887,34.27581983585924,4,RPL37,36.34201014411473,20.121668354016204,-3055.345523020741,-5.552802946374024,0.04023256641390315,SE,3636,8.036499544695081e-05,0.10251276956296555,0.0038509368896484375,0.009700422760953674,0.8070051843836232,0.18329439285514393,4.782875429043543e-09,6.324940438062754e-08,-3089.6213428566
492,7862.954841255275,0.1985788225644688,37.17411685269008,4,MEG3,36.34201014411473,2.089676995607565,-3915.080141717043,-4.002820562886671,0.2536160040854547,SE,3636,0.003505922818553789,0.13787351907893702,0.00379180908203125,0.02499143710926242,0.9750085628905543,3.320808251308784e-23,1.0803830052807939e-09,1.520465623945631e-08,-3952.254258569733
