,FSV,M,g,l,max_delta,max_ll,max_mu_hat,max_s2_t_hat,model,n,s2_FSV,s2_logdelta,time,BIC,max_ll_null,LLR,pval,qval
0,0.205356630985695,4,HNRNPR,0.7071067811865476,3.868937188337847,-3118.565534914818,-2.8932521430896094,1.599427421436807,SE,3611,0.0019224418896823694,0.07244374432769313,0.010039091110229492,6269.898029914745,-3121.3731374187782,2.8076025039604247,0.09381849053426838,0.028175154950228213
2,0.2680003423052305,4,MEAF6,0.7071067811865476,2.7308866563181833,-3010.1513119967667,-3.1623078230017,2.394549350214226,SE,3611,0.00152600306720645,0.04224901961732165,0.00591588020324707,6053.069584078643,-3014.9972089565786,4.845896959811853,0.027711976574015917,0.009124430034415643
4,0.21498050341922445,4,ERI3,0.7071067811865476,3.6509805015294146,-3597.2199562811034,-4.388648777094948,3.76305607722481,SE,3611,0.002168894473541862,0.07720549075068768,0.009133338928222656,7227.206872647316,-3600.033720330598,2.8137640494946936,0.093458855482358,0.028082874832997817
10,0.22423017579122503,4,UFC1,0.7071067811865476,3.4591306959969486,-3216.08005997709,-3.204495083441639,2.1093989562038824,SE,3611,0.0017911192598130182,0.060585013401252406,0.012639999389648438,6464.92708003929,-3219.3752025969625,3.295142619872422,0.06948507348446753,0.021344607702522767
11,0.2164391620762188,4,GPR37L1,0.7071067811865476,3.619637044123098,-3412.142561962188,-2.466562852601553,1.2504608531486756,SE,3611,0.0016300173140026328,0.05754463957819957,0.009169340133666992,6857.052084009486,-3415.447792441595,3.305230479406873,0.06905965700472161,0.021239156397407085
13,0.21558162510669585,4,ID2,0.7071067811865476,3.638012300742361,-3436.661605516152,-3.4077272462654093,2.303433887986075,SE,3611,0.002064982785805038,0.07325530933295671,0.010667085647583008,6906.090171117414,-3439.5756780367524,2.914072520600257,0.08780988417050539,0.026489330023825638
14,0.2737212281618651,4,YPEL5,0.7071067811865476,2.652913053728426,-3490.7352379062277,-4.2026024007614,4.267972335007444,SE,3611,0.0009907007119027995,0.02683546245396387,0.004250049591064453,7014.237435897565,-3497.034877465906,6.299639559678326,0.012076252465811343,0.004203285325248477
15,0.252959173559249,4,COX7A2L,0.7071067811865476,2.9527185299416128,-3353.329406071923,-3.84203235056431,3.340235269775579,SE,3611,0.0015598047957882746,0.04594228142652333,0.0064046382904052734,6739.425772228956,-3357.554290424561,4.224884352637673,0.03983533381368587,0.012832567267308033
22,0.11790932648301847,4,CTNNB1,0.7071067811865476,7.479855668589426,-3866.0985624604295,-4.879268555770883,2.6817437700041533,SE,3611,4.854958814806774,402.5350790454535,0.0032501220703125,7764.964085005969,-3870.087701410089,3.9891389496592637,0.045794460777206836,0.01459446435399559
25,0.22210185964460946,4,ATP2C1,0.7071067811865476,3.5018592340447543,-3015.9310958522665,-3.2429789446513895,2.132179476261614,SE,3611,0.0017363048378011105,0.05940666192293038,0.011813879013061523,6064.6291517896425,-3019.3502643964407,3.4191685441742266,0.06444346284975822,0.019968301602519486
30,0.23549998852302173,4,MSMO1,0.7071067811865476,3.245747656047305,-3380.8973889448744,-3.7477206912830305,2.990719677002887,SE,3611,0.0017545310432136524,0.056019202182694426,0.009802103042602539,6794.561737974858,-3384.494696019747,3.597307074872788,0.057873246769866826,0.018047154119567352
34,0.17641123321103913,4,CDC42SE2,0.7071067811865476,4.667800914211929,-3401.6428637747044,-3.8277028642742454,2.4069538537430155,SE,3611,0.0024392589644382187,0.11215891103103998,0.012052536010742188,6836.052687634518,-3403.6673820516335,2.0245182769290295,0.1547779973172364,0.04482575025386289
38,0.17311375100176432,4,BAG6,0.7071067811865476,4.775758410657583,-3286.54392913683,-2.9286615592306773,1.4086736830370028,SE,3611,0.0024458540521961033,0.1153919486612095,0.01132345199584961,6605.854818358769,-3288.4948711175066,1.9509419806768165,0.1624853794952813,0.04695649191918886
43,0.4464679637335768,4,HIVEP2,0.7071067811865476,1.2395972548195766,-3056.826165360023,-3.3816382393589897,4.177193384697185,SE,3611,0.001051493269904239,0.020056141192176136,0.0031571388244628906,6146.4192908051555,-3070.215291243463,13.389125883440101,0.0002530873106196818,0.00010938503645565326
45,0.3672005129433518,4,ADAP1,0.7071067811865476,1.7230226457136995,-3476.1001690429457,-3.266437344777774,3.36332781594638,SE,3611,0.0012440583557758304,0.026166961345977572,0.0031468868255615234,6984.967298171001,-3486.4629553753366,10.362786332390897,0.0012858098782223548,0.0005135232032432068
55,0.2291764689596146,4,ATRX,0.7071067811865476,3.362893287748424,-3171.021368740206,-3.1339508182638123,2.058423225407151,SE,3611,0.0013506398814149764,0.04451709938598167,0.009188652038574219,6374.809697565522,-3175.0447012526047,4.023332512398611,0.04487496010200087,0.01431843948957899
58,0.24894713572728053,4,RPL7,0.7071067811865476,3.016417967574938,-3719.7961855133394,-4.747888844161689,5.001959196857558,SE,3611,0.0017216098594525033,0.051611400794732656,0.00655674934387207,7472.359331111788,-3723.76561644898,3.969430935640503,0.04633342834935017,0.014739956177136094
59,0.23547514362824648,4,AZIN1,0.7071067811865476,3.246195605847418,-3486.065281538786,-4.097175660905121,3.561976594928562,SE,3611,0.0017312982291234592,0.05528416929039932,0.009817361831665039,7004.897523162682,-3489.6759639706706,3.61068243188447,0.05740955722678098,0.017933269834796563
64,0.19698683114908733,4,PRRC2B,0.7071067811865476,4.075807083043612,-3481.9998452806963,-3.6877995922270967,2.477149639449402,SE,3611,0.002110002576683081,0.08384070024478016,0.009252309799194336,6996.766650646502,-3484.5097726610657,2.5099273803693904,0.11313114483094544,0.03350603656957874
67,0.19201039516145954,4,TM7SF2,0.7071067811865476,4.207355199134029,-3160.8909301535346,-2.9099355149845305,1.5238662896499942,SE,3611,0.0022582743929581927,0.09275895640020543,0.00966787338256836,6354.548820392179,-3163.2499047331194,2.3589745795848103,0.12456404452546666,0.03662917975978137
69,0.20519742375673247,4,SPCS2,0.7071067811865476,3.8727147389764913,-3425.135615028479,-3.3820985869810283,2.1717710064157982,SE,3611,0.0022237820886940353,0.08388114236016886,0.012058258056640625,6883.038190142068,-3427.784786873631,2.6491718451520683,0.10360385746891676,0.030906196737112392
71,0.30962828037160467,4,CCNY,0.7071067811865476,2.2293102766635826,-3069.0775437002153,-3.096720162245578,2.6066335515833567,SE,3611,0.0016075594326059358,0.03867595809334763,0.0037865638732910156,6170.92204748554,-3076.3377117370537,7.260168036838422,0.007050069425541872,0.0025567281093304473
73,0.10592436309101232,4,GLUD1,0.7071067811865476,8.439302334577867,-3873.9424647487353,-3.5918148955657796,1.338523376875938,SE,3611,0.19429325595825045,19.078189003000194,0.0034453868865966797,7780.65188958258,-3877.3291656246583,3.3867008759229975,0.06572433351946994,0.020294843134184993
80,0.2137625549882576,4,RAP2A,0.7071067811865476,3.677479309574821,-3272.6658501627176,-3.6283369809700603,2.573139268098239,SE,3611,0.0017362885956224913,0.06223935875945535,0.01036691665649414,6578.098660410545,-3275.779204361677,3.113354198959314,0.07765289056226599,0.023656845405158205
83,0.17836598798580278,4,UBL7,0.7071067811865476,4.605687965224264,-3017.540623190469,-3.2435327989552403,1.7519134614189018,SE,3611,0.0023770760576659364,0.10768084570327977,0.012343645095825195,6067.8482064660475,-3019.5869737428807,2.0463505524116954,0.15257153059851813,0.04425842128576907
94,0.21055114086863436,4,UBE2Z,0.7071067811865476,3.7488196583088,-3080.462680163911,-2.7641595279050466,1.497486668904913,SE,3611,0.0017634943942394152,0.0644093038705112,0.009092569351196289,6193.692320412932,-3083.485247246637,3.0225670827258,0.08211339203694268,0.02486879590462306
95,0.2199652486017816,4,GRB2,0.7071067811865476,3.545585998802989,-3425.969065227541,-3.973699230104772,3.1570437223821526,SE,3611,0.001964667105099989,0.06800870316314864,0.0121612548828125,6884.705090540191,-3429.0201266990334,3.0510614714926305,0.08068439364405289,0.02449132697946762
97,0.27160003150877476,4,CSNK1D,0.7071067811865476,2.681441018097686,-3092.898962337179,-2.8765009473024774,2.0228590558923623,SE,3611,0.001469660481582081,0.04012907746614627,0.006010293960571289,6218.5648847594675,-3097.9546314775644,5.055669140385362,0.024545502255694518,0.008177214190208788
98,0.17857557542506408,4,EPB41L3,0.7071067811865476,4.599108974173269,-3606.246913263614,-4.40525888781218,3.209487972575022,SE,3611,0.0021375964679840698,0.09667904512649368,0.010805845260620117,7245.260786612337,-3608.4411653076986,2.1942520440848057,0.13852643686072752,0.04046870555943218
103,0.2837927090955028,4,NOP53,0.7071067811865476,2.5232811893093525,-3303.901247765475,-2.2881444282227217,1.374921758500516,SE,3611,0.0014611482440673425,0.038164141514279326,0.0061054229736328125,6640.56945561606,-3309.293198419615,5.391950654139691,0.020229844106197326,0.006807122175576835
107,0.23590537013457366,4,SON,0.7071067811865476,3.2384520147424585,-3400.694214503795,-3.7013657460478133,2.9248225201003186,SE,3611,0.0016269302888641283,0.05184187589784156,0.009055614471435547,6834.1553890927,-3404.435732912885,3.7415184090900766,0.05307619228977023,0.016706654636664764
112,0.3904317864562378,4,IGKC,2.61638065992574,1.552922735948527,-3918.144757722899,-1.2038770254297002,0.3291015744815588,SE,3611,2.996577464100584e-06,6.066986831671263e-05,0.004214048385620117,7869.056475530908,-4526.477292135199,608.3325344122995,0.0,0.0
114,0.15551247006377372,4,NPY,2.61638065992574,5.4013301710611765,-3578.2670127371016,-1.7126418158727101,0.18702084114305173,SE,3611,6.264110701103483e-06,0.00034335214012435656,0.005528688430786133,7189.300985559313,-3682.9013677137145,104.63435497661294,0.0,0.0
116,0.3116214972312839,4,HBB,2.61638065992574,2.197215193947904,-3532.9640732090343,-1.0433969019951386,0.20504055602188545,SE,3611,3.5713053303325355e-06,8.543123044736746e-05,0.0042684078216552734,7098.695106503178,-3947.6247989356298,414.6607257265955,0.0,0.0
118,0.11406383645466808,4,HPCA,5.032790984682797,7.61498484194045,-3730.023581802687,-6.184791340005335,0.5716034164205434,SE,3611,8.618458959095691e-06,0.0007525972339999581,0.0030298233032226562,7492.814123690484,-3894.278059433057,164.25447763036982,0.0,0.0
119,0.21478760775841466,4,MUC1,5.032790984682797,3.584202283074203,-3508.183586024032,-1.7648401948737849,0.1498958136745765,SE,3611,1.3413280028658622e-05,0.00047799500728786594,0.0034520626068115234,7049.134132133174,-3873.363349027886,365.1797630038541,0.0,0.0
121,0.05599190393700688,4,SCG2,5.032790984682797,16.529703808397542,-3617.0138910425862,-4.941119933831054,0.31375411126388114,SE,3611,6.836860211373797e-06,0.0019811529642465684,0.009170055389404297,7266.794742170282,-3673.3238611787087,56.3099701361225,6.195044477408373e-14,5.565823422675408e-14
122,0.13359400001970861,4,CXCL14,5.032790984682797,6.358418159229086,-3663.1591532258662,-3.0533731691089714,0.19385203727196565,SE,3611,1.2497802727567505e-05,0.000855958684106046,0.00302886962890625,7359.085266536842,-3819.221687739252,156.0625345133858,0.0,0.0
123,0.05869501396364343,4,HLA-A,5.032790984682797,15.723301307701083,-3897.609260096801,-1.0747008836587149,0.04489820007898301,SE,3611,7.495356034135282e-06,0.00199767511859575,0.012887001037597656,7827.985480278711,-3956.780421732124,59.17116163532319,1.4432899320127035e-14,1.3416433904009693e-14
124,0.2785111003074527,4,COX6C,5.032790984682797,2.539812947322353,-2824.9890331995707,-4.143446882120954,0.3546256027959822,SE,3611,1.2040783684183245e-05,0.000320452158007704,0.004323720932006836,5682.745026484251,-3389.0709057629538,564.0818725633831,0.0,0.0
126,0.05560258873413334,4,FRRS1L,5.032790984682797,16.652305285958764,-3446.653662232487,-4.830352064058283,0.2980803922559576,SE,3611,6.831668894333126e-06,0.0020043879598067717,0.028046607971191406,6926.074284550084,-3502.250398307686,55.596736075198805,8.892886427247504e-14,7.858024550061447e-14
129,0.2884171409679422,4,SAA1,5.032790984682797,2.4189060385041516,-2805.4902184296575,-3.3985820111311145,0.2753488504599009,SE,3611,1.37319511841386e-05,0.00035302692237904916,0.00438380241394043,5643.7473969444245,-3307.546547764499,502.0563293348414,0.0,0.0
130,0.4172695027311774,4,SCGB1D2,5.032790984682797,1.3691962195392682,-3719.9501214674438,-3.271056628569715,0.4582801753293335,SE,3611,1.3534798957349298e-05,0.00026486571507449775,0.004292964935302734,7472.667203019997,-4752.144433136086,1032.1943116686425,0.0,0.0
131,0.6505774831304372,4,SCGB2A2,5.032790984682797,0.52658253107804,-4011.627665227241,-4.367738317883092,1.149355626230724,SE,3611,8.97288417216008e-06,0.0001954700373708914,0.0042264461517333984,8056.022290539591,-5928.151079363457,1916.5234141362162,0.0,0.0
133,0.19562099467452565,4,SNCG,5.032790984682797,4.031436764691563,-3806.570274124662,-6.500528596660981,0.7170871712098702,SE,3611,1.0947160730156129e-05,0.00043890707512220505,0.0031366348266601562,7645.907508334433,-4175.394700823358,368.82442669869624,0.0,0.0
134,0.06439051772717283,4,ADIRF,5.032790984682797,14.245814526657304,-3509.3870350343136,-1.6876492370627647,0.062309051115094924,SE,3611,8.201251504083725e-06,0.0018572767782555665,0.008758544921875,7051.541030153737,-3577.600595707414,68.21356067310035,1.1102230246251565e-16,1.1838633373013597e-16
135,0.39239647036680875,4,MGP,5.032790984682797,1.5181328714007252,-3704.171298908071,-3.262820864479209,0.4270228363334395,SE,3611,1.627204264004438e-05,0.000328513795066427,0.004300832748413086,7441.109557901252,-4349.267026739541,645.0957278314695,0.0,0.0
136,0.20397307684186597,4,KRT8,5.032790984682797,3.8262161252768663,-3353.039660260434,-0.3255934776742466,0.0918251994727127,SE,3611,1.1935049986092028e-05,0.0004536046866682612,0.004973173141479492,6738.846280605978,-3700.9759324092074,347.93627214877324,0.0,0.0
137,0.12007989505976104,4,IFI27,5.032790984682797,7.184350786280935,-3555.9891932917544,-0.4609209684085559,0.05797872544175783,SE,3611,1.0680178021394632e-05,0.0008607822075033847,0.0031456947326660156,7144.745346668618,-3705.8682421665253,149.8790488747709,0.0,0.0
138,0.12867144009497386,4,HBA2,5.032790984682797,6.639178967923437,-3692.1777030982253,-1.4715257507862383,0.09372364105371396,SE,3611,1.3511252067920161e-05,0.0009793873780165332,0.004366636276245117,7417.12236628156,-3823.0443113326482,130.86660823442298,0.0,0.0
139,0.0632125988324404,4,MT1E,5.032790984682797,14.52954397501334,-3854.556886149729,-3.388722590133052,0.17210622320476346,SE,3611,6.728751229286673e-06,0.00157385329082092,0.013553619384765625,7741.880732384568,-3926.55529238465,71.99840623492082,0.0,0.0
142,0.21634055477931746,4,KRT19,5.032790984682797,3.551436234708659,-3757.6287693042245,-0.03871151201772694,0.12135659584111108,SE,3611,1.1158966697052475e-05,0.00039416547920493824,0.004337787628173828,7548.024498693559,-4195.399501431331,437.77073212710684,0.0,0.0
144,0.10362310879235831,4,XBP1,5.032790984682797,8.481030450206097,-3192.8108105384404,-1.4625448744973775,0.06673083211272877,SE,3611,1.0977905554070045e-05,0.001116573094849547,0.004365444183349609,6418.38858116199,-3314.017451749898,121.20664121145774,0.0,0.0
145,0.16583855181107385,4,NEFH,5.032790984682797,4.931501913708874,-3271.1888523593784,-4.124882114253539,0.30756642809782275,SE,3611,9.51793072809212e-06,0.0004764698098624855,0.004938602447509766,6575.144664803866,-3555.4382331908564,284.249380831478,0.0,0.0
146,0.09744094254995628,4,LGALS1,5.032790984682797,9.081315011352714,-3877.4533995329302,-5.682345903555876,0.47640818972249593,SE,3611,8.974689946763906e-06,0.0010083339722842478,0.004322052001953125,7787.67375915097,-4001.5171660392025,124.06376650627226,0.0,0.0
148,0.20466388557015822,4,PCP4,5.032790984682797,3.8099921101640764,-3698.9316705001406,-5.609401877458278,0.5636555045331733,SE,3611,9.678351891832226e-06,0.00036626855623317285,0.004878520965576172,7430.630301085391,-4114.914629507979,415.9829590078384,0.0,0.0
149,0.1378212322053388,4,TFF3,5.032790984682797,6.133322246738745,-3259.937607170554,-1.4122718684809834,0.08199101016960801,SE,3611,9.41059506440987e-06,0.0006151817726990897,0.0048809051513671875,6552.642174426218,-3468.3353489284987,208.39774175794446,0.0,0.0
150,0.2085221871934053,4,TFF1,5.032790984682797,3.721354655316537,-2883.8680428838197,-2.3587231263831603,0.15191052886437426,SE,3611,1.2360636532538247e-05,0.0004569346363659275,0.0049021244049072266,5800.503045852749,-3239.9935464447835,356.1255035609638,0.0,0.0
151,0.6713655427539411,4,log_total_count,5.032790984682797,0.4799197664182523,-1263.0237346344377,8.168435426675202,1.2657567502263827,SE,3611,9.373335520377237e-06,0.0002142492702053635,0.004327058792114258,2558.8144293539854,-2963.4794757460327,1700.455741111595,0.0,0.0
152,0.02631718390484231,4,GNB1,9.680925059361716,34.53206097161906,-3755.7041439617124,-6.47872351529489,0.17936155290503694,SE,3611,8.98144226204966e-06,0.010462908599018198,0.01986408233642578,7544.175248008534,-3788.467424854646,32.763280892933835,1.0409267114930287e-08,6.609247335064377e-09
153,0.024127885444672013,4,TPRG1L,9.680925059361716,37.750095524593654,-3581.2015358748376,-4.529387980405819,0.09097210148373396,SE,3611,1.1510618856395345e-05,0.01581190802465724,0.022405385971069336,7195.170031834785,-3607.2895549716322,26.088019096794596,3.262018613003903e-07,1.8339917873759316e-07
154,0.09554578327494799,4,CLSTN1,9.680925059361716,8.835262795834643,-3339.434598330052,-7.950709907957464,0.3354890379165067,SE,3611,2.381673930327956e-05,0.002763039860314721,0.004358053207397461,6711.636156745213,-3534.270758487019,194.83616015696725,0.0,0.0
155,0.021873234112588315,4,FBXO44,9.680925059361716,41.73751142007157,-3503.3947110056315,-4.580999637873491,0.0897911086769672,SE,3611,1.0047994834736476e-05,0.016641487955725252,0.022638320922851562,7039.5563820963725,-3525.869790743539,22.475079737907436,2.1288761726800942e-06,1.0968796977392852e-06
156,0.05978619298948828,4,EFHD2,9.680925059361716,14.678109853379182,-3096.7200786677263,-2.638245379182734,0.0525985612726824,SE,3611,1.7207578000141642e-05,0.004439316533414105,0.004228353500366211,6226.207117420562,-3195.511646535703,98.79156786797694,0.0,0.0
157,0.024387974376125568,4,NBL1,9.680925059361716,37.33755056339425,-3711.7646960913853,-4.73292801091092,0.09944969024124065,SE,3611,1.0684804657933044e-05,0.014381308489772636,0.01294851303100586,7456.29635226788,-3739.67787960368,27.913183512294836,1.2688230788260313e-07,7.357303356337675e-08
158,0.14615634310390402,4,CAMK2N1,9.680925059361716,5.452618303770382,-2983.8691012486456,-6.860874887934177,0.281477998329215,SE,3611,3.7014740430623554e-05,0.002219057427541507,0.004274845123291016,6000.505162582401,-3281.379019170707,297.5099179220615,0.0,0.0
159,0.02533796228804221,4,RAP1GAP,9.680925059361716,35.90267224724781,-3547.680851485262,-4.058844626404674,0.07617814353760975,SE,3611,1.1215168019247014e-05,0.014038532221040881,0.013485431671142578,7128.128663055633,-3570.7170143147705,23.036162829508612,1.5898261799263125e-06,8.262838672978544e-07
160,0.06853869100199478,4,FABP3,9.680925059361716,12.684502052741871,-3723.255481036051,-5.599570253346117,0.17683378512030593,SE,3611,2.1632636807725277e-05,0.00439457443054386,0.004278421401977539,7479.277922157212,-3840.771351399477,117.51587036342607,0.0,0.0
161,0.033151172796718156,4,ADGRB2,9.680925059361716,27.221000687059632,-3834.5215549081263,-5.613233103275439,0.1471700391167407,SE,3611,1.4116409780770002e-05,0.010653917085565347,0.014691829681396484,7701.810069901362,-3868.4285348155245,33.90697990739818,5.781092715650971e-09,3.7585065589356176e-09
162,0.2225876138661242,4,MARCKSL1,9.680925059361716,3.2598293887114766,-4000.3589325114444,-2.3887925069707903,0.18583495267171782,SE,3611,4.542845291023955e-05,0.0015502306747984915,0.004472255706787109,8033.484825107998,-4637.701886083192,637.3429535717478,0.0,0.0
163,0.026662079962533933,4,MAP7D1,9.680925059361716,34.07328654912057,-3707.9225265920068,-3.97516407734507,0.07583967331271779,SE,3611,9.640344708009879e-06,0.01095713882532613,0.013048648834228516,7448.612013269123,-3740.9904028826613,33.06787629065457,8.899701975373375e-09,5.696272689813724e-09
164,0.03982632344652748,4,HPCAL4,9.680925059361716,22.50214857476842,-3430.6166041678475,-3.827868381809713,0.07894865304903725,SE,3611,1.9216006321391466e-05,0.01032158532892794,0.02096700668334961,6894.000168420805,-3458.8455017184247,28.22889755057713,1.0778331960281662e-07,6.297500353105745e-08
165,0.023707287474198733,4,SMAP2,9.680925059361716,38.43638992184023,-3426.680227435927,-4.288429372678302,0.08137248673738437,SE,3611,1.1421600762609801e-05,0.01622350235365234,0.013395547866821289,6886.127414956964,-3452.01638748001,25.336160044083044,4.815953803527506e-07,2.6412090947027595e-07
166,0.09711859376400173,4,RPS8,9.680925059361716,8.677062644268721,-3142.2307354393565,-5.282533711209761,0.16757287898221498,SE,3611,2.8319215906649558e-05,0.00319897300650015,0.0042858123779296875,6317.228430963823,-3344.299486549254,202.06875110989768,0.0,0.0
167,0.02433479513140365,4,EPS15,9.680925059361716,37.42118461750285,-3609.9515608120255,-4.599152474283448,0.09385930775043856,SE,3611,1.1105378848311276e-05,0.01500954046806213,0.021932601928710938,7252.6700817091605,-3630.93897174551,20.987410933484625,4.623112229817927e-06,2.3261437963436613e-06
168,0.034156266301073136,4,SSBP3,9.680925059361716,26.392521529532086,-3521.4191602446217,-4.119464825763988,0.08539735437626012,SE,3611,2.3090257474557595e-05,0.01648270539312868,0.021146297454833984,7075.605280574353,-3549.1431578759757,27.723997631353996,1.399162324888792e-07,8.104317412962766e-08
169,0.021481364628705008,4,PLPP3,9.680925059361716,42.51592604256173,-3113.468826123247,-1.8519262657888103,0.020681720006652707,SE,3611,9.877759773456362e-06,0.016934791579970986,0.0221707820892334,6259.704612331603,-3135.487657352249,22.01883122900199,2.6998850050086176e-06,1.3791620371905493e-06
170,0.026144111954394342,4,DNAJC6,9.680925059361716,34.76683918153825,-3719.3759172177797,-6.015227367164372,0.15594020625318286,SE,3611,1.053690956812809e-05,0.0124292729996265,0.02264690399169922,7471.518794520669,-3748.4284141565995,29.052496938819786,7.044324867866436e-08,4.1981330020618155e-08
171,0.06133085603444245,4,AK5,9.680925059361716,14.284923678189744,-3984.911789216099,-6.193566779319238,0.2073391371829726,SE,3611,2.4782308882866954e-05,0.0061124635621674465,0.004339456558227539,8002.590538517307,-4052.367272070023,67.45548285392397,2.220446049250313e-16,2.3125563443207146e-16
172,0.023141177882090955,4,DDAH1,9.680925059361716,39.39950369990995,-3615.226443433565,-3.820893213507209,0.06723872961172027,SE,3611,1.2039444444097085e-05,0.017906745719290833,0.022700786590576172,7263.219846952239,-3637.404467532017,22.17802409845217,2.485019789832954e-06,1.2718265752961858e-06
173,0.14332066979432553,4,LMO4,9.680925059361716,5.578967972326617,-3624.495862988878,-8.083607954072313,0.3905766181950191,SE,3611,3.737970079289247e-05,0.0023061732025555343,0.004288434982299805,7281.758686062865,-3930.8722073587373,306.37634436985945,0.0,0.0
174,0.03741806234700736,4,PLPPR4,9.680925059361716,24.010478920843745,-3021.477217499738,-3.4053636804391747,0.061300759239880855,SE,3611,1.734706870590171e-05,0.010454328511911803,0.021361827850341797,6075.721395084585,-3054.164903827819,32.68768632808133,1.082206424474208e-08,6.861184079516255e-09
175,0.040870416568000806,4,SLC6A17,9.680925059361716,21.903455323288977,-3448.403559054125,-4.486132787109197,0.10299587545978427,SE,3611,1.4118396099589136e-05,0.007231109702457472,0.005785703659057617,6929.574078193359,-3506.412776436483,58.0092173823582,2.609024107869118e-14,2.3799075813895787e-14
176,0.12656708271698566,4,S100A11,9.680925059361716,6.44099844231219,-3400.7077142980493,-0.9083980899869295,0.061736576867847746,SE,3611,5.73406326833296e-05,0.0042621613246362445,0.004366636276245117,6834.182388681208,-3576.903088817083,176.19537451903352,0.0,0.0
177,0.02436977458518916,4,S100A1,9.680925059361716,37.36613196786968,-3159.8890116372704,-2.271110514380039,0.029011967268995027,SE,3611,1.531926880685892e-05,0.020648388529983318,0.022072315216064453,6352.54498335965,-3182.8950975042794,23.006085867009006,1.6148937137527852e-06,8.376888439547594e-07
178,0.2169902657796162,4,PAQR6,9.680925059361716,3.367994070960785,-3524.490720674162,-1.0185008473952302,0.12226209312707317,SE,3611,4.1349345735595785e-05,0.0014552322899008367,0.004343271255493164,7081.748401433433,-4210.895131201128,686.4044105269659,0.0,0.0
179,0.04210876599090637,4,C1orf61,9.680925059361716,21.231862515936278,-3733.876367520695,-5.275791015862707,0.1398260855569294,SE,3611,1.660764879439786e-05,0.00805285732011283,0.005965709686279297,7500.5196951265,-3788.1896930668495,54.313325546154374,1.709743457922741e-13,1.48870814665646e-13
180,0.030541234051758404,4,MEF2D,9.680925059361716,29.626965353824403,-3294.904235603535,-3.874046032298811,0.07294129732514486,SE,3611,1.4591706700306083e-05,0.01283936321561128,0.022565841674804688,6622.57543129218,-3325.267778218199,30.363542614663857,3.5819741728282395e-08,2.2007338977076554e-08
181,0.048639795422799614,4,PEA15,9.680925059361716,18.25566468610915,-3745.968731423292,-4.878330772150031,0.12819884933668796,SE,3611,1.122251156824511e-05,0.004185878726315106,0.004302024841308594,7524.704422931693,-3839.253970073263,93.28523864997123,0.0,0.0
182,0.13087423282138494,4,RGS4,9.680925059361716,6.198304186607988,-3651.9004338124337,-7.906523209524442,0.36833121117914985,SE,3611,4.1920621347545686e-05,0.0029615015029059765,0.004918813705444336,7336.567827709977,-3926.6093802382748,274.7089464258411,0.0,0.0
183,0.027930980457574736,4,KIFAP3,9.680925059361716,32.482940009757854,-3625.4747073915814,-5.250754871884705,0.12339363519171168,SE,3611,1.1690681051601358e-05,0.012170074164594959,0.013502120971679688,7283.716374868272,-3656.640851182957,31.16614379137536,2.3686128947097984e-08,1.4738257834621188e-08
184,0.019258890174159753,4,NFASC,9.680925059361716,47.52996914747409,-3045.287318772236,-2.500060857009952,0.02982951746298794,SE,3611,7.1501204833984225e-06,0.015113211599277986,0.023121356964111328,6123.341597629582,-3069.5005689937248,24.21325022148858,8.623694082166011e-07,4.625183369973935e-07
185,0.01928172112591988,4,GUK1,9.680925059361716,47.472585074323405,-3270.133226128063,-6.137184386171949,0.14760861876215942,SE,3611,1.0200649973400362e-05,0.02151209365016821,0.022902727127075195,6573.033412341236,-3288.6704695861727,18.537243458109515,1.6661657717631506e-05,7.993477031551951e-06
186,0.07810358918515051,4,AGT,9.680925059361716,11.016801922823351,-3662.570007078684,-1.69803398522258,0.05254243030562615,SE,3611,3.52575903611699e-05,0.005724354263098784,0.004440784454345703,7357.906974242477,-3770.3789038282293,107.80889674954551,0.0,0.0
187,0.03749612736588791,4,MYT1L,9.680925059361716,23.95854714570237,-3398.182570922725,-4.552391934411656,0.10251916403113596,SE,3611,1.1814849088674053e-05,0.007092902488040401,0.014020681381225586,6829.13210193056,-3447.786396972364,49.60382604963888,1.8814949598322528e-12,1.5573541334189522e-12
188,0.23909135081349264,4,HPCAL1,9.680925059361716,2.9703871942971367,-3696.2473044036815,-4.851996182991251,0.2637161570529105,SE,3611,5.329102557123878e-05,0.0016720977891297318,0.004327297210693359,7425.2615688924725,-4151.296630359275,455.0493259555933,0.0,0.0
189,0.02456333996854284,4,ROCK2,9.680925059361716,37.06432228450734,-3162.0688609171048,-3.513573577148501,0.05719085946622996,SE,3611,1.0031559883349366e-05,0.013319453879619015,0.022794246673583984,6356.904681919319,-3187.1727164883423,25.103855571237546,5.432413278105841e-07,2.9491386033147275e-07
190,0.056051292302425254,4,FAM84A,9.680925059361716,15.718357968110748,-2913.598814968426,-3.6999295786630495,0.07867641747214796,SE,3611,1.4666543005522232e-05,0.004241993249544843,0.004339933395385742,5859.964590021961,-3020.6936895457047,107.09487457727892,0.0,0.0
191,0.26693635224013906,4,VSNL1,9.680925059361716,2.5631756643688712,-2852.8542277231695,-9.115157145408515,0.5254160539598748,SE,3611,5.929691078513062e-05,0.001648549626522864,0.004415750503540039,5738.475415531449,-3539.957002585127,687.1027748619576,0.0,0.0
192,0.04004589462518951,4,RHOB,9.680925059361716,22.373652007648225,-3926.229052201748,-5.0865583000928485,0.1319287448637441,SE,3611,1.3732117392856346e-05,0.007301748136063525,0.005904674530029297,7885.225064488605,-3980.537943784807,54.308891583058994,1.7130741269966165e-13,1.4891907100751494e-13
193,0.028291694991780726,4,MAPRE3,9.680925059361716,32.056887721481004,-3688.9773659771017,-5.420143549655474,0.13152801992856633,SE,3611,1.2604302978416022e-05,0.012807399829606613,0.013546228408813477,7410.721692039313,-3721.629895049576,32.65252907247441,1.1019593681993456e-08,6.978169230842695e-09
194,0.026252796841157777,4,MRPL33,9.680925059361716,34.61904270052346,-3516.3074402680804,-4.521863334096057,0.09251303959609654,SE,3611,1.3015643506604594e-05,0.015233027953234063,0.02327251434326172,7065.38184062127,-3542.636935482309,26.3294952142287,2.878588012400485e-07,1.6286602678522115e-07
195,0.025346943674828933,4,SLC8A1,9.680925059361716,35.88961984277022,-3100.50896543819,-3.0859633498921726,0.04636636701134159,SE,3611,1.0357588038816155e-05,0.012956346712121694,0.013633966445922852,6233.7848909614895,-3124.026236679956,23.51727124176614,1.2379745398805042e-06,6.522637779331109e-07
196,0.031559362611835826,4,PRKCE,9.680925059361716,28.641066811434555,-3524.439749186702,-4.503901470052547,0.09688366160665991,SE,3611,1.3911989297002792e-05,0.011511406533224394,0.013072729110717773,7081.646458458514,-3560.0473681246285,35.60761893792642,2.4134176879186953e-09,1.6160667754761438e-09
197,0.06407950033622323,4,CALM2,9.680925059361716,13.632146732630533,-2188.842170016521,-7.763835237477006,0.2839949302857114,SE,3611,4.042226705795436e-05,0.009231962291793924,0.004261970520019531,4410.451300118151,-2260.9280673977737,72.08589738125283,0.0,0.0
198,0.03722711480817851,4,RTN4,9.680925059361716,24.1384222953305,-3208.591319998848,-7.747040182587746,0.2650441698136592,SE,3611,2.5854315321318078e-05,0.015729473814932966,0.0227508544921875,6449.949600082806,-3235.887920763185,27.296600764336745,1.7451794098732876e-07,1.0032698546479974e-07
199,0.02807424249007395,4,BCL11A,9.680925059361716,32.31241766746381,-3051.824527073266,-3.001514904411178,0.04570986185285928,SE,3611,1.2670855117827712e-05,0.013063740684342934,0.013639688491821289,6136.416014231641,-3082.560240475834,30.735713402567853,2.9567274961728174e-08,1.827051971870509e-08
200,0.029669518972405603,4,AAK1,9.680925059361716,30.524852762050276,-3268.776598340365,-4.157542400915721,0.08132289189929313,SE,3611,9.43482906682692e-06,0.008765845113395522,0.011984825134277344,6570.32015676584,-3309.284644210711,40.508045870345995,1.9580803645169453e-10,1.4308489163549637e-10
201,0.2957000563737009,4,TMSB10,9.680925059361716,2.2230572912419686,-2099.7743974634486,-7.010469576965659,0.33015888073799166,SE,3611,8.00321594797684e-05,0.0020088548784649015,0.0038857460021972656,4232.315755012007,-2778.64162637972,678.8672289162714,0.0,0.0
202,0.026738003437475604,4,REEP1,9.680925059361716,33.973884008501216,-2992.93195648682,-3.4761645254148203,0.05683297777738592,SE,3611,1.0534646746783997e-05,0.011909358786040282,0.024433374404907227,6018.63087305875,-3023.009939632958,30.07798314613774,4.150163535054929e-08,2.5266706074526968e-08
203,0.05004363848187971,4,CREG2,9.680925059361716,17.717367201672477,-3650.0633713956754,-5.8904690698282725,0.17540373374412094,SE,3611,1.4223151556104857e-05,0.0050396067387549846,0.004258155822753906,7332.89370287646,-3729.0455933446383,78.98222194896289,0.0,0.0
204,0.02007130013826349,4,SMIM37,9.680925059361716,45.56835814653596,-3505.9213331164574,-4.261428416466974,0.07700122771347451,SE,3611,8.938856600483948e-06,0.017453313324058122,0.021476268768310547,7044.609626318024,-3526.4375713560175,20.516238239560153,5.91275119665724e-06,2.955624168455284e-06
205,0.023329085751187757,4,KCNJ3,9.680925059361716,39.07463625227234,-2950.0697068469844,-3.4656104005554202,0.054027995882821415,SE,3611,1.2754052692791194e-05,0.018679531469585037,0.02284073829650879,5932.906373779078,-2971.461140849489,21.39143400250441,3.7444037056522106e-06,1.8911129826526318e-06
206,0.3260696366719207,4,ERMN,9.680925059361716,1.9290748228296761,-2952.466894199453,-0.458935004652487,0.14840825083335948,SE,3611,6.459519361771465e-05,0.001486088434228927,0.003806591033935547,5937.700748484015,-3977.519355865033,1025.0524616655803,0.0,0.0
207,0.0422562764606812,4,TBR1,9.680925059361716,21.154487007591108,-3164.1930843541077,-3.2785870509037647,0.06142596364142757,SE,3611,1.065328127743803e-05,0.005132673763807217,0.004299640655517578,6361.153128793325,-3242.2507309129096,78.05764655880193,0.0,0.0
208,0.0331924837033895,4,SLC4A10,9.680925059361716,27.18596017146862,-3205.144510156555,-3.857178215294768,0.0736525870617646,SE,3611,1.5350944554247646e-05,0.01155874621040309,0.013580322265625,6443.05598039822,-3239.6302485948063,34.485738438251246,4.293859268145184e-09,2.825852725271231e-09
209,0.04390809358648741,4,SCN2A,9.680925059361716,20.323545283078275,-3586.705899142739,-5.19822429540597,0.13621392667307217,SE,3611,1.3509384721598495e-05,0.006068083253501628,0.006033897399902344,7206.178758370587,-3653.0673094040667,66.36141026132782,3.3306690738754696e-16,3.4420997610553983e-16
210,0.21627657240732315,4,CHN1,9.680925059361716,3.3821881213505454,-3158.599075610898,-8.913097094676973,0.4906276659043018,SE,3611,4.5946696167496877e-05,0.0016235511601165626,0.0043828487396240234,6349.965111306906,-3685.8630658651464,527.2639902542483,0.0,0.0
211,0.05313561216850979,4,ATP5MC3,9.680925059361716,16.632077625545623,-3674.566138609966,-7.068505687111454,0.24534776767545768,SE,3611,1.2483382743119913e-05,0.003971689516723956,0.004375457763671875,7381.899237305041,-3791.7891709272226,117.22303231725664,0.0,0.0
212,0.04592617273246006,4,NCKAP1,9.680925059361716,19.389478845717438,-3820.9480930726936,-5.829041919453121,0.17080654631933034,SE,3611,2.1762162325323152e-05,0.009006949041056384,0.011478900909423828,7674.663146230497,-3866.4483960280045,45.50030295531087,1.5261569785707252e-11,1.202019246237789e-11
213,0.03549988863668402,4,GLS,9.680925059361716,25.358274595747247,-3603.4370708973934,-5.411577698992941,0.13830256395871934,SE,3611,1.1459926736767065e-05,0.007614042623380317,0.014325141906738281,7239.641101879896,-3650.985843227418,47.5487723300248,5.3652637888035315e-12,4.3274171365606065e-12
214,0.015020118227357661,4,NDUFB3,9.680925059361716,61.20662291424629,-3573.828974907752,-4.646627684473738,0.08268300315935645,SE,3611,6.471492735659164e-06,0.02210167537017359,0.013947010040283203,7180.424909900614,-3590.4122683862083,16.5832934784562,4.655936191444443e-05,2.1602723757095167e-05
215,0.030264638743253535,4,ABI2,9.680925059361716,29.9062629146492,-3550.703323976978,-4.565521517789711,0.09819280186789904,SE,3611,1.3326135234468186e-05,0.01192774993640864,0.022067785263061523,7134.173608039066,-3579.8603866036797,29.157062626701645,6.674200647704964e-08,3.9864126160618834e-08
216,0.02610002666041509,4,ADAM23,9.680925059361716,34.827140013564794,-2954.324619994716,-3.424867120164449,0.05482963531242015,SE,3611,1.239312169560825e-05,0.014665652772034134,0.023424625396728516,5941.416200074542,-2979.7257830790213,25.401163084305153,4.656372942779541e-07,2.556304118581864e-07
217,0.08176445656485733,4,RPL37A,9.680925059361716,10.481753782986669,-2617.698683569834,-5.232277533947229,0.14888563955812364,SE,3611,1.9618453028236467e-05,0.0029477764675637547,0.004364490509033203,5268.1643272247775,-2809.4751473403403,191.77646377050633,0.0,0.0
218,0.0809736321958814,4,IGFBP5,9.680925059361716,10.593238741636423,-3365.040976814142,-1.7944177031793247,0.04947036763119462,SE,3611,2.5406384510603103e-05,0.003880511875196769,0.004335880279541016,6762.848913713394,-3503.1708963965957,138.12991958245357,0.0,0.0
219,0.03772222961190426,4,CDK5R2,9.680925059361716,23.8093482820501,-3468.5738556619212,-4.599561391718666,0.1051319985774611,SE,3611,1.186587637585067e-05,0.007044783027390525,0.013450384140014648,6969.914671408952,-3519.8803250969754,51.30646943505417,7.901457266257239e-13,6.64271841990848e-13
220,0.07104818030218266,4,PTPRN,9.680925059361716,12.203506576015164,-3727.0597562945554,-6.751177502055461,0.24321482592131072,SE,3611,2.0768682827570513e-05,0.00396486259198112,0.004281759262084961,7486.88647267422,-3872.5274544238446,145.46769812928915,0.0,0.0
221,0.10741462513176257,4,SERPINE2,9.680925059361716,7.755874238114222,-3591.2721654324646,-4.514544924389654,0.14946525343918135,SE,3611,2.432959297953424e-05,0.0023363097121173464,0.0042247772216796875,7215.311290950039,-3784.2198490838914,192.94768365142681,0.0,0.0
222,0.06437520969735568,4,NGEF,9.680925059361716,13.565239709328864,-3789.144358859919,-6.6208739086113,0.23075586128672668,SE,3611,1.4569752382417677e-05,0.003300875685908119,0.0043315887451171875,7611.055677804948,-3908.7841741366988,119.6398152767797,0.0,0.0
223,0.03148332186377668,4,RAMP1,9.680925059361716,28.712497036218284,-3155.3532146293755,-2.5377202969642014,0.037773803720679684,SE,3611,1.530538056609025e-05,0.012721706759195258,0.014033317565917969,6343.473389343861,-3189.5583874392637,34.205172809888154,4.9596942108820485e-09,3.2441458807321604e-09
224,0.0381208371401265,4,COPS9,9.680925059361716,23.550628210866698,-3628.0237086941374,-6.756243774877039,0.2097410446627011,SE,3611,1.2039483528802233e-05,0.0070103495225091565,0.012227058410644531,7288.814377473384,-3682.529296776992,54.5055880828545,1.5498713423767185e-13,1.3539000473826828e-13
225,0.06975721200796943,4,CHL1,9.680925059361716,12.44662502206651,-3648.3145948345486,-5.767776903136984,0.1849375063005129,SE,3611,2.96180858178155e-05,0.005836071779063836,0.004305124282836914,7329.396149754207,-3730.288373721726,81.97377888717756,0.0,0.0
226,0.04790197686317955,4,ITPR1,9.680925059361716,18.551226830063605,-3445.3307751114203,-4.45056517504657,0.10656032030948014,SE,3611,1.634131932216009e-05,0.006265964767795179,0.004429340362548828,6923.42851030795,-3514.42579814481,69.09502303338968,1.1102230246251565e-16,1.1838633373013597e-16
227,0.08821681181109246,4,ATP2B2,9.680925059361716,9.646830126554818,-3701.7213746026187,-7.556823906164523,0.309994433037058,SE,3611,2.0806160234172268e-05,0.002753165234771649,0.004409313201904297,7436.209709290347,-3905.4516693249384,203.73029472231974,0.0,0.0
228,0.02388024034889159,4,SLC6A1,9.680925059361716,38.15125419664545,-3809.7925308766335,-4.295034926918388,0.08415404987040696,SE,3611,9.238109189305997e-06,0.012941736186223128,0.01366734504699707,7652.3520218383765,-3838.1186418982998,28.326111021666293,1.0250397664002264e-07,5.995573135482636e-08
229,0.08724539103315611,4,SYN2,9.680925059361716,9.764633559274113,-3762.72460789799,-6.620847824432237,0.2494136506600333,SE,3611,2.2958053598171738e-05,0.003094375399644685,0.004466533660888672,7558.21617588109,-3915.2213203613155,152.49671246332537,0.0,0.0
230,0.02861426004837615,4,IQSEC1,9.680925059361716,31.684992806339757,-3674.049502246893,-4.70976911725794,0.10292942877788182,SE,3611,1.082572574344997e-05,0.010767603742322013,0.011741876602172852,7380.865964578896,-3712.9779689784045,38.928466731511435,4.3962289364429807e-10,3.123148792897482e-10
231,0.46727203935705236,4,MOBP,9.680925059361716,1.0640942737120291,-3294.215718823946,-0.09065705019443078,0.31859408020228985,SE,3611,6.402690364573115e-05,0.0012074041440332268,0.003323078155517578,6621.198397733002,-4826.460679676757,1532.2449608528104,0.0,0.0
232,0.03757205868307368,4,RPL14,9.680925059361716,23.908241823510377,-3471.5193204401676,-5.88139626797616,0.16129043622098285,SE,3611,2.6966359155335903e-05,0.01612847309411255,0.022881031036376953,6975.805600965445,-3498.6462697359607,27.12694929579311,1.9052338318115147e-07,1.0929391937470041e-07
233,0.35710221708746337,4,CCK,9.680925059361716,1.680326940430306,-3245.318706116628,-8.157200333981077,0.5417740922246298,SE,3611,0.00010045777629604049,0.0021541014628691426,0.00429844856262207,6523.404372318366,-3968.8432175056005,723.5245113889723,0.0,0.0
234,0.0450847693658631,4,BSN,9.680925059361716,19.768757627173297,-3624.3287695490885,-5.0543032147794795,0.13130073411216603,SE,3611,1.3399555310116707e-05,0.005735511087719533,0.004314422607421875,7281.424499183287,-3693.7985819008754,69.46981235178691,1.1102230246251565e-16,1.1838633373013597e-16
235,0.037999241815182876,4,CAMKV,9.680925059361716,23.62897549128938,-3678.418765498214,-4.6847602598479385,0.11071685868372264,SE,3611,1.3152344010671463e-05,0.0077036801707628675,0.012126445770263672,7389.604491081537,-3724.773757248727,46.35499175051336,9.865552819121604e-12,7.85092549673826e-12
236,0.021464888470156932,4,DOCK3,9.680925059361716,42.54927711995118,-3228.997901956359,-3.505652672895129,0.054887338189671044,SE,3611,8.563987844751585e-06,0.01470397413589569,0.022683382034301758,6490.762763997827,-3251.844586746608,22.846684790249128,1.7545169906929559e-06,9.074822692284071e-07
237,0.045766059852416316,4,RPL29,9.680925059361716,19.46057840345352,-3359.5721881597233,-4.934662778658298,0.12371745132126907,SE,3611,1.4891998350864684e-05,0.006202765539748772,0.0062291622161865234,6751.911336404556,-3428.57436666164,69.00217850191666,1.1102230246251565e-16,1.1838633373013597e-16
238,0.033244867462385384,4,FAM107A,9.680925059361716,27.141652725966484,-3928.4045967275583,-3.5782239793781465,0.07133368260510722,SE,3611,1.5901433859292015e-05,0.0119380624690299,0.012209653854370117,7889.576153540226,-3970.300636251245,41.896039523686795,9.62574464580257e-11,7.131076520622195e-11
239,0.04187777933426309,4,CADPS,9.680925059361716,21.354119912417655,-3355.1471139745277,-4.318997648791029,0.09656110500009414,SE,3611,1.5289560155066753e-05,0.007488828727732605,0.0059435367584228516,6743.061188034165,-3411.2873101026034,56.140196128075786,6.750155989720952e-14,6.034230354447519e-14
240,0.028466955213602815,4,SYNPR,9.680925059361716,31.85377937036475,-3506.4710644235447,-3.959951464454129,0.07549117945911374,SE,3611,1.270448430735679e-05,0.01275977964224975,0.011529684066772461,7045.709088932199,-3540.051804835719,33.58074041217424,6.836631705198215e-09,4.407356540720003e-09
241,0.020092718299738674,4,RPL24,9.680925059361716,45.51878889097587,-3505.5801483709665,-5.474516298218299,0.12135565028061233,SE,3611,8.018664866290778e-06,0.015624623865701202,0.022968053817749023,7043.927256827043,-3528.801875444641,23.22172707367463,1.4435714310589987e-06,7.561320528451786e-07
242,0.04869938570126058,4,ATP6V1A,9.680925059361716,18.232184334225245,-3690.2176200159224,-5.917515065619475,0.17612846072458554,SE,3611,9.903694788370854e-06,0.003685811030826911,0.004307746887207031,7413.202200116954,-3801.0450281101876,110.82740809426514,0.0,0.0
243,0.1299634964039073,4,GAP43,9.680925059361716,6.248280196208741,-3565.6294639746243,-7.728977902412259,0.3511376403678298,SE,3611,3.641372127888606e-05,0.0025997985113597384,0.004824161529541016,7164.025888034358,-3855.5983640716076,289.96890009698336,0.0,0.0
244,0.038572471831751914,4,MGLL,9.680925059361716,23.26395190248903,-3729.17040984169,-4.1988396776885555,0.09360320925888438,SE,3611,1.664750195165963e-05,0.00948499247104532,0.011454343795776367,7491.107779768489,-3777.0514343750847,47.88102453339479,4.5288217620509386e-12,3.669328260931136e-12
245,0.3582009806893269,4,TF,9.680925059361716,1.6723096178830337,-3812.052176857937,-0.7246820361798801,0.2754727066489507,SE,3611,4.873003221162644e-05,0.0010426361686065309,0.0039215087890625,7656.871313800983,-5115.052744047736,1303.0005671897993,0.0,0.0
246,0.022622246149261265,4,CAMK2N2,9.680925059361716,40.32469907552776,-3065.442334064399,-3.226968374374528,0.04786466822516111,SE,3611,8.836467906887372e-06,0.013723693519332955,0.02297067642211914,6163.651628213907,-3090.8869206791514,25.444586614752552,4.552733522400487e-07,2.5045340589429255e-07
247,0.04847475622385727,4,FAM131A,9.680925059361716,18.320996413700893,-3600.969021861177,-5.65402473925877,0.1615450269954814,SE,3611,1.8540778430778108e-05,0.00695812496691942,0.0060389041900634766,7234.705003807464,-3658.9763424825233,58.007320621346025,2.609024107869118e-14,2.3799075813895787e-14
248,0.049826194663145605,4,SST,9.680925059361716,17.798759793268946,-3796.0471430901766,-3.45243680314746,0.07821440696040363,SE,3611,3.004304517018396e-05,0.010728837661017024,0.006096839904785156,7624.861246265463,-3841.760087258607,45.71294416843057,1.3691492384282355e-11,1.0831295932859467e-11
249,0.19456025381923056,4,APOD,9.680925059361716,3.8638774342818425,-3905.5156218790526,-2.5399202856769203,0.15821990523504695,SE,3611,3.9272377463574855e-05,0.0015856778235923674,0.004404544830322266,7843.798203843215,-4481.20450900104,575.6888871219871,0.0,0.0
250,0.03633109852555478,4,ATP5ME,9.680925059361716,24.756755263114723,-3371.0065701753665,-6.44260502308219,0.1879779534648372,SE,3611,1.3094332729286193e-05,0.008334203656830939,0.01471090316772461,6774.7801004358425,-3418.48999453994,47.48342436457369,5.547118320237132e-12,4.467376206579181e-12
251,0.16867788254635033,4,QDPR,9.680925059361716,4.599976398907877,-3848.5585341393535,-3.6034538752862826,0.16659135123573177,SE,3611,3.597751897643406e-05,0.0017590926772828408,0.00430607795715332,7729.8840283638165,-4320.549091058787,471.9905569194334,0.0,0.0
252,0.05915401890445202,4,PCDH7,9.680925059361716,14.844948224882595,-3254.4324875645384,-3.4804102441108538,0.07714457894418636,SE,3611,2.3406349425568862e-05,0.006152960688257051,0.00448298454284668,6541.631935214186,-3320.646224290678,66.21373672613981,4.440892098500626e-16,4.56309010469413e-16
253,0.03662873779879769,4,LIMCH1,9.680925059361716,24.548001572954078,-3113.0202395373835,-2.9796299856198165,0.05018395132939794,SE,3611,1.0443728004628531e-05,0.006547394315366462,0.006109952926635742,6258.807439159877,-3171.257974443928,58.237734906544574,2.3203661214665772e-14,2.1310959085698637e-14
254,0.17545102047726008,4,HOPX,9.680925059361716,4.386367033596293,-3699.4761943431463,-6.561331107378522,0.3104857629421475,SE,3611,4.205779295180981e-05,0.001948245475825385,0.004782199859619141,7431.719348771402,-4132.298966492311,432.8227721491644,0.0,0.0
255,0.05181155999150172,4,PARM1,9.680925059361716,17.080964753085244,-3022.7729537850796,-3.775887879650066,0.08020111701128457,SE,3611,1.4685668793956274e-05,0.004888552215559337,0.004355669021606445,6078.312867655269,-3111.0392088325693,88.26625504748972,0.0,0.0
256,0.04952640285347093,4,CCNI,9.680925059361716,17.912148464587823,-3714.6474624599045,-5.623892594785196,0.16249009975514997,SE,3611,1.4085448564132044e-05,0.005085163949292351,0.004402637481689453,7462.061885004919,-3796.348215629254,81.70075316934935,0.0,0.0
257,0.10747670017817008,4,SPARCL1,9.680925059361716,7.750855624958674,-2918.285453161195,-6.964374491754655,0.26528336671407754,SE,3611,5.1933498174626746e-05,0.004982454985257505,0.004349470138549805,5869.3378664075,-3077.420957206702,159.13550404550688,0.0,0.0
258,0.04291218662513926,4,SNCA,9.680925059361716,20.816875765417173,-3841.9528400850963,-6.772725415420676,0.21882471180215493,SE,3611,1.233765510371083e-05,0.005778980181594362,0.004312276840209961,7716.672640255302,-3916.23146348149,74.27862339639387,0.0,0.0
259,0.12772651312425037,4,PPP3CA,9.680925059361716,6.374058201774972,-3737.4938694106527,-7.330067998202483,0.32714220286151763,SE,3611,3.951398838724849e-05,0.002896539134805184,0.004320621490478516,7507.754698906415,-3960.435337312037,222.94146790138439,0.0,0.0
260,0.08868294911746143,4,RPL34,9.680925059361716,9.59121834784155,-2459.4008518588794,-5.629259220429523,0.16982290667839822,SE,3611,2.2050146450640417e-05,0.0028923528464442467,0.00435185432434082,4951.568663802868,-2654.5047389180977,195.10388705921832,0.0,0.0
261,0.026479897349214014,4,PCDH10,9.680925059361716,34.3141334224233,-3351.4296607826636,-3.3178111075760923,0.05434359597642545,SE,3611,1.1292295723747998e-05,0.013002337843872806,0.013370037078857422,6735.626281650437,-3381.714305737858,30.28464495519438,3.730676267910127e-08,2.286856101887766e-08
262,0.022530614240808673,4,MAP9,9.680925059361716,40.49249537753755,-2993.928212578422,-3.3478593832516186,0.05055124007497154,SE,3611,8.205545264748641e-06,0.012842899789086969,0.02328038215637207,6020.623385241954,-3019.9869914710894,26.058778892667306,3.3117956643735624e-07,1.860028026635318e-07
263,0.06929399875124868,4,GRIA2,9.680925059361716,12.536066846671035,-3769.243215785477,-6.071212252438675,0.2031902369629165,SE,3611,2.1059774424448132e-05,0.004197786908355923,0.004376411437988281,7571.253391656063,-3875.6476811806315,106.4044653951546,0.0,0.0
264,0.09204110194094595,4,CPE,9.680925059361716,9.207225682815903,-3374.338016643829,-6.9766102550942595,0.26608516866706244,SE,3611,3.6036613138451224e-05,0.004445185490550529,0.0043773651123046875,6781.442993372768,-3529.066174355413,154.72815771158366,0.0,0.0
266,0.022873023426343987,4,SCRG1,9.680925059361716,39.87235043119653,-3686.554003312005,-3.144874792378614,0.04927484368827162,SE,3611,1.249393380980885e-05,0.019000244939529058,0.022901535034179688,7405.87496670912,-3707.695601747739,21.141598435734068,4.2656723365785965e-06,2.1483112920028783e-06
267,0.20908137273372177,4,GPM6A,9.680925059361716,3.5307004262754003,-2919.0155834442025,-7.997948910402684,0.3975318839799569,SE,3611,7.50952971020106e-05,0.002766777423594104,0.0043659210205078125,5870.798126973515,-3259.462486030897,340.44690258669425,0.0,0.0
268,0.0461963869093786,4,UBE2QL1,9.680925059361716,19.270605557886576,-3610.699699018472,-4.717618827403637,0.11786495284706038,SE,3611,1.2941557853568146e-05,0.0052994847447409964,0.004286527633666992,7254.166358122054,-3685.5479088811153,74.84820986264322,0.0,0.0
269,0.12691893086061415,4,BASP1,9.680925059361716,6.420555071891699,-3476.5775013816396,-8.461174187368,0.40242018839028093,SE,3611,2.7450038000150454e-05,0.0020317499531976166,0.004843950271606445,6985.921962848389,-3779.7432223363708,303.1657209547311,0.0,0.0
270,0.03791938997449827,4,SLC1A3,9.680925059361716,23.680699606107687,-3942.2698858100016,-4.386311267102251,0.10223120803439875,SE,3611,2.4746112470568452e-05,0.014550911230845742,0.023096561431884766,7917.306731705113,-3975.128217448376,32.85833163837424,9.912532350497827e-09,6.306906164988373e-09
271,0.22786411920012087,4,SELENOP,9.680925059361716,3.1627305909945957,-3433.9620531133096,-0.9006629164726728,0.12251595113392325,SE,3611,4.95281046027035e-05,0.0016435594321350206,0.004309415817260742,6900.691066311729,-4130.382141749692,696.4200886363824,0.0,0.0
272,0.034305474985376005,4,SGTB,9.680925059361716,26.273670025488634,-3089.8473675173227,-3.516963342556791,0.06323015808224522,SE,3611,1.7044702338979535e-05,0.012068792755151866,0.013970375061035156,6212.461695119755,-3124.449009525273,34.60164200795043,4.045648815953484e-09,2.6723385595751854e-09
273,0.1503068029032564,4,MAP1B,9.680925059361716,5.276280951658318,-3007.524958165809,-7.6094190165487205,0.3369433977221369,SE,3611,4.3474588231698096e-05,0.0025024326496197805,0.004431486129760742,6047.816876416728,-3331.6072399203695,324.0822817545604,0.0,0.0
274,0.37871299209626735,4,ENC1,9.680925059361716,1.5311808066148669,-3324.040919969131,-9.171888661064699,0.6629813928740731,SE,3611,7.315973642189022e-05,0.0015084095252203844,0.0042934417724609375,6680.848800023372,-4341.378319909878,1017.3373999407468,0.0,0.0
275,0.10845561973094431,4,MEF2C,9.680925059361716,7.672472057107686,-3729.6753951315914,-7.020136088352208,0.2906398488779753,SE,3611,3.712008159908657e-05,0.003510249534614684,0.004370450973510742,7492.117750348292,-3957.0382036654664,227.36280853387507,0.0,0.0
276,0.06437182409846558,4,CAMK4,9.680925059361716,13.566002254262475,-3019.036944362217,-3.5595316219194455,0.07920047318750645,SE,3611,2.598782929467547e-05,0.0058882593443061486,0.004388332366943359,6070.840848809544,-3095.029106469464,75.99216210724671,0.0,0.0
277,0.048828403829735585,4,NREP,9.680925059361716,18.181543700024555,-3501.9833209737103,-4.680202895826206,0.11695938762726069,SE,3611,1.2870943143453446e-05,0.0047672781067862,0.005023002624511719,7036.73360203253,-3589.5539679987223,87.57064702501202,0.0,0.0
278,0.026460981595402725,4,REEP5,9.680925059361716,34.33933024709459,-3733.7077371843607,-6.887576545712303,0.2010640948878895,SE,3611,1.1792269451450925e-05,0.013596401256838829,0.023305177688598633,7500.182434453831,-3759.997464389306,26.289727204945393,2.938475341940361e-07,1.659043494492644e-07
279,0.03169679000833518,4,ACSL6,9.680925059361716,28.512841364377874,-3270.375286531731,-3.6813424778756274,0.06766440224292224,SE,3611,1.0980007495298507e-05,0.009011736459694612,0.014256000518798828,6573.517533148572,-3313.360572884638,42.98528635290677,5.5153104305816214e-11,4.1547920761531626e-11
280,0.04349770568051289,4,VDAC1,9.680925059361716,20.524097760452868,-3770.307143248156,-6.207418669566926,0.18723875396135925,SE,3611,1.3816260987751245e-05,0.006313238766264377,0.006057024002075195,7573.381246581422,-3838.104732419362,67.7975891712058,2.220446049250313e-16,2.3125563443207146e-16
281,0.040716078777779136,4,SPOCK1,9.680925059361716,21.990020192361637,-3780.8910881486677,-4.523591735867177,0.10788146480799746,SE,3611,1.5966670901430567e-05,0.008234783128012464,0.005967855453491211,7594.549136382445,-3832.155621338289,51.26453318962149,8.072431612049513e-13,6.775835326659856e-13
282,0.05335377497157472,4,NDFIP1,9.680925059361716,16.560252850780635,-3647.564031694514,-7.655157862890453,0.2830487951687456,SE,3611,1.3322584762732083e-05,0.004207722351335684,0.0042972564697265625,7327.895023474138,-3755.931084654265,108.36705295975071,0.0,0.0
283,0.10551815705656556,4,CAMK2A,9.680925059361716,7.912044856750257,-3799.88272526755,-6.5856617434949785,0.2627900972882671,SE,3611,2.944218742298956e-05,0.002908829268598996,0.004309177398681641,7632.53241062021,-4009.455534192728,209.57280892517792,0.0,0.0
284,0.07913630282762273,4,CD74,9.680925059361716,10.860854725310151,-3826.7164691620824,-0.6192914191054866,0.04547531579433758,SE,3611,3.21878533390998e-05,0.005110826121422996,0.004263877868652344,7686.199898409274,-3967.0087784051993,140.29230924311696,0.0,0.0
285,0.04767020058587995,4,SYNPO,9.680925059361716,18.645962379016673,-3473.5750791127525,-3.630066103410444,0.07805976832456504,SE,3611,1.836127013251671e-05,0.00710258751042283,0.00587916374206543,6979.917118310615,-3533.4720458586085,59.896966745855934,9.992007221626409e-15,9.41889161329219e-15
286,0.06613045130511136,4,ANXA6,9.680925059361716,13.180416576479974,-3805.4687249618623,-6.549070346463262,0.2283930318663937,SE,3611,1.6960802549061323e-05,0.003666393894217291,0.0043904781341552734,7643.704410008834,-3930.279180191169,124.81045522930663,0.0,0.0
287,0.04455912624400796,4,CYFIP2,9.680925059361716,20.012970682063322,-3757.8843411159655,-5.9228135938322515,0.17337889092254297,SE,3611,1.5371631017848738e-05,0.006721693077144023,0.006056308746337891,7548.535642317041,-3824.8493269647365,66.964985848771,2.220446049250313e-16,2.3125563443207146e-16
288,0.09805846670392501,4,GABRA1,9.680925059361716,8.58494855314338,-3601.4337299193885,-7.295947712164326,0.2973067592823198,SE,3611,2.5873708995627305e-05,0.002877256616634458,0.004331111907958984,7235.6344199238865,-3818.856512004511,217.42278208512244,0.0,0.0
289,0.1028784468362965,4,CPLX2,9.680925059361716,8.139004722751652,-3808.9765272257646,-5.435777585351673,0.19615588715823298,SE,3611,2.7963018864535696e-05,0.002877321313544868,0.004341840744018555,7650.720014536639,-3992.887093840682,183.91056661491757,0.0,0.0
290,0.029662457531036197,4,SQSTM1,9.680925059361716,30.5323416982685,-3831.719697371347,-4.2603112469323845,0.08903437328282002,SE,3611,2.0523687856150213e-05,0.019076975022874892,0.021129131317138672,7696.206354827804,-3852.289257730018,20.56956035867097,5.750320951403154e-06,2.8771110594707097e-06
291,0.1725200433908768,4,TUBB2A,9.680925059361716,4.476744752328759,-3270.8535902107856,-8.35278316552893,0.41838503389443965,SE,3611,3.962045648193639e-05,0.0018780526809177762,0.004797220230102539,6574.474140506681,-3738.948272168208,468.0946819574224,0.0,0.0
292,0.027928361126839225,4,PHACTR1,9.680925059361716,32.48607403951348,-3616.287159887481,-4.195908385308749,0.08350877191117506,SE,3611,9.383356273412161e-06,0.009769862939840291,0.013494729995727539,7265.341279860071,-3652.7042742093404,36.41711432185957,1.5929829677574503e-09,1.08533269921962e-09
293,0.02360347967615896,4,GFOD1,9.680925059361716,38.609537527165216,-2993.7860445951937,-3.127573404242275,0.04577158609198346,SE,3611,9.643517404498133e-06,0.01381278993686612,0.02379441261291504,6020.339049275497,-3022.216429531264,28.430384936070368,9.712886439583457e-08,5.6998239500241094e-08
294,0.041080769091672284,4,CAP2,9.680925059361716,21.786520327109535,-3617.6627707754074,-6.0158080461094094,0.1730151212063981,SE,3611,9.504131755033691e-06,0.004822122968256314,0.004452705383300781,7268.092501635924,-3694.5134098718145,76.85063909640712,0.0,0.0
295,0.03160419194960157,4,GABBR1,9.680925059361716,28.599116632460284,-3733.2307893778507,-5.240042067791743,0.1279160161750943,SE,3611,1.3534293883990017e-05,0.011169156608179248,0.02363872528076172,7499.228538840811,-3763.2283738967726,29.99758451892194,4.325848323993853e-08,2.624692010650322e-08
296,0.032805334612108036,4,HLA-C,9.680925059361716,27.517807580031924,-3521.4794934499805,-1.8870980212273767,0.029333276130018526,SE,3611,1.4172433714859641e-05,0.010907699238633214,0.012105226516723633,7075.725946985071,-3560.029198852061,38.54970540208069,5.337682518202769e-10,3.781953507553301e-10
297,0.06758053081331915,4,HLA-B,9.680925059361716,12.877576645114587,-3813.9022421984887,-1.0826007487567877,0.04196986796164982,SE,3611,2.9174408886361065e-05,0.006073153254325959,0.004341602325439453,7660.571444482087,-3902.13210224235,88.22986004386121,0.0,0.0
298,0.0485891442916012,4,RPS18,9.680925059361716,18.27566802844467,-3363.073473396334,-4.454099108303711,0.10621921846784776,SE,3611,1.6462389133274976e-05,0.006151869326502463,0.00443720817565918,6758.913906877778,-3443.0414542040744,79.96798080774033,0.0,0.0
299,0.018367283351205674,4,TAPBP,9.680925059361716,49.882534028906825,-3466.3670146041177,-2.8866646094407415,0.03859719316897977,SE,3611,8.859011525111204e-06,0.020512492568021668,0.01333475112915039,6965.500989293345,-3484.226357702746,17.859343098628415,2.3784860367248584e-05,1.1239942023769856e-05
300,0.02969941846760094,4,MTCH1,9.680925059361716,30.493182634385455,-3609.5311204491773,-6.967922432304639,0.20997805699111452,SE,3611,1.0094692066880581e-05,0.009361176728886068,0.013243675231933594,7251.829200983464,-3647.4223892009963,37.8912687518191,7.47992556782151e-10,5.244392257890305e-10
301,0.038161440010297185,4,KLHDC3,9.680925059361716,23.524577837045268,-3681.122742478759,-5.720321448510795,0.15609877002469771,SE,3611,1.13828594322085e-05,0.006614990592383028,0.006009101867675781,7395.012445042627,-3743.0112469238184,61.888504445059425,3.6637359812630166e-15,3.559954263743709e-15
302,0.11267913750672495,4,HSP90AB1,9.680925059361716,7.3499026611928056,-2768.7037570578386,-7.661036827224016,0.3132965601306646,SE,3611,3.239612500095575e-05,0.0028838172695426073,0.004308938980102539,5570.174474200787,-2972.743992077885,204.04023502004657,0.0,0.0
303,0.021522587057212314,4,RCAN2,9.680925059361716,42.43270720554605,-3695.255274490979,-5.358881100852453,0.11987410798744084,SE,3611,1.1231307020345838e-05,0.019184896545043056,0.01411128044128418,7423.2775090670675,-3715.006643847455,19.75136935647606,8.819847794883096e-06,4.352019903806161e-06
304,0.1385392991744389,4,EEF1A1,9.680925059361716,5.803725891146696,-2421.1857630397867,-4.525561728096604,0.1357522782826339,SE,3611,4.384341693749812e-05,0.0028440343437328053,0.004313230514526367,4875.138486164683,-2715.403645146545,294.2178821067582,0.0,0.0
305,0.046142354847028166,4,SNAP91,9.680925059361716,19.29426411141674,-3526.230406018705,-5.380829243948554,0.1456592540655054,SE,3611,1.0151273857986073e-05,0.004165726791965674,0.00444340705871582,7085.227772122519,-3614.4021721006,88.17176608189538,0.0,0.0
306,0.03177933303786478,4,SNX3,9.680925059361716,28.436358392925186,-3747.048327694143,-6.553058463028799,0.19143313038680057,SE,3611,1.4249866345739809e-05,0.011638640840800046,0.013688802719116211,7526.863615473396,-3780.7765039762426,33.72817628209941,6.337605218398323e-09,4.1103518510003415e-09
307,0.04638533475032959,4,WASF1,9.680925059361716,19.188305974365843,-3724.1459801563556,-5.287114323474035,0.14399424453782947,SE,3611,1.305538967904191e-05,0.0053066200644127206,0.0042874813079833984,7481.058920397821,-3796.221952737773,72.07597258141732,0.0,0.0
308,0.08349312474819555,4,TSPYL1,9.680925059361716,10.245411852773426,-3645.673838647764,-7.581028697947267,0.3063266555177144,SE,3611,2.0872280127642826e-05,0.0030277632271403453,0.004307746887207031,7324.114637380638,-3822.929655893895,177.25581724613085,0.0,0.0
309,0.027620689846116205,4,GJA1,9.680925059361716,32.85833834468749,-3770.0688721417555,-2.9686628694438864,0.04931954401378849,SE,3611,1.0838082995778353e-05,0.011522942460482294,0.012857675552368164,7572.9047043686205,-3802.091649311457,32.022777169701385,1.5237546557855808e-08,9.592565588065437e-09
310,0.16930357134605836,4,RPS12,9.680925059361716,4.579527094973393,-2764.896803927706,-4.215793784528847,0.1437047133906882,SE,3611,4.0975516716612104e-05,0.0019932374598011253,0.004892826080322266,5562.560567940522,-3216.6713871891266,451.7745832614205,0.0,0.0
311,0.02085258716129222,4,SYNE1,9.680925059361716,43.8260716553604,-3179.8846255436038,-3.778110576793371,0.061673311707090415,SE,3611,8.588760744668775e-06,0.015586269982583235,0.013925313949584961,6392.536211172317,-3202.2040491312778,22.31942358767401,2.3085966767144583e-06,1.1871978028950844e-06
312,0.04394634185201348,4,IPCEF1,9.680925059361716,20.305044553991845,-3080.7950278419503,-3.379118620155336,0.06444293484931281,SE,3611,1.2420417685818683e-05,0.005570088450575445,0.0060651302337646484,6194.35701576901,-3153.356056579566,72.56102873761574,0.0,0.0
313,0.0335030870846239,4,FSCN1,9.680925059361716,26.925269187586142,-3737.0171167143076,-4.316056094634391,0.09362270902162412,SE,3611,1.348621168459392e-05,0.00997972964921201,0.01192331314086914,7506.801193513725,-3782.1240698670613,45.106953152753704,1.865618770580113e-11,1.4586735683040905e-11
314,0.025010050885357814,4,TSPAN13,9.680925059361716,36.385636144169034,-3369.7269270096376,-4.253278371971547,0.08114238416901133,SE,3611,1.103998442369119e-05,0.014165120279727755,0.0226285457611084,6772.220814104385,-3395.5100504080447,25.783123398407042,3.820142326915743e-07,2.129922484294357e-07
315,0.03129441321856486,4,EPDR1,9.680925059361716,28.89145411429976,-3107.8453225833946,-3.796590269929803,0.06984894252503951,SE,3611,1.7126282485905952e-05,0.014396626220154371,0.013885498046875,6248.457605251899,-3137.3822271035524,29.536904520157805,5.4862075327122284e-08,3.298881414900341e-08
316,0.022814926559422504,4,AMPH,9.680925059361716,39.97625974364021,-3230.7871598899847,-4.019122004134825,0.07085950460091206,SE,3611,1.220411900164794e-05,0.018649737441893535,0.02322530746459961,6494.341279865079,-3253.0216181285496,22.234458238564912,2.4130407177969104e-06,1.2385332957809282e-06
317,0.04699262928508981,4,ADCY1,9.680925059361716,18.92827005534955,-3628.2699541860525,-4.812423696783839,0.12258843178143715,SE,3611,1.247907869227178e-05,0.0049540614324679174,0.004269838333129883,7289.3068684572145,-3701.162063336871,72.89210915081867,0.0,0.0
318,0.024347783561098322,4,COBL,9.680925059361716,37.40072422645043,-3056.1377817979665,-2.5882854618951727,0.03451281532011736,SE,3611,1.1080753377705688e-05,0.014961073527431345,0.022913217544555664,6145.042523681042,-3083.089197103114,26.951415305147748,2.0863432115270086e-07,1.1917344319885129e-07
319,0.03379403583595009,4,GALNT17,9.680925059361716,26.685421232497486,-3379.118891741513,-3.955503523053598,0.07850935374736213,SE,3611,1.4812998664568032e-05,0.010786240945129815,0.014101505279541016,6791.004743568135,-3419.417261141805,40.298369400291904,2.1799084759521747e-10,1.5864635510198386e-10
320,0.03837468981402672,4,STX1A,9.680925059361716,23.388664080352324,-3785.6546265003803,-5.421315094581403,0.1434519844758522,SE,3611,1.1700944648838561e-05,0.006730228026149555,0.006060361862182617,7604.07621308587,-3849.05829223712,63.40366573673964,1.6653345369377348e-15,1.6480163985126863e-15
321,0.019495031440765084,4,GTF2I,9.680925059361716,46.942938060102996,-3734.862034397014,-5.6461347831997415,0.12865586519181205,SE,3611,9.335352620639425e-06,0.019275592838004237,0.013408899307250977,7502.491028879138,-3755.254974031426,20.39293963441196,6.3062027721993985e-06,3.149364851530087e-06
322,0.04247849887365192,4,RHBDD2,9.680925059361716,21.038936493599774,-3787.996621122706,-6.980584359343239,0.22981605278567488,SE,3611,1.3627526340775172e-05,0.006502895457997835,0.006072044372558594,7608.760202330522,-3848.4110914886633,60.414470365957186,7.66053886991358e-15,7.324125641304509e-15
323,0.03518946967953164,4,HSPB1,9.680925059361716,25.590202461702084,-3617.1912854666566,-2.729840556250135,0.04758489532307912,SE,3611,1.3076160584506524e-05,0.008830805162717347,0.01412057876586914,7267.149531018423,-3660.875766209972,43.68448074331536,3.858191544026113e-11,2.9478541970673484e-11
324,0.03438290218696263,4,PCLO,9.680925059361716,26.212402265362464,-3211.1534872132706,-3.5526023532076993,0.06516232310565526,SE,3611,1.0906339534175225e-05,0.007690074388119736,0.011533498764038086,6455.073934511651,-3256.7685126453116,45.615025432040966,1.439337538045038e-11,1.1369783738741096e-11
325,0.037954829322693034,4,CDK14,9.680925059361716,23.657716868978333,-3264.8426196155233,-3.923829073658526,0.07939329514754108,SE,3611,1.2356041328400114e-05,0.007252919797792668,0.006015777587890625,6562.452199316156,-3321.257387530706,56.41476791518289,5.873079800267078e-14,5.2854134871225996e-14
326,0.026442148319546138,4,DYNC1I1,9.680925059361716,34.36445302094384,-3506.9751996428404,-4.605584491108709,0.09566573997536788,SE,3611,1.2180501648311414e-05,0.014062968643631619,0.015171527862548828,7046.71735937079,-3537.0093817883185,30.0341821454781,4.24497083040265e-08,2.578536795982254e-08
327,0.16450989845598035,4,TSC22D4,9.680925059361716,4.740167448279092,-3790.05750041661,-1.8688337389303655,0.11398892405250678,SE,3611,3.840003936502172e-05,0.001944012242450009,0.005063295364379883,7612.881960918329,-4253.975371779956,463.91787136334597,0.0,0.0
328,0.03775809003629728,4,AP1S1,9.680925059361716,23.78584911536298,-3305.9294672302194,-4.069275549011585,0.08447653205383954,SE,3611,9.855431881178543e-06,0.005840911107311584,0.005911588668823242,6644.625894545548,-3365.816747982438,59.88728075221843,9.992007221626409e-15,9.41889161329219e-15
329,0.07316013283212723,4,VGF,9.680925059361716,11.824277946304734,-3644.1494365331214,-5.488760311727501,0.17313580078464452,SE,3611,1.8006061074347426e-05,0.003268597528972431,0.0050983428955078125,7321.065833151352,-3801.1419547121222,156.99251817900085,0.0,0.0
330,0.060971718869643476,4,FAM3C,9.680925059361716,14.374562738206054,-3600.939169218123,-5.219836601009971,0.1505818343986921,SE,3611,2.9079143106607816e-05,0.007246780579302216,0.0043528079986572266,7234.6452985213555,-3674.094156786576,73.15498756845318,0.0,0.0
331,0.03330426808847754,4,MTPN,9.680925059361716,27.091578881997282,-3683.7021984417297,-5.522228234601921,0.14175413340203144,SE,3611,1.3399300273451647e-05,0.010026122789615418,0.01394796371459961,7400.171356968569,-3718.6271796621713,34.92498122044162,3.4265614790029986e-09,2.2746076424524856e-09
332,0.017842730780879557,4,NDUFB2,9.680925059361716,51.376453472603195,-3648.499174662791,-6.524359090967226,0.16422004461634454,SE,3611,9.121683255971474e-06,0.022332812484649585,0.014771461486816406,7329.765309410692,-3665.8008353671394,17.30166070434825,3.189080209220485e-05,1.4938922774434984e-05
333,0.026691167431465254,4,ACTR3B,9.680925059361716,34.0351370583595,-2972.3645605570837,-3.253267735602962,0.050755336974103324,SE,3611,1.2106213339231517e-05,0.013731470892959797,0.021827220916748047,5977.496081199277,-2998.32646035256,25.961899795476256,3.482223145390151e-07,1.953700699676863e-07
334,0.2017638194249035,4,TMSB4X,9.680925059361716,3.692602223771575,-2382.6089890655485,-5.664960516444528,0.21575064774389505,SE,3611,9.832402258710248e-05,0.0037888828900655043,0.0043582916259765625,4797.9849382162065,-2581.922266122328,199.3132770567795,0.0,0.0
335,0.026058803464235437,4,MAP7D2,9.680925059361716,34.88371059580368,-2991.983434501217,-3.6090408347631797,0.060095630920443205,SE,3611,7.977159408235188e-06,0.009468240438177117,0.011330842971801758,6016.733829087543,-3028.1977658208025,36.21433131958565,1.7676584640469173e-09,1.2001363564875503e-09
336,0.02925494479424157,4,CNKSR2,9.680925059361716,30.97064948252986,-3259.4055669506033,-3.767002565874423,0.06847279089888429,SE,3611,1.0082963431524716e-05,0.009619275877744584,0.013598442077636719,6551.578093986316,-3293.0997931152324,33.69422616462907,6.449182410328547e-09,4.177665373401233e-09
337,0.029686445192557167,4,ATP6AP2,9.680925059361716,30.50691634502229,-3748.1066228494565,-6.064407208933783,0.16353713469610767,SE,3611,1.2583589178398775e-05,0.011678810799261287,0.023246049880981445,7528.9802057840225,-3779.5343096579045,31.427686808448016,2.070078930493935e-08,1.2910640264179933e-08
338,0.02189912071024154,4,NDUFB11,9.680925059361716,41.68707088280637,-3763.414248142367,-5.5222770101242595,0.127645339464226,SE,3611,9.872070566550555e-06,0.016313211280972458,0.02308964729309082,7559.595456369843,-3787.4773891636396,24.063141021272713,9.322784413345886e-07,4.96564304764293e-07
339,0.028840998036906578,4,USP11,9.680925059361716,31.42855863690678,-3846.0407764638894,-5.264000091936615,0.1267721903808813,SE,3611,1.5683811875256004e-05,0.015369388729369332,0.023311853408813477,7724.848513012888,-3870.578934361488,24.538157897598467,7.285270408052824e-07,3.923247116421291e-07
340,0.028181078613891086,4,IQSEC2,9.680925059361716,32.186381011047644,-2986.115396292289,-3.264123744125439,0.052007948866311236,SE,3611,1.2168787395836678e-05,0.012456546732089208,0.023046255111694336,6004.9977526696875,-3015.1338097398457,29.018413447556668,7.169358395842096e-08,4.267905815303034e-08
341,0.05734067875140054,4,PGK1,9.680925059361716,15.343920714605812,-3720.231946956014,-6.8380862988892135,0.23606963977452555,SE,3611,1.8561227377754118e-05,0.00515585936838539,0.004266262054443359,7473.230853997137,-3819.9475641745817,99.71561721856779,0.0,0.0
343,0.03654642791213545,4,NAP1L3,9.680925059361716,24.605390687514628,-3807.5365511375626,-5.660298979510023,0.15287691453926705,SE,3611,1.1706806574506896e-05,0.007369905146547118,0.01221013069152832,7647.840062360235,-3859.8494900724572,52.312938934894646,4.732880753977042e-13,4.029436716950151e-13
344,0.03610249813205877,4,TCEAL2,9.680925059361716,24.919424563456076,-3639.472182023776,-5.266290705973626,0.13278375905973203,SE,3611,1.5651131681105784e-05,0.010078833539066658,0.012140989303588867,7311.7113241326615,-3680.168629617005,40.696447593229095,1.7781009997719366e-10,1.302880762376357e-10
345,0.027262383946293902,4,GPRASP1,9.680925059361716,33.302458023585096,-3127.0499687481624,-3.90580984265862,0.07049538351229831,SE,3611,1.2462320640152154e-05,0.013580655716945054,0.013983011245727539,6286.866897581434,-3158.0222879043577,30.972319156195226,2.6173481271207777e-08,1.6248268045046916e-08
346,0.49298963935944207,4,PLP1,9.680925059361716,0.9598943839703066,-3903.1953695953894,-1.4413050336466606,0.5045770497457523,SE,3611,4.7205740189308114e-05,0.0008844736868425855,0.003164529800415039,7839.157699275888,-5868.206427876673,1965.0110582812836,0.0,0.0
347,0.021439622572639833,4,PAK3,9.680925059361716,42.60051998069608,-2989.337487832662,-2.979957437514405,0.040888353479380704,SE,3611,8.534655536956894e-06,0.014686657075340911,0.022260427474975586,6011.441935750434,-3012.3461405057346,23.008652673072447,1.6127390330966662e-06,8.37380999319751e-07
348,0.05171038990602279,4,RPL39,9.680925059361716,17.11620930915999,-3415.695955904235,-5.148398497875932,0.1379990996672651,SE,3611,1.3217261006935563e-05,0.0044152144306627466,0.00420379638671875,6864.158871893579,-3512.942972157696,97.24701625346142,0.0,0.0
349,0.017518736997482277,4,NDUFA1,9.680925059361716,52.343877725430865,-3683.858638494239,-6.63934616615576,0.16909967592773104,SE,3611,1.0907445964686221e-05,0.027665127915651976,0.013672828674316406,7400.484237073588,-3699.890664652482,16.032026158242843,6.228003017938466e-05,2.8575486278744034e-05
350,0.01931519611464121,4,GRIA3,9.680925059361716,47.38869319395116,-3191.110514089125,-3.6482875754477972,0.056696912262085515,SE,3611,8.035178452810888e-06,0.016888967901737075,0.014084339141845703,6414.9879882633595,-3210.243440170475,19.13292608134998,1.2192328178617373e-05,5.9450195251109506e-06
351,0.02852810589240427,4,L1CAM,9.680925059361716,31.78349937321535,-3213.6000816196756,-4.207827557521591,0.08176492512050684,SE,3611,1.3992151515998437e-05,0.01399633345325385,0.0219423770904541,6459.967123324461,-3240.2658102256382,26.665728605962613,2.41873788442426e-07,1.3742828888774206e-07
352,0.0824924282460157,4,PHYHIP,9.680925059361716,10.381018815233974,-3810.8183872974782,-6.941285866706082,0.2667410867690872,SE,3611,1.8951704689993145e-05,0.002805423479124573,0.004389047622680664,7654.403734680066,-3983.234557688465,172.41617039098674,0.0,0.0
353,0.21877561059536732,4,NEFM,9.680925059361716,3.332892434880999,-3879.1143948959425,-6.853998027604234,0.37799629864500267,SE,3611,8.075839987389509e-05,0.0028139653727756167,0.004415988922119141,7790.9957498769945,-4252.823350681081,373.70895578513864,0.0,0.0
354,0.2756841478917419,4,NEFL,9.680925059361716,2.4522266311159417,-3497.1101578558305,-8.753144072520294,0.5455611185150611,SE,3611,6.706144915350452e-05,0.0018033068208917434,0.0036880970001220703,7026.9872757967705,-4176.9491705393675,679.839012683537,0.0,0.0
355,0.06200461491365731,4,PNMA2,9.680925059361716,14.119557812224667,-3823.421445730695,-6.73339994662401,0.23595034541814555,SE,3611,1.899954020992527e-05,0.0045970116708527065,0.0043735504150390625,7679.609851546499,-3929.464086576598,106.0426408459034,0.0,0.0
356,0.044443521273847535,4,PTK2B,9.680925059361716,20.06745553559153,-3443.536889549791,-4.642568989605724,0.11163713171963703,SE,3611,1.2909357712925192e-05,0.005671784365854193,0.0044133663177490234,6919.840739184691,-3520.2594823762797,76.72259282648884,0.0,0.0
358,0.022032937216804042,4,ASPH,9.680925059361716,41.42821679815609,-3188.490120129356,-3.5132845038634164,0.055369413863252684,SE,3611,1.0265438541998066e-05,0.016766949951642334,0.02089524269104004,6409.7472003438215,-3210.0318589688086,21.54173883945259,3.462108243090789e-06,1.7568107537830616e-06
359,0.0345185217028004,4,NECAB1,9.680925059361716,26.105749559457102,-3771.608940712357,-6.225463506462089,0.1780610358195137,SE,3611,1.6051049564702507e-05,0.011234988383820031,0.0226593017578125,7575.984841509823,-3800.0746832984023,28.465742586045508,9.537112444224505e-08,5.602804283672666e-08
360,0.025722239766300004,4,ATP6V1C1,9.680925059361716,35.35236038617657,-3592.5149571045613,-4.7161472355513405,0.09953922589495522,SE,3611,1.0371991268376191e-05,0.012617733977597035,0.014510154724121094,7217.796874294232,-3623.358495022886,30.843537918324728,2.7969192184507108e-08,1.7322930284336754e-08
361,0.04260877013961196,4,OXR1,9.680925059361716,20.9717588319642,-3635.6493200933387,-5.680220161744482,0.15801138389719843,SE,3611,1.8775446972594698e-05,0.008909353913438191,0.0059795379638671875,7304.065600271787,-3693.344738271668,57.69541817832942,3.064215547965432e-14,2.785650498150393e-14
362,0.02953535267463113,4,SYBU,9.680925059361716,30.66775373263554,-3170.507481468041,-3.995407579338103,0.07527626183377956,SE,3611,1.1343157347998127e-05,0.010629059341381294,0.014115095138549805,6373.781923021192,-3209.7885444932044,39.28106302516335,3.669833326114258e-10,2.6209922072478056e-10
363,0.037943110018177136,4,KCNV1,9.680925059361716,23.665312192550253,-2998.8972505585252,-3.6873376091220185,0.06980741535420315,SE,3611,1.081274288105989e-05,0.0063506360729602114,0.005937337875366211,6030.56146120216,-3057.8947791175224,58.997528558997146,1.5765166949677223e-14,1.4629519503475246e-14
364,0.02372947401602688,4,EFR3A,9.680925059361716,38.399580071984786,-3396.4009434693453,-3.58261699110284,0.05967307327614413,SE,3611,1.0795330249779017e-05,0.01530665417349118,0.024258136749267578,6825.5688470238,-3422.164910641946,25.763967172600587,3.858247196175668e-07,2.1489340562103694e-07
365,0.03516865431090466,4,LY6E,9.680925059361716,25.60590102984769,-3838.464427860967,-5.590642731404109,0.1484410450478225,SE,3611,1.2251021707572963e-05,0.008282662452639016,0.01133584976196289,7709.695815807044,-3882.126758204935,43.662330343967824,3.902111966880284e-11,2.97717064588047e-11
366,0.07765215796965985,4,LY6H,9.680925059361716,11.086274190299545,-3775.158172092059,-6.715907792476423,0.24768554899883627,SE,3611,2.3554794797139953e-05,0.003862151990910901,0.004277229309082031,7583.0833042692275,-3878.900887324767,103.74271523270818,0.0,0.0
367,0.03443380117392186,4,SMARCA2,9.680925059361716,26.172276248774015,-3302.938753867924,-4.082863147905472,0.08260730038742076,SE,3611,1.2797086931273564e-05,0.008998429510345421,0.016082048416137695,6638.644467820957,-3350.6862218733813,47.74746800545745,4.8481219039331336e-12,3.922106024023788e-12
368,0.02134447578408515,4,PTPRD,9.680925059361716,42.794579930389276,-3147.317848612138,-3.115711858345821,0.04461823019835267,SE,3611,8.58580132205835e-06,0.014900903885678383,0.02293848991394043,6327.402657309385,-3170.128284770077,22.810436157938966,1.7879218775496142e-06,9.238692483397026e-07
369,0.04219303488186336,4,SH3GL2,9.680925059361716,21.187593648823164,-3661.8097403699235,-5.460379493164702,0.14749638514642896,SE,3611,1.2931640703548616e-05,0.0062474837989396435,0.00613093376159668,7356.3864408249565,-3729.283036958597,67.47329658867375,2.220446049250313e-16,2.3125563443207146e-16
370,0.0682894021732543,4,SLC24A2,9.680925059361716,12.734213694875255,-3780.163743731225,-5.287495565221053,0.1624550583673248,SE,3611,2.037509925689082e-05,0.004165333648911975,0.0042819976806640625,7593.09444754756,-3900.076445672491,119.91270194126582,0.0,0.0
371,0.029662457531036197,4,GDA,9.680925059361716,30.5323416982685,-3434.7716281011,-4.168841450090818,0.08280914828341367,SE,3611,1.4236704214325073e-05,0.013233160268677067,0.022218942642211914,6902.310216287309,-3461.347953178706,26.57632507760627,2.533291505457669e-07,1.4363271076494567e-07
372,0.023338889525709946,4,ZFAND5,9.680925059361716,39.05783042810139,-3751.706537999493,-6.0054842681181055,0.15131099176321677,SE,3611,9.713795506346233e-06,0.014215400968689729,0.013502120971679688,7536.180036084095,-3777.614274369088,25.907736369595114,3.5813097054582244e-07,2.007193622323884e-07
373,0.029498883942046222,4,PRUNE2,9.680925059361716,30.70682138665405,-2999.227544298581,-2.907389403804473,0.04397839223896929,SE,3611,1.1812739304755015e-05,0.011094828898948859,0.02253556251525879,6031.222048682272,-3028.6924469877763,29.46490268919524,5.693852422883339e-08,3.419905252469887e-08
374,0.029951783541306187,4,NTRK2,9.680925059361716,30.228391753168744,-3902.382220475363,-5.474774434253431,0.1377430347789575,SE,3611,1.3204364125914636e-05,0.012051701857643088,0.01365351676940918,7837.531401035835,-3934.2399513481605,31.857730872797674,1.6588809770290425e-08,1.0406589861213557e-08
375,0.10130223670053347,4,DIRAS2,9.680925059361716,8.280165841386719,-3821.7341116675875,-5.625624288317209,0.20523662708582663,SE,3611,2.088428215564294e-05,0.0022030968549270175,0.004282236099243164,7676.235183420285,-4046.6888967409704,224.95478507338294,0.0,0.0
376,0.1586152840938486,4,GSN,9.680925059361716,4.951012172786074,-3786.9246591786555,-1.3790163714158992,0.10198207452068454,SE,3611,3.9997253723332434e-05,0.0021315889032303965,0.004914522171020508,7606.6162784424205,-4209.026935421388,422.1022762427324,0.0,0.0
377,0.11105739610422044,4,STXBP1,9.680925059361716,7.470860776824036,-3416.8411846912572,-7.876560982035453,0.34339159245514855,SE,3611,2.3163361670925035e-05,0.0021096492807284816,0.004263639450073242,6866.449329467624,-3690.2578759789953,273.4166912877381,0.0,0.0
378,0.07764521080431161,4,C9orf16,9.680925059361716,11.087349624495337,-3581.4110487755393,-6.969234188246802,0.2592810586840553,SE,3611,2.3444735694496305e-05,0.0038446907243877937,0.004398822784423828,7195.589057636188,-3726.225721947132,144.81467317159286,0.0,0.0
379,0.22364159423715851,4,OLFM1,9.680925059361716,3.240067731652141,-2857.4315884400235,-8.825391113184159,0.4726731862290445,SE,3611,4.4173222365180535e-05,0.0014988772998304532,0.004308223724365234,5747.630136965156,-3534.2418516467974,676.8102632067739,0.0,0.0
380,0.027113664211254773,4,EGFL7,9.680925059361716,33.49024305400972,-3466.166122646344,-4.10778720622523,0.07882978452805042,SE,3611,1.3485525820869251e-05,0.014848383582661363,0.02348494529724121,6965.099205377797,-3495.0971856313963,28.93106298505245,7.500046117492332e-08,4.459813756622128e-08
381,0.2944883412985005,4,PTGDS,9.680925059361716,2.236044786642739,-3277.9213599901404,-3.619232903720376,0.21933248610844494,SE,3611,5.349919464633737e-05,0.0013481016817937582,0.0037724971771240234,6588.60968006539,-4215.913177184548,937.9918171944073,0.0,0.0
382,0.1121187698719581,4,GRIN1,9.680925059361716,7.391302210609982,-3597.1346276386325,-7.310144581453498,0.30885559771501836,SE,3611,2.6367968808287758e-05,0.002365721448700991,0.0044629573822021484,7227.036215362375,-3853.6966516657976,256.5620240271651,0.0,0.0
383,0.038352583508764755,4,SLC25A22,9.680925059361716,23.402683210559903,-3364.952519395096,-4.101933465340459,0.0865074893541031,SE,3611,1.2265014299230127e-05,0.007062182549235372,0.010748624801635742,6762.671998875301,-3420.1613657469875,55.20884635189168,1.0835776720341528e-13,9.527732138601344e-14
384,0.044451948198991564,4,TOLLIP,9.680925059361716,20.06347433294111,-3747.192998906345,-6.407499074464694,0.1987486023812646,SE,3611,1.2205156525886496e-05,0.00536053747184292,0.0036444664001464844,7527.1529578978,-3829.720956834536,82.52795792819097,0.0,0.0
385,0.025458487358483665,4,CTSD,9.680925059361716,35.72828387602291,-3709.4786033354667,-5.835185268919738,0.14645462846160953,SE,3611,1.164449246188942e-05,0.014445320481806934,0.013713359832763672,7451.724166756043,-3738.090027977987,28.611424642520433,8.845873311624786e-08,5.2253356566465995e-08
386,0.023657635517566254,4,RPL27A,9.680925059361716,38.51901798518427,-3844.1080545016766,-4.0819978537844275,0.07722633661520052,SE,3611,8.548121794911018e-06,0.012190504990483901,0.01300358772277832,7720.983069088463,-3875.2146942157606,31.10663971408394,2.4423452593680395e-08,1.5179434351913446e-08
387,0.10073635394885563,4,DKK3,9.680925059361716,8.331922425212651,-3662.130527749239,-6.8822560425343005,0.2736186468914154,SE,3611,2.6253677505612265e-05,0.002794700589181299,0.004228115081787109,7357.028015583587,-3839.018675518108,176.8881477688692,0.0,0.0
388,0.0403521920969948,4,MICAL2,9.680925059361716,22.19673780947442,-3508.9161470467066,-4.4871485789665915,0.10324822155484914,SE,3611,1.4424951504066108e-05,0.007563410574072276,0.005881547927856445,7050.599254178523,-3562.494072223204,53.5779251764975,2.4857893521357255e-13,2.1504629292669766e-13
389,0.03515579185881319,4,NELL1,9.680925059361716,25.615610947430774,-3132.5367790621913,-3.9065080409653365,0.07601577295677683,SE,3611,1.057782436530454e-05,0.007156312183674667,0.012084722518920898,6297.840518209492,-3182.6696566987885,50.132877636597186,1.436739616167415e-12,1.1947517597445735e-12
390,0.15890767923718124,4,SLC1A2,9.680925059361716,4.940184761222605,-3565.0331883357535,-5.440009393103997,0.2261080489841109,SE,3611,4.980818845396591e-05,0.0026475284511890966,0.004305839538574219,7162.8333367566165,-3852.04831256298,287.01512422722635,0.0,0.0
391,0.030286802843061855,4,CHST1,9.680925059361716,29.883694264654103,-3311.345354060073,-3.9671415129721903,0.07582148115481677,SE,3611,1.2283398284041699e-05,0.010979330553350914,0.013025760650634766,6655.457668205256,-3345.1459783125993,33.80062425252618,6.10592676419941e-09,3.964887509220396e-09
392,0.04461197874115817,4,DGKZ,9.680925059361716,19.988155254202155,-3786.8333739007235,-5.7405338971873965,0.16468812611212022,SE,3611,1.3595387235356129e-05,0.005932150019899887,0.006005048751831055,7606.4337078865565,-3849.1958364517454,62.36246255102196,2.886579864025407e-15,2.8150117682231244e-15
393,0.06477779419951574,4,C1QTNF4,9.680925059361716,13.475133099711494,-3810.560059686511,-5.92504513355298,0.19239485644989957,SE,3611,1.8751214627300298e-05,0.004202189338315421,0.00482940673828125,7653.887079458132,-3921.2059006468207,110.64584096030967,0.0,0.0
394,0.0322242748757613,4,SYT7,9.680925059361716,28.030831442708823,-3462.7945994954825,-4.222536351375076,0.08693350560389755,SE,3611,1.16749867503538e-05,0.009290743790960908,0.01311492919921875,6958.356159076075,-3500.2736359521055,37.47903645662291,9.240079812400381e-10,6.444789087736405e-10
395,0.023638011564213572,4,FADS2,9.680925059361716,38.55177080035686,-3205.242705313962,-2.2023747655666033,0.027652910888106327,SE,3611,7.93972913237065e-06,0.011340776942370564,0.023243188858032227,6443.252370713033,-3234.013273607946,28.77056829398407,8.147996422014359e-08,4.834390475652124e-08
396,0.3260208357214152,4,FTH1,9.680925059361716,1.9295032894302986,-776.8039774412046,-4.183306438288473,0.1338662056088193,SE,3611,4.504467818908273e-05,0.001036435115770607,0.0036780834197998047,1586.3749149675189,-1893.1494086162234,1116.3454311750188,0.0,0.0
397,0.0959918963255889,4,GNG3,9.680925059361716,8.78986411423909,-3566.646052665313,-7.457324394595793,0.30589776693796017,SE,3611,2.1746967758453535e-05,0.0025037848252098802,0.00445556640625,7166.059065415736,-3806.1620586655845,239.51600600027132,0.0,0.0
398,0.03598351064916561,4,CHRM1,9.680925059361716,25.004912512913574,-3389.313516053813,-4.272694405611116,0.09099990103390183,SE,3611,1.3188645374813686e-05,0.008545246017973053,0.014203786849975586,6811.393992192736,-3434.718797390406,45.40528133659291,1.602018517843362e-11,1.2599185890796904e-11
399,0.03620012406126843,4,NRXN2,9.680925059361716,24.84970377715862,-3376.483166906977,-4.111328814137958,0.08541956799690324,SE,3611,1.5756164387961413e-05,0.01009577646524292,0.012903451919555664,6785.733293899064,-3415.9300727874165,39.44690588043932,3.371014578590348e-10,2.4140048566188925e-10
400,0.3065085408881916,4,MALAT1,9.680925059361716,2.1117521498749965,-3788.047518573053,-3.72911892236908,0.2851641301490235,SE,3611,8.677971558981306e-05,0.002106952257876878,0.004294395446777344,7608.861997231215,-4159.5574193824705,371.50990080941756,0.0,0.0
401,0.03234367265778779,4,CNIH2,9.680925059361716,27.92390916991923,-3577.342745792779,-4.596058907342431,0.10143210077232201,SE,3611,1.3117208174823085e-05,0.01036650158936452,0.012104034423828125,7187.452451670668,-3616.9291366521584,39.58639085937921,3.138629356413958e-10,2.259659939334027e-10
402,0.03511259298854128,4,TMEM151A,9.680925059361716,25.64827401816399,-3246.654938730834,-2.9887840386201034,0.05058713636898023,SE,3611,1.2096629241362333e-05,0.008202567753217174,0.012448549270629883,6526.076837546778,-3299.1390178327374,52.48407910190326,4.3376413572104866e-13,3.716538484975584e-13
403,0.047618346695899864,4,PDE2A,9.680925059361716,18.667283226268545,-3401.9327279089525,-4.646468919256682,0.11358054459909844,SE,3611,1.714194519402263e-05,0.006644003245211226,0.006047487258911133,6836.632415903015,-3459.651609579212,57.718881670259634,3.019806626980426e-14,2.749939666489352e-14
404,0.18718565238407506,4,PLEKHB1,9.680925059361716,4.052875030641557,-3772.486283483135,-1.787196541113065,0.12773277199068442,SE,3611,3.776640794618148e-05,0.0016039704871369628,0.0044934749603271484,7577.73952705138,-4352.2003331540145,579.7140496708794,0.0,0.0
405,0.0274677451310656,4,PGM2L1,9.680925059361716,33.04649576641598,-3566.5025521526895,-4.817603620162349,0.10505931183604304,SE,3611,1.0494367770498442e-05,0.011275118819084601,0.01340031623840332,7165.772064390489,-3599.02875201457,32.526199861880286,1.175964559063658e-08,7.438026263374338e-09
406,0.07190413724040945,4,C11orf87,9.680925059361716,12.047123595310829,-3486.7435872243573,-5.451362522947391,0.167395310431899,SE,3611,2.028193109690495e-05,0.003792913289915167,0.004351377487182617,7006.254134533824,-3614.476543661296,127.73295643693882,0.0,0.0
407,0.37274202602832585,4,CRYAB,9.680925059361716,1.5706601977617625,-3880.2252602204935,-2.024202956775623,0.3223988867209266,SE,3611,4.537721912825301e-05,0.0009450722835404551,0.003679037094116211,7793.217480526097,-5254.206760597126,1373.9815003766325,0.0,0.0
408,0.04699100486498013,4,FXYD6,9.680925059361716,18.928956646638508,-3791.2349918048135,-6.723934284704501,0.21990694338757436,SE,3611,1.4868578930814448e-05,0.005903037578565096,0.004397869110107422,7615.2369436947365,-3867.7106095489116,76.47561774409814,0.0,0.0
409,0.17568079528944272,4,THY1,9.680925059361716,4.3794093184997145,-3065.6885288335598,-8.143598251359844,0.3951812128978303,SE,3611,3.609443951036202e-05,0.0016690307968433174,0.004769325256347656,6164.144017752229,-3515.1962472063665,449.5077183728067,0.0,0.0
410,0.08692417379777465,4,SCN3B,9.680925059361716,9.80416659672594,-3827.416492822895,-5.115646615486243,0.16926184076817474,SE,3611,2.2700538306196953e-05,0.0030785197376929523,0.0043904781341552734,7687.5999457309,-3960.596748681564,133.18025585866872,0.0,0.0
411,0.3511025080788779,4,NRGN,9.680925059361716,1.724989963733691,-2229.134469822343,-7.8279802152388855,0.4259861936221016,SE,3611,6.671671622264577e-05,0.0014482487159096212,0.004832267761230469,4491.035899729795,-3266.807381962106,1037.672912139763,0.0,0.0
412,0.03481665847435265,4,B3GAT1,9.680925059361716,25.874212412504257,-3762.377074096688,-3.7172015989446825,0.07508927508840435,SE,3611,1.5270863647893376e-05,0.010519227273779122,0.015418767929077148,7557.521108278485,-3798.158888971902,35.78181487521397,2.2069832628091035e-09,1.485251653994948e-09
413,0.028524919787061814,4,CELF2,9.680925059361716,31.787153698223545,-3469.960132992641,-4.108304898450677,0.08008548072552046,SE,3611,8.416716282187528e-06,0.00842100414440059,0.01319742202758789,6972.687226070391,-3507.395239880705,37.43510688806418,9.450559224077892e-10,6.574495863938163e-10
414,0.06604156602580906,4,VIM,9.680925059361716,13.199412280794261,-3669.434869703036,-1.9232113507106081,0.04967015390515581,SE,3611,5.1077448088936404e-05,0.011067239070491232,0.004341840744018555,7371.636699491181,-3725.4317366511304,55.99686694809452,7.260858581048524e-14,6.469203507729733e-14
415,0.02296114091481598,4,ARHGAP21,9.680925059361716,39.71575125228809,-3435.244036546732,-3.489272508946965,0.05669876018084953,SE,3611,1.316179677614301e-05,0.0198696937412344,0.02267289161682129,6903.255033178573,-3458.8306325243193,23.58659597758742,1.194164736095793e-06,6.310409263739524e-07
416,0.02886880791484764,4,CISD1,9.680925059361716,31.39738378810662,-3406.461113598374,-4.56411062277128,0.09582466384877943,SE,3611,9.739328653732534e-06,0.009526770993229508,0.014184713363647461,6845.689187281858,-3445.977703880166,39.51659028179165,3.2528413296262215e-10,2.3356168729213467e-10
417,0.05221619722063803,4,PPP3CB,9.680925059361716,16.941367028862018,-3765.6292179877787,-6.343550923997522,0.20322877044026266,SE,3611,1.7642511015211037e-05,0.005791421547976434,0.0043332576751708984,7564.025396060667,-3839.89884345908,74.26962547130142,0.0,0.0
418,0.0271646746419622,4,CAMK2G,9.680925059361716,33.425601665226246,-3600.681099984391,-4.434337716492695,0.09087718567568864,SE,3611,8.726810924171438e-06,0.009574675362590481,0.012087583541870117,7234.129160053892,-3634.921819339125,34.240719354733756,4.869923131423093e-09,3.189315848084832e-09
419,0.03624537325985935,4,FAM213A,9.680925059361716,24.817515875538014,-3616.1584606501133,-4.578226516974955,0.10448636472447069,SE,3611,1.456136008180684e-05,0.009308614803687278,0.023192405700683594,7265.083881385336,-3653.259549949092,37.10108929897888,1.1216104711664343e-09,7.762465430946584e-10
420,0.02054534601754488,4,SLIT1,9.680925059361716,44.49541720008672,-3134.1774712808156,-3.179334131291331,0.04549548490566964,SE,3611,8.817717490999008e-06,0.016463283605662106,0.013599395751953125,6301.121902646741,-3154.7561637275485,20.57869244673293,5.7229553441784375e-06,2.86609256690033e-06
421,0.0737798765855559,4,PGAM1,9.680925059361716,11.717115120470849,-3453.9833452710786,-7.409613300174484,0.2825182554640264,SE,3611,1.774628593856333e-05,0.0031751828842870823,0.004344463348388672,6940.733650627267,-3600.3356076164855,146.35226234540687,0.0,0.0
422,0.21886785997371994,4,SCD,9.680925059361716,3.331094280559945,-3950.535086468391,-2.0927962780373432,0.17169224308076733,SE,3611,4.5058077555459086e-05,0.0015692111230590422,0.004355430603027344,7933.8371330218915,-4642.366326537527,691.8312400691361,0.0,0.0
423,0.06145421795303361,4,PSD,9.680925059361716,14.254374832747834,-3745.4101078879908,-5.456364450112495,0.164644345434626,SE,3611,1.2800027135341272e-05,0.003145939069210178,0.00429844856262207,7523.587175861091,-3868.177939505329,122.76783161733829,0.0,0.0
424,0.04095365539853898,4,ADD3,9.680925059361716,21.857039223728336,-3100.0921336409947,-1.8208154867261497,0.028696957092738402,SE,3611,1.3613050560060626e-05,0.006946281386176029,0.006033182144165039,6232.951227367099,-3163.581733108238,63.48959946724335,1.6653345369377348e-15,1.6480163985126863e-15
425,0.04455921718167587,4,ATRNL1,9.680925059361716,20.012927934240302,-3324.766648084898,-4.202875668361417,0.09381821148910288,SE,3611,1.5567721990079926e-05,0.006807414243322835,0.005892276763916016,6682.300256254905,-3378.000364074605,53.23371598970698,2.9609648066752925e-13,2.553302011017864e-13
426,0.020324427567749756,4,GALNT8,9.680925059361716,44.989209841189975,-3111.8091976730393,-3.4850332026527777,0.05290537919709615,SE,3611,1.007232534910854e-05,0.019199448783923163,0.02336287498474121,6256.385355431188,-3132.4897300107623,20.68053233772298,5.426492110105485e-06,2.7227063057762025e-06
427,0.07937325272020057,4,VAMP1,9.680925059361716,10.825645944211509,-2944.267968473035,-3.224032695409318,0.07449255950766286,SE,3611,2.8967311114660424e-05,0.004576234349408516,0.0043790340423583984,5921.30289703118,-3055.7274822370046,111.45951376396943,0.0,0.0
428,0.05801154542123343,4,GAPDH,9.680925059361716,15.15568442229926,-1437.0181760307642,-6.452338083689326,0.1927210424153965,SE,3611,2.4677895371748482e-05,0.006715005117288865,0.004221916198730469,2906.8033121466383,-1521.3385444870985,84.32036845633434,0.0,0.0
429,0.04110549323895678,4,PIANP,9.680925059361716,21.772854771256558,-3279.884883279281,-3.9130619569871894,0.08116950111150101,SE,3611,1.547791741641346e-05,0.007844381136998292,0.011417150497436523,6592.5367266436715,-3326.638766994135,46.753883714854055,8.048561817020072e-12,6.433615325893297e-12
430,0.04758868264742162,4,PTMS,9.680925059361716,18.67950113384754,-3779.9561092264935,-5.6844000719018695,0.16462717189749537,SE,3611,1.7513566034330538e-05,0.006795703010618723,0.005972385406494141,7592.6791785380965,-3840.4997049844305,60.543595757937055,7.216449660063518e-15,6.9118592523335645e-15
431,0.02803083525672544,4,GPR162,9.680925059361716,32.36390049950606,-3406.4070936642247,-3.8979873176969866,0.07251143332344911,SE,3611,1.2178480758829818e-05,0.012592803380388215,0.012966632843017578,6845.581147413559,-3437.9741685134263,31.567074849201617,1.9266876427614932e-08,1.2044349536228872e-08
432,0.08468917709729838,4,ENO2,9.680925059361716,10.087535905498937,-3481.029636466266,-7.451880600166481,0.2946843601573524,SE,3611,2.0460528986378417e-05,0.002898110173051327,0.0043375492095947266,6994.826233017641,-3689.3559828953644,208.32634642909852,0.0,0.0
433,0.02192424710804791,4,STRAP,9.680925059361716,41.63822552734849,-3495.8530398776365,-4.172501371506808,0.07614817215110023,SE,3611,1.3894119573762671e-05,0.022909240117040038,0.01393747329711914,7024.473039840383,-3514.2412871357933,18.388247258156753,1.8016582201463294e-05,8.612691216061695e-06
434,0.05161552538899377,4,LMO3,9.680925059361716,17.14938271364415,-3725.0177700352765,-5.157872232605775,0.14250081402699183,SE,3611,2.2790997179354498e-05,0.007638454554356986,0.0059010982513427734,7482.8025001556625,-3778.236746335884,53.218976300607665,2.9831692671677956e-13,2.5683202504436e-13
435,0.020395212484310254,4,KIF21A,9.680925059361716,44.82982809655724,-3584.0614276675487,-4.317656199423541,0.07958782858008329,SE,3611,9.6297119112143e-06,0.01823383202496781,0.013968706130981445,7200.889815420207,-3604.097210412888,20.035782745339475,7.600650598904579e-06,3.7642775567478395e-06
436,0.0448082042857965,4,SLC2A13,9.680925059361716,19.89653511952455,-2987.963385403983,-3.6621464116702436,0.07263692881098094,SE,3611,1.6859094879135133e-05,0.007297636140078705,0.006139039993286133,6008.693730893076,-3041.934539572905,53.97115416892211,2.035038804137912e-13,1.7662149079749458e-13
437,0.021380627224798006,4,CNTN1,9.680925059361716,42.72064254584934,-3796.4758023001705,-5.724513410199656,0.13566885202323486,SE,3611,8.063197248540854e-06,0.013948682090620534,0.02297496795654297,7625.7185646854505,-3820.5751995552455,24.09939725507502,9.148892899935035e-07,4.882719865184687e-07
438,0.07920334179729192,4,NELL2,9.680925059361716,10.850871922852557,-3760.9347743077446,-6.4677575313230555,0.23367437830798748,SE,3611,2.8163478500985276e-05,0.004465421395746658,0.004430055618286133,7554.636508700599,-3880.8352001542016,119.90042584645698,0.0,0.0
439,0.06062345422772925,4,ARF3,9.680925059361716,14.462502376818609,-3630.018982778842,-6.497265665604027,0.2174087891673668,SE,3611,1.548287753578707e-05,0.0038975964372386647,0.004327297210693359,7292.804925642794,-3737.5941519952376,107.57516921639535,0.0,0.0
440,0.08659784742063432,4,DDN,9.680925059361716,9.844628743403495,-3775.361846286383,-4.544201696442601,0.14216507511942175,SE,3611,2.5467824069144048e-05,0.0034755210537256455,0.004281282424926758,7583.490652657875,-3920.745029238993,145.38318295261024,0.0,0.0
441,0.028765529856741034,4,SCN8A,9.680925059361716,31.513462142725693,-3180.3386664944674,-3.906129657183509,0.07192757622891573,SE,3611,1.2894988744888072e-05,0.01269898874712382,0.01212763786315918,6393.444293074044,-3213.9024735507724,33.563807056304995,6.8964091104462e-09,4.440555904358025e-09
442,0.030155568398312033,4,GRASP,9.680925059361716,30.017807394435575,-2998.6760898255297,-3.301676231792958,0.0542329984510772,SE,3611,1.2166814087498532e-05,0.010964169547593156,0.013687849044799805,6030.119139736169,-3033.135668816475,34.459578990945374,4.351957350046121e-09,2.860578026434059e-09
443,0.1587900470691788,4,KRT18,9.680925059361716,4.944535894114622,-3131.691926085175,-0.3936497693744352,0.06534778470691632,SE,3611,7.293181107886352e-05,0.0038807217964584467,0.003721475601196289,6296.15081225546,-3344.958058611938,213.26613252676316,0.0,0.0
444,0.02531973841142282,4,ATP5MC2,9.680925059361716,35.929184966647234,-3829.8938584520465,-4.948058185216334,0.10955220123512809,SE,3611,1.2147197050550025e-05,0.015225964088709437,0.023725032806396484,7692.554676989203,-3855.722501249241,25.828642797194334,3.7311031675368866e-07,2.0846125651957986e-07
445,0.08601334945462755,4,TESPA1,9.680925059361716,9.917869775623865,-3374.848156818775,-4.119572798461471,0.11554006288126491,SE,3611,2.5079136069914574e-05,0.003461363672647278,0.004378318786621094,6782.463273722659,-3526.6103618319366,151.76220501316175,0.0,0.0
446,0.04311542290501535,4,CD63,9.680925059361716,20.71435015811693,-3860.2682983827367,-4.784859157863473,0.12124473068861569,SE,3611,1.3061676902417455e-05,0.006065487511110071,0.005994558334350586,7753.303556850583,-3928.0487847711333,67.78048638839664,2.220446049250313e-16,2.3125563443207146e-16
447,0.02622129955275195,4,RPS26,9.680925059361716,34.6617485914284,-3585.1153780882432,-5.653852883054195,0.13845394465265157,SE,3611,1.3899914413187141e-05,0.016304968370566695,0.02211928367614746,7202.997716261596,-3610.404612112655,25.2892340244116,4.934553354818405e-07,2.7007295726742663e-07
448,0.08194225650504869,4,RPL41,9.680925059361716,10.45698506401928,-1584.246297035872,-4.942896555959418,0.12531774996610048,SE,3611,3.6827571138200676e-05,0.005513330579305329,0.00421595573425293,3201.259554156854,-1707.9340529044612,123.68775586858919,0.0,0.0
449,0.02221798438299843,4,NACA,9.680925059361716,41.07539956201332,-3740.115947071108,-5.331141883549956,0.12005129182824471,SE,3611,9.864593303737288e-06,0.015856911929266564,0.0227203369140625,7512.998854227326,-3765.1710609020947,25.055113830986556,5.571479783084143e-07,3.0215764978579325e-07
450,0.023913227059790314,4,KCNMB4,9.680925059361716,38.0973395774563,-3478.2938201149045,-3.4709501739133164,0.057224687261293865,SE,3611,1.269103324734759e-05,0.017732325702725607,0.022177696228027344,6989.354600314919,-3502.4109202902323,24.117100175327778,9.065171978628328e-07,4.842857178006804e-07
451,0.04441982834864579,4,KCNC2,9.680925059361716,20.078657076141564,-3375.395428933503,-4.387724638149926,0.10104556527983033,SE,3611,1.6134810029010645e-05,0.007095795613008916,0.006156206130981445,6783.557817952115,-3440.6306633850613,65.23523445155843,6.661338147750939e-16,6.779695544545548e-16
452,0.23492492469321077,4,SYT1,9.680925059361716,3.039620510147767,-3225.3237582088736,-8.301222654038996,0.454780766977361,SE,3611,4.671443225275455e-05,0.0014957432822632452,0.0049800872802734375,6483.414476502857,-3874.1825305258044,648.8587723169308,0.0,0.0
453,0.03759309211115836,4,PPFIA2,9.680925059361716,23.89434289154628,-3640.1466685158807,-4.960615749762368,0.12112261369874824,SE,3611,1.5626984059697867e-05,0.009336769474027033,0.01389312744140625,7313.060297116871,-3684.0977629673453,43.95109445146454,3.366840140017757e-11,2.590890416865106e-11
454,0.11628759040419204,4,ATP2B1,9.680925059361716,7.092869851340381,-3817.1333175034065,-6.635117457274057,0.2749394388773427,SE,3611,5.0390173018070774e-05,0.004269183047551506,0.004324913024902344,7667.0335950919225,-3984.886598380681,167.7532808772744,0.0,0.0
455,0.052929095807825066,4,NUDT4,9.680925059361716,16.700613618408944,-3852.9213928407094,-6.301531546119845,0.20294642083160128,SE,3611,1.2128625361181172e-05,0.003885817768136508,0.004869699478149414,7738.609745766528,-3962.0350347239155,109.11364188320613,0.0,0.0
456,0.024979848860590327,4,ANKS1B,9.680925059361716,36.430756870965105,-3447.2256995594153,-3.5707867374853977,0.060646474669600665,SE,3611,9.441305719392078e-06,0.012141717612741167,0.011989831924438477,6927.21835920394,-3479.219705101988,31.994005542572722,1.5464905911422022e-08,9.724282732323344e-09
457,0.027163858609152068,4,NUAK1,9.680925059361716,33.42663384670196,-3470.455637714532,-4.661149305286614,0.09819663862169511,SE,3611,9.062845778604258e-06,0.009943922652860482,0.023047447204589844,6973.678235514173,-3502.585885957838,32.13024824330614,1.4417501970065416e-08,9.086984469969657e-09
458,0.022794106119853563,4,DYNLL1,9.680925059361716,40.01362712481665,-3059.976421708434,-7.245828458891762,0.21000628385789996,SE,3611,1.6570106741585716e-05,0.025365755548382073,0.013757467269897461,6152.719803501977,-3078.812103901109,18.835682192674994,1.4247657635357847e-05,6.878420755143711e-06
459,0.11930026180006655,4,CABP1,9.680925059361716,6.890184946860813,-3648.5860607731324,-7.5811941649036765,0.335150474736067,SE,3611,3.198391663752128e-05,0.0026039520435263493,0.004343509674072266,7329.939081631374,-3924.833983932872,276.24792315973946,0.0,0.0
460,0.056059756356573814,4,CAMKK2,9.680925059361716,15.71584384809253,-3558.4934910077677,-5.21404526397894,0.14606482139797108,SE,3611,1.6413732258204834e-05,0.004746056446844761,0.004342317581176758,7149.753942100645,-3652.132411544152,93.63892053638438,0.0,0.0
461,0.050312478871922445,4,RPL21,9.680925059361716,17.617708704844606,-3275.9112314121244,-4.5748826406364325,0.11109963604121505,SE,3611,1.399796073337397e-05,0.0049121848569116935,0.004370212554931641,6584.589422909358,-3370.6501205932896,94.73888918116518,0.0,0.0
462,0.04244744974158972,4,HSPH1,9.680925059361716,21.055008611500842,-3688.550699951327,-5.8566194207347255,0.16713593181117198,SE,3611,1.7442391447485832e-05,0.008334452030506112,0.00607752799987793,7409.868359987763,-3743.8995312832103,55.3488313318835,1.0091927293842673e-13,8.888247653929209e-14
463,0.06649142104383493,4,ITM2B,9.680925059361716,13.103795525851377,-2561.272262649421,-6.7987407229471675,0.2258169887785286,SE,3611,2.6817095134481765e-05,0.005742338276157191,0.004883766174316406,5155.311485383952,-2644.796744698533,83.52448204911207,0.0,0.0
464,0.01816911525846941,4,COMMD6,9.680925059361716,50.436776028207,-3521.866464974575,-3.5294144191463825,0.05382860728310848,SE,3611,7.999206675320163e-06,0.018912562027489234,0.02072739601135254,7076.49989003426,-3538.526741273641,16.660276299066027,4.470744859619291e-05,2.077941915216151e-05
465,0.02757174639334463,4,NDFIP2,9.680925059361716,32.918323006741424,-3552.959425436008,-4.570042301068726,0.09580884658998463,SE,3611,1.260205412243715e-05,0.013443323343062417,0.02309560775756836,7138.685810957126,-3578.2782671240893,25.318841688081193,4.859387330302667e-07,2.662307108253853e-07
466,0.026172289152896964,4,NDRG2,9.680925059361716,34.72840420537588,-3713.6265619540172,-4.697356859699241,0.10016995339629613,SE,3611,1.3393441774417863e-05,0.01576662302511569,0.015342235565185547,7460.020083993144,-3742.3242916454096,28.697729691392396,8.46028570533619e-08,5.011556686620409e-08
467,0.031648040739868266,4,DAD1,9.680925059361716,28.55819899921764,-3523.4861533956737,-2.9513864795509024,0.04974048925312169,SE,3611,1.196873232830164e-05,0.00985157097361814,0.013630151748657227,7079.739266876457,-3566.0997422973483,42.613588901674575,6.669442775830703e-11,4.982237576272619e-11
468,0.04896845126867468,4,JPH4,9.680925059361716,18.126876014975664,-3399.930690038053,-4.100920416737688,0.09377806211455646,SE,3611,1.31410788666205e-05,0.004842223428769084,0.004317522048950195,6832.628340161215,-3484.085269049221,84.15457901116815,0.0,0.0
469,0.027746699325037073,4,ATL1,9.680925059361716,32.70487601906079,-3635.866942688109,-5.653621734741157,0.14078785910531194,SE,3611,1.0369017040438944e-05,0.010929909622697805,0.013879060745239258,7304.500845461327,-3669.778002569371,33.91105988126219,5.768982291876057e-09,3.7551848545971685e-09
470,0.03253569009504884,4,NRXN3,9.680925059361716,27.753600905816743,-3341.8935710617916,-4.324968457633854,0.08985423670017446,SE,3611,1.0825024117366182e-05,0.008460859695643022,0.013258695602416992,6716.554102208693,-3382.5475627845444,40.653991722752835,1.8171564253322003e-10,1.3296816209177703e-10
471,0.13675525820454676,4,CALM1,9.680925059361716,5.89161442350459,-2077.550778642125,-7.396806203535642,0.2932559955000706,SE,3611,2.5839824399884324e-05,0.0017088364600981428,0.004278421401977539,4187.868517369359,-2423.0775266871883,345.5267480450634,0.0,0.0
472,0.10541436589245239,4,CHGA,9.680925059361716,7.920754047324368,-3717.2994432251517,-6.672013798669419,0.26546150533248364,SE,3611,2.7940703657769215e-05,0.0027648363251394914,0.004316568374633789,7467.365846535413,-3938.8261971434085,221.52675391825687,0.0,0.0
473,0.027292950784337047,4,ITPK1,9.680925059361716,33.264115507990944,-3721.862301919371,-3.764862160220006,0.07004244644948553,SE,3611,1.1618527066871985e-05,0.012634363374796828,0.022388935089111328,7476.491563923852,-3750.4421100777854,28.57980815841438,8.99149281696765e-08,5.299681080929984e-08
474,0.08371489677971806,4,CYP46A1,9.680925059361716,10.21579780840641,-3526.5333202868947,-5.124367711742348,0.16018116789132295,SE,3611,2.7173226780704403e-05,0.003924282147429211,0.0042400360107421875,7085.833600658899,-3673.466743222346,146.9334229354513,0.0,0.0
475,0.024100760237224076,4,EVL,9.680925059361716,37.793633424110624,-3791.174076424416,-5.378378565460416,0.1250445806502725,SE,3611,1.2396750742842431e-05,0.017065641677815078,0.022607803344726562,7615.115112933941,-3813.470525021213,22.296448596796836,2.3363830304878874e-06,1.2003361093589808e-06
476,0.05856086701445805,4,KLC1,9.680925059361716,15.004763605587012,-3598.548616677617,-7.601867903460116,0.28416074572434463,SE,3611,1.2637741128409766e-05,0.0033818963880560106,0.004292964935302734,7229.864193440343,-3725.8381239752594,127.28950729764256,0.0,0.0
477,0.04419235463282088,4,CRIP2,9.680925059361716,20.18681332412098,-3730.327995432642,-4.833588937533672,0.12250537224986889,SE,3611,1.2909002577282647e-05,0.005730541566775902,0.00443720817565918,7493.422950950394,-3803.070910541889,72.74291510924695,0.0,0.0
478,0.034155158693022915,4,GABRB3,9.680925059361716,26.393407672538036,-3307.972405167391,-4.287068054960825,0.08950166891679168,SE,3611,1.501608562684941e-05,0.010719701384140601,0.01324009895324707,6648.711770419892,-3344.173607233877,36.201202066486076,1.7796074613940505e-09,1.2067215288156415e-09
479,0.09917890220444837,4,ITPKA,9.680925059361716,8.47741923924178,-3154.5359292541752,-3.8900872776242887,0.10922830377582872,SE,3611,2.7565484923587255e-05,0.00300933589746063,0.004870891571044922,6341.83881859346,-3310.65093665317,156.11500739899475,0.0,0.0
480,0.027474415578056282,4,TYRO3,9.680925059361716,33.03824588180859,-3335.613988216939,-3.225663097471248,0.05253843480901623,SE,3611,1.2577798764059829e-05,0.01350735513355101,0.022745847702026367,6703.994936518988,-3361.3486353223243,25.734647105385193,3.91730883064767e-07,2.179566399549345e-07
481,0.08345737608986668,4,SERF2,9.680925059361716,10.250200233948279,-3488.1175952280787,-4.294356505366299,0.12322133189671819,SE,3611,3.7011906637539446e-05,0.005372861324966031,0.004297971725463867,7009.002150541267,-3620.6288516406535,132.51125641257477,0.0,0.0
482,0.0771349758938656,4,B2M,9.680925059361716,11.16686453184506,-4038.2317520238316,-2.2246010005210097,0.0704172322515745,SE,3611,2.0918761325148884e-05,0.0034691313520675876,0.004355907440185547,8109.230464132773,-4209.496648784976,171.26489676114443,0.0,0.0
483,0.02972324130343463,4,DMXL2,9.680925059361716,30.467994630364107,-2968.5595470222006,-3.260472372133178,0.05272343797656859,SE,3611,9.958454940688554e-06,0.009220929718144288,0.013632774353027344,5969.886054129511,-3003.730614053911,35.17106703171021,3.0197686573529836e-09,2.0145448980532117e-09
484,0.03950375916040068,4,TMOD2,9.680925059361716,22.693508965355452,-3652.8407880961418,-5.30579780146331,0.13787920622167374,SE,3611,1.2090411458617011e-05,0.00659215100722292,0.005881309509277344,7338.448536277393,-3711.2543464118653,58.41355831572355,2.120525977034049e-14,1.9542491822088235e-14
485,0.09898837887439595,4,ARPP19,9.680925059361716,8.495532184052843,-3432.6489394445293,-7.949854315009394,0.3402423592303093,SE,3611,3.147819279540499e-05,0.0034472272678502907,0.004261493682861328,6898.064838974168,-3589.4581255866724,156.80918614214306,0.0,0.0
486,0.04661771226727844,4,MAP2K1,9.680925059361716,19.088004604705507,-3693.9544040275673,-5.450349734970391,0.15135932949341085,SE,3611,1.564178640006489e-05,0.006300505180947855,0.004235744476318359,7420.675768140244,-3765.9171204624527,71.96271643488535,0.0,0.0
487,0.1075554411764843,4,NPTN,9.680925059361716,7.744497945680007,-3694.19298283132,-8.072714167530476,0.36362929556325685,SE,3611,2.7634681592811305e-05,0.0026481561432825365,0.004216194152832031,7421.15292574775,-3893.2686897640165,199.07570693269645,0.0,0.0
488,0.044006941415293745,4,SCAMP5,9.680925059361716,20.27579831743583,-3846.4955184044843,-5.834151535091097,0.1695176128563272,SE,3611,1.2564598318992899e-05,0.005620597838092827,0.005913972854614258,7725.757996894078,-3917.841351849519,71.34583344503471,0.0,0.0
489,0.05516658666264036,4,LINGO1,9.680925059361716,15.985401129722913,-3645.5355248988058,-5.761456108419041,0.1731222236846564,SE,3611,1.6967426381585796e-05,0.005048492661870291,0.004279613494873047,7323.838009882721,-3742.990919190871,97.4553942920652,0.0,0.0
491,0.02475936809300533,4,SH3GL3,9.680925059361716,36.763482119600404,-3066.534224497731,-2.7208338307484863,0.03753979880997995,SE,3611,7.3991347554540495e-06,0.009676995163799657,0.01359415054321289,6165.8354090805715,-3100.1389468284806,33.60472233074961,6.752858494607494e-09,4.358589335760225e-09
492,0.04856591072656127,4,SV2B,9.680925059361716,18.284857477523317,-3762.5118851910797,-5.895753821478526,0.1758824736951143,SE,3611,1.6086603615755342e-05,0.006016639242041911,0.004332542419433594,7557.790730467269,-3829.6735238461997,67.16163865511999,2.220446049250313e-16,2.3125563443207146e-16
493,0.1254447757953388,4,FBXL16,9.680925059361716,6.50697394388658,-3521.245893291752,-6.467871349031146,0.2607917804620048,SE,3611,2.5999128371058886e-05,0.001959024367255365,0.004518985748291016,7075.258746668614,-3811.865588872181,290.6196955804289,0.0,0.0
494,0.04687776682143937,4,BAIAP3,9.680925059361716,18.976936080546423,-3255.140936513763,-3.6491951267715073,0.07581481557822439,SE,3611,1.617344058142798e-05,0.006449241184321908,0.005865335464477539,6543.048833112635,-3320.60351530141,65.46257878764709,5.551115123125783e-16,5.692956583772314e-16
495,0.022943115521956485,4,CASKIN1,9.680925059361716,39.74768745615697,-3192.536070197195,-3.3282668596318428,0.0512260840791071,SE,3611,1.2474256894410076e-05,0.0188599682138668,0.013779878616333008,6417.839100479499,-3212.2146705396863,19.678600342491336,9.162166268561478e-06,4.516776486005408e-06
496,0.018484467336414418,4,SRRM2,9.680925059361716,49.560382047836335,-3454.2020000779685,-3.5676437075831107,0.054842881547123086,SE,3611,7.624751387057704e-06,0.017439858367670893,0.013465404510498047,6941.1709602410465,-3473.0589272155908,18.85692713762228,1.4089848628162649e-05,6.808362563977038e-06
497,0.054481586128418434,4,RBFOX1,9.680925059361716,16.198121687343377,-3684.0210944591813,-5.747371203017015,0.1724178172867453,SE,3611,1.4750007132847404e-05,0.004487624421812081,0.004568338394165039,7400.809149003472,-3780.7031185323076,96.68202407312629,0.0,0.0
498,0.044747123042390057,4,GRIN2A,9.680925059361716,19.924968573576418,-3554.7328460719305,-4.954704376298474,0.12593789135461572,SE,3611,1.2481754470509686e-05,0.005416300506816705,0.004410982131958008,7142.23265222897,-3629.7260408995207,74.99319482759029,0.0,0.0
499,0.03860005613757623,4,SNN,9.680925059361716,23.2466600683493,-3702.7718005731153,-5.8552084057705756,0.16333771207766015,SE,3611,1.1602770527050535e-05,0.006602017846678399,0.012295722961425781,7438.31056123134,-3757.665303901709,54.89350332859385,1.2723155862204294e-13,1.1132525520837215e-13
500,0.045991113875394445,4,MKL2,9.680925059361716,19.36078226491006,-3404.2816594631263,-4.445532575746892,0.104609739003812,SE,3611,1.5760058402649055e-05,0.006506064545351583,0.006458282470703125,6841.330279011362,-3466.864590958361,62.58293149523479,2.55351295663786e-15,2.49473860641884e-15
501,0.05476297416414218,4,C16orf45,9.680925059361716,16.110095221169704,-3763.5755012375025,-5.79877100518292,0.17649643925242195,SE,3611,1.3781211856059297e-05,0.004154507580515316,0.004246711730957031,7559.917962560115,-3859.7885649912523,96.2130637537498,0.0,0.0
502,0.12204710871321293,4,PRKCB,9.680925059361716,6.714104969877557,-3737.991422438351,-6.522809483261527,0.26943882775943495,SE,3611,4.340854433834709e-05,0.0034117760034681763,0.0042743682861328125,7508.749804961812,-3906.006080616906,168.01465817855478,0.0,0.0
503,0.05686189629886773,4,CACNG3,9.680925059361716,15.480976844880592,-3437.617686679679,-4.673444657195893,0.12132235519556367,SE,3611,2.300336466062747e-05,0.006485592554605886,0.004449367523193359,6908.002333444468,-3497.5430966666613,59.92540998698223,9.880984919163893e-15,9.380178764773447e-15
504,0.10412498363294993,4,NUPR1,9.680925059361716,8.030394634467806,-3053.6830571882715,-0.8541395801817447,0.041802292917684884,SE,3611,3.7228997770759694e-05,0.003757331233992117,0.004336118698120117,6140.1330744616525,-3211.929660893664,158.24660370539232,0.0,0.0
505,0.04715139372202157,4,PRRT2,9.680925059361716,18.861393582910736,-3351.7412756740455,-4.104188738560453,0.09221714185801709,SE,3611,1.6631488183320744e-05,0.006562275939468035,0.0059032440185546875,6736.2495114332005,-3403.504608512239,51.76333283819349,6.260547635861258e-13,5.296419709145601e-13
506,0.032826402821956015,4,DOC2A,9.680925059361716,27.49954743267432,-3314.3866537589547,-3.849808757432127,0.0739440498352423,SE,3611,1.150414406244001e-05,0.008843460895088527,0.013486146926879883,6661.540267603019,-3351.0936310086254,36.70697724967067,1.3728719272521062e-09,9.39232881584813e-10
507,0.05073066788742939,4,STX1B,9.680925059361716,17.46478643535783,-3689.3492070186535,-5.114633299151076,0.1393439324156915,SE,3611,1.5893953963838308e-05,0.005495052134230728,0.004498004913330078,7411.4653741224165,-3776.4937718311594,87.1445648125059,0.0,0.0
508,0.03414104956881139,4,ITFG1,9.680925059361716,26.404700723555585,-3607.853379683912,-5.620364024281928,0.14647852291815489,SE,3611,1.557024222153854e-05,0.011123860597607591,0.010576248168945312,7248.473719452933,-3642.363052408188,34.50967272427624,4.241383688707856e-09,2.794746902320343e-09
509,0.13178900871405416,4,MT3,9.680925059361716,6.148801840799479,-1244.6352117416732,-4.920810906868191,0.13434684463873103,SE,3611,4.432935866561959e-05,0.0030988923115481486,0.004317045211791992,2522.0373835684563,-1483.1876212196353,238.5524094779621,0.0,0.0
510,0.03110538669837982,4,MT1X,9.680925059361716,29.072698570176872,-3506.4473911216464,-2.498467862039849,0.03922103102267047,SE,3611,9.04691136219782e-06,0.007691818245409544,0.017770051956176758,7045.661742328402,-3554.034785233945,47.587394112298625,5.260569757581379e-12,4.249364946567654e-12
511,0.02785028720680506,4,ATP6V0D1,9.680925059361716,32.57976016203175,-3759.0387158537224,-6.088892440443483,0.1622690287985418,SE,3611,9.504176945325628e-06,0.009948073969113775,0.013160228729248047,7550.844391792554,-3793.9450808601114,34.906365006389024,3.4594808129284615e-09,2.293621395244176e-09
512,0.0199443639374352,4,EXOSC6,9.680925059361716,45.864318957777364,-3169.209151840475,-3.419886842691289,0.051131618904268254,SE,3611,1.1376760219303559e-05,0.022485372020975163,0.021356582641601562,6371.1852637660595,-3187.2909536899324,18.081801849457406,2.11614319461928e-05,1.002669840046077e-05
513,0.022223671028367503,4,CMIP,9.680925059361716,41.06465026414303,-3047.9650905093167,-3.801894569991621,0.06299328226138409,SE,3611,1.2512916818292202e-05,0.02010415211386145,0.013623714447021484,6128.697141103743,-3067.4053315437727,19.440241034455994,1.0379683840322507e-05,5.093581856267387e-06
514,0.029722869679991794,4,CDH13,9.680925059361716,30.468387239685775,-3117.0902177464477,-3.385059564332766,0.05690649920094095,SE,3611,9.205472112095744e-06,0.008523913292147566,0.011569023132324219,6266.947395578005,-3157.18797140724,40.09775366079248,2.415666555677376e-10,1.7509131054664027e-10
515,0.0396216635713552,4,COX4I1,9.680925059361716,22.6232011941319,-2818.324895614979,-6.746265154865939,0.2041120387320919,SE,3611,1.5225384561236434e-05,0.008256020764784105,0.005900859832763672,5669.416751315068,-2870.7168534860816,52.39195787110248,4.546363285840016e-13,3.87679482388439e-13
516,0.03555210502794667,4,JPH3,9.680925059361716,25.31965933676468,-3489.4646051145455,-3.979701413896964,0.08148457485941663,SE,3611,1.1201276926643109e-05,0.007421906571297573,0.011311769485473633,7011.696170314201,-3534.4771699302864,45.012564815740916,1.9577450771635085e-11,1.528476373595964e-11
517,0.04527578716691785,4,ABR,9.680925059361716,19.681415776857033,-3767.50668472361,-5.554684235200133,0.15605233018467732,SE,3611,1.1027768175764692e-05,0.004684113481794336,0.004372835159301758,7567.780329532329,-3841.552324644492,74.04563992088197,0.0,0.0
518,0.04970907270109771,4,CAMKK1,9.680925059361716,17.842895426909482,-3320.8193940227434,-4.414019003185055,0.10492541544918502,SE,3611,1.3088896915109092e-05,0.004694120050771031,0.0044176578521728516,6674.405748130596,-3402.8323295718064,82.01293554906306,0.0,0.0
519,0.0461404811676746,4,ATP1B2,9.680925059361716,19.29508551729458,-3955.946034656014,-4.218192710635092,0.10323741617333732,SE,3611,1.81341391735392e-05,0.007442163676327247,0.005908012390136719,7944.659029397138,-4016.666661941179,60.72062728516494,6.5503158452884236e-15,6.285064805204375e-15
520,0.017014534771042852,4,NAA38,9.680925059361716,53.92267474021698,-3774.5048742996214,-5.607616555047024,0.12248220832853426,SE,3611,9.801658411249004e-06,0.026301349000753413,0.011859416961669922,7581.776708684352,-3790.6561954451045,16.151321145483053,5.847776639300584e-05,2.689995491335837e-05
521,0.03217269707428812,4,RPL26,9.680925059361716,28.07726549774659,-3427.8083203064034,-5.028275854388408,0.1171081698166983,SE,3611,1.8110211657697294e-05,0.01445501858547416,0.009015798568725586,6888.383600697916,-3460.713491478748,32.90517117234458,9.676552892301515e-09,6.178161254307187e-09
523,0.03922737459590654,4,NLK,9.680925059361716,22.859976875068135,-3480.6970872968864,-4.809365790143257,0.11473882382857187,SE,3611,1.520101125331085e-05,0.008396074176337255,0.013583183288574219,6994.161134678882,-3524.1187088373654,43.42162154047901,4.412847864898595e-11,3.3477950884533506e-11
524,0.04297143490782335,4,ALDOC,9.680925059361716,20.78688692488378,-3619.5658854827075,-5.969925233748798,0.1725635529558273,SE,3611,1.3596506672913696e-05,0.006352580566341419,0.004400730133056641,7271.8987310505245,-3690.2188832752427,70.65299779253519,0.0,0.0
525,0.04555551163017119,4,RPL23A,9.680925059361716,19.554834952456496,-3611.496303546021,-4.673014765795939,0.11558385042944684,SE,3611,1.4797124185830882e-05,0.006215140144992313,0.0062062740325927734,7255.759567177151,-3683.0640415487437,71.56773800272276,0.0,0.0
526,0.047810090982548174,4,CDK5R1,9.680925059361716,18.588674101961537,-3639.960291419476,-5.9027738009331925,0.17390668019534267,SE,3611,1.4922704793500734e-05,0.005741926069290983,0.0027098655700683594,7312.687542924062,-3712.182743636846,72.22245221737012,0.0,0.0
527,0.38039310161523004,4,CNP,9.680925059361716,1.5202955376481428,-3967.880303532329,-2.066067044686613,0.34854549713815647,SE,3611,5.6519488967657534e-05,0.001162135099429751,0.002838134765625,7968.5275671497675,-5308.3743558088345,1340.4940522765055,0.0,0.0
528,0.01690732583869777,4,DUSP3,9.680925059361716,54.27051542613516,-3312.5406555590234,-3.919500400693234,0.06219722091020206,SE,3611,6.872118606050666e-06,0.018666750282479404,0.013717174530029297,6657.848271203156,-3329.5432416743397,17.002586115316262,3.7328940038716674e-05,1.742548826872604e-05
529,0.46456387397967946,4,GFAP,9.680925059361716,1.0757383317477842,-3939.7114313086545,1.029821370008222,0.45622405561680746,SE,3611,6.819422214209273e-05,0.0012874933797943431,0.0020058155059814453,7912.1898227024185,-5324.761068861448,1385.0496375527932,0.0,0.0
530,0.026406563909328943,4,NME1,9.680925059361716,34.41201890256995,-3584.847436210779,-4.5718405774887385,0.0949201501997922,SE,3611,1.3555035971198254e-05,0.015689876142307206,0.00989842414855957,7202.461832506668,-3612.83006596041,27.982629749631087,1.2240932956153472e-07,7.113316698641336e-08
531,0.04941804828806623,4,CA10,9.680925059361716,17.953469314724202,-3059.915903453643,-3.9739122898433674,0.0859993145605983,SE,3611,1.2487754035581593e-05,0.004526206441826243,0.002899169921875,6152.598766992395,-3144.224209197749,84.30830574410629,0.0,0.0
532,0.03755820595202084,4,HLF,9.680925059361716,23.917404238968555,-3407.059721937503,-4.461211715695621,0.09920382613039944,SE,3611,1.392246474262786e-05,0.008332651906986052,0.008737802505493164,6846.886403960116,-3452.571044473878,45.51132253637479,1.517586056820619e-11,1.1970264351927343e-11
533,0.036113342031973764,4,MMD,9.680925059361716,24.911661645895627,-3111.202717598826,-2.7129567866479523,0.04358433236918621,SE,3611,1.989414658896306e-05,0.012804066012209877,0.013639450073242188,6255.1723952827615,-3136.773567979186,25.570850380359843,4.264330101255709e-07,2.3604041277238655e-07
534,0.023438922636127936,4,DYNLL2,9.680925059361716,38.887155256584755,-3849.7707106856597,-5.612268203465652,0.13445605579200887,SE,3611,9.572132507022708e-06,0.013894428718502896,0.008811712265014648,7732.308381456429,-3873.8342184806206,24.06350779496097,9.321008810347919e-07,4.96564304764293e-07
535,0.252650245045022,4,SEPT4,9.680925059361716,2.7608866805171597,-3694.221764507375,-1.8556656299433323,0.1736823662119691,SE,3611,4.958792898147032e-05,0.0014625173179415457,0.002813100814819336,7421.21048909986,-4459.416271675069,765.1945071676937,0.0,0.0
536,0.03739590212039299,4,SNHG25,9.680925059361716,24.02526024351068,-3183.100357135534,-1.6786679354151368,0.025754618777679775,SE,3611,1.1529528561639824e-05,0.006955967483562364,0.003961324691772461,6398.967674356178,-3248.2476332719407,65.14727613640662,6.661338147750939e-16,6.779695544545548e-16
537,0.017361410815021083,4,JPT1,9.680925059361716,52.82666699284153,-3424.4263864508594,-4.137936227893389,0.06955633128269914,SE,3611,7.664542469371497e-06,0.01978115732156719,0.008771657943725586,6881.619732986828,-3442.0434009492164,17.617014498357094,2.7016044775507453e-05,1.2704215116394733e-05
538,0.08064455402385133,4,H3F3B,9.680925059361716,10.640274139275203,-3800.4701530385605,-3.602699147026151,0.10348810632631433,SE,3611,1.9514623568736204e-05,0.0030011773837146714,0.0027532577514648438,7633.707266162231,-3989.8953922945075,189.42523925594696,0.0,0.0
539,0.024544440819482243,4,MXRA7,9.680925059361716,37.0935803830214,-3534.574078882093,-4.3301111600634705,0.08424052780804782,SE,3611,8.126663890197626e-06,0.01080601203500882,0.01495814323425293,7101.915117849296,-3565.3101043040224,30.7360254219293,2.956252098673673e-08,1.827051971870509e-08
540,0.0420401305135869,4,RBFOX3,9.680925059361716,21.268049842288583,-3459.4086569570595,-4.395235358656586,0.10052797891314615,SE,3611,1.1269511334083568e-05,0.005480810715749872,0.004210948944091797,6951.584273999229,-3525.230778316447,65.82212135938744,4.440892098500626e-16,4.56309010469413e-16
541,0.0405354918824153,4,BAIAP2,9.680925059361716,22.092144528699304,-3417.114313118746,-4.002900307559876,0.08508597579618986,SE,3611,1.6512956942347893e-05,0.008586377320610768,0.008375883102416992,6866.995586322601,-3460.046321605205,42.932008486458926,5.6675775184089616e-11,4.2635097996446356e-11
542,0.04651443314608502,4,DLGAP1,9.680925059361716,19.132459362971623,-3505.6658582954456,-5.296287628714496,0.14183329558936142,SE,3611,1.2216107362433435e-05,0.004940488880286923,0.002681732177734375,7044.098676676001,-3589.8544500849794,84.1885917895338,0.0,0.0
543,0.7194367547571905,4,MBP,9.680925059361716,0.3639842266951612,-2485.8037360751005,-0.9793347389925771,0.5841295970229538,SE,3611,4.1192747855024843e-05,0.0010882462409699054,0.004290103912353516,5004.37443223531,-5386.820408101043,2901.016672025942,0.0,0.0
544,0.08976714342560534,4,FKBP1A,9.680925059361716,9.464104168013971,-3742.0861834012717,-6.161862692254293,0.2236961455184535,SE,3611,2.6263018890259747e-05,0.003376261164150796,0.004301309585571289,7516.939326887653,-3882.9797071731255,140.89352377185378,0.0,0.0
545,0.024591129601879914,4,SIRPA,9.680925059361716,37.0213823549391,-3787.9672116092042,-5.385821419958279,0.12601635912264167,SE,3611,1.0776451300522858e-05,0.01427777856093982,0.0223238468170166,7608.701383303518,-3812.8993449182713,24.932133309067012,5.93843207719047e-07,3.207612309386045e-07
546,0.032757559370313945,4,DDRGK1,9.680925059361716,27.559302152467,-3193.730195677257,-3.155560923696609,0.05310152276396402,SE,3611,1.606013405928622e-05,0.012394246739186382,0.02292943000793457,6420.227351439624,-3225.58219239193,31.851996714673078,1.6637854982626266e-08,1.0425164018425549e-08
547,0.054616004649609945,4,CHGB,9.680925059361716,16.15595845937909,-3653.9006455464573,-5.948884833822146,0.18244226189342488,SE,3611,1.2737249735749787e-05,0.0038582471589309235,0.0044553279876708984,7340.568251178024,-3764.655393000032,110.75474745357451,0.0,0.0
548,0.04080115583726218,4,TMX4,9.680925059361716,21.942221230128485,-3482.3732340792226,-4.43711607452857,0.10142819107590569,SE,3611,1.7326356392025785e-05,0.00890183930069282,0.012155294418334961,6997.513428243555,-3530.9944253411622,48.62119126193966,3.1049607329691753e-12,2.5387012644842205e-12
549,0.0455865197682008,4,PCSK2,9.680925059361716,19.540898805059822,-3206.7582090940527,-3.7105490950746303,0.07655385679994349,SE,3611,2.6595413073910247e-05,0.011156884475226237,0.014271974563598633,6446.283378273215,-3246.4125355840765,39.65432649002378,3.031324080637887e-10,2.185338718934938e-10
550,0.08462443099235459,4,NAPB,9.680925059361716,10.09596797895504,-3597.4377244583507,-7.140855389371959,0.2763072242421661,SE,3611,1.663179110132659e-05,0.002358810851802329,0.004423379898071289,7227.642409001811,-3793.9118637141164,196.47413925576575,0.0,0.0
551,0.2382596702187499,4,CST3,9.680925059361716,2.984013765041578,-1937.6689581620822,-3.984371830038796,0.13433194117870279,SE,3611,0.00015091927267448714,0.004754311230570845,0.004460811614990234,3908.1048764092743,-2233.6737480485017,296.00478988641953,0.0,0.0
552,0.02285672012753302,4,KIF3B,9.680925059361716,39.90145642362686,-3128.6517444439205,-3.2613767857421867,0.04916923841689955,SE,3611,1.1052871197551895e-05,0.016831608240447476,0.014212369918823242,6290.0704489729505,-3150.1619135145797,21.51016907065923,3.519573282595445e-06,1.782597851087057e-06
553,0.05764243471937066,4,NORAD,9.680925059361716,15.258709818768374,-3355.55249186181,-7.562593918774212,0.277132975424036,SE,3611,1.8161218257581348e-05,0.004998001846341982,0.004253387451171875,6743.871943808729,-3454.190660891086,98.63816902927601,0.0,0.0
554,0.03737046092911093,4,NNAT,9.680925059361716,24.042251652094688,-3784.8514442820683,-4.935796037635546,0.12139610089106798,SE,3611,1.7714307538419993e-05,0.010700817701993798,0.013626813888549805,7602.469848649246,-3819.95151232468,35.10006804261184,3.1318985183048653e-09,2.0867533888197295e-09
555,0.04537439458158817,4,VSTM2L,9.680925059361716,19.636615868230425,-3538.0222455175485,-5.223174352814133,0.13797778256369206,SE,3611,1.1484292581446708e-05,0.004858753599498594,0.0043108463287353516,7108.811451120207,-3621.714882674053,83.69263715650459,0.0,0.0
556,0.032081869790478855,4,PKIG,9.680925059361716,28.159397723845373,-3308.1952063661283,-3.81773280476666,0.07237067028580871,SE,3611,1.3014714011218027e-05,0.010443024092140653,0.01246500015258789,6649.157372817366,-3346.2706772843635,38.07547091823517,6.806040175888484e-10,4.778157667508574e-10
557,0.02152718449759361,4,ATP5F1E,9.680925059361716,42.42344575933221,-2870.378384476776,-7.255824331525273,0.2071077908054168,SE,3611,1.278910136052049e-05,0.021836941522719488,0.022961139678955078,5773.523729038661,-2891.829558765907,21.45117428913136,3.6295367583649707e-06,1.834827082028389e-06
558,0.059891805041562746,4,STMN3,9.680925059361716,14.65058090710762,-3635.283301007508,-6.848117965035342,0.23767055806946452,SE,3611,1.2264786901340048e-05,0.0031543043957522133,0.004206418991088867,7303.333562100125,-3765.912489684689,130.629188677181,0.0,0.0
559,0.01673445590781022,4,NDUFS7,9.680925059361716,54.84078125418779,-3796.8525822311494,-4.29701497151057,0.07521285439490058,SE,3611,6.793308032661902e-06,0.018822551156871047,0.02271270751953125,7626.472124547408,-3814.558097910837,17.705515679687778,2.578777708162061e-05,1.2154328549413772e-05
560,0.019491887071887388,4,UQCR11,9.680925059361716,46.950661309718086,-3365.24354824681,-6.912609674172494,0.18616390029294375,SE,3611,8.923563740526566e-06,0.018431041437592083,0.013602972030639648,6763.254056578729,-3388.4016934182982,23.158145171488286,1.4920983956168143e-06,7.785090673982318e-07
561,0.04015010935424913,4,CELF5,9.680925059361716,22.3131557123465,-3082.8180707279544,-3.288980407529493,0.059933034064350646,SE,3611,1.8916612724166262e-05,0.010010513497801037,0.013812541961669922,6198.403101541018,-3122.818285200566,40.00021447261179,2.539349841512717e-10,1.8355996158937798e-10
562,0.030829486677302075,4,PIP5K1C,9.680925059361716,29.34122945577827,-3469.1552363757637,-3.8449709261370644,0.07347403309959125,SE,3611,1.4239132657505783e-05,0.01231025562772102,0.011484622955322266,6971.077432836637,-3505.843092161206,36.68785578544248,1.3864043246769597e-09,9.472826306420454e-10
563,0.02441210135965997,4,UBXN6,9.680925059361716,37.29972664288193,-3641.622939640243,-4.362840944337831,0.08588654246102728,SE,3611,1.3893436744563455e-05,0.01866488081093709,0.014334440231323242,7316.012839365596,-3662.5683920002093,20.94545235996611,4.72548265639805e-06,2.3731994954671856e-06
564,0.021546453520207592,4,SEMA6B,9.680925059361716,42.38467171830114,-3322.629151578636,-3.405898516811772,0.05276343089847148,SE,3611,8.51244051506536e-06,0.014509847762606252,0.022125959396362305,6678.025263242382,-3346.0886540122847,23.459502433648595,1.2757104601579528e-06,6.708281385857327e-07
565,0.02718816692103166,4,RPL36,9.680925059361716,33.39591337924534,-3236.0622683849524,-5.418675450480367,0.1271497506752298,SE,3611,7.983357280556165e-06,0.008744692973297366,0.014118671417236328,6504.891496855014,-3276.0564597850193,39.99419140006694,2.5471913467356444e-10,1.8387897890297689e-10
566,0.12149508860871015,4,CTXN1,9.680925059361716,6.748851631608316,-3675.1067015959866,-6.782830415624376,0.2832104585012929,SE,3611,3.0970606048630304e-05,0.002451283939491787,0.0043489933013916016,7382.980363277083,-3879.9250313228004,204.81832972681377,0.0,0.0
567,0.02158616313023611,4,UBL5,9.680925059361716,42.30498447936141,-3673.958436006231,-6.339958879542558,0.16356423535759163,SE,3611,9.511872069173033e-06,0.016156442753310924,0.02302098274230957,7380.683832097571,-3697.1617231091086,23.203287102877766,1.4574798921085375e-06,7.619290593159995e-07
568,0.018175470172756614,4,ELAVL3,9.680925059361716,50.41881485619599,-3635.765204865712,-3.909973426381793,0.06476044413935793,SE,3611,7.051361606990689e-06,0.016660344418664867,0.015225648880004883,7304.297369816533,-3655.5666162456037,19.80141137989176,8.591921006328995e-06,4.243456716670105e-06
569,0.050409297078808306,4,UNC13A,9.680925059361716,17.582078765167903,-3445.3321478434295,-4.624382083713529,0.11511397338763994,SE,3611,1.871077173128585e-05,0.0065433239006258736,0.004332304000854492,6923.431255771969,-3509.29922319008,63.96707534665029,1.2212453270876722e-15,1.215271956454253e-15
570,0.05065761719881839,4,MAST3,9.680925059361716,17.491317421037454,-3762.415117981502,-5.860991052208878,0.17602373748866612,SE,3611,1.6630776963743877e-05,0.00576472183711467,0.006112337112426758,7557.597196048114,-3818.501700492964,56.086582511461984,6.938893903907228e-14,6.192629561798918e-14
571,0.04507303325964043,4,SSBP4,9.680925059361716,19.77414803721395,-3437.5727553418615,-4.032229015918086,0.08929619392693162,SE,3611,1.977772572309488e-05,0.008469619935589147,0.013779640197753906,6907.9124707688325,-3481.5526995740547,43.97994423219325,3.317579544415139e-11,2.556650902827759e-11
572,0.05588135100355958,4,YJEFN3,9.680925059361716,15.768997632054491,-3609.473545180505,-4.680783301246337,0.12341662455622698,SE,3611,1.5451949256481354e-05,0.004493367479145387,0.004304647445678711,7251.7140504461195,-3699.4652166247406,89.99167144423564,0.0,0.0
573,0.1361834053995595,4,SCN1B,9.680925059361716,5.920273384462521,-3652.907912629349,-5.692576165126194,0.22789055911322165,SE,3611,4.105490152819895e-05,0.0027320755408846,0.00438380241394043,7338.582785343808,-3909.3790111596572,256.47109853030815,0.0,0.0
574,0.027478534588978688,4,FXYD1,9.680925059361716,33.03315356609766,-3469.0751050101835,-2.9945408243967653,0.047663567095689405,SE,3611,1.4595860615525432e-05,0.01567012355779098,0.0222930908203125,6970.9171701054765,-3494.5470450307166,25.47194002053311,4.488639265831651e-07,2.474350338074067e-07
575,0.04648179698862335,4,FXYD7,9.680925059361716,19.146548123470815,-3760.557223105146,-6.526532497704467,0.2076691309260995,SE,3611,1.600120155942563e-05,0.006479521782867034,0.006024837493896484,7553.881406295402,-3824.838820386161,64.28159728101491,1.1102230246251565e-15,1.1068462056925354e-15
576,0.3211867289270077,4,MAG,9.680925059361716,1.9725914248184793,-3338.6331412308327,-0.3077920722067245,0.1790048484486053,SE,3611,4.389126975224702e-05,0.0010226915764907497,0.0038068294525146484,6710.033242546775,-4507.073246426935,1168.4401051961022,0.0,0.0
577,0.033697046657716646,4,CLIP3,9.680925059361716,26.764915495815192,-3779.021375126917,-5.587668028289759,0.14607172168297963,SE,3611,1.439966257713e-05,0.010541594281231694,0.01238393783569336,7590.809710338944,-3817.556766886006,38.535391759088725,5.376972200821228e-10,3.804765649417756e-10
578,0.044247174903438956,4,COX7A1,9.680925059361716,20.16064638675217,-3566.730709957436,-4.257840123396493,0.09818510046019222,SE,3611,9.586440050758784e-06,0.004245984702999565,0.004467964172363281,7166.228379999981,-3660.5320202757093,93.80131031827341,0.0,0.0
579,0.05679021631966222,4,PLD3,9.680925059361716,15.501694825269261,-3467.975522840247,-7.217718498256081,0.2553319031252013,SE,3611,1.395710923814258e-05,0.003943907800169054,0.004312276840209961,6968.718005765603,-3580.597731975902,112.62220913565534,0.0,0.0
580,0.0638446361536552,4,APOE,9.680925059361716,13.685728577995492,-3738.6120241310396,-3.8861988464707333,0.10073501789859884,SE,3611,1.8753309613493055e-05,0.004310635541099056,0.004380941390991211,7509.991008347189,-3855.8146196524785,117.20259552143898,0.0,0.0
581,0.042866530423467976,4,PNMA8A,9.680925059361716,20.840041453707585,-3620.305552885024,-5.174841851010036,0.13468148579707662,SE,3611,1.3453892017905556e-05,0.006314108040098637,0.0059816837310791016,7273.378065855158,-3683.1359894665165,62.83043658149245,2.220446049250313e-15,2.1812573577384028e-15
582,0.03830948561346163,4,TMEM160,9.680925059361716,23.43006107228847,-3765.268228055635,-6.017150478928514,0.1717779667149184,SE,3611,1.2283442938057124e-05,0.007087491913964874,0.006002664566040039,7563.30341619638,-3821.0944490768543,55.826221021219226,7.915890165577366e-14,7.029462970636132e-14
583,0.03544159315229496,4,SLC8A2,9.680925059361716,25.401519914014948,-3338.561543571748,-3.91195246953999,0.0779289105541558,SE,3611,1.1799822822033953e-05,0.007863840500291304,0.013484001159667969,6709.890047228606,-3380.6930148683746,42.13147129662639,8.533873607774467e-11,6.330925975841739e-11
584,0.035929848271583416,4,SELENOW,9.680925059361716,25.043652137197487,-2438.4988476393473,-6.500768059813314,0.18465578580986605,SE,3611,1.5749055709771568e-05,0.010232495601245263,0.01181650161743164,4909.764655363804,-2483.191438678174,44.69259103882678,2.3052781905619213e-11,1.79458257346818e-11
585,0.021159315186699747,4,DBP,9.680925059361716,43.17723359890294,-3020.3530035619524,-3.175026431013513,0.045380959778008906,SE,3611,9.641195677329456e-06,0.017013848477046175,0.022592782974243164,6073.472967209014,-3043.6856954877376,23.332691925785184,1.3626415272804948e-06,7.151383215579896e-07
586,0.15318488850433892,4,SLC17A7,9.680925059361716,5.1596124679439495,-3350.755625244863,-7.557699866059264,0.34692333933983666,SE,3611,3.554938563309088e-05,0.0019910894035379085,0.005106210708618164,6734.278210574836,-3714.101056700202,363.34543145533917,0.0,0.0
587,0.080861269209271,4,PRKCG,9.680925059361716,10.609255827682986,-3416.8116622849125,-3.9875787278399732,0.1085883690015298,SE,3611,2.9792792825302095e-05,0.00456115783173329,0.00486302375793457,6866.3902846549345,-3504.6269604121835,87.81529812727103,0.0,0.0
588,0.038581974816201896,4,TTYH1,9.680925059361716,23.257991954033923,-3867.378222027522,-4.5149953366870355,0.10674171475276129,SE,3611,1.1429784009859351e-05,0.006509213446404406,0.006119489669799805,7767.523404140154,-3927.701265587523,60.32304356000077,8.104628079763643e-15,7.73492489010118e-15
589,0.0477466182552465,4,SYT5,9.680925059361716,18.614626015221866,-3541.812590744616,-4.438552592574199,0.10713386389385988,SE,3611,1.5538403642693366e-05,0.005993228636224611,0.0043528079986572266,7116.392141574342,-3613.904087219348,72.09149647473214,0.0,0.0
590,0.034888770997040276,4,PEG3,9.680925059361716,25.818803153926844,-3650.1087787174424,-5.002843845719697,0.12049219260206048,SE,3611,1.8610497210553897e-05,0.012770473657092357,0.018966197967529297,7332.984517519994,-3685.1323228261317,35.02354410868929,3.257427438896343e-09,2.1650131676792187e-09
591,0.07372203165891632,4,PI4KA,9.680925059361716,11.727041124883694,-3653.2983953925345,-7.513633056760317,0.2933732791671435,SE,3611,1.664843248002524e-05,0.0029827600945061985,0.004408836364746094,7339.363750870179,-3812.2973957800664,158.99900038753185,0.0,0.0
592,0.041638949554613926,4,MAPK1,9.680925059361716,21.481954824728582,-3740.770461957813,-5.528919449429997,0.15109724902723884,SE,3611,1.8196698858370794e-05,0.00900668322232003,0.013132810592651367,7514.307884000736,-3783.5658741493667,42.79541219155362,6.077449654640077e-11,4.559053142069479e-11
593,0.038726468192000305,4,MIF,9.680925059361716,23.16773098294475,-3700.5589481413176,-5.83334572290587,0.16237146493486054,SE,3611,1.2567773133240225e-05,0.007108097844526964,0.011956930160522461,7433.884856367745,-3752.9742403743676,52.41529223304997,4.4919623576333834e-13,3.8365051983261386e-13
594,0.04543130756969577,4,SEZ6L,9.680925059361716,19.61084733392173,-3527.9577715197643,-4.090758771228524,0.09258124534267435,SE,3611,2.2882140363912468e-05,0.009658882749379503,0.014017581939697266,7088.682503124638,-3570.8486041272595,42.89083260749521,5.788125534422761e-11,4.3480953212495916e-11
595,0.03213996637828085,4,MIAT,9.680925059361716,28.106809325422667,-3237.870546659682,-3.9227311673165457,0.07524537509145389,SE,3611,1.1057434218028583e-05,0.008842524539813303,0.013818740844726562,6508.508053404474,-3279.307093520042,41.43654686036007,1.2175960240057293e-10,8.970799877165089e-11
596,0.06517926159878465,4,PVALB,9.680925059361716,13.386384991961968,-3227.9864636694506,-3.0709539771253858,0.06783268584964167,SE,3611,1.691870503906357e-05,0.0037508426552537483,0.004263401031494141,6488.739887424011,-3345.0606013651413,117.07413769569075,0.0,0.0
597,0.03420168957405119,4,SYNGR1,9.680925059361716,26.356230032670123,-3695.8507742926963,-6.2267502628940345,0.17700942713707649,SE,3611,1.2815755003411251e-05,0.009125758461032855,0.011934280395507812,7424.468508670502,-3743.3064333146162,47.45565902191993,5.626277221892906e-12,4.524333598087521e-12
598,0.028166279516204238,4,SNU13,9.680925059361716,32.20378274599824,-3797.334622802412,-5.509889048661966,0.1361561767814724,SE,3611,1.1505014864276618e-05,0.011788750435183327,0.01297307014465332,7627.436205689934,-3831.461589973661,34.12696717124891,5.1630760777854334e-09,3.3730648719891546e-09
599,0.04144320952253795,4,MPPED1,9.680925059361716,21.587824338316665,-3667.422153638548,-4.518896745532675,0.10698726697638711,SE,3611,1.1332163470215325e-05,0.005657677476618881,0.00600123405456543,7367.611267362206,-3738.4432147456378,71.02106110708974,0.0,0.0
600,0.028981066874987447,4,NCAM2,9.680925059361716,31.272149802014518,-3317.984649093397,-3.765349980484775,0.06859448528842797,SE,3611,1.2271410242124288e-05,0.011916188969595305,0.023099660873413086,6668.736258271903,-3345.616420062177,27.631770968780074,1.4674850712381726e-07,8.490891360503304e-08
601,0.02916947992787178,4,ETS2,9.680925059361716,31.06412633013232,-2972.7070704022826,-3.3167603325405937,0.05391516340306898,SE,3611,1.1145502346601092e-05,0.010691654385701346,0.011625289916992188,5978.181100889675,-3008.4510241467597,35.74395374447704,2.2502927299328235e-09,1.5125002399867462e-09
602,0.005569037443503603,4,SDF4,18.621935679469626,142.32852539547258,-3075.905678370138,-2.8747129216298597,0.01273133104357046,SE,3611,1.0612089355096e-05,0.25355721440582746,0.010965347290039062,6184.578316825386,-3079.797602795794,3.891924425655816,0.04851879845747309,0.015389544158867332
603,0.014077137067145046,4,ACAP3,18.621935679469626,55.82465504820674,-3299.2253433216156,-3.098573692546512,0.02092285627720213,SE,3611,3.0176444718294963e-05,0.11687595240465556,0.008108377456665039,6631.217646728341,-3307.831509177632,8.60616585601656,0.0033502683949875323,0.0012735380149749656
604,0.004791964248152247,4,AURKAIP1,18.621935679469626,165.5380193310508,-3678.4883621172394,-4.276448911715951,0.025067685580026946,SE,3611,1.683247810666071e-05,0.5414474581386014,0.010703563690185547,7389.743684319588,-3680.6521831621085,2.1638210448691098,0.1412929512258787,0.041171285285409434
606,0.011950014223995085,4,SSU72,18.621935679469626,65.90341866815,-3625.4960437915533,-4.367023353104402,0.03456870937082518,SE,3611,2.457161708637289e-05,0.1309130802009476,0.009746313095092773,7283.759047668216,-3636.33342727764,10.837383486086765,0.0009947119266277005,0.0004020552419746135
607,0.08743184939412361,4,GABRD,18.621935679469626,8.319420812399757,-3662.9377175290615,-5.977284771090914,0.11800213676799175,SE,3611,0.00014677580319289664,0.019712836772505588,0.004364728927612305,7358.6423951432325,-3830.628332719881,167.6906151908197,0.0,0.0
608,0.00620126390040753,4,PRKCZ,18.621935679469626,127.73669529975564,-3733.369359164313,-4.909154573569508,0.034922042310838945,SE,3611,7.273311062103558e-06,0.14052228320704432,0.013736963272094727,7499.505678413736,-3739.4286381436004,6.059278979287228,0.013833415208394984,0.004771537546304028
610,0.04542540459396402,4,KCNAB2,18.621935679469626,16.749757262570622,-3734.9506006831193,-5.049982703055712,0.07131224083562335,SE,3611,6.875506305819963e-05,0.02902936872253446,0.00435948371887207,7502.668161451348,-3806.6270469027713,71.67644621965201,0.0,0.0
611,0.0379533980915117,4,CHD5,18.621935679469626,20.204257452810445,-3462.511700081836,-4.100459013615188,0.0479933486961199,SE,3611,4.361294523329736e-05,0.025602312875938373,0.00432133674621582,6957.790360248781,-3519.5519215421077,57.04022146027182,4.2743586448068527e-14,3.8661223370167764e-14
612,0.04945079820680684,4,RPL22,18.621935679469626,15.32141037565444,-3689.102538814523,-5.109157642741151,0.07449917066740545,SE,3611,5.3727070813166666e-05,0.019450204345043753,0.0048656463623046875,7410.972037714156,-3782.434611743886,93.33207292936277,0.0,0.0
613,0.04456539192141013,4,ACOT7,18.621935679469626,17.08837193002661,-3698.5246490784143,-6.47706345880643,0.0984669915907617,SE,3611,6.336743326466443e-05,0.027702155173126988,0.0037844181060791016,7429.816258241938,-3770.415046017957,71.89039693954282,0.0,0.0
614,0.011984606575414255,4,CAMTA1,18.621935679469626,65.7108944670483,-3639.523841324426,-4.651709961378853,0.038422085176018715,SE,3611,1.2397828627470572e-05,0.06568195531858115,0.010667085647583008,7311.814642733962,-3655.873405056427,16.349563732001116,5.266828507266563e-05,2.4331914644798937e-05
615,0.005385561106521267,4,PARK7,18.621935679469626,147.2045559119334,-3805.0654008771908,-5.999913911658142,0.04855461284273916,SE,3611,5.670018346931724e-06,0.14475296266507434,0.010845661163330078,7642.897761839491,-3811.2262803663907,6.160879489199942,0.013060625338510712,0.004525351744022387
616,0.024911544103116245,4,ENO1,18.621935679469626,31.199010273974103,-3578.126191076498,-6.173356138456532,0.07520572196912317,SE,3611,4.885374903012733e-05,0.0631544250655046,0.004351377487182617,7189.019342238105,-3604.9563840937763,26.83019301727836,2.2213944006477249e-07,1.266179785897167e-07
617,0.010718490010746177,4,KIF1B,18.621935679469626,73.56711653762754,-3782.769254941146,-4.361966929908233,0.0338723964924475,SE,3611,2.0074634313360536e-05,0.13227042846326856,0.008598804473876953,7598.305469967401,-3792.451083682922,9.681828741776371,0.001860993105900377,0.0007312593622918564
618,0.0074070680009545335,4,SRM,18.621935679469626,106.81255319390795,-3160.307352547761,-3.2056716957787796,0.016999141586811192,SE,3611,7.822580117400891e-06,0.10646314102432888,0.011460304260253906,6353.381665180632,-3168.173113560221,7.865761012459643,0.005037961862962681,0.001871315474155113
619,0.020043712664837163,4,FBXO2,18.621935679469626,38.96960332099842,-3676.8880706057334,-4.464881239013722,0.042874761872000205,SE,3611,2.2881538918905978e-05,0.044794728190983506,0.004313230514526367,7386.543101296576,-3705.495171353953,28.607100748219636,8.865647993516745e-08,5.231255441719052e-08
620,0.028000831937287977,4,ATP13A2,18.621935679469626,27.668932762547346,-3564.942911338898,-4.532613544956102,0.04880741277911716,SE,3611,3.7815583776533254e-05,0.03918118452196616,0.004301548004150391,7162.652782762905,-3598.317463997199,33.37455265830113,7.601208662499914e-09,4.8826490047631454e-09
621,0.005178231376288138,4,SDHB,18.621935679469626,153.130350902508,-3125.0545629652643,-3.5861219899487042,0.018180726659557347,SE,3611,1.2776248958602863e-05,0.35251037070442637,0.009658336639404297,6282.876086015638,-3128.13482249602,3.0802595307559386,0.07924787949879564,0.0241098586625532
622,0.021984918865194773,4,IGSF21,18.621935679469626,35.45831829851711,-3234.3893480434617,-3.2248978074791164,0.026416973699302577,SE,3611,7.958327184317135e-05,0.13052943102482664,0.008244514465332031,6501.545656172033,-3246.4082808030166,12.0189327595549,0.0005266284862073256,0.000220847826329037
623,0.004930009735692985,4,CAPZB,18.621935679469626,160.88046083061792,-3586.823020404996,-4.12462119603181,0.023596372496065093,SE,3611,1.068493900345606e-05,0.3249082051291628,0.01080012321472168,7206.4130008951015,-3589.4766017357797,2.653581330783709,0.10331689614315254,0.03083774408077098
624,0.01743570835434614,4,MINOS1,18.621935679469626,44.91783657012741,-3712.862454778956,-5.59865749896662,0.05869071555106881,SE,3611,2.253666525596938e-05,0.057687012733423325,0.008255958557128906,7458.491869643021,-3732.1690154688245,19.306560689868547,1.1132318089579485e-05,5.442999646019638e-06
625,0.045089414415869486,4,PINK1,18.621935679469626,16.88050995256341,-3742.6775415916477,-6.442241921842028,0.09875328168435321,SE,3611,7.649474665206525e-05,0.03273647376402521,0.0036821365356445312,7518.122043268405,-3803.4147399652074,60.73719837355975,6.5503158452884236e-15,6.285064805204375e-15
627,0.006747257526080308,4,EIF4G3,18.621935679469626,117.33563720254328,-3355.082108119559,-3.9475206759765813,0.023802479802322963,SE,3611,1.3507234493741254e-05,0.2209365521272867,0.009704828262329102,6742.931176324228,-3362.546115656007,7.4640075364477525,0.006294472326500378,0.002295123090436452
628,0.007439549683826496,4,CDC42,18.621935679469626,106.34272076292827,-3771.633398453254,-4.885976678610338,0.036647306085183004,SE,3611,1.3681675613302357e-05,0.18460620091071578,0.015283823013305664,7576.033756991617,-3777.166749359922,5.533350906668147,0.018657340525052746,0.006325612521423468
629,0.09706358005914469,4,RPL11,18.621935679469626,7.414780766208129,-3419.160524115938,-4.946873413351654,0.09673869451548874,SE,3611,9.254981997357858e-05,0.010464198731803825,0.004882097244262695,6871.088008316986,-3640.1264979815332,220.96597386559506,0.0,0.0
630,0.004440835215551193,4,PITHD1,18.621935679469626,178.68984253661026,-3560.4386556532027,-4.435988105417044,0.025944485878215066,SE,3611,1.1566315699035675e-05,0.4325817041689099,0.011015176773071289,7153.644271391515,-3562.8155208606486,2.376865207445917,0.12314443691493437,0.03629131757233331
631,0.013920383411443754,4,TMEM50A,18.621935679469626,56.462256931344626,-3053.757603983433,-2.57495375223415,0.015550115517207527,SE,3611,3.0761798505203696e-05,0.121763013813725,0.010870695114135742,6140.2821680519755,-3063.121473220602,9.363869237169183,0.0022130448189905394,0.0008588978050285609
632,0.11761525508770351,4,STMN1,18.621935679469626,5.979870597437826,-2773.9986843646448,-7.84464273226333,0.15996479997568722,SE,3611,0.0001571421268778612,0.013079758037338494,0.00435948371887207,5580.764328814399,-2932.167929295295,158.16924493065017,0.0,0.0
633,0.007004172737289972,4,SH3BGRL3,18.621935679469626,113.00249308616043,-3761.197166305328,-4.346553843821737,0.029332093228185373,SE,3611,9.741107744739875e-06,0.14801725397954232,0.015326976776123047,7555.161292695766,-3767.4155742552302,6.21840794990203,0.012642874895056333,0.0043862731906875434
634,0.0395602718580902,4,HMGN2,18.621935679469626,19.35121768663595,-3515.0407380703723,-2.6383147128380724,0.032808591095764984,SE,3611,4.709142111062183e-05,0.025608517652505797,0.0038080215454101562,7062.848436225854,-3577.8814981148025,62.840760044430226,2.220446049250313e-15,2.1812573577384028e-15
635,0.0038187414159461274,4,NUDC,18.621935679469626,207.9292395952831,-3536.2229595222743,-4.087874790852096,0.021220891736362015,SE,3611,7.363553968641114e-06,0.37147307775541966,0.012021303176879883,7105.212879129658,-3538.5922641484167,2.369304626142366,0.12374216049141773,0.036427439721552976
636,0.005570205052699832,4,IFI6,18.621935679469626,142.2985238494017,-3337.9251172368968,-2.7134030511112566,0.011940893430466773,SE,3611,1.1084816029199872e-05,0.26474244540168884,0.009324312210083008,6708.617194558903,-3341.5794839114315,3.6543666745346854,0.055922412409558975,0.01749985325216919
638,0.026062048542685644,4,ATP5IF1,18.621935679469626,29.78654899234836,-3697.082596620213,-7.314604504252668,0.10217671986683598,SE,3611,3.171963899557647e-05,0.03763975635024319,0.00372314453125,7426.932153325535,-3739.872272694182,42.789676073969076,6.09530204087605e-11,4.566059172317e-11
639,0.02002974956990551,4,SDC3,18.621935679469626,38.99732537803322,-3630.7563653085153,-3.788485424822721,0.03376954673692193,SE,3611,2.905079063690009e-05,0.05694822243619101,0.009997844696044922,7294.27969070214,-3652.286151741617,21.529786433101435,3.483753092003994e-06,1.7661233238377352e-06
640,0.0950361901621337,4,PTP4A2,18.621935679469626,7.589962735521776,-3652.5424378135694,-2.6661250899136593,0.0704719764210018,SE,3611,0.00010613480990284795,0.012421173826315933,0.00435328483581543,7337.851835712248,-3846.838154000594,194.29571618702448,0.0,0.0
642,0.007077401775048778,4,EIF3I,18.621935679469626,111.82502246917592,-3329.05725073185,-3.553591146949277,0.020168003601983606,SE,3611,1.1363960211457688e-05,0.16917311745685493,0.013501644134521484,6690.88146154881,-3334.505104744209,5.447854012358675,0.019592379327530773,0.006609207434673046
644,0.013227803877292353,4,YARS,18.621935679469626,59.46023298189314,-3370.7921078532645,-3.694225494602293,0.026673828307791397,SE,3611,1.696728296910315e-05,0.07416627646878442,0.013911724090576172,6774.3511757916385,-3386.2094670014185,15.417359148153992,8.619285821764855e-05,3.907921797311354e-05
645,0.006923013765294739,4,SFPQ,18.621935679469626,114.33657330231914,-3514.800335652588,-3.6820076581045273,0.02160455497152942,SE,3611,1.1861728695504203e-05,0.18442906387897923,0.011810064315795898,7062.367631390285,-3520.2565490090583,5.456213356470471,0.019498858272881225,0.006584779139071753
646,0.004808282404689458,4,PSMB2,18.621935679469626,164.97351795063625,-3188.7115115173565,-3.3219910867371394,0.015575146547352888,SE,3611,1.4880785150194387e-05,0.47545642669059446,0.011351823806762695,6410.1899831198225,-3190.73233299035,2.0208214729937026,0.1551551845343897,0.04491073878981991
647,0.07725764785902824,4,C1orf122,18.621935679469626,9.519988468851754,-3769.651203910536,-3.7299040358619573,0.07405455183474807,SE,3611,0.00011720361246907712,0.01938437532747947,0.00426936149597168,7572.0693679061815,-3881.0273151229494,111.37611121241343,0.0,0.0
648,0.016036060973639236,4,NDUFS5,18.621935679469626,48.907890728603576,-3633.9534478805354,-6.845689763185111,0.08070657581239556,SE,3611,1.429965024866599e-05,0.04302365842798672,0.008142471313476562,7300.67385584618,-3659.0632266106236,25.109778730088237,5.415752636350746e-07,2.943072723079064e-07
649,0.011984101247775263,4,MACF1,18.621935679469626,65.7136988753955,-3213.659062879794,-2.816011792811825,0.01689574285579515,SE,3611,3.040064634867052e-05,0.16107160354673586,0.011308908462524414,6460.0850858446975,-3220.541861379333,6.882798499539149,0.008702919311741941,0.0031098797128748987
650,0.0039512384865423395,4,CAP1,18.621935679469626,200.93001013552234,-3288.232521734679,-2.9985928008988925,0.012242561938967042,SE,3611,1.0613487590027719e-05,0.5003927947919886,0.01219797134399414,6609.232003554467,-3290.288716898427,2.0561951637482707,0.1515882672275073,0.04399698822522103
651,0.007609492151067359,4,EBNA1BP2,18.621935679469626,103.94997229456206,-2968.4327678927402,-3.450065536297626,0.019039492591814398,SE,3611,1.3701566751005972e-05,0.1768335032680934,0.012170553207397461,5969.63249587059,-2975.2858655687087,6.853097675968456,0.008848772015489614,0.003155691180572336
652,0.030829972018598814,4,PTPRF,18.621935679469626,25.05672427782097,-3303.468156072873,-3.9115318526277334,0.03978643498374095,SE,3611,3.783635503535113e-05,0.032709959353843174,0.003765106201171875,6639.703272230856,-3346.9019985779396,43.43384250506642,4.3853809472693683e-11,3.331669789967715e-11
654,0.04335387911622686,4,PRDX1,18.621935679469626,17.58817597430346,-3803.11151658628,-4.776772286718131,0.0662116723325334,SE,3611,5.3740985708711415e-05,0.024705573331044423,0.003763437271118164,7638.989993257669,-3854.982608534934,51.87109194865434,5.926370505449086e-13,5.029572206868471e-13
655,0.05172645910544672,4,UQCRH,18.621935679469626,14.61229167142506,-3693.571615212784,-7.545870744380758,0.12999527843367145,SE,3611,5.2438856875859725e-05,0.01750738563518346,0.0037577152252197266,7419.910190510677,-3794.709242112468,101.13762689968416,0.0,0.0
656,0.006799807876708281,4,ATPAF1,18.621935679469626,116.422682690916,-3277.0890350967966,-3.547325758565744,0.0197505054648702,SE,3611,1.105957198763138e-05,0.17815386467388,0.00874185562133789,6586.945030278703,-3282.8892104692195,5.8001753724229275,0.016024576164255122,0.005467557215423619
658,0.04130053481618791,4,ELAVL4,18.621935679469626,18.502237835987305,-3242.280481119426,-4.313458445146891,0.05063514933772663,SE,3611,5.784454262143795e-05,0.02906267050505544,0.0037114620208740234,6517.3279223239615,-3298.126191877991,55.84571075856502,7.838174553853605e-14,6.971993045037882e-14
659,0.0356078971743073,4,RNF11,18.621935679469626,21.587620160448346,-3812.0135977882987,-6.302525501239925,0.08902181306268306,SE,3611,4.6660425835786125e-05,0.03082705340155026,0.0042378902435302734,7656.794155661707,-3858.787185077038,46.773587288739236,7.967959625432286e-12,6.378692237455969e-12
660,0.012680029153433442,4,ZYG11B,18.621935679469626,62.06333649951419,-3354.6904379912767,-3.5606957487483375,0.024790995161477224,SE,3611,1.2691388225463763e-05,0.06023650357819135,0.01066136360168457,6742.147836067663,-3369.648972854484,14.958534863207205,0.0001098998140167673,4.920389305652808e-05
661,0.038680896047836005,4,TMEM59,18.621935679469626,19.80927115001473,-3745.2616743926196,-3.811250036365788,0.04792478805356996,SE,3611,3.112566709952486e-05,0.01764237958499177,0.00371551513671875,7523.290308870349,-3822.2491918889773,76.98751749635767,0.0,0.0
662,0.005562393862463857,4,USP33,18.621935679469626,142.49947095010387,-3141.920397304797,-3.5969397653941986,0.018735021972826366,SE,3611,1.0131079738695053e-05,0.24263622753238356,0.010904073715209961,6316.6077546947035,-3146.2186140360013,4.29821673120432,0.03815235814490325,0.012320010566193924
663,0.03742987475548769,4,TTLL7,18.621935679469626,20.49799837576057,-3427.4974682892193,-3.0351115245487974,0.03444656639481231,SE,3611,4.492502019911517e-05,0.02705856414084854,0.003729581832885742,6887.761896663548,-3483.162175666547,55.66470737732743,8.593126210598712e-14,7.60567726410627e-14
664,0.007036552486610712,4,PRKACB,18.621935679469626,112.47882735764391,-3815.3731384157745,-6.190539461409272,0.0554327985287271,SE,3611,2.099167176819367e-05,0.31608440741205773,0.012700557708740234,7663.513236916659,-3818.188016058479,2.814877642704687,0.09339401774646039,0.02807912274276989
665,0.037808682876912976,4,SSX2IP,18.621935679469626,20.28464141860514,-3183.3202977148744,-4.205598962871586,0.046599842043514,SE,3611,6.615591365779606e-05,0.03911097695846754,0.0038077831268310547,6399.407555514858,-3229.2067605812445,45.88646286637004,1.2530865234339217e-11,9.942456277918421e-12
666,0.004621156365889072,4,LRRC8B,18.621935679469626,171.68612218979976,-2972.1656961291756,-3.323508117203832,0.015146553431466434,SE,3611,1.0171575444864099e-05,0.3515721078468032,0.008780241012573242,5977.098352343461,-2975.2319408356816,3.0662447065060405,0.07993392379456743,0.02429101985001019
667,0.04562176636479105,4,BTBD8,18.621935679469626,16.674233522399515,-3379.207726825039,-4.758928494624587,0.06161740577838505,SE,3611,5.6456913487798346e-05,0.02365064255925319,0.0037543773651123047,6791.182413735188,-3455.2222658196174,76.01453899457829,0.0,0.0
668,0.0275295403446458,4,RPL5,18.621935679469626,28.156256141840384,-3739.5046226748127,-5.4373981965306015,0.06476239667558908,SE,3611,4.1381810944483917e-05,0.04427220652434747,0.0038285255432128906,7511.776205434735,-3773.8915409596193,34.3869182848066,4.5174944895975955e-09,2.9621268602607042e-09
669,0.016661806842354146,4,WDR47,18.621935679469626,47.04118591937045,-3265.92315268985,-3.8327975318233167,0.030170681939713843,SE,3611,4.03216332906521e-05,0.11266396551607201,0.009458780288696289,6564.61326546481,-3279.945247018509,14.022094328658568,0.00018067514121655748,7.923759259478847e-05
670,0.01236785504280485,4,CELSR2,18.621935679469626,63.64998123215736,-3507.8844005021965,-3.9083819847921255,0.028920953693761603,SE,3611,6.132929446900062e-05,0.3055711897132053,0.012067556381225586,7048.535761089503,-3511.2666098873797,3.3822093851831596,0.06590365456791702,0.020338506221922296
671,0.05359965205332286,4,SORT1,18.621935679469626,14.07376744787457,-3831.9032170706128,-4.170012871006791,0.06475689399075703,SE,3611,6.825619207798335e-05,0.021381048445290273,0.004377841949462891,7696.573394226335,-3929.9834511000136,98.0802340294008,0.0,0.0
672,0.015448377634772224,4,AHCYL1,18.621935679469626,50.79875454832105,-3521.692426837987,-2.950815410136092,0.02132423740630504,SE,3611,2.044603344201317e-05,0.06612625372504316,0.009756326675415039,7076.151813761084,-3541.240712792859,19.54828595487197,9.808870498284605e-06,4.822292803922938e-06
673,0.0077654763743995525,4,LAMTOR5,18.621935679469626,101.84593056766279,-3601.941530221002,-4.238919346484885,0.028664433683295538,SE,3611,2.3873008414220255e-05,0.2960444030544842,0.009810924530029297,7236.650020527113,-3607.4470388187065,5.505508597704647,0.01895666648904315,0.0064135026235281264
674,0.07083913546370019,4,KCNA2,18.621935679469626,10.45478501668425,-3309.9042116648784,-4.339092953052509,0.0683333991983902,SE,3611,0.00010281547408839925,0.01972802974305525,0.003734588623046875,6652.575383414866,-3404.602351710898,94.69814004601949,0.0,0.0
675,0.010788578009226668,4,ATP5PB,18.621935679469626,73.08400957807724,-3635.325505317842,-4.559713443068457,0.03598374648887491,SE,3611,1.2412531670034376e-05,0.08074949056793086,0.011323690414428711,7303.417970720793,-3646.7837981521575,11.458292834315671,0.0007117565632851486,0.00029298567804244587
676,0.11831625320535125,4,ATP1A1,18.621935679469626,5.939718684726828,-3561.2024993957743,-8.416511658018763,0.2023412948573515,SE,3611,0.00021916607079059406,0.018074371799931144,0.0043182373046875,7155.171958876658,-3798.951470830166,237.74897143439148,0.0,0.0
677,0.015486137773042967,4,MAN1A2,18.621935679469626,50.67294748357484,-3306.4238756577997,-2.7282385702654977,0.018513999305344777,SE,3611,1.9667466840154428e-05,0.06330821514746536,0.00811767578125,6645.614711400709,-3328.650316790764,22.226441132964283,2.423137268947606e-06,1.242526498069779e-06
678,0.0044197747689214105,4,PDE4DIP,18.621935679469626,179.5451066118117,-3393.2464307384707,-4.003532126023452,0.021326068831320037,SE,3611,1.1306582981580311e-05,0.42686991357087606,0.012482881546020508,6819.259821562051,-3395.8264166140434,2.5799858755726746,0.10822262774103275,0.03215882667701301
679,0.06920839341961692,4,SV2A,18.621935679469626,10.71991002673852,-3724.6230517561476,-6.574889250273729,0.1198366071152768,SE,3611,0.00011330959443056693,0.022634044138470647,0.0042476654052734375,7482.013063597405,-3850.079655241534,125.4566034853865,0.0,0.0
680,0.008032743707816427,4,MRPS21,18.621935679469626,98.4307685088167,-3707.8030329406647,-4.92123950731937,0.03779613719185676,SE,3611,9.813890051958624e-06,0.11386213930568213,0.008085250854492188,7448.373025966439,-3717.3534534714695,9.550420530804786,0.001999036138284449,0.0007837794534740995
681,0.03937613478221864,4,ENSA,18.621935679469626,19.445438389918195,-3752.3434082553663,-5.78002410423736,0.08060038810796864,SE,3611,9.716855088328528e-05,0.0532967280348231,0.003742218017578125,7537.453776595842,-3793.7840992063475,41.44069095098121,1.2150180861425497e-10,8.964119930275157e-11
682,0.05041080336913597,4,MLLT11,18.621935679469626,15.014455812883583,-3730.981865858708,-6.59411616136514,0.10613156802215967,SE,3611,8.02986147250505e-05,0.028079631869297485,0.003775358200073242,7494.730691802525,-3809.8520902020673,78.8702243433595,0.0,0.0
684,0.007608475709768756,4,JTB,18.621935679469626,103.96396579675563,-3690.222737336513,-4.127625471865316,0.027425532191360232,SE,3611,9.724894144275987e-06,0.12554326130244575,0.009923696517944336,7413.212434758136,-3698.1882678558095,7.965530519296408,0.0047676515342448544,0.0017770638733997498
685,0.11538514882631637,4,RPS27,18.621935679469626,6.110851939920205,-3271.7972401650786,-4.1670829174985755,0.0901175419518477,SE,3611,0.00015638300995021574,0.013411587977186648,0.0049245357513427734,6576.361440415267,-3484.9506764724524,213.1534363073738,0.0,0.0
686,0.00760179036930925,4,TPM3,18.621935679469626,104.05609714598616,-3660.5647374882574,-4.154184470383481,0.027645395287955166,SE,3611,1.6711722793285093e-05,0.21611318977444072,0.010949134826660156,7353.896435061624,-3665.7854138369,5.220676348642428,0.022319868474032556,0.007486907953652401
687,0.00548851262757619,4,C1orf43,18.621935679469626,144.4283952785375,-3499.7772582886046,-3.6960797785735258,0.020071198800208797,SE,3611,1.2430001007959629e-05,0.30566953961021137,0.01122736930847168,7032.321476662319,-3503.649656174346,3.8723978857415204,0.04908634430751968,0.015560360596086726
688,0.004098542351473209,4,FDPS,18.621935679469626,193.6798279283982,-3319.6482105095783,-3.4357179513274407,0.015749696953979483,SE,3611,8.14829945306115e-06,0.357267295616126,0.009733915328979492,6672.063381104266,-3322.2416288101513,2.593418300572921,0.10730851897207572,0.031922566527265
689,0.013775337646255341,4,ARHGEF2,18.621935679469626,57.065162164213106,-3107.6975487105665,-2.9422000963487336,0.018682350249762836,SE,3611,4.620361342548348e-05,0.18664597842966937,0.012509346008300781,6248.1620575062425,-3112.880064514902,5.182515804335708,0.022815266108987764,0.007643522232867402
690,0.0046185267731272,4,SSR2,18.621935679469626,171.78432678636622,-3040.4056839759687,-2.7884006137854334,0.01124934856413354,SE,3611,9.722900126957135e-06,0.33644313366132755,0.009638309478759766,6113.578328037047,-3043.7672609372707,3.3615769613020348,0.06673413554829688,0.020547510684424987
691,0.007006730398720932,4,LAMTOR2,18.621935679469626,112.96095291814596,-3019.25114010964,-2.579424546683652,0.011619434460710449,SE,3611,1.3743589156047192e-05,0.20868519537668337,0.010307788848876953,6071.269240304389,-3025.19998285448,5.948842744840022,0.014726951106862618,0.005056978904114157
693,0.0339156858234859,4,BCAN,18.621935679469626,22.70449658258858,-3491.107403627277,-2.558816364203841,0.028614444225119603,SE,3611,5.3731884304344334e-05,0.03886429650131606,0.0043942928314208984,7014.981767339664,-3519.2837436573327,28.1763400300556,1.1075015049488712e-07,6.45677754861496e-08
694,0.02465484977137959,4,IGSF8,18.621935679469626,31.53213795412168,-3686.4787485545385,-4.085838104388574,0.04118066361613299,SE,3611,5.798286956034845e-05,0.07644503044231973,0.008779525756835938,7405.7244571941865,-3705.7434382229167,19.264689668378196,1.1379146576451227e-05,5.558616062349912e-06
695,0.03685872154751995,4,ATP1A2,18.621935679469626,20.82798127098368,-3928.255528737,-4.336506906942956,0.05626222373021171,SE,3611,6.54563036040012e-05,0.04056287789810258,0.003812074661254883,7889.27801755911,-3983.2135811507114,54.95805241371136,1.2312373343092986e-13,1.0790701533607935e-13
696,0.01106676835762812,4,PFDN2,18.621935679469626,71.22682750762688,-3518.6871684956586,-3.4445582750335224,0.022940446689819243,SE,3611,2.7684731472621638e-05,0.17135806542201146,0.010154008865356445,7070.141297076427,-3525.417089986857,6.7299214911981835,0.009480877269184118,0.003365451891473816
697,0.00940624384901729,4,NDUFS2,18.621935679469626,83.94151489424699,-3597.0147465116697,-4.623085025143393,0.03523184654335213,SE,3611,7.295307587121481e-06,0.062078608579889116,0.009857892990112305,7226.796453108449,-3608.1598716219905,11.145125110320805,0.0008425279041628375,0.0003431293321295466
698,0.008801621726282783,4,SDHC,18.621935679469626,89.76258125723628,-3211.877971089237,-3.294313722505615,0.018969401968756197,SE,3611,1.37043121523989e-05,0.1328550557485395,0.009829998016357422,6456.522902263583,-3218.8453484688253,6.96737737958847,0.008300907010392544,0.0029819455770438374
699,0.010270809718037012,4,PBX1,18.621935679469626,76.80847554635919,-3267.1076766151364,-2.669155457676521,0.01483241464072136,SE,3611,2.5232864443761115e-05,0.18073308800105503,0.00819540023803711,6566.982313315382,-3274.521384777131,7.413708161994691,0.006472877401927257,0.002356969491536803
700,0.03942967947278652,4,MGST3,18.621935679469626,19.41794947904034,-3744.263556074909,-6.843037633847686,0.1033526263849712,SE,3611,5.2546780621361315e-05,0.02874972671806592,0.0043141841888427734,7521.294072234928,-3782.447633328039,38.18407725313,6.437559374461443e-10,4.525390242978973e-10
701,0.028392641304721355,4,DCAF6,18.621935679469626,27.276111005486815,-3251.8135647217787,-3.948876868172271,0.03850140098337562,SE,3611,5.4575947458867166e-05,0.05508422292377239,0.003814697265625,6536.394089528667,-3287.4605099059095,35.6469451841308,2.3651848257699726e-09,1.5857489172775951e-09
702,0.09829247895461649,4,ATP1B1,18.621935679469626,7.312112315193778,-3207.870916496359,-8.460296356817434,0.1786794649117467,SE,3611,0.00014085004070952468,0.01560248422321682,0.0049898624420166016,6448.508793077827,-3384.3536382683615,176.4827217720026,0.0,0.0
704,0.01673153427853166,4,PRDX6,18.621935679469626,46.8418235054318,-3606.9864397103884,-2.9238161482132123,0.022325123663650453,SE,3611,2.7157284107857108e-05,0.07527139663937368,0.008500814437866211,7246.739839505886,-3622.6429810778527,15.656541367464342,7.594942630451129e-05,3.4522466502050584e-05
705,0.01480442516336033,4,CACYBP,18.621935679469626,53.043033507573334,-3651.730030748364,-4.989355335973843,0.04600934925773225,SE,3611,3.0409307876468677e-05,0.1068086342057937,0.009638786315917969,7336.227021581837,-3665.5317224537193,13.801691705355552,0.00020315322346331488,8.842930636056028e-05
706,0.015644215234913238,4,ASTN1,18.621935679469626,50.152867064700395,-3066.3277108221464,-3.206383621297042,0.022036171326369033,SE,3611,2.895497564600008e-05,0.09138925172170988,0.010640382766723633,6165.422381729402,-3078.7676033892963,12.439892567149855,0.0004202599565551468,0.0001779101487892205
707,0.028564734805090298,4,GLUL,18.621935679469626,27.106978950518577,-3618.7834688941402,-5.178955283764437,0.05998037975960931,SE,3611,3.607707412690509e-05,0.03600070075814111,0.003812551498413086,7270.33389787339,-3670.6645936741497,51.881124780009486,5.896394483784206e-13,5.012062736540386e-13
708,0.013939928462216524,4,NMNAT2,18.621935679469626,56.38197413143666,-3128.799312740841,-3.729154241241067,0.02672862503418084,SE,3611,1.5505786931090615e-05,0.061208771193464975,0.009334564208984375,6290.365585566791,-3147.744850279647,18.945537538806093,1.3450351155408491e-05,6.522856470237555e-06
709,0.01887218051407429,4,ARPC5,18.621935679469626,41.438207222392705,-3115.052158389557,-2.46260632506968,0.01736768484136335,SE,3611,2.420886182229995e-05,0.05320467184799884,0.009302854537963867,6262.871276864224,-3139.2635887623906,24.211430372833547,8.631846455386949e-07,4.625183369973935e-07
710,0.007094698181923968,4,TMEM9,18.621935679469626,111.55045722117835,-3602.6814977181402,-4.53888565535776,0.03138405942540634,SE,3611,7.586308196117194e-06,0.11239398695019029,0.008628368377685547,7238.12995552139,-3610.715173726649,8.033676008508792,0.004591555967526251,0.0017173863249641483
711,0.2411513556428734,4,CSRP1,18.621935679469626,2.508204280384958,-3906.7341415932747,-2.195472893927378,0.20786498312676688,SE,3611,0.0004017475140131057,0.012482652386117156,0.004301548004150391,7846.235243271659,-4338.52138955186,431.78724795858534,0.0,0.0
712,0.015757707981801143,4,SHISA4,18.621935679469626,49.78590706497615,-3572.8367979526392,-3.7849219431182393,0.030348283572155924,SE,3611,2.8720672408818298e-05,0.08939024724171911,0.009139776229858398,7178.440555990388,-3586.823417425926,13.986619473286737,0.0001841162487564718,8.068076854301721e-05
713,0.02056212530737343,4,TIMM17A,18.621935679469626,37.9670052514239,-3346.0853144591165,-3.539431541341089,0.02958860155585345,SE,3611,3.019282866112161e-05,0.05628397133993407,0.009296655654907227,6724.9375890033425,-3366.1900209432015,20.104706484085,7.331603626425931e-06,3.637747993937683e-06
714,0.019832517449121755,4,ARL8A,18.621935679469626,39.393076112796685,-3491.346899654638,-3.423299630825011,0.02866214707598021,SE,3611,1.892795561092903e-05,0.03781564662483862,0.004385709762573242,7015.460759394386,-3522.69879512439,31.35189546975198,2.152484501749541e-08,1.3408994362076117e-08
715,0.04717884520127381,4,ATP2B4,18.621935679469626,16.097614920085523,-3407.817739303651,-3.334626679489156,0.042972204846382867,SE,3611,0.00020199020652719726,0.07961511630344566,0.0037457942962646484,6848.402438692411,-3424.017111185618,16.19937188196718,5.701301706551032e-05,2.6248677384823323e-05
717,0.27391328751454885,4,CNTN2,18.621935679469626,2.112870300527422,-3307.5539570717374,-1.6911656116025056,0.17442190938265958,SE,3611,0.00034950248980358,0.009460297027650078,0.004496335983276367,6647.874874228584,-3854.5385323022924,546.984575230555,0.0,0.0
718,0.005498974430278555,4,NUCKS1,18.621935679469626,144.1521037257576,-3885.6899733567534,-5.08834830245666,0.03621800914999913,SE,3611,1.4429431504106196e-05,0.3535045402176962,0.012094497680664062,7804.146906798616,-3889.38396067532,3.693987318566542,0.05460892260070527,0.01710878522430762
719,0.12115772286835612,4,NENF,18.621935679469626,5.781723095477649,-3747.600459567997,-3.9563338628881684,0.10865213620496801,SE,3611,0.00017243731536762194,0.013706951650385574,0.004530668258666992,7527.967879221103,-3968.2728021856333,220.67234261763633,0.0,0.0
720,0.0666929071918841,4,C1orf115,18.621935679469626,11.154301184885417,-3551.871323115615,-4.223329173133295,0.06887452675008117,SE,3611,0.0001190255105541077,0.025353088305331548,0.0043103694915771484,7136.509606316339,-3631.2185504647287,79.34722734911384,0.0,0.0
721,0.0685861473868391,4,H3F3A,18.621935679469626,10.824397543977827,-3923.6094478986583,-3.460053505238098,0.06829376116655113,SE,3611,6.739263067985099e-05,0.013674106258539124,0.005003690719604492,7879.985855882426,-4062.122475381796,138.51302748313765,0.0,0.0
722,0.007015622135246998,4,PARP1,18.621935679469626,112.81677377563969,-3069.0469922406483,-2.51752288923035,0.011281376892436934,SE,3611,9.217749540149179e-06,0.13961458883559474,0.009899616241455078,6170.860944566406,-3076.0054227956944,6.958430555046107,0.00834251808068276,0.002989060343476546
723,0.013436146256859412,4,ARF1,18.621935679469626,58.525876505963645,-3759.1714255229854,-6.4114145005031915,0.06939352801343114,SE,3611,1.09623654135014e-05,0.046483254332542606,0.00957942008972168,7551.10981113108,-3779.839273176922,20.667847653936406,5.462561014191181e-06,2.7382421396540326e-06
724,0.004238943900018878,4,MRPL55,18.621935679469626,187.23839852436555,-3246.688218891728,-3.2756117622473226,0.014591519789696032,SE,3611,6.290184295276441e-06,0.2579802113452815,0.010836601257324219,6526.143397868565,-3249.9822655159996,3.2940466242716866,0.06953146149660805,0.021344607702522767
725,0.03554101707617474,4,RNF187,18.621935679469626,21.629743051654284,-3729.9799852228048,-5.766009862368813,0.07708768255105115,SE,3611,5.512441007358828e-05,0.03654630601128683,0.0038101673126220703,7492.726930530719,-3772.5832735640074,42.60328834120264,6.704659050171813e-11,5.001579010748982e-11
726,0.01949803192835374,4,PGBD5,18.621935679469626,40.082531469474944,-3189.4380603468317,-3.517021850878286,0.027927149078926374,SE,3611,3.929536395588406e-05,0.08111290975348798,0.009961366653442383,6411.643080778773,-3203.4138199019535,13.97575955512184,0.00018518281650470314,8.108190110410007e-05
727,0.010720060865090685,4,KCNK1,18.621935679469626,73.55621964909196,-3176.9930756301474,-3.846890840943625,0.025942382382391767,SE,3611,1.7778495253230887e-05,0.11710775174853859,0.02200460433959961,6386.753111345404,-3186.3905552786423,9.397479648494937,0.0021728393009798896,0.0008457416463769198
728,0.013332825686689117,4,TOMM20,18.621935679469626,58.98559007218117,-3770.6830301794544,-5.913110719995405,0.06014606981253615,SE,3611,3.198131080910372e-05,0.137660413248741,0.01002645492553711,7574.133020444018,-3778.0416146068665,7.358584427412097,0.00667433176671961,0.0024253854042649483
729,0.038700808318818655,4,ZBTB18,18.621935679469626,19.798668811128156,-3519.5448403412697,-5.000053843341421,0.06298106160492702,SE,3611,5.306374137908551e-05,0.030048582687663326,0.0043299198150634766,7071.856640767649,-3591.149609257345,71.6047689160755,0.0,0.0
730,0.0031729455546727226,4,COX20,18.621935679469626,250.4117170666855,-3129.573011261986,-2.7863126556362228,0.00977302884797577,SE,3611,5.261631594676337e-06,0.3834510654263569,0.010837078094482422,6291.912982609081,-3132.363152456257,2.7901411942712,0.09484587020319857,0.028451832123188508
731,0.012963702636666238,4,HNRNPU,18.621935679469626,60.687816597341374,-3823.6643975953402,-4.226615944251141,0.03452013765149771,SE,3611,1.901492323595325e-05,0.08644391102992621,0.009749412536621094,7680.09575527579,-3835.156089179623,11.491691584282762,0.0006990798338443183,0.00028798848063688574
732,0.005240971609332263,4,ACP1,18.621935679469626,151.28766922194603,-2996.179171943375,-3.1056265964240937,0.014083967219092714,SE,3611,8.887185802653174e-06,0.2394336075294628,0.012256383895874023,6025.1253039718595,-3000.356904097785,4.177732154410023,0.0409584735598475,0.01316275363598781
733,0.023898454138675085,4,RPS7,18.621935679469626,32.55537037461395,-3624.2265639218567,-5.748079737781838,0.0665148032808354,SE,3611,2.439712066308893e-05,0.03412855958730743,0.004311323165893555,7281.220087928823,-3657.834080942648,33.60751702079142,6.74316325000035e-09,4.357575375137137e-09
735,0.008331921995550133,4,ITGB1BP1,18.621935679469626,94.8677472301801,-3391.717428243939,-4.266356802030123,0.029130202777144617,SE,3611,8.318392140524499e-06,0.08981568499290431,0.008076667785644531,6816.201816572988,-3401.9687234416874,10.251295197748277,0.0013658866710473117,0.000543480668949227
736,0.04418632487640439,4,YWHAQ,18.621935679469626,17.241808141933745,-3802.102187973677,-5.241248047014417,0.07481029872597532,SE,3611,7.260183123145264e-05,0.032237298306464164,0.0038051605224609375,7636.971336032463,-3858.2643309131095,56.16214293943267,6.672440377997191e-14,5.984706328699214e-14
737,0.034585464318391726,4,KCNF1,18.621935679469626,22.249367660189893,-3392.208425455244,-4.023738311778884,0.044216919373749775,SE,3611,6.310479679206632e-05,0.04401145050016051,0.003787994384765625,6817.183810995598,-3425.6260321848495,33.41760672960527,7.434783566573344e-09,4.781471881707296e-09
738,0.010434618849372345,4,DDX1,18.621935679469626,75.59017543566502,-3342.061400089844,-4.097618780018443,0.02901177498040199,SE,3611,9.84706830585765e-06,0.06837978003203618,0.008822917938232422,6716.889760264798,-3355.2630906405493,13.20169055070528,0.0002796967057150379,0.00012040059563101735
739,0.022434114950955958,4,FAM49A,18.621935679469626,34.73238017436664,-3541.7923966346716,-4.446845529739595,0.043516933140855384,SE,3611,2.2469468293552073e-05,0.0354573243760531,0.0043354034423828125,7116.351753354453,-3575.400545605665,33.60814897099317,6.740972779972765e-09,4.357575375137137e-09
741,0.012425999059415698,4,SF3B6,18.621935679469626,63.348419119953455,-3404.524356835609,-3.1765742658046685,0.02095475505363533,SE,3611,1.2539905693499019e-05,0.06191113654975766,0.011152029037475586,6841.815673756328,-3420.83809318349,16.313736347880877,5.367346537665796e-05,2.4774952724321856e-05
742,0.07700586932450185,4,KIF3C,18.621935679469626,9.553721148456649,-3718.9103142483423,-5.717120366739317,0.10647796694271157,SE,3611,0.00012033419625704109,0.02001297887492306,0.004292726516723633,7470.587588581794,-3821.4233396850796,102.51302543673728,0.0,0.0
743,0.009762264395881827,4,OST4,18.621935679469626,80.85117880463172,-3643.190692932715,-3.8386548401145095,0.026336421742941547,SE,3611,1.2250049228644666e-05,0.09691831237617757,0.013848543167114258,7319.14834595054,-3654.3931710238217,11.202478091106514,0.0008168816881867214,0.00033344416495791177
744,0.047626207291592684,4,SLC30A3,18.621935679469626,15.938919890591325,-3223.2434256395522,-4.555852142415857,0.05758457468699382,SE,3611,5.555455556715796e-05,0.021525815047278678,0.004414796829223633,6479.253811364214,-3314.875480072463,91.63205443291054,0.0,0.0
746,0.025832151890403332,4,FNDC4,18.621935679469626,30.058731970636536,-3247.8152995321925,-3.6267057224653216,0.033051350194740016,SE,3611,3.278811724589619e-05,0.039566335398531195,0.0043566226959228516,6528.397559149495,-3285.358802326048,37.54350279385562,8.939671225505208e-10,6.243378341676222e-10
747,0.010796785888434093,4,PPP1CB,18.621935679469626,73.02784406752501,-3806.0701474156576,-5.254210895907007,0.0464258582511238,SE,3611,1.6525248618137953e-05,0.10734493433791187,0.008148908615112305,7644.907254916425,-3815.3145063131396,9.244358897482016,0.0023622198283929086,0.0009134886928962549
748,0.025891902120048965,4,EHD3,18.621935679469626,29.987526643455737,-3446.7776088936225,-4.243814230129746,0.042345836611244504,SE,3611,2.5704730611186154e-05,0.030883105881695044,0.00423121452331543,6926.322177872355,-3484.181622470359,37.40401357673636,9.602431072508466e-10,6.671495917074888e-10
749,0.012331373665394928,4,TMEM178A,18.621935679469626,63.840642656324945,-3471.7363476721457,-3.850747814282278,0.028106017182759745,SE,3611,1.983318789768591e-05,0.09938883677998775,0.009695768356323242,6976.239655429401,-3483.442316997239,11.705969325093065,0.0006229991985143846,0.000258633216382977
750,0.052563409510662226,4,PREPL,18.621935679469626,14.366933291329058,-3651.644683882277,-7.552429141459798,0.13012204168033914,SE,3611,8.333425148618532e-05,0.02703262658744501,0.003793478012084961,7336.056327849664,-3735.6320384095934,83.98735452731626,0.0,0.0
751,0.006140908266884981,4,FBXO11,18.621935679469626,128.99998349847056,-3005.426042187819,-3.0872666959625334,0.01474558772588257,SE,3611,1.0503414247382046e-05,0.2068855323466172,0.012024402618408203,6043.619044460747,-3009.9322156988396,4.506173511020734,0.03377271447226793,0.01100513726866126
752,0.054850524038906966,4,NRXN1,18.621935679469626,13.734636390228587,-3660.9005015145153,-5.828274853101447,0.09158406816074886,SE,3611,9.103883371167949e-05,0.027366635180150495,0.0037755966186523438,7354.56796311414,-3748.8978227241932,87.99732120967792,0.0,0.0
754,0.010702396447088184,4,ACYP2,18.621935679469626,73.67894053937927,-3541.903231334227,-4.214888892121214,0.03123493096706112,SE,3611,2.5377155733807738e-05,0.16770051248910314,0.00976872444152832,7116.573422753563,-3548.5869578007196,6.683726466492772,0.009729700926552343,0.003440117185033788
755,0.015756319759368965,4,SPTBN1,18.621935679469626,49.79036371646792,-3671.519176376094,-6.183135749817739,0.0673642380773411,SE,3611,1.254299155420097e-05,0.039045475558790226,0.009128332138061523,7375.805312837298,-3698.3663724269063,26.847196050812272,2.2019359291469698e-07,1.2564237893585224e-07
756,0.07582622102694275,4,RPS27A,18.621935679469626,9.71475113421112,-2792.8828476073036,-4.912692833371004,0.07148342909840386,SE,3611,7.078881378357091e-05,0.012086791751854306,0.005675077438354492,5618.532655299717,-2956.0539278870183,163.17108027971472,0.0,0.0
757,0.03567828982196502,4,CCDC88A,18.621935679469626,21.54345555102725,-3220.1975503477624,-2.327090129119465,0.02512140393396202,SE,3611,3.727656806062952e-05,0.02453729549257376,0.0037746429443359375,6473.162060780634,-3284.885778674789,64.68822832702654,8.881784197001252e-16,8.904422559440509e-16
758,0.009510204231173464,4,CFAP36,18.621935679469626,83.01519873499281,-3089.313361057317,-3.538126869038004,0.021573310421199605,SE,3611,1.4284713210696035e-05,0.11896222747605187,0.011375188827514648,6211.393682199743,-3099.3296471711656,10.016286113848764,0.0015516202783709687,0.0006146474850536267
759,0.16283856289832255,4,MDH1,18.621935679469626,4.097787219583439,-3382.5091855928363,-8.629365579550159,0.23420652342457343,SE,3611,0.0002329944788629462,0.011965293220995389,0.004908561706542969,6797.785331270782,-3728.9550060158454,346.4458204230091,0.0,0.0
760,0.025178140574421137,4,UGP2,18.621935679469626,30.86022264373009,-3628.0929983739943,-4.413758287488074,0.04561073116748906,SE,3611,2.7159785476622484e-05,0.034407765188490584,0.003742218017578125,7288.952956833098,-3665.2058560326896,37.11285765869525,1.1148617584666454e-09,7.725727478216123e-10
761,0.015610462398398486,4,RAB1A,18.621935679469626,50.26303067890886,-3606.4117735354703,-5.206441424652155,0.04990976731859302,SE,3611,1.4194701417895113e-05,0.044989802322666236,0.009803295135498047,7245.59050715605,-3629.9672458983523,23.55547236288203,1.2136376309479502e-06,6.400699045850457e-07
762,0.010334408346297076,4,ACTR2,18.621935679469626,76.33088590679343,-3592.7152357724626,-4.345674483532242,0.032650840527799534,SE,3611,1.2387845661764204e-05,0.0876635326799992,0.009895563125610352,7218.197431630035,-3604.024866588238,11.309630815775563,0.0007710610194958667,0.0003161843213112047
763,0.07336648009957131,4,PPP3R1,18.621935679469626,10.067178579032928,-3543.097205093059,-5.443127836931163,0.09415102397650073,SE,3611,0.00024994938664974604,0.04515403299422206,0.003803730010986328,7118.961370271228,-3606.4207399904335,63.32353489737443,1.7763568394002505e-15,1.7546468026890136e-15
764,0.011971734831615918,4,CNRIP1,18.621935679469626,65.78240235746743,-3393.8662280850003,-3.99864126033526,0.029270854537103007,SE,3611,1.3542871288341753e-05,0.07189878691295373,0.009211540222167969,6820.49941625511,-3409.968094860048,16.10186677504771,6.002483864697705e-05,2.7587952638246054e-05
766,0.010844811382894995,4,MAT2A,18.621935679469626,72.70091555181631,-3277.696903963937,-2.8142418441160775,0.016364430174777636,SE,3611,1.0979201706279784e-05,0.07070258257791016,0.008289337158203125,6588.160768012984,-3292.653168579698,14.956264615761029,0.00011003212538263085,4.92220441092973e-05
767,0.40181371394395654,4,MAL,18.621935679469626,1.1866131223857765,-2982.238576086361,-0.7955968343458167,0.2509016169703739,SE,3611,0.0004457447584801758,0.008884176354510713,0.003244161605834961,5997.244112257831,-3739.1784084994024,756.9398324130416,0.0,0.0
768,0.04841926829230911,4,COX5B,18.621935679469626,15.664800458511223,-3198.5165547842175,-7.000983677378985,0.10673560403605539,SE,3611,6.032266519551995e-05,0.022685268961628726,0.003779172897338867,6429.800069653545,-3272.1145672077305,73.59801242351296,0.0,0.0
769,0.009185424230178202,4,ACTR1B,18.621935679469626,85.97864915697481,-3100.9752609203515,-3.458785409442697,0.020575951959832077,SE,3611,1.273339362975415e-05,0.11352212953086832,0.02599644660949707,6234.7174819258125,-3109.907409514469,8.93214859411728,0.002801945435969011,0.0010757778403212837
770,0.011146376248695291,4,INPP4A,18.621935679469626,70.71242976945807,-3005.4579539696733,-3.2280518051258733,0.019474995799578697,SE,3611,1.1737287219256521e-05,0.07163886599664311,0.009283304214477539,6043.682868024456,-3017.4321578935183,11.974203923844925,0.0005394210672013955,0.0002258593638839141
771,0.03624149098544742,4,LONRF2,18.621935679469626,21.196278581747173,-3474.9945823789235,-4.312178579969038,0.05008394402263852,SE,3611,7.889038442544688e-05,0.05044213482171169,0.00431513786315918,6982.7561248429565,-3511.179519100453,36.18493672152954,1.794522974662982e-09,1.2152990760458672e-09
772,0.0553683222085021,4,DBI,18.621935679469626,13.598737529526012,-3793.2531417318028,-3.615106212961782,0.05770007900198395,SE,3611,6.020857758240136e-05,0.017798331828352856,0.0037431716918945312,7619.273243548715,-3885.097420092394,91.84427836059103,0.0,0.0
773,0.11251122212500192,4,BIN1,18.621935679469626,6.287304262990437,-3756.8425046238876,-3.2738001322981556,0.0933099605993485,SE,3611,0.00017638103024267352,0.015737901050759347,0.0043222904205322266,7546.451969332885,-3943.7287758483935,186.8862712245059,0.0,0.0
774,0.006776266468853102,4,ARHGEF4,18.621935679469626,116.82991550297751,-3616.1839930472106,-4.141545737489449,0.026410976274854843,SE,3611,7.553528984319382e-06,0.12251149077235843,0.010362863540649414,7265.134946179531,-3623.2325523161317,7.0485592689210534,0.0079329032020099,0.0028518235980903245
776,0.012633706004221812,4,PLEKHB2,18.621935679469626,62.293822476681214,-3689.033633684867,-4.783884089695932,0.04108702122192787,SE,3611,3.064133510860533e-05,0.14647196392434966,0.008109092712402344,7410.834227454843,-3699.566487445418,10.532853760551006,0.001172709892899193,0.0004704554544166206
777,0.013590393248075427,4,MZT2A,18.621935679469626,57.852578381268806,-3684.9629298690843,-4.224739102834259,0.03445516538849944,SE,3611,1.3561541059471148e-05,0.05624217045060706,0.00862431526184082,7402.692819823278,-3702.8390163666522,17.87608649756794,2.3576509344480634e-05,1.1151307129424061e-05
778,0.062479242306950795,4,ZEB2,18.621935679469626,11.960314171850236,-3186.7343862468156,-2.1022708266765067,0.036060989236711194,SE,3611,8.44184466579323e-05,0.020153694692632923,0.004348278045654297,6406.235732578741,-3306.8620513404885,120.12766509367293,0.0,0.0
779,0.1484218242033957,4,FMNL2,18.621935679469626,4.5732422542873525,-3038.7476255561364,-1.8644284834418867,0.07419340170072031,SE,3611,0.0002780341786558854,0.016299197393616106,0.004355192184448242,6110.262211197382,-3250.9307761935343,212.18315063739783,0.0,0.0
780,0.015376119720338059,4,CSRNP3,18.621935679469626,51.04122188559246,-3054.6297901027374,-3.486314554713674,0.02470256990242621,SE,3611,2.2426592407171883e-05,0.07319335436089106,0.010206460952758789,6142.026540290584,-3071.8000332506376,17.170243147900237,3.417479311451643e-05,1.5980920930145595e-05
781,0.04412553428933031,4,SCN1A,18.621935679469626,17.266659832006077,-3089.0849204119636,-3.6326729380998315,0.041239154174877224,SE,3611,7.05857193872711e-05,0.03142088988877622,0.003942251205444336,6210.936800909037,-3160.3132591658896,71.22833875392598,0.0,0.0
782,0.046771603212120025,4,DYNC1I2,18.621935679469626,16.244717549834405,-3302.3367028867156,-2.5943756277529695,0.03381970871328987,SE,3611,4.378356872169579e-05,0.017530865222400584,0.0037517547607421875,6637.440365858541,-3385.95480613771,83.61810325099441,0.0,0.0
783,0.009409239469328149,4,RAPGEF4,18.621935679469626,83.91453666372455,-3374.339310360914,-3.121245943619691,0.018239962408384523,SE,3611,9.806312969383254e-06,0.08339363633858667,0.010649442672729492,6781.445580806938,-3387.214626372738,12.875316011823998,0.0003329445005433307,0.00014274925900775024
784,0.00939114696859537,4,OLA1,18.621935679469626,84.07773769161925,-3344.439103014399,-3.9378209787917213,0.026280316155740172,SE,3611,1.1927919965303953e-05,0.10181955689059154,0.011557579040527344,6721.645166113907,-3353.9348532739973,9.49575025959848,0.0020594835269341916,0.0008051254180301968
785,0.009583481241410112,4,UBE2E3,18.621935679469626,82.3743551363074,-3169.622520324019,-3.540758590039019,0.021831608096783407,SE,3611,1.4586732729442131e-05,0.11966304871474612,0.009675979614257812,6372.012000733148,-3180.3990079960586,10.776487672039366,0.0010279756064881518,0.0004142514909009013
786,0.009228232622771214,4,ZC3H15,18.621935679469626,85.57610955025446,-3203.1988075544286,-3.1250225586615845,0.01773977013206787,SE,3611,1.1663729262164355e-05,0.10304144688710287,0.0087127685546875,6439.164575193967,-3212.0779866509265,8.879179096497865,0.0028844121065986217,0.001104278205757697
787,0.03259850063140354,4,FAM171B,18.621935679469626,23.654108291034937,-3413.360472620944,-3.317041939868299,0.034579668697519966,SE,3611,0.00010347268846734669,0.080583496370719,0.01086115837097168,6859.487905326998,-3425.033379863609,11.672907242664678,0.0006341683473196635,0.00026245743891596625
788,0.03322851136887829,4,SLC39A10,18.621935679469626,23.19051526886952,-3654.6806611145616,-5.169277979825758,0.06357317958011674,SE,3611,2.6251003636850834e-05,0.01972614852122823,0.0042836666107177734,7342.128282314233,-3728.6459589651804,73.96529785061875,0.0,0.0
790,0.013673794949178607,4,HSPE1,18.621935679469626,57.49485175064176,-3753.9804523798975,-4.32219178184878,0.036078542689066025,SE,3611,4.2693503277493945e-05,0.1749643721323217,0.012164831161499023,7540.727864844905,-3761.8621888652024,7.8817364853048275,0.004993650847989861,0.001857429075976559
792,0.008931222229317177,4,SUMO1,18.621935679469626,88.44847482356103,-3288.4716635660952,-3.7871586447753836,0.024112610846012548,SE,3611,2.227165833410178e-05,0.20980196361753942,0.009898900985717773,6609.7102872173,-3297.62783655546,9.156172989364677,0.0024788043181664943,0.0009571925830998308
793,0.012604059092240816,4,BMPR2,18.621935679469626,62.44222309715036,-3211.7486817626605,-3.200645838045403,0.020680035679834473,SE,3611,4.501723860091127e-05,0.21617893011309697,0.010004281997680664,6456.26432361043,-3219.7811036681233,8.032421905462797,0.004594736125348997,0.0017173863249641483
794,0.007588566789605946,4,EEF1B2,18.621935679469626,104.23881073015491,-3812.0101764915944,-4.729059428543994,0.03492107654565767,SE,3611,9.453842940236386e-06,0.12267524381464144,0.009305238723754883,7656.787313068298,-3818.9710194604986,6.960842968904217,0.008331277138647786,0.0029870281428063888
795,0.13139131145635544,4,MAP2,18.621935679469626,5.269324827122994,-3588.9759342464295,-6.262984192531185,0.15372270472702884,SE,3611,0.0003031915040836657,0.021291852221163976,0.004397392272949219,7210.718828577968,-3735.085529894337,146.10959564790755,0.0,0.0
796,0.04053261151809265,4,LANCL1,18.621935679469626,18.86787895703036,-3763.0821040217857,-4.476163747890542,0.058833021128704976,SE,3611,9.085358191748324e-05,0.04724805048467484,0.004396200180053711,7558.931168128681,-3800.1087975896044,37.02669356781871,1.1652306897147469e-09,8.053960952808115e-10
797,0.00537810723858524,4,XRCC5,18.621935679469626,147.40968097516037,-3124.0509773062677,-3.076728627999076,0.01413954343394807,SE,3611,8.48404316965519e-06,0.2171878076346687,0.011392593383789062,6280.868914697645,-3129.081605687452,5.030628381184215,0.024902861585821445,0.008285973570739145
798,0.014476089003532738,4,ARPC2,18.621935679469626,54.26419575798217,-3484.0278440061993,-4.5736943091486655,0.0389802423806977,SE,3611,1.517697452447785e-05,0.055677555661347904,0.009900569915771484,7000.822648097508,-3502.1924623154146,18.164618309215257,2.0260817656825303e-05,9.634012264286693e-06
800,0.007379076464021457,4,PNKD,18.621935679469626,107.22075587446518,-3639.722031313966,-4.346862248370993,0.029542224763182637,SE,3611,7.127506488244868e-06,0.0977293955893322,0.011418342590332031,7312.2110227130415,-3648.5997198948276,8.877688580861559,0.00288676797496934,0.0011043918462144407
801,0.11363634480897898,4,TUBA4A,18.621935679469626,6.217161279819861,-3780.4273902383716,-6.556042966255317,0.15538515143725357,SE,3611,0.00022924392347155485,0.02013689645014726,0.004302501678466797,7593.621740561853,-3925.7305817275956,145.303191489224,0.0,0.0
802,0.05698781801568049,4,DNAJB2,18.621935679469626,13.189633379235094,-3547.7643504728017,-3.217022794072112,0.049489283876091514,SE,3611,0.00010738642560086956,0.03015794560111147,0.0037679672241210938,7128.295661030713,-3619.127096560991,71.3627460881894,0.0,0.0
803,0.06235695751375976,4,DNER,18.621935679469626,11.98533197850156,-3675.0913442435162,-3.4584831604628405,0.058135287033718966,SE,3611,0.00015064636813743763,0.03608855070433134,0.003738880157470703,7382.949648572142,-3739.4255154914163,64.33417124790003,9.992007221626409e-16,9.98016634630029e-16
804,0.05303686458976081,4,ITM2C,18.621935679469626,14.231565650534005,-3560.5773329377803,-6.2707716885016636,0.09798746035953558,SE,3611,9.148173549547916e-05,0.02920273679019237,0.004418611526489258,7153.92162596067,-3627.7117517861657,67.1344188483854,2.220446049250313e-16,2.3125563443207146e-16
805,0.00843639399978726,4,PSMD1,18.621935679469626,93.68308286050299,-3255.3880467507424,-3.2662365917040868,0.018526245715076873,SE,3611,1.3794388069416764e-05,0.14533809754020444,0.010054588317871094,6543.543053586594,-3262.0239526980677,6.635905947325227,0.009994335552003908,0.0035290310465511433
807,0.17911787023115372,4,PTMA,18.621935679469626,3.6529130460015335,-3686.9741139473686,-3.9951772451671625,0.15181081144776343,SE,3611,0.0002920561098973099,0.013155163101048004,0.0044133663177490234,7406.715187979847,-4028.8426773583037,341.86856341093517,0.0,0.0
808,0.2792255088391986,4,EFHD1,18.621935679469626,2.0575091102225116,-2876.9650506798675,-0.8622053514988235,0.13794337955527836,SE,3611,0.00028173136165736315,0.007478656958165791,0.00438237190246582,5786.697061444845,-3406.2434711225073,529.2784204426398,0.0,0.0
809,0.1030033721658672,4,SNORC,18.621935679469626,6.941236103661045,-3325.560582800206,-2.1774131793753484,0.0611111692855141,SE,3611,0.0002582488680540032,0.026521291423105817,0.003788471221923828,6683.888125685521,-3414.509066656551,88.94848385634532,0.0,0.0
810,0.003924371782868639,4,NDUFA10,18.621935679469626,202.31105709882195,-3488.4582322596416,-3.954932443580838,0.02013131544798458,SE,3611,5.573874101635702e-06,0.2663715361477117,0.012009859085083008,7009.683424604393,-3491.431912417546,2.973680157904255,0.08462912985108528,0.025572950889700546
811,0.020942241479934873,4,GPC1,18.621935679469626,37.26341043233215,-3246.369748200961,-3.640533541445801,0.030433932789813278,SE,3611,2.5215210305688003e-05,0.045384407386356025,0.009370565414428711,6525.506456487032,-3269.583286556886,23.21353835592481,1.4497313137740164e-06,7.586177162985984e-07
812,0.04935182878526541,4,SEPT2,18.621935679469626,15.35373413948044,-3251.3483941451127,-1.8687677081960168,0.02887824625294676,SE,3611,4.829513315815544e-05,0.017547045050257296,0.0038568973541259766,6535.463748375335,-3353.3579762339564,102.00958208884367,0.0,0.0
813,0.005626347007486322,4,ARL8B,18.621935679469626,140.87065840651945,-3542.183738775202,-4.566037556506188,0.029446578705132745,SE,3611,9.614707405287573e-06,0.2251238946588475,0.00959014892578125,7117.134437635514,-3546.357172038277,4.173433263074912,0.0410625115278942,0.013188286228338364
814,0.011110637252923956,4,CAMK1,18.621935679469626,70.94245057892013,-3014.2287319530833,-3.2850501617491425,0.020012729226632258,SE,3611,1.9606155772911644e-05,0.12042007962164857,0.010158300399780273,6061.224423991276,-3023.6792767892184,9.450544836135123,0.002110863882954006,0.0008228129564897354
815,0.013684321608864021,4,ARPC4,18.621935679469626,57.45001070851563,-3625.0524057861303,-4.611784703066176,0.03940601594544694,SE,3611,1.8526052333106885e-05,0.07580905577730906,0.010777950286865234,7282.87177165737,-3640.2549803087577,15.202574522627401,9.657167110665998e-05,4.3563946748932936e-05
816,0.0029584714757700387,4,EMC3,18.621935679469626,268.6230718314138,-3031.0285503833784,-3.0119942322195152,0.010824615730276453,SE,3611,5.0621727063373125e-06,0.4239646432095152,0.01272273063659668,6094.824060851866,-3033.340891315659,2.3123409322806765,0.12835062230504268,0.03768068227097337
817,0.014193565364352916,4,BRK1,18.621935679469626,55.36019308436345,-3744.395990426574,-5.255472349702996,0.049961321237687,SE,3611,1.3828903317166741e-05,0.052710632718129764,0.009727954864501953,7521.558940938257,-3764.590056788552,20.194066361978003,6.9969634912681045e-06,3.478143449193851e-06
818,0.07032339376198576,4,RPL32,18.621935679469626,10.537304523732812,-2778.664690758586,-5.230611954362834,0.07461944831435649,SE,3611,9.00722784084163e-05,0.01750214063732156,0.0049512386322021484,5590.096341602281,-2909.759136442726,131.09444568413983,0.0,0.0
819,0.007417549037298576,4,LSM3,18.621935679469626,106.6605002199454,-3067.8982978655513,-2.6026596911645328,0.01212613520554426,SE,3611,2.115148727946911e-05,0.2870653755017995,0.009298563003540039,6168.563555816212,-3071.303902764812,3.405604899260652,0.0649752875802595,0.02010985661876573
821,0.04010166756999315,4,SATB1,18.621935679469626,19.07920412219757,-3209.101102521841,-3.590117499414063,0.03990491961306972,SE,3611,5.655235604189e-05,0.029993566127901782,0.004323720932006836,6450.969165128791,-3251.4835433595854,42.382440837744525,7.506095744957975e-11,5.583906808126599e-11
822,0.01027438478921904,4,RPL15,18.621935679469626,76.78147194842016,-3374.4350679086183,-6.057922055696598,0.05746961089770186,SE,3611,1.2843543477250607e-05,0.09193059967276229,0.009900093078613281,6781.637095902346,-3386.2772765924283,11.842208683809986,0.0005790310576504476,0.00024150171356833317
823,0.008000751986134235,4,CLASP2,18.621935679469626,98.82753989431956,-3662.9410029084793,-4.010064182266609,0.026498642893238417,SE,3611,1.0323948647302413e-05,0.12072375524692945,0.012108087539672852,7358.648965902068,-3671.982556941317,9.041554032837666,0.0026391120545914415,0.001016899237336044
824,0.04908424541721234,4,ARPP21,18.621935679469626,15.44178045690855,-3323.043962041123,-4.568239612794508,0.05984542667132171,SE,3611,4.990019602928543e-05,0.01830897786998702,0.0037841796875,6678.8548841673555,-3412.0585674290733,89.01460538795027,0.0,0.0
825,0.03278839551115132,4,RPSA,18.621935679469626,23.5124986199124,-3644.583083365544,-5.210735367233235,0.06386701323955957,SE,3611,5.2634320296947545e-05,0.040548678532619786,0.0043354034423828125,7321.933126816198,-3675.2494152845265,30.66633191898245,3.064363640614687e-08,1.891384609229695e-08
826,0.0040364648597333,4,EIF1B,18.621935679469626,196.67072183101695,-3549.078866736665,-4.656838846931218,0.027465833909816887,SE,3611,8.70433053767646e-06,0.39337448151375376,0.009879350662231445,7130.92469355844,-3552.746677801588,3.6678110649227165,0.05547299266823269,0.01736934971833428
828,0.025663502279806277,4,TMA7,18.621935679469626,30.26150317604413,-3583.5057451051944,-6.431041684703485,0.08115054079342057,SE,3611,3.4066276535246574e-05,0.041622299364438495,0.004396677017211914,7199.778450295498,-3609.335976449851,25.830231344656568,3.728033709515799e-07,2.0846125651957986e-07
830,0.010875104101450234,4,UQCRC1,18.621935679469626,72.49618612350399,-3785.0309048944873,-5.227252928138426,0.04603618016921513,SE,3611,8.242673504579073e-06,0.05279150075128292,0.008172035217285156,7602.828769874084,-3803.427792198612,18.396887304124903,1.7935072353925108e-05,8.589036273389459e-06
831,0.013273237551830954,4,NDUFAF3,18.621935679469626,59.253975031352,-3578.464520926099,-3.622470989940391,0.02669745450481316,SE,3611,2.7114677579353118e-05,0.11773389556299269,0.011219024658203125,7189.696001937307,-3587.8069655624345,9.342444636335586,0.0022390664229704482,0.0008671146633098553
832,0.03899080477677718,4,RHOA,18.621935679469626,19.645486750297607,-3822.0193290938355,-3.9722111205958064,0.05128459798922285,SE,3611,4.79071553273223e-05,0.026757574944600772,0.003725290298461914,7676.8056182727805,-3884.7618588459154,62.74252975207992,2.3314683517128287e-15,2.286133168540085e-15
833,0.030043115547624004,4,GNAI2,18.621935679469626,25.733858668849308,-3423.015587524,-2.7932331694222974,0.027903602033312797,SE,3611,3.961659999568234e-05,0.03595206381741031,0.0037658214569091797,6878.798135133109,-3455.778289983528,32.7627024595281,1.0412365081258201e-08,6.609247335064377e-09
834,0.007316659902124012,4,TUSC2,18.621935679469626,108.1422284477271,-3177.8218862916838,-3.4818177553442684,0.019440992469923594,SE,3611,1.1195831768651341e-05,0.15610257262388544,0.009328126907348633,6388.410732668477,-3185.040965958255,7.219079666571361,0.007213268172547305,0.002614145099387537
835,0.005472311774471919,4,WDR82,18.621935679469626,144.85833724022825,-3257.0377179364677,-3.4234623632862013,0.017247712455369733,SE,3611,1.0613768271397861e-05,0.262536138819141,0.009585380554199219,6546.842395958045,-3260.775217276363,3.737499339895294,0.053204013921783866,0.016737066496322305
836,0.029240420628179345,4,BAP1,18.621935679469626,26.46217387930004,-3143.219391237859,-3.0805344651445252,0.028141512027318454,SE,3611,0.00012562667046862855,0.11996149283407301,0.008305549621582031,6319.205742560827,-3158.1864925863915,14.967101348532651,0.00010940199468778555,4.902193124158387e-05
837,0.004843601652460322,4,SPCS1,18.621935679469626,163.76472892276425,-3624.6300205865828,-4.060640065345623,0.022870675299817782,SE,3611,1.4911636885787937e-05,0.46958795344083964,0.012041091918945312,7282.027001258275,-3627.145566907333,2.515546320750218,0.11272855997361886,0.033405248811870986
839,0.008111559856394087,4,SELENOK,18.621935679469626,97.46661903028696,-3357.1655354213945,-3.074264007568816,0.016811017010074668,SE,3611,2.3200545222352778e-05,0.26405655385079935,0.010957479476928711,6747.098030927898,-3362.707279625828,5.5417442044335985,0.01856806729394256,0.006299327067693697
840,0.007409279706066435,4,ARL6IP5,18.621935679469626,106.78043121077971,-3776.9238712141123,-5.299292889864472,0.042293090678038145,SE,3611,2.4994393307674947e-05,0.3399668044393775,0.012868404388427734,7586.614702513334,-3779.8731118503492,2.9492406362369366,0.08591792027227108,0.025933172845265223
841,0.020740020318310334,4,CADM2,18.621935679469626,37.63451107798735,-3706.967515293578,-5.219836570784207,0.055194134733552745,SE,3611,6.607246569396599e-05,0.12115303814950215,0.009985208511352539,7446.701990672265,-3720.2198178634717,13.2523025698938,0.0002722452548926668,0.0001174758285575027
842,0.10004839827493318,4,MTRNR2L12,18.621935679469626,7.16979046574012,-2446.6303271969905,-5.336741140797075,0.0837904837637525,SE,3611,0.00013670127874122325,0.014714085544671704,0.0048618316650390625,4926.0276144790905,-2649.2461396334,202.61581243640967,0.0,0.0
843,0.401852678080908,4,CLDND1,18.621935679469626,1.18642078182022,-3714.282456591094,-1.6009286403678833,0.3797338245610256,SE,3611,0.0004106401316593826,0.008184089971205358,0.0031576156616210938,7461.331873267298,-4716.660781238502,1002.3783246474077,0.0,0.0
845,0.10921263511181105,4,TAGLN3,18.621935679469626,6.501276125191849,-3693.1411960172086,-7.604169050274376,0.17611049291644393,SE,3611,0.000174209659394075,0.01629307167625019,0.004415750503540039,7419.049352119527,-3886.0180242772703,192.87682826006176,0.0,0.0
846,0.008244973923455074,4,LSAMP,18.621935679469626,95.87658869651882,-3144.5316739859973,-3.168561184077094,0.01729170615050679,SE,3611,1.5332698186614932e-05,0.1690001510017045,0.011515617370605469,6321.830308057104,-3151.240921442057,6.709247456059529,0.009591419319542771,0.003397944877224832
847,0.007319378090494786,4,COX17,18.621935679469626,108.10177179479572,-3571.060207399043,-4.213386721830999,0.027779464891954396,SE,3611,1.0296884926444069e-05,0.14346362969062762,0.00999307632446289,7174.887374883196,-3577.7396207292177,6.6794133301746115,0.009753272015055381,0.003446179475914885
848,0.011928939659899033,4,NDUFB4,18.621935679469626,66.0212567830115,-3790.2580371558633,-5.989234691517224,0.05982714043707398,SE,3611,1.530919355507576e-05,0.08184593018739937,0.008190393447875977,7613.283034396836,-3803.5084052616767,13.250368105813322,0.0002725263478896567,0.0001175025908030528
849,0.03747887431640458,4,KALRN,18.621935679469626,20.470157382458968,-3470.8727893014743,-4.584250096376857,0.05490279093832323,SE,3611,6.714453674203905e-05,0.040343743025213055,0.003998756408691406,6974.512538688058,-3515.7860801655806,44.91329086410633,2.0595525285216354e-11,1.6056236678485264e-11
850,0.004201146708051537,4,PODXL2,18.621935679469626,188.93013015451186,-3483.5066900966685,-3.8831843821122853,0.019945003158559155,SE,3611,9.949558881459936e-06,0.41537306052969786,0.009934663772583008,6999.780340278447,-3485.944107253008,2.4374171563395066,0.11847115155108556,0.034984505455750076
853,0.006960865545010045,4,CNBP,18.621935679469626,113.71049981412563,-3514.8959144981927,-3.758340192177214,0.022400949644904074,SE,3611,8.848362679769166e-06,0.13610568047276894,0.01000070571899414,7062.558789081495,-3521.200974943801,6.305060445608433,0.012039380919954934,0.004193172811554552
854,0.006443225851263264,4,COPG1,18.621935679469626,122.90987690806352,-3094.4525539859314,-2.876588361519387,0.013474153655252044,SE,3611,8.281386138590702e-06,0.14835601217707106,0.011727571487426758,6221.672068056972,-3101.0812468848226,6.628692898891131,0.010034887493658329,0.0035369976744176654
855,0.014280208524399863,4,H1FX,18.621935679469626,55.01946676501566,-3682.829811477308,-4.5243910297330805,0.038988752449122095,SE,3611,2.7630892588314792e-05,0.1040815797574255,0.008802652359008789,7398.426583039725,-3695.3103539196045,12.48054244229661,0.0004112127722643022,0.0001744933369073204
856,0.09205077333478486,4,RAB6B,18.621935679469626,7.861973422195477,-3606.3341034667587,-7.336128822988269,0.1528233352315131,SE,3611,0.00011332477406271924,0.013976408823819784,0.004992246627807617,7245.435167018627,-3781.748009248377,175.41390578161827,0.0,0.0
857,0.004930292346102147,4,ATP1B3,18.621935679469626,160.8711932759894,-2989.317305013179,-3.1049324942359515,0.013772619239473026,SE,3611,9.38175697591101e-06,0.2852486054343373,0.009154081344604492,6011.401570111468,-2992.49462160431,3.177316591130875,0.07466725861604684,0.02284586557250824
858,0.06420685467099103,4,PFN2,18.621935679469626,11.617051480227248,-3771.959713566546,-6.863503660801143,0.12401473460806113,SE,3611,0.00011518270200079587,0.026215164359725415,0.004342317581176758,7576.686387218201,-3869.150760130319,97.1910465637734,0.0,0.0
859,0.13508522754032226,4,SERPINI1,18.621935679469626,5.1034387378927155,-3609.347466235968,-8.234158451449007,0.2114977375948998,SE,3611,0.0002943152589569255,0.019824391446415252,0.004336357116699219,7251.461892557046,-3774.2172960023468,164.86982976637864,0.0,0.0
860,0.00813502690960091,4,SEC62,18.621935679469626,97.18315847301142,-3804.5338580092757,-4.7255978552860665,0.035600746086838844,SE,3611,1.4873027194306277e-05,0.1683181851270498,0.009772777557373047,7641.834676103661,-3812.3961776515002,7.86231964222452,0.005047559493064568,0.0018724035142216276
861,0.4636061261727056,4,CLDN11,18.621935679469626,0.9222148106476367,-3120.5944781979424,-0.5610959561291979,0.3465646513083258,SE,3611,0.0005222901529344311,0.009865030255312308,0.0031833648681640625,6273.955916480994,-4105.983007268531,985.3885290705884,0.0,0.0
862,0.02090563262146839,4,NCEH1,18.621935679469626,37.33005997280784,-3003.3714617754304,-3.4857900470113887,0.027480884201201337,SE,3611,2.1790160465593283e-05,0.039351324141418044,0.010890960693359375,6039.50988363597,-3029.7308280028888,26.359366227458395,2.834410676166854e-07,1.6053588354981703e-07
864,0.00906894665962538,4,NDUFB5,18.621935679469626,87.09315843137557,-3556.8712564171947,-4.597366594991745,0.0344126452314558,SE,3611,7.633857474134672e-06,0.06978405779400997,0.00972890853881836,7146.509472919499,-3568.6859104886016,11.814654071406949,0.0005876634991852647,0.00024472153057545606
865,0.01309725944722867,4,PEX5L,18.621935679469626,60.06083614951923,-3417.8735311481305,-3.9081468917105795,0.029166844694572404,SE,3611,4.0858911330978645e-05,0.18208008450838767,0.01029205322265625,6868.5140223813705,-3425.1725670964915,7.299035948361052,0.006899161842091939,0.0025036938656871964
866,0.0813920147313617,4,AP2M1,18.621935679469626,8.995925851930748,-3393.626016802187,-7.276803274830535,0.1382126189639357,SE,3611,0.00014965349872926592,0.022659901925962414,0.0048296451568603516,6820.018993689484,-3505.928225494581,112.30220869239383,0.0,0.0
867,0.012915518384206327,4,PSMD2,18.621935679469626,60.91719983209484,-3481.4313557823125,-4.022634505297682,0.030604823908179826,SE,3611,6.457477573019398e-05,0.29569984575810987,0.008663415908813477,6995.6296716497345,-3489.1924508789843,7.761095096671852,0.005338358363424889,0.0019611652767252082
868,0.07230468997204713,4,EIF4A2,18.621935679469626,10.22671945819919,-3455.333318429934,-8.077234861716551,0.1556056400270049,SE,3611,8.962997540459007e-05,0.016602295928859152,0.004850625991821289,6943.433596944978,-3582.6299357322205,127.29661730228645,0.0,0.0
869,0.039751831194931864,4,FGF12,18.621935679469626,19.254125480857162,-3414.6830540214582,-4.58367540463486,0.05568965771775789,SE,3611,5.118422318711181e-05,0.027587735427580282,0.004399299621582031,6862.133068128026,-3493.113104328593,78.43005030713493,0.0,0.0
870,0.006844105623611919,4,OPA1,18.621935679469626,115.66399027695441,-3045.4179582807556,-3.3603694127519863,0.017706768039975784,SE,3611,1.8432822813487848e-05,0.2931489315006618,0.00942087173461914,6123.602876646621,-3049.2282319404017,3.8102736596461,0.05093912730721939,0.016052817600288132
871,0.034377728619505374,4,RPL35A,18.621935679469626,22.38863131728494,-3309.9754767838003,-5.476632661406839,0.06648721582782849,SE,3611,2.7950104001789306e-05,0.019713176942395775,0.0038564205169677734,6652.71791365271,-3377.1736327873705,67.19815600357015,2.220446049250313e-16,2.3125563443207146e-16
872,0.0975922084581967,4,CPLX1,18.621935679469626,7.370299566846289,-3794.2632654015165,-6.151937622607473,0.13373235878013076,SE,3611,0.0001534936122349204,0.01720197652065439,0.004401683807373047,7621.2934908881425,-3972.7488097131254,178.48554431160892,0.0,0.0
873,0.011240668456924502,4,CTBP1,18.621935679469626,70.11257320050642,-3772.5423798088723,-4.753121365682927,0.03954653136114335,SE,3611,9.858356237769279e-06,0.059188503555185096,0.020481586456298828,7577.851719702854,-3788.9110887854995,16.368708976627204,5.213892478783677e-05,2.4108123530426092e-05
874,0.07860034310059226,4,C4orf48,18.621935679469626,9.343746646019476,-3651.377987214964,-5.522730083879713,0.10190351662618882,SE,3611,9.145665006877407e-05,0.014689834046091413,0.0043489933013916016,7335.522934515037,-3779.286292047965,127.90830483300124,0.0,0.0
876,0.011818387521227188,4,LRPAP1,18.621935679469626,66.64629206089212,-3757.265293357472,-5.142811801109289,0.045748669512927,SE,3611,1.7537611114909584e-05,0.0954783100712098,0.009195804595947266,7547.297546800053,-3769.443287709417,12.177994351945017,0.0004835661073923081,0.00020374491420514302
877,0.03863426693341941,4,NSG1,18.621935679469626,19.834141701467,-3328.0711121404497,-4.697283932780173,0.0558908372872393,SE,3611,5.640349687651073e-05,0.03204137008099089,0.004311561584472656,6688.909184366009,-3397.897621382069,69.82650924161908,1.1102230246251565e-16,1.1838633373013597e-16
878,0.036478692931737014,4,CRMP1,18.621935679469626,21.053267275719723,-3598.3707139494213,-5.081368344340632,0.06375577200312593,SE,3611,7.260270419307016e-05,0.04586373982671067,0.003668069839477539,7229.508387983952,-3642.529109660562,44.158395711140656,3.028499673263241e-11,2.347365747799937e-11
879,0.026507626944975347,4,PPP2R2C,18.621935679469626,29.272455410089375,-3674.258841126555,-5.184984775030766,0.05900736750085423,SE,3611,3.253470499610252e-05,0.03738744711210216,0.004246234893798828,7381.28464233822,-3708.3009754760337,34.0421343494786,5.3931480392677145e-09,3.5190857588674535e-09
880,0.007674794514981512,4,MRFAP1,18.621935679469626,103.05871330649495,-3781.238954309105,-5.628276550987001,0.0476099424762398,SE,3611,1.104912320092334e-05,0.14022236848653385,0.010666131973266602,7595.244868703319,-3787.55817672838,6.31922241927532,0.011943599194961685,0.004162516111422644
882,0.028405290857979475,4,KCNIP4,18.621935679469626,27.26360934785815,-2952.4644675493782,-3.517032944713221,0.031242040481354358,SE,3611,2.849979499312651e-05,0.028741076240327283,0.003875732421875,5937.695895183866,-3006.91318349828,54.448715948901736,1.59539048638635e-13,1.3913974678018425e-13
883,0.009995035422230864,4,RPL9,18.621935679469626,78.94970009122059,-3305.706482284346,-5.598252717771344,0.04927368075597639,SE,3611,4.536460752263784e-05,0.34271635000790807,0.008778572082519531,6644.179924653801,-3312.5732209528255,6.866738668479684,0.00878147661139772,0.0031346056210315855
884,0.009728379233863067,4,UBE2K,18.621935679469626,81.13556987678415,-3032.749483488198,-3.3191917620875877,0.019480703910326313,SE,3611,1.2624107434575994e-05,0.10056065570387357,0.01034235954284668,6098.265927061506,-3043.0994135322,10.349930044001667,0.0012947959202719295,0.0005167272679656646
885,0.3337556944833376,4,UCHL1,18.621935679469626,1.591117584664322,-2947.4094280208374,-8.394384348852096,0.3261052726100958,SE,3611,0.0003980023139004591,0.008983499051067946,0.0037899017333984375,5927.585816126784,-3403.5240789840527,456.11465096321535,0.0,0.0
886,0.010207363433008241,4,ATP8A1,18.621935679469626,77.29085120680256,-3314.5085988540013,-3.418509385341228,0.021440814426272947,SE,3611,9.463216715017245e-06,0.06860858131488326,0.009275197982788086,6661.784157793112,-3330.472071876751,15.963473022749895,6.457652211133702e-05,2.957856381157429e-05
887,0.010350816767742653,4,OCIAD1,18.621935679469626,76.2086203828401,-3835.592917007909,-6.049246338404012,0.05886279976109118,SE,3611,2.042857713673954e-05,0.14411616264846516,0.007627725601196289,7703.952794100927,-3844.2556252953873,8.662708287478381,0.003247882120771095,0.0012372484835065508
888,0.012911734737338289,4,IGFBP7,18.621935679469626,60.93528454459566,-3757.545282190602,-2.7288012398353203,0.01871272169754897,SE,3611,2.5283263797160485e-05,0.11584280410831925,0.008424520492553711,7547.857524466313,-3770.6611689825945,13.11588679199258,0.00029280217911353823,0.00012573934469538363
889,0.0048439843184563645,4,RUFY3,18.621935679469626,163.75172883827844,-3485.8628039610976,-4.304248935347965,0.025173689410659266,SE,3611,9.950318293336598e-06,0.3133001991173528,0.009927988052368164,7004.492568007305,-3489.4557705971647,3.5929666360671035,0.05802457226139701,0.018083829504106617
890,0.022308528910715445,4,G3BP2,18.621935679469626,34.93239350579182,-3738.569308175025,-5.755104941766716,0.06612237562303235,SE,3611,2.600437805263123e-05,0.04147759052156294,0.004354953765869141,7509.90557643516,-3768.8143467437194,30.245038568694326,3.8076401254194536e-08,2.328711178602133e-08
891,0.03904577082536651,4,SCARB2,18.621935679469626,19.616709071092888,-3497.2001246294944,-3.112369633130809,0.03693851921607518,SE,3611,2.5576413342456966e-05,0.014248135138054969,0.0038137435913085938,7027.167209344098,-3590.6519430703647,93.45181844087028,0.0,0.0
892,0.022345262715138148,4,SEPT11,18.621935679469626,34.87365715492549,-3174.825658975922,-3.369249909607848,0.027811017702554463,SE,3611,5.850169298319935e-05,0.09301894180146612,0.00992274284362793,6382.418278036954,-3190.5025621333552,15.676903157433117,7.513612106335721e-05,3.418174988617531e-05
894,0.02088544544846457,4,HNRNPDL,18.621935679469626,37.36691238313048,-3819.945619596767,-4.974487186271653,0.05213310809059,SE,3611,2.9867395539466452e-05,0.054038048662944024,0.009054183959960938,7672.658199278643,-3843.0899475698116,23.14432797304471,1.5028585068632694e-06,7.833611794763927e-07
895,0.008749472127696951,4,ENOPH1,18.621935679469626,90.30234519803182,-3208.5469947572583,-3.3213748205265894,0.019172246473185505,SE,3611,1.2819875343772898e-05,0.1257397985338087,0.009315967559814453,6449.860949599626,-3218.3605080669818,9.813513309723476,0.0017323425505504364,0.0006832099631181534
896,0.03265183091091464,4,SCD5,18.621935679469626,23.614172145563646,-3823.725259655405,-5.093114050425682,0.06367365271918317,SE,3611,1.860309447201568e-05,0.014443721089129495,0.003714323043823242,7680.217479395919,-3915.13437636262,91.40911670721516,0.0,0.0
897,0.39606935400342846,4,SPP1,18.621935679469626,1.2153833368566054,-3601.7424979284924,-0.8823441469794898,0.34511837868954803,SE,3611,0.000502554603165603,0.010093713106910738,0.0031948089599609375,7236.251955942094,-4518.114547652274,916.3720497237819,0.0,0.0
898,0.043373078254606304,4,NAP1L5,18.621935679469626,17.58003772517393,-3483.2448236450396,-4.8051576691775475,0.062299224738070355,SE,3611,5.831342958101211e-05,0.02678592122116941,0.003795146942138672,6999.256607375189,-3541.478606851008,58.23378320596839,2.3314683517128287e-14,2.1376322105836345e-14
899,0.018534937598797905,4,RAP1GDS1,18.621935679469626,42.20667749926628,-3529.9375470881123,-4.565182100110551,0.04228160648343595,SE,3611,3.7433711712964176e-05,0.08517289536165525,0.010862588882446289,7092.642054261334,-3541.0634571499177,11.12591006180537,0.000851300970987845,0.00034643921429357744
901,0.006012651920407952,4,EIF4E,18.621935679469626,131.7686945959536,-3044.466730697217,-3.060495311525883,0.014476580781690644,SE,3611,7.523581731742647e-06,0.15449930516376106,0.010877370834350586,6121.700421479543,-3050.486128247763,6.019397550546273,0.014149476001259043,0.004868033611722453
902,0.015029428190662714,4,H2AFZ,18.621935679469626,52.23700239760399,-3749.3666323301522,-5.388862989148565,0.05298115790540005,SE,3611,2.8028934289689247e-05,0.0956105231094081,0.009843587875366211,7531.500224745414,-3763.6677271177405,14.301094787588227,0.00015577425553048307,6.871023531921726e-05
904,0.022115820223363593,4,ANK2,18.621935679469626,35.24372622107173,-3770.541863279883,-6.257168198262528,0.07581455835824721,SE,3611,0.00011393357707261878,0.18476241548112715,0.008715629577636719,7573.850686644875,-3783.312568676061,12.770705396178073,0.0003520900377369518,0.00015023730546380383
905,0.007790044850943806,4,SNHG8,18.621935679469626,101.52221199548526,-3251.700607402763,-2.7722334795729733,0.013943437634051647,SE,3611,2.280347144523441e-05,0.281028971889663,0.010809659957885742,6536.168174890636,-3255.782622212093,4.0820148093298485,0.04334194807649738,0.01386228078556592
906,0.005591713878363427,4,C4orf3,18.621935679469626,141.74809900878626,-3749.0313859946928,-4.159982710418164,0.025248382227605008,SE,3611,8.685350777764171e-06,0.20586080460520065,0.009274959564208984,7530.829732074495,-3754.207985411978,5.176599417285161,0.022893086588471334,0.007664805973895181
907,0.009267311609602917,4,NDUFC1,18.621935679469626,85.21188564593571,-3721.1704121914845,-5.977768073942053,0.055634462834569964,SE,3611,9.184567186827101e-06,0.08046978450352865,0.008335113525390625,7475.1077844680785,-3735.1115273196747,13.941115128190177,0.00018862707058520112,8.245533944229729e-05
908,0.0069951839255464245,4,SCOC,18.621935679469626,113.14872553354657,-3655.7731851944463,-4.98075049132414,0.0369702570291684,SE,3611,1.2940856099128669e-05,0.19713614634249488,0.024445295333862305,7344.313330474002,-3661.3184037679366,5.545218573490274,0.018531242264042014,0.006290812966504481
909,0.034540630412528396,4,RPS3A,18.621935679469626,22.279282050441278,-3214.5971366170224,-5.115017919517694,0.059327719451211625,SE,3611,3.865234087647302e-05,0.02702262155134437,0.0038695335388183594,6461.961233319154,-3265.154562124054,50.55742550703144,1.1572964808692632e-12,9.638691752016733e-13
910,0.05256351526615958,4,FBXW7,18.621935679469626,14.36690278201298,-3674.483324190441,-5.80257151755603,0.08965892023627631,SE,3611,9.79602008079962e-05,0.031776993655059343,0.0038123130798339844,7381.733608465992,-3752.0047934145923,77.52146922415113,0.0,0.0
911,0.03622178989103327,4,GUCY1B1,18.621935679469626,21.208240803212593,-3385.5112624335457,-5.214647247377782,0.06366195638121318,SE,3611,4.299348965177581e-05,0.027517565985860106,0.0038268566131591797,6803.789484952201,-3442.4298638501505,56.918601416604815,4.54081217071689e-14,4.1002130099831115e-14
912,0.032398336318504445,4,GLRB,18.621935679469626,23.805173259815213,-3307.4564400900017,-4.167228978576718,0.04415120325764115,SE,3611,4.2853877183440045e-05,0.03376057924683853,0.0037581920623779297,6647.679840265113,-3351.3856611233477,43.92922103334604,3.4046765406969826e-11,2.6162531375504294e-11
913,0.3797222296264186,4,TMEM144,18.621935679469626,1.3020199675867703,-2804.4823764472076,-0.6493951060189838,0.207186088421367,SE,3611,0.0004791516270049021,0.009862879874008803,0.0031807422637939453,5641.731712979525,-3567.2514296627874,762.7690532155798,0.0,0.0
914,0.025849054959361666,4,KLHL2,18.621935679469626,30.038554916586076,-2994.873646858081,-3.2932346007652002,0.0277824913815009,SE,3611,9.470108150054103e-05,0.11413685730812097,0.009736776351928711,6022.5142538012715,-3002.6824459003765,7.8087990422955045,0.00519924456555354,0.0019166224890200493
915,0.10810924321002378,4,SPOCK3,18.621935679469626,6.575765019656022,-2978.6381064034595,-1.9194312352158514,0.05241596359652307,SE,3611,0.00019800198322729936,0.018819495258670355,0.004474163055419922,5990.043172892028,-3163.702664883859,185.06455848039968,0.0,0.0
916,0.005488682790754403,4,SPCS3,18.621935679469626,144.42389291832112,-2967.9809719505574,-3.210108613465499,0.01511378939422176,SE,3611,2.0676457951612958e-05,0.5084292400268523,0.012547016143798828,5968.728903986224,-2970.237362056722,2.2563901061644174,0.13306391928176964,0.03897905385842018
917,0.021413518929270677,4,SDHA,18.621935679469626,36.425759831751975,-3432.4332179102066,-3.8085031747510536,0.03374169250312963,SE,3611,3.933824789109647e-05,0.06785220120165013,0.00817418098449707,6897.633395905523,-3447.702628847312,15.269410937105476,9.32138529817772e-05,4.2084613758225096e-05
919,0.04152961478306193,4,TPPP,18.621935679469626,18.395781630277725,-3907.406554796908,-4.293022637197186,0.05890515241182989,SE,3611,3.90710297492457e-05,0.0194321622509123,0.00376129150390625,7847.580069678926,-3986.3357807808716,78.92922598396353,0.0,0.0
920,0.006345886630432575,4,NDUFS6,18.621935679469626,124.80741127966851,-3696.672388008643,-4.126722743526098,0.025857909214763226,SE,3611,9.009116299361239e-06,0.1663149431588686,0.009361743927001953,7426.111736102395,-3702.7560229053934,6.083634896750482,0.013643975174253975,0.0047183314886641145
921,0.009939574806132362,4,MARCH6,18.621935679469626,79.39466933666331,-3787.8047532105466,-5.288730602329681,0.04580772228981979,SE,3611,1.5183169372819587e-05,0.11596148572451091,0.011767864227294922,7608.376466506203,-3796.2360764658515,8.43132325530496,0.0036881185468994326,0.0013960287051200779
923,0.0125176745480346,4,SUB1,18.621935679469626,62.87863783580731,-3800.5735744066296,-6.035461860971089,0.06144540334268707,SE,3611,2.1055700391488222e-05,0.10247628480990637,0.009305238723754883,7633.914108898369,-3812.799590638195,12.226016231565154,0.00047127717413386616,0.0001988349662163496
924,0.13101075538968915,4,RPL37,18.621935679469626,5.286946311986426,-3007.081382191244,-5.009621956328076,0.1048922808039887,SE,3611,0.00020322228604540674,0.014334119955126644,0.004932403564453125,6046.929724467597,-3273.8118664026238,266.7304842113799,0.0,0.0
925,0.01804207060252589,4,OXCT1,18.621935679469626,43.38143893421522,-3200.894265593217,-3.5626032930686935,0.027644518055377255,SE,3611,2.0208991678999586e-05,0.0484303026773829,0.008344888687133789,6434.555491271543,-3223.9439660068356,23.049700413618666,1.578671059876413e-06,8.212820080478651e-07
926,0.02108014544266145,4,HMGCS1,18.621935679469626,37.014422998219175,-3680.8295224088397,-5.095059003544791,0.053262054736808666,SE,3611,3.487753913473236e-05,0.06199166388033141,0.0038433074951171875,7394.426004902789,-3710.1074960573274,29.27797364848766,6.27044208778571e-08,3.75361285693341e-08
927,0.008361000868736576,4,NDUFS4,18.621935679469626,94.5350328596226,-3124.154970580754,-3.183920538857441,0.017472398349079255,SE,3611,9.23430982421849e-06,0.09902464580661004,0.009965896606445312,6281.076901246617,-3133.661140891266,9.506170310512061,0.002047821086084478,0.0008011500834094836
928,0.012794464054109663,4,IL6ST,18.621935679469626,61.501107042231794,-3262.352056643921,-2.673841719831906,0.016368012735662282,SE,3611,2.3394486575500486e-05,0.1091100925344183,0.01156163215637207,6557.471073372952,-3272.081900394825,9.72984375090391,0.0018129989950251835,0.0007129228252898283
929,0.04079060780858236,4,RAB3C,18.621935679469626,18.743500218317884,-3496.0888077731674,-5.072240485286731,0.06531460786769003,SE,3611,4.839197685436601e-05,0.024874372356319435,0.004408359527587891,7024.944575631444,-3573.38521885267,77.29641107950238,0.0,0.0
930,0.02274107243822468,4,PIK3R1,18.621935679469626,34.25280598828682,-3511.7824589382544,-4.744365274608646,0.04791609016903987,SE,3611,2.3922279588726183e-05,0.036783626242068546,0.0037660598754882812,7056.331877961618,-3549.039473151617,37.25701421336271,1.0354190838057775e-09,7.184490879047498e-10
931,0.008690333996191672,4,BTF3,18.621935679469626,90.92228101470282,-3692.365269119421,-4.205124806039555,0.02953992756198165,SE,3611,1.2107683602525392e-05,0.12034683162148563,0.00923013687133789,7417.497498323952,-3700.4761502436536,8.110881124232492,0.004400033405722259,0.001651517087204105
933,0.10014080586412494,4,RPS23,18.621935679469626,7.162438831908463,-3248.378671452098,-4.8376674147219045,0.09186427789507716,SE,3611,0.00014602007752619845,0.015693654812388505,0.004956960678100586,6529.524302989305,-3397.596881377547,149.21820992544917,0.0,0.0
934,0.2555783378805318,4,EDIL3,18.621935679469626,2.321626811255839,-3586.1618995951526,-2.4794446317678687,0.19151536386529128,SE,3611,0.0003060146905253194,0.008912407629084506,0.004404306411743164,7205.090759275415,-4037.9670689762233,451.80516938107075,0.0,0.0
935,0.0456242470191164,4,COX7C,18.621935679469626,16.67328358301478,-3326.803563678762,-7.60422828374137,0.12164867082930576,SE,3611,6.9501740602141e-05,0.02911243654454786,0.0038247108459472656,6686.374087442634,-3387.616118604022,60.812554925259974,6.328271240363392e-15,6.093814316654809e-15
936,0.01808928108450874,4,NR2F1,18.621935679469626,43.266139228507,-3089.92690606993,-3.1182625030817657,0.022578217900238128,SE,3611,2.5616866267597582e-05,0.061081903229397175,0.008252859115600586,6212.620772224969,-3107.782446936516,17.855540866586125,2.3832431651493735e-05,1.1252508542238561e-05
937,0.017710329629531844,4,PJA2,18.621935679469626,44.208968542431116,-3777.5280898235396,-6.706259000921636,0.08049082983302011,SE,3611,2.383894711653337e-05,0.05920924826669258,0.008301019668579102,7587.823139732189,-3801.130524328795,23.602434505255587,1.1843757730112259e-06,6.264853022024595e-07
938,0.007102949671663156,4,SLC25A46,18.621935679469626,111.4199432057515,-3051.800159079241,-3.095632536804059,0.01564995442321059,SE,3611,1.0416122859685043e-05,0.1539656705253817,0.011052131652832031,6136.3672782435915,-3057.7225190799318,5.922360000690787,0.014949920749529944,0.0051204303043206004
939,0.004500872817412864,4,APC,18.621935679469626,176.29564826806092,-3250.7676583119537,-2.992513976296038,0.012780344417028638,SE,3611,6.457258479104414e-06,0.23516103203293307,0.011203527450561523,6534.302276709017,-3254.83629333285,4.068635020896181,0.04368656292380557,0.013964173867724177
940,0.018977485474919873,4,AP3S1,18.621935679469626,41.20384612061861,-3280.674000659029,-3.543298294233828,0.028348956551183708,SE,3611,3.350740299525422e-05,0.07285677171465516,0.008006811141967773,6594.114961403167,-3297.4855254401164,16.811524781087428,4.1281831012263126e-05,1.9220800199369832e-05
941,0.10498714485255758,4,SLC12A2,18.621935679469626,6.795017784248682,-3033.059082557309,-1.713335278718299,0.0508990222419158,SE,3611,0.00012492163302536502,0.012442099092512421,0.005055665969848633,6098.885125199728,-3279.152917573029,246.09383501571983,0.0,0.0
942,0.03196765627813833,4,HINT1,18.621935679469626,24.136623767401982,-3356.439899796087,-7.466252461403551,0.10818806069095957,SE,3611,6.516677582590488e-05,0.05263996387129354,0.0038247108459472656,6745.646759677284,-3391.814869028206,35.37496923211893,2.7195958818282406e-09,1.816553345724739e-09
943,0.02096046355561909,4,KIF3A,18.621935679469626,37.23032237651905,-3571.5949182451423,-5.104002300168811,0.05260500231128966,SE,3611,2.297182773686194e-05,0.04127779244502263,0.004369020462036133,7175.956796575394,-3602.224990176475,30.630071931332623,3.122169134339714e-08,1.9226383355186633e-08
944,0.11377432613123048,4,SEPT8,18.621935679469626,6.2086546756568834,-3726.68281053091,-3.8231379745216674,0.1003032738891784,SE,3611,0.00015849945405868878,0.013896144361629179,0.005415439605712891,7486.13258114693,-3920.6047149851374,193.9219044542274,0.0,0.0
945,0.14679199856327907,4,SOWAHA,18.621935679469626,4.632868634764881,-2934.482665206081,-2.7678262227348798,0.07755730750898969,SE,3611,0.00024837761796665076,0.014796433817568625,0.004339694976806641,5901.732290497272,-3094.641447426739,160.15878222065794,0.0,0.0
946,0.021432454275796715,4,UQCRQ,18.621935679469626,36.39287385393785,-3491.435940285075,-6.848495512661929,0.08564228403189385,SE,3611,2.6236634994723582e-05,0.04517756908669572,0.004293680191040039,7015.63884065526,-3518.78479418203,27.348853896955006,1.6986509332461708e-07,9.775693041506445e-08
947,0.004447878602272715,4,HSPA4,18.621935679469626,178.40561810913832,-3029.201080886998,-3.207147421471151,0.014091137669271139,SE,3611,8.690919251069251e-06,0.32402236329888834,0.010941028594970703,6091.169121859106,-3032.354821491981,3.153740604982886,0.07575312369745957,0.02315169281611041
948,0.006358287706426636,4,SKP1,18.621935679469626,124.56243483130574,-3386.737601447814,-7.1799403720196615,0.07040011676813565,SE,3611,1.384262375637868e-05,0.25456229240490374,0.009879589080810547,6806.242162980738,-3390.1297170572416,3.392115609427492,0.06550884466657292,0.02023995514939151
949,0.01450873606876408,4,PPP2CA,18.621935679469626,54.1402987634065,-3752.479312806314,-5.869728793468131,0.06064475661458929,SE,3611,1.3439108960740402e-05,0.04908705571454241,0.010367870330810547,7537.725585697737,-3772.8319180121844,20.352605205870532,6.440534227936112e-06,3.213458938251422e-06
950,0.0038905931368841988,4,UBE2B,18.621935679469626,204.07446883106658,-3386.546235299509,-3.9771044220788396,0.020165224342831068,SE,3611,1.3568938207001815e-05,0.6596662127043209,0.009782075881958008,6805.859430684128,-3388.756610463095,2.2103751635859226,0.13708532993081501,0.04009137734667436
952,0.00709082546695511,4,HNRNPA0,18.621935679469626,111.61181678494432,-3542.511846918107,-4.326999120944249,0.02874196471870133,SE,3611,8.598583400597019e-06,0.12752836701556852,0.009369373321533203,7117.790653921324,-3552.101058779109,9.589211861001786,0.001957239417539669,0.0007679532196238643
953,0.04679422431765286,4,REEP2,18.621935679469626,16.236479265704308,-3612.372133875802,-5.266410051166561,0.07430639565093612,SE,3611,7.435675292336899e-05,0.029746212886905873,0.004304409027099609,7257.511227836713,-3692.046975748341,79.67484187253922,0.0,0.0
954,0.04863001874256841,4,CTNNA1,18.621935679469626,15.593458783504742,-3193.1534315100002,-1.9328223458517353,0.028231171856004343,SE,3611,5.043354449343033e-05,0.018818015548509176,0.0038373470306396484,6419.07382310511,-3289.219583095525,96.06615158552495,0.0,0.0
955,0.0034628924013251207,4,PAIP2,18.621935679469626,229.37808744588656,-3551.5965971716214,-4.545062270323366,0.024923588157541456,SE,3611,8.565864477055383e-06,0.5247245642280401,0.012053728103637695,7135.960154428352,-3553.8217556794534,2.2251585078320204,0.1357787218272405,0.039730915973849076
957,0.0039195620974862904,4,NDUFA2,18.621935679469626,202.56029060357383,-3709.106800135358,-4.834162066450259,0.029339766839979756,SE,3611,4.496132809919668e-06,0.21539038101901745,0.010714530944824219,7450.980560355825,-3713.639465888032,4.5326657526743475,0.03325377944900054,0.01084262496541051
958,0.008129274388829679,4,ZMAT2,18.621935679469626,97.25249225151538,-3367.9640461200997,-3.6267420155891825,0.02193158455472481,SE,3611,3.761668351461066e-05,0.42630091367197764,0.010543107986450195,6768.695052325309,-3371.0571751541456,3.0931290340458872,0.0786234845717928,0.02393347224092341
960,0.0660596438816926,4,RPS14,18.621935679469626,11.268869862209868,-3148.77883110432,-4.930149466215349,0.07268734382449449,SE,3611,0.00010848185203437591,0.023494172143513372,0.004387378692626953,6330.32462229375,-3258.646905061749,109.8680739574288,0.0,0.0
961,0.10074152165503918,4,SPARC,18.621935679469626,7.11497673631998,-3545.696444251455,-1.4823510632997337,0.061740946986068426,SE,3611,9.001116074997922e-05,0.009580881781941402,0.004870414733886719,7124.1598485880195,-3757.330919326386,211.63447507493083,0.0,0.0
962,0.01371654657878211,4,ATOX1,18.621935679469626,57.31316792004888,-3711.277381867525,-4.321181467644317,0.03591410434706623,SE,3611,1.402289132483813e-05,0.05712027229571749,0.009212493896484375,7455.32172382016,-3730.8328726690506,19.555490801525593,9.771947063308417e-06,4.8085477625954684e-06
963,0.006422337951234639,4,LARP1,18.621935679469626,123.31221923219667,-3571.9912504234144,-4.114139496498354,0.025579027544481162,SE,3611,7.763072345667041e-06,0.1399647168323948,0.010409116744995117,7176.749460931938,-3578.3590737929744,6.367823369560028,0.011620804842446653,0.0040552876660812235
964,0.0035191604779940765,4,SLU7,18.621935679469626,225.69780244914224,-3150.0258370741667,-3.651634676685764,0.01646597283907033,SE,3611,6.556693070798042e-06,0.38899718899926283,0.009914398193359375,6332.818634233443,-3152.6980418960693,2.6722048219025964,0.10211447162112519,0.030529815676732477
965,0.08715753086057533,4,GABRB2,18.621935679469626,8.348113948409658,-3590.3741404316647,-6.15990988133149,0.11978752883061619,SE,3611,0.0001919994622024367,0.02592188049564984,0.0044291019439697266,7213.515240948439,-3730.380519107067,140.00637867540217,0.0,0.0
966,0.0375209440192807,4,GABRG2,18.621935679469626,20.446311873330416,-3444.9343022131447,-4.816355861293419,0.05834483529616166,SE,3611,4.22945471950081e-05,0.02535997045409316,0.0037775039672851562,6922.635564511399,-3517.1433583816997,72.20905616855498,0.0,0.0
967,0.010957885511776618,4,MAT2B,18.621935679469626,71.94249177685043,-3074.4576630067622,-3.2417798934097437,0.019654025823122832,SE,3611,1.744929455386216e-05,0.11011216895969904,0.012028932571411133,6181.682286098634,-3084.7172243057257,10.25956129896349,0.0013597801154761058,0.0005414525667347658
969,0.077660145647064,4,NSG2,18.621935679469626,9.46651710452898,-3717.495499363754,-6.1582964314821425,0.11639912654908467,SE,3611,0.00014589864447260724,0.02391802845240895,0.004372835159301758,7467.757958812617,-3860.898455096787,143.4029557330332,0.0,0.0
970,0.007365651582199209,4,KIAA1191,18.621935679469626,107.41763276379076,-2988.3109856754836,-3.1145917394812628,0.015906716792655477,SE,3611,1.2243372302868162e-05,0.1684791637144309,0.011000871658325195,6009.388931436077,-2995.1473391461805,6.836353470696849,0.008932098878413952,0.0031811773139347045
971,0.0025957050032744265,4,HIGD2A,18.621935679469626,306.2762700972993,-3515.3240134676,-3.4244686904688235,0.013284323347469934,SE,3611,4.273950265718948e-06,0.46429173798760165,0.025673866271972656,7063.414987020309,-3517.6892337624186,2.365220294818755,0.1240663981787119,0.03650285489724232
972,0.21901623305249998,4,SNCB,18.621935679469626,2.84225573600148,-3389.806406511683,-8.235027767657458,0.2648266550804309,SE,3611,0.0003347143655084902,0.011647314556863343,0.004464626312255859,6812.379773108475,-3792.6220910445786,402.81568453289583,0.0,0.0
973,0.013831876407848089,4,PRELID1,18.621935679469626,56.82864623857677,-3410.826031763627,-3.5056091789131694,0.02521139849719054,SE,3611,1.3166157855438318e-05,0.052764881487579345,0.009866476058959961,6854.419023612363,-3426.2275598686747,15.401528105047873,8.691797715143501e-05,3.9374697880333735e-05
974,0.006797119318670073,4,NHP2,18.621935679469626,116.46904823173189,-3760.2178389793808,-4.511710047750675,0.0309892916242187,SE,3611,1.123574612052634e-05,0.18113296971698742,0.011466741561889648,7553.202638043871,-3766.6123321036175,6.39449312423676,0.011447491145952449,0.003997407537945043
975,0.008635563441172599,4,HNRNPH1,18.621935679469626,91.50400563457487,-3631.7078346180424,-3.8731209256526467,0.025592570052169052,SE,3611,1.3040034585051937e-05,0.1312337752219918,0.009634017944335938,7296.182629321194,-3638.821764025495,7.113929407452815,0.007648726834391217,0.0027589098442812364
976,0.004245466549494367,4,CANX,18.621935679469626,186.94950460713622,-3799.0522663648426,-4.500611855305908,0.026562283587521305,SE,3611,7.087502808524523e-06,0.2897960907102083,0.010514497756958008,7630.871492814795,-3802.446258678806,3.393992313963281,0.06543433402386944,0.02022858636315587
977,0.10078289283044012,4,RNF130,18.621935679469626,7.111728856258236,-3236.630579747086,-2.144948179853074,0.05713460020350638,SE,3611,0.00012392932322531164,0.013182412698862615,0.004827737808227539,6506.028119579281,-3445.969644975249,209.33906522816324,0.0,0.0
978,0.03476387323364215,4,MAPK9,18.621935679469626,22.13109285695895,-3579.905010061479,-4.6398414210951415,0.05516114866692594,SE,3611,4.8739270612931385e-05,0.03366858925736124,0.0038089752197265625,7192.576980208068,-3624.331383178055,44.42637311657609,2.6410540421295536e-11,2.0500222139934702e-11
979,0.009911883880607028,4,TUBB2B,18.621935679469626,79.61870177677116,-3697.284082810309,-3.5493157231681023,0.02359987650917191,SE,3611,2.0062977913562603e-05,0.15407078767644442,0.014029741287231445,7427.3351257057275,-3703.7637970868263,6.47971427651737,0.01091125220514011,0.0038301039987105336
980,0.05946888082127751,4,NRN1,18.621935679469626,12.606103076688202,-3617.1503227688668,-5.77789628352104,0.09300300608220052,SE,3611,7.63820457906492e-05,0.019891535331107525,0.003869295120239258,7267.067605622843,-3727.694468676297,110.54414590743045,0.0,0.0
982,0.010254316201717321,4,SMIM13,18.621935679469626,76.93329989706584,-3172.136804576933,-3.620308120529766,0.02314925285561664,SE,3611,1.6061630312021016e-05,0.11540567006589633,0.008744239807128906,6377.040569238976,-3181.2733062843,9.136501707366733,0.0025055971981312597,0.0009661475373488289
983,0.04457559093127546,4,NRSN1,18.621935679469626,17.084279694492796,-3369.7677797525907,-3.958970459946939,0.04887479918226547,SE,3611,7.261069399430153e-05,0.03172976969729151,0.0037958621978759766,6772.302519590291,-3420.478128238895,50.710348486304156,1.0705880626460385e-12,8.930396676956917e-13
984,0.009989523347271625,4,C6orf62,18.621935679469626,78.99370321020793,-3502.8804036808488,-3.507819025446195,0.02266793780129078,SE,3611,1.0852603022380286e-05,0.0820768816109772,0.009862899780273438,7038.527767446807,-3513.6470831425077,10.766679461658896,0.001033437471166354,0.0004161398498417615
985,0.3977883494840744,4,MOG,18.621935679469626,1.2066867490684796,-2510.0075712092976,-0.42650538962800916,0.18936111440181636,SE,3611,0.0003081809085101634,0.006175227326710399,0.0032324790954589844,5052.782102503705,-3453.96563376087,943.9580625515723,0.0,0.0
986,0.003716014558614125,4,HLA-E,18.621935679469626,213.69934562553456,-3135.433001237683,-1.2193124029225009,0.003248867159370604,SE,3611,7.91412197894015e-06,0.421446973275126,0.010867834091186523,6303.632962560476,-3138.3210708556617,2.8880696179785446,0.08923778942194904,0.026874736235490755
987,0.03347431630763515,4,TUBB,18.621935679469626,23.01437224271631,-3770.17975119655,-6.780355445465784,0.09720643685348374,SE,3611,3.9503270256898814e-05,0.029279102121791988,0.0038366317749023438,7573.12646247821,-3825.266860075103,55.087108878552954,1.1535217225855376e-13,1.0126139210317919e-13
988,0.00722184157508635,4,FLOT1,18.621935679469626,109.57253429031464,-3780.6447034423563,-4.804770613697748,0.035291312665842706,SE,3611,9.539960165246185e-06,0.1364770576405624,0.01109004020690918,7594.056366969822,-3787.763082626043,7.118379183686557,0.007629765346698347,0.002753922399701471
989,0.10320796056320433,4,DDR1,18.621935679469626,6.925896511583943,-3070.4520720057435,-0.8453434659104612,0.04685527360328891,SE,3611,0.00013113838065042155,0.013424555387088909,0.005026102066040039,6173.6711040965965,-3269.492607668687,199.0405356629435,0.0,0.0
991,0.03339780063045439,4,PRRT1,18.621935679469626,23.068925199256835,-3396.100167549675,-4.73321895080075,0.05393870994653624,SE,3611,4.3196666064391695e-05,0.032153539972204666,0.0037908554077148438,6824.9672951844595,-3435.6256944872835,39.52552693760845,3.237989876225811e-10,2.3280697379639634e-10
992,0.01062262573781792,4,AGPAT1,18.621935679469626,74.23821886428317,-3270.7574468569446,-3.1503697699298967,0.01909243218999862,SE,3611,1.7592203930721465e-05,0.11796879690126465,0.012072563171386719,6574.281853798999,-3278.856958935084,8.099512078139469,0.004427717606650949,0.0016595854062156534
993,0.011006304246452568,4,CUTA,18.621935679469626,71.6224972036594,-3752.8762126262045,-4.882103403492385,0.041022357525361874,SE,3611,1.8865648310785003e-05,0.11802835263340151,0.009999990463256836,7538.5193853375185,-3762.2715545241763,9.395341897971775,0.0021753743212812315,0.0008461143447530665
994,0.003307758742262504,4,SMIM29,18.621935679469626,240.1732866919646,-3386.5870749851165,-3.62819236495248,0.016105851417640593,SE,3611,7.765619010084711e-06,0.5210346171153425,0.011396169662475586,6805.9411100553425,-3388.7905889400126,2.2035139548961524,0.13769653028647844,0.040248180762458396
995,0.009530072560897144,4,NUDT3,18.621935679469626,82.84046661040124,-3584.3506954447585,-3.277806480999013,0.02030736934541743,SE,3611,2.503777261621348e-05,0.2076615778090919,0.008261680603027344,7201.468350974626,-3590.5780599937225,6.227364548964033,0.012579081576325923,0.004366965654623298
996,0.041081956708705125,4,RPS10,18.621935679469626,18.60492054431219,-3670.4184885147993,-5.242184103293101,0.07068425414338116,SE,3611,4.964704643167458e-05,0.025188145979037922,0.004313468933105469,7373.603937114708,-3721.816723121661,51.398234606861934,7.540634783254063e-13,6.349328560182528e-13
997,0.051998470420617456,4,PACSIN1,18.621935679469626,14.531683122892568,-3726.445386655579,-5.439093995546013,0.0830062505653378,SE,3611,6.455161776021345e-05,0.02134947052045345,0.004864215850830078,7485.657733396268,-3816.2300933665238,89.78470671094465,0.0,0.0
998,0.0061427696250366615,4,C6orf106,18.621935679469626,128.96065289978137,-3027.6209858673737,-2.7666054199299865,0.012342902961057745,SE,3611,7.774231446952223e-06,0.15303726882643173,0.00927591323852539,6088.008931819857,-3033.6563780672145,6.035392199840771,0.01402183522544087,0.004827216001289598
999,0.014454608410490809,4,RPL10A,18.621935679469626,54.346020782044455,-3764.74537196679,-4.7879723119897015,0.04323186745519716,SE,3611,2.0879062648956157e-05,0.07681702262510628,0.008803606033325195,7562.25770401869,-3783.05952551917,18.31415355238005,1.8731036363184295e-05,8.930352690326248e-06
1001,0.007009582406836701,4,MEA1,18.621935679469626,112.91466787705107,-3416.895427367568,-3.541258429184844,0.02014903066941644,SE,3611,1.0311183132851852e-05,0.15644137596342328,0.011418581008911133,6866.557814820246,-3423.363614566192,6.468187198624037,0.010982250004506033,0.003852504609464629
1002,0.040861974944277,4,PAQR8,18.621935679469626,18.70937179801039,-3089.6561285308812,-1.6285928391053366,0.02165852100353723,SE,3611,3.471197353973306e-05,0.01778540082129636,0.0038194656372070312,6212.079217146872,-3183.4072228871523,93.7510943562711,0.0,0.0
1003,0.0077390530027922864,4,TMEM14A,18.621935679469626,102.1963835486323,-3444.0180860199343,-4.294253091284711,0.028924888726868197,SE,3611,7.624824913168055e-06,0.09519029519622531,0.01099085807800293,6920.803132124978,-3451.9289668287684,7.910880808834008,0.004913833856936667,0.0018290088799398356
1004,0.019915207257729592,4,FBXO9,18.621935679469626,39.226202848730416,-3302.3771986663305,-4.179754955604664,0.03676345478240684,SE,3611,2.019717004735724e-05,0.040030499763667855,0.01006937026977539,6637.521357417771,-3328.5671717879295,26.189973121598996,3.09425030264876e-07,1.7433228404915663e-07
1005,0.026114624228556198,4,DST,18.621935679469626,29.724976027483404,-3507.0732852837627,-3.08187071432987,0.02907949188680277,SE,3611,2.3100505029926627e-05,0.027307517434202174,0.0043942928314208984,7046.913530652635,-3545.3244748966945,38.25118961293174,6.219914583383002e-10,4.3781312386017316e-10
1006,0.007582190868406954,4,LMBRD1,18.621935679469626,104.32713619198584,-3037.001353695665,-2.54710938880924,0.0117932770098783,SE,3611,1.0062258150880438e-05,0.13078641688640547,0.011121988296508789,6106.769667476439,-3045.139321774173,8.137968078508038,0.004334783207582071,0.001631593041450349
1007,0.0365490616577553,4,COX7A2,18.621935679469626,21.011198329082326,-3592.707988174238,-7.208489553626781,0.10785647719248606,SE,3611,4.586709202852387e-05,0.028871321425820853,0.0037665367126464844,7218.182936433585,-3641.225933787332,48.51794561309407,3.272826454292499e-12,2.663771013977893e-12
1008,0.018837430629838475,4,TMEM30A,18.621935679469626,41.516119708754665,-3570.002017712579,-4.8420791169048805,0.046809698757804524,SE,3611,4.114455962351801e-05,0.090745888639398,0.008915185928344727,7172.770995510267,-3580.5632300899797,10.561212377400807,0.0011548542598593947,0.0004639863897290044
1009,0.020444147989160007,4,HMGN3,18.621935679469626,38.19070162933828,-2998.491999689585,-2.7108828849194637,0.019627856862689506,SE,3611,4.2399127556817016e-05,0.07991471274188595,0.010422229766845703,6029.75095946428,-3013.8638347953633,15.371835105778246,8.829461830861529e-05,3.9964575989323375e-05
1010,0.03701662027359985,4,SOBP,18.621935679469626,20.73573707614219,-3029.794680635504,-2.702560230280786,0.027302976990060002,SE,3611,0.00016946599197381154,0.10418905221160982,0.009787321090698242,6092.356321356117,-3044.0468821682907,14.252201532786785,0.0001598736868725359,7.040265357127644e-05
1011,0.00415442161713721,4,MARCKS,18.621935679469626,191.0640061973627,-3890.185505257099,-5.169961347502358,0.034122306727770516,SE,3611,7.554356108627248e-06,0.32244989375543054,0.009639501571655273,7813.137970599308,-3892.8691836397156,2.683678382616563,0.10138130718225169,0.030327521795633777
1012,0.03273728993995442,4,TSPYL4,18.621935679469626,23.550447835765286,-3592.275978825984,-4.902117411882628,0.05809352326878498,SE,3611,4.737455907236497e-05,0.03660313626807181,0.003760099411010742,7217.318917737078,-3629.0969199468477,36.82094112086361,1.294918394734168e-09,8.90445049992027e-10
1013,0.009119891310609092,4,SERINC1,18.621935679469626,86.60219456437045,-3522.74138334264,-7.105074571746785,0.07554159249144132,SE,3611,1.7052108971972473e-05,0.15417573528344702,0.009362459182739258,7078.249726770389,-3529.820241628174,7.078858285533897,0.007799869121289049,0.002807762526882574
1014,0.006439393998701934,4,HDDC2,18.621935679469626,122.98349047921556,-3198.753712406735,-2.984474407497038,0.014456015626757787,SE,3611,4.3250578211931435e-06,0.07757179702448343,0.010921001434326172,6430.274384898579,-3209.3039921030413,10.550279696306461,0.00116170506806057,0.0004663894870411924
1015,0.008834945637588703,4,NCOA7,18.621935679469626,89.42100565841575,-3290.521533775325,-3.8269812893142494,0.024456469063418376,SE,3611,1.1477986871075956e-05,0.11044956239219628,0.011006832122802734,6613.81002763576,-3298.7715393363087,8.250005560983482,0.00407518760707426,0.0015371184555516002
1016,0.03782944267332726,4,PCMT1,18.621935679469626,20.273072332629738,-3803.5389768425234,-6.623634260423417,0.09778238715454994,SE,3611,4.451406379420031e-05,0.02628975889504276,0.0038192272186279297,7639.844913770156,-3864.8709517384514,61.33197489592794,4.773959005888173e-15,4.613654076124525e-15
1018,0.25849647765648726,4,QKI,18.621935679469626,2.286420147790645,-3867.886847143445,-2.0996555248060815,0.22154301581338467,SE,3611,0.00028467477084745955,0.00818955116607522,0.004395246505737305,7768.540654371999,-4417.258352442323,549.3715052988778,0.0,0.0
1019,0.02635654182121004,4,MPC1,18.621935679469626,29.44482469405779,-3202.1029515349383,-2.94141050115444,0.025709408563951482,SE,3611,3.5230392873352184e-05,0.04092560846940766,0.0043468475341796875,6436.972863154986,-3231.701709300797,29.598757765858863,5.313898354675217e-08,3.1988572893157616e-08
1020,0.008037456707911601,4,PSMB1,18.621935679469626,98.37258333434403,-3452.5245820043147,-3.5532387349829064,0.02130887759034968,SE,3611,7.922663496214869e-06,0.0918138826792821,0.009958982467651367,6937.816124093739,-3463.3573911270432,10.832809122728577,0.0009971723689217171,0.00040274623334050734
1021,0.14720066249581273,4,PRKAR1B,18.621935679469626,4.6177938329403405,-3592.5761806081746,-7.615084250457904,0.20148270422828873,SE,3611,0.0002482395921383671,0.014728434425842164,0.004415273666381836,7217.919321301459,-3803.6195269073633,211.04334629918867,0.0,0.0
1022,0.00528217002291019,4,C7orf50,18.621935679469626,150.10148058493726,-3502.4477368165117,-3.808135588217962,0.020866819556725185,SE,3611,6.3003065915351185e-06,0.16713046057773195,0.011905431747436523,7037.662433718133,-3508.347694538581,5.899957722069303,0.01514124822472962,0.005182651535992618
1023,0.010716120805727201,4,INTS1,18.621935679469626,73.5835575624591,-3058.113511851392,-2.7867374579614155,0.015504236939402663,SE,3611,2.1085730768897938e-05,0.13899255725387794,0.010491609573364258,6148.993983787894,-3064.5571694726123,6.443657621220154,0.011134914836130272,0.0039015759655024185
1025,0.01741107239293473,4,ACTB,18.621935679469626,44.982521311730984,-2110.0296116291665,-6.402621993943243,0.06767202753447979,SE,3611,3.0511186505262057e-05,0.07831263577359034,0.010298490524291992,4252.826183343443,-2122.7420044427367,12.712392813570204,0.0003632403511325544,0.00015487195199321224
1026,0.008452170133541418,4,RAC1,18.621935679469626,93.50673388341843,-3803.7628151185836,-5.2800059302037825,0.043686839905309034,SE,3611,1.3821860023761342e-05,0.1450938783537307,0.014641523361206055,7640.292590322277,-3811.869452778721,8.106637660137494,0.004410345782361991,0.0016542301408732198
1027,0.14422895177191672,4,NDUFA4,18.621935679469626,4.7293623779638985,-2415.4079763414697,-8.313526934402464,0.17781394312389864,SE,3611,0.00012062384159152653,0.00737330014446259,0.004957914352416992,4863.582912768049,-2845.8993545533394,430.4913782118697,0.0,0.0
1028,0.12135553849115518,4,RAPGEF5,18.621935679469626,5.7709993293630815,-3621.1751192385705,-3.891650239474908,0.10247866786799854,SE,3611,0.00018279728560934304,0.014493878069708725,0.004393577575683594,7275.11719856225,-3796.232401960362,175.05728272179158,0.0,0.0
1029,0.013773337716745557,4,TOMM7,18.621935679469626,57.07356393229626,-3602.284479108919,-6.369461462585059,0.06833613665516572,SE,3611,2.2889012531730283e-05,0.09248947094701529,0.010714292526245117,7237.335918302948,-3613.680564005895,11.396084896975935,0.0007359905353752083,0.00030249698075330753
1030,0.016039082585037542,4,HNRNPA2B1,18.621935679469626,48.89852678396631,-3905.6502536881517,-4.958386990242987,0.04801759003094065,SE,3611,1.3521350163120579e-05,0.0406671476229007,0.0271759033203125,7844.067467461413,-3927.1216215220484,21.471367833896693,3.5915142172493475e-06,1.8173185147316596e-06
1031,0.07018452296602402,4,SNX10,18.621935679469626,10.559731318083927,-3563.061391004025,-5.277967969634048,0.0893097496162511,SE,3611,0.00015139495459841253,0.02951844518552907,0.0038254261016845703,7158.88974209316,-3642.4918469624117,79.43045595838657,0.0,0.0
1032,0.08719302363002678,4,MTURN,18.621935679469626,8.344391311480702,-3802.3207996637852,-4.373595137551013,0.09170764148295307,SE,3611,0.00011227373697335265,0.015147824001721717,0.004964590072631836,7637.40855941268,-4021.0740396451783,218.7532399813931,0.0,0.0
1033,0.04923823945810148,4,SEPT7,18.621935679469626,15.390992969226238,-3684.610349901243,-6.045654956651859,0.0924273110124742,SE,3611,7.091488258409579e-05,0.02587282095089466,0.003789663314819336,7401.987659887595,-3749.394668148156,64.78431824691324,8.881784197001252e-16,8.904422559440509e-16
1034,0.005092574474360651,4,ELMO1,18.621935679469626,155.7194040852576,-3749.9441737452053,-4.432096568465541,0.027375958591992162,SE,3611,1.081716376338722e-05,0.3084719924465066,0.009748458862304688,7532.65530757552,-3753.33912917425,3.394955429044785,0.0653961306792229,0.020228435095282327
1035,0.06322982943058375,4,CAMK2B,18.621935679469626,11.808874104157574,-3763.216230706857,-6.136622622149913,0.10626297288918021,SE,3611,6.38825253685541e-05,0.014934972927233886,0.0038247108459472656,7559.1994214988235,-3867.880230532798,104.66399982594112,0.0,0.0
1036,0.012459807788174147,4,NUDCD3,18.621935679469626,63.17436527090569,-3548.950350686191,-4.452818739147861,0.03586708310462668,SE,3611,2.0023347782921634e-05,0.0983357813579061,0.00859689712524414,7130.667661457492,-3561.410915602526,12.460564916334988,0.0004156342221482978,0.00017623010497125097
1037,0.045603623998764324,4,PPIA,18.621935679469626,16.681184084405572,-2668.9368121694843,-7.497049120924306,0.11215496337190423,SE,3611,8.875741594290995e-05,0.037208707017330284,0.003825664520263672,5370.640584424078,-2714.25030948091,45.313497311425635,1.6788792578381617e-11,1.3165055317976016e-11
1038,0.006854936627369503,4,CCM2,18.621935679469626,115.47997833495637,-3381.699246308128,-3.515121921564987,0.019686689415334125,SE,3611,6.710897825584865e-06,0.10639545814133905,0.009842634201049805,6796.165452701365,-3389.8249022121,8.125655903972074,0.004364319196224931,0.0016415582849500887
1039,0.08475524268379198,4,VSTM2A,18.621935679469626,8.607323537411547,-3036.502320620964,-4.168227433590608,0.06768220252384698,SE,3611,0.00013834059102447413,0.019569547506252758,0.004355430603027344,6105.771601327037,-3185.7836430739917,149.28132245302777,0.0,0.0
1040,0.014479966281846876,4,SEC61G,18.621935679469626,54.24945208700012,-3764.2926904073183,-4.967528244108164,0.045899666791162363,SE,3611,2.9437915375850053e-05,0.10793848330638622,0.011907577514648438,7561.352340899746,-3775.3648530020414,11.072162594723068,0.0008763341530271251,0.000355547483348923
1042,0.003202293530466051,4,TMEM248,18.621935679469626,248.10947044722892,-3294.585921589738,-3.324078276894359,0.0135252715572459,SE,3611,8.420561601033395e-06,0.6025408876601598,0.010449886322021484,6621.938803264586,-3296.486513975493,1.9005923857548623,0.16801202721344444,0.048501368067292404
1043,0.014513378603229848,4,SBDS,18.621935679469626,54.12272541654371,-3399.7789556915577,-3.09005119128907,0.021492530166373997,SE,3611,2.1787375668599784e-05,0.07953015362957411,0.014380216598510742,6832.324871468225,-3414.0319400243498,14.252984332792039,0.00015980720508068647,7.040265357127644e-05
1044,0.003865093900616055,4,EIF4H,18.621935679469626,205.42607061714259,-3781.1942593180884,-5.645830566506169,0.0391147170325015,SE,3611,9.352477082438843e-06,0.46064945068681445,0.013402700424194336,7595.155478721286,-3783.4656372446575,2.27137792656913,0.13178268721269326,0.038624831324137625
1045,0.007401577654859417,4,CLIP2,18.621935679469626,106.89237591711469,-3305.217874220487,-2.9625665503541043,0.015235293047521045,SE,3611,2.112727564097205e-05,0.2879565424784467,0.009178876876831055,6643.202708526083,-3310.0264078044165,4.808533583929602,0.02831913371713579,0.009307201923523906
1046,0.018560883195693687,4,MDH2,18.621935679469626,42.14656409125542,-3699.5958415205587,-5.505789717621597,0.05806078034910718,SE,3611,2.884962588756159e-05,0.06546508874961575,0.0038177967071533203,7431.958643126227,-3725.0968630028246,25.50102148226597,4.421487640460242e-07,2.4423534386963233e-07
1047,0.24730236321314142,4,YWHAG,18.621935679469626,2.4259940742656547,-3338.206677748877,-8.683256523060258,0.2991415050757382,SE,3611,0.00041009010531339873,0.012385052831964106,0.004403352737426758,6709.180315582864,-3657.696418754387,319.48974100551004,0.0,0.0
1048,0.05227837767691407,4,GNAI1,18.621935679469626,14.449610382184838,-3214.216586077659,-2.8402902155874474,0.03783029779002548,SE,3611,6.45792837114781e-05,0.021153932709996884,0.003826141357421875,6461.200132240428,-3295.043117442943,80.82653136528415,0.0,0.0
1049,0.02067867512314766,4,GRM3,18.621935679469626,37.748521909853096,-3389.000964165716,-3.517814718118007,0.029653261553221944,SE,3611,6.1031855897990454e-05,0.11254717900822649,0.009343624114990234,6810.768888416542,-3403.930112418032,14.929148252315827,0.00011162493262484308,4.989296230958895e-05
1050,0.0071291574212962085,4,SRI,18.621935679469626,111.00741823817047,-3574.3060027274296,-3.731729713422783,0.022436883948111296,SE,3611,1.0704920795569251e-05,0.15709032653181457,0.011359691619873047,7181.378965539969,-3581.5142166997575,7.20821397232794,0.0072570674874091745,0.0026282424759507786
1051,0.004806260637661743,4,SEM1,18.621935679469626,165.04324981451327,-3475.4453474868187,-3.772624069241127,0.01984123873095156,SE,3611,1.090677306071782e-05,0.34877295922972285,0.013548135757446289,6983.657655058747,-3478.5792872180027,3.1339397311840003,0.07667822951986714,0.023394433455746
1052,0.018599992092565586,4,ASNS,18.621935679469626,42.05626952449395,-3060.0048184448106,-3.7570179496488625,0.02958325905075755,SE,3611,1.811394444118189e-05,0.04093773504673295,0.009309768676757812,6152.776596974731,-3085.699219184088,25.694400739277626,3.9998589118628303e-07,2.2208891003190947e-07
1054,0.05777085177671047,4,TMEM130,18.621935679469626,13.000055728362913,-3764.4386016355706,-6.477797804442204,0.10975045735180741,SE,3611,7.518679990277438e-05,0.020610080682693894,0.0038080215454101562,7561.644163356251,-3851.8298541562863,87.39125252071562,0.0,0.0
1057,0.045726310665101015,4,ATP5MF,18.621935679469626,16.634288786755942,-3648.8704611667504,-7.10906544865836,0.11344065296727454,SE,3611,5.546079266721018e-05,0.02313686292185353,0.0037355422973632812,7330.50788241861,-3717.6555801933046,68.78511902655418,1.1102230246251565e-16,1.1838633373013597e-16
1058,0.007462392800107005,4,LAMTOR4,18.621935679469626,106.01475534947843,-3850.986338214947,-4.723478137529821,0.03477133035372622,SE,3611,8.76333656856807e-06,0.11753159345749851,0.0096588134765625,7734.739636515003,-3858.751194951008,7.76485673606112,0.005327252191612453,0.001958426564303911
1059,0.0051344385650978625,4,GNB2,18.621935679469626,154.44323340648327,-3561.459497076952,-4.164462525362821,0.024288455655628757,SE,3611,1.1637451100889692e-05,0.32653104930375276,0.010284423828125,7155.685954239014,-3565.370159898943,3.910662821990627,0.04798067027570241,0.015227862002509102
1060,0.010699973695579883,4,ZNHIT1,18.621935679469626,73.69580383983075,-3362.4877259626955,-3.366779878247523,0.021430335559450352,SE,3611,1.9729161093235757e-05,0.1304344689094255,0.009843587875366211,6757.742412010501,-3368.7171248041077,6.229398841412149,0.012564638491286528,0.00436477667796694
1061,0.06266299316034457,4,FIS1,18.621935679469626,11.922904842308103,-3819.2150814135807,-4.960918149997194,0.08388720119459643,SE,3611,0.00010962902472495458,0.02603783924475207,0.004331350326538086,7671.197122912271,-3912.160465701325,92.94538428774422,0.0,0.0
1062,0.007780460469264046,4,BCAP29,18.621935679469626,101.64825428733485,-3047.782885873383,-3.2106179716175314,0.01713707507628341,SE,3611,1.0208715781580733e-05,0.1261169151055176,0.010982990264892578,6128.332731831875,-3055.641877425103,7.85899155172001,0.0050568589202839576,0.001872548325026344
1063,0.04580759421609042,4,NRCAM,18.621935679469626,16.603357607938865,-3759.5372673496036,-6.244981441829836,0.09525572453071189,SE,3611,6.441566233876248e-05,0.026785992021706284,0.003834962844848633,7551.841494784317,-3836.5841890299953,77.04692168039173,0.0,0.0
1064,0.009768464867234464,4,PTPRZ1,18.621935679469626,80.79935309344685,-3167.407182474357,-2.2034047096432943,0.011058807466465377,SE,3611,1.431106940071155e-05,0.1130836207048498,0.011060714721679688,6367.581325033823,-3176.558478557502,9.151296083145098,0.002485419583216464,0.0009590566083045872
1065,0.009267494929062127,4,WASL,18.621935679469626,85.21018431071094,-3308.600896953123,-3.9642242861257038,0.026378318389124265,SE,3611,1.0458089581970035e-05,0.09162408436085492,0.01148843765258789,6649.968753991356,-3320.6394258777045,12.038528924581442,0.0005211208201765238,0.00021870912213981298
1066,0.01790066632140308,4,ARF5,18.621935679469626,43.7304220637084,-3230.557688078836,-4.270406200234402,0.03631257835682487,SE,3611,1.9687577142258392e-05,0.047901367508387666,0.00806283950805664,6493.882336242781,-3257.2523732949644,26.69468521612862,2.3827601369763585e-07,1.356715383918212e-07
1067,0.01986289354759497,4,PTN,18.621935679469626,39.331613774088105,-3900.4937245329274,-3.5490730281257035,0.03266140862760984,SE,3611,3.318761227107042e-05,0.06611018294934769,0.008196830749511719,7833.754409150964,-3919.095015932742,18.601291399814727,1.611113735544567e-05,7.73628309572145e-06
1068,0.1186072825341144,4,HIPK2,18.621935679469626,5.923188471962507,-2985.3884059030265,-1.0279198291958744,0.05271645643192021,SE,3611,0.00013571258210149387,0.011149388108748855,0.005488395690917969,6003.543771891163,-3270.588782169356,285.2003762663294,0.0,0.0
1069,0.06139267428972213,4,EPHB6,18.621935679469626,12.18610279812609,-3602.0036488611063,-4.533551871693418,0.07129448143470313,SE,3611,0.00010386277731341321,0.0255720034627132,0.003820657730102539,7236.774257807322,-3676.9071653995356,74.90351653842936,0.0,0.0
1070,0.014704583509329365,4,TCAF1,18.621935679469626,53.40859878622903,-3068.097783318556,-3.5777552628004274,0.025335336208095062,SE,3611,2.635526862482746e-05,0.0937922386658334,0.009241342544555664,6168.962526722222,-3082.554075662422,14.456292343865698,0.00014344981286995573,6.343055504254955e-05
1071,0.03304981412238647,4,CNTNAP2,18.621935679469626,23.32021390333374,-3302.4660340028804,-4.139841279090583,0.04410371762775935,SE,3611,2.9545310401585412e-05,0.02242621684626164,0.003733396530151367,6637.69902809087,-3369.676660508265,67.21062650538443,2.220446049250313e-16,2.3125563443207146e-16
1072,0.013177359111532333,4,CDK5,18.621935679469626,59.69090633607797,-3183.6521226280274,-3.9132211950989353,0.028499072729171532,SE,3611,9.179707270538846e-06,0.04042515062071911,0.009436845779418945,6400.071205341164,-3207.8510284957238,24.19890586769634,8.688162467240801e-07,4.650712988270797e-07
1073,0.007817538525221088,4,AGAP3,18.621935679469626,101.16236304147553,-3786.2018463114237,-4.600447425452411,0.03353502657003707,SE,3611,1.1587553420170836e-05,0.14181792371820442,0.010537385940551758,7605.170652707957,-3792.6452215558265,6.443375244402887,0.01113668488729258,0.0039015759655024185
1074,0.0074709576638602,4,SMARCD3,18.621935679469626,105.89230401351708,-3047.329637626857,-2.678501620447216,0.01266776013489799,SE,3611,9.53833661079342e-06,0.12763707076719993,0.009881019592285156,6127.426235338824,-3054.4491517604865,7.119514133629309,0.007624936768311774,0.002753922399701471
1075,0.05330672091565311,4,DPP6,18.621935679469626,14.155485696288203,-3609.659205149713,-4.900037823242639,0.07218354542550709,SE,3611,5.780156912461176e-05,0.018284530416017165,0.004940986633300781,7252.085370384536,-3712.184591181149,102.52538603143557,0.0,0.0
1077,0.013190151684595924,4,SLC25A6,18.621935679469626,59.63224159147115,-3801.6980694316353,-5.626348327088196,0.05518201874435911,SE,3611,2.0642936464416585e-05,0.09073489071565176,0.010926961898803711,7636.16309894838,-3815.7995107583397,14.10144132670439,0.00017321100625988795,7.608852184746773e-05
1079,0.18110019660480273,4,GPM6B,18.621935679469626,3.604203422778082,-3776.1195411827935,-4.279055978827907,0.16421040540567328,SE,3611,0.00021823544591064324,0.009685597431283298,0.004394054412841797,7585.006042450696,-4160.504759866132,384.38521868333873,0.0,0.0
1080,0.17958745710494198,4,TSPAN7,18.621935679469626,3.6412771861781197,-3428.2358066814127,-8.01719059471782,0.22952143259740532,SE,3611,0.0003764939606484517,0.016898795640447595,0.004326581954956055,6889.238573447935,-3664.5903225613265,236.35451587991383,0.0,0.0
1082,0.0051288187024908435,4,CDK16,18.621935679469626,154.61333674547717,-3269.296474720197,-3.4112319296696776,0.016778323985892667,SE,3611,7.032452368868158e-06,0.19774910084977879,0.011888265609741211,6571.359909525503,-3274.277454735617,4.9809800154203,0.025627461812562036,0.008479727704229488
1083,0.11580518528529171,4,SYN1,18.621935679469626,6.0857962412170465,-3730.1731765137715,-6.549225180995528,0.15484416827071676,SE,3611,0.00020254086232470236,0.01727165055778688,0.0043430328369140625,7493.113313112653,-3893.106687160583,162.93351064681156,0.0,0.0
1084,0.1055012631408118,4,PCSK1N,18.621935679469626,6.758020766485605,-3162.8754006534223,-6.396793701334452,0.12507698307202844,SE,3611,0.00013838629972474153,0.013675793074832228,0.0043087005615234375,6358.517761391954,-3379.78141734465,216.9060166912277,0.0,0.0
1085,0.00477448490261582,4,PRAF2,18.621935679469626,166.14697057755998,-3086.531675682907,-3.011518794878535,0.013021195376082794,SE,3611,1.1499533023551159e-05,0.372589877022138,0.009768009185791016,6205.830311450924,-3089.174201093393,2.642525410486087,0.10403804566838304,0.031013330881003442
1086,0.196562133107998,4,SYP,18.621935679469626,3.2579910719775054,-3582.0608540826124,-7.681439808743179,0.24281061245029079,SE,3611,0.0003883669803430131,0.015474700079305787,0.004354238510131836,7196.888668250334,-3819.1078841524886,237.0470300698762,0.0,0.0
1087,0.027429558156816504,4,MAGED1,18.621935679469626,28.261792551031167,-3669.3188259250946,-5.643439108495256,0.06779828670859128,SE,3611,3.094147967477558e-05,0.0333309065367552,0.0037789344787597656,7371.404611935299,-3707.7929771287654,38.47415120367077,5.548370651808909e-10,3.920875176149547e-10
1088,0.028563543857016784,4,TSPYL2,18.621935679469626,27.108142401232627,-3333.9512001522908,-3.7258516821428636,0.036386497582932144,SE,3611,5.0966282338981675e-05,0.05086238524423527,0.003783702850341797,6700.669360389691,-3363.554655362339,29.603455210048196,5.3010360434591064e-08,3.194699964903854e-08
1090,0.003966462768762158,4,TSR2,18.621935679469626,200.15573083278812,-3032.369291486819,-2.9763814337219294,0.011868202231527871,SE,3611,7.082034765186674e-06,0.3313585435876985,0.01095128059387207,6097.505543058747,-3035.166531557433,2.7972400706139524,0.09442672086276505,0.028341947046360776
1091,0.0050109041840651,4,MAGED2,18.621935679469626,158.27039000573257,-3546.025669738363,-3.625655836390103,0.018882349600110364,SE,3611,1.3515213085288743e-05,0.39794280480479355,0.01224660873413086,7124.818299561835,-3548.930542665408,2.9048729270452895,0.08831221330591332,0.026610932507910554
1093,0.025637734528371127,4,ARHGEF9,18.621935679469626,30.292719258700878,-3275.7427821385627,-3.8607860042277116,0.03597098952246079,SE,3611,4.233817355347205e-05,0.051827546639947666,0.004412412643432617,6584.252524362235,-3302.905752292265,27.16297015370219,1.8700638015900495e-07,1.0739124420266004e-07
1095,0.010731212680253845,4,OGT,18.621935679469626,73.4789521316333,-3143.268171994947,-3.368807789025585,0.020889513035706214,SE,3611,4.697547430016273e-05,0.30880099023438234,0.010607004165649414,6319.303304075003,-3147.2461317630828,3.977959768135861,0.046099369027791326,0.01468291283005662
1096,0.048636248791359325,4,RPS4X,18.621935679469626,15.591359242363227,-3671.2401403818717,-4.7505912633849,0.06750949497410114,SE,3611,7.1046664506743e-05,0.02650315009277384,0.0038378238677978516,7375.247240848853,-3740.040885550181,68.80074516830928,1.1102230246251565e-16,1.1838633373013597e-16
1097,0.05518520255719308,4,NAP1L2,18.621935679469626,13.646506776795258,-3602.6746465304354,-5.4554715642226626,0.08341519046103214,SE,3611,8.308777751500953e-05,0.024707098379491,0.0038013458251953125,7238.11625314598,-3689.690122148424,87.01547561798861,0.0,0.0
1098,0.037094374312128905,4,COX7B,18.621935679469626,20.690601853273066,-3752.270083912515,-7.0482358560036635,0.10633028791415886,SE,3611,4.628927384247731e-05,0.028348680203260722,0.003771066665649414,7537.30712791014,-3812.274647445661,60.004563533145756,9.43689570931383e-15,8.974481735163056e-15
1099,0.01989174081108449,4,RPL36A,18.621935679469626,39.27341862779472,-3831.8536005605347,-4.409796279772456,0.0430023376357803,SE,3611,2.0518668636970995e-05,0.04075980826264763,0.009890317916870117,7696.474161206179,-3857.486522494657,25.63292193412235,4.12933853666253e-07,2.2880444558892683e-07
1100,0.011496388564096066,4,HNRNPH2,18.621935679469626,68.5352933512323,-3414.653823978254,-3.8871092173981663,0.027670208626287274,SE,3611,1.0672628091104955e-05,0.061322977219763194,0.009143829345703125,6862.0746080416175,-3428.454320602751,13.8004966244971,0.00020328248850309816,8.842930636056028e-05
1101,0.06914815379527335,4,BEX5,18.621935679469626,10.729943247024753,-3572.147551121932,-5.948924669364685,0.10231653541427412,SE,3611,0.00010300013939083287,0.020605713782938125,0.004382610321044922,7177.062062328973,-3704.733119425381,132.58556830344924,0.0,0.0
1102,0.10063775485763997,4,BEX1,18.621935679469626,7.123134787338466,-3597.156889841405,-8.41299578970256,0.19018277159524274,SE,3611,0.00020598295000807135,0.021961607395764943,0.0043392181396484375,7227.080739767919,-3756.4171848022324,159.26029496082765,0.0,0.0
1103,0.01610648545241722,4,BEX4,18.621935679469626,48.69055926359846,-3789.8405468014835,-6.186886512413057,0.06843085417987682,SE,3611,1.5026975577366202e-05,0.04483041082580182,0.009677648544311523,7612.4480536880765,-3811.7573655706437,21.916818769160272,2.8472752779951094e-06,1.453068431811361e-06
1104,0.025112438290632044,4,BEX2,18.621935679469626,30.943048394066217,-3723.5507429689405,-6.5823138273784005,0.08496958784817887,SE,3611,2.9150674219048152e-05,0.03711354127333128,0.0037348270416259766,7479.868446022991,-3773.0387091383864,49.487966169445826,1.9959589536711064e-12,1.6495528542736418e-12
1106,0.029282698657863555,4,BEX3,18.621935679469626,26.422817288164598,-3470.7662314900517,-7.329215727352536,0.10357004516992682,SE,3611,2.3455169206083215e-05,0.022336641525951793,0.004904270172119141,6974.299423065213,-3529.9865590744957,59.22032758444402,1.4099832412739488e-14,1.3152412843504029e-14
1107,0.017581832555955666,4,TCEAL4,18.621935679469626,44.53789582917033,-3792.534662407428,-3.7886780868848446,0.0329314239111642,SE,3611,4.456862973766683e-05,0.11226085989422567,0.009864568710327148,7617.836284899966,-3804.607190129139,12.072527721710685,0.0005117027486339909,0.0002150930619079899
1108,0.01525884257108293,4,MORF4L2,18.621935679469626,51.43964314713597,-3847.625929633089,-6.146157362096096,0.06701036313092432,SE,3611,4.8110938111410695e-05,0.1593652140912724,0.010497093200683594,7728.018819351288,-3858.8424753182944,11.216545685205347,0.0008107125706999785,0.00033117802168039
1109,0.006777658101685177,4,TSC22D3,18.621935679469626,116.80576356509177,-3036.5578836703826,-2.817097562862827,0.013192353969705441,SE,3611,1.3721622671584647e-05,0.22246235849313847,0.013091564178466797,6105.882727425875,-3040.923288360492,4.365404690109244,0.03667577077368611,0.011886132796745294
1110,0.005821213387546076,4,PGRMC1,18.621935679469626,136.12830042705963,-3710.2241247877737,-4.725891436587175,0.03195632929513364,SE,3611,1.0309596260516582e-05,0.22568568993496002,0.010807275772094727,7453.215209660657,-3714.9826818883726,4.758557100598864,0.02915297740017586,0.009563667871061306
1111,0.018524245730790402,4,SLC25A5,18.621935679469626,42.23149850510501,-3674.6607553210542,-5.022924281957089,0.049939981966535076,SE,3611,2.5490470595152254e-05,0.058062880206344,0.009994029998779297,7382.088470727218,-3694.294089764067,19.6333344430127,9.381803118269083e-06,4.6208062774678685e-06
1112,0.3343167434960027,4,LAMP2,18.621935679469626,1.587109734839331,-3272.4138140329214,-1.3960364341635871,0.22368160124017322,SE,3611,0.0007832592508003677,0.017655492240577837,0.003271818161010742,6577.594588150952,-3805.0205911953963,532.6067771624748,0.0,0.0
1113,0.022671094163655762,4,HPRT1,18.621935679469626,34.36099353117589,-3435.754856639951,-4.784861170024542,0.04799637892743204,SE,3611,2.667289452493496e-05,0.04125487881934648,0.004374504089355469,6904.276673365011,-3465.5466232847043,29.791766644753352,4.8103050431791416e-08,2.908762914293014e-08
1114,0.012875960867459733,4,SLC9A6,18.621935679469626,61.10679836839935,-3291.2813977171427,-3.80391072171014,0.027377179127800282,SE,3611,1.4379421308372357e-05,0.06624045671689711,0.010689020156860352,6615.329755519395,-3306.6223133610315,15.34091564388882,8.975144547884728e-05,4.055552794096646e-05
1115,0.020127518538286756,4,FGF13,18.621935679469626,38.80402498916397,-3043.0019510220827,-3.0067722195751094,0.022346402180820686,SE,3611,3.6271806184098474e-05,0.07044258895035949,0.009326934814453125,6118.770862129275,-3057.902981761201,14.901030739118141,0.00011330106229368031,5.051585185012573e-05
1117,0.11595759565819928,4,IDS,18.621935679469626,6.076749654140112,-3289.2885508198938,-6.5776156520778,0.1394716455320333,SE,3611,0.00021860549775745016,0.018603258081879005,0.004663944244384766,6611.344061724897,-3451.6331299334015,162.34457911350773,0.0,0.0
1118,0.011880842074767622,4,CD99L2,18.621935679469626,66.2917595156978,-3586.8690278053564,-4.394748466069892,0.03472256460835986,SE,3611,1.4748011325576761e-05,0.07946967868909098,0.009686946868896484,7206.505015695822,-3601.7462838695747,14.877256064218273,0.00011473806081685467,5.111405608724272e-05
1119,0.008531350059575452,4,BCAP31,18.621935679469626,92.63149511025979,-3601.072900674296,-4.10782022623349,0.02800451462503015,SE,3611,9.599087771437356e-06,0.09893629166355869,0.00955653190612793,7234.912761433701,-3610.5564690170113,9.483568342715444,0.0020732033303265673,0.0008096927606185587
1120,0.006524617848080037,4,SSR4,18.621935679469626,121.3666822243729,-3727.426403892694,-3.704361085003608,0.021812527651893038,SE,3611,8.539820497427624e-06,0.1492429519245948,0.00974416732788086,7487.6197678704975,-3734.3814945956,6.955090702906091,0.008358106155000322,0.0029926463353866914
1121,0.06100768679712535,4,PDZD4,18.621935679469626,12.268032799093591,-3713.238171970597,-4.150327816561034,0.06734578508324839,SE,3611,0.00010280397345674758,0.02559307609162288,0.003730297088623047,7459.243304026303,-3765.7544569022143,52.51628493161752,4.2665870836344766e-13,3.6615074608644963e-13
1122,0.1132480239981817,4,RPL10,18.621935679469626,6.241212672368562,-3109.5922839125396,-4.518338146432958,0.08971944726939907,SE,3611,0.00010924966969351753,0.009648333178800414,0.0048601627349853516,6251.951527910189,-3353.5416707824725,243.94938686993282,0.0,0.0
1123,0.015368922893331883,4,GDI1,18.621935679469626,51.06549627584164,-3643.1392368329725,-6.8476330714245615,0.07999545830571786,SE,3611,2.075244215263164e-05,0.06779089844027802,0.009251117706298828,7319.045433751055,-3657.518646680934,14.379409847961597,0.00014942733951894827,6.596493102594798e-05
1124,0.004627160883410356,4,LAGE3,18.621935679469626,171.4622963089639,-3353.834934629027,-3.8787195241534467,0.020415554674422604,SE,3611,8.327624173107997e-06,0.2870980598327089,0.01112222671508789,6740.4368293431635,-3357.529693269532,3.694758640504915,0.05458367893121563,0.01710878522430762
1125,0.00860361666795691,4,FUNDC2,18.621935679469626,91.84673610508345,-2996.033846980029,-2.8164701356030752,0.014343414129101959,SE,3611,2.3770853945675644e-05,0.24097588229564285,0.011721372604370117,6024.834654045168,-2999.9620119067404,3.9281649267113607,0.047483732243849164,0.015079068854013137
1126,0.013964776875579735,4,TUSC3,18.621935679469626,56.28023182778764,-2974.386504749378,-3.4353304311486714,0.023101984227398873,SE,3611,1.8281596831099197e-05,0.07191697395915145,0.009948968887329102,5981.539969583866,-2991.0099779108796,16.62347316150135,4.558336676496744e-05,2.116819078420369e-05
1127,0.009049601647507713,4,ASAH1,18.621935679469626,87.28103825584402,-3459.147720086855,-4.053057513943085,0.027543632597217205,SE,3611,1.9740323420702936e-05,0.18121181167735342,0.009974002838134766,6951.062400258819,-3466.933642190743,7.78592210388797,0.005265490909701187,0.0019370492809101512
1128,0.021327291995358665,4,PSD3,18.621935679469626,36.57625294849115,-3602.133552233503,-5.302323762000047,0.05637020520531321,SE,3611,4.0176217227535415e-05,0.06983448775326517,0.0105438232421875,7237.0340645521155,-3618.9450522601473,16.811500026644353,4.128236951295161e-05,1.9220800199369832e-05
1129,0.05821968143954728,4,ATP6V1B2,18.621935679469626,12.893690321544732,-3687.000284346394,-6.495010207498519,0.10897612019494535,SE,3611,6.383862256375234e-05,0.017261029571619048,0.0037763118743896484,7406.7675287778975,-3792.5594504569717,105.55916611057773,0.0,0.0
1130,0.03852721890548485,4,DMTN,18.621935679469626,19.891465608643202,-3756.8844179040566,-5.5863078782398,0.07626899160014142,SE,3611,2.5671539275114983e-05,0.014658201496891139,0.003809213638305664,7546.535795893223,-3845.379053826637,88.49463592258053,0.0,0.0
1131,0.02529311032868334,4,LGI3,18.621935679469626,30.716324510339216,-3783.1943036782777,-4.75710966903596,0.05206430476119685,SE,3611,6.276643076117762e-05,0.07883211027406514,0.008831024169921875,7599.155567441665,-3802.532427446803,19.338123768525293,1.0949814569949368e-05,5.358651788545228e-06
1132,0.05057863585175688,4,DPYSL2,18.621935679469626,14.961989235043305,-3219.5927787399155,-6.154150583799032,0.08896271518945072,SE,3611,3.5973219403063876e-05,0.012504447512776668,0.0037186145782470703,6471.9525175649405,-3331.776103206945,112.1833244670297,0.0,0.0
1133,0.03935637436896023,4,STMN4,18.621935679469626,19.455601937077983,-3814.395716257803,-4.470888921932975,0.05860137221880703,SE,3611,2.880964337710768e-05,0.015816644006900703,0.0037403106689453125,7661.558392600716,-3897.0626173816872,82.66690112388414,0.0,0.0
1134,0.12759210446337763,4,CLU,18.621935679469626,5.449959017794261,-1899.3163022144095,-5.1935307251263945,0.08104541356089168,SE,3611,0.00014478441063933204,0.010630330726330671,0.004977226257324219,3831.399564513929,-2055.6463993458606,156.3300971314511,0.0,0.0
1136,0.006700268277498441,4,TACC1,18.621935679469626,118.16410660101197,-3651.3537927444486,-3.996567562629925,0.024828922572125,SE,3611,1.80176022762356e-05,0.2988022110541134,0.011496543884277344,7335.474545574007,-3655.1903229899335,3.836530245484937,0.05014719593812689,0.015840478425685225
1137,0.05395006245632549,4,GOLGA7,18.621935679469626,13.977180038331829,-3086.1973389983964,-2.1122503455342936,0.030671968139765214,SE,3611,5.644836677718581e-05,0.017477511656578064,0.0037539005279541016,6205.161638081902,-3191.278353679163,105.08101468076666,0.0,0.0
1138,0.006343934849369518,4,RB1CC1,18.621935679469626,124.84605487506323,-3137.251963107148,-3.080380854675779,0.015044476477718073,SE,3611,1.2157704988810667e-05,0.22457652493107672,0.009352445602416992,6307.270886299406,-3142.271879172309,5.019916065160942,0.025057383626443608,0.008321900557051353
1139,0.026461097211924474,4,ATP6V1H,18.621935679469626,29.325330280065835,-3620.5177328536474,-5.531193670888565,0.06457600586586117,SE,3611,4.683395900910514e-05,0.05399876892603822,0.0038013458251953125,7273.802425792404,-3653.6245513629337,33.10681850928631,8.723227917784016e-09,5.589990736931215e-09
1140,0.017379989184079254,4,RPS20,18.621935679469626,45.064395738650866,-3890.333141230728,-4.4880728261742595,0.0423267597355333,SE,3611,2.1434499880508506e-05,0.055205566804514335,0.008230209350585938,7813.433242546565,-3915.4453022524135,25.11216102168555,5.409066188288847e-07,2.942420294201014e-07
1141,0.006737031168060355,4,SDCBP,18.621935679469626,117.5149546713352,-3303.912206042536,-3.6509012486824726,0.020721308358340684,SE,3611,1.522495945873325e-05,0.24977924322475434,0.009866952896118164,6640.591372170182,-3308.978887838253,5.066681795716704,0.024390028547641163,0.008135525126135395
1142,0.006056541954101655,4,RAB2A,18.621935679469626,130.80802826221398,-3722.9191377842235,-5.3194110742369505,0.0400782400036922,SE,3611,8.43570228838241e-06,0.1707594681948185,0.010488510131835938,7478.6052356535565,-3729.0224403102266,6.103302526003063,0.0134929489610226,0.004672128579730814
1143,0.042029682670152196,4,VXN,18.621935679469626,18.16742564333354,-3566.313672972589,-4.249614843073546,0.05387369817932531,SE,3611,0.00014876925704326014,0.07238535011961264,0.004415273666381836,7165.394306030287,-3585.143635962702,18.829962990113017,1.4290442733932984e-05,6.892872149297303e-06
1144,0.008496127713154951,4,ELOC,18.621935679469626,93.0188213676723,-3538.4600834755784,-4.592487156908696,0.03364902968071247,SE,3611,2.2888118367468237e-05,0.2378296479892681,0.011201143264770508,7109.687127036266,-3544.2673681241304,5.807284648552013,0.015959918767197268,0.0054489624863412935
1145,0.2973647769216674,4,STMN2,18.621935679469626,1.8833795138717415,-3455.1012586246347,-8.314378614820598,0.34422728905667,SE,3611,0.0004898652869729849,0.012230972360155672,0.0038633346557617188,6942.969477334379,-3876.109122209804,421.00786358516916,0.0,0.0
1148,0.05622730655916006,4,PMP2,18.621935679469626,13.378812804434222,-3408.550819645188,-2.1308515073064735,0.0365229475352931,SE,3611,0.00011112333654221117,0.03196138222228291,0.004365682601928711,6849.868599375485,-3483.4360875345915,74.88526788940362,0.0,0.0
1150,0.056029222710724885,4,PDP1,18.621935679469626,13.428929754902908,-3448.4822679245603,-5.102476283558516,0.07484532378926398,SE,3611,0.00010296239381820981,0.029800607584779842,0.0039632320404052734,6929.73149593423,-3513.3820475200346,64.89977959547423,7.771561172376096e-16,7.879740662831924e-16
1151,0.027024932740963854,4,UQCRB,18.621935679469626,28.696870602435514,-3444.8976058807084,-6.855673247416589,0.09043307282375063,SE,3611,4.78876026570755e-05,0.05305488519779485,0.011175870895385742,6922.562171846526,-3463.2722751632364,18.374669282527975,1.814542884015502e-05,8.666561171935126e-06
1152,0.16418194496158067,4,RPL30,18.621935679469626,4.057736129775692,-3122.2007817198087,-4.480543206409984,0.1182721535375416,SE,3611,0.00021806198535978004,0.011070288609566242,0.004981040954589844,6277.168523524727,-3427.571581151367,305.3707994315582,0.0,0.0
1154,0.025043696176338174,4,PABPC1,18.621935679469626,31.030171435146222,-3800.7517091711825,-3.3899301975640954,0.033970384064031973,SE,3611,3.620018676370386e-05,0.046329142678311126,0.00442957878112793,7634.2703784274745,-3829.442849511368,28.691140340185484,8.489121816612766e-08,5.020128166584677e-08
1155,0.12248165958017525,4,YWHAZ,18.621935679469626,5.71061115819093,-3313.2848306290985,-7.7754420930652595,0.17669000195322543,SE,3611,0.00036835072394527204,0.028793011476941938,0.004289865493774414,6659.336621343306,-3483.4075281566816,170.1226975275831,0.0,0.0
1156,0.011984540016652544,4,ZNF706,18.621935679469626,65.7112638335716,-3096.924114616835,-2.7455095886432126,0.015991433910111826,SE,3611,1.8334501902968802e-05,0.09713466906555965,0.012496232986450195,6226.61518931878,-3104.785071995213,7.8609573783778615,0.00505136385353655,0.0018724035142216276
1157,0.09517928008289368,4,NCALD,18.621935679469626,7.577353897679347,-3709.73651169913,-6.4141572972319025,0.13507571566154664,SE,3611,0.00014799912091157546,0.01727803918285418,0.0043218135833740234,7452.2399834833695,-3849.859999203938,140.12348750480805,0.0,0.0
1158,0.009863553714616042,4,ENY2,18.621935679469626,80.01272889906292,-3010.7715250552474,-2.908732252324843,0.015889336761037216,SE,3611,2.948070940502042e-05,0.22857135271946824,0.010458707809448242,6054.310010195604,-3016.537230054175,5.765704998927504,0.016341927196608652,0.00557229211466168
1160,0.03213538069295659,4,MAL2,18.621935679469626,24.00648715754111,-3315.0449140182373,-4.030434875717258,0.042195601097237107,SE,3611,3.739961249059812e-05,0.029916096013830364,0.004325151443481445,6662.856788121584,-3357.4810378239677,42.4361238057304,7.30286942030034e-11,5.440268886334849e-11
1161,0.2617848734360178,4,ENPP2,18.621935679469626,2.2476870391621793,-3237.5199501873576,-1.1207252994659762,0.15513275211801744,SE,3611,0.00029418005162261895,0.008349029534915687,0.003862619400024414,6507.806860459825,-3907.333642513445,669.8136923260872,0.0,0.0
1162,0.008192244224744263,4,NDUFB9,18.621935679469626,96.49883247391757,-3764.451923229057,-5.901944437317444,0.052759429505009815,SE,3611,2.132683785651644e-05,0.23805268504779,0.010015249252319336,7561.670806543223,-3770.3028112176994,5.850887988642626,0.015569193154395977,0.005322338467520497
1163,0.007320598745576963,4,FAM49B,18.621935679469626,108.08361372719644,-3369.9007951123513,-3.8801030159955436,0.02374104063070151,SE,3611,1.9799688305048484e-05,0.2757729467715035,0.011645317077636719,6772.568550309812,-3373.4022615823224,3.501466469971092,0.061314512963546064,0.019086984988388213
1164,0.20825619280875657,4,NDRG1,18.621935679469626,3.030290052420004,-3242.3601066526844,-1.7258662107831004,0.1196183058747966,SE,3611,0.0003092397583381703,0.011449889195313276,0.004402637481689453,6517.487173390478,-3604.887006273628,362.52689962094337,0.0,0.0
1165,0.012552246891771186,4,KHDRBS3,18.621935679469626,62.70325740069271,-3280.4685304929826,-3.6929490162095204,0.02587991115041256,SE,3611,1.7109319461259565e-05,0.08282330730050025,0.008788347244262695,6593.704021071075,-3292.634589919574,12.166059426591346,0.0004866701453893896,0.00020489181231606954
1166,0.056840774491489325,4,ADGRB1,18.621935679469626,13.2258161097,-3269.2328863572616,-3.5467021641845484,0.04886871920412411,SE,3611,0.00010706010210721482,0.030204560000220388,0.0038247108459472656,6571.232732799633,-3322.5648389252474,53.33195256798581,2.816635813474022e-13,2.432755277338125e-13
1167,0.02520324080178423,4,LYNX1,18.621935679469626,30.82869474242813,-3624.2634032134047,-4.415393401108479,0.04562226851426894,SE,3611,3.623225682101794e-05,0.04581464385411448,0.0037484169006347656,7281.293766511919,-3661.2289598932066,36.96555667980192,1.2023454454279658e-09,8.299798909588157e-10
1168,0.06519132132927193,4,EEF1D,18.621935679469626,11.429583421261999,-3513.8344274599363,-2.1719126229855146,0.043786002559736324,SE,3611,0.00010168199021360944,0.02253541476433024,0.004396677017211914,7060.435815004982,-3626.974475289498,113.14004782956181,0.0,0.0
1169,0.004302222344880317,4,PUF60,18.621935679469626,184.4727134463489,-3329.1727761694347,-3.1475421574630436,0.013781277265931148,SE,3611,6.344542688664559e-06,0.25267780652694943,0.009612560272216797,6691.112512423979,-3332.995721996919,3.8229458274845456,0.05055528124822051,0.015959984983921077
1170,0.004651268843219536,4,PLEC,18.621935679469626,170.5694599532629,-3281.4401556970533,-3.0030592102609837,0.013051441409089017,SE,3611,9.522334780874099e-06,0.3249244253816016,0.009845495223999023,6595.647271479216,-3284.566631689132,3.1264759920786673,0.0770300850786354,0.023488423275825565
1171,0.021386609762070075,4,CYC1,18.621935679469626,36.472594529325384,-3588.608542345204,-4.956802811025201,0.050693873541354836,SE,3611,2.0481369963008805e-05,0.03541216510476536,0.004445791244506836,7209.984044775518,-3625.3253925353265,36.716850190122386,1.3659366970841802e-09,9.35681703563992e-10
1172,0.03108745043828273,4,SCRT1,18.621935679469626,24.842593029820176,-3028.3715669257335,-3.144854105088447,0.028900178135912776,SE,3611,3.271694854670036e-05,0.02784652594070989,0.004300594329833984,6089.510093936577,-3095.180073013399,66.80850608766559,3.3306690738754696e-16,3.4420997610553983e-16
1173,0.0045080538282941856,4,VPS28,18.621935679469626,176.0135520912359,-3591.169219749416,-3.553340411427468,0.017624054400426675,SE,3611,9.918484158553927e-06,0.36007314590161543,0.010367870330810547,7215.105399583941,-3593.7527683385815,2.58354858916573,0.1079793463273282,0.032104320869342694
1174,0.023666809322656298,4,KIFC2,18.621935679469626,32.88181574493377,-3462.916653000094,-4.020135270425507,0.038031620946328996,SE,3611,2.72884472247647e-05,0.038887432783741266,0.004375457763671875,6958.600266085297,-3491.0129059690485,28.09625296895456,1.1542912836670638e-07,6.722257006845994e-08
1175,0.040878898694706234,4,RPL8,18.621935679469626,18.701296184578414,-3282.386501018737,-5.086902146675239,0.06323000190798506,SE,3611,3.7135246619623855e-05,0.01901255066174492,0.003785371780395508,6597.539962122583,-3370.6273566934406,88.24085567470365,0.0,0.0
1176,0.005109983925878656,4,RRAGA,18.621935679469626,155.18616052942812,-3540.404975260657,-4.407765271813374,0.026810483252330212,SE,3611,5.583285753882272e-06,0.15814638408837736,0.013067007064819336,7113.576910606424,-3545.4285719083236,5.023596647666636,0.025004180352286465,0.00830937614500902
1177,0.07011050139673804,4,RPS6,18.621935679469626,10.571721652953347,-3764.555228094731,-4.490879714722844,0.08010608649528105,SE,3611,0.00012920930458989766,0.025238713570375958,0.00439143180847168,7561.877416274571,-3859.88445712782,95.32922903308918,0.0,0.0
1178,0.0063271593670009355,4,NDUFB6,18.621935679469626,125.1791781511152,-3620.0266490916,-5.0736851854907075,0.03705243325247635,SE,3611,1.1177729373084017e-05,0.20755635958777832,0.015183448791503906,7272.82025826831,-3625.631059888772,5.604410797172022,0.017915318525519974,0.00608943307411959
1179,0.009161854808722546,4,DNAJA1,18.621935679469626,86.20188490806322,-3658.5403791219733,-5.693949396497187,0.050639222674329014,SE,3611,1.932656693031051e-05,0.17317309997691788,0.009978532791137695,7349.847718329056,-3665.5028305961196,6.962451474146292,0.008323790720688895,0.0029863402403201267
1181,0.011412337277738781,4,ENHO,18.621935679469626,69.04592271103563,-3812.7967994056253,-4.5043315374685475,0.03652792415997406,SE,3611,1.7958563948446213e-05,0.10467590936389319,0.010419368743896484,7658.36055889636,-3825.7149267447485,12.918127339123203,0.00032541525791496273,0.00013963272885078403
1182,0.012117531115108016,4,DCTN3,18.621935679469626,64.98132829392601,-3570.398749371685,-4.380740224885565,0.03469869769439519,SE,3611,1.985746797044294e-05,0.1029630209233311,0.00827336311340332,7173.5644588284795,-3583.0673213341365,12.668571962451551,0.00037185343725942843,0.00015829258873236853
1183,0.010054911199469581,4,AL162231.1,18.621935679469626,78.47481773222832,-3030.1752231610817,-3.147622571759798,0.01811121291379715,SE,3611,1.3327461695460571e-05,0.09951409661771678,0.010177135467529297,6093.117406407273,-3040.6697990474086,10.494575886326857,0.0011972549294714252,0.0004799432045034249
1184,0.030336162978203563,4,PHF24,18.621935679469626,25.477569796282054,-3423.1546470655994,-4.149905551517363,0.04365786063476929,SE,3611,4.106853890760876e-05,0.0365964321398878,0.0038127899169921875,6879.076254216308,-3467.000540862702,43.84589379710269,3.552758087721486e-11,2.7261376924901505e-11
1187,0.01695576806915282,4,GRHPR,18.621935679469626,46.21181665266002,-3206.7143443859304,-2.7744790792380534,0.019314968315652443,SE,3611,1.8294961844038367e-05,0.049420901204015905,0.010486602783203125,6446.19564885697,-3228.406348688225,21.692004302294663,3.201228085725205e-06,1.6259681220539524e-06
1188,0.009124641251655973,4,GNAQ,18.621935679469626,86.55669783180099,-3541.096257990448,-4.050853043654584,0.027802855371520996,SE,3611,2.844295060264383e-05,0.25690279209606187,0.009388208389282227,7114.959476066006,-3545.917043907196,4.820785916747809,0.02811852166579676,0.009252608914010087
1189,0.006838304907634282,4,UBQLN1,18.621935679469626,115.76278048194598,-3455.747280845653,-4.133096628331155,0.026078138749389922,SE,3611,9.044059081433e-06,0.1440740984394379,0.010257959365844727,6944.261521776416,-3461.83759988974,6.090319044086755,0.013592454055983083,0.004703547151337255
1190,0.005989671504616595,4,ISCA1,18.621935679469626,132.27730620000563,-3152.6367632742476,-3.740093128120506,0.020562884855432884,SE,3611,5.337458310009149e-06,0.11043866187165863,0.009149312973022461,6338.040486633605,-3160.4540506988815,7.817287424633832,0.005174880793423098,0.0019089531500060197
1191,0.15111945245773786,4,SEMA4D,18.621935679469626,4.477376958861811,-2934.8331082644504,-1.5753738269814406,0.06988047469684451,SE,3611,0.0001515794261409938,0.008657351243869432,0.004304409027099609,5902.43317661401,-3230.6406353290795,295.8075270646291,0.0,0.0
1192,0.004053629260409201,4,HABP4,18.621935679469626,195.83457818962788,-3503.8076535519795,-3.899602139460902,0.019870063851795454,SE,3611,8.23205834311299e-06,0.3689134677517391,0.010772466659545898,7040.382267189068,-3507.177415954956,3.3697624029764484,0.0664033312706207,0.020469156452281197
1193,0.08027935896398877,4,GABBR2,18.621935679469626,9.131654829702745,-3703.968377849177,-6.327891417820334,0.12180832979005779,SE,3611,0.00013214978888741495,0.020479894250899532,0.004336833953857422,7440.703715783464,-3831.0249150341947,127.05653718501753,0.0,0.0
1194,0.0077044746069158485,4,SEC61B,18.621935679469626,102.65862771890637,-3291.042856223643,-3.09761999953182,0.01655396810054037,SE,3611,1.1167142362359724e-05,0.1406475965584616,0.009733915328979492,6614.852672532395,-3297.7752288861293,6.732372662486341,0.009467857922025869,0.0033630560951205674
1195,0.009748978449886593,4,TMEM246,18.621935679469626,80.96244936019268,-3089.2979147063215,-3.4616924242742813,0.020988802357976535,SE,3611,1.216152245630561e-05,0.09647505837662024,0.011382579803466797,6211.362789497753,-3099.7495631322067,10.451648425885196,0.0012254005049487926,0.000490492739429978
1196,0.24261564520719991,4,SLC44A1,18.621935679469626,2.4882555203526935,-3190.345708193391,-1.770857248105633,0.14063992890957203,SE,3611,0.0003183753757340188,0.009824429148132604,0.004302263259887695,6413.458376471892,-3682.9685262200874,492.6228180266962,0.0,0.0
1197,0.007029136300359793,4,TXN,18.621935679469626,112.59834064207463,-3767.7013185901505,-5.567069803511536,0.0455246669963294,SE,3611,1.1909790200628278e-05,0.17970607409755918,0.012149810791015625,7568.169597265411,-3774.7782016742085,7.076883084057954,0.0078084717283879446,0.0028089740380152963
1200,0.022142565239526377,4,RPL35,18.621935679469626,35.20019414990326,-3500.2340273084646,-5.024465093078778,0.05177981579479402,SE,3611,2.0071620402603804e-05,0.03247445618794305,0.0037927627563476562,7033.235014702039,-3545.969126707086,45.735099398621514,1.3537504450766846e-11,1.0725295590106673e-11
1201,0.011326897225975524,4,ARPC5L,18.621935679469626,69.57275622493826,-3358.645077732068,-4.41613599574954,0.03375711178688381,SE,3611,1.3003046566992277e-05,0.07691209516320714,0.01001286506652832,6750.057115549245,-3373.570272425416,14.925194693348203,0.00011185909413280459,4.995599541166809e-05
1202,0.006425535402404359,4,HSPA5,18.621935679469626,123.25046042565936,-3571.860259409412,-3.7874951251530873,0.022203445719741095,SE,3611,6.2321779777843045e-06,0.11225306414889316,0.010010004043579102,7176.487478903933,-3579.1884335281597,7.328174118747938,0.006788197729282186,0.0024650930388850187
1203,0.05067147972590333,4,RPL12,18.621935679469626,14.933114367203586,-3676.6774005404627,-4.777587419687972,0.0694406572096327,SE,3611,4.7278337918493145e-05,0.016380011879821604,0.004957914352416992,7386.121761166035,-3778.649829979736,101.97242943927313,0.0,0.0
1204,0.22694988801220922,4,DNM1,18.621935679469626,2.7150330733779264,-3450.9343312185583,-7.842443947174448,0.2636073896866558,SE,3611,0.0004088815965276542,0.013633284896927871,0.004380941390991211,6934.635622522226,-3770.405955412456,319.4716241938977,0.0,0.0
1205,0.05093086236718142,4,SPTAN1,18.621935679469626,14.85300307419202,-3722.2687002662574,-6.925156007480531,0.11418535995626425,SE,3611,5.034621734660622e-05,0.017283441809830734,0.004312276840209961,7477.304360617624,-3821.8827315774606,99.61403131120323,0.0,0.0
1208,0.0060149825666892375,4,SH3GLB2,18.621935679469626,131.71732887592464,-3670.4697677892673,-3.9751439417350563,0.023774036428462608,SE,3611,2.548184518952325e-05,0.5228779583867533,0.011314153671264648,7373.706495663644,-3673.518746986656,3.0489791973886895,0.08078790622442111,0.024508877351094433
1209,0.10816694676496544,4,NCS1,18.621935679469626,6.571831850533683,-3829.1905783406164,-5.505397848843155,0.12940977948321236,SE,3611,0.00016828729598240632,0.015981630788199124,0.0042803287506103516,7691.148116766342,-4002.5477434863315,173.35716514571504,0.0,0.0
1210,0.025395297686843347,4,RPL7A,18.621935679469626,30.589518723050134,-3287.614741413563,-5.493560624599065,0.06069326421791609,SE,3611,2.8132908547225207e-05,0.03506456130554393,0.004341840744018555,6607.996442912236,-3332.9682624778197,45.35352106425671,1.6449175355148782e-11,1.2917627391904409e-11
1212,0.009981342257733328,4,TMEM141,18.621935679469626,79.05910277851392,-3385.3621617352346,-3.329052939558254,0.02059652686401151,SE,3611,1.3793360067206682e-05,0.10448500780221451,0.008896589279174805,6803.491283555579,-3394.362385206911,9.000223471676236,0.002699465952887836,0.0010386623922028326
1213,0.00924216690877874,4,PHPT1,18.621935679469626,85.44588591067595,-3785.5985824960035,-4.1831422677898225,0.030151849005313612,SE,3611,1.3325446131075586e-05,0.11737367983729066,0.00976109504699707,7603.9641250771165,-3793.1575193119415,7.558936815938068,0.005971320920959311,0.0021802582730156526
1214,0.007004596780794744,4,EDF1,18.621935679469626,112.99560390069404,-3810.996528546064,-5.39233958319405,0.04302803906795873,SE,3611,1.3458179296286979e-05,0.20447418414906685,0.01015162467956543,7654.760017177237,-3816.0123262040906,5.015797658026713,0.025117055071132932,0.008336556307362979
1215,0.23882202724689025,4,ABCA2,18.621935679469626,2.5404419828387916,-3610.281737470181,-2.829000977972083,0.18200444561296356,SE,3611,0.0002743386956712521,0.008618972139085053,0.004377603530883789,7253.330435025471,-4059.710849907081,449.42911243690014,0.0,0.0
1216,0.014746917608821884,4,NPDC1,18.621935679469626,53.252990115119005,-3766.330018841343,-5.499792295759678,0.05460559057864423,SE,3611,1.3725449675885749e-05,0.04857406695561277,0.009346246719360352,7565.426997767796,-3786.5114478012583,20.181428959915138,7.043341385792878e-06,3.4979557387355206e-06
1218,0.007538878474723087,4,SSNA1,18.621935679469626,104.93109619717114,-3213.4536330670035,-2.540255378264525,0.012025537305332411,SE,3611,9.722330281728387e-06,0.12780141769422,0.00989985466003418,6459.6742262191165,-3221.567654701211,8.114021634207347,0.004392417214968081,0.0016498129340661875
1219,0.02798445342951449,4,RNF208,18.621935679469626,27.685593108562163,-3346.918168834214,-4.019448521908347,0.039879812155094695,SE,3611,4.0877535427762005e-05,0.04240048883532344,0.0038444995880126953,6726.603297753538,-3386.415104132794,39.496935298579956,3.2857472298530865e-10,2.356090016545116e-10
1220,0.04193870380256768,4,TUBB4B,18.621935679469626,18.20856588721739,-3768.7648732860475,-6.1314613277040015,0.08995725169566378,SE,3611,5.9171124329937404e-05,0.02890491532836535,0.004101276397705078,7570.296706657205,-3828.2669848806254,59.502111594577855,1.2212453270876722e-14,1.1431615785843671e-14
1221,0.04790047190541242,4,NSMF,18.621935679469626,15.843094314807725,-3752.560523751497,-4.672366448214263,0.06701294371654973,SE,3611,5.837855341815474e-05,0.02238612139159379,0.003810882568359375,7537.888007588103,-3818.7255312529915,66.16500750149453,4.440892098500626e-16,4.56309010469413e-16
1222,0.005305846044029325,4,MRPL41,18.621935679469626,149.42813324622796,-3721.9042405265736,-4.150638267675229,0.02466707918503528,SE,3611,9.677131737538378e-06,0.2544477950742792,0.012029409408569336,7476.575441138257,-3725.5255197729075,3.62127924633387,0.057044993900214225,0.01783033820784403
1223,0.10168058725774974,4,IFITM3,18.621935679469626,7.041905436899231,-3630.310599004703,-1.1363389745955492,0.06345724276420925,SE,3611,0.00026487928198437756,0.02777465105706952,0.0038030147552490234,7293.388158094515,-3723.9064172703047,93.59581826560179,0.0,0.0
1224,0.06401825314594001,4,RNH1,18.621935679469626,11.653624214871591,-3112.14043872523,-1.8951976367383334,0.03417140257383066,SE,3611,6.313791241518319e-05,0.014444084745979616,0.0054166316986083984,6257.04783753557,-3244.4223294731228,132.2818907478927,0.0,0.0
1225,0.005376445098892657,4,HRAS,18.621935679469626,147.45549941503688,-3383.1803418817526,-3.4928491900141174,0.01792071124980491,SE,3611,7.142267252742745e-06,0.18295073533895978,0.010810375213623047,6799.127643848615,-3388.8912279311,5.710886049347209,0.016860027504919106,0.00574165438839958
1226,0.01151760584458375,4,DEAF1,18.621935679469626,68.40757199504512,-3306.202213360678,-3.2454725933165403,0.02068051388832615,SE,3611,1.1738949374106188e-05,0.06720746130497293,0.009862899780273438,6645.171386806465,-3320.5928136452935,14.39060028461563,0.000148541941427216,6.562808554894221e-05
1227,0.03456364415790822,4,TALDO1,18.621935679469626,22.263916965393772,-3425.317268231706,-2.730515277219034,0.029863368510341756,SE,3611,3.677730538032436e-05,0.025679896116396542,0.0037670135498046875,6883.401496548521,-3488.365578966008,63.04831073430205,1.9984014443252818e-15,1.9703490176335498e-15
1228,0.05049466137930025,4,CEND1,18.621935679469626,14.988197131116229,-3706.3081551726905,-5.765098643735675,0.08793929090982638,SE,3611,5.456995889668725e-05,0.01902556721064969,0.0038089752197265625,7445.3832704304905,-3806.132119472518,99.82396429982737,0.0,0.0
1229,0.05073754077039431,4,RPLP2,18.621935679469626,14.912633427191071,-3120.340725929323,-5.263713145362685,0.07011008042599101,SE,3611,7.681935743455907e-05,0.02655245583742195,0.0038809776306152344,6273.448411943756,-3201.6735435909413,81.33281766161826,0.0,0.0
1230,0.009606935599187664,4,POLR2L,18.621935679469626,82.17130054264155,-3762.4645333005546,-5.324887794633122,0.04583498476605883,SE,3611,1.2537918173376535e-05,0.10236378952393382,0.0098724365234375,7557.696026686219,-3773.553749309268,11.089216008713265,0.0008683118606191975,0.0003525593543220195
1231,0.003927305779226135,4,BRSK2,18.621935679469626,202.15931986625196,-3082.753325818374,-2.9702221720975133,0.01182556464204354,SE,3611,1.313249847645192e-05,0.6266631651988901,0.008811712265014648,6198.273611721857,-3085.101094937221,2.347769118847282,0.1254624402189387,0.036873145568704274
1232,0.04506820204207369,4,CD81,18.621935679469626,16.88883030827235,-3770.419763489636,-5.004106327645829,0.07079828023007172,SE,3611,4.1603234420037555e-05,0.01781966019233933,0.003740549087524414,7573.606487064381,-3855.342498390866,84.92273490122989,0.0,0.0
1233,0.021702758650027028,4,APBB1,18.621935679469626,35.929679052187296,-3701.9126992521533,-6.665841015720831,0.08334691067098543,SE,3611,4.695166076646231e-05,0.07893291068437734,0.010998725891113281,7436.592358589416,-3713.9666694089274,12.053970156774085,0.000516821918420951,0.00021707477174368983
1234,0.005332648377857102,4,TAF10,18.621935679469626,148.67308888365926,-3465.148409230542,-3.0483019550362807,0.014338512553686601,SE,3611,9.816812333246589e-06,0.25556077587736015,0.010956048965454102,6963.063778546193,-3469.232839083551,4.084429853009169,0.04328005057450279,0.013850743023951317
1235,0.02903906327697969,4,DENND5A,18.621935679469626,26.6511899455325,-3058.3405041655524,-2.2935766652870804,0.02050529343017429,SE,3611,3.374176931980595e-05,0.03264195647228917,0.004388332366943359,6149.447968416214,-3101.112223246121,42.7717190805688,6.151512632612821e-11,4.601740146115841e-11
1236,0.045006693000720216,4,MTRNR2L8,18.621935679469626,16.91300099961256,-3663.3926663655916,-5.1492663617277605,0.07170262454269073,SE,3611,4.741179966956202e-05,0.02035816502602628,0.005005836486816406,7359.552292816293,-3753.5234643333592,90.13079796776765,0.0,0.0
1237,0.009073745338299773,4,EIF4G2,18.621935679469626,87.04667740751805,-3768.207745814858,-5.167314710914966,0.04281305472747648,SE,3611,1.3969591527671961e-05,0.12756895857823528,0.010887622833251953,7569.182451714825,-3774.9353498459686,6.727604031110786,0.00949320327832115,0.0033675985655420146
1238,0.006022220958042044,4,PSMA1,18.621935679469626,131.55805356890255,-3353.4438633148093,-4.026052016529098,0.023764222740429428,SE,3611,3.347714000569709e-05,0.6853086490077139,0.010053396224975586,6739.654686714728,-3355.630210249142,2.186346934332505,0.13923920691528535,0.040654788974126964
1240,0.041712143967624016,4,RPS13,18.621935679469626,18.31179515644445,-3485.800384631872,-5.125532231308375,0.0667182575302775,SE,3611,1.7945243246872343e-05,0.008853666132372436,0.0037631988525390625,7004.367729348854,-3631.603769732049,145.8033851001769,0.0,0.0
1241,0.05169225655985829,4,LDHA,18.621935679469626,14.622487385290842,-3777.871702453955,-6.210683621561595,0.09937272555295519,SE,3611,0.00013775090966935768,0.04604455500783646,0.0037839412689208984,7588.51036499302,-3837.166974319852,59.29527186589712,1.354472090042691e-14,1.265661281477966e-14
1242,0.04922873926432049,4,SVIP,18.621935679469626,15.39411695238404,-3129.216265839264,-2.75069440177903,0.034407341450337886,SE,3611,6.965306553122421e-05,0.025421306469100683,0.0037758350372314453,6291.1994917636375,-3190.8705481843535,61.65428234508954,4.107825191113079e-15,3.984246034451285e-15
1243,0.03211747538391572,4,KIAA1549L,18.621935679469626,24.020314999963905,-3352.7537404003906,-4.30009575866875,0.04624528134084005,SE,3611,4.520217134388362e-05,0.036195105976439865,0.0038633346557617188,6738.274440885891,-3390.3757645161163,37.62202411572571,8.586943378574574e-10,6.012694746450272e-10
1244,0.014012457805155813,4,CD59,18.621935679469626,56.086011874872426,-3622.2410989525324,-4.2204206452796535,0.03449068499434379,SE,3611,6.329129830911778e-05,0.24733508800360574,0.012102842330932617,7277.249157990174,-3631.1407986550857,8.899699702553335,0.002852175580948857,0.0010934976884526776
1247,0.026265074522907838,4,SYT13,18.621935679469626,29.550141150188345,-3401.984565752041,-4.389354596302432,0.044307754280849924,SE,3611,3.204260424903953e-05,0.03746829327075297,0.0037703514099121094,6836.736091589191,-3443.5663071728936,41.58174142085272,1.1304412961266053e-10,8.363139369463286e-11
1248,0.023867116857330586,4,MAPK8IP1,18.621935679469626,32.59916179150405,-3748.8813402716914,-4.225920657126282,0.04297538063624977,SE,3611,2.45752505459235e-05,0.03446368381882987,0.0043637752532958984,7530.529640628492,-3784.85440943494,35.97306916324851,2.0006363232738522e-09,1.3497717904306148e-09
1249,0.009841292005687506,4,PSMC3,18.621935679469626,80.19552646882487,-3520.143117861022,-3.812167640703853,0.02576179672855506,SE,3611,1.9259748236780948e-05,0.14998822470043194,0.012232542037963867,7073.053195807153,-3526.8477689777583,6.704651116736386,0.009616174393896837,0.003404466182057686
1251,0.0043040031048228716,4,TMX2,18.621935679469626,184.39605899138797,-3079.4841258587967,-3.105933875426179,0.013215528925309607,SE,3611,1.8195404256790902e-05,0.7240561485556358,0.012752056121826172,6191.735211802703,-3081.342503833598,1.8583779748014422,0.17281212199705376,0.04977988086039534
1252,0.029868067015223987,4,SELENOH,18.621935679469626,25.889349161125065,-3657.772550498738,-5.5034808533153345,0.06702901650642532,SE,3611,3.777365872098886e-05,0.03465805111149989,0.0038309097290039062,7348.312061082585,-3696.8409028193555,39.06835232061758,4.092240990516416e-10,2.9149126939571237e-10
1254,0.05004264862777062,4,TMEM258,18.621935679469626,15.130778370186215,-3608.111871549881,-3.588198783668081,0.050603335200621886,SE,3611,5.997910245201544e-05,0.02125280460000291,0.003872394561767578,7248.990703184872,-3675.140260721105,67.02838917122381,2.220446049250313e-16,2.3125563443207146e-16
1256,0.24390041148760513,4,PLA2G16,18.621935679469626,2.4709497776180402,-3080.772840316222,-1.2185724927884563,0.1303348767582107,SE,3611,0.00031961182131476856,0.009803847873163785,0.004400730133056641,6194.312640717553,-3558.643425068346,477.87058475212416,0.0,0.0
1257,0.11144303792903218,4,RTN3,18.621935679469626,6.355208177851873,-2864.919998762887,-8.470065713330355,0.17804658958646077,SE,3611,0.0001942352224707584,0.017593736549648777,0.004348039627075195,5762.606957610884,-3018.794117781218,153.87411901833093,0.0,0.0
1258,0.037042725398546576,4,COX8A,18.621935679469626,20.72056225678487,-3466.7138955631494,-7.184879239901346,0.1063047148209718,SE,3611,4.197723798338379e-05,0.025774280624661864,0.0038061141967773438,6966.194751211408,-3525.2497113586032,58.5358157954538,1.9984014443252818e-14,1.84487068088236e-14
1259,0.012936169756623506,4,OTUB1,18.621935679469626,60.81867883004302,-3735.9159253121416,-4.9721110764436895,0.04430565556537609,SE,3611,1.6277354157819838e-05,0.07430553553098783,0.008212804794311523,7504.598810709393,-3749.8494457012484,13.933520389106889,0.00018939070154588844,8.272173076108542e-05
1260,0.00420725682658271,4,VEGFB,18.621935679469626,188.65459297188343,-3055.4039423608356,-2.5750695746609034,0.009518987116912209,SE,3611,6.605612569236238e-06,0.2749769342390828,0.00933527946472168,6143.574844806781,-3059.0384295540234,3.6344871931878515,0.05659403672476171,0.017699698737137243
1261,0.0068825191986690475,4,FKBP2,18.621935679469626,115.01398326345071,-3631.1759021336456,-3.8339865007924767,0.023315588322787042,SE,3611,1.975424530858034e-05,0.31071665272151155,0.009926795959472656,7295.118764352401,-3634.78470117963,3.608799045984142,0.057474610051892916,0.017933269834796563
1262,0.007854598000845094,4,BAD,18.621935679469626,100.68129918688899,-3596.36594039352,-4.577964954640628,0.0328319556402268,SE,3611,1.9002481682758887e-05,0.23041375491849828,0.008814334869384766,7225.498840872149,-3602.7008471474146,6.3349067538947565,0.01183843401703677,0.004128547150994027
1263,0.0049762585687159544,4,TRMT112,18.621935679469626,159.3778465457277,-3536.974056412062,-3.80954779408269,0.020511131914757046,SE,3611,7.93020878729788e-06,0.23672617001351742,0.011064291000366211,7106.715072909234,-3541.6623980993554,4.688341687293359,0.030367942021170102,0.00994378462103863
1264,0.030185486943889436,4,PRDX5,18.621935679469626,25.60872417545814,-3580.340851247399,-6.703178496133182,0.0907738423386558,SE,3611,3.103894600320703e-05,0.027918816401717995,0.003869771957397461,7193.448662579907,-3640.6089682423935,60.26811699499467,8.326672684688674e-15,7.93272547063833e-15
1266,0.006474046416329787,4,ARL2,18.621935679469626,122.32095340999777,-3654.3520280500124,-3.9822685673694145,0.024405544961344554,SE,3611,1.028119771008124e-05,0.18245525056121115,0.01276087760925293,7341.471016185134,-3659.2832906057374,4.93126255572497,0.02637504070498098,0.00870560784108463
1268,0.07879547605754295,4,FAU,18.621935679469626,9.31863342898947,-3191.3520966311544,-5.035884525743916,0.08220558345108575,SE,3611,9.249624942381487e-05,0.014794483284673332,0.0050334930419921875,6415.471153347418,-3344.612485577095,153.26038894594058,0.0,0.0
1269,0.05839845237320895,4,NEAT1,18.621935679469626,12.851779787458183,-3094.1120682852293,-1.1957287267843126,0.02747662271042595,SE,3611,9.165078326788818e-05,0.024646873720026476,0.004386186599731445,6220.991096655568,-3199.3878651054915,105.27579682026226,0.0,0.0
1270,0.009085509684000884,4,LTBP3,18.621935679469626,86.93293318518829,-3040.269083199466,-2.4920612823533115,0.012314633932053514,SE,3611,1.7515629843038856e-05,0.15954483400800143,0.015543460845947266,6113.3051264840415,-3048.088551132643,7.819467933176838,0.005168640996985885,0.0019079635789411701
1271,0.02880473065429881,4,CFL1,18.621935679469626,26.874487404633584,-3014.744940127115,-7.182084833432796,0.09635304882960254,SE,3611,0.00014283919883345425,0.14030772435588268,0.008310317993164062,6062.25684033934,-3028.281703034655,13.536762907539924,0.00023393553817874224,0.00010127079574837325
1272,0.03272851203765943,4,CCDC85B,18.621935679469626,23.556977926358147,-3641.923426844644,-6.29003994497523,0.08450567693968626,SE,3611,3.28048343525077e-05,0.02535879016078429,0.003711223602294922,7316.613813774397,-3701.102235241277,59.17880839663303,1.4432899320127035e-14,1.3416433904009693e-14
1274,0.017802478753686124,4,DRAP1,18.621935679469626,43.97600844414895,-3567.1853791335834,-3.8320217486688524,0.03234979500455412,SE,3611,4.840300516972078e-05,0.11902300653281721,0.01038217544555664,7167.137718352276,-3578.7032966321226,11.517917498539191,0.0006892856502760392,0.0002843905829810232
1275,0.003714338920328626,4,BANF1,18.621935679469626,213.79611073417618,-3378.1261691501786,-3.1839337867986406,0.013347407275910415,SE,3611,6.2762930704935365e-06,0.33452774730920626,0.011623144149780273,6789.019298385467,-3381.0807743557716,2.9546052055929977,0.08563321810767499,0.02586179293792396
1278,0.06184363013418973,4,B4GAT1,18.621935679469626,12.091431148732994,-3730.520758801263,-6.891433527054701,0.12197376926372662,SE,3611,0.00014295999946846577,0.03474808729221905,0.004364490509033203,7493.808477687636,-3809.1273813099024,78.60662250863925,0.0,0.0
1279,0.014295511420173535,4,GRK2,18.621935679469626,54.959716914369906,-3434.307176989846,-3.629256996319559,0.026951149884969376,SE,3611,1.5787866763028453e-05,0.05934708826537099,0.009946584701538086,6901.381314064802,-3450.540639115713,16.233462125866936,5.599625700647426e-05,2.580271136661966e-05
1280,0.4233527856560819,4,CARNS1,18.621935679469626,1.0856884716931818,-2828.8459587669367,-0.6014365613392966,0.25112099807778143,SE,3611,0.0005320019937337845,0.010345560510694483,0.0033845901489257812,5690.458877618983,-3664.4917777033406,835.6458189364039,0.0,0.0
1281,0.04391158439269649,4,GSTP1,18.621935679469626,17.354671539419282,-3706.5751318605458,-3.640538924115875,0.0487593370428011,SE,3611,4.01420746774876e-05,0.01802821661152239,0.003773212432861328,7445.917223806201,-3780.881824728495,74.3066928679491,0.0,0.0
1282,0.009934208970754376,4,NDUFS8,18.621935679469626,79.43798387564004,-3711.7053878993775,-4.7625894764945675,0.03802426178014026,SE,3611,1.0580204714977409e-05,0.08089185951749052,0.009596586227416992,7456.177735883864,-3726.4160437738656,14.710655874488111,0.0001253359878704563,5.560435584898806e-05
1283,0.005804872256512837,4,MRPL21,18.621935679469626,136.5137551538178,-3022.921355931443,-3.128172564686295,0.014807302985370223,SE,3611,4.613228975089092e-06,0.10154993776585121,0.00983572006225586,6078.609671947996,-3031.176857872261,8.255501940817794,0.004062867206491627,0.0015335497740580004
1284,0.016469008526454037,4,CTTN,18.621935679469626,47.60121571782464,-3386.0796195164075,-2.9170297396139357,0.0210536454289398,SE,3611,5.6939142146706696e-05,0.16271366562992556,0.010611772537231445,6804.926199117925,-3396.270500111881,10.190880595473573,0.0014113689906480875,0.0005611616042067334
1286,0.016833172919535365,4,PPME1,18.621935679469626,46.55418001706988,-3194.863558370291,-3.641772140167758,0.027783962126008026,SE,3611,2.4404886872279953e-05,0.06685606796141874,0.009980916976928711,6422.494076825691,-3213.6196137662696,18.75605539597882,1.485509155130238e-05,7.145947016117737e-06
1287,0.05160903440357892,4,RPS3,18.621935679469626,14.647352197817101,-3736.5790696354466,-4.568840712612217,0.06770048286241383,SE,3611,5.454471168905303e-05,0.018284913093910178,0.003823518753051758,7505.925099356003,-3829.8830542619403,93.30398462649373,0.0,0.0
1288,0.04076928248731035,4,PAK1,18.621935679469626,18.753721368922427,-3754.497414043983,-6.385243945299975,0.09426057847996527,SE,3611,5.655239372510993e-05,0.02909691472378505,0.003777742385864258,7541.761788173076,-3815.6819934421214,61.18457939813834,5.218048215738236e-15,5.033761359198101e-15
1289,0.012022536634581336,4,NDUFC2,18.621935679469626,65.5010676083209,-3711.8862700673226,-6.678525413170527,0.07246823603450726,SE,3611,1.879440049398846e-05,0.09895826982716598,0.00807952880859375,7456.539500219755,-3726.082961908025,14.196691840702442,0.00016465974476109757,7.245077888660419e-05
1290,0.07009798018986271,4,GRIA4,18.621935679469626,10.573752396413948,-3145.8924036774456,-3.757643370037416,0.05650615051767822,SE,3611,0.0001165189294264984,0.022766898329883444,0.004927873611450195,6324.551767440001,-3255.6375394025945,109.74513572514888,0.0,0.0
1291,0.03167824518714014,4,ELMOD1,18.621935679469626,24.364416942088027,-3329.1325280650044,-4.212729337749636,0.044548522996642505,SE,3611,4.112546438226942e-05,0.03379033529796573,0.0037550926208496094,6691.032016215118,-3374.2613282472194,45.128800182214945,1.8449242134011e-11,1.4445989195841395e-11
1292,0.04938667315105745,4,NCAM1,18.621935679469626,15.342339069627945,-3855.752888628281,-4.625303402719294,0.0690813697329165,SE,3611,6.629630120508719e-05,0.024056747372386427,0.004972696304321289,7744.272737341672,-3948.5814308894005,92.82854226111931,0.0,0.0
1293,0.0066554585624716694,4,PAFAH1B2,18.621935679469626,118.96504562779856,-3499.1550248669646,-3.639292690103213,0.020875806698019524,SE,3611,1.3278968764298769e-05,0.22315107436922657,0.009820938110351562,7031.077009819039,-3503.702520470926,4.547495603961579,0.0329669322182099,0.010768735471566737
1294,0.040312183937352024,4,BACE1,18.621935679469626,18.975407180499666,-3070.0173062937033,-2.235593462073678,0.025227989481445008,SE,3611,3.053771072877958e-05,0.016041016701959367,0.0038137435913085938,6172.801572672516,-3176.3816503381013,106.36434404439797,0.0,0.0
1295,0.009663789096247674,4,SCN2B,18.621935679469626,81.68318536684015,-3232.1498178295724,-3.502424801613189,0.021654777267555263,SE,3611,1.221017093550702e-05,0.09854156759872243,0.00897216796875,6497.066595744254,-3241.521362015307,9.37154418573482,0.0022037978891401577,0.0008565485866882036
1296,0.043177887871200415,4,RPS25,18.621935679469626,17.66311346678397,-3588.13765187363,-5.511603666208007,0.07602977525908533,SE,3611,6.886594740428733e-05,0.03189495933293972,0.003829479217529297,7209.04226383237,-3639.821635810825,51.683983937194625,6.519229600598919e-13,5.506579047034163e-13
1297,0.020639742650342966,4,SORL1,18.621935679469626,37.82122995203464,-3609.142528001278,-4.864990674610352,0.04881189612485277,SE,3611,6.399591599382761e-05,0.11843993946299822,0.01162409782409668,7251.052016087666,-3619.7108409036173,10.56831290233913,0.0011504267262186785,0.00046255401967358617
1298,0.14781733490404314,4,HSPA8,18.621935679469626,4.59520380154504,-3023.889671134983,-8.641752093555398,0.20909875635215133,SE,3611,0.00026843761937885057,0.015830217667619686,0.004427433013916016,6080.546302355076,-3268.698138662522,244.80846752753905,0.0,0.0
1299,0.104633998723822,4,HEPACAM,18.621935679469626,6.820641549773361,-3289.9658782097913,-1.4600774530097178,0.056160790447618424,SE,3611,0.0001549684458623194,0.01551830409374309,0.00438237190246582,6612.698716504692,-3475.4435728170683,185.47769460727704,0.0,0.0
1300,0.21599804735415104,4,FEZ1,18.621935679469626,2.8931088177093023,-3808.0783827109562,-4.32812804835439,0.19975064388335767,SE,3611,0.00026944362834210856,0.009535957108207486,0.004394054412841797,7648.923725507022,-4173.039191079453,364.96080836849706,0.0,0.0
1301,0.0293875053804197,4,NTM,18.621935679469626,26.32574108765739,-3570.284061857835,-4.121041351636045,0.04392585967740161,SE,3611,3.04211367210964e-05,0.028776340557788306,0.0044209957122802734,7173.335083800779,-3604.8161673439736,34.53210548613879,4.192783453760285e-09,2.766121254297851e-09
1302,0.0069037739148989025,4,VPS26B,18.621935679469626,114.65743463624939,-3027.2738941000243,-3.649719276883944,0.020426544649458072,SE,3611,1.3747126700630802e-05,0.21491958036195244,0.012421607971191406,6087.314748285158,-3033.1357919790385,5.861897879014123,0.015472102110046126,0.0052925210139884125
1305,0.07538778079995927,4,PFKP,18.621935679469626,9.775885790102933,-3680.781382153957,-5.495003082555154,0.09983694595116414,SE,3611,0.00010916493715146765,0.01882470549859011,0.004359006881713867,7394.329724393024,-3766.721749410428,85.94036725647084,0.0,0.0
1307,0.014117302135454717,4,ATP5F1C,18.621935679469626,55.66356084584083,-3676.5797458127336,-4.906524818694942,0.04424007996346218,SE,3611,1.1866646897218106e-05,0.04570692804785713,0.010401010513305664,7385.926451710577,-3696.9284354966794,20.34868968394585,6.4537266258879455e-06,3.217048588436877e-06
1308,0.022488751445706615,4,CAMK1D,18.621935679469626,34.6460612552607,-3339.1461613153515,-3.6833366622658477,0.032358833806857744,SE,3611,2.666802081077803e-05,0.041887821415454565,0.004343986511230469,6711.0592827158125,-3371.1313465848143,31.985185269462818,1.5535283726109128e-08,9.757097507349783e-09
1310,0.2519149116338993,4,PIP4K2A,18.621935679469626,2.3669799120715056,-3068.13568934617,-1.3910692540477136,0.13585823707297925,SE,3611,0.0002585660721047377,0.007650482462134982,0.004401445388793945,6169.038338777449,-3521.81187652829,453.67618718212043,0.0,0.0
1313,0.3722557858129723,4,LINC00844,18.621935679469626,1.344122068920397,-3268.253171994792,-0.9722250029940233,0.26040168336960007,SE,3611,0.0004316870578605027,0.00899836571814658,0.0031256675720214844,6569.273304074693,-4033.130806996937,764.8776350021449,0.0,0.0
1314,0.017162275452243053,4,PHYHIPL,18.621935679469626,45.646175892178704,-3667.1298068832893,-4.848472097468307,0.04605955012797185,SE,3611,0.0003041794707021833,0.8027153093996648,0.008304119110107422,7367.026573851688,-3670.1482542837534,3.0184474004640833,0.08232224430014168,0.024917978728239067
1316,0.04049133276055594,4,HK1,18.621935679469626,18.887926327154776,-3661.697342029019,-5.21148684644816,0.06960305456874116,SE,3611,3.7827218988572104e-05,0.019708772472894046,0.003905057907104492,7356.161644143148,-3732.453836122844,70.75649409382504,0.0,0.0
1317,0.006263646300445998,4,SAR1A,18.621935679469626,126.45657115262448,-3058.723713366624,-3.1832711152906774,0.015704110323368953,SE,3611,1.5787424610639804e-05,0.29904913943850975,0.008841276168823242,6150.2143868183575,-3062.9155237178247,4.191810351200729,0.04061969869334414,0.013061708212924048
1319,0.00818089809417548,4,PSAP,18.621935679469626,96.63377267499384,-2599.0457720983995,-6.564113075064837,0.06178155173369689,SE,3611,8.384720676643535e-06,0.09384662509711976,0.009886741638183594,5230.858504281909,-2610.982652131801,11.936880033401394,0.0005503356432533524,0.00022989098663231232
1320,0.03157979012162487,4,SPOCK2,18.621935679469626,24.442861922691243,-3753.344618572895,-4.835271864586478,0.057823978877894665,SE,3611,3.785971243136703e-05,0.031288895440805174,0.0038046836853027344,7539.456197230899,-3797.481801908476,44.137183335581085,3.0614955015551004e-11,2.36951639238818e-11
1321,0.011609236618449223,4,KCNMA1,18.621935679469626,67.86134528993519,-3203.097257643367,-3.1536472015805597,0.019586894164518403,SE,3611,1.9815991243402107e-05,0.11170821017344561,0.008133888244628906,6438.961475371843,-3214.2491472213997,11.151889578032751,0.0008394612276256819,0.000342400362460527
1322,0.09001229177774574,4,RPS24,18.621935679469626,8.05807224002029,-2995.084299471497,-5.19504652978966,0.08702781339665448,SE,3611,0.00013856088023330633,0.01773255748613215,0.005210161209106445,6022.935559028104,-3125.265889847765,130.18159037626765,0.0,0.0
1323,0.08728665658840751,4,GHITM,18.621935679469626,8.334585205147347,-3703.0341396870467,-7.022445812536038,0.14391344374120202,SE,3611,0.00014693165514962814,0.019788433783567167,0.004297494888305664,7438.835239459203,-3829.0845753327335,126.05043564568678,0.0,0.0
1324,0.2819941299702378,4,OPALIN,18.621935679469626,2.029482806778837,-2952.052896364483,-0.6117803467916831,0.14494755997216643,SE,3611,0.0003601823611705919,0.009467247311266233,0.003734111785888672,5936.872752814075,-3561.964635896166,609.911739531683,0.0,0.0
1326,0.0920698600539449,4,GOT1,18.621935679469626,7.860178342193798,-3764.679969224031,-6.447347448388271,0.13529748595405747,SE,3611,0.00017248093075082987,0.021264905933730066,0.004305124282836914,7562.126898533172,-3891.4656601496563,126.7856909256252,0.0,0.0
1327,0.017112149641893486,4,NDUFB8,18.621935679469626,45.782219900386536,-3733.176196058801,-6.152081498302287,0.06854487961700231,SE,3611,1.8076194800157824e-05,0.04797225236949711,0.009443998336791992,7499.1193522027115,-3758.8766024697507,25.700406410949654,3.987430748919607e-07,2.216282752578962e-07
1328,0.007513187141334106,4,OGA,18.621935679469626,105.29263352637378,-3353.5901148750945,-3.569147800650856,0.020773768853191793,SE,3611,1.3125378900370085e-05,0.1736984955758935,0.013181924819946289,6739.947189835299,-3358.7481750546376,5.158060179543099,0.02313872697482222,0.007742215683743612
1329,0.003912051732568809,4,CUEDC2,18.621935679469626,202.9506964838609,-3430.3459742287832,-3.478798153871942,0.015945157762406816,SE,3611,7.326865789560764e-06,0.3523366173435648,0.012247085571289062,6893.458908542676,-3432.8886138911466,2.542639662363399,0.11080939557427305,0.032891051662132666
1330,0.008834124261287293,4,ACTR1A,18.621935679469626,89.42939392516406,-3410.7354446836653,-4.2209564134710975,0.029155079516336592,SE,3611,1.922151960779541e-05,0.18499725170314857,0.009527206420898438,6854.23784945244,-3417.8412705913006,7.105825907635335,0.007683381499798081,0.002769547339247842
1332,0.08369778419700427,4,INA,18.621935679469626,8.726140992002438,-3690.674717576949,-6.326158334184396,0.12391773173455067,SE,3611,0.00011652878663205822,0.016834537012689468,0.0049152374267578125,7414.116395239008,-3839.9301023359417,149.25538475899248,0.0,0.0
1333,0.04665256000942694,4,ATP5MD,18.621935679469626,16.288203034545234,-3421.281948659998,-8.008616238138115,0.1344948042780841,SE,3611,5.605350655135192e-05,0.02254773631921087,0.005038261413574219,6875.330857405105,-3506.8932297607334,85.6112811007356,0.0,0.0
1334,0.004721815417914624,4,GSTO1,18.621935679469626,168.0091477082299,-3557.189023189516,-4.148778752721466,0.023461239308028892,SE,3611,1.1240696357347086e-05,0.3722923968361151,0.011050701141357422,7147.145006464141,-3559.6250042745182,2.4359810850023678,0.11857968476340508,0.034984505455750076
1335,0.03022746482887913,4,HSPA12A,18.621935679469626,25.57205356900099,-3462.07635609057,-4.598843334608839,0.0504179102053032,SE,3611,5.9404780444584334e-05,0.05329396299579925,0.003984212875366211,6956.919672266249,-3498.5793301467966,36.502974056226776,1.5243348805427104e-09,1.040200762803839e-09
1336,0.09553813874154304,4,SHTN1,18.621935679469626,7.545898028683067,-3266.740637945962,-2.1047121934786697,0.054773017368297434,SE,3611,0.00013593542903791124,0.015772274707007646,0.00440526008605957,6566.248235977034,-3448.143243763709,181.40260581774692,0.0,0.0
1337,0.003288364421004791,4,PRDX3,18.621935679469626,241.594496736849,-3426.7217035141584,-3.7760781607890506,0.01731132390714957,SE,3611,7.1997185837580894e-06,0.4887410049415768,0.012143850326538086,6886.210367113426,-3428.766179718297,2.044476204138391,0.15275955489887083,0.04428901100262103
1338,0.04388347459290213,4,INPP5F,18.621935679469626,17.366298737953645,-3800.152820381037,-5.246096243261215,0.07464006772887817,SE,3611,5.069938576873785e-05,0.022796237800363425,0.003878355026245117,7633.072600847184,-3877.3172468749867,77.16442649394958,0.0,0.0
1339,0.1912921241781995,4,FGFR2,18.621935679469626,3.36970616579288,-3030.9877359692173,-1.3061887344942307,0.09441398706447221,SE,3611,0.00020369301951394083,0.0084077751521256,0.004430532455444336,6094.742432023544,-3433.896041737932,402.90830576871485,0.0,0.0
1341,0.056395079013732585,4,HTRA1,18.621935679469626,13.336640278052714,-3907.6560731337636,-3.667582586369002,0.06140737962151267,SE,3611,7.48972955880327e-05,0.02142820384794688,0.004306793212890625,7848.079106352637,-4002.326292651451,94.6702195176872,0.0,0.0
1342,0.01181682119097147,4,OAT,18.621935679469626,66.6552317393108,-3567.315934004785,-4.835704477604689,0.04055841145574349,SE,3611,1.4809480275378226e-05,0.08064666798170436,0.009736776351928711,7167.39882809468,-3579.1376057975776,11.821671792792586,0.000585452696452271,0.0002439903163854206
1343,0.24603709485004416,4,LHPP,18.621935679469626,2.4425689866705316,-3168.129242587405,-1.4298896138913388,0.13930250869178343,SE,3611,0.00034527678093840595,0.010487674958449274,0.00434112548828125,6369.025445259919,-3673.731241571179,505.60199898377414,0.0,0.0
1344,0.0113255042439564,4,UROS,18.621935679469626,69.58141137203194,-3312.8578724305844,-3.461460908257932,0.022677173136644947,SE,3611,1.675459172213983e-05,0.09912602851748974,0.010442495346069336,6658.482704946278,-3324.5432468325644,11.68537440197997,0.0006299330904032674,0.00026090594828917355
1345,0.023562495484122408,4,KNDC1,18.621935679469626,33.0309159979511,-2988.7533837083574,-3.1622376066349847,0.025288041095609136,SE,3611,4.096877636286752e-05,0.05887569220939109,0.009229898452758789,6010.273727501824,-3011.281201000642,22.527817292284453,2.071224604272004e-06,1.0682015004549672e-06
1346,0.006125855693699134,4,ECHS1,18.621935679469626,129.3189233775714,-3533.1003551686154,-3.4912377715229415,0.018985393340800412,SE,3611,9.003087087260043e-06,0.17819506995468284,0.011509418487548828,7098.96767042234,-3539.1800465231486,6.0796913545332245,0.013674465994757079,0.0047258288055920085
1347,0.04776807202758239,4,WNK1,18.621935679469626,15.889216250830568,-3186.317044592701,-1.9835038768034687,0.028080697201720496,SE,3611,4.780655385815702e-05,0.018424202926696946,0.0037398338317871094,6405.401049270512,-3282.880937931759,96.56389333905781,0.0,0.0
1348,0.015272374895704722,4,FKBP4,18.621935679469626,51.39335799575625,-3328.990347627474,-3.157299909690044,0.022324243500716084,SE,3611,3.1046036180262874e-05,0.10266206863022967,0.012260913848876953,6690.7476553400575,-3341.8563897263266,12.866042098852631,0.00033459851904049653,0.00014322943207856995
1349,0.03046285604347849,4,CCND2,18.621935679469626,25.368295246340182,-3679.2470247325978,-4.277690179295529,0.04783825302573768,SE,3611,4.921508773666135e-05,0.04351410853283266,0.00384521484375,7391.261009550305,-3715.2740257113646,36.027000978766864,1.946021677134979e-09,1.3145784171165992e-09
1350,0.20265209110207325,4,CD9,18.621935679469626,3.1361311766266122,-3123.6023301052023,-0.982656250530728,0.10486197172407564,SE,3611,0.0002910050137132446,0.011151369650260244,0.004408597946166992,6279.971620295514,-3514.676844917033,391.0745148118308,0.0,0.0
1351,0.00441995392274673,4,MRPL51,18.621935679469626,179.53779680910893,-3421.196696021505,-3.2990576008875454,0.01519795843179188,SE,3611,5.746468980797973e-06,0.21693536370011274,0.009933233261108398,6875.1603521281195,-3425.602236845859,4.4055408243539205,0.03582236449042897,0.011628402442494827
1352,0.022873586038775866,4,MLF2,18.621935679469626,34.049751447645434,-3773.2514450170893,-5.981315432578161,0.0711389748532536,SE,3611,3.196203909429834e-05,0.048604234465724046,0.004812002182006836,7579.269850119288,-3799.8388067574956,26.587361740406322,2.5188609864557066e-07,1.4296565483490783e-07
1353,0.007166792586811343,4,USP5,18.621935679469626,110.420296392892,-3201.4673188451998,-3.1715132917029134,0.016583321269806873,SE,3611,1.2626842726181672e-05,0.1833813427831107,0.009800195693969727,6435.701597775509,-3206.530158162147,5.062839316947247,0.024444159217738903,0.008148513440570628
1354,0.09392344107172003,4,TPI1,18.621935679469626,7.689327334553315,-3173.7073920454604,-7.398859759487013,0.14412797049163592,SE,3611,0.00012713440646532238,0.015168810795105072,0.004545688629150391,6380.18174417603,-3335.272445637007,161.56505359154653,0.0,0.0
1356,0.01112334223889,4,C12orf57,18.621935679469626,70.86051031262367,-3797.2215857231795,-5.221108590727,0.04628452251060668,SE,3611,1.0515729239713772e-05,0.06444302755922741,0.009722471237182617,7627.2101315314685,-3812.6679167229267,15.44633099974726,8.48815670168035e-05,3.851724699270425e-05
1357,0.024730595055869446,4,NECAP1,18.621935679469626,31.43311950408518,-3233.6724448955665,-3.6957276056198882,0.033167817212467594,SE,3611,5.8935914702804545e-05,0.07725006026060464,0.010870933532714844,6500.111849876243,-3252.4374987486653,18.765053853098834,1.4785163244379618e-05,7.1186929281736366e-06
1358,0.013249999800610042,4,A2M,18.621935679469626,59.35929211120506,-3377.5065849893617,-2.4042430648616664,0.014983155819058598,SE,3611,2.566524360470627e-05,0.11182089218156435,0.010855436325073242,6787.780130063833,-3386.974218118393,9.467633129031128,0.0020912902851706328,0.0008157760451244121
1359,0.01181602831273753,4,CDKN1B,18.621935679469626,66.65975791865787,-3060.9821027745575,-2.609109218209274,0.014731285780200741,SE,3611,2.5647190574936468e-05,0.1396829099297784,0.009147167205810547,6154.731165634224,-3068.3793047472773,7.397201972719813,0.0065325408719134614,0.002377080988299582
1360,0.02457287044277262,4,FAM234B,18.621935679469626,31.639993766775955,-3215.037158165207,-3.060220851993012,0.026025554392602325,SE,3611,4.08024815751528e-05,0.05413578034518269,0.0037412643432617188,6462.841276415524,-3245.2739667621236,30.23680859691649,3.8238312849436795e-08,2.3359499462795308e-08
1361,0.08626889368183878,4,LDHB,18.621935679469626,8.442316525080129,-3496.4769600200907,-7.497425904176136,0.14999707256064926,SE,3611,0.00019126353249223303,0.02626738345371064,0.0043468475341796875,7025.720880125291,-3617.1164932422357,120.63953322214502,0.0,0.0
1363,0.008695977697682374,4,DNM1L,18.621935679469626,90.86275502852182,-3263.075803649079,-3.6758264131228224,0.022696630950958675,SE,3611,1.8161787532961025e-05,0.1802928144386581,0.013350248336791992,6558.918567383267,-3267.889011225715,4.8132075766361595,0.0282424295181688,0.009287683749913378
1364,0.015717212049358362,4,ZCRB1,18.621935679469626,49.916235833770585,-3066.221182854175,-2.5878929065396252,0.016599609327605888,SE,3611,5.753605287687037e-05,0.17996934825272845,0.009932994842529297,6165.209325793459,-3072.1657259878825,5.944543133707612,0.014762917231236794,0.005066085713040022
1365,0.007065833633894491,4,SLC38A1,18.621935679469626,112.00940669773502,-3100.705679126564,-2.7299255661399,0.012853195491080344,SE,3611,7.675070622761784e-06,0.1146262584680417,0.011566638946533203,6234.178318338238,-3107.423669728203,6.7179906016390305,0.009544510332812894,0.003383561314882898
1367,0.13447825691441923,4,SLC48A1,18.621935679469626,5.130070824466067,-3324.063521179813,-2.2951422119067306,0.08056857315991418,SE,3611,0.0001851904111920777,0.012558465381744474,0.00446772575378418,6680.894002444736,-3552.2665672646312,228.2030460848182,0.0,0.0
1368,0.028460277064273964,4,PFKM,18.621935679469626,27.20939517420752,-3606.568590357934,-4.421989508970447,0.0478517216889923,SE,3611,3.5466523602414047e-05,0.035636644481202163,0.0038352012634277344,7245.904140800978,-3653.234113710459,46.665523352524815,8.419709374152262e-12,6.720276692031702e-12
1369,0.02065834065178373,4,CACNB3,18.621935679469626,37.78646320847496,-3056.772456008858,-3.24343460162461,0.025014928028142615,SE,3611,3.115170062053132e-05,0.057554371879634275,0.009199857711791992,6146.311872102826,-3079.1999107046267,22.427454695768574,2.1823209797044996e-06,1.1233374437494807e-06
1370,0.3855320903145508,4,TUBA1B,18.621935679469626,1.2703872420483968,-2180.7990248448086,-7.670034270619987,0.27050182990799077,SE,3611,0.000414820266911692,0.008460571677150927,0.0032448768615722656,4394.365009774727,-2642.507924178175,461.7088993333664,0.0,0.0
1371,0.2147904241435717,4,TUBA1A,18.621935679469626,2.9138562406680943,-2990.347569964011,-6.13763815809895,0.1767984006407155,SE,3611,0.00025642842973382405,0.009137924154746777,0.0048787593841552734,6013.462100013132,-3580.5364185346607,590.1888485706495,0.0,0.0
1372,0.029840287536815426,4,KCNH3,18.621935679469626,25.91419258310126,-3141.8130876214573,-3.166688327400299,0.029318298582126496,SE,3611,3.8744051634635946e-05,0.0356106240491475,0.004323244094848633,6316.393135328024,-3172.0008558167065,30.18776819524919,3.9217507019628783e-08,2.3903232584277874e-08
1373,0.03224665707200931,4,TMBIM6,18.621935679469626,23.920895332523063,-3868.6105258568,-4.317568343396177,0.05170586532067587,SE,3611,5.525588632414437e-05,0.043914580790436405,0.004329681396484375,7769.9880117987095,-3908.6811844190615,40.07065856226154,2.4494062333957345e-10,1.7729722459863614e-10
1374,0.009298770529739334,4,COX14,18.621935679469626,84.92090643368738,-3584.9835460181985,-4.046040044294999,0.02803762780530396,SE,3611,4.6430450418572083e-05,0.40410100635062973,0.011554241180419922,7202.7340521215065,-3588.3459607120694,3.36241469387096,0.06670019891398626,0.020547510684424987
1375,0.030894671451842038,4,DAZAP2,18.621935679469626,25.002581415137595,-3640.0966460944214,-3.1662902269322655,0.0340386088535059,SE,3611,3.1304342580335584e-05,0.026956770141094114,0.004351139068603516,7312.960252273952,-3691.265852573176,51.169206478754404,8.473222123939195e-13,7.101137859551314e-13
1377,0.021272135897759996,4,PFDN5,18.621935679469626,36.673157498079945,-3716.950913277057,-5.098248174271043,0.05371682089130717,SE,3611,2.060964021149977e-05,0.03600168968409411,0.004294395446777344,7466.668786639224,-3747.145421037344,30.194507760286797,3.9081462843704173e-08,2.3847412429191708e-08
1378,0.00518814409027247,4,PCBP2,18.621935679469626,152.83624987348014,-3932.0989451329497,-5.786265650086643,0.0451214385110789,SE,3611,6.137663055305949e-06,0.16870512615959257,0.013889312744140625,7896.964850351009,-3936.862922798088,4.763977665138555,0.0290613136902369,0.009539432000244671
1379,0.027844335909131476,4,HNRNPA1,18.621935679469626,27.828922811066395,-3861.8452670546735,-5.010071510745448,0.05885431212509643,SE,3611,8.695189857177401e-05,0.09104974244022201,0.009443998336791992,7756.457494194457,-3877.039165042173,15.19389798749944,9.701641000836592e-05,4.3705720675211154e-05
1380,0.01468892518893808,4,BLOC1S1,18.621935679469626,53.46638175852292,-3753.4448830758356,-4.50000399477077,0.03934959804885637,SE,3611,2.4761530351004215e-05,0.08830279198479185,0.009989738464355469,7539.656726236781,-3766.2546035998157,12.809720523980104,0.0003448230764658833,0.00014737096350226088
1381,0.015120497215813104,4,RAB5B,18.621935679469626,51.91758423503289,-3492.3926474246964,-3.405381628534508,0.02537616912878822,SE,3611,4.2540871368485e-05,0.1434235860544487,0.009413957595825195,7017.552254934502,-3500.7689644326983,8.376317008001934,0.003801419843614595,0.0014379008255754654
1382,0.016650902905918172,4,MYL6B,18.621935679469626,47.07251306868095,-3718.318599226858,-4.939837866573545,0.047267754231325586,SE,3611,2.1178974808216142e-05,0.05925173389087196,0.009998083114624023,7469.404158538826,-3742.37585705356,24.05725782670197,9.351312190153394e-07,4.975896637978447e-07
1383,0.03784915267403352,4,MYL6,18.621935679469626,20.262100024755167,-3655.1110663121785,-4.558396668133877,0.0568353128807603,SE,3611,6.140976963457254e-05,0.03623336908146311,0.0038318634033203125,7342.989092709467,-3712.792541116694,57.68147480451535,3.086420008457935e-14,2.7963571943952422e-14
1384,0.008601681439763672,4,CS,18.621935679469626,91.86757934489206,-3195.7954677845937,-3.582792494509803,0.021537764793804107,SE,3611,7.6118284534859905e-06,0.07719865067286504,0.009424209594726562,6424.357895654297,-3208.4738916647893,12.678423880195623,0.0003698992417824343,0.00015758578428163493
1385,0.006853216921730954,4,CNPY2,18.621935679469626,115.5091562088004,-3181.616982681089,-3.083777471734555,0.015562408702497886,SE,3611,1.777000017190372e-05,0.2818673244603662,0.00997781753540039,6396.000925447288,-3184.9955452795057,3.3785625984164653,0.06604963542508913,0.020371835904021425
1386,0.04357348612613059,4,ATP5F1B,18.621935679469626,17.495515743250245,-3369.2969725632142,-7.995113898149398,0.13115108074496648,SE,3611,1.6974103426233964e-05,0.007731573316777545,0.0038428306579589844,6771.360905211538,-3518.332437123662,149.03546456044796,0.0,0.0
1387,0.017505039198964772,4,LRP1,18.621935679469626,44.736777094988255,-3555.898826197281,-4.224964716083035,0.03698815956607315,SE,3611,2.4551964085252317e-05,0.06236643384973985,0.009233236312866211,7144.564612479671,-3572.2948897972747,16.396063599993795,5.1391846563664245e-05,2.3783190424787754e-05
1389,0.0642161649277871,4,KIF5A,18.621935679469626,11.615251642509444,-3767.9667160929207,-6.279219166460664,0.11026382509603593,SE,3611,0.00011956804894638303,0.027206354574750853,0.004430294036865234,7568.700392270951,-3823.390366166318,55.42365007339731,9.71445146547012e-14,8.569865975818438e-14
1391,0.02533165090068779,4,B4GALNT1,18.621935679469626,30.668378787229855,-3120.8666445077806,-3.5701450545299296,0.03133612980501916,SE,3611,3.5604855165339875e-05,0.044589273358051004,0.004313468933105469,6274.500249100671,-3148.9485655809913,28.08192107321065,1.1628711027444893e-07,6.76487823525191e-08
1393,0.01602289405444849,4,AGAP2,18.621935679469626,48.94873611039917,-3225.831942625935,-3.2972302081617766,0.02374806557178569,SE,3611,1.9314789258655632e-05,0.05820521891718124,0.010376453399658203,6484.4308453369795,-3244.9402480380368,19.1083054121018,1.2350625322787856e-05,6.016735975926707e-06
1394,0.009281814042844111,4,CAND1,18.621935679469626,85.07750036759558,-3086.8730272856683,-3.095624662894556,0.017268198204555694,SE,3611,1.2951150262393277e-05,0.11312284034846358,0.009803533554077148,6206.513014656446,-3095.4946939401398,8.621666654471483,0.0033218776330935507,0.0012636413949227562
1396,0.004153466794977706,4,NAP1L1,18.621935679469626,191.10811229423805,-3814.9684672973217,-5.098928036836167,0.03315299114409905,SE,3611,8.048682587432982e-06,0.343706318804563,0.013356924057006836,7662.703894679753,-3817.961590931008,2.993123633686082,0.0836187282365286,0.0252961337535517
1397,0.03039411801435184,4,NDUFA12,18.621935679469626,25.427469714307186,-3658.222710259531,-5.301648300706442,0.06382462334792097,SE,3611,2.7848638448091675e-05,0.024727337053859627,0.004385471343994141,7349.212380604172,-3704.7996256788792,46.5769154193481,8.809175611190767e-12,7.020685682294412e-12
1398,0.03007465032699491,4,SLC25A3,18.621935679469626,25.706039657487327,-3692.649749024999,-6.603538701593936,0.08954191401475187,SE,3611,3.0150679750218184e-05,0.027307870831012902,0.003743886947631836,7418.0664581351075,-3742.721913808284,50.07216478328519,1.481925693269659e-12,1.2304195877133392e-12
1399,0.016281394936841866,4,HSP90B1,18.621935679469626,48.15891832803667,-3710.811835326258,-4.755627794309762,0.04415441029945839,SE,3611,3.171498468723832e-05,0.09266065601894083,0.00933074951171875,7454.3906307376255,-3722.5457957628378,11.733960436579764,0.000613698549754127,0.0002551671207575299
1400,0.0186867823076528,4,ISCU,18.621935679469626,41.85723843126502,-3693.6758299456997,-5.439558542350598,0.057006774321285834,SE,3611,1.450946668979032e-05,0.032499210014910455,0.003763437271118164,7420.118619976509,-3734.4216093896025,40.74577944390285,1.7337753455137772e-10,1.272139601856894e-10
1401,0.015980594903105206,4,SVOP,18.621935679469626,49.080408646413986,-3295.9563761827485,-3.849085796627028,0.03004333691975406,SE,3611,1.780936794698737e-05,0.053943755612175084,0.009875297546386719,6624.6797124506065,-3318.1390594747872,22.182683292038746,2.4789964954141652e-06,1.2699556588472324e-06
1402,0.01897001403958057,4,C12orf76,18.621935679469626,41.22038839316806,-3338.0982534676095,-3.1517123863898733,0.024517427868369523,SE,3611,2.106549716612065e-05,0.04583841971677085,0.00938725471496582,6708.963467020329,-3363.640434327407,25.542180859797554,4.328164804334733e-07,2.393268261066066e-07
1403,0.06980731494604969,4,ATP2A2,18.621935679469626,10.62109848604446,-3692.271281517122,-7.146690312867903,0.13359713869072,SE,3611,9.844061807752189e-05,0.01937309944965768,0.005362749099731445,7417.309523119354,-3825.387704942129,133.11642342500681,0.0,0.0
1404,0.0032077297977377442,4,ARPC3,18.621935679469626,247.68763863011725,-3659.513407105809,-4.436561012803505,0.023294163149966057,SE,3611,7.2541817062513065e-06,0.517333294584065,0.011438846588134766,7351.793774296728,-3661.502859713991,1.9894526081816366,0.15839812574611267,0.04582470049534494
1405,0.007587625132540628,4,ALDH2,18.621935679469626,104.25184613704153,-3656.8909284150504,-3.274156093275644,0.018762690895049547,SE,3611,1.1715889348983858e-05,0.15206522369907616,0.009239435195922852,7346.54881691521,-3663.7571938363435,6.866265421293065,0.008783802497036475,0.0031346056210315855
1407,0.025337473500851995,4,RPL6,18.621935679469626,30.661147966137616,-3364.9230469409595,-5.952283021784744,0.06968279894565485,SE,3611,3.628322490411541e-05,0.04541901312579904,0.003815174102783203,6762.6130539670285,-3393.3361570716293,28.413110130669793,9.799941746990726e-08,5.744625564554921e-08
1408,0.03596062312976117,4,RPH3A,18.621935679469626,21.368056060173657,-3757.766801063312,-5.30452334475471,0.069137293773486,SE,3611,3.747224408620862e-05,0.024307863861659472,0.003770589828491211,7548.300562211733,-3820.429052831867,62.66225176855505,2.4424906541753444e-15,2.390626220908184e-15
1409,0.07270058739119746,4,WSB2,18.621935679469626,10.166688436870125,-3792.8081417014623,-6.6075563814169795,0.12495557870363917,SE,3611,0.0001156519472853042,0.021222340426943286,0.003812074661254883,7618.383243488034,-3894.190373916819,101.38223221535691,0.0,0.0
1411,0.016596059474136705,4,HSPB8,18.621935679469626,47.23070316897495,-3209.4041493281666,-2.848161102125005,0.019769731308380844,SE,3611,3.4901936238814526e-05,0.09826835200130432,0.009399175643920898,6451.575258741443,-3219.5861737203486,10.18202439218203,0.001418163944967965,0.0005634456077650501
1412,0.01980977020370463,4,RPLP0,18.621935679469626,39.43922582320466,-3880.5859030973415,-4.208663907929192,0.0405405812080089,SE,3611,1.548124805315781e-05,0.03099775668418358,0.004303932189941406,7793.938766279793,-3915.00461578869,34.418712691348446,4.444297707628664e-09,2.9176985061766014e-09
1413,0.07371488561225822,4,COX6A1,18.621935679469626,10.015829863026688,-2614.542323155973,-6.865730177650988,0.10944544082236828,SE,3611,8.057926853941957e-05,0.014439110577361651,0.0043239593505859375,5261.851606397056,-2732.4622036020837,117.91988044611071,0.0,0.0
1414,0.02696097084441974,4,ANAPC5,18.621935679469626,28.766841691538577,-3137.9160127786654,-2.667125488763659,0.023089444204027303,SE,3611,2.6004502213908403e-05,0.028939859457430907,0.0043756961822509766,6308.59898564244,-3181.25379598967,43.337783211004535,4.606026671183372e-11,3.484492545195781e-11
1415,0.005857390103559744,4,ARL6IP4,18.621935679469626,135.28261485397923,-3767.3177797616136,-4.497620356995327,0.029424447469635122,SE,3611,1.280641457734466e-05,0.2769324129288929,0.009880542755126953,7567.402519608337,-3771.8033366280165,4.485556866402931,0.03418240861285238,0.011125121955859942
1416,0.007709432966503632,4,CCDC92,18.621935679469626,102.59208967883279,-3503.708695230356,-4.16546617011948,0.0275391231053328,SE,3611,2.700788723347491e-05,0.3397277048997132,0.00989985466003418,7040.184350545822,-3508.5869402599355,4.878245029579375,0.027197258084732723,0.008960454696220855
1417,0.016886816736883244,4,UBC,18.621935679469626,46.403760791008494,-2737.995905119683,-7.036604894897149,0.08211152916646335,SE,3611,1.7421063636742273e-05,0.04743189971501487,0.009243965148925781,5508.758770324475,-2758.0615302372125,20.065625117529635,7.482963727101222e-06,3.709417407990019e-06
1418,0.026511275887997315,4,TMEM132B,18.621935679469626,29.268316718613832,-3030.882628804997,-3.4075299656138087,0.02955742414626663,SE,3611,3.5722880594687075e-05,0.041040465560642544,0.0037355422973632812,6094.532217695103,-3060.3334034793606,29.450774674363856,5.735510899551599e-08,3.441073246629493e-08
1419,0.018252359575172974,4,RAN,18.621935679469626,42.87244974850426,-3761.2497501177313,-6.018724667156607,0.06735891067124648,SE,3611,2.704246497169089e-05,0.06337633648393153,0.009433746337890625,7555.266460320572,-3784.2182178349167,22.968467717185376,1.6468051975415676e-06,8.534168349139437e-07
1421,0.13281662424381852,4,AMER2,18.621935679469626,5.204223694264915,-3154.5045602196483,-1.7761904641836193,0.06932573823239743,SE,3611,0.00019826481369295774,0.013698618486138923,0.004440784454345703,6341.776080524406,-3400.745424372253,246.2408641526049,0.0,0.0
1422,0.004423373422877968,4,WASF3,18.621935679469626,179.398388477965,-3226.7823711379315,-3.382030991000865,0.0156454644768238,SE,3611,6.4332633209836465e-06,0.24249068286497166,0.012161731719970703,6486.3317023609725,-3230.4782908021407,3.695919664209214,0.05454570449715401,0.01710878522430762
1423,0.004640633395807185,4,GTF3A,18.621935679469626,170.9621993880244,-3118.621375528892,-3.255009830333628,0.014771474547772846,SE,3611,8.50960140277807e-06,0.2916871669017174,0.008726119995117188,6270.009711142893,-3122.3162918429316,3.6949163140398014,0.054578520146122855,0.01710878522430762
1424,0.00487662406117045,4,POMP,18.621935679469626,162.65038691614126,-3634.512093347028,-4.618982961123475,0.02889011976733432,SE,3611,1.1554563973956337e-05,0.359007056841201,0.012011528015136719,7301.7911467791655,-3637.5470767954666,3.034983448438652,0.08148738065375216,0.02469314565265217
1425,0.008417255652676805,4,UBL3,18.621935679469626,93.89790275783591,-3466.981798715622,-3.2805730034122305,0.01910931474485798,SE,3611,1.0222033914637296e-05,0.10818141682672502,0.009335517883300781,6966.730557516354,-3475.4832865279946,8.501487812372488,0.0035485620105235594,0.0013441522767134696
1426,0.021437565157919912,4,HMGB1,18.621935679469626,36.38400748189158,-3859.6257994835796,-5.076561191119567,0.05453143520803089,SE,3611,5.0677155643844455e-05,0.08722257467721937,0.007594585418701172,7752.018559052269,-3875.5364044407297,15.910604957150099,6.640559074999608e-05,3.0338623619713246e-05
1427,0.010330785192660615,4,PDS5B,18.621935679469626,76.357935781054,-3047.1783365652445,-2.9020070438008005,0.01619493555250933,SE,3611,1.7208410428333753e-05,0.12186023747456526,0.009840965270996094,6127.123633215599,-3055.980876959483,8.802540394238349,0.0030081139745433694,0.001149175890300821
1428,0.11758275511561979,4,DCLK1,18.621935679469626,5.9817437500003505,-3750.663763745299,-6.8083596035117155,0.16358018556968396,SE,3611,0.0001832001539161183,0.015255269948265907,0.004332065582275391,7534.094487575708,-3928.80762848656,178.14386474126104,0.0,0.0
1429,0.10083070225124922,4,RGCC,18.621935679469626,7.107978855804955,-2992.9813204099564,-1.6507491961148275,0.047548988960379124,SE,3611,0.00015747031561671586,0.016737344127758416,0.005069255828857422,6018.729600905022,-3159.6493455108975,166.66802510094112,0.0,0.0
1430,0.0427654247166082,4,TPT1,18.621935679469626,17.841157910491926,-3156.8638200142645,-5.336784628947518,0.06746283809843269,SE,3611,6.751961977679613e-05,0.031825108924359635,0.003809690475463867,6346.494600113639,-3218.882106182414,62.01828616814964,3.4416913763379853e-15,3.3502687873938482e-15
1431,0.023139311100747312,4,PCDH9,18.621935679469626,33.64958074985243,-3657.0107285829863,-3.6956108118068567,0.03500304844882081,SE,3611,2.7092918158090096e-05,0.04030257330515189,0.0038650035858154297,7346.788417251082,-3694.5993089033063,37.588580320320034,8.735440149010287e-10,6.1086994049023e-10
1432,0.02332116924933399,4,MYCBP2,18.621935679469626,33.38096623946654,-3364.4101480709633,-4.6734108339535005,0.046304762612471705,SE,3611,2.1705427586501772e-05,0.03181023856761194,0.004316806793212891,6761.587256227036,-3403.6857603255944,39.27561225463114,3.6800917868617944e-10,2.624823687437692e-10
1433,0.21192473006654886,4,SLAIN1,18.621935679469626,2.964036248124543,-2960.9023286965953,-1.3074271571107834,0.10287263073569557,SE,3611,0.00027082598999180054,0.009812125719958752,0.004372119903564453,5954.5716174783,-3375.8693857784447,414.96705708184936,0.0,0.0
1434,0.014370432694408615,4,MBNL2,18.621935679469626,54.669024925665326,-3484.0579210694186,-3.162030375426438,0.022414959384303226,SE,3611,1.5069988475260429e-05,0.05607667160444851,0.00994563102722168,7000.882802223947,-3503.408008721665,19.350087652246202,1.088142506555645e-05,5.330046316876966e-06
1435,0.01384911060893781,4,IPO5,18.621935679469626,56.756935264433274,-3154.971575463176,-3.5010837887526627,0.024280024774903014,SE,3611,1.5245466656260913e-05,0.06095029629468014,0.009279727935791016,6342.710111011462,-3171.3783596434077,16.406784180231625,5.11020026235931e-05,2.3669478370167947e-05
1436,0.008865352576360196,4,ARGLU1,18.621935679469626,89.11157007375805,-3353.631333153585,-3.2383166851581313,0.01882314249033917,SE,3611,5.4497720327851075e-05,0.5208910680138144,0.009392738342285156,6740.029626392279,-3356.399671588235,2.7683384346501043,0.09614591643470316,0.028825697797893627
1437,0.00909053774661055,4,ARHGEF7,18.621935679469626,86.88440888770916,-3388.6593861754554,-4.168299642867101,0.028736718389267557,SE,3611,1.5089722882916147e-05,0.13729879129031652,0.012183189392089844,6810.08573243602,-3396.3774665042356,7.718080328780161,0.005467049776937127,0.0020029553951769158
1438,0.04970763615112078,4,LAMP1,18.621935679469626,15.238126635960432,-3725.2081428325378,-2.947002828971634,0.04498112919703559,SE,3611,3.9027790594402225e-05,0.013997411778908297,0.004317045211791992,7483.183245750185,-3834.756763246175,109.54862041363731,0.0,0.0
1439,0.3620106163738844,4,RNASE1,18.621935679469626,1.4047194467288426,-3640.079148580131,-1.1308059737934255,0.3066060698996756,SE,3611,0.0004131112743045515,0.008773836773832254,0.0031418800354003906,7312.9252572453715,-4526.261144336104,886.1819957559728,0.0,0.0
1440,0.017244311768935393,4,HNRNPC,18.621935679469626,45.425231558315694,-3743.9796193806505,-4.042242187380628,0.03546208652143034,SE,3611,2.2256876190265526e-05,0.05819688611042567,0.010032415390014648,7520.726198846411,-3762.3729970680897,18.39337768743917,1.7968137168034026e-05,8.59719481724116e-06
1442,0.011486331067756535,4,PSMB5,18.621935679469626,68.59600116164681,-3667.7926501473576,-4.55485216539816,0.03673046518958243,SE,3611,2.9545595196586725e-05,0.1700539847272183,0.009858846664428711,7368.352260379825,-3676.3217581103627,8.529107963005117,0.0034951096180869667,0.001324992524672417
1443,0.006500030732837203,4,BCL2L2,18.621935679469626,121.82878070088708,-3203.363411383705,-3.1226607048113397,0.01562074971964767,SE,3611,7.651833608327564e-06,0.13472423153964913,0.010834693908691406,6439.49378285252,-3210.5166590622885,7.153247678583284,0.007482836628047496,0.0027045292885003814
1444,0.04721488046970647,4,SLC22A17,18.621935679469626,16.084720583271654,-3498.417465869555,-7.706319812982728,0.12774221792008664,SE,3611,6.412340857300908e-05,0.025239505878965764,0.004971981048583984,7029.60189182422,-3582.7340192275833,84.31655335802816,0.0,0.0
1445,0.015717054948550715,4,NEDD8,18.621935679469626,49.916742741815085,-3784.4691931729812,-6.156587168881534,0.06739561723556907,SE,3611,1.7899460769502898e-05,0.05598953092783104,0.013761758804321289,7601.705346431072,-3808.799576121379,24.330382948397528,8.114894587407662e-07,4.3656312633997636e-07
1446,0.012561238436933594,4,FOXG1,18.621935679469626,62.657802799954744,-3179.5568961104846,-3.5246795166750973,0.023779256683671725,SE,3611,1.722894549976932e-05,0.08328611927607402,0.008805036544799805,6391.880752306079,-3194.7501613609784,15.193265250493823,9.704892314676972e-05,4.3705720675211154e-05
1448,0.00849180111544889,4,AKAP6,18.621935679469626,93.06662084185875,-3229.2944243956936,-3.4431211316150008,0.020157741046659593,SE,3611,2.9059924243156364e-05,0.30226304259751324,0.011728286743164062,6491.355808876497,-3233.6827927128843,4.388368317190725,0.036184927403025924,0.0117341470637492
1449,0.12119967297170581,4,CFL2,18.621935679469626,5.77944601733517,-3107.1474370107912,-1.9791701056995628,0.06297055093474715,SE,3611,0.00013798279149490256,0.01096231308503045,0.004389524459838867,6247.061834106692,-3308.8362789320263,201.68884192123505,0.0,0.0
1450,0.004038914629583432,4,FKBP3,18.621935679469626,196.55094939421164,-3383.6184477745574,-4.322801594779182,0.023779255159600055,SE,3611,1.4236947866227614e-05,0.6426361135460339,0.012706279754638672,6800.003855634224,-3386.0548236385857,2.4363758640283777,0.11854983779995765,0.034984505455750076
1451,0.0914706006709931,4,RPS29,18.621935679469626,7.916895345757596,-3430.604283257159,-4.882607973819401,0.09241262562370106,SE,3611,0.00018381551573217175,0.022907625413013007,0.004459381103515625,6893.975526599427,-3550.072417498738,119.46813424157926,0.0,0.0
1452,0.03783062117824713,4,RPL36AL,18.621935679469626,20.272415952486853,-3797.2772026187063,-4.584716577618391,0.059002560496544634,SE,3611,8.558260725934373e-05,0.0505417023829535,0.004349946975708008,7627.321365322522,-3822.736188536338,25.458985917631708,4.518879658244046e-07,2.488462757479921e-07
1453,0.004060509037068818,4,KLHDC2,18.621935679469626,195.50142246361924,-3151.0643083756277,-3.5065110857632917,0.016104670634727872,SE,3611,6.882493795157664e-06,0.3073982553137302,0.011121988296508789,6334.895576836365,-3153.5985138469423,2.5342054713146354,0.11140295035666492,0.03304894444410313
1454,0.016951929728384076,4,TRIM9,18.621935679469626,46.222460640452,-3221.181118478049,-3.6100587794090964,0.027608912799495903,SE,3611,4.102071137823426e-05,0.11085930728011323,0.010559797286987305,6475.129197041208,-3229.813510308877,8.632391830828055,0.0033023769898463673,0.001257114926130303
1455,0.007384007954857691,4,GMFB,18.621935679469626,107.1486149815203,-3295.509049577011,-3.6016542341327233,0.020856908856350217,SE,3611,7.637088570138957e-06,0.1045788811800836,0.009488105773925781,6623.785059239131,-3304.0844819939575,8.575432416946569,0.003407290278079511,0.001294296461541921
1456,0.005936979570396505,4,ACTR10,18.621935679469626,133.45836911075645,-3165.5549329345668,-3.7726664088990773,0.020837811547211153,SE,3611,9.838566901077544e-06,0.20715648700220438,0.010007858276367188,6363.876825954243,-3170.3103350554693,4.755402120902545,0.029206467826804028,0.009575358978558778
1457,0.45262264674715263,4,RTN1,18.621935679469626,0.9639355450381787,-2948.384620400784,-9.262537471104297,0.47970796858569414,SE,3611,0.0005373781230771067,0.01020945571886454,0.003225564956665039,5929.536200886678,-3502.228311686086,553.8436912853017,0.0,0.0
1458,0.006366464404915834,4,PPM1A,18.621935679469626,124.40143072865673,-3250.8728588485574,-3.2758435395273064,0.01685998404739628,SE,3611,1.1192639887795261e-05,0.20530835409137474,0.009332895278930664,6534.512677782224,-3255.302324112775,4.42946526421747,0.03532357306682332,0.011475639066915786
1459,0.3786717846443253,4,HSPA2,18.621935679469626,1.307842900570143,-2727.180587703253,-0.5677173027207268,0.19746276508317204,SE,3611,0.00046334880368136385,0.009553985447879016,0.0037317276000976562,5487.1281354916155,-3573.1625035734705,845.9819158702176,0.0,0.0
1462,0.013721636710376767,4,SRSF5,18.621935679469626,57.29161154354176,-3461.430282834339,-3.9174227399562933,0.02990787853518948,SE,3611,2.2687102088697296e-05,0.09234609662330574,0.00929117202758789,6955.627525753787,-3471.2080686887116,9.777785854372723,0.001766328889515445,0.0006950804007297489
1463,0.025479537814569134,4,PNMA1,18.621935679469626,30.48574877185949,-3659.6772186582384,-5.430398324991148,0.062322438573820964,SE,3611,2.985683072208867e-05,0.036980224116015314,0.0038268566131591797,7352.121397401586,-3698.0944562016725,38.41723754343411,5.71255820425165e-10,4.0315901202254466e-10
1464,0.02241537125447447,4,TMED10,18.621935679469626,34.762089843530156,-3194.1368907212636,-2.6138966907823176,0.02072509437167811,SE,3611,2.9478982957959048e-05,0.04659276871439168,0.004338741302490234,6421.040741527637,-3222.943328232434,28.806437511170316,7.998481443838301e-08,4.750935318498538e-08
1466,0.00496902867577319,4,SLIRP,18.621935679469626,159.61089964068643,-3673.253871536972,-4.625068377531231,0.029192215008695645,SE,3611,9.44095521632868e-06,0.28263596886621506,0.0120849609375,7379.274703159053,-3676.7119182178158,3.458046680843836,0.06294463210831447,0.01956037761714186
1467,0.006235840671696284,4,PSMC1,18.621935679469626,127.02399545666847,-3223.3803233271865,-3.6847482874669217,0.020398994419954023,SE,3611,1.0350013242145713e-05,0.19778191109701293,0.012525081634521484,6479.5276067394825,-3228.3059970120507,4.92567368486425,0.026460483436988147,0.00872843857085039
1468,0.03150745363690066,4,NDUFB1,18.621935679469626,24.50080910248979,-3677.226908746115,-7.354633491764333,0.1080212348330828,SE,3611,4.070986841158552e-05,0.03378918557529703,0.004346609115600586,7387.2207775773395,-3721.036166141076,43.80925739496115,3.619882171790323e-11,2.773675949813364e-11
1469,0.12534755823056895,4,MOAP1,18.621935679469626,5.5618219827264195,-3762.269415352647,-7.0019280909806945,0.17534197942102117,SE,3611,0.0003309611979537856,0.024967415098669784,0.0043337345123291016,7557.305790790403,-3911.590868076741,149.32145272409434,0.0,0.0
1470,0.007123432505179928,4,IFI27L2,18.621935679469626,111.09727257826336,-3093.0376638729376,-2.4911457389667206,0.011213107493775245,SE,3611,1.3681951967051713e-05,0.20109512183007455,0.012248516082763672,6218.842287830985,-3098.250534103487,5.21287023054947,0.022420292282238186,0.007515893435523027
1471,0.0294049387299982,4,C14orf132,18.621935679469626,26.30966074540135,-3241.2799137113643,-3.5822596704175655,0.03443866879838554,SE,3611,2.2837892804685107e-05,0.02157901705622619,0.003871917724609375,6515.326787507838,-3315.850386608012,74.57047289664752,0.0,0.0
1472,0.1918101065781982,4,MEG3,18.621935679469626,3.3584537990920524,-3795.9429202336337,-6.662094872720099,0.2259576949849765,SE,3611,0.00031334521019464666,0.01288824499806403,0.0043904781341552734,7624.652800552377,-3982.717481232028,186.77456099839446,0.0,0.0
1474,0.006719975252383844,4,DYNC1H1,18.621935679469626,117.81524148362163,-3786.042230628178,-5.777988492670715,0.04815971210398215,SE,3611,9.14829352360559e-06,0.15083821413047344,0.010408878326416016,7604.8514213414655,-3791.980282008467,5.938051380288925,0.014817392001114982,0.005081528296127551
1475,0.07762161177287659,4,HSP90AA1,18.621935679469626,9.471612281437954,-2842.9968493806996,-7.159939601955579,0.12218710296368063,SE,3611,0.0001792316910708551,0.029407305427735394,0.0038356781005859375,5718.760658846509,-2920.561935012225,77.56508563152556,0.0,0.0
1476,0.08741750426525108,4,CKB,18.621935679469626,8.320916820123065,-2164.553043936359,-7.015235867228348,0.11293885283444774,SE,3611,0.00010487484766133099,0.014089143605016204,0.005471944808959961,4361.873047957827,-2380.6723150597372,216.11927112337844,0.0,0.0
1477,0.031157323991290863,4,ATP5MPL,18.621935679469626,24.785093403703577,-3608.0878378461507,-7.149058165956902,0.10208502456913418,SE,3611,6.445982697173858e-05,0.05463359449438442,0.0037817955017089844,7248.942635777411,-3642.9612986743396,34.873460828188854,3.5184423152756494e-09,2.329832734020913e-09
1478,0.03432480254585437,4,INF2,18.621935679469626,22.424381799162408,-3579.029674062484,-3.882037485975237,0.04402913193197456,SE,3611,5.906236001150822e-05,0.041776279515511106,0.003804922103881836,7190.8263082100775,-3618.0744395674255,39.04476550494155,4.141982312688697e-10,2.9464306299569943e-10
1479,0.008929102118151929,4,CEP170B,18.621935679469626,88.46966513781243,-3037.84310770682,-2.946945100793809,0.015677213425553477,SE,3611,1.2011296488381574e-05,0.11320074585850771,0.00816488265991211,6108.453175498749,-3047.6391909110403,9.796083204220395,0.0017488396487174152,0.0006892094000021875
1480,0.008229443628429221,4,NUDT14,18.621935679469626,96.05902757534022,-3184.1287482081116,-3.572173050243494,0.0211015518102133,SE,3611,1.1361624309368003e-05,0.1256951928577666,0.009295225143432617,6401.024456501333,-3191.91803656712,7.789288359008424,0.005255689281919551,0.0019360993233844498
1481,0.08491083460389012,4,PACS2,18.621935679469626,8.590090778644239,-3048.862160453907,-1.9679075805977548,0.04338522615810775,SE,3611,0.00012293717630130636,0.017337297191403353,0.004369497299194336,6130.491280992924,-3191.5647984092866,142.7026379553795,0.0,0.0
1483,0.12102578113272043,4,SNRPN,18.621935679469626,5.78889526664722,-3329.464534418339,-7.864311316129921,0.17890414930933293,SE,3611,0.00017902444989100822,0.014254547734072804,0.0043375492095947266,6691.696028921788,-3499.7661331054305,170.30159868709143,0.0,0.0
1484,0.03511528064689402,4,PWAR6,18.621935679469626,21.901644967385334,-3621.8262285071046,-4.7370270121926685,0.057379812371204514,SE,3611,4.257028570279358e-05,0.028862253175950075,0.0037992000579833984,7276.419417099319,-3678.3107955613277,56.484567054223135,5.6621374255882984e-14,5.104142217107862e-14
1485,0.0529122484440984,4,SCG5,18.621935679469626,14.266960307347036,-3734.6911366291392,-7.257155662768083,0.12418819899402221,SE,3611,8.150779023538316e-05,0.02612868507919689,0.0038123130798339844,7502.149233343388,-3819.3633933581154,84.67225672897621,0.0,0.0
1486,0.006278311537860295,4,EMC4,18.621935679469626,126.15932485087176,-3458.157699168043,-4.337083051975477,0.02764387882397029,SE,3611,6.922271911466284e-06,0.13051939072459315,0.009289264678955078,6949.082358421196,-3464.4151335514143,6.257434383371219,0.012367318021450413,0.004299014689598624
1487,0.015639821059271544,4,SRP14,18.621935679469626,50.167181997045205,-3705.3362431820788,-6.000900173628891,0.0640143847173996,SE,3611,7.186792747162232e-05,0.22695680873978938,0.008924245834350586,7443.439446449267,-3713.1820537544627,7.845810572383925,0.005093861355537688,0.0018829510680829747
1488,0.01768627691836055,4,CHP1,18.621935679469626,44.27017516576722,-3385.2651943766577,-3.9438870576896163,0.03271008089756493,SE,3611,1.8909751219600514e-05,0.04708970703901626,0.009429454803466797,6803.297348838425,-3410.902099262628,25.636904885970125,4.120824244058241e-07,2.2856879796882225e-07
1489,0.04953084737706596,4,MAP1A,18.621935679469626,15.295360526053193,-3789.143715289211,-5.754955977579031,0.08841416614754466,SE,3611,8.289029537136814e-05,0.02992041935007319,0.0037717819213867188,7611.054390663531,-3849.0312496603074,59.887534371096535,9.992007221626409e-15,9.41889161329219e-15
1490,0.003471219108403508,4,PDIA3,18.621935679469626,228.82594680941543,-3261.314196968551,-3.097762171921567,0.012293577044575739,SE,3611,8.215330652278481e-06,0.5008575364248175,0.009931564331054688,6555.395354022212,-3263.424461704081,2.110264735529654,0.1463140037511652,0.04253523637013426
1491,0.008538371385873137,4,DUT,18.621935679469626,92.55466635402213,-3059.530722434054,-3.2571196190354397,0.018130007872485657,SE,3611,1.4805167710118597e-05,0.1523480999883086,0.009759902954101562,6151.828404953218,-3065.607265974417,6.0765435403627635,0.01369885467149834,0.00472816441803207
1492,0.0037336145824381733,4,EID1,18.621935679469626,212.6882230327541,-3787.427805104613,-5.791848232997765,0.040592049863810944,SE,3611,5.367364824369062e-06,0.2831580542617494,0.00995945930480957,7607.622570294336,-3790.865678671629,3.4378735670161404,0.06371765122353168,0.019777680040974164
1493,0.06430527432542456,4,SECISBP2L,18.621935679469626,11.598051581118932,-3161.3523368972633,-2.3495667994229583,0.03851119488985176,SE,3611,8.932678989345359e-05,0.020276078564222144,0.0038437843322753906,6355.471633879636,-3249.0942443816825,87.74190748441924,0.0,0.0
1494,0.044683655424355366,4,SCG3,18.621935679469626,17.04103481742172,-3794.31401417352,-5.401762008081016,0.07800521887801319,SE,3611,6.321479089536308e-05,0.027502290041012047,0.0038604736328125,7621.394988432149,-3857.842125450838,63.5281112773182,1.5543122344752192e-15,1.5438454854215139e-15
1495,0.05563444968123958,4,MYO5A,18.621935679469626,13.529875154154656,-3688.001164196074,-5.150343413360324,0.07955526745684698,SE,3611,6.991993030703996e-05,0.020493350605647543,0.003775358200073242,7408.769288477258,-3768.08907531308,80.08791111700566,0.0,0.0
1496,0.006223402131711382,4,TLN2,18.621935679469626,127.27946785302984,-3254.4890938651024,-3.396183614848284,0.017776399785585817,SE,3611,1.0163938620426392e-05,0.19499326275712614,0.011139154434204102,6541.745147815314,-3259.49158678834,5.002492923237696,0.02531083714986404,0.008385307383019699
1497,0.011584235591840531,4,HERC1,18.621935679469626,68.00952346701182,-3224.452729871473,-3.652574441290998,0.024590536267677616,SE,3611,1.3910450816291479e-05,0.07874778258678086,0.011590242385864258,6481.672419828055,-3236.143963984225,11.691234112752227,0.0006279523495618111,0.0002604878620835749
1498,0.01668618038180366,4,PPIB,18.621935679469626,46.97130847376681,-3515.0588131007935,-3.375317114849343,0.02622379511966211,SE,3611,3.0710652360750756e-05,0.08556765906966807,0.009561300277709961,7062.8845862866965,-3530.9423921673297,15.883579066536186,6.736063902867961e-05,3.074876365719224e-05
1499,0.005422179911515284,4,OAZ2,18.621935679469626,146.20502383575953,-3309.8458641160505,-3.538282275977741,0.0182725423560342,SE,3611,1.1534871716833786e-05,0.2905599750019942,0.011078357696533203,6652.4586883172105,-3314.0725518300787,4.22668771402823,0.039793025927477355,0.012826641880032583
1500,0.007833926936533064,4,HACD3,18.621935679469626,100.94906603615249,-3414.287380513837,-3.768781844223536,0.0231914824740156,SE,3611,1.967151672238911e-05,0.23976604841217192,0.011674165725708008,6861.3417211127835,-3418.2454497479353,3.958069234098275,0.04664717847308997,0.01483097230108481
1501,0.07878547858948833,4,RPL4,18.621935679469626,9.319917059447608,-3475.3034247627324,-5.321791046384064,0.09373933872567626,SE,3611,0.00010631668982387596,0.017008677467528155,0.004491090774536133,6983.373809610574,-3590.020823025109,114.71739826237672,0.0,0.0
1502,0.006469394609108781,4,FEM1B,18.621935679469626,122.40948121721298,-3221.9444063638894,-3.4509615239459883,0.018453341541150935,SE,3611,1.3083699664351516e-05,0.2325193956956522,0.01145315170288086,6476.655772812888,-3226.3492428767127,4.4048365128232945,0.03583715959523448,0.011628402442494827
1503,0.0037119145903405718,4,CORO2B,18.621935679469626,213.93626608393217,-3459.4846494799385,-3.7348300162282455,0.017776497862250194,SE,3611,7.899150825078314e-06,0.4215723042017002,0.009682178497314453,6951.736259044987,-3461.857921248132,2.3732717681932627,0.1234281261615866,0.036354947049740946
1504,0.0056248708506527806,4,ANP32A,18.621935679469626,140.90783682245183,-3042.168808927194,-2.381927966057125,0.00944359293087262,SE,3611,6.959658455334787e-06,0.16304170470774934,0.013844728469848633,6117.104577939497,-3048.9940987409486,6.825289813754807,0.008987597087945054,0.0031988190154355924
1505,0.1322530153372116,4,RPLP1,18.621935679469626,5.229798790520659,-2320.0535057452994,-4.301993656399109,0.07470394992727936,SE,3611,0.0002762889138085085,0.01921217596029407,0.00492548942565918,4672.873971575708,-2575.2171218286544,255.163616083355,0.0,0.0
1506,0.048661051252479146,4,LARP6,18.621935679469626,15.583006084888657,-3330.1357599835624,-2.8911360990907173,0.03798425568104599,SE,3611,3.919713673349713e-05,0.014608582300311753,0.0038568973541259766,6693.038480052234,-3430.3498006083382,100.21404062477586,0.0,0.0
1507,0.10973667483349685,4,PKM,18.621935679469626,6.466423381325617,-3092.9848442535476,-7.175216945727861,0.14524851327044036,SE,3611,0.00017420625044434443,0.016169513476000312,0.004420757293701172,6218.736648592205,-3288.464311645279,195.4794673917313,0.0,0.0
1508,0.00821344637302754,4,STOML1,18.621935679469626,96.24767332630849,-3026.1506827348458,-3.0609090398884207,0.016126422322922954,SE,3611,8.572717605053734e-06,0.09520464445118679,0.008275985717773438,6085.068325554801,-3035.6655838058045,9.514901070958786,0.002038100924337094,0.0007979641977498248
1509,0.02313280848236853,4,COX5A,18.621935679469626,33.65926368291237,-3740.0408063775158,-6.589953884807153,0.08340316803418016,SE,3611,2.4571140137472934e-05,0.03657083978797792,0.003747224807739258,7512.848572840141,-3783.382159308621,43.34135293110512,4.597633385117206e-11,3.483055594785762e-11
1510,0.007739902073507978,4,TSPAN3,18.621935679469626,102.18508512056144,-3862.5546433737672,-5.42405127881694,0.044863276010671416,SE,3611,9.73080101304991e-06,0.12145562279390376,0.011576414108276367,7757.876246832644,-3870.130166439747,7.5755230659797235,0.005916620792789429,0.0021617576589953945
1511,0.023001700778701225,4,MORF4L1,18.621935679469626,33.85566181306471,-3559.410487235029,-7.0184392183376545,0.09133568142737324,SE,3611,1.8586686733987996e-05,0.02796512057986874,0.0043904781341552734,7151.5879345551675,-3591.6023339563026,32.19184672127358,1.3967566214745375e-08,8.813758360106706e-09
1512,0.01916460807007108,4,RASGRF1,18.621935679469626,40.793750556275874,-3367.447640963206,-4.248624166307037,0.03751354113352746,SE,3611,1.834524421636235e-05,0.03914373095851026,0.003778219223022461,6767.662242011522,-3403.717126361468,36.26948539826208,1.7183335865311733e-09,1.1681263003265265e-09
1513,0.01794645400418774,4,MEF2A,18.621935679469626,43.61681684876135,-3001.6260585132713,-3.224078323546763,0.023194849406773087,SE,3611,2.3131157107469303e-05,0.05600353686403345,0.009468317031860352,6036.019077111652,-3019.8215801594683,18.195521646196994,1.9934702888080302e-05,9.487355573096214e-06
1514,0.01036614123142106,4,TM2D3,18.621935679469626,76.09478140392842,-3369.1145773995468,-4.368056773729936,0.03230976620668423,SE,3611,2.371677175038563e-05,0.1668294028745019,0.009870290756225586,6770.996114884203,-3376.0194689104815,6.9048915109347035,0.008596024213535891,0.0030737298702946518
1515,0.012195466772563513,4,SNRNP25,18.621935679469626,64.56096858534968,-3468.4549624778083,-4.131161440795771,0.03128344077197589,SE,3611,1.461221065193744e-05,0.07482454850825952,0.010827779769897461,6969.676885040726,-3483.1866983754962,14.73173589768794,0.0001239423663454975,5.5077198270575815e-05
1516,0.06825669924051063,4,ARHGDIG,18.621935679469626,10.880489789557673,-3757.2056048648396,-6.143163183031462,0.11005443187364997,SE,3611,0.00011975580648784213,0.024502324782629686,0.0044689178466796875,7547.178169814789,-3858.996820918558,101.79121605371847,0.0,0.0
1517,0.008572500576178503,4,MRPL28,18.621935679469626,92.18301059164298,-3468.972813835512,-3.922080766982953,0.025651557634822988,SE,3611,1.9657502016429503e-05,0.20070044455852554,0.008170127868652344,6970.712587756134,-3474.3659844035587,5.393170568046571,0.020215706949165968,0.006806635336419518
1518,0.00381409354319883,4,METTL26,18.621935679469626,208.1835944828695,-3715.2142219070083,-4.669408796497065,0.02727750922273097,SE,3611,4.672454391616915e-06,0.23628403405211215,0.01119375228881836,7463.195403899126,-3719.2034153070717,3.9891934000634137,0.04579298087274042,0.01459446435399559
1519,0.037893012612980274,4,METRN,18.621935679469626,20.237724713127825,-3868.9123202819796,-3.060058758694648,0.040256222485556326,SE,3611,4.520582563092971e-05,0.02661558974009992,0.004422664642333984,7770.591600649069,-3928.655558325438,59.743238043458405,1.0769163338864018e-14,1.0133662471977307e-14
1520,0.0029279485100053146,4,FAM173A,18.621935679469626,271.43169424830114,-3281.1605334492997,-3.401009916373401,0.013598565573206706,SE,3611,4.531493701642755e-06,0.3874242841599619,0.012755155563354492,6595.088026983709,-3283.767989633772,2.6074561844720847,0.10636225408821431,0.031658626733955426
1521,0.013832088725305565,4,GNPTG,18.621935679469626,56.82776170507035,-3271.0901685594617,-3.2824485381240285,0.022434193174358335,SE,3611,6.84896866033153e-05,0.27447205538263386,0.007830619812011719,6574.947297204033,-3278.0286991797457,6.938530620283927,0.008435838315789312,0.003018463585612041
1523,0.008291349875542775,4,NME3,18.621935679469626,95.33586455448064,-3367.812385863577,-2.7970269073253897,0.014730211796224389,SE,3611,1.3869387851705373e-05,0.1511949043989934,0.009828329086303711,6768.391731812264,-3374.073561760762,6.261175897184785,0.012341226247711279,0.004292726969785199
1525,0.003916059907304257,4,HAGH,18.621935679469626,202.74215609464062,-3456.225778096794,-4.0446375889170465,0.020912828411750566,SE,3611,1.1613312174073496e-05,0.5573312566277429,0.01221776008605957,6945.218516278697,-3458.468576147508,2.2427980507141,0.13423787590457503,0.03930148212767927
1526,0.010208994761635472,4,NDUFB10,18.621935679469626,77.27837328245911,-3705.8188748547527,-4.930326110589082,0.040641118948737315,SE,3611,2.4444189981749108e-05,0.17716560869784906,0.010354280471801758,7444.404709794615,-3714.347774369545,8.528899514792101,0.003495509940089181,0.001324992524672417
1527,0.05333623651163296,4,SYNGR3,18.621935679469626,14.147211140843641,-3691.4256542178387,-5.640599606319773,0.08726481277916746,SE,3611,8.222430726606511e-05,0.025984494426063046,0.004597187042236328,7415.618268520787,-3760.962913850579,69.53725963274019,1.1102230246251565e-16,1.1838633373013597e-16
1528,0.005051678878011323,4,RNPS1,18.621935679469626,156.98647485020493,-3694.2484868053343,-4.288762055598608,0.025665103416048433,SE,3611,7.902995558184243e-06,0.22899378365761378,0.009244203567504883,7421.263933695778,-3698.4549708488366,4.206484043502314,0.04026972346957236,0.012956937801738394
1529,0.01754085473963818,4,ELOB,18.621935679469626,44.64380446385491,-3572.40943251875,-6.16793472600872,0.06841786300828177,SE,3611,4.1287046250415484e-05,0.10446404222414508,0.010405778884887695,7177.585825122609,-3585.018998746168,12.609566227418327,0.00038377755630414345,0.00016310960828370887
1531,0.022402895118210205,4,CDIP1,18.621935679469626,34.78189268347076,-3732.509046735774,-5.001456380761212,0.05319743403087086,SE,3611,3.765806567119257e-05,0.05958343621374954,0.009276866912841797,7497.785053556658,-3755.3938003534377,22.88475361766359,1.72010843346726e-06,8.905440292608665e-07
1532,0.018510912378004903,4,ROGDI,18.621935679469626,42.26249185087591,-3634.4474894779405,-3.6675589747590123,0.03130071880555982,SE,3611,1.9065678899412854e-05,0.04348853067562811,0.010334968566894531,7301.661939040991,-3658.6045546906325,24.157065212692032,8.878982623583553e-07,4.748119050044681e-07
1533,0.01681893906608555,4,USP7,18.621935679469626,46.594253340156605,-2936.6230587884575,-3.173933414403895,0.021881951373161283,SE,3611,2.1138024833284748e-05,0.058001321438432986,0.008844375610351562,5906.013077662024,-2955.2806597432173,18.6576009547598,1.564224261785263e-05,7.517858540675345e-06
1534,0.004853358248632556,4,C16orf72,18.621935679469626,163.43391406161587,-3215.06993386236,-3.126274067587655,0.014108675367187178,SE,3611,1.5338733698233297e-05,0.4811171705079806,0.009379386901855469,6462.906827809829,-3217.5100898095907,2.440155947230778,0.11826446779150923,0.034949179061853464
1535,0.03331138973972286,4,ARL6IP1,18.621935679469626,23.13083441637074,-3774.4545970253725,-6.515862586448995,0.09123521678586692,SE,3611,2.810677116263126e-05,0.021022705174718333,0.0038216114044189453,7581.676154135855,-3835.986872161111,61.53227513573847,4.3298697960381105e-15,4.192030160260068e-15
1537,0.24875883901479792,4,GPRC5B,18.621935679469626,2.4071231168109875,-3817.490036491271,-1.9746710287151497,0.20435714732787086,SE,3611,0.00026614207260627654,0.007985272801174155,0.00429987907409668,7667.7470330676515,-4361.020489667315,543.5304531760439,0.0,0.0
1538,0.05533424128495624,4,CRYM,18.621935679469626,13.607604055317037,-3619.593096485822,-5.875644858539711,0.09217281070904712,SE,3611,4.03275745917584e-05,0.011934368672531108,0.004812002182006836,7271.953153056754,-3765.6506763778507,146.05757989202857,0.0,0.0
1540,0.008590626424236815,4,UQCRC2,18.621935679469626,91.98682666245872,-3620.77833136513,-4.96453950257569,0.03890184459373701,SE,3611,1.1136212886445568e-05,0.11322841872677128,0.009980916976928711,7274.323622815369,-3628.843293457603,8.064962092473252,0.004512941946348881,0.0016903477325710004
1541,0.020796690174654405,4,NDUFAB1,18.621935679469626,37.5297870924375,-3722.777608948363,-5.642535431344562,0.06262493930372619,SE,3611,2.263767487694613e-05,0.04129295162798011,0.0044176578521728516,7478.322177981836,-3751.3389207076307,28.561311759267483,9.077794904666092e-08,5.338814786436398e-08
1542,0.0046019716686534875,4,MAZ,18.621935679469626,172.4051700443643,-3505.758621902989,-3.649238692582247,0.01847763252186579,SE,3611,8.085618957443862e-06,0.28178529219455606,0.01088404655456543,7044.284203891088,-3508.9320265191345,3.17340461614549,0.07484627342036476,0.02288758231471712
1544,0.0726375816626589,4,SEZ6L2,18.621935679469626,10.176198385935908,-3728.8628594160923,-6.600643910168994,0.1231296786549052,SE,3611,0.00010453684224606327,0.019211286048235385,0.004294395446777344,7490.492678917294,-3843.0863938468365,114.22353443074417,0.0,0.0
1546,0.007464076824777822,4,TMEM219,18.621935679469626,105.99065675613673,-3579.4807679665755,-3.087184414542134,0.01686495583992131,SE,3611,1.67558576847654e-05,0.224625383216694,0.009311437606811523,7191.728496018261,-3584.7444772742997,5.263709307724184,0.021774563374033384,0.007313139631513461
1547,0.03499464797980326,4,ALDOA,18.621935679469626,21.97989141084061,-3530.473848943548,-5.077428385175211,0.061942652490032626,SE,3611,4.1436775364294465e-05,0.02827404739872557,0.004316806793212891,7093.714657972206,-3579.3805855060623,48.9067365625142,2.6842972289387035e-12,2.208219973611036e-12
1548,0.016051880101980907,4,YPEL3,18.621935679469626,48.85890648646994,-3732.9508672016473,-6.38981701679395,0.07198030818488359,SE,3611,2.8664995225144983e-05,0.08608065145718267,0.008810997009277344,7498.668694488404,-3752.0360368443885,19.08516964274122,1.2501255938768274e-05,6.084590829791521e-06
1549,0.024851037288321894,4,FUS,18.621935679469626,31.276913702725835,-3645.771044654215,-3.912020602405455,0.03875147439333056,SE,3611,2.6158970718661814e-05,0.0339728550708377,0.0045032501220703125,7324.30904939354,-3674.8690555307676,29.098010876552507,6.880759406691084e-08,4.105215946958984e-08
1550,0.022446732005485442,4,VPS35,18.621935679469626,34.712409470703435,-3713.6267780989438,-5.340172010036367,0.05869858696660496,SE,3611,2.8120378840889864e-05,0.0443269945005204,0.0037965774536132812,7460.020516282997,-3743.0684553009587,29.441677202014944,5.762497590211524e-08,3.453401298349211e-08
1551,0.01088450203382599,4,DNAJA2,18.621935679469626,72.43290301881837,-3202.4473098352155,-3.494486168014802,0.022392743949746472,SE,3611,1.4814553487779376e-05,0.09472203481033441,0.01164388656616211,6437.6615797555405,-3214.7065723245805,12.259262489365028,0.00046295444301847066,0.00019567527858793443
1552,0.02730490200911699,4,GNAO1,18.621935679469626,28.39445613233809,-3774.838113611509,-6.2250976462492815,0.07993194217275998,SE,3611,3.2336574384264256e-05,0.035134766537498655,0.004308223724365234,7582.443187308128,-3810.5788690224726,35.74075541096363,2.25398999464943e-09,1.5130891988203025e-09
1553,0.15613917751333975,4,MT2A,18.621935679469626,4.307808481167699,-3906.6097836314484,-3.8224193961747486,0.1439226769711644,SE,3611,0.00022856637611695405,0.012456621905332695,0.00441431999206543,7845.986527348006,-4119.169247272527,212.55946364107876,0.0,0.0
1554,0.04446524738801407,4,MT1M,18.621935679469626,17.128653487493114,-3323.267761964234,-2.4329535388509678,0.031473527686512306,SE,3611,9.274677210945903e-05,0.04071242540080027,0.004250049591064453,6679.302484013578,-3359.6829974088905,36.415235444656446,1.5945192943789266e-09,1.08533269921962e-09
1555,0.15178949384240337,4,MT1G,18.621935679469626,4.454094063142568,-3241.34849291193,-1.7942333886948496,0.08374466860288843,SE,3611,0.0003507014015692261,0.01990270685512222,0.0038199424743652344,6515.463945908969,-3317.9206191572603,76.57212624533031,0.0,0.0
1556,0.32782918233075387,4,PLLP,18.621935679469626,1.634291390514339,-2981.319051418623,-1.0233078249906526,0.18377808334938447,SE,3611,0.0003311907644103868,0.007585471915553018,0.003725767135620117,5995.405062922356,-3609.0149443519635,627.6958929333405,0.0,0.0
1557,0.02674277776200649,4,CX3CL1,18.621935679469626,29.008052289498785,-3336.914158061576,-3.7308155035022335,0.03541737983636753,SE,3611,6.807087058176136e-05,0.07692775048132713,0.009765863418579102,6706.595276208262,-3355.274558271343,18.360400209766794,1.8281831211219846e-05,8.723940807683362e-06
1558,0.18328009983362661,4,NDRG4,18.621935679469626,3.551855382267958,-3491.5977787167626,-8.007704559093003,0.23589367739695605,SE,3611,0.0003354736239609435,0.014652343852857238,0.0043675899505615234,7015.962517518635,-3789.474482529211,297.87670381244834,0.0,0.0
1559,0.030816913995689473,4,DYNC1LI2,18.621935679469626,25.067679283298,-3370.2926263906866,-2.957788891138818,0.02946139681291547,SE,3611,2.933118462267601e-05,0.025377298327468677,0.003887176513671875,6773.352212866483,-3419.100416378068,48.80778998738151,2.8231861293193106e-12,2.318919415701508e-12
1560,0.010698268228533559,4,FAM96B,18.621935679469626,73.70767913982257,-3529.790177631472,-3.437605916104236,0.02261776486912357,SE,3611,4.117523355301946e-05,0.27230475668623977,0.010882854461669922,7092.347315348054,-3533.8898691486556,4.099691517183601,0.042891038576834406,0.013734443831930692
1562,0.004123634503569997,4,VPS4A,18.621935679469626,192.49644372125715,-3303.00044220197,-3.4162475928049467,0.015610100825503754,SE,3611,6.294922686532621e-06,0.27268450816389855,0.010918617248535156,6638.76784448905,-3306.49210891203,3.4916667100596896,0.06167845783312853,0.01918914265004526
1564,0.005581868246993935,4,PSMD7,18.621935679469626,141.9995286633895,-3394.428912800142,-3.520214676966242,0.01841506778977674,SE,3611,6.585962110308193e-06,0.15664571533536018,0.011800527572631836,6821.624785685393,-3399.7324750440816,5.303562243939723,0.02128185754543066,0.007156623512000052
1565,0.006272583700791102,4,GLG1,18.621935679469626,126.27525563627893,-3393.419753405664,-3.3733221782945715,0.017846705657491066,SE,3611,1.0838792655114006e-05,0.2047339090935182,0.012804031372070312,6819.606466896437,-3398.3172064770306,4.897453071366726,0.026896336118279907,0.008866758847731544
1566,0.023116329235470492,4,GABARAPL2,18.621935679469626,33.683827031790315,-3818.8615477944077,-5.617234883378271,0.06493795836297181,SE,3611,3.7952980642520385e-05,0.05656468462321786,0.011672735214233398,7670.490055673925,-3836.4778949727834,17.61634717837569,2.7025526089130558e-05,1.2704215116394733e-05
1567,0.03530998036577589,4,GCSH,18.621935679469626,21.776483929918083,-3197.720357201484,-2.3197233563389212,0.02468778736480078,SE,3611,4.057813511096554e-05,0.02723033881961907,0.004357099533081055,6428.207674488078,-3249.268039066026,51.54768186454203,6.987743716990735e-13,5.893037154123119e-13
1568,0.015981641076836934,4,HSBP1,18.621935679469626,49.07714361814766,-3777.950528443189,-4.049587093700813,0.03471942322872195,SE,3611,1.3040216593107857e-05,0.039493214108089834,0.010398149490356445,7588.668016971487,-3805.489250168742,27.538721725552932,1.5398064179272808e-07,8.890163289725959e-08
1569,0.03190035597297107,4,KIAA0513,18.621935679469626,24.189226482015126,-3605.594379398953,-4.4022200545332595,0.04990176850731057,SE,3611,5.2444374317582865e-05,0.042530540334524046,0.003768444061279297,7243.955718883016,-3642.404318412282,36.80993901332886,1.3022466438528113e-09,8.943377020988926e-10
1570,0.004878062748356082,4,APRT,18.621935679469626,162.60218135247308,-3148.011380167758,-2.46030297638766,0.009487043517796405,SE,3611,7.171446943851221e-06,0.22269096420221274,0.010011672973632812,6328.789720420626,-3152.4932003314816,4.481820163723569,0.034257218741671536,0.011142708560331996
1571,0.005248411167145951,4,ANKRD11,18.621935679469626,151.0720909855134,-3048.9604119455144,-2.8679833386019804,0.012375976873840407,SE,3611,9.160797597594367e-06,0.24611350829498543,0.01222372055053711,6130.687783976138,-3052.9095747275896,3.949162782075291,0.04689469337810981,0.014900834281066774
1572,0.06736183052147993,4,RPL13,18.621935679469626,11.03562044009175,-2825.0451451071926,-4.163832050729037,0.056007711999693115,SE,3611,0.00011054208812261211,0.02314112684016016,0.004370212554931641,5682.857250299495,-2917.985638009337,92.94049290214434,0.0,0.0
1575,0.023752279525148818,4,SERPINF1,18.621935679469626,32.760625636170026,-3159.5686625726503,-3.464853202042396,0.029528561354221487,SE,3611,3.48170859569563e-05,0.049276819651838624,0.003791332244873047,6351.90428523041,-3189.3117345816527,29.74307200900239,4.9326593143383946e-08,2.979390863492683e-08
1576,0.014846359167950818,4,PAFAH1B1,18.621935679469626,52.8909604506038,-3808.0111443150054,-5.654085314536194,0.057525000723323574,SE,3611,1.8276301865168793e-05,0.06384194083619814,0.011003494262695312,7648.78924871512,-3820.8573162019866,12.84617188698121,0.00033817035708072485,0.00014464296844833092
1577,0.004377939374523847,4,PSMB6,18.621935679469626,181.2684484663597,-3613.7467367908957,-3.9817776469566417,0.021324216727170487,SE,3611,7.506884725966958e-06,0.28880803682938183,0.009784221649169922,7260.260433666901,-3617.0444241176697,3.2976873267739393,0.06937749645867652,0.021324679817983406
1579,0.03572440811493579,4,DLG4,18.621935679469626,21.514615129580918,-3407.749969606248,-3.6683084021232895,0.040436407411935826,SE,3611,4.682326503568065e-05,0.030747579062983067,0.0038700103759765625,6848.266899297606,-3456.4157482455576,48.66577863930934,3.035127704720253e-12,2.4891928631984283e-12
1580,0.011911125360734078,4,ACADVL,18.621935679469626,66.12119038787317,-3172.9656686710105,-2.643269829210711,0.01535261336791235,SE,3611,1.1989369232998326e-05,0.06428465896350467,0.009952306747436523,6378.6982974271305,-3186.507364881051,13.541696210040755,0.00023332143036802755,0.00010108653540691455
1581,0.00482716174829028,4,CTDNEP1,18.621935679469626,164.32517839082976,-3033.193905019967,-2.9308888852713877,0.01242915167560522,SE,3611,1.1899978371369459e-05,0.37727784728353536,0.009792327880859375,6099.154770125044,-3036.2472114774814,3.0533064575142816,0.08057295262565967,0.02447134873321281
1582,0.010659562675132584,4,EIF5A,18.621935679469626,73.9782106526435,-3596.922782454156,-4.081934295472981,0.02977900697155726,SE,3611,1.3415751616825561e-05,0.0893538032925577,0.012437105178833008,7226.612524993421,-3608.4917421759083,11.568959721752435,0.0006706192618993745,0.0002771153974790804
1583,0.010490975333927257,4,NLGN2,18.621935679469626,75.17983067909424,-3050.3228727285723,-3.0040630538774886,0.017164049686911993,SE,3611,1.9237270402197495e-05,0.1321863441620175,0.010515213012695312,6133.412705542254,-3058.692988168988,8.370115440415702,0.003814413902059277,0.001441799091687471
1584,0.006086167223039922,4,POLR2A,18.621935679469626,130.167422057947,-3277.479505069079,-2.877472795499283,0.013465608378295474,SE,3611,3.34300101127015e-05,0.6702164375717972,0.008657455444335938,6587.725970223268,-3280.3622391897816,2.88273412070248,0.08953388029696341,0.026948775316400577
1585,0.0129078374387671,4,TRAPPC1,18.621935679469626,60.95392356335911,-3519.308283212393,-3.9001681244182507,0.029296834463501776,SE,3611,2.724970908317373e-05,0.12492606173991624,0.009830474853515625,7071.383526509895,-3529.4131005134846,10.10481730109177,0.001478822526793433,0.0005862428884016163
1586,0.04469190962832853,4,VAMP2,18.621935679469626,17.03774027548288,-3480.966552195802,-7.134629222054498,0.1109814095955925,SE,3611,7.007525459239667e-05,0.030476752119650993,0.003793954849243164,6994.700064476713,-3537.1118212199167,56.145269024114896,6.727951529228449e-14,6.024421615184072e-14
1587,0.013102763684368359,4,NDEL1,18.621935679469626,60.0352708286981,-2953.8703436796513,-3.334348815854328,0.021526523612345076,SE,3611,1.3924688207518567e-05,0.06200204453543194,0.009873628616333008,5940.507647444412,-2972.7429693335653,18.87262565391393,1.3974367786606656e-05,6.7586498844970305e-06
1588,0.01232655970860703,4,MAP2K4,18.621935679469626,63.86588596602894,-3304.7856081714,-3.8999569162799856,0.028114176765443505,SE,3611,1.5276744379545234e-05,0.07661369991319744,0.009706974029541016,6642.338176427909,-3318.748072511269,13.962464339869257,0.00018649703582818145,8.159072455778367e-05
1589,0.27474222885303223,4,PMP22,18.621935679469626,2.104090538792041,-3164.7504053739403,-0.9591474584493105,0.15836026792859711,SE,3611,0.00030832066273747655,0.00831983879921392,0.0043332576751708984,6362.26777083299,-3739.5717542790107,574.8213489050704,0.0,0.0
1590,0.018851366209309835,4,NCOR1,18.621935679469626,41.48484033958062,-3243.197449662882,-2.794147010376358,0.02066427711367208,SE,3611,4.927549974117014e-05,0.10852454859351546,0.010926246643066406,6519.161859410873,-3251.31538794057,8.117938277688154,0.004382937592132263,0.0016474059879964548
1591,0.011629496425465362,4,MPRIP,18.621935679469626,67.74173509964083,-3583.4653558671707,-4.093578735632895,0.030742638502231495,SE,3611,1.6665568062579364e-05,0.0936291679974545,0.008177757263183594,7199.697671819451,-3595.912659473621,12.447303606450077,0.00041859568766322575,0.00017734558072763406
1592,0.016220344773735258,4,USP22,18.621935679469626,48.343178972595226,-3811.552959789471,-5.377527105052211,0.054311223944110636,SE,3611,2.721867256229852e-05,0.0801036284344518,0.013407230377197266,7655.872879664052,-3824.7724352622113,13.219475472740214,0.00027705514219045213,0.00011935927995061463
1593,0.04071284525663621,4,WSB1,18.621935679469626,18.780823199254947,-3159.3801291422255,-1.9605974560877144,0.024296778012146334,SE,3611,4.807545543705452e-05,0.02479845169442062,0.0038754940032958984,6351.527218369561,-3211.827559336769,52.44743019454336,4.418687638008123e-13,3.7799415781133725e-13
1594,0.005218745626354541,4,FLOT2,18.621935679469626,151.9353790563316,-3096.765545828419,-3.0588232054294267,0.01381838936661015,SE,3611,8.608523280784585e-06,0.23388416786874391,0.009988784790039062,6226.298051741947,-3100.6078904865954,3.8423446581764438,0.049973592174885395,0.015794942617015258
1595,0.004579965850671634,4,TAOK1,18.621935679469626,173.23737210275658,-2975.8260383170527,-2.964814863749873,0.012376898895306455,SE,3611,1.557542733247422e-05,0.5479851028539926,0.010473966598510742,5984.419036719215,-2978.459078085311,2.633039768258186,0.10466116465860131,0.03116959625893432
1596,0.021250026117781342,4,GIT1,18.621935679469626,36.71214373372778,-3448.527755361103,-3.688169304713974,0.032298622327474,SE,3611,3.993021339888202e-05,0.06989051077914973,0.009366035461425781,6929.822470807316,-3463.0004190743825,14.472663713279417,0.00014220837899192595,6.293350105403263e-05
1597,0.022259630254586212,4,OMG,18.621935679469626,35.010881909155856,-3414.3460837169687,-3.2035100458906847,0.027389653514763915,SE,3611,2.0015280486471198e-05,0.032058869504081,0.0045740604400634766,6861.459127519047,-3450.52559170287,36.17950798590118,1.7995289702810169e-09,1.2171524618431731e-09
1598,0.009467470525891265,4,RAB11FIP4,18.621935679469626,83.3935055761607,-3525.4996331655693,-3.902207514617277,0.026423113041344853,SE,3611,5.2147530682085604e-05,0.43813348757790666,0.011057376861572266,7083.766226416248,-3529.3668509120766,3.867217746507322,0.049238080407841944,0.015590032972323037
1600,0.04090834774706718,4,SRCIN1,18.621935679469626,18.687259722788887,-3086.2754091714137,-2.4583983985666817,0.027435091447127528,SE,3611,5.7431438895819434e-05,0.0293649593044684,0.003779888153076172,6205.317778427937,-3137.183509573142,50.90810040172846,9.678924328682115e-13,8.098943914228403e-13
1601,0.016160058539784614,4,PIP4K2B,18.621935679469626,48.52650013122698,-3615.6915834202564,-4.111901780432215,0.03481163304782677,SE,3611,3.559131773637185e-05,0.10550093155800194,0.00982213020324707,7264.150126925622,-3626.1109513340543,10.419367913797942,0.0012470056715992994,0.0004987684538292907
1602,0.008220552203536268,4,RPL23,18.621935679469626,96.16378802351771,-3856.771097786659,-4.9573961647018425,0.03894868327717838,SE,3611,3.240021429508731e-05,0.35921058678575124,0.010538816452026367,7746.309155658428,-3858.949238424061,2.178140637402066,0.13998349011974198,0.04082765295894397
1603,0.01935782744066296,4,CACNB1,18.621935679469626,40.37861344728801,-3021.2679127443007,-3.2351184773779846,0.024108970085144663,SE,3611,3.352608880444602e-05,0.07016994463249751,0.009783029556274414,6075.302785573711,-3038.6017553922757,17.33384264797496,3.1355276957745204e-05,1.4700900671542967e-05
1604,0.1068662556681145,4,RPL19,18.621935679469626,6.6615202870269,-3159.3011440916584,-4.365130316661479,0.08512718240390098,SE,3611,0.00015313804735214327,0.01482595344229178,0.004435539245605469,6351.369248268426,-3341.595116505531,182.29397241387278,0.0,0.0
1605,0.0106418669143991,4,PPP1R1B,18.621935679469626,74.10255025563615,-3042.871179778327,-2.7740371869088656,0.015323622131547875,SE,3611,2.1456930843433975e-05,0.14337620248321387,0.009978294372558594,6118.509319641764,-3049.43060334566,6.559423567332942,0.01043301566524224,0.003667031599245158
1606,0.0032932514951911694,4,MIEN1,18.621935679469626,241.23479582139495,-3345.1240447714736,-2.930225436032949,0.0110013420091371,SE,3611,1.024899166633425e-05,0.6936865992953563,0.00977015495300293,6723.015049628057,-3346.9919004576286,1.8678556861550533,0.17172087260745594,0.049492118039372285
1607,0.05528349769988515,4,THRA,18.621935679469626,13.62082581091505,-3674.1281221799168,-3.657294764990109,0.05596474508156039,SE,3611,0.00013701078119633867,0.04061271625729435,0.004323720932006836,7381.023204444943,-3697.324082660806,23.195960480889426,1.4630432800810667e-06,7.640927106734791e-07
1609,0.004914063386153578,4,KRT10,18.621935679469626,161.40511145995657,-3050.9095861601927,-2.79593221839541,0.011578534709335774,SE,3611,1.050213049192552e-05,0.32140405439091674,0.011945009231567383,6134.586132405495,-3054.481432774323,3.5718466141302088,0.05876692598737143,0.01830455407694496
1610,0.033725408731311884,4,EIF1,18.621935679469626,22.8370912719781,-3265.3398087392507,-5.653886617530256,0.06898530379133651,SE,3611,5.781456559862189e-05,0.04225811093158852,0.003768444061279297,6563.446577563611,-3302.2662917367456,36.926482997494986,1.2266837545737985e-09,8.456922355673535e-10
1611,0.006692033954618291,4,RAB5C,18.621935679469626,118.31048433308594,-3262.4147716806638,-3.3798724060969403,0.01808928425227805,SE,3611,7.73314872095153e-06,0.1285572210207005,0.013194084167480469,6557.596503446437,-3269.585038602412,7.170266921748407,0.0074121745468732625,0.00268079628679901
1612,0.05233432334344504,4,ATP6V0A1,18.621935679469626,14.433311598840922,-3706.4452759462297,-6.212085093255165,0.0986388490362568,SE,3611,7.532680639378736e-05,0.024627172235164835,0.0038428306579589844,7445.657511977569,-3776.6807093178095,70.2354333715798,0.0,0.0
1613,0.006962854545598152,4,HDAC5,18.621935679469626,113.6777897200383,-3522.527478542419,-3.1696890423504174,0.016987491139059802,SE,3611,1.8751314274666614e-05,0.28827067786648936,0.009789466857910156,7077.8219171699475,-3526.6693360315367,4.141857489117683,0.041835239420726755,0.013404361495725419
1614,0.04932191439855757,4,RUNDC3A,18.621935679469626,15.363529814703238,-3724.7237983018654,-6.3995030309652305,0.10079206048260031,SE,3611,3.853894046106394e-05,0.014017659573869074,0.003861665725708008,7482.21455668884,-3836.4299368858456,111.70613858398019,0.0,0.0
1615,0.0080662331467918,4,MAPT,18.621935679469626,98.01879371927875,-3711.703915377384,-5.153026461443597,0.041053613256367874,SE,3611,1.2096235871581138e-05,0.13919858524441997,0.009405374526977539,7456.1747908398775,-3718.1231693136915,6.419253936307541,0.011288957734195693,0.003952341005919451
1616,0.16987312039665373,4,NSF,18.621935679469626,3.89508789193729,-3689.8797012774894,-7.968626977116577,0.2360292080089464,SE,3611,0.0004096313594807363,0.019834187433027745,0.004457235336303711,7412.526362640088,-3909.4544615394198,219.57476026193035,0.0,0.0
1617,0.012863716514562284,4,NFE2L1,18.621935679469626,61.16572168432625,-3415.6131580557585,-3.767193939983874,0.02737557843113799,SE,3611,2.5567025362331302e-05,0.11799581700359574,0.00952601432800293,6863.9932761966265,-3427.5305684832065,11.917410427447976,0.0005561173270121067,0.000232125378802365
1619,0.015542948449021403,4,PDK2,18.621935679469626,50.484820591288,-3144.25563204804,-3.5690202252481593,0.02600690308145421,SE,3611,4.5602139205926844e-05,0.14575299649781437,0.007134675979614258,6321.278224181189,-3154.163095032669,9.907462984629092,0.001646098805962004,0.0006506319391154167
1620,0.006612525652764543,4,PPP1R9B,18.621935679469626,119.7426208606659,-3361.621392544481,-2.830482096002817,0.013688204043547108,SE,3611,1.3480965468727975e-05,0.22945611399920163,0.011223554611206055,6756.009745174071,-3366.5605775076338,4.939184963152911,0.026254413844097324,0.008671128620699407
1621,0.10085858843058146,4,ANKRD40,18.621935679469626,7.1057932049454084,-3022.643781491393,-1.8132616425242918,0.049307808161694326,SE,3611,0.00016786962645409117,0.017834701366165516,0.00434112548828125,6078.054523067895,-3163.238747314538,140.59496582314523,0.0,0.0
1622,0.05084509017519058,4,TRIM37,18.621935679469626,14.87940368087812,-3529.532434978601,-4.698596155807439,0.06592446074055631,SE,3611,8.822703922047239e-05,0.030379564919446524,0.003704547882080078,7091.831830042312,-3599.1090770109113,69.57664203231025,1.1102230246251565e-16,1.1838633373013597e-16
1623,0.04667934583938859,4,CLTC,18.621935679469626,16.278399056820103,-3671.7688419890806,-7.116603549018305,0.11471130063260408,SE,3611,7.449674325874836e-05,0.029935405618572435,0.003782987594604492,7376.304644063271,-3748.1570547702163,76.38821278113573,0.0,0.0
1624,0.004591235299124131,4,PSMC5,18.621935679469626,172.8101946511876,-3593.1515618588965,-4.158693460966646,0.023390777104993914,SE,3611,8.319917397298857e-06,0.29129530837708906,0.011688470840454102,7219.070083802902,-3596.0622668074766,2.9107049485801326,0.08799340493657659,0.026529771021810103
1625,0.024454829743964825,4,DDX5,18.621935679469626,31.796563815639097,-3810.445683584916,-4.101766489316815,0.042248175981812526,SE,3611,3.660941525590089e-05,0.049019037938954735,0.0043179988861083984,7653.6583272549415,-3840.1511048467655,29.70542126184955,5.029397276423708e-08,3.0344047377952634e-08
1626,0.06192925334894325,4,PRKCA,18.621935679469626,12.073611540114987,-3509.1210908724775,-3.7606737177774585,0.058507613640007755,SE,3611,9.333258322210981e-05,0.022630480362842157,0.0037009716033935547,7051.009141830064,-3573.8134751697335,64.69238429725601,8.881784197001252e-16,8.904422559440509e-16
1627,0.019815008075427114,4,PRKAR1A,18.621935679469626,39.42858981615445,-3748.8898304842287,-6.190698774066731,0.07212691839446478,SE,3611,2.3488771205194272e-05,0.047007185658182286,0.00873875617980957,7530.546621053567,-3771.607812160345,22.717981676116324,1.8760407404228019e-06,9.68469714628973e-07
1628,0.032520167058866976,4,RPL38,18.621935679469626,23.713005537367618,-3402.864858609897,-5.610128978356785,0.06857146542190959,SE,3611,3.870638315723481e-05,0.03027997732859198,0.00377655029296875,6838.496677304904,-3439.758795873863,36.89393726396611,1.247332126474987e-09,8.588236137475111e-10
1629,0.013081293036591583,4,ATP5PD,18.621935679469626,60.13511644782592,-3752.9236179796717,-5.7091069186228385,0.05624097534809213,SE,3611,1.7641285168422604e-05,0.07880193286669934,0.009795904159545898,7538.614196044453,-3768.9662077110243,16.042589731352564,6.193353390038236e-05,2.844083515039352e-05
1630,0.0045853652924311315,4,SUMO2,18.621935679469626,173.03243993615158,-3906.446697489282,-5.730124212903276,0.04263906474333077,SE,3611,9.975201754590118e-06,0.35013603091026346,0.009780168533325195,7845.660355063674,-3909.3060251715206,2.8593276822384723,0.09084546135742555,0.02732821200269264
1632,0.00714803401624808,4,WBP2,18.621935679469626,110.71216389723676,-3699.4007378967817,-6.186698928132875,0.05533081875185723,SE,3611,1.612956114276186e-05,0.2354646181567798,0.009864330291748047,7431.568435878673,-3703.748803713199,4.348065816417147,0.03705100247576887,0.011993247084382307
1633,0.017144486295970006,4,TIMP2,18.621935679469626,45.69436550701688,-3664.993826643128,-3.3721002752905354,0.027267207977227353,SE,3611,2.7905831813887936e-05,0.07378970334472729,0.012348413467407227,7362.754613371366,-3679.034800180675,14.04097353754696,0.0001788703196619057,7.851025784892454e-05
1634,0.09591059998439634,4,AATK,18.621935679469626,7.513498763996009,-3348.371531321553,-2.8002457008013666,0.06342541000491986,SE,3611,0.00016090182902165433,0.01855070633715893,0.00436711311340332,6729.5100227282155,-3498.2074078528767,149.83587653132372,0.0,0.0
1636,0.010367868988044482,4,ACTG1,18.621935679469626,76.08196773808922,-2886.4110210106974,-6.504405201547881,0.06446434325666668,SE,3611,4.38612519140332e-05,0.308429834987793,0.008150577545166016,5805.589002106504,-2891.0225557575745,4.611534746877169,0.03175759881464868,0.010380025095918632
1637,0.010199827253240245,4,MRPL12,18.621935679469626,77.34854675506558,-3147.335783027157,-3.007737990684674,0.01724220912372382,SE,3611,1.4569369638615835e-05,0.10578118693634514,0.012181520462036133,6327.438526139424,-3156.7349910220837,9.399207994926655,0.0021707919571443135,0.000845558364504618
1639,0.0058244764379734365,4,P4HB,18.621935679469626,136.05159063191283,-3495.7889007839167,-3.36393803079628,0.01747046784378419,SE,3611,5.5421473687293866e-06,0.12118798437450636,0.009391069412231445,7024.344761652943,-3503.182443670862,7.393542886945397,0.006545842904037702,0.0023803065105591644
1643,0.00480934922800825,4,DCXR,18.621935679469626,164.93674625402153,-3454.528573938507,-2.763378533492624,0.011743779661722565,SE,3611,1.1833995623644975e-05,0.3779423060188544,0.01218104362487793,6941.824107962124,-3457.6627114067514,3.134137468244262,0.07666893133591324,0.023394433455746
1644,0.004853476701003707,4,GPS1,18.621935679469626,163.42990589367946,-3228.6652222265475,-3.1765545778679023,0.014513593794985256,SE,3611,9.147691718473469e-06,0.28691409503175047,0.011978864669799805,6490.0974045382045,-3231.859660045444,3.1944378188964038,0.07388917089852431,0.022620698853325728
1645,0.004670113634843713,4,FASN,18.621935679469626,169.8779635925873,-3715.4836211066067,-4.009405263754141,0.02221960341137297,SE,3611,8.268918529697157e-06,0.27990430939785044,0.01034855842590332,7463.734202298323,-3718.9176704266683,3.434049320061604,0.06386533147678541,0.01980371787042922
1646,0.053322833499220824,4,RAB40B,18.621935679469626,14.150967475545604,-3579.857867162215,-3.6897488699703196,0.0535035258550613,SE,3611,8.998159118450672e-05,0.02844873814902049,0.0037784576416015625,7192.482694409539,-3622.908355343152,43.05048818093701,5.334532815481907e-11,4.024260786516207e-11
1647,0.009680466871115036,4,MYL12B,18.621935679469626,81.541086108766,-3762.8860901291573,-5.265962145595214,0.045048980117738814,SE,3611,8.217170374744026e-06,0.06609250213551146,0.009340524673461914,7558.539140343424,-3778.8105102006275,15.924420071470195,6.592266094929133e-05,3.0143664233187546e-05
1648,0.0042815522314643235,4,NDUFV2,18.621935679469626,185.367143145387,-3628.6071878225575,-4.803680483411603,0.029754982133887838,SE,3611,6.987366698108187e-06,0.2809481942354472,0.009768247604370117,7289.981335730225,-3632.3220703803368,3.7148825577792195,0.05392941851139432,0.01693546781015683
1649,0.013543439286895123,4,ANKRD12,18.621935679469626,58.05591176948594,-3181.7796209047874,-3.0498456979227098,0.019752595228050344,SE,3611,2.7551256192175433e-05,0.11503148545554832,0.010721683502197266,6396.326201894684,-3189.6176680380363,7.838047133248892,0.00511578435185045,0.0018897525467015813
1651,0.012789145833471712,4,OSBPL1A,18.621935679469626,61.52701303038708,-3235.1911246375766,-3.7957528851628446,0.02704400877097643,SE,3611,2.5506409280701953e-05,0.1190562901310947,0.008729219436645508,6503.149209360263,-3246.4463595257976,11.255234888220912,0.0007939877424411046,0.0003250886662319582
1652,0.12023814014470419,4,AQP4,18.621935679469626,5.832037797037487,-3743.6231835173226,-1.2604056584441408,0.08139451438068943,SE,3611,0.0001931935448162826,0.015538942330630356,0.004300832748413086,7520.013327119755,-3903.5275890041466,159.9044054868241,0.0,0.0
1653,0.0037455795144135987,4,MAPRE2,18.621935679469626,212.00626259893681,-3724.0274022449375,-5.43371717384733,0.03595619670335341,SE,3611,5.024742419519269e-06,0.26340506610011566,0.010145187377929688,7480.821764574985,-3727.3651167054554,3.337714460517873,0.06770859789537209,0.02083558794047334
1654,0.007065268925111631,4,RPRD1A,18.621935679469626,112.01842302957633,-3210.9624614397653,-3.3006055886084327,0.017632057548187002,SE,3611,9.123470180464321e-06,0.13627939578442377,0.010948657989501953,6454.69188296464,-3217.3714428445037,6.40898140473837,0.011354453284371568,0.003972678312150403
1655,0.016214027749814678,4,TPGS2,18.621935679469626,48.36232413161719,-3192.598988103,-3.794505401447347,0.02914178334861314,SE,3611,2.227808271394021e-05,0.06561303886531254,0.00828409194946289,6417.96493629111,-3216.044433746464,23.445445643464154,1.2850658704932627e-06,6.750858014344448e-07
1656,0.0520956192939773,4,CELF4,18.621935679469626,14.503097777485072,-3565.892611588693,-5.32564203462068,0.07827139221267752,SE,3611,8.35695732759422e-05,0.027546970308059,0.0038499832153320312,7164.552183262495,-3630.235076508171,64.34246491947806,9.992007221626409e-16,9.98016634630029e-16
1657,0.10302746489668849,4,SYT4,18.621935679469626,6.939426518520209,-3810.213124154272,-5.934320956505952,0.13371302237220126,SE,3611,0.0002588126039434648,0.02656918622529951,0.004386186599731445,7653.193208393654,-3921.1155596834164,110.90243552914444,0.0,0.0
1658,0.07568798272236324,4,ATP5F1A,18.621935679469626,9.733950173868084,-3663.937228063835,-7.563180681358253,0.14839695280279844,SE,3611,0.0001546359260113909,0.026485551300769503,0.004403352737426758,7360.641416212779,-3769.3332219090134,105.39599384517851,0.0,0.0
1659,0.010302969026870785,4,RPL17,18.621935679469626,76.56624044324116,-3423.183809767759,-3.8774822960757365,0.02660527580268297,SE,3611,2.0291671525597715e-05,0.14445451831331801,0.009453535079956055,6879.134579620628,-3431.187620907249,8.003811139489699,0.004667899931148467,0.0017423046494449267
1660,0.008789633967555636,4,WDR7,18.621935679469626,89.88609120945851,-3109.3805162821764,-3.371551706276136,0.019465829927706606,SE,3611,1.1165996536142479e-05,0.1085377066288316,0.009296894073486328,6251.527992649462,-3118.863215397043,9.482699114866591,0.002074185827794728,0.0008096927606185587
1661,0.043428294106480594,4,ST8SIA3,18.621935679469626,17.556672594702043,-3252.866234852861,-3.5370467602755467,0.041454830636623884,SE,3611,7.185498848844296e-05,0.03292952997306998,0.004101276397705078,6538.4994297908315,-3306.5363545392256,53.670119686364615,2.3714363805993344e-13,2.054850146208852e-13
1662,0.011144542947597733,4,NARS,18.621935679469626,70.72419323507059,-3415.3277366118527,-4.191981062233778,0.030963569781058804,SE,3611,1.3381581780500407e-05,0.08170112084987453,0.011749029159545898,6863.422433308815,-3430.3734518016236,15.045715189770817,0.0001049382164707291,4.7139902328102764e-05
1663,0.010742916372288617,4,NEDD4L,18.621935679469626,73.39803334946518,-3011.8240466136867,-2.9660735099798248,0.016898937376794317,SE,3611,1.7754948318570755e-05,0.1164665188324947,0.010028839111328125,6056.415053312483,-3020.776752960606,8.952706346919058,0.002770588259451312,0.0010652636514019381
1664,0.020579331373705895,4,SEC11C,18.621935679469626,37.93459519547392,-3533.861151724588,-3.928342932852632,0.03526672846744354,SE,3611,3.0498722374861404e-05,0.05676315809533471,0.0125885009765625,7100.489263534286,-3546.5093066806303,12.648154956042163,0.0003759365076697607,0.00015990378453259232
1665,0.005159439959407867,4,CNDP2,18.621935679469626,153.69097655030168,-3215.2466688474124,-2.5292711973963518,0.010219737958958806,SE,3611,8.791430876945173e-06,0.24431606315913804,0.009677886962890625,6463.260297779934,-3219.5226614998937,4.275992652481364,0.03865437982636155,0.012474611146238549
1666,0.004697331506497821,4,TXNL4A,18.621935679469626,168.8890167401625,-3700.8702245351415,-4.988095446553102,0.032956511609808004,SE,3611,1.0391899675899888e-05,0.3477421648526157,0.010837078094482422,7434.507409155392,-3704.0181197403463,3.1478952052048044,0.07602496880215082,0.023221542551909807
1667,0.004377464168397781,4,PSMF1,18.621935679469626,181.2882130257604,-3143.403108324532,-3.064172344767125,0.013053011061416918,SE,3611,5.4966166066879995e-06,0.21151365151313775,0.009827136993408203,6319.573176734173,-3147.7243930851137,4.321284760581875,0.037638494474620976,0.012168728007028538
1668,0.0063269373811621595,4,IDH3B,18.621935679469626,125.18359813219432,-3119.5584246388444,-3.213182855620113,0.0160949984555892,SE,3611,1.0428453365071598e-05,0.1936566580001497,0.010897636413574219,6271.883809362798,-3124.5533754583266,4.994950819482256,0.025421375966339643,0.008416729416464864
1669,0.006622842573819564,4,PTPRA,18.621935679469626,119.55484673204697,-3544.7173295607936,-4.0507372067847776,0.025097063589488933,SE,3611,1.7682801526342406e-05,0.30005035398695495,0.010899066925048828,7122.201619206697,-3548.5879334061383,3.8706038453447036,0.04913883918145334,0.015567800632045036
1670,0.003050030476770107,4,MRPS26,18.621935679469626,260.53533651566,-3342.8537582728623,-3.5720138717645966,0.015147439965307683,SE,3611,6.751557297604409e-06,0.5322165838919037,0.012026071548461914,6718.474476630834,-3344.750786780616,1.8970285077539302,0.16841130100562496,0.048590477575098406
1671,0.07394983109271738,4,LZTS3,18.621935679469626,9.981476270311479,-3543.153652142619,-4.51591878630102,0.07789496955037158,SE,3611,0.00019290503189752206,0.03437897293285117,0.0037789344787597656,7119.074264370348,-3608.3961502487846,65.24249810616539,6.661338147750939e-16,6.779695544545548e-16
1672,0.013493294755136916,4,PRNP,18.621935679469626,58.27462449737928,-3290.535654507248,-7.602917234971044,0.09260121160007863,SE,3611,3.624640664707309e-05,0.15243078056423445,0.009685516357421875,6613.838269099606,-3300.0504754602907,9.514820953042545,0.002038189908489807,0.0007979641977498248
1673,0.014460730943657102,4,TMEM230,18.621935679469626,54.322673731705045,-3278.160638450593,-3.0260781112885247,0.02040969721060288,SE,3611,3.277578410095297e-05,0.12048768291735894,0.026127099990844727,6589.088236986296,-3287.178298620301,9.017660169708051,0.0026738345549913722,0.0010295388549532792
1674,0.004524642292276569,4,CDS2,18.621935679469626,175.36532036885328,-3415.1602371743484,-3.3712658207028,0.01590226348148655,SE,3611,1.1703218846872815e-05,0.4217842393342135,0.011588811874389648,6863.087434433806,-3417.691654384563,2.5314172102148405,0.11159994261972417,0.033089082941674085
1675,0.06853604856608572,4,PLCB1,18.621935679469626,10.83289266329438,-3532.3203961258127,-4.953705679157559,0.08163253991538753,SE,3611,0.00018871634208762332,0.038339450837153524,0.0038864612579345703,7097.407752336735,-3615.3044242828873,82.98402815707459,0.0,0.0
1676,0.5958817224258233,4,SNAP25,18.621935679469626,0.5405624553023894,-2364.7480175106916,-8.985199364108572,0.5593103762973324,SE,3611,0.0002870344262815451,0.0057040685822506015,0.004403352737426758,4762.262995106493,-3316.273371249707,951.5253537390154,0.0,0.0
1677,0.0259731717190492,4,BTBD3,18.621935679469626,29.89120217454779,-3148.157013655762,-3.5205857756752907,0.03126571143763329,SE,3611,4.3709386029984824e-05,0.05220400019486997,0.0038123130798339844,6329.080987396634,-3173.361481568586,25.20446791282393,5.156260618477404e-07,2.8134595069838786e-07
1678,0.009125319474617933,4,APMAP,18.621935679469626,86.55020541994082,-3251.4888994652756,-3.7022956237289293,0.02330352573000822,SE,3611,9.134383629847628e-06,0.08249166748359406,0.010444164276123047,6535.744759015661,-3261.465267095169,9.976367629893502,0.0015856217683029028,0.0006276530313979958
1679,0.019422492699872607,4,ENTPD6,18.621935679469626,40.24152309532138,-3490.4976280371993,-4.268894912079161,0.038616001095168155,SE,3611,2.961931415405889e-05,0.06159724213185412,0.01142263412475586,7013.762216159508,-3509.575516869454,19.077888832254757,1.2549039888454239e-05,6.102310668579907e-06
1681,0.009352130997960971,4,CHMP4B,18.621935679469626,84.4318252333609,-3465.254857072802,-4.351727314868131,0.03138433976278015,SE,3611,1.5412657535525842e-05,0.13264477842786443,0.011493921279907227,6963.276674230714,-3472.975319901283,7.720462828480777,0.005459839760273089,0.002001681139974599
1682,0.003883707887312557,4,EIF2S2,18.621935679469626,204.4376762937206,-3154.605285012596,-2.9005569867842578,0.011366846042344593,SE,3611,1.0246328112625087e-05,0.499888022972976,0.012084484100341797,6341.977530110302,-3156.750910648012,2.145625635415854,0.14297674061446652,0.04163274946329842
1683,0.013165265505405506,4,DYNLRB1,18.621935679469626,59.74647056171444,-3728.5143520707916,-5.905383951050108,0.05962903002792709,SE,3611,1.7351715116651334e-05,0.07654928586426309,0.011498451232910156,7489.795664226693,-3741.6805001819066,13.166148111115035,0.0002850520821601199,0.000122607515108603
1684,0.012074926472544947,4,MAP1LC3A,18.621935679469626,65.21341792454767,-3792.7322157313884,-6.012632968156894,0.06043907934056876,SE,3611,1.7633983964536513e-05,0.09206423863327519,0.007178068161010742,7618.231391547886,-3806.568029968308,13.83581423691976,0.000199497116316949,8.692363830367026e-05
1685,0.1941707308978541,4,TP53INP2,18.621935679469626,3.307933132211297,-2949.3843914175964,-1.0267227917858899,0.09073617728039417,SE,3611,0.00032037021282117393,0.012969064910087341,0.0044841766357421875,5931.535742920302,-3273.311041396432,323.9266499788355,0.0,0.0
1686,0.004559741190323141,4,MMP24OS,18.621935679469626,174.00929914206824,-3423.96265405972,-3.734731864007299,0.01907636607399125,SE,3611,1.4649584530771166e-05,0.51995016742596,0.013764142990112305,6880.69226820455,-3426.6742964516425,2.711642391922396,0.0996183816200672,0.02983343239218296
1688,0.007292196041606067,4,ROMO1,18.621935679469626,108.5076980307198,-3619.719577869704,-3.9177249075932807,0.02462141683838624,SE,3611,2.1479204472332744e-05,0.30146505960222353,0.011343240737915039,7272.206115824518,-3623.5328840425523,3.8133061728481152,0.050846991446722334,0.016033202369497183
1689,0.008673575413786093,4,RBM39,18.621935679469626,91.09949586084983,-3149.7716000538403,-2.5854742047728214,0.01295153977324037,SE,3611,2.5341520005529664e-05,0.252844086412476,0.010942935943603516,6332.31016019279,-3153.9321340186316,4.160533964791284,0.04137635818286023,0.013273190152178956
1691,0.016224774555066445,4,EPB41L1,18.621935679469626,48.329762418498426,-3638.036498624144,-4.0806251249995285,0.034579493800889746,SE,3611,3.116507857952154e-05,0.09166935594239474,0.008317947387695312,7308.839957333397,-3653.0238908288575,14.987392204713615,0.00010823187909347887,4.853816408114361e-05
1692,0.0035549543684351907,4,MANBAL,18.621935679469626,223.41728577452938,-2978.394494678805,-2.9907294064696157,0.011442167151197667,SE,3611,9.873837871334065e-06,0.5741459236577423,0.01112818717956543,5989.55594944272,-2980.493796939891,2.0993022610859953,0.14736637371359906,0.04281796537527009
1693,0.011058002749044185,4,BLCAP,18.621935679469626,71.28392039541453,-3615.8447927807965,-4.893788053637997,0.04076795681033355,SE,3611,1.7948068937543657e-05,0.11126396324405301,0.009943008422851562,7264.456545646703,-3626.7681536631417,10.92336088234515,0.000949591820387119,0.0003843973749766039
1695,0.0052194423997295345,4,SERINC3,18.621935679469626,151.91498992333402,-3773.521178838224,-5.726365257748793,0.04405607013841539,SE,3611,1.928370138496809e-05,0.5237787300933892,0.009224653244018555,7579.809317761557,-3776.1893324015587,2.6681535633347266,0.10237473193022817,0.030573543145796023
1696,0.08176696976321592,4,YWHAB,18.621935679469626,8.951018553043482,-3469.743965126377,-7.821156156273823,0.15521670099512214,SE,3611,0.00014496739680353718,0.021780991342759525,0.004423379898071289,6972.254890337864,-3571.6520252426185,101.90806011624136,0.0,0.0
1697,0.06135655598350628,4,SLC12A5,18.621935679469626,12.193745506694588,-3670.23155820741,-6.788032976570628,0.11786340281355277,SE,3611,8.892232450299225e-05,0.02191619873786765,0.00441288948059082,7373.23007649993,-3792.981415675083,122.74985746767288,0.0,0.0
1698,0.10861556413986224,4,PREX1,18.621935679469626,6.541395897434166,-2932.61176535622,-1.4273246310617993,0.04843853760665241,SE,3611,9.66240187993113e-05,0.009115844475833839,0.004846334457397461,5897.99049079755,-3230.2562518119385,297.6444864557184,0.0,0.0
1699,0.00883174662457567,4,ZFAS1,18.621935679469626,89.45368422315502,-3175.595197676452,-2.354064573698633,0.01150916462764811,SE,3611,1.3577828970724818e-05,0.130748715426083,0.010225772857666016,6383.957355438013,-3184.9451507617327,9.349953085280958,0.0022299117715676164,0.0008641933428960153
1700,0.006270173459328322,4,ATP9A,18.621935679469626,126.3241019711323,-3738.8004734127862,-5.097045353313225,0.03749767090159185,SE,3611,1.4879232664172063e-05,0.28126706916033106,0.010873794555664062,7510.367906910682,-3742.8289461680365,4.028472755250277,0.044738423647318726,0.01428337118610284
1701,0.3908635364566322,4,BCAS1,18.621935679469626,1.2421867435146352,-3080.9493560594196,-0.43948219105836217,0.2523321968422313,SE,3611,0.000676680307285626,0.013691698112506593,0.0031943321228027344,6194.665672203949,-3833.9741913347343,753.0248352753147,0.0,0.0
1702,0.0069216147392027645,4,RTF2,18.621935679469626,114.35984460239074,-3145.569376614052,-3.021530172788132,0.015053738183804614,SE,3611,7.815711741102867e-06,0.12156902630152631,0.009972572326660156,6323.905713313214,-3153.0209537389383,7.451577124886171,0.006338088978570577,0.0023094568289010876
1703,0.19706217724390052,4,GNAS,18.621935679469626,3.2477013733494444,-2304.485305323799,-6.859351464136219,0.15490438214183874,SE,3611,0.00040492290063888443,0.01608164032267428,0.004343986511230469,4641.737570732707,-2590.825407903611,286.3401025798121,0.0,0.0
1704,0.010083340208004391,4,FAM217B,18.621935679469626,78.25131825905012,-3059.0595019576476,-3.1367903301700393,0.01809645424959423,SE,3611,1.1749355507029084e-05,0.0872468564690336,0.011967897415161133,6150.885964000405,-3069.1936442562355,10.134142298587903,0.0014554795299978052,0.0005774158974574402
1706,0.06570966274709067,4,RPS21,18.621935679469626,11.33313517388435,-2886.518476817682,-5.821975243750101,0.08566531555842946,SE,3611,0.0001304277446403167,0.028509715120223388,0.0038259029388427734,5805.803913720473,-2953.2012254176416,66.68274859995972,3.3306690738754696e-16,3.4420997610553983e-16
1707,0.032268567151635466,4,KCNQ2,18.621935679469626,23.904112045377296,-3496.187818348167,-4.1003931267251055,0.044824762041210074,SE,3611,6.0763447997219895e-05,0.048230415667399676,0.0043163299560546875,7025.142596781444,-3527.93731273098,31.749494382812827,1.7539491858897804e-08,1.0977299455552885e-08
1708,0.24793586535880233,4,EEF1A2,18.621935679469626,2.417758802816285,-3421.733350675655,-7.982406681840197,0.28361661707564423,SE,3611,0.00032608284588209695,0.009819889567464855,0.004383563995361328,6876.233661436419,-3799.8504177265977,378.11706705094275,0.0,0.0
1709,0.08432732647679833,4,PPDPF,18.621935679469626,8.655045828088271,-3788.9417837491287,-4.541600979133897,0.09191087528802701,SE,3611,0.0001683301201342725,0.02401452644269002,0.004353046417236328,7610.650527583367,-3912.522065006053,123.58028125692408,0.0,0.0
1710,0.003480476449491911,4,CDC34,18.621935679469626,228.21519749507416,-3020.975924026041,-2.8783924998940162,0.010643705108740248,SE,3611,6.142909078819885e-06,0.37253460313579223,0.01076054573059082,6074.718808137191,-3023.3009188186015,2.324994792560574,0.1273106464565965,0.03739583859872147
1711,0.02210409864821093,4,BSG,18.621935679469626,35.26283828392515,-3737.6834641640717,-6.1783750067950995,0.07399925740746036,SE,3611,5.318360924160392e-05,0.08633352007523755,0.009333610534667969,7508.133888413253,-3752.404753824884,14.721289660812545,0.000124631016936827,5.533737205954841e-05
1712,0.011758880139207192,4,HCN2,18.621935679469626,66.98759820323427,-3122.489235761983,-2.5416495178744047,0.014355831654335174,SE,3611,3.6429367825387126e-05,0.20029218845395622,0.012117147445678711,6277.745431609075,-3127.573497326962,5.084261564978988,0.02414395639306799,0.008063474624651937
1713,0.014618229930940141,4,TMEM259,18.621935679469626,53.72880538080867,-3091.189904141709,-2.3220274934261362,0.014153685083433964,SE,3611,1.2978008196664742e-05,0.04671640321450611,0.008814573287963867,6215.146768368528,-3113.323747592948,22.133843451239045,2.5428702611351994e-06,1.3001936511567447e-06
1714,0.009855308769529374,4,POLR2E,18.621935679469626,80.0803343272531,-3659.2301566785727,-4.879371959500027,0.03937247453192545,SE,3611,1.9880421946310343e-05,0.15439066777055155,0.00893092155456543,7351.227273442255,-3667.2751883484652,8.045031669892523,0.004562862094115272,0.0017078529693129547
1715,0.017595738891083082,4,GPX4,18.621935679469626,44.50206651521639,-3345.6281082883997,-6.639392682168931,0.07672523748808752,SE,3611,1.9258709958400704e-05,0.04843555239661045,0.009839296340942383,6724.023176661909,-3372.7231125179633,27.09500422956353,1.936978620831198e-07,1.109962496397054e-07
1716,0.026863628816393433,4,ATP5F1D,18.621935679469626,28.87396836888732,-3609.406265400693,-6.609227469896583,0.0861712274383792,SE,3611,2.9428260569450237e-05,0.032974846733057235,0.0038118362426757812,7251.5794908864955,-3648.7359778219093,39.3297124212163,3.579526675068223e-10,2.559903925200305e-10
1717,0.00678605022231319,4,CIRBP,18.621935679469626,116.66032739112732,-3847.319064728019,-4.6402474649905745,0.03272997512129872,SE,3611,1.1687056043002507e-05,0.18901508193446467,0.006562709808349609,7727.405089541147,-3853.9474393881724,6.62837466015344,0.010036680519508567,0.0035369976744176654
1718,0.03203406598186452,4,GAMT,18.621935679469626,24.084933815304456,-3244.8995879327776,-2.6498011130124306,0.02620940259416936,SE,3611,3.86723277274195e-05,0.031117410390236674,0.004384040832519531,6522.566135950665,-3292.3300754909096,47.43048755813197,5.698885807703391e-12,4.5758609506600445e-12
1719,0.0751790830681147,4,RPS15,18.621935679469626,9.805236404395778,-2845.0004290210995,-4.997458889276469,0.0735209191503335,SE,3611,9.818445388025895e-05,0.017011558403478205,0.004848480224609375,5722.767818127309,-2995.463952090527,150.46352306942754,0.0,0.0
1721,0.008353920004863874,4,ABHD17A,18.621935679469626,94.61583727904134,-3776.7043851544404,-3.944217663661272,0.026460458542760804,SE,3611,1.975403231905342e-05,0.21218653282928568,0.008755922317504883,7586.17573039399,-3782.6999627578252,5.995577603384845,0.014341784599045337,0.004931033166338431
1722,0.010610676175847215,4,BTBD2,18.621935679469626,74.32272232485836,-3439.406331189937,-3.6425967507914563,0.02436796361020232,SE,3611,1.7985506713905073e-05,0.12087203021087498,0.01150202751159668,6911.579622464984,-3447.93797984259,8.53164865265262,0.0034902340024490774,0.0013248652521681502
1723,0.0077675703379733365,4,AP3D1,18.621935679469626,101.81826030544042,-3283.2402664281763,-3.3338283385352425,0.018656251864815673,SE,3611,2.8904670991775712e-05,0.3582509180802753,0.00985407829284668,6599.247492941462,-3286.459985954477,3.2197195263006506,0.07275609523289828,0.022286535583515905
1724,0.03449445286300609,4,OAZ1,18.621935679469626,22.31017424859891,-3430.737798144935,-7.078753805298009,0.10142960946825001,SE,3611,5.344230417899156e-05,0.03745572144822908,0.0037920475006103516,6894.242556374979,-3480.0429515746255,49.30515342969056,2.190914116795284e-12,1.807887173299605e-12
1725,0.004340484746138971,4,LSM7,18.621935679469626,182.83951640058402,-3294.4783795658786,-3.1341393069494927,0.01368812486400157,SE,3611,9.104085034089096e-06,0.35627168865107406,0.012706279754638672,6621.723719216867,-3297.771711827698,3.2933322618191596,0.06956171472950978,0.021344607702522767
1727,0.018501369359808114,4,GNG7,18.621935679469626,42.28470200146367,-3378.9639338969046,-2.5354582705487387,0.018969603254691336,SE,3611,2.470781795990285e-05,0.05641411882016008,0.010514974594116211,6790.694827878919,-3402.203386561371,23.239452664466626,1.4303272922733257e-06,7.499272215775901e-07
1728,0.04135883919850473,4,DIRAS1,18.621935679469626,18.475031213416308,-3563.072477189739,-4.780518865170566,0.06159469093185297,SE,3611,3.9910521095263316e-05,0.020000294791087815,0.0038068294525146484,7158.911914464587,-3645.128906365305,82.05642917556588,0.0,0.0
1729,0.007383033416375242,4,SGTA,18.621935679469626,107.16286349156488,-3023.2612591554716,-2.626250415977679,0.012197233771513332,SE,3611,1.1220693007931332e-05,0.15369110625003612,0.00931859016418457,6079.289478396053,-3029.8931170696105,6.631857914138891,0.010017072973085184,0.0035347326878709677
1730,0.028639379784186108,4,AES,18.621935679469626,27.034250515007738,-3582.7892067486573,-6.400236879637311,0.08297967236552292,SE,3611,3.1694351366012686e-05,0.03147211164041958,0.003843069076538086,7198.345373582424,-3633.544144820174,50.75493807151679,1.0464962230116726e-12,8.743029900550649e-13
1732,0.003476738282533292,4,MRPL54,18.621935679469626,228.4614300350773,-3112.652832109523,-2.8421464203506543,0.010478033219678837,SE,3611,1.1552431132337886e-05,0.702089651749723,0.012589454650878906,6258.072624304155,-3114.8357569997224,2.1829248901995015,0.13954903345146297,0.04072308326064059
1733,0.035939379325988306,4,ATCAY,18.621935679469626,21.381157889863104,-3501.059575247638,-4.671725792281024,0.055607635729799404,SE,3611,5.821994296253815e-05,0.03780811928143022,0.0037353038787841797,7034.886110580385,-3539.8246564354276,38.76508118778975,4.780027484940774e-10,3.391313391191747e-10
1734,0.004957998712010301,4,MAP2K2,18.621935679469626,159.967756149764,-3600.0522841085985,-4.377948683712071,0.026316798594424637,SE,3611,7.878078193266523e-06,0.23688747054971948,0.010895490646362305,7232.871528302307,-3604.365106004385,4.312821895786328,0.0378261658637542,0.012222036067697142
1735,0.004080286085930178,4,SAFB,18.621935679469626,194.54996836679825,-3189.1690318363035,-2.706262511262544,0.010340648524070064,SE,3611,9.725949063410235e-06,0.43023225625100514,0.011009693145751953,6411.1050237577165,-3191.2871214965385,2.1180896602350003,0.14556801458493984,0.04234131759274034
1736,0.004219519955813559,4,C19orf70,18.621935679469626,188.1039923650494,-3811.2043379981133,-4.793510275265976,0.02974467596360214,SE,3611,1.0524460364739674e-05,0.43558917488957694,0.012276887893676758,7655.175636081336,-3813.873283542728,2.6689455446148713,0.10232379659374935,0.030573543145796023
1738,0.003962894796888301,4,ALKBH7,18.621935679469626,200.3366576513262,-3113.5028108954302,-2.620948706498247,0.009622583870924515,SE,3611,1.2117445874533471e-05,0.5679713745134455,0.01240229606628418,6259.77258187597,-3115.6472440213834,2.144433125953128,0.1430878800232065,0.04164250442149254
1739,0.02963524055966798,4,SLC25A23,18.621935679469626,26.099008495378268,-3708.473881177509,-3.9457394066075144,0.04303142772050959,SE,3611,0.00013892103752697048,0.1293515651459121,0.008086204528808594,7449.714722440128,-3719.575891151583,11.102009974074008,0.000862342075069189,0.00035040070543445006
1740,0.04114156170359975,4,TUBB4A,18.621935679469626,18.576811362080516,-3738.522668928186,-5.8027984820059055,0.08221516177220248,SE,3611,6.713949199041245e-05,0.03397230485679699,0.004293680191040039,7509.812297941481,-3798.20181563947,59.679146711284375,1.1213252548714081e-14,1.0533066396658665e-14
1741,0.003906746352601739,4,PET100,18.621935679469626,203.2273869138709,-3577.6040409222314,-4.082796763431155,0.02139018822947205,SE,3611,9.370485007851564e-06,0.45182555479593073,0.01201939582824707,7187.975041929572,-3579.7676199218167,2.1635789995852974,0.14131520310420786,0.041171285285409434
1742,0.040714982318503505,4,PRR36,18.621935679469626,18.779795588029693,-3027.361958639997,-2.8962109293236433,0.030798483437071842,SE,3611,6.261148590676133e-05,0.03229336411539872,0.004271745681762695,6087.490877365103,-3068.9352168881596,41.5732582481628,1.1353573636796455e-10,8.387939451176946e-11
1743,0.033735732298604104,4,TGFBR3L,18.621935679469626,22.829858914582918,-3310.2331487317188,-3.9466978176955516,0.041950153957363026,SE,3611,4.148819345948995e-05,0.03030746054213385,0.0037238597869873047,6653.233257548547,-3358.6442647776025,48.41111604588377,3.4560132533556498e-12,2.8086058119556934e-12
1744,0.007650083376480073,4,NDUFA7,18.621935679469626,103.39418608030533,-3014.4574491632557,-3.287167945602597,0.017657848447920607,SE,3611,9.0431474179323e-06,0.1154957149592701,0.010951519012451172,6061.681858411621,-3022.1452437423613,7.6877945791056845,0.0055595523960936255,0.002034066671025201
1745,0.09525195902711552,4,RPS28,18.621935679469626,7.570964061448029,-2779.6818607365503,-5.328714330583079,0.08775677337307121,SE,3611,0.0001569832320428593,0.01830400454303706,0.004392147064208984,5592.13068155821,-2903.564537642275,123.88267690572457,0.0,0.0
1747,0.06542473772537478,4,PIN1,18.621935679469626,11.385962278867147,-3694.5971933482074,-7.114641714459781,0.1295057780205202,SE,3611,0.00010747146703959764,0.023670461991469237,0.00428318977355957,7421.961346781524,-3819.3114761846055,124.71428283639807,0.0,0.0
1748,0.0065821079634321355,4,FDX2,18.621935679469626,120.2996671662338,-3021.6393593342273,-3.24665549103042,0.016456582763844547,SE,3611,1.0183057833790017e-05,0.17490687113069267,0.01100015640258789,6076.045678753564,-3027.386069704366,5.746710370138771,0.01651956294865864,0.005629283897255746
1749,0.009839150997770843,4,CDC37,18.621935679469626,80.21315052949282,-3446.2914615567825,-3.9890344914565974,0.02751677913938365,SE,3611,1.0175803825101489e-05,0.07927941419543824,0.011953353881835938,6925.349883198674,-3457.8310073345274,11.539545777744934,0.0006813128381123468,0.00028131749911560264
1750,0.028736196200498713,4,CDKN2D,18.621935679469626,26.940482750132247,-3543.2132465407212,-4.829516583547683,0.053697831422833735,SE,3611,3.340971349224022e-05,0.032965188984831896,0.0038650035858154297,7119.193453166552,-3583.557870191389,40.34462365066793,2.128904830200895e-10,1.5514499133133995e-10
1751,0.005337809094106202,4,ILF3,18.621935679469626,148.5285777043631,-3012.701994513147,-2.725359055309542,0.011409342388048678,SE,3611,9.961547968246879e-06,0.2588330069260879,0.009714126586914062,6058.170949111403,-3016.310896713566,3.6089022004189246,0.057471045035257906,0.017933269834796563
1752,0.003279199436208735,4,TMEM205,18.621935679469626,242.271953257454,-3357.6127577022726,-3.354603765633333,0.013926906720164282,SE,3611,6.1407216525010265e-06,0.4191701441545957,0.010949134826660156,6747.992475489655,-3359.8905741113076,2.27781640903504,0.13123652795697516,0.03848578532462615
1753,0.021598946579226123,4,PLPPR2,18.621935679469626,36.106200626829995,-3256.135735107424,-3.048963722639129,0.02456547840106948,SE,3611,3.588320278401292e-05,0.06088065875847424,0.010382413864135742,6545.038430299957,-3274.4303056085923,18.294570501168437,1.8924577530277098e-05,9.014613872810825e-06
1754,0.03522330320779622,4,PRKCSH,18.621935679469626,21.832032713786692,-3203.7159269408185,-2.1530821382544625,0.023444727211366156,SE,3611,2.9520713329439196e-05,0.01990083331484137,0.0037746429443359375,6440.1988139667465,-3281.624113493354,77.90818655253543,0.0,0.0
1755,0.0038810035202304235,4,WDR83OS,18.621935679469626,204.5806882992466,-3602.2310223668846,-3.597708211895685,0.017061821847381923,SE,3611,7.85011531507951e-06,0.38351351277891804,0.009834527969360352,7237.229004818879,-3605.269734357376,3.038711990491265,0.0813004008820204,0.024650411902149155
1756,0.0037364674256499097,4,TRIR,18.621935679469626,212.52522413437845,-3824.8180681562644,-4.8846505863298715,0.029572089277059236,SE,3611,8.938834952145383e-06,0.47085852449679494,0.012328863143920898,7682.403096397638,-3826.7034043063386,1.8853361500741812,0.1697288968729882,0.04894430554988418
1757,0.009994373407432429,4,ASNA1,18.621935679469626,78.95498241768308,-3037.5776649234176,-2.923075914554013,0.016145812450257226,SE,3611,2.118529767380224e-05,0.16006949786320634,0.009691715240478516,6107.922289931945,-3045.3137474129753,7.7360824895577025,0.00541281042790287,0.0019857966375218836
1758,0.04832507008961691,4,PRDX2,18.621935679469626,15.696888953732502,-3730.706092740867,-6.77120427902845,0.1086159612087967,SE,3611,6.895968575311301e-05,0.02602481892125623,0.0038061141967773438,7494.1791455668435,-3798.6169399314276,67.91084719056062,2.220446049250313e-16,2.3125563443207146e-16
1759,0.012524999409732448,4,FARSA,18.621935679469626,62.841399050286476,-3064.941642602589,-3.1706707680233515,0.01991977496030392,SE,3611,1.8404455390387575e-05,0.08947086279020869,0.00989675521850586,6162.650245290288,-3077.537478985595,12.595836383005917,0.00038660701297221767,0.00016418206122047682
1760,0.0075035369522902465,4,CALR,18.621935679469626,105.42907394355468,-3674.0141918117533,-3.9771049289665137,0.025614797625611502,SE,3611,1.074181112704653e-05,0.14251505356349878,0.010747909545898438,7380.795343708616,-3681.2128230206345,7.198631208881125,0.00729592084905295,0.0026405307943450133
1762,0.0081998638003766,4,GADD45GIP1,18.621935679469626,96.40842200863962,-3656.904504806107,-4.421737326236956,0.03147316712820009,SE,3611,8.008097088988465e-06,0.08922409116930477,0.011741876602172852,7346.575969697324,-3667.1992066499256,10.29470184381853,0.0013341270857114562,0.0005316324331823309
1763,0.01762659036245964,4,NFIX,18.621935679469626,44.42278033220064,-3418.717071680011,-2.7850445453730397,0.02072838070017519,SE,3611,4.564824354687236e-05,0.11441800484449142,0.009383201599121094,6870.201103445132,-3429.755642471472,11.038570791461098,0.0008923562953906394,0.0003617743518727941
1764,0.0044298371057561615,4,C19orf53,18.621935679469626,179.13546090668302,-3720.0995737811445,-4.270277477221509,0.024410774083637125,SE,3611,5.293499627294357e-06,0.19895275852292976,0.010928869247436523,7472.9661076473985,-3725.1383868549606,5.038813073816073,0.024785466615067864,0.008252031658986535
1765,0.004811214965522484,4,PRKACA,18.621935679469626,164.87247645856343,-3314.885350096547,-3.6827411895425044,0.01882154315756012,SE,3611,7.064765623029105e-06,0.22545420019099432,0.010409832000732422,6662.5376602782035,-3319.8940600837304,5.008709987183465,0.02522009376263168,0.00836040865263102
1766,0.0045419295373534015,4,NDUFB7,18.621935679469626,174.69482065681007,-3846.7040986888096,-5.218216089514794,0.03565858668365912,SE,3611,5.471366405321937e-06,0.19570400060860027,0.010869264602661133,7726.175157462729,-3851.9718290676237,5.267730378814122,0.02172431910693262,0.007300836336916295
1767,0.007436681458766521,4,AP1M1,18.621935679469626,106.3840430973165,-3112.0128900514355,-3.439239884574878,0.019034119047004826,SE,3611,1.2732699643887724e-05,0.17193222113867057,0.010862350463867188,6256.792740187981,-3117.517685230805,5.5047951793694665,0.018964401147469778,0.0064135026235281264
1769,0.016019243285095765,4,ABHD8,18.621935679469626,48.9600731297421,-3066.218175384346,-3.519396897895706,0.025466332356407585,SE,3611,1.639282450887133e-05,0.0494216419789684,0.009723424911499023,6165.203310853802,-3091.3308432046856,25.11266782033954,5.407644809718448e-07,2.942420294201014e-07
1770,0.0043117019165300335,4,MRPL34,18.621935679469626,184.06538514818163,-3089.124956380383,-3.393511561247981,0.015457463816127259,SE,3611,9.690404208083824e-06,0.3842501158912123,0.009163379669189453,6211.016872845876,-3092.558745792351,3.433789411968064,0.06387538153801153,0.01980371787042922
1771,0.021008933495732688,4,RPL18A,18.621935679469626,37.14258895971951,-3549.406633989209,-4.521527174649995,0.043608441281511395,SE,3611,1.7486841547047053e-05,0.03128325220163754,0.0038492679595947266,7131.580228063527,-3593.4429872972155,44.03635330800671,3.2233327118547095e-11,2.4875948986190695e-11
1773,0.149460807991481,4,RAB3A,18.621935679469626,4.535910265221708,-3568.1504436764794,-7.597097262558247,0.2014769648542962,SE,3611,0.00025288880102706867,0.014675869007192482,0.004361867904663086,7169.067847438068,-3812.210769433822,244.06032575734253,0.0,0.0
1774,0.007234292769914423,4,JUND,18.621935679469626,109.38257329310875,-3955.6592255271844,-4.966859310210786,0.037875632213295624,SE,3611,1.4684152485577691e-05,0.2093573003763877,0.009861469268798828,7944.085411139478,-3960.4380473431834,4.778821815998981,0.02881182677065086,0.009463328951001508
1775,0.010421297338620045,4,LSM4,18.621935679469626,75.6878210072725,-3554.2611189160016,-4.06058557226153,0.029177482427106674,SE,3611,1.625137874014243e-05,0.11313492774349751,0.010926485061645508,7141.289197917113,-3563.099720002114,8.838601086112249,0.002949251214678039,0.001127491878869982
1776,0.0056429246477557584,4,REX1BD,18.621935679469626,140.45447055785655,-3620.964574552163,-4.313944130012109,0.026757566984971715,SE,3611,1.428866585838769e-05,0.3326224653681371,0.010100126266479492,7274.696109189435,-3624.0775565363874,3.1129819842244615,0.07767063599039314,0.023656845405158205
1777,0.20226670980513314,4,TMEM59L,18.621935679469626,3.1436251575667287,-3518.507602880981,-7.3575424366523166,0.23357936091606604,SE,3611,0.0003472272374925843,0.01333801176907416,0.004402637481689453,7069.782165847071,-3776.8573283676787,258.34972548669793,0.0,0.0
1778,0.006045101224205142,4,COPE,18.621935679469626,131.05709909611508,-3621.355791138123,-3.8493536125905767,0.022450896657710096,SE,3611,1.1307049653183876e-05,0.22973891315176884,0.012420654296875,7275.478542361356,-3625.8922851366287,4.536493998505648,0.03317948267578774,0.010824980523509603
1779,0.017357859561577305,4,SUGP2,18.621935679469626,45.122864754409164,-3156.043994999807,-3.486833981407744,0.026227942086923133,SE,3611,3.236986882704353e-05,0.08357526726210372,0.010005950927734375,6344.854950084724,-3169.740614140299,13.696619140491748,0.00021484090110113208,9.323045870084432e-05
1780,0.03258073554607125,4,NCAN,18.621935679469626,23.667440626652567,-3082.771633176355,-2.6051616510408335,0.024824998959685003,SE,3611,5.44875143413395e-05,0.04247757851346031,0.004335641860961914,6198.310226437819,-3108.9184936838183,26.146860507463316,3.1641113795721765e-07,1.7808124715707185e-07
1781,0.08109366888648384,4,HAPLN4,18.621935679469626,9.031954560477823,-3051.390337235394,-3.986866031810045,0.06347897093294781,SE,3611,0.00020217201514863384,0.03080220312285322,0.0045812129974365234,6135.547634555897,-3178.436168708452,127.04583147305812,0.0,0.0
1782,0.012545306586260808,4,NDUFA13,18.621935679469626,62.73838700726719,-3643.632515916017,-6.3419683098332715,0.066456932910366,SE,3611,1.0089737577287425e-05,0.04889536450442267,0.009803533554077148,7320.031991917143,-3660.7813490883036,17.148833172286686,3.456216617081509e-05,1.6147987045281046e-05
1783,0.00724856606676107,4,PDCD5,18.621935679469626,109.16561634375765,-3520.1881944120214,-4.421781060541354,0.03000376347528181,SE,3611,1.0013803255655755e-05,0.1422171241031242,0.009769678115844727,7073.143348909152,-3528.3624867329054,8.174292320883978,0.004248824260345008,0.0016014861774762375
1784,0.01501406108216733,4,LRP3,18.621935679469626,52.29128353898471,-3497.7195114157803,-3.630940999212322,0.027735996268897604,SE,3611,3.083203743089974e-05,0.10538104506013721,0.009323596954345703,7028.20598291667,-3509.457163601741,11.737652185960542,0.0006124823975742766,0.00025485902713084365
1785,0.06688545419708719,4,GPI,18.621935679469626,11.119896079831607,-3612.762435952692,-7.230902991282158,0.131814527728844,SE,3611,8.801654192221573e-05,0.018654245069774696,0.0044367313385009766,7258.291831990494,-3725.833328340077,113.0708923873849,0.0,0.0
1787,0.014127963726474516,4,COX6B1,18.621935679469626,55.6209531363542,-3612.0736674008185,-6.594544841091403,0.07319112421464323,SE,3611,1.655181746700447e-05,0.06365946735730506,0.009322643280029297,7256.914294886747,-3632.380510591699,20.3068431908805,6.596423567373222e-06,3.2851269559805865e-06
1788,0.24215823216895402,4,APLP1,18.621935679469626,2.494461179942835,-3507.90933600455,-5.562817112842945,0.22115537188816486,SE,3611,0.0003291928963945347,0.010179997222423586,0.004325389862060547,7048.585632094209,-3930.459371746255,422.55003574170496,0.0,0.0
1789,0.012123171948488737,4,POLR2I,18.621935679469626,64.95072203043217,-3769.6798941836532,-4.881442604454696,0.042281165066919243,SE,3611,1.9915976356244525e-05,0.10317271290995332,0.012670516967773438,7572.126748452416,-3780.7840466312746,11.104152447621345,0.0008613464396222126,0.0003502614924371807
1790,0.03929749742601205,4,TBCB,18.621935679469626,19.485945231049755,-3776.426014031997,-4.324080518811584,0.05585180710097323,SE,3611,4.8313770086583534e-05,0.026597778820596194,0.003926753997802734,7585.618988149104,-3835.141532097283,58.71551806528578,1.8207657603852567e-14,1.6866883319631048e-14
1791,0.008422232991837792,4,CAPNS1,18.621935679469626,93.84194028259665,-3877.387415220697,-5.75174580074421,0.05104950223241572,SE,3611,1.418362721426803e-05,0.149933308264703,0.010967254638671875,7787.541790526504,-3884.3536989762815,6.9662837555843,0.008305981968328546,0.0029819455770438374
1792,0.5096260984197141,4,PPP1R14A,18.621935679469626,0.7669607473051145,-3568.6325007402306,-0.6267700538479043,0.5329395232324655,SE,3611,0.000642284222171016,0.012037500126052134,0.0032367706298828125,7170.031961565571,-4665.484181231737,1096.8516804915066,0.0,0.0
1793,0.006646120113982949,4,EIF3K,18.621935679469626,119.133323110813,-3747.464007636645,-4.798090444971445,0.034261092327902566,SE,3611,2.3223525645963277e-05,0.3913502216718279,0.009742021560668945,7527.6949753583995,-3751.234322493917,3.770314857271842,0.05216981162880907,0.016430998164200798
1794,0.01836745357404903,4,ACTN4,18.621935679469626,42.5988081223036,-3484.3399983680847,-3.596985231304039,0.02958410389824941,SE,3611,2.5874641276324228e-05,0.05991006076162409,0.015383481979370117,7001.446956821279,-3499.698900105761,15.358901737676206,8.89010804863144e-05,4.020514907782117e-05
1795,0.005792285072459261,4,ECH1,18.621935679469626,136.81214458560868,-3125.6992075298986,-2.8864220503676483,0.01306878416745865,SE,3611,8.145605314961313e-06,0.18007807127465966,0.0121612548828125,6284.165375144907,-3131.739079063197,6.0398715332985375,0.013986301955766223,0.00481807564307939
1796,0.14247298410171308,4,SIRT2,18.621935679469626,4.79747521933301,-3673.158927527987,-2.9404781023033544,0.10799263022420326,SE,3611,0.0001754100045373245,0.010916914811173609,0.004312753677368164,7379.084815141084,-3979.5392912042435,306.38036367625637,0.0,0.0
1797,0.05159217360893506,4,RPS16,18.621935679469626,14.652399576971186,-3859.051741485036,-4.18261341986705,0.06398469130084672,SE,3611,6.57557544949289e-05,0.02205610621570774,0.003721475601196289,7750.870443055182,-3934.59265620638,75.54091472134405,0.0,0.0
1798,0.08292385809439648,4,TTC9B,18.621935679469626,8.815020876965558,-3787.4994641910494,-6.571267533386164,0.1318854791756085,SE,3611,0.0001278172499454535,0.018755608068038908,0.0043849945068359375,7607.765888467208,-3917.2276228573637,129.72815866631436,0.0,0.0
1800,0.17626868162452114,4,ATP1A3,18.621935679469626,3.7248421376271432,-3571.9790763703013,-7.303421738100704,0.2143840101195048,SE,3611,0.00024897646880713947,0.011460691319816538,0.004319906234741211,7176.725112825712,-3910.2550246666297,338.27594829632835,0.0,0.0
1801,0.010686711173760176,4,GSK3A,18.621935679469626,73.78825168207655,-3351.020157545041,-3.914100554843618,0.02713278936714881,SE,3611,1.5464040874933144e-05,0.10248499176045578,0.00992131233215332,6734.8072751751915,-3362.2833614216506,11.263203876609623,0.0007905863946584546,0.00032394331054134886
1802,0.03323955924238065,4,CADM4,18.621935679469626,23.182542484822008,-3160.738620704269,-2.3926897196928643,0.023963868749171693,SE,3611,3.094253276690498e-05,0.02323714842298491,0.003808259963989258,6354.244201493648,-3220.6312987270294,59.892678022760265,9.992007221626409e-15,9.41889161329219e-15
1803,0.004127935242225557,4,CLPTM1,18.621935679469626,192.29505856249529,-3598.3053428764724,-4.563921981804263,0.026722564769364063,SE,3611,5.621693163731818e-06,0.2430186132147019,0.010001659393310547,7229.377645838054,-3601.752458325666,3.4471154491934612,0.0633622602529047,0.0196787564084928
1804,0.0040141263175549405,4,SNRPD2,18.621935679469626,197.76962662079035,-3737.822347149753,-5.174867625530541,0.03359114412623788,SE,3611,5.330259384858168e-06,0.2435561715643117,0.013052940368652344,7508.411654384616,-3741.6785786287146,3.85623147896149,0.04956153079887604,0.015683187541612693
1805,0.006445652083065348,4,PPP5C,18.621935679469626,122.86331191677165,-3001.5255205729263,-3.105565220197953,0.015138564610641041,SE,3611,7.900402468899242e-06,0.1414258138089922,0.011388301849365234,6035.818001230962,-3007.6034066290185,6.077886056092211,0.013688447643076418,0.004727614651650815
1806,0.04751148916384305,4,PNMA8B,18.621935679469626,15.97932951924556,-3679.762885672643,-5.02768205946444,0.0715606296882811,SE,3611,6.214104846445771e-05,0.024183282849603294,0.0036764144897460938,7392.292731430395,-3753.4613689325233,73.6984832598805,0.0,0.0
1807,0.23813445071151634,4,CALM3,18.621935679469626,2.550078539681194,-2746.5279651428827,-8.18469548597492,0.23507185300082595,SE,3611,0.00030456734095981355,0.009600379633558908,0.004414796829223633,5525.822890370875,-3178.4035788740903,431.8756137312075,0.0,0.0
1808,0.0218897685393191,4,AP2S1,18.621935679469626,35.61591302946984,-3720.7510210534856,-5.722740381565891,0.06503076028159183,SE,3611,1.545316309399817e-05,0.0255565993316508,0.004427194595336914,7474.269002192081,-3756.295385964446,35.54436491096021,2.4930721931326616e-09,1.667323275842519e-09
1809,0.006354731347920797,4,ARHGAP35,18.621935679469626,124.63259095960177,-3211.846519448123,-3.3795258987585393,0.017689920058973064,SE,3611,1.350477413459053e-05,0.24862371151561125,0.009325265884399414,6456.459998981356,-3216.3847744615587,4.538255013435446,0.033145363977172715,0.010820430889466002
1810,0.006420211305553416,4,SAE1,18.621935679469626,123.35332948156903,-3011.478545869979,-3.201906351666035,0.015927182946848098,SE,3611,1.5601635806829605e-05,0.28147440641057714,0.008349895477294922,6055.724051825067,-3015.9765049658863,4.49795909590739,0.03393533298251561,0.011051413843177241
1811,0.03664222500659491,4,RPL18,18.621935679469626,20.955750509573914,-3395.315604882989,-4.615948374478019,0.05409298405104562,SE,3611,2.6386980002185205e-05,0.016531276185445132,0.0038483142852783203,6823.398169851088,-3480.792049310494,85.4764444275047,0.0,0.0
1812,0.04709156285820318,4,CA11,18.621935679469626,16.12892855152483,-3780.9257734245734,-5.862692919554786,0.08858673240794188,SE,3611,6.471563670989418e-05,0.02559364717307724,0.0037398338317871094,7594.618506934256,-3847.2876407275767,66.36186730300324,3.3306690738754696e-16,3.4420997610553983e-16
1814,0.24070294774915296,4,FTL,18.621935679469626,2.5143617117903307,-2565.0464847525877,-3.625260181446345,0.12010990820258086,SE,3611,0.00042259430575272114,0.013158244233763362,0.004430532455444336,5162.859929590285,-2976.1827192342703,411.13623448168255,0.0,0.0
1815,0.02672675498907453,4,SNRNP70,18.621935679469626,29.02592055430871,-3394.6514850059175,-3.0409097171509583,0.02819524367913628,SE,3611,7.860324667909175e-05,0.08893128431039742,0.009365081787109375,6822.0699300969445,-3414.614581920013,19.96309691409533,7.89512951215876e-06,3.906513260796435e-06
1816,0.011070637292786123,4,PPFIA3,18.621935679469626,71.20165679803567,-3131.7466056146695,-3.2361158796796303,0.01981704200693487,SE,3611,1.2336643740291108e-05,0.0763070349690767,0.010274648666381836,6296.260171314449,-3144.8780845566816,13.131478942012109,0.00029037546862153985,0.000124797149247311
1817,0.05316523547006094,4,RPL13A,18.621935679469626,14.195278038837044,-3220.6303495160914,-4.063912238100769,0.05314440071855591,SE,3611,7.776029518725508e-05,0.02471540065730121,0.00431060791015625,6474.027659117292,-3305.8983837031474,85.26803418705595,0.0,0.0
1818,0.013710965069555487,4,RPS11,18.621935679469626,57.33682364651081,-3679.181107943852,-4.809764722544401,0.04245531007685446,SE,3611,2.1899435486934133e-05,0.08927485931142416,0.011411190032958984,7391.129175972814,-3691.2973270560105,12.116219112158433,0.0004998514847704971,0.00021027620393197384
1819,0.012627267152156074,4,AP2A1,18.621935679469626,62.32599356565176,-3156.8298926941598,-3.3327790176375367,0.02180675528491314,SE,3611,1.3866789446403753e-05,0.06635200185516289,0.009992837905883789,6346.426745473429,-3171.6440689811143,14.814176286954535,0.00011864030106156775,5.2764795436699064e-05
1820,0.0033962872069748322,4,PTOV1,18.621935679469626,233.89209355978647,-3704.081951636601,-4.4006563468482724,0.023474809698778697,SE,3611,8.946818991434006e-06,0.5696102514543605,0.010773420333862305,7440.930863358311,-3706.1159043163843,2.033952679783397,0.15382010549213398,0.04457239931258732
1821,0.019914716048522563,4,EMC10,18.621935679469626,39.22719004839523,-3264.659741403363,-3.0108599137894654,0.023323087244963073,SE,3611,2.3114280558720163e-05,0.04581433884065651,0.008686065673828125,6562.086442891836,-3286.4092998994365,21.749558496073405,3.106613514325396e-06,1.579407129213256e-06
1823,0.022095902501932826,4,ETFB,18.621935679469626,35.27621417105531,-3390.324690642161,-3.186616597202172,0.026976303912773412,SE,3611,5.2265418248431896e-05,0.08490313004697271,0.008728981018066406,6813.416341369431,-3405.439929346521,15.115238704359854,0.00010114353489076855,4.547335638615671e-05
1824,0.05908924485448839,4,PPP2R1A,18.621935679469626,12.692215655528345,-3695.591152621572,-6.532850959432619,0.11065970290916566,SE,3611,8.258533972046199e-05,0.021751761696059076,0.0043528079986572266,7423.949265328253,-3791.8807398698236,96.28958724825179,0.0,0.0
1825,0.021560475421849485,4,NDUFA3,18.621935679469626,36.17204850698341,-3659.4863618840327,-7.01113057280885,0.0904344772521382,SE,3611,2.678972805263945e-05,0.0456075581798727,0.004340410232543945,7351.739683853175,-3685.6917722762432,26.205410392210524,3.069612966033475e-07,1.7312605391069212e-07
1826,0.00619700903423943,4,TFPT,18.621935679469626,127.82494657938294,-3101.9705693458654,-2.7614378810126703,0.012449019121870117,SE,3611,1.1496663474667233e-05,0.22241975941398434,0.009106636047363281,6236.70809877684,-3106.3097158214887,4.339146475623238,0.037245590494756176,0.012048962820433242
1827,0.03653345634132803,4,RPS9,18.621935679469626,21.020513761848164,-3822.2142958689114,-3.9185575092492355,0.04880349181045904,SE,3611,4.259565417924454e-05,0.02683332400360096,0.0038213729858398438,7677.195551822932,-3886.951092428966,64.7367965600547,8.881784197001252e-16,8.904422559440509e-16
1829,0.003195805538463569,4,HSPBP1,18.621935679469626,248.6147901971617,-3021.3373638984394,-2.8795845004400467,0.010300919193271441,SE,3611,4.651254125075193e-06,0.3341684200392411,0.011518239974975586,6075.441687881988,-3024.0714976333707,2.73413373493122,0.0982247505320466,0.029432505238144994
1830,0.1191478598836514,4,RPL28,18.621935679469626,5.892698453132556,-2809.6600594735687,-4.534911859343232,0.0848253780397046,SE,3611,0.00016524085111133021,0.013479707934669091,0.00491023063659668,5652.087079032247,-3034.51741879131,224.85735931774116,0.0,0.0
1832,0.0065445648098065475,4,EPN1,18.621935679469626,120.99434337573953,-3602.060034302056,-3.974486506115501,0.024307690753641354,SE,3611,1.2033326336349314e-05,0.20903320488026667,0.010422706604003906,7236.887028689222,-3607.161118195208,5.101083893152008,0.02391089765973442,0.007990614341117705
1833,0.03556188086527708,4,RPS5,18.621935679469626,21.61658547044302,-3757.238609947503,-4.616011996982085,0.057334012071722805,SE,3611,7.817062913277233e-05,0.051769004602845205,0.003807544708251953,7547.244179980115,-3795.5332653242785,38.29465537677561,6.082901959914011e-10,4.287315919662247e-10
1834,0.00392048531638012,4,TRIM28,18.621935679469626,202.5124028182542,-3199.0085561922697,-2.5361514467897353,0.009152503531943704,SE,3611,1.2262046597148405e-05,0.5871475276258905,0.01046299934387207,6430.784072469649,-3201.101910618231,2.093354425961479,0.1479409237281769,0.04296163065394713
1835,0.005278318988945653,4,CHMP2A,18.621935679469626,150.2115753805889,-3247.5757641003347,-3.165576055793685,0.014894750382573946,SE,3611,1.6220514450913063e-05,0.43090853869706175,0.012620687484741211,6527.918488285779,-3250.260472303556,2.684708203221362,0.10131578330440194,0.03032483367978751
1836,0.019009737532139935,4,UBE2M,18.621935679469626,41.13258706161781,-3739.8552034369695,-4.917759235195568,0.04911032243017396,SE,3611,2.5333738650213148e-05,0.0549048591845154,0.0043413639068603516,7512.477366959049,-3766.539273955048,26.684070518078443,2.3958858919037596e-07,1.3627423852532712e-07
1837,0.014149902107760447,4,ATP6V1E1,18.621935679469626,55.53348114303259,-3710.393386806112,-6.943303048438073,0.08075976784369066,SE,3611,2.698911224561929e-05,0.10348974676501381,0.011440515518188477,7453.553733697334,-3725.3025162675776,14.909129461465454,0.00011281570368237848,5.034129872379617e-05
1838,0.003056257951661886,4,DGCR2,18.621935679469626,260.0028418646863,-3108.388578177288,-3.234378346142694,0.01251242270874876,SE,3611,7.73141689388474e-06,0.6069922249767776,0.010997533798217773,6249.544116439685,-3110.356363382965,1.9677852056770462,0.16068314624893942,0.04646069898891167
1839,0.030718733859485512,4,COMT,18.621935679469626,25.150345606618274,-3231.7196685358476,-2.355130777318983,0.022999800653185902,SE,3611,3.327143663883071e-05,0.0289592174069127,0.004409313201904297,6496.206297156805,-3271.8466310790063,40.1269625431587,2.3798152337661804e-10,1.7272616409423626e-10
1841,0.02996267655279091,4,RTN4R,18.621935679469626,25.80508466149192,-3506.37011618627,-4.592426777226569,0.05052834330385512,SE,3611,2.722059696328112e-05,0.024827432881938203,0.003767728805541992,7045.50719245765,-3562.124425071882,55.75430888561186,8.215650382226158e-14,7.283596882815077e-14
1842,0.004628305102023707,4,DGCR6L,18.621935679469626,171.41971001204072,-2998.5811740878507,-3.0739904655928405,0.013245728252000821,SE,3611,6.580959115533159e-06,0.2267700182515744,0.01092672348022461,6029.929308260811,-3002.752501437263,4.171327349412422,0.04111357823400075,0.01319678535338689
1843,0.003471336304744258,4,UBE2L3,18.621935679469626,228.8181944699209,-3394.3182599185693,-3.3804916501955637,0.014462454194616314,SE,3611,7.536265239666316e-06,0.4594266956290836,0.012482404708862305,6821.403479922248,-3396.779456833168,2.4611969145985313,0.11668983317745274,0.03450285735927489
1845,0.07637969175189219,4,CHCHD10,18.621935679469626,9.63857923390613,-3721.626515601655,-6.797714148245289,0.13053316342091675,SE,3611,0.00014707220541498812,0.02480228220642124,0.004378795623779297,7476.019991288419,-3841.6249841708795,119.99846856922477,0.0,0.0
1846,0.007590691500684639,4,DDT,18.621935679469626,104.2094101276837,-3617.8457349198397,-4.340837299179176,0.029681700449849004,SE,3611,2.3252293873147747e-05,0.30156088336478276,0.009052753448486328,7268.458429924789,-3622.9726743258925,5.12693940605277,0.0235572315863104,0.00787733316477167
1847,0.005176847693415454,4,EWSR1,18.621935679469626,153.1714930706878,-3462.9517668178923,-3.3577093765093373,0.016644844548690595,SE,3611,1.9002037690669195e-05,0.5245638313589434,0.012161731719970703,6958.670493720894,-3464.8857924351323,1.9340256172399677,0.16431869423228085,0.047460728250377296
1849,0.025530552501062422,4,UQCR10,18.621935679469626,30.423240007721276,-3548.9914014296182,-6.946220760429713,0.09196442938990289,SE,3611,3.229009671745914e-05,0.03984261064466006,0.0038022994995117188,7130.749762944346,-3583.671011845825,34.67961041620674,3.886812982578647e-09,2.570585875710573e-09
1851,0.4408827929405096,4,YWHAH,18.621935679469626,1.010827755918592,-2945.5241989918304,-8.590628262578903,0.4400582764563424,SE,3611,0.0005414570254182048,0.01036933487580654,0.0032491683959960938,5923.81535806877,-3584.671523655129,639.1473246632986,0.0,0.0
1852,0.006000301544634908,4,POLR2F,18.621935679469626,132.04155372104518,-3186.936650825921,-2.5291765184599964,0.010831241698039003,SE,3611,9.987116695149291e-06,0.20592342585979204,0.010530233383178711,6406.640261736951,-3192.6044770728054,5.667826246884488,0.017278854496324714,0.005880551541781023
1854,0.0447353929488296,4,KCNJ4,18.621935679469626,17.02040463140181,-3065.232908629718,-3.4807974777867714,0.03942932682036065,SE,3611,6.325773572818087e-05,0.027463013311589072,0.004380464553833008,6163.232777344546,-3117.039315009576,51.80640637985789,6.125100426856989e-13,5.190017595642141e-13
1855,0.021327543083664784,4,DDX17,18.621935679469626,36.57581295384335,-3785.7043890761124,-3.967506254021044,0.037949314258086696,SE,3611,2.3288507358586612e-05,0.04047928017042587,0.009280681610107422,7604.175738237334,-3812.0238539832917,26.31946490717928,2.893576460660796e-07,1.6354153767505218e-07
1857,0.2191351271228808,4,SUN2,18.621935679469626,2.8402811805248223,-3205.263933304525,-1.4283504704207877,0.12287998925367132,SE,3611,0.00030103084055310345,0.010468306752936921,0.004342794418334961,6443.294826694159,-3623.729493216598,418.4655599120729,0.0,0.0
1858,0.13030973317718855,4,NPTXR,18.621935679469626,5.319676268074525,-3748.0184214780984,-6.5323033480454304,0.1666948602624233,SE,3611,0.0001678567361437004,0.011936125259442052,0.004960775375366211,7528.803803041306,-3957.539100777892,209.52067929979376,0.0,0.0
1859,0.03579281303677978,4,CBX6,18.621935679469626,21.471974468738235,-3820.788274789576,-4.973551149399233,0.06404989273290716,SE,3611,6.539095718876607e-05,0.042788269598311016,0.0038187503814697266,7674.343509664262,-3861.0475745694102,40.25929977983424,2.2239421415548577e-10,1.6163166586811604e-10
1860,0.018328199339031615,4,RPL3,18.621935679469626,42.691750807950896,-3565.5295085951184,-5.065390050341466,0.04982990293479572,SE,3611,2.2702352857807735e-05,0.05278188198268844,0.004325389862060547,7163.825977275346,-3592.5078179312422,26.978309336123857,2.0575145198709066e-07,1.1765202236129433e-07
1861,0.008581518298385958,4,ATF4,18.621935679469626,92.08530427385983,-3628.4264115385868,-4.311931606173657,0.03051221116275161,SE,3611,2.2224301316683362e-05,0.22643892682907293,0.010017156600952148,7289.619783162283,-3633.066334389417,4.639922850830317,0.031236406676160122,0.010215897970584519
1862,0.007145520399552933,4,RPS19BP1,18.621935679469626,110.75139007823739,-3549.6768974492516,-3.810221695278453,0.023195234840179012,SE,3611,1.3082605110016188e-05,0.19111655780691217,0.011137247085571289,7132.120754983613,-3555.185195105215,5.508297655963361,0.018926459658117345,0.006408752983407503
1863,0.00833680188790864,4,ST13,18.621935679469626,94.81175045519507,-3630.0808842811093,-3.3863170142377346,0.020410987402375676,SE,3611,1.7505468813829147e-05,0.1887933671082761,0.011626005172729492,7292.928728647328,-3635.090893513909,5.010009232799803,0.02520117287029644,0.008359302857972059
1864,0.003824846196609054,4,RBX1,18.621935679469626,207.59609460481514,-3705.4289629255727,-4.425844425752581,0.024741425208682045,SE,3611,9.052568364581237e-06,0.45523458450549004,0.010492324829101562,7443.624885936255,-3707.8095406029456,2.380577677372912,0.12285211015968311,0.036225071215059745
1865,0.012878741353104219,4,RANGAP1,18.621935679469626,61.09343348920425,-3626.060054561587,-4.636884016729008,0.0390192350382402,SE,3611,2.587434177078784e-05,0.11914303014958703,0.009896039962768555,7284.887069208284,-3635.914321320787,9.854266759200073,0.0016943831843678758,0.0006687310714944456
1866,0.010742763772675674,4,SREBF2,18.621935679469626,73.39908728163469,-3723.6804709099715,-4.661140792127602,0.03758443136734311,SE,3611,2.180516642403343e-05,0.14303856770563755,0.0077056884765625,7480.127901905053,-3731.532680752207,7.852209842235425,0.005075862604323356,0.0018775918097497053
1867,0.04277910656957588,4,SEPT3,18.621935679469626,17.835196927688365,-3700.4691315254126,-5.618060147098327,0.07930431713977205,SE,3611,4.308842004019847e-05,0.020297677834296198,0.0049936771392822266,7433.705223135935,-3778.758623155054,78.28949162964136,0.0,0.0
1868,0.01431885882097567,4,SMDT1,18.621935679469626,54.86880351756485,-3563.063681344225,-4.305417584569675,0.035583886455077346,SE,3611,1.4335924033008381e-05,0.05371874784896412,0.008878469467163086,7158.89432277356,-3581.1711193725337,18.10743802830848,2.0878426261528027e-05,9.9101138329055e-06
1869,0.0037221389501945657,4,NDUFA6,18.621935679469626,213.346414133574,-3554.0927152614677,-4.169794084238519,0.021822018504082216,SE,3611,4.685774492017173e-06,0.24871517567870433,0.013518333435058594,7140.952390608045,-3557.9082858503507,3.81557058888302,0.05077830733981337,0.01602096327833684
1870,0.01447965439183014,4,CYB5R3,18.621935679469626,54.25063778251434,-3417.131009332128,-3.0898687601557473,0.021537482024827272,SE,3611,2.269616822666195e-05,0.08322234586347893,0.008382797241210938,6867.028978749366,-3428.8185060734845,11.687496741356426,0.000629214954489199,0.0002608099080712571
1871,0.060184639346563845,4,SULT4A1,18.621935679469626,12.446702990633348,-3604.527538667247,-5.630535003668983,0.09028438912518459,SE,3611,0.00012829084046222917,0.032711644502839206,0.004439592361450195,7241.8220374196035,-3683.552275051088,79.02473638384117,0.0,0.0
1872,0.04815989755754642,4,KIAA0930,18.621935679469626,15.753457787998716,-3483.9211858456742,-2.677716150957824,0.037721725108700026,SE,3611,4.041018216385803e-05,0.015345190448321475,0.004299640655517578,7000.609331776458,-3600.009282793692,116.08809694801766,0.0,0.0
1873,0.009752503284487025,4,ATXN10,18.621935679469626,80.93289912260458,-3619.170145123846,-4.839008868727868,0.0385765952534323,SE,3611,9.685489246948306e-06,0.07677874270933088,0.009664058685302734,7271.107250332801,-3630.503879209548,11.333734085701963,0.0007611170085828345,0.0003123454372009963
1874,0.03313480343591814,4,FAM19A5,18.621935679469626,23.258354126166683,-3158.872785929687,-3.5141438634543825,0.0349653211616823,SE,3611,4.1450352341596435e-05,0.03131220409516002,0.003762960433959961,6350.512531944483,-3205.0986064409085,46.22582051122163,1.0537903882834598e-11,8.37355325370022e-12
1875,0.0065444924270028956,4,SBF1,18.621935679469626,120.99569040214229,-3110.8061995118987,-2.673949814049658,0.012097808999373842,SE,3611,1.4165802280442657e-05,0.24608222039906205,0.012570858001708984,6254.379359108907,-3114.5295582056174,3.7233586937186374,0.05365633741709652,0.016859583041000666
1876,0.03956196120902562,4,MAPK8IP2,18.621935679469626,19.350357326566126,-3795.7279128949344,-5.2959497804245,0.0722048139449586,SE,3611,4.200510494156185e-05,0.02284076071361385,0.003734111785888672,7624.222785874978,-3864.0351865684233,68.30727367348891,1.1102230246251565e-16,1.1838633373013597e-16
1877,0.03632880618478385,4,SHANK3,18.621935679469626,21.143418221740838,-3009.503520747625,-2.8194735128276482,0.027917194640494917,SE,3611,4.558693605267432e-05,0.029018298793056802,0.0038251876831054688,6051.774001580359,-3059.521496607968,50.017975860343086,1.5234480343906398e-12,1.2629399189131341e-12
1878,0.012659347940594062,4,ATP5PF,18.621935679469626,62.16602974165583,-3743.8995406328195,-6.709189868412807,0.07410269806086496,SE,3611,8.842902268710669e-06,0.04210428788287699,0.008725643157958984,7520.5660413507485,-3768.8399804052215,24.940439772401987,5.912901251958758e-07,3.1970415493545336e-07
1879,0.006121210050798515,4,APP,18.621935679469626,129.41767386061048,-3285.6615732303762,-8.131191234455198,0.08843807698932209,SE,3611,2.001275090907024e-05,0.3966994707253674,0.009212970733642578,6604.090106545862,-3289.706472878154,4.044899647777584,0.04430501281091914,0.014153423335558121
1880,0.005811898356704415,4,CCT8,18.621935679469626,136.34775782068775,-2992.304328636703,-3.352478535483075,0.01663668842000582,SE,3611,7.5704110665639525e-06,0.1662478642915431,0.009864330291748047,6017.375617358515,-2997.8315354468987,5.527206810195821,0.018722971677480493,0.006343854183491352
1881,0.024440717859321438,4,SOD1,18.621935679469626,31.81538313300549,-3457.5674670435183,-7.248805703106029,0.09727616276869502,SE,3611,3.237836610278285e-05,0.04340136465270934,0.008268356323242188,6947.901894172146,-3481.3364738064256,23.76900676290734,1.0861744509371718e-06,5.762457747081479e-07
1882,0.035313631029141014,4,SYNJ1,18.621935679469626,21.77415031395851,-3461.2341591714526,-4.496867652030525,0.05210355539105426,SE,3611,4.939983601200256e-05,0.03314385683441562,0.0038123130798339844,6955.235278428015,-3505.0388215965013,43.80466242504872,3.628397582389198e-11,2.776234695382735e-11
1883,0.20785594781426878,4,OLIG1,18.621935679469626,3.0376599758868092,-3514.0204728377316,-1.9008132750373619,0.13901677087676245,SE,3611,0.00023069271276461933,0.008562188425557605,0.004374027252197266,7060.807905760573,-3945.424650395829,431.4041775580972,0.0,0.0
1884,0.015106974898727648,4,ATP5PO,18.621935679469626,51.96476934647113,-3759.896475319427,-6.10105674901273,0.0655473082016218,SE,3611,1.1913170783599996e-05,0.040234127970501236,0.009736061096191406,7552.559910723963,-3787.479357784544,27.58288246511711,1.505048172756318e-07,8.698848177176995e-08
1885,0.1398217739355198,4,CBR1,18.621935679469626,4.903555406573021,-3465.518095440199,-2.3359700331211664,0.09021329986669796,SE,3611,0.0001461739832497045,0.009353271064537294,0.005181550979614258,6963.8031509655075,-3772.354418411009,306.8363229708102,0.0,0.0
1886,0.014009927403991389,4,TTC3,18.621935679469626,56.096285805424785,-3833.3837414816426,-4.859087849114647,0.04416287491569996,SE,3611,5.5435186270902965e-05,0.2167103177684661,0.007768154144287109,7699.534443048395,-3842.2759877666367,8.892246284994144,0.002863841880306861,0.0010971861749227586
1887,0.006950523510979575,4,BRWD1,18.621935679469626,113.8808813977016,-3424.652916211475,-3.8726095209987355,0.023375728565061565,SE,3611,1.3179318633760777e-05,0.20331955711856045,0.010458707809448242,6882.072792508059,-3430.093020760506,5.440104549031275,0.019679491486992884,0.006634420877278899
1888,0.007630763654732923,4,NDUFV3,18.621935679469626,103.65797961421684,-3251.8236151236397,-3.5084766284648135,0.02010250406166623,SE,3611,9.390076523885278e-06,0.12052496464500453,0.010852575302124023,6536.414190332389,-3259.6819353360515,7.858320212411854,0.005058736907219474,0.001872548325026344
1889,0.01282056832940312,4,PDXK,18.621935679469626,61.37426018417878,-3656.073116643245,-3.657768729258445,0.02703369333851246,SE,3611,2.3391431986964802e-05,0.10866370192835482,0.00958395004272461,7344.9131933716,-3667.446660350579,11.373543707333738,0.0007449761060448479,0.00030595566098180445
1890,0.008731437794508105,4,CSTB,18.621935679469626,90.49050633234867,-3397.520071997904,-3.339181216474703,0.0197436260328643,SE,3611,9.164234129681185e-06,0.09024952940999019,0.013817071914672852,6827.807104080917,-3408.7404387315537,11.220366733649826,0.0008090450573216001,0.000330748741560244
1891,0.018804219512047762,4,PFKL,18.621935679469626,41.59085125433829,-3563.499888035417,-3.5229789940245246,0.02947878539213174,SE,3611,1.9028989595314485e-05,0.042111820402886135,0.014306068420410156,7159.766736155943,-3587.7221003367595,24.22221230134255,8.583659156791157e-07,4.6085712098523817e-07
1892,0.01347663588425271,4,SUMO3,18.621935679469626,58.34764478004826,-3430.6856172086664,-4.179222937710831,0.03277634227653747,SE,3611,2.0243448465816182e-05,0.08533663129350157,0.007666349411010742,6894.138194502442,-3445.6804704522256,14.994853243559191,0.00010780479672978238,4.838709020203241e-05
1893,0.4248784425160563,4,S100B,18.621935679469626,1.0789278412352494,-3807.895612082682,-2.1537097857662713,0.44289323102796263,SE,3611,0.0003630352956180258,0.0070491835225267915,0.0037925243377685547,7648.5581842504735,-4820.600224006092,1012.7046119234096,0.0,0.0
1894,0.011059887787789636,4,PRMT2,18.621935679469626,71.27163496669003,-3182.8563003785257,-2.7251069848465876,0.01552704256893312,SE,3611,2.3639504984174e-05,0.1464975948669631,0.01051950454711914,6398.479560842161,-3191.624916494332,8.768616115806253,0.0030645788045206013,0.0011699136167370784
1895,0.006662928341186638,4,RERE,35.82059424320837,76.93432399801998,-3134.478354770941,-2.9929451117204096,0.01047813536562987,SE,3611,1.9412464118630795e-05,0.32550256617991735,0.005962371826171875,6301.723669626992,-3138.332531700097,3.854176929155983,0.04962226818848303,0.015693148708836296
1896,0.21144064610566238,4,NCDN,35.82059424320837,1.9245737205166018,-3670.2872151935135,-7.010313071675517,0.27683607166710783,SE,3611,0.0011766537427016551,0.042751509296785555,0.003731966018676758,7373.3413904721365,-3869.7801791801135,199.4929639866,0.0,0.0
1897,0.04750373144190206,4,RIMS3,35.82059424320837,10.34723228833378,-3446.5025816010516,-4.2550695732642305,0.05345187988494374,SE,3611,0.00011325698896356179,0.04408898881506217,0.004976034164428711,6925.772123287213,-3537.042705580011,90.5401239789594,0.0,0.0
1898,0.030336375954883452,4,ATP6V0B,35.82059424320837,16.494761742496618,-3609.7327043382124,-6.798485327399281,0.06418825386954852,SE,3611,0.00010330934426555642,0.09205839007010917,0.0038149356842041016,7252.232368761534,-3633.5477993097884,23.815094971575945,1.0604754512311132e-06,5.637269269541011e-07
1899,0.04530829477317739,4,DHCR24,35.82059424320837,10.87361802415788,-3768.8784506698,-4.7759083062781675,0.06263428340438977,SE,3611,0.0002493598501659776,0.10577891498446973,0.0037758350372314453,7570.523861424709,-3822.067255915661,53.188805245861204,3.029798634202052e-13,2.6042849565547943e-13
1900,0.03002442958972718,4,NEGR1,35.82059424320837,16.671499812110856,-3402.0547438190665,-4.519275845834897,0.039805364728446174,SE,3611,0.00012796202290850812,0.11626134247331374,0.003754138946533203,6836.876447723243,-3433.6005201212324,31.545776302165905,1.947936112411952e-08,1.2163004617663793e-08
1901,0.02206846709882904,4,SARS,35.82059424320837,22.867828324834758,-3778.748624246347,-5.304843353677031,0.04313736629436739,SE,3611,5.4879227049175475e-05,0.0893609691552068,0.0037543773651123047,7590.264208577803,-3804.562949886372,25.81432564002489,3.7588819501443993e-07,2.0979475457243362e-07
1902,0.0066786801073771135,4,GSTM3,35.82059424320837,76.75165614985728,-2989.2907285458023,-2.90482598288594,0.00979880385774985,SE,3611,2.2568462341917296e-05,0.37666307952743994,0.00426936149597168,6011.348417176714,-2995.6977793627284,6.40705081692613,0.011366805783542877,0.0039744076166233835
1903,0.011407667369027447,4,PSMD4,35.82059424320837,44.72074495246921,-3410.6680495830697,-3.781522936113015,0.01921975588210163,SE,3611,3.689452527543441e-05,0.21522078213604298,0.005568265914916992,6854.103059251249,-3418.6823272738266,8.014277690756899,0.004640998086220205,0.0017334697840402135
1904,0.03363830817142263,4,S100A6,35.82059424320837,14.824982908497944,-3831.0636104187183,-3.7013970632662065,0.04416263297610821,SE,3611,0.00013025491831190756,0.09566669795113658,0.0037565231323242188,7694.894180922546,-3860.9522423996355,29.888631980917125,4.575878886914353e-08,2.7732599314632442e-08
1905,0.04206254179641653,4,S100A13,35.82059424320837,11.752500640346435,-3702.299000359942,-2.2060981624514495,0.04257730925620727,SE,3611,0.00013037561890886243,0.06334495926159228,0.003772735595703125,7437.364960804994,-3766.9690845213363,64.67008416139424,8.881784197001252e-16,8.904422559440509e-16
1906,0.010149882452832826,4,ADAR,35.82059424320837,50.326539297122665,-3462.398901035971,-3.942284190535067,0.019234117725625638,SE,3611,2.4170148102990562e-05,0.1771826140633116,0.00549626350402832,6957.5647621570515,-3469.919267226852,7.52036619088085,0.006100527746167206,0.002225919214742518
1907,0.015917799784115373,4,RUSC1,35.82059424320837,31.903400771684325,-3045.9713302978334,-3.3739520271194197,0.018647754887046553,SE,3611,2.696767479647722e-05,0.08230840117290769,0.0037593841552734375,6124.709620680776,-3067.2422416606055,21.27091136277204,3.987365701174639e-06,2.011926591715588e-06
1908,0.0034160007971178043,4,NAXE,35.82059424320837,150.55132687584256,-3201.4842452350968,-3.201099704161417,0.008628579533587375,SE,3611,9.126357984603604e-06,0.5744009150275611,0.00436854362487793,6435.735450555303,-3205.214202322888,3.729957087791263,0.053444766768143914,0.016802948094002405
1909,0.01395388445921752,4,MPC2,35.82059424320837,36.466219752321315,-3574.210436417424,-4.7454108704987,0.028675442982672696,SE,3611,3.4141705683704855e-05,0.13451193254078375,0.004305839538574219,7181.187832919957,-3591.9072590537803,17.6968226363565,2.590589649276165e-05,1.2199280813097113e-05
1910,0.01663770412777891,4,CAMSAP2,35.82059424320837,30.500629057322296,-3366.226788061528,-3.8616934970174386,0.023883539627859992,SE,3611,7.309108198489715e-05,0.20479805046699093,0.0037505626678466797,6765.220536208166,-3379.9333533852355,13.70656532370731,0.00021370610307502869,9.281310328617366e-05
1911,0.013861600593410604,4,AKT3,35.82059424320837,36.71242988163293,-3159.643051987443,-3.5967196578386336,0.018953500331458553,SE,3611,3.940440799203998e-05,0.15726033700507225,0.004353523254394531,6352.053064059995,-3174.193334092207,14.550282104763937,0.0001364682182894983,6.0443096457326024e-05
1912,0.02098738093911623,4,ADD2,35.82059424320837,24.072360860605173,-3274.5975359650556,-3.8391432810739228,0.026553151513255224,SE,3611,6.39263685119704e-05,0.1145866179094426,0.0037581920623779297,6581.962032015221,-3300.0372623204976,25.439726355441962,4.564217664926318e-07,2.5082790818801486e-07
1913,0.0063765571731118804,4,DCTN1,35.82059424320837,80.41261994966023,-3802.235329015264,-5.8483150004532085,0.02938302651414774,SE,3611,1.2000019283438717e-05,0.21943116447677177,0.0037012100219726562,7637.237618115638,-3810.3774170788142,8.14208806355009,0.00432494517591675,0.0016290332314803898
1914,0.02851313006302014,4,CTNNA2,35.82059424320837,17.582502223888067,-3278.712503993312,-4.269886507242254,0.03529728365497232,SE,3611,0.00011376810707908196,0.113914780031533,0.0038335323333740234,6590.191968071734,-3327.251991710418,48.53948771710611,3.237077272899569e-12,2.6386786280889e-12
1915,0.008313019900943923,4,TGOLN2,35.82059424320837,61.560825101427895,-3244.3131667231064,-3.3820182707269684,0.013848092126046388,SE,3611,3.882543850882831e-05,0.4210832638559127,0.005545854568481445,6521.393293531322,-3248.2852850415475,3.972118318441062,0.04625954283844613,0.01472518493373791
1916,0.00861839867069774,4,CHMP3,35.82059424320837,59.36123335207749,-3162.6153432898664,-3.3383166570977942,0.013627502009171968,SE,3611,2.699085774404034e-05,0.2726973748295586,0.004363059997558594,6357.997646664842,-3170.365766043185,7.750422753318617,0.00536999692468032,0.0019714381093655585
1917,0.011071178014133565,4,RPL31,35.82059424320837,46.09563917560438,-3161.654131051673,-6.051763901886871,0.03432991217551946,SE,3611,2.1139266198680868e-05,0.1307422659598673,0.0037190914154052734,6356.075222188456,-3181.551448968094,19.89731791642089,8.171488467656474e-06,4.039529280198843e-06
1918,0.01647126441583551,4,MZT2B,35.82059424320837,30.81404801388227,-3709.610779660218,-5.493085129890674,0.03811791312457551,SE,3611,7.58481834086388e-05,0.21669222980011618,0.003814220428466797,7451.988519405546,-3725.2993263717817,15.688546711563504,7.467498921442939e-05,3.400080539937748e-05
1919,0.04329824720613486,4,GAD1,35.82059424320837,11.402363838948725,-3478.6959946983593,-3.96427368653626,0.04840720082601077,SE,3611,0.00018287374509071987,0.08426739719908476,0.0037724971771240234,6990.158949481828,-3546.78096717654,68.08497247818059,1.1102230246251565e-16,1.1838633373013597e-16
1920,0.012145384858967753,4,NDUFS1,35.82059424320837,41.973036875784004,-3414.8698496192555,-4.000119970232741,0.02115784041735762,SE,3611,3.111619198585619e-05,0.16061990854292632,0.004407644271850586,6862.506659323621,-3427.740308982802,12.870459363546615,0.0003338096612947039,0.00014300588161768465
1921,0.01843888811252388,4,RETREG2,35.82059424320837,27.47079675325874,-3716.014022265949,-5.336284120778084,0.038932115629976775,SE,3611,5.436346540826603e-05,0.12493607943766194,0.004244327545166016,7464.795004617007,-3735.0330428386897,19.01902057274083,1.2942190953713073e-05,6.287790400766397e-06
1922,0.03856308359999517,4,EPHA4,35.82059424320837,12.865826210435447,-3022.493209374104,-4.020079582169605,0.0377441673548467,SE,3611,9.874291844918393e-05,0.05628452034180175,0.004400730133056641,6077.753378833318,-3098.077659037568,75.58444966346406,0.0,0.0
1923,0.013606590676912491,4,ACSL3,35.82059424320837,37.41015283218384,-3443.0992500147404,-4.39562537186375,0.02512143247871678,SE,3611,1.905864755836862e-05,0.07885685085451284,0.003802776336669922,6918.96546011459,-3464.9972630368366,21.898013022096166,2.8753148846316634e-06,1.4659832197828217e-06
1924,0.008926346185519842,4,CAB39,35.82059424320837,57.29554386728723,-3225.6503575078195,-3.706170420274654,0.015938155906430485,SE,3611,2.731747894619189e-05,0.25761028699753324,0.0043604373931884766,6484.067675100749,-3234.5770163515426,8.92665884372309,0.00281037987544297,0.001078244327293115
1925,0.006118595627264771,4,COPS8,35.82059424320837,83.82459307427513,-3267.0660735902,-3.7516762924019504,0.013831688103642957,SE,3611,1.2177337708748013e-05,0.24158698708428916,0.004408597946166992,6566.89910726551,-3275.0445493499565,7.978475759756293,0.0047336781387653515,0.0017656278302386884
1926,0.039959647697265066,4,KIF1A,35.82059424320837,12.398138336960677,-3663.5576559953747,-6.044681486735767,0.06661506636678013,SE,3611,0.0007779546810889602,0.4153043149668446,0.0037970542907714844,7359.882272075859,-3676.350770704085,12.793114708710164,0.0003478974043553684,0.00014856649433241703
1927,0.011012042871298148,4,PPP1R7,35.82059424320837,46.345945926919036,-3398.6527700485112,-3.911920795733602,0.0195561202558094,SE,3611,2.3719142669881688e-05,0.14824194766444923,0.004941225051879883,6830.072500182132,-3413.4904727677986,14.837702719287336,0.00011716952671647629,5.215391985116636e-05
1928,0.010435379492817382,4,STK25,35.82059424320837,48.93555896011326,-3379.0292814773093,-3.8543930008608758,0.018630390002981105,SE,3611,3.7774565825973296e-05,0.2622758349493095,0.005502462387084961,6790.825523039728,-3384.0576777164133,5.02839623910404,0.024934977794832225,0.008291516033901264
1929,0.011284892776818545,4,BHLHE40,35.82059424320837,45.21290103269598,-3060.9337600655117,-3.117018691390427,0.014216991780788871,SE,3611,2.710285271352689e-05,0.1614791318759748,0.004281759262084961,6154.634480216133,-3072.883234360742,11.949474295230175,0.0005466280188693995,0.00022852018077867617
1931,0.008336349770746482,4,CSPG5,35.82059424320837,61.38709854644823,-3385.758547108552,-3.7123322705079516,0.016001347473797403,SE,3611,2.433697997162363e-05,0.26249797966804556,0.0043795108795166016,6804.284054302214,-3393.633149071111,7.8746019625587,0.005013390519862382,0.001863479119711967
1933,0.015501283472473473,4,P4HTM,35.82059424320837,32.774504672856914,-3394.992050574512,-4.127022936723289,0.02475172946922207,SE,3611,3.5575992817771175e-05,0.11430009078613035,0.004392862319946289,6822.751061234134,-3413.8675607300283,18.875510155516167,1.3953252529952387e-05,6.754528218470551e-06
1934,0.01504400518321033,4,ABHD14A,35.82059424320837,33.786405825312585,-3301.8126498453776,-4.058682128759646,0.023360821032588904,SE,3611,4.091423128955357e-05,0.13930203274178082,0.0043489933013916016,6636.392259775865,-3318.516583423571,16.7039335781933,4.3690315009836667e-05,2.032428120776128e-05
1935,0.00587880985821689,4,NISCH,35.82059424320837,87.26469158982562,-3579.7804250916042,-4.499503388727887,0.018553948262706874,SE,3611,1.4354641852699837e-05,0.30818154256422114,0.0043637752532958984,7192.327810268318,-3586.6230549073434,6.842629815739201,0.008900771181603595,0.003172126244123299
1936,0.0026073915630445625,4,THOC7,35.82059424320837,197.40062815528495,-3081.3909028769576,-3.1617111449275033,0.007517434008322707,SE,3611,1.0336916259712609e-05,1.112940022970795,0.005455732345581055,6195.548765839025,-3083.8950122477618,2.5041093708041444,0.11354966265940747,0.03361142934429581
1937,0.010760702909235703,4,FAM162A,35.82059424320837,47.440511164855295,-3282.564530214513,-3.6782854432471757,0.017525259638028347,SE,3611,2.7351223884947127e-05,0.17883536413863366,0.005480289459228516,6597.896020514136,-3290.4255738767483,7.861043662235261,0.0050511228040939216,0.0018724035142216276
1938,0.03400327433935214,4,LDB2,35.82059424320837,14.660323570858106,-3136.7736498083973,-4.286755221085232,0.037873247064163985,SE,3611,8.336279203631111e-05,0.06000726649467467,0.0043261051177978516,6306.314259701904,-3195.0332899255654,58.259640117168146,2.298161660974074e-14,2.114323062489792e-14
1939,0.002104642453523383,4,GRSF1,35.82059424320837,244.67822234172627,-3294.623520182464,-3.7248116144142687,0.009306097387850749,SE,3611,1.100352376918311e-05,1.814511910871222,0.0032601356506347656,6622.014000450037,-3296.9291975723954,2.3056773899315886,0.12890207456286495,0.03782187387710877
1940,0.04111742166792959,4,MAPK10,35.82059424320837,12.034503989757175,-3596.9966277879853,-5.592990639660057,0.06197645071069969,SE,3611,7.176771807190294e-05,0.03635331241350669,0.0038022994995117188,7226.76021566108,-3680.7408286765854,83.74420088860006,0.0,0.0
1941,0.013918562094183563,4,TRIM2,35.82059424320837,36.56007291698594,-3815.900667706068,-5.056418954176256,0.0326085821477147,SE,3611,5.274245724789423e-05,0.20882112308731535,0.0039637088775634766,7664.568295497245,-3834.72773542093,18.827067714862096,1.4312151331408174e-05,6.897140639982702e-06
1942,0.005811330318375305,4,RAPGEF2,35.82059424320837,88.28397692950227,-3031.1956903212395,-3.30275904797544,0.010910099195675276,SE,3611,1.9455068491907217e-05,0.4273200316396187,0.005500316619873047,6095.158340727588,-3035.640202379926,4.444512058686541,0.035013594482010024,0.011381829611231908
1943,0.04835299734205688,4,SLC25A4,35.82059424320837,10.156431044395857,-3722.227784386901,-6.269267035476487,0.07881729760814038,SE,3611,0.00018006764704456635,0.06788510173652218,0.0038962364196777344,7477.222528858912,-3780.42990034544,58.2021159585388,2.3647750424515834e-14,2.164469865104614e-14
1944,0.009233858034193089,4,ADCY2,35.82059424320837,55.37026530104478,-3083.59281213139,-2.905219929230486,0.011898802197172468,SE,3611,1.885307371930094e-05,0.1663556111415278,0.004396915435791016,6199.95258434789,-3094.623730762235,11.030918630845008,0.0008960473370646094,0.00036299638071142515
1945,0.01054415327490201,4,CTNND2,35.82059424320837,48.42541480813846,-3669.4040002312513,-4.627765303479551,0.02490536920009998,SE,3611,2.5691510347456425e-05,0.17479795013215108,0.0055084228515625,7371.574960547612,-3679.7083756543234,10.304375423072088,0.0013271516314620202,0.0005292460037597782
1946,0.012892345572983178,4,MOCS2,35.82059424320837,39.511291206418846,-3076.6763639795263,-3.465763313432462,0.017145578874553598,SE,3611,4.634582439605592e-05,0.21296940286502186,0.0042803287506103516,6186.119688044162,-3089.9306658795094,13.254301899983147,0.00027195504345534083,0.00011744508537450672
1947,0.021296244489964797,4,PLK2,35.82059424320837,23.715750438577754,-3083.2546371493227,-3.5035793486205713,0.023317611928343283,SE,3611,9.714136677298173e-05,0.16932283204858245,0.004334926605224609,6199.276234383755,-3102.2325732218615,18.977936072538796,1.322388003832664e-05,6.418831116917086e-06
1948,0.02261336926579112,4,HMGCR,35.82059424320837,22.304359706455255,-3236.3932576066845,-3.8052411134972965,0.027275497413590182,SE,3611,7.742686016089e-05,0.12033976385918202,0.0037317276000976562,6505.553475298479,-3257.3403538816146,20.947096274930118,4.721429341381089e-06,2.3731994954671856e-06
1949,0.018273388069629862,4,CAMLG,35.82059424320837,27.724270477052265,-3140.770990631265,-3.7411112544289336,0.022926879279962686,SE,3611,6.0885687143200044e-05,0.14237485598602614,0.005402803421020508,6314.308941347639,-3155.341224824603,14.570234193338365,0.00013503075725296299,5.98558578356485e-05
1950,0.004841201969782345,4,HSPA9,35.82059424320837,106.07861148439667,-3712.0846344582787,-4.810549514318815,0.01949185084829059,SE,3611,1.6548605249774295e-05,0.5216499066153186,0.005460977554321289,7456.936229001667,-3714.6460672164494,2.5614327581706675,0.10949930614784664,0.03252018052311966
1951,0.017834929245365404,4,CLTB,35.82059424320837,28.418538220205967,-3767.693081588743,-5.281633313715017,0.03831051663628601,SE,3611,5.145746472885227e-05,0.12609063048968103,0.004408836364746094,7568.153123262596,-3785.6408180530307,17.947736464287573,2.270542748827875e-05,1.0748778157814702e-05
1952,0.016239027194710896,4,RACK1,35.82059424320837,31.262105274094967,-3878.31911743569,-4.1044309600783535,0.02899020410411457,SE,3611,5.115883312164737e-05,0.1502239854255544,0.003772258758544922,7789.405194956489,-3903.5783667397636,25.25924930407382,5.01186475987403e-07,2.7402466947694166e-07
1953,0.07960796613659496,4,ATP6V1G2,35.82059424320837,5.966298303683993,-3723.718004077551,-6.549605113338151,0.1150153990097815,SE,3611,0.00032012128246504526,0.05032038029332343,0.0037794113159179688,7480.202968240212,-3828.3625395562785,104.64453547872745,0.0,0.0
1954,0.018093214695203724,4,TMEM151B,35.82059424320837,28.005489334417685,-3226.086393652995,-3.7817670192379707,0.023607445034971506,SE,3611,6.482883527951021e-05,0.15451580493007686,0.0037522315979003906,6484.939747391099,-3249.6903524006475,23.60395874765254,1.1834379741726408e-06,6.264853022024595e-07
1955,0.023111344919905862,4,AKAP12,35.82059424320837,21.812652857233992,-3092.377703150657,-3.433089768382513,0.024262014745218836,SE,3611,4.7986005725841714e-05,0.07154718933357283,0.003826141357421875,6217.5223663864235,-3129.105809941013,36.72810679035592,1.3580723212669454e-09,9.314841543216668e-10
1956,0.006257552778468104,4,SOD2,35.82059424320837,81.95169876743545,-3088.0148352330925,-3.474482688962535,0.012182321416738424,SE,3611,1.458114492503267e-05,0.27673069759448526,0.004388093948364258,6208.796630551295,-3097.379884042436,9.365048809343534,0.002211621091712135,0.0008588978050285609
1957,0.03926828115247216,4,CYCS,35.82059424320837,12.625508492375475,-3703.790788325366,-6.222279803506066,0.06855674009069657,SE,3611,0.00011682281527359706,0.06440169567005677,0.004269838333129883,7440.348536735842,-3768.572509312473,64.78172098710684,8.881784197001252e-16,8.904422559440509e-16
1958,0.003131402094782676,4,SCRN1,35.82059424320837,164.28114408241714,-3633.9694203460276,-4.307404335757381,0.01396884462606281,SE,3611,1.2271900904178159e-05,0.9180660009071728,0.005478382110595703,7300.705800777165,-3635.822533393597,1.8531130475694226,0.17342176217566319,0.04992867793082579
1959,0.013012478515041606,4,CHCHD2,35.82059424320837,39.141753473242346,-3579.733161631564,-6.374906872985182,0.04142697086824068,SE,3611,6.389341094549361e-05,0.2883507625826413,0.004441022872924805,7192.233283348238,-3589.0642675834915,9.331105951927384,0.002252963389507312,0.0008718669813782724
1960,0.019280612803609324,4,LMTK2,35.82059424320837,26.2489882435553,-3045.343697196424,-3.709139277061044,0.02282403555474198,SE,3611,4.924012611125834e-05,0.10385369496147263,0.0037872791290283203,6123.454354477957,-3070.8365183570604,25.492821160636595,4.440320283682908e-07,2.450232853884134e-07
1961,0.011294774442056716,4,PRKAR2B,35.82059424320837,45.17289331485899,-3002.5621541425107,-3.2651062564985933,0.014699937575673498,SE,3611,3.472226696288733e-05,0.20652227762854866,0.004870891571044922,6037.891268370131,-3012.457370900415,9.895216757904109,0.0016570893092067163,0.0006544937022573053
1962,0.015660094965224886,4,CAPZA2,35.82059424320837,32.4368999456169,-3509.9214234171723,-4.53270215167261,0.028366718671928928,SE,3611,2.5167810452398238e-05,0.07928014207977307,0.0038068294525146484,7052.609806919454,-3538.4944446169975,28.573021199825234,9.023064084789922e-08,5.312451661536827e-08
1963,0.030581315033434118,4,NDUFA5,35.82059424320837,16.358514768332448,-3697.8732215495597,-5.555630598244733,0.05306475520026177,SE,3611,6.574183334131512e-05,0.05770459008758255,0.003775358200073242,7428.513403184229,-3741.095936940444,43.22271539088433,4.885025717271674e-11,3.690352334430586e-11
1964,0.015700599688019692,4,CCDC136,35.82059424320837,32.35188727233438,-3000.667162823158,-3.242648005773953,0.017587263536169243,SE,3611,2.6321613672281246e-05,0.08250113896640195,0.003743410110473633,6034.101285731425,-3031.2805982525365,30.61343542937857,3.149055305406989e-08,1.9369710489888696e-08
1965,0.02411598347724267,4,ATP6V1F,35.82059424320837,20.88247009704834,-3797.0834195683797,-5.745670002816719,0.04946316070058951,SE,3611,6.457212166871057e-05,0.08878471755753316,0.0037348270416259766,7626.933799221869,-3824.4367526019946,27.353333033614945,1.694720842548847e-07,9.76355138271477e-08
1966,0.00569746731208228,4,AKR1B1,35.82059424320837,90.05863170963778,-3361.5345028526917,-3.6518216702129394,0.01315020506360655,SE,3611,1.8541989986185258e-05,0.42350570675389465,0.004827022552490234,6755.835965790493,-3367.525134240109,5.990631387417125,0.014382053638169467,0.004941710818542884
1967,0.013328616409177063,4,ATP6V0E2,35.82059424320837,38.20112070904056,-3774.4378881970115,-6.306347053307403,0.04238601374625347,SE,3611,1.936154891332024e-05,0.08339109063620012,0.003743410110473633,7581.6427364791325,-3792.9057356509734,18.467847453961895,1.727949829211095e-05,8.282479480335901e-06
1968,0.032171019216695795,4,RHEB,35.82059424320837,15.524672356066889,-3600.9453810809714,-5.037370102734226,0.04859103106251607,SE,3611,0.00011803981653826433,0.0942249716032384,0.0038290023803710938,7234.657722247052,-3629.1685230475814,28.22314196661,1.0810429562635449e-07,6.309381187016436e-08
1969,0.018386041610305156,4,PTPRN2,35.82059424320837,27.551238579352514,-3556.3166642013593,-4.651139924389728,0.03211133028518202,SE,3611,3.074505931567611e-05,0.07104854640411958,0.0037412643432617188,7145.400288487828,-3590.313523647525,33.99685944616567,5.520109924717076e-09,3.597553137725698e-09
1970,0.005630795175123869,4,UBA1,35.82059424320837,91.13109255170606,-3727.885871080347,-4.330330793039061,0.017652491091717896,SE,3611,1.7709233845152893e-05,0.4140062256331568,0.005457401275634766,7488.5387022458035,-3731.156628355675,3.2707572753279237,0.07052506162228789,0.021627832193539087
1971,0.05366239109132917,4,XIST,35.82059424320837,9.10048882537819,-3161.0075046545744,-2.233826752297667,0.04109156419529245,SE,3611,0.0002968291704819037,0.09278656207167535,0.003932476043701172,6354.781969394258,-3202.351500111985,41.34399545741053,1.2766299128941228e-10,9.39283761825081e-11
1972,0.022233097050683874,4,TCEAL6,35.82059424320837,22.694677182667313,-2960.65452832992,-3.3828259559838503,0.02237559159765668,SE,3611,6.173092051747937e-05,0.09910106095522893,0.00491642951965332,5954.07601674495,-2993.5532370273827,32.89870869746255,9.70877345185528e-09,6.184599801980798e-09
1973,0.016062383188469764,4,RTL8C,35.82059424320837,31.611581434220415,-3726.7454184515145,-6.744348954852609,0.049640116765951606,SE,3611,4.994503233495844e-05,0.1497947250582252,0.003847837448120117,7486.257796988139,-3742.3727901967195,15.627371745204982,7.712999703735068e-05,3.502940362715488e-05
1974,0.01495210520137997,4,FHL1,35.82059424320837,33.99723865999168,-3418.841579776118,-4.128157663577209,0.024435521900155303,SE,3611,2.488239136970364e-05,0.08573015806945186,0.003810882568359375,6870.450119637346,-3440.039610001907,21.198030225788898,4.1418997523967604e-06,2.0879364780537327e-06
1975,0.012276415221623484,4,IDH3G,35.82059424320837,41.51953641391367,-3226.0009484421207,-3.660305286364659,0.018402637516262744,SE,3611,3.4074146700942626e-05,0.17224697460825455,0.00550079345703125,6484.768856969351,-3236.8222962013033,10.821347759182572,0.0010033642302399448,0.00040494212726011866
1976,0.011117811474694326,4,ATP6AP1,35.82059424320837,45.90012729813557,-3782.524247410158,-5.271925573576384,0.030854283944109936,SE,3611,3.8030264888108444e-05,0.2332856255233145,0.005514860153198242,7597.815454905425,-3788.451497955585,5.927250545427341,0.014908484990672322,0.005109501100491821
1977,0.023124332607759326,4,CTSB,35.82059424320837,21.80011203370757,-3773.339359219673,-6.3142894634195885,0.053612265879075756,SE,3611,5.9729051441778385e-05,0.08896077790012259,0.0036995410919189453,7579.445678524456,-3800.731779089133,27.3924198694599,1.660809638703853e-07,9.578472012075008e-08
1978,0.026117010684289024,4,SARAF,35.82059424320837,19.242963418713405,-3501.3871774554486,-7.585148055514512,0.06782065289963804,SE,3611,9.539061486159486e-05,0.11274342567366005,0.003732919692993164,7035.541314996007,-3515.302269382767,13.915091927318372,0.00019125660636687414,8.346874602888952e-05
1979,0.02342275780934456,4,VDAC3,35.82059424320837,21.515785820128134,-3619.641480388707,-4.8023043875965445,0.03863522278046903,SE,3611,9.439931050600202e-05,0.13720549033783772,0.003885030746459961,7272.049920862523,-3641.3966314098466,21.75515102113968,3.0975707502323147e-06,1.5763039008427338e-06
1980,0.024828679339761475,4,UBE2V2,35.82059424320837,20.268235490847257,-3522.7710169463885,-4.698911335577285,0.03807095226908889,SE,3611,6.38381704557061e-05,0.08304895718490406,0.003805875778198242,7078.3089939778865,-3547.033255546214,24.26223859982565,8.407118489150989e-07,4.5183092627063975e-07
1981,0.01722760811692378,4,BAALC,35.82059424320837,29.4385628447818,-3809.175962458038,-5.419979132127117,0.03917846241943292,SE,3611,5.069707097929428e-05,0.13280990526543338,0.005540370941162109,7651.118885001186,-3826.56868933072,17.392726872682033,3.0398696834521566e-05,1.4264878018267496e-05
1983,0.028572380255940513,4,GRINA,35.82059424320837,17.544971486859417,-3725.3749666513245,-6.433420973123273,0.060066830899817174,SE,3611,7.441455388303393e-05,0.07421958408295762,0.003760814666748047,7483.5168933877585,-3767.74150798224,42.366541330915425,7.567357851456791e-11,5.6216836217067576e-11
1984,0.013568854122808517,4,PSIP1,35.82059424320837,37.5156299823775,-3489.58414555347,-3.7629146690647186,0.021451829916688987,SE,3611,4.712080663436354e-05,0.19602208042779676,0.0038161277770996094,7011.93525119205,-3503.0528599727604,13.468714419290336,0.00024257446043540742,0.00010492590297425982
1985,0.0019307220583528546,4,HNRNPK,35.82059424320837,266.7654429779125,-3813.2911624400276,-5.568859391384186,0.018983128148708114,SE,3611,4.17433252409553e-06,0.8173682839598659,0.0032835006713867188,7659.349284965165,-3816.265821402132,2.974658962104513,0.08457795102469867,0.025571892541033217
1986,0.010347287882112428,4,SPIN1,35.82059424320837,49.35656508326748,-3341.5022357122225,-3.9645287290532694,0.019025104219422172,SE,3611,2.3432605729922982e-05,0.16541885543164175,0.004963874816894531,6715.7714315095545,-3351.991254247808,10.489018535585274,0.0012008614489522618,0.00048102943504775233
1987,0.008194791447910304,4,ATP6V1G1,35.82059424320837,62.45642476588751,-3430.0202585404295,-3.91457773208527,0.01711830960371107,SE,3611,1.75459907957102e-05,0.19573074942158725,0.0043261051177978516,6892.8074771659685,-3440.759273871804,10.739015331374503,0.0010490013699314682,0.00042209016453629287
1988,0.017016694187423916,4,NDUFA8,35.82059424320837,29.809836151149575,-3620.2111669009173,-4.684693679334589,0.03156865661768221,SE,3611,6.210088967736488e-05,0.1665980420450802,0.004425048828125,7273.189293886944,-3636.1494325403933,15.938265639475958,6.544221062432243e-05,2.9949506878956123e-05
1989,0.012215095776749969,4,PTGES2,35.82059424320837,41.73055388295711,-3107.053797292345,-3.3722994691933637,0.016308460149832005,SE,3611,2.8208315016436722e-05,0.14399370955168037,0.00495147705078125,6246.874554669799,-3121.197819967304,14.14402267495916,0.00016933426055687484,7.444650799445317e-05
1990,0.011230546598890674,4,PTPA,35.82059424320837,45.43418977269846,-3592.982223285706,-4.1425119414746945,0.02208146621259338,SE,3611,3.416442807503776e-05,0.2054808629018315,0.005505084991455078,7218.731406656521,-3599.602526397796,6.620303112089914,0.010082267321194327,0.0035483999758438634
1991,0.00810266808776071,4,RABL6,35.82059424320837,63.172390860715254,-3325.556400788535,-3.1408094826047956,0.012815412076262987,SE,3611,2.7104545697839868e-05,0.30915592982325957,0.005478382110595703,6683.87976166218,-3332.3546705410554,6.798269752520355,0.009124625743061054,0.0032454359708259115
1992,0.01272400791897797,4,FBXW5,35.82059424320837,40.04084982735562,-3329.189534496343,-3.585529680788168,0.01885956139010289,SE,3611,3.652671726614099e-05,0.17219974184816425,0.0053980350494384766,6691.146029077796,-3339.9961598316795,10.80662533533632,0.0010113749274134332,0.0004078682208981036
1993,0.015231004610970765,4,AP2A2,35.82059424320837,33.36525573863767,-3447.7279471489,-4.041078018362182,0.024319846663357916,SE,3611,4.1602366572835636e-05,0.1382942805183766,0.004385232925415039,6928.22285438291,-3463.7398495641373,16.011902415237273,6.294551429097961e-05,2.8856140972554755e-05
1994,0.019372652621765057,4,DUSP8,35.82059424320837,26.12182708718776,-2963.6267509080326,-2.93548147454945,0.01830225886326357,SE,3611,6.270919031484556e-05,0.1310571702925173,0.003785371780395508,5960.020461901175,-2981.413269535509,17.786518627476198,2.4712810187788037e-05,1.1657917974570194e-05
1995,0.007419622922121837,4,C11orf49,35.82059424320837,69.03550271206413,-3110.254744948177,-2.8745475807282412,0.010515673222288198,SE,3611,2.1412591549391537e-05,0.2904491074129572,0.004501819610595703,6253.276449981464,-3115.666749314623,5.412004366445672,0.019998740550237537,0.006737812314207484
1996,0.01584227189349696,4,MADD,35.82059424320837,32.05796019765012,-3472.9696578026815,-4.431002298917239,0.027575712337833663,SE,3611,3.2594199741453195e-05,0.10040090662556082,0.003769397735595703,6978.7062756904725,-3491.9025734542906,18.932915651609164,1.3539630962400295e-05,6.56022194942611e-06
1997,0.010724097610643211,4,PRPF19,35.82059424320837,47.60420457459463,-3167.5983612935124,-3.8392723310565358,0.01791955366523635,SE,3611,3.825001522653514e-05,0.2517691246538071,0.004343509674072266,6367.963682672134,-3176.31137937986,8.713018086347802,0.0031594570979015524,0.0012044192593925929
1998,0.020245908525554974,4,TMEM132A,35.82059424320837,24.97286999584971,-3447.154465797532,-4.0645831623416,0.028820144330892937,SE,3611,3.8240868419554386e-05,0.07343611321803885,0.003742218017578125,6927.075891680173,-3480.0575096671855,32.90304386965363,9.687147417558606e-09,6.178161254307187e-09
1999,0.013654470588636025,4,FIBP,35.82059424320837,37.27716319680442,-3290.357553561739,-3.3797939928818312,0.01832668543566587,SE,3611,3.467928951388292e-05,0.14251215910100357,0.005439043045043945,6613.482067208588,-3300.315915538097,9.958361976357992,0.0016012045439118827,0.0006333539024591116
2000,0.0313772044373644,4,KLC2,35.82059424320837,15.93048797101642,-3264.7396452857015,-4.074466563147043,0.03601750562329098,SE,3611,8.106901535704556e-05,0.0678114090551147,0.0038385391235351562,6562.2462506565125,-3312.6312651517437,47.89161986604222,4.504396855509185e-12,3.655060025787951e-12
2001,0.03297080875394045,4,SPTBN2,35.82059424320837,15.135564554058822,-3286.5466432525586,-3.805861516497133,0.03577307596139156,SE,3611,0.00010177496249011817,0.07759772791998798,0.004327297210693359,6605.860246590227,-3327.502518504576,40.95587525201745,1.557052264899994e-10,1.1440359106986257e-10
2002,0.006406575780690808,4,NDUFV1,35.82059424320837,80.03342114577373,-3808.505576650721,-5.454984365018537,0.02640168963429252,SE,3611,1.8865058283519676e-05,0.34178193510216004,0.005402565002441406,7649.778113386552,-3813.4526041068843,4.947027456163141,0.026135568332380177,0.008637195606399094
2003,0.017030344920986654,4,RAB6A,35.82059424320837,29.785528332202464,-3680.821843683043,-5.750208250527938,0.04071977487627972,SE,3611,5.2765349048890506e-05,0.14133465618343857,0.0037894248962402344,7394.4106474511955,-3702.704937310985,21.88309362794189,2.897756842035193e-06,1.4760222194602122e-06
2004,0.01839948690326846,4,MAP6,35.82059424320837,27.53072861244808,-3084.4120904967494,-3.3205013287640064,0.02032037216883149,SE,3611,6.535592272260012e-05,0.15081819732568144,0.004892110824584961,6201.591141078608,-3096.3817623762616,11.969671879512134,0.000540734623870609,0.00022623275286034556
2005,0.017251008492225724,4,AASDHPPT,35.82059424320837,29.397930490125184,-3340.0823343585544,-4.190555296128713,0.026269230303419513,SE,3611,5.2974138639590095e-05,0.13841211484756422,0.004385709762573242,6712.931628802218,-3355.8639387290377,15.781604370483365,7.109036064789631e-05,3.242371117985376e-05
2006,0.02388581483019187,4,ATP5MG,35.82059424320837,21.088670622148246,-3709.5000058932724,-6.5457339168471,0.05606946870722444,SE,3611,8.86093714593613e-05,0.12407840921077973,0.0037984848022460938,7451.766971871654,-3733.078159984528,23.578154091255783,1.1994153306105204e-06,6.331917010202282e-07
2007,0.018583085810124682,4,ARHGEF12,35.82059424320837,27.25362946641081,-3064.282637815797,-3.19653558443913,0.019683438545930156,SE,3611,9.382920298399266e-05,0.2124264738819894,0.0038077831268310547,6161.3322357167035,-3081.168038763115,16.885400947317976,3.970579938183949e-05,1.8518910383624743e-05
2008,0.08117688713009634,4,APLP2,35.82059424320837,5.841012808714547,-3773.812319088516,-6.475991680180835,0.11804544264109589,SE,3611,0.0003377260434072359,0.05136578304274245,0.003802776336669922,7580.391598262141,-3851.3669830376048,77.55466394908899,0.0,0.0
2009,0.015468943892255949,4,OPCML,35.82059424320837,32.8441023422328,-3281.8691777181375,-3.8141348266349113,0.02210740806993869,SE,3611,3.704866374608354e-05,0.11951391365221502,0.004446506500244141,6596.505315521385,-3299.9964268879353,18.12724916979778,2.0662332058329902e-05,9.816229901292086e-06
2010,0.02365556866915085,4,OPTN,35.82059424320837,21.298955278319234,-3489.1547111548994,-4.598820109296091,0.03590324388965025,SE,3611,0.00010681714143535947,0.15235762120140772,0.0038454532623291016,7011.076382394908,-3505.690702931328,16.535991776428546,4.773532070045938e-05,2.2129205007677407e-05
2011,0.004924830980745257,4,ZNF365,35.82059424320837,104.26851772959806,-3254.6558213254884,-3.706258138261698,0.012437919688811663,SE,3611,1.343216399230071e-05,0.40929663877339295,0.004564762115478516,6542.078602736086,-3258.8629081907666,4.207086865278143,0.04025541372228758,0.012956937801738394
2012,0.012370374288692412,4,VDAC2,35.82059424320837,41.2002555223068,-3599.915080237257,-5.216188784810836,0.030760104986890902,SE,3611,1.6957760158381127e-05,0.08445794705458227,0.003810882568359375,7232.597120559623,-3623.4002324906587,23.485152253401793,1.2588150619663452e-06,6.625933504863445e-07
2013,0.020167980708096084,4,ANXA11,35.82059424320837,25.07135757586632,-3000.2927320367944,-3.074710966822599,0.019721415302980303,SE,3611,5.6254705981918345e-05,0.10883093384021186,0.0037996768951416016,6033.352424158698,-3024.9443918127545,24.65165977596007,6.868557246297868e-07,3.702557126830281e-07
2014,0.007070439824031382,4,PTEN,35.82059424320837,72.47039869505241,-3009.0132945867144,-2.6836647264218114,0.009268842569223673,SE,3611,1.6137010102946188e-05,0.24069498580210066,0.003838062286376953,6050.793549258538,-3020.2446064458372,11.231311859122798,0.0008042877410926463,0.0003290546891648716
2015,0.024403129673070033,4,FBXL15,35.82059424320837,20.630678517335998,-3238.181521163958,-3.5041267991669645,0.026874171332696744,SE,3611,6.431642458512628e-05,0.08646510324574373,0.0037200450897216797,6509.130002413026,-3270.688001702303,32.50648053834493,1.1879573325046522e-08,7.505030797491646e-09
2016,0.051430680136354226,4,BNIP3,35.82059424320837,9.517775290535354,-3696.34187799155,-5.99038994134373,0.07836380689582764,SE,3611,0.00018240173265514088,0.06152753134833564,0.0037546157836914062,7425.45071606821,-3739.9950269129877,43.653148921437605,3.9204528512470915e-11,2.98691526631687e-11
2017,0.06525973906527031,4,CALY,35.82059424320837,7.39152851741177,-3792.4458546083956,-6.761685206144145,0.1045782533448914,SE,3611,0.0002449926366152695,0.05419755126855706,0.003770112991333008,7617.658669301901,-3902.1351321236916,109.689277515296,0.0,0.0
2018,0.005477405254355094,4,COPS7A,35.82059424320837,93.69759013756946,-3168.0716886641676,-3.5335089651171327,0.011958120801241154,SE,3611,1.7416505148080975e-05,0.43001300949084664,0.005533695220947266,6368.910337413445,-3173.0499876755857,4.97829901141813,0.0256672078323249,0.008487642989054866
2019,0.05058194077481839,4,CLSTN3,35.82059424320837,9.686137737134281,-3569.155718238711,-5.323752904027622,0.06781463315618583,SE,3611,0.00017858319814652475,0.06206899751898334,0.0037965774536132812,7171.078396562531,-3634.446857975748,65.29113973703716,6.661338147750939e-16,6.779695544545548e-16
2020,0.05288236201613624,4,GABARAPL1,35.82059424320837,9.242335306676386,-3735.0480855975934,-6.7343160282126195,0.08911946343612999,SE,3611,0.00020756210200504927,0.06660485986591276,0.003727436065673828,7502.863131280296,-3792.7283780222538,57.680292424660365,3.086420008457935e-14,2.7963571943952422e-14
2021,0.032383808564619664,4,FAIM2,35.82059424320837,15.41927110132449,-3729.717984230297,-6.447921183446843,0.06429688115336296,SE,3611,0.00010900447629543807,0.08594650803646016,0.0038077831268310547,7492.202928545704,-3762.6329908072003,32.915006576903124,9.627721064831007e-09,6.154898069401121e-09
2022,0.03021326901901896,4,SPRYD3,35.82059424320837,16.564073952615928,-3695.988136631931,-5.101570589181466,0.04867272399557434,SE,3611,6.553080868797348e-05,0.05884170555368134,0.003729104995727539,7424.743233348971,-3731.0402112579886,35.052074626057674,3.2100478941643473e-09,2.1361699273144204e-09
2023,0.006577895370429429,4,PTGES3,35.82059424320837,77.93553102534563,-3725.841535477536,-4.687143435477017,0.021008977857733088,SE,3611,2.921440401710442e-05,0.502428416826226,0.0037255287170410156,7484.450031040182,-3732.037718183163,6.196182705627052,0.012802614085434927,0.004438821361230891
2024,0.01958175195488879,4,ATXN7L3B,35.82059424320837,25.837380549051513,-3525.758268001867,-4.582938520888186,0.03246270286662623,SE,3611,7.470929141354991e-05,0.15295027591812266,0.005384683609008789,7084.283496088843,-3537.4134015679897,11.655133566122913,0.0006402560727870599,0.0002647726101803921
2025,0.019035132484254324,4,UBE2N,35.82059424320837,26.594154699562473,-3473.7278943187366,-4.537889583315627,0.03119913827157721,SE,3611,5.2148250355334204e-05,0.11272928330500255,0.003812074661254883,6980.222748722583,-3492.9646533988234,19.236759080086813,1.1546844950305335e-05,5.635402862668664e-06
2026,0.004410384207364852,4,VPS29,35.82059424320837,116.49105397896695,-3169.39392735836,-3.2526179136581845,0.009741026091074006,SE,3611,9.97467328110448e-06,0.3781754626735158,0.003964900970458984,6371.55481480183,-3174.081256341789,4.68732898342887,0.03038584625978058,0.00994378462103863
2027,0.01307686933368082,4,AKAP11,35.82059424320837,38.946477514941535,-3498.556275712912,-3.7626419549835495,0.02106089764440623,SE,3611,3.4862202438085025e-05,0.15582866474618284,0.004292488098144531,7029.879511510933,-3510.8528499054796,12.296574192567732,0.00045379046314864,0.00019195323577408775
2028,0.01234387329018968,4,SERP2,35.82059424320837,41.289816037492784,-3309.3235310520904,-4.021180243046874,0.020928792199076462,SE,3611,2.4859547426988597e-05,0.12433134994738372,0.003685474395751953,6651.41402218929,-3334.2757102367423,24.952179184651868,5.877006441501464e-07,3.1808401068579614e-07
2029,0.09163525156520583,4,TSC22D1,35.82059424320837,5.115479354999793,-3398.4822484674414,-8.06372899501012,0.13354445763177017,SE,3611,0.00019882862312276336,0.02470520868268457,0.003703594207763672,6829.731457019992,-3599.997020472748,201.51477200530644,0.0,0.0
2030,0.0328554300746138,4,SUCLA2,35.82059424320837,15.19052844227383,-3323.194944490571,-4.1531495680506145,0.0384670694766441,SE,3611,9.630143257661674e-05,0.0739066937080879,0.003742218017578125,6679.156849066251,-3353.066311374008,29.871366883437076,4.6168078582375927e-08,2.794907281305335e-08
2031,0.004378536393363279,4,TM9SF2,35.82059424320837,117.34211927355891,-3083.779380916305,-3.1414250697452637,0.009119369673363626,SE,3611,1.6946947279417996e-05,0.6518139352929896,0.004385232925415039,6200.325721917719,-3086.2676142849878,2.4882333686828133,0.11470040976760176,0.03393333087443466
2032,0.007612511332768296,4,IRS2,35.82059424320837,67.27318182291981,-3001.0740939140615,-3.102645403529164,0.011333161495425516,SE,3611,1.2888091356577442e-05,0.1662048884313136,0.004437923431396484,6034.915147913232,-3012.797524508085,11.723430594023739,0.0006171807505821469,0.0002564161980448325
2033,0.007483656182000939,4,MCF2L,35.82059424320837,68.44039087067748,-3097.736361190284,-3.1773120695282118,0.01181482024379568,SE,3611,1.6868961374397257e-05,0.22497809993267148,0.0038878917694091797,6228.239682465677,-3106.4767812179625,8.740420027678738,0.003112328204348036,0.0011872970648941815
2034,0.007812896992175283,4,PABPN1,35.82059424320837,65.53451955908749,-3016.3773912024726,-2.833493581120281,0.01039234830027364,SE,3611,1.9603769322054834e-05,0.24020745534920834,0.005463838577270508,6065.521742490055,-3021.939458929766,5.562067727293197,0.018353724115571235,0.006234496648158804
2035,0.004821887169466503,4,NOVA1,35.82059424320837,106.50559255152791,-3197.918254515909,-3.4400631063872673,0.010985496695695122,SE,3611,1.04910261633531e-05,0.3333290866479118,0.004364728927612305,6428.603469116928,-3203.3736769308834,5.455422414974237,0.019507687215565284,0.006584779139071753
2036,0.01780743199394546,4,ATP6V1D,35.82059424320837,28.463217404978316,-3542.887187055687,-4.5631285657012,0.03082499793696793,SE,3611,7.071036226859843e-05,0.1737836116362858,0.0038433074951171875,7118.541334196483,-3559.121265632971,16.23407857728398,5.5978039841919625e-05,2.580271136661966e-05
2037,0.018972870712443416,4,DDX24,35.82059424320837,26.683120105584326,-3742.4012117989637,-5.580330075940064,0.04183812598258886,SE,3611,3.8282304673904585e-05,0.0832779986423881,0.0037822723388671875,7517.569383683037,-3767.6430359514266,25.24182415246287,5.057349784509668e-07,2.7622999193304057e-07
2038,0.018966450936174457,4,ANKRD9,35.82059424320837,26.692326496563968,-2980.207923977616,-2.9727271083031708,0.018318207459298148,SE,3611,0.00011682410797383478,0.25430051125063025,0.0038242340087890625,5993.182808040341,-2991.0606374930944,10.852713515478627,0.0009865109376073766,0.000399041171800598
2039,0.03194576158791926,4,EIF5,35.82059424320837,15.637779512112497,-3654.2100676098203,-5.076387201861989,0.04952386719462454,SE,3611,0.0001348026238151567,0.10902960594944366,0.003830432891845703,7341.18709530475,-3682.906653592853,28.696585983032946,8.465283718450678e-08,5.011556686620409e-08
2040,0.04462918238147361,4,APBA2,35.82059424320837,11.046932025104779,-3614.4546662207654,-4.769493929108747,0.05840403017846123,SE,3611,0.00021478665918462137,0.09365322284916332,0.003797769546508789,7261.67629252664,-3639.636415303379,25.181749082613806,5.217360966591755e-07,2.843905183193954e-07
2041,0.020525233046291606,4,LPCAT4,35.82059424320837,24.625995526596178,-3148.258528249071,-3.9994877615355486,0.026209774278942614,SE,3611,4.658882895063756e-05,0.08714794618197162,0.0038330554962158203,6329.284016583251,-3181.6059488352394,33.34742058616848,7.707998683770256e-09,4.945323209465476e-09
2042,0.020409762744471177,4,GNB5,35.82059424320837,24.768239176884737,-3095.936060712971,-3.8934638783346696,0.02507723290527995,SE,3611,5.154015208786747e-05,0.09745782065505586,0.0038292407989501953,6224.639081511052,-3123.890553245771,27.95449253280003,1.2420226269682644e-07,7.209694509162494e-08
2043,0.013917163772291666,4,TPM1,35.82059424320837,36.563798126372696,-3165.4263917246053,-3.3345233748214214,0.01764459003889238,SE,3611,3.0871210400083244e-05,0.12225102151132472,0.004899024963378906,6363.61974353432,-3185.6669410753047,20.24054935069944,6.828997777152956e-06,3.397797848305148e-06
2044,0.014399256587924158,4,RAB11A,35.82059424320837,35.32235024483113,-3544.960922322167,-4.338963097013512,0.02610574008829459,SE,3611,4.2267845089453305e-05,0.15667163502142623,0.006149768829345703,7122.688804729443,-3557.200633409301,12.23971108713431,0.000467830725055407,0.00019758062117586984
2045,0.006650383030876453,4,RCN2,35.82059424320837,77.08042669978967,-3513.9873056389606,-4.51251216005582,0.01933153847668134,SE,3611,2.1855728980447838e-05,0.3678353376657955,0.004410266876220703,7060.741571363031,-3519.054602748618,5.067297109657375,0.024381371913894556,0.008135525126135395
2046,0.07517956314966584,4,ARNT2,35.82059424320837,6.348136570053052,-3584.199254824263,-4.393797931261956,0.08380220150086096,SE,3611,0.0008567098486211452,0.14843297542570055,0.003788471221923828,7201.165469733635,-3628.2420114908864,44.04275666662352,3.212807797581263e-11,2.483045062317193e-11
2047,0.011325810193637233,4,HDGFL3,35.82059424320837,45.04769339056229,-3484.281908629995,-3.832050614389821,0.019788765257729435,SE,3611,3.7861484053054755e-05,0.22398997108489738,0.005021810531616211,7001.3307773451,-3494.0612275648937,9.779318934898583,0.0017648567394268344,0.0006950109973714006
2048,0.007238006868027367,4,STUB1,35.82059424320837,70.78069004223201,-3702.8496884409196,-4.915385841526992,0.02326043673427035,SE,3611,1.9318104773469676e-05,0.2751468824693023,0.003766775131225586,7438.466336966949,-3712.4661683314825,9.616479890562914,0.0019283900345509197,0.0007571876217123937
2049,0.029524930210087338,4,RPS2,35.82059424320837,16.96227674343621,-3658.359130598448,-3.939530109290226,0.03879107174848313,SE,3611,6.369997229598141e-05,0.05972943136066368,0.0037806034088134766,7349.485221282005,-3733.398225910032,75.03909531158433,0.0,0.0
2050,0.01326351803059549,4,PKD1,35.82059424320837,38.39114757729702,-3205.336634764083,-3.2952919441861064,0.017158679265985723,SE,3611,3.269489716635986e-05,0.14216607003834067,0.0038299560546875,6443.440229613276,-3221.0698969879863,15.733262223903239,7.293037891575871e-05,3.323466715092117e-05
2051,0.030061985809185284,4,PGP,35.82059424320837,16.650027536240813,-3289.9509941268657,-3.926061320518482,0.03432121307880117,SE,3611,0.00011163726424597634,0.10119138347805418,0.003755807876586914,6612.668948338841,-3320.025093432546,30.074099305680193,4.1584836907304634e-08,2.528865571563568e-08
2052,0.009457672603466092,4,ABCA3,35.82059424320837,54.04772314122298,-3280.5072954856805,-3.4686341269774115,0.015344405663136947,SE,3611,2.564058077223626e-05,0.2158650639354649,0.005964994430541992,6593.781551056471,-3287.0157629796413,6.508467493960779,0.010736199602095486,0.003771124465819097
2053,0.020178514087199232,4,HCFC1R1,35.82059424320837,25.05800070410766,-3689.3048788138717,-4.611906519228123,0.03477300730857401,SE,3611,5.495399056484562e-05,0.10620815751637054,0.003735065460205078,7411.376717712853,-3706.503924457601,17.199045643729278,3.366054107356575e-05,1.575417994082484e-05
2054,0.008218259575679458,4,TRAP1,35.82059424320837,62.276600073988725,-3005.8822858296844,-2.9829143763126105,0.011267381606139104,SE,3611,1.901353847792306e-05,0.21091251526415267,0.005400419235229492,6044.531531744478,-3011.927086218999,6.044800389314787,0.013947309792049056,0.004807731232360916
2055,0.02131950490112056,4,ABAT,35.82059424320837,23.689312603504636,-3423.981699507969,-3.8745716028333583,0.028329728938528115,SE,3611,4.9092179262009076e-05,0.0853918910409814,0.00377655029296875,6880.730359101048,-3453.233289490501,29.251589982532096,6.356404635976531e-08,3.8008297711828864e-08
2056,0.15374603640923812,4,RPS15A,35.82059424320837,2.8404387463086485,-3641.904435856651,-4.497449735674456,0.17224630134056343,SE,3611,0.0007807931819488659,0.043502676184458675,0.003914356231689453,7316.575831798412,-3806.395335454348,164.49089959769663,0.0,0.0
2057,0.006232932066099778,4,MAPK3,35.82059424320837,82.27745470519102,-3454.1856652784572,-3.744603096084544,0.014374827869716939,SE,3611,2.785069869345688e-05,0.5326988485394717,0.005355119705200195,6941.138290642024,-3457.591421548841,3.4057562703837903,0.06496932660938315,0.02010985661876573
2058,0.009364599912534275,4,ADGRG1,35.82059424320837,54.59002039830239,-3143.753872412979,-2.5352596486690424,0.010738389951237557,SE,3611,4.93415321302578e-05,0.42353599895456834,0.005450010299682617,6320.274704911068,-3150.1547651474075,6.400892734428453,0.011406299345000592,0.003985618367515753
2059,0.005698656845699569,4,GOT2,35.82059424320837,90.03972521513465,-3338.360935336177,-3.931666903790697,0.01452712785481979,SE,3611,1.3788094775616428e-05,0.31479512550654093,0.00431370735168457,6709.488830757464,-3343.1015505860123,4.740615249835173,0.02945853433830925,0.009652099327818325
2060,0.010050410318446373,4,TERF2IP,35.82059424320837,50.82974467317724,-3757.67568108486,-5.682036141858192,0.03274046264725063,SE,3611,3.371207196866051e-05,0.2519436607544601,0.005558490753173828,7548.11832225483,-3764.379121053177,6.7034399683170705,0.00962270831627543,0.0034045322059261837
2061,0.03068928512117466,4,MAP1LC3B,35.82059424320837,16.29914721290122,-3804.01116049234,-5.797408784221659,0.057117096111542136,SE,3611,0.00013234371153450326,0.1153984583395646,0.0037844181060791016,7640.7892810697895,-3822.1011922282073,18.090031735867342,2.1070162155578664e-05,9.992280099502784e-06
2062,0.014461706655824014,4,TCF25,35.82059424320837,35.16758909880213,-3524.803461065927,-4.069700267935684,0.024306461173607248,SE,3611,4.4427565799921685e-05,0.163299636060533,0.005365133285522461,7082.3738822169635,-3534.979571965188,10.176110899260948,0.0014227195271532267,0.0005648371718056684
2063,0.02723374419101994,4,DBNDD1,35.82059424320837,18.432735195184147,-3127.0988904450937,-3.687761148179669,0.02894757445862498,SE,3611,6.964864166563359e-05,0.0760496144288388,0.0037288665771484375,6286.964740975297,-3175.7219342189937,48.62304377390001,3.10207415310515e-12,2.5387012644842205e-12
2064,0.020380099341510933,4,PITPNA,35.82059424320837,24.805040663232663,-3317.684667547999,-3.615425518464152,0.025105153952771433,SE,3611,6.921886619863276e-05,0.13125208918168452,0.003745555877685547,6668.136295181108,-3341.4556743913445,23.771006843345276,1.0850463408873523e-06,5.762172287340575e-07
2065,0.010000426937377292,4,SLC25A11,35.82059424320837,51.08637734005544,-3319.9827699017605,-3.7380250156106176,0.017362665390236013,SE,3611,2.390365655715403e-05,0.18039448701130037,0.0054988861083984375,6672.732499888631,-3327.895017142837,7.912247241076329,0.0049101236963740025,0.0018288970838766802
2066,0.015128761450470552,4,PFN1,35.82059424320837,33.59423227516826,-3954.3971095947254,-3.548622791855216,0.025156414458001992,SE,3611,3.114919574838441e-05,0.10490620042684,0.004991292953491211,7941.56117927456,-3985.3319829848933,30.934873390167922,2.668337062416981e-08,1.6545652830541447e-08
2067,0.011225382536473965,4,CAMTA2,35.82059424320837,45.45532846317968,-3158.9932341341164,-3.258410398945302,0.015231629419871294,SE,3611,3.2936663969383704e-05,0.19827459971153374,0.0044634342193603516,6350.753428353342,-3170.9914999393063,11.99826580518993,0.0005325007892877931,0.00022313598414758375
2069,0.027321639676335323,4,NLRP1,35.82059424320837,18.37177573731519,-3720.225370708539,-5.758566441499111,0.05195231061097207,SE,3611,6.501566763880222e-05,0.07055995087826822,0.0038204193115234375,7473.217701502187,-3760.730039637283,40.504668928744195,1.9614676549650767e-10,1.431374046294861e-10
2070,0.008278216444979655,4,SAT2,35.82059424320837,61.82181002172235,-3139.6987644431138,-3.2593855680411434,0.012920168192363041,SE,3611,1.9343659626472266e-05,0.21152994265128977,0.005358695983886719,6312.164488971337,-3146.444067313139,6.745302870025171,0.009399481863360815,0.003340980962336816
2071,0.023023473918959498,4,MYH10,35.82059424320837,21.89787219245637,-3126.3584291320476,-3.307204720283608,0.023799573341352916,SE,3611,5.898197376427908e-05,0.08858306391283312,0.0037446022033691406,6285.483818349205,-3163.799499094702,37.44106996265418,9.421708968559983e-10,6.562937770307427e-10
2072,0.06184444453240321,4,UBB,35.82059424320837,7.828216034518409,-2513.07169746144,-6.672998745516865,0.0690203084128291,SE,3611,0.0004252367167693154,0.103356328024915,0.0037386417388916016,5058.91035500799,-2556.6491012689553,43.57740380751511,4.0751735319588533e-11,3.100389921155027e-11
2073,0.02241244563221206,4,COPRS,35.82059424320837,22.50894063274921,-3546.054744489387,-4.578041654678654,0.03521524198487628,SE,3611,4.78725889657999e-05,0.07568348770341984,0.004296541213989258,7124.876449063883,-3569.666706999039,23.61196250965213,1.178525822154164e-06,6.246229204733711e-07
2074,0.02684492541767816,4,NEUROD2,35.82059424320837,18.707187139074634,-3364.4829242938063,-3.772265491430501,0.031654880650349826,SE,3611,7.323684495897444e-05,0.08217124015368128,0.0037441253662109375,6761.732808672722,-3387.5451537341705,23.062229440364263,1.5684169644147872e-06,8.167396372504187e-07
2075,0.0077776779862328786,4,NT5C3B,35.82059424320837,65.83361078842978,-2944.3080518077068,-3.2551905498478226,0.011992056026923107,SE,3611,2.1649332678086985e-05,0.26764086575570356,0.005498409271240234,5921.383063700523,-2951.388190916276,7.080139108569256,0.007794295924952066,0.0028076406347894984
2076,0.016541841857123544,4,TUBG2,35.82059424320837,30.680374997977424,-3442.3342553310567,-3.6626394297557674,0.023171089422812974,SE,3611,5.92386946529553e-05,0.1678476968727454,0.004370212554931641,6917.435470747223,-3454.5592227296806,12.224967398623903,0.0004715421775083328,0.0001988349662163496
2077,0.0075272168591105195,4,RPL27,35.82059424320837,68.0413338023071,-3735.543450687721,-5.267871986910116,0.026251034598254244,SE,3611,6.142521433547648e-05,0.8099079375387139,0.005728721618652344,7503.853861460551,-3739.0082910968613,3.464840409140379,0.06268655642871412,0.01949147209114168
2078,0.00767208525790727,4,ATXN7L3,35.82059424320837,66.74679684886078,-3260.080416713223,-3.5333773927325733,0.014097262202967907,SE,3611,2.4755451144505393e-05,0.3143852285083292,0.004336357116699219,6552.927793511555,-3267.7406438272806,7.660227114057761,0.005645139813322042,0.002063972541277812
2079,0.013369357445044498,4,NPEPPS,35.82059424320837,38.08313616902483,-3302.309369465942,-3.5679617846725558,0.019151513878594175,SE,3611,4.111735147913951e-05,0.17604613956015594,0.005421638488769531,6637.385699016993,-3313.457009965922,11.147640499980298,0.000841386230133967,0.00034292475530467014
2080,0.006269431052650978,4,KPNB1,35.82059424320837,81.79545261391102,-3102.878357696174,-2.7298064281807175,0.009068873983037084,SE,3611,1.1644470935626733e-05,0.22017075306035203,0.005514860153198242,6238.523675477458,-3109.505034359444,6.626676663269791,0.010046252952871648,0.003538046464629781
2081,0.013939224599492935,4,ATP5MC1,35.82059424320837,36.50511394103833,-3662.473838655633,-5.270821584935579,0.033237119815858744,SE,3611,3.176579174201474e-05,0.1254071030426875,0.0043370723724365234,7357.714637396375,-3679.872249903068,17.398411247435433,3.0307920261041232e-05,1.423473408216393e-05
2082,0.02218207412282157,4,LUC7L3,35.82059424320837,22.748066196771713,-3121.319671643464,-2.5326869253051543,0.01954775353717044,SE,3611,9.368639678167456e-05,0.15106277106786226,0.005095958709716797,6275.406303372038,-3135.101805312385,13.782133668920778,0.00020527915506818317,8.922550573908066e-05
2083,0.0015643570060524675,4,AMZ2,35.82059424320837,329.3615105042537,-3182.517222782004,-3.054390711020804,0.005960704362842935,SE,3611,3.842597840337574e-06,1.144355315066758,0.0032444000244140625,6397.801405649117,-3185.1591284022625,2.6419056202585125,0.10407863583794374,0.031013330881003442
2084,0.01683312721532308,4,RNF157,35.82059424320837,30.140542997274526,-3154.2310551148275,-3.335156929919166,0.019722700800176917,SE,3611,3.11716256995562e-05,0.08539368626192415,0.003767251968383789,6341.229070314765,-3178.9367866970615,24.705731582233966,6.678526651704431e-07,3.6037412881887814e-07
2085,0.0040260369922664255,4,TXNL1,35.82059424320837,127.66118311903534,-3246.1176288683364,-3.703756105943923,0.011498344516028275,SE,3611,1.1516221086727699e-05,0.5231290316420786,0.004420042037963867,6525.002217821782,-3250.3714495891645,4.2538207208281165,0.039162129606380325,0.012630873267241235
2086,0.020679363185334598,4,NRSN2,35.82059424320837,24.438603566662355,-3624.313736298506,-4.827125509684335,0.036233364018949145,SE,3611,3.11812413462237e-05,0.057496810829240824,0.003802776336669922,7281.394432682121,-3671.2157792767566,46.90204297825085,7.462475082320452e-12,5.982960046975223e-12
2087,0.05109829843857628,4,DSTN,35.82059424320837,9.583042799364994,-3721.0114333286638,-6.721572706274688,0.08671880471706958,SE,3611,0.0002254682580380155,0.07694598959355219,0.003762960433959961,7474.789826742437,-3769.625330147822,48.61389681915807,3.116507052425277e-12,2.5442634024227388e-12
2089,0.010740344090379236,4,SNTA1,35.82059424320837,47.53141503697713,-3164.1559726371024,-2.8866081996370565,0.013205776481701037,SE,3611,3.383190327611752e-05,0.2220299219828244,0.0054931640625,6361.078905359314,-3173.1032149161224,8.947242279019974,0.002778887783745021,0.0010676893672893737
2090,0.01401750422917707,4,DLGAP4,35.82059424320837,36.2983722369384,-3200.3919276622273,-3.2996843786008103,0.0177244927410997,SE,3611,3.6883029173355266e-05,0.1440338461501905,0.0037620067596435547,6433.550815409564,-3219.7983313183804,19.40640365615309,1.0565220575742273e-05,5.179890426863837e-06
2091,0.01574918645928089,4,NDRG3,35.82059424320837,32.250488589117545,-3694.135822234026,-5.536344464530448,0.03759052866837026,SE,3611,2.1290394519981596e-05,0.06633365280404813,0.003774881362915039,7421.038604553161,-3724.3880417904775,30.252219556451564,3.793568781329526e-08,2.322753820033645e-08
2092,0.010891488611266978,4,DNAJC5,35.82059424320837,46.86464571114221,-3571.9742383170724,-4.3253939406246,0.022782255926772278,SE,3611,2.4525924093436612e-05,0.15661847368473739,0.005434989929199219,7176.715436719254,-3583.46738061497,11.49314229789752,0.000698534403310469,0.0002879849751611884
2093,0.008048013567323839,4,TCEA2,35.82059424320837,63.60490267987098,-3618.7495335058975,-4.107057527193008,0.01874727212678882,SE,3611,3.430430884877618e-05,0.39651960950167464,0.0048525333404541016,7270.2660270969045,-3624.2472809405153,5.49774743461785,0.01904098604638471,0.006435345000496638
2094,0.00735938631023728,4,PALM,35.82059424320837,69.60478247062203,-3626.3777564956117,-3.313706590399686,0.013923438536228112,SE,3611,2.8485708761219978e-05,0.39264498385615365,0.004309654235839844,7285.522473076333,-3632.961293327564,6.583536831952188,0.010292618190802516,0.0036200564724730164
2095,0.025093186381853615,4,HSD11B1L,35.82059424320837,20.049148571946706,-3209.444950554111,-3.412407358548398,0.026603619634883714,SE,3611,0.00011156793350071526,0.14225101181760208,0.0038585662841796875,6451.656861193332,-3228.988468212259,19.54351765814772,9.833384089996677e-06,4.829917260321378e-06
2096,0.0028790945694224315,4,EIF3G,35.82059424320837,178.7230355454484,-3146.715713791711,-2.487541420635521,0.005580890636952196,SE,3611,5.414059647716449e-06,0.4786248770170236,0.004339694976806641,6326.198387668532,-3149.982992961751,3.2672791700397283,0.07067474926035289,0.021661351721354912
2097,0.0061726978045489175,4,TNPO2,35.82059424320837,83.08536812492781,-3239.843091258086,-3.2736481570107236,0.011529187505363804,SE,3611,1.704970484178709e-05,0.3324213353241856,0.005491733551025391,6512.453142601282,-3243.9994328605485,4.156341602462362,0.041478902267287565,0.01329813200983517
2098,0.017291759270320117,4,MAST1,35.82059424320837,29.327433451061854,-2917.7916348939852,-3.2324467255892664,0.018131628588704624,SE,3611,3.6490602810124576e-05,0.09491051238535132,0.003809690475463867,5868.35022987308,-2948.424237891574,30.632602997588947,3.1180988901979845e-08,1.9223389187218502e-08
2099,0.018574056452668262,4,ADGRL1,35.82059424320837,27.267129066203964,-3528.380748908223,-4.387924024283383,0.030185599972389784,SE,3611,4.614214301606889e-05,0.1045621445872421,0.003874063491821289,7089.528457901555,-3555.4274044306903,27.046655522467518,1.9860354560918836e-07,1.1368593374349582e-07
2100,0.020245136651738008,4,TECR,35.82059424320837,24.97384179601212,-3750.3871046948257,-4.032125157161074,0.03148853483743009,SE,3611,0.00013143986714353204,0.2524298999879193,0.004329681396484375,7533.541169474761,-3765.550029714305,15.16292501947919,9.862089077983249e-05,4.437639228195635e-05
2101,0.014290765232058725,4,MAP1S,35.82059424320837,35.59442498446069,-3007.3660064878086,-3.0949496795292286,0.01595554167840526,SE,3611,6.0431673083797795e-05,0.22731104543158415,0.005616188049316406,6047.498973060727,-3016.5578782558796,9.191871768070996,0.0024309217862780175,0.0009393789978412565
2102,0.011604927980395514,4,FKBP8,35.82059424320837,43.951809797733965,-3638.673309786078,-5.562000309959787,0.03293061503397504,SE,3611,3.809087524642522e-05,0.2148844368558862,0.005485057830810547,7310.113579657265,-3646.377098201379,7.703788415301005,0.005510504804235428,0.002017497880545394
2103,0.011027353103066203,4,UBA52,35.82059424320837,46.28088335434182,-3615.469025351983,-5.000998167950203,0.027789640155899128,SE,3611,2.9344369349699265e-05,0.18290161356924792,0.0038399696350097656,7263.7050107890755,-3629.370966623803,13.901941271819851,0.00019259943923199963,8.398645169761995e-05
2104,0.024502152536415266,4,UQCRFS1,35.82059424320837,20.545216261094886,-3684.2665408916323,-5.589067879292057,0.04704039483194966,SE,3611,4.968154212447679e-05,0.06627830449149955,0.0038313865661621094,7401.300041868374,-3720.076524335762,35.80998344412956,2.1753034928906345e-09,1.4657709693986688e-09
2105,0.03177036286840657,4,SPINT2,35.82059424320837,15.726962011180458,-3663.9547196909975,-4.844579659328726,0.0475982037798019,SE,3611,8.669318387720641e-05,0.07084446402548723,0.004316568374633789,7360.676399467105,-3708.5297350254646,44.575015334467025,2.4479529514565e-11,1.9028883285366732e-11
2106,0.014475776070930934,4,PSMD8,35.82059424320837,35.132907166999196,-3663.484948301557,-4.640335521637169,0.02904404699047694,SE,3611,5.6744902856481415e-05,0.20818049222246307,0.005355119705200195,7359.736856688223,-3672.8446762459494,9.359727944392489,0.00221805066766001,0.0008602181646745584
2107,0.016095116189475296,4,SPTBN4,35.82059424320837,31.54624275275507,-2902.7738894170225,-3.4873359203578995,0.018610296152942657,SE,3611,3.1107313926815924e-05,0.09293017292281365,0.0037758350372314453,5838.3147389191545,-2927.7288428822076,24.9549534651851,5.868555675858644e-07,3.1794746085919196e-07
2108,0.0583069659142155,4,RPS19,35.82059424320837,8.33446171226236,-3651.6313931033387,-3.6906604727284096,0.0645762280919409,SE,3611,0.0003682120416860686,0.09929539409852539,0.004075288772583008,7336.029746291787,-3741.3985096881506,89.7671165848119,0.0,0.0
2109,0.05613703587032544,4,NAPA,35.82059424320837,8.676570675984902,-3752.3101946376873,-6.137718339457638,0.08636182158819253,SE,3611,0.0003517042897440377,0.1014469507089769,0.003706216812133789,7537.387349360484,-3801.5343097536984,49.224115116011035,2.283284672444097e-12,1.8812148537103996e-12
2110,0.015322946212026112,4,MBOAT7,35.82059424320837,33.16195925053801,-3452.503971704714,-4.64957634956691,0.028493300969556504,SE,3611,1.9577461068255318e-05,0.06432487239159025,0.003803730010986328,6937.774903494537,-3480.8622283223185,28.35825661760464,1.0081589718602402e-07,5.903273058729077e-08
2111,0.003981023983816543,4,BRSK1,35.82059424320837,129.11046921550047,-3368.7406107727566,-3.897432606303497,0.012578554970215004,SE,3611,1.4507995238537748e-05,0.6738930339511824,0.0054814815521240234,6770.248181630623,-3371.808907048582,3.06829627582556,0.07983309816640549,0.02427413312625193
2112,0.011616212962608579,4,RBFOX2,35.82059424320837,43.90860992128886,-3185.6108156354403,-3.7288261510053093,0.018079956911183758,SE,3611,2.7954731314618872e-05,0.15740382792422855,0.003831148147583008,6403.98859135599,-3199.164661124066,13.553845488625484,0.00023181598031407624,0.00010051549083949804
2113,0.003911960745532004,4,KCTD17,35.82059424320837,131.39894486981075,-3045.4475386152826,-3.135948231618012,0.00863380648356306,SE,3611,8.207540061517569e-06,0.39470496843035313,0.003874063491821289,6123.662037315675,-3051.2698427158907,5.8223041006081075,0.015824202507891738,0.005406068025278591
2114,0.009153785720321462,4,CBX7,35.82059424320837,55.85912820626613,-2978.5841158425537,-2.909423837382181,0.011533111795733126,SE,3611,2.972441879890666e-05,0.2668025281517388,0.0048787593841552734,5989.935191770217,-2988.964652444712,10.380536602158372,0.0012735067676987732,0.0005089886146472539
2115,0.009639759948559574,4,ACO2,35.82059424320837,53.01705723638013,-3748.2082860665632,-4.8591766997170085,0.025896107401608887,SE,3611,2.2036859006915977e-05,0.17871737859008816,0.0044403076171875,7529.183532218236,-3759.6051704672773,11.396884400714043,0.0007356738486091752,0.00030249698075330753
2116,0.005782493186308312,4,XRCC6,35.82059424320837,88.72682016579608,-3522.0285562096087,-3.8707281612348363,0.014737780676173633,SE,3611,1.544158072361008e-05,0.34251625827606147,0.0054895877838134766,7076.824072504327,-3526.391829681352,4.363273471743469,0.036721677319554225,0.011893823901260975
2117,0.0027877951938461497,4,SELENOF,68.9034155214694,78.83374556832496,-3091.021315692573,-2.849870733995916,0.007329546979196454,SE,3611,7.695851202611785e-06,0.725360852596203,0.003276824951171875,6214.809591470255,-3096.2432816725754,5.221965980002551,0.02230332259009138,0.0074860395540755
2118,0.10554429364310923,4,CADM3,68.9034155214694,1.8677103376865547,-3448.34424091969,-4.850590237918204,0.2242781258872841,SE,3611,0.0009614854502044249,0.09495520577559885,0.003206968307495117,6929.45544192449,-3541.4062579245597,93.06201700486963,0.0,0.0
2119,0.052481902894811576,4,MFSD4A,68.9034155214694,3.978903271220607,-3340.32821314438,-4.28395399035695,0.10348695836725547,SE,3611,0.0002774797475748747,0.09026178065052785,0.003710031509399414,6713.423386373869,-3399.0267114280086,58.69849828362885,1.84297022087776e-14,1.7043141541032573e-14
2120,0.02856171689085569,4,SFXN5,68.9034155214694,7.495771612833019,-3220.08114775754,-2.801863060890436,0.05044731413034738,SE,3611,0.000331073357141771,0.33043827532592185,0.0033469200134277344,6472.929255600189,-3250.3852090316577,30.304061274117885,3.693517380831679e-08,2.266668665166102e-08
2121,0.07285249277804284,4,HS6ST1,68.9034155214694,2.804722249333442,-3081.508764599913,-3.169577866879376,0.12015767639272924,SE,3611,0.0006968546272969049,0.12741657046639612,0.003847360610961914,6195.784489284935,-3141.0254190952273,59.51665449531447,1.2101430968414206e-14,1.1347495663325465e-14
2122,0.08124124426228925,4,R3HDM1,68.9034155214694,2.4923576656610007,-3187.52264448229,-3.6321092118532774,0.14413763662077286,SE,3611,0.0007144493644373845,0.10851764311365354,0.003743410110473633,6407.81224904969,-3252.5627779851766,65.04013350288642,7.771561172376096e-16,7.879740662831924e-16
2123,0.0031588575802795993,4,MFSD6,68.9034155214694,69.54747221076714,-3123.798919200348,-3.044924160579437,0.008477311712392223,SE,3611,6.656403623883801e-06,0.48940552920988734,0.0032901763916015625,6280.364798485805,-3129.445539259318,5.646620058970257,0.017489050067642786,0.005948313564252749
2124,0.03578297436534526,4,CD200,68.9034155214694,5.9385962495117885,-2932.469272936138,-3.3873177896324815,0.056054383112171764,SE,3611,0.0002019614516789301,0.1322199938073623,0.003822803497314453,5897.705505957386,-2958.300151479052,25.83087854291398,3.7267838914889495e-07,2.0846125651957986e-07
2125,0.06047691968013152,4,NAT8L,68.9034155214694,3.4237593547586105,-3787.807586878643,-5.515905804988766,0.1560484983514675,SE,3611,0.0003451585777409929,0.08726015451797754,0.0037522315979003906,7608.382133842396,-3855.0360229264415,67.22843604779837,2.220446049250313e-16,2.3125563443207146e-16
2126,0.00986347804859637,4,SPAG9,68.9034155214694,22.123327017685433,-3202.829424429763,-2.7291117748056033,0.01903311593916287,SE,3611,6.360838513996611e-05,0.4931792164298918,0.0033140182495117188,6438.425808944636,-3210.6163535267838,7.786929097020675,0.005262556865342383,0.0019370492809101512
2127,0.01869641474616767,4,TCF4,68.9034155214694,11.567259889196148,-3486.158841290006,-3.658867168236285,0.04156295924502518,SE,3611,0.00018219444837114148,0.40768617321669715,0.0032532215118408203,7005.0846426651215,-3494.441624050839,8.282782760833015,0.004002274530290784,0.0015117426202762882
