,FSV,M,g,l,max_delta,max_ll,max_mu_hat,max_s2_t_hat,model,n,s2_FSV,s2_logdelta,time,BIC,max_ll_null,LLR,pval,qval
2,0.25753381480617343,4,TMEM50A,0.7071067811865476,2.882512586780444,-3250.042520383031,-3.655113954345621,3.074453818559341,SE,3635,0.0013249290928793918,0.03826957991173947,0.0077741146087646484,6532.878498325932,-3254.734115547625,4.691595164594219,0.030310496092001316,0.021669178927718073
43,0.22160155086542663,4,KPNA4,0.7071067811865476,3.51202792914206,-3136.7256374966614,-3.3670547577481735,2.293043371346259,SE,3635,0.0016796794059853934,0.057625512296543335,0.01282048225402832,6306.244732553193,-3140.2322579199567,3.506620423295317,0.06112402275498996,0.040572074125391384
46,0.252188679066394,4,GRSF1,0.7071067811865476,2.9647989152722265,-3577.411779142906,-4.666227289380872,4.881558239593364,SE,3635,0.0015210289173461413,0.044950607966485034,0.006751298904418945,7187.6170158456825,-3581.640875225395,4.2290960824889225,0.03973659774759897,0.027516101935360728
54,0.23521103410072067,4,NDUFS4,0.7071067811865476,3.250968164205858,-3387.560032210103,-3.987660260371727,3.3706136990450344,SE,3635,0.0016429444884302291,0.05253106676668748,0.010280609130859375,6807.913521980076,-3391.249377086083,3.689344875979714,0.05476112113320819,0.0366925295532181
55,0.25698926288594964,4,TBCA,0.7071067811865476,2.890739157746654,-3898.073978508469,-5.1310365167867005,5.998588244401326,SE,3635,0.001511504932681194,0.04375884249499662,0.006501674652099609,7828.941414576808,-3902.528555372243,4.454576863774037,0.034807838680354086,0.02449391462862498
63,0.21569592953149955,4,FBXW11,0.7071067811865476,3.6355599784827763,-3320.7682117853797,-3.428964763001282,2.3266619272582973,SE,3635,0.0017989434361734495,0.06377612868683813,0.01140594482421875,6674.3298811306295,-3323.899553297222,3.1313415118424928,0.07680051823476708,0.049918650411706324
67,0.2811497046759812,4,CUTA,0.7071067811865476,2.5564047642524352,-3856.2444190020633,-5.571980192557975,7.617490113790688,SE,3635,0.002005080239431161,0.052860547752084056,0.0038459300994873047,7745.282295563997,-3862.596854627602,6.352435625538874,0.011722025453495655,0.00908493803475784
68,0.30507056564243057,4,SNRPC,0.7071067811865476,2.277556681817266,-3233.14698522937,-2.864308906658291,2.225108085944319,SE,3635,0.001584336336846555,0.0386314503188965,0.004914045333862305,6499.08742801861,-3239.0183515546114,5.8713663252415245,0.015389103281971517,0.011704544353418906
71,0.2816432954639803,4,PNISR,0.7071067811865476,2.5501723144220723,-3112.7161822499297,-3.0410342883683383,2.322998966262322,SE,3635,0.0014254379239492182,0.0375135514642108,0.006007194519042969,6258.22582205973,-3118.0959909902735,5.379808740343833,0.02037111118152235,0.015142764715546502
73,0.26761492827252076,4,PTPRK,0.7071067811865476,2.736263655744986,-3073.1114415567195,-3.631855875334962,3.1309664325962507,SE,3635,0.0014249813532908869,0.03951154560554015,0.00627899169921875,6179.016340673309,-3078.147548569647,5.036107012927459,0.024824216580851655,0.018053975695164842
76,0.25859562325537266,4,EIF3B,0.7071067811865476,2.866571440753708,-3120.260077434188,-3.0156046653698403,2.1229767704603546,SE,3635,0.0016869873098106151,0.04851135291968771,0.0061757564544677734,6273.313612428246,-3124.5852523397207,4.325174905532549,0.03755255466872787,0.02615178849506741
78,0.22952772692356171,4,ELMO1,0.7071067811865476,3.3562217928638427,-3880.5416479221512,-5.128357054752191,5.426083044249675,SE,3635,0.001767161938166733,0.05814063376079404,0.009179830551147461,7793.876753404173,-3883.980610688046,3.4389627658947575,0.06367565648353135,0.04207892998554493
85,0.2520829593673371,4,UBE2H,0.7071067811865476,2.9664616219349056,-3156.2757426265453,-3.0663332148432763,2.145473781878099,SE,3635,0.0017353339105473258,0.05130757931976486,0.006533384323120117,6345.344942812961,-3160.267926005482,3.9921833789367156,0.04571179370859879,0.03128338790748461
93,0.2592753500338237,4,AP1S2,0.7071067811865476,2.8564351099688676,-3135.124471616678,-3.104589595343499,2.2508961958508595,SE,3635,0.001379332289306636,0.039552405662277274,0.006665229797363281,6303.042400793226,-3139.798351740097,4.673880123419167,0.03062466339182679,0.021875805206911472
97,0.21172157847455592,4,RBM3,0.7071067811865476,3.72257374091447,-3156.508321876702,-3.1416949539307315,1.9267614861833897,SE,3635,0.004525812916224257,0.16416667744743715,0.003139972686767578,6345.810101313275,-3163.1399164764543,6.631594599752134,0.010018553820459353,0.007859771881409936
103,0.22720765986274177,4,TCEAL1,0.7071067811865476,3.400702451383352,-3196.9321882687386,-3.3138022048224807,2.2756852064902517,SE,3635,0.0018552875665727654,0.06177736144782392,0.008802175521850586,6426.657834097347,-3200.2627775636356,3.3305892948969813,0.06800250554405618,0.04474047930882559
108,0.24691584004605593,4,VXN,0.7071067811865476,3.0494629124331234,-3738.2651070843426,-5.233365669196766,6.0107989381286195,SE,3635,0.0025762060665728073,0.07793964954921288,0.00354766845703125,7509.323671728555,-3746.2831964750258,8.018089390683144,0.004631240264260539,0.003851126863190021
110,0.2596273472012434,4,GDAP1,0.7071067811865476,2.8512068605489302,-3116.1831423626795,-3.5431507270187605,2.908458105475096,SE,3635,0.001679137723075337,0.04807916790737212,0.006162166595458984,6265.159742285229,-3120.532399007856,4.3492566451764105,0.03702510354621158,0.025891680801546565
141,0.18627438105719366,4,PHYHIPL,0.7071067811865476,4.367708588330719,-3804.8022541324744,-5.791454154348007,5.713844090660445,SE,3635,0.007548952985472608,0.3226863790379568,0.003367900848388672,7642.397965824819,-3811.908381013985,7.1061268815105905,0.00768209151730026,0.006134068219910648
142,0.266800574365207,4,ZNF365,0.7071067811865476,2.7476673320902583,-3458.5237458516435,-4.517781505407676,4.805534564266189,SE,3635,0.001450687600871108,0.04035298395545821,0.006415605545043945,6949.840949263157,-3463.4949469874346,4.971201135791034,0.025772743657853647,0.018703373842121902
149,0.26402232551054966,4,PHB2,0.7071067811865476,2.787101485914505,-3470.172037523034,-3.719752938491739,3.2624695144027984,SE,3635,0.0014694517036383488,0.041328476714657746,0.006138801574707031,6973.137532605938,-3474.98211193138,4.810074408346281,0.028293823549256247,0.020324641485657068
152,0.22159954599464363,4,CBX5,0.7071067811865476,3.51206874919086,-3234.7968551819527,-2.904947293559462,1.7295247999241081,SE,3635,0.001853131764677101,0.06357691294831481,0.012138605117797852,6502.387167923775,-3238.0344875217747,3.2376323398220848,0.0719645671278849,0.04697964772143694
153,0.09659285604084535,4,COPZ1,0.7071067811865476,9.351199180425846,-3401.819485059846,-3.889350211915893,1.418682216503281,SE,3635,0.04727899188639772,5.3881723167912146,0.0033462047576904297,6836.432427679562,-3405.0885774813496,3.269092421503501,0.0705966697226692,0.04617628107550733
157,0.22444232161982608,4,CDK17,0.7071067811865476,3.4549211804425206,-3271.8373528248017,-3.974186147751905,3.207464887809101,SE,3635,0.0018959398928208204,0.06405812831058917,0.008916378021240234,6576.4681632094735,-3275.1186089811326,3.2812561563309828,0.07007527574992123,0.04592454860287979
175,0.26719470738048673,4,RCN2,0.7071067811865476,2.7421394725574006,-3675.8389578714027,-5.271186107076401,6.525686353152743,SE,3635,0.0014341429611244368,0.03983106852437015,0.006387233734130859,7384.471373302676,-3680.7895044326506,4.950546561247847,0.026082421478519358,0.01890771149500816
179,0.2356103211768867,4,HMOX2,0.7071067811865476,3.243764357597693,-3555.317560424878,-4.506126481989306,4.294437544414245,SE,3635,0.0018267083513899042,0.058292092509440695,0.010564565658569336,7143.428578409626,-3558.8496109222206,3.532050497342425,0.06019330356303654,0.040013514765223725
184,0.28846012912119307,4,HERPUD1,0.7071067811865476,2.4662792071835744,-3176.142854702028,-3.0466820783469992,2.3831496428941796,SE,3635,0.0014312097568315123,0.036788825130180794,0.006333589553833008,6385.079166963927,-3181.667532310461,5.524677608432739,0.018750057829412636,0.014054234280846142
185,0.2303157435165008,4,BCAR1,0.7071067811865476,3.341317705923439,-3067.948247895141,-2.890269729859705,1.7654853879411274,SE,3635,0.002023078358385057,0.06629256146707237,0.01076960563659668,6168.689953350152,-3071.1932474809746,3.244999585833739,0.07164170864408459,0.04679158375694847
194,0.21822948809584408,4,AP2B1,0.7071067811865476,3.581744852827344,-3707.5805317196714,-5.073575850143611,5.071173892716731,SE,3635,0.0013698381561361326,0.047876189031318454,0.012215614318847656,7447.954520999213,-3711.222086224645,3.6415545049735556,0.05635429372404532,0.03755430443135084
200,0.23468327414685416,4,MYL12B,0.7071067811865476,3.260527448937925,-3875.593676234244,-6.098210776662887,7.775649409864339,SE,3635,0.0018612172407487194,0.05966525371414911,0.010289669036865234,7783.980810028358,-3879.069973367693,3.476297133448952,0.06225389632341227,0.041240663604426915
206,0.2660200557655444,4,NAA20,0.7071067811865476,2.7586627289925256,-3427.8543542029415,-3.4622738782365072,2.8566759387639307,SE,3635,0.001598402566191877,0.04459896235378621,0.0063397884368896484,6888.502165965753,-3432.5278206776975,4.673466474755969,0.030632039669461708,0.021875805206911472
219,0.2262278320510045,4,C19orf70,0.7071067811865476,3.4197618658575544,-3879.50862138824,-5.56670010476191,6.291967104299757,SE,3635,0.0015840626088681386,0.05301750911890667,0.01159048080444336,7791.81070033635,-3883.1997114981255,3.6910901098854083,0.05470385244925058,0.03668524354369196
229,0.3375907783949009,4,BRSK1,0.7071067811865476,1.9618445357961705,-3509.977890043803,-4.043266483902212,4.734208959064903,SE,3635,0.001513867106338301,0.033860661416841915,0.0048847198486328125,7052.749237647477,-3517.6832032251586,7.70531318135545,0.005505851968886755,0.004511494249779868
240,0.23680471268692843,4,NPY,1.3545045688317365,3.2188328343283623,-3914.5152650303435,-2.8259697184820975,1.0379339789985929,SE,3635,6.5399697761181015e-06,0.00020748154249316375,0.007767677307128906,7861.823987620557,-3993.875612509221,79.36034747887743,0.0,0.0
241,0.46134109728332323,4,IGKC,2.594633053733968,1.1615135693576313,-4596.925765574357,-3.0617910175689893,0.941335652971498,SE,3635,2.505600278708396e-06,4.737683758258756e-05,0.0044667720794677734,9226.644988708584,-5427.511780634172,830.5860150598155,0.0,0.0
245,0.3906913146684471,4,HBB,2.594633053733968,1.5514443497767099,-4102.116545367255,-1.278979432937921,0.3623262114547639,SE,3635,3.0111067292354434e-06,6.094091692997197e-05,0.005717039108276367,8237.02654829438,-4750.754507229906,648.6379618626515,0.0,0.0
247,0.4160814863005791,4,SAA1,2.594633053733968,1.3960675837906875,-3606.297857842308,-5.900205243176907,1.9368187744519765,SE,3635,2.5139798268641895e-06,4.9260119784140525e-05,0.0026443004608154297,7245.389173244486,-4360.706290272843,754.408432430535,0.0,0.0
248,0.7344790735921126,4,SCGB2A2,2.594633053733968,0.3596266918612751,-4224.994262930047,-7.003138653562425,3.591614778623722,SE,3635,8.041107173170513e-07,2.2480874709753154e-05,0.0027861595153808594,8482.781983419964,-6650.598020629783,2425.603757699736,0.0,0.0
249,0.3647127450350615,4,IGHG3,2.594633053733968,1.7328133790189102,-2777.0386238969627,-1.3136597047828693,0.2067480007437632,SE,3635,2.9856251734520124e-06,6.308729421895099e-05,0.003893613815307617,5586.8707053537955,-3352.4835956341562,575.4449717371936,0.0,0.0
250,0.17929965229589065,4,HBA1,2.594633053733968,4.5534205165206005,-3147.941568467161,-1.8123895078219845,0.2012993799240179,SE,3635,4.780279100083251e-06,0.00021502520679307982,0.003177165985107422,6328.676594494192,-3304.7523233483034,156.81075488114266,0.0,0.0
255,0.37618050365271344,4,IGLC2,2.594633053733968,1.6496630620229804,-3754.76736545701,-2.002983334731016,0.4149004403758746,SE,3635,3.070289983499434e-06,6.357033310932672e-05,0.0032362937927246094,7542.32818847389,-4326.203509614358,571.4361441573483,0.0,0.0
256,0.22232931599410652,4,S100A11,4.97017200121763,3.4315710538563438,-3988.571482730853,-1.9903783580903964,0.19896773327095235,SE,3635,9.730455058388186e-06,0.00033251224157411063,0.0029244422912597656,8009.936423021576,-4463.4945345258,474.92305179494724,0.0,0.0
257,0.3389719059297994,4,MUC1,4.97017200121763,1.9131552436735504,-3924.0872690799833,-4.0560024232060625,0.4888691209643916,SE,3635,9.639841346797067e-06,0.00021492316439232452,0.003333568572998047,7880.967995719837,-4785.953212464438,861.865943384455,0.0,0.0
258,0.06026042457445116,4,CRABP2,4.97017200121763,15.299221403504736,-3191.145565609579,-0.8406232601577658,0.02999122325174566,SE,3635,7.358768585916895e-06,0.0018721822026217538,0.01226949691772461,6415.084588779028,-3253.777864219046,62.63229860946694,2.4424906541753444e-15,5.715235048505155e-15
260,0.19952698559617602,4,IGFBP5,4.97017200121763,3.9358546729477255,-3916.576982268863,-2.957654994335281,0.24646660728583178,SE,3635,1.0633829975409756e-05,0.00041564061135396306,0.005062103271484375,7865.947422097596,-4258.594876032445,342.0178937635824,0.0,0.0
261,0.14091403368500235,4,MLPH,4.97017200121763,5.981035468758249,-3123.8682843678457,-2.658316800849358,0.15075316307432762,SE,3635,1.03272976111316e-05,0.0006532511596360236,0.0048863887786865234,6280.530026295562,-3327.589303377,203.72101900915413,0.0,0.0
262,0.19472084055246452,4,MTRNR2L12,4.97017200121763,4.057215016225488,-1969.925065196605,-6.465055376460179,0.6504295662689541,SE,3635,1.4242932195738667e-05,0.0005744639779113366,0.004956245422363281,3972.6435879530804,-2262.465514201739,292.5404490051342,0.0,0.0
263,0.06782581639117279,4,SST,4.97017200121763,13.483295146429686,-4070.255655544161,-4.839578244349817,0.33287408167088023,SE,3635,7.809395174878649e-06,0.0016154684282472904,0.014559268951416016,8173.304768648192,-4139.92727546999,69.67161992582851,1.1102230246251565e-16,2.823732731474879e-16
267,0.15420941466077714,4,CARTPT,4.97017200121763,5.380788948585036,-2940.698962383618,-3.3704167525323343,0.2130772962197054,SE,3635,1.0626123964547757e-05,0.0005894971290704838,0.0049591064453125,5914.191382327106,-3203.668745447026,262.96978306340816,0.0,0.0
268,0.05578661723256338,4,NREP,4.97017200121763,16.604818161813444,-3728.099073613235,-5.79708198973283,0.4304636653996596,SE,3635,6.691440845009027e-06,0.0019517302868815047,0.015105009078979492,7488.99160478634,-3785.818265305348,57.71919169211333,3.019806626980426e-14,6.737997599775412e-14
269,0.1518814270698954,4,CXCL14,4.97017200121763,5.478301181928589,-4046.1995867231108,-3.6950663526506746,0.28666789861499986,SE,3635,1.234769758472482e-05,0.0007001350934795573,0.004971027374267578,8125.192631006092,-4243.0596593636865,196.8600726405757,0.0,0.0
270,0.17669146437763222,4,CD74,4.97017200121763,4.571313939813623,-4157.748674452834,-1.0660395225554578,0.13342879462145757,SE,3635,1.1540987768402516e-05,0.0005295213580000002,0.004881620407104492,8348.290806465538,-4455.269017672212,297.52034321937754,0.0,0.0
271,0.11921670369487852,4,HLA-A,4.97017200121763,7.248129770407131,-4040.5451838577433,-1.8467407441689998,0.11738739700636792,SE,3635,7.824263470472585e-06,0.0006377009894679354,0.003182649612426758,8113.883825275357,-4235.707363846715,195.16217998897218,0.0,0.0
272,0.09347368456665703,4,HLA-C,4.97017200121763,9.514479913961507,-4021.0960610474326,-2.058829570049828,0.10984366986020734,SE,3635,8.142865422068038e-06,0.000979237949984385,0.0026733875274658203,8074.985579654735,-4142.294580763725,121.1985197162926,0.0,0.0
273,0.1701587396772711,4,HLA-B,4.97017200121763,4.784480229709205,-4069.0764057353986,-1.9408904921885008,0.16093047386497006,SE,3635,9.363580152002795e-06,0.000452331739566726,0.003203868865966797,8170.946269030667,-4383.0684299083005,313.9920241729019,0.0,0.0
275,0.07036623581303496,4,HLA-DRA,4.97017200121763,12.961091289552938,-3207.5204866881527,-0.7046261002828694,0.031591853581257885,SE,3635,7.722232188829134e-06,0.0014989472051118971,0.008954763412475586,6447.8344309361755,-3283.7105854218707,76.19009873371806,0.0,0.0
277,0.23379666714688505,4,AGR2,4.97017200121763,3.2151387591641822,-3303.941081133637,-2.5870901020300137,0.20204978505663898,SE,3635,1.2587121696637978e-05,0.000405285197450781,0.003262042999267578,6640.675619827144,-3689.2485775946143,385.3074964609773,0.0,0.0
279,0.22156065076285014,4,AZGP1,4.97017200121763,3.446879879379453,-3734.7813837885456,-3.0140267267602736,0.2560054088503383,SE,3635,1.3011118210217247e-05,0.000446477540582517,0.0028929710388183594,7502.356225136961,-4129.79415207935,395.0127682908046,0.0,0.0
282,0.3437383556519013,4,FABP4,4.97017200121763,1.8730226418710263,-3438.560738159152,-4.450575631245979,0.4890908695758645,SE,3635,1.3590049000568367e-05,0.000299735600080915,0.002825021743774414,6909.914933878174,-4081.985661466361,643.4249233072087,0.0,0.0
283,0.48523962558120154,4,COX6C,4.97017200121763,1.040741444010753,-2357.7773983955644,-2.9550295013836765,0.3150123105131312,SE,3635,1.5055762395892998e-05,0.0002823931621646789,0.002199888229370117,4748.348254350999,-3345.8640291922356,988.0866307966712,0.0,0.0
284,0.11540096589533706,4,CTSD,4.97017200121763,7.520228159705376,-3358.738853368608,-6.8566697686661575,0.6919928308771346,SE,3635,1.1502741944157665e-05,0.0009862767982671166,0.002705097198486328,6750.271164297086,-3493.7938194294575,135.05496606084944,0.0,0.0
287,0.6074440316407954,4,SCGB1D2,4.97017200121763,0.6340000840265877,-3927.564847220974,-5.862867123176513,1.2201399554136465,SE,3635,8.705445560395923e-06,0.00017571275856879696,0.0028679370880126953,7887.923152001818,-5744.868667616694,1817.3038203957203,0.0,0.0
288,0.1387626881309529,4,CCND1,4.97017200121763,6.088974178442845,-3152.640229059392,-1.7790355770120159,0.09559926918459487,SE,3635,1.185638459748873e-05,0.0007672614405548352,0.0031735897064208984,6338.073915678654,-3349.5018309869756,196.8616019275837,0.0,0.0
289,0.10829860562793264,4,GATA3,4.97017200121763,8.077753214865808,-3025.899534431901,-1.3376566249112345,0.06059164958366697,SE,3635,9.944118591822685e-06,0.0009425313261542082,0.003142833709716797,6084.592526423672,-3163.760753923272,137.86121949137123,0.0,0.0
293,0.06485997880449337,4,VAMP1,4.97017200121763,14.144703281926528,-3188.508379732218,-3.890089742015518,0.21104310590523756,SE,3635,7.729147727445179e-06,0.001728288233857028,0.008529424667358398,6409.810217024306,-3255.163489072168,66.65510933994983,3.3306690738754696e-16,8.252787927901717e-16
294,0.49204961423351046,4,MGP,4.97017200121763,1.0127596707137443,-4264.516659422157,-5.691716425078112,1.0309118774955162,SE,3635,1.339000465426698e-05,0.000250904973933269,0.0020029544830322266,8561.826776404185,-5161.943941367239,897.4272819450816,0.0,0.0
295,0.3809959307871414,4,KRT8,4.97017200121763,1.5939223737623693,-3906.6967729752587,-1.072338775981429,0.295793892090562,SE,3635,1.4224233700010037e-05,0.0002921900210584887,0.0027027130126953125,7846.1870035103875,-4744.6755558926725,837.9787829174138,0.0,0.0
296,0.2690934357141768,4,KRT18,4.97017200121763,2.664727222814815,-3865.7031613789386,-1.117210293272148,0.18571334749128907,SE,3635,1.1491382481051565e-05,0.0003168031303357742,0.002668142318725586,7764.199780317747,-4428.232072911882,562.5289115329433,0.0,0.0
300,0.2651559192061959,4,IFI27,4.97017200121763,2.7188664381974195,-3996.1271305760692,-0.2779489606541942,0.1770776508072743,SE,3635,1.3435167800406273e-05,0.0003761580696333038,0.0042858123779296875,8025.047718712009,-4425.750780118469,429.6236495424,0.0,0.0
301,0.4234100091731195,4,IGHA1,4.97017200121763,1.335980068285855,-3403.251307581339,-2.43237628241449,0.34138853304903605,SE,3635,1.3335502010300854e-05,0.00025931370779148444,0.0043888092041015625,6839.296072722548,-4054.9298080346002,651.6785004532612,0.0,0.0
302,0.207902320738595,4,B2M,4.97017200121763,3.7377771410367706,-3719.622272842719,-2.1932086523736376,0.18228014547914798,SE,3635,1.169971539028986e-05,0.0004341151799536649,0.005181550979614258,7472.038003245309,-4101.3679995062475,381.74572666352833,0.0,0.0
303,0.20632787711210118,4,HBA2,4.97017200121763,3.7737855446772977,-4058.1251552880335,-1.6983168982192103,0.17550262892897542,SE,3635,1.5554343389733766e-05,0.0005826678531456382,0.005285739898681641,8149.043768135937,-4313.610071729758,255.48491644172418,0.0,0.0
306,0.2053496477971908,4,NUPR1,4.97017200121763,3.7964363058679256,-3845.535139804276,-1.602830687398401,0.15548194619536465,SE,3635,1.049033771184353e-05,0.00039532633281096796,0.0050470829010009766,7723.863737168422,-4253.82263967303,408.2874998687539,0.0,0.0
307,0.359537011451254,4,KRT19,4.97017200121763,1.7476096472270284,-3881.8614962031725,-0.844180076543021,0.26233319275698663,SE,3635,1.1666612954589857e-05,0.00024896705198653677,0.004416227340698242,7796.516449966215,-4731.77192770805,849.9104315048771,0.0,0.0
308,0.21873659428443082,4,COL1A1,4.97017200121763,3.504047919024926,-3693.562667059313,-2.79507096451473,0.23245099259504992,SE,3635,1.1316532842822282e-05,0.0003944014543358912,0.005682706832885742,7419.918791678496,-4102.966451554303,409.40378449498985,0.0,0.0
311,0.14335671951947485,4,CST3,4.97017200121763,5.862406893970014,-1392.4204056198287,-4.194484095648628,0.26863265427018834,SE,3635,1.486514980675064e-05,0.0009167795086212588,0.004990100860595703,2817.634268799528,-1548.938888118102,156.51848249827344,0.0,0.0
314,0.21271283379932168,4,XBP1,4.97017200121763,3.6310604458355,-3924.7870421206107,-2.9504739420977577,0.25672339530274185,SE,3635,1.0856481935121495e-05,0.00039153343509062055,0.005051374435424805,7882.367541801092,-4316.1324091188,391.3453669981891,0.0,0.0
315,0.1128317350069123,4,NEFH,4.97017200121763,7.713806349605875,-3611.1393755694394,-5.107206387482947,0.4091951911301453,SE,3635,8.731898521449444e-06,0.000775635731039562,0.005079030990600586,7255.072208698749,-3766.2240128767908,155.0846373073514,0.0,0.0
316,0.0824903397730773,4,PVALB,4.97017200121763,10.911929543360545,-3585.410654602129,-4.21479427633764,0.268039803695224,SE,3635,8.33467050234725e-06,0.0012338349706962778,0.006540060043334961,7203.614766764128,-3683.4602334744413,98.0495788723124,0.0,0.0
317,0.08432666595245418,4,LGALS1,4.97017200121763,10.652943832317378,-3893.8945257260734,-5.9201776123846415,0.5025945061575031,SE,3635,9.083759067725856e-06,0.0012959358357724565,0.008263349533081055,7820.582509012017,-3981.5814964747824,87.68697074870897,0.0,0.0
318,0.17461485696410067,4,PCP4,4.97017200121763,4.637345511966722,-3848.6415385943337,-6.700848274250658,0.7462705494407954,SE,3635,9.264924347564158e-06,0.00043198126580679136,0.004978179931640625,7730.076534748538,-4171.493322429553,322.85178383521907,0.0,0.0
319,0.2901730403466663,4,TFF3,4.97017200121763,2.399879467029955,-3916.1523664127126,-3.3330921804088436,0.35810499599121925,SE,3635,9.998015113257986e-06,0.00025552536078364877,0.00453639030456543,7865.098190385295,-4543.087050000195,626.9346835874821,0.0,0.0
320,0.3041644505718308,4,TFF1,4.97017200121763,2.2443581319257646,-3819.8648306941827,-5.075289308712336,0.5839087872130853,SE,3635,1.1428240813958262e-05,0.0002794173324409169,0.004473209381103516,7672.523118948236,-4451.153894278941,631.2890635847584,0.0,0.0
321,0.6909463870860897,4,log_total_count,4.97017200121763,0.4388170310568339,-882.4843067590052,8.440914877912594,1.333612145181815,SE,3635,7.167435754662338e-06,0.00017272727919096677,0.004458427429199219,1797.7620710778808,-2633.8312617214383,1751.346954962433,0.0,0.0
322,0.10662046362568345,4,ISG15,9.520656374178936,7.840979920698476,-3694.3767033485415,-1.0970486402613702,0.06104201574239227,SE,3635,4.037410024271215e-05,0.003923179378370174,0.004254341125488281,7421.546864256953,-3850.3486511906694,155.97194784212797,0.0,0.0
323,0.022839417575507344,4,TPRG1L,9.520656374178936,40.036474052101646,-3745.9055584719954,-5.830112970802508,0.1452652621438534,SE,3635,1.0084547312023028e-05,0.015379212410736339,0.014336109161376953,7524.604574503861,-3767.744437285353,21.838878813357496,2.9653028776888135e-06,3.64021919291593e-06
324,0.0399357615801591,4,KCNAB2,9.520656374178936,22.496410596876142,-3810.7800458136303,-6.117637119830797,0.1826443894331833,SE,3635,1.1700652517330824e-05,0.0062531676255832575,0.006067037582397461,7654.353549187131,-3875.863092582653,65.08304676902253,6.661338147750939e-16,1.6148698540002278e-15
325,0.02390559464861281,4,CHD5,9.520656374178936,38.20913274620211,-3654.1313919220647,-4.749277617941329,0.10095215897976402,SE,3635,8.498973084743941e-06,0.01188225766818295,0.025460004806518555,7341.056241404,-3683.536846290328,29.405454368263236,5.871216490760389e-08,8.297746759287031e-08
326,0.14039230779983813,4,CAMK2N1,9.520656374178936,5.729700060319612,-2549.1514413943346,-6.627573789622982,0.25640742944340883,SE,3635,3.7717702260370425e-05,0.0023989464765718357,0.00453639030456543,5131.096340348539,-2859.137057084302,309.9856156899673,0.0,0.0
328,0.08019148280727438,4,RPL11,9.520656374178936,10.733567473714078,-3181.958695158772,-5.323724418862321,0.16355210385903868,SE,3635,1.7243119651536526e-05,0.002677200879797708,0.0048291683197021484,6396.710847877414,-3366.922376909961,184.9636817511887,0.0,0.0
329,0.037184351256962934,4,ATP5IF1,9.520656374178936,24.23024689456762,-3615.0034214168795,-7.917390147743413,0.28566626234411385,SE,3635,1.700849045238493e-05,0.010369808601598694,0.012441158294677734,7262.800300393629,-3661.2682406016193,46.264819184739736,1.0330181154927232e-11,1.957575942290948e-11
330,0.02802519371870461,4,ADGRB2,9.520656374178936,32.45497604112391,-3840.6767077466857,-6.222380151107886,0.17313130376629177,SE,3635,1.0315668222319902e-05,0.010670667420386585,0.012299299240112305,7714.1468730532415,-3878.615855085045,37.93914733835936,7.298593951432508e-10,1.2004800009024354e-09
331,0.08362651312016348,4,HPCA,9.520656374178936,10.254238977129807,-3795.754444849154,-7.021685317931208,0.277099463575559,SE,3635,2.9962897198585152e-05,0.004334833873690531,0.004400491714477539,7624.302347258178,-3932.7271221896704,136.97267734051638,0.0,0.0
332,0.02157940347498891,4,NDUFS5,9.520656374178936,42.42883031047163,-3486.948349865177,-7.612629643128577,0.23505089824705347,SE,3635,1.1631440429987625e-05,0.01976848190383868,0.02393054962158203,7006.690157290224,-3508.137430535131,21.18908066995391,4.1612857406558845e-06,5.0303870752027364e-06
333,0.16031410699256837,4,ELOVL1,9.520656374178936,4.901398626968948,-2846.4445329469877,-1.0432359097000807,0.06043422766631039,SE,3635,3.221326424744296e-05,0.001691075381997192,0.0050563812255859375,5725.6825234538455,-3326.959185984153,480.5146530371653,0.0,0.0
334,0.10743643217134895,4,RPS8,9.520656374178936,7.774321321714625,-2816.899028854024,-5.029150496288759,0.15625766705063468,SE,3635,2.3374543775755168e-05,0.0022438728495890264,0.004206657409667969,5666.591515267918,-3065.8823197775914,248.98329092356744,0.0,0.0
335,0.03226742233819316,4,UQCRH,9.520656374178936,28.065061348759883,-3657.9853029483547,-7.7018143779085975,0.26382226734957936,SE,3635,1.5587487103168153e-05,0.012373242184908873,0.01214146614074707,7348.76406345658,-3696.4408546286545,38.45555168029978,5.601501484875371e-10,9.281484771177284e-10
336,0.03315553998158818,4,SSBP3,9.520656374178936,27.28823306943508,-3653.919157171091,-4.982708260747713,0.12020025308541536,SE,3635,1.4668697839457355e-05,0.011068017642941104,0.022541046142578125,7340.631771902052,-3686.862986994277,32.943829823186206,9.486033181183018e-09,1.4181140513283707e-08
337,0.04102519355502965,4,AK5,9.520656374178936,21.87416416333942,-3886.396902294929,-7.158354854493846,0.2447200552542009,SE,3635,1.622489683871877e-05,0.008252530514194285,0.013449907302856445,7805.587262149728,-3929.580301408223,43.183399113293945,4.9841797356009465e-11,8.953254046230613e-11
338,0.14042592810097457,4,LMO4,9.520656374178936,5.728104233016803,-3665.6948785908603,-8.507162291281658,0.4305368471791485,SE,3635,6.004629526970189e-05,0.0038177519544125463,0.0048983097076416016,7364.183214741591,-3915.796919918206,250.1020413273459,0.0,0.0
339,0.035559823645320565,4,PLPPR4,9.520656374178936,25.379940717445464,-3305.110752270207,-4.406620387527838,0.09654481722604404,SE,3635,1.5788314894672192e-05,0.010457037000673353,0.024469375610351562,6643.014962100284,-3341.4464894664006,36.335737196193804,1.6609023045788263e-09,2.654000659443601e-09
340,0.017203837047658717,4,AHCYL1,9.520656374178936,53.45804102180171,-3779.0002570258475,-3.8395745656888023,0.0633334000198427,SE,3635,7.911332282154663e-06,0.02078041799596614,0.014023303985595703,7590.793971611565,-3797.4663620931865,18.466105067338958,1.7295303629483172e-05,1.939170406942053e-05
341,0.06321804418885363,4,SV2A,9.520656374178936,13.866676028830796,-3822.4417637088786,-7.672517969382631,0.30327315789704345,SE,3635,2.300391734636129e-05,0.005379798608133558,0.0044825077056884766,7677.676984977627,-3930.487217947022,108.04545423814352,0.0,0.0
342,0.0503593186853232,4,MLLT11,9.520656374178936,17.64632904356863,-3765.5392333725936,-7.459497068671078,0.2738914624347037,SE,3635,1.4104013498252167e-05,0.004941115498233782,0.004340648651123047,7563.871924305057,-3854.8683292506103,89.32909587801669,0.0,0.0
343,0.09038344357158881,4,S100A10,9.520656374178936,9.417689784933193,-3128.281764909802,-1.6473540146616237,0.04665327448220934,SE,3635,3.3157000172971685e-05,0.004214535207658142,0.005542755126953125,6289.356987379474,-3272.7307176629656,144.44895275316367,0.0,0.0
344,0.03248747250333293,4,S100A6,9.520656374178936,27.868627462678283,-4002.5130185203957,-3.9866081813012086,0.08534157062752347,SE,3635,1.7421335334791684e-05,0.01365434403599184,0.013679981231689453,8037.8194946006615,-4034.444993454945,31.93197493454909,1.5966711841564063e-08,2.3350527199125313e-08
345,0.06334081565800438,4,S100A13,9.520656374178936,13.837984898810063,-3929.0867334453974,-3.1495052322554056,0.08131463358812176,SE,3635,1.592752391307739e-05,0.003712241173406857,0.0043599605560302734,7890.966924450665,-4054.65118031645,125.5644468710525,0.0,0.0
346,0.1565325502313339,4,RPS27,9.520656374178936,5.042414866935037,-2768.6589084579014,-4.706768393097078,0.16129006263582163,SE,3635,4.354451640112719e-05,0.002364634250127964,0.005194187164306641,5570.111274475673,-3124.0547092153793,355.3958007574779,0.0,0.0
347,0.03854604323843812,4,MEF2D,9.520656374178936,23.34122230163357,-3608.9625903589463,-4.523028477633776,0.10597245664140274,SE,3635,1.616290945613767e-05,0.009220549263773668,0.013541936874389648,7250.718638277763,-3647.886770321875,38.92417996292852,4.4058934278723427e-10,7.345637347359545e-10
348,0.05723631828634441,4,TAGLN2,9.520656374178936,15.413670177114588,-3239.798648441399,-1.9956667936571995,0.040112998489445925,SE,3635,2.0558837393996584e-05,0.005729235867352544,0.004453897476196289,6512.390754442668,-3337.9030213128276,98.1043728714285,0.0,0.0
349,0.06445224366086821,4,TSTD1,9.520656374178936,13.583222956706168,-3576.775438342735,-3.2827562024876435,0.07955538013826002,SE,3635,2.5993033347214452e-05,0.005876600069262934,0.004544258117675781,7186.34433424534,-3662.7879925157226,86.01255417298762,0.0,0.0
350,0.12853846344749018,4,RGS4,9.520656374178936,6.344392273046725,-3558.6523993412493,-8.942215066401646,0.45426465124531124,SE,3635,3.1496845408044966e-05,0.0022866961363581097,0.004370927810668945,7150.098256242369,-3855.2797225398735,296.62732319862425,0.0,0.0
351,0.030988305308679368,4,PBX1,9.520656374178936,29.26214111278112,-3868.344589438605,-3.197018581652303,0.05908306193279743,SE,3635,1.930750233632619e-05,0.016531987047587866,0.013832807540893555,7769.48263643708,-3895.0326109307716,26.688021492166627,2.390991812317722e-07,3.226650754290352e-07
352,0.021570017480828294,4,MGST3,9.520656374178936,42.44770002176192,-3601.7404397496666,-7.088673018395539,0.20562602355855886,SE,3635,1.1252142127859983e-05,0.019139751233327253,0.01405477523803711,7236.274337059203,-3621.0671163970037,19.32667664733708,1.1015654104329364e-05,1.2602943780463407e-05
353,0.021929917461348373,4,DCAF6,9.520656374178936,41.73571765642453,-3527.834411557871,-4.810896885129662,0.10011122241391233,SE,3635,1.216908159155268e-05,0.020055009484683157,0.02336430549621582,7088.462280675612,-3547.8119685955094,19.977557037638235,7.835647024223569e-06,9.151481688644952e-06
354,0.09442866902133255,4,ATP1B1,9.520656374178936,8.974157858489482,-2676.7652605001495,-9.13909333904678,0.42556036356570465,SE,3635,3.159825514874071e-05,0.0037370620819269606,0.0044252872467041016,5386.323978560169,-2856.4593246678432,179.6940641676938,0.0,0.0
355,0.03105054757975877,4,KIFAP3,9.520656374178936,29.201607966265396,-3860.229613179218,-6.23868269569045,0.17852861332621645,SE,3635,1.4305787577641883e-05,0.012203291580791756,0.013742923736572266,7753.2526839183065,-3893.269117093543,33.039503914324996,9.030524328323963e-09,1.3545328880023786e-08
356,0.021639956692084322,4,ASTN1,9.520656374178936,42.30748686927753,-3410.7493937413083,-4.114157395866887,0.07490567665341494,SE,3635,8.670190489984102e-06,0.014656887112296698,0.014127254486083984,6854.292245042487,-3433.559827944362,22.810434203053774,1.7879236960949285e-06,2.2398231506860463e-06
357,0.030356003762304542,4,GLUL,9.520656374178936,29.891149922106436,-3213.0303260484197,-5.562534377138228,0.13962501606799577,SE,3635,1.0495777022414583e-05,0.009341379222698488,0.014265060424804688,6458.85410965671,-3254.3559891396008,41.32566309118101,1.2886591793659363e-10,2.2605376146279318e-10
358,0.0343739158356597,4,NMNAT2,9.520656374178936,26.287839072727724,-3350.9082586991826,-4.472678324901502,0.09846824232962324,SE,3635,1.5105448762027739e-05,0.01065605615296746,0.012859106063842773,6734.609974958235,-3393.95503675889,43.04677805970732,5.3446580494664886e-11,9.562492641695364e-11
359,0.023162047736209408,4,CAMSAP2,9.520656374178936,39.4657608812072,-3530.2774186262595,-5.015320234611753,0.1095949165923497,SE,3635,1.3249146639662555e-05,0.019672159064187893,0.021898746490478516,7093.348294812389,-3551.821229366731,21.5438107404716,3.45836994297688e-06,4.210712594537754e-06
360,0.15102533139301447,4,CSRP1,9.520656374178936,5.260413004874661,-3926.747339529362,-2.9791766994797557,0.1369572059066788,SE,3635,3.630252725323831e-05,0.002075257997174648,0.005248308181762695,7886.288136618594,-4294.013418228975,367.266078699613,0.0,0.0
361,0.024220127301634278,4,NFASC,9.520656374178936,37.70078058587873,-3286.8994131343643,-2.8708030387482197,0.042191514162420146,SE,3635,9.150091829004418e-06,0.012478419802321445,0.02304697036743164,6606.592283828599,-3315.1085110493805,28.209097915016173,1.0889152657345136e-07,1.5072901171783394e-07
362,0.045114438857379924,4,C1orf115,9.520656374178936,19.806633911305287,-3685.835292761331,-5.132537348921082,0.13784664159553878,SE,3635,1.1767505797344062e-05,0.005030904343313197,0.004336833953857422,7404.464043082532,-3768.3972501734734,82.56195741214242,0.0,0.0
363,0.11837450343564122,4,H3F3A,9.520656374178936,6.969488073911623,-3748.0006642377484,-4.549688652914045,0.16446846468036602,SE,3635,3.13655853475325e-05,0.002584704073370032,0.004678249359130859,7528.794786035367,-3981.071160698337,233.0704964605884,0.0,0.0
364,0.021203900027109222,4,ARF1,9.520656374178936,43.1967815645529,-3571.4708203757127,-6.8728115692661635,0.1929136151466497,SE,3635,9.454854130881341e-06,0.016617939500600403,0.014173507690429688,7175.735098311296,-3591.082379024687,19.611558648974096,9.4893380939709e-06,1.1006442303351831e-05
365,0.030889399108025666,4,RNF187,9.520656374178936,29.358833245876273,-3818.079066278423,-6.302211157021222,0.18124071342890263,SE,3635,1.0774909631149159e-05,0.009281451530826056,0.013528823852539062,7668.951590116716,-3857.3388775346984,39.2598112562755,3.7099945338070484e-10,6.255174196895002e-10
366,0.028908537752913695,4,IRF2BP2,9.520656374178936,31.434670981567077,-3373.1115969579823,-2.743718748138394,0.042705793884251726,SE,3635,1.399209023175594e-05,0.01365131730410588,0.014263153076171875,6779.016651475835,-3405.7114984428526,32.599901484870315,1.1322048854012223e-08,1.681379922129048e-08
367,0.020745989233195393,4,RGS7,9.520656374178936,44.1708868342529,-2980.1728753292064,-3.7389624743034298,0.06077239178247549,SE,3635,9.509689315511282e-06,0.01742772739467569,0.014159202575683594,5993.139208218283,-3000.9165861905203,20.743710861313957,5.250372744569631e-06,6.245922081796524e-06
368,0.034827369494057715,4,ZBTB18,9.520656374178936,25.93338649806074,-3699.218662973833,-5.8099000322582475,0.16007116573699653,SE,3635,1.2325935111842712e-05,0.008485777754524802,0.014924287796020508,7431.230783507536,-3745.9242310216678,46.70556804783473,8.249401162174763e-12,1.5765900981429042e-11
369,0.03582504113309804,4,MYT1L,9.520656374178936,25.18512196012865,-3602.7400205869417,-5.234700389914815,0.13323518416217,SE,3635,1.7383718852196982e-05,0.011355969736148077,0.015019655227661133,7238.2734987337535,-3639.8612346507407,37.121214063799016,1.1100943497766025e-09,1.8060235656473255e-09
370,0.19527733958716859,4,HPCAL1,9.520656374178936,3.8562864750612285,-3950.025631419712,-5.059044943287418,0.25699378252176297,SE,3635,4.5719084288464596e-05,0.0018371988195443007,0.004408121109008789,7932.844720399295,-4339.634422407719,389.60879098800706,0.0,0.0
371,0.01830989223179389,4,KCNF1,9.520656374178936,50.17224503224114,-3479.6086092779187,-4.461317185751478,0.08269286117193385,SE,3635,7.0652092338532905e-06,0.01645790437598773,0.014253616333007812,6992.010676115708,-3498.7169725220365,19.108363244117754,1.2350251087367425e-05,1.4022532880171687e-05
372,0.06217096432161281,4,FAM84A,9.520656374178936,14.115978198341034,-3249.767437840221,-4.114305183264819,0.10157118133889333,SE,3635,2.2830832425755293e-05,0.005498071858855775,0.004411935806274414,6532.3283332403125,-3346.2430597686325,96.47562192841133,0.0,0.0
373,0.019995308710598483,4,DDX1,9.520656374178936,45.864318957777364,-3646.186411014445,-4.802016973742034,0.09780099876632203,SE,3635,1.0440428217456997e-05,0.0205340337824962,0.02150893211364746,7325.1662795887605,-3665.773846676314,19.587435661868767,9.609909652930071e-06,1.1117537939761203e-05
374,0.22716374058657887,4,VSNL1,9.520656374178936,3.183635849608839,-2403.5594571942197,-9.146544051046686,0.49266391854152936,SE,3635,5.563605470245772e-05,0.0018529939955742245,0.004390239715576172,4839.91237194831,-2989.087227639513,585.5277704452933,0.0,0.0
375,0.019542278279228168,4,EFR3B,9.520656374178936,46.949242109403336,-3253.0378913989944,-3.593381913525754,0.05665205015823847,SE,3635,8.628242256849527e-06,0.017732936439134345,0.022310972213745117,6538.869240357859,-3274.0485970723157,21.010705673321354,4.5672416532083204e-06,5.4915246134928225e-06
376,0.02206794680665099,4,HADHB,9.520656374178936,41.468818371323664,-3111.82725603136,-2.169818752596197,0.02615011266050717,SE,3635,7.750506976050117e-06,0.012620877563173665,0.024283170700073242,6256.44796962259,-3139.7689706656,27.94171463424027,1.250251503437383e-07,1.7235210740381213e-07
377,0.016277717713864236,4,YPEL5,9.520656374178936,56.552772879528675,-3728.7849762240385,-5.361062950259142,0.11315684828566566,SE,3635,6.790861932026386e-06,0.019849310083010312,0.013522148132324219,7490.363410007947,-3746.325229740074,17.54025351603559,2.812889341796687e-05,3.0819338361408774e-05
378,0.032623531017610924,4,EHD3,9.520656374178936,27.748496836144472,-3643.6261050332487,-5.051092437584874,0.12246715847169334,SE,3635,1.1533703181973542e-05,0.008969459657693322,0.011439800262451172,7320.0456676263675,-3686.8970467444324,43.270941711183696,4.766087524643581e-11,8.607455200088469e-11
379,0.053004035879627695,4,PREPL,9.520656374178936,16.71914625406361,-3657.003978098503,-8.49308518473242,0.3492523673676068,SE,3635,1.68134109702462e-05,0.005373118589669529,0.004550933837890625,7346.801413756876,-3746.1495946893638,89.14561659086075,0.0,0.0
380,0.036225694649686724,4,PRKCE,9.520656374178936,24.896226679583812,-3636.0553381081522,-5.362323740540109,0.13969648830930836,SE,3635,1.654998078639597e-05,0.0105905373151873,0.014582395553588867,7304.904133776175,-3679.3457829304853,43.29044482233303,4.718825330485288e-11,8.533555094230483e-11
381,0.039851770993297,4,RTN4,9.520656374178936,22.545795695670762,-2615.4635305039883,-7.829319961487393,0.2757520249138871,SE,3635,2.3584273586228735e-05,0.012653049112546475,0.011955976486206055,5263.720518567847,-2654.4631065926183,38.999576088629965,4.238975837012049e-10,7.076115766724379e-10
382,0.10191239273206155,4,RPS27A,9.520656374178936,8.24644208748399,-2411.7284355335464,-5.314956801382162,0.16146008488908384,SE,3635,4.087031242664103e-05,0.004269856402596493,0.004416465759277344,4856.250328626963,-2576.7958346346036,165.06739910105716,0.0,0.0
383,0.03945235268663774,4,CCDC88A,9.520656374178936,22.78352479298093,-3508.832385785269,-3.0429353373997676,0.05737108724470388,SE,3635,1.6392946557671784e-05,0.008959519870691908,0.006104707717895508,7050.458229130408,-3562.79455247271,53.96216668744137,2.0439205883349132e-13,4.358165207802438e-13
384,0.019635059722980547,4,BCL11A,9.520656374178936,46.72297125625496,-3339.490015478532,-3.603624650849202,0.05738076654411261,SE,3635,1.0705627618304858e-05,0.021803237084375687,0.013876199722290039,6711.773488516934,-3357.341041250761,17.85102577222915,2.3889046029013095e-05,2.630247591350944e-05
385,0.04180791860980211,4,PPP3R1,9.520656374178936,21.4471178686135,-3762.381136711984,-6.94128292169386,0.23091943002052506,SE,3635,1.4499616539899845e-05,0.007123680201216732,0.006064891815185547,7557.555730983838,-3821.660083239484,59.27894652750001,1.3655743202889425e-14,3.082748618101945e-14
386,0.021496150470681326,4,AAK1,9.520656374178936,42.596778255384855,-3522.4418475877974,-4.9547314462101015,0.10499258261837179,SE,3635,1.0472730926199065e-05,0.017931221083254196,0.013690710067749023,7077.677152735465,-3541.9009475252933,19.45909993749592,1.0277700349559105e-05,1.1829066426119821e-05
387,0.029550805840910143,4,CTNNA2,9.520656374178936,30.73111963472385,-3561.6311052818683,-5.245183126402865,0.1269092448487929,SE,3635,1.187681113392617e-05,0.01111817549881038,0.012256860733032227,7156.055668123607,-3598.743069783035,37.11196450116677,1.1153725720802754e-09,1.812419199252095e-09
388,0.22123067255727322,4,TMSB10,9.520656374178936,3.2941123440461304,-1505.2552983824598,-6.584809399459308,0.25965609714193705,SE,3635,5.6228635878966274e-05,0.0019329601646909153,0.0048427581787109375,3043.3040543247903,-1976.1631303691365,470.9078319866767,0.0,0.0
389,0.21956582184060125,4,MAL,9.520656374178936,3.326185384209313,-3289.815095235334,-1.2272380321463368,0.1104317397326965,SE,3635,4.773694149706798e-05,0.0016560981867882077,0.0044405460357666016,6612.423648030538,-3948.408409143148,658.5933139078143,0.0,0.0
390,0.033508984578184825,4,COX5B,9.520656374178936,26.990533037210405,-2869.749072085242,-7.193275037085996,0.22837315824197196,SE,3635,1.4295776095842104e-05,0.010575331102524932,0.011996746063232422,5772.291601730354,-2914.262407589603,44.51333550436084,2.5263013903042975e-11,4.624522025541572e-11
391,0.03242731356296283,4,KIAA1211L,9.520656374178936,27.922065215902073,-3172.892030214618,-3.707304693025721,0.06943818377501257,SE,3635,1.048126804547655e-05,0.008243427241230887,0.011501789093017578,6378.577517989106,-3215.5981429153912,42.70611270077325,6.361322579806483e-11,1.133457445265613e-10
392,0.07413635355347889,4,CREG2,9.520656374178936,11.68666833267969,-3750.729615989461,-6.866433721413154,0.2579362693365157,SE,3635,2.2319301472578056e-05,0.00396055782733266,0.004381418228149414,7534.252689538792,-3873.7463862746954,123.01677028523454,0.0,0.0
393,0.03453875284247283,4,SLC4A10,9.520656374178936,26.157913701329736,-3494.958085487836,-4.779165937382608,0.11174966849027175,SE,3635,1.5748261302596554e-05,0.011011037103388662,0.015489578247070312,7022.709628535542,-3530.5951694796668,35.63708399183088,2.3771880020007075e-09,3.732086817610107e-09
394,0.04177795570225209,4,SCN2A,9.520656374178936,21.46317075493715,-3803.341406893152,-6.485856246377476,0.20475684835571717,SE,3635,1.4233969490157284e-05,0.007002363735155557,0.006218671798706055,7639.476271346174,-3859.6162986162494,56.274891723097426,6.306066779870889e-14,1.3773581514475972e-13
395,0.039724679220394146,4,SCN1A,9.520656374178936,22.620920667324246,-3374.23919706623,-4.961970726867402,0.12266334011257043,SE,3635,1.441586421479107e-05,0.007779772521591941,0.006122112274169922,6781.2718516923305,-3431.942707329534,57.703510263304,3.0531133177191805e-14,6.78979370431914e-14
396,0.02110924296007591,4,CERS6,9.520656374178936,43.39467871702898,-3171.4062519231356,-3.6376873578737285,0.05895138864427832,SE,3635,7.943021185749833e-06,0.014080776436591015,0.02340865135192871,6375.605961406141,-3195.05683954548,23.650587622344574,1.1551063326953326e-06,1.4689442966051663e-06
397,0.03535295117008405,4,GAD1,9.520656374178936,25.53393065645919,-3774.7316500230277,-4.923453337839467,0.12097106056990456,SE,3635,1.2298676473706292e-05,0.008234513864442364,0.011548757553100586,7582.2567576059255,-3823.330704177997,48.59905415496951,3.1401548028497928e-12,6.194920165579438e-12
398,0.029868973591861844,4,RAPGEF4,9.520656374178936,30.39380014186806,-3631.974942879907,-4.074780016958277,0.08267242602646119,SE,3635,1.297863616237187e-05,0.011907466576016164,0.013891935348510742,7296.743343319684,-3666.7266687144,34.7517258344933,3.745465271265402e-09,5.792360085133539e-09
399,0.23732479225402647,4,CHN1,9.520656374178936,3.0072631156550997,-2691.5848415946016,-9.116513966610892,0.5069047732798369,SE,3635,4.947436658660941e-05,0.0015656193908157778,0.004359722137451172,5415.963140749073,-3200.4872325653782,508.90239097077665,0.0,0.0
400,0.03569556266191477,4,NCKAP1,9.520656374178936,25.279870285132745,-3927.4655348591173,-6.45823112944602,0.19721097471222154,SE,3635,1.6967528909902155e-05,0.011158841501929365,0.012094974517822266,7887.724527278105,-3966.67340897393,39.20787411481251,3.8100056443113317e-10,6.399737094065113e-10
401,0.13397222736869766,4,COL3A1,9.520656374178936,6.049116515767657,-2912.3283223327803,-1.9432636880881744,0.06491640140370986,SE,3635,3.820899557183131e-05,0.0026057965720861684,0.005218029022216797,5857.450102225431,-3192.00140322127,279.6730808884895,0.0,0.0
402,0.03689088736513203,4,GLS,9.520656374178936,24.430440531762553,-3750.834441621079,-6.275567964435163,0.18692406571738704,SE,3635,1.390179793781899e-05,0.00860095468703055,0.005912303924560547,7534.462340802028,-3804.110810818139,53.27636919705992,2.8976820942716586e-13,6.110814333887226e-13
403,0.032085594159323105,4,SLC39A10,9.520656374178936,28.229408332398087,-3786.640406746523,-6.257714125301044,0.18026882722945325,SE,3635,1.3637112182543923e-05,0.010940061381021052,0.01398468017578125,7606.074271052916,-3826.890056341653,40.249649595129995,2.2349544437361146e-10,3.855166173344348e-10
404,0.03000653293850095,4,ABI2,9.520656374178936,30.250175521049577,-3758.443690220339,-5.407140903183141,0.13609822279660522,SE,3635,1.181850485388717e-05,0.01074987113597359,0.013660430908203125,7549.680838000548,-3790.234254986963,31.790564766624357,1.717249364929785e-08,2.4951198312351092e-08
405,0.07898188229549395,4,MAP2,9.520656374178936,10.912282531660301,-3528.9129330767405,-7.056710876927025,0.2697010306981847,SE,3635,1.970734102610086e-05,0.003139528101815507,0.004539012908935547,7090.619323713351,-3687.3506074405695,158.43767436382905,0.0,0.0
406,0.11210247248945437,4,FN1,9.520656374178936,7.411780740835325,-3700.8126866648895,-2.2397791771767253,0.08286548352508896,SE,3635,3.529710194214188e-05,0.003167565023740687,0.004397153854370117,7434.418830889649,-3923.3174870016855,222.50480033679605,0.0,0.0
407,0.03202416346216423,4,CDK5R2,9.520656374178936,28.28535477441019,-3665.7683654756265,-5.291831588441119,0.13246423774562618,SE,3635,1.1142972132926442e-05,0.008971299952840356,0.012599468231201172,7364.330188511123,-3708.1845036929353,42.4161382173088,7.377876087844015e-11,1.3044148381327374e-10
408,0.021704274725627214,4,RETREG2,9.520656374178936,42.179340590104225,-3797.1502247180397,-6.7066116020401525,0.18650660801768223,SE,3635,1.0781744580104816e-05,0.018123338725266943,0.02309107780456543,7627.0939069959495,-3819.4749222960127,22.324697577972984,2.302265148856897e-06,2.862840211988076e-06
409,0.07641281708941264,4,PTPRN,9.520656374178936,11.310624756559228,-3714.526676866854,-7.432824641585561,0.2969000338330679,SE,3635,3.036418936852824e-05,0.0051168402188822,0.004314422607421875,7461.846811293578,-3841.041113779861,126.5144369130071,0.0,0.0
410,0.11598508414441458,4,SERPINE2,9.520656374178936,7.132345273122291,-3818.503970150507,-5.142888691234939,0.19321847099168632,SE,3635,2.89988791585362e-05,0.0024668809666461024,0.004399299621582031,7669.801397860884,-4031.5040039636096,213.00003381310262,0.0,0.0
411,0.042705061761217036,4,DNER,9.520656374178936,20.976900406685438,-3874.1977152421455,-3.981660920839639,0.09227829562033671,SE,3635,1.2584826924789775e-05,0.005947156841732492,0.006020545959472656,7781.188888044161,-3938.538152587232,64.34043734508668,9.992007221626409e-16,2.3794321300091856e-15
412,0.04645260231341047,4,ITM2C,9.520656374178936,19.209105630504304,-3378.1873721349334,-7.035516887214566,0.2376231196961118,SE,3635,1.3787991729863021e-05,0.0055896763771329724,0.0045015811920166016,6789.168201829737,-3451.9565718239487,73.7691996890153,0.0,0.0
414,0.0500589768903559,4,SNORC,9.520656374178936,17.75781723359396,-3402.041253335254,-2.384354627963614,0.046320686046960484,SE,3635,2.3199237437307984e-05,0.008215514095757619,0.005913496017456055,6836.8759642303785,-3454.626107195794,52.584853860539624,4.120037644383956e-13,8.621031689082788e-13
415,0.08727516303394556,4,NGEF,9.520656374178936,9.78642580565782,-3793.732321177233,-7.15192697145189,0.288832624101572,SE,3635,2.621720297210963e-05,0.003531649633838993,0.004363536834716797,7620.2580999143365,-3943.2370569997183,149.50473582248515,0.0,0.0
416,0.019833243380833837,4,KIF1A,9.520656374178936,46.2467412235773,-3534.2407891456314,-6.784917538565362,0.1849625678271342,SE,3635,6.2269426937464e-06,0.01243976528313399,0.02348613739013672,7101.275035851133,-3559.2548988543126,25.01410970868119,5.691230612336895e-07,7.47052887473047e-07
417,0.019892520509076177,4,PPP1R7,9.520656374178936,46.10614342920267,-3579.1904498740787,-4.957906617371411,0.10314508130556327,SE,3635,1.1480744456202498e-05,0.02280448883478555,0.023047924041748047,7191.1743573080275,-3597.5937639142503,18.403314040171608,1.787468311675866e-05,2.000796476539315e-05
418,0.058542142266588305,4,CHL1,9.520656374178936,15.04898404655097,-3777.9051430250925,-6.865449540586346,0.24433878739483217,SE,3635,2.1853210275126828e-05,0.005851293335046699,0.0043487548828125,7588.603743610055,-3866.3382479759784,88.43310495088599,0.0,0.0
419,0.048273717847682064,4,ITPR1,9.520656374178936,18.449144096520005,-3714.295403081302,-5.206169105178364,0.1442116977568796,SE,3635,1.3875660997192499e-05,0.005246637507402132,0.004381656646728516,7461.384263722474,-3790.8831763551316,76.5877732738295,0.0,0.0
420,0.08376279845530288,4,ATP2B2,9.520656374178936,10.236032376442383,-3680.241801011663,-8.453133455673878,0.37881530896081583,SE,3635,2.1941108197225843e-05,0.003165635037955097,0.00433802604675293,7393.277059583196,-3872.838393462202,192.596592450539,0.0,0.0
421,0.06589391499683174,4,SYN2,9.520656374178936,13.26556640283734,-3721.0985952533943,-7.768026086196979,0.3108647796738669,SE,3635,1.4705241565794798e-05,0.0031987163216612626,0.004297018051147461,7474.990648066659,-3865.944009906908,144.84541465351367,0.0,0.0
422,0.030894796126043938,4,HDAC11,9.520656374178936,29.353541073491,-3134.6373272525416,-2.237277822845527,0.031837923443028084,SE,3635,9.091000379847155e-06,0.007828375646151383,0.011414051055908203,6302.068112064953,-3182.6603214308825,48.02299417834092,4.2125192223352315e-12,8.214134978993602e-12
424,0.050917890386092596,4,ARPP21,9.520656374178936,17.442482388560222,-3553.897957091766,-5.22043593961765,0.14490266089904322,SE,3635,1.3941496595268371e-05,0.004788193833842248,0.004606962203979492,7140.589371743402,-3648.006476211782,94.1085191200159,0.0,0.0
425,0.03631692110071832,4,RPSA,9.520656374178936,24.831337849615803,-3355.3511646073703,-5.31282082817995,0.1350801493870523,SE,3635,1.297773569784342e-05,0.00826597234640726,0.011343955993652344,6743.495786774611,-3405.014158416676,49.66299380930559,1.825539719391145e-12,3.665941363227809e-12
426,0.46809082081924414,4,MOBP,9.520656374178936,1.06336477128823,-3625.4447291840725,-0.9317669611145327,0.3820695439765535,SE,3635,9.181800163940803e-05,0.001730902692797282,0.003202199935913086,7283.682915928015,-4978.326376977651,1352.8816477935788,0.0,0.0
427,0.2709516462329379,4,CCK,9.520656374178936,2.5179056226069294,-2828.609964552984,-7.876822036777261,0.4251462312347584,SE,3635,7.382623107171467e-05,0.002020811058173287,0.004400968551635742,5690.013386665838,-3371.9058706067703,543.2959060537864,0.0,0.0
428,0.03778256145882998,4,BSN,9.520656374178936,23.831793880039324,-3747.061388108112,-6.009329812661917,0.17390228214009104,SE,3635,1.116495264982907e-05,0.006609090286693828,0.005880594253540039,7526.9162337760945,-3807.8005218424714,60.73913373435926,6.5503158452884236e-15,1.491227111371615e-14
429,0.04663856881497128,4,CAMKV,9.520656374178936,19.128779958841097,-3798.194017865498,-5.711005288629899,0.16827123994251558,SE,3635,1.9009423342867788e-05,0.00765077571289791,0.006449460983276367,7629.1814932908665,-3852.109552530679,53.915534665180985,2.09277040141842e-13,4.455264951235993e-13
430,0.08227393768289709,4,RPL29,9.520656374178936,10.438201828380748,-2886.445288322559,-4.811762355970832,0.13561344828078012,SE,3635,2.8998144540696265e-05,0.004311794419346297,0.004288434982299805,5805.684034204988,-3014.8220862199223,128.3767978973633,0.0,0.0
431,0.02589876812918992,4,FAM107A,9.520656374178936,35.196533593576724,-3964.2352881912293,-4.272549922096291,0.08818261389718995,SE,3635,6.795635894359672e-06,0.008160557216730393,0.013247966766357422,7961.264033942329,-4001.026674830556,36.7913866393269,1.3146981281408898e-09,2.118403080727836e-09
432,0.025251591493246545,4,CADPS,9.520656374178936,36.12257386984644,-3609.6307999719947,-5.239243838712583,0.12189126455934045,SE,3635,9.906865087102527e-06,0.01248146939880029,0.023014307022094727,7252.05505750386,-3636.9700659848622,27.339266012867483,1.7070942803787403e-07,2.3317946792436883e-07
433,0.03106845243642114,4,SYNPR,9.520656374178936,29.18423968385261,-3773.606997953457,-4.65715313274357,0.10604530611237767,SE,3635,1.1948783037515965e-05,0.01018168292269298,0.011568307876586914,7580.007453466784,-3812.137848308483,38.53085035502636,5.389498847208074e-10,8.952253977405108e-10
434,0.28104302857070285,4,CLDND1,9.520656374178936,2.393894408899926,-3863.1565668360113,-2.248309373897642,0.22067321088431419,SE,3635,5.6685332886066555e-05,0.0014949794217970225,0.00391840934753418,7759.106591231893,-4742.437428906974,879.2808620709625,0.0,0.0
435,0.12569438977553354,4,GAP43,9.520656374178936,6.5091200175989234,-3597.489063449291,-8.303783055931456,0.3995614566112193,SE,3635,4.2463708210117154e-05,0.0031899057013309215,0.004244804382324219,7227.771584458452,-3847.73924850234,250.25018505304934,0.0,0.0
436,0.03746105874555338,4,MGLL,9.520656374178936,24.044357092782207,-3794.803331530495,-5.297925034728669,0.13957594853931699,SE,3635,1.2621964432489799e-05,0.007590570214243898,0.014386415481567383,7622.40012062086,-3844.5097396606234,49.70640813012824,1.7855716905046393e-12,3.5964154898569227e-12
437,0.36132477784979067,4,TF,9.520656374178936,1.6540827457395995,-4001.6103497341046,-1.9857449725357608,0.3222088688042311,SE,3635,6.722866309046295e-05,0.0014297093188317448,0.004312038421630859,8036.014157028079,-5144.82041080445,1143.2100610703455,0.0,0.0
438,0.07734138759835668,4,RAB6B,9.520656374178936,11.163592838078648,-3612.3558784637066,-7.8055891467515455,0.32211656606086164,SE,3635,1.9516283282281568e-05,0.003221868312506163,0.004274845123291016,7257.505214487283,-3782.2880405525975,169.9321620888909,0.0,0.0
439,0.06117769672422211,4,CLSTN2,9.520656374178936,14.360355266486474,-3184.0796148508293,-3.5737514141734508,0.08122440060714275,SE,3635,1.7564724265052795e-05,0.004351375981092973,0.004345893859863281,6400.952687261529,-3286.7595959464325,102.67998109560313,0.0,0.0
440,0.06080721147158077,4,RNF13,9.520656374178936,14.45355134173416,-3195.6051233167423,-2.2550078825523405,0.04614562182595362,SE,3635,1.362464981349793e-05,0.003411576177156854,0.004300355911254883,6424.003704193355,-3323.260339712645,127.6552163959027,0.0,0.0
441,0.022385451969366057,4,PPM1L,9.520656374178936,40.867370622568146,-3170.3034488183184,-3.8404718812087495,0.06597865830732501,SE,3635,1.037774003124403e-05,0.016444324143017996,0.021094560623168945,6373.400355196507,-3192.355459436022,22.052010617703672,2.6536157639034386e-06,3.28154355830305e-06
442,0.0813517728123788,4,SERPINI1,9.520656374178936,10.56713188608681,-3488.095668576227,-8.9012479446271,0.40900778642786584,SE,3635,2.2903836921987704e-05,0.0034708951875917432,0.0043561458587646484,7008.984794712324,-3660.235239388884,172.13957081265698,0.0,0.0
443,0.048689640680082705,4,AP2M1,9.520656374178936,18.283551714788633,-3282.2816496321734,-7.646292667367632,0.2786741481173369,SE,3635,1.3612920220053255e-05,0.005068087978812413,0.004331827163696289,6597.356756824217,-3374.5784478841033,92.29679825192989,0.0,0.0
444,0.04808930513861502,4,FAM131A,9.520656374178936,18.523481349137242,-3810.476547153629,-6.3143573017658206,0.20195211752517378,SE,3635,2.0700937869617077e-05,0.007881771679716905,0.004343271255493164,7653.746551867128,-3876.7040575963656,66.22751044273673,4.440892098500626e-16,1.0863669926910624e-15
446,0.07624424123321155,4,RPL35A,9.520656374178936,11.33770153706356,-2960.859048804931,-5.90915098846633,0.18866537105980122,SE,3635,2.3147579201827854e-05,0.003915438199156343,0.004323720932006836,5954.511555169732,-3096.942555120759,136.08350631582834,0.0,0.0
447,0.09278230864322803,4,CPLX1,9.520656374178936,9.150003160836695,-3873.424172616142,-6.720966388750221,0.2672280077913362,SE,3635,2.817659956726595e-05,0.0034300430169108423,0.0042917728424072266,7779.6418027921545,-4074.4665615502554,201.0423889341132,0.0,0.0
448,0.042882055447831045,4,NAT8L,9.520656374178936,20.886456828678725,-3816.0416134431803,-6.6751394991914355,0.21703534432055852,SE,3635,1.3128503694988658e-05,0.006157319495881165,0.005961894989013672,7664.876684446231,-3880.905157855651,64.86354441247067,7.771561172376096e-16,1.8638649384405484e-15
449,0.02439667540906429,4,LRPAP1,9.520656374178936,37.42118461750285,-3821.9273276668837,-5.722079231030559,0.14329780169691672,SE,3635,1.2197066287872303e-05,0.016405622795217366,0.021611452102661133,7676.6481128936375,-3845.0378381334476,23.110510466563937,1.5295233134482444e-06,1.9304916458326813e-06
451,0.03366270336421132,4,LDB2,9.520656374178936,26.863009134200727,-3410.866931009781,-4.790635044563223,0.11077572707134241,SE,3635,1.2726909798593098e-05,0.009334747823984593,0.01425027847290039,6854.5273195794325,-3455.1216509358524,44.254719926071175,2.8830826614978378e-11,5.263306203301839e-11
452,0.14039131046082495,4,QDPR,9.520656374178936,5.729747411866892,-3952.439886853755,-4.322908243703557,0.17875655521115472,SE,3635,3.3270949692081945e-05,0.0021161433916597546,0.004861354827880859,7937.67323126738,-4294.079151918762,341.6392650650073,0.0,0.0
453,0.05362007234534363,4,PCDH7,9.520656374178936,16.516310274522287,-3466.8679791964055,-4.727816335077927,0.12379023399355098,SE,3635,2.362513427910779e-05,0.0073954638692092,0.005930185317993164,6966.529415952681,-3516.7806786674732,49.912699471067754,1.6073808950523016e-12,3.242365714430158e-12
454,0.03609878661952744,4,RPL9,9.520656374178936,24.987041072641546,-2889.302956895399,-5.87599805269278,0.15843463336248173,SE,3635,1.2580431767129482e-05,0.008102945138789765,0.012027978897094727,5811.399371350668,-2936.7280605811525,47.425103685753584,5.714650974653068e-12,1.0984004470761742e-11
455,0.16646045338978058,4,UCHL1,9.520656374178936,4.685867932977662,-2262.24688343786,-8.569043508454149,0.4080576695167792,SE,3635,4.437120640498264e-05,0.0022096895136759186,0.005402803421020508,4557.28722443559,-2646.8292964509665,384.58241301310636,0.0,0.0
456,0.031075775271453724,4,LIMCH1,9.520656374178936,29.177142066768997,-3452.8475077201447,-3.504504651113055,0.06433742536821258,SE,3635,1.3613949313575213e-05,0.011595464705814849,0.013468503952026367,6938.4884730001595,-3488.329147019364,35.481639299219296,2.5746608178778274e-09,4.0326997676570915e-09
457,0.17388935299073827,4,HOPX,9.520656374178936,4.4456998274519135,-3797.9057511188016,-6.865343217728634,0.3381366255632117,SE,3635,4.494067977388354e-05,0.002107318980665273,0.004877567291259766,7628.604959797473,-4190.377020291657,392.47126917285505,0.0,0.0
458,0.047012763244258314,4,PARM1,9.520656374178936,18.96907763608811,-3382.5577780762947,-4.443451024286041,0.10672877182300866,SE,3635,1.4186259542240123e-05,0.005627421693172405,0.004369258880615234,6797.9090137124595,-3467.9840007103285,85.42622263403382,0.0,0.0
459,0.02634850009684276,4,G3BP2,9.520656374178936,34.57980559987563,-3834.7737718838,-6.684273077364689,0.19460306455183793,SE,3635,8.315591072657652e-06,0.009665441026517788,0.014155864715576172,7702.34100132747,-3869.6191338988083,34.845362015008504,3.5695888467301984e-09,5.526719838017255e-09
460,0.04992749977014948,4,CCNI,9.520656374178936,17.807044226081157,-3632.59075463039,-6.54102887210913,0.21432186477403672,SE,3635,1.8059372296699157e-05,0.0064257173541023855,0.004453420639038086,7297.9749668206505,-3697.5353120932878,64.94455746289759,7.771561172376096e-16,1.8638649384405484e-15
461,0.2667787011443558,4,SPP1,9.520656374178936,2.571928116629656,-3766.468700605073,-1.9442531213220078,0.19140665670737667,SE,3635,5.3928310089235135e-05,0.0015002233807017902,0.0042459964752197266,7565.730858770016,-4589.287538711874,822.8188381068007,0.0,0.0
462,0.09920197833186452,4,PPP3CA,9.520656374178936,8.497320488306332,-3718.061437468185,-8.447525968280651,0.39319977930260414,SE,3635,3.136363683855377e-05,0.0034226897274778688,0.004353761672973633,7468.91633249624,-3896.668653294937,178.60721582675205,0.0,0.0
463,0.09405112196396831,4,RPL34,9.520656374178936,9.0139390831443,-2177.520948738446,-5.625726092058938,0.17163211560993544,SE,3635,2.2622442724918163e-05,0.002693146023959883,0.004282951354980469,4387.835355036762,-2379.815054272292,202.29410553384605,0.0,0.0
464,0.024920976976364015,4,ANK2,9.520656374178936,36.61420911317234,-3765.062740104925,-6.895976093094365,0.20304024164870604,SE,3635,1.2504747347793942e-05,0.016153573728148702,0.022174596786499023,7562.91893776972,-3788.992691694225,23.92995158929989,9.990526876890726e-07,1.281391782459336e-06
465,0.03412244109845566,4,CAMK2D,9.520656374178936,26.488471057260075,-3251.3511782492724,-3.668819639815255,0.06988283856387395,SE,3635,1.5681843807787933e-05,0.011214975196485087,0.013435602188110352,6535.495814058415,-3289.0337267481877,37.68254849891537,8.324598788078674e-10,1.3642349912918215e-09
466,0.024214449974353316,4,SNHG8,9.520656374178936,37.709839326165834,-3523.914008249585,-3.7252184248424958,0.06594699220592086,SE,3635,1.4639609615132176e-05,0.019973640936064654,0.013698816299438477,7080.62147405904,-3544.274043325368,20.36003507578289,6.415575458995626e-06,7.539883197053088e-06
467,0.022556537593985706,4,TBC1D9,9.520656374178936,40.5503042940541,-3275.609984602521,-3.6741325991912306,0.061702406378147154,SE,3635,9.488128102941757e-06,0.01481778273180347,0.023462533950805664,6584.013426764912,-3299.8021644492974,24.192179846776526,8.718557696907325e-07,1.1214553616741564e-06
468,0.04718318450286246,4,RPS3A,9.520656374178936,18.897183139174473,-3028.873231798585,-5.946481579358891,0.17244757632829683,SE,3635,2.338418217001422e-05,0.009215417417186842,0.006059885025024414,6090.53992115704,-3089.291666266986,60.41843446840085,7.66053886991358e-15,1.741031561343996e-14
469,0.049653543061909146,4,FBXW7,9.520656374178936,17.91045523745609,-3741.384756219964,-6.86244295206152,0.23468782070965763,SE,3635,1.4512452273503977e-05,0.0052151541643589245,0.006117343902587891,7515.562969999798,-3812.5846802982533,71.19992407828931,0.0,0.0
470,0.020758920820985807,4,GLRB,9.520656374178936,44.142788029929356,-3523.4053347074914,-5.306279042315577,0.11792741830622436,SE,3635,7.80078754241219e-06,0.014278893099447685,0.013746261596679688,7079.604126974853,-3545.3397652042036,21.93443049671214,2.821264779129251e-06,3.472903495892284e-06
471,0.05867392083600003,4,GRIA2,9.520656374178936,15.013083093713838,-3824.9091873555076,-7.025649494065208,0.255366926208087,SE,3635,1.735438315540873e-05,0.004628262056916183,0.004815340042114258,7682.611832270885,-3923.7753947638203,98.86620740831268,0.0,0.0
472,0.15759098507140457,4,GPM6A,9.520656374178936,5.002263253277963,-2501.7637787727685,-8.18110711870858,0.3771896258911361,SE,3635,4.08856410066292e-05,0.0021990612267489733,0.004469394683837891,5036.321015105407,-2814.0859697278684,312.3221909550998,0.0,0.0
473,0.04269900973327186,4,UBE2QL1,9.520656374178936,20.980006243799394,-3710.3592275457654,-5.906677266875862,0.1733625583164886,SE,3635,1.8353953474778588e-05,0.008675697135432313,0.0060117244720458984,7453.511912651401,-3764.9869829533063,54.62775540754092,1.4566126083082054e-13,3.1207102783673194e-13
474,0.12902873045423313,4,BASP1,9.520656374178936,6.316729988297092,-3210.4535705079657,-8.943007949071667,0.4436662043973388,SE,3635,2.886420052818987e-05,0.002083479234802184,0.004323482513427734,6453.700598575801,-3523.256594916063,312.8030244080974,0.0,0.0
475,0.1824902720931958,4,SELENOP,9.520656374178936,4.192066067081427,-3703.28680615026,-1.7477225681295696,0.11814084563579628,SE,3635,3.3237236110142675e-05,0.0014600866564316022,0.0049440860748291016,7439.36706986039,-4259.515900514401,556.2290943641415,0.0,0.0
476,0.018917958184469917,4,PIK3R1,9.520656374178936,48.529517464441916,-3728.2517489918328,-5.967518474491188,0.1442022838518098,SE,3635,7.579366242933268e-06,0.016580025547112697,0.023007631301879883,7489.296955543536,-3749.7939247633685,21.542175771535767,3.4613195557531284e-06,4.210712594537754e-06
477,0.1434215639011895,4,MAP1B,9.520656374178936,5.588916114782232,-2705.5433609205006,-8.261407987602269,0.3814596508477408,SE,3635,3.741081700727845e-05,0.0023057076919568245,0.004430294036865234,5443.880179400871,-2993.398170372182,287.8548094516814,0.0,0.0
478,0.029314017283635276,4,BTF3,9.520656374178936,30.986913987015303,-3869.8162940743996,-4.885178110197409,0.1140502435550595,SE,3635,1.3811922117463626e-05,0.013126832644052443,0.02345728874206543,7772.426045708669,-3899.62273019491,29.806436120510625,4.774044737310135e-08,6.811516640527332e-08
479,0.3506246591709266,4,ENC1,9.520656374178936,1.7331184453359345,-3280.693902574053,-9.562157083601498,0.6742303140763664,SE,3635,0.00010408162045602951,0.002261613003408203,0.00439906120300293,6594.181262707976,-4019.439634668649,738.745732094596,0.0,0.0
480,0.04622104377530926,4,RASGRF2,9.520656374178936,19.31002764478846,-3164.9018538244522,-3.9973732060000584,0.087434090843977,SE,3635,9.786056888622908e-06,0.004003445761601335,0.004971742630004883,6362.597165208775,-3255.7792276379896,90.87737381353736,0.0,0.0
481,0.12001779202490835,4,RPS23,9.520656374178936,6.861248781467372,-2843.0308071265117,-4.74124184876777,0.14877942468144625,SE,3635,4.0154172620276894e-05,0.0032388703537800856,0.004338741302490234,5718.855071812894,-3046.960350217513,203.9295430910015,0.0,0.0
482,0.04246905315986894,4,CAMK4,9.520656374178936,21.09867335084373,-3369.2700687695346,-4.33805533032155,0.09945873077728239,SE,3635,1.6983330922636688e-05,0.008107545622921727,0.006052494049072266,6771.333595098939,-3424.472880412026,55.20281164249127,1.0869083411080283e-13,2.3473286806360457e-13
483,0.07015012663040203,4,SOWAHA,9.520656374178936,12.403929379310206,-3245.3326526666146,-3.4765474863017665,0.08339941535082364,SE,3635,1.4448475491268551e-05,0.0028194974540568783,0.0049059391021728516,6523.458762893099,-3365.021399905227,119.68874723861245,0.0,0.0
484,0.020895373924369492,4,UQCRQ,9.520656374178936,43.84841134809164,-3261.2779643488975,-7.099232221792761,0.20298586997213733,SE,3635,1.2538103677929544e-05,0.02266412411027785,0.024018526077270508,6555.349386257665,-3280.232448838716,18.954484489818697,1.3387423987376579e-05,1.5149007952685482e-05
485,0.035386688825771374,4,VDAC1,9.520656374178936,25.508694442011528,-3841.3465359686047,-7.314175181050846,0.24598505951225066,SE,3635,1.724462588132595e-05,0.011525605663080222,0.013297080993652344,7715.48652949708,-3882.417577220582,41.071041251977476,1.4679524262817267e-10,2.5616903559685837e-10
488,0.051484710352100865,4,KCTD16,9.520656374178936,17.240147221585502,-3116.946502969637,-3.712675263120208,0.08010027446793766,SE,3635,1.452692356640739e-05,0.004890970816442679,0.0048828125,6266.686463499144,-3201.736988859043,84.79048588940577,0.0,0.0
489,0.09997721082135465,4,CAMK2A,9.520656374178936,8.42417534018264,-3749.831574419351,-7.377173490111716,0.3136857892309828,SE,3635,2.065133353692062e-05,0.0022254067560536117,0.004386186599731445,7532.456606398572,-4003.363441602587,253.53186718323605,0.0,0.0
490,0.036522865744872596,4,SYNPO,9.520656374178936,24.686042558074945,-3647.7493174893248,-4.330003362242689,0.09738652376349129,SE,3635,1.1599661936690892e-05,0.00731118672770587,0.014313697814941406,7328.29209253852,-3697.4322132259913,49.682895736666524,1.8071100171823673e-12,3.6343563329663052e-12
491,0.08059404250536428,4,GPX3,9.520656374178936,10.67528016305721,-3122.2201626809224,-3.7584809679428313,0.09605758764550687,SE,3635,3.084299867573049e-05,0.00474840307760087,0.004331111907958984,6277.233782921715,-3233.90463985299,111.68447717206755,0.0,0.0
492,0.056651372781809255,4,ANXA6,9.520656374178936,15.582484070959616,-3774.51969261956,-7.396386286362774,0.2766894829530262,SE,3635,1.6396172655491497e-05,0.004653313659649818,0.00437474250793457,7581.83284279899,-3876.3660513166906,101.84635869713065,0.0,0.0
493,0.12752589045339627,4,SPARC,9.520656374178936,6.402197855245062,-3981.259209688071,-2.2725746286788766,0.10423131786259243,SE,3635,4.96629041660118e-05,0.0036492240040552583,0.004372596740722656,7995.311876936013,-4225.807627113841,244.54841742576946,0.0,0.0
494,0.015748511404854875,4,ATOX1,9.520656374178936,58.484593951869705,-3873.941703461326,-4.764256909337647,0.09075448631890023,SE,3635,6.150133054425776e-06,0.019163319673539472,0.021431684494018555,7780.676864482522,-3890.114419480243,16.172716018917072,5.782096117545876e-05,6.169347742749548e-05
495,0.03507135420442422,4,ATP6V0E1,9.520656374178936,25.746462823209825,-3152.0514538170573,-1.8553440393103295,0.027273809188523037,SE,3635,1.2257921178797296e-05,0.00833011506272166,0.011869430541992188,6336.896365193985,-3199.9273172807098,47.87586346365242,4.54081217071689e-12,8.815954365290567e-12
496,0.08064543036705052,4,CPLX2,9.520656374178936,10.66788150849981,-3839.494769441148,-5.877305341656463,0.20632838564548286,SE,3635,1.7724383430525877e-05,0.0027258041869068547,0.004367351531982422,7711.782996442166,-3993.3386680450512,153.8438986039032,0.0,0.0
497,0.04347988949066928,4,RACK1,9.520656374178936,20.586408284396867,-3789.6412809924354,-4.855162710935006,0.12558161132589654,SE,3635,1.9469316299262883e-05,0.008903020287279947,0.006364583969116211,7612.076019544741,-3845.4598018030647,55.81852081062925,7.949196856316121e-14,1.7334332322598882e-13
498,0.06394504812012902,4,NRN1,9.520656374178936,13.69838394301941,-3702.189095159521,-6.9616415420034246,0.2541462297299645,SE,3635,2.0637312097070622e-05,0.004730665757054776,0.004445791244506836,7437.171647878912,-3820.228846230888,118.03975107136694,0.0,0.0
499,0.04104629031020741,4,PHACTR1,9.520656374178936,21.86244042761987,-3772.9070585829436,-5.399395132837584,0.14751176457410373,SE,3635,1.5015051435203242e-05,0.007629957183037461,0.012626171112060547,7578.607574725757,-3824.302462217126,51.39540363418246,7.551737013500315e-13,1.5465021142909185e-12
500,0.04797016933545685,4,CAP2,9.520656374178936,18.571809196563528,-3781.7046372694954,-6.943260669710469,0.2383857826424491,SE,3635,2.063209074243405e-05,0.007890891550010564,0.0048635005950927734,7596.202732098861,-3844.597296710219,62.89265944072349,2.220446049250313e-15,5.232065201226658e-15
501,0.06925890672453107,4,DDR1,9.520656374178936,12.57558407768986,-3535.0882578345777,-1.7737700595684178,0.0463064802804357,SE,3635,1.9945590036000605e-05,0.003979185118729756,0.004498958587646484,7102.9699732290255,-3674.5210196866783,139.4327618521006,0.0,0.0
502,0.04486830046966217,4,HSPA1A,9.520656374178936,19.920422596712648,-3578.652897355179,-2.4141807168519183,0.046255004645841,SE,3635,1.5730561636250643e-05,0.00679253659711959,0.005987882614135742,7190.099252270228,-3641.3442605171545,62.69136316197546,2.4424906541753444e-15,5.715235048505155e-15
503,0.11186745926757856,4,RPS18,9.520656374178936,7.429317455615568,-2912.2203517732423,-4.715948337922791,0.1454270296735788,SE,3635,3.261951321624093e-05,0.0029369844018107827,0.004671335220336914,5857.234161106355,-3095.2722926282163,183.05194085497396,0.0,0.0
504,0.023321398723894344,4,SYNGAP1,9.520656374178936,39.189704289826736,-2999.3318398458678,-3.4848483145397133,0.05572539330322507,SE,3635,8.649317288793209e-06,0.01267570923047365,0.02203989028930664,6031.457137251606,-3024.722340414509,25.390500568641073,4.6821809385200197e-07,6.200454356665739e-07
505,0.08692633256393696,4,HSP90AB1,9.520656374178936,9.829453422768188,-2285.0676406709968,-7.640238713768855,0.2963549751349648,SE,3635,2.842986873260458e-05,0.0038553398947445043,0.004428863525390625,4602.928738901864,-2438.4171300043427,153.3494893333459,0.0,0.0
506,0.03649568244737581,4,RCAN2,9.520656374178936,24.705126615300397,-3781.8591353421393,-6.742412599010123,0.2127097603434219,SE,3635,1.2907312710634961e-05,0.008146624282903189,0.012047767639160156,7596.511728244149,-3828.9170531712134,47.057917829074086,6.891931469965584e-12,1.3209089064425105e-11
507,0.17530515954036996,4,EEF1A1,9.520656374178936,4.402237684570766,-1707.7916250090743,-4.35400988041484,0.1276256386081316,SE,3635,5.161649672404409e-05,0.0023937416265837055,0.0042591094970703125,3448.3767075780192,-2057.915971747984,350.1243467389095,0.0,0.0
508,0.021733883267873715,4,COX7A2,9.520656374178936,42.12060391948594,-3486.7227846267615,-7.45824276297354,0.22636614168214272,SE,3635,1.1707517881792892e-05,0.019628282490662088,0.01368093490600586,7006.239026813393,-3510.5496770323416,23.82689240558011,1.0539957450150794e-06,1.346726843324111e-06
509,0.08809733024858864,4,CNR1,9.520656374178936,9.686360933172383,-3164.698413251676,-2.8071129389364597,0.07082007113603839,SE,3635,3.993837018818604e-05,0.0052967404437319655,0.004454135894775391,6362.190284063222,-3263.879758236365,99.18134498468908,0.0,0.0
510,0.01858579135458931,4,SNX3,9.520656374178936,49.41356547492406,-3773.8050242191794,-7.433750362946544,0.21789705584640137,SE,3635,7.375221671103409e-06,0.016692602249810406,0.02304863929748535,7580.403505998229,-3795.912743008142,22.107718788962757,2.5777117992342724e-06,3.1935488555723455e-06
511,0.032787831508953924,4,WASF1,9.520656374178936,27.604759328420183,-3815.0103668782663,-6.987579536031558,0.22205913136241945,SE,3635,1.5234900850963902e-05,0.011737112635031105,0.015197992324829102,7662.814191316403,-3852.835813212366,37.825446334099524,7.736601359553674e-10,1.27097014231762e-09
512,0.032296423084258646,4,TSPYL4,9.520656374178936,28.039019885739407,-3785.8230232675833,-6.63278957640469,0.20079722739112038,SE,3635,1.4790689388563006e-05,0.011721044166236656,0.014236211776733398,7604.439504095037,-3825.153221851384,39.330198583800666,3.5786362762024737e-10,6.041270319128166e-10
513,0.09883548225225332,4,TSPYL1,9.520656374178936,8.532299780926259,-3542.2691866727823,-8.307579696060516,0.3769136225039656,SE,3635,3.0429351250290782e-05,0.003340739335273092,0.00435185432434082,7117.331830905435,-3725.565127534661,183.29594086187853,0.0,0.0
514,0.03096074159258151,4,SLC35F1,9.520656374178936,29.28902570758492,-3240.302265576136,-2.895391465493911,0.0465848373377677,SE,3635,8.244406364640806e-06,0.007071034612173555,0.01216888427734375,6513.397988712142,-3287.9318372038147,47.629571627678615,5.148548254396701e-12,9.952783981853604e-12
515,0.21278296392121768,4,RPS12,9.520656374178936,3.4620436405238726,-2268.0350579495885,-4.617163352995514,0.1645747405583065,SE,3635,4.9960945006197565e-05,0.0018010824722500495,0.004312276840209961,4568.863573459047,-2822.2437688145237,554.2087108649353,0.0,0.0
517,0.04954000492469807,4,PCMT1,9.520656374178936,17.953647940538353,-3795.2394401631022,-7.263691946483937,0.2605412629868391,SE,3635,2.227212933559566e-05,0.008036758671861688,0.006149768829345703,7623.272337886075,-3847.8167560078527,52.5773158447505,4.1366909897533333e-13,8.642437415069078e-13
518,0.022301976382259742,4,SYNE1,9.520656374178936,41.02383849285795,-3503.5712633595394,-4.7973441695360135,0.0999414530285892,SE,3635,8.887842645663532e-06,0.014184269590696583,0.02296304702758789,7039.935984278949,-3529.028155076664,25.456891717124563,4.523787556776071e-07,5.996601508310422e-07
519,0.040843687057975524,4,IPCEF1,9.520656374178936,21.975529975554036,-3256.7586327620775,-3.7748848418291794,0.0775113658254893,SE,3635,1.3983615641682747e-05,0.007170689173411857,0.0060613155364990234,6546.310723084025,-3314.886378485705,58.12774572362741,2.453592884421596e-14,5.492841429351025e-14
521,0.09663667881728005,4,PRKAR1B,9.520656374178936,8.74772990583958,-3385.5334839370785,-8.068922112132384,0.3526878032282626,SE,3635,1.896696789289869e-05,0.0021599803595489043,0.004376649856567383,6803.860425434027,-3616.6851782872964,231.1516943502179,0.0,0.0
522,0.02085290232299735,4,RAC1,9.520656374178936,43.93962437917969,-3754.5760362068477,-6.405893723206485,0.16913378033381124,SE,3635,1.1128349093737854e-05,0.020194349188520304,0.022462129592895508,7541.9455299735655,-3775.6683272169785,21.092291010130793,4.376853875998066e-06,5.272030386975778e-06
523,0.020966458886501275,4,GGCT,9.520656374178936,43.6965744194376,-3147.310129667043,-3.6378684882717525,0.05873256691659067,SE,3635,8.222050547672907e-06,0.014766013697516548,0.013167381286621094,6327.413716893956,-3168.6419867341856,21.331857067142664,3.862589736836064e-06,4.686148709334679e-06
524,0.041005271027387234,4,EPDR1,9.520656374178936,21.885246440838277,-3314.9942660064426,-4.719723305597331,0.11295828100041094,SE,3635,1.6149306254990156e-05,0.008221411342574888,0.012021303176879883,6662.781989572755,-3361.5640592210466,46.56979321460403,8.841261056602434e-12,1.6873070746320574e-11
525,0.047829072637126185,4,CAMK2B,9.520656374178936,18.629356972959762,-3765.0783419933173,-7.5280868150271365,0.27549660227742123,SE,3635,1.4407035697920912e-05,0.005539526543974888,0.0044248104095458984,7562.950141546505,-3843.905406618756,78.82706462543865,0.0,0.0
526,0.01755168843855047,4,CCM2,9.520656374178936,52.38002694778124,-3481.3674965776863,-3.846437325524388,0.06262539142786584,SE,3635,8.8189587035476e-06,0.022287085690093383,0.013669729232788086,6995.528450715243,-3497.920572214981,16.55307563729457,4.7307195814694225e-05,5.096051372425028e-05
527,0.028963687827147738,4,NACAD,9.520656374178936,31.373034047699388,-3175.0551046909777,-2.7538263526238604,0.0417529500558432,SE,3635,1.1020983777167325e-05,0.010714052209671001,0.015232086181640625,6382.903666941826,-3209.1839270639493,34.12882237297163,5.1581560134295046e-09,7.85964264375133e-09
528,0.04354964600257224,4,ADCY1,9.520656374178936,20.551934687163573,-3782.5783953609093,-5.835832450690688,0.17143394493323103,SE,3635,1.4960949730323291e-05,0.00682141169063104,0.006254911422729492,7597.950248281689,-3836.452889054903,53.87449369399383,2.1371793224034263e-13,4.542618694753801e-13
529,0.06158814946041245,4,VSTM2A,9.520656374178936,14.258414525540474,-3402.771687911642,-4.797556495584142,0.1311531019108325,SE,3635,1.7435593832928707e-05,0.004268875303865463,0.00446629524230957,6838.336833383154,-3524.6139597787246,121.84227186708267,0.0,0.0
530,0.043401277899447074,4,STX1A,9.520656374178936,20.625390861503718,-3797.043786110726,-6.607244434837791,0.21345080503151823,SE,3635,1.4475782117794846e-05,0.006641472072892878,0.006020069122314453,7626.8810297813225,-3857.8118654109708,60.76807930024461,6.439293542825908e-15,1.468436740120546e-14
531,0.02101305409666412,4,LIMK1,9.520656374178936,43.59760479607717,-3147.7829238452387,-3.6382663729494626,0.0587860864150193,SE,3635,7.876494240223879e-06,0.014085440551007793,0.022874116897583008,6328.3593052503475,-3172.234401934576,24.451478089337343,7.620502577854182e-07,9.86818078154186e-07
532,0.03570595127925124,4,RHBDD2,9.520656374178936,25.272242862392215,-3828.3628851191083,-7.28580694456677,0.24456895089716324,SE,3635,1.213584683429498e-05,0.007976933587569903,0.01260519027709961,7689.519227798087,-3877.426683408067,49.06379828895888,2.477684724055962e-12,4.909590830904839e-12
533,0.055663629593709775,4,HSPB1,9.520656374178936,15.875598360845402,-3955.5731615989166,-2.8888741904791426,0.06945896305098076,SE,3635,1.866039774420846e-05,0.005464210392625695,0.004342555999755859,7943.939780757703,-4039.3714519235236,83.79829032460702,0.0,0.0
534,0.1484003661496735,4,YWHAG,9.520656374178936,5.370013797647987,-2942.911271278836,-9.12413270874618,0.4648226277950924,SE,3635,3.6826571355497e-05,0.002159337371382592,0.004343748092651367,5918.616000117542,-3272.0860003401117,329.1747290612757,0.0,0.0
535,0.036790766840547176,4,PCLO,9.520656374178936,24.499470882917393,-3447.523398140316,-4.412890397124112,0.09887754072996754,SE,3635,1.2877400647940567e-05,0.008007369686023131,0.01137232780456543,6927.840253840503,-3492.656125833203,45.132727692886874,1.8412271707290984e-11,3.431146074891798e-11
536,0.1612510661038109,4,COL1A2,9.520656374178936,4.867481331719932,-3584.387799525785,-2.4824106940326804,0.11381399686335612,SE,3635,5.24133783619295e-05,0.002728987061115606,0.0048389434814453125,7201.56905661144,-3908.40260331002,324.014803784235,0.0,0.0
537,0.02780083694571396,4,PON2,9.520656374178936,32.72444428926361,-3275.263653161417,-2.442394761202147,0.03506336322037664,SE,3635,1.5088176295230413e-05,0.015845935266584812,0.02196669578552246,6583.320763882704,-3300.1284984955696,24.864845334152506,6.14936530141108e-07,8.048338031560312e-07
538,0.022744377566162675,4,LMTK2,9.520656374178936,40.20768135957625,-3425.1938990212857,-4.384404096876494,0.08514395317858697,SE,3635,9.672284479970662e-06,0.014868277399694063,0.023375988006591797,6883.1812556024415,-3449.5792808371507,24.385381815865003,7.886486240726853e-07,1.0183213781430593e-06
539,0.02608701692328199,4,AP1S1,9.520656374178936,34.93579604171992,-3450.2808717867993,-4.39303023876543,0.08899966102569679,SE,3635,9.843337242485093e-06,0.011659319063321901,0.02172255516052246,6933.355201133469,-3478.3880248385585,28.10715305175927,1.1478084205318595e-07,1.5871778589060567e-07
540,0.07013397494451462,4,VGF,9.520656374178936,12.407001482893149,-3827.6834231747057,-6.30848866108389,0.22202767566148934,SE,3635,2.1393468655910612e-05,0.004176414319519369,0.0043544769287109375,7688.1603039092815,-3957.1563053472296,129.4728821725239,0.0,0.0
541,0.034750999698178936,4,NRCAM,9.520656374178936,25.992434956171074,-3782.2167665236643,-7.314515974761336,0.24445123001490476,SE,3635,1.2368635594457385e-05,0.008550015658501879,0.011941909790039062,7597.226990607199,-3832.1757927283243,49.95902620465995,1.5698553568199713e-12,3.176194023367817e-12
542,0.036007016607403484,4,FAM3C,9.520656374178936,25.053109801891484,-3795.9969764416214,-6.105908579943836,0.17737005002787867,SE,3635,2.013080030231416e-05,0.013027444092778602,0.011916637420654297,7624.787410443113,-3832.2709612057183,36.273984764096895,1.7143710895339836e-09,2.7329483116224646e-09
543,0.025448929962704456,4,ARF5,9.520656374178936,35.83521250209528,-3118.6232017006396,-4.675035920087736,0.09686476650333484,SE,3635,9.536544340679582e-06,0.01183877965301782,0.012486696243286133,6270.039860961149,-3152.7530849702543,34.129883269614766,5.155344595664246e-09,7.85964264375133e-09
544,0.03117773235330015,4,MTPN,9.520656374178936,29.078667107864472,-3827.4604393414793,-6.400700394732243,0.1869394466302469,SE,3635,1.2200806025474179e-05,0.010328236898490908,0.011342287063598633,7687.714336242829,-3866.68872757842,39.2282882369409,3.770378453893386e-10,6.341091036093422e-10
545,0.04499436845647824,4,EPHB6,9.520656374178936,19.861986399554677,-3700.959692328012,-5.554116830164645,0.15772984575452775,SE,3635,1.3838402580408773e-05,0.005945039129554157,0.006791114807128906,7434.712842215894,-3769.3593760796152,68.39968375160333,1.1102230246251565e-16,2.823732731474879e-16
546,0.04234072530842868,4,CNTNAP2,9.520656374178936,21.165456202419783,-3535.273493744014,-5.512781705168398,0.15147630075140192,SE,3635,1.154819404570431e-05,0.005543533196725337,0.004336833953857422,7103.340445047898,-3620.531262585384,85.25776884136985,0.0,0.0
547,0.035734061829253275,4,ACTR3B,9.520656374178936,25.25162606236972,-3207.6822071757106,-4.032349670387629,0.08250280598564082,SE,3635,1.44352832041023e-05,0.009474508811791512,0.013820171356201172,6448.157871911291,-3245.1979266956996,37.515719519989034,9.067920858640832e-10,1.4788454954036842e-09
548,0.04740018848728872,4,DPP6,9.520656374178936,18.806385344929335,-3764.897974414757,-5.656007548972314,0.16576780789679718,SE,3635,1.3669239100374593e-05,0.005342273109441484,0.004461050033569336,7562.589406389384,-3848.741937194808,83.84396278005124,0.0,0.0
549,0.17415263554146965,4,TMSB4X,9.520656374178936,4.437564145880832,-1893.733630796302,-5.837545118873738,0.20650466258757313,SE,3635,5.871867912632263e-05,0.0027477026640978864,0.0044634342193603516,3820.2607191524744,-2113.902072512974,220.16844171667208,0.0,0.0
550,0.09741166243398218,4,TSPAN7,9.520656374178936,8.670690224343232,-3163.549066465353,-8.392157948185432,0.3738442358890415,SE,3635,2.8711917010024467e-05,0.0032274513044979517,0.004510164260864258,6359.891590490576,-3362.7247376869536,199.17567122160062,0.0,0.0
551,0.040960013664478837,4,USP11,9.520656374178936,21.910461754389825,-3881.9674486508325,-6.201674139191878,0.1891135172992258,SE,3635,1.9206717597558783e-05,0.009797747961806836,0.006249189376831055,7796.728354861535,-3933.8991735051486,51.931724854316144,5.74651437545981e-13,1.1876611193521185e-12
552,0.02483962343868746,4,MAGED1,9.520656374178936,36.737191036108186,-3830.0880015687144,-6.242870277900059,0.16897963210011194,SE,3635,1.136348204883125e-05,0.014770721652396122,0.022535085678100586,7692.969460697299,-3855.552086196568,25.46408462785348,4.506952798744024e-07,5.9860810752411e-07
553,0.02974783823624048,4,TSPYL2,9.520656374178936,30.521376475372627,-3540.167143957112,-4.609326753580147,0.10106885798497454,SE,3635,1.2973809113231994e-05,0.011994301090847941,0.02295851707458496,7113.127745474094,-3571.5303359028203,31.363191945708422,2.1399969130087015e-08,3.095987713834681e-08
555,0.02061443318398577,4,ARHGEF9,9.520656374178936,44.45874608095061,-3484.3306959097645,-4.599766399385031,0.0905028265945751,SE,3635,1.1250323814987135e-05,0.020870451878809843,0.024523258209228516,7001.454849379399,-3503.557403231617,19.2267073218527,1.1607802232083131e-05,1.3213003617507336e-05
556,0.07605127689936621,4,RPS4X,9.520656374178936,11.368842955894012,-3333.8241689192287,-4.758923627440865,0.13711089486996375,SE,3635,2.8885680335539663e-05,0.004907199101149315,0.00437474250793457,6700.4417953983275,-3463.423652802351,129.5994838831225,0.0,0.0
557,0.04547838077783438,4,PGK1,9.520656374178936,19.640642186760697,-3659.8452213509286,-7.613401708827952,0.27700759987351764,SE,3635,1.898914068318988e-05,0.008000505661327725,0.005997419357299805,7352.483900261727,-3718.3080518087645,58.462830457835935,2.0761170560490427e-14,4.66330739558747e-14
558,0.029542179347645935,4,TCEAL2,9.520656374178936,30.740366559757398,-3791.177337725171,-6.502094999621629,0.1896520609857643,SE,3635,1.2743541347889645e-05,0.01193609470514133,0.012001514434814453,7615.148133010212,-3828.286110497964,37.10877277279269,1.117199666111901e-09,1.8131982737642438e-09
559,0.03906700668780866,4,BEX2,9.520656374178936,23.017485388531117,-3843.7442417491425,-7.3768067449344885,0.25529850016301964,SE,3635,1.3118226319463359e-05,0.00730059357577095,0.012473821640014648,7720.281941058155,-3898.89587114001,55.15162939086758,1.1157741397482823e-13,2.4058067115784643e-13
560,0.05115259221575686,4,TCEAL4,9.520656374178936,17.35815797404104,-3994.552908298669,-4.144553442464649,0.10647772446543796,SE,3635,2.250802553441808e-05,0.0076667083938918865,0.006566524505615234,8021.899274157208,-4051.794206828927,57.241298530258064,3.852473895449293e-14,8.511212666465077e-14
561,0.5669520887689913,4,PLP1,9.520656374178936,0.7147670051176682,-3288.5669789732533,-2.4110298158211085,0.4935779930023791,SE,3635,5.1521239868247915e-05,0.0009929451242316949,0.003195047378540039,6609.927415506377,-5371.674144398446,2083.1071654251923,0.0,0.0
562,0.020639852339768394,4,FHL1,9.520656374178936,44.402840129005355,-3637.373824869741,-5.242634286743858,0.11573836786420526,SE,3635,9.951749034128139e-06,0.018417933930127615,0.023649215698242188,7307.541107299352,-3658.917321554025,21.543496684284037,3.458936329248097e-06,4.210712594537754e-06
563,0.025120886680299027,4,FGF13,9.520656374178936,36.31538973641797,-3321.077488320898,-3.8095108591601687,0.06811498043715444,SE,3635,1.1264054876364702e-05,0.014331818074344554,0.02232217788696289,6674.948434201666,-3346.3371543997473,25.259666078849477,5.010781886083393e-07,6.609587514619807e-07
564,0.01677323832581239,4,SLC6A8,9.520656374178936,54.85442676553615,-3158.496153134067,-2.548031851459669,0.02993640373285034,SE,3635,8.184066001831518e-06,0.022574838924071004,0.013668298721313477,6349.785763828004,-3175.496129736349,16.999976602282004,3.7380279038545794e-05,4.042883146524977e-05
565,0.17348185650281606,4,RPL10,9.520656374178936,4.45834054494606,-2437.328518441532,-4.391689093596319,0.1447393314831443,SE,3635,4.611316977417101e-05,0.002169242339196706,0.004791259765625,4907.4504944429345,-2865.342931462851,428.0144130213189,0.0,0.0
566,0.018996252943956914,4,CTSB,9.520656374178936,48.32564179626654,-3724.6829135175894,-6.996066285957681,0.19490997769177315,SE,3635,8.195507157433088e-06,0.017786059827845792,0.013880491256713867,7482.159284595049,-3742.92247924849,18.239565730900722,1.947900898835453e-05,2.1785636894706196e-05
567,0.020351057944692948,4,PSD3,9.520656374178936,45.046223884498936,-3855.792631187449,-5.73425328860043,0.13727234830734242,SE,3635,1.029285225747757e-05,0.019570621592750748,0.01363682746887207,7744.378719934768,-3874.6295097861657,18.836878598716794,1.4238723659354413e-05,1.6071774722273136e-05
568,0.0506106079159839,4,ATP6V1B2,9.520656374178936,17.554066083291247,-3710.4206529350618,-7.662749891789158,0.2871154878953945,SE,3635,1.2186943979988458e-05,0.004231420146189501,0.004323482513427734,7453.634763429994,-3808.9235161295887,98.50286319452698,0.0,0.0
569,0.07832084863894254,4,PHYHIP,9.520656374178936,11.01228106169514,-3617.77033779759,-7.788628458856841,0.3218510102870042,SE,3635,1.752461705554685e-05,0.0028318790309583446,0.00433659553527832,7268.33413315505,-3803.3902709195836,185.61993312199365,0.0,0.0
570,0.042169323051196576,4,EGR3,9.520656374178936,21.255289330461277,-3122.0531876951773,-3.527469104366658,0.06927878675520122,SE,3635,1.2972428923800607e-05,0.006273645210586091,0.0060999393463134766,6276.899832950225,-3177.354138161235,55.30095046605766,1.0347278589506459e-13,2.2418346234035373e-13
571,0.18179752198957488,4,NEFM,9.520656374178936,4.211606034241561,-3949.722318488213,-8.149399239454466,0.45068901493427826,SE,3635,6.515567821141531e-05,0.002876843141950059,0.004353761672973633,7932.238094536297,-4232.614140348049,282.89182185983555,0.0,0.0
572,0.24722939000247177,4,NEFL,9.520656374178936,2.8492953251457456,-3275.815055366719,-9.474761190845,0.5793478350849112,SE,3635,4.969922304340385e-05,0.0015014516755370412,0.004251956939697266,6584.423568293309,-3865.1457046196097,589.3306492528905,0.0,0.0
573,0.061632983738046425,4,DPYSL2,9.520656374178936,14.247361663818234,-2974.792576524866,-7.411846609739038,0.27141964290407655,SE,3635,1.519191498369138e-05,0.0037147839881126205,0.004372119903564453,5982.378610609602,-3091.2450749282516,116.45249840338556,0.0,0.0
574,0.03282754497543241,4,STMN4,9.520656374178936,27.570232108944282,-3793.704005008182,-5.646545483808062,0.15076060533534621,SE,3635,1.0994603007940092e-05,0.008451217497670856,0.013632059097290039,7620.201467576234,-3838.4269439575564,44.722938949374566,2.26982876938564e-11,4.200758507803861e-11
575,0.0544208783588295,4,PTK2B,9.520656374178936,16.259501835484183,-3663.807343179187,-5.138426771064368,0.1452809767460039,SE,3635,1.6781556809942582e-05,0.005115885447509103,0.0043659210205078125,7360.408143918244,-3747.9116285880823,84.10428540889552,0.0,0.0
576,0.030471288214126282,4,RPL7,9.520656374178936,29.774519933315972,-3387.503377635009,-5.172887661477151,0.12353281778190137,SE,3635,1.4976677297954111e-05,0.013234931500837497,0.012296199798583984,6807.800212829889,-3422.7915450997757,35.2881674647665,2.8435441778995596e-09,4.443506898206471e-09
577,0.042764834424038806,4,PMP2,9.520656374178936,20.94627291980051,-3546.501693846421,-2.9525526768200803,0.05735922136662995,SE,3635,1.1577171421022248e-05,0.005456992295800592,0.0059812068939208984,7125.796845252712,-3617.900554869655,71.39886102323408,0.0,0.0
578,0.0763198916368177,4,CA2,9.520656374178936,11.325535717651118,-3167.281313440159,-1.7797999793248889,0.043556797799467174,SE,3635,1.3579534594237381e-05,0.0022931137668485285,0.00434422492980957,6367.356084440188,-3369.7766697704324,202.49535633027335,0.0,0.0
579,0.048168048024278355,4,NECAB1,9.520656374178936,18.491670249262665,-3905.28542830825,-7.144070561641067,0.2528946593552953,SE,3635,2.8861944517222667e-05,0.010956557779261022,0.022567033767700195,7843.3643141763705,-3942.322885137659,37.03745682940871,1.1588162651676726e-09,1.871710217666873e-09
580,0.15973542868200702,4,RPL30,9.520656374178936,4.922545157371705,-2675.5385620298116,-4.35051304956224,0.14401330547106123,SE,3635,5.0479864309196834e-05,0.0026635758962712574,0.004484415054321289,5383.870581619493,-2978.1551509365536,302.616588906742,0.0,0.0
581,0.06341372488798705,4,YWHAZ,9.520656374178936,13.82099892290134,-2984.6638014020505,-8.205926071050559,0.3297454817032983,SE,3635,1.6394354272402083e-05,0.003813353346960675,0.004271984100341797,6002.121060363971,-3112.8266205217333,128.1628191196828,0.0,0.0
582,0.035712731702406075,4,OXR1,9.520656374178936,25.267267003829318,-3752.6096062381653,-6.73209670411103,0.21078977187992182,SE,3635,1.381442726787998e-05,0.009077069928499182,0.015179872512817383,7538.012670036201,-3800.0870267262626,47.47742048809732,5.564104732513897e-12,1.0725286538318012e-11
583,0.026422811424322103,4,SYBU,9.520656374178936,34.47992181182091,-3458.1548071889856,-4.8166669181421895,0.10517166479250262,SE,3635,8.962244526238813e-06,0.010361675455676173,0.013635873794555664,6949.103071937841,-3492.768275603648,34.61346841466229,4.02114452846547e-09,6.204434843754062e-09
584,0.04055224541012654,4,KCNV1,9.520656374178936,22.14018943121894,-3303.8509789608997,-4.520489112722218,0.10454729982097158,SE,3635,1.9114304215177477e-05,0.00993147602571133,0.0059168338775634766,6640.49541548167,-3353.1700371287543,49.319058167854564,2.1753709944505317e-12,4.32967868717965e-12
585,0.020921892085230164,4,MAL2,9.520656374178936,43.79164810454748,-3498.128223002106,-5.104666362751186,0.109924373242187,SE,3635,8.598789080858236e-06,0.015505641341604289,0.013663291931152344,7029.049903564082,-3519.311855590577,21.183632588471028,4.173131605722524e-06,5.038865003729755e-06
586,0.20111246295305776,4,ENPP2,9.520656374178936,3.7172482817248116,-3489.3691910333105,-1.5651744539873085,0.11522712667691952,SE,3635,4.340748889241797e-05,0.001679592715761387,0.004385471343994141,7011.531839626491,-4073.1909066304106,583.8217155971001,0.0,0.0
587,0.13498605148939713,4,NDRG1,9.520656374178936,5.99665584297799,-3480.002414837623,-2.153750035190609,0.08671313249069776,SE,3635,3.28190488806232e-05,0.0022130478645185237,0.005438566207885742,6992.798287235116,-3825.428238647504,345.42582380988097,0.0,0.0
588,0.031608965023839454,4,ADGRB1,9.520656374178936,28.66918798575491,-3409.5049159054233,-4.531753540995408,0.09885741057763002,SE,3635,1.049438029526491e-05,0.008658023687889439,0.014505147933959961,6851.803289370717,-3453.4649266904667,43.96001078504332,3.3515412667384226e-11,6.085487761959105e-11
589,0.024548688286810297,4,LYNX1,9.520656374178936,37.18366671506557,-3768.51005160327,-5.481039249886251,0.132373775715849,SE,3635,9.607442046182656e-06,0.012770800481717484,0.013242721557617188,7569.81356076641,-3797.7846633711333,29.274611767863462,6.281330588997491e-08,8.840214218064177e-08
590,0.050245949373923245,4,LY6H,9.520656374178936,17.688255630956537,-3747.232689430591,-7.445538319468341,0.27257662770805535,SE,3635,1.4713567537507422e-05,0.005175624015110435,0.004345417022705078,7527.258836421052,-3828.0629878917116,80.83029846112049,0.0,0.0
592,0.04238008323351951,4,SCRT1,9.520656374178936,21.14493102101509,-3299.06871368101,-3.8390095678291845,0.08094833849901371,SE,3635,1.4518323699309103e-05,0.006957452986423231,0.006093025207519531,6630.9308849218905,-3364.994513949491,65.925800268481,4.440892098500626e-16,1.0863669926910624e-15
593,0.08321522476359691,4,RPS6,9.520656374178936,10.309545269294688,-3441.9214062839023,-5.197134996080151,0.16389038854672386,SE,3635,2.7323522086361897e-05,0.0039858365400678285,0.004482269287109375,6916.636270127675,-3598.615015149622,156.69360886571985,0.0,0.0
594,0.01752620740410292,4,RFK,9.520656374178936,52.45754183421381,-3247.8623848085117,-4.047732131565778,0.06760979404601287,SE,3635,8.492263771258012e-06,0.02152167455072759,0.013760805130004883,6528.518227176894,-3265.3856697619008,17.523284953389066,2.8381048888581617e-05,3.1070310196834675e-05
595,0.09875288819931514,4,DIRAS2,9.520656374178936,8.540218610455183,-3916.5516927817966,-6.607980775687516,0.26626329698368956,SE,3635,2.6536532809379958e-05,0.00291731696971211,0.00439143180847168,7865.896843123463,-4114.558181438134,198.0064886563373,0.0,0.0
596,0.06435216687836914,4,GABBR2,9.520656374178936,13.605802077492006,-3802.626490098895,-7.3295269880928915,0.28046027858073996,SE,3635,1.7144932857004697e-05,0.0038867318587804452,0.004312992095947266,7638.04643775766,-3924.156580180518,121.53009008162326,0.0,0.0
597,0.021186832591565986,4,SEC61B,9.520656374178936,43.2323333483725,-3547.0956994980834,-3.970793352131723,0.07061398300657842,SE,3635,1.0606418529548066e-05,0.01867068714207368,0.014985799789428711,7126.984856556037,-3566.7041179321186,19.60841843403523,9.504947123928353e-06,1.1015051087161511e-05
598,0.043141414586770815,4,FRRS1L,9.520656374178936,20.75526508983629,-3706.6159070615636,-5.54726281586619,0.15576427042941024,SE,3635,1.8190465867042534e-05,0.008437857261144668,0.012649297714233398,7446.025271682997,-3754.172089093866,47.55618203230233,5.344946707452891e-12,1.0317622442976759e-11
599,0.14675604086059882,4,GSN,9.520656374178936,5.440666972941256,-3950.9139990238095,-2.4313581598832874,0.12038537064098549,SE,3635,3.296393917518406e-05,0.001964440115526434,0.0049135684967041016,7934.621455607489,-4321.238707712359,370.3247086885499,0.0,0.0
600,0.051088241026182146,4,RPL35,9.520656374178936,17.381201179411065,-3244.570862064895,-4.955787369182205,0.1293568188876515,SE,3635,2.1551002038208182e-05,0.007357355238293221,0.0043795108795166016,6521.935181689661,-3317.643741782542,73.07287971764663,0.0,0.0
601,0.08669745761698182,4,RPL12,9.520656374178936,9.857872858158574,-3424.8238907488408,-4.476587076218438,0.13273690744718783,SE,3635,2.441685862153565e-05,0.00332571943966425,0.004317045211791992,6882.441239057552,-3592.3881687748694,167.56427802602866,0.0,0.0
602,0.10986046517506316,4,STXBP1,9.520656374178936,7.582135906902888,-3185.541997580467,-8.460804151674331,0.3887750876969044,SE,3635,2.7952588272842656e-05,0.0025898770744499085,0.004365444183349609,6403.877452720804,-3436.637691282671,251.0956937022038,0.0,0.0
603,0.02450903185617809,4,FAM102A,9.520656374178936,37.24534525469326,-3185.247511026828,-2.4497270361963683,0.03291600413679366,SE,3635,8.244794183435313e-06,0.010993208063808572,0.024711132049560547,6403.288479613526,-3214.797621498118,29.55011047129028,5.4489547762770485e-08,7.725311877469137e-08
604,0.11915122945191255,4,DNM1,9.520656374178936,6.917954998425033,-3130.558799896732,-8.467818704865307,0.3943807338301544,SE,3635,2.8110664196044657e-05,0.0022930583116728136,0.00442957878112793,6293.911057353334,-3392.793624373274,262.2348244765417,0.0,0.0
605,0.1034010717685289,4,AIF1L,9.520656374178936,8.114244374425708,-2970.0144338201117,-1.0669613676351182,0.041323201125943,SE,3635,2.2761795252584394e-05,0.0023231182065511576,0.005526304244995117,5972.8223252000935,-3236.654260956112,266.63982713600035,0.0,0.0
606,0.2902809307498758,4,PTGDS,9.520656374178936,2.287930750625374,-3043.3659892730984,-4.203280688383136,0.22117132301185985,SE,3635,7.686546828523179e-05,0.0019637922102975734,0.0037720203399658203,6119.525436106067,-3819.1611523530105,775.7951630799121,0.0,0.0
607,0.03885984919096275,4,TUBB4B,9.520656374178936,23.14517757250437,-3803.864418550372,-7.008765560888113,0.23175372462670193,SE,3635,2.0444776447372908e-05,0.011490080616262418,0.014232635498046875,7640.5222946606145,-3844.515158300686,40.65073975031373,1.8201828932973285e-10,3.15589348884729e-10
608,0.101802733384251,4,IFITM3,9.520656374178936,8.256332949188705,-4049.5212596694414,-2.1075992885665973,0.08514299135100004,SE,3635,3.4790728813270474e-05,0.0036410192252653356,0.004340171813964844,8131.835976898753,-4240.785834886031,191.2645752165895,0.0,0.0
609,0.048841240111206344,4,CD151,9.520656374178936,18.223896388198995,-3264.2346174909485,-2.7850685852274775,0.05341866341396792,SE,3635,2.076523406652278e-05,0.007687599712113893,0.0059833526611328125,6561.262692541767,-3325.0314833737953,60.79686588284676,6.328271240363392e-15,1.4455689822098814e-14
610,0.0253282176191009,4,POLR2L,9.520656374178936,36.0104602454294,-3855.9060866804057,-5.592300505328094,0.1390514134090851,SE,3635,1.635610205553573e-05,0.02048861773269739,0.021218061447143555,7744.6056309206815,-3875.4612106456966,19.55512396529093,9.773823651193503e-06,1.1278075006834858e-05
611,0.03579662753211502,4,TOLLIP,9.520656374178936,25.20585544836839,-3781.4227647729117,-7.2538167459670815,0.24224541908450084,SE,3635,1.2904365352717324e-05,0.008442241549350424,0.006054401397705078,7595.638987105694,-3834.8590285755417,53.43626380263004,2.6711965972481266e-13,5.650901892405987e-13
612,0.04778814627826082,4,MTRNR2L8,9.520656374178936,18.646112800098788,-3487.4003735305328,-5.849263895291975,0.17251102855413286,SE,3635,1.5425202199113368e-05,0.005940210376812928,0.0043752193450927734,7007.594204620936,-3565.14484924994,77.74447571940709,0.0,0.0
613,0.07879904358963738,4,DKK3,9.520656374178936,10.939773790109577,-3519.2119851125094,-7.527946424688677,0.3015547085287005,SE,3635,1.7183781741082472e-05,0.0027482807308922795,0.004296302795410156,7071.217427784889,-3674.8391522562433,155.6271671437339,0.0,0.0
614,0.07229227786557771,4,RPS13,9.520656374178936,12.008649536550797,-3187.1660007813057,-5.661954410564061,0.1763077420046289,SE,3635,1.8460523930036874e-05,0.0034204800088664224,0.004568576812744141,6407.1254591224815,-3338.281638142597,151.1156373612912,0.0,0.0
615,0.028270885295630706,4,LDHA,9.520656374178936,32.16478958148508,-3811.1094971209423,-7.547711480841322,0.24804766833572306,SE,3635,1.1392617017136103e-05,0.011592261333938453,0.023407936096191406,7655.012451801755,-3841.22067640223,30.111179281287605,4.079726101391401e-08,5.839453220560227e-08
616,0.027888783445730404,4,PTPN5,9.520656374178936,32.61829770386262,-3104.2753796454954,-3.7761241792592415,0.06805514460379355,SE,3635,1.3141016062035452e-05,0.013718965525463011,0.013851404190063477,6241.344216850861,-3136.3542095278,32.07882988230449,1.4804176662330804e-08,2.1816371064671506e-08
617,0.024463852586265305,4,SVIP,9.520656374178936,37.31585726702779,-3442.232050286395,-3.054833332710323,0.04754576325229975,SE,3635,1.0083676239896069e-05,0.013492312593147445,0.01566767692565918,6917.25755813266,-3471.900651325711,29.668601039315945,5.1258395084019526e-08,7.290257997727168e-08
618,0.04332777301066546,4,KIAA1549L,9.520656374178936,20.661969054612634,-3548.142911632974,-5.374953526648369,0.14592282789862326,SE,3635,1.2572948207047235e-05,0.0057863459774017256,0.00595855712890625,7129.079280825818,-3612.357429544073,64.21451791109894,1.1102230246251565e-15,2.6298496742081177e-15
619,0.1507696687936062,4,SLC1A2,9.520656374178936,5.270919995144788,-3315.8963756355656,-6.650006816967219,0.28532829528560333,SE,3635,4.103215359667813e-05,0.0023513745753819836,0.004381895065307617,6664.586208831001,-3564.943733245481,249.04735760991525,0.0,0.0
620,0.018213779228437525,4,CHST1,9.520656374178936,50.44193897976376,-3593.451113214709,-5.005857150188169,0.10243400819215584,SE,3635,8.171548585725132e-06,0.019228906306936435,0.014678478240966797,7219.695683989288,-3611.566464828625,18.11535161391612,2.0791836145117593e-05,2.3138519809590226e-05
622,0.06871332553100964,4,C1QTNF4,9.520656374178936,12.682863814675672,-3748.4814524319977,-6.7650836340773886,0.24681733465358216,SE,3635,1.766078678861472e-05,0.0035719293972001497,0.0045642852783203125,7529.7563624238655,-3881.785336502244,133.3038840702461,0.0,0.0
623,0.021846622464574878,4,SELENOH,9.520656374178936,41.89841202584486,-3832.4299613666644,-6.075169785158897,0.15550967726467801,SE,3635,1.437158340845719e-05,0.023857650503755164,0.023329496383666992,7697.653380293199,-3852.230827987941,19.800866621276782,8.594370105585725e-06,1.0002884363217108e-05
624,0.03052837749937006,4,SYT7,9.520656374178936,29.717090441224684,-3604.661239786479,-5.097085212256025,0.12194697970444021,SE,3635,1.016496617110808e-05,0.008951307865213913,0.012903690338134766,7242.115937132829,-3643.347373213402,38.68613342692288,4.977325218646911e-10,8.288075296576766e-10
625,0.2875754476823487,4,FTH1,9.520656374178936,2.3182591448575325,-393.92416399458943,-4.083196330896295,0.11620106548361916,SE,3635,4.231083641614467e-05,0.0010908462608526872,0.004388332366943359,820.6417855490494,-1388.3505949851135,994.4264309905241,0.0,0.0
626,0.07677830131178229,4,RTN3,9.520656374178936,11.252328746518778,-2556.9317197857913,-8.797611510205522,0.3822749223135215,SE,3635,2.5225219256258508e-05,0.00421643569533156,0.004332542419433594,5146.656897131453,-2689.3689588637317,132.43723907794038,0.0,0.0
627,0.028746445744356804,4,NRXN2,9.520656374178936,31.61719760991871,-3660.4373094745097,-5.0849146585621625,0.11992985204408296,SE,3635,1.167679800456648e-05,0.011513698351542909,0.014027118682861328,7353.6680765088895,-3690.5698429594813,30.132533484971646,4.035049849804295e-08,5.781657254052046e-08
628,0.14563984861840132,4,NEAT1,9.520656374178936,5.489536451144005,-3711.4967270609754,-2.9537962862471794,0.12231227596891991,SE,3635,4.359232157406254e-05,0.0026269361971701793,0.004814624786376953,7455.786911681821,-3973.7161173827144,262.21939032173896,0.0,0.0
629,0.303233682366074,4,MALAT1,9.520656374178936,2.1502285126067924,-3345.3379743613596,-3.994599266779235,0.24553841417495853,SE,3635,7.040252561419568e-05,0.0017261669633377667,0.004303932189941406,6723.469406282589,-3816.1257507636165,470.7877764022569,0.0,0.0
630,0.022654041343260066,4,CFL1,9.520656374178936,40.37174679336378,-2631.615273789892,-7.42570998656049,0.22300745917273665,SE,3635,1.124064687892103e-05,0.017410847178574985,0.022701263427734375,5296.024005139654,-2652.830871732416,21.215597942524255,4.104108782265747e-06,4.970199654490883e-06
631,0.0289220065435036,4,CNIH2,9.520656374178936,31.419596271648093,-3608.5205523517016,-4.864567765432447,0.11071896313496743,SE,3635,1.0229260176565403e-05,0.009971379913877022,0.01200723648071289,7249.834562263273,-3646.0949895357653,37.574437184063754,8.799010409177299e-10,1.4367316202098857e-09
632,0.03119216814597756,4,TMEM151A,9.520656374178936,29.06477636549962,-3426.7360015850645,-3.6521691212960996,0.0686323918564284,SE,3635,1.0426378091404014e-05,0.008818492840298014,0.014080524444580078,6886.265460729999,-3471.2607035157916,44.52470193072713,2.511679753069984e-11,4.6040203548966774e-11
633,0.25757391210784636,4,CARNS1,9.520656374178936,2.6972814015982496,-3055.5574623291013,-1.277294307684181,0.1193539901480638,SE,3635,4.900852747575374e-05,0.0014153361004103392,0.004388332366943359,6143.908382218073,-3842.2247007907235,786.6672384616222,0.0,0.0
634,0.020611328114428524,4,CTTN,9.520656374178936,44.465584707161625,-3594.231527682118,-3.5618535509437104,0.058359773793166383,SE,3635,1.240867013279172e-05,0.023025942133398015,0.014281749725341797,7221.256512924107,-3612.327416937822,18.095889255703696,2.1005443015531533e-05,2.3337629054115062e-05
635,0.047859604336974386,4,PDE2A,9.520656374178936,18.61687552909046,-3625.780145077271,-5.144424757458029,0.1399046328893783,SE,3635,1.7429060059727294e-05,0.0066937635452376165,0.006071567535400391,7284.353747714412,-3677.12731921905,51.347174141779306,7.739364704661966e-13,1.582517237206371e-12
636,0.031066041857773882,4,STARD10,9.520656374178936,29.186576855823393,-3303.364483420226,-2.973175996636455,0.048959878992262784,SE,3635,2.5252469788148868e-05,0.02152102353434512,0.02272629737854004,6639.522424400322,-3330.5384601743353,27.17397675410939,1.8594475259536836e-07,2.529283425614748e-07
637,0.0324900159425255,4,PGM2L1,9.520656374178936,27.86637254642074,-3690.7173307878675,-5.8130566890888264,0.1574474103555814,SE,3635,1.0422067463731715e-05,0.008167323065705058,0.011638879776000977,7414.228119135605,-3733.6963736161742,42.979042828306774,5.532940772212669e-11,9.873103861676816e-11
638,0.07487605072679475,4,C11orf87,9.520656374178936,11.561971702812583,-3695.1795199373505,-6.122413185740653,0.2123616561218494,SE,3635,2.773438639571706e-05,0.004838576419483806,0.0043904781341552734,7423.152497434571,-3810.2841425018587,115.10462256450819,0.0,0.0
639,0.3630073397946179,4,CRYAB,9.520656374178936,1.6420785568806404,-3748.415435246498,-2.9061778962613496,0.3086117620895683,SE,3635,6.422877734262425e-05,0.001361534657469377,0.0045013427734375,7529.624328052866,-4950.706125942643,1202.2906906961448,0.0,0.0
640,0.04971696412695232,4,NCAM1,9.520656374178936,17.88641417845694,-3870.57903942084,-5.684847259032672,0.1708319742294615,SE,3635,1.65508891551561e-05,0.0059340088020414985,0.004386425018310547,7773.951536401551,-3946.431502835013,75.85246341417269,0.0,0.0
641,0.04126964993915663,4,FXYD6,9.520656374178936,21.739051869298468,-3709.0486341038763,-7.835277844932692,0.28704597841402235,SE,3635,1.5969916712170806e-05,0.008034742213310055,0.006106138229370117,7450.890725767623,-3761.881466559056,52.83283245517987,3.631539513548887e-13,7.610703030377166e-13
642,0.015798359120787246,4,ATP5MG,9.520656374178936,58.29710802234261,-3626.775370996991,-7.373623137566889,0.20485008568197718,SE,3635,8.131273107708036e-06,0.025181907009736087,0.013358831405639648,7286.344199553852,-3642.488547983335,15.713176986344024,7.370888967972444e-05,7.790413249017511e-05
643,0.05600189692178535,4,RPS25,9.520656374178936,15.774052856327344,-3361.5796837700295,-6.03078036554096,0.18731787303837827,SE,3635,1.4394856243062533e-05,0.004169949037776469,0.004286766052246094,6755.952825099929,-3467.422593390274,105.84290962024443,0.0,0.0
644,0.02221350566757671,4,C2CD2L,9.520656374178936,41.1909529371282,-2968.664381140501,-3.4161947827454364,0.052918886078881386,SE,3635,9.959257321447242e-06,0.016015244305071362,0.013878345489501953,5970.122219840872,-2989.25130865993,20.586927519429082,5.698389872299536e-06,6.749053305860528e-06
645,0.1362858144980739,4,THY1,9.520656374178936,5.93054091443657,-2661.071429816308,-8.295521711888112,0.3793398609176111,SE,3635,2.6316622398289754e-05,0.0017493238415317875,0.005553722381591797,5354.936317192486,-3004.7418776757218,343.6704478594138,0.0,0.0
646,0.023616909669302327,4,ARHGEF12,9.520656374178936,38.687626723577914,-3410.2569927588993,-3.890985707810009,0.06979471767065984,SE,3635,1.1664042126924213e-05,0.0166887830886348,0.023502349853515625,6853.307443077669,-3433.1283689203688,22.87137616146947,1.7321218400701e-06,2.1780291616854275e-06
647,0.0672708994417416,4,SCN3B,9.520656374178936,12.974875529592373,-3899.982760691813,-6.374631109440557,0.2249233460108222,SE,3635,2.161207542040511e-05,0.004534949184138604,0.004254817962646484,7832.758978943496,-3989.680384787859,89.69762409604618,0.0,0.0
648,0.3941564014301746,4,NRGN,9.520656374178936,1.4383575164379232,-1729.404114370937,-8.220271748274364,0.45703522595828233,SE,3635,5.610750696301179e-05,0.0011299169175557787,0.004274129867553711,3491.6016863017444,-2846.7646806641987,1117.3605662932619,0.0,0.0
649,0.021127817480950814,4,NTM,9.520656374178936,43.35570559178479,-3700.570491335491,-4.4871719488719375,0.088321246022276,SE,3635,8.40449957535396e-06,0.014873791273250947,0.013720512390136719,7433.9344402308525,-3722.8042577939723,22.233766458481114,2.4139102627884768e-06,2.9961314902104547e-06
650,0.026203761290688833,4,ATP5F1C,9.520656374178936,34.77597910950694,-3799.7117423905365,-6.006199720916509,0.15929190483763525,SE,3635,1.0936284172509251e-05,0.012844815683298054,0.023494482040405273,7632.216942340943,-3828.5106237881864,28.798881397649893,8.029747600168946e-08,1.1195503012953408e-07
651,0.022386244091864092,4,CELF2,9.520656374178936,40.86589144553773,-3686.3765926092437,-5.271199135435559,0.11979950331115048,SE,3635,1.3064395853795541e-05,0.020700137910300637,0.023013591766357422,7405.546642778358,-3707.1886431156936,20.81205050644985,5.066318428448291e-06,6.037644958614601e-06
652,0.026240369029992293,4,CAMK1D,9.520656374178936,34.726157902469424,-3569.0296266972564,-4.547973665138574,0.09550036049412955,SE,3635,9.652685580108812e-06,0.011307279773533166,0.013212203979492188,7170.852710954383,-3601.623417628642,32.59379093138568,1.1357701112935104e-08,1.6848148388437362e-08
653,0.061007197922503524,4,VIM,9.520656374178936,14.40310388049927,-3922.0130239988844,-2.9618834021482687,0.07437269691865343,SE,3635,2.5069477903713317e-05,0.006241141130988674,0.004832744598388672,7876.819505557639,-4002.9428329700527,80.92980897116831,0.0,0.0
654,0.026638225733707624,4,ARHGAP21,9.520656374178936,34.19352700622103,-3636.4126358341127,-3.864468119535011,0.07304607550536542,SE,3635,1.0032534540684145e-05,0.011422225237684073,0.011803627014160156,7305.618729228096,-3671.159851641298,34.74721580718506,3.7541521002992795e-09,5.799128596642245e-09
656,0.032068310623134526,4,HK1,9.520656374178936,28.245127203176935,-3786.003806667559,-6.442225702391374,0.19004531685537937,SE,3635,1.2246609540780054e-05,0.009834469865133016,0.012665510177612305,7604.801070894988,-3826.0402273363047,40.036420668745905,2.492716033586362e-10,4.2887929896626557e-10
657,0.015008957319145682,4,PSAP,9.520656374178936,61.41248435938282,-2271.9111387326266,-6.557558238900675,0.15754030011696338,SE,3635,7.0065924171285464e-06,0.023963670841397496,0.02272629737854004,4576.615735025123,-2287.337060795234,15.425922062607242,8.580318545314825e-05,8.990987997073027e-05
658,0.03838262235920878,4,PPP3CB,9.520656374178936,23.444585991291426,-3840.549579805894,-7.250382796931696,0.24634509373038868,SE,3635,1.690342222076482e-05,0.009718914724412343,0.01151728630065918,7713.8926171716585,-3888.7237799492386,48.17420014334448,3.899880418600787e-12,7.626616040604078e-12
659,0.1036009887738426,4,RPS24,9.520656374178936,8.096780696836047,-2681.849199645824,-4.927800508191843,0.14731297665974305,SE,3635,2.9385182722332213e-05,0.002989819955023958,0.004324913024902344,5396.491856851518,-2879.636665701378,197.78746605555443,0.0,0.0
660,0.11350385291220372,4,SNCG,9.520656374178936,7.308717176300843,-3813.923018122456,-7.122171312558523,0.30881244026759497,SE,3635,2.4943249340660906e-05,0.0021950485380737893,0.004365444183349609,7660.639493804782,-4083.677283145782,269.75426502332584,0.0,0.0
661,0.12802417060285523,4,ADIRF,9.520656374178936,6.373637858184438,-3957.7700545809826,-2.598253877780367,0.11132518825310317,SE,3635,6.626561934561138e-05,0.004840361892917064,0.0044078826904296875,7948.333566721835,-4117.711071302623,159.9410167216406,0.0,0.0
662,0.02153818787378729,4,SLIT1,9.520656374178936,42.511813084943526,-3334.159220810534,-3.977907758580357,0.07013979598277995,SE,3635,9.120719664541778e-06,0.015558098347376053,0.012794017791748047,6701.111899180938,-3355.946875727437,21.787654916903193,3.045534327061894e-06,3.7319016426987946e-06
663,0.2183124543216331,4,SCD,9.520656374178936,3.350654039006341,-3951.667685873164,-2.9804681284601675,0.19204351262691702,SE,3635,5.546891070239822e-05,0.0019377564330603557,0.0039157867431640625,7936.128829306198,-4568.273863087774,616.6061772146099,0.0,0.0
664,0.0243363631874394,4,NDUFB8,9.520656374178936,37.51624376345556,-3633.4594690627673,-6.791070437300883,0.19531562645206924,SE,3635,1.0872179117000336e-05,0.014692558101685502,0.013039827346801758,7299.712395685405,-3661.9840490588194,28.524579996052125,9.251649846220289e-08,1.2845897150207364e-07
665,0.02822955596282725,4,ATRNL1,9.520656374178936,32.21325029976007,-3570.674072416915,-5.387215585557733,0.13167163101328866,SE,3635,1.1269143400153273e-05,0.01149829982073153,0.011499643325805664,7174.1416023937,-3606.642720404053,35.968647987137956,2.005180910202853e-09,3.166525551750131e-09
666,0.0219840782923093,4,HSPA12A,9.520656374178936,41.63059048780806,-3717.4545915073086,-5.687083099553023,0.13721280222266954,SE,3635,1.1882025671710899e-05,0.01948986649684433,0.025249958038330078,7467.702640574487,-3737.984734264901,20.53014275759233,5.869956461679315e-06,6.933941705870691e-06
667,0.03674813976769388,4,BNIP3,9.520656374178936,24.528975244357735,-3825.490777308524,-6.882755028106898,0.22166743974609812,SE,3635,1.6463108755210812e-05,0.010259026772953424,0.012065887451171875,7683.775012176918,-3871.3712451731353,45.880467864611546,1.2569278950991247e-11,2.3586322869870734e-11
668,0.11223306093529024,4,CD9,9.520656374178936,7.402067958363746,-3642.111911989969,-1.7614699981026483,0.07182190284662854,SE,3635,3.324357368471874e-05,0.0029778097948092246,0.00433802604675293,7317.017281539808,-3895.040333662954,252.92842167298477,0.0,0.0
669,0.044224588942669875,4,GAPDH,9.520656374178936,20.223995336120797,-1097.5062615679553,-6.55059647458293,0.19335786920039116,SE,3635,2.216926402316175e-05,0.00982826206476462,0.005990028381347656,2227.8059806957813,-1153.8014485154663,56.295186947510956,6.23945339839338e-14,1.3650245424423065e-13
670,0.032358652430685635,4,PIANP,9.520656374178936,27.98329806550368,-3451.1508613654896,-4.825865660573728,0.1113426750998282,SE,3635,1.2665137013040766e-05,0.010000569700015954,0.023503780364990234,6935.095180290849,-3485.5728130764196,34.42195171092999,4.436907841132154e-09,6.799154695460333e-09
671,0.02185220194124915,4,MLF2,9.520656374178936,41.8874752612238,-3732.3398625890077,-7.007871498282336,0.2025700813031972,SE,3635,9.459499471822373e-06,0.015695649091036087,0.02237415313720703,7497.4731827378855,-3754.770204122058,22.430341533050523,2.1790433860635616e-06,2.719669599742007e-06
672,0.027019296783482652,4,CLSTN3,9.520656374178936,33.69807507238723,-3785.5315897791816,-6.153703601627132,0.16770334950696295,SE,3635,9.794379224249565e-06,0.010855515134295956,0.01980280876159668,7603.856637118233,-3817.2051571664256,31.67356738724402,1.8238776489098996e-08,2.644336716679714e-08
673,0.02113418001593288,4,NECAP1,9.520656374178936,43.34237145050154,-3480.1765733153534,-4.669707127553651,0.0936456866319974,SE,3635,1.2725419371650843e-05,0.022507728261249766,0.021358013153076172,6993.146604190577,-3500.6814858771295,20.50491256177611,5.947840207687349e-06,7.019779511465135e-06
674,0.043111639453014106,4,GABARAPL1,9.520656374178936,20.770246052072615,-3721.6266728919004,-7.612013007835825,0.2746521810766291,SE,3635,1.0305064335301294e-05,0.004786159318412196,0.004407405853271484,7476.046803343671,-3804.14997518415,82.52330229224981,0.0,0.0
675,0.03272432682723228,4,FAM234B,9.520656374178936,27.660144975709812,-3600.411267828181,-3.548856693429472,0.06797101362508541,SE,3635,1.5104478712235693e-05,0.011678852568671379,0.02477121353149414,7233.615993216232,-3630.0634103014495,29.65214247326867,5.1695461245060415e-08,7.344656104702835e-08
676,0.037675269242696194,4,GRIN2B,9.520656374178936,23.902327368157707,-3086.837274223233,-3.834061669454242,0.07619550308723139,SE,3635,1.0927611274720586e-05,0.006502692561035172,0.011850833892822266,6206.4680060063365,-3141.5150517609236,54.67777753769042,1.4199752484955752e-13,3.047068823797958e-13
677,0.11674826625378455,4,H2AFJ,9.520656374178936,7.079604012359202,-3508.497750931491,-1.1162205514444692,0.061201113551739794,SE,3635,3.0973098926369615e-05,0.00260796747764736,0.004324436187744141,7049.788959422852,-3724.155511492394,215.65776056090317,0.0,0.0
678,0.024441602182916994,4,MGST1,9.520656374178936,37.35067963287123,-3108.949753252122,-2.6708027552947944,0.03703055361651993,SE,3635,1.5046402024335158e-05,0.020167462174840802,0.024122953414916992,6250.692964064114,-3129.519181503635,20.569428251513273,5.750717791519477e-06,6.805039043294818e-06
679,0.05675796246906292,4,LMO3,9.520656374178936,15.551463280420192,-3893.6880991241683,-6.008774029275597,0.1946633826006996,SE,3635,3.1259963399214876e-05,0.008842152504692087,0.006122112274169922,7820.169655808207,-3941.7523200517417,48.06422092757339,4.124811603389844e-12,8.054784500616136e-12
680,0.0319039965677217,4,SLC2A13,9.520656374178936,28.395416637913392,-3330.1643419465045,-4.656600303755876,0.10334122650624654,SE,3635,9.176246395543959e-06,0.0074400236262485,0.0120849609375,6693.122141452879,-3381.858602222097,51.69426027559257,6.484812686835539e-13,1.336144059100181e-12
681,0.023772090081479028,4,CNTN1,9.520656374178936,38.42897142863589,-3835.4229504316554,-6.893467118275009,0.20109834855564968,SE,3635,9.470514266599092e-06,0.013382420131369862,0.022626161575317383,7703.639358423181,-3860.2506146734863,24.827664241830917,6.26912559642534e-07,8.197107414709342e-07
682,0.049263996037068644,4,ARF3,9.520656374178936,18.059478792612524,-3555.185940379068,-7.6001971662494165,0.27929680979291516,SE,3635,1.3122815601112949e-05,0.004783255247038051,0.004372358322143555,7143.165338318006,-3643.234170926801,88.04823054773306,0.0,0.0
683,0.07137803729016687,4,DDN,9.520656374178936,12.174447384469723,-3860.859568922799,-5.55792786344818,0.18248313127702967,SE,3635,1.8972032509620867e-05,0.0035930828049117267,0.00441288948059082,7754.512595405468,-3984.263823727676,123.40425480487693,0.0,0.0
684,0.23061213947774697,4,TUBA1B,9.520656374178936,3.122037194750732,-1607.87959411182,-7.339836425300584,0.31846517413826186,SE,3635,4.9148459536286015e-05,0.0016080733977211672,0.004328250885009766,3248.552645783511,-2092.056080582077,484.1764864702568,0.0,0.0
685,0.024324500936209293,4,FAIM2,9.520656374178936,37.53499553956614,-3503.3260652817753,-7.5792399621712185,0.23967913045076444,SE,3635,1.1010803088869578e-05,0.01489369148842958,0.02292466163635254,7039.445588123421,-3527.3868592272047,24.060793945429396,9.334154972284736e-07,1.199491999564245e-06
686,0.026200505955393163,4,GRASP,9.520656374178936,34.78041619015559,-3235.8571051170165,-3.5649375559595775,0.06123188640779253,SE,3635,1.1201603777795433e-05,0.013159532908132147,0.013941764831542969,6504.507667793903,-3264.6698624130827,28.81275729606614,7.972424742597184e-08,1.1127111108113764e-07
687,0.032331883046189225,4,SPRYD3,9.520656374178936,28.007241798851602,-3829.192579221672,-5.931123117411622,0.1643098581396834,SE,3635,1.3958570357448099e-05,0.01103895012819295,0.012238025665283203,7691.178616003214,-3868.694218094824,39.50163887315193,3.2778424419177554e-10,5.575458928902745e-10
688,0.03673373458790821,4,PPP1R1A,9.520656374178936,24.538961280824577,-3273.161491858812,-3.266111484252662,0.05977836559747089,SE,3635,1.670851155646309e-05,0.010419515282476038,0.0113067626953125,6579.116441277494,-3313.9552934438725,40.793801585060464,1.6916879008732622e-10,2.940683689561227e-10
689,0.0852728185256404,4,TESPA1,9.520656374178936,10.038200699939416,-3559.943737988852,-5.137054210049398,0.16476360458593176,SE,3635,2.191728450638537e-05,0.0030689855155120464,0.004373788833618164,7152.680933537574,-3728.8888974239217,168.94515943506985,0.0,0.0
690,0.046278790542071915,4,CD63,9.520656374178936,19.284764882705367,-3749.191711011051,-4.781630586126825,0.12427716005100281,SE,3635,1.35881043619842e-05,0.005546261644445877,0.006144046783447266,7531.176879581973,-3821.244848060099,72.05313704904756,0.0,0.0
691,0.23297464086763234,4,RPL41,9.520656374178936,3.0808884904282223,-871.8127750320928,-4.555164102986485,0.1353280464568749,SE,3635,7.575147285127737e-05,0.0024491033131143346,0.0051038265228271484,1776.419007624056,-1231.471285634509,359.6585106024163,0.0,0.0
692,0.09400693834020903,4,MYL6,9.520656374178936,9.01861549066947,-3345.3771173871414,-4.782452390476427,0.14864565336345706,SE,3635,3.990741716746409e-05,0.004754543556832425,0.004356861114501953,6723.547692334153,-3478.993509010195,133.61639162305346,0.0,0.0
693,0.022901743809145624,4,LRP1,9.520656374178936,39.92496959836527,-3716.675999962309,-4.607280310426421,0.09487123450009426,SE,3635,9.328510812389118e-06,0.014152499105333808,0.01415109634399414,7466.145457484488,-3739.0627390526083,22.386739090299216,2.2290780307132607e-06,2.7795395445746285e-06
694,0.028569395716820923,4,PIP4K2C,9.520656374178936,31.81893467421256,-3065.7768620687684,-3.947351503125932,0.07376044268889342,SE,3635,1.3822809246579269e-05,0.013789306866690939,0.023770809173583984,6164.347181697407,-3095.4630488864314,29.68618681766293,5.079548559550062e-08,7.239726375321739e-08
695,0.029550275421705817,4,B4GALNT1,9.520656374178936,30.731688046787067,-3342.6251851351553,-4.139132976308348,0.08254191913115583,SE,3635,1.2557979910834538e-05,0.011756231192111052,0.015640974044799805,6718.043827830181,-3375.9483467135165,33.32316157836112,7.80475239992029e-09,1.1785566321683533e-08
696,0.037161620155675826,4,KCNC2,9.520656374178936,24.245640506584987,-3595.479839599059,-5.454229837088231,0.14448036105929382,SE,3635,1.3485677511361948e-05,0.008231315795106256,0.005800485610961914,7223.753136757988,-3654.1527268314194,58.67288723236061,1.865174681370263e-14,4.2035305747342616e-14
697,0.17079436744305285,4,SYT1,9.520656374178936,4.54321832412837,-2896.3058053263335,-9.024439467939192,0.4680344624838945,SE,3635,2.9051074320210105e-05,0.0013961976752168111,0.004937887191772461,5825.405068212537,-3368.5611820435715,472.25537671723805,0.0,0.0
698,0.03147341330920129,4,PPFIA2,9.520656374178936,28.796692570925213,-3763.737291375104,-5.9805849999062355,0.16509182867325486,SE,3635,1.3396853950255337e-05,0.011141922020157591,0.01342320442199707,7560.2680403100785,-3797.7063195969727,33.969028221868484,5.599636643260908e-09,8.503449858430274e-09
699,0.12129726536939238,4,ATP2B1,9.520656374178936,6.779003780894038,-3862.4305475894457,-7.177885022391574,0.3207521943846671,SE,3635,4.7206081383825374e-05,0.003745717979454127,0.004521369934082031,7757.654552738762,-4025.356887100088,162.92633951064226,0.0,0.0
700,0.022917792098281042,4,SLC25A3,9.520656374178936,39.89635666912822,-3728.0946312935284,-7.602361822079467,0.23914441536180098,SE,3635,1.0670321064463836e-05,0.016166582679025307,0.013577461242675781,7488.982720146927,-3754.971070110276,26.876438816747395,2.1688688800480804e-07,2.932778385081005e-07
701,0.03122217093647965,4,NUAK1,9.520656374178936,29.035947477089067,-3610.506477991872,-5.498548858173752,0.14044108332334607,SE,3635,1.2470040335801159e-05,0.010528009841203008,0.01296234130859375,7253.806413543614,-3646.934865633654,36.42838764178214,1.5837959832509796e-09,2.5428705307132245e-09
702,0.042491967469308764,4,ATP2A2,9.520656374178936,21.08679100297373,-3638.626397597854,-7.7954967061151965,0.28522664479465354,SE,3635,1.0835104299642045e-05,0.005167385145763015,0.006107330322265625,7310.046252755578,-3712.0372250640125,73.41082746615848,0.0,0.0
703,0.04607191330459914,4,RPH3A,9.520656374178936,19.375561436997987,-3764.6544677883235,-6.775211823853649,0.22588214594317638,SE,3635,1.4457800660327411e-05,0.005949462955667004,0.0044901371002197266,7562.102393136517,-3838.7603263659066,74.10585857758315,0.0,0.0
704,0.06786163622295885,4,RPLP0,9.520656374178936,12.85378299790404,-3767.1159474742094,-4.435983794307285,0.12608961443076933,SE,3635,2.0620605650421253e-05,0.00426171699091607,0.004378318786621094,7567.025352508289,-3881.0850992907644,113.96915181655504,0.0,0.0
705,0.019391684414828497,4,RAN,9.520656374178936,47.321112378375574,-3814.611718775898,-7.074026726687024,0.20060231003601833,SE,3635,9.88443614327211e-06,0.02061875193440749,0.023728370666503906,7662.016895111667,-3834.511106114329,19.899387338430643,8.16264793945809e-06,9.516873286905605e-06
706,0.08747712984062399,4,AMER2,9.520656374178936,9.761670419065885,-3438.796313651866,-2.515556580416495,0.06861292141392643,SE,3635,1.7430433212822688e-05,0.0023389915631550936,0.004374504089355469,6910.386084863602,-3674.8982582173394,236.10194456547333,0.0,0.0
707,0.10662943166755207,4,TSC22D1,9.520656374178936,7.840241753276852,-3150.5684976927546,-7.889150120210403,0.34068719849214957,SE,3635,3.005991187930699e-05,0.0029205504175107925,0.004258632659912109,6333.930452945379,-3398.702291099138,248.13379340638357,0.0,0.0
708,0.03216639990555469,4,ITM2B,9.520656374178936,28.156141973272813,-2314.973882076977,-7.249897579914557,0.22736105455404984,SE,3635,1.334910138156414e-05,0.010658747083910252,0.019975900650024414,4662.741221713824,-2350.226818729459,35.25293665248182,2.8954516562151866e-09,4.519371916471712e-09
709,0.03365794062464953,4,MYCBP2,9.520656374178936,26.866942779638148,-3652.6062386531885,-5.648658516361017,0.150531148885067,SE,3635,1.4291024787629019e-05,0.010484737650999774,0.013359308242797852,7338.005934866247,-3695.143464232029,42.53722557884066,6.934974816630302e-11,1.2325882945373903e-10
710,0.04688332286083438,4,CPNE6,9.520656374178936,19.02403305664431,-3141.0158285630937,-3.156759456100112,0.06101812905438957,SE,3635,1.689577626292442e-05,0.0067358282379538,0.0060672760009765625,6314.8251146860575,-3202.254775121878,61.23894655878439,5.10702591327572e-15,1.1765875391731114e-14
711,0.028899399712189498,4,PSME1,9.520656374178936,31.44490657555521,-3398.548036109092,-2.418932311455355,0.03596874313734883,SE,3635,1.0585448224589756e-05,0.010333793207620791,0.011576652526855469,6829.889529778055,-3435.6330226257105,37.0849865166183,1.1309111425106266e-09,1.8331487854990156e-09
712,0.01590838180182437,4,FAM177A1,9.520656374178936,57.88745218811801,-3092.5771920167754,-2.6101915615694655,0.030284815003950114,SE,3635,6.230479508617626e-06,0.019037916981959807,0.023086071014404297,6217.947841593421,-3109.6903917630025,17.11319974622711,3.521669622796875e-05,3.824250525892857e-05
713,0.06667838539735589,4,RPS29,9.520656374178936,13.09848770444866,-3062.542710479375,-5.409690064897662,0.15827066846931365,SE,3635,1.714472113803881e-05,0.003653303508480665,0.004385948181152344,6157.87887851862,-3203.6655197387436,141.12280925936875,0.0,0.0
714,0.04841859396431803,4,GNG2,9.520656374178936,18.39114132004226,-3285.841267962531,-3.3083943995306653,0.06758339359400843,SE,3635,1.9069981083613082e-05,0.007171741174385826,0.022122621536254883,6604.475993484933,-3328.2585472598344,42.41727929730314,7.37356842250847e-11,1.3044148381327374e-10
715,0.20950603998484027,4,RTN1,9.520656374178936,3.5308308777310806,-2573.3942079265084,-9.48487714979305,0.5216995670197323,SE,3635,6.583917458421447e-05,0.0024196212740767676,0.0044786930084228516,5179.581873412887,-3021.235553283632,447.8413453571234,0.0,0.0
716,0.028477681624500026,4,SYT16,9.520656374178936,31.92442321756581,-3205.0487315777773,-3.903762663853144,0.07306647826635214,SE,3635,9.835252244853213e-06,0.009871048055937628,0.015142440795898438,6442.890920715425,-3240.57658919987,35.5278576220926,2.514289221267063e-09,3.942729442122541e-09
717,0.040600347647243004,4,SIPA1L1,9.520656374178936,22.112849619205228,-3188.8573680492464,-3.7736688314747484,0.07675174776953785,SE,3635,1.2579355617004424e-05,0.0065218012918083915,0.012163877487182617,6410.508193658363,-3241.1690879736307,52.311719924384306,4.735101200026293e-13,9.846775011997913e-13
718,0.030221983096614693,4,PNMA1,9.520656374178936,30.027853261127667,-3797.1579873576247,-6.733999160659115,0.20344218953681165,SE,3635,1.3197948198578403e-05,0.01184434240757581,0.013933658599853516,7627.10943227512,-3830.238061267264,33.080073909639395,8.84404482981438e-09,1.3280424460354386e-08
719,0.025715245445298282,4,NRXN3,9.520656374178936,35.45440006560354,-3547.3915884713388,-4.944893483236971,0.1099986352627943,SE,3635,1.0437442439127658e-05,0.01270390405986535,0.013837099075317383,7127.576634502548,-3579.439093968007,32.047505496668236,1.5044815504516862e-08,2.209837926427646e-08
720,0.13329306508953456,4,CALM1,9.520656374178936,6.084706363714257,-1843.2351919327666,-7.4917299980771945,0.30092104855271307,SE,3635,3.683488643610906e-05,0.002531341364357643,0.004297494888305664,3719.263841425404,-2140.600902878159,297.3657109453925,0.0,0.0
721,0.027393489714138124,4,ITPK1,9.520656374178936,33.224979282434205,-3885.8206040770374,-4.765818957788566,0.10729903419374653,SE,3635,1.3724486089778337e-05,0.014821138667013876,0.022761106491088867,7804.434665713945,-3910.486697702505,24.66609362546751,6.81730657259294e-07,8.879357324155201e-07
722,0.03176451971336679,4,EVL,9.520656374178936,28.52420886974192,-3806.908526329993,-6.465149456060911,0.19104575612848837,SE,3635,2.1498249604832425e-05,0.017574120253230397,0.02127528190612793,7646.610510219856,-3832.4748092913783,25.56628296138524,4.274436213869137e-07,5.688486284080859e-07
724,0.054807760994647216,4,KLC1,9.520656374178936,16.13812200172935,-3529.9370348124444,-8.3377982843496,0.33789038585215025,SE,3635,1.4014187375745918e-05,0.004218584711203602,0.004401683807373047,7092.667527184759,-3641.711753275874,111.77471846342951,0.0,0.0
725,0.04821456143381996,4,PACS2,9.520656374178936,18.47292825435323,-3384.2751369254606,-2.8084031525169144,0.054966334520465454,SE,3635,1.152310888373484e-05,0.004366767625000934,0.004389762878417969,6801.343731410791,-3482.6294879498982,98.35435102443762,0.0,0.0
726,0.04302054315719706,4,GABRA5,9.520656374178936,20.81620871666678,-3166.012693752761,-3.6768259486618384,0.07481756870201654,SE,3635,1.597284482906015e-05,0.007447288070527398,0.006339073181152344,6364.818845065392,-3222.9109662957344,56.898272542973245,4.5852210917018965e-14,1.0080402875399299e-13
727,0.045743391540471606,4,SCG5,9.520656374178936,19.521434279158086,-3733.6338585877106,-8.44443366542887,0.33702266586191176,SE,3635,1.6810165924976344e-05,0.0070080231751669,0.0045735836029052734,7500.061174735291,-3805.883708902631,72.24985031492042,0.0,0.0
728,0.0299622042345549,4,LPCAT4,9.520656374178936,30.296314753280175,-3387.641774423255,-4.857004994759405,0.1098999120510975,SE,3635,9.934868986709093e-06,0.009061689536858908,0.01355886459350586,6808.07700640638,-3431.4821413305567,43.840366907301814,3.5628056060943436e-11,6.451672943863489e-11
729,0.10737103353035626,4,ITPKA,9.520656374178936,7.77962656031145,-3401.8832502997234,-4.230065678772047,0.13362039920732888,SE,3635,4.373325453838202e-05,0.004202311774273185,0.0051212310791015625,6836.559958159317,-3544.4416909255033,142.5584406257799,0.0,0.0
730,0.04642884999853288,4,MAP1A,9.520656374178936,19.219411458141455,-3508.0504766110294,-6.919733353488541,0.2318870625094208,SE,3635,1.6009896279449366e-05,0.006496469174479868,0.006025075912475586,7048.894410781929,-3570.700760122445,62.65028351141564,2.4424906541753444e-15,5.715235048505155e-15
731,0.02228882599936843,4,CKMT1A,9.520656374178936,41.04859462320457,-3051.7462582550033,-4.010117678845054,0.07060683351238221,SE,3635,1.0949501863310622e-05,0.017494197911443212,0.013640165328979492,6136.285974069877,-3073.749485432305,22.003227177301596,2.7219241234277547e-06,3.3567600222257125e-06
732,0.08892521127916525,4,SERF2,9.520656374178936,9.587470293432553,-3210.3010214217215,-4.406832308895165,0.12673338105472096,SE,3635,3.341888695846717e-05,0.00436381097522555,0.004297494888305664,6453.395500403313,-3372.660654657684,162.35963323596252,0.0,0.0
733,0.1324660853205764,4,ARPP19,9.520656374178936,6.128534957459351,-3180.6373023794563,-8.20351866185643,0.3830262967870194,SE,3635,5.8287904782821716e-05,0.004043319093399114,0.004415035247802734,6394.068062318783,-3344.8520506869268,164.21474830747047,0.0,0.0
734,0.05278833722009166,4,MAP2K1,9.520656374178936,16.791286136882228,-3907.7552690766483,-6.172303632260769,0.20014029437657405,SE,3635,2.192125317722693e-05,0.007056794894568318,0.005944013595581055,7848.303995713167,-3961.903690228338,54.14842115168949,1.858513343222512e-13,3.969119405439132e-13
735,0.21725182912381044,4,RPLP1,9.520656374178936,3.3715804569557877,-1740.3092145858427,-4.281254474527278,0.13644842912608088,SE,3635,5.402274920891401e-05,0.001898462544999152,0.004939556121826172,3513.411886731556,-2246.5644653222416,506.2552507363989,0.0,0.0
736,0.04028823204960735,4,LARP6,9.520656374178936,22.291408896072372,-3483.5709420879016,-3.236800480694919,0.06289495067616349,SE,3635,1.621994473450008e-05,0.008529418081502833,0.005979061126708984,6999.935341735673,-3534.4314919102544,50.86054982235282,9.916512055951898e-13,2.0184895946649443e-12
737,0.08384633086186967,4,NPTN,9.520656374178936,10.224902389348872,-3707.305422077185,-8.427249614032059,0.37746683471091047,SE,3635,2.8375597883642245e-05,0.004087156602316116,0.004347562789916992,7447.40430171424,-3872.086398503492,164.780976426307,0.0,0.0
738,0.02619542864685362,4,COX5A,9.520656374178936,34.78733885452316,-3758.8592089462,-6.94576462294741,0.20818221023950817,SE,3635,1.114385039595788e-05,0.013096490511873097,0.013731241226196289,7550.51187545227,-3789.4727886985934,30.613579752393434,3.148821070553254e-08,4.531118312512219e-08
739,0.028141538276411856,4,RASGRF1,9.520656374178936,32.316929819449406,-3603.2932250449758,-5.1844673264388375,0.12302121041171592,SE,3635,9.837007614035925e-06,0.010096326731054223,0.011898040771484375,7239.379907649822,-3641.6192970122197,38.326071967243934,5.985755224813261e-10,9.86956075392561e-10
740,0.036104971697081246,4,NTRK3,9.520656374178936,24.982600280514465,-3176.95315022085,-4.0253749469401106,0.08228651133988171,SE,3635,1.3479010823744274e-05,0.008678953370053564,0.012035608291625977,6386.69975800157,-3221.4899846413987,44.53683442054853,2.4961588351857245e-11,4.581812075002943e-11
741,0.025864169552058256,4,MFGE8,9.520656374178936,35.24486790108107,-3095.144418976646,-3.4072175031442478,0.05582334277915074,SE,3635,1.3157053019839363e-05,0.015839756384887632,0.01358652114868164,6223.0822955131625,-3126.0421579987897,30.89773902214347,2.7198846508369456e-08,3.9222734904401054e-08
742,0.01928012907343069,4,ABHD2,9.520656374178936,47.600328059959374,-3384.441884380567,-3.2665963108215776,0.048424972279893785,SE,3635,7.68083351836483e-06,0.016200636658759437,0.013751506805419922,6801.677226321004,-3405.002831902872,20.560947522305014,5.776250887157275e-06,6.8292469348080914e-06
743,0.02611361435978661,4,IDH2,9.520656374178936,34.89925984957139,-3239.5555696263673,-2.8609387878617247,0.04290789478640947,SE,3635,9.286859326081786e-06,0.010978965544600367,0.023370742797851562,6511.904596812605,-3270.5323655060065,30.976795879639212,2.6113179729669866e-08,3.769752828707707e-08
744,0.046782908669937714,4,SV2B,9.520656374178936,19.066874529825956,-3836.862870926228,-6.935752240316101,0.23735049092360422,SE,3635,1.1364547902273026e-05,0.004548350805433289,0.004306316375732422,7706.519199412326,-3921.1210043652345,84.25813343900654,0.0,0.0
745,0.0396623839840191,4,BAIAP3,9.520656374178936,22.657919713854387,-3467.784627204002,-4.351762185499275,0.09891842674250004,SE,3635,1.2618871823873299e-05,0.006829699775041737,0.006104946136474609,6968.362711967874,-3525.89731065383,58.11268344982818,2.475797344914099e-14,5.533343507207592e-14
746,0.10346459134277286,4,RPS2,9.520656374178936,8.108688330131077,-3204.6337551139213,-4.768273605210868,0.15003037696556729,SE,3635,2.9157964968011308e-05,0.0029729890560789645,0.004374504089355469,6442.060967787713,-3388.7288930251884,184.0951379112671,0.0,0.0
747,0.047133910839195645,4,MKL2,9.520656374178936,18.91791646810542,-3659.0507982919603,-5.4897945143815345,0.15597128907087127,SE,3635,2.250277130006025e-05,0.0088848749424151,0.005961179733276367,7350.895054143791,-3711.0708481721513,52.02004988019098,5.493383525845275e-13,1.1370919745805605e-12
748,0.04599747085282405,4,C16orf45,9.520656374178936,19.408433379991493,-3790.6285172202047,-6.690937464108405,0.22113605291764127,SE,3635,1.4485969957510316e-05,0.0059785939898775375,0.00594019889831543,7614.0504920002795,-3860.2097576500255,69.58124042982081,1.1102230246251565e-16,2.823732731474879e-16
749,0.15086520433510686,4,RPS15A,9.520656374178936,5.266989594598726,-3455.6335089456625,-4.722847762767879,0.18214348974285796,SE,3635,5.553258675674366e-05,0.0031794220171140137,0.0043218135833740234,6944.060475451195,-3700.216747381347,244.5832384356845,0.0,0.0
750,0.049912847506704695,4,CRYM,9.520656374178936,17.812546313184075,-3747.771901413938,-6.717877274487109,0.22630502485969461,SE,3635,1.5592556441185835e-05,0.005550933261740975,0.0045359134674072266,7528.337260387746,-3844.048988701465,96.27708728752714,0.0,0.0
751,0.01794072487811717,4,UQCRC2,9.520656374178936,51.22389792781691,-3788.0542593525215,-6.079650156273632,0.1474778238299802,SE,3635,8.327059357232383e-06,0.020173298043948226,0.013980865478515625,7608.901976264913,-3805.713620509727,17.659361157205694,2.64211673031145e-05,2.906662276712218e-05
752,0.09497252531573797,4,PRKCB,9.520656374178936,8.917408989170736,-3762.2219838823626,-7.42006353538915,0.31296668684271717,SE,3635,2.709037224790701e-05,0.003173921859357352,0.004315853118896484,7557.237425324595,-3921.416068182559,159.1940843001962,0.0,0.0
753,0.04620529141124032,4,CACNG3,9.520656374178936,19.316929870965378,-3650.975689880866,-5.403119320422775,0.1509037427317315,SE,3635,1.3850147859565513e-05,0.005669561570966661,0.006038665771484375,7334.744837321602,-3718.867259858148,67.89156997728196,2.220446049250313e-16,5.584129401683032e-16
754,0.03383570650389246,4,PRRT2,9.520656374178936,26.720872949536528,-3560.65423684887,-4.533232456860361,0.10200813430745384,SE,3635,1.13506319444397e-05,0.008246120127496029,0.013608694076538086,7154.10193125761,-3602.4848761214316,41.83063927256171,9.953149415764528e-11,1.7528154611294033e-10
755,0.01684559261835489,4,TMEM219,9.520656374178936,54.61479962911469,-3736.74843560517,-3.725525433271361,0.05950307010530374,SE,3635,9.156840223688916e-06,0.025049043377580498,0.01352548599243164,7506.29032877021,-3752.5770939887043,15.828658383534275,6.934422325810541e-05,7.36381218497496e-05
756,0.023263071495399686,4,DOC2A,9.520656374178936,39.29031045593442,-3508.3083402923603,-4.7054806916791065,0.09769104144462436,SE,3635,1.132387795637979e-05,0.016674684571817703,0.015258550643920898,7049.410138144591,-3529.3058986326682,20.997558340307933,4.598690658053073e-06,5.519473014288013e-06
758,0.034226823911460806,4,VPS35,9.520656374178936,26.404834295176688,-3854.1948243878574,-6.231678195360272,0.18234690604010692,SE,3635,1.25251742509381e-05,0.00890665027404751,0.014330863952636719,7741.183106335585,-3898.4148527969937,44.220028409136376,2.934630316531184e-11,5.3501513531241107e-11
759,0.025151742366589746,4,ITFG1,9.520656374178936,36.269690696288244,-3854.414527957275,-6.470012054488806,0.18127219569341382,SE,3635,1.608275346317602e-05,0.020415270220017438,0.023868083953857422,7741.62251347442,-3877.690630799408,23.27610284213324,1.4033283713965616e-06,1.776213110123075e-06
760,0.03954792626398289,4,GNAO1,9.520656374178936,22.726203480285562,-3801.454562789227,-7.074164797155539,0.23659979117187346,SE,3635,1.6462584145502615e-05,0.008957571613391611,0.006131887435913086,7635.702583138324,-3851.005800802016,49.55123801278887,1.93256521896501e-12,3.869313479529512e-12
761,0.09611144278460534,4,MT3,9.520656374178936,8.800648991001115,-959.4439073717567,-5.091536188915842,0.1346550778746179,SE,3635,4.0798155974531994e-05,0.004687657907196265,0.004337310791015625,1951.6812723033838,-1097.8340063521782,138.3900989804215,0.0,0.0
762,0.025816548696276993,4,MT1X,9.520656374178936,35.31160623833684,-3555.7833190068723,-2.9013405837714044,0.045511484516782164,SE,3635,9.499625001405961e-06,0.011476596564394093,0.0234832763671875,7144.360095573615,-3586.099526711956,30.316207705083798,3.6704603467718755e-08,5.2648588032781325e-08
763,0.021247260373714143,4,ATP6V0D1,9.520656374178936,43.10671803449313,-3828.9120369147067,-6.891877828717091,0.1954862198170721,SE,3635,1.0508268358480877e-05,0.018397376539655827,0.0133819580078125,7690.617531389284,-3852.7322386830183,23.820201768311563,1.0576656688243702e-06,1.3501338535967469e-06
764,0.035255951565389326,4,CDH13,9.520656374178936,25.606756706990137,-3401.608286311499,-4.141845584019082,0.08745929561429595,SE,3635,2.034300791060569e-05,0.0136902654244205,0.013662576675415039,6836.010030182868,-3437.832985306798,36.22469899529915,1.7582795219794889e-09,2.79631817379072e-09
765,0.017959248379857656,4,HSBP1,9.520656374178936,51.17009946641671,-3861.7541344790534,-4.402051943540639,0.08204419788230718,SE,3635,8.414473953709132e-06,0.02034458282727721,0.022840499877929688,7756.301726517977,-3881.0756170535183,19.32148257446488,1.104565942411373e-05,1.2626535836632674e-05
766,0.03182243522824754,4,KIAA0513,9.520656374178936,28.470592904938314,-3786.7166301693906,-5.843495884573325,0.1589670323074183,SE,3635,1.280031743609838e-05,0.010428226672588272,0.012758493423461914,7606.226717898651,-3825.227679517757,38.51104934836667,5.444457107373069e-10,9.032391569232309e-10
767,0.024156361837746457,4,APRT,9.520656374178936,37.80276938631193,-3647.1274026169485,-2.7196071493247937,0.04082750083491877,SE,3635,1.4358700487501246e-05,0.01968006328862567,0.02309870719909668,7327.048262793767,-3668.0443170553554,20.91691443840682,4.796406269269582e-06,5.7414115808144474e-06
768,0.12224947382466012,4,RPL13,9.520656374178936,6.718912849829629,-2404.412098989302,-4.3928629134534525,0.12563277215641772,SE,3635,4.921303652909764e-05,0.0038581214975329124,0.0043413639068603516,4841.6176555384745,-2606.0019584229717,201.58985943366952,0.0,0.0
769,0.031082466512178608,4,ABR,9.520656374178936,29.170659543029576,-3855.2359741651007,-6.366593542680672,0.18524064743292523,SE,3635,1.260991588888404e-05,0.010735961497705912,0.012036323547363281,7743.265405890072,-3892.3187103280115,37.082736162910805,1.1322170978544932e-09,1.8331487854990156e-09
770,0.02440098551871301,4,PAFAH1B1,9.520656374178936,37.414409369272086,-3783.4209858253944,-6.896798961315006,0.20219388211907913,SE,3635,1.5140572287705222e-05,0.02035793851065995,0.014491081237792969,7599.635429210659,-3804.263965780015,20.84297995462066,4.98516052638287e-06,5.951470177499919e-06
771,0.03320830913343611,4,CAMKK1,9.520656374178936,27.243384132499347,-3606.5312653315814,-4.794857627718718,0.11211740002761113,SE,3635,1.1765954718873836e-05,0.008851491565771521,0.013510465621948242,7245.855988223033,-3646.372990605631,39.84172527404962,2.7539848179714e-10,4.714200243578155e-10
773,0.03588998975313339,4,NLK,9.520656374178936,25.137852047017454,-3733.7845736821114,-5.48690790224703,0.14605412531376336,SE,3635,1.6836131103780023e-05,0.010961346231915333,0.01377415657043457,7500.362604924093,-3772.3514332855148,38.56685960340337,5.290974325333764e-10,8.799462862674426e-10
774,0.040701441466259605,4,ALDOC,9.520656374178936,22.055601665382028,-3426.6096243678016,-6.886743696920068,0.22281066636025598,SE,3635,1.2808335174363013e-05,0.006610242091742851,0.006119251251220703,6886.012706295473,-3494.2871129809396,67.67748861313794,2.220446049250313e-16,5.584129401683032e-16
775,0.08721412385184445,4,RPL23A,9.520656374178936,9.793930035419194,-3343.788873300055,-5.088432624513477,0.15904523993656003,SE,3635,3.474530370457864e-05,0.004685902214511186,0.004380941390991211,6720.37120415998,-3483.3212115223178,139.53233822226275,0.0,0.0
776,0.023488046091322257,4,OMG,9.520656374178936,38.90501450719153,-3568.783128258824,-3.9685061856359893,0.07297513840060149,SE,3635,9.787456376552097e-06,0.014150446154898457,0.023534774780273438,7170.359714077518,-3595.666993384136,26.883865125311786,2.160550923724358e-07,2.9244698802927116e-07
777,0.04256497072062521,4,CDK5R1,9.520656374178936,21.04902005096575,-3834.8919949660844,-6.491658134806742,0.20636136899919166,SE,3635,1.1630526270234831e-05,0.005529332135912266,0.005532979965209961,7702.577447492039,-3909.4443174998087,74.55232253372424,0.0,0.0
778,0.1212123830723495,4,RPL19,9.520656374178936,6.78440627164679,-2784.120324718921,-4.715791543767839,0.1468646034017613,SE,3635,3.8396690206840205e-05,0.0030500059448961467,0.004401206970214844,5601.034106997712,-3021.173083359743,237.05275864082205,0.0,0.0
779,0.06801374380648316,4,IGFBP4,9.520656374178936,12.822943679779879,-3446.410654184419,-1.8012139577691748,0.044642822894937886,SE,3635,3.388802538072422e-05,0.0069765790143427485,0.004488468170166016,6925.614765928708,-3517.4182173405256,71.0075631561067,0.0,0.0
780,0.34057607778794774,4,CNP,9.520656374178936,1.8118634596183818,-3871.176887693561,-2.8258918499214603,0.2985237530568127,SE,3635,5.398681454929249e-05,0.0011992247284347834,0.003883838653564453,7775.1472329469925,-5045.733359955004,1174.5564722614427,0.0,0.0
781,0.02078028654031562,4,CNTNAP1,9.520656374178936,44.096439483033855,-3073.497039268799,-3.902970011423058,0.06600345601643672,SE,3635,7.249723473808038e-06,0.01324408224410239,0.024097681045532227,6179.787536097469,-3098.757564954816,25.26052568601699,5.00854917540039e-07,6.609587514619807e-07
782,0.021659186647251395,4,GRN,9.520656374178936,42.26909363945188,-3281.15429571401,-2.5752308302132696,0.03417578741013588,SE,3635,9.879658553528692e-06,0.01667314644208898,0.023253917694091797,6595.10204898789,-3305.767465594764,24.613169880753958,7.007121006763484e-07,9.117759002998029e-07
783,0.48707404736195076,4,GFAP,9.520656374178936,0.9854499957212528,-3746.081671048374,0.269593394031934,0.43479634224426356,SE,3635,8.850977440003808e-05,0.0016596012532419325,0.003257274627685547,7524.956799656618,-5016.021754976115,1269.9400839277405,0.0,0.0
784,0.07273345725632265,4,NSF,9.520656374178936,11.930132484781268,-3679.371591360244,-8.718504797966048,0.3893988321424071,SE,3635,1.828053200155028e-05,0.0033519074251108175,0.0043370723724365234,7391.536640280358,-3833.266151790157,153.89456042991287,0.0,0.0
785,0.03524048099071542,4,NME1,9.520656374178936,25.618408884341832,-3841.4239473875828,-4.9461433864213475,0.1224839193113239,SE,3635,1.7459070778503714e-05,0.011759044695247411,0.02611517906188965,7715.641352335036,-3875.282217053752,33.858269666169235,5.9276592523360705e-09,8.991427378761284e-09
786,0.05702560607391319,4,CA10,9.520656374178936,15.474082149520125,-3346.38546472963,-4.848272063838069,0.1296947580488666,SE,3635,1.8523031105425414e-05,0.005195810585330195,0.004503488540649414,6725.56438701913,-3439.8740229111127,93.48855818148286,0.0,0.0
787,0.07932914444855631,4,SLC9A3R1,9.520656374178936,10.860417802843013,-3551.62782037855,-1.4529268989881898,0.04693686104056584,SE,3635,3.766696077546141e-05,0.005956202005733934,0.004348278045654297,7136.04909831697,-3651.4664563598444,99.83863598129437,0.0,0.0
788,0.07051700842449254,4,H3F3B,9.520656374178936,12.3345263015646,-3885.6151136216063,-4.3078507628561225,0.12521128034863913,SE,3635,1.747706118520831e-05,0.0033799302628937456,0.004377841949462891,7804.023684803083,-4035.5731914364114,149.95807781480516,0.0,0.0
789,0.05823909486706475,4,SYNGR2,9.520656374178936,15.132160853087244,-3072.607929283156,-1.177535228356997,0.02680207315759113,SE,3635,1.466991975607342e-05,0.0039641905389634965,0.004378318786621094,6178.009316126182,-3199.6092023527553,127.00127306959939,0.0,0.0
790,0.06512323557771327,4,LGALS3BP,9.520656374178936,13.43362757497408,-3417.9278304101213,-1.6604318575813974,0.040562391072485625,SE,3635,1.8762745121292362e-05,0.004165909843733657,0.0050067901611328125,6868.649118380113,-3553.658210057384,135.7303796472629,0.0,0.0
791,0.029254290662313793,4,RBFOX3,9.520656374178936,31.052088522443526,-3720.7709908238066,-5.329547319271208,0.1314635803321039,SE,3635,1.1777964771379638e-05,0.011236801573723242,0.011505603790283203,7474.335439207483,-3756.626381031666,35.85539020785927,2.1251926884957584e-09,3.352110390039138e-09
792,0.02945751810642525,4,NPTX1,9.520656374178936,30.83140417143797,-3120.343291633817,-3.5278756624797496,0.0617726143786148,SE,3635,1.2768582341908689e-05,0.012024274871037197,0.014225959777832031,6273.480040827504,-3146.6062207791,26.262929145283124,2.979533779701171e-07,4.0008256160022993e-07
793,0.03517073135664592,4,BAIAP2,9.520656374178936,25.671070431569937,-3601.2021454855694,-4.407814425871612,0.09874094295861938,SE,3635,1.0670472307594567e-05,0.00721329387772461,0.02361273765563965,7235.197748531009,-3639.540751141011,38.33860565544137,5.947433656672274e-10,9.818406929029523e-10
794,0.04760566998210488,4,ACTG1,9.520656374178936,18.721171752593573,-2191.1051744340384,-6.214823718073814,0.1812305381580725,SE,3635,2.5770546939668014e-05,0.009993158081005047,0.006018400192260742,4415.003806427947,-2242.705836449898,51.6006620158596,6.802336471878334e-13,1.3994242394189515e-12
795,0.022400243783407242,4,P4HB,9.520656374178936,40.839766259287735,-3839.776263578163,-3.898130235760222,0.07135027904865815,SE,3635,9.815566256690209e-06,0.015533918004602717,0.01394343376159668,7712.345984716196,-3865.9687839294156,26.192520351252824,3.0901714020981075e-07,4.1452494109536846e-07
796,0.04613169311341721,4,DLGAP1,9.520656374178936,19.34924095808205,-3749.3340977538833,-5.949136881024546,0.17940201520131882,SE,3635,1.2950378744620035e-05,0.0053166124943883454,0.004420280456542969,7531.461653067637,-3836.004523667139,86.67042591325571,0.0,0.0
797,0.0370596975808368,4,LDLRAD4,9.520656374178936,24.3148951318523,-3181.177300171168,-2.73786523274061,0.04569135292524538,SE,3635,1.6764483900833924e-05,0.010284770027361568,0.012086629867553711,6395.148057902206,-3223.260592927246,42.08329275607775,8.746725566055602e-11,1.5423750551366965e-10
798,0.07123926770533336,4,AQP4,9.520656374178936,12.19998528250531,-3894.9907370721235,-2.1311275810321098,0.0609508974916929,SE,3635,2.1391493764179987e-05,0.004064903914338484,0.00450897216796875,7822.774931704117,-4028.1744775615057,133.18374048938222,0.0,0.0
799,0.10106350519312172,4,SLC39A6,9.520656374178936,8.32356860310077,-3623.1399141985476,-2.3295874587036765,0.07609966727392774,SE,3635,4.191688532124659e-05,0.004438724577494539,0.0043909549713134766,7279.073285956965,-3763.305789344521,140.1658751459736,0.0,0.0
800,0.044010387983734175,4,CELF4,9.520656374178936,20.326981128926494,-3779.725620531543,-6.054490121010081,0.1832463929666767,SE,3635,1.457709296812217e-05,0.00651992754714607,0.00615692138671875,7592.244698622956,-3840.937131829116,61.211511297573,5.10702591327572e-15,1.1765875391731114e-14
801,0.03643246025947172,4,ST8SIA3,9.520656374178936,24.74962194614128,-3508.610488533045,-4.6040489647351714,0.10648598539281333,SE,3635,1.3166993445742795e-05,0.008337276367514667,0.005887269973754883,7050.01443462596,-3561.070374934826,52.45988640178075,4.390932062392494e-13,9.159379073066796e-13
802,0.0440790118660575,4,CBLN2,9.520656374178936,20.293878449766694,-3163.0772902703266,-3.6419352765892947,0.07426573707310458,SE,3635,1.4836854123502326e-05,0.006617274882375165,0.006234407424926758,6358.948038100523,-3224.7334796298737,61.65618935954717,4.107825191113079e-15,9.49637813628141e-15
803,0.05198514717293325,4,CYB5A,9.520656374178936,17.065176004456873,-3100.75493329311,-2.7419100139480412,0.05214897361916279,SE,3635,2.2736405282730025e-05,0.007523180199698861,0.004317045211791992,6234.30332414609,-3172.005961600457,71.25102830734704,0.0,0.0
804,0.7436129817770077,4,MBP,9.520656374178936,0.32264428482121993,-1999.9587733166077,-2.0611864893569365,0.5164381806953215,SE,3635,3.167406615433426e-05,0.0009193168064161309,0.004963397979736328,4032.711004193086,-4946.12834458538,2946.169571268772,0.0,0.0
805,0.05869241735903711,4,FKBP1A,9.520656374178936,15.008056915330043,-3863.876570290278,-6.739148623712205,0.2381584919643668,SE,3635,1.8497080114237773e-05,0.004930259307136123,0.004320383071899414,7760.546598140426,-3955.885198832266,92.00862854198795,0.0,0.0
807,0.03189111736190853,4,SIRPA,9.520656374178936,28.407262022502657,-3840.9533228121168,-6.705330094836038,0.20476067851233815,SE,3635,1.4900337614003124e-05,0.012090200514745096,0.023003816604614258,7714.700103184104,-3871.4813163208496,30.527993508732834,3.2908360592109887e-08,4.730417023729861e-08
808,0.022184700896114937,4,SNRPB,9.520656374178936,41.24565058627316,-3458.548033686404,-2.787023053081043,0.039828673544982506,SE,3635,1.145412366292257e-05,0.018464798575082274,0.023302793502807617,6949.889524932678,-3480.1861153616783,21.638081675274407,3.2924946017365286e-06,4.019874616870206e-06
809,0.045017387965468,4,LZTS3,9.520656374178936,19.85135152158348,-3648.8364202053504,-5.852814770748494,0.17210005291613095,SE,3635,1.3964981932393281e-05,0.005993833691919205,0.00433802604675293,7330.466297970571,-3727.058065157326,78.22164495197558,0.0,0.0
810,0.04702470025398194,4,CHGB,9.520656374178936,18.964024876423075,-3780.8844285960927,-6.783754735658217,0.22764880175717436,SE,3635,1.4128583691159689e-05,0.005601963585729389,0.00438380241394043,7594.5623147520555,-3865.428647141872,84.54421854577913,0.0,0.0
811,0.05118256072688025,4,PLCB1,9.520656374178936,17.3474464709416,-3732.8195219176837,-6.12230803055414,0.19322247932600897,SE,3635,1.994810945199889e-05,0.006787597859139407,0.004944801330566406,7498.4325013952375,-3811.7123852526456,78.89286333496193,0.0,0.0
812,0.37945033117751864,4,SNAP25,9.520656374178936,1.5303702692214567,-1664.069630081398,-8.694414539827939,0.48934807724001606,SE,3635,0.00010033572692022591,0.0020662301521294467,0.0043430328369140625,3360.9327177226664,-2506.2955089122966,842.2258788308986,0.0,0.0
813,0.029094908604849114,4,PCSK2,9.520656374178936,31.227318242628087,-3448.128815582588,-4.369723039870333,0.09094553742852966,SE,3635,1.119526746725201e-05,0.0107912591154947,0.015505790710449219,6929.051088725046,-3482.628914440168,34.50009885758027,4.262296737778115e-09,6.553973165622454e-09
814,0.08559949293156076,4,NAPB,9.520656374178936,9.996320551918,-3697.205051851826,-8.433730416473196,0.37936444210727055,SE,3635,2.279653918968214e-05,0.00317176980331832,0.004297018051147461,7427.203561263522,-3888.3899213620844,191.18486951025852,0.0,0.0
816,0.04689509038218486,4,NORAD,9.520656374178936,19.019024482110897,-3218.8774054715145,-8.373375975535852,0.327546320197934,SE,3635,1.594145836713042e-05,0.006352478994462148,0.004665851593017578,6470.548268502899,-3296.2161341719507,77.33872870043615,0.0,0.0
817,0.020314680185116996,4,DLGAP4,9.520656374178936,45.12856445579782,-3431.9288440307673,-4.099619834593066,0.07313427740121232,SE,3635,7.672857951190161e-06,0.014639139904578349,0.02377605438232422,6896.651145621405,-3454.7494378374204,22.82059380665305,1.7784972867751492e-06,2.23217095015877e-06
818,0.02461148505786703,4,NDRG3,9.520656374178936,37.086404062364096,-3748.898053282286,-6.819276061217044,0.19812402852967986,SE,3635,9.18923671783155e-06,0.012155744131416483,0.013642549514770508,7530.589564124442,-3778.456372525926,29.558319243639744,5.425926430380201e-08,7.700777826009493e-08
819,0.03244321234047852,4,NNAT,9.520656374178936,27.907923444266824,-3833.0798953074623,-5.955667200210129,0.1657094189389017,SE,3635,1.3954604440184359e-05,0.010965125138282187,0.024703264236450195,7698.953248174795,-3866.096844527973,33.016949220510924,9.135894707412717e-09,1.3672893282405526e-08
820,0.030463716730184245,4,PKIG,9.520656374178936,29.782152703919948,-3554.6327182179375,-4.034943432081177,0.08124638860573202,SE,3635,1.2795791980788839e-05,0.011312952603106016,0.013331174850463867,7142.058893995745,-3589.1760477828057,34.543329564868145,4.1686764040704816e-09,6.417350819663318e-09
821,0.051347435462648236,4,YWHAB,9.520656374178936,17.288739692026006,-3416.4986186254205,-8.0959498764501,0.3146578572787756,SE,3635,1.3126261552574257e-05,0.004440638927674109,0.0045893192291259766,6865.790694810711,-3503.078122053951,86.57950342853064,0.0,0.0
822,0.08299767644842365,4,WFDC2,9.520656374178936,10.339020818601758,-3390.6412502643648,-2.9645932222983924,0.07696154028240587,SE,3635,3.113994896942953e-05,0.004562577756264857,0.0044155120849609375,6814.0759580886,-3517.9113859999734,127.27013573560862,0.0,0.0
823,0.02795392267143675,4,GAMT,9.520656374178936,32.54010879177736,-3495.6759193655707,-3.180487218998641,0.053506348276803596,SE,3635,9.889598757538911e-06,0.01027919906750018,0.02705693244934082,7024.145296291012,-3529.785297783954,34.10937841838313,5.209956022156348e-09,7.920631651557675e-09
824,0.10352653525346402,4,RPS15,9.520656374178936,8.103276675133806,-2489.6893940645928,-4.991834108647709,0.14725848646041395,SE,3635,2.475553860572207e-05,0.0025216843900327172,0.0044803619384765625,5012.172245689056,-2720.6129597523277,230.92356568773494,0.0,0.0
825,0.028082068589535623,4,OAZ1,9.520656374178936,32.38734943193921,-3112.302597526803,-6.9403785055644285,0.2070333886446923,SE,3635,8.790639522564585e-06,0.009058447288698574,0.012747764587402344,6257.398652613476,-3148.4148502903595,36.112252763556626,1.8627192011066995e-09,2.951948193209033e-09
826,0.03337137688891819,4,AES,9.520656374178936,27.10568788264202,-3379.771766744905,-6.740831787550722,0.20498166142850277,SE,3635,1.5020056648083671e-05,0.011196734979555489,0.013322591781616211,6792.33699104968,-3414.8743592978863,35.10259255298115,3.1278408751944653e-09,4.870795975681618e-09
828,0.06212214050069338,4,CTXN1,9.520656374178936,14.127807869079291,-3582.9785315480335,-7.167713801269376,0.2638154417671611,SE,3635,1.7868660520292537e-05,0.0043090337385640306,0.004551410675048828,7198.750520655937,-3681.750884005086,98.77235245705242,0.0,0.0
829,0.04682676506289146,4,PIN1,9.520656374178936,19.048140705599963,-3648.7054750488364,-7.416106727466384,0.2654103767162842,SE,3635,1.4473389163007092e-05,0.005782742972594814,0.004418611526489258,7330.204407657543,-3731.956992134752,83.25151708591557,0.0,0.0
830,0.03249873582381344,4,PRDX2,9.520656374178936,27.85864451127523,-3619.7976312189285,-6.813376904021118,0.2098186622130104,SE,3635,1.3975471645948702e-05,0.010946480512000588,0.012048959732055664,7272.388719997727,-3659.6701409183056,39.87250969937713,2.71091926684619e-10,4.6463931846350455e-10
831,0.022637045081939713,4,ADGRL1,9.520656374178936,40.40276115762451,-3730.7792722484864,-5.521758891644022,0.13106800356585865,SE,3635,7.86643808640886e-06,0.012201931417550478,0.02324819564819336,7494.352002056843,-3755.8718306327587,25.09255838427225,5.464332570870312e-07,7.179698335305453e-07
832,0.03990573740417871,4,UNC13A,9.520656374178936,22.514040449979632,-3645.0825092287955,-5.373060724632702,0.14380572257776988,SE,3635,1.211886102303025e-05,0.006485640461577629,0.012525796890258789,7322.958476017461,-3702.7718183877205,57.68930915892497,3.064215547965432e-14,6.803238840367297e-14
833,0.043949328090965224,4,MAST3,9.520656374178936,20.356522014352368,-3812.496292489765,-6.452377952677587,0.20539833594034315,SE,3635,1.927445606487665e-05,0.008642794200231625,0.013070106506347656,7657.7860425394,-3858.762449904927,46.26615741516207,1.0323186749872093e-11,1.957575942290948e-11
834,0.12454189926116159,4,TMEM59L,9.520656374178936,6.578013936473041,-3268.214445495754,-7.943549307663005,0.3597896677639434,SE,3635,3.361896272007837e-05,0.002561369706571413,0.004446268081665039,6569.222348551378,-3509.6157170424312,241.40127154667744,0.0,0.0
835,0.05348233261285426,4,HAPLN4,9.520656374178936,16.56125682919516,-3393.475985760481,-4.253404230935105,0.10363800026064345,SE,3635,1.5526018536875438e-05,0.004882575417832487,0.00435948371887207,6819.745429080832,-3493.548183526273,100.07219776579223,0.0,0.0
836,0.062434013824544075,4,YJEFN3,9.520656374178936,14.052561513732003,-3732.6732455112246,-5.310959294465421,0.16068224618930965,SE,3635,2.3663358723948865e-05,0.005656472667127502,0.0043032169342041016,7498.139948582319,-3825.634195838212,92.96095032698713,0.0,0.0
837,0.05916691621947897,4,GPI,9.520656374178936,14.880192661020747,-3550.274410554151,-7.599644603830708,0.28958024664528415,SE,3635,2.2084409759192045e-05,0.005803218446370356,0.0044214725494384766,7133.342278668172,-3643.58353198207,93.30912142791885,0.0,0.0
838,0.08497419140815919,4,SCN1B,9.520656374178936,10.076766868193177,-3813.791993008261,-6.51242678715934,0.2461691469361901,SE,3635,2.2851396091643675e-05,0.003218614258761439,0.004952669143676758,7660.377443576393,-3979.8158944538236,166.0239014455624,0.0,0.0
839,0.12679137541814592,4,FXYD3,9.520656374178936,6.4447075043737,-3015.5870666440155,-2.071433138234704,0.06709300709687087,SE,3635,4.342641880586652e-05,0.003219197747274982,0.004480600357055664,6063.967590847901,-3223.5985758691186,208.01150922510305,0.0,0.0
840,0.1352776358077351,4,APLP1,9.520656374178936,5.981713311719614,-3323.691318232088,-6.547001125312006,0.26931165428852355,SE,3635,3.186679787288243e-05,0.002141903938587897,0.004919290542602539,6680.1760940240465,-3656.12706081793,332.43574258584204,0.0,0.0
841,0.03203266245126494,4,CLIP3,9.520656374178936,28.277601746469475,-3742.510952338599,-6.880187558654987,0.2140196385632356,SE,3635,1.00584691192296e-05,0.008094138279405314,0.013840675354003906,7517.815362237068,-3787.322119695792,44.81116735719297,2.169819879327406e-11,4.0267503716671616e-11
842,0.04324152817054562,4,COX7A1,9.520656374178936,20.705045576338378,-3750.4605423884864,-4.962420183715578,0.12950595482175936,SE,3635,1.0704561232614025e-05,0.004944443126569628,0.006027936935424805,7533.714542336843,-3824.446250214346,73.98570782585966,0.0,0.0
843,0.2608035083277713,4,PPP1R14A,9.520656374178936,2.652292246963812,-3741.125629218802,-1.8158082016334174,0.1814715827993295,SE,3635,4.661748502084561e-05,0.0013283561732084332,0.004675865173339844,7515.044715997474,-4583.79741323054,842.671784011738,0.0,0.0
844,0.05883177421222437,4,PLD3,9.520656374178936,14.970290192924843,-3510.118767607372,-7.731411672366448,0.2978349341303195,SE,3635,1.5840984636368785e-05,0.004204621503323766,0.00438380241394043,7053.030992774614,-3625.639185836394,115.5204182290222,0.0,0.0
845,0.12745721508766292,4,RPS19,9.520656374178936,6.4061516406987575,-3349.4969265768764,-4.3848168555139795,0.14973552553327482,SE,3635,5.1612266431561146e-05,0.003795576831741796,0.004315853118896484,6731.787310713623,-3552.1830936439424,202.68616706706598,0.0,0.0
846,0.04674793003386151,4,APOC1,9.520656374178936,19.08184130288846,-3504.53125983789,-1.756057409668339,0.03430592868308571,SE,3635,2.0630727494582483e-05,0.008268097657211747,0.006025791168212891,7041.85597723565,-3565.55544197828,61.02418214039017,5.662137425588298e-15,1.3000253474822655e-14
847,0.04081505618803282,4,PNMA8B,9.520656374178936,21.99160176053434,-3806.436807994695,-6.2024136339656,0.1880895896013524,SE,3635,1.1535156470972212e-05,0.005922761865580758,0.006062746047973633,7645.66707354926,-3870.5809304308555,64.14412243616061,1.1102230246251565e-15,2.6298496742081177e-15
848,0.05121782713080572,4,SLC8A2,9.520656374178936,17.334857421908872,-3632.9163107822656,-5.464655617414485,0.15783014273924234,SE,3635,1.9020029772741704e-05,0.00646380025426827,0.004337310791015625,7298.626079124401,-3697.776956798038,64.86064601577255,7.771561172376096e-16,1.8638649384405484e-15
849,0.09257176996699984,4,RPL18,9.520656374178936,9.172941557255246,-2997.035665627857,-4.603467287352368,0.13303208985975531,SE,3635,2.844530726913485e-05,0.003475721817059051,0.004199981689453125,6026.864788815584,-3179.0193350201816,181.98366939232483,0.0,0.0
850,0.01691447197079521,4,PPFIA3,9.520656374178936,54.388585761505986,-3249.871453142572,-3.596611316395742,0.054144154112428296,SE,3635,7.1770259400433195e-06,0.01947907164138586,0.01418304443359375,6532.536363845014,-3268.0312319063796,18.15977876380748,2.0312371285857722e-05,2.2661171041059427e-05
851,0.13498609805366904,4,SLC17A7,9.520656374178936,5.996653451591413,-3225.4437442214708,-8.223113798643846,0.38760134511092514,SE,3635,3.2763029359336534e-05,0.002209269225240315,0.004320859909057617,6483.680946002812,-3543.6326074443978,318.188863222927,0.0,0.0
852,0.09857233492525734,4,RPL13A,9.520656374178936,8.557575640928343,-2754.408110386755,-4.261043228817847,0.11705571089438757,SE,3635,3.222482555893549e-05,0.0035532098916402064,0.004322052001953125,5541.6096783333805,-2913.2074489900506,158.79933860329538,0.0,0.0
853,0.057453672942089244,4,PRKCG,9.520656374178936,15.351818088796684,-3670.3238386838925,-4.8268464428754685,0.1336180164503043,SE,3635,2.4395157594267097e-05,0.006752759961206583,0.006471872329711914,7373.441134927655,-3725.822774612464,55.49893592857143,9.348077867343818e-14,2.0286151383678672e-13
854,0.025887277185241198,4,TTYH1,9.520656374178936,35.212572144704374,-3903.966916201667,-5.410588448966995,0.13215526298384608,SE,3635,9.307099067560762e-06,0.011185857043626866,0.02265143394470215,7840.727289963204,-3933.147069019482,29.180152817814815,6.595132850950591e-08,9.243178616862573e-08
855,0.0457343289234925,4,SYT5,9.520656374178936,19.525488037555185,-3700.2999858947574,-5.708821366984425,0.16606313705079834,SE,3635,1.959938334149405e-05,0.008173769227092115,0.0043561458587646484,7433.393429349385,-3765.9331580272496,65.63317213249229,5.551115123125783e-16,1.3481539846121038e-15
856,0.05278889087932453,4,RPS5,9.520656374178936,16.791100212248367,-3498.0082768600137,-4.92984562285191,0.13237099478629616,SE,3635,1.9944854821697074e-05,0.006420440671981172,0.004307746887207031,7028.8100112798975,-3570.020359362319,72.01208250230547,0.0,0.0
857,0.07925518561269354,4,PI4KA,9.520656374178936,10.87142570388409,-3587.4306416818376,-7.874455723150133,0.32833111769180034,SE,3635,1.914259509789905e-05,0.0030317658011025134,0.0048296451568603516,7207.654740923545,-3740.5640253955016,153.133383713664,0.0,0.0
858,0.02483720414447357,4,MAPK1,9.520656374178936,36.7408606120519,-3838.972068552748,-6.834106160448313,0.19999477053644646,SE,3635,1.3633509826909097e-05,0.017724675493879707,0.022109270095825195,7710.7375946653665,-3861.7860292513237,22.813960698575556,1.7846460341752746e-06,2.237800669812257e-06
859,0.045264704355911074,4,SEZ6L,9.520656374178936,19.737775192718516,-3702.306846608402,-5.122295171462569,0.13771238451325823,SE,3635,1.6641248400037138e-05,0.0070716240001891355,0.005982875823974609,7437.407150776674,-3754.4147282804106,52.107881672008716,5.253575352526241e-13,1.0891289426724803e-12
860,0.2051120769630493,4,YWHAH,9.520656374178936,3.626515803742632,-2545.458985835056,-9.000977356207965,0.47304536874618036,SE,3635,4.649346004475186e-05,0.0017546549162859458,0.00506281852722168,5123.711429229982,-3049.887889979531,504.4289041444749,0.0,0.0
861,0.030939729754355532,4,KCNJ4,9.520656374178936,29.309552027142455,-3301.077912668239,-4.135708530835135,0.08325177331411171,SE,3635,1.1540977990180052e-05,0.009911035239711981,0.014750242233276367,6634.949282896348,-3342.2977946599704,41.2198819917312,1.360318524490367e-10,2.3831337786999807e-10
862,0.045659154248339086,4,RPL3,9.520656374178936,19.55917612024952,-3289.0430537417974,-5.8306347375711365,0.1676312499623096,SE,3635,1.520263424424978e-05,0.006359130824193919,0.006044149398803711,6610.879565043465,-3353.229205955272,64.18615221347454,1.1102230246251565e-15,2.6298496742081177e-15
863,0.02189521302379059,4,NCAM2,9.520656374178936,41.803353007139236,-3526.46206043882,-4.755237483586037,0.0979792592659678,SE,3635,1.1634527275044824e-05,0.019232159049363772,0.02603912353515625,7085.71757843751,-3547.215412577957,20.75335213913695,5.224005480086724e-06,6.22005479527623e-06
864,0.02102225721711791,4,ETS2,9.520656374178936,43.57810897681067,-3289.4441628283785,-4.334022745904079,0.08089560944447195,SE,3635,8.301314664128682e-06,0.01483270360503449,0.023197174072265625,6611.681783216627,-3313.236663229938,23.792500401559664,1.0729971873235655e-06,1.3684065809899846e-06
865,0.019995308710598486,4,SUMO3,9.520656374178936,45.864318957777364,-3719.978582871465,-4.962265020303981,0.10418953497569854,SE,3635,8.514042644881819e-06,0.016745255621153036,0.021901845932006836,7472.7506233028,-3740.570815900718,20.592233029253293,5.6826194605452685e-06,6.736305007294353e-06
866,0.043881299981058663,4,COL6A1,9.520656374178936,20.389530955077657,-3157.953980676991,-2.717750117075267,0.04836440317557123,SE,3635,1.96552139801509e-05,0.008838479010804735,0.005975008010864258,6348.701418913852,-3206.3216404617838,48.36765978479298,3.5335068204744857e-12,6.930281068516088e-12
867,0.004633129251368776,4,HES4,18.237376447532924,172.80997836714428,-3071.095593784772,-3.1084413607154824,0.013776383419693908,SE,3635,6.527504099003447e-06,0.2244643734710516,0.012196063995361328,6174.984645129414,-3075.2335996634147,4.138005878642616,0.04193053685455561,0.028916264174429114
869,0.010943677621357598,4,ACAP3,18.237376447532924,72.69721646753887,-3531.883985040675,-3.999270190140679,0.02926054793662359,SE,3635,3.260155034473341e-05,0.20625153814246192,0.009696483612060547,7096.56142764122,-3536.2643616611135,4.38037662043871,0.036354963615199076,0.02547601616974178
872,0.007877882533820798,4,CCNL2,18.237376447532924,101.30145441045441,-3190.47620687559,-3.2412097726256586,0.017979803939861587,SE,3635,1.0716955402832374e-05,0.1291933771893995,0.011819124221801758,6413.74587131105,-3197.3429968725923,6.866789997002343,0.008781224383087816,0.006941679354219619
874,0.013275791624971407,4,SSU72,18.237376447532924,59.78543674026321,-3744.4578014754434,-5.396402145041448,0.05207104041863418,SE,3635,1.767570816244478e-05,0.07672048378757403,0.009754419326782227,7521.709060510757,-3758.4916997714918,14.033898296048392,0.0001795445638684834,0.00018014097656115211
875,0.016441349944399806,4,GNB1,18.237376447532924,48.11969201817122,-3642.2180540461814,-7.127392788138012,0.08889521440653331,SE,3635,2.4334050944229786e-05,0.06976510620390948,0.009179830551147461,7317.229565652233,-3664.9981784366764,22.780124390495075,1.8163449606589666e-06,2.2733112404019205e-06
876,0.06079675213497537,4,GABRD,18.237376447532924,12.426226245052808,-3816.8593567334833,-6.500159957325352,0.11458976935219894,SE,3635,9.379910569315827e-05,0.02349416448187974,0.004340410232543945,7666.512171026837,-3931.1972490178655,114.33789228438218,0.0,0.0
877,0.017202917946742252,4,PRKCZ,18.237376447532924,45.95383816729999,-3767.481394477877,-5.624355730869403,0.06013401006377029,SE,3635,1.7477164519241013e-05,0.04591138543470183,0.00860285758972168,7567.756246515624,-3792.969450785893,25.488056308015985,4.451300036345529e-07,5.918005797512922e-07
878,0.008669011535174733,4,RER1,18.237376447532924,91.9833349566772,-3330.1612782076463,-3.512800367757795,0.02148510549568062,SE,3635,1.3312010989957312e-05,0.13295747931405683,0.008527994155883789,6693.116013975163,-3338.3601969755305,8.198918767884152,0.004191536133635543,0.0035159110619930878
879,0.04683279447639022,4,RPL22,18.237376447532924,16.37114552811181,-3537.016422357168,-5.581306176518461,0.07990050900016593,SE,3635,5.572613981758335e-05,0.022259796483577902,0.00383758544921875,7106.826302274206,-3622.273471725676,85.25704936850798,0.0,0.0
880,0.03409082811020758,4,ACOT7,18.237376447532924,22.790759016133688,-3789.927206455404,-7.065187944855821,0.10610922252905283,SE,3635,3.743534415337817e-05,0.026818399060027785,0.003786325454711914,7612.647870470678,-3847.2459626381515,57.31875618274762,3.708144902248023e-14,8.205823049233067e-14
881,0.01999192354077849,4,CAMTA1,18.237376447532924,39.430757709359014,-3776.9755860193836,-5.800179839044489,0.06608263482366118,SE,3635,2.6232305773838377e-05,0.051609955790210764,0.009043455123901367,7586.744629598637,-3801.333849312942,24.358263293558593,7.998291355892917e-07,1.0317677335240582e-06
882,0.007216327143997472,4,PARK7,18.237376447532924,110.661986749335,-3697.4349288654084,-6.449859306742717,0.061032799157079244,SE,3635,1.2443234822365079e-05,0.17827890663271387,0.010356664657592773,7427.663315290687,-3704.262347224154,6.82741835874549,0.008976892386322932,0.007092190643120665
883,0.0077590943671825875,4,ENO1,18.237376447532924,102.86464774612539,-3404.796631917794,-6.4989231708264965,0.06241605791209447,SE,3635,1.0655554127796813e-05,0.13235136234540842,0.013136148452758789,6842.386721395458,-3411.394643326388,6.598011408594175,0.010209272988115914,0.007996682680302462
884,0.10205828202203435,4,CLSTN1,18.237376447532924,7.077175179096206,-3209.8697737893267,-8.45050905619538,0.18281161519689842,SE,3635,0.0001814965757570348,0.01891785950677159,0.004427909851074219,6452.533005138524,-3364.08728892453,154.21751513520348,0.0,0.0
885,0.007439380043992568,4,KIF1B,18.237376447532924,107.31992118649765,-3883.727870601697,-5.352209003947287,0.04409926518680919,SE,3635,8.287319848268687e-06,0.11182543535101196,0.011020183563232422,7800.249198763264,-3892.3381228481635,8.610252246466644,0.0033427600403892477,0.0028501468255421637
886,0.014586206907737846,4,TARDBP,18.237376447532924,54.342087458809296,-3287.9121652017657,-3.481037640401087,0.02528190906379058,SE,3635,3.865145646425878e-05,0.13972526778877192,0.010534048080444336,6608.6177879634015,-3297.117538856921,9.2053736551552,0.0024130573784292286,0.002094618721451765
890,0.06176295502859228,4,EFHD2,18.237376447532924,12.21925026956502,-3350.6020485987724,-3.4323593655701585,0.051262290977263536,SE,3635,8.453179433571887e-05,0.020593626326352803,0.003711223602294922,6733.997554757415,-3435.9202803100084,85.31823171123597,0.0,0.0
891,0.005380158274982031,4,PLEKHM2,18.237376447532924,148.70381711537217,-3177.7783976893443,-3.025612114008447,0.014004503389875935,SE,3635,9.28193493103681e-06,0.23743437608935908,0.011928558349609375,6388.350252938559,-3181.5381115709374,3.759713881593143,0.052501561672336106,0.035443283891373197
892,0.02517773182556106,4,ATP13A2,18.237376447532924,31.143605385258144,-3747.7813657080624,-5.472528275678616,0.06436183378647405,SE,3635,2.7943545068609815e-05,0.035401772981606926,0.003803730010986328,7528.356188975995,-3783.5437609866995,35.76239527863709,2.2290921330991864e-09,3.5118760453340397e-09
893,0.004945030006804329,4,SDHB,18.237376447532924,161.85949904680797,-3429.4368523080902,-4.530349538085193,0.028182314701324682,SE,3635,6.909798080407635e-06,0.20885205210948635,0.010214805603027344,6891.667162176051,-3434.6217982380676,5.184945929977403,0.022783381231293753,0.016686991746580275
894,0.1755440708842231,4,PADI2,18.237376447532924,3.7778205972634793,-3038.9621598458684,-1.4173898686339335,0.08470977407657115,SE,3635,0.00027350493094327325,0.012660448351872874,0.004373788833618164,6110.717777251607,-3361.745069595773,322.7829097499048,0.0,0.0
895,0.009624493529202345,4,IGSF21,18.237376447532924,82.77173452378698,-3459.9566736107554,-4.015518088621543,0.02806475583667194,SE,3635,9.681207122976684e-06,0.07875822199567688,0.015290260314941406,6952.706804781381,-3469.999448298645,10.042774687889505,0.0015294665211001979,0.001366419444179822
897,0.007192792630923879,4,MINOS1,18.237376447532924,111.02669997648118,-3827.257160655603,-6.378400951917464,0.06002332066931201,SE,3635,6.246728162977722e-06,0.09007708316589425,0.009315013885498047,7687.307778871076,-3839.4220685355176,12.164907879914608,0.0004869707016088576,0.0004614062985794554
898,0.02905052082129874,4,NBL1,18.237376447532924,26.884549298440273,-3781.5555685407603,-5.535469932844763,0.06896381263403241,SE,3635,4.408167881683336e-05,0.04261317995492353,0.003850698471069336,7595.904594641391,-3814.5928084727,33.037239931939894,9.041045911928336e-09,1.3546009262658373e-08
899,0.043882783693517356,4,PINK1,18.237376447532924,17.52576642069402,-3787.889779746007,-7.257258125732906,0.11922341803913021,SE,3635,6.563943415128094e-05,0.02951466024194894,0.003820180892944336,7608.573017051885,-3836.284283775499,48.3945040294916,3.4854341635082164e-12,6.845975530182032e-12
901,0.011280422453537187,4,RAP1GAP,18.237376447532924,70.50303605343925,-3777.1207699945626,-5.1609600231516355,0.04621180534265508,SE,3635,1.2023032228507083e-05,0.07168884071192463,0.010423421859741211,7587.034997548995,-3791.0043080494493,13.883538054886685,0.00019449458033926614,0.00019470507230933033
903,0.008025181147346737,4,PITHD1,18.237376447532924,99.42734749196026,-3694.695563966494,-5.174358605414249,0.0419505957492128,SE,3635,8.51895511506662e-06,0.09902139312037651,0.009725570678710938,7422.184585492858,-3702.783031910234,8.087467943740194,0.004457239184410766,0.003722540484694958
904,0.09274636296969262,4,STMN1,18.237376447532924,7.868498747473355,-2394.9662288227987,-8.009277522487166,0.14790870243013685,SE,3635,0.00015889556702946666,0.0193552871897884,0.004426479339599609,4822.725915205468,-2503.1883820045873,108.2221531817886,0.0,0.0
905,0.005326417904574549,4,SH3BGRL3,18.237376447532924,150.21226536615907,-3866.792995732467,-5.301627360707455,0.03925128086454237,SE,3635,8.094229944987605e-06,0.2112046353770569,0.010033607482910156,7766.379449024804,-3871.6516811836277,4.858685451160909,0.027507287131577574,0.01980873146067398
908,0.016196685672029722,4,IFI6,18.237376447532924,48.85873037293305,-3833.2653069992266,-4.06303965977738,0.03572787918642118,SE,3635,4.170450036884084e-05,0.12308181917892905,0.008097410202026367,7699.324071558323,-3845.116007790595,11.850700791368581,0.0005763965056244658,0.0005408056474731898
910,0.026172447917261074,4,SDC3,18.237376447532924,29.92938296998204,-3683.8347844271957,-3.9047603016643806,0.04013587667024999,SE,3635,2.9011745260851902e-05,0.03415193821713582,0.004406452178955078,7400.463026414262,-3717.038817838608,33.20403341141218,8.297823650416092e-09,1.2516081331650854e-08
913,0.05146076404181866,4,FABP3,18.237376447532924,14.826516323906663,-3738.6534750614896,-6.251346321009176,0.10031882888258753,SE,3635,7.703988720640596e-05,0.025959718120692046,0.004342079162597656,7510.100407682849,-3825.2781476205505,86.62467255906085,0.0,0.0
914,0.1146068410247772,4,PTP4A2,18.237376447532924,6.214206344931132,-3752.568494600496,-3.2807154760403394,0.09352403086976993,SE,3635,0.00019241077572507113,0.01667730141537799,0.004401445388793945,7537.930446760862,-3973.086998897734,220.518504297238,0.0,0.0
915,0.010816700566585295,4,KHDRBS1,18.237376447532924,73.56005036939162,-3440.780294872199,-3.871685828162508,0.027395884511476398,SE,3635,3.0071846286536757e-05,0.19463846276583718,0.01049947738647461,6914.3540473042685,-3446.082773583431,5.302478711231743,0.021295099563673703,0.01575994967208575
916,0.23584779488189364,4,MARCKSL1,18.237376447532924,2.6062021613887203,-4011.030816285579,-3.451788779004736,0.22325674421053243,SE,3635,0.00029636921537501746,0.009446423807286362,0.004367828369140625,8054.855090131028,-4449.688121883121,438.6573055975423,0.0,0.0
919,0.007807949907170589,4,SFPQ,18.237376447532924,102.2159747550142,-3755.5502694840798,-4.547051436346769,0.03328629914104385,SE,3635,1.2420628934311043e-05,0.15238132999907247,0.011488676071166992,7543.89399652803,-3760.631238950509,5.080969466429451,0.024189840618229264,0.01764028781225884
920,0.11681155989237382,4,NCDN,18.237376447532924,6.081736538037733,-3505.4453205675236,-7.822883031326709,0.1821917069462044,SE,3635,0.00021865133710031093,0.018395105493393484,0.0043277740478515625,7043.684098694917,-3707.5835226399595,202.1382020724359,0.0,0.0
921,0.019419197051696355,4,C1orf216,18.237376447532924,40.61740450062767,-3256.1399998620664,-3.8511143327156967,0.032435730185423076,SE,3635,4.681084532485764e-05,0.09738101641735035,0.01046299934387207,6545.073457284003,-3270.330050251821,14.19005038975456,0.00016524195402189967,0.0001664113309420329
922,0.013862230050109064,4,MAP7D1,18.237376447532924,57.22219869979914,-3849.741342249692,-5.204464867366563,0.05005105746706124,SE,3635,1.4111847374723076e-05,0.05631446300741185,0.009474992752075195,7732.276142059254,-3868.5812099157883,18.839867666096325,1.4216427843494195e-05,1.6060081832204728e-05
926,0.03149264549000031,4,HPCAL4,18.237376447532924,24.737387294513937,-3696.155664316017,-4.715308300702891,0.055741657619682985,SE,3635,5.201211973216056e-05,0.043208078279483184,0.009704113006591797,7425.104786191904,-3717.1353296114776,20.979665295460563,4.64184106618859e-06,5.5613411948183555e-06
928,0.005200466983071518,4,PPT1,18.237376447532924,153.8697610150914,-3490.1120345374984,-4.102851404306923,0.024016855656773157,SE,3635,7.650325318867642e-06,0.20929878686554368,0.010564327239990234,7013.017526634867,-3494.553344826443,4.4413102889448055,0.03507931493037486,0.024672045857033125
929,0.03503958023019448,4,RIMS3,18.237376447532924,22.151883325189765,-3608.6794484772504,-5.383559363682307,0.06892020477584192,SE,3635,3.1632168439528565e-05,0.021532523705735468,0.0036773681640625,7250.152354514371,-3689.237130896411,80.55768241916076,0.0,0.0
930,0.03330674956013307,4,YBX1,18.237376447532924,23.34621521855908,-3314.5107295451435,-2.4345308374871153,0.025522133695585883,SE,3635,3.845142682011451e-05,0.028767557173134353,0.003694772720336914,6661.814916650157,-3363.768559499081,49.257829953937744,2.244315844279754e-12,4.460302738732425e-12
931,0.005677783176901055,4,SLC2A1,18.237376447532924,140.86671583005733,-3249.314495133389,-2.9366264815493537,0.01368630145156714,SE,3635,1.010368398210314e-05,0.23235569067486606,0.011910438537597656,6531.422447826648,-3253.9539853364404,4.639490203051537,0.03124428256936873,0.022253976708535413
932,0.02656252413529957,4,PTPRF,18.237376447532924,29.47805127095431,-3576.5541612089382,-4.667333722417978,0.05046372795230959,SE,3635,3.318101583401805e-05,0.03798116830003953,0.0037937164306640625,7185.901779977747,-3607.2942917753317,30.740130566393418,2.9500045295449695e-08,4.2495685261111115e-08
933,0.032828000183360254,4,IPO13,18.237376447532924,23.69841703617422,-3248.2270666521326,-2.4506203029030558,0.024871075460627574,SE,3635,4.345793953452007e-05,0.03340393345751838,0.0037975311279296875,6529.247590864135,-3296.515483378929,48.288416726796186,3.679168081305306e-12,7.205463491242364e-12
934,0.01682135683147993,4,ATP6V0B,18.237376447532924,47.01446111184017,-3599.5435878521075,-7.744828571859157,0.1036354078128546,SE,3635,1.571714858542018e-05,0.043114831355766006,0.009317636489868164,7231.880633264085,-3624.667506354356,25.12391850224867,5.376187149908063e-07,7.07078732948008e-07
935,0.005812234050343701,4,B4GALT2,18.237376447532924,137.58952463151502,-3081.818808866399,-3.1243228186426895,0.015070228507621124,SE,3635,1.4309514288379102e-05,0.3142041680727801,0.011116504669189453,6196.4310752926685,-3085.4704281892573,3.651619322858096,0.056014725355507666,0.03734651478788691
937,0.04893641193929598,4,PRDX1,18.237376447532924,15.63282554766516,-3813.237311040091,-5.498076175211226,0.0839030574486098,SE,3635,5.241562275551388e-05,0.019336943463400418,0.003713846206665039,7659.268079640052,-3880.162939614964,66.92562857487337,3.3306690738754696e-16,8.252787927901717e-16
938,0.005474055691963619,4,POMGNT1,18.237376447532924,146.13927738366718,-3038.5923128829672,-2.76021295384101,0.011944444046038871,SE,3635,6.074526665015161e-06,0.15016140311945914,0.010774612426757812,6109.978083325805,-3044.576737975902,5.9844250929345435,0.014432746133120733,0.01102077405686652
940,0.04124887301895505,4,ELAVL4,18.237376447532924,18.696221729375818,-3567.013188934128,-5.4034577897758735,0.07311112358338416,SE,3635,5.7735900761759346e-05,0.02907478894629742,0.003859281539916992,7166.819835428126,-3623.7274178246,56.714228890471986,5.040412531798211e-14,1.1063043967167958e-13
941,0.04197996997737217,4,RNF11,18.237376447532924,18.356611458675847,-3757.609783724021,-7.328030906841176,0.11902028529780917,SE,3635,9.004549111803426e-05,0.0439077514100703,0.003847837448120117,7548.013025007912,-3806.443049128319,48.833265404298345,2.7867708141116054e-12,5.505834741536747e-12
942,0.019296591502534103,4,EPS15,18.237376447532924,40.88058778663288,-3785.5903155060532,-5.943711340973937,0.0681863526471262,SE,3635,1.9132206275251646e-05,0.04028808864354072,0.008194208145141602,7603.974088571977,-3810.13985292338,24.549537417326974,7.242372658256002e-07,9.396608691346441e-07
944,0.011955475762347956,4,ZYG11B,18.237376447532924,66.47673826414017,-3611.9393198643265,-4.7710747566416645,0.04056146544947301,SE,3635,2.432974402128832e-05,0.1295089334460653,0.009577751159667969,7256.672097288523,-3622.469225423722,10.529905559395502,0.001174582145982206,0.001059924136365871
946,0.019739359857041817,4,DHCR24,18.237376447532924,39.94556336168554,-3873.6370835275065,-5.627238868080851,0.06329359365461204,SE,3635,1.681008317013593e-05,0.03388925552316839,0.0043337345123291016,7780.067624614883,-3904.1055963281706,30.46851280066403,3.393296044151839e-08,4.8724926218538104e-08
947,0.010308113660104111,4,PLPP3,18.237376447532924,77.22907999959199,-3374.521876703111,-2.1404239326736305,0.011539415025066193,SE,3635,1.4691263898952616e-05,0.10448358725915924,0.00964975357055664,6781.837210966092,-3385.0491035427103,10.52722683959928,0.0011762858873760607,0.001060750129975975
948,0.031220291212936464,4,JUN,18.237376447532924,24.960204208894247,-3210.789486659958,-3.0535566512776593,0.029440553303977206,SE,3635,5.613015181072554e-05,0.04739403014911464,0.010680437088012695,6454.372430879786,-3227.801093819502,17.011607159543928,3.715200734399904e-05,4.02142696329398e-05
949,0.0037572062616318107,4,JAK1,18.237376447532924,213.28494707618438,-3026.1506477755283,-3.3257428828266056,0.014353348263209362,SE,3635,7.395866909056957e-06,0.38532603535443377,0.009948015213012695,6085.094753110927,-3029.2952647989136,3.144617023385308,0.07617788212531884,0.049537881956795954
950,0.025863641762596784,4,DNAJC6,18.237376447532924,30.296337266441128,-3839.882028995723,-6.682566916743381,0.09019558409810022,SE,3635,3.151604208034015e-05,0.037943583048382336,0.0043332576751708984,7712.557515551316,-3872.9976947527857,33.11566575706274,8.683625929428729e-09,1.3054105003102612e-08
952,0.013132540018161186,4,SRSF11,18.237376447532924,60.446359019602696,-3457.9649264192194,-3.7060781649617605,0.02737514770689957,SE,3635,3.088021166378907e-05,0.13689334426386993,0.009213924407958984,6948.723310398309,-3466.1720204568674,8.207094037647948,0.004172692449559645,0.00350447442137571
954,0.007175674816307467,4,USP33,18.237376447532924,111.2934767892425,-3424.735203942866,-4.156280579629694,0.027091005546324525,SE,3635,1.1213357489030361e-05,0.16245616058250784,0.00989985466003418,6882.263865445602,-3432.198192687114,7.462988744247923,0.006298035577697814,0.005095442330395651
955,0.029390536463081658,4,TTLL7,18.237376447532924,26.564219374789804,-3639.6607360790795,-3.900802923932014,0.041871275098759236,SE,3635,2.195565240905771e-05,0.020764535148658586,0.003811359405517578,7312.114929718029,-3709.0318961452213,69.37116006614178,1.1102230246251565e-16,2.823732731474879e-16
957,0.012522605763619151,4,DDAH1,18.237376447532924,63.429677601853896,-3814.7420402900734,-4.856215031886894,0.043146594553677795,SE,3635,2.0967349420977498e-05,0.10196800465495019,0.016585826873779297,7662.277538140017,-3825.683039178941,10.940998888867398,0.0009405944586720061,0.0008578646640326575
958,0.055271999697546065,4,BTBD8,18.237376447532924,13.74870077248476,-3565.6776261962673,-5.3483951226507624,0.08133558318271913,SE,3635,0.00013167821569379457,0.03904650759480526,0.00443577766418457,7164.148709952405,-3640.7083477151828,75.03072151891547,0.0,0.0
959,0.01415091206440343,4,CNN3,18.237376447532924,56.03844256475896,-3347.856130776425,-2.809963677968917,0.018711667383049434,SE,3635,1.4321216950644016e-05,0.054907093714052,0.010428667068481445,6728.50571911272,-3365.819420062204,17.963289285778956,2.252065747432308e-05,2.4868769274015243e-05
960,0.005949468106933905,4,WDR47,18.237376447532924,134.39724655050892,-3529.5323453434266,-4.562004936283319,0.030376540513411716,SE,3635,9.15587196867587e-06,0.19198341515626058,0.008676528930664062,7091.858148246723,-3535.3159689151125,5.783623571685894,0.0161761595472939,0.012261570361072971
961,0.01254481849265256,4,TAF13,18.237376447532924,63.31594031126472,-3355.5969185331915,-3.4217267815906625,0.023533923564814718,SE,3635,2.8606866597607246e-05,0.13864079178508162,0.01190948486328125,6743.987294626253,-3362.0799830960805,6.4830645628890124,0.010890705500467224,0.008494463315252434
962,0.01864020993618895,4,SARS,18.237376447532924,42.34844909650123,-3868.909744494342,-6.129315272560436,0.0716419553650465,SE,3635,3.6080981326543436e-05,0.08120531498961306,0.008651494979858398,7770.612946548554,-3886.346953246375,17.437208752033257,2.969557641352427e-05,3.245657860720473e-05
963,0.04575370553134831,4,SORT1,18.237376447532924,16.77622566493168,-3966.6841291150527,-5.152881286713605,0.07749818526703751,SE,3635,5.572142279164625e-05,0.02322029492275806,0.0037429332733154297,7966.1617157899755,-4045.8456981486897,79.16156903363708,0.0,0.0
965,0.01084053563586765,4,GSTM3,18.237376447532924,73.39654541392181,-3421.887191062963,-3.6667466632637096,0.02507850999711931,SE,3635,1.4167154024470619e-05,0.09130235866140221,0.010069608688354492,6876.567839685797,-3430.942105393545,9.054914330581596,0.002619896796856147,0.002263938377618438
966,0.02801843766332559,4,SLC6A17,18.237376447532924,27.904494650650186,-3679.562887369145,-5.476727285032035,0.06613405652755734,SE,3635,2.9239262600520805e-05,0.030259250712867825,0.0037169456481933594,7391.91923229816,-3730.85627622137,51.293388852225235,7.954747971439247e-13,1.624089805177278e-12
968,0.047084035595049235,4,KCNA2,18.237376447532924,16.279496678817964,-3500.4996071201463,-5.71607726127333,0.08226958410617909,SE,3635,8.454773982967252e-05,0.03344650992597056,0.0038063526153564453,7033.792671800163,-3566.8948981697977,66.3952910496514,3.3306690738754696e-16,8.252787927901717e-16
969,0.020000875896124915,4,RHOC,18.237376447532924,39.41274853656426,-3264.759283048994,-1.707642448082304,0.013591285793628324,SE,3635,1.8566032116759666e-05,0.036495820028248804,0.003818035125732422,6562.312023657858,-3307.9031985726597,43.14391552366578,5.0857762445843946e-11,9.123574353921097e-11
970,0.005176577954194352,4,BCAS2,18.237376447532924,154.58355591980427,-3188.4074181409433,-4.007498543055249,0.022603482628410602,SE,3635,8.80024419863826e-06,0.2429616140824457,0.01153111457824707,6409.608293841757,-3193.346654238122,4.939236097178764,0.02625363714045026,0.019001116420297514
972,0.08632402592995937,4,ATP1A1,18.237376447532924,8.513743630137409,-3506.680083915387,-9.075538284067648,0.2005125760593142,SE,3635,0.00017210780473466956,0.02361143280492471,0.004423618316650391,7046.153625390644,-3659.442723015252,152.76263909986483,0.0,0.0
973,0.017780180734355108,4,MAN1A2,18.237376447532924,44.43575584471116,-3529.551235108358,-3.2066992049749485,0.02547075469761779,SE,3635,1.9228684336714896e-05,0.04739768617817578,0.009177923202514648,7091.895927776586,-3550.4310146282696,20.879779519911608,4.890297507054164e-06,5.8434040936865526e-06
974,0.006256320225617729,4,RBM8A,18.237376447532924,127.76604747972299,-3197.571972867514,-3.413572250333884,0.01813880873871972,SE,3635,8.385615266870426e-06,0.159209702082703,0.009150981903076172,6427.937403294898,-3203.6141328409676,6.042159973453636,0.013968184184540933,0.010690305405481737
976,0.006263232185024933,4,ENSA,18.237376447532924,127.62416010689141,-3888.2763052578994,-6.669102773995657,0.0630113942457437,SE,3635,1.0921640696369613e-05,0.20690731019891795,0.011078596115112305,7809.346068075669,-3893.2956571117857,5.019351853886292,0.025065549753619076,0.01819997725327785
977,0.15825823835960023,4,CERS2,18.237376447532924,4.278313425171766,-2939.860503729399,-1.4837492942232764,0.07189016025981211,SE,3635,0.000308888276985174,0.016514392602213764,0.0044116973876953125,5912.5144650186685,-3239.645629914806,299.7851261854066,0.0,0.0
979,0.08727190011656168,4,S100A16,18.237376447532924,8.412538010530623,-3301.757225383308,-1.2209965471893758,0.044923445403059294,SE,3635,0.00013662324648179084,0.018405299407646764,0.004256248474121094,6636.3079083264865,-3436.3717246606084,134.61449927730018,0.0,0.0
980,0.03447417608672189,4,S100A1,18.237376447532924,22.528384422675412,-3357.722674783692,-2.761415301229832,0.029415140640757082,SE,3635,4.116035217515667e-05,0.02887934735515151,0.0037457942962646484,6748.238807127254,-3407.99970027396,50.27702549026799,1.3350431871117507e-12,2.705180609153055e-12
981,0.008470050255237898,4,CHTOP,18.237376447532924,94.16291613111851,-3098.39006317229,-2.6812189272518205,0.013570125136715858,SE,3635,1.4379209381726405e-05,0.1503191078816063,0.010849475860595703,6229.57358390445,-3105.7100109684366,7.319947796146607,0.006819339306529781,0.005497370321729985
982,0.005622501758060856,4,ILF2,18.237376447532924,142.25965075455412,-3465.2334275851044,-3.205406264264787,0.01608691610694252,SE,3635,1.2627034002774218e-05,0.29605593731114066,0.009303569793701172,6963.260312730079,-3469.568653103015,4.335225517910658,0.037331470159594815,0.02605176152216161
987,0.011677263330594188,4,RUSC1,18.237376447532924,68.07972026154516,-3409.7861483469533,-4.22968022328084,0.032338465917984976,SE,3635,1.1234732780271583e-05,0.06261507575450222,0.008815288543701172,6852.365754253777,-3426.8110428721657,17.024894525212403,3.689293194419907e-05,3.9965992737091663e-05
991,0.011105032020240891,4,SSR2,18.237376447532924,71.62924966378654,-3428.0449560063917,-3.605061358381384,0.024638888570442424,SE,3635,1.1728715867556126e-05,0.07210829068364069,0.008754730224609375,6888.8833695726535,-3442.033208074393,13.988252068001202,0.00018395644524149546,0.00018429265481446783
992,0.007118872412576878,4,LAMTOR2,18.237376447532924,112.18792006929391,-3460.9379916606285,-3.2735102898633617,0.01813140540592293,SE,3635,1.9267506263676594e-05,0.2835482647451738,0.008417367935180664,6954.669440881127,-3466.178428290297,5.240436629668238,0.022067734737782008,0.016242414666758194
993,0.3406110932232335,4,PAQR6,18.237376447532924,1.557194633241714,-3646.6497307107074,-1.8670940061037933,0.27888586843534885,SE,3635,0.0004167088301176382,0.009255734070656298,0.0043566226959228516,7326.092918981285,-4218.950282888845,572.3005521781379,0.0,0.0
995,0.013220823390116425,4,C1orf61,18.237376447532924,60.037351091929764,-3569.1252256702783,-5.5812208765891915,0.05440563513018663,SE,3635,8.296497450209224e-05,0.36302369897423753,0.008318662643432617,7171.043908900427,-3575.386941527261,6.261715856982846,0.01233746546292025,0.00951260686903984
996,0.00548086684228721,4,NAXE,18.237376447532924,145.956668436392,-3530.6752259909063,-3.7214253837299975,0.020644103968327592,SE,3635,7.461622703933277e-06,0.18399725666154765,0.009837627410888672,7094.143909541683,-3535.3452693491668,4.6700433582605,0.030693152600289375,0.02190782052010045
997,0.016872315559314184,4,BCAN,18.237376447532924,46.87003593282812,-3696.5910515513788,-3.1819239079152632,0.025467055219158926,SE,3635,2.2494813335140687e-05,0.061347751644634275,0.009935855865478516,7425.975560662628,-3716.1908871477176,19.599835596338835,9.547741380733221e-06,1.1055122237118737e-05
998,0.00896987239653056,4,MRPL24,18.237376447532924,88.87111775506965,-3064.0796974009118,-2.6429591576086757,0.013522669491434587,SE,3635,8.292826581133141e-06,0.07746012290731183,0.00963282585144043,6160.952852361694,-3075.5764960736797,11.496798672767909,0.0006971616079660681,0.0006451164060208709
999,0.006146113517860188,4,HDGF,18.237376447532924,130.07145938573112,-3206.9752783198655,-2.623312534356191,0.011728377929306942,SE,3635,8.921545633107321e-06,0.17543375579242945,0.010202884674072266,6446.744014199601,-3212.223608100816,5.248329780950371,0.02196784741800606,0.016186604689161093
1000,0.04559100886440298,4,CADM3,18.237376447532924,16.838964034843514,-3726.524670271802,-6.049011697718905,0.09132726116797496,SE,3635,6.789122777707336e-05,0.028475547967973133,0.004481077194213867,7485.842798103474,-3809.040724229149,82.51605395734714,0.0,0.0
1001,0.05892039421197656,4,KCNJ10,18.237376447532924,12.847563355361782,-3099.050157745011,-1.8275800440212149,0.030781821864263852,SE,3635,7.632393125222756e-05,0.020204561717018232,0.004339456558227539,6230.893773049892,-3209.525764654856,110.47560690984528,0.0,0.0
1002,0.005840653474798999,4,KCNJ9,18.237376447532924,136.91612822633078,-3220.7739769881136,-3.853594953392732,0.021939829245630774,SE,3635,9.0166192253351e-06,0.19608539617396864,0.011075258255004883,6474.341411536097,-3225.994067774521,5.220090786407582,0.022327385395835786,0.016415564026744645
1003,0.010262766732320823,4,IGSF8,18.237376447532924,77.57387762245797,-3832.935612833896,-5.198046048856417,0.04574009102820596,SE,3635,2.0910263119022506e-05,0.15000186329607854,0.010958671569824219,7698.664683227662,-3839.0443910499507,6.108778216054816,0.013451208286916705,0.010312244633326459
1004,0.033207648225834836,4,ATP1A2,18.237376447532924,23.418287651125787,-3921.5374947110045,-5.250264165452813,0.068577400919591,SE,3635,5.192454718409245e-05,0.03906412811028569,0.0038416385650634766,7875.868446981879,-3962.3043554050673,40.76686069406287,1.7151713382901335e-10,2.977658159142989e-10
1005,0.059910977334687594,4,PEA15,18.237376447532924,12.621838737693729,-3652.270254281611,-5.556174192582055,0.09005523878336921,SE,3635,7.607128317783952e-05,0.019553254326395833,0.003868579864501953,7337.333966123092,-3741.603619884169,89.33336560255793,0.0,0.0
1007,0.007611675949622906,4,NDUFS2,18.237376447532924,104.87244784034964,-3790.154977829581,-5.583261872266935,0.047652164895892364,SE,3635,9.139714456149607e-06,0.1178912673726167,0.00918269157409668,7613.1034132190325,-3797.4262952185372,7.271317388956049,0.007006439501652473,0.0056380657146833735
1009,0.00970185853947937,4,UHMK1,18.237376447532924,82.10527801354178,-3332.5892946406248,-3.486839884008349,0.022063760204624805,SE,3635,9.73814831725372e-06,0.07798792501861812,0.009809255599975586,6697.97204684112,-3343.9099792519355,11.320684611310753,0.0007664844867723009,0.0007058658704641936
1010,0.012427755478505612,4,NME7,18.237376447532924,63.91992046789917,-3104.1198683980974,-3.475898864544674,0.023272272713883737,SE,3635,1.0190230940494554e-05,0.05029663213261432,0.00814366340637207,6241.033194356065,-3126.134066437313,22.014198039215444,2.7064101560947407e-06,3.34068976732295e-06
1011,0.00491552662100048,4,DNM3,18.237376447532924,162.8358207074487,-3533.929744280371,-4.890936814041789,0.0325337257813644,SE,3635,7.421174580682777e-06,0.22698158757399192,0.012568950653076172,7100.652946120612,-3537.817729304158,3.8879850237872233,0.048632738207788684,0.033080454337497595
1014,0.008081308740183467,4,ARPC5,18.237376447532924,98.7312021466116,-3470.161443424844,-3.4587215637627433,0.020749851959203147,SE,3635,1.1741634604592484e-05,0.1346227173942658,0.01140284538269043,6973.116344409558,-3478.6267041383007,8.4652607134567,0.0036199336344310273,0.003078670140764235
1015,0.0071745111920218565,4,C1orf21,18.237376447532924,111.31165778895353,-3050.626297384224,-3.0759255291301755,0.015754757185092148,SE,3635,1.1504613464538068e-05,0.1667290673914645,0.012009143829345703,6134.046052328318,-3055.8277097572736,5.201412373049607,0.022568543517892392,0.016574754072290962
1016,0.0061803248224165,4,TMEM9,18.237376447532924,129.34699372218958,-3872.739463369495,-4.8971824330899905,0.03558618243958858,SE,3635,6.733386424186931e-06,0.13096242813508835,0.012879610061645508,7778.27238429886,-3879.139203425216,6.39974005572094,0.011413707440577348,0.008851080435973003
1017,0.02292219839786482,4,SHISA4,18.237376447532924,34.28727174143997,-3664.77382451169,-4.11539457959186,0.04052306632011371,SE,3635,3.649374250183453e-05,0.05527133435946374,0.00933074951171875,7362.34110658325,-3681.528614429846,16.754789918156348,4.2534751127254466e-05,4.596672630035533e-05
1018,0.014782907371154253,4,TIMM17A,18.237376447532924,53.608311957795976,-3666.9249640750495,-4.779086517350804,0.04356408128084805,SE,3635,1.8690056662178248e-05,0.06583176015956049,0.00994873046875,7366.643385709969,-3685.425771587359,18.50080751230962,1.6983232856815356e-05,1.9073595862867455e-05
1019,0.007453477796812643,4,GPR37L1,18.237376447532924,107.11541133460977,-3599.5889838712937,-3.192637292390273,0.01800268177769402,SE,3635,1.9073809047336966e-05,0.25641582745907504,0.010017156600952148,7231.971425302458,-3605.003373674803,5.414389803509039,0.01997143252251321,0.014886789289005066
1020,0.010739385786128276,4,ARL8A,18.237376447532924,74.09541333599884,-3670.7224617364955,-3.929266277079883,0.028697854351822323,SE,3635,8.076552415433454e-06,0.053013548963461596,0.009392499923706055,7374.238381032861,-3685.915849021988,15.193387285492463,9.70426515352063e-05,0.0001005130689846073
1021,0.00953111167676954,4,ADIPOR1,18.237376447532924,83.59057837412689,-3298.8461447763784,-2.8408261902691354,0.015942141067447176,SE,3635,1.0380231133265436e-05,0.08607452676647344,0.009823083877563477,6630.485747112627,-3307.7111376702233,8.864992893844828,0.00290691381586361,0.0024975226097051803
1022,0.009073291574939694,4,TMEM183A,18.237376447532924,87.84897865679943,-3190.4533555492935,-3.899331096577536,0.025616167228950038,SE,3635,1.1929456996555726e-05,0.10894933968283359,0.00987553596496582,6413.700168658457,-3200.606742090753,10.15338654145944,0.001440364016142448,0.0012876706396199478
1023,0.023777716480366643,4,ATP2B4,18.237376447532924,33.02468032686638,-3577.309006120632,-4.498250842986116,0.045945656681271686,SE,3635,8.236271824294167e-05,0.11633118504069345,0.008770465850830078,7187.411469801134,-3586.3807265929513,9.071720472319157,0.002595927144691923,0.0022446670800093755
1024,0.017151883525133173,4,SNRPE,18.237376447532924,46.09296449132189,-3450.2527771609602,-3.0741119748497945,0.023372582989310497,SE,3635,1.540493669837627e-05,0.04070044722905013,0.00437164306640625,6933.299011881791,-3479.7094993577175,29.456722196757255,5.7179366796944464e-08,8.089615032929721e-08
1025,0.22465696791735,4,CNTN2,18.237376447532924,2.7760932180115327,-3527.0298402134317,-2.4661564381028582,0.1556043488707089,SE,3635,0.00032618633495801424,0.011008278412881631,0.004372835159301758,7086.853137986734,-3951.544653155004,424.5148129415725,0.0,0.0
1026,0.010628719974143837,4,NUCKS1,18.237376447532924,74.87526699837392,-3773.1279198710836,-5.752578114103098,0.054933688174121996,SE,3635,1.085546794469057e-05,0.0727123520674982,0.011407852172851562,7579.049297302037,-3788.58065718924,15.452737318156323,8.45943319977005e-05,8.88127830545646e-05
1027,0.021795794810339154,4,CD46,18.237376447532924,36.10080321507174,-3053.56368411895,-2.873349966764242,0.022103544855691697,SE,3635,2.9399437963993675e-05,0.049022483916245994,0.010332584381103516,6139.92082579777,-3075.4959412477137,21.932257128763922,2.8244616554484736e-06,3.473660669821956e-06
1028,0.07801433294578666,4,NENF,18.237376447532924,9.506262888449825,-3795.150329322761,-4.223339868959459,0.08200506993030053,SE,3635,7.747635608307328e-05,0.012603357262974657,0.004238605499267578,7623.094116205392,-3968.3859386589565,173.23560933619547,0.0,0.0
1029,0.009115503164153783,4,SRP9,18.237376447532924,87.43844738981619,-3837.3863033678135,-5.780366459540999,0.05340374368555522,SE,3635,1.4941664658694783e-05,0.13522191289917765,0.008617401123046875,7707.566064295497,-3845.841079601645,8.45477623383158,0.0036408604070711226,0.0030925581970071524
1030,0.0071311468463304524,4,PYCR2,18.237376447532924,111.99343291257762,-3037.1865664338293,-2.7909255769919183,0.013415403323348278,SE,3635,8.318186878122764e-06,0.12199889119284164,0.01079702377319336,6107.166590427529,-3044.470242995139,7.283676561309676,0.006958397513852965,0.005602757369295681
1031,0.016902341031007087,4,PARP1,18.237376447532924,46.78534667256899,-3391.3251814827236,-3.3007865072882345,0.025236695947312576,SE,3635,1.7816202118374273e-05,0.04842174761285649,0.00860905647277832,6815.443820525317,-3416.673247386989,25.34806590426524,4.78632048994676e-07,6.332130441692328e-07
1032,0.006788143653351085,4,PGBD5,18.237376447532924,117.69307793995725,-3409.315138467129,-4.154331092593134,0.026581516667168504,SE,3635,1.1633724434937428e-05,0.18803814560631302,0.010395526885986328,6851.423734494128,-3415.110418293133,5.795279826003934,0.016069257066978482,0.012187404150419268
1033,0.06966783467992368,4,AGT,18.237376447532924,10.74152080365694,-3912.187859617374,-2.6394704324825518,0.05902657306582912,SE,3635,0.00022222840295679625,0.04388595647800744,0.0039010047912597656,7857.169176794619,-3963.780585837535,51.592726220160785,6.828981824469338e-13,1.402761013215076e-12
1035,0.020180827904268537,4,KCNK1,18.237376447532924,39.054133286898285,-3414.9401923591504,-4.716811178044285,0.0456975808060028,SE,3635,4.516905352276378e-05,0.08727787007686857,0.008924722671508789,6862.673842278171,-3429.1246168903485,14.184424531198147,0.00016573675511477592,0.00016678479470311308
1037,0.005979849986297473,4,TOMM20,18.237376447532924,133.71032640222364,-3812.766291634185,-6.845025198017503,0.0652011431307566,SE,3635,1.3605923012474114e-05,0.2824375281530202,0.007826805114746094,7658.32604082824,-3817.334145629458,4.567853995272799,0.03257735072557366,0.02310561128760676
1038,0.015662509608569963,4,OPN3,18.237376447532924,50.55251024986455,-2958.265962365431,-3.836856938936682,0.028865644459506432,SE,3635,1.7893445223340474e-05,0.05634862673417992,0.00822758674621582,5949.325382290732,-2977.8152499521116,19.549287586680748,9.803728958979185e-06,1.1302889194741136e-05
1039,0.01620081215042446,4,AKT3,18.237376447532924,48.846080776061655,-3442.460453970567,-4.407920399741423,0.038421248942911365,SE,3635,1.5403293291685868e-05,0.04543710471586207,0.009151458740234375,6917.714365501004,-3468.051554677766,25.591100707199075,4.2198109062585587e-07,5.621350262162618e-07
1040,0.011348760479039603,4,COX20,18.237376447532924,70.07364926074648,-3509.1382338756393,-3.410054491243003,0.02303947549030719,SE,3635,1.9730749660805647e-05,0.11626722163835823,0.01147007942199707,7051.069925311149,-3522.964302569019,13.826068693379511,0.00020053450135482098,0.00020030442195122838
1045,0.007893581878796414,4,ITGB1BP1,18.237376447532924,101.09837870822555,-3576.0410883961376,-5.298219432470566,0.043287643493298805,SE,3635,8.51522489852627e-06,0.10225014088069365,0.007643461227416992,7184.875634352145,-3587.5656515029714,11.524563106833739,0.0006868259064295446,0.0006359897025062418
1046,0.016598054170641537,4,YWHAQ,18.237376447532924,47.65779398969876,-3740.2820852638033,-6.482301826668945,0.07575474162945306,SE,3635,1.7483073457795722e-05,0.04921314202950503,0.009745359420776367,7513.357628087477,-3762.6193989187536,22.33731365495032,2.287189889704777e-06,2.8467252853107988e-06
1047,0.017086043923656178,4,ROCK2,18.237376447532924,46.27367936817771,-3338.6832011540682,-4.536795078524902,0.040441265550214045,SE,3635,2.2693739995518615e-05,0.0604044373920417,0.010289907455444336,6710.159859868007,-3357.927187309871,19.24398615580276,1.1503216240993375e-05,1.3105041980348086e-05
1048,0.02974589615918475,4,FAM49A,18.237376447532924,26.237260109362968,-3723.683011196327,-5.606891042744312,0.07031271498909436,SE,3635,4.693358667588465e-05,0.043395478874794176,0.003940582275390625,7480.159479952524,-3760.572081298219,36.88907010189223,1.2504498547727394e-09,2.01729429372537e-09
1049,0.019525671203526277,4,RHOB,18.237376447532924,40.39153010754594,-3986.7985735862258,-5.674178601640235,0.06472073942777062,SE,3635,1.741070420429325e-05,0.03584129114815577,0.004390716552734375,8006.390604732322,-4016.057662163993,29.259088577767216,6.331853508179108e-08,8.892715118718051e-08
1050,0.015733784780880836,4,SF3B6,18.237376447532924,50.31985986773169,-3678.36139393179,-4.089248620207938,0.034896327788798885,SE,3635,1.869532117364929e-05,0.05835869099276832,0.009791374206542969,7389.5162454234505,-3696.573950078292,18.21255614650181,1.9757202120662676e-05,2.2078419766370254e-05
1051,0.011560101052731983,4,NCOA1,18.237376447532924,68.77786449012167,-3079.902205107108,-3.3370412313655913,0.021235876811001378,SE,3635,2.42282589250392e-05,0.13771703336799213,0.010880708694458008,6192.597867774086,-3086.3722863719113,6.470081264803412,0.010970551576505505,0.008546831780401196
1052,0.05274926771603398,4,KIF3C,18.237376447532924,14.444701270923732,-3815.8497639655393,-6.663827974941928,0.11217693140687562,SE,3635,5.5778842457523596e-05,0.017979914070492303,0.0038433074951171875,7664.492985490949,-3914.7657794568704,98.91601549133111,0.0,0.0
1053,0.007445764849361302,4,HADHA,18.237376447532924,107.22720369966878,-3165.9415754370457,-2.222964840932819,0.009917620342056035,SE,3635,7.013348608961896e-06,0.09447529481936617,0.014634132385253906,6364.6766084339615,-3175.548805601264,9.607230164218436,0.0019381275469715353,0.001704354586760471
1054,0.02540227684894175,4,MAPRE3,18.237376447532924,30.861199179580804,-3766.5219503480057,-6.5830075774223,0.08694410171549513,SE,3635,2.840092146935424e-05,0.03538016376825856,0.004271268844604492,7565.837358255882,-3802.5158937252163,35.9939433772106,1.979318042799605e-09,3.1293565894064904e-09
1055,0.038240244584707345,4,SLC30A3,18.237376447532924,20.230470757358788,-3452.213652494555,-5.004546935545294,0.06261013528400784,SE,3635,4.62007788861772e-05,0.026746843701214752,0.0037817955017089844,6937.22076254898,-3520.3051289671785,68.09147647262353,1.1102230246251565e-16,2.823732731474879e-16
1057,0.022104843407229294,4,FNDC4,18.237376447532924,35.58483057569733,-3449.2101578557877,-4.0553506442460225,0.037767481957231716,SE,3635,3.7164645129194625e-05,0.060325882616851394,0.0037240982055664062,6931.2137732714455,-3477.089484642287,27.879326786499405,1.2912202307369114e-07,1.7763580047319475e-07
1058,0.004119045418023402,4,PPP1CB,18.237376447532924,194.47818657064627,-3849.3894811476384,-6.419914728226526,0.05186600428997621,SE,3635,7.3107072305705355e-06,0.3173864254458897,0.013744592666625977,7731.572419855147,-3852.7054337748527,3.315952627214301,0.06861054547017598,0.04511846054201567
1059,0.008681999570910832,4,TMEM178A,18.237376447532924,91.84452705664387,-3664.1939618738706,-4.823160742743601,0.03781534343331148,SE,3635,1.2485944130687857e-05,0.12434073881374591,0.010583639144897461,7361.181381307611,-3672.8104962543885,8.616534380517805,0.0033312505588759533,0.002843937948278964
1060,0.015296260622147135,4,SLC8A1,18.237376447532924,51.78218387017433,-3380.5885100653377,-4.149474900497051,0.03403554663311518,SE,3635,2.7356666249857984e-05,0.09018871314456019,0.00872492790222168,6793.9704776905455,-3395.640022530374,15.051512465036467,0.00010461639060921346,0.00010785946227909156
1061,0.007157380468783988,4,COX7A2L,18.237376447532924,111.58000020609231,-3689.761074992308,-4.597535800638202,0.03289353483566038,SE,3635,8.253649548727863e-06,0.120179653160411,0.010974884033203125,7412.315607544486,-3696.3203535098633,6.559278517555413,0.010433866120978297,0.00815705554859642
1064,0.06283772687640485,4,CALM2,18.237376447532924,11.996495096048497,-1666.5057187048524,-8.2292575292956,0.13521932337815135,SE,3635,0.00016103222338368045,0.03806019033426062,0.0045833587646484375,3365.8048949695753,-1745.5660466832232,79.06032797837088,0.0,0.0
1065,0.061326578788252595,4,NRXN1,18.237376447532924,12.311921374717738,-3779.1816147391914,-6.829406361257859,0.12217853626155904,SE,3635,9.676691736806406e-05,0.023870126024630272,0.004347324371337891,7591.156687038253,-3873.623535395005,94.44192065581365,0.0,0.0
1066,0.005981101306022588,4,ERLEC1,18.237376447532924,133.68218427688353,-3509.9774644845875,-4.4543807529366,0.029116347306697224,SE,3635,7.557700337173132e-06,0.15682112850114988,0.012719392776489258,7052.748386529045,-3515.6278847504254,5.650420265837965,0.017451189293609448,0.01314657444494655
1067,0.00905360511881965,4,ACYP2,18.237376447532924,88.04174942467891,-3742.159446170461,-4.976833671032464,0.040651205298289535,SE,3635,2.8192222806534938e-05,0.25857382964808195,0.010513782501220703,7517.112349900792,-3747.107653699312,4.948207528851071,0.026117733900124285,0.018923114589603933
1068,0.021649932741948832,4,SPTBN1,18.237376447532924,36.34944445078864,-3488.2631262808773,-7.6310902924946244,0.1058363982672909,SE,3635,2.338421661424374e-05,0.039496013176247693,0.004565715789794922,7009.319710121625,-3515.8159367947756,27.552810513898294,1.5286308363560153e-07,2.0965375199767427e-07
1069,0.006962359644064974,4,CFAP36,18.237376447532924,114.72796945723023,-3324.3600071715373,-3.8467158176819534,0.023290915290837752,SE,3635,7.298140607041263e-06,0.11221265350511,0.011494636535644531,6681.513471902945,-3331.9738339150836,7.613826743546269,0.00579224324974037,0.004717433419335103
1071,0.1475183435361783,4,MDH1,18.237376447532924,4.648352617261394,-3280.696586800682,-9.35936924949808,0.245738479166199,SE,3635,0.00021647823515681924,0.012803740678232511,0.0043523311614990234,6594.186631161234,-3544.1659696346733,263.4693828339914,0.0,0.0
1072,0.0558511681356694,4,UGP2,18.237376447532924,13.597787478454505,-3700.2043820970553,-5.20152817150552,0.08124768860621658,SE,3635,8.393720803354823e-05,0.02443209821417558,0.0038423538208007812,7433.202221753981,-3764.9068431339656,64.70246103691034,8.881784197001252e-16,2.1263410888970975e-15
1074,0.0075171866714476634,4,ACTR2,18.237376447532924,106.200780820024,-3757.576905924525,-5.50143388095176,0.04615665062298964,SE,3635,1.3686304695359037e-05,0.1809319825311412,0.009292364120483398,7547.94726940892,-3763.98989616142,6.412990236894984,0.011328847519749163,0.00879033990208072
1075,0.012320253318049586,4,CNRIP1,18.237376447532924,64.48468173643764,-3613.585211740021,-5.006252303854703,0.044394853493462824,SE,3635,1.66777814555576e-05,0.08372345119563188,0.009851455688476562,7259.963881039912,-3627.7160239019363,14.1308121619154,0.00017052754625612732,0.00017134956104220822
1078,0.006305894975789093,4,SNRPG,18.237376447532924,126.7552715732497,-3210.8677980452176,-2.5433326363056405,0.011304397642791602,SE,3635,1.3456523533153862e-05,0.2515365781368471,0.011005640029907227,6454.529053650305,-3215.237291823997,4.3694937787795425,0.03658785977128587,0.025625873106574746
1079,0.022286457026456624,4,ADD2,18.237376447532924,35.28829282555933,-3529.827163700362,-4.919813331326632,0.05107785331576908,SE,3635,2.924167054550489e-05,0.04672937644751465,0.008844375610351562,7092.447784960594,-3554.563597022298,24.736433321936147,6.572983735075866e-07,8.56942911197347e-07
1081,0.005067695142240201,4,BOLA3,18.237376447532924,157.92216936971064,-3235.3937505709055,-3.5729579648186194,0.018339621721295062,SE,3635,6.890052343546374e-06,0.19839642586041045,0.010411739349365234,6503.580958701681,-3240.948614292175,5.554863721269612,0.018429407668777875,0.013821588806015639
1082,0.012181816514259125,4,DCTN1,18.237376447532924,65.22664076261867,-3735.0269306127648,-7.2212997940480035,0.08548559904438527,SE,3635,2.3650642781222487e-05,0.12137226914069953,0.009759902954101562,7502.8473187854,-3745.717714586781,10.690783974016085,0.0010767056814803277,0.000977114444316033
1083,0.006653487201498474,4,POLE4,18.237376447532924,120.09128604553823,-3091.997381105959,-2.741222330468691,0.012783468356442323,SE,3635,1.4151022406572205e-05,0.23794480185562,0.012172937393188477,6216.788219771788,-3096.2828452351177,4.285464129158754,0.0384395862812148,0.026714212855089178
1086,0.015906723797599404,4,MAT2A,18.237376447532924,49.764033570820615,-3620.321592972319,-3.995153522959498,0.03356409950210773,SE,3635,2.3015680196272085e-05,0.07034113138938543,0.02386760711669922,7273.4366435045085,-3636.1289620466214,15.807369074302187,7.012884431223387e-05,7.435395772054313e-05
1088,0.00803307079778011,4,REEP1,18.237376447532924,99.3289052779659,-3345.375963389519,-4.227127022649131,0.028711713508175047,SE,3635,2.1771012684142286e-05,0.2525701380304084,0.00859379768371582,6723.545384338908,-3351.572879845693,6.196916456174222,0.012797307442115713,0.00984459432108283
1089,0.007335396347909645,4,TMEM127,18.237376447532924,108.8526487593141,-3103.4709592170166,-3.5644795632004165,0.02042196027496517,SE,3635,1.443189703651929e-05,0.20021165736922347,0.0104522705078125,6239.735375993903,-3108.725144192042,5.25418497502551,0.021894052936097474,0.016141070159613583
1091,0.008805956687045856,4,INPP4A,18.237376447532924,90.54035404498043,-3317.459810128119,-4.282985818133065,0.030124510803579273,SE,3635,8.559055877427836e-06,0.08289470556882927,0.008161067962646484,6667.713077816108,-3329.002844369406,11.543034241286932,0.0006800356411983399,0.0006305699824406637
1092,0.013590333142441874,4,RPL31,18.237376447532924,58.38311554667392,-2910.139168128366,-6.462791614057222,0.06889626454453732,SE,3635,1.1092087661316926e-05,0.046001294849723845,0.008782625198364258,5853.071793816602,-2929.9695694177126,19.83040128934681,8.462595323055488e-06,9.858040990257478e-06
1093,0.13037708452958408,4,MAP4K4,18.237376447532924,5.365247490975656,-3185.9249197909107,-1.7732988153793334,0.0678712269268052,SE,3635,0.0001959996747762104,0.013926443465373542,0.004337310791015625,6404.643297141692,-3394.937019722222,209.01209993131124,0.0,0.0
1095,0.018033232249493856,4,SMIM37,18.237376447532924,43.80092320942496,-3612.858014009963,-5.189164745281899,0.05258375221161035,SE,3635,3.844735351655578e-05,0.09222504788670043,0.00991678237915039,7258.509485579796,-3634.6235009508728,21.765486940909796,3.080927663767774e-06,3.7684073903936417e-06
1097,0.03751205702339144,4,DBI,18.237376447532924,20.638801205059284,-3915.778625605592,-3.726165651525272,0.04825802206173047,SE,3635,2.8797199773274003e-05,0.017274476441467183,0.003802061080932617,7864.350708771054,-4002.8600495702067,87.08142396461471,0.0,0.0
1098,0.0888731437086884,4,BIN1,18.237376447532924,8.24647516310883,-3811.7150694474244,-4.16067934824844,0.08932323262195487,SE,3635,0.00015463649624186313,0.02021193604266701,0.004540681838989258,7656.223596454719,-3944.4025855472178,132.68751609979336,0.0,0.0
1099,0.014368711161296567,4,MZT2B,18.237376447532924,55.176826321602015,-3638.343795212685,-5.956146340714899,0.06257203624408816,SE,3635,2.115553171165548e-05,0.07873978837093597,0.010564088821411133,7309.48104798524,-3656.7481435760733,18.40434836338818,1.7864983131832268e-05,2.000796476539315e-05
1100,0.010653807707935364,4,ARHGEF4,18.237376447532924,74.69705552384961,-3769.7571678279273,-4.9712924946123485,0.04261265318816733,SE,3635,2.3632254992283944e-05,0.1575658000113255,0.008271932601928711,7572.307793215725,-3779.937923917817,10.180756089889655,0.0014191397622613788,0.0012703845933265839
1101,0.0091407754119021,4,FAM168B,18.237376447532924,87.19447524976272,-3606.8627103270283,-4.995148803254771,0.04064971982847066,SE,3635,1.113338721287767e-05,0.10021112837598542,0.011448860168457031,7246.518878213927,-3615.0678229448604,8.205112617832128,0.004177251615541944,0.003506114893099347
1102,0.010422165779530987,4,PLEKHB2,18.237376447532924,76.3751422067167,-3825.8977507424397,-5.592933396664548,0.05217134653138922,SE,3635,1.2667461473840048e-05,0.08817089728707277,0.009325742721557617,7684.58895904475,-3837.8081839431743,11.910433200734587,0.0005582041736734711,0.0005252016382941751
1103,0.010994609614614636,4,MZT2A,18.237376447532924,72.35672391415305,-3877.794759528306,-4.922971463722482,0.042688408098592256,SE,3635,1.2425071976649317e-05,0.0778961494396773,0.011252880096435547,7788.382976616482,-3890.592387881344,12.797628353038363,0.0003470590426490894,0.00033377567296162997
1104,0.005126221640253567,4,RAB3GAP1,18.237376447532924,156.10997520474754,-3202.0442940110497,-3.7195249922870577,0.019726583246191382,SE,3635,9.79128692218906e-06,0.2756022457450061,0.010211467742919922,6436.88204558197,-3206.273703042769,4.229409031719115,0.03972927149953209,0.027516101935360728
1105,0.05285306739172539,4,ZEB2,18.237376447532924,14.414753161281974,-3435.77018090969,-2.782324435303904,0.040420172011626725,SE,3635,7.504643358121893e-05,0.02410565333857785,0.003789663314819336,6904.333819379251,-3536.125578188268,100.35539727857758,0.0,0.0
1107,0.008159023932286052,4,MMADHC,18.237376447532924,97.78311978074957,-3026.488611581972,-3.452297828296842,0.019885975281746314,SE,3635,2.2167009546093218e-05,0.24941550112909455,0.009339332580566406,6085.770680723814,-3031.8005105124275,5.3118989304557545,0.02118025829234227,0.015692221802496277
1108,0.010692183252286845,4,CACNB4,18.237376447532924,74.42607170951497,-3147.938618035213,-3.630025599004816,0.023846612492662345,SE,3635,1.165687983528383e-05,0.07717644280836702,0.008691787719726562,6328.670693630296,-3161.5511201163645,13.612502081151433,0.00022468423760957368,0.00022293689438332602
1109,0.0820276187327397,4,FMNL2,18.237376447532924,9.00180416862906,-3326.629334423081,-2.634545724621638,0.05285158795617422,SE,3635,0.0001416516206724526,0.02116903889559612,0.004296302795410156,6686.052126406033,-3462.7165053753088,136.08717095222755,0.0,0.0
1110,0.019204951128107668,4,KCNJ3,18.237376447532924,41.07949617355939,-3343.033475600665,-4.144553442764171,0.0364898095317265,SE,3635,2.781229996553637e-05,0.0591045194560557,0.007608175277709961,6718.8604087612,-3366.4472781814093,23.413802580744232,1.3063782836608695e-06,1.6597474974831207e-06
1111,0.44042458503828474,4,ERMN,18.237376447532924,1.0219911184248842,-3232.0532963445626,-0.872755834725439,0.32981023644155605,SE,3635,0.0004305498090234755,0.008248243820309059,0.0032286643981933594,6496.900050248995,-4104.31421724777,872.2609209032075,0.0,0.0
1112,0.05003542172623907,4,PKP4,18.237376447532924,15.271788372942922,-3266.316379342062,-2.2260783373594366,0.03167171106284812,SE,3635,3.880415332901801e-05,0.01375331856566956,0.0038971900939941406,6565.4262162439945,-3384.5469861933543,118.23060685129212,0.0,0.0
1113,0.06257842521527231,4,TBR1,18.237376447532924,12.049537140203059,-3365.8573854782694,-3.99863865612525,0.059611706104801016,SE,3635,0.00011810715126779914,0.028118012920048174,0.003854990005493164,6764.508228516409,-3441.0032851669903,75.14589968872087,0.0,0.0
1114,0.013521208436187027,4,CSRNP3,18.237376447532924,58.6857007858207,-3312.671703667279,-4.140677343912046,0.032367447175974604,SE,3635,2.5452573105250973e-05,0.10660909167592277,0.0077457427978515625,6658.136864894428,-3327.346373304669,14.674669637390252,0.00012775162560674236,0.0001309093719434873
1116,0.008946909310567946,4,UBR3,18.237376447532924,89.10127836591118,-3233.3187932995934,-3.590444593182991,0.022291462561786574,SE,3635,3.41217122517423e-05,0.3203256200423174,0.010328054428100586,6499.431044159057,-3237.2307815615172,3.9119882619238524,0.0479428456535399,0.03267078577667875
1117,0.04381443321594491,4,DYNC1I2,18.237376447532924,17.554361429603215,-3567.5324860796795,-3.078412834569555,0.040145725396713156,SE,3635,5.937709122777151e-05,0.02677487567404162,0.0043849945068359375,7167.858429719229,-3639.810334641205,72.27784856152539,0.0,0.0
1118,0.006342807330251378,4,OLA1,18.237376447532924,126.01293040697877,-3556.2405702876003,-4.8814729453709935,0.035042171776492846,SE,3635,8.443691668093138e-06,0.15602618278570385,0.011519193649291992,7145.274598135071,-3563.855069926587,7.614499638986672,0.005790082263335994,0.004717433419335103
1119,0.05519119393039771,4,ATP5MC3,18.237376447532924,13.770008024435272,-3537.1787477325165,-7.975321760270754,0.14374667150938705,SE,3635,9.159136052333883e-05,0.02723046660062091,0.004246711730957031,7107.150953024903,-3620.5668456632243,83.38809793070777,0.0,0.0
1121,0.01196490360454024,4,HNRNPA3,18.237376447532924,66.42372356671476,-3786.4811062879126,-5.327540487187705,0.04965271868716429,SE,3635,2.7851095809825502e-05,0.14802553955313616,0.01194620132446289,7605.755670135695,-3794.110181790721,7.629075502808519,0.005743473554876033,0.0046833833946096585
1122,0.008600863059002647,4,UBE2E3,18.237376447532924,92.718533411204,-3459.953778217274,-4.412521076710207,0.031832038620704016,SE,3635,8.693473059722957e-06,0.08818509850948736,0.010446786880493164,6952.701013994418,-3472.731697520405,12.777919303131057,0.00035073483137582073,0.0003368292456272888
1123,0.005804941780775491,4,ZC3H15,18.237376447532924,137.76337747636487,-3459.101902999504,-4.354040539727455,0.027613640176357417,SE,3635,9.752335102259598e-06,0.21467080678494396,0.009778022766113281,6950.997263558878,-3463.4089156056652,4.307012606161152,0.037955559297276564,0.026405108470418975
1124,0.031110997937511205,4,FAM171B,18.237376447532924,25.050715466620602,-3691.7814133756706,-4.766486529624743,0.05625159442979212,SE,3635,0.00016318177877701137,0.13869266841895744,0.008724212646484375,7416.356284311211,-3703.6173582758825,11.83594490021187,0.0005809820934700172,0.0005443488847402036
1125,0.009002075558032117,4,MFSD6,18.237376447532924,88.55032124031891,-3440.0898602276766,-3.9036928074052013,0.026163625503862895,SE,3635,1.739060969815968e-05,0.16130038465310262,0.01209878921508789,6912.973178015223,-3447.748266600821,7.658406373144317,0.005650839667216356,0.004616240386090528
1126,0.010426235137662523,4,TMEFF2,18.237376447532924,76.34501905075636,-3140.3547777818967,-3.097852085561396,0.018379779556402943,SE,3635,9.359969061664085e-06,0.06509959617322489,0.009259462356567383,6313.503013123664,-3157.795342264885,17.44056448298852,2.964320048126634e-05,3.2425673844992014e-05
1130,0.015340213084756513,4,SATB2,18.237376447532924,51.631513936798896,-3140.639284065108,-3.834208953938134,0.029250172461410352,SE,3635,1.8468527782856864e-05,0.06054905621955886,0.010497570037841797,6314.072025690086,-3157.8007584667157,17.161474401607848,3.4332916579837836e-05,3.7373283714445434e-05
1132,0.019970816250166605,4,CLK1,18.237376447532924,39.4732824958449,-3115.4168029257835,-2.4178461503991233,0.0176066984435972,SE,3635,1.6906889108032736e-05,0.03333042345627432,0.0044705867767333984,6263.627063411437,-3148.969296036503,33.5524931107193,6.936640595256449e-09,1.0498239166560535e-08
1133,0.016159497635887313,4,BMPR2,18.237376447532924,48.97302064986499,-3545.4442004274824,-4.220166305122544,0.03630712453848639,SE,3635,2.781284825928979e-05,0.08244927538987708,0.010653018951416016,7123.681858414835,-3560.7646289755958,15.320428548113341,9.073003123338808e-05,9.441077566295041e-05
1134,0.011960118862569506,4,NDUFS1,18.237376447532924,66.45061871062492,-3676.694246499531,-5.059991237960946,0.04506227513138593,SE,3635,1.6094626337266772e-05,0.08560795520102149,0.010663747787475586,7386.181950558932,-3690.0370220416544,13.34277554212349,0.0002594201006836938,0.0002547722289395268
1135,0.012473711786951551,4,EEF1B2,18.237376447532924,63.68145978644886,-3904.8788149305637,-5.160365410181725,0.04807874394250392,SE,3635,1.1992354276466843e-05,0.058767262137863215,0.010495424270629883,7842.551087420998,-3921.1611027492204,16.28228781865664,5.457167934430629e-05,5.836543245380353e-05
1136,0.009333851193271734,4,ADAM23,18.237376447532924,85.37417118115334,-3243.1556994421207,-4.166813778680006,0.029061499439361937,SE,3635,1.2028102079437673e-05,0.1039145521482847,0.01078343391418457,6519.104856444112,-3255.937869658731,12.782170216610211,0.00034993871825572676,0.0003363047422197894
1137,0.014278740056983163,4,LANCL1,18.237376447532924,55.52956688072537,-3884.2733167620045,-5.3512945174895155,0.05304689004958602,SE,3635,1.3766100573369028e-05,0.05186526521247828,0.008337974548339844,7801.340091083879,-3902.255688332749,17.982371570744363,2.229601932590697e-05,2.464936774657677e-05
1139,0.1161965250939112,4,RPL37A,18.237376447532924,6.118185131582275,-2264.9603136427218,-5.621987105533195,0.093153424193524,SE,3635,0.00017403864797167542,0.014763055979201464,0.00521397590637207,4562.714084845314,-2498.3942997923205,233.4339861495987,0.0,0.0
1140,0.012799034981199452,4,ARPC2,18.237376447532924,62.04237225504454,-3751.226716449519,-4.805777580706616,0.042431674549495015,SE,3635,2.1801859823083162e-05,0.10161149949356624,0.011460542678833008,7535.246890458908,-3762.3292340805174,11.102517630998591,0.0008621060551499138,0.0007912172650513908
1142,0.06556092873389176,4,TUBA4A,18.237376447532924,11.464785716851235,-3769.2570291628267,-7.723006440490871,0.14895384267881914,SE,3635,0.00012392738162745267,0.02719605422170044,0.004431247711181641,7571.307515885524,-3856.505440182449,87.24841101962238,0.0,0.0
1143,0.037518116117188305,4,DNAJB2,18.237376447532924,20.635338178499083,-3767.909158798547,-4.0017000312729865,0.050060820685784255,SE,3635,4.1741065265950575e-05,0.025031589730987482,0.0038039684295654297,7568.6117751569645,-3821.376663125031,53.46750432648378,2.6290081223123707e-13,5.570410910554487e-13
1144,0.04386494078303655,4,EPHA4,18.237376447532924,17.533222560283665,-3384.7915122095415,-4.992891795769117,0.06511943345834281,SE,3635,8.39166118984461e-05,0.037760979199293145,0.0044400691986083984,6802.376481978953,-3460.2906333474866,75.49912113794517,0.0,0.0
1145,0.016076993643308966,4,ACSL3,18.237376447532924,49.228468540149436,-3671.643170107898,-5.293919257257103,0.052866395107511774,SE,3635,2.3580907312545344e-05,0.07059940335331501,0.00986480712890625,7376.0797977756665,-3687.3712764880133,15.72810638011515,7.312942858095361e-05,7.735245447385033e-05
1146,0.04180313255812991,4,SCG2,18.237376447532924,18.437667103905202,-3772.0448266964645,-5.982745591424274,0.08770666410848281,SE,3635,6.514541352698357e-05,0.03201274229766003,0.0038199424743652344,7576.883110952799,-3842.897406412718,70.85257971625333,0.0,0.0
1148,0.004823199116337728,4,PSMD1,18.237376447532924,165.9682833783515,-3472.121215055613,-4.168704627068188,0.02408575364634123,SE,3635,7.165399222242968e-06,0.22754206966306342,0.009444952011108398,6977.035887671096,-3476.1533088233937,4.03209376778068,0.044642504012361695,0.030660775877439938
1149,0.18704908933153847,4,PTMA,18.237376447532924,3.495978666230594,-3248.7844647294855,-4.55225620523935,0.13896185225096042,SE,3635,0.000390494290685174,0.016600615382413045,0.0045087337493896484,6530.362387018841,-3617.208830925777,368.42436619629143,0.0,0.0
1150,0.20291527973848889,4,EFHD1,18.237376447532924,3.1597286123458685,-3349.240060442313,-1.7364860347282047,0.12036751065035246,SE,3635,0.0003264958295260478,0.012490802984836121,0.004365682601928711,6731.273578444496,-3766.215405513913,416.97534507160026,0.0,0.0
1151,0.004984913097672055,4,COPS8,18.237376447532924,160.55806448774118,-3529.3068450123174,-4.913927863688147,0.032952813919974025,SE,3635,7.953374657828434e-06,0.23660252768065757,0.01034235954284668,7091.407147584505,-3533.6710211080344,4.3641760957170845,0.03670222741552387,0.025692600782790342
1152,0.018842584310720115,4,RAMP1,18.237376447532924,41.88497624168129,-3337.9358755891353,-3.2979176188811756,0.02613129978277121,SE,3635,2.018108817331748e-05,0.044486748660121964,0.009974241256713867,6708.665208738141,-3364.4779890793816,26.542113490246265,2.5785520907373183e-07,3.476277185544937e-07
1154,0.015398048663106506,4,COPS9,18.237376447532924,51.43456299915356,-3657.4239188312204,-7.3030926571191666,0.0916184183511251,SE,3635,1.1049098428936267e-05,0.035961384466995205,0.008899211883544922,7347.641295222311,-3687.1034276040637,29.679508772843292,5.097077604432343e-08,7.257022467109061e-08
1155,0.009750588213081642,4,GPC1,18.237376447532924,81.69092757891866,-3482.1752065063865,-4.289062931314362,0.031535719402568316,SE,3635,2.637477381109204e-05,0.2091584057010094,0.007762908935546875,6997.143870572643,-3488.8179042874203,6.642697781033803,0.009956305220895079,0.007815493649583494
1156,0.0051853558226381815,4,HDLBP,18.237376447532924,154.32051228573522,-3770.6618270187973,-5.193783401164645,0.03732671658733345,SE,3635,1.4457286481957523e-05,0.39780838380482,0.011056184768676758,7574.117111597465,-3773.939870383124,3.2780433643265496,0.07021258890116955,0.04599213577663581
1157,0.05060766184783975,4,SEPT2,18.237376447532924,15.090009035147183,-3569.610053606824,-2.846267309230041,0.04176378516330006,SE,3635,7.161965836564882e-05,0.024869615602039444,0.0037689208984375,7172.013564773518,-3657.2426590619425,87.63260545511866,0.0,0.0
1159,0.005041252916643173,4,ARL8B,18.237376447532924,158.75471699956034,-3780.446734076777,-5.785271533132177,0.04522424777783493,SE,3635,8.577814131439265e-06,0.24956535727877,0.013784170150756836,7593.686925713424,-3784.3148831240032,3.868149047226325,0.049210764365688275,0.03340607800257713
1160,0.012857853549472935,4,SRGAP3,18.237376447532924,61.75487824666901,-3114.952892758348,-3.517415431940984,0.024015943049716597,SE,3635,1.3008421971295172e-05,0.060089213940256125,0.009894609451293945,6262.699243076566,-3133.0007655263157,18.047872767967874,2.1541920322332153e-05,2.387452604242294e-05
1162,0.008312621564226874,4,ARPC4,18.237376447532924,95.96145545464374,-3815.435414659887,-5.550789112620398,0.04837442112451274,SE,3635,1.601058253908714e-05,0.17365994177032568,0.010643959045410156,7663.664286879644,-3822.6291255913275,7.193710931440364,0.0073159526673152175,0.005869577680721268
1164,0.008656779104861978,4,BRK1,18.237376447532924,92.11444829754421,-3832.6035463017124,-5.86689844252465,0.05408886513916321,SE,3635,1.2285786400883035e-05,0.12304857895815716,0.011857271194458008,7698.000550163295,-3841.589360520128,8.985814218415726,0.00272083527481648,0.002346641146112116
1165,0.11870225666538513,4,RPL32,18.237376447532924,5.97205409027206,-2091.2803802522153,-4.583650796738739,0.07068829556142377,SE,3635,0.00021956308123963737,0.018015651170480526,0.0048825740814208984,4215.354218064301,-2332.345413071632,241.0650328194165,0.0,0.0
1166,0.029112688304514807,4,IQSEC1,18.237376447532924,26.82542212716495,-3864.2925777421447,-5.536019747645927,0.06983053619885078,SE,3635,4.235387726687714e-05,0.04077851697072624,0.0043392181396484375,7761.3786130441595,-3897.8772986792137,33.58472093706905,6.822655329585814e-09,1.0337356559978509e-08
1167,0.0049758451691268735,4,LSM3,18.237376447532924,160.85212972618203,-3482.6180476336885,-3.2729879872990066,0.015953816946687724,SE,3635,1.0096222577142194e-05,0.3014338232230865,0.01011204719543457,6998.029552827247,-3486.095780411976,3.4777327782876455,0.062199904298814834,0.04122519407176264
1168,0.004560952285541451,4,FGD5-AS1,18.237376447532924,175.55742159044956,-3743.638052679553,-4.111373068557531,0.023421394354468644,SE,3635,7.780628206980345e-06,0.2760085840085827,0.012618541717529297,7520.069562918976,-3746.9446768354237,3.30662415587085,0.06900110356648204,0.0453088572156677
1169,0.0044505519944272424,4,SH3BP5,18.237376447532924,179.93224835647524,-3072.4833150170143,-2.768455756630273,0.011135099758073051,SE,3635,7.530712433527196e-06,0.2804324376754373,0.01196599006652832,6177.760087593899,-3076.200592763124,3.7172777461096302,0.0538521022777223,0.036209673059392586
1170,0.04843608338745538,4,SATB1,18.237376447532924,15.802616363684296,-3462.6303519122844,-4.652863425320105,0.06305460434363465,SE,3635,7.263327105628277e-05,0.02729772255424979,0.0041351318359375,6958.054161384439,-3518.1882426433267,55.557890731042335,9.070522111187529e-14,1.9747532692788385e-13
1172,0.04664414540790415,4,RPL15,18.237376447532924,16.44061076194083,-2897.7141434321707,-6.242196029625214,0.08630132316246955,SE,3635,6.811648061014528e-05,0.027409083189008816,0.003834962844848633,5828.2217444242115,-2952.502296342702,54.78815291053115,1.3422596367718143e-13,2.884903082228123e-13
1174,0.005121674728238272,4,EIF1B,18.237376447532924,156.24928037242964,-3755.3223888500434,-5.609715448278397,0.04285948084003967,SE,3635,1.1463462915378622e-05,0.32323723679976557,0.010768413543701172,7543.438235259957,-3758.7896199421198,3.4672310920764176,0.06259600913481733,0.041426505173514136
1175,0.026365872474185755,4,RPL14,18.237376447532924,29.703914836657095,-3290.550566400345,-5.787279183304732,0.06782963907277104,SE,3635,2.5139481158617948e-05,0.02918387557591648,0.0037641525268554688,6613.89459036056,-3333.021292830467,42.470726430121886,7.174805194409828e-11,1.2718543164123306e-10
1176,0.007221481530570176,4,CTNNB1,18.237376447532924,110.58242679615077,-3956.648469582289,-6.441114529705835,0.06150751097999805,SE,3635,1.1780364801906618e-05,0.16854446167979448,0.009654760360717773,7946.0903967244485,-3962.5158696261897,5.8674000439004885,0.015423815078222214,0.011724317573584428
1181,0.00961469941442416,4,TMA7,18.237376447532924,82.85687021041213,-3453.542163552176,-6.768811644657301,0.07101617774636751,SE,3635,1.0231643797823377e-05,0.08340240834820954,0.010493993759155273,6939.877784664222,-3465.0315706346737,11.489407082497564,0.0006999396193416718,0.0006472418848020459
1183,0.009259423965351834,4,UQCRC1,18.237376447532924,86.06687415352393,-3869.8704633174966,-6.110652851799755,0.059374619770014854,SE,3635,1.735887682524727e-05,0.15234254643037765,0.010033369064331055,7772.534384194863,-3877.373013481457,7.502550163960223,0.006161169014368362,0.0049997423737609265
1185,0.006543820489435261,4,NDUFAF3,18.237376447532924,122.1173547576549,-3793.4656178001787,-4.327911562549732,0.02899161002050225,SE,3635,1.0865492552851763e-05,0.18878889966416657,0.008146286010742188,7619.724693160228,-3798.7904619949313,5.324844194752586,0.021023488254890865,0.015601846571347585
1186,0.03617578024758919,4,RHOA,18.237376447532924,21.430878717784715,-3845.1355092567405,-4.833111351607475,0.06274781086371639,SE,3635,2.9084743463781764e-05,0.018659340893442643,0.003823518753051758,7723.064476073351,-3921.76345047948,76.62794122273954,0.0,0.0
1189,0.015458877915103999,4,GNAI2,18.237376447532924,51.22900760836309,-3713.655188459932,-3.3459626736931254,0.026223801599148652,SE,3635,1.458691963755395e-05,0.047114758559181305,0.009492158889770508,7460.103834479734,-3733.1625614237473,19.507372963815214,1.0021213732835932e-05,1.1543739356006524e-05
1190,0.004452669844711646,4,TUSC2,18.237376447532924,179.8462835020497,-3505.755920223988,-3.947275800604923,0.021297070911020115,SE,3635,7.413044379646631e-06,0.27579054384885454,0.012424945831298828,7044.305298007846,-3509.498544497442,3.7426242734536572,0.05304107868310115,0.03575368758015564
1191,0.007428317664799522,4,DOCK3,18.237376447532924,107.48094176327047,-3484.719035456863,-4.463450962370266,0.031150050838052574,SE,3635,1.2446439333095496e-05,0.1684396377435918,0.011445045471191406,7002.231528473596,-3491.744024965352,7.024989508488943,0.008037994233956791,0.0063916996917343935
1192,0.00603568952615827,4,ABHD14A,18.237376447532924,132.46585563348742,-3421.090250793868,-4.754699067174296,0.032699272303404386,SE,3635,7.175855447193175e-06,0.1462498320924263,0.009142160415649414,6874.973959147606,-3427.11826922574,6.028018431871715,0.014080531651136874,0.010770162201500117
1193,0.00548817364757748,4,DUSP7,18.237376447532924,145.76127476673892,-3043.3696886308335,-3.020339819222407,0.013900896151672004,SE,3635,1.2662420943049569e-05,0.3114230706739505,0.009648561477661133,6119.532834821537,-3046.818601323515,3.4489126926814606,0.0632933941108168,0.04184687213938302
1194,0.004174209450766624,4,WDR82,18.237376447532924,191.89744070738232,-3540.8307185735484,-4.115009988363499,0.02249282359418567,SE,3635,5.748609795125401e-06,0.24307257926324868,0.009798049926757812,7114.454894706967,-3544.2519104321227,3.421191858574275,0.06436452845491591,0.04251327804403784
1196,0.007895846995258388,4,NISCH,18.237376447532924,101.06914541491115,-3734.7019641001134,-5.232769875278381,0.04270560325453526,SE,3635,1.2680016115676682e-05,0.1521747001649391,0.008761882781982422,7502.197385760097,-3741.596067235901,6.894103135787645,0.008648053909137698,0.006848477599402748
1197,0.005082774319101434,4,SPCS1,18.237376447532924,157.4512718782318,-3824.4673413237397,-4.610573836326566,0.02994850336574127,SE,3635,6.44499577104624e-06,0.18449323118516048,0.01154637336730957,7681.7281402073495,-3829.2042360174632,4.7368946937235705,0.02952231342967948,0.021150655376089476
1198,0.005340890223071236,4,TKT,18.237376447532924,149.80305250721233,-3580.552941121068,-4.125145880993216,0.024596871892094994,SE,3635,1.2878812918453599e-05,0.3342512060349399,0.010463476181030273,7193.899339802007,-3583.84603441434,3.293093293271795,0.06957183818657897,0.04566133947500528
1202,0.005187163491929182,4,C3orf14,18.237376447532924,154.26645297173306,-3147.0777041224464,-3.546062756356252,0.018134618397479305,SE,3635,9.895641414466705e-06,0.27210191880490386,0.011439323425292969,6326.948865804763,-3150.718265552511,3.6405614300647358,0.05638791642472929,0.03755810814968469
1203,0.004133708660293294,4,THOC7,18.237376447532924,193.78547312926344,-3299.3552891684685,-3.9570316830299026,0.020625263960899597,SE,3635,5.372431358865491e-06,0.2316006163868951,0.012410163879394531,6631.504035896807,-3303.0329672305324,3.677678062063933,0.05514559609047465,0.03687140636754067
1204,0.01031085590753539,4,CADM2,18.237376447532924,77.20832643160583,-3837.2113413331954,-6.448462190453025,0.0671520093254435,SE,3635,1.5379082123396262e-05,0.10931838455873322,0.009769439697265625,7707.216140226261,-3847.759022817988,10.54768148479252,0.0011633392384210461,0.0010511887617456184
1205,0.04586432630107933,4,RPL24,18.237376447532924,16.73382277712892,-3243.3429895550657,-5.643013860140938,0.07687010113666749,SE,3635,4.285929558371852e-05,0.017782150135866964,0.003766775131225586,6519.479436670002,-3338.496612473211,95.15362291814517,0.0,0.0
1206,0.029836038633044085,4,ALCAM,18.237376447532924,26.155560250879976,-3300.5671032113223,-2.638443610653889,0.025404606714469872,SE,3635,2.872151817235507e-05,0.026405729434585752,0.004426240921020508,6633.927663982515,-3345.233433158276,44.66632994695374,2.3364088441724107e-11,4.306208081413659e-11
1207,0.12295116868733412,4,TAGLN3,18.237376447532924,5.737876058236559,-3666.6222576357427,-7.842750842833764,0.19351541319950613,SE,3635,0.00020388993326875903,0.01584390563020673,0.004387617111206055,7366.037972831356,-3827.29810798961,160.6758503538672,0.0,0.0
1208,0.01262206994043847,4,CD200,18.237376447532924,62.92350171551629,-3332.8950670776785,-4.309893601475362,0.03391150863335843,SE,3635,1.576836032359939e-05,0.07551147087096767,0.010342836380004883,6698.583591715227,-3345.960897120626,13.06583004294771,0.00030073190403756556,0.00029193442081568746
1209,0.07947009611214279,4,ATP6V1A,18.237376447532924,9.317388687965432,-3809.0401833131077,-7.310465951819391,0.14950502228289925,SE,3635,0.0001319251965290738,0.020798464559559887,0.0038089752197265625,7650.873824186086,-3903.800422754144,94.76023944103645,0.0,0.0
1210,0.01004185299995407,4,COX17,18.237376447532924,79.29814434207628,-3733.971367940165,-4.84604636711635,0.03998096551310923,SE,3635,3.067342415665339e-05,0.22961739290284022,0.02372598648071289,7500.7361934402,-3739.6780023235724,5.706634383407618,0.01690091183506215,0.012774948680230842
1211,0.009922172860908391,4,GSK3B,18.237376447532924,80.26433200242974,-3350.8004068763757,-4.036654018866869,0.02830086227570884,SE,3635,1.7068683727047242e-05,0.13081038165609143,0.010918140411376953,6734.394271312622,-3360.5898063378345,9.789399461458743,0.0017552077672562394,0.0015526313403497907
1212,0.007018103830641984,4,NDUFB4,18.237376447532924,113.8103061005867,-3843.793764281456,-6.455388646354706,0.061019539487660715,SE,3635,1.3721670656220328e-05,0.20768740135779842,0.012255191802978516,7720.380986122782,-3850.4698377485156,6.676073467059723,0.009771564402193622,0.007679436764680631
1213,0.008980997575415426,4,SLC41A3,18.237376447532924,88.76003255315022,-3089.5432510165992,-3.730249256990146,0.023486743010068787,SE,3635,9.351280349329891e-06,0.0871344725171849,0.010898113250732422,6211.879959593069,-3101.9345812426777,12.39133022607848,0.00043133186435539983,0.0004110038367537934
1214,0.006302046036416496,4,CHCHD6,18.237376447532924,126.83317791569863,-3072.3315209275625,-3.2137862061718034,0.01624273390618234,SE,3635,5.3776797528652006e-06,0.1006437030331209,0.009788990020751953,6177.456499414995,-3079.669634460894,7.33811353333158,0.0067507647482119015,0.0054453519878753095
1215,0.004637402000911414,4,PODXL2,18.237376447532924,172.65001581471586,-3615.0874160301046,-4.20768443614008,0.02436583288004429,SE,3635,7.756108148812276e-06,0.2662264293967493,0.010750293731689453,7262.968289620079,-3619.0065632287105,3.9191471986059696,0.047739091306514436,0.032571388130942916
1219,0.013556714549441193,4,CNBP,18.237376447532924,58.529891540272864,-3734.593125676949,-4.329423925732779,0.03644828062978299,SE,3635,1.3067323147829908e-05,0.05445461360578212,0.015265703201293945,7501.979708913768,-3752.1686654755276,17.575539798578575,2.761171875276247e-05,3.030204935050309e-05
1220,0.005787889407227952,4,COPG1,18.237376447532924,138.1716280419067,-3364.1447883551464,-3.5664856988077904,0.019298224268370343,SE,3635,1.4235583522648913e-05,0.3151840522610304,0.009284734725952148,6761.083034270163,-3368.097770305849,3.9529819507024513,0.0467883875544397,0.03197138075653113
1221,0.004469561452423144,4,H1FX,18.237376447532924,179.1635587794557,-3888.1453369095416,-5.202174741572105,0.035912040529041435,SE,3635,7.666960723128702e-06,0.2831050578083317,0.013135194778442383,7809.084131378953,-3891.565177825745,3.4198409162036114,0.06441722053826959,0.042527204209402716
1222,0.010724291259038229,4,MRAS,18.237376447532924,74.20083540057216,-3287.862991624508,-3.872973134997339,0.026913170336127244,SE,3635,1.4644297704199541e-05,0.0963882441800576,0.012113094329833984,6608.519440808886,-3299.271762627679,11.408771003170841,0.0007309817220855219,0.000674556022375965
1224,0.007512490347867436,4,ATP1B3,18.237376447532924,106.26767353151338,-3257.6432053178614,-3.917140933844669,0.024491141214400027,SE,3635,1.699283023710397e-05,0.22492059995108055,0.011055231094360352,6548.079868195593,-3263.9559347267195,6.312729408858104,0.011987415873631169,0.009253312206214016
1225,0.05073944967825059,4,PFN2,18.237376447532924,15.048725837090355,-3644.5559571883136,-7.881022860342553,0.1393531604548591,SE,3635,6.947858223614523e-05,0.024013506362112358,0.003848552703857422,7321.905371936497,-3715.212027352697,70.65607016438344,0.0,0.0
1226,0.005200415136424614,4,SSR3,18.237376447532924,153.87130307187869,-3182.3220016423074,-3.0594757076209373,0.014100227412849808,SE,3635,9.627011368589436e-06,0.26338246542883426,0.011471033096313477,6397.437460844485,-3186.7164066359564,4.394404993649005,0.03605703937336324,0.025293590990888997
1227,0.009348763588191427,4,SEC62,18.237376447532924,85.23670609893463,-3812.881307888387,-5.414068942963294,0.04778364511589238,SE,3635,1.185005164580058e-05,0.10205625841727793,0.010018587112426758,7658.556073336644,-3822.197107537522,9.315799649134988,0.0022718620598689565,0.001984861776036633
1228,0.390981168744316,4,CLDN11,18.237376447532924,1.252953434708567,-3434.9738008326294,-1.312541592735013,0.3035150251029797,SE,3635,0.000407724497116247,0.008248333340867005,0.0032110214233398438,6902.741059225129,-4315.229359748705,880.2555589160756,0.0,0.0
1229,0.016099558082181546,4,NCEH1,18.237376447532924,49.158344683580665,-3139.370494460107,-4.228330035804921,0.03470400564824956,SE,3635,1.2682584727458952e-05,0.03786781405805147,0.008867263793945312,6311.534446480084,-3167.8905701634358,28.520075703328985,9.273197476566963e-08,1.286254195437592e-07
1230,0.006083024870724114,4,TBL1XR1,18.237376447532924,131.42880703484974,-3577.2647062809065,-4.131376902761797,0.02572028972524924,SE,3635,8.97924255955927e-06,0.18020265796595178,0.01289677619934082,7187.322870121683,-3582.0607279530714,4.796021672164898,0.028525533798919867,0.020480154274959448
1232,0.0035530567194215455,4,NDUFB5,18.237376447532924,225.58597154810775,-3749.7777080442374,-5.177911958709168,0.03280851662237905,SE,3635,3.8020152777763383e-06,0.22131482511716594,0.009183645248413086,7532.348873648345,-3754.3792061907216,4.6014981464841185,0.03194403008850477,0.022704300307826476
1238,0.05676903991132495,4,EIF4A2,18.237376447532924,13.36492567572153,-3080.1887044071395,-8.47426483578852,0.15298801654054878,SE,3635,7.217081177204946e-05,0.020407066338946008,0.004442691802978516,6193.170866374149,-3191.00976493872,110.82106053158032,0.0,0.0
1239,0.021219438902609987,4,FGF12,18.237376447532924,37.10321044995153,-3652.149929486509,-5.694680903929598,0.06442001415247244,SE,3635,1.2548387399384813e-05,0.022024267865862257,0.0038521289825439453,7337.093316532888,-3710.788832203264,58.63890271675518,1.8984813721090177e-14,4.271438781881038e-14
1240,0.006559655727527954,4,OPA1,18.237376447532924,121.82061740101514,-3334.5853907941237,-4.156351928410284,0.026198306700186337,SE,3635,8.481633016308626e-06,0.1466680980863311,0.009486913681030273,6701.9642391481175,-3341.401011121732,6.815620327608485,0.009036390856156595,0.007135007718262785
1242,0.2436686954964372,4,APOD,18.237376447532924,2.4967346465542732,-4056.2186721315848,-3.48584524079022,0.23768711194069253,SE,3635,0.0004111166716987797,0.012624230820482939,0.004380702972412109,8145.23080182304,-4515.729929248949,459.51125711736404,0.0,0.0
1243,0.05449382620061615,4,ATP5ME,18.237376447532924,13.95651917680529,-3203.432991848644,-7.101983026311021,0.11471241240834523,SE,3635,0.00010122593980530741,0.030785198566451066,0.003786802291870117,6439.6594412571585,-3256.3780252889046,52.94503344026043,3.4305891460917337e-13,7.200782777217086e-13
1244,0.014665356400073265,4,CTBP1,18.237376447532924,54.04445986583173,-3830.4218076035468,-5.83574589290447,0.061586965720943625,SE,3635,2.8434830205114994e-05,0.10171859704253511,0.009387493133544922,7693.637072766964,-3843.3649397813597,12.943132177812913,0.00032109731371643413,0.00031013771735320927
1246,0.047695602342063874,4,C4orf48,18.237376447532924,16.06044232162578,-3619.538151500838,-6.051873832776003,0.09135330737197506,SE,3635,6.0597311201634025e-05,0.023417921150339756,0.0038106441497802734,7271.869760561546,-3707.471153297845,87.93300179700691,0.0,0.0
1248,0.0294323478836332,4,NSG1,18.237376447532924,26.525339706443624,-3630.7461642545477,-5.423732784044103,0.06580770265639019,SE,3635,2.988711846699276e-05,0.02819022540934437,0.003742694854736328,7294.2857860689655,-3688.425527836853,57.679363582305086,3.086420008457935e-14,6.841248483626996e-14
1249,0.03260475421086354,4,CRMP1,18.237376447532924,23.8661885892413,-3755.1737110965555,-5.735519234245916,0.07535363454533885,SE,3635,3.524584973638127e-05,0.02743927897028746,0.003763437271118164,7543.140879752981,-3814.6477568569835,59.474045760428,1.2434497875801753e-14,2.8117733928474558e-14
1250,0.011300507982604341,4,JAKMIP1,18.237376447532924,70.37629421715249,-3061.4721674755256,-3.462002841743018,0.022288922363771068,SE,3635,1.272617239298915e-05,0.07561815708678914,0.010371208190917969,6155.737792510921,-3076.692742906439,15.220575430913414,9.565551910517556e-05,9.93056735940375e-05
1251,0.016810528519311335,4,PPP2R2C,18.237376447532924,47.04526307705859,-3848.1987974574795,-6.075604548489429,0.06852449443578638,SE,3635,1.961493425161929e-05,0.0538740762949537,0.009379386901855469,7729.191052474829,-3869.20377421747,21.004976759990313,4.5809188473633355e-06,5.50305186209232e-06
1252,0.008046452783396075,4,WDR1,18.237376447532924,99.16237448616798,-3145.250080126907,-2.8040654887358665,0.014327701723765766,SE,3635,1.769930863038992e-05,0.20466235195399704,0.012261629104614258,6323.293617813684,-3151.0158807556604,5.765800628753368,0.016341037876514086,0.0123726075905463
1253,0.028736752306590257,4,KCNIP4,18.237376447532924,27.1868769039307,-3284.8239061435415,-4.090976404935422,0.04119720080018685,SE,3635,3.343557760083358e-05,0.03298950635618282,0.0037407875061035156,6602.441269846953,-3329.2587091775194,44.434803033977914,2.6297075628178845e-11,4.8072717304477144e-11
1254,0.006066880636928788,4,UBE2K,18.237376447532924,131.7806853028515,-3322.3261926779887,-4.218854710737439,0.026247980142919524,SE,3635,7.847750611108887e-06,0.1583236922317491,0.009904146194458008,6677.445842915848,-3327.9216785434755,5.595485865486808,0.018006816219842348,0.01352727679070437
1255,0.005693268200768648,4,SLC30A9,18.237376447532924,140.4813870192406,-3258.3946226817425,-3.581147443210155,0.01917759475323605,SE,3635,9.454153293616768e-06,0.2162511381028219,0.0131683349609375,6549.582702923355,-3262.226743692187,3.8321210104445527,0.05027926945441252,0.034079834574092305
1256,0.010660188350707903,4,ATP8A1,18.237376447532924,74.65186423278631,-3566.556060127544,-4.494520218184682,0.03531397789533497,SE,3635,1.2419579475433466e-05,0.08270943684202178,0.009718656539916992,7165.905577814958,-3580.9918666749445,14.435806547400716,0.00014501862442595215,0.00014759150333544852
1257,0.009648685350495,4,OCIAD1,18.237376447532924,82.56218697414053,-3763.0182561860756,-7.171082141122991,0.08007154292929479,SE,3635,2.692434838605999e-05,0.2179588187516243,0.008785486221313477,7558.829969932021,-3770.8979174211395,7.87966123506385,0.004999384432044729,0.0041266530727418855
1259,0.013310299347134305,4,IGFBP7,18.237376447532924,59.62835413604338,-3971.5556016895443,-3.2411857159381112,0.024711777100445607,SE,3635,2.3033438195381417e-05,0.09947183062534352,0.010138273239135742,7975.904660938959,-3984.6214878445044,13.065886154960026,0.00030072289492721893,0.00029193442081568746
1260,0.034459458233975906,4,SCARB2,18.237376447532924,22.538349993100493,-3681.330182029405,-3.752595211212612,0.043676631606613205,SE,3635,3.4277940123334227e-05,0.024069562237122668,0.004294872283935547,7395.45382161868,-3750.6261284605407,69.29594643113569,1.1102230246251565e-16,2.823732731474879e-16
1261,0.018443700702818113,4,SEPT11,18.237376447532924,42.808222818618006,-3394.354664082988,-4.093687346106088,0.0355630375081108,SE,3635,3.454500204438398e-05,0.07935016537944144,0.009898900985717773,6821.5027857258465,-3410.1369226337647,15.782258550776533,7.106578389082241e-05,7.522878203162662e-05
1263,0.009558592272812276,4,HNRNPDL,18.237376447532924,83.34794602501651,-3871.63251429147,-6.063911635068646,0.05904904086383967,SE,3635,1.3646370351352478e-05,0.11252092346716476,0.012015104293823242,7776.058486142811,-3878.0929047628138,6.460390471343544,0.011030540307154446,0.008588594094375306
1265,0.007259431064825197,4,SEC31A,18.237376447532924,110.00013910486994,-3074.2786001133136,-2.9809280230731874,0.01506725564133407,SE,3635,1.918494239862338e-05,0.27166387980378853,0.009643793106079102,6181.350657786497,-3079.303117905554,5.024517792240204,0.024990883451832424,0.018165368846673538
1266,0.005126517654318064,4,COPS4,18.237376447532924,156.1009146965179,-3116.1640413410096,-3.772095480765636,0.020126133572395958,SE,3635,7.476348109551184e-06,0.21041798986329066,0.00986480712890625,6265.121540241889,-3120.7564599864336,4.592418645424004,0.03211366706316243,0.02281281907146031
1268,0.03826587435417912,4,MAPK10,18.237376447532924,20.216382007859078,-3786.4606749231193,-6.800394684010352,0.10329881162500684,SE,3635,4.651692898367183e-05,0.026896572313654186,0.003744840621948242,7605.714807406109,-3852.8589135430902,66.39823861997093,3.3306690738754696e-16,8.252787927901717e-16
1269,0.14336045270292005,4,SPARCL1,18.237376447532924,4.806498446116293,-2267.5892103588885,-7.34806561507042,0.14655975032192467,SE,3635,0.0002347575681415906,0.01447766730239259,0.004526615142822266,4567.971878277647,-2480.3770023071775,212.78779194828894,0.0,0.0
1271,0.03936337179637014,4,NAP1L5,18.237376447532924,19.630298321012503,-3689.4134534396103,-5.773911743169382,0.08050420625999513,SE,3635,5.263343211353192e-05,0.02888656479168133,0.004020214080810547,7411.620364439091,-3753.9055128998584,64.49205946024813,9.992007221626409e-16,2.3794321300091856e-15
1272,0.049540815729560955,4,SNCA,18.237376447532924,15.432289730294274,-3713.0396384408746,-8.061436575982869,0.14459030300039877,SE,3635,9.35482600231018e-05,0.03375530857954215,0.00403141975402832,7458.872734441619,-3775.2146920825307,62.17505364165618,3.1086244689504383e-15,7.236181525710364e-15
1275,0.004404279300899952,4,DNAJB14,18.237376447532924,181.83112214210354,-3044.884257497204,-3.6252152488356733,0.01774715489217265,SE,3635,6.538041573364158e-06,0.24856185515699708,0.009307861328125,6122.561972554278,-3048.702209710606,3.8179522134018953,0.050706173892237416,0.03435188929804604
1276,0.015318420694321168,4,C4orf3,18.237376447532924,51.70611062318751,-3882.3048693175715,-5.069923462071207,0.04957014227546484,SE,3635,1.8889177763641624e-05,0.06209893088105018,0.026638507843017578,7797.403196195013,-3895.799253158453,13.49438384088171,0.00023927852630090118,0.00023654546718678368
1278,0.01768336276131695,4,PCDH10,18.237376447532924,44.6834495720813,-3594.2685588910863,-4.210720629445383,0.03757109711151977,SE,3635,7.434601782912448e-05,0.1851978044736071,0.00875091552734375,7221.330575342043,-3605.0855807304624,10.817021839376139,0.0010057113499182257,0.0009149012218814767
1279,0.006517761056631445,4,NDUFC1,18.237376447532924,122.60882270203427,-3799.2742310946032,-6.698499051842422,0.06402254985967702,SE,3635,6.0039570916105565e-06,0.10514378890341976,0.009935379028320312,7631.341919749077,-3808.5561953960773,9.28196430147409,0.0023142112636180823,0.002015317840632399
1281,0.009437618779851435,4,SMARCA5,18.237376447532924,84.42662919558342,-3195.6691750637747,-2.8996985647845883,0.01613313965901372,SE,3635,1.194766419155153e-05,0.10100555083977875,0.008791685104370117,6424.1318076874195,-3205.316659046103,9.64748398232814,0.0018961111633077898,0.001670681979934232
1282,0.01303375106908564,4,MAP9,18.237376447532924,60.91060725356667,-3317.667719255155,-3.796915238696845,0.0278634740259069,SE,3635,1.2499331902326755e-05,0.05623038224715905,0.011496305465698242,6668.12889607018,-3335.6300973298785,17.962378074723347,2.2531441026707455e-05,2.4868769274015243e-05
1283,0.029725867785197577,4,GUCY1B1,18.237376447532924,26.25547993191693,-3614.3155752823104,-5.6457635191775415,0.07003600150567789,SE,3635,3.059158120821177e-05,0.028321257740110163,0.003797769546508789,7261.424608124491,-3678.3039316353343,63.988356353023846,1.2212453270876722e-15,2.8877505737174553e-15
1284,0.32431436372876077,4,TMEM144,18.237376447532924,1.6758631556532035,-3082.750457484151,-1.4562955919471252,0.1895921982260603,SE,3635,0.0003975484874147319,0.00918747264077761,0.003824949264526367,6198.294372528172,-3729.010764320592,646.260306836441,0.0,0.0
1285,0.009557626947354993,4,KLHL2,18.237376447532924,83.35644545493554,-3395.0281991776246,-3.716476035801192,0.02449519869918252,SE,3635,2.88536016006924e-05,0.2379590124880224,0.009601831436157227,6822.849855915119,-3399.062410781579,4.034211603954191,0.04458650348046944,0.030637953919163706
1287,0.09876057579268344,4,CPE,18.237376447532924,7.340347462049573,-2964.0307891891002,-7.329948295116533,0.1415585410941816,SE,3635,0.00017172941698802662,0.018876837499880627,0.004466056823730469,5960.855035938071,-3082.5386223369073,118.5078331478071,0.0,0.0
1288,0.06122430348587632,4,SPOCK3,18.237376447532924,12.333832174560989,-3385.470176154236,-2.599177862317408,0.0424233421341144,SE,3635,7.35555672217678e-05,0.01819779646702634,0.004372596740722656,6803.733809868342,-3497.0486827629247,111.57850660868871,0.0,0.0
1289,0.010078860222242355,4,SCRG1,18.237376447532924,79.00402657720856,-3904.6471967258494,-4.572379401268403,0.03682868766515508,SE,3635,1.1147605477571831e-05,0.0828505321264019,0.008737802505493164,7842.087851011569,-3914.812940673176,10.165743947326519,0.0014307417115638765,0.0012799188425498898
1290,0.028173781023422276,4,SLC25A4,18.237376447532924,27.746200927139142,-3825.0424443063634,-7.10167903183882,0.1019347112851031,SE,3635,4.8410318342882477e-05,0.04957930317063464,0.0037949085235595703,7682.878346172597,-3864.7115758630416,39.66913155667817,3.0084312818701164e-10,5.130174325576418e-10
1293,0.03932517988011527,4,TPPP,18.237376447532924,19.650144115479236,-3873.8074044963055,-5.653946086153258,0.08048490894867466,SE,3635,3.537904805236697e-05,0.019451678425870235,0.003790140151977539,7780.408266552481,-3959.4208470302237,85.61344253391826,0.0,0.0
1294,0.007429442154027685,4,NDUFS6,18.237376447532924,107.46455215112485,-3818.7340595065525,-4.875030289056868,0.03719389864583431,SE,3635,2.5817080559176016e-05,0.34928251616854206,0.01128840446472168,7670.261576572975,-3824.056926216759,5.322866710206654,0.02104735809663849,0.015610950176919401
1295,0.010924217374353042,4,MARCH6,18.237376447532924,72.82815117249037,-3834.57181680158,-7.127858544101351,0.0817576281904206,SE,3635,1.2861997984064865e-05,0.08165418651999404,0.013524055480957031,7701.93709116303,-3848.29522050538,13.723403703799704,0.00021179869701992704,0.00021108557009393407
1296,0.013190387144877828,4,TRIO,18.237376447532924,60.17774073777475,-3201.63747615615,-3.7702067957467236,0.027296140516788702,SE,3635,2.4282396943826308e-05,0.10672823173331739,0.014151573181152344,6436.06840987217,-3214.95338257274,13.315906416589769,0.0002631640801062929,0.0002578844193586132
1298,0.008071186517338208,4,SUB1,18.237376447532924,98.85603154048069,-3760.2260492455334,-6.8966456555450595,0.07131468060774089,SE,3635,2.1840409013316022e-05,0.2510273328162382,0.011215448379516602,7553.245556050937,-3766.007104418507,5.781055172973538,0.01619981339098364,0.012272585902260337
1299,0.011959126940764621,4,LMBRD2,18.237376447532924,66.4561970189587,-3164.5685154807215,-3.807390023223227,0.026759364995172345,SE,3635,1.6681143101137627e-05,0.08874201787237072,0.009526968002319336,6361.930488521313,-3176.0058532291105,11.437337748388927,0.0007198285247264069,0.0006647196709272368
1300,0.15438056970960262,4,RPL37,18.237376447532924,4.405978404460327,-2599.89468429443,-5.194950495458118,0.1071948446792373,SE,3635,0.0002548229251924226,0.014114171259768125,0.004392862319946289,5232.58282614873,-2846.870496689166,246.97581239473584,0.0,0.0
1301,0.0134574582106242,4,OXCT1,18.237376447532924,58.967515216611886,-3483.478468327956,-4.631107386596774,0.03949874912264406,SE,3635,1.7387945261150452e-05,0.07350246981049549,0.009309768676757812,6999.750394215782,-3498.322515814058,14.844047486102227,0.0001167760300084808,0.00012011990854361386
1302,0.027813062546040344,4,HMGCS1,18.237376447532924,28.116484539466594,-3825.279487857803,-6.143061825257005,0.08027667701552509,SE,3635,4.280652275859068e-05,0.044919064118779814,0.003738880157470703,7683.352433275476,-3857.2442199512316,31.964732093428665,1.5699718525219453e-08,2.303517737416952e-08
1305,0.010723310970852565,4,IL6ST,18.237376447532924,74.20769211903499,-3692.7496581244486,-3.754281350207869,0.026772330060743067,SE,3635,1.3803922283651224e-05,0.09087316830346148,0.009807348251342773,7418.292773808767,-3706.215211644604,13.465553520155481,0.00024298346879159105,0.0002396797746011429
1306,0.0074594002169095465,4,GPBP1,18.237376447532924,107.02972799424012,-3080.620809739661,-3.176431136633317,0.016885455369372766,SE,3635,2.0257039866121915e-05,0.271896821428017,0.011530160903930664,6194.035077039192,-3084.5320513858137,3.9112416461525754,0.047964148262036654,0.03267078577667875
1307,0.017155711794513317,4,PLK2,18.237376447532924,46.08249942514043,-3271.8142121653964,-4.263978196115143,0.03640584998406073,SE,3635,3.0276867843419608e-05,0.07995822985286927,0.010410308837890625,6576.421881890663,-3286.954055479103,15.139843313706479,9.983392569912208e-05,0.00010316590562400553
1308,0.03623735598336364,4,RAB3C,18.237376447532924,21.39309582109997,-3751.146269481966,-6.092160967662527,0.08541354240196743,SE,3635,5.3490314835911855e-05,0.03420868937941563,0.004291057586669922,7535.085996523802,-3814.1806851055826,63.034415623616496,1.9984014443252818e-15,4.717119836684876e-15
1310,0.01575714927417559,4,SGTB,18.237376447532924,50.24405352190881,-3465.0654467365785,-4.982684794119676,0.04662388243121147,SE,3635,1.696474432838275e-05,0.05280470931827592,0.024718046188354492,6962.924351033027,-3487.412113929985,22.346667193406574,2.2760770788110563e-06,2.835516899528926e-06
1315,0.24661185660733126,4,EDIL3,18.237376447532924,2.4573378966689936,-3774.6112114700904,-3.181360998460197,0.20591269833253348,SE,3635,0.0002853891600683394,0.008645974161696855,0.004331111907958984,7582.015880500051,-4191.759933218236,417.1487217481458,0.0,0.0
1316,0.03015141591516422,4,COX7C,18.237376447532924,25.87356513670911,-2984.6152056690335,-7.886414102605796,0.11691580767849173,SE,3635,4.273383296053162e-05,0.03851971335721782,0.004387855529785156,6002.023868897937,-3016.4139555949077,31.79874992587429,1.7100276861192754e-08,2.487312997991674e-08
1317,0.09482270928791692,4,MEF2C,18.237376447532924,7.678587540306881,-3730.919101053429,-8.171437873074922,0.18414648816561452,SE,3635,0.00011555487037661503,0.013573512570599909,0.005047798156738281,7494.631659666728,-3964.207030786708,233.28792973327882,0.0,0.0
1318,0.009554730177515057,4,NR2F1,18.237376447532924,83.38196104039321,-3357.8651208306783,-3.7527129112824094,0.024792520217921582,SE,3635,9.701250128637443e-06,0.080054902208957,0.008457422256469727,6748.523699221227,-3369.7987274031902,11.933606572511962,0.0005513034674777817,0.0005190719077976443
1319,0.023712574232904803,4,PJA2,18.237376447532924,33.1176141792232,-3800.3020596248907,-7.551783839650034,0.10818920433677713,SE,3635,3.379170732204339e-05,0.04797814347446151,0.004090070724487305,7633.397576809652,-3834.4134395125516,34.11137988766086,5.204599973218649e-09,7.920631651557675e-09
1320,0.00516860411757324,4,SLC25A46,18.237376447532924,154.82327983129068,-3314.6294607360724,-3.8021958657751718,0.020710914338608746,SE,3635,1.0496283837700547e-05,0.2906719470136089,0.01431727409362793,6662.052379032015,-3318.289724474459,3.660263738386675,0.055724811439417876,0.037190079784604285
1321,0.006987556528855053,4,APC,18.237376447532924,114.3113638483694,-3513.5706410767743,-3.3886223828498965,0.019154630360398765,SE,3635,1.5729482867046845e-05,0.24013285966779618,0.01138615608215332,7059.934739713419,-3518.8845173020036,5.313876225229251,0.02115623473492423,0.015683059057194023
1322,0.03243667886690496,4,REEP5,18.237376447532924,23.994022697672566,-3642.7853678290962,-7.699704613391913,0.11912282567506007,SE,3635,4.503571193766771e-05,0.035401086491422436,0.0037183761596679688,7318.364193218063,-3688.150277963651,45.364910134554975,1.635380719733348e-11,3.0560144762693885e-11
1323,0.005882409056759257,4,AP3S1,18.237376447532924,135.93853557347543,-3543.4612734071507,-4.845685933614784,0.033792781466164046,SE,3635,6.635392676854449e-06,0.14228389844299744,0.01041102409362793,7119.7160043741715,-3549.9378422697982,6.476568862647582,0.010930578657452172,0.008520623834946391
1324,0.12827747670117853,4,SLC12A2,18.237376447532924,5.466230093620854,-3324.3536535440967,-2.499314474471403,0.07751138219168618,SE,3635,0.00021363797874404976,0.01555829522812739,0.00421142578125,6681.5007646480635,-3541.72088375232,217.3672302082232,0.0,0.0
1325,0.03668518523761529,4,HINT1,18.237376447532924,21.122123275315296,-2931.9407219535206,-7.60432130791654,0.11373491331617629,SE,3635,0.00010794365413337539,0.06747936025969048,0.0037086009979248047,5896.674901466911,-2968.3352708446455,36.39454889112494,1.6115330181420973e-09,2.5812433623921043e-09
1326,0.02309449912612168,4,KIF3A,18.237376447532924,34.02546408194503,-3676.389963778207,-5.840717849068364,0.06895379395375906,SE,3635,2.673447584324045e-05,0.03991657029374398,0.004436969757080078,7385.573385116284,-3712.749952486929,36.359988708722085,1.6403636227124707e-09,2.6242980884385007e-09
1327,0.052228540077711896,4,SEPT8,18.237376447532924,14.596737243866315,-3861.411095289995,-4.795922234058515,0.07429431514537936,SE,3635,3.960400437613279e-05,0.01299510507659359,0.0038137435913085938,7755.61564813986,-3998.6000327210327,137.18893743103763,0.0,0.0
1328,0.005977386092831996,4,HSPA4,18.237376447532924,133.76577369898993,-3350.844074630808,-4.0771780459732225,0.024624918411754754,SE,3635,5.513769176476621e-06,0.11455037091469245,0.01843094825744629,6734.481606821486,-3357.4311270997996,6.587052468991715,0.010272311086290897,0.008040097523777318
1329,0.006142299965412813,4,PPP2CA,18.237376447532924,130.1527158974333,-3866.8563811459353,-6.895926426743803,0.06670810049281502,SE,3635,7.472808279850601e-06,0.14712590528749003,0.009168863296508789,7766.506219851741,-3873.7598110114986,6.903429865563339,0.008603054567714152,0.0068208714631258095
1330,0.006709145941342343,4,H2AFY,18.237376447532924,119.08834165315537,-3481.1893433609985,-3.694141825477777,0.021740345036257776,SE,3635,1.4361994425110889e-05,0.2375567842591929,0.011401176452636719,6995.172144281867,-3485.894002938913,4.704659577914754,0.03008095872601113,0.02151651390193634
1331,0.03503211883639664,4,SPOCK1,18.237376447532924,22.156772715546694,-3926.0216644440357,-5.371906280599955,0.0723324093254284,SE,3635,2.8934698729887678e-05,0.01970411268748721,0.004336833953857422,7884.836786447941,-3975.391650630819,49.369986186783535,2.119637798614349e-12,4.225001942019175e-12
1332,0.005425912873095284,4,HNRNPA0,18.237376447532924,147.44307306533315,-3766.4171728115616,-5.270163809780794,0.03886675436291846,SE,3635,1.1085848893133653e-05,0.2788694333912489,0.009611368179321289,7565.627803182993,-3770.5496643100905,4.132491498528907,0.04206737221284729,0.028995766987245715
1333,0.036420323864349825,4,REEP2,18.237376447532924,21.281580483729385,-3770.429580731437,-6.159576140189513,0.08721323153515467,SE,3635,4.6153027778142454e-05,0.02924192796229964,0.003821134567260742,7573.652619022744,-3822.2774528200916,51.84787208865464,5.997424779025096e-13,1.237616937110589e-12
1334,0.005021183440516732,4,EGR1,18.237376447532924,159.39246853379612,-3101.6398631965585,-3.5336401091832124,0.017775744998482352,SE,3635,8.830886361124324e-06,0.2589647180196272,0.00930333137512207,6236.073183952987,-3105.5104417579755,3.8705785614170054,0.04913957943032188,0.03337459389512937
1335,0.00622411233435526,4,HSPA9,18.237376447532924,128.431360387488,-3832.6130539079404,-5.237881158640191,0.04016398426062581,SE,3635,5.9613893993359735e-06,0.11434237942297613,0.011863470077514648,7698.019565375751,-3840.704942652171,8.0918887442308,0.004446380076811973,0.003716182960314314
1336,0.042888330806446565,4,CTNNA1,18.237376447532924,17.950787969679386,-3541.888090923779,-2.942135760824671,0.03783334920853502,SE,3635,4.232054610252303e-05,0.019843190335442264,0.004344940185546875,7116.569639407428,-3640.696165913903,98.80807499012371,0.0,0.0
1337,0.007103605331496925,4,CXXC5,18.237376447532924,112.43076331462397,-3765.6085410044016,-5.2089740626259715,0.04117633422640908,SE,3635,1.8356021374781057e-05,0.2712797416852619,0.011873960494995117,7564.010539568673,-3770.8047983955184,5.1962573911168874,0.022635573905419037,0.016596804250691197
1339,0.012402074292598349,4,CYSTM1,18.237376447532924,64.05394617167107,-3268.0091832126327,-3.0709248564079754,0.01972555599575188,SE,3635,1.9182121985184758e-05,0.0950609974321432,0.010795831680297852,6568.811823985136,-3278.6971740827935,10.687990870160775,0.0010783325400444133,0.0009776599848479123
1343,0.0607965751199088,4,NDFIP1,18.237376447532924,12.42626476722684,-3568.424092619562,-8.748590099045487,0.17192044322309458,SE,3635,8.23774697687492e-05,0.020633456311849516,0.0037851333618164062,7169.641642798994,-3669.0506555513484,100.62656293178634,0.0,0.0
1345,0.012602468375375564,4,CSNK1A1,18.237376447532924,63.02262247015671,-3739.165315093306,-4.149590912514949,0.03329018307507,SE,3635,2.2797283300559405e-05,0.10950259062481499,0.011488914489746094,7511.1240877464825,-3751.4436154787227,12.278300385416514,0.0004582555213776818,0.0004348109832279582
1346,0.12166696340628701,4,RPS14,18.237376447532924,5.806930110853405,-2684.4271533713595,-4.553526170231845,0.08316779595500041,SE,3635,0.00020843932536589123,0.016461734713205507,0.004960298538208008,5401.647764302589,-2910.9740354895184,226.54688211815892,0.0,0.0
1348,0.047413717055603564,4,CYFIP2,18.237376447532924,16.16070749661558,-3820.3315208298886,-6.920050195221055,0.11418280515909386,SE,3635,8.528946201431453e-05,0.033315980527650134,0.0037660598754882812,7673.456499219647,-3882.896789577784,62.565268747895516,2.55351295663786e-15,5.96464516386369e-15
1349,0.008683099195696488,4,SLU7,18.237376447532924,91.8327940302445,-3471.493708900991,-4.403141338391335,0.031831405909941414,SE,3635,1.2425996303275117e-05,0.1237129733510868,0.011940479278564453,6975.780875361852,-3481.0483051696337,9.554596268642854,0.0019944937544310593,0.0017504896854402944
1350,0.08723244969574004,4,GABRB2,18.237376447532924,8.416706312656373,-3714.9732626324335,-7.148605409681013,0.14843582195259464,SE,3635,0.00015155767974099252,0.02043257680555763,0.004467964172363281,7462.739982824737,-3853.152479099829,138.1792164673957,0.0,0.0
1351,0.13122696579472146,4,GABRA1,18.237376447532924,5.325290391647843,-3833.838723036733,-8.455546683446657,0.22700168288686257,SE,3635,0.0002778388449094349,0.019548365395355604,0.005022764205932617,7700.470903633336,-4006.819617141743,172.98089410501007,0.0,0.0
1352,0.03441165042407979,4,GABRG2,18.237376447532924,22.570779843942628,-3590.9942174515304,-5.941759538906516,0.07915209452304493,SE,3635,3.892772126656216e-05,0.027405315369175978,0.004160881042480469,7214.781892462931,-3658.080328038167,67.08611058663655,2.220446049250313e-16,5.584129401683032e-16
1354,0.008890397380100726,4,NPM1,18.237376447532924,89.67276487769587,-3852.0844541120405,-4.773318926741677,0.037924743764782304,SE,3635,1.1582803894243564e-05,0.11009735689695457,0.008196115493774414,7736.962365783951,-3862.3121759322485,10.22772182020799,0.0013834543496457075,0.0012409166287731196
1357,0.041261071072949844,4,NSG2,18.237376447532924,18.690456746567165,-3762.6224616280165,-7.607162723995997,0.1257784006713648,SE,3635,2.7479633598056595e-05,0.013830755931802177,0.0048868656158447266,7558.038380815903,-3900.9307600272787,138.30829839926218,0.0,0.0
1358,0.007223479318852739,4,KIAA1191,18.237376447532924,110.55162069245264,-3345.3672255333877,-3.5279726170473067,0.020380959683190893,SE,3635,9.355938908117479e-06,0.1337847025863543,0.011560678482055664,6723.5279086266455,-3352.6175086058192,7.250283072431557,0.007088983624394252,0.005697673381179262
1360,0.015079833191857624,4,CLTB,18.237376447532924,52.53691200640786,-3835.8226341696127,-5.8089987627506146,0.06159400444482254,SE,3635,1.6887986858340583e-05,0.0572346027326562,0.010456085205078125,7704.4387258990955,-3855.475262296979,19.65262812736637,9.287548158654069e-06,1.079099644748628e-05
1361,0.17990988708871147,4,SNCB,18.237376447532924,3.666625842332513,-3297.1809702902437,-8.81261850920173,0.24941581521398587,SE,3635,0.00020867429767653956,0.00934368117838404,0.004371166229248047,6627.155398140358,-3673.154063116592,375.9730928263484,0.0,0.0
1362,0.02267373427222086,4,UNC5A,18.237376447532924,34.671814309684784,-3135.7717272779,-3.795623248871116,0.03302251584991956,SE,3635,2.6473519194772145e-05,0.040937410696159936,0.004393815994262695,6304.33691211567,-3165.756939778602,29.98521250070189,4.35353708638786e-08,6.218138282044039e-08
1363,0.006146033241220368,4,PRELID1,18.237376447532924,130.073168825304,-3663.1297627572403,-3.991831032959972,0.024460092515059286,SE,3635,1.870710904739212e-05,0.36786709122020517,0.009893655776977539,7359.052983074351,-3667.1091507510628,3.9793879938224563,0.04606029576361348,0.031505863904491366
1364,0.01013424927744095,4,TMED9,18.237376447532924,78.56783125660097,-3304.006832444624,-2.6742180169536445,0.015011499857195482,SE,3635,1.8174599040940268e-05,0.1336341574963724,0.011667490005493164,6640.807122449118,-3311.926255185588,7.9194227409643645,0.004890687448174669,0.004041890453036917
1365,0.008568630854913183,4,HNRNPH1,18.237376447532924,93.07033402097332,-3959.737845720996,-4.776207157121502,0.03786276380874657,SE,3635,1.7801958905340973e-05,0.18191689435774092,0.010242700576782227,7952.269149001862,-3964.036012452035,4.298166731038691,0.03815347990023177,0.026529081631356838
1366,0.02794437941517526,4,SQSTM1,18.237376447532924,27.980578959587877,-3867.339420682772,-5.241662019652535,0.06355336697147003,SE,3635,3.5033676817076554e-05,0.036437294323814644,0.0037245750427246094,7767.472298925414,-3914.532309720229,47.19288903745701,6.433298338492932e-12,1.2347661186577022e-11
1367,0.010669248048409545,4,TBC1D9B,18.237376447532924,74.58779123167317,-3243.643189422067,-3.210071237540518,0.019835585631001747,SE,3635,2.5456120959035212e-05,0.1692461331194926,0.011806726455688477,6520.079836404004,-3250.6834455913267,7.040256169259919,0.007969763156388754,0.006344943233703797
1368,0.08340407173717575,4,RNF130,18.237376447532924,8.839968561742332,-3506.3308660236003,-2.822092881594449,0.05972869127504407,SE,3635,0.0001250341212218329,0.01817014811269071,0.00441431999206543,7045.455189607071,-3654.651043482756,148.32017745915573,0.0,0.0
1369,0.3352475943446039,4,TUBB2A,18.237376447532924,1.594976532508416,-2937.6737814858407,-9.434236374164056,0.3638854761027785,SE,3635,0.0003769907145824869,0.008478889241965638,0.003831624984741211,5908.1410205315515,-3431.9383334375966,494.26455195175595,0.0,0.0
1372,0.0054857978429455785,4,SMIM13,18.237376447532924,145.82474982836172,-3408.528652697225,-4.356198062124981,0.027081348498394185,SE,3635,1.0629465257768626e-05,0.26164790593006443,0.014716148376464844,6849.85076295432,-3412.5502053433847,4.021552646159762,0.04492233957443925,0.030790099833358082
1373,0.005165253541243574,4,RANBP9,18.237376447532924,154.92423176744938,-3223.614321330566,-3.800712593300073,0.02057818595183623,SE,3635,8.709829465603549e-06,0.2415096113559579,0.009302139282226562,6480.022100221002,-3227.46598758598,3.8516662554143295,0.049696596457073694,0.033718866160761515
1374,0.05771052739158087,4,NRSN1,18.237376447532924,13.133768166270357,-3455.9853686674446,-4.299185848259918,0.0628228986618747,SE,3635,9.726086251242773e-05,0.026710408160815137,0.004393100738525391,6944.764194894759,-3517.0469881748368,61.06161950739215,5.551115123125783e-15,1.2767133461112913e-14
1377,0.34900658332858675,4,MOG,18.237376447532924,1.5003860842380372,-2657.882953977224,-0.6128476127279158,0.16436758247844954,SE,3635,0.0002822867961064546,0.006154931005944955,0.0038368701934814453,5348.559365514318,-3459.8493022534926,801.9663482762685,0.0,0.0
1379,0.01779220560460783,4,HLA-E,18.237376447532924,44.40518027983725,-3654.3572816207798,-2.0060783117361516,0.01617407934048416,SE,3635,2.5277973956652438e-05,0.062227731567053926,0.009556770324707031,7341.50802080143,-3673.985667889864,19.62838626908433,9.406130665023937e-06,1.0919345348055086e-05
1380,0.03732842015818544,4,TUBB,18.237376447532924,20.744290752889082,-3651.2257570864463,-6.946230590739909,0.10437998181935428,SE,3635,5.1993278342716065e-05,0.03147345523333169,0.004443645477294922,7335.244971732763,-3690.226688346021,39.00093125957483,4.2360337459967923e-10,7.076115766724379e-10
1381,0.0678319777675712,4,ATP6V1G2,18.237376447532924,11.054007898533825,-3771.9638953775125,-7.6653963274500905,0.14919441082328935,SE,3635,0.00011502193731327707,0.023789937203665963,0.004536628723144531,7576.721248314895,-3883.8472931476776,111.88339777016517,0.0,0.0
1384,0.015456468745366063,4,HSPA1B,18.237376447532924,51.237117950992904,-3085.2845727106323,-3.0574927598562383,0.020780775226768265,SE,3635,7.093153746952245e-05,0.22917320346882816,0.011936426162719727,6203.362602981135,-3092.2827617657576,6.9981890551252945,0.00815922171455763,0.006484265766818072
1385,0.03045979899473545,4,PRRT1,18.237376447532924,25.60347057088471,-3676.3900597695733,-5.582377954498007,0.06995551004052364,SE,3635,3.217238586514998e-05,0.028450958554926947,0.003787994384765625,7385.573577099017,-3723.8527600078332,47.46270023825991,5.606071162844728e-12,1.0790720927312001e-11
1386,0.007148829223359101,4,TAPBP,18.237376447532924,111.71443150495466,-3803.394163897967,-3.8195637628273733,0.024182400332153194,SE,3635,1.3491726812600656e-05,0.19691348161828234,0.009818792343139648,7639.581785355804,-3809.4793306343436,6.085166736376777,0.013632150106916097,0.010445010436030144
1387,0.0055586364496336416,4,UQCC2,18.237376447532924,143.9033683079839,-3324.800854811134,-3.2489878098932174,0.016180680534548807,SE,3635,7.952386500501142e-06,0.19071179641942754,0.01134490966796875,6682.395167182138,-3329.339915324508,4.539060513374352,0.03312977007327911,0.023460315649977553
1390,0.03375330530584401,4,RPS10,18.237376447532924,23.026703219496596,-3678.432821685175,-5.960711671395856,0.07994682090518983,SE,3635,4.748818404786011e-05,0.03465684168195286,0.0038933753967285156,7389.65910093022,-3721.136633043985,42.70381135881007,6.368805482992457e-11,1.133457445265613e-10
1391,0.032952144883188775,4,PACSIN1,18.237376447532924,23.606104620254253,-3741.9662191418734,-6.569206302968006,0.09302563440834853,SE,3635,2.0249628517392393e-05,0.01545554335010941,0.0038421154022216797,7516.725895843617,-3834.5281906166165,92.56197147474313,0.0,0.0
1392,0.012024473188245285,4,C6orf106,18.237376447532924,66.09067363212478,-3323.514266337522,-3.3503248131798196,0.022348803008438122,SE,3635,1.412216863367525e-05,0.07433418326737301,0.010538816452026367,6679.821990234914,-3338.084939620604,14.570673283082215,0.00013499929477001071,0.0001380208319008123
1393,0.06825028360009573,4,RPL10A,18.237376447532924,10.981327879928752,-3637.900129489821,-5.345331089693136,0.09124598785324402,SE,3635,0.00022795544749035796,0.04664783184716981,0.004387617111206055,7308.593716539513,-3705.7453123758314,67.8451828860102,2.220446049250313e-16,5.584129401683032e-16
1394,0.02076808736169409,4,CPNE5,18.237376447532924,37.927053688343356,-3216.6337477308343,-3.5588890913938562,0.029534136909994315,SE,3635,0.00014537548758915966,0.2658765642576326,0.008070230484008789,6466.060953021539,-3222.7735021202807,6.139754389446352,0.013217567116029394,0.010156273989784283
1395,0.03171122974964501,4,MTCH1,18.237376447532924,24.56132891245991,-3435.4775033817496,-7.878354010298994,0.12131948022532056,SE,3635,3.383463619453883e-05,0.027745787415978912,0.0037484169006347656,6903.748464323369,-3487.907346591801,52.42984321005133,4.4586556668946287e-13,9.286251600061994e-13
1398,0.005104844528730269,4,MEA1,18.237376447532924,156.76707173410898,-3655.216587054272,-4.556212221185865,0.02908775101246273,SE,3635,1.1835519075682002e-05,0.33590888317976486,0.012988090515136719,7343.2266316684145,-3658.4266873437787,3.2101002895064994,0.0731849974212807,0.047753194684549624
1399,0.02926708360463547,4,KLHDC3,18.237376447532924,26.67966413835359,-3882.1508510600047,-6.310171472770729,0.08562088954777348,SE,3635,5.200194518341965e-05,0.04957180897757492,0.003851652145385742,7797.0951596798795,-3917.8541698415725,35.70331878156776,2.2977224567455323e-09,3.611543368716428e-09
1402,0.051199849101150566,4,PAQR8,18.237376447532924,14.906171515707971,-3215.1157538474695,-2.237850292969561,0.0316916152105267,SE,3635,7.75987900593303e-05,0.02638795309604128,0.0037689208984375,6463.024965254809,-3293.929538684293,78.81378483682374,0.0,0.0
1403,0.0067177106093184984,4,TMEM14A,18.237376447532924,118.93548580773724,-3652.565396953978,-5.047090013847747,0.03804296310659383,SE,3635,7.614955501941931e-06,0.1256398338832133,0.009674310684204102,7337.924251467826,-3660.1318805845603,7.566483630582297,0.0059463684419163165,0.00483710305267459
1404,0.009224034115417532,4,FBXO9,18.237376447532924,86.40017306916818,-3588.464847444112,-4.939375204024315,0.03990767491127589,SE,3635,9.463040505106102e-06,0.08367446663419092,0.009261608123779297,7209.723152448094,-3600.402827026215,11.937979582103253,0.0005500109381008089,0.0005182175887377115
1405,0.032691731356736795,4,ELOVL5,18.237376447532924,23.80055194785315,-3063.2749094984247,-2.21326965045997,0.021505820743640762,SE,3635,3.6090419977507634e-05,0.027957279996628906,0.0038068294525146484,6159.3432765567195,-3119.9199825298197,56.645073031394986,5.218048215738236e-14,1.143427799717588e-13
1406,0.02683990983104598,4,DST,18.237376447532924,29.165087751469997,-3735.3309173393045,-4.102689442792348,0.04367621648065173,SE,3635,3.011340586318007e-05,0.03379897733943646,0.003819704055786133,7503.455292238479,-3774.735705343134,39.40478800382971,3.4445135632665824e-10,5.851561149718253e-10
1407,0.015154767938660635,4,ADGRB3,18.237376447532924,52.273158971168044,-3126.9046360513003,-3.6663775173413566,0.027127670960737232,SE,3635,1.414680774361171e-05,0.04748618601955259,0.009244918823242188,6286.602729662471,-3145.109019493343,18.204383442042854,1.984216329276034e-05,2.215496165468526e-05
1408,0.005632622143871225,4,LMBRD1,18.237376447532924,142.00260117318896,-3294.740119913733,-3.4173168682083066,0.017671166191443377,SE,3635,8.159644377448789e-06,0.19063377297694972,0.011756181716918945,6622.273697387336,-3300.178704425588,5.43858451185497,0.019696625233987075,0.014706389540056944
1411,0.013542601932426438,4,HMGN3,18.237376447532924,58.59172321948397,-3329.310536557675,-3.0813383847470512,0.020731521359468513,SE,3635,1.7205291671343516e-05,0.07184384571511344,0.008292436599731445,6691.41453067522,-3344.4287009105565,15.11816435288165,0.00010098691254945003,0.00010419731635052013
1412,0.048999464983726315,4,SNAP91,18.237376447532924,15.61167397569809,-3732.916516797942,-6.592092015454564,0.10616635471357572,SE,3635,7.511998595304623e-05,0.02764857861927362,0.003968715667724609,7498.626491155755,-3804.6877844814244,71.77126768348217,0.0,0.0
1413,0.011577216003842424,4,FUT9,18.237376447532924,68.67499894164006,-3237.586435245038,-3.582888034081826,0.024205885261082805,SE,3635,1.4861172191216183e-05,0.08422948137136016,0.011855363845825195,6507.966328049946,-3248.38114873299,10.794713487951867,0.0010179036627560034,0.0009253669661418214
1414,0.00487051211666659,4,NDUFAF4,18.237376447532924,164.34822479274717,-3149.819683140895,-3.713921407166528,0.019283599992249205,SE,3635,6.829410186087769e-06,0.2127212640970847,0.010320901870727539,6332.43282384166,-3154.9583168576364,5.138633716741424,0.02339905631757566,0.017109981892298412
1415,0.017436507187348436,4,SOBP,18.237376447532924,45.327438852845226,-3136.793368182287,-3.4458292836879902,0.026035255615121374,SE,3635,3.4363213220527303e-05,0.0879516089803789,0.009866952896118164,6306.380193924444,-3149.111944748823,12.318576566536194,0.0004484725663073119,0.0004258288305221157
1418,0.004592323249459249,4,MARCKS,18.237376447532924,174.35266327029106,-3808.0066887127705,-6.369217848748506,0.05276190443255352,SE,3635,6.689151925315299e-06,0.23408937276632136,0.01085662841796875,7648.806834985411,-3811.7987529284,3.79206421562958,0.051496104509520135,0.034869485599162656
1419,0.0689771427534549,4,GJA1,18.237376447532924,10.857133869054273,-3982.1406887437074,-4.276880361069992,0.08108796073737048,SE,3635,0.00013884226293028653,0.027895411884008136,0.0037772655487060547,7997.074835047285,-4048.3485397467457,66.20785100303829,4.440892098500626e-16,1.0863669926910624e-15
1420,0.009764838744581504,4,SERINC1,18.237376447532924,81.570536246511,-3368.3247672762463,-8.090851651759236,0.09956507478094846,SE,3635,2.784990810690715e-05,0.22022538108178535,0.008079051971435547,6769.442992112363,-3374.4547209108123,6.129953634565936,0.01329103566552603,0.010201074928682533
1422,0.07144843908157787,4,EPB41L2,18.237376447532924,10.453779349075797,-3213.9223502310538,-2.8276453348155726,0.047057276974530195,SE,3635,9.319838820005424e-05,0.017620752081006105,0.003753662109375,6460.638158021978,-3292.96296756815,79.04061733709614,0.0,0.0
1423,0.0065257314560235825,4,HBS1L,18.237376447532924,122.45808825877566,-3212.798216093295,-2.959217210034469,0.014536281834899533,SE,3635,8.442370139670533e-06,0.14749022712611695,0.010615348815917969,6458.3898897464605,-3219.309816072922,6.511599979626681,0.010717303521383559,0.008364063073005521
1424,0.02471592723727711,4,ARFGEF3,18.237376447532924,31.740537276886954,-3199.681744490382,-3.230768208534004,0.027921762576680685,SE,3635,8.470983370165114e-05,0.11115834265714167,0.011625528335571289,6432.156946540634,-3208.678444779186,8.996700288804277,0.002704675140652202,0.002334199783174097
1425,0.023821728066630694,4,STXBP5,18.237376447532924,32.962179801980184,-3106.7623021760855,-3.5437287018422365,0.03044136508789054,SE,3635,5.242342644370031e-05,0.07378403122856952,0.013248682022094727,6246.318061912041,-3121.218039421641,14.45573724555561,0.0001434920964696884,0.00014637004809093588
1427,0.023915822457599812,4,AKAP12,18.237376447532924,32.82932868746055,-3364.732299189326,-4.018048548940671,0.03789813390458046,SE,3635,3.30843122105842e-05,0.04621693550623493,0.0037708282470703125,6762.258055938522,-3398.0590988536264,33.326799664300324,7.79016517959974e-09,1.1776756349139546e-08
1428,0.016045199759092816,4,EZR,18.237376447532924,49.32760962570114,-3429.9875811319653,-2.5013158665543926,0.017591722344969085,SE,3635,1.5125788333782691e-05,0.045459154425587775,0.01084280014038086,6892.768619823801,-3453.3210857421163,23.333504610151067,1.3620659179425232e-06,1.7272363623981963e-06
1429,0.005090311956892361,4,SOD2,18.237376447532924,157.21692990167304,-3275.7788356672354,-3.8789300122730697,0.021304123460576013,SE,3635,8.176182458445423e-06,0.2333645117055081,0.010526180267333984,6584.351128894341,-3280.2684248076025,4.489589140367116,0.03410187255730335,0.02404744205489278
1431,0.2532126726027524,4,QKI,18.237376447532924,2.3723106166218573,-3948.4645155901235,-3.0565182842501883,0.23023950016985306,SE,3635,0.0003127094455464967,0.009200386642616938,0.00442957878112793,7929.722488740117,-4446.213584426474,497.7490688363505,0.0,0.0
1432,0.014404431788046705,4,MPC1,18.237376447532924,55.03800212324742,-3543.352647694832,-3.9773794787292265,0.03185625524483748,SE,3635,1.881464709863974e-05,0.06969047984173372,0.010935783386230469,7119.498752949534,-3558.7311458788276,15.378498183995816,8.79838045216852e-05,9.190854791932108e-05
1434,0.01338635777706504,4,TTYH3,18.237376447532924,59.28498824217126,-3142.8783571675594,-3.398866005121713,0.023180049882067684,SE,3635,1.5195779738467518e-05,0.06490093179663964,0.009351015090942383,6318.550171894989,-3157.5879667634263,14.709609595866823,0.0001254055678648891,0.0001288980071116299
1435,0.01902031113466337,4,ACTB,18.237376447532924,41.48608459118548,-1613.2654473436241,-6.64044994320416,0.07414125787618871,SE,3635,3.151628059006393e-05,0.06823107748259537,0.011452198028564453,3259.324352247119,-1631.3376307152434,18.072183371619303,2.1268604782020972e-05,2.359104779838945e-05
1436,0.01701401843491783,4,FSCN1,18.237376447532924,46.47297503050982,-3831.775329397801,-5.068014966118684,0.05090197974572591,SE,3635,2.2028180357337948e-05,0.05911293533393731,0.011289834976196289,7696.344116355473,-3846.977010169082,15.201680771280735,9.661738776900464e-05,0.00010014969456375325
1438,0.015128816165909303,4,KDELR2,18.237376447532924,52.36420748125164,-3246.223658528217,-2.8819192878016704,0.01954330400872957,SE,3635,1.8353478038309575e-05,0.061811552587669294,0.010596752166748047,6525.240774616304,-3262.197031566575,15.97337303835775,6.423968771696043e-05,6.832535955522921e-05
1439,0.15567158676220846,4,NDUFA4,18.237376447532924,4.36276783027798,-1880.06339046108,-8.151720444415771,0.16697819677938716,SE,3635,0.0001739095110806488,0.009518523034936624,0.004907131195068359,3792.9202384820305,-2276.645918163839,396.58252770275885,0.0,0.0
1441,0.011598437234042072,4,TSPAN13,18.237376447532924,68.54787510442071,-3592.8002124697323,-5.4642572911590825,0.05073875676222733,SE,3635,1.9031157722108263e-05,0.10747898421954902,0.00715327262878418,7218.393882499335,-3606.2252293976876,13.425016927955312,0.0002482907776804044,0.000244377436301788
1442,0.09437512283128842,4,RAPGEF5,18.237376447532924,7.7188191210761135,-3767.517324458416,-4.660976095106784,0.10019200168066239,SE,3635,0.00013284132221432632,0.015725491286518577,0.0037834644317626953,7567.8281064767025,-3884.6692601687814,117.15193571036525,0.0,0.0
1443,0.013121378415885019,4,TOMM7,18.237376447532924,60.49846150009644,-3505.74424031958,-6.769658731101008,0.07642086612934583,SE,3635,1.6664021169140285e-05,0.07399467770115158,0.010906457901000977,7044.28193819903,-3520.091975585143,14.347735265562733,0.0001519623795001035,0.0001543082824426437
1444,0.021858475932045287,4,CYCS,18.237376447532924,35.99497432988494,-3818.6841072315347,-6.928423633288567,0.09154640432096495,SE,3635,4.060598944512455e-05,0.0673384288065705,0.0038034915924072266,7670.1616720229395,-3848.7608030128376,30.076695781302988,4.1529195415890285e-08,5.93790061013599e-08
1445,0.020058595246738826,4,HNRNPA2B1,18.237376447532924,39.297022266385945,-3880.610102190385,-5.690136023756117,0.064796069424244,SE,3635,2.8013777402178094e-05,0.054763985022209506,0.009358882904052734,7794.01366194064,-3905.0559397157567,24.445837525371644,7.642845843980339e-07,9.887597770184357e-07
1446,0.006259266730987581,4,CBX3,18.237376447532924,127.7055238649562,-3492.8796040223588,-4.043704201963895,0.024855968050869176,SE,3635,9.994088921266178e-06,0.189571972752589,0.013157367706298828,7018.552665604588,-3497.942291537617,5.062687515258403,0.02444630027235206,0.01781765212404268
1447,0.06182504125526821,4,SNX10,18.237376447532924,12.206171622061362,-3736.630961896252,-6.143949723982759,0.10553481269216794,SE,3635,0.0001380499968802157,0.03357238678550823,0.0038831233978271484,7506.055381352374,-3817.874252937974,81.24329104172193,0.0,0.0
1448,0.10452764645326272,4,MTURN,18.237376447532924,6.890981122970761,-3653.8801338124713,-5.915243976227326,0.1287493261089362,SE,3635,0.00012554538590028223,0.01259243879892798,0.004349231719970703,7340.553725184813,-3889.7352150923616,235.85508127989033,0.0,0.0
1449,0.014743971879200127,4,GARS,18.237376447532924,53.75200355323228,-3247.068147398052,-3.932000052780781,0.03041604056165536,SE,3635,2.9200776687224455e-05,0.10338095890535025,0.011372804641723633,6526.929752355974,-3259.236159435598,12.16801203754585,0.00048616093743847344,0.00046096366673646026
1450,0.02236307738766821,4,SEPT7,18.237376447532924,35.16463214108429,-3506.724804399244,-7.409856291109444,0.10124377258813973,SE,3635,3.408616851029642e-05,0.05411534783772355,0.004365444183349609,7046.243066358358,-3534.6875178130585,27.962713413814527,1.2367571522453602e-07,1.706667212422502e-07
1451,0.0263183885157881,4,AMPH,18.237376447532924,29.758958271219363,-3524.30643783929,-4.732396238076453,0.050918372656431975,SE,3635,3.4455262205757955e-05,0.04013509299846191,0.0043179988861083984,7081.40633323845,-3552.9639178519174,28.657480012627275,8.637968818003827e-08,1.2018608489842689e-07
1453,0.019240924429829175,4,NUDCD3,18.237376447532924,41.00118906105672,-3755.280149072485,-5.009018385717998,0.05149639605772918,SE,3635,3.28257512879622e-05,0.06950832810544723,0.012014627456665039,7543.35375570484,-3766.8581069854426,11.577957912957572,0.0006673819131639558,0.0006196908410080023
1456,0.04144259632623334,4,PPIA,18.237376447532924,18.605066228507507,-1997.3401378696663,-7.110276916707619,0.09781103995174453,SE,3635,7.378840752717053e-05,0.03684048006113688,0.004457235336303711,4027.473733299203,-2030.0952576240402,32.755119754373936,1.0453062082582676e-08,1.559215065734969e-08
1457,0.010399901377129853,4,COBL,18.237376447532924,76.54037030140437,-3368.3280564014203,-3.402104947373266,0.021836738663353235,SE,3635,1.1629414280083822e-05,0.0812851367047651,0.009938478469848633,6769.449570362711,-3381.669173532955,13.341117131534702,0.0002596496234194001,0.00025478842180632624
1458,0.006976280589251551,4,SEC61G,18.237376447532924,114.49742834693555,-3919.0140718220973,-5.482789344829566,0.04530245149928033,SE,3635,1.322177714798499e-05,0.20249275813032294,0.011943817138671875,7870.821601204065,-3924.27014108636,5.2560692642628055,0.021870359410453344,0.01613436792687532
1460,0.010949150283405575,4,CHCHD2,18.237376447532924,72.66047851301836,-3555.7976850890664,-6.857380627530978,0.07526322781116317,SE,3635,4.8817226694269886e-05,0.30853724166545193,0.00905919075012207,7144.388827738003,-3561.173260811386,5.375575722319809,0.020420600480335782,0.0151711704788399
1462,0.01293229850577062,4,SBDS,18.237376447532924,61.394755019019804,-3548.3526964663015,-3.79601232654879,0.028576198090750786,SE,3635,1.5227842710095101e-05,0.06955507020718772,0.010978937149047852,7129.498850492473,-3562.552873890344,14.200177424042522,0.00016435501528777596,0.0001656420991664341
1463,0.020477328262249555,4,GALNT17,18.237376447532924,38.47700414972715,-3545.9612413616615,-5.1810104332812905,0.0540874003995475,SE,3635,3.259916867086249e-05,0.06125289216499548,0.011119842529296875,7124.715940283193,-3567.3820823323586,21.4208409706971,3.687411984643063e-06,4.4776581369147804e-06
1465,0.00932502051932398,4,GTF2I,18.237376447532924,85.45578115352183,-3720.0673257926355,-6.48547229273465,0.06582646970788045,SE,3635,1.3178981006249287e-05,0.11406894202936053,0.00967550277709961,7472.928109145141,-3728.427478652857,8.36015286022166,0.0038353830225764662,0.003247535255685778
1466,0.026271665187186724,4,GNAI1,18.237376447532924,29.81331420115311,-3456.621268279707,-3.274175252510761,0.030916982770139333,SE,3635,2.241293817399233e-05,0.02619561399728023,0.00441431999206543,6946.035994119284,-3499.869627413715,43.2483591340083,4.8214210401908986e-11,8.695714281601915e-11
1467,0.008267966855556355,4,SRI,18.237376447532924,96.48408092794128,-3707.8895052873468,-4.570547964532099,0.03405298770294072,SE,3635,7.963188942951542e-06,0.08729270038949094,0.008790016174316406,7448.572468134564,-3718.567028126783,10.677522839436278,0.0010844518550124915,0.000982545910877556
1468,0.0341117947435143,4,CDK14,18.237376447532924,22.77625639074694,-3487.0283581824156,-4.806116362565581,0.056965921952875254,SE,3635,3.19971237934695e-05,0.02289626124429004,0.0045015811920166016,7006.850173924701,-3536.9563887092363,49.92803052682075,1.5949463971764999e-12,3.2221139336898992e-12
1469,0.02072234707601667,4,DYNC1I1,18.237376447532924,38.012545294688344,-3682.196777338493,-5.233402532045579,0.05600268725358787,SE,3635,2.3608851146033792e-05,0.04336085173709513,0.010507345199584961,7397.187012236856,-3708.0095791643967,25.812801825903534,3.7618507020553693e-07,5.021229292065248e-07
1470,0.008093893726012675,4,SEM1,18.237376447532924,98.57643685008966,-3672.756408709778,-4.2523182245009865,0.02981105729942425,SE,3635,1.159181522728499e-05,0.13249889128141243,0.010899782180786133,7378.306274979426,-3680.5117926308326,7.755383921054545,0.005355265648609109,0.00440150672512994
1471,0.012588295863647675,4,ASNS,18.237376447532924,63.0944819910164,-3262.7123412348237,-4.397086230262225,0.03481461287918294,SE,3635,1.4529922336553962e-05,0.069944990041456,0.009874343872070312,6558.218140029518,-3279.7885206937663,17.076179458942534,3.590990100621472e-05,3.896382220615674e-05
1473,0.005223317907234619,4,ARPC1A,18.237376447532924,153.19309398510654,-3588.659111754874,-4.487729534319349,0.028409705535286656,SE,3635,8.468304749183041e-06,0.2296763200297108,0.01104593276977539,7210.1116810696185,-3592.6083429697273,3.949231214853171,0.04689278632580707,0.03202645305131263
1475,0.013569899203169724,4,ATP5MF,18.237376447532924,58.47224175355459,-3653.0977948643704,-7.520772233484364,0.09401394990861624,SE,3635,9.07998681954475e-06,0.03776699798117525,0.01040792465209961,7338.989047288611,-3679.913254564659,26.815459700288557,2.2383947029247508e-07,3.0237533409352244e-07
1476,0.004164147258531139,4,COPS6,18.237376447532924,192.3630829196002,-3539.4173846934227,-4.402032416496316,0.02540959215507126,SE,3635,5.0055915914524745e-06,0.2126702388028762,0.011018514633178711,7111.628226946716,-3543.1241696383513,3.706784944928586,0.054191680008723875,0.03641819505865911
1477,0.012278457348765232,4,LAMTOR4,18.237376447532924,64.70692622916691,-3914.662270272769,-5.51867411970878,0.05366626938633812,SE,3635,2.5280541721048216e-05,0.12775331153448086,0.009763002395629883,7862.117998105408,-3925.5474758129762,10.885205540207153,0.0009693542257381838,0.000882628453607065
1478,0.20493978390510834,4,TSC22D4,18.237376447532924,3.1205690616808015,-3857.8729064710265,-3.0372664432987335,0.17157815103978857,SE,3635,0.0003168095864965644,0.011969013675921627,0.004302263259887695,7748.539270501923,-4251.5007181350775,393.627811664051,0.0,0.0
1479,0.006406332822156722,4,ZNHIT1,18.237376447532924,124.75540412688372,-3602.9604309877504,-3.691863719653648,0.021604080307573926,SE,3635,1.1181359091908281e-05,0.20259002194705628,0.010301351547241211,7238.714319535371,-3607.105561086466,4.145130098715526,0.041754446603104345,0.02880959485901839
1480,0.04660830437715596,4,FIS1,18.237376447532924,16.453871878641653,-3838.7192115732037,-5.144215734533081,0.07589904752900951,SE,3635,6.210252983384804e-05,0.025024036940826163,0.0038237571716308594,7710.2318807062775,-3905.2308325117842,66.51162093858056,3.3306690738754696e-16,8.252787927901717e-16
1481,0.006003413753201121,4,POLR2J,18.237376447532924,133.18234794461554,-3332.48043853369,-3.720795508890547,0.02097099901969888,SE,3635,1.0089713031491089e-05,0.20782588930482557,0.011074304580688477,6697.7543346272505,-3336.69131833511,4.210879801419651,0.040165499584783215,0.027798793203086033
1482,0.005641012481606059,4,SRPK2,18.237376447532924,141.79019271141394,-3653.4506760380627,-5.137467192388254,0.03733268467289277,SE,3635,9.267876137339952e-06,0.21588926923850338,0.010076761245727539,7339.694809635996,-3658.470949614686,5.020273576623367,0.02505221060429985,0.01819997725327785
1483,0.01735215425847817,4,PRKAR2B,18.237376447532924,45.5516965321363,-3404.492665458509,-3.8513166771689424,0.03181506986949366,SE,3635,1.9974840917543754e-05,0.05160544891539176,0.015255928039550781,6841.778788476888,-3423.9365503854333,19.44388492692451,1.0359899836998032e-05,1.1913482330036589e-05
1484,0.006090899886127657,4,BCAP29,18.237376447532924,131.25784077591877,-3343.3498238164466,-4.140159183495716,0.02544288909991619,SE,3635,7.1571849258539415e-06,0.14326963765777473,0.00882411003112793,6719.493105192763,-3349.947551630058,6.597727813611527,0.010210899276510532,0.007996682680302462
1485,0.007177997865801288,4,DLD,18.237376447532924,111.25719802890872,-3168.1645063297874,-3.778508340872972,0.02253671750872949,SE,3635,9.071138496150548e-06,0.1313364701136051,0.009668827056884766,6369.122470219445,-3176.2380893081104,8.073582978322975,0.004491521676583621,0.0037488450718157905
1486,0.05278914550072506,4,DOCK4,18.237376447532924,14.433181866996328,-3087.5694418165017,-3.9955698565814335,0.05048556291078476,SE,3635,8.564205502581055e-05,0.02756876334901679,0.0044097900390625,6207.9323411928735,-3122.1370712857088,34.56762946920708,4.116959551048183e-09,6.344996496460806e-09
1487,0.027644942995611835,4,NDUFA5,18.237376447532924,28.292363446765588,-3834.397298958886,-6.848787754046521,0.09559516999608052,SE,3635,3.835221035115848e-05,0.040708174980885595,0.0037937164306640625,7701.588055477642,-3874.1878613335502,39.790562374664205,2.8270785712436464e-10,4.833171174125676e-10
1488,0.009828798680888387,4,WASL,18.237376447532924,81.03448963250707,-3626.6205738996123,-4.73615877325281,0.037879296177991406,SE,3635,9.54162034288172e-06,0.07449200349816368,0.008692502975463867,7286.034605359095,-3640.164696127812,13.54412222819974,0.00023302003068648158,0.00023069746833633876
1489,0.010161997127037772,4,ATP6V1F,18.237376447532924,78.35110140613952,-3862.741283825527,-6.286462773016663,0.06398143704427638,SE,3635,1.087907838483564e-05,0.07956452890255918,0.010049819946289062,7758.276025210924,-3876.0812045774264,13.339920751899626,0.0002598153285068294,0.00025478842180632624
1491,0.023633558569512787,4,PTN,18.237376447532924,33.23102785275544,-4045.368433869893,-4.014940321832745,0.04273713948417589,SE,3635,0.00013727692425384005,0.1961509603005061,0.009282588958740234,8123.530325299656,-4058.5556863073007,13.187252437407551,0.00028185983528006275,0.0002749658525370205
1492,0.1328253547991786,4,HIPK2,18.237376447532924,5.251527410353656,-3368.229833266062,-1.5055115873038933,0.0741721221597322,SE,3635,0.00023266077613985877,0.01607353216939565,0.004630088806152344,6769.253124091994,-3594.812339487932,226.58250622187006,0.0,0.0
1493,0.010522685635565854,4,NDUFB2,18.237376447532924,75.63787089559365,-3540.9956236568732,-7.060918517707193,0.07870000996352892,SE,3635,2.2493594998974318e-05,0.15365169286007296,0.011303186416625977,7114.784704873617,-3548.249334447647,7.253710790773766,0.007075464911828089,0.005690207069230872
1495,0.0084203831096151,4,ZYX,18.237376447532924,94.72307525372419,-3111.0903477596476,-3.236005510795282,0.018199956551739255,SE,3635,9.083401664467384e-06,0.0960609359559252,0.010086536407470703,6254.974153079165,-3119.151564833114,8.06121707346665,0.0045222795572981145,0.0037675056261194544
1496,0.0083034220187511,4,ATP6V0E2,18.237376447532924,96.06866446811718,-3715.0248456370828,-7.306064370665826,0.07988899272409794,SE,3635,9.22505984255705e-06,0.10027830600250769,0.012382268905639648,7462.843148834036,-3724.133982049825,9.109136412742373,0.002543359192875072,0.0022020425912338292
1498,0.01958625491216191,4,RHEB,18.237376447532924,40.26410396661581,-3802.794521667656,-6.003882156378078,0.06973603641622551,SE,3635,2.534720370150926e-05,0.05186972855814161,0.004374027252197266,7638.382500895183,-3830.2105778755795,27.416056207923248,1.6406338998464776e-07,2.2455730803410594e-07
1500,0.016977039021655965,4,PTPRN2,18.237376447532924,46.57595463515311,-3709.2178154819085,-5.6303411365746845,0.05970471821226424,SE,3635,1.3875180059774115e-05,0.03739096361307773,0.009217023849487305,7451.229088523687,-3736.888385034141,27.670569552232337,1.4383442914489564e-07,1.974721290672037e-07
1501,0.011741396550351302,4,SLC25A6,18.237376447532924,67.7034652754611,-3796.8052621985917,-6.0021189134324215,0.06087233969639796,SE,3635,1.2801544920800142e-05,0.07058881700622868,0.008496999740600586,7626.4039819570535,-3813.8731345190745,17.06787232048282,3.6067326845468095e-05,3.9103101407437394e-05
1502,0.2635711022287938,4,GPM6B,18.237376447532924,2.2474657355638508,-3667.3124879598386,-5.082500465734542,0.2435059073515914,SE,3635,0.00036873305144153766,0.010389470961835916,0.004400968551635742,7367.418433479547,-4036.753701451877,369.4412134920385,0.0,0.0
1505,0.007544058336945571,4,CDKL5,18.237376447532924,105.81963227911059,-3229.983978485523,-3.5134319094518043,0.020325173446977433,SE,3635,1.3436691983592329e-05,0.1763885456173797,0.01258087158203125,6492.761414530916,-3235.800174303494,5.816195817970765,0.015879253082010436,0.012050092068592241
1507,0.027962937004001452,4,MAP7D2,18.237376447532924,27.961475837803743,-3300.3677488384583,-3.9875110624047037,0.03945835867049971,SE,3635,3.754591247476632e-05,0.03900129901681605,0.004352569580078125,6633.528955236787,-3334.557910411985,34.19016157352689,4.9981003780175115e-09,7.650417374563987e-09
1509,0.03634449044442791,4,CNKSR2,18.237376447532924,21.32766322487589,-3545.4539320306017,-5.129666029292559,0.06455328361967291,SE,3635,5.811148673135668e-05,0.036961192205061125,0.0038852691650390625,7123.7013216210735,-3588.4738865331165,43.01995450251479,5.4184434716830765e-11,9.681632667017933e-11
1510,0.008899233273566266,4,SMS,18.237376447532924,89.58293170120015,-3153.7513115979145,-3.895295578754708,0.025344830137735974,SE,3635,1.1611664135090553e-05,0.11015663819375661,0.013459205627441406,6340.296080755699,-3162.3541235988705,8.602812000955964,0.0033564435924609004,0.002860001449042624
1511,0.00447510503270559,4,SAT1,18.237376447532924,178.94062173169127,-3542.514596334724,-3.106751244423937,0.014115584219649629,SE,3635,7.597910012436255e-06,0.2798671275262317,0.011538028717041016,7117.822650229318,-3545.7028498613445,3.1882535266204286,0.07416921186850156,0.048348499632391795
1512,0.006184706890814716,4,APOO,18.237376447532924,129.25477719164266,-3127.415531597175,-3.544633556733996,0.01917850812393062,SE,3635,5.642671567817899e-06,0.1095948625474004,0.012561321258544922,6287.62452075422,-3135.6837151708996,8.268183573724855,0.004034585125826329,0.003399092608995826
1513,0.02663904950057441,4,DYNLT3,18.237376447532924,29.391059655794578,-3245.471074344474,-4.210363342366878,0.04138740750956857,SE,3635,4.317321153963026e-05,0.049150620255276424,0.0045185089111328125,6523.735606248818,-3269.9399655789966,24.468891234522744,7.551938395744529e-07,9.788814876249696e-07
1514,0.04778324165584398,4,MID1IP1,18.237376447532924,16.02951053033157,-3124.951485964842,-2.0572731300220886,0.0276478975260137,SE,3635,4.630802610076266e-05,0.017836429364074487,0.003780364990234375,6282.696429489554,-3233.047458302354,108.09597233751174,0.0,0.0
1515,0.025396142509124163,4,ATP6AP2,18.237376447532924,30.868847876990152,-3808.646515784494,-7.007071841935269,0.09686430002827562,SE,3635,4.75973705929036e-05,0.05932111863490187,0.004442930221557617,7650.086489128858,-3835.847192064608,27.20067628011384,1.8339451357540781e-07,2.4974593309864153e-07
1518,0.09106673401684727,4,SYN1,18.237376447532924,8.028460720743679,-3692.5010830085894,-7.886668485354178,0.1714560292246729,SE,3635,0.00016758996828802043,0.021038642237487585,0.004318952560424805,7417.795623577049,-3834.4278823297986,141.92679932120927,0.0,0.0
1520,0.06623775210434883,4,PCSK1N,18.237376447532924,11.339418289550045,-2870.315587815256,-6.667756199321872,0.10593878575581006,SE,3635,4.7763382137207786e-05,0.01029583818035268,0.004891157150268555,5773.424633190382,-3074.4886617615425,204.17307394628642,0.0,0.0
1522,0.12984009202333874,4,SYP,18.237376447532924,5.390763820100814,-3490.7206669612347,-8.758584944176912,0.2207693704983681,SE,3635,0.00021443496019854383,0.01533188026933424,0.004268169403076172,7014.2347914823395,-3710.121273095031,219.40060613379637,0.0,0.0
1523,0.013039542897021451,4,IQSEC2,18.237376447532924,60.88319505230815,-3209.6673959591826,-3.7307581898329714,0.02676768650473338,SE,3635,2.0028124452184684e-05,0.09002206521020926,0.008748769760131836,6452.128249478235,-3223.414953090974,13.747557131791382,0.00020909256920409458,0.00020854303013818996
1524,0.013676207230733992,4,MAGED2,18.237376447532924,58.01147215610876,-3779.753325390333,-4.842113807634463,0.04395863677644093,SE,3635,1.8267929843983142e-05,0.07483904740164174,0.008604288101196289,7592.300108340536,-3793.8887990713865,14.135473681053554,0.0001701055143510377,0.00017105324177166454
1527,0.03941085652412315,4,NAP1L2,18.237376447532924,19.605677312599653,-3758.900149832519,-6.276516911489125,0.09196221461873406,SE,3635,2.8225214432834704e-05,0.015456347439525807,0.003798961639404297,7550.593757224909,-3854.8816021937764,95.9814523612572,0.0,0.0
1528,0.030791890667039287,4,XIST,18.237376447532924,25.318660956358137,-3415.487846304439,-3.7382302399525473,0.03871646084884918,SE,3635,3.825885938312727e-05,0.033151981940073044,0.004450082778930664,6863.769150168748,-3444.7037921569,29.215945852461118,6.474417624247053e-08,9.083456331297412e-08
1529,0.015262318618767017,4,MAGEE1,18.237376447532924,51.89913158283227,-3121.494196943092,-3.555576450229745,0.0259285504904412,SE,3635,1.1809072120191334e-05,0.03909973623651862,0.009965896606445312,6275.781851446054,-3145.929521523081,24.4353245799889,7.684664927731788e-07,9.93214923853205e-07
1530,0.020320570389206205,4,COX7B,18.237376447532924,38.780030381724885,-3695.475596018645,-7.634323250754795,0.10572838374067887,SE,3635,1.869760634010138e-05,0.035653571976442075,0.00436854362487793,7423.74464959716,-3732.6714771532406,37.195881134595766,1.0683920415033299e-09,1.7402819958451778e-09
1531,0.007772057014703936,4,SH3BGRL,18.237376447532924,102.69174306543803,-3473.2355294127137,-3.7613462627381975,0.023514768550363236,SE,3635,1.1681609375990342e-05,0.14462003254494069,0.009866714477539062,6979.264516385298,-3479.657787236836,6.4222578241224255,0.011269878922210097,0.008759739932183682
1532,0.025593703561348182,4,NAP1L3,18.237376447532924,30.62435822087016,-3872.1553916282683,-7.1961502883083766,0.10207227541078114,SE,3635,3.264595202009861e-05,0.04009343537356251,0.0037796497344970703,7777.104240816407,-3917.0438852445122,44.88849361624398,2.085798200823774e-11,3.879656236876418e-11
1533,0.04075192762947963,4,RPL36A,18.237376447532924,18.934019879497264,-3748.964715694828,-5.83981278801211,0.08363794677082356,SE,3635,3.925196547556124e-05,0.020211429933693573,0.0038144588470458984,7530.722888949526,-3810.6200305565603,61.65531486173222,4.107825191113079e-15,9.49637813628141e-15
1535,0.005640959103980594,4,ARMCX3,18.237376447532924,141.79154201379941,-3253.4114480677745,-3.9363831945698635,0.022578470002955132,SE,3635,1.3155125468292907e-05,0.3064459970885968,0.009779691696166992,6539.616353695419,-3257.089542799751,3.678094731976671,0.05513181574295534,0.03687140636754067
1536,0.017979822716555707,4,TCEAL6,18.237376447532924,43.93342442083627,-3185.932959206548,-3.8389201984125307,0.031103605704656857,SE,3635,1.4946230251889963e-05,0.03605749473230345,0.004395484924316406,6404.659375972966,-3218.0051092333715,32.07215002682369,1.4855166763361183e-08,2.1867561975108968e-08
1537,0.04882736902962919,4,BEX5,18.237376447532924,15.669533658509096,-3719.7472130723213,-6.80315800530118,0.11085313789982822,SE,3635,8.441018818617526e-05,0.03126594854674722,0.0038115978240966797,7472.287883704513,-3793.8966792463884,74.14946617406713,0.0,0.0
1538,0.012800367489257539,4,GPRASP2,18.237376447532924,62.03582995843635,-3014.35538946605,-3.562540915493446,0.0241838778300935,SE,3635,1.7245192519413363e-05,0.08035803734560461,0.011044979095458984,6061.50423649197,-3028.640875913197,14.285486447146923,0.0001570712954229725,0.00015913575932776513
1539,0.12168954150103001,4,BEX1,18.237376447532924,5.805703458723266,-3536.210393845493,-8.737625909422292,0.2158827275266216,SE,3635,0.00030310911788639913,0.023931533994085936,0.004947662353515625,7105.214245250856,-3725.32103176947,189.11063792397727,0.0,0.0
1540,0.012312447376700482,4,BEX4,18.237376447532924,64.52607420322435,-3719.051786279495,-7.45512427404886,0.09080683503427309,SE,3635,1.029268198561223e-05,0.05173374815324165,0.016128063201904297,7470.89703011886,-3737.0505365943163,17.998750314821336,2.210500365495971e-05,2.4458287536887243e-05
1542,0.01344325402547438,4,TCEAL5,18.237376447532924,59.03067038967263,-3139.239108471642,-3.5311807978066323,0.024605690213666053,SE,3635,1.277421567296297e-05,0.05411028495679178,0.010440349578857422,6311.271674503154,-3155.632716797022,16.393608325380228,5.145846021459288e-05,5.529953610049193e-05
1544,0.03598086561631662,4,BEX3,18.237376447532924,21.551330984337564,-3288.5808023651116,-7.762915633207095,0.12039472968293342,SE,3635,4.4801345845530315e-05,0.02903184756725478,0.004038095474243164,6609.955062290093,-3345.7026812283084,57.1218788631968,4.0967229608668276e-14,9.035991031420128e-14
1546,0.010806564113386867,4,MORF4L2,18.237376447532924,73.62980348771573,-3846.9662779740993,-7.04630752283655,0.07988829824788368,SE,3635,4.461057957643596e-05,0.2892694937369511,0.01079416275024414,7726.726013508069,-3851.829842009172,4.8635640350726135,0.027429616685048952,0.019767167889113528
1547,0.006934457575185373,4,PGRMC1,18.237376447532924,115.1928351622543,-3835.746750068609,-5.512400786201589,0.04547112697098996,SE,3635,1.602156402202081e-05,0.24829745110522308,0.011592388153076172,7704.286957697088,-3840.492052625498,4.745302556889328,0.02937838711076879,0.021058755714601547
1548,0.004063241317367772,4,SLC25A5,18.237376447532924,197.16017541269676,-3829.1421672348715,-5.839127004549429,0.043121025650331,SE,3635,8.79838261949941e-06,0.3924452468495176,0.011529684066772461,7691.077792029613,-3832.9083986055184,3.766231370646892,0.052297338010895644,0.03534087952884597
1549,0.09310367360002683,4,RPL39,18.237376447532924,7.835214228732709,-3042.564613352027,-5.2750927507149985,0.09152588324648957,SE,3635,0.00018711395622361823,0.02264893261871715,0.004336833953857422,6117.922684263925,-3183.209533632751,140.6449202807239,0.0,0.0
1550,0.005021021116035655,4,NDUFA1,18.237376447532924,159.39764753411148,-3762.9937729595567,-7.344212368025017,0.07097375147768294,SE,3635,6.177889202675929e-06,0.18117747612217036,0.008715391159057617,7558.781003478984,-3769.2235445582937,6.229771598736988,0.012561993833735241,0.009670311344439962
1551,0.19524762365884973,4,LAMP2,18.237376447532924,3.3154047926430925,-3565.372700424247,-1.902451304177189,0.1299907474384469,SE,3635,0.00021711789201401375,0.008726493405288775,0.0044138431549072266,7163.538858408364,-3994.663462405346,429.29076198109897,0.0,0.0
1553,0.020072925466370697,4,GRIA3,18.237376447532924,39.26839356098031,-3367.9708900516252,-4.658325390299273,0.04448773007006754,SE,3635,2.8589866394324756e-05,0.055813671123453985,0.00931096076965332,6768.735237663121,-3389.851843465107,21.88095341348162,2.900990563436956e-06,3.5645214062986264e-06
1554,0.027649613857398427,4,HPRT1,18.237376447532924,28.287448121102102,-3602.659152549719,-5.868619590281093,0.0726634170931278,SE,3635,3.652484057400736e-05,0.03875618645948449,0.0037839412689208984,7238.111762659308,-3648.226279013722,45.567126464003195,1.4749645949052592e-11,2.7600804152987532e-11
1555,0.010713123331653788,4,SLC9A6,18.237376447532924,74.27902480883421,-3500.388150688953,-4.885637741918159,0.04057715362785054,SE,3635,1.3464723452759859e-05,0.08880510893444696,0.0077152252197265625,7033.569758937776,-3512.0852436493224,11.697092960369446,0.0006259781887575366,0.0005844727268696956
1556,0.006372213916504105,4,LDOC1,18.237376447532924,125.4276920330675,-3536.662076963641,-4.188263480335925,0.02666399789214881,SE,3635,1.5699670608266526e-05,0.287468930142537,0.011010169982910156,7106.117611487152,-3540.3911400154834,3.7290630518423313,0.053473381279921295,0.03601455934154312
1557,0.09057388294195862,4,IDS,18.237376447532924,8.076523957011212,-3096.4542221795905,-7.291060060356705,0.13891252323327521,SE,3635,0.00015901733833684366,0.020142235894533487,0.0042803287506103516,6225.701901919051,-3243.306899260991,146.85267708140054,0.0,0.0
1559,0.03432133709484931,4,PNCK,18.237376447532924,22.632289344517268,-3062.2275322177848,-3.691039572039275,0.03719704433635053,SE,3635,4.540922606059572e-05,0.032125116049901176,0.003740549087524414,6157.24852199544,-3112.866518063516,50.63898584573144,1.1102230246251565e-12,2.2564269108009227e-12
1560,0.007724436079124407,4,BCAP31,18.237376447532924,103.3297937984214,-3757.5649217968894,-4.5652497218715995,0.03341208142350566,SE,3635,1.2344202127595629e-05,0.15468266206030018,0.011108875274658203,7547.923301153649,-3763.494531812369,5.929610015479739,0.014888536390124107,0.011336643441572095
1562,0.01615622738546786,4,SSR4,18.237376447532924,48.983096303922,-3890.2993721576095,-4.4282309974383915,0.04087350230508213,SE,3635,2.5129341666475554e-05,0.07452336607924538,0.008650779724121094,7813.392201875089,-3909.0121557659613,18.712783608351856,1.5196030583641829e-05,1.7080675373122132e-05
1563,0.032157779444173876,4,PDZD4,18.237376447532924,24.209095370274753,-3905.313172452294,-4.4373568061442805,0.05410776403537553,SE,3635,5.1205375818718887e-05,0.04090603597366963,0.004275321960449219,7843.419802464458,-3940.4650584203564,35.15188596806229,3.0496591918449667e-09,4.754551357769463e-09
1564,0.023719773972609614,4,L1CAM,18.237376447532924,33.107317727307,-3481.456849196993,-4.801623289450474,0.04991079851096777,SE,3635,3.0548275322227086e-05,0.043347996671819884,0.0037484169006347656,6995.707155953856,-3513.371590146842,31.914740949849147,1.6109001688136004e-08,2.3533039678650965e-08
1565,0.005050150975129801,4,NAA10,18.237376447532924,158.47358359104186,-3364.081479396593,-3.2731024451640187,0.01588378867149095,SE,3635,8.569632795934813e-06,0.24845867424360701,0.009799957275390625,6760.956416353056,-3368.327429534681,4.245950138088119,0.03934404854218676,0.027286406674056428
1566,0.011644429842475231,4,ATP6AP1,18.237376447532924,68.27395091468166,-3862.165272731245,-6.034134783361638,0.061570981004294346,SE,3635,1.913988839132392e-05,0.10726116756734146,0.010098934173583984,7757.12400302236,-3870.397951704384,8.232678973139173,0.004114275399897616,0.003457570604649635
1570,0.0071543031583480585,4,KBTBD11,18.237376447532924,111.62834057013208,-3165.6512648647586,-3.4758964358820985,0.019506553007488887,SE,3635,1.1904423158832288e-05,0.1734847382555973,0.010590553283691406,6364.095987289387,-3171.9901612791436,6.33889641438509,0.011811834917813124,0.00913875041997147
1572,0.017151642615006762,4,TUSC3,18.237376447532924,46.093623206344205,-3262.317768842713,-4.049157879814376,0.033537173597157674,SE,3635,2.664413304702635e-05,0.0703967530779074,0.01730036735534668,6557.428995245296,-3278.31480433922,15.997035496506669,6.344174685335435e-05,6.753005274954292e-05
1573,0.009132589326271518,4,ASAH1,18.237376447532924,87.27335388103889,-3772.4856169114873,-5.134289063265481,0.043124092326220984,SE,3635,1.051798136893538e-05,0.09483847702386884,0.01089024543762207,7577.764691382845,-3783.45044920093,10.964832289442711,0.0009285735053579103,0.000849322531320504
1574,0.04158540975227152,4,DMTN,18.237376447532924,18.53840993706213,-3736.983940844439,-6.885435042430843,0.10739898238458562,SE,3635,3.215213555401164e-05,0.015951692025140535,0.003840923309326172,7506.761339248748,-3821.9749464737756,84.99100562933654,0.0,0.0
1575,0.008730594491723871,4,LGI3,18.237376447532924,91.32883866946142,-3847.755350212212,-5.277262471869782,0.04490909679793039,SE,3635,1.8105167276130027e-05,0.17833381186528616,0.011348962783813477,7728.304157984294,-3854.295270320497,6.5399201082850595,0.010548008594241431,0.008241501805235625
1578,0.06232075027126638,4,PNMA2,18.237376447532924,12.102683673029365,-3798.8562600900027,-7.876862824560471,0.15135753855680215,SE,3635,8.950597555940293e-05,0.021463751863553236,0.004349470138549805,7630.505977739876,-3898.3827061633265,99.52644607332377,0.0,0.0
1579,0.12630086360473025,4,CLU,18.237376447532924,5.564365333841578,-1375.9713344492916,-5.449790487095358,0.0792087535947785,SE,3635,0.00019330517102864248,0.014414763587005252,0.0043375492095947266,2784.736126458454,-1490.9031021091691,114.93176765987755,0.0,0.0
1580,0.011630888569451861,4,SARAF,18.237376447532924,68.35437542420087,-3381.6994414649926,-8.212469750323176,0.10628196693341123,SE,3635,1.307701862563506e-05,0.07345110005911351,0.009243249893188477,6796.192340489855,-3396.38679731934,14.687355854347516,0.0001268947384814867,0.00013013041363123636
1584,0.005124549177676234,4,TACC1,18.237376447532924,156.16118622333033,-3844.946690677336,-5.013307461174731,0.03497922629986486,SE,3635,6.3109923267479e-06,0.17775467952965887,0.012726783752441406,7722.686838914542,-3850.055606294176,5.108915616840022,0.023803193279506862,0.01737716472829387
1585,0.04677191316957669,4,GOLGA7,18.237376447532924,16.393502285225757,-3231.850321164687,-2.8144172914674748,0.03491178556313895,SE,3635,4.877679234867622e-05,0.01952990854889263,0.003928661346435547,6496.494099889244,-3331.022286513367,99.1719653486798,0.0,0.0
1586,0.0048739118151244565,4,AP3M2,18.237376447532924,164.23302594026873,-3098.29612249791,-3.8918446048407276,0.02092700163886429,SE,3635,5.732789904579359e-06,0.1783174241589293,0.011241674423217773,6229.38570255569,-3102.813530880203,4.51740838229307,0.03355161809083729,0.023721585427047817
1587,0.018168323433624445,4,PRKDC,18.237376447532924,43.46925898364396,-3045.835705566711,-3.100745915463059,0.02247549575909001,SE,3635,4.786517999029891e-05,0.11317736850234172,0.008980512619018555,6124.464868693292,-3056.58300054246,10.7472949757489,0.0010443185258214305,0.000948739437858767
1588,0.012534754205757179,4,UBE2V2,18.237376447532924,63.367423193674426,-3699.5278553078006,-5.665290896586352,0.05557437358441821,SE,3635,1.592630988684282e-05,0.07730632599520676,0.008121252059936523,7431.849168175471,-3715.1133280898043,15.585472782003762,7.885813809005437e-05,8.315050183334318e-05
1589,0.01765988452356751,4,ATP6V1H,18.237376447532924,44.74392414784595,-3729.5730207786237,-6.511967276551547,0.07748169486790021,SE,3635,1.0238622273032823e-05,0.025570069327969028,0.0038008689880371094,7491.9394991171175,-3775.6616104537798,46.08858967515607,1.1302514479893944e-11,2.1328218067376053e-11
1590,0.0058128948656119735,4,RAB2A,18.237376447532924,137.57379188460575,-3857.302401906378,-6.141053452838616,0.052838521917128,SE,3635,1.1589034505499637e-05,0.25441150508961957,0.01248478889465332,7747.398261372626,-3860.7050449997296,3.4026430933517986,0.06509204054435658,0.04295163404772739
1591,0.01138337814775903,4,ASPH,18.237376447532924,69.85810410123779,-3499.8171631430214,-4.293986785631018,0.03317948586497369,SE,3635,2.1754255563809914e-05,0.12743080151182207,0.013933420181274414,7032.427783845913,-3510.7610487359107,10.943885592889274,0.0009391301450741851,0.0008578118957660891
1592,0.005648025975246645,4,ELOC,18.237376447532924,141.61312445473294,-3780.45922356709,-4.934471852247591,0.034914184917898335,SE,3635,1.2165521019669946e-05,0.28269291767928106,0.011869430541992188,7593.71190469405,-3784.1363119418547,3.677088374764935,0.05516510481057113,0.03687140636754067
1594,0.26179023860783796,4,STMN2,18.237376447532924,2.268226314997162,-3352.726679458796,-8.948876769121377,0.3219103321659217,SE,3635,0.0003321577242107603,0.009426655554701357,0.0044214725494384766,6738.246816477462,-3684.495723154532,331.76904369573595,0.0,0.0
1597,0.032165043354664406,4,PDP1,18.237376447532924,24.203446516399055,-3655.512181313356,-5.8903670280266045,0.07706864030309755,SE,3635,5.669588138956116e-05,0.045273064538618464,0.003834962844848633,7343.817820186582,-3703.3412151422453,47.82903382888935,4.650502205549856e-12,9.002934289357474e-12
1598,0.0069828802027415374,4,UQCRB,18.237376447532924,114.38845506759297,-3288.7200189045434,-6.8273382936807625,0.0665506500886976,SE,3635,9.01711442862684e-06,0.13784080694216572,0.011500835418701172,6610.233495368957,-3296.107676015031,7.387657110487453,0.006567297769207392,0.005306907288248399
1599,0.013655323647040954,4,MTDH,18.237376447532924,58.10142137707029,-3101.718135390631,-2.6561845871421705,0.016327899953619746,SE,3635,1.0754801095040185e-05,0.04419074983839315,0.011784791946411133,6236.229728341132,-3123.2443852336673,21.526249843036567,3.4901835674894244e-06,4.2419903752027176e-06
1603,0.017246794773132085,4,ZNF706,18.237376447532924,45.834882607779086,-3471.2977193775278,-3.0992160287677493,0.02377490003552388,SE,3635,3.1453873176314055e-05,0.08222218729173277,0.01976180076599121,6975.388896314926,-3486.735720711512,15.438001333984175,8.525650558055542e-05,8.940666637796503e-05
1604,0.03483654049351048,4,NCALD,18.237376447532924,22.28568057193957,-3815.515670686948,-7.37750500615692,0.11481656062898886,SE,3635,3.060439322153001e-05,0.02105924880212638,0.0037245750427246094,7663.824798933766,-3882.900318407823,67.38464772087491,2.220446049250313e-16,5.584129401683032e-16
1605,0.003824458122715061,4,AZIN1,18.237376447532924,209.52025543340687,-3706.10233490925,-5.071557656994355,0.03230948514561215,SE,3635,6.0898992713334366e-06,0.30630986001171717,0.012130022048950195,7444.998127378371,-3709.416481931439,3.3141470221889904,0.06868595633044483,0.04514598541948677
1606,0.027636676206903143,4,BAALC,18.237376447532924,28.301066975721067,-3830.347674493931,-6.238125736177965,0.08214335677773504,SE,3635,4.5389964863112864e-05,0.048205469136418426,0.003801584243774414,7693.488806547733,-3864.5034080400155,34.15573354608432,5.087312793250476e-09,7.769294122392637e-09
1608,0.007979086654403899,4,RAD21,18.237376447532924,100.00637749276201,-3511.248846368013,-3.4047175198185546,0.020229482345543812,SE,3635,2.0095058256324186e-05,0.236239498311888,0.009647369384765625,7055.291150295896,-3516.1281358873007,4.879289519287795,0.027180804962102623,0.01961938711661719
1609,0.012625403919751494,4,NDUFB9,18.237376447532924,62.90667315041395,-3607.7245284946166,-6.180145888487302,0.06456547627213821,SE,3635,2.1985611108831637e-05,0.10523046662100942,0.008920907974243164,7248.242514549103,-3615.9619198747896,8.237391380172994,0.004103606857349229,0.0034529183858530107
1610,0.013272511411524765,4,KCNQ3,18.237376447532924,59.80041111233674,-3107.057009011978,-3.499120020254511,0.02405796426947705,SE,3635,1.531679014254781e-05,0.0665136918631754,0.0098724365234375,6246.907475583826,-3121.5075998292423,14.450590817264128,0.000143884714257414,0.0001466323166196147
1611,0.01603067949083507,4,KHDRBS3,18.237376447532924,49.373018175315735,-3484.154043090998,-4.486006520363272,0.03956325010887797,SE,3635,5.6924977936191654e-05,0.1713826075342848,0.0075299739837646484,7001.101543741866,-3494.6445341521885,10.490491061190369,0.0011999047639800198,0.001080600614999653
1612,0.016022198505533252,4,PTK2,18.237376447532924,49.39957843526972,-3269.4657502623795,-3.0467852801844106,0.02166674104505995,SE,3635,1.714529777890537e-05,0.051671783620913056,0.010714292526245117,6571.724958084629,-3291.615477025074,22.149726762694627,2.5219185977309877e-06,3.1273058438557708e-06
1613,0.024352995778638673,4,LY6E,18.237376447532924,32.22555249185214,-3815.0065842814965,-6.236167109802256,0.07899848528398182,SE,3635,8.071949279284273e-05,0.10894195663011219,0.010084390640258789,7662.806626122863,-3831.582651601486,16.576067319989306,4.673710711489143e-05,5.038674135346687e-05
1615,0.026612883191241086,4,NRBP2,18.237376447532924,29.42074840278167,-3068.2799752709243,-2.467800338857526,0.02084064929574418,SE,3635,2.79305725282238e-05,0.03185678893396231,0.0036759376525878906,6169.353408101719,-3105.3254877319873,37.045512461063026,1.1540386424258031e-09,1.866233818608161e-09
1616,0.029233918169362404,4,GRINA,18.237376447532924,26.710844365618,-3748.021186354105,-7.206381391045316,0.10473133909890617,SE,3635,4.636343477632744e-05,0.04429119224182507,0.0037491321563720703,7528.83583026808,-3789.796037975578,41.77485162147332,1.0241218983964018e-10,1.8011888409110812e-10
1618,0.005630734489069371,4,CYC1,18.237376447532924,142.05047597176622,-3823.4326253935633,-5.715587338697721,0.04575430020464105,SE,3635,4.5282904022269515e-06,0.10586456610449589,0.009666204452514648,7679.658708346997,-3832.166203324844,8.733577931280706,0.00312402867032191,0.002672116067778089
1620,0.01912860165859281,4,KIFC2,18.237376447532924,41.246670523911924,-3664.4636929496573,-4.659731359395816,0.045436167951455164,SE,3635,2.6139435513887603e-05,0.05597633518494043,0.012072086334228516,7361.720843459185,-3684.7236911107325,20.259998161075146,6.759926342581046e-06,7.929532366663987e-06
1621,0.08857079701324065,4,RPL8,18.237376447532924,8.27737130000816,-3035.4332695980756,-5.124880084000482,0.08616256308202086,SE,3635,0.0002250017872917065,0.029575901576051066,0.00447845458984375,6103.659996756021,-3184.474152178049,149.04088257997319,0.0,0.0
1623,0.02281572402028616,4,PTPRD,18.237376447532924,34.451034308636096,-3418.5733058289643,-3.993146588196295,0.037217384966696736,SE,3635,3.278073043860526e-05,0.05009056899384239,0.011998414993286133,6869.940069217799,-3444.031665644161,25.458359815196673,4.520346410519238e-07,5.996601508310422e-07
1624,0.0239240646673706,4,NFIB,18.237376447532924,32.817741356139734,-3284.825968530048,-3.11036868348729,0.026742146752526556,SE,3635,3.343109235192109e-05,0.04667075898542372,0.009871244430541992,6602.4453946199665,-3303.7992855952543,18.973317065206174,1.3255932088007683e-05,1.502548785345131e-05
1625,0.05803902525556301,4,SH3GL2,18.237376447532924,13.054878985382262,-3797.2787989160092,-6.452715088423459,0.11095818701298807,SE,3635,7.567931075339522e-05,0.02057552944138566,0.003921031951904297,7627.351055391889,-3870.1516190963175,72.87282018030828,0.0,0.0
1626,0.0058135507082991075,4,RRAGA,18.237376447532924,137.5581810616907,-3701.1694124488185,-5.156427596967537,0.038007206106418105,SE,3635,8.858337598888176e-06,0.19442177607981284,0.012038230895996094,7435.132282457507,-3706.2206298130736,5.051217364255081,0.02460864283496167,0.01791656404749276
1627,0.08244508859443955,4,SLC24A2,18.237376447532924,8.952149477489606,-3849.0934863294992,-6.281769058786072,0.12698695894172296,SE,3635,9.673297499702898e-05,0.0143332280728237,0.003809690475463867,7730.980430218869,-3973.6394596273967,124.54597329789749,0.0,0.0
1628,0.026385466239390178,4,ELAVL2,18.237376447532924,29.681259473422557,-3098.662307689945,-4.009967080636755,0.037587110188643004,SE,3635,4.377198618681961e-05,0.05074253643479903,0.00445246696472168,6230.11807293976,-3123.8132710261875,25.150963336242512,5.301316517991594e-07,6.979139340533323e-07
1630,0.007337687354008088,4,BAG1,18.237376447532924,108.818411144061,-3430.9899969200233,-3.6318852960414505,0.021674335030854072,SE,3635,1.2360401539220833e-05,0.1713686592564597,0.01080465316772461,6894.773451399917,-3437.5726643122525,6.582667392229268,0.010297646613667277,0.008055241537118167
1633,0.011300079923173303,4,AL162231.1,18.237376447532924,70.37899061913822,-3255.077911922276,-3.9040209353313267,0.02763356242173371,SE,3635,1.3140211442248562e-05,0.07808413018371593,0.010053634643554688,6542.949281404422,-3268.1877602326995,13.109848310423331,0.0002937474714932442,0.0002859796459742149
1634,0.03087518993927223,4,PHF24,18.237376447532924,25.248182681821792,-3644.5196350953597,-4.63042082131041,0.05346238848195089,SE,3635,4.439245467901826e-05,0.03827244011176066,0.004416465759277344,7321.83272775059,-3684.8010739912224,40.28143889586272,2.1988821874430187e-10,3.79781262389505e-10
1637,0.006782789185341522,4,RUSC2,18.237376447532924,117.78662217646209,-3410.0930262443726,-3.5678055195388514,0.02044995374164311,SE,3635,1.1299081696923753e-05,0.182913650495491,0.009921073913574219,6852.979510048615,-3416.987270396685,6.89424415231224,0.00864737174610819,0.006848477599402748
1639,0.024671325089250108,4,GRHPR,18.237376447532924,31.79937372415455,-3501.659745660276,-3.3488541165476664,0.031103558112631803,SE,3635,2.4921199959757635e-05,0.03281461739217182,0.004881858825683594,7036.112948880422,-3539.378005374844,37.718259714568376,8.173587362492185e-10,1.341120764577432e-09
1640,0.00864666887365852,4,KLF9,18.237376447532924,92.22309485591707,-3255.6936083134697,-4.054561816335517,0.02712842256663647,SE,3635,8.958820105125255e-06,0.0899334654962464,0.010282516479492188,6544.1806741868095,-3266.7224994755043,11.028891162034597,0.0008970278762860939,0.0008221459356597841
1641,0.022948322615828597,4,GDA,18.237376447532924,34.24732364085691,-3641.2626310513206,-5.498822704710254,0.062217099884120976,SE,3635,4.168080177589464e-05,0.06299040958290995,0.00950002670288086,7315.318719662511,-3656.665630350188,15.402999298867599,8.68503332537296e-05,9.08656109257174e-05
1642,0.0070330854069952245,4,ZFAND5,18.237376447532924,113.56615882553312,-3813.2894007038576,-6.8040248525580145,0.06728384744779714,SE,3635,1.4768954278806373e-05,0.22260127025844442,0.010393381118774414,7659.372258967585,-3818.402911916205,5.1135112123474755,0.023740227569109096,0.017340606456559802
1643,0.008765700074756022,4,PRUNE2,18.237376447532924,90.95985612938915,-3192.5749248462307,-4.04611125829957,0.027011860639804135,SE,3635,1.5403317623840754e-05,0.1505299232713204,0.012819290161132812,6417.943307252332,-3197.9162021511897,5.341277304959021,0.02082620785062128,0.01546397131192028
1645,0.0071563587946418625,4,HNRNPK,18.237376447532924,111.59604470808463,-3805.9587378050946,-6.590387865479317,0.0636538132014572,SE,3635,1.3987125834002733e-05,0.20372088858140033,0.009167909622192383,7644.710933170059,-3812.3946857000565,6.435947894961828,0.011183346312916287,0.00869750527751766
1646,0.012123312054638256,4,GOLM1,18.237376447532924,65.54529205518547,-3356.06078062897,-3.2855159748603473,0.021868910185125108,SE,3635,1.9125159265101118e-05,0.09907373165498723,0.011033058166503906,6744.91501881781,-3364.132271234249,8.071490605278996,0.0044967110521119125,0.0037508495503159735
1647,0.0037358149368919963,4,ISCA1,18.237376447532924,214.51082532446105,-3449.8068881332565,-4.701936632409206,0.027571097906902462,SE,3635,4.4050760180304665e-06,0.2321204700639062,0.009974241256713867,6932.407233826383,-3454.144221210193,4.337333076936375,0.037285283118998036,0.02603303251220319
1648,0.012953548664480225,4,SHC3,18.237376447532924,61.29271800374198,-3102.858025933232,-2.583537675162659,0.015380526712515556,SE,3635,1.3444575180640315e-05,0.061213804962860975,0.011684417724609375,6238.509509426334,-3119.083554031764,16.225528098531868,5.6231253558913785e-05,6.0044917220196547e-05
1649,0.13589762863073607,4,SEMA4D,18.237376447532924,5.114619951823901,-3197.9355243307136,-2.129601479935238,0.07401913394624075,SE,3635,0.00019010438517027352,0.012690627645188794,0.004428863525390625,6428.664506221297,-3437.1391537284676,239.20362939775396,0.0,0.0
1651,0.01086202208347505,4,WNK2,18.237376447532924,73.249766643287,-3080.843318362711,-3.6771114126838063,0.024314344284198108,SE,3635,1.311949580995876e-05,0.08422385522362691,0.009468555450439453,6194.480094285293,-3094.462530819111,13.619212456399964,0.00022388258026573293,0.00022230541348090225
1652,0.021524560212385822,4,HABP4,18.237376447532924,36.56585159808968,-3644.6973647974482,-4.946152045736708,0.05165748694864248,SE,3635,0.0001586791740409097,0.2710022892009624,0.010891437530517578,7322.188187154767,-3655.0446702849713,10.347305487523045,0.0012966381808470206,0.0011645979534249248
1654,0.2686913390853421,4,SLC44A1,18.237376447532924,2.1893091847886352,-3523.848318503454,-2.513244465181012,0.19399911650451282,SE,3635,0.00029082422069612367,0.008030164304627828,0.004381656646728516,7080.490094566778,-3955.5311816945023,431.68286319104845,0.0,0.0
1656,0.004645875024818848,4,TXN,18.237376447532924,172.33367428256375,-3847.5305872389217,-6.296532259841661,0.05186691924594851,SE,3635,1.1048695139278874e-05,0.3778748778783072,0.009756326675415039,7727.854632037714,-3850.9054033223474,3.374816083425685,0.0661999680812595,0.04361853475214321
1657,0.024912803720530168,4,BRINP1,18.237376447532924,31.483347099077474,-3242.1289956621276,-3.885704288989955,0.036004602429838904,SE,3635,3.885374509455915e-05,0.05022235570884785,0.00429224967956543,6517.051448884125,-3276.591201612365,34.46220595023715,4.346087600914927e-09,6.667575048568564e-09
1659,0.006851625473833521,4,NDUFA8,18.237376447532924,116.5951728897502,-3772.4313548580976,-5.6376321462331305,0.04706818159847604,SE,3635,5.292153933892566e-06,0.08398246811676843,0.011520624160766602,7577.656167276065,-3782.23793779912,9.806582941022498,0.0017388829793351102,0.0015392026372105046
1660,0.01159894667006736,4,STRBP,18.237376447532924,68.54482909196416,-3154.383183351485,-3.5588726863252957,0.023739338770708683,SE,3635,1.2126585509457006e-05,0.06847935160756526,0.010651111602783203,6341.55982426284,-3170.6942861777493,16.311102826264232,5.37481086867464e-05,5.762202162722541e-05
1661,0.026089000828549,4,ARPC5L,18.237376447532924,30.027686575944557,-3628.0969007008307,-4.8865282249948025,0.054020966073390755,SE,3635,3.919371402180743e-05,0.04641781404422161,0.00439906120300293,7288.987258961532,-3657.3689783063796,29.27207760554893,6.289550791294118e-08,8.84253364787242e-08
1663,0.009147295665732719,4,PTGES2,18.237376447532924,87.13174907589222,-3436.5598544209042,-3.751391535069531,0.02461710127200231,SE,3635,9.224108027992774e-06,0.0829097027147515,0.012716531753540039,6905.913166401679,-3446.2155800437076,9.655725622803402,0.0018876231706932423,0.0016653843771242917
1664,0.027082411201716693,4,C9orf16,18.237376447532924,28.89673511445114,-3422.2554403793038,-7.216068097804827,0.10034994828246542,SE,3635,1.7673578305343088e-05,0.01950215212523619,0.0038084983825683594,6877.304338318478,-3494.4912519994323,72.23581162012852,0.0,0.0
1666,0.16811366587591153,4,CERCAM,18.237376447532924,3.980347794469635,-3091.939046198495,-1.3464628552632134,0.08250090534111297,SE,3635,0.00023379558692215855,0.011484400693791029,0.004404783248901367,6216.67154995686,-3429.3747353512845,337.43568915278956,0.0,0.0
1667,0.037776525929352725,4,SPTAN1,18.237376447532924,20.488680093084717,-3562.1313021688807,-7.575861780641158,0.11958564182744189,SE,3635,4.699840570047406e-05,0.027828908684450794,0.0038399696350097656,7157.0560618976315,-3628.743104667501,66.61180249862036,3.3306690738754696e-16,8.252787927901717e-16
1668,0.014567170294571927,4,SET,18.237376447532924,54.41415374927295,-3835.3327732657253,-5.069823722556072,0.04857860892744965,SE,3635,1.8308826141233916e-05,0.06635443948191917,0.007709503173828125,7703.459004091321,-3848.8803053693746,13.547532103649246,0.00023259706329914476,0.00023044828871517892
1670,0.005029258483877756,4,LRRC8A,18.237376447532924,159.13525437703677,-3198.885987806074,-2.8838779406954864,0.012631629413291575,SE,3635,7.946554022131675e-06,0.23229184016268453,0.011966466903686523,6430.565433172018,-3202.5395367557326,3.6535489496586706,0.05594987165879317,0.03732176952946045
1672,0.005187898762300442,4,PTPA,18.237376447532924,154.24447509735623,-3770.7480155364683,-5.34157949295029,0.039313554652042566,SE,3635,8.012095911897877e-06,0.22024801699991894,0.012138128280639648,7574.289488632807,-3774.98264299294,4.234627456471571,0.03960731503036019,0.02745483876396098
1675,0.010428525793502563,4,SURF4,18.237376447532924,76.3280729627051,-3169.1884518087427,-3.1946429757446717,0.01934398187642738,SE,3635,2.357974287665573e-05,0.16392917019551428,0.009317636489868164,6371.1703611773555,-3176.1372965008522,6.94884469210956,0.008387338156830015,0.0066537631175538296
1676,0.45781696145229306,4,OLFM1,18.237376447532924,0.952607723889047,-2610.36986389306,-9.056400615340173,0.42424793170423714,SE,3635,0.0009105484985252019,0.017248131124168495,0.0032656192779541016,5253.53318534599,-3246.75098358125,636.3811196881898,0.0,0.0
1677,0.016918562198016837,4,EGFL7,18.237376447532924,46.73971863049305,-3592.318190146296,-4.71454545487106,0.04408642783498128,SE,3635,2.042137732501595e-05,0.05539952353154761,0.010332584381103516,7217.429837852462,-3613.5006026285087,21.18241248221284,4.175789139915231e-06,5.038865003729755e-06
1680,0.011202881097681866,4,PHPT1,18.237376447532924,70.9965942284107,-3857.6860836580036,-4.6630821298610465,0.039151979066585546,SE,3635,1.2529451634885687e-05,0.07572200615788777,0.011010169982910156,7748.165624875877,-3869.8159323026484,12.12984864464488,0.0004962114711974941,0.0004697397645283198
1681,0.006007525819820487,4,EDF1,18.237376447532924,133.0906359222791,-3734.620490716783,-6.050276979480236,0.05163373981587261,SE,3635,6.753996803256199e-06,0.13892945912375923,0.011690616607666016,7502.034438993436,-3740.5750782889136,5.954587572130549,0.014679036529688383,0.011189788340941956
1682,0.012204575845360622,4,PAXX,18.237376447532924,65.10350483127783,-3338.411336667885,-3.1026471894754093,0.020109807129941433,SE,3635,1.2716036464571119e-05,0.06502011059902155,0.011491537094116211,6709.61613089564,-3353.745439186158,15.334102518273085,9.007569661445558e-05,9.38751010417536e-05
1683,0.16583395505757584,4,ABCA2,18.237376447532924,4.046123169523515,-3788.182084885018,-3.0394545387387,0.13206773870990587,SE,3635,0.0001903487247199534,0.009529269066697798,0.0045087337493896484,7609.157627329906,-4123.721857326071,335.5397724410527,0.0,0.0
1684,0.0053303279652656774,4,NPDC1,18.237376447532924,150.1014871469182,-3797.5831391582706,-6.006363360248221,0.04934445512400738,SE,3635,1.443673538899702e-05,0.37615475844474966,0.009702205657958984,7627.959735876411,-3800.732614536298,3.149475378027546,0.07595137830711018,0.04941447155553152
1685,0.12374635937632392,4,GRIN1,18.237376447532924,5.6958357158704285,-3535.5493986010592,-8.190426843786735,0.19956398394338215,SE,3635,0.00019203678429961687,0.014775594342731915,0.004363298416137695,7103.892254761989,-3768.339962024538,232.79056342347894,0.0,0.0
1686,0.027952796040254264,4,NSMF,18.237376447532924,27.971911769793838,-3833.64201834176,-5.182373968466219,0.06220236737329437,SE,3635,3.092813172241958e-05,0.0321489888109868,0.004516124725341797,7700.07749424339,-3869.8102329519215,36.16821461016161,1.8099878262844982e-09,2.8717645614290927e-09
1688,0.03418036865093031,4,RNH1,18.237376447532924,22.728948058908415,-3451.1024772212627,-2.6081349137815915,0.02870025066091777,SE,3635,1.7100511933403216e-05,0.012190969840841748,0.0037910938262939453,6934.9984120023955,-3552.2159215077827,101.11344428652001,0.0,0.0
1690,0.01433836979630255,4,DEAF1,18.237376447532924,55.29528791589243,-3553.5747833554906,-3.9605656619539604,0.03164118612742995,SE,3635,1.5459388459035635e-05,0.05777561318341964,0.011439085006713867,7139.943024270851,-3570.077335336954,16.50255198146351,4.858463734835894e-05,5.229473692768818e-05
1691,0.03166124776578887,4,TALDO1,18.237376447532924,24.601372449289887,-3619.5079009258448,-3.507378380330577,0.03820750115404919,SE,3635,3.9461443113571444e-05,0.03245570492089679,0.0038063526153564453,7271.80925941156,-3664.192534972875,44.68463404703016,2.31467067735025e-11,4.277862890207756e-11
1692,0.04492137127049865,4,CEND1,18.237376447532924,17.101971254086475,-3738.497858522714,-6.88726760603371,0.11012698758661944,SE,3635,4.385395961536893e-05,0.01889564007293383,0.003942012786865234,7509.789174605298,-3824.321769857288,85.82391133457395,0.0,0.0
1693,0.027674759007042866,4,SLC25A22,18.237376447532924,28.261015431487074,-3592.6814194607396,-4.5445448130236255,0.04946835268456534,SE,3635,3.36406790280527e-05,0.03563462089587684,0.0044097900390625,7218.156296481349,-3628.3930628821963,35.711643421456756,2.2879249605978202e-09,3.6003497519242684e-09
1694,0.04270115029061466,4,RPLP2,18.237376447532924,18.0330012489556,-2933.078415489137,-6.0386884899985604,0.08012028072047103,SE,3635,4.037393010483882e-05,0.019082529885417837,0.003793954849243164,5898.950288538144,-3022.5178731417554,89.43945765261833,0.0,0.0
1695,0.006522129390349673,4,AP2A2,18.237376447532924,122.52616410810717,-3649.871865241066,-4.80421436461789,0.03450354623618905,SE,3635,1.153143043664578e-05,0.20167642495539512,0.01818108558654785,7332.5371880420025,-3654.373294172732,4.5014289316659415,0.033866542011515066,0.023906554505886822
1696,0.013988667477351975,4,DUSP8,18.237376447532924,56.697721936724186,-3251.7313400529574,-3.422638574671932,0.024153868384144586,SE,3635,2.066313306466867e-05,0.08101611072600849,0.01029825210571289,6536.256137665785,-3268.872749193981,17.14140914102336,3.469751799234366e-05,3.770915452244723e-05
1697,0.027172150926395314,4,CD81,18.237376447532924,28.798643148949946,-3608.2350471136187,-5.394983177446302,0.06340040213513219,SE,3635,3.751623950967835e-05,0.04113977661497593,0.003834247589111328,7249.263551787108,-3652.8008598801307,44.565812766511954,2.4594881686823555e-11,4.520668765089279e-11
1699,0.017582005129372934,4,APBB1,18.237376447532924,44.945680098457615,-3654.2963733056595,-7.500749873011257,0.09898839665483733,SE,3635,2.8127943135541006e-05,0.07084820299822425,0.009930610656738281,7341.386204171189,-3669.923088637625,15.626715331965443,7.715677512754038e-05,8.142034024153996e-05
1700,0.011107282846861192,4,TAF10,18.237376447532924,71.61457140817355,-3694.6505855474825,-4.039488265763118,0.030414246282780333,SE,3635,1.384962959987113e-05,0.08511397832589908,0.009829282760620117,7422.094628654835,-3708.2776604045075,13.627074857025036,0.00022294696169344874,0.0002217036238032011
1701,0.008665434338732451,4,TPP1,18.237376447532924,92.02163885037871,-3097.157712369504,-2.404405677523595,0.011690905651047887,SE,3635,1.5312854116453062e-05,0.15306550216542764,0.009972333908081055,6227.108882298879,-3104.9576353103525,7.799922940848319,0.005224846256869142,0.004299567673153368
1703,0.034586165345549306,4,RPL27A,18.237376447532924,22.452833441055787,-3846.395686155072,-4.78318216604293,0.06073615980204821,SE,3635,4.899005163140012e-05,0.03416605422031823,0.003978729248046875,7725.584829870014,-3891.994971508059,45.59928535298695,1.4509504708826171e-11,2.7189246605549177e-11
1704,0.019056735152731465,4,DENND5A,18.237376447532924,41.405252877245864,-3259.334107784609,-2.7489681359686315,0.020558059267335033,SE,3635,1.5442348258276e-05,0.033309146158908454,0.004413127899169922,6551.461673129088,-3290.7771324129335,31.443024628324565,2.0537910372375734e-08,2.9744698454952628e-08
1705,0.018236895525975693,4,RNF141,18.237376447532924,43.30278679529238,-3245.775970876477,-2.5283839782792894,0.018203762369110008,SE,3635,1.647434020760903e-05,0.038672088468880705,0.008774518966674805,6524.345399312824,-3273.4685424582517,27.6925715817747,1.422077453572257e-07,1.954382608679488e-07
1707,0.04472799621096426,4,MICAL2,18.237376447532924,17.179386779001195,-3646.443314083345,-5.705964835970378,0.08244530830934876,SE,3635,5.849711085783989e-05,0.02540386476668196,0.003815889358520508,7325.68008572656,-3711.255363301743,64.81204921839799,7.771561172376096e-16,1.8638649384405484e-15
1708,0.009978176094186072,4,BTBD10,18.237376447532924,79.80932801963456,-3050.5587876411882,-3.5088243625356057,0.02184572034269097,SE,3635,1.0554226878933432e-05,0.07999820178943343,0.008188962936401367,6133.911032842247,-3062.9733656338376,12.414577992649356,0.0004259952679900314,0.00040678301608184183
1711,0.013499838333495844,4,NELL1,18.237376447532924,58.7798729570756,-3344.3553513573215,-4.539923523709907,0.03776054809302815,SE,3635,2.4243827735599916e-05,0.10185901372153834,0.009452104568481445,6721.504160274513,-3358.692078791933,14.336727434611475,0.00015285348294213907,0.00015509608854680232
1713,0.02502570684640592,4,SYT13,18.237376447532924,31.337681480701427,-3541.5300410689197,-5.142227631625444,0.056859161243923734,SE,3635,2.1701114152323303e-05,0.027811082853254915,0.0037679672241210938,7115.8535396977095,-3587.759458282042,46.22941721312236,1.051858600220612e-11,1.990475295136819e-11
1714,0.014037818652815628,4,CRY2,18.237376447532924,56.49638753704153,-3284.4772520222314,-3.6903279622841847,0.02722655094416086,SE,3635,4.391370353986735e-05,0.17100799903933728,0.009819507598876953,6601.747961604333,-3294.4561649847747,9.97891296254329,0.0015834313671106992,0.0014136927208323795
1715,0.02273250616942931,4,MAPK8IP1,18.237376447532924,34.58009529297611,-3814.618388769515,-4.649057700772089,0.04914319522634784,SE,3635,2.7396916352565364e-05,0.04215661823142234,0.0038182735443115234,7662.0302350989,-3843.5536715252956,28.935282755780463,7.48372528391883e-08,1.0466748648837526e-07
1716,0.033862671319369334,4,DGKZ,18.237376447532924,22.949736157469857,-3855.2752744281156,-6.14041158620015,0.08571232218453115,SE,3635,6.232962745624892e-05,0.045214669450067184,0.0037534236907958984,7743.344006416101,-3895.2991083613924,40.02383393327682,2.5088298105657714e-10,4.3110044347351005e-10
1717,0.011886829623819215,4,ARHGAP1,18.237376447532924,66.86528499666363,-3149.801775300558,-2.814079626298083,0.016802637253740125,SE,3635,1.5134438599263433e-05,0.08147181455635874,0.009917259216308594,6332.397008160986,-3160.0940105371556,10.292235236597662,0.0013359116448059538,0.001199071644316097
1718,0.018486021934986916,4,MADD,18.237376447532924,42.70837770317259,-3671.7116097456164,-4.862927347574127,0.04805540162441052,SE,3635,5.0862645505303684e-05,0.11631773165566676,0.013658761978149414,7376.216677051103,-3683.5229750210283,11.811365275411845,0.0005887024723280065,0.0005508153110667909
1720,0.015235824479907447,4,CELF1,18.237376447532924,51.990779665057154,-3289.7135956412803,-3.669983747625947,0.027803941145762994,SE,3635,2.6028201276075958e-05,0.0864697306208986,0.009881973266601562,6612.220648842431,-3302.071440204051,12.357844562770879,0.00043913738882594977,0.00041755434337449783
1722,0.0066220458014017245,4,PRPF19,18.237376447532924,120.66529731779632,-3334.857135086513,-4.124496827830625,0.025919820362513134,SE,3635,9.129254452537974e-06,0.15494638677006226,0.011691808700561523,6702.5077277328965,-3340.8138733705864,5.9567382840732535,0.014661139889185049,0.011182481465674023
1723,0.2597390596523236,4,MYRF,18.237376447532924,2.292490901189406,-2803.091062712254,-1.1344004538386314,0.11901364307483098,SE,3635,0.00034316162871381536,0.009821292876930022,0.004408836364746094,5638.975582984378,-3305.9649048369406,502.8738421246867,0.0,0.0
1724,0.032493285355265134,4,TMEM258,18.237376447532924,23.9508214531371,-3772.8569127353653,-4.383191509312567,0.05209091880228782,SE,3635,3.7141442560958464e-05,0.02910066718504785,0.0038840770721435547,7578.507283030601,-3820.700268374182,47.843355638816774,4.6166404032987884e-12,8.950259099924297e-12
1725,0.012859907896840633,4,FADS2,18.237376447532924,61.74488451701585,-3509.6365033679076,-2.9184206215058377,0.01943215406113053,SE,3635,1.3021647224423147e-05,0.06013159665073174,0.009394645690917969,7052.066464295685,-3523.8706790893984,14.234175721490828,0.00016141231567723402,0.0001629204304728271
1726,0.005082694314340306,4,B3GAT3,18.237376447532924,157.45376292031753,-3055.896397328728,-2.802916309250578,0.011936190290007836,SE,3635,7.329250762609427e-06,0.20981228285409803,0.011841773986816406,6144.586252217327,-3060.55671898976,4.660321661031958,0.030867408301918364,0.022020516864378285
1727,0.1289829821525198,4,GNG3,18.237376447532924,5.431931398208998,-3478.9269011024985,-8.29967968708723,0.20458263638838975,SE,3635,0.00034545493274218555,0.024949100893076753,0.0043485164642333984,6990.647259764867,-3699.3815422836024,220.45464118110385,0.0,0.0
1728,0.01075600380943763,4,POLR2G,18.237376447532924,73.97969317670785,-3062.2412441644738,-2.3923826860472075,0.01268902206303119,SE,3635,1.2642028195351302e-05,0.0827302557361203,0.009937524795532227,6157.275945888818,-3075.4273935538913,13.186149389417551,0.00028202578658864663,0.0002749658525370205
1729,0.008327932250235766,4,SLC3A2,18.237376447532924,95.78355399674338,-3332.2060261443185,-3.2470131454642845,0.01866781997546028,SE,3635,3.844653678120782e-05,0.41550751482787107,0.01181936264038086,6697.205509848507,-3336.6247902624973,4.418764118178842,0.03554577288589422,0.024965142373258267
1730,0.017487782288679,4,CHRM1,18.237376447532924,45.192177929995296,-3639.2864341666573,-5.260425724983051,0.05343158750679589,SE,3635,1.1708477198072012e-05,0.02979827378819089,0.003744840621948242,7311.366325893185,-3679.686259363436,40.39982519677869,2.0695967162254192e-10,3.5837172575331944e-10
1731,0.19455598706267363,4,PLA2G16,18.237376447532924,3.3300504091519327,-3348.578390450031,-2.332490745848394,0.1193275677546876,SE,3635,0.0003451078253841661,0.013934613014352986,0.004482746124267578,6729.950238459932,-3701.0473350593375,352.4689446093066,0.0,0.0
1732,0.017469859983340302,4,COX8A,18.237376447532924,45.23936573323146,-3386.453307184607,-7.345736979826444,0.09388413818305473,SE,3635,1.4575774062112927e-05,0.037169017743042446,0.004341602325439453,6805.7000719290845,-3418.412759411882,31.959452227274596,1.5742448788991226e-08,2.307271163369679e-08
1733,0.012768486613735332,4,OTUB1,18.237376447532924,62.19273193910211,-3776.316437964295,-6.158148975440748,0.06499343134579456,SE,3635,1.3748709288573646e-05,0.06437722707529463,0.013019084930419922,7585.42633348846,-3791.653330274741,15.336892310446274,8.994278220320062e-05,9.380924429932131e-05
1734,0.010392425663038338,4,FKBP2,18.237376447532924,76.5960076705493,-3742.521215148695,-4.59816738482383,0.036978332578475784,SE,3635,3.482190744634335e-05,0.2437345256252323,0.00994563102722168,7517.83588785726,-3747.758537613071,5.2373224643761205,0.022107273616174372,0.016262619887637594
1735,0.005870992013525079,4,BAD,18.237376447532924,136.20445311344233,-3774.5620870772327,-4.791290665034641,0.03349432372600461,SE,3635,7.096735593024799e-06,0.1527617633486307,0.0087432861328125,7581.917631714336,-3781.6209084000357,7.058821322802942,0.00788758763518016,0.006286961277502499
1736,0.04505522277056955,4,PRDX5,18.237376447532924,17.048774498464272,-3559.9209751519834,-7.556787064954247,0.1248098773510268,SE,3635,7.468607608784799e-05,0.032006611462593135,0.004440784454345703,7152.635407863837,-3612.13473778259,52.21376263060665,4.977129819394577e-13,1.0334107930280549e-12
1739,0.07345474161897965,4,FAU,18.237376447532924,10.146280218861675,-2921.465345156977,-5.184236561308948,0.07792150520455217,SE,3635,0.00010935117734762498,0.019713898754836732,0.004971742630004883,5875.724147873824,-3079.445709881269,157.98036472429203,0.0,0.0
1743,0.021059763289707316,4,CCDC85B,18.237376447532924,37.39062666144969,-3720.8726250799255,-6.3356511878240545,0.07725809629396396,SE,3635,2.0393886623356526e-05,0.03631546372215732,0.004366397857666016,7474.538707719721,-3753.1436534575914,32.27102837766597,1.340979349784277e-08,1.9848479224729776e-08
1746,0.020335675901597943,4,KLC2,18.237376447532924,38.7506267479104,-3460.9735406100517,-4.41791592036676,0.041642343396124756,SE,3635,2.0950229158891425e-05,0.039892123248733966,0.004370927810668945,6954.740538779974,-3496.4336749747154,35.460134364663645,2.603243953736012e-09,4.072728384280442e-09
1747,0.05438572555726137,4,B4GAT1,18.237376447532924,13.985858905900104,-3734.302628559098,-7.631499462174877,0.13682300299737357,SE,3635,0.00013182172187821734,0.04023245210912398,0.003805398941040039,7501.398714678066,-3794.0800488815457,59.7774203224476,1.0658141036401503e-14,2.4141488726468052e-14
1748,0.026643245973193595,4,SPTBN2,18.237376447532924,29.386303691508814,-3523.129949647355,-4.740804434214385,0.05126559149024807,SE,3635,2.6226623087104606e-05,0.02984884929095973,0.004518747329711914,7079.05335685458,-3566.240051055437,43.1101014080823,5.1744386553309596e-11,9.270268986672099e-11
1749,0.005075916869917384,4,GRK2,18.237376447532924,157.66507169080523,-3683.718375810384,-4.0662965688389745,0.023732890278628717,SE,3635,6.999292340901251e-06,0.20089643504128868,0.009671449661254883,7400.230209180638,-3688.18628666146,4.46791085107634,0.03453719579626169,0.024328914697033462
1751,0.0224092216782638,4,GSTP1,18.237376447532924,35.09056600577793,-3881.984903872939,-4.152256630872881,0.04223442549110511,SE,3635,3.201676247242668e-05,0.050630345012568044,0.0045850276947021484,7796.763265305748,-3908.514233028207,26.529329155267988,2.595672529137616e-07,3.4958552580978e-07
1752,0.009428493473840473,4,NDUFV1,18.237376447532924,84.50911947063905,-3841.2425849844976,-6.238873524404699,0.06184736718426439,SE,3635,9.449045888546132e-06,0.08003391841278008,0.007863759994506836,7715.278627528865,-3853.3320601902587,12.089475205761119,0.0005070724474991462,0.000479103180732084
1756,0.31333505503206865,4,PLEKHB1,18.237376447532924,1.7627711799156651,-3891.8884816634545,-2.5400737313733224,0.28823837354435194,SE,3635,0.0004958234068786276,0.0118034778827775,0.0037925243377685547,7816.570420886779,-4419.941555969496,528.0530743060417,0.0,0.0
1757,0.012833652468390815,4,RAB6A,18.237376447532924,61.87284946574206,-3819.4092666534925,-6.854083318752796,0.07900349318732917,SE,3635,2.1579013246149126e-05,0.10004529088593166,0.009115219116210938,7671.611990866855,-3833.030135640508,13.620868987015456,0.00022368512620041248,0.00022227338980570062
1758,0.010442977123401241,4,PPME1,18.237376447532924,76.22133457977108,-3416.841381201737,-4.65590369171237,0.03683516138051378,SE,3635,1.1550047658985885e-05,0.080079992450243,0.00812387466430664,6866.476219963344,-3430.831327222165,13.989946020427851,0.00018379078352503964,0.0001842638935219203
1759,0.06909676783494687,4,RPS3,18.237376447532924,10.836944657291205,-3742.405759723772,-4.614465288648542,0.08079948324980672,SE,3635,8.870342281108006e-05,0.017768425537871578,0.0044896602630615234,7517.604977007414,-3871.2834958456415,128.87773612186948,0.0,0.0
1760,0.007910769932842513,4,MAP6,18.237376447532924,100.87697041290785,-3348.227576883197,-4.116753681859888,0.027300697179383143,SE,3635,6.55842260965993e-06,0.07841674141658261,0.010997533798217773,6729.248611326264,-3359.3941010745307,11.166524191333792,0.000832865164061003,0.0007649025397519607
1761,0.05711529579125544,4,PAK1,18.237376447532924,13.279025663153494,-3862.7467762134106,-7.122247265540378,0.12793100550139191,SE,3635,9.230454270781944e-05,0.02581979115544178,0.004331350326538086,7758.287009986691,-3960.4933844054704,97.74660819205974,0.0,0.0
1765,0.016710242122432124,4,SESN3,18.237376447532924,47.33243234938458,-3232.844373528058,-3.483517753948088,0.026409880907882304,SE,3635,4.343521969036954e-05,0.12068514789964832,0.007712125778198242,6498.482204615986,-3246.378155535467,13.533782007409172,0.0002343073960406894,0.00023180143458570882
1766,0.033935257409739794,4,GRIA4,18.237376447532924,22.89892710545444,-3367.0810501995184,-4.792767053195128,0.0555315592315867,SE,3635,1.7275745171191228e-05,0.01248212872773917,0.00383758544921875,6766.955557958907,-3461.304505067613,94.22345486809445,0.0,0.0
1767,0.011291304347913901,4,AASDHPPT,18.237376447532924,70.43431416610046,-3530.765813411288,-4.976950030397632,0.04261244504628802,SE,3635,1.00412013208282e-05,0.05975925798697217,0.008324861526489258,7094.325084382446,-3546.2242686022873,15.458455190999302,8.433879030822489e-05,8.865156935807732e-05
1769,0.011735413393444026,4,SIK3,18.237376447532924,67.73839316086818,-3250.4382417918305,-3.2276005578294558,0.020731476895084477,SE,3635,1.8178082881341006e-05,0.10033526978724255,0.01094198226928711,6533.669941143531,-3261.378243705287,10.940001913456399,0.0009411007219752854,0.0008578646640326575
1770,0.05526273436262094,4,BACE1,18.237376447532924,13.751140737648887,-3382.1445993261837,-3.0458711115428994,0.043703798233376806,SE,3635,7.501433824048184e-05,0.02225062856369444,0.004358530044555664,6797.082656212237,-3486.3602971083637,104.21569778218009,0.0,0.0
1771,0.009437800288310077,4,SCN2B,18.237376447532924,84.42499002668528,-3448.959130052931,-4.750508771734914,0.03715829763710447,SE,3635,8.751185391397634e-06,0.07397972945770341,0.01139211654663086,6930.711717665732,-3461.9166945937436,12.957564540812655,0.00031863141364574243,0.0003084202041829293
1772,0.014575450865007115,4,HYOU1,18.237376447532924,54.382783128654964,-3149.388914208712,-3.485847963479499,0.024847787490654145,SE,3635,1.991015887212412e-05,0.07207843948824105,0.010285139083862305,6331.571285977294,-3164.797078713082,15.408164504370234,8.661326186154561e-05,9.068809873016452e-05
1773,0.009407087195788224,4,SORL1,18.237376447532924,84.70325442497123,-3810.618171391372,-6.006802218417178,0.057619011074901576,SE,3635,1.78954770335308e-05,0.15225279924122806,0.009219646453857422,7654.029800342614,-3816.898683612773,6.280512221400841,0.01220728113910674,0.009417627234089856
1774,0.24577341257382682,4,HSPA8,18.237376447532924,2.468465080833468,-2494.4016940997217,-8.818197988715871,0.24855687979510235,SE,3635,0.00039223395588966237,0.011928325209643898,0.004314422607421875,5021.5968457593135,-2675.168370804874,180.76667670515235,0.0,0.0
1775,0.0727850693065574,4,HEPACAM,18.237376447532924,10.247033745864115,-3447.84638498682,-2.139723870716308,0.045967098779705035,SE,3635,9.572089762422854e-05,0.01752995996050874,0.00437164306640625,6928.48622753351,-3585.451438413673,137.60505342685292,0.0,0.0
1776,0.20874756900600788,4,FEZ1,18.237376447532924,3.048973717747787,-3858.6152735420037,-5.245151372950147,0.21178350144634756,SE,3635,0.00035952717009178885,0.013272694257341398,0.004391670227050781,7750.024004643878,-4158.394921307999,299.7796477659949,0.0,0.0
1778,0.03627944046210504,4,ARHGAP32,18.237376447532924,21.36734655118863,-3242.7029517916108,-3.6842548687110934,0.03958356728058113,SE,3635,3.9733198731459403e-05,0.0253559602556273,0.003859996795654297,6518.199361143092,-3294.268663359784,51.565711568173356,6.924461004587101e-13,1.4202054166836076e-12
1779,0.040602914767059115,4,APLP2,18.237376447532924,19.006459879125543,-3673.3296115409107,-7.567699142695379,0.12300883606903366,SE,3635,6.24091186636282e-05,0.03235241895988427,0.003874063491821289,7379.452680641692,-3731.0273406047445,57.697729063833776,3.0531133177191805e-14,6.78979370431914e-14
1780,0.011962698803564197,4,OPCML,18.237376447532924,66.43611413056983,-3555.9083720938297,-4.799964169000437,0.04078974391289154,SE,3635,1.0360705805326569e-05,0.05508582223901925,0.0216219425201416,7144.61020174753,-3574.050025269561,18.141653175731335,2.0506629351935146e-05,2.2858937591974105e-05
1781,0.005964566823992346,4,VPS26B,18.237376447532924,134.05499687313574,-3328.07533693356,-3.915929595186404,0.022879276029748402,SE,3635,9.90178595123025e-06,0.20658709002661885,0.011708259582519531,6688.94413142699,-3333.0324161746794,4.9570792411195725,0.02598405998072484,0.01884656151505649
1782,0.028281851407135832,4,B3GAT1,18.237376447532924,27.637103684930388,-3864.876862151424,-4.57422562628153,0.052787668550586496,SE,3635,3.419437844891516e-05,0.03476816771208003,0.004557371139526367,7762.547181862718,-3893.836928632335,28.960066480910882,7.38858485505034e-08,1.0344438166185323e-07
1784,0.066297322506712,4,PFKP,18.237376447532924,11.328506675188459,-3788.5686922527852,-6.62287502808483,0.12113052913762395,SE,3635,0.00010930607037399434,0.023525085271509608,0.003867626190185547,7609.930842065441,-3873.826490531477,85.25779827869155,0.0,0.0
1786,0.013853410904108757,4,OPTN,18.237376447532924,57.25913868903116,-3744.757954259654,-5.224353597498315,0.04988604223861595,SE,3635,2.032194772096618e-05,0.081196711210323,0.011001110076904297,7522.309366079178,-3758.2370656607845,13.479111401130467,0.00024123401839659664,0.00023830352905283882
1789,0.1984688489703069,4,PIP4K2A,18.237376447532924,3.2485391465798164,-3307.4277165516783,-1.9582105306693502,0.11635688789476388,SE,3635,0.00023398882801541247,0.009208359595769938,0.004391193389892578,6647.648890663227,-3711.634108490976,404.20639193929765,0.0,0.0
1791,0.012261251334707334,4,GPR158,18.237376447532924,64.79885717377262,-3002.2539898374816,-3.576225886619446,0.02396225150905498,SE,3635,2.981662285448102e-05,0.15108853344151676,0.008624553680419922,6037.301437234833,-3009.6118108051915,7.357820967709813,0.0066771664001206155,0.00539245131080351
1792,0.024952583684240966,4,ABI1,18.237376447532924,31.43187329022765,-3131.5398199228694,-3.1776752093028136,0.027085532626205583,SE,3635,4.4484576525883975e-05,0.05732683981394644,0.011078119277954102,6295.873097405609,-3144.5522392673565,13.01241934448717,0.0003094319042792337,0.0002999470908653825
1794,0.042132800986464436,4,KIF5B,18.237376447532924,18.28710757458367,-3234.0273684360295,-2.473771356693515,0.02948437871266425,SE,3635,5.7207156378032095e-05,0.02771011101704599,0.00442957878112793,6500.848194431929,-3314.065405274062,80.03803683803244,0.0,0.0
1795,0.010933519795443996,4,OGDHL,18.237376447532924,72.7655033881665,-3233.959778842651,-3.5814499667534725,0.02372052444893769,SE,3635,1.2922946767561379e-05,0.08190471512707533,0.011791706085205078,6500.713015245172,-3246.9102088057434,12.950429963092574,0.00031984802522666556,0.0003093752547777695
1796,0.02265724576040831,4,CISD1,18.237376447532924,34.6976316406197,-3690.529164368796,-5.168013963165348,0.056534657024911845,SE,3635,3.0466655455195626e-05,0.04717763790929707,0.004370927810668945,7413.851786297462,-3716.4498900965023,25.920725727706213,3.557292325151451e-07,4.752904794821837e-07
1797,0.34628091424332536,4,LINC00844,18.237376447532924,1.5185274927832448,-3452.666248099724,-1.430747719197158,0.2545675687682303,SE,3635,0.0004136801211750723,0.009072972033720038,0.003847360610961914,6938.125953759318,-4000.694067111948,548.027819012224,0.0,0.0
1799,0.006252371103016447,4,HNRNPH3,18.237376447532924,127.847255130992,-3172.7105256305276,-3.0440817934371993,0.014928038228594183,SE,3635,8.960765842309719e-06,0.17034173412321882,0.011497259140014648,6378.214508820925,-3177.901737319735,5.191211689207194,0.022701383138239883,0.016635990812336618
1801,0.044133417849210585,4,SPOCK2,18.237376447532924,17.42166933435226,-3805.4213761364076,-6.747348360156014,0.10711722564442334,SE,3635,6.227125173797762e-05,0.02771071354717659,0.003770589828491211,7643.636209832685,-3868.077328663502,62.65595252709454,2.4424906541753444e-15,5.715235048505155e-15
1802,0.007465184973914273,4,ANAPC16,18.237376447532924,106.94616755993842,-3041.9341442023033,-2.899308763504945,0.014504269034077004,SE,3635,1.4974667939291875e-05,0.2006884668709528,0.01271820068359375,6116.661745964477,-3046.4617967947197,4.527652592416416,0.033351335348627886,0.023592379464663648
1805,0.023613964582742366,4,CAMK2G,18.237376447532924,33.25926916246032,-3743.302735884654,-5.3663246766705806,0.06113313368745099,SE,3635,2.852247004833613e-05,0.04081932723830221,0.004446744918823242,7519.398929329178,-3778.3911577476956,35.08842186304173,3.1506854902829673e-09,4.900698397917806e-09
1806,0.0063294705023440815,4,KCNMA1,18.237376447532924,126.28014716925829,-3531.251273925376,-4.152904345415715,0.026204817980402938,SE,3635,1.2790069432213303e-05,0.23732435065795987,0.009742259979248047,7095.2960054106225,-3535.511297463325,4.260023537948655,0.039019380769223844,0.02707519505764513
1807,0.03686658268284651,4,FAM213A,18.237376447532924,21.014236647921766,-3775.205392938507,-5.489619797339537,0.0741270136979192,SE,3635,4.404449705034508e-05,0.027283332265590397,0.004311561584472656,7583.204243436884,-3819.8295784117677,44.624185473260695,2.3872459564699966e-11,4.393886351915925e-11
1808,0.0773004465581238,4,GHITM,18.237376447532924,9.601483890771172,-3660.6130548054,-7.864987934826606,0.15954637345039904,SE,3635,0.0001340780194593473,0.02215436605280575,0.004388332366943359,7354.019567170671,-3775.797480978231,115.18442617283063,0.0,0.0
1811,0.09287465309194136,4,RBP4,18.237376447532924,7.856518682414728,-2977.1886514487583,-4.018437696697132,0.06807550939812262,SE,3635,0.00019273516570045995,0.02342401327964223,0.004373788833618164,5987.170760457387,-3118.4363939144805,141.24774246572224,0.0,0.0
1812,0.007075013707827312,4,SORBS1,18.237376447532924,112.88837041946456,-3100.133669650526,-3.465874374941631,0.019235982096861066,SE,3635,1.136578664073301e-05,0.1693128748291229,0.009465456008911133,6233.060796860922,-3106.795100995467,6.6614313449408655,0.00985217496148516,0.007738268292202961
1813,0.2582775913447219,4,OPALIN,18.237376447532924,2.3100145871025863,-3172.096288492743,-1.2461898000883025,0.14468267179452446,SE,3635,0.0003883737415940604,0.011182987108728927,0.0044100284576416016,6376.986034545356,-3704.829111371101,532.7328228783581,0.0,0.0
1814,0.08079149050515488,4,PGAM1,18.237376447532924,9.151840988111815,-3191.174605261299,-7.946248496955635,0.15380833341031847,SE,3635,8.60576863467845e-05,0.013194301677659075,0.0043561458587646484,6415.142668082468,-3353.890864270985,162.71625900968593,0.0,0.0
1815,0.0056194052358027385,4,GOLGA7B,18.237376447532924,142.3384848891318,-3068.648881091882,-3.2965861591290655,0.01631189150818017,SE,3635,5.678179366474095e-06,0.13327676810457967,0.012679576873779297,6170.091219743634,-3074.80053146026,6.151650368378341,0.013128952966447227,0.010093948254723066
1816,0.04122588150061994,4,GOT1,18.237376447532924,18.70709714002071,-3766.834754390716,-7.597340755595277,0.12554390175443678,SE,3635,7.02801339838833e-05,0.0354280760324111,0.004328250885009766,7566.4629663413025,-3840.4844303963964,73.64967600568025,0.0,0.0
1817,0.006316302576324466,4,BLOC1S2,18.237376447532924,126.54508691876794,-3142.5312102030493,-3.5016943207813966,0.01892887733951872,SE,3635,9.036124139240331e-06,0.16835918033581407,0.0096435546875,6317.855877965969,-3147.8016728612984,5.270462658249016,0.02169024712623091,0.016025942662284336
1818,0.00921544746252848,4,MRPL43,18.237376447532924,86.48142742076531,-3197.391323538737,-2.914239890246108,0.016111609980694695,SE,3635,1.4910510479419603e-05,0.1320834216621747,0.009759187698364258,6427.5761046373445,-3206.374607173065,8.983283634328018,0.00272460589445922,0.0023483878188804647
1820,0.07066673843205583,4,PSD,18.237376447532924,10.578314723332966,-3794.6561243098927,-6.067678095300666,0.11166123818813345,SE,3635,0.00010288735909667855,0.019824954336496822,0.003751039505004883,7622.1057061796555,-3893.708465148254,99.05234083836149,0.0,0.0
1821,0.01117248578342013,4,FBXL15,18.237376447532924,71.19193241455322,-3454.503219439931,-4.03081646449681,0.029597547714605533,SE,3635,1.4362452583279561e-05,0.0872617837088301,0.009744644165039062,6941.799896439732,-3466.139851131523,11.636631691591901,0.000646655928170814,0.0006021080677526297
1825,0.04623040617929951,4,INA,18.237376447532924,16.594944864420825,-3848.603843522969,-7.318366216809779,0.12369488126395453,SE,3635,5.2112905630056094e-05,0.02131138900427493,0.00502467155456543,7730.001144605808,-3950.5466019725554,101.94275844958656,0.0,0.0
1826,0.07672624990575591,4,ATP5MD,18.237376447532924,9.67935829395786,-3228.7296212388005,-8.490190097379962,0.16859125202261166,SE,3635,0.00023364240401362767,0.03909882305646569,0.004461765289306641,6490.252700037471,-3309.616745751131,80.8871245123305,0.0,0.0
1827,0.023670957560653953,4,ADD3,18.237376447532924,33.17725352489275,-3400.677983185262,-2.1305950307059796,0.018845137141070556,SE,3635,2.1531407785629968e-05,0.03067312137179551,0.003883838653564453,6834.149423930394,-3445.3443564743156,44.66637328905381,2.3363533330211794e-11,4.306208081413659e-11
1828,0.00750025232852716,4,SHOC2,18.237376447532924,106.44238096494524,-3158.5439678849543,-3.439663162030791,0.01945300982893144,SE,3635,1.4129284074189547e-05,0.18761941835771342,0.011298894882202148,6349.881393329779,-3164.1997427665556,5.655774881601246,0.01739798572247464,0.013121187764605826
1830,0.09461351789683059,4,SHTN1,18.237376447532924,7.697343457531377,-3514.276054989928,-2.6651554922082745,0.06510450794860205,SE,3635,0.00011906053150812015,0.014035991509952191,0.004354953765869141,7061.345567539726,-3701.17581262028,186.89975763035181,0.0,0.0
1832,0.030142074278045456,4,INPP5F,18.237376447532924,25.881833169600288,-3848.751712894606,-6.306841923373719,0.08598462528632482,SE,3635,3.2853142032661333e-05,0.02963062882649529,0.003911495208740234,7730.296883349082,-3901.730756389552,52.97904349494593,3.3717473257866004e-13,7.088332446255923e-13
1833,0.1266245985271486,4,FGFR2,18.237376447532924,5.54808267965975,-3251.4634062014643,-1.853648750323173,0.06859135641404841,SE,3635,0.00013852030359445553,0.010289152224217994,0.0043888092041015625,6535.720269962799,-3547.405391196904,295.9419849954397,0.0,0.0
1834,0.03361811527815293,4,HTRA1,18.237376447532924,23.122536209233253,-3940.056924512091,-4.620219538830066,0.05847745056361126,SE,3635,3.615685207715189e-05,0.026585419546656684,0.004391193389892578,7912.907306584052,-4004.5305199700297,64.4735954579387,9.992007221626409e-16,2.3794321300091856e-15
1835,0.011236496720031294,4,OAT,18.237376447532924,70.78179112575812,-3711.832531010732,-5.981804667804576,0.05952350730987551,SE,3635,3.050433786246461e-05,0.18327760754686057,0.011015176773071289,7456.458519581334,-3719.775174778964,7.9426437682318465,0.004828324334505529,0.003995258870104095
1836,0.23119620028309862,4,LHPP,18.237376447532924,2.6748219530785704,-3523.153689681306,-2.0074747960249146,0.15656491072656423,SE,3635,0.00035036428951523886,0.011429492742372331,0.0043773651123046875,7079.100836922482,-3936.122015298844,412.9683256175381,0.0,0.0
1838,0.06001108826503377,4,CALY,18.237376447532924,12.599441026493169,-3737.886763716349,-7.600733530015951,0.14050326734171106,SE,3635,7.566546969563776e-05,0.019391735134104453,0.004506826400756836,7508.566984992568,-3854.527027321059,116.64026360471007,0.0,0.0
1840,0.03163749850330006,4,WNK1,18.237376447532924,24.62044373680611,-3515.277841314216,-2.915830513630077,0.03076249142753572,SE,3635,2.7939614902456967e-05,0.023011697808214243,0.0038399696350097656,7063.349140188302,-3584.2982278791405,69.02038656492459,1.1102230246251565e-16,2.823732731474879e-16
1841,0.0072210849284747814,4,FKBP4,18.237376447532924,110.58854446967501,-3686.0485684835567,-4.013996795517869,0.026086924618881877,SE,3635,9.248389031047653e-06,0.13233320410219115,0.009821653366088867,7404.8905945269835,-3694.3678865813845,8.319318097827818,0.003922564272082818,0.0033171790884421303
1842,0.021394177118517148,4,CCND2,18.237376447532924,36.79359796544131,-3750.339635960945,-5.8548900943327835,0.06823708016822301,SE,3635,3.0535853969604834e-05,0.05276059232955461,0.0038046836853027344,7533.47272948176,-3779.068387419801,28.728751458856095,8.325842393297478e-08,1.1596317280331517e-07
1844,0.0108196016005693,4,GALNT8,18.237376447532924,73.54011121255894,-3313.4758751029594,-4.167865418229113,0.03055982172783335,SE,3635,1.0025453075084935e-05,0.06485520733865,0.009162425994873047,6659.745207765789,-3328.785941508809,15.310066405849739,9.122907016556603e-05,9.48566979380622e-05
1845,0.005219155547002899,4,MRPL51,18.237376447532924,153.315909437984,-3655.831609983121,-3.9436532726563795,0.022660654136512266,SE,3635,7.2701900514696864e-06,0.1974924263945357,0.009812355041503906,7344.456677526112,-3660.4373115637063,4.605701580585446,0.031865812100227986,0.022660677449710467
1846,0.006187308993799713,4,CHD4,18.237376447532924,129.20008017947734,-3157.3787432620666,-2.5366660389601488,0.011095876421684626,SE,3635,9.090942510015568e-06,0.1764223697377754,0.010499954223632812,6347.550944084003,-3163.3666112964247,5.987868034358144,0.014404601804529515,0.011005529229623503
1848,0.018162035328448956,4,PTMS,18.237376447532924,43.48458751259233,-3801.203053718972,-6.109199304509179,0.07033512494085986,SE,3635,9.422153650764094e-05,0.22293567920862423,0.006558656692504883,7635.199564997814,-3811.0798288485944,9.876775129622274,0.0016737803827063802,0.001488430551226007
1849,0.03327831237351397,4,GPR162,18.237376447532924,23.366852530678504,-3543.5633484066407,-4.750200316262783,0.056047012238110865,SE,3635,5.5359534040802746e-05,0.04148347400842061,0.0038063526153564453,7119.9201543731515,-3579.8563275153283,36.29297910868763,1.6977437233833825e-09,2.7096524432302455e-09
1850,0.08502823780126137,4,TPI1,18.237376447532924,8.655747173674241,-2815.0021319094753,-7.506634697591246,0.13649793396500054,SE,3635,0.00019943216889610322,0.02806011577409347,0.004411458969116211,5662.797721378821,-2948.802478199722,133.80034629024658,0.0,0.0
1851,0.11540281074062676,4,ENO2,18.237376447532924,6.165796948719012,-3392.3952018964937,-8.44224114671688,0.1965947052558613,SE,3635,0.0001773396418403867,0.015205209138012625,0.0044209957122802734,6817.583861352858,-3584.0909813976227,191.69577950112898,0.0,0.0
1853,0.005594080958968902,4,C12orf57,18.237376447532924,142.98648936151875,-3864.8617912850877,-5.507763130548818,0.042722469978871414,SE,3635,1.0009024706349695e-05,0.2370362205367401,0.008219718933105469,7762.517040130046,-3870.2748322793777,5.413040994289986,0.019986868691734272,0.014890046141028254
1854,0.006192280448149735,4,SLC2A3,18.237376447532924,129.09570647849327,-3097.323252816219,-3.7181050667437114,0.020815422288118925,SE,3635,8.51000914300711e-06,0.16488687565046473,0.009860038757324219,6227.439963192308,-3102.579114351737,5.2558615355183065,0.021872970140866643,0.01613436792687532
1855,0.01797502789467949,4,A2M,18.237376447532924,43.945358187715954,-3773.0178373538884,-3.1857834460687733,0.02670446698856253,SE,3635,4.087470756443171e-05,0.09866013000679326,0.010357141494750977,7578.829132267647,-3789.371180186572,16.353342832683666,5.256336768788561e-05,5.6441837174831836e-05
1856,0.007021634483315721,4,CDKN1B,18.237376447532924,113.75267498336544,-3321.8693550853986,-3.515765866718828,0.020029314968519528,SE,3635,1.3094803846224172e-05,0.198002944263877,0.011083364486694336,6676.532167730667,-3326.199276310058,4.3299212246593015,0.03744797889318552,0.026092466815081483
1858,0.11417919834847282,4,LDHB,18.237376447532924,6.240493498199014,-3263.5857997920725,-7.974725242654498,0.17702335860584312,SE,3635,0.00028998465487265396,0.025282428141315698,0.0043675899505615234,6559.965057144015,-3399.2140539441853,135.62825415211273,0.0,0.0
1859,0.00824949681110558,4,KLHL42,18.237376447532924,96.70190295969756,-3050.455536164778,-3.4244756736478954,0.01972965457364567,SE,3635,1.387323282043643e-05,0.15274885240475128,0.012152671813964844,6133.704529889426,-3056.1707221313172,5.7151859665391385,0.016818782933874288,0.012720015709609052
1860,0.005690077347726119,4,DNM1L,18.237376447532924,140.56061654194048,-3565.2391669277604,-4.845757400838748,0.033494169509008596,SE,3635,1.1602434146103184e-05,0.26568441233880746,0.009942054748535156,7163.271791415391,-3568.9450681914573,3.7059012636968873,0.0542203819131466,0.03641819505865911
1861,0.007006506423407534,4,ZCRB1,18.237376447532924,114.00002021534767,-3314.456039821027,-2.99363225567305,0.015373006153594897,SE,3635,1.3099992061549845e-05,0.19892523119996167,0.010842323303222656,6661.705537201924,-3319.6542969853426,5.198257164315692,0.022609546333804964,0.016586759479543647
1862,0.07389209453608898,4,NELL2,18.237376447532924,10.08146540696873,-3825.9324441419444,-7.70816343250114,0.15656017107288817,SE,3635,0.00012214841320798897,0.021798079520061738,0.004331827163696289,7684.658345843759,-3927.9056276392566,101.97318349731222,0.0,0.0
1863,0.008111953514497077,4,SLC38A1,18.237376447532924,98.35518354927746,-3480.917649054547,-3.6900912966493045,0.023120991008473164,SE,3635,1.575460594412144e-05,0.1792936299195081,0.010501861572265625,6994.628755668964,-3487.7949245899763,6.877275535429362,0.008729853632652773,0.006905127131808085
1864,0.0702716670446574,4,SLC48A1,18.237376447532924,10.642308880545995,-3569.8277522601115,-3.0753395107438695,0.05602680013298466,SE,3635,0.00011471010913019023,0.022317901559719196,0.004370927810668945,7172.448962080093,-3688.278904430955,118.45115217084367,0.0,0.0
1865,0.02075974713824802,4,CACNB3,18.237376447532924,37.94261403165803,-3302.63112137618,-4.150475423896203,0.03736260879289025,SE,3635,3.0362821117282033e-05,0.05557316142047491,0.011224031448364258,6638.05570031223,-3323.656831884521,21.025710508341035,4.531613060243522e-06,5.453559382956915e-06
1866,0.19482447763964583,4,TUBA1A,18.237376447532924,3.324352690796259,-2661.53236520011,-6.632754081968668,0.161965367150535,SE,3635,0.00020717092755376642,0.008350122103325157,0.004950046539306641,5355.85818796009,-3184.021947896108,522.4895826959983,0.0,0.0
1867,0.017725644715090534,4,KCNH3,18.237376447532924,44.57494495952236,-3312.211538071001,-3.830404309345465,0.031387637306210754,SE,3635,2.6324747750114805e-05,0.0652744354546757,0.011684894561767578,6657.216533701872,-3329.5103550897666,17.298817018765476,3.193856233174586e-05,3.4823244622796434e-05
1868,0.010704910672674086,4,COX14,18.237376447532924,74.33662775379291,-3723.672220567775,-4.408151210068911,0.0347278854908319,SE,3635,2.0350543600832452e-05,0.1344212517471141,0.010315656661987305,7480.1378986954205,-3732.6284970771976,8.956276509422423,0.0027651790406034715,0.0023818327203428812
1869,0.033777503976486066,4,DAZAP2,18.237376447532924,23.009630303751553,-3804.280048711595,-3.7644363653030632,0.04471786113442848,SE,3635,4.286017093552029e-05,0.03123756258452733,0.003738880157470703,7641.35355498306,-3859.5528752772634,55.27282656566831,1.0491607582707729e-13,2.269450339434002e-13
1872,0.028631786092184856,4,PFDN5,18.237376447532924,27.289494883410185,-3666.8542306611707,-5.307789691011949,0.06342741682871453,SE,3635,3.438563199885477e-05,0.034161585242978326,0.004374265670776367,7366.501918882212,-3707.6660334776952,40.811802816524505,1.676176974996224e-10,2.917490206979198e-10
1873,0.013070978602061361,4,C12orf10,18.237376447532924,60.73483643262593,-3129.096253746163,-3.2805179617832465,0.021740808535352183,SE,3635,3.9472145734323356e-05,0.17658918564720075,0.009360551834106445,6290.985965052196,-3139.7577025973487,10.661448851185924,0.0010939167101564617,0.0009904543809076004
1874,0.0050133308537601675,4,MAP3K12,18.237376447532924,159.64339145715394,-3409.5595578496323,-4.275325671522968,0.02544492608975722,SE,3635,8.086150180710438e-06,0.2378610865717031,0.011080265045166016,6851.912573259135,-3413.7271728992714,4.167615049639153,0.04120376099997247,0.02844422140956167
1875,0.02170256505082596,4,HNRNPA1,18.237376447532924,36.259340288375,-3831.7720739542874,-5.935123101211412,0.07063775476733233,SE,3635,3.209617008461784e-05,0.053959482710037796,0.009961128234863281,7696.337605468445,-3851.4423937293386,19.67031977505121,9.201955392668104e-06,1.0700788859235324e-05
1876,0.02230854435375242,4,PDE1B,18.237376447532924,35.25255805885381,-3201.4180756705246,-3.528003893399435,0.02995503467319881,SE,3635,2.2413647709791187e-05,0.03575024448883251,0.004450321197509766,6435.629608900919,-3234.329553029149,32.911477358624325,9.645214849030026e-09,1.4403105616551752e-08
1877,0.014503310017768726,4,BLOC1S1,18.237376447532924,54.65728933018545,-3830.1080854165184,-5.3036853058557565,0.05223940741170078,SE,3635,1.482861141827251e-05,0.054201613652624867,0.010905027389526367,7693.009628392907,-3846.2143080814335,16.106222664915094,5.9886936606967645e-05,6.379663584417485e-05
1879,0.007653293315783291,4,MYL6B,18.237376447532924,104.29779442464094,-3875.800060902271,-4.935364256401514,0.038490520118615784,SE,3635,7.9441876191291e-06,0.10137646451995988,0.012230634689331055,7784.393579364412,-3884.275978594418,8.47591769214705,0.0035987878921428518,0.003062622092100179
1880,0.007843090069421353,4,CS,18.237376447532924,101.75440261059445,-3551.8818864495242,-4.689716866986018,0.034688939409758625,SE,3635,1.0896810318199478e-05,0.13251050801533845,0.010940313339233398,7136.557230458919,-3559.565188152051,7.683301702526933,0.005573410431814141,0.004564072062792525
1881,0.07517929968547636,4,ATP5F1B,18.237376447532924,9.895080146291885,-3083.6997921063307,-8.513537052269838,0.16569114819427966,SE,3635,0.0001406124603062828,0.024362566693996023,0.004377841949462891,6200.193041772532,-3201.944645732466,118.24485362613541,0.0,0.0
1882,0.027981897177939287,4,NACA,18.237376447532924,27.94198446507584,-3557.173008387849,-5.988223636350462,0.07493325985320362,SE,3635,3.054824747796158e-05,0.03169182943643596,0.0038170814514160156,7147.139474335569,-3607.657877824584,50.4848694367347,1.2008172234345693e-12,2.4368702738011286e-12
1883,0.004037656081389306,4,R3HDM2,18.237376447532924,198.41460860512018,-3152.68633525513,-3.501220386193211,0.016269659462586614,SE,3635,6.526066701077931e-06,0.2947597436432975,0.011281967163085938,6338.16612807013,-3156.4360668070995,3.7497315519694894,0.052815993243305104,0.035619808612481915
1884,0.055240725386464615,4,KIF5A,18.237376447532924,13.756939938458359,-3697.7846710249,-7.45964446748467,0.13218967536342563,SE,3635,9.905060125889937e-05,0.029401087754152077,0.004412412643432617,7428.36279960967,-3767.0278590995213,69.24318807462123,1.1102230246251565e-16,2.823732731474879e-16
1885,0.00852498872612006,4,DTX3,18.237376447532924,93.55090852883767,-3496.6520426077695,-4.368261171478762,0.03128364186772022,SE,3635,1.0857707596022635e-05,0.11207281660677698,0.009790420532226562,7026.097542775409,-3504.465718840602,7.813676232832677,0.0051852315597396,0.0042695797865887454
1887,0.02093618829468907,4,AGAP2,18.237376447532924,37.61607111263882,-3449.9842748388564,-3.417046404303136,0.029263541201415482,SE,3635,5.8455811449741285e-05,0.10527182211748368,0.008229732513427734,6932.762007237583,-3465.766909917106,15.782635078249768,7.105164208776049e-05,7.522878203162662e-05
1889,0.018596709117440664,4,KCNMB4,18.237376447532924,42.44939078932166,-3584.9959695665348,-4.216026285301822,0.03827175908786549,SE,3635,1.662241096147295e-05,0.03757961169067417,0.009874343872070312,7202.78539669294,-3609.9004993123044,24.90452974576965,6.024071264043585e-07,7.892029273952825e-07
1890,0.007275806291087493,4,RAB21,18.237376447532924,109.75075794190046,-3180.2258361197273,-3.0415385117696454,0.01575346150633619,SE,3635,1.1938040637649877e-05,0.16829716514215193,0.012489795684814453,6393.245129799325,-3185.651704425798,5.425868306070697,0.019840566984600017,0.014805646718705203
1891,0.010329788169947778,4,ATXN7L3B,18.237376447532924,77.06534605651963,-3737.2646679863637,-5.409563726470615,0.048793905888678955,SE,3635,1.823785327184977e-05,0.1291745707991522,0.008651018142700195,7507.322793532598,-3745.2543086461114,7.9896406597476926,0.004704575151071477,0.0039052347655935808
1892,0.0573007616555015,4,NUDT4,18.237376447532924,13.233441791134787,-3894.0757643714983,-7.66320057479703,0.14314748294910234,SE,3635,9.022831618624413e-05,0.02509422693751327,0.004341602325439453,7820.944986302867,-3987.719292685124,93.64352831362567,0.0,0.0
1893,0.008720858908402684,4,UBE2N,18.237376447532924,91.43169214003575,-3717.394382118231,-5.059036218758163,0.041321051757163586,SE,3635,7.729425843800222e-06,0.076300964604957,0.00820302963256836,7467.582221796332,-3729.9864027508506,12.592020632619551,0.00038739709586843585,0.0003712430082137304
1894,0.005890984118909004,4,NDUFA12,18.237376447532924,135.7394892075995,-3841.671214281936,-6.269334870202914,0.05509450143272317,SE,3635,5.6654481610491284e-06,0.12113609592355049,0.00935816764831543,7716.135886123742,-3849.6898991794815,8.018684897545427,0.004629717675279199,0.003851126863190021
1895,0.014173746781084217,4,ANKS1B,18.237376447532924,55.94686553030838,-3656.052978564414,-4.372757271443182,0.03723260515872259,SE,3635,1.2432005898217868e-05,0.04751492021158581,0.009824275970458984,7344.899414688698,-3675.3126926808072,19.259714116393297,1.1408840288829047e-05,1.301957254026293e-05
1896,0.00795131326093206,4,GNPTAB,18.237376447532924,100.35850256691259,-3055.9265705097005,-3.2022371529689693,0.0174470326354997,SE,3635,3.059463969727424e-05,0.3621490396993719,0.012563705444335938,6144.646598579271,-3060.1141832945455,4.187612784844987,0.040720399140061314,0.028168352758724355
1897,0.014174626538780863,4,ISCU,18.237376447532924,55.94334322635666,-3769.896348977919,-6.4059504978980275,0.0715021145921321,SE,3635,1.4222344473232422e-05,0.054351013687243224,0.008768081665039062,7572.586155515708,-3793.092509753881,23.1961607759622,1.4628909054126282e-06,1.8498620471724967e-06
1898,0.007207474766883696,4,C12orf76,18.237376447532924,110.79889216017312,-3576.6195922604857,-3.9812466251321044,0.025478446058025205,SE,3635,8.911543927555081e-06,0.1279881818959147,0.010210037231445312,7186.0326420808415,-3584.284038444832,7.664446184346161,0.0056319544817649,0.004603607993489481
1899,0.010727645185823583,4,ARPC3,18.237376447532924,74.17738552046563,-3811.7514371681273,-5.353012424682689,0.04865704574093969,SE,3635,1.3140172509502405e-05,0.08643526976021937,0.012959718704223633,7656.296331896125,-3821.393516356651,9.642079188523894,0.0019016985078167403,0.0016745084433417278
1901,0.008681811659693485,4,ALDH2,18.237376447532924,91.8465323717982,-3825.573660850152,-4.590151689052042,0.03514098667099503,SE,3635,1.9369222790811516e-05,0.1928957740810113,0.011920928955078125,7683.940779260174,-3833.0389569335,7.465296083347766,0.006289968548412461,0.005091977601821707
1904,0.017738110891458454,4,RPL6,18.237376447532924,44.54305280122895,-3212.1282340085454,-6.104273596567195,0.06687388880950337,SE,3635,1.3223932329924359e-05,0.0327454550618101,0.0045795440673828125,6457.049925576961,-3248.3154945655883,36.18726055704292,1.7923843520506466e-09,2.847192058640075e-09
1905,0.042589319441800715,4,WSB2,18.237376447532924,18.08246435638943,-3829.9235137017236,-7.38438687302606,0.12201034981475155,SE,3635,6.90372912822097e-05,0.032787065299491845,0.0043370723724365234,7692.640484963317,-3905.204124757365,75.28061105564166,0.0,0.0
1908,0.01612032202391633,4,CIT,18.237376447532924,49.09398970009955,-3103.6965988601223,-3.3680540345985466,0.02433333031663802,SE,3635,1.7024709846763663e-05,0.05070603298095203,0.009405374526977539,6240.186655280115,-3126.726706799229,23.03010793910653,1.5948410329036378e-06,2.011046032800021e-06
1909,0.03581129603730834,4,COX6A1,18.237376447532924,21.65718719559749,-2252.0619320204005,-6.733999528036274,0.08744026132723967,SE,3635,6.618433364324552e-05,0.043265932649994794,0.003788471221923828,4536.917321600671,-2298.5062445604744,46.44431254007395,9.425904501370042e-12,1.7963351354658338e-11
1911,0.008300942221903496,4,DYNLL1,18.237376447532924,96.09760400995386,-2801.540863137985,-7.426890174145857,0.08054155157008958,SE,3635,2.04019973568564e-05,0.2219041744358124,0.008203983306884766,5635.87518383584,-2809.036801886299,7.4959387483140745,0.006183828799626978,0.005012084678777617
1912,0.15314452972477913,4,CABP1,18.237376447532924,4.448031545737218,-3626.2828573629686,-8.222231539019704,0.22693591025132398,SE,3635,0.0004138058825929911,0.023185669888654833,0.00435948371887207,7285.359172285807,-3853.9522189101663,227.6693615471977,0.0,0.0
1913,0.025251810131983632,4,CAMKK2,18.237376447532924,31.049883292780816,-3793.5000921624487,-5.923033121319492,0.07332149571098583,SE,3635,1.6002482709476245e-05,0.020160889957750693,0.004066944122314453,7619.793641884768,-3855.844292545192,62.34420038274311,2.886579864025407e-15,6.73095667048622e-15
1914,0.014358943222166872,4,ANAPC5,18.237376447532924,55.21490858053538,-3354.612311110779,-3.631533157372942,0.027029087101586774,SE,3635,1.918534368085994e-05,0.07150116721326819,0.00923466682434082,6742.018079781428,-3370.0722401338244,15.459929023045333,8.427304817959502e-05,8.865156935807732e-05
1915,0.007128861989032079,4,ARL6IP4,18.237376447532924,112.02958551327792,-3838.643502197783,-4.682791482620966,0.034273462989477615,SE,3635,1.7768519154114124e-05,0.2607670313202201,0.007689237594604492,7710.0804619554365,-3843.0046841694257,4.361181971642509,0.03676678682926593,0.025724410016221617
1917,0.011598892405921777,4,CCDC92,18.237376447532924,68.54515353461993,-3613.5754492852784,-5.2411414919345525,0.04724122980187331,SE,3635,2.0387505989194266e-05,0.115130177502699,0.009315967559814453,7259.944356130427,-3621.8467699073963,8.271320622117855,0.004027619963465123,0.0033953506185511414
1920,0.01988572578156311,4,TMEM132B,18.237376447532924,39.64562948596086,-3208.901108699577,-3.898852349912436,0.03308856065831984,SE,3635,2.085624346999848e-05,0.041454441329632156,0.00894474983215332,6450.595674959024,-3235.1875106303296,26.286401930752618,2.943539153532626e-07,3.9564416921517463e-07
1921,0.007558510081253865,4,GALNT9,18.237376447532924,105.6157689629905,-3082.147092178251,-3.7271753088379214,0.02222381008633559,SE,3635,1.1635882203684684e-05,0.15217418498127094,0.01076650619506836,6197.087641916372,-3089.3003587427584,7.153266564507248,0.0074827578352831825,0.005989119894120984
1924,0.0049159867444372295,4,MRPL57,18.237376447532924,162.82050441502975,-3616.1392028164755,-3.8598888871902752,0.021323998878799363,SE,3635,6.752576508887889e-06,0.20649380275733573,0.010920286178588867,7265.071863192821,-3620.5503648793792,4.411162062903713,0.03570451089036408,0.025059361747872554
1925,0.08559166259995574,4,RPL21,18.237376447532924,8.593473947289253,-3052.602667538946,-4.835737528066189,0.07963362429638421,SE,3635,0.00014464705270141547,0.02012837461662396,0.004221439361572266,6137.998792637763,-3192.671532250852,140.06886471190592,0.0,0.0
1928,0.012156084900298385,4,HMGB1,18.237376447532924,65.36641312286316,-3811.9160079161193,-6.042993272960405,0.062219094183649105,SE,3635,1.1764356161657651e-05,0.06062270907406814,0.008642196655273438,7656.625473392109,-3826.1663230177383,14.25031510161898,0.0001600340125257338,0.0001617299476872367
1929,0.02610121949901764,4,HSPH1,18.237376447532924,30.013253272017796,-3845.7038157298484,-6.8996821259134835,0.0953883242437387,SE,3635,4.600573970536066e-05,0.05443711587699199,0.0037314891815185547,7724.201089019567,-3875.246727379649,29.54291164980077,5.4692304463088703e-08,7.745895751710172e-08
1930,0.01261964517339673,4,NBEA,18.237376447532924,62.93574653378567,-3212.8306346398476,-3.91480678413118,0.02861982116435029,SE,3635,1.291954417730024e-05,0.06189222977729229,0.011697530746459961,6458.454726839565,-3230.2567988227274,17.426164182879802,2.986861666620655e-05,3.261920946427516e-05
1931,0.1358971512399365,4,DCLK1,18.237376447532924,5.114640744570624,-3825.305423014839,-8.075709617300207,0.21841171246163216,SE,3635,0.00024562815302737513,0.01639726403449831,0.00454401969909668,7683.404303589548,-3991.6313008220877,166.32587780724862,0.0,0.0
1933,0.0886948238456251,4,RGCC,18.237376447532924,8.26467179265736,-3243.196867279273,-2.2894404576359935,0.051340422133829326,SE,3635,0.00013010959079640507,0.017062890291769175,0.00439453125,6519.1871921184165,-3385.719882875256,142.523015595983,0.0,0.0
1934,0.008355205665086445,4,AKAP11,18.237376447532924,95.46826759473956,-3646.3168129438072,-4.982282443965067,0.039552993815996085,SE,3635,1.7985080126839054e-05,0.19312703672327686,0.008240938186645508,7325.427083447485,-3653.816738525614,7.499925581806565,0.006170154275469963,0.005004015742065619
1935,0.015601134788082163,4,SERP2,18.237376447532924,50.754548103182856,-3536.660679562732,-4.60660219020167,0.04116810045727839,SE,3635,1.661765574807844e-05,0.05273028546831168,0.008264541625976562,7106.1148166853345,-3563.6802542034256,27.019574640693463,2.0140550627267828e-07,2.7316729223200505e-07
1936,0.07167637701703031,4,TPT1,18.237376447532924,10.417977301129634,-2667.845348797829,-5.412088847276041,0.07792507739125865,SE,3635,7.929252882414718e-05,0.014909628255420873,0.0043871402740478516,5368.484155155528,-2798.372962094005,130.5276132961758,0.0,0.0
1937,0.018182546844717568,4,SUCLA2,18.237376447532924,43.434625654152,-3581.9523971372328,-5.200149165013362,0.05272894053603102,SE,3635,2.3177715704335873e-05,0.05472125764915585,0.009436368942260742,7196.698251834336,-3604.437555547147,22.48515840991422,2.117735312001656e-06,2.6456050154152543e-06
1939,0.18527493593505193,4,SLAIN1,18.237376447532924,3.5371579650204334,-3237.661856825695,-2.030807129889502,0.1043245141554178,SE,3635,0.00033674394662080244,0.014497445971824766,0.004403114318847656,6508.11717121126,-3562.8471447659485,325.1852879402536,0.0,0.0
1940,0.017100478862551526,4,NDFIP2,18.237376447532924,46.23393961098725,-3787.282769413059,-5.2133722803269995,0.053096561332344555,SE,3635,3.996385182275064e-05,0.10619945178180135,0.010991334915161133,7607.358996385989,-3802.4084640878755,15.125694674816259,0.00010058490424313948,0.00010386217699005544
1941,0.07561490732908065,4,HS6ST3,18.237376447532924,9.833441961343198,-3025.6982673908265,-3.863108443734817,0.05857784845770279,SE,3635,0.0001391573460907598,0.023873754327078577,0.004389762878417969,6084.189992341523,-3144.30761530904,118.60934791821364,0.0,0.0
1942,0.012014558725081543,4,MBNL2,18.237376447532924,66.14587570304212,-3771.3745710157464,-4.636538592078388,0.039307021320123196,SE,3635,1.8175307377836893e-05,0.09582254117873917,0.011974811553955078,7575.542599591363,-3783.052071519962,11.677500504215459,0.0006326046207681957,0.000589841138245404
1943,0.006010064964820532,4,RAP2A,18.237376447532924,133.03406767276903,-3612.3435032401085,-4.698043984457344,0.0322723587960872,SE,3635,1.7091975411702265e-05,0.3512879744695939,0.011452913284301758,7257.480464040087,-3616.048695402372,3.7051921622633017,0.05424342512655955,0.03641819505865911
1945,0.004840806258148517,4,STK24,18.237376447532924,165.36169229866547,-3094.8113002190967,-3.296564365704482,0.015526228201876522,SE,3635,7.130767278546359e-06,0.22481448366378556,0.010964155197143555,6222.4160579980635,-3098.7422677363265,3.930967517229874,0.04740466383386299,0.032359624774741594
1947,0.0067702254451141065,4,IRS2,18.237376447532924,118.00669557408924,-3257.513762844277,-3.9286942570868186,0.023835441731876787,SE,3635,5.702076997610427e-06,0.0926453930060936,0.009738683700561523,6547.820983248424,-3266.358445576178,8.844682731900775,0.002939439909318664,0.002523856277653666
1948,0.00787036540043383,4,MCF2L,18.237376447532924,101.39897760294923,-3281.5350791892834,-3.8410243596582494,0.02406804599811274,SE,3635,1.1493018452074629e-05,0.13880932382652367,0.008226871490478516,6595.863615938437,-3288.5099219806475,6.9748427913641535,0.008266348431014037,0.006565523064237832
1949,0.04259129521983737,4,LAMP1,18.237376447532924,18.081588210040124,-3816.6783110384235,-4.160923751796536,0.05651852018409589,SE,3635,3.625259762577993e-05,0.017215556435766655,0.0038018226623535156,7666.150079636717,-3911.041917092942,94.36360605451864,0.0,0.0
1950,0.008728362194714945,4,GAS6,18.237376447532924,91.35240193354831,-3064.1538206338664,-3.079395325401631,0.016928702816799267,SE,3635,9.582472759440188e-06,0.0944336667973019,0.011468887329101562,6161.101098827603,-3072.613675697965,8.45985506409852,0.0036307078629600475,0.0030858827526450768
1952,0.3454538745337479,4,RNASE1,18.237376447532924,1.5240886834963103,-3862.3600597600253,-2.4302384751222244,0.32473346772690015,SE,3635,0.00035030296953573315,0.00769687533194086,0.0038444995880126953,7757.513577079921,-4529.525000027035,667.16494026701,0.0,0.0
1953,0.008756089811254985,4,NDRG2,18.237376447532924,91.06057214379496,-3473.642277216053,-5.44541083646207,0.046523222635451986,SE,3635,1.767847113723507e-05,0.1731365767072418,0.00711369514465332,6980.078011991976,-3481.6114464837974,7.969169267744292,0.004758077010408424,0.0039468411475195985
1954,0.06790865354009644,4,SLC22A17,18.237376447532924,11.040618575770946,-3288.7963393227715,-7.8614259616431825,0.14510510719019554,SE,3635,0.00012641590083399404,0.026095341823394277,0.004445552825927734,6610.386136205413,-3398.0132537246263,109.21691440185486,0.0,0.0
1955,0.007900790657530146,4,NEDD8,18.237376447532924,101.00540137778869,-3708.5279641019915,-6.756290442258909,0.06813702617892317,SE,3635,1.0242671758174997e-05,0.12277250665455901,0.010962963104248047,7449.849385763853,-3717.8262555480587,9.298291446067196,0.0022936767069821062,0.001998729113479462
1957,0.012146164498810967,4,FOXG1,18.237376447532924,65.42045823416402,-3428.027181913638,-4.296350004643493,0.03364679521324002,SE,3635,1.192605643479113e-05,0.06155387964512696,0.008818626403808594,6888.847821387146,-3443.850524562322,15.823342648684047,6.953930453346135e-05,7.378704524628823e-05
1960,0.005116304579585222,4,AKAP6,18.237376447532924,156.41412620549394,-3425.1240379107585,-3.922144973993959,0.021960850352987202,SE,3635,6.331654042020043e-06,0.17890573507573856,0.011536121368408203,6883.041533381387,-3429.6529793767604,4.528941466001925,0.033326225404765486,0.02358701812397921
1961,0.09406492988226701,4,CFL2,18.237376447532924,7.746925617050693,-3274.6247161834226,-2.54795196797867,0.057269473191134936,SE,3635,0.00014769226244765827,0.01757816577775914,0.0044443607330322266,6582.042889926715,-3440.853622489244,166.2289063058215,0.0,0.0
1962,0.016115904386114228,4,RPL36AL,18.237376447532924,49.10766767367382,-3840.5778513861333,-5.114615904542159,0.05084384925677847,SE,3635,1.7383222393116976e-05,0.051801269004885166,0.008247137069702148,7713.949160332137,-3864.6007859220663,24.022934535933018,9.519500624444177e-07,1.222142689467157e-06
1963,0.004263352582809567,4,KLHDC2,18.237376447532924,187.86820706691685,-3411.5929127687996,-4.198952708862418,0.02335121893586823,SE,3635,6.986663741769777e-06,0.28330205306616685,0.012554407119750977,6855.979283097469,-3414.777647081683,3.1847343128833927,0.07432907963508584,0.04842924845253228
1964,0.01506719487937546,4,ATL1,18.237376447532924,52.581654501182946,-3780.89651406166,-6.408326744510731,0.07269008758108932,SE,3635,5.3834268307209065e-05,0.18274493268720465,0.0065534114837646484,7594.58648568319,-3792.843186349655,11.946672287994716,0.0005474507146528973,0.000516166820211689
1965,0.008105974022826243,4,TRIM9,18.237376447532924,98.42833006679821,-3533.671849918617,-4.8080902467733315,0.03655788057727077,SE,3635,1.0629313285453267e-05,0.12114131281690498,0.008280515670776367,7100.137157397105,-3543.184952467608,9.5131025489909,0.0020400994281102314,0.0017881830936352639
1967,0.008748526727450384,4,GMFB,18.237376447532924,91.13998920868039,-3568.866940989541,-4.338534374795092,0.03133641824965144,SE,3635,1.6178615852617082e-05,0.15871664790449871,0.009754657745361328,7170.527339538952,-3574.5404677381957,5.6735267486546945,0.017222796938791918,0.01299634908958958
1968,0.02477496109916029,4,KTN1,18.237376447532924,31.66298914225566,-3367.787047873786,-2.6513896659553025,0.02333889626744878,SE,3635,2.134240992224922e-05,0.027879418249974974,0.003797292709350586,6768.367553307442,-3412.5811250609127,44.79407718712673,2.188837999739235e-11,4.056449085417065e-11
1971,0.3160012148670964,4,HSPA2,18.237376447532924,1.7411116765649186,-3077.140545849109,-1.0348229503355346,0.17998943947897178,SE,3635,0.0004146045115878267,0.009796973883577897,0.0038688182830810547,6187.074549258088,-3705.8770342364323,628.7364883873233,0.0,0.0
1972,0.011792133666516737,4,RAB15,18.237376447532924,67.40870179259906,-3265.8949410560945,-3.900294535036957,0.02799535442238122,SE,3635,2.2587938111576243e-05,0.12350814113283337,0.011511564254760742,6564.583339672059,-3277.9531886221966,12.058247566102182,0.0005156374141801479,0.0004868538264667426
1973,0.009864907330308752,4,ATP6V1D,18.237376447532924,80.73493375505244,-3679.324255214091,-5.5931309510920295,0.05094622676077447,SE,3635,1.3268299185827677e-05,0.10284480493159714,0.008231163024902344,7391.441967988052,-3690.5854799797175,11.261224765626594,0.000791429748010164,0.0007278419356583874
1975,0.04167278453665247,4,ACTN1,18.237376447532924,18.497854166133177,-3229.877487641254,-3.709188822389508,0.0425927515540193,SE,3635,6.685395502551862e-05,0.03304095452778934,0.0037126541137695312,6492.548432842378,-3267.542446469257,37.66495882800291,8.400002915465166e-10,1.3749175309542633e-09
1977,0.006827247248440949,4,RBM25,18.237376447532924,117.01437445113787,-3199.1344441283873,-3.216695490291898,0.016911978569227076,SE,3635,1.3305366434639056e-05,0.21263518778297574,0.009978055953979492,6431.062345816645,-3203.1922375679997,4.0577934396123965,0.043967916841121335,0.030228325788479393
1978,0.008733769208312205,4,ALDH6A1,18.237376447532924,91.29534833515875,-3141.6456052937174,-2.0954772215139386,0.009840127974480525,SE,3635,1.0971475419832661e-05,0.10799063478541095,0.009398937225341797,6316.084668147305,-3151.0090056831714,9.363400389454,0.0022136109698516204,0.00193522608268675
1979,0.013434142486158025,4,TMED10,18.237376447532924,59.07125276359032,-3568.731330125537,-3.34309406156311,0.02410035808786713,SE,3635,1.4309810216859417e-05,0.060694884930466673,0.011499643325805664,7170.2561178109445,-3584.1834007095413,15.452070584004105,8.462418017807227e-05,8.88127830545646e-05
1984,0.02555329595401874,4,NDUFB1,18.237376447532924,30.67405670298884,-3697.4436617142437,-7.820934214365718,0.11617189525007424,SE,3635,3.584061528899855e-05,0.04414896965150319,0.004924774169921875,7427.680780988358,-3730.085512906446,32.641851192202466,1.108029890062312e-08,1.6472970741257883e-08
1986,0.1207374839019604,4,CHGA,18.237376447532924,5.857826277946901,-3768.731349992796,-7.734466327987945,0.19284620762438323,SE,3635,0.0002800929651376404,0.022384381972132123,0.004830121994018555,7570.256157545462,-3930.9096862540564,162.17833626126048,0.0,0.0
1987,0.07620308680386847,4,MOAP1,18.237376447532924,9.751333119376419,-3686.206023737023,-8.120170201578539,0.16689356164519747,SE,3635,0.00011027899928614866,0.01867098851524258,0.004897117614746094,7405.205505033916,-3813.5603957230987,127.35437198607588,0.0,0.0
1988,0.01501189903054081,4,IFI27L2,18.237376447532924,52.778300239562654,-3256.6886185859003,-3.0812926520808688,0.02136230156934505,SE,3635,2.9870946334016395e-05,0.10212462898697697,0.009815692901611328,6546.170694731671,-3267.6657415570617,10.977122971161407,0.0009224352256363977,0.0008442820865441366
1989,0.030454166732278597,4,C14orf132,18.237376447532924,25.608354498065566,-3516.338498340415,-4.536414673385414,0.050563620271771074,SE,3635,3.1296285028533714e-05,0.02768580564733044,0.003818035125732422,7065.4704542407,-3565.8263515696563,49.48785322924141,1.996069975973569e-12,3.984601516645377e-12
1991,0.05246594755732883,4,CYP46A1,18.237376447532924,14.527047472411894,-3744.5210844100097,-5.887407804201916,0.09326334412112944,SE,3635,5.823959865976523e-05,0.01895516965892985,0.004911899566650391,7521.83562637989,-3847.3216310955436,102.80054668553385,0.0,0.0
1992,0.007750341801130234,4,WARS,18.237376447532924,102.98172258185988,-3250.5745364968243,-3.918330859739859,0.024727965743665332,SE,3635,1.1704900773618783e-05,0.14570845221768752,0.010964393615722656,6533.942530553519,-3257.2599303422094,6.685393845385079,0.009720604429783952,0.007648322464689129
1993,0.1481108204104475,4,MEG3,18.237376447532924,4.626540459065679,-3718.79091932335,-7.336452928349176,0.2008788070936098,SE,3635,0.00019604357361647994,0.011527733607423523,0.004342079162597656,7470.37529620657,-3911.8214196004474,193.03050027709742,0.0,0.0
1996,0.08988311850267562,4,HSP90AA1,18.237376447532924,8.144774938857445,-2294.7336925774316,-7.4180233989221245,0.1281634097170953,SE,3635,0.0001761609432769283,0.022598138944522474,0.003775358200073242,4622.260842714733,-2377.0358519803235,82.3021594028919,0.0,0.0
1997,0.009058450782753932,4,ANKRD9,18.237376447532924,87.99422270245181,-3214.9372936026684,-2.976081250908924,0.016565445837456467,SE,3635,1.4365984001493933e-05,0.13162384057022863,0.008165597915649414,6462.668044765207,-3223.8537927446437,8.916499141975237,0.002826057291644535,0.0024311583304079936
1998,0.005771782202213845,4,EIF5,18.237376447532924,138.5594657909649,-3855.9955096264166,-6.050605734214605,0.05129093880565138,SE,3635,1.1033292925048202e-05,0.24563242150950074,0.01151132583618164,7744.784476812703,-3860.3289473381365,4.333437711719853,0.03737069681738603,0.026057789550245535
1999,0.13105224776880753,4,CKB,18.237376447532924,5.3334624263573795,-1698.753194076034,-7.398609298710772,0.13312988197506956,SE,3635,0.0002528827750220043,0.017828347284367257,0.004924774169921875,3430.299845711939,-1995.1170210261985,296.36382695016437,0.0,0.0
2001,0.026091028424385307,4,ATP5MPL,18.237376447532924,30.025290542938926,-3371.2664428203025,-7.313699194295154,0.10150252807325862,SE,3635,3.690048733794232e-05,0.04369547217542759,0.0044097900390625,6775.326343200475,-3403.4229447199295,32.156501899627074,1.4223987987449505e-08,2.1007386709335666e-08
2002,0.011900822004745511,4,INF2,18.237376447532924,66.78572245065187,-3751.7137954791033,-4.850368459375739,0.04215991632438389,SE,3635,1.774917978229041e-05,0.09532845238668683,0.011638879776000977,7536.221048518077,-3760.9284541239,9.2146586447966,0.0024008497251518657,0.002086714583758963
2003,0.004787369243538494,4,SIVA1,18.237376447532924,167.2164518255102,-3096.50892347007,-2.605003217623721,0.010379021286310951,SE,3635,1.0577265603340893e-05,0.3408840467455641,0.009287595748901367,6225.81130450001,-3100.0318777015427,3.522954231472795,0.06052447496423374,0.04021379256882871
2004,0.014781013709989589,4,CEP170B,18.237376447532924,53.61528300859059,-3319.853957709156,-3.9236938565949653,0.030604493250306477,SE,3635,2.446537540991807e-05,0.0861955070368306,0.009870767593383789,6672.501372978182,-3334.2029240330157,14.348966323859713,0.0001518630489334427,0.0001543082824426437
2006,0.00988485779136019,4,BTBD6,18.237376447532924,80.57036417876574,-3145.6841607153856,-3.144596569515861,0.018462930201413725,SE,3635,9.948928685432141e-06,0.07681116408148327,0.01103067398071289,6324.161778990641,-3160.3023024949125,14.618141779526923,0.00013164115543251587,0.00013479238275918327
2007,0.04924902189257821,4,CRIP2,18.237376447532924,15.528489803358564,-3906.2776516633,-5.468483967033255,0.08515357018110627,SE,3635,8.798150873810341e-05,0.03208678396953991,0.0037000179290771484,7845.34876088647,-3949.500943197791,43.22329153449118,4.883582427339661e-11,8.784275634981405e-11
2008,0.014591728870978843,4,NIPA1,18.237376447532924,54.32121832421555,-3283.841126395435,-3.2079884349023624,0.02244479175413776,SE,3635,1.90171903323383e-05,0.06869680261868709,0.012363910675048828,6600.47571035074,-3299.963786837354,16.122660441918924,5.936940082018616e-05,6.329542804630135e-05
2009,0.0055845645118732905,4,NDN,18.237376447532924,143.23151798941024,-3712.9639250532855,-5.1375322627393585,0.03732298761869373,SE,3635,6.723345787834026e-06,0.15976076593990063,0.009313821792602539,7458.721307666441,-3718.570560849078,5.606635795792499,0.01789258285088391,0.013456487941108894
2010,0.061288656869872706,4,SNRPN,18.237376447532924,12.320036991054016,-3165.646147685435,-8.381646836399135,0.15425726923800248,SE,3635,5.070628262421611e-05,0.012521668798679633,0.0049245357513427734,6364.0857529307405,-3303.3292307041183,137.6830830186832,0.0,0.0
2011,0.037407763950103506,4,PWAR6,18.237376447532924,20.698584918340202,-3757.282665821683,-6.124833628764243,0.08709870272415754,SE,3635,5.0422070198613035e-05,0.03040267972913623,0.004339456558227539,7547.3587892032365,-3810.5873314706796,53.30466564899643,2.856603842360528e-13,6.033643052224322e-13
2012,0.052642945810949825,4,GABRB3,18.237376447532924,14.475499530927959,-3565.668120456147,-5.34640048606091,0.07957578358757526,SE,3635,9.191747152942839e-05,0.029736241751821067,0.004333019256591797,7164.129698472164,-3614.694687008706,49.02656655255896,2.5252022695099186e-12,4.996389517212139e-12
2013,0.0571158237645499,4,TJP1,18.237376447532924,13.278895477499011,-3081.2060807805324,-2.064319743819108,0.031393605408598944,SE,3635,6.549831045397537e-05,0.018321145403891213,0.003765583038330078,6195.205619120935,-3174.17101922451,92.96493844397764,0.0,0.0
2015,0.012108659203025712,4,SRP14,18.237376447532924,65.62558268438907,-3513.7724095126387,-6.645669068330871,0.07256756951824703,SE,3635,3.029278723109227e-05,0.15729573669689006,0.012026548385620117,7060.3382765851475,-3521.511127875963,7.738718363324551,0.005404914884531209,0.00443689279999234
2016,0.010959853193017649,4,CHP1,18.237376447532924,72.58873597209025,-3525.434960583011,-4.825256217862851,0.04004424601335308,SE,3635,1.3677788213405069e-05,0.08628213531259217,0.00868988037109375,7083.6633787258925,-3538.744768816197,13.309808233185777,0.0002640213644012901,0.0002583481780587831
2017,0.009348232348638867,4,RTF1,18.237376447532924,85.24159562512331,-3056.4737692770823,-3.1276619232809657,0.017760817955914086,SE,3635,1.7651359263406853e-05,0.15203583348823982,0.010957956314086914,6145.740996114035,-3062.4501489784175,5.9763797013351905,0.014498734075280573,0.011064882396439567
2018,0.013060561356259399,4,TYRO3,18.237376447532924,60.783920779242585,-3535.687483435566,-4.218098278391232,0.0337778018170332,SE,3635,3.6797098570387414e-05,0.16487729632237696,0.024050474166870117,7104.168424431002,-3542.0320243274673,6.344540891901488,0.011774307920188187,0.009114957486075177
2019,0.01713597954773079,4,CKMT1B,18.237376447532924,46.13649011932515,-3002.9089499089396,-3.571066937309897,0.026753548894947125,SE,3635,1.781100132315572e-05,0.04714168290227255,0.00815272331237793,6038.611357377749,-3025.6501727215964,22.741222812656815,1.8534877691545049e-06,2.317642698841389e-06
2020,0.004219814627028345,4,PDIA3,18.237376447532924,189.81483728198643,-3651.168768571655,-3.7769621880568756,0.019495025565160973,SE,3635,6.5260126892892275e-06,0.2700629645558997,0.010958671569824219,7335.1309947031805,-3654.931037757855,3.7622691861997737,0.05242139152486114,0.03540692746294017
2023,0.03408997251222892,4,GATM,18.237376447532924,22.79135121230861,-3457.387266366634,-2.579831894926149,0.028457514011159927,SE,3635,4.653332786525259e-05,0.033337684751222986,0.0037322044372558594,6947.567990293138,-3510.561200999192,53.17393463255803,3.0531133177191805e-13,6.428521425842066e-13
2026,0.029278928876602002,4,SECISBP2L,18.237376447532924,26.668545017421934,-3469.512091471398,-3.1960204583437304,0.031913810584819256,SE,3635,4.2706809258407215e-05,0.04068006474467807,0.003835916519165039,6971.817640502666,-3519.0276018968652,49.515510425467255,1.968092355753015e-12,3.934589607611053e-12
2027,0.010081449592331853,4,DMXL2,18.237376447532924,78.98352818626118,-3311.584963977768,-4.076638955308295,0.028814616182574335,SE,3635,1.0460103386190639e-05,0.07770182288164858,0.01140141487121582,6655.963385515406,-3323.3917262339473,11.806762256179354,0.0005901597409730952,0.0005517950702130148
2028,0.0333035981975675,4,SCG3,18.237376447532924,23.348500475370418,-3868.3524888579673,-6.312964671414777,0.08906970181877566,SE,3635,3.5776748961110224e-05,0.026771214416702306,0.0037717819213867188,7769.498435275805,-3935.997834590516,67.64534573254878,2.220446049250313e-16,5.584129401683032e-16
2029,0.011279034435612144,4,LYSMD2,18.237376447532924,70.51181126989196,-3174.8962735352525,-3.4912177538376508,0.02286348160309237,SE,3635,1.5471138321083392e-05,0.09227078483919153,0.00912618637084961,6382.586004630375,-3187.9955065118775,13.09923297662499,0.0002954167106802297,0.00028739678683148623
2030,0.033280704428440035,4,TMOD2,18.237376447532924,23.365115220382368,-3856.7771317666343,-6.680723577566148,0.09709650424679654,SE,3635,4.812263621992479e-05,0.036055693721742124,0.003763914108276367,7746.347721093139,-3910.270490576998,53.49335881036359,2.594591208548991e-13,5.506158572773885e-13
2031,0.04639933088257472,4,MYO5A,18.237376447532924,16.531599653310526,-3789.7976603164075,-6.749159729626784,0.10874570311330849,SE,3635,7.037801591096384e-05,0.02859086584531125,0.0037522315979003906,7612.388778192685,-3850.592416640473,60.794756324065474,6.328271240363392e-15,1.4455689822098814e-14
2032,0.008004081696062948,4,TPM1,18.237376447532924,99.69156698448631,-3617.899673789205,-4.2231220899271,0.029229187166948983,SE,3635,1.2690171356405946e-05,0.1482719358013413,0.009859323501586914,7268.59280513828,-3624.9501065160166,7.050432726811778,0.007924610493827533,0.0063127313261557415
2033,0.023922989362940964,4,RPS27L,18.237376447532924,32.819252622690165,-3398.5000009033765,-2.596690410975453,0.022599854682254405,SE,3635,2.9067400146253915e-05,0.04058239070159116,0.003808736801147461,6829.793459366623,-3426.4865098336722,27.986508930295713,1.2216418687760466e-07,1.687539635792934e-07
2035,0.020112835434909562,4,PPIB,18.237376447532924,39.18887702301958,-3659.0646151452365,-3.8587243970171303,0.03515503056270378,SE,3635,2.2158384560269056e-05,0.043093529009423294,0.014321327209472656,7350.922687850343,-3683.34351284822,24.278897702983613,8.334718889502213e-07,1.0741365340006336e-06
2037,0.04563385220523277,4,RPL4,18.237376447532924,16.82239958391481,-3270.6523350865978,-5.83011945743423,0.08083725504276985,SE,3635,3.048570050694191e-05,0.012764764715113317,0.003787517547607422,6574.098127733066,-3388.7976560760417,118.14532098944392,0.0,0.0
2038,0.004973282269593116,4,C15orf61,18.237376447532924,160.93543675867795,-3019.4841405986335,-3.2124709942446183,0.014902515166862371,SE,3635,8.425369690069156e-06,0.25180532567517544,0.009811162948608398,6071.761738757137,-3023.9026196401896,4.418479041556111,0.03555171220667508,0.024965142373258267
2040,0.09653839073608916,4,PKM,18.237376447532924,7.52782817850096,-2872.77562754361,-7.794695589108656,0.15172322796917864,SE,3635,0.00016196867797021737,0.018475830725934627,0.004361391067504883,5778.34471264709,-3023.973775629387,151.19814808577712,0.0,0.0
2041,0.008525875111044521,4,STOML1,18.237376447532924,93.54109896650967,-3243.3053465572684,-3.6403622382609564,0.022475199210417667,SE,3635,1.2650682135861276e-05,0.13055315541091916,0.012327432632446289,6519.404150674407,-3249.822160193794,6.516813636525512,0.010685928800098776,0.008344417571965489
2042,0.00454984698618151,4,UBL7,18.237376447532924,175.98788674308037,-3356.601155624041,-3.7323191341649875,0.019244107446563703,SE,3635,5.245987913060538e-06,0.1869961502582765,0.010005950927734375,6745.995768807952,-3361.4338365081594,4.8326808841184175,0.027925175389611256,0.020081268926011694
2043,0.03749456931533448,4,SCAMP5,18.237376447532924,20.64880244151188,-3773.1976396782625,-6.685335852330854,0.09980272893723262,SE,3635,4.817101870699798e-05,0.028921114142753664,0.0037641525268554688,7579.188736916395,-3834.1253228014125,60.92768312315002,5.88418203051333e-15,1.3487051889669707e-14
2045,0.06989047295947275,4,LINGO1,18.237376447532924,10.704740984013656,-3741.763088883488,-6.8051773849201656,0.12726149130545758,SE,3635,0.00015150672612009467,0.0297552290252814,0.004371166229248047,7516.319635326846,-3838.1795987601,96.41650987661205,0.0,0.0
2049,0.03019809471552689,4,MORF4L1,18.237376447532924,25.832327622160257,-3476.123515871489,-7.527729136955072,0.11118715380876365,SE,3635,4.24448877702103e-05,0.038148269062262534,0.004474163055419922,6985.040489302848,-3512.3739322533015,36.250416381812556,1.7352292935868263e-09,2.7629256100145275e-09
2050,0.02259979536217748,4,ARNT2,18.237376447532924,34.78788044796076,-3800.574979471504,-5.623584035877797,0.06533968262284556,SE,3635,3.2761603286089576e-05,0.05097769406897223,0.003820657730102539,7633.943416502878,-3826.50172187098,25.926742399476097,3.5462222525151077e-07,4.7428239054060726e-07
2051,0.010411627953325559,4,RPS17,18.237376447532924,76.4532572115543,-3754.996182495075,-5.1133824853353405,0.04438321191360949,SE,3635,8.899930935678775e-06,0.06207005084704087,0.01056981086730957,7542.78582255002,-3768.2674923561926,13.271309861117516,0.00026949883943416797,0.00026351630705772244
2052,0.011500768370498134,4,AP3B2,18.237376447532924,69.13684059807012,-3177.6356583557945,-3.6094409127448066,0.024274579724242046,SE,3635,1.6895672024866954e-05,0.097007277691638,0.009329795837402344,6388.064774271459,-3188.325928823134,10.69027046733936,0.001077004589873476,0.000977114444316033
2053,0.007837029674228259,4,HDGFL3,18.237376447532924,101.83371157908817,-3683.98124522501,-5.016797434232517,0.039408860884203194,SE,3635,1.640562740044233e-05,0.1998040595151089,0.009414196014404297,7400.75594800989,-3690.6790451908014,6.697799965791546,0.009653195052181096,0.00759972800533434
2054,0.027675271401544334,4,SH3GL3,18.237376447532924,28.260477299541265,-3369.589978752915,-3.180864000394652,0.03008147792046698,SE,3635,3.1542931035443115e-05,0.033411367836483324,0.003841876983642578,6771.9734150657005,-3408.829947355266,39.23996860235093,3.747889776306579e-10,6.311158116888995e-10
2056,0.011002304491118622,4,CIB1,18.237376447532924,72.30555593905568,-3094.5778972122325,-2.7500144116614273,0.015620786608404214,SE,3635,1.5207246119251429e-05,0.09520806391329219,0.010474205017089844,6221.949251984335,-3103.7412620010914,9.163364788858871,0.0024690816126922144,0.0021391095163522085
2057,0.014358113918211284,4,NGRN,18.237376447532924,55.218144173734416,-3103.702101747991,-4.183305309373141,0.03282470241197745,SE,3635,1.841943457272694e-05,0.06865442436955513,0.010088920593261719,6240.197661055852,-3124.0013489507105,20.29924720271947,6.622663565325482e-06,7.775299124767345e-06
2058,0.02452093682810999,4,MAN2A2,18.237376447532924,31.999334334366285,-3179.9159000991576,-2.7914155868798876,0.02332765946776222,SE,3635,3.138541655576124e-05,0.04180918796137391,0.004332780838012695,6392.625257758185,-3206.8231034511737,26.90720335201604,2.134618122262566e-07,2.8922775985980025e-07
2059,0.008340156118042136,4,MEF2A,18.237376447532924,95.64198852810296,-3368.5753103738225,-4.141233440447873,0.02807071969355301,SE,3635,1.315429267974437e-05,0.14175458360863546,0.007529497146606445,6769.944078307515,-3375.7099436480125,7.134633274190037,0.007560910448447311,0.006048074512864567
2060,0.009395170626057733,4,TM2D3,18.237376447532924,84.81170989660444,-3613.1829084177743,-5.032675313626196,0.04152336681311889,SE,3635,3.2041367502266466e-05,0.27328303729592457,0.00858616828918457,7259.159274395419,-3618.6748043699818,5.491895952207415,0.019104814456088692,0.014312171185974526
2061,0.019315136502983294,4,SNRNP25,18.237376447532924,40.84056489036625,-3630.389500608194,-4.765970153395274,0.04699547376962853,SE,3635,2.1406188261913828e-05,0.04499347115613543,0.009807348251342773,7293.572458776258,-3655.000290419935,24.610789811741142,7.015780707497754e-07,9.12020680465233e-07
2062,0.028599954684720118,4,ARHGDIG,18.237376447532924,27.320763027607327,-3796.5133230231672,-6.761597672012676,0.09413088992843113,SE,3635,2.016460288789546e-05,0.02007524826258126,0.00379180908203125,7625.820103606205,-3866.7954847941,70.28216177093282,0.0,0.0
2063,0.019269039118518794,4,MRPL28,18.237376447532924,40.940192221037485,-3607.9442229173937,-4.297000618249989,0.040000811840387965,SE,3635,2.5711857220229233e-05,0.054292176993856134,0.010359048843383789,7248.681903394658,-3627.2761536609023,19.331930743508565,1.0985385307971107e-05,1.2579009869088774e-05
2064,0.01012119062545494,4,NME4,18.237376447532924,78.67023956933392,-3121.261027850919,-2.3976770890451324,0.01251874553984567,SE,3635,2.208669535679968e-05,0.162809573902769,0.009374141693115234,6275.3155132617085,-3129.404247276918,8.143219425998723,0.0043222475976455454,0.0036187851131500868
2065,0.14783150468107167,4,FBXL16,18.237376447532924,4.636801741899262,-3396.8925506230585,-7.248850217034823,0.1826181527533117,SE,3635,0.0002406191889204617,0.0141877403781804,0.00430607795715332,6826.578558805987,-3675.7431409253622,278.8505903023038,0.0,0.0
2066,0.03408511536385545,4,METRN,18.237376447532924,22.79471361713944,-4005.679553353228,-3.1871284537584232,0.040462516127759876,SE,3635,4.3491425945197076e-05,0.031166658711428142,0.004328489303588867,8044.152564266326,-4053.589082855243,47.90952950201472,4.463429625900517e-12,8.690798376967196e-12
2067,0.007788902333030164,4,FAM173A,18.237376447532924,102.46790856011852,-3507.722450214571,-4.0812970454674256,0.027096874559337864,SE,3635,1.1433406495613175e-05,0.1409454694262334,0.0089569091796875,7048.238357989012,-3513.841969498325,6.119519283754016,0.01336971539641385,0.010255612515130354
2072,0.004996175841285633,4,NDUFB10,18.237376447532924,160.19430951322914,-3870.1069896630324,-5.574882367398132,0.04223792517767163,SE,3635,1.2107809065599457e-05,0.35858618236157414,0.009307861328125,7773.007436885935,-3873.578289716987,3.4713000539545646,0.062442217185016746,0.041345061486142094
2073,0.04925716001418996,4,SYNGR3,18.237376447532924,15.525791335513603,-3830.1194784871573,-6.588350614204706,0.10787128111223701,SE,3635,7.034612344244011e-05,0.025647524818071046,0.0036933422088623047,7693.032414534185,-3908.6661398080214,78.54666132086413,0.0,0.0
2074,0.003906716387597482,4,PKD1,18.237376447532924,205.09174369327374,-3443.6199541353944,-4.05017497143455,0.021251747939343407,SE,3635,6.03337047756348e-06,0.2909211678853436,0.009267807006835938,6920.033365830659,-3446.976847342066,3.3568932066714297,0.06692421516917646,0.04407415051411969
2075,0.010542398448890388,4,CASKIN1,18.237376447532924,75.49493456236749,-3360.8265585104145,-3.8226711468981422,0.02639128556117199,SE,3635,1.534788179924849e-05,0.10445676463495657,0.00872182846069336,6754.446574580699,-3370.680530115753,9.853971605338302,0.001694655050330951,0.0015040114382884433
2077,0.013228789615877853,4,PGP,18.237376447532924,60.00071289888577,-3487.709358205154,-4.567426616198178,0.038421139594412027,SE,3635,1.1951766502947752e-05,0.05223520557518335,0.009640932083129883,7008.212173970178,-3508.591073470422,20.881715265268213,4.88535794318512e-06,5.842690711849681e-06
2078,0.0070663581151730204,4,ABCA3,18.237376447532924,113.02763283723031,-3448.616048280961,-4.063083178802528,0.025963019212971724,SE,3635,1.1846613045123181e-05,0.17690186490615856,0.010798931121826172,6930.025554121792,-3453.9247104637266,5.308662182765602,0.021219644800336,0.015712750440034666
2079,0.010933642829319858,4,PDPK1,18.237376447532924,72.76467552248948,-3357.9565744934744,-3.5788556442116444,0.024027891908356146,SE,3635,1.2446033270120289e-05,0.07888033611832475,0.009172201156616211,6748.706606546819,-3367.8775580283846,9.920983534910192,0.0016340503920714289,0.0014569519731705012
2080,0.011602499439479247,4,SRRM2,18.237376447532924,68.52359386225368,-3731.9664486493457,-4.283195568865952,0.034030927691348675,SE,3635,1.9099572398611797e-05,0.10779164441646027,0.009122371673583984,7496.7263548585615,-3742.926765922688,10.960317273342298,0.0009308387772098969,0.0008508160760070701
2081,0.007596300355611034,4,ELOB,18.237376447532924,105.08634722435279,-3417.032454949722,-6.371410329741785,0.059843147868908785,SE,3635,1.4158062905934484e-05,0.18335026636945068,0.010190486907958984,6866.858367459314,-3423.6448255805617,6.612370630839905,0.010127275496749855,0.007940436392874438
2082,0.011854822049708908,4,HCFC1R1,18.237376447532924,67.04799054351693,-3796.544507669216,-5.122372213414394,0.04634910297856287,SE,3635,1.0591289345909697e-05,0.05731583965234421,0.009774923324584961,7625.882472898302,-3812.2408654748647,15.696357805648859,7.43672349146074e-05,7.853825294249963e-05
2084,0.019946560680005512,4,CDIP1,18.237376447532924,39.52226124610336,-3832.136517411047,-5.731978873516948,0.06513239851437873,SE,3635,3.3474969042817755e-05,0.066146959722421,0.008811712265014648,7697.066492381964,-3853.2413951687886,21.104877757741633,4.348199013182175e-06,5.24220799894886e-06
2085,0.015538716210813751,4,ROGDI,18.237376447532924,50.96165882930036,-3724.513959200146,-4.534953527949399,0.040964091643557125,SE,3635,1.884865738789758e-05,0.060275621887546316,0.01047968864440918,7481.821375960162,-3742.557980673833,18.044021473686826,2.1585541700064326e-05,2.390318123164625e-05
2087,0.06323288168409584,4,RBFOX1,18.237376447532924,11.916499905037966,-3845.8058194912924,-6.907985742514657,0.127057020468975,SE,3635,0.00012729359550916886,0.029757208152364267,0.0038230419158935547,7724.405096542455,-3929.110188450208,83.3043689589158,0.0,0.0
2088,0.01274756552644499,4,ABAT,18.237376447532924,62.29612172189228,-3722.177868362305,-5.298743831568943,0.049816846580917916,SE,3635,1.7065910885113986e-05,0.08016536507976058,0.010434865951538086,7477.1491942844805,-3738.4665659389602,16.288697576655068,5.43873893944502e-05,5.821460642495576e-05
2089,0.005894118972382162,4,USP7,18.237376447532924,135.66686681609676,-3297.6671312251456,-3.6744028383435112,0.02034383582784888,SE,3635,5.907700799015974e-06,0.12618314456518645,0.013080835342407227,6628.127720010161,-3303.508278976649,5.841147751503286,0.015655611010852444,0.01188708408375827
2090,0.04001744645061118,4,GRIN2A,18.237376447532924,19.29629890644858,-3700.8377797564467,-5.902581856685481,0.08375022208666201,SE,3635,4.95567757823593e-05,0.026385188343739204,0.003819704055786133,7434.469017072764,-3769.593881875981,68.75610211953426,1.1102230246251565e-16,2.823732731474879e-16
2091,0.03689116303741633,4,SNN,18.237376447532924,20.99969903961641,-3780.350621780675,-6.664787435366251,0.09891603723172239,SE,3635,5.8155311512499025e-05,0.03597982645240319,0.0037987232208251953,7593.49470112122,-3846.6150392107184,66.26441743004352,4.440892098500626e-16,1.0863669926910624e-15
2093,0.005797241397116911,4,NOMO1,18.237376447532924,137.94743482448487,-3281.381512426473,-3.951192642942057,0.022967202826152368,SE,3635,9.500714570872583e-06,0.2096813227439546,0.012501716613769531,6595.556482412816,-3286.0275306979484,4.646018271475441,0.031125665839796368,0.022184738084895166
2094,0.04089771204373954,4,ARL6IP1,18.237376447532924,18.86366017981457,-3741.9112671966664,-7.630543541609821,0.12581319594479076,SE,3635,7.079275265922303e-05,0.03621394931285627,0.005697727203369141,7516.615991953203,-3788.002353657411,46.091086460744464,1.1288081580573817e-11,2.1328218067376053e-11
2095,0.22609915007302916,4,GPRC5B,18.237376447532924,2.753255045732202,-3922.5857756544738,-3.2004389151345025,0.20030306561913502,SE,3635,0.0002722347235200041,0.009117681062272691,0.004368782043457031,7877.965008868818,-4347.109999972468,424.5242243179946,0.0,0.0
2097,0.016649716459111164,4,NDUFAB1,18.237376447532924,47.50742105677091,-3778.280846445953,-6.707042845566051,0.08068746749617277,SE,3635,7.074042981366651e-05,0.19793546049886473,0.008230924606323242,7589.355150451776,-3789.828686324031,11.547839878077866,0.0006782801601615818,0.0006293759479869224
2101,0.04906874162311398,4,SEZ6L2,18.237376447532924,15.588497328853762,-3795.994363528603,-7.5141353681909795,0.1303738115539849,SE,3635,7.714851952163033e-05,0.028322861259267924,0.004396677017211914,7624.782184617076,-3870.783519049657,74.789155521054,0.0,0.0
2102,0.055622531704134476,4,ALDOA,18.237376447532924,13.656987582508291,-3715.2759781085947,-7.062106681077819,0.12241236753221675,SE,3635,7.509888475797259e-05,0.02201968716190065,0.0043413639068603516,7463.34541377706,-3836.7693659368138,121.49338782821906,0.0,0.0
2103,0.007984201217730857,4,YPEL3,18.237376447532924,99.94179958726136,-3692.86844910302,-6.841266715443488,0.06989219110070413,SE,3635,1.1861226691264922e-05,0.13926611175103565,0.009738922119140625,7418.53035576591,-3701.612111463115,8.743662360095186,0.0031067991467440548,0.002659069359924359
2104,0.004203970137861102,4,MAPK3,18.237376447532924,190.5332686667554,-3609.528334149745,-4.373063105312734,0.025269365039154286,SE,3635,5.107708534636239e-06,0.21295220904443124,0.01219797134399414,7251.850125859361,-3613.41429340802,3.885959258274852,0.04869143958368971,0.033103647656695656
2105,0.04721780714632381,4,STX1B,18.237376447532924,16.231096794908048,-3724.995147151833,-6.413010246914965,0.10055275793524275,SE,3635,4.8819836109168806e-05,0.019213734207378274,0.0037283897399902344,7482.783751863536,-3809.230747110077,84.23559995824417,0.0,0.0
2106,0.020127192305442156,4,FUS,18.237376447532924,39.1603495477381,-3769.1716005203925,-5.184577036738246,0.05523247457881932,SE,3635,4.090524721060465e-05,0.07944355108136233,0.01087498664855957,7571.136658600655,-3784.65580820417,15.48420768377764,8.31974583315187e-05,8.765732065967659e-05
2107,0.010449923420588413,4,DNAJA2,18.237376447532924,76.17013387069656,-3381.4736013956754,-4.247338837031135,0.03140395999160857,SE,3635,1.7951295424111472e-05,0.12429994066157635,0.009242773056030273,6795.740660351221,-3390.876125004773,9.402523609097443,0.0021668698620713744,0.0018968281752325276
2109,0.005088363974113916,4,FTO,18.237376447532924,157.27742533547107,-3470.250726176768,-4.514984102449917,0.028315928579628037,SE,3635,9.574300378624137e-06,0.27347664031273705,0.01145029067993164,6973.294909913406,-3474.1619779820894,3.9112518053216263,0.047963858331331655,0.03267078577667875
2110,0.09252268383464181,4,MT2A,18.237376447532924,7.8894659463629315,-3821.333526084056,-4.387046342040092,0.09593861920690283,SE,3635,8.5455330755026e-05,0.010450875258868435,0.003802776336669922,7675.460509727982,-3983.1603622432303,161.8268361591745,0.0,0.0
2111,0.04088904317186931,4,MT1E,18.237376447532924,18.86782999371927,-3923.6156391095387,-4.13523861092125,0.05645979072148567,SE,3635,3.865574088962402e-05,0.019781998641952944,0.003756999969482422,7880.024735778948,-4003.8707480936328,80.25510898409402,0.0,0.0
2112,0.017558379140878325,4,MT1M,18.237376447532924,45.00723990028927,-3475.7498242481797,-2.63166837881629,0.01973588254705641,SE,3635,3.9354788087380995e-05,0.09938352649552257,0.008129119873046875,6984.29310605623,-3490.3346671551762,14.584842906996528,0.00013398793862906544,0.00013709101221639607
2113,0.09505250715003492,4,MT1G,18.237376447532924,7.6580792197270915,-3464.210832369261,-2.274661543549587,0.06032756149079735,SE,3635,0.00034335704056015113,0.04017248493956627,0.003812074661254883,6961.215122298392,-3513.7837770584974,49.572944689236465,1.9113599591946695e-12,3.832560275854372e-12
2114,0.007878374360633104,4,FAM192A,18.237376447532924,101.29508020384128,-3374.11314018912,-3.337771511349447,0.01922009454485863,SE,3635,8.853919411373288e-06,0.10672128609707064,0.008100748062133789,6781.01973793811,-3381.3475304976873,7.2343903085675265,0.007152009405119952,0.00574146990647512
2116,0.3235780904437824,4,PLLP,18.237376447532924,1.6815067241592112,-3178.0499782862335,-1.725635272218843,0.2006824127407747,SE,3635,0.0005443439212331192,0.012604044934583771,0.003935575485229492,6388.893414132337,-3676.0525974330085,498.00261914677503,0.0,0.0
2117,0.015655703603416712,4,CX3CL1,18.237376447532924,50.574836633478384,-3551.3195445380106,-4.475718499544593,0.039420067701266916,SE,3635,2.8154597630854054e-05,0.08873686672347258,0.00763392448425293,7135.432546635891,-3567.8134920166726,16.493947478661994,4.880562493514429e-05,5.249060744423629e-05
2118,0.00936881793296757,4,ADGRG1,18.237376447532924,85.05253157736733,-3494.6387965602116,-2.953038605620705,0.017248167897195472,SE,3635,1.156887341697941e-05,0.09921679383660299,0.011926412582397461,7022.071050680293,-3502.955230602877,8.31643404266515,0.003928797365200354,0.003320363236921268
2119,0.13999860552399448,4,NDRG4,18.237376447532924,4.941234847572852,-3420.1473337773773,-8.633888888207206,0.22095381266964134,SE,3635,0.0002154362077296777,0.013759389578293544,0.004426479339599609,6873.088125114625,-3671.752306589396,251.6049728120188,0.0,0.0
2120,0.014668606973451296,4,GOT2,18.237376447532924,54.032305325751814,-3603.228632883365,-4.6437005562895575,0.04120660501777729,SE,3635,2.0446522497921123e-05,0.07311095753447928,0.009872674942016602,7239.250723326601,-3622.5152383038176,19.28660542045236,1.1249276023361787e-05,1.2848378233196055e-05
2121,0.012413622195089147,4,CMTM4,18.237376447532924,63.9936110343023,-3119.122957798062,-3.3578241507104836,0.02208630456366544,SE,3635,3.3784720749181075e-05,0.16712380040297026,0.010909080505371094,6271.039373155994,-3126.2209068543866,7.0979490563245236,0.007717220764982158,0.006158463675279627
2122,0.016003713106972163,4,FAM96B,18.237376447532924,49.457567486514144,-3751.5576520543327,-4.180264472772356,0.03665566368750643,SE,3635,4.96098119616319e-05,0.14984621877615978,0.008628606796264648,7535.908761668536,-3762.442427618746,10.884775564413303,0.0009695792836988959,0.000882628453607065
2123,0.17342949818277675,4,TPPP3,18.237376447532924,3.8336899369262976,-3000.3212858735437,-1.2614931539715488,0.08104093544537762,SE,3635,0.00028632602347597496,0.013474826129728844,0.004246234893798828,6033.436029306958,-3306.7468559655217,306.425570091978,0.0,0.0
2126,0.007138690743557044,4,EXOSC6,18.237376447532924,111.87423247070326,-3487.9902506472954,-4.080780210808066,0.02631913118777355,SE,3635,7.2473906301088035e-06,0.10607280782001287,0.009789705276489258,7008.773958854461,-3496.173630820798,8.183380173502428,0.004227591114586038,0.0035439449728617033
2127,0.004622675608771114,4,AARS,18.237376447532924,173.20258701682914,-3790.339199619186,-5.2632193826710685,0.03694207352987818,SE,3635,6.6343271178826525e-06,0.22916078402549783,0.012078523635864258,7613.471856798242,-3794.519541182372,4.180341563186175,0.0408954579982832,0.028274912565383142
2131,0.02045366586525456,4,GCSH,18.237376447532924,38.52244791805647,-3347.5727637309337,-2.7216632164759393,0.02150450528727546,SE,3635,1.8304228303049022e-05,0.03446940867065519,0.004414558410644531,6727.938985021738,-3379.440440454571,31.867676723637487,1.6504084543456088e-08,2.408299485395808e-08
2132,0.02069389854942913,4,CMIP,18.237376447532924,38.0659080897507,-3442.2297293470674,-4.8147482690684615,0.04772696527819034,SE,3635,4.620601733010115e-05,0.08508722048359715,0.012126922607421875,6917.252916254005,-3457.711736063092,15.482006716024443,8.329439335064137e-05,8.769078258568023e-05
2133,0.05720243306436416,4,NECAB2,18.237376447532924,13.25757221608967,-3125.314568817295,-3.094283445424361,0.0415995861547339,SE,3635,6.946311793003867e-05,0.019377994986362664,0.0038137435913085938,6283.42259519446,-3203.3262859143188,78.01171709702385,0.0,0.0
2134,0.034746736211015566,4,COX4I1,18.237376447532924,22.34535771997257,-2367.072602234165,-6.808997096650611,0.08924589173850632,SE,3635,4.548569124515265e-05,0.031449883268625994,0.004363536834716797,4766.9386620282,-2415.5826172163434,48.51001498217829,3.2860381082855383e-12,6.473228271346463e-12
2135,0.01285746642701913,4,MAP1LC3B,18.237376447532924,61.75676182869722,-3846.691120809124,-6.782443702240534,0.07767135922901838,SE,3635,2.2135928743030426e-05,0.10225748679940647,0.011457681655883789,7726.1756991781185,-3857.8968136040003,11.205692794876086,0.0008154677623379847,0.0007494363439271097
2136,0.035773235203030676,4,JPH3,18.237376447532924,21.681085115263627,-3655.2000376092515,-4.761254992012043,0.059056109339515495,SE,3635,7.633365322446993e-05,0.04999932476486398,0.0037832260131835938,7343.193532778373,-3694.957509708277,39.75747209902556,2.875384375045087e-10,4.909516468697196e-10
2137,0.007415051830661167,4,TCF25,18.237376447532924,107.67466867457345,-3728.365516075917,-4.690410860530261,0.03452443404952844,SE,3635,1.8679359901033595e-05,0.25368212954840247,0.010382890701293945,7489.5244897117045,-3732.0634662431967,3.6979501672794868,0.05447935866742826,0.03655835449004482
2138,0.028584107047912703,4,DBNDD1,18.237376447532924,27.336356203755255,-3421.7261280683915,-4.489674951135773,0.04788193915559973,SE,3635,2.56833229238768e-05,0.025596232158346256,0.0037894248962402344,6876.245713696653,-3487.3689876311264,65.64285956273488,5.551115123125783e-16,1.3481539846121038e-15
2139,0.012092312339479173,4,PITPNA,18.237376447532924,65.71538531834082,-3557.1867989514276,-4.693803914356896,0.03940517192492298,SE,3635,1.1576803083072828e-05,0.060271296632917574,0.007696628570556641,7147.167055462725,-3576.5301034060885,19.343304454660938,1.09201472359155e-05,1.2514958888922831e-05
2140,0.004446004380249247,4,PRPF8,18.237376447532924,180.11711557051225,-3700.4484968479446,-4.205448899525995,0.024112518524254934,SE,3635,5.5315985706118324e-06,0.20640614616266578,0.01320791244506836,7433.690451255759,-3704.2327258555315,3.784229007586873,0.05173774077006155,0.035015482138143
2141,0.008292197320287948,4,SERPINF1,18.237376447532924,96.1997962593815,-3460.9511909760404,-4.58159466592575,0.03363368408162842,SE,3635,1.283039029056818e-05,0.13984034221028868,0.009888410568237305,6954.695839511951,-3470.263491537561,9.312300561520715,0.002276204915421909,0.001987365509305897
2142,0.004965938097819662,4,SGSM2,18.237376447532924,161.1746352659837,-3139.3742642651832,-3.155043628795604,0.014564648517419102,SE,3635,7.957226341304926e-06,0.23851079390446722,0.00989842414855957,6311.541986090237,-3142.9451805550234,3.57091628984017,0.058799857424592705,0.039125883008900825
2144,0.004106090558650547,4,SLC25A11,18.237376447532924,195.0943098934595,-3589.7138154756612,-4.165691170723641,0.022924789868989933,SE,3635,6.0547557310888195e-06,0.26450770706483584,0.010857105255126953,7212.221088511193,-3592.894175446555,3.1803599708937327,0.07452830939526722,0.0485355530691699
2145,0.03157169509845955,4,PFN1,18.237376447532924,24.673435500985846,-3961.1283802200746,-3.8144165219540405,0.045536737235129965,SE,3635,5.021747484864709e-05,0.04152181081008217,0.003762483596801758,7955.050218000019,-4026.156952838046,65.02857261797135,7.771561172376096e-16,1.8638649384405484e-15
2146,0.012854259568175697,4,CAMTA2,18.237376447532924,61.77236947553638,-3406.2651810810075,-4.053632967716553,0.03108666329819918,SE,3635,1.685228060845974e-05,0.07788736050340124,0.012456655502319336,6845.323819721885,-3418.220981487896,11.955800406888557,0.0005447751996812134,0.0005140043959761545
2147,0.007482575779378231,4,RABEP1,18.237376447532924,106.6957365817028,-3451.8369651180874,-3.5453599747869933,0.021000903846470496,SE,3635,2.2226119263199404e-05,0.2965097682956719,0.010930299758911133,6936.467387796045,-3456.4232886144673,4.586323496379919,0.03222807306494091,0.022882009180193116
2148,0.03718130675713638,4,NLRP1,18.237376447532924,20.829551282663065,-3814.531732903182,-6.577667122734168,0.09758179201080018,SE,3635,5.660139203518311e-05,0.034514206714600426,0.003729581832885742,7661.856923366234,-3854.1900037111645,39.65827080798272,3.025207861995227e-10,5.152252745400388e-10
2150,0.02112734874364565,4,DLG4,18.237376447532924,37.26844253211249,-3633.574322560624,-4.797822329694905,0.048924795795060864,SE,3635,1.413433170754596e-05,0.02501517484065513,0.004285335540771484,7299.942102681118,-3679.951338138675,46.377015578051214,9.755307672776325e-12,1.856481336724825e-11
2151,0.020766519319537272,4,ACADVL,18.237376447532924,37.9299782283858,-3490.7974938721345,-3.4100209885801482,0.029313780718082983,SE,3635,9.993016122737325e-05,0.18278824655031237,0.009742259979248047,7014.388445304139,-3497.9702138502016,7.172719978067107,0.007402046101219639,0.005931576279064957
2152,0.006803984701199021,4,GABARAP,18.237376447532924,117.4171919778473,-3075.1385912227124,-3.455067973122878,0.018854205446388734,SE,3635,1.2206211044055209e-05,0.1963866408373035,0.011529922485351562,6183.070640005295,-3080.897698831336,5.759107608623708,0.016403400982216043,0.012412840501932585
2153,0.01761075253723541,4,CTDNEP1,18.237376447532924,44.87099870310143,-3363.5932034287916,-3.517669331463092,0.027894711873789443,SE,3635,4.431767960844502e-05,0.11127560249553681,0.008781671524047852,6759.979864417453,-3373.813808614501,10.220605185709246,0.0013888027291911742,0.0012440552228561543
2154,0.02130083932609609,4,TMEM256,18.237376447532924,36.958347907883606,-3334.626569442611,-2.695596574452574,0.021665645384147142,SE,3635,3.151828423441592e-05,0.05491546092945442,0.010293722152709961,6702.046596445092,-3358.491617409467,23.865047966855855,1.0333095339376541e-06,1.322807810939995e-06
2158,0.009865321514594782,4,SAT2,18.237376447532924,80.73151041994167,-3403.628934006065,-3.5114450941032085,0.022621063644457796,SE,3635,1.3701518617031188e-05,0.10619402526642162,0.009750604629516602,6840.051325572,-3413.0238843476473,9.394950341582444,0.002175838967657051,0.0019034411113207448
2159,0.03756586816813455,4,ATP1B2,18.237376447532924,20.608084970805493,-4027.042689257543,-5.779910011580034,0.08366090798269847,SE,3635,3.577547261521645e-05,0.021403690328030335,0.0037910938262939453,8086.878836074956,-4098.229523990932,71.18683473338888,0.0,0.0
2160,0.009441193534131195,4,NAA38,18.237376447532924,84.39435786190597,-3865.202081342368,-6.148540591989179,0.06033001464207577,SE,3635,1.138659811109671e-05,0.09619083555778819,0.009714841842651367,7763.197620244606,-3877.2981635179394,12.09608217557161,0.000505278804355247,0.0004777439662976846
2161,0.008071258648842615,4,CHD3,18.237376447532924,98.8551408918762,-3245.9140577687467,-2.557793385019481,0.012683705243912463,SE,3635,1.9528554695907845e-05,0.22445160428600416,0.011922836303710938,6524.621573097364,-3251.014291208171,5.100233439424301,0.02392262376186849,0.017454882255751022
2162,0.012664306553987155,4,TRAPPC1,18.237376447532924,62.710963444600026,-3750.1966642698917,-5.182525699376147,0.04799255780158271,SE,3635,3.349199897481271e-05,0.15934604005625597,0.010880708694458008,7533.186786099654,-3757.3606738366643,7.16400956677262,0.0074380747941033,0.005956899726879267
2163,0.03841438427514967,4,VAMP2,18.237376447532924,20.135115799131473,-3504.1589974870535,-7.850765189642204,0.126828730225181,SE,3635,3.498695031201696e-05,0.02008565691532867,0.003814697265625,7041.111452533977,-3584.412921011538,80.25392352448443,0.0,0.0
2164,0.009653990851433661,4,GAS7,18.237376447532924,82.51637158087851,-3818.6804509156773,-6.308624565710902,0.06341665840254847,SE,3635,1.7441330592130237e-05,0.1410395429130332,0.011556148529052734,7670.154359391225,-3826.317190424179,7.636739508501705,0.005719120332839389,0.004666353212747284
2165,0.01257057216372659,4,MAP2K4,18.237376447532924,63.18457528196849,-3541.082797621062,-4.859801237497181,0.04219929260725913,SE,3635,1.676902269768065e-05,0.08094558951904011,0.009953022003173828,7114.959052801994,-3555.532309338496,14.44951171743378,0.00014396717518916358,0.0001466323166196147
2166,0.2739521735493287,4,PMP22,18.237376447532924,2.131819984369807,-3398.047563759004,-1.8226833509767042,0.18031773217492195,SE,3635,0.0003159435589349417,0.008550684128623441,0.004459381103515625,6828.888585077878,-3929.1897645616054,531.1422008026016,0.0,0.0
2168,0.025932821825121702,4,UBB,18.237376447532924,30.213370999829646,-2085.806106152366,-6.881462229378301,0.08492215580030155,SE,3635,3.0046598756735412e-05,0.03599181162312402,0.004381656646728516,4204.405669864602,-2125.1931720113416,39.3870658589758,3.4759173317411296e-10,5.897463775050868e-10
2169,0.0075451800695942066,4,LRRC75A,18.237376447532924,105.8037806185701,-3142.6336916489727,-3.3024317382091155,0.018184737165637507,SE,3635,1.491255818646338e-05,0.19570550532923017,0.009337425231933594,6318.0608408578155,-3148.6399589439966,6.0062672950239175,0.014255151626644369,0.010897533268302515
2170,0.004014228158234496,4,MPRIP,18.237376447532924,199.5772946606636,-3766.54889979379,-5.474759131649494,0.037969098625733555,SE,3635,7.440720374891969e-06,0.3399726078235103,0.010388851165771484,7565.89125714745,-3769.836931195874,3.288031402084016,0.06978664670144574,0.04575768080725665
2171,0.05248238689129737,4,SREBF1,18.237376447532924,14.52224512948499,-3116.562892840416,-2.0440705871297773,0.029592855423310718,SE,3635,6.897522682302725e-05,0.0224366784867903,0.0043201446533203125,6265.919243240703,-3215.165961643999,98.60306880358257,0.0,0.0
2173,0.038226322726939765,4,WSB1,18.237376447532924,20.238131556206714,-3384.6142965081704,-2.861514268981538,0.03263832576509172,SE,3635,3.4957479133240113e-05,0.020251415825223898,0.004366159439086914,6802.022050576211,-3441.652261443217,57.0379649350466,4.2743586448068527e-14,9.412365413352393e-14
2175,0.010906113213000909,4,FLOT2,18.237376447532924,72.9503812610999,-3477.63249283963,-3.933379771520257,0.028290772736263632,SE,3635,1.453960619423225e-05,0.09260424906904871,0.009857177734375,6988.05844323913,-3488.572658849451,10.940166009821041,0.0009410173750371564,0.0008578646640326575
2176,0.006914544264741692,4,TAOK1,18.237376447532924,115.52689745514287,-3361.7470092513104,-3.4611929652494986,0.01947888033847101,SE,3635,1.0975818777214102e-05,0.1710670404075402,0.011486053466796875,6756.287476062491,-3366.675225563813,4.928216312502627,0.02642157610021212,0.019112381538765367
2177,0.01139534439501319,4,GIT1,18.237376447532924,69.78390145319705,-3702.5284199448433,-4.312752277387576,0.03410597093682711,SE,3635,1.6313958260138582e-05,0.09536705322717373,0.008654594421386719,7437.850297449557,-3712.2159940403644,9.687574095521086,0.0018551830847424178,0.0016389130098601915
2178,0.007851002351887041,4,COPRS,18.237376447532924,101.65104331923357,-3719.0152691439507,-5.113315405334583,0.04087630696081855,SE,3635,1.4433741429312043e-05,0.17517343713849842,0.009890556335449219,7470.823995847772,-3724.8732431509015,5.857974006950826,0.015506633149186655,0.01178061550269301
2180,0.045460796707644115,4,ARHGAP23,18.237376447532924,16.88949939174115,-3116.7642976567827,-2.1951853853946313,0.027541968385356486,SE,3635,5.4484370055484366e-05,0.022971510760975783,0.0037360191345214844,6266.3220528734355,-3182.6722570821958,65.90795942541308,4.440892098500626e-16,1.0863669926910624e-15
2181,0.054076639432902085,4,SRCIN1,18.237376447532924,14.070395537148336,-3388.9793215805553,-2.9546563552176894,0.042178407970386876,SE,3635,0.0001229066799207672,0.03789530065740591,0.0037658214569091797,6810.752100720981,-3454.9433106254473,65.96398904489206,4.440892098500626e-16,1.0863669926910624e-15
2182,0.006125859430864894,4,MLLT6,18.237376447532924,130.50417754077225,-3122.784576640317,-2.313360604775689,0.009570666891754035,SE,3635,8.661878727704574e-06,0.17144144130720776,0.011546850204467773,6278.362610840504,-3128.2410675030187,5.456490862701685,0.01949576156809607,0.01456449806712543
2183,0.006324265978776881,4,CISD3,18.237376447532924,126.38473075369288,-3422.013470511036,-2.531246212035485,0.011568660054196577,SE,3635,1.1024712087983246e-05,0.2048999245109322,0.009375810623168945,6876.820398581942,-3427.9618540231777,5.948383512141845,0.014730788268370487,0.01122287997384347
2184,0.008817862748371857,4,PSMB3,18.237376447532924,90.41701849195425,-3822.5711537796888,-4.967147590584495,0.04043499944157621,SE,3635,1.5234373050542905e-05,0.14715441710002622,0.016893863677978516,7677.935765119248,-3829.8066504260473,7.23549664635857,0.007147603529476743,0.0057413586016963804
2185,0.009205305043856828,4,PIP4K2B,18.237376447532924,86.57759904961785,-3755.0839933367733,-5.043168687434055,0.04183816333760898,SE,3635,1.0575949366387522e-05,0.09388872807063525,0.011508941650390625,7542.961444233417,-3765.6615673872116,10.577574050438216,0.0011446777315350376,0.001035021409256999
2186,0.0051735388538458865,4,RPL23,18.237376447532924,154.6748357065633,-3767.1360678804267,-5.754997231844294,0.0451072881676678,SE,3635,9.158827058139666e-06,0.25315552533228536,0.009842395782470703,7567.065593320724,-3771.0414581696023,3.905390289175557,0.04813144676774961,0.032756031276161966
2187,0.008052423836313197,4,LASP1,18.237376447532924,99.08824689679867,-3293.7086729151124,-3.387906245799806,0.019677632255569618,SE,3635,8.598253755675436e-06,0.09927921229711595,0.012441873550415039,6620.210803390095,-3302.9028822981245,9.194209383012094,0.002427819298453593,0.0021060738302041606
2188,0.0036860008119211536,4,LINC00672,18.237376447532924,217.42068318436006,-3211.9489022811504,-3.5618765208171324,0.016293562172055114,SE,3635,5.927982880460356e-06,0.32080190624444477,0.009716987609863281,6456.691262122171,-3215.109355632765,3.1604533516147058,0.07544223004438466,0.04910696242498541
2189,0.03311954634972991,4,NEUROD2,18.237376447532924,23.482722780874365,-3571.981384267601,-4.557337421545291,0.05314453347784048,SE,3635,7.776520786729991e-05,0.058795500730158747,0.003779172897338867,7176.756226095072,-3608.6910461999787,36.70966193237791,1.3709826607311015e-09,2.206453172990464e-09
2191,0.019779207531766145,4,MIEN1,18.237376447532924,39.863467534746185,-3637.899057656243,-3.874177667180069,0.03498359182583988,SE,3635,5.782402815248013e-05,0.11612334452448661,0.012151718139648438,7308.591572872356,-3646.1928362437584,8.29377858751559,0.00397811273785964,0.0033578230021856213
2193,0.008868737448641337,4,THRA,18.237376447532924,89.89373530548727,-3872.7840209646556,-4.52855123031842,0.03471096924046209,SE,3635,2.7359357497326992e-05,0.26130575239971476,0.010969877243041992,7778.361499489181,-3876.511005004244,3.7269840395883875,0.05353998489446288,0.03603582593287784
2195,0.035163783435495616,4,EIF1,18.237376447532924,22.070798728228773,-2876.2740104844506,-6.456291725765094,0.08453024439898912,SE,3635,4.3400356290075376e-05,0.029349638147100107,0.003793954849243164,5785.341478528771,-2920.406306232202,44.132295747751414,3.069156040425014e-11,5.580283709863663e-11
2198,0.008003954392114355,4,RAB5C,18.237376447532924,99.69316538572097,-3529.3121538397663,-3.7959005586320687,0.02423276661135044,SE,3635,2.0010858967170114e-05,0.2338141490818337,0.009275197982788086,7091.417765239403,-3534.177199732997,4.865045893230672,0.02740606966698622,0.019760782961677683
2199,0.033919018381347484,4,ATP6V0A1,18.237376447532924,22.910275271142517,-3811.50056003245,-7.189360825203961,0.10923654797946039,SE,3635,4.5545862516439535e-05,0.03293731198774061,0.003883838653564453,7655.79457762477,-3857.387125319584,45.88656528713409,1.2530199100524442e-11,2.3545828680518253e-11
2200,0.00927077378915771,4,TUBG2,18.237376447532924,85.96052128316545,-3635.6335202702994,-4.542891107067158,0.03468643489374342,SE,3635,1.9410342432563e-05,0.16993745639314756,0.00805044174194336,7304.060498100469,-3642.3119013762366,6.678381105937206,0.009758921744376758,0.007673983413037355
2201,0.005581399060007474,4,COA3,18.237376447532924,143.3132069512667,-3747.87440696225,-4.316782660604273,0.027329742252124683,SE,3635,7.617235451019223e-06,0.18120444227881305,0.011334657669067383,7528.54227148437,-3752.142098163184,4.267691200934223,0.03884367447520498,0.02696718182911314
2202,0.012820795752950382,4,RPL27,18.237376447532924,61.93570229410458,-3388.255280234016,-5.894979325999991,0.05880361185127501,SE,3635,2.7034120743099064e-05,0.12558128848857197,0.011492252349853516,6809.304018027902,-3398.85028639909,10.595006165073755,0.0011339352101767952,0.0010259975001905345
2203,0.008992317441041734,4,DUSP3,18.237376447532924,88.64728552256564,-3537.3877308993942,-4.42542137940114,0.032608827545354366,SE,3635,9.37498584534118e-06,0.08713963918842196,0.010895013809204102,7107.568919358659,-3549.2307412736354,11.843010374241203,0.000578781826065522,0.0005426652534538946
2205,0.009315192015166408,4,ATXN7L3,18.237376447532924,85.54679466446753,-3456.036776315961,-4.242602051904297,0.030465567573523047,SE,3635,2.4255825033690333e-05,0.21037783209158256,0.008180379867553711,6944.867010191792,-3463.9045721701414,7.867795854180258,0.005032295648184637,0.004151272258688626
2206,0.04605473753442037,4,RUNDC3A,18.237376447532924,16.66131187874852,-3722.4462636642634,-7.079397220141131,0.1155278294620011,SE,3635,3.5325336024596296e-05,0.014546416791779721,0.0037589073181152344,7477.685984888397,-3823.447547277793,101.00128361352972,0.0,0.0
2207,0.006019717431608348,4,NMT1,18.237376447532924,132.81946106306177,-3268.3303386196276,-3.4072504792570415,0.017949392799461856,SE,3635,1.2153280592051008e-05,0.24899351924733146,0.010548830032348633,6569.454134799125,-3272.208143183937,3.877804564309372,0.04892849896253415,0.033248015823944245
2211,0.004295602582645665,4,NFE2L1,18.237376447532924,186.45171410407582,-3628.5626716998468,-4.395226519283276,0.025713783899792304,SE,3635,6.530956193504529e-06,0.26089702145988874,0.012044191360473633,7289.918800959564,-3631.950272534335,3.3876008344882393,0.06568846570995723,0.04332394351637109
2212,0.013763664340706628,4,PDK2,18.237376447532924,57.637744337251966,-3397.7360150218783,-4.174468081581878,0.03327851370480429,SE,3635,1.739281028363214e-05,0.07037655111336026,0.010988473892211914,6828.265487603627,-3411.5375819471597,13.80156692528135,0.00020316671633535677,0.0002027830726843324
2213,0.030915549810591768,4,PPP1R9B,18.237376447532924,25.214171383524096,-3635.9799375728085,-3.3832893250382012,0.036437896433490165,SE,3635,0.00019833647023412827,0.1705751144705136,0.009348154067993164,7304.753332705487,-3645.1865717331543,9.206634160345857,0.0024113964122590703,0.0020945282529159135
2215,0.06695323086180849,4,ANKRD40,18.237376447532924,11.209646686437473,-3319.012220081581,-2.527285535637583,0.0436612416119875,SE,3635,7.760278415333271e-05,0.01641821434633712,0.0037827491760253906,6670.817897723032,-3428.926400929311,109.91418084773022,0.0,0.0
2216,0.0096459206717894,4,LUC7L3,18.237376447532924,82.58608119576012,-3473.030770610794,-3.0701551378164837,0.01841760738890742,SE,3635,1.5373892967765195e-05,0.12452514525571208,0.011128902435302734,6978.854998781459,-3482.340138013302,9.309367402507633,0.0022798518629980613,0.0019892587886081426
2217,0.00721008419021732,4,SPAG9,18.237376447532924,110.75850148387391,-3495.22391028576,-3.3341815826580605,0.018831359477894334,SE,3635,1.085915488520466e-05,0.15584871479476708,0.011443853378295898,7023.241278131391,-3501.291161318452,6.067251032691729,0.01377111261446129,0.010545478692711083
2218,0.024329490956192988,4,HLF,18.237376447532924,32.2574628448952,-3643.3481372081587,-4.999779481358511,0.054685736115115985,SE,3635,2.4629819740825276e-05,0.033302376925716914,0.004311800003051758,7319.489731976188,-3679.9030298829016,36.55489267474286,1.4842694850969451e-09,2.3859224915211025e-09
2219,0.023391394004669087,4,MMD,18.237376447532924,33.58338689496809,-3352.8100078356783,-3.4280599919527552,0.030275060675842017,SE,3635,5.510597787200248e-05,0.0802989400220609,0.008240938186645508,6738.413473231227,-3364.684726126287,11.874718290608598,0.0005690107597395855,0.0005349951873544163
2221,0.01879348763709358,4,DYNLL2,18.237376447532924,41.99649919691011,-3813.8902007431006,-6.6847276581681285,0.08285500305530728,SE,3635,1.705479037133288e-05,0.037784308541164255,0.009282588958740234,7660.573859046071,-3841.2314868784824,27.34128613538178,1.7053118162024816e-07,2.3317271692347317e-07
2223,0.2743225990785731,4,SEPT4,18.237376447532924,2.1278551538963524,-3822.987675096968,-2.840885428446279,0.2361174993477371,SE,3635,0.00028211728765985175,0.007624659528587578,0.00455021858215332,7678.768807753806,-4430.623262493913,607.6355873969451,0.0,0.0
2224,0.02872100903886167,4,TRIM37,18.237376447532924,27.202220160691212,-3740.4036446328073,-6.114567204574692,0.07968187616031353,SE,3635,3.355843551686449e-05,0.03314492254712425,0.003919363021850586,7513.600746825485,-3781.5087508039787,41.10510617117143,1.442589381284165e-10,2.520699273082131e-10
2225,0.035715826818880726,4,CLTC,18.237376447532924,21.71722747020916,-3609.473660148324,-8.20212685703195,0.13542666600132666,SE,3635,5.54098550299782e-05,0.03640239331562792,0.003793478012084961,7251.740777856518,-3654.62785196029,45.15419181196603,1.8211543384438755e-11,3.398447132640192e-11
2226,0.011113650699270224,4,TANC2,18.237376447532924,71.5730771060449,-3058.663150691673,-3.2249933174643766,0.01980776162268515,SE,3635,4.131088375229284e-05,0.25359506193561343,0.012388467788696289,6150.119758943216,-3061.9221884078534,3.259037716180501,0.07103079807645396,0.04643766284705004
2227,0.008787642592096356,4,CCDC47,18.237376447532924,90.73072319958936,-3048.1415309659315,-3.029403024707744,0.016503899846905718,SE,3635,1.8038424697779524e-05,0.17541833954329628,0.012793302536010742,6129.076519491733,-3052.147167663201,4.005636697269438,0.04534836622443217,0.031050465885801355
2228,0.008845061766623558,4,PSMC5,18.237376447532924,90.13650802330591,-3788.58398841502,-4.624557351411367,0.035688322830992804,SE,3635,1.0584144909507678e-05,0.10161977478951591,0.009659051895141602,7609.96143438991,-3795.7705590812466,7.186570666226544,0.00734512269110299,0.0058894688388950196
2229,0.04749182228934072,4,SNHG25,18.237376447532924,16.132806652115974,-3662.72503333138,-2.9174109855547625,0.04199234011784201,SE,3635,3.908634467864326e-05,0.015222550189275123,0.003818035125732422,7358.24352422263,-3767.3488948172408,104.62386148586074,0.0,0.0
2230,0.04348429714797104,4,PRKCA,18.237376447532924,17.693742363959338,-3685.626518569869,-4.5073724646096816,0.06057176614254948,SE,3635,4.637538342155567e-05,0.021202826725003943,0.0038738250732421875,7404.046494699608,-3754.9757825399056,69.34926397003665,1.1102230246251565e-16,2.823732731474879e-16
2231,0.014177308535828962,4,PRKAR1A,18.237376447532924,55.93260795740452,-3646.0766938923134,-7.377216766374756,0.09158749809710104,SE,3635,1.6672685772693947e-05,0.06369164619888014,0.00883936882019043,7324.946845344497,-3663.2222881950483,17.145594302734935,3.462115049968073e-05,3.765657583561953e-05
2232,0.05109362480251888,4,RPL38,18.237376447532924,14.938833948320827,-3245.0284097400295,-6.431851504105709,0.0969304340626299,SE,3635,8.15834414566668e-05,0.02784671759837498,0.0038335323333740234,6522.850277039929,-3311.5127635425024,66.48435380247292,3.3306690738754696e-16,8.252787927901717e-16
2233,0.27741840465911327,4,TTYH2,18.237376447532924,2.09513337754547,-2847.7539285437024,-1.1298040725388292,0.13303897086430552,SE,3635,0.0004485767776460769,0.011985864874611063,0.003872394561767578,5728.301314647275,-3313.595739944239,465.8418114005367,0.0,0.0
2234,0.004063514612398888,4,HID1,18.237376447532924,197.14686114318434,-3100.0124824241157,-2.3726169899537886,0.008347651627251254,SE,3635,5.447822125332073e-06,0.24296360424970445,0.010870218276977539,6232.8184224081015,-3104.320287316505,4.307804892389413,0.037937884997823135,0.026405108470418975
2235,0.009471854178625935,4,ATP5PD,18.237376447532924,84.11856728333608,-3803.9599223732275,-6.702833927411356,0.07047122443695032,SE,3635,1.1203870059847605e-05,0.09404734523138876,0.009801387786865234,7640.713302306325,-3815.5862599806514,11.62633760742392,0.0006502446184425414,0.0006046127004428985
2237,0.008018440852774181,4,MRPS7,18.237376447532924,99.51160219509556,-3310.8441252023586,-3.3036904544439976,0.018894476620206588,SE,3635,1.2482029393224162e-05,0.14532677169752786,0.009851217269897461,6654.481707964587,-3317.170683615529,6.32655841317046,0.011894291655656142,0.009197257915554386
2239,0.006481196915720286,4,WBP2,18.237376447532924,123.30506719365675,-3752.472536256404,-6.6142924997396575,0.06232853410628968,SE,3635,1.3213496883456662e-05,0.23398308862262246,0.009864091873168945,7537.738530072678,-3756.8143042300944,4.3417679736903665,0.037188287989861735,0.025992286292795926
2241,0.02040600365841381,4,RNF157,18.237376447532924,38.61430339994518,-3424.421280145234,-4.254930357679445,0.03920232272515247,SE,3635,2.3996775966448217e-05,0.04539178133264596,0.004420757293701172,6881.636017850338,-3450.9155017838293,26.494221638595263,2.643275922586952e-07,3.556407604935172e-07
2242,0.012842181827875294,4,TIMP2,18.237376447532924,61.831221289969896,-3806.5136416842897,-4.652317669203382,0.04050040407476119,SE,3635,1.5456276224875915e-05,0.07156622321705874,0.009773731231689453,7645.82074092845,-3816.737581630918,10.223939946628434,0.0013862939478078706,0.0012426352387836285
2243,0.06609229422734642,4,AATK,18.237376447532924,11.366144715248748,-3474.2673391666217,-3.4281265870240203,0.05582450803891964,SE,3635,9.062201562505573e-05,0.01960934077120186,0.0043795108795166016,6981.3281358931135,-3590.4598158522804,116.19247668565868,0.0,0.0
2249,0.007014908892250495,4,ANAPC11,18.237376447532924,113.86250732790027,-3913.637541443315,-4.8157345898695345,0.03600272370328908,SE,3635,6.274214503284167e-06,0.09505003642709932,0.009916067123413086,7860.0685404465,-3923.5382377957603,9.900696352445266,0.0016521624298383442,0.001470178208369859
2250,0.009984432257855181,4,CENPX,18.237376447532924,79.75881613029979,-3523.485439046348,-3.410030781589234,0.022016724990482614,SE,3635,2.1512047314999995e-05,0.16285546395211192,0.01104116439819336,7079.764335652566,-3531.042544920549,7.55710587420117,0.00597739075855519,0.004859400342027841
2251,0.00814130114167204,4,DCXR,18.237376447532924,97.99773480917361,-3726.965756401056,-3.356301289618985,0.020432864413082286,SE,3635,1.6831968193228012e-05,0.19019898080475722,0.011444807052612305,7486.724970361982,-3734.6826453753606,7.716888974304766,0.005470658742088408,0.00448538858694302
2253,0.013760751525877317,4,FASN,18.237376447532924,57.65011510635984,-3854.5295380718117,-5.12101750298923,0.04864358374499106,SE,3635,2.1256967881883172e-05,0.08604748417962878,0.009256362915039062,7741.8525337034935,-3866.9645592365086,12.435021164696991,0.0004213575435848549,0.00040264021468594096
2254,0.028686285381412706,4,RAB40B,18.237376447532924,27.236121082309108,-3691.8944219827217,-4.692228781998005,0.053321609009306596,SE,3635,3.8903097482352557e-05,0.038511392226287744,0.0043795108795166016,7416.582301525314,-3723.7569490455408,31.862527062819026,1.6547898384899895e-08,2.409571980485227e-08
2255,0.013181676500477446,4,TBCD,18.237376447532924,60.21803861255004,-3060.129744445074,-3.0454815543878753,0.019340162588700294,SE,3635,2.4725964582584384e-05,0.10881762243137393,0.02409195899963379,6153.052946450018,-3069.2065502011797,9.076805756105841,0.002588718252612199,0.0022398731446162264
2257,0.006377162336615509,4,NDUFV2,18.237376447532924,125.32974105113294,-3784.7549106678744,-5.693931788761067,0.04700713127462261,SE,3635,1.2881081644934663e-05,0.23549807236449805,0.011022090911865234,7602.303278895619,-3788.862741905233,4.107831237358823,0.042685066413875594,0.02936135819508082
2258,0.005092763374873026,4,ANKRD12,18.237376447532924,157.14086583853177,-3501.405866195395,-3.550481972392047,0.018514559468400183,SE,3635,8.166063167290676e-06,0.23285372569137613,0.012039661407470703,7035.60518995066,-3505.4180585271024,4.012192331707411,0.045172376627051536,0.030945712556950698
2262,0.020416794885309897,4,OSBPL1A,18.237376447532924,38.59346879124961,-3439.788694549221,-4.277653896504093,0.03960752679938782,SE,3635,3.172235146901862e-05,0.05994453793080687,0.009660959243774414,6912.370846658312,-3457.7240912658863,17.93539671666531,2.2853108701426095e-05,2.5203130311557845e-05
2263,0.008793290459550386,4,RPRD1A,18.237376447532924,90.67193086014117,-3532.233131814439,-4.172153947200522,0.0292772257552106,SE,3635,1.2166948598668884e-05,0.11817078714431374,0.00987863540649414,7097.259721188748,-3540.2226027133474,7.989470898908621,0.004705016290898589,0.0039052347655935808
2264,0.0075610550673976705,4,TPGS2,18.237376447532924,105.57994885635237,-3476.473033005337,-4.336681625778302,0.029754239483383325,SE,3635,1.2178711797636675e-05,0.15916778985609883,0.010973453521728516,6985.739523570544,-3483.506541271163,7.033508265825731,0.007999848120824216,0.006365128336551713
2265,0.06622944463139194,4,SYT4,18.237376447532924,11.340941543410455,-3873.1875555046277,-7.011811404235189,0.1327194930450203,SE,3635,0.00014194184361930544,0.030603558196674593,0.005073070526123047,7779.1685685691255,-3959.7432651961,86.5557096914722,0.0,0.0
2266,0.05540037013646389,4,ATP5F1A,18.237376447532924,13.714979245477535,-3474.822432904674,-7.803608004474051,0.13803497883178453,SE,3635,6.692241879132511e-05,0.019762635691569715,0.003749370574951172,6982.438323369218,-3560.427594842178,85.60516193750436,0.0,0.0
2267,0.005440112018787924,4,CTIF,18.237376447532924,147.05613486526573,-3043.0854842559693,-3.0806342740033377,0.014330580716185422,SE,3635,7.75863476614351e-06,0.1941658230461301,0.009739875793457031,6118.964426071809,-3047.951710732862,4.866226476892734,0.027387325007523167,0.019757855720757635
2268,0.018238723703132988,4,RPL17,18.237376447532924,43.29836566846297,-3742.8637388261004,-6.20431337431565,0.07193973520687053,SE,3635,1.7558431380227495e-05,0.041208944443110795,0.013966083526611328,7518.520935212071,-3768.1980623252853,25.334323499184848,4.820541252836819e-07,6.371138644578044e-07
2270,0.011658782284390842,4,WDR7,18.237376447532924,68.18891264261954,-3351.95137136795,-3.937155372350762,0.028576046334215496,SE,3635,1.2976917189277938e-05,0.07254882778934903,0.009902000427246094,6736.69620029577,-3366.657145114559,14.705773746609339,0.0001256609936568509,0.00012906195045949993
2272,0.018178562437418354,4,NEDD4L,18.237376447532924,43.44432203188744,-3390.152847927623,-3.82991585008896,0.03203106623099853,SE,3635,5.426383672226721e-05,0.12816788432755294,0.011002302169799805,6813.099153415116,-3398.76577787514,8.612929947516932,0.00333784929690506,0.0028477644315555947
2273,0.004101214786353264,4,SEC11C,18.237376447532924,195.32720610691138,-3719.933421869244,-4.697567354809885,0.028715463379169883,SE,3635,6.9469256212079136e-06,0.30419885574084515,0.010382652282714844,7472.660301298358,-3723.5371054386487,3.603683569404893,0.0576516958103056,0.0383808689664218
2274,0.21770000728455252,4,CNDP1,18.237376447532924,2.890513037718936,-3074.9247540220317,-1.3334549905995856,0.11098041750591926,SE,3635,0.00028374913358102365,0.009946470656897998,0.004409313201904297,6182.642965603934,-3499.0079408742668,424.08318685223503,0.0,0.0
2276,0.035729922129707034,4,NRSN2,18.237376447532924,21.708342787372207,-3818.6181713464407,-5.919806461734732,0.08223839498768763,SE,3635,5.4049903920947225e-05,0.03548295061301356,0.0038504600524902344,7670.029800252752,-3866.494244379078,47.87607303263712,4.540257059204578e-12,8.815954365290567e-12
2278,0.011080654752956332,4,SNPH,18.237376447532924,71.78860251208539,-3090.8081245642243,-3.2437304489147505,0.020044712643957237,SE,3635,1.5883305235128904e-05,0.09807103666539982,0.009851455688476562,6214.409706688319,-3101.8523143115717,11.044189747347446,0.0008896557659573423,0.0008159450539857885
2280,0.015857710263589342,4,IDH3B,18.237376447532924,49.92033208472943,-3383.7465866898574,-4.1877258760502905,0.0349518999940936,SE,3635,2.8283691572988126e-05,0.08695906600975298,0.011447906494140625,6800.286630939585,-3398.4464770469003,14.699890357042932,0.00012605378141106183,0.0001293666156912638
2283,0.020866458125401933,4,DDRGK1,18.237376447532924,37.74446206367151,-3433.564354821551,-3.681513037141499,0.0321755290299285,SE,3635,2.6704195239028656e-05,0.04839919869869622,0.009249448776245117,6899.922167202973,-3452.944877426783,19.380522605231818,1.0709375885653571e-05,1.2299762456782525e-05
2284,0.024707255271335268,4,PRNP,18.237376447532924,31.751960172372897,-3257.642494434521,-8.010686952211813,0.1172601603935006,SE,3635,1.9891266756475714e-05,0.026119218886903366,0.003773927688598633,6548.078446428912,-3301.8001340323535,44.15763959783271,3.029665407439097e-11,5.515936527260259e-11
2285,0.0072557712338202655,4,TMEM230,18.237376447532924,110.05602920851437,-3514.029731483586,-3.9786154561326956,0.02537655748142415,SE,3635,6.028156090067464e-06,0.08544513066775031,0.010881662368774414,7060.852920527042,-3523.8579758284804,9.828244344894301,0.0017185230411066454,0.0015231848729415714
2287,0.03063590211841188,4,TMX4,18.237376447532924,25.451671398749284,-3653.7059207925554,-5.44140374014156,0.06723976395935498,SE,3635,6.707047028042321e-05,0.05867412411656621,0.003760814666748047,7340.205299144981,-3688.6356040647215,34.92968327216613,3.418296534718479e-09,5.298574435885369e-09
2288,0.01690716502037224,4,BTBD3,18.237376447532924,46.771768268132945,-3481.961662251073,-4.02617648556977,0.034045143798055205,SE,3635,3.0019806990900992e-05,0.08154436266530479,0.009271621704101562,6996.716782062016,-3496.0150503471514,14.053388096078379,0.0001776934157416976,0.00017841672679627714
2289,0.01991147108009229,4,DSTN,18.237376447532924,39.59332810111317,-3651.633037601352,-6.987953344426029,0.08973551293268699,SE,3635,4.150780591804653e-05,0.08229749353932059,0.0037500858306884766,7336.059532762574,-3675.4182373183335,23.785199716981424,1.0770747818078519e-06,1.372306023653255e-06
2291,0.014505375927127537,4,ENTPD6,18.237376447532924,54.64939027416267,-3663.354872349635,-4.913868653598252,0.04531652444998085,SE,3635,5.0823684041002e-05,0.18571964374008776,0.009847402572631836,7359.50320225914,-3672.0341624615803,8.679290111945193,0.0032184632611386155,0.0027493943010015306
2292,0.01511732836470565,4,PYGB,18.237376447532924,52.40461079344421,-3462.906696779335,-3.666043970483705,0.02835993662920983,SE,3635,4.382759257857819e-05,0.14782170794365582,0.010350942611694336,6958.60685111854,-3472.7230513668856,9.81635458755045,0.0017296683480202413,0.0015320540756897229
2294,0.012808449092407529,4,KIF3B,18.237376447532924,61.9961803789351,-3380.6834289252292,-4.110582967054423,0.03167102309446787,SE,3635,1.9995193570787472e-05,0.09305787031827009,0.011536359786987305,6794.160315410329,-3391.9790742127097,11.29564528748051,0.000776890950644038,0.000714959959553026
2296,0.006757014148840567,4,RALY,18.237376447532924,118.23899467184307,-3136.1012211258876,-2.8285700461684735,0.013582428113448923,SE,3635,1.1844976160661207e-05,0.19319584711295598,0.011491775512695312,6304.995899811645,-3142.906494702958,6.805273577070238,0.009088902683252909,0.0071722612483147465
2297,0.007746031060156741,4,DYNLRB1,18.237376447532924,103.03948054741836,-3736.6234999270127,-7.09733346023488,0.07443702013377132,SE,3635,6.6758433592012355e-06,0.08319527199798991,0.015814542770385742,7506.040457413896,-3746.4892714083016,9.865771481288903,0.0016838205533126205,0.0014953821895605634
2298,0.013221279604924578,4,MAP1LC3A,18.237376447532924,60.03525168109498,-3791.904014394233,-6.876615797332899,0.07991497278167323,SE,3635,2.2201622721304263e-05,0.09713947556661055,0.009883403778076172,7616.601486348336,-3803.63751875222,11.73350435798693,0.000613848962295549,0.0005735457475993767
2299,0.1775553239006324,4,TP53INP2,18.237376447532924,3.7259158723086734,-3247.1275865744783,-1.6597074264861276,0.09723597943408337,SE,3635,0.00022625106029085435,0.01031243131369534,0.0043315887451171875,6527.048630708827,-3594.5657879915243,347.438201417046,0.0,0.0
2302,0.003972940024444793,4,RBM39,18.237376447532924,201.6597286386912,-3533.753844588822,-3.722394234202335,0.01845361377843138,SE,3635,8.223398648679579e-06,0.3835181252600953,0.01141977310180664,7100.3011467375145,-3537.065688421694,3.3118438328720003,0.06878227744820309,0.04518722062470729
2304,0.010839738985585826,4,EPB41L1,18.237376447532924,73.40199869895297,-3829.1399597400414,-5.34173157670967,0.04868166206496721,SE,3635,1.1968593232900931e-05,0.0771444870396463,0.009723663330078125,7691.073377039953,-3844.0244179760703,14.884458236028877,0.00011430081791730107,0.00011766377583473995
2305,0.00663111812166699,4,RPN2,18.237376447532924,120.49910938771733,-3455.407509968665,-3.4803295793647075,0.01954419036945541,SE,3635,1.4362514988348143e-05,0.24311053927008153,0.009246110916137695,6943.6084774972005,-3460.0532570639834,4.6457470953182565,0.03113058382075018,0.022184738084895166
2306,0.009182141909604513,4,MANBAL,18.237376447532924,86.7980313278172,-3325.9664240511484,-3.5384614382425634,0.022157280531122564,SE,3635,1.3953117536641136e-05,0.12448360790307049,0.011135339736938477,6684.726305662167,-3333.643142484777,7.676718433628594,0.005593779821934541,0.0045779662333903575
2307,0.02072856088844673,4,BLCAP,18.237376447532924,38.000909123696026,-3731.3079562120383,-5.669663520386374,0.06403935061015378,SE,3635,6.714735886423768e-05,0.12325441327573022,0.008177757263183594,7495.409369983947,-3746.6568243867687,15.348868174730342,8.937445281653744e-05,9.32888004573492e-05
2308,0.043929579207722995,4,VSTM2L,18.237376447532924,17.506240430746352,-3709.0622277221587,-6.118911732192428,0.09133632462248772,SE,3635,7.81511685751629e-05,0.035072257063270516,0.00445246696472168,7450.9179130041875,-3780.7046960811654,71.64246835900667,0.0,0.0
2309,0.013767310774171607,4,SERINC3,18.237376447532924,57.62226525689667,-3826.5582014229603,-6.581373905327025,0.07474024650343829,SE,3635,2.5885135549180303e-05,0.10468515140055276,0.009345293045043945,7685.909860405791,-3839.6491186454095,13.090917222449207,0.0002967310232149245,0.00028846683812275905
2311,0.06570946924686694,4,SLC12A5,18.237376447532924,11.437050477831699,-3813.033258006078,-7.2058682964590615,0.1359534460529524,SE,3635,0.00011129213330258534,0.02432705795149948,0.004344463348388672,7658.859973572026,-3936.5596645846745,123.52640657859638,0.0,0.0
2312,0.10630123949549133,4,PREX1,18.237376447532924,6.762587183045811,-3125.56257639645,-2.1695589679038534,0.056448621759329985,SE,3635,0.00015742228085840335,0.015370246511924967,0.004895687103271484,6283.91861035277,-3302.496092767924,176.93351637147407,0.0,0.0
2313,0.027099906405584233,4,ZFAS1,18.237376447532924,28.877560619273524,-3526.3595792575816,-3.137606285158878,0.03046083869211713,SE,3635,2.4600575480973474e-05,0.027112726164346887,0.004274129867553711,7085.512616075033,-3569.588884303789,43.22930504620763,4.868605518737468e-11,8.769059471499882e-11
2314,0.45199258488116856,4,BCAS1,18.237376447532924,0.9752482392042578,-3291.317693783474,-1.1406234780385203,0.35792603733044637,SE,3635,0.0004940242042854438,0.009389379182754173,0.003219127655029297,6615.4288451268185,-4069.9916052473154,778.6739114638413,0.0,0.0
2315,0.01158075779918455,4,RTF2,18.237376447532924,68.6537497507828,-3406.2287895634654,-3.5170038600551665,0.023999188630697593,SE,3635,1.6977404146084034e-05,0.09616632034855477,0.010932683944702148,6845.251036686801,-3416.0579641222216,9.829174558756222,0.0017176541457235572,0.0015231848729415714
2316,0.16654071009961532,4,GNAS,18.237376447532924,4.025538917297697,-1918.2300868686875,-7.164900878560637,0.14184041682003237,SE,3635,0.00035356866325914147,0.017595946362094418,0.0043489933013916016,3869.2536312972456,-2199.8901113028355,281.660024434148,0.0,0.0
2317,0.0123466587338816,4,ATP5F1E,18.237376447532924,64.34505005128084,-2582.9517598825496,-7.391222402827945,0.08617817827452547,SE,3635,3.901486784231963e-05,0.1950412950701856,0.007635831832885742,5198.696977324969,-2591.2810633881186,8.329303505568987,0.0039010611667983364,0.003301069483625808
2319,0.004671471733837058,4,FAM217B,18.237376447532924,171.38498731828173,-3219.323866118457,-3.967088772538717,0.02150180327963172,SE,3635,6.512620065823344e-06,0.2203263847921415,0.010791778564453125,6471.441189796784,-3224.5300312683858,5.206165149928893,0.022506925255987298,0.016538528066561347
2321,0.0467916779456658,4,RPS21,18.237376447532924,16.386237911237426,-2819.9846829251874,-6.036101664153942,0.08117074059076508,SE,3635,5.217899005623297e-05,0.020876120925970888,0.0043125152587890625,5672.762823410245,-2908.5420628811116,88.55737995592426,0.0,0.0
2322,0.022420561258511117,4,KCNQ2,18.237376447532924,35.072411527372196,-3650.600774399969,-5.099800067775993,0.05492290275445851,SE,3635,3.361105350347128e-05,0.053100210094601225,0.0037932395935058594,7333.995006359808,-3678.130521040265,27.529746640296253,1.5469683389834898e-07,2.1195270706309624e-07
2323,0.22117459244479185,4,EEF1A2,18.237376447532924,2.832467434179981,-3175.2231065010506,-8.76019430243021,0.26984530165150183,SE,3635,0.0004071250345053651,0.013999933599990569,0.004407405853271484,6383.239670561971,-3558.8507862133833,383.6276797123328,0.0,0.0
2324,0.05262518638129184,4,PPDPF,18.237376447532924,14.480656033440248,-3792.485346524553,-5.353430580915379,0.08347299996942477,SE,3635,4.255944488762067e-05,0.01377674228270242,0.004897356033325195,7617.764150608976,-3901.0113669326724,108.52602040811962,0.0,0.0
2325,0.14228223719634475,4,STMN3,18.237376447532924,4.849017694065077,-3605.0337898902267,-8.14688987613528,0.21501465493745733,SE,3635,0.00028748997506728514,0.017927722076090388,0.004313945770263672,7242.8610373403235,-3780.2715481311607,175.237758240934,0.0,0.0
2326,0.010929758522373099,4,DNAJC5,18.237376447532924,72.7908210941519,-3743.8612967038116,-5.193389237617224,0.04618056610899497,SE,3635,2.0157538137367594e-05,0.12784300268589643,0.00980687141418457,7520.516050967493,-3754.3547824176494,10.4934857138378,0.0011979615468082905,0.0010795732139537663
2327,0.00510543580856448,4,TCEA2,18.237376447532924,156.74882278847102,-3759.320536719575,-4.736330585115958,0.03137391093887673,SE,3635,6.0079045769432425e-06,0.17047381112327054,0.012026071548461914,7551.43453099902,-3764.4979594559036,5.177422736328481,0.022882240703044565,0.01674117170423944
2329,0.014894886629373157,4,BSG,18.237376447532924,53.1992391811453,-3628.1896068016795,-6.481985658961657,0.07325102579349302,SE,3635,2.764475355965268e-05,0.09595829327163924,0.014763593673706055,7289.172671163229,-3641.896854796034,13.707247994354475,0.00021362843641881124,0.00021275155500964988
2330,0.01156440205733916,4,HCN2,18.237376447532924,68.75198562989384,-3071.184563206464,-2.967840292880743,0.017740486265118285,SE,3635,4.13312849825357e-05,0.2347626219441405,0.009877920150756836,6175.1625839727985,-3075.799222485214,4.6146592787499685,0.03169979220323671,0.022554537022638498
2333,0.018175635931645593,4,GPX4,18.237376447532924,43.451446628564085,-3151.125331458954,-6.940284591094548,0.08438888617447235,SE,3635,4.63038383718734e-05,0.10940076406867709,0.010849237442016602,6335.044120477778,-3164.5380746543888,13.412743195434814,0.00024992066130768986,0.0002458018199995887
2334,0.005044871471387957,4,CIRBP,18.237376447532924,158.64026942192422,-3793.022435420522,-6.429100956814587,0.05519082159796943,SE,3635,5.522129526579376e-06,0.16043441603445938,0.011379241943359375,7618.838328400914,-3798.4066463000368,5.38421087951474,0.020319776231917164,0.015121313768723556
2335,0.015707050517099766,4,NDUFS7,18.237376447532924,50.40687613171062,-3863.210319051487,-5.457629554029168,0.05623573781168088,SE,3635,1.536805901478545e-05,0.04813058535373011,0.009296655654907227,7759.214095662845,-3882.1764928538255,18.96617380233829,1.330565405732731e-05,1.5069152131041033e-05
2336,0.0074969145650967345,4,UQCR11,18.237376447532924,106.49012918271775,-3230.987122640692,-7.486764777792308,0.08064305242533812,SE,3635,6.310013793308222e-06,0.0838626467268247,0.010977506637573242,6494.7677028412545,-3243.329584906115,12.34246226542291,0.0004427706332646997,0.0004207116957060578
2337,0.0047754736438689075,4,ABHD17A,18.237376447532924,167.634988011417,-3884.212232189293,-4.313680039155682,0.02613790875491972,SE,3635,9.284147677320777e-06,0.30068711091884626,0.010865926742553711,7801.217921938456,-3887.7284466834662,3.516214494173255,0.06077110143228526,0.04035772687776281
2338,0.007509583679426147,4,BTBD2,18.237376447532924,106.30911696775368,-3638.388907827599,-4.315539605579774,0.029786237840217045,SE,3635,1.1111550885756978e-05,0.14718688118471246,0.008803606033325195,7309.571273215068,-3646.2074620846265,7.818554257027699,0.005171254660997104,0.0042606785605275935
2340,0.00986996850932858,4,LSM7,18.237376447532924,80.6931215595728,-3514.113928673887,-3.583620281048448,0.023663675100680157,SE,3635,2.6620954409017755e-05,0.20613620754234926,0.01113271713256836,7061.021314907644,-3519.601939915121,5.488011241233835,0.01914731125959679,0.014328051706038654
2341,0.003864189849785756,4,TIMM13,18.237376447532924,207.35769064057672,-3730.6022130630845,-3.7921127927104985,0.019109836541976434,SE,3635,6.211416508502368e-06,0.30608081830513406,0.009896278381347656,7493.997883686039,-3734.282183819164,3.679970756079456,0.05506981600250338,0.03687140636754067
2342,0.014205363426130069,4,GNG7,18.237376447532924,55.82055521631385,-3567.29254993262,-2.988008182577606,0.021178681314687125,SE,3635,5.230280117621666e-05,0.19903744674674043,0.008659839630126953,7167.378557425111,-3578.2754559799996,10.982906047379402,0.000919561218439946,0.0008422245208806983
2343,0.03669932039148707,4,DIRAS1,18.237376447532924,21.113678038112486,-3672.2217630123955,-5.975746899112778,0.08242988961862162,SE,3635,4.298098084875958e-05,0.026849746950858445,0.003760099411010742,7377.236983584661,-3747.6081439952986,75.38638098290312,0.0,0.0
2344,0.010334635596191164,4,SGTA,18.237376447532924,77.02882152314443,-3238.833876888558,-3.260565092071145,0.02007394213317829,SE,3635,1.7510315087141115e-05,0.12390774416861489,0.014619827270507812,6510.461211336986,-3246.2350929186723,7.401216030114483,0.006517980137747625,0.00527021995403545
2346,0.0312035623425642,4,CELF5,18.237376447532924,24.97401713022305,-3317.992287898189,-4.292507172117346,0.045729072937653284,SE,3635,4.568790285458725e-05,0.038615784802213414,0.004313945770263672,6668.778033356248,-3347.2714686560776,29.279180757888753,6.266537100341196e-08,8.828629137082315e-08
2348,0.03800017250661353,4,PIP5K1C,18.237376447532924,20.3633617276064,-3651.5156237448614,-5.274604620646314,0.06947725955439168,SE,3635,5.700930442944413e-05,0.03339036556026638,0.0038204193115234375,7335.824705049593,-3699.9913793811406,48.475755636279246,3.3439917501709715e-12,6.577761550043911e-12
2350,0.032697842083990854,4,ATCAY,18.237376447532924,23.795953662311444,-3692.8737790993587,-5.588708152825937,0.07193869469265056,SE,3635,5.39075413121548e-05,0.04174465340317039,0.003875732421875,7418.5410157585875,-3732.053335314365,39.179556215006414,3.8656677858739386e-10,6.485137523343268e-10
2351,0.007065881296653896,4,EEF2,18.237376447532924,113.03531442830709,-3376.5527709527905,-5.81824132634371,0.0494906336598605,SE,3635,9.548415013240349e-06,0.1426025363439523,0.010866880416870117,6785.898999465451,-3382.898327685193,6.345556732402656,0.011767567169428728,0.009114957486075177
2353,0.006872523145842833,4,MAP2K2,18.237376447532924,116.2381893989297,-3738.410078301815,-4.943002123927542,0.037064787111407246,SE,3635,1.305984859033533e-05,0.2060092376092101,0.009942293167114258,7509.6136141635,-3745.54280981617,7.132731514355328,0.007568933681804779,0.00605089496519801
2354,0.0074359709749873175,4,MYDGF,18.237376447532924,107.36949147092518,-3142.4897540505262,-2.886452649464011,0.014545759625613594,SE,3635,9.258622430385948e-06,0.1250445774226779,0.0108642578125,6317.772965660923,-3150.769014840149,8.27926078962264,0.004010045101514592,0.0033826541751163283
2355,0.03368414957721388,4,RPL36,18.237376447532924,23.075629963656645,-2759.766921143182,-5.366139762150945,0.06081172389430527,SE,3635,4.7982696170167035e-05,0.035151881905447054,0.003821134567260742,5552.327299846234,-2815.2842393028996,55.51731815971743,9.259260025373806e-14,2.012586993325486e-13
2356,0.010119928646883974,4,HSD11B1L,18.237376447532924,78.68015023842008,-3454.6518201858826,-4.120540147552074,0.02974853365939628,SE,3635,9.233287223772611e-06,0.06807875286405844,0.010429859161376953,6942.097097931635,-3468.911993784008,14.26017359812522,0.00015919793423302409,0.00016116898738961332
2357,0.037209967882476234,4,SLC25A23,18.237376447532924,20.812887663021993,-3795.1238769434935,-4.387921968300838,0.05579203744835741,SE,3635,5.3112087226175375e-05,0.0323403568910218,0.004378080368041992,7623.041211446857,-3827.3340503988993,32.210173455405766,1.3836436330016966e-08,2.0457468300124988e-08
2358,0.033563636958378745,4,TUBB4A,18.237376447532924,23.161372824931206,-3549.054409411335,-6.966201319540212,0.1007661346752414,SE,3635,3.3995603142532326e-05,0.025072005614159835,0.0038330554962158203,7130.902276382541,-3614.679277533011,65.62486812167572,5.551115123125783e-16,1.3481539846121038e-15
2359,0.027924994634991186,4,C3,18.237376447532924,28.0005607023152,-3277.150729248846,-1.9798717749158978,0.019154209443178576,SE,3635,3.593498952702117e-05,0.03742368706100067,0.003770589828491211,6587.094916057562,-3316.5296397702677,39.37891052142186,3.490464584032793e-10,5.914686952563012e-10
2362,0.025428726400718468,4,TGFBR3L,18.237376447532924,30.8282624015689,-3555.7360549154846,-4.543862921260644,0.04762586075385989,SE,3635,3.282394344149767e-05,0.04080946228463746,0.0038182735443115234,7144.265567390839,-3592.154339278236,36.418284362751365,1.5920269547109456e-09,2.5530392165697258e-09
2363,0.07488670002284538,4,RPS28,18.237376447532924,9.936885403705533,-2508.136579888152,-5.505154918278382,0.07903927386957496,SE,3635,0.0001243359285872563,0.021686531683796556,0.004392385482788086,5049.066617336174,-2649.9517069585027,141.81512707035063,0.0,0.0
2364,0.007608004953226997,4,UBL5,18.237376447532924,104.9234387700697,-3586.8747802890557,-6.8248575498492094,0.06851050437987621,SE,3635,1.153863526731351e-05,0.14897584828215196,0.009186983108520508,7206.543018137982,-3594.4201511611327,7.545370872077001,0.006016443757583367,0.004888195411299618
2365,0.019067203443863617,4,OLFM2,18.237376447532924,41.38207891241635,-3051.13935262443,-3.0670869428011,0.02261952322401503,SE,3635,1.9761842430935367e-05,0.04258132442035873,0.004477262496948242,6135.07216280873,-3080.4262765698936,29.286923945463514,6.241545857932351e-08,8.802637573603852e-08
2368,0.011049168940460027,4,FDX2,18.237376447532924,71.99546413013584,-3123.5308472688484,-3.9499236805610196,0.02763503776887701,SE,3635,1.3003661126673176e-05,0.08073852038568563,0.012592315673828125,6279.855152097567,-3136.091732021323,12.560884752474522,0.00039390521201609907,0.0003772110732991438
2369,0.005056160135933287,4,CDC37,18.237376447532924,158.284284427956,-3611.990243448927,-5.049819141888626,0.03492849919646266,SE,3635,1.1625223822080374e-05,0.33625688377671764,0.009950876235961914,7256.773944457724,-3615.2782856770464,3.2880422281195933,0.06978618652640733,0.04575768080725665
2370,0.015088174866263118,4,SLC44A2,18.237376447532924,52.507421648861246,-3236.6503877724226,-2.376805769888499,0.015355881970655256,SE,3635,1.816864476822166e-05,0.061508884270792756,0.008640050888061523,6506.094233104715,-3255.9975957056845,19.34720793326187,1.0897847193214183e-05,1.2500049481482597e-05
2372,0.02660790965153663,4,PLPPR2,18.237376447532924,29.42639807113108,-3442.2578667755897,-4.087440505979606,0.041010127565131865,SE,3635,3.684233833430475e-05,0.042036149577622445,0.012955188751220703,6917.30919111105,-3464.247753576823,21.989886801233297,2.7409090974650496e-06,3.3770774760641647e-06
2373,0.049393004078294306,4,PRKCSH,18.237376447532924,15.480878972361637,-3512.512611154108,-2.962798617676534,0.04142638377667856,SE,3635,9.89711267430223e-05,0.03590506284784958,0.0037987232208251953,7057.818679868086,-3583.6975519320226,71.18494077791456,0.0,0.0
2374,0.007743462812849438,4,ELAVL3,18.237376447532924,103.073922077765,-3764.4638525905375,-4.679926095190328,0.03492782063369404,SE,3635,9.470962559336822e-06,0.11810547974725709,0.009881734848022461,7561.721162740945,-3772.3846782647533,7.920825674215848,0.004886896498927151,0.004041239771141636
2375,0.018620343446299842,4,WDR83OS,18.237376447532924,42.394489879838034,-3782.2382982270155,-4.364167412524436,0.04145205224234548,SE,3635,3.468952985620048e-05,0.07823398930561959,0.008157014846801758,7597.270054013901,-3795.8375997595404,13.599301532524805,0.00022626969750105808,0.00022434457848299457
2379,0.019901193428153597,4,JUNB,18.237376447532924,39.61419084793169,-3226.1817939176435,-2.20203965567985,0.016476509285307264,SE,3635,6.029812465957245e-05,0.11967153566624934,0.009235143661499023,6485.157045395157,-3238.5735286653153,12.391734747671762,0.000431238430950609,0.0004110038367537934
2381,0.005431675669040438,4,CALR,18.237376447532924,147.2857883045147,-3816.4447425866056,-4.932244848151189,0.03453152016338919,SE,3635,8.457673028208775e-06,0.2123103675145516,0.013000726699829102,7665.682942733081,-3820.6134900446023,4.1687474579966874,0.041176229442249745,0.028439807529647955
2382,0.006013272180796132,4,GADD45GIP1,18.237376447532924,132.96268410864468,-3757.822807632816,-5.188549883808832,0.038932879621404085,SE,3635,1.2995819349322078e-05,0.26681919598477394,0.010002374649047852,7548.439072825502,-3762.453785840913,4.630978208097076,0.03139965636599362,0.02235280972663327
2383,0.006499946990272241,4,NFIX,18.237376447532924,122.94705483620037,-3735.043694644459,-3.7857167936770395,0.02291175441669884,SE,3635,7.019088074276046e-06,0.12358675500902515,0.014117956161499023,7502.880846848788,-3743.3481290096424,8.304434365183624,0.003954839750476502,0.003340274399763296
2384,0.005359502686975698,4,C19orf53,18.237376447532924,149.28002350188103,-3815.290982284043,-5.15918251275599,0.03732288733234501,SE,3635,9.017216962097548e-06,0.23242428848868113,0.00872349739074707,7663.375422127956,-3819.7937106151403,4.502728331097387,0.03384081838122743,0.023906379747968717
2385,0.004031878038096044,4,GIPC1,18.237376447532924,198.70010730253458,-3133.6489312062495,-2.7604356548110585,0.010720805098725401,SE,3635,5.763880818454866e-06,0.2610748915115308,0.009952306747436523,6300.091319972369,-3137.369541113738,3.720609907488324,0.05374473597947871,0.03615554965892205
2386,0.005331067517038054,4,TECR,18.237376447532924,150.0805527469146,-3865.6480639000874,-4.971266944955293,0.03491306081460374,SE,3635,7.002909801226729e-06,0.18241347853593878,0.01027369499206543,7764.089585360045,-3871.070823242322,5.422759342234713,0.01987592424569473,0.014823809657139796
2387,0.0043503176868065025,4,NDUFB7,18.237376447532924,184.0965443651581,-3850.32020711911,-5.899900385159102,0.044962172041836466,SE,3635,5.3687113574213374e-06,0.20915454954597823,0.011343955993652344,7733.43387179809,-3854.429454090778,4.109246971668199,0.04264934816207089,0.029351795061550768
2388,0.013709172762523234,4,TPM4,18.237376447532924,57.87004161150651,-3387.5904560076524,-3.009973842717434,0.020373187171387565,SE,3635,1.9216978035591456e-05,0.0783595077445049,0.010904312133789062,6807.974369575175,-3398.128742097144,10.538286089491521,0.0011692680001778033,0.0010558368763045449
2389,0.0046714673987014515,4,SMIM7,18.237376447532924,171.38514711052338,-3057.889812365682,-2.727504451895086,0.011049242421662896,SE,3635,5.141180113270454e-06,0.17392995422124452,0.013714075088500977,6148.573082291234,-3062.77385400443,4.884041638748386,0.027106078684617452,0.019586464433763225
2390,0.014923853891003622,4,TMEM38A,18.237376447532924,53.09441793911805,-3032.620872078952,-3.495411073723522,0.024776114879683668,SE,3635,2.2957461138746248e-05,0.07938852183075014,0.007555723190307617,6098.035201717774,-3047.772045203713,15.151173124761044,9.923663445277064e-05,0.00010262750261344462
2391,0.007930773670834277,4,BABAM1,18.237376447532924,100.62050022074789,-3562.818632398399,-4.269090633138688,0.029563638947278394,SE,3635,1.4115086530293428e-05,0.16793269743009187,0.010788917541503906,7158.430722356668,-3568.44217942905,5.623547030651025,0.01772074958637837,0.013334710894773233
2393,0.00806379600230314,4,MAP1S,18.237376447532924,98.9473708740979,-3261.7499645453554,-3.461280191147998,0.020328352604215873,SE,3635,9.332117705921464e-06,0.1074540730630616,0.015361309051513672,6556.293386650581,-3270.3224017290663,8.572437183710917,0.0034129000394732545,0.002906267007146385
2394,0.038301066577201566,4,RPL18A,18.237376447532924,20.197067473521717,-3125.8776106723853,-4.741149421844685,0.05504221615332096,SE,3635,5.218557719250246e-05,0.030123068149600477,0.0038347244262695312,6284.548678904641,-3196.571124249929,70.69351357754385,0.0,0.0
2395,0.21722831511763685,4,RAB3A,18.237376447532924,2.8985361678623405,-3539.3471781187604,-8.401782805078865,0.2798042845018534,SE,3635,0.0004924930428915933,0.017309430752307644,0.004423618316650391,7111.487813797391,-3864.9991551495305,325.65197703077,0.0,0.0
2396,0.008360560998123363,4,JUND,18.237376447532924,95.40660043169973,-3790.572983265274,-6.239828984202202,0.05984427632376663,SE,3635,9.299970268757524e-06,0.09973907220213475,0.008163690567016602,7613.9394240904185,-3803.270290596754,12.697307331479806,0.0003661824858717244,0.00035141361632093907
2397,0.008086868176605986,4,LSM4,18.237376447532924,98.66277494882142,-3703.599636297966,-4.844574545808959,0.03743146583248831,SE,3635,1.3782062529063573e-05,0.15780351099068207,0.010567665100097656,7439.992730155802,-3710.0180913478125,6.418455049846671,0.011294037337793661,0.008768386539335163
2398,0.01661768363457354,4,SSBP4,18.237376447532924,47.600548559277456,-3645.21983926742,-4.331169042580896,0.03863490709189355,SE,3635,2.411529069973332e-05,0.06772735644727425,0.008633136749267578,7323.23313609471,-3662.622381340243,17.402542072823053,3.02421240447881e-05,3.3000327056172234e-05
2399,0.012371933882268397,4,FKBP8,18.237376447532924,64.21195352241904,-3753.4284141104363,-6.272542783362222,0.06653435172531745,SE,3635,9.605459298788405e-06,0.04782813601988099,0.01076364517211914,7539.650285780743,-3771.5592888344972,18.13087472406096,2.0623029475475008e-05,2.296965956028222e-05
2400,0.029888739967203634,4,UBA52,18.237376447532924,26.108023128098665,-3396.63233885274,-5.663360818008364,0.06866403043981432,SE,3635,5.6947973482092526e-05,0.05218295495391299,0.004518985748291016,6826.05813526535,-3434.2761559480805,37.64381709534064,8.49154080384551e-10,1.3882116855949805e-09
2403,0.008370360407317253,4,NDUFA13,18.237376447532924,95.29396361580584,-3548.6344703401064,-6.969881393095789,0.07285687903026562,SE,3635,2.1007591410736546e-05,0.22478128104056036,0.011338233947753906,7130.062398240083,-3553.0952404494183,4.460770109311852,0.034681858270770416,0.024418034461129456
2404,0.015715524701448956,4,UQCRFS1,18.237376447532924,50.37926180674176,-3849.175811912957,-6.354655479444004,0.07273890646432829,SE,3635,1.7350594353228778e-05,0.054282905322101845,0.0087127685546875,7731.145081385785,-3872.007550119056,22.831738206098635,1.7682144748398798e-06,2.2213372572472817e-06
2405,0.011677082872811566,4,LRP3,18.237376447532924,68.08078479724477,-3691.546769857435,-3.937377984018175,0.029703743519540835,SE,3635,1.307957060434716e-05,0.07289919793196506,0.010342597961425781,7415.88699727474,-3705.413534781078,13.866764923643132,0.00019623821685932352,0.00019630453595930982
2407,0.022867048986851827,4,FXYD1,18.237376447532924,34.37190372880918,-3588.1408896604617,-3.5793720553973434,0.03319055158107892,SE,3635,2.3653029441644122e-05,0.0359884477009577,0.004315376281738281,7209.075236880793,-3616.6853439629785,28.544454302516897,9.15717264238225e-08,1.2727850780170673e-07
2408,0.057505236669509324,4,FXYD7,18.237376447532924,13.183526626639843,-3732.1854993970005,-7.167309881421157,0.12686710673261217,SE,3635,9.638958798933833e-05,0.026638931068994284,0.003825664520263672,7497.164456353871,-3822.2092209219772,90.02372152497674,0.0,0.0
2410,0.44403328875040426,4,MAG,18.237376447532924,1.007148032808038,-3533.5667070247487,-1.4674734166518517,0.39763760155287686,SE,3635,0.00033623800144838014,0.006424315418097458,0.003223419189453125,7099.9268716093675,-4472.164627915483,938.5979208907343,0.0,0.0
2411,0.012868895287135704,4,COX6B1,18.237376447532924,61.70120130877337,-3609.7988454172882,-7.077736532514417,0.08294660790151821,SE,3635,3.738936760118652e-05,0.1724225915802972,0.009795188903808594,7252.391148394447,-3622.690241178721,12.891395761432705,0.00033009616576240575,0.0003183723201879183
2412,0.005648906745780141,4,POLR2I,18.237376447532924,141.59091889442848,-3802.6920962537624,-5.149970751877355,0.037778418885496004,SE,3635,8.492194478265214e-06,0.19727420058605893,0.009882211685180664,7638.177650067395,-3807.6392088394255,4.947112585663035,0.02613428134729645,0.018924912610822367
2413,0.022902300133604756,4,TBCB,18.237376447532924,34.31776050941807,-3860.1953945635732,-4.975304400024892,0.054783799036996164,SE,3635,2.5590916324831155e-05,0.03882277167828986,0.004373311996459961,7753.184246687017,-3892.246909840389,32.051515276815735,1.5013794429918903e-08,2.207691580355686e-08
2414,0.008541983444956594,4,CAPNS1,18.237376447532924,93.36318379588623,-3767.9685068709314,-6.515730768390676,0.06509804615392197,SE,3635,1.4088807139840178e-05,0.14485618715431992,0.007587909698486328,7568.730471301733,-3775.927671834074,7.959164963142484,0.004784448245001904,0.003963828595276993
2415,0.015969950937045133,4,SPINT2,18.237376447532924,49.56382656913051,-3861.99669158536,-5.325092044906538,0.054261017239776825,SE,3635,4.321010358640501e-05,0.13105021813647164,0.008221864700317383,7756.7868407305905,-3874.5054688353866,12.50877725002647,0.00040504460669721354,0.0003876024944470944
2420,0.15071340175992992,4,SIRT2,18.237376447532924,4.53275711743122,-3857.119580669869,-3.7963228286868316,0.13382570049411227,SE,3635,0.00020238184285238276,0.01160387836927072,0.00491786003112793,7747.032618899608,-4086.6921992084626,229.57261853859382,0.0,0.0
2422,0.05738478366933445,4,TTC9B,18.237376447532924,13.212887808137888,-3783.2219850922834,-7.570192876218262,0.13845778255478935,SE,3635,9.643725699649716e-05,0.026751418496317275,0.0037627220153808594,7599.237427744437,-3860.038490154271,76.81650506198775,0.0,0.0
2423,0.008038511869310639,4,BLVRB,18.237376447532924,99.2611275145677,-3298.5356427346014,-2.503554095994879,0.01238064001918774,SE,3635,1.0229401781198414e-05,0.1185155274399483,0.010993003845214844,6629.864743029073,-3308.189123461574,9.653480726972703,0.001889931345154694,0.0016663281251214986
2425,0.11760055079490461,4,ATP1A3,18.237376447532924,6.035537081557818,-3416.6573737151452,-7.911268489438627,0.18228511277289777,SE,3635,0.00021193358713503485,0.017643772980295562,0.004381656646728516,6866.108204990161,-3660.0897372163167,243.4323635011715,0.0,0.0
2427,0.03321364601685239,4,CADM4,18.237376447532924,23.413913470558526,-3357.8962101494617,-2.9312921307572704,0.030406579035002056,SE,3635,3.47465895477113e-05,0.02613191453274569,0.0038290023803710938,6748.5858778587935,-3408.9455556812018,51.04934553174007,9.007239398783895e-13,1.8361865441047065e-12
2428,0.039181842945890166,4,APOE,18.237376447532924,19.724971847792485,-3505.3220573216945,-4.786729787674413,0.06007376861835272,SE,3635,6.237747605834509e-05,0.034527183835685024,0.0044422149658203125,7043.437572203259,-3571.3942976087583,66.07224028706378,4.440892098500626e-16,1.0863669926910624e-15
2429,0.005368235872834066,4,CLPTM1,18.237376447532924,149.03586229107748,-3770.044276944913,-4.910601468917697,0.03405162032230872,SE,3635,8.70112093316944e-06,0.22355569203457268,0.011034011840820312,7572.882011449696,-3774.5297525162487,4.485475571335883,0.034184034350910775,0.024092752435519765
2431,0.008355681165946177,4,PPP5C,18.237376447532924,95.46278895993748,-3319.9875668187105,-4.181432657299516,0.028455746204606534,SE,3635,2.5692868892602593e-05,0.27586380594589505,0.013130426406860352,6672.768591197291,-3323.898186379067,3.910619560356281,0.04798190538120872,0.03267078577667875
2432,0.03144618043776311,4,PNMA8A,18.237376447532924,24.77512794951831,-3878.906694980135,-6.309036526203031,0.08749206596514583,SE,3635,3.36529276585685e-05,0.02803395052535854,0.0037250518798828125,7790.60684752014,-3928.0731195463286,49.166424566193655,2.3514523661560816e-12,4.666330788295792e-12
2433,0.2538926836544442,4,CALM3,18.237376447532924,2.3638023635788414,-2555.357146879698,-8.51329947040609,0.24547615949634863,SE,3635,0.0003463976527848494,0.0101616468133301,0.004353523254394531,5143.507751319266,-2951.3621181341723,396.0049712544742,0.0,0.0
2435,0.008389266699219949,4,STRN4,18.237376447532924,95.07739363914393,-3018.8456580500406,-3.210441853057042,0.017776301182917096,SE,3635,1.3796651132143881e-05,0.14697105718213477,0.009859085083007812,6070.484773659951,-3024.1308764074042,5.285218357363647,0.021507195038862892,0.015899424903854688
2436,0.01750672827297083,4,AP2S1,18.237376447532924,45.14239992420018,-3899.1651556405614,-6.053808270966294,0.06915895092235366,SE,3635,3.7349013672707116e-05,0.09485560639056378,0.009296894073486328,7831.123768840993,-3911.5451788928963,12.380023252334922,0.00043395174635429967,0.00041320760767185464
2437,0.005376056342998128,4,ARHGAP35,18.237376447532924,148.8178918957044,-3444.4895452288874,-4.166100440367227,0.024882868859485555,SE,3635,6.809059844234116e-06,0.17444049930444513,0.015953540802001953,6921.772548017645,-3448.8281798437056,4.338634614818147,0.03725678988776604,0.02602664449820341
2439,0.019492576516336946,4,MEIS3,18.237376447532924,40.46147292310665,-3098.7759323978044,-3.016519935582991,0.02254196665898011,SE,3635,2.7635060034804777e-05,0.05707454509867478,0.008076906204223633,6230.345322355479,-3116.402253557845,17.62632116004079,2.6884163123908067e-05,2.952768936800293e-05
2440,0.02044558008082087,4,NAPA,18.237376447532924,38.53800082648805,-3821.8482210737166,-7.127408785091564,0.0945865748950854,SE,3635,1.565573926771707e-05,0.029504285294435443,0.0043141841888427734,7676.489899707303,-3856.0255908815684,34.177369807851846,5.031062899618632e-09,7.692120962226836e-09
2441,0.026288628882248182,4,SELENOW,18.237376447532924,29.793557020506608,-1942.968916081143,-6.479805782770605,0.07571336251006074,SE,3635,5.148197947677126e-05,0.06009720048508688,0.0043447017669677734,3918.731289722157,-1976.1403200662608,33.17140398511765,8.438238996433256e-09,1.2713624875008879e-08
2442,0.032047696835470096,4,CA11,18.237376447532924,24.29501569048233,-3811.5418785385514,-6.37409582153677,0.08869065170992314,SE,3635,2.6637534048387147e-05,0.0214166486111567,0.0037720203399658203,7655.877214636973,-3883.2293783979335,71.68749985938211,0.0,0.0
2444,0.22914891616515543,4,FTL,18.237376447532924,2.705906151154379,-2014.7325606100487,-3.549974687721128,0.08935748594114827,SE,3635,0.0004441197433021768,0.01464026514009049,0.004277706146240234,4062.258578779968,-2438.0712445188346,423.3386839087859,0.0,0.0
2445,0.014233030265845211,4,SNRNP70,18.237376447532924,55.71048498425169,-3570.826545695846,-3.8914686899685176,0.030793856468844118,SE,3635,2.40169613124147e-05,0.09105152219019569,0.010589361190795898,7174.446548951562,-3582.6881802183425,11.861634522496388,0.0005730222899513748,0.0005380149648721912
2446,0.03883431929935546,4,RPS11,18.237376447532924,19.908686524978854,-3320.5054911365664,-5.57522963414884,0.07212454993044559,SE,3635,4.360857150542691e-05,0.02453798959735809,0.00432133674621582,6673.804439833003,-3366.5573612646535,46.0518701280871,1.1516343434436749e-11,2.170128378274305e-11
2448,0.008161357354319509,4,AP2A1,18.237376447532924,97.75493252843619,-3355.253582051306,-4.322730523927288,0.03001614765045181,SE,3635,1.0247166358737406e-05,0.11523275237192261,0.010663509368896484,6743.300621662482,-3363.373121061178,8.11953900987237,0.004379069268679925,0.0036640787639339047
2449,0.0055891677995178,4,PTOV1,18.237376447532924,143.11288876176593,-3867.5764953083726,-5.099403884560317,0.03710577850800002,SE,3635,8.726165105192597e-06,0.20701448239880935,0.010202407836914062,7767.946448176615,-3873.714370305868,6.137874997495601,0.013231623011390137,0.01016127130389031
2450,0.006832128078804934,4,EMC10,18.237376447532924,116.93020545773408,-3577.884382964603,-3.6175241701623717,0.02129885129355937,SE,3635,7.99936298905416e-06,0.12765908888363087,0.010831832885742188,7188.562223489076,-3585.2349436281556,7.350560663552642,0.006704184543702696,0.00541102313610732
2451,0.01781664607816943,4,ETFB,18.237376447532924,44.34316282700377,-3571.89665786361,-3.4552879897558824,0.028343741962203958,SE,3635,2.0420332599454838e-05,0.05013668623554436,0.01413726806640625,7176.58677328709,-3591.942711041832,20.046053178221882,7.559939718349007e-06,8.844830658621765e-06
2452,0.04319886449356658,4,PPP2R1A,18.237376447532924,17.81596704713169,-3602.722598763979,-7.312210079213765,0.11753042256556144,SE,3635,6.55978539883133e-05,0.030354398414409605,0.003809213638305664,7238.238655087828,-3675.8545970758664,73.1319983118874,0.0,0.0
2453,0.010699718392859466,4,NDUFA3,18.237376447532924,74.37309162244924,-3568.0889066608343,-7.645162941131573,0.09174768780225229,SE,3635,2.2321641094735918e-05,0.14758089639921682,0.010391712188720703,7168.971270881539,-3577.613260307722,9.524353646887903,0.0020276298811019444,0.0017784118905006985
2454,0.003959542007493351,4,TFPT,18.237376447532924,202.3448122984541,-3320.3575028618325,-3.032836825814375,0.012689424933843781,SE,3635,4.870795678060882e-06,0.2286885389759601,0.010999679565429688,6673.508463283535,-3324.048009817586,3.690506955753335,0.05472298119689778,0.03668524354369196
2455,0.005717427711263544,4,PPP1R12C,18.237376447532924,139.88437117765145,-3388.1317573450124,-3.4778786858570263,0.018440713073007483,SE,3635,6.390293272359446e-06,0.14495125285683738,0.010847330093383789,6809.056972249895,-3393.784608482548,5.6528511375354356,0.017427015324530615,0.013135718197252516
2457,0.11988606907494277,4,RPL28,18.237376447532924,5.9051403598523695,-2429.925322656469,-4.681273592184472,0.07909756048852176,SE,3635,0.00021267433646125162,0.017183714341547012,0.0043604373931884766,4892.644102872808,-2691.374866855292,261.44954419882333,0.0,0.0
2459,0.007098968710410946,4,NAT14,18.237376447532924,112.50472172522699,-3123.255429722107,-3.4918743690709655,0.01954072304004841,SE,3635,1.2211524746126125e-05,0.1807038859365368,0.010859489440917969,6279.304317004084,-3128.308139660532,5.052709938425323,0.024587454544109377,0.017910829711710333
2460,0.007722704033609908,4,EPN1,18.237376447532924,103.35314897608387,-3705.351608427365,-4.331495222867463,0.030394564915161595,SE,3635,1.022628876557085e-05,0.12820009249522643,0.010912179946899414,7443.4966744146,-3712.2397739537437,6.888165526378543,0.008676826948639915,0.006867221328335335
2461,0.01297330724697019,4,PEG3,18.237376447532924,61.19814299942613,-3815.775365925536,-6.085821236331718,0.06407506701828844,SE,3635,2.4136127242893658e-05,0.10956738309631048,0.007644176483154297,7664.344189410942,-3824.825594671942,9.050228746405992,0.002626619547750564,0.002268290891977381
2463,0.007139375439222198,4,TRIM28,18.237376447532924,111.86342612543795,-3524.782899774058,-3.2701535134522066,0.018245273221071986,SE,3635,8.091213550096532e-06,0.1184006220543227,0.009894847869873047,7082.359257107986,-3532.7275942929346,7.944694518876531,0.004822855855664443,0.0039931897434312595
2465,0.015368580495948669,4,UBE2M,18.237376447532924,51.53472747684253,-3791.426546323395,-5.526339307737801,0.05669308762772235,SE,3635,1.7168049310070972e-05,0.05608437323270352,0.009263277053833008,7615.64655020666,-3811.8890451025727,20.462498779177622,6.081113040345976e-06,7.170781053073099e-06
2466,0.015305309945664243,4,ATP6V1E1,18.237376447532924,51.751091862860605,-3721.44283347938,-8.088920555481865,0.11064070406597733,SE,3635,1.3651147784888644e-05,0.04495319903184377,0.008246898651123047,7475.6791245186305,-3744.449487756827,23.006654277446614,1.6144163182962856e-06,2.0338237581533052e-06
2468,0.01876135394366932,4,CLDN5,18.237376447532924,42.0698068197122,-3208.0512726692405,-2.2469466376139344,0.016153706849860054,SE,3635,6.215404768766304e-05,0.13815412981889272,0.008279561996459961,6448.896002898351,-3220.458794315263,12.40752164602236,0.0004276079946046174,0.00040803341844928035
2469,0.02489644404809302,4,COMT,18.237376447532924,31.504563647162836,-3495.747925633822,-2.601123213206046,0.023823426050607676,SE,3635,3.235935546911895e-05,0.04187991240092119,0.004467010498046875,7024.289308827514,-3527.6135820169875,31.865656383165515,1.6521259915691644e-08,2.408299485395808e-08
2471,0.037215460556680166,4,RTN4R,18.237376447532924,20.80969714504029,-3605.3414678651284,-5.479694953184738,0.07222124047527981,SE,3635,4.723086407386722e-05,0.02875138013099121,0.003976345062255859,7243.476393290127,-3667.009071564903,61.667603699774645,4.107825191113079e-15,9.49637813628141e-15
2475,0.03170202666202292,4,CHCHD10,18.237376447532924,24.56869256852885,-3679.317045726058,-7.641805009507734,0.1173029721075923,SE,3635,2.557734857848603e-05,0.02098587371879059,0.004874467849731445,7391.427549011986,-3757.4272989723067,78.1102532462487,0.0,0.0
2476,0.045657430605689026,4,MIF,18.237376447532924,16.81329676736861,-3744.6160066136777,-6.35659811152743,0.09838482023941783,SE,3635,5.4991530114940086e-05,0.023004061866483173,0.0037622451782226562,7522.0254707872255,-3818.4808416227934,73.86483500911572,0.0,0.0
2477,0.011979774126812486,4,DDT,18.237376447532924,66.34027316377768,-3788.98396784722,-4.857437348005052,0.0424892421129656,SE,3635,1.3375406631491657e-05,0.07091679513283564,0.010386943817138672,7610.76139325431,-3803.378935888292,14.394968041071934,0.00014819779536645594,0.00015071307437803535
2478,0.04272046151080077,4,MIAT,18.237376447532924,18.024486060665307,-3533.8436365758794,-4.904830626253115,0.06466823343615836,SE,3635,4.605683209847835e-05,0.02175052479802503,0.0038840770721435547,7100.480730711629,-3592.0690423652877,58.22540578940834,2.3425705819590803e-14,5.253037062574909e-14
2479,0.008743332745359126,4,PITPNB,18.237376447532924,91.19460881533303,-3077.258563493622,-3.222883593348473,0.01825042363515239,SE,3635,1.1751885587620788e-05,0.11542375157743413,0.009882211685180664,6187.310584547115,-3085.3210189497713,8.06245545614911,0.004519189671299717,0.003767264117113655
2482,0.013767067896214298,4,RFPL1S,18.237376447532924,57.623296016954896,-3134.2951718834856,-3.7300678783644132,0.02700862927075537,SE,3635,1.2522366802630704e-05,0.05064492739008394,0.009856462478637695,6301.383801326841,-3153.284473004961,18.989301121475364,1.3145347049658973e-05,1.4912703996240446e-05
2483,0.006193126507675253,4,UQCR10,18.237376447532924,129.07796048162197,-3384.8363951552965,-7.263325120826822,0.07287058433956935,SE,3635,2.1018461340645984e-05,0.4071363104310312,0.011014938354492188,6802.466247870463,-3388.9587031105257,4.122307955229189,0.042321304562184525,0.029155858470433883
2484,0.005201979404778483,4,SELENOM,18.237376447532924,153.8247911090663,-3865.5895335795412,-5.268497005302709,0.03852043087945802,SE,3635,1.0512849250212312e-05,0.28744674780325075,0.010854721069335938,7763.972524718953,-3869.3641189151003,3.7745853355590953,0.052036797478126395,0.035200173804848064
2485,0.013028065105122347,4,TIMP3,18.237376447532924,60.93754211902091,-3180.4568327780016,-2.630653268375283,0.01602322891359583,SE,3635,1.7028858920281928e-05,0.07667232455987402,0.012445449829101562,6393.707123115873,-3193.5129679058646,13.056135127862945,0.0003022925712820035,0.0002932378616355543
2488,0.017373236102650767,4,DDX17,18.237376447532924,45.49544497780683,-3889.3236292457805,-5.248681295284139,0.05452966771710378,SE,3635,2.2919016579752154e-05,0.05907327522482075,0.00927734375,7811.440716051431,-3908.150427251968,18.826798006187346,1.4314175276308738e-05,1.6143396638677846e-05
2489,0.16560579003223358,4,SUN2,18.237376447532924,4.052805995440526,-3458.3740157484376,-2.344879924420129,0.10565765385493037,SE,3635,0.00027169185472876635,0.01362760225308265,0.0043430328369140625,6949.541489056745,-3757.683342453231,299.3093267047934,0.0,0.0
2490,0.13873805067522962,4,NPTXR,18.237376447532924,4.993438693496913,-3740.876327659702,-7.5355798740826545,0.20019353453668362,SE,3635,0.0003108092744399288,0.020118684716657825,0.004405498504638672,7514.546112879274,-3968.3727128600167,227.49638520031476,0.0,0.0
2491,0.028656361667595765,4,SYNGR1,18.237376447532924,27.265401696231045,-3816.644072807567,-7.04692889268064,0.10100967524984235,SE,3635,3.5122902609174726e-05,0.034837692194339256,0.0038306713104248047,7666.081603175005,-3862.554178235473,45.91010542790582,1.238054103680497e-11,2.3297140158259836e-11
2494,0.009785639998979198,4,ST13,18.237376447532924,81.39543256987405,-3814.201834727606,-4.448112120842839,0.03456194196967289,SE,3635,1.6116374820892805e-05,0.12691119459444472,0.009909868240356445,7661.1971270150825,-3822.1970135115735,7.995178783967276,0.004690206885413772,0.00389775180549856
2496,0.009398840006020644,4,RANGAP1,18.237376447532924,84.77828471261166,-3783.235293271646,-5.419151901384999,0.04784292690761502,SE,3635,1.5616699265828876e-05,0.13309394247165687,0.010999679565429688,7599.264044103162,-3790.8806795950377,7.645386323391904,0.0056917705392034446,0.004646855912412345
2497,0.013341506564874076,4,TEF,18.237376447532924,59.486995481122186,-3041.956278024755,-3.6747569215316367,0.025834620361980698,SE,3635,2.4503438226524705e-05,0.10533919396785076,0.009295463562011719,6116.7060136093805,-3051.8227585598243,9.866480535069059,0.001683171748780521,0.0014953821895605634
2499,0.006990789986417152,4,POLR3H,18.237376447532924,114.25811924140554,-3164.983408337739,-3.3785124208708113,0.018449202092457893,SE,3635,9.30669287954422e-06,0.14195036118531743,0.009375572204589844,6362.760274235348,-3172.657660428271,7.674252090531809,0.005601430505240534,0.004581440811138985
2500,0.009977200777643434,4,SREBF2,18.237376447532924,79.81720837431065,-3851.921329918322,-5.203566407605963,0.04552148615940507,SE,3635,2.2390605425535996e-05,0.16974726767582174,0.009782075881958008,7736.636117396514,-3859.961045901763,8.039715983441056,0.004576271149113187,0.00381012674431116
2501,0.05145445799620468,4,SEPT3,18.237376447532924,14.8284319816527,-3789.9853117051457,-6.377408223111761,0.1040318607712292,SE,3635,7.298323160206136e-05,0.024598182817841274,0.003862142562866211,7612.764080970162,-3856.922990361859,66.93767865671316,3.3306690738754696e-16,8.252787927901717e-16
2503,0.007277313542334744,4,NDUFA6,18.237376447532924,109.72786015617292,-3708.0618888686404,-5.0755073756671445,0.0394467135567758,SE,3635,1.1116379390374123e-05,0.15664981977209438,0.011924982070922852,7448.917235297151,-3714.480815402064,6.418926533423473,0.01129103919430896,0.008768386539335163
2505,0.030633683470083033,4,MPPED1,18.237376447532924,25.453572996369004,-3731.883295529767,-5.382893078493011,0.06691100292808998,SE,3635,2.9347480074874347e-05,0.025677048063047023,0.0038967132568359375,7496.560048619404,-3786.7808880683397,54.89759253857255,1.270095140171179e-13,2.734168447204866e-13
2506,0.03139874307407897,4,SULT4A1,18.237376447532924,24.813773582942254,-3738.5951945788643,-6.319345594696485,0.08620524307314764,SE,3635,2.2237975711872382e-05,0.018577396083693746,0.0037376880645751953,7509.983846717599,-3818.0220476624045,79.42685308354021,0.0,0.0
2507,0.03039189252057726,4,KIAA0930,18.237376447532924,25.6624752501255,-3663.901320454836,-3.2127752110289576,0.034458670573177655,SE,3635,1.4716031755139452e-05,0.013068441409809985,0.0038018226623535156,7360.596098469542,-3756.4348820470423,92.5335615922063,0.0,0.0
2508,0.00999291928280577,4,ATXN10,18.237376447532924,79.6903934985116,-3771.844093755504,-5.691988695559906,0.053034517219948105,SE,3635,1.8756229954703528e-05,0.14175661644099738,0.01042795181274414,7576.481645070879,-3780.276850238173,8.432756482668992,0.00368521275405298,0.003128256309720913
2509,0.02269625308418992,4,FAM19A5,18.237376447532924,34.636615473319715,-3439.4113142770148,-3.878021609505864,0.03578281821915038,SE,3635,2.3715573459287607e-05,0.03660327251011239,0.0048863887786865234,6911.6160861139,-3471.1505520433107,31.7392377662959,1.7632362792063816e-08,2.559173966093405e-08
2510,0.02031544581342333,4,MLC1,18.237376447532924,38.7900155575937,-3294.2313090851394,-2.3863073764171787,0.018384715521309374,SE,3635,5.5586103619371715e-05,0.10604574752734917,0.008260726928710938,6621.256075730149,-3307.030143500183,12.79883441504353,0.0003468353745244013,0.00033377567296162997
2511,0.056396235927251875,4,MAPK8IP2,18.237376447532924,13.458591018496026,-3823.906712607293,-6.589826238650313,0.1134309953043064,SE,3635,0.00010842705583443268,0.03101997619070512,0.003851652145385742,7680.606882774456,-3889.5507205824133,65.64400797512053,5.551115123125783e-16,1.3481539846121038e-15
2513,0.005719449985118965,4,ATP5PF,18.237376447532924,139.834626677839,-3655.924453226926,-6.953892046147663,0.06609322239996487,SE,3635,8.721603257715052e-06,0.19769422500241016,0.009893655776977539,7344.642364013722,-3662.1761663366083,6.251713109682441,0.012407325456150642,0.009560992229044545
2515,0.00974467702209767,4,SOD1,18.237376447532924,81.74096982290325,-3268.21321844834,-7.751478506872743,0.09147706051248536,SE,3635,2.6818530953798116e-05,0.21293041470846688,0.011450529098510742,6569.21989445655,-3273.602386874125,5.389168425785101,0.020262124649446656,0.01508675578869098
2516,0.02918697329646576,4,SYNJ1,18.237376447532924,26.75510036269945,-3698.8040621333676,-5.580298094552455,0.06914180828212488,SE,3635,4.79988505018962e-05,0.04599240067377401,0.0038161277770996094,7430.401581826605,-3733.7825415991747,34.97847946580714,3.3336954308182953e-09,5.179371444059499e-09
2517,0.20734950395512827,4,OLIG1,18.237376447532924,3.074955144833743,-3668.7205455208596,-2.3482067533001407,0.15107290043727478,SE,3635,0.0003019179282577706,0.011240005515220457,0.004383563995361328,7370.234548601589,-4009.7168468889404,340.9963013680808,0.0,0.0
2519,0.005204412902947389,4,ATP5PO,18.237376447532924,153.7524890442034,-3810.7288080222534,-6.577016531134632,0.05816752203656158,SE,3635,6.9870748445152444e-06,0.190866851240116,0.009805679321289062,7654.251073604377,-3815.992994523661,5.264186501407494,0.02176859443424073,0.016075002376347812
2520,0.15314078845044896,4,CBR1,18.237376447532924,4.448159863635246,-3668.786658653545,-2.581182894057078,0.11011310222305347,SE,3635,0.0002800048659551169,0.01568930850236415,0.004340648651123047,7370.36677486696,-3931.7084634716593,262.9218048181142,0.0,0.0
2521,0.006902385435727921,4,TTC3,18.237376447532924,115.731819666075,-3852.8093494435925,-5.791691780267068,0.04973702977838395,SE,3635,6.830418810467175e-06,0.10682762974604645,0.009865045547485352,7738.412156447055,-3860.7688065313077,7.959457087715236,0.004783676101555834,0.003963828595276993
2522,0.030013605401354594,4,HMGN1,18.237376447532924,25.996059617718117,-3167.966134608615,-2.1235953849738416,0.020380362131710912,SE,3635,3.6724858264293046e-05,0.03338939587838522,0.003774881362915039,6368.7257267771,-3222.241955724569,54.27582111595393,1.7419399256368706e-13,3.7260747072446434e-13
2524,0.01002696104257705,4,PDXK,18.237376447532924,79.41711192754394,-3759.3789267548636,-5.129364468944873,0.04416503108385231,SE,3635,1.8401396369259475e-05,0.13815152361953423,0.008724689483642578,7551.551311069597,-3767.1015909353564,7.722664180492757,0.005453186557577316,0.004473789415307334
2525,0.005780793745079746,4,CSTB,18.237376447532924,138.3422147860988,-3683.634127283505,-3.9158903778135405,0.02321919000590463,SE,3635,1.3561182479529984e-05,0.3009811144612734,0.010402679443359375,7400.061712126881,-3687.9671939818936,4.333066698388393,0.03737884271295355,0.026057789550245535
2526,0.010947526705360635,4,PFKL,18.237376447532924,72.67137375273016,-3702.8813714317803,-4.03599043758192,0.03025235064127164,SE,3635,2.954602907750894e-05,0.18679253253344164,0.010318756103515625,7438.556200423431,-3709.6671531314887,6.785781699708423,0.009188678295935615,0.007242500867010019
2527,0.46941364493000093,4,S100B,18.237376447532924,0.9092020737626136,-3825.1388248188755,-2.5623189093946626,0.5246564274766662,SE,3635,0.00040994669692981785,0.00772405298210594,0.0031943321228027344,7683.071107197621,-4653.998195506783,828.8593706879078,0.0,0.0
2529,0.0133327815611106,4,FBXO2,34.93476569442015,39.111743908515336,-3809.2288013262205,-5.140921285537742,0.03243836114431934,SE,3635,2.0222954065489786e-05,0.08704828117506935,0.004297494888305664,7651.251060212311,-3842.348902760301,33.120101434080425,8.663838868550044e-09,1.30389277257007e-08
2530,0.014313869433056434,4,FBXO44,34.93476569442015,36.39475830574966,-3733.5412924441216,-5.384575926567431,0.03496790531093716,SE,3635,2.7482177854541403e-05,0.10304932404103956,0.0038144588470458984,7499.876042448113,-3757.390700720877,23.849408276755184,1.04173896298132e-06,1.3323312004946025e-06
2531,0.014267388030292812,4,EIF4G3,34.93476569442015,36.51504980760944,-3625.229747427873,-4.631419284965814,0.028351867489359864,SE,3635,2.9801907912587693e-05,0.11245539923140745,0.0038301944732666016,7283.252952415616,-3645.958951159838,20.729203731964844,5.290299206706095e-06,6.287859641764393e-06
2532,0.037743059925451405,4,HMGN2,34.93476569442015,13.474454453141401,-3830.2490482138705,-3.4193661379282316,0.04549768132301248,SE,3635,0.00010929073146013127,0.06481983367446362,0.0039005279541015625,7693.291553987611,-3895.196716709335,64.94766849546431,7.771561172376096e-16,1.8638649384405484e-15
2533,0.012126397760239506,4,YARS,34.93476569442015,43.055319490380114,-3545.186695896533,-4.864420873436681,0.0275088199135572,SE,3635,2.4866780808758187e-05,0.1287530403782192,0.0043566226959228516,7123.166849352936,-3562.728910364108,17.542214467574922,2.8099898872091522e-05,3.081266231806732e-05
2534,0.006659482321647886,4,PHC2,34.93476569442015,78.8342472896459,-3065.3155845858455,-2.7976883401679498,0.009489281301988776,SE,3635,1.6586401985237872e-05,0.27839990556595606,0.004374504089355469,6163.424626731561,-3074.872776382733,9.55719179688731,0.001991675603970511,0.0017491573070711822
2536,0.04150776138492007,4,C1orf122,34.93476569442015,12.204402842395256,-3850.5903443073034,-4.74373387599397,0.05903708458380193,SE,3635,0.00013996090686807449,0.06967745430336386,0.004349946975708008,7733.974146174477,-3921.6468469560277,71.05650264872429,0.0,0.0
2537,0.003823266730102037,4,EBNA1BP2,34.93476569442015,137.7079590743586,-3271.7358158751904,-3.7510002317451785,0.011599494198403119,SE,3635,1.0114136709797525e-05,0.5090356065181026,0.004372358322143555,6576.265089310251,-3276.632372104888,4.89655622969758,0.026910309114535513,0.019455452830595753
2538,0.032894577649496104,4,TMEM59,34.93476569442015,15.538416164413974,-3883.148743495091,-4.891037014237399,0.05191262063612378,SE,3635,0.00011888384316916305,0.09103492901124301,0.0038137435913085938,7799.090944550052,-3924.2623256036068,41.11358210851586,1.4363477074397224e-10,2.513056634366698e-10
2539,0.011327690034249887,4,NEGR1,34.93476569442015,46.12838603440486,-3674.3737004569866,-5.878030925282715,0.03558846310166429,SE,3635,1.2604427509193819e-05,0.07454409979577399,0.003773927688598633,7381.540858473843,-3698.5744550443114,24.20075458732481,8.679826640767274e-07,1.1175418380457214e-06
2540,0.06388926652301857,4,GNG5,34.93476569442015,7.743843508260764,-3137.6584246734596,-1.8813192771351017,0.045292087829833225,SE,3635,0.00016656666283111792,0.03824022087833084,0.004891395568847656,6308.110306906789,-3246.1531832953265,108.49475862186682,0.0,0.0
2541,0.01608234880564332,4,SSX2IP,34.93476569442015,32.33452756191383,-3476.0079118833455,-5.284349308587395,0.03413590001248654,SE,3635,2.8026679278686636e-05,0.08385566813014968,0.0037584304809570312,6984.809281326561,-3508.744124287039,32.73621240369357,1.0555234797315904e-08,1.5727119198658555e-08
2542,0.0042319156786831055,4,SELENOF,34.93476569442015,124.35934959364968,-3400.894450680813,-3.9526260786533602,0.013257240125160564,SE,3635,1.9587410143870483e-05,0.8059882170216809,0.004379987716674805,6834.582358921496,-3405.3328503468892,4.438399666076293,0.03513917116780574,0.02470123175090363
2543,0.026021640934810953,4,RPL5,34.93476569442015,19.78207630726217,-3636.664443669099,-5.747010108813317,0.04904396318704607,SE,3635,8.119386419594868e-05,0.09663140944635915,0.0038025379180908203,7306.122344898068,-3674.8978916778215,38.23344800872246,6.276723585330046e-10,1.0336653951583921e-09
2544,0.011408217744363966,4,MRPS21,34.93476569442015,45.79904682661496,-3813.923195829061,-5.644639234428329,0.03441785533420821,SE,3635,2.413592277566104e-05,0.1407813955969874,0.0043871402740478516,7660.639849217992,-3826.911776588273,12.9885807592118,0.00031339642607719487,0.00030357137940588294
2546,0.0046290476236722335,4,PMVK,34.93476569442015,113.64505918907753,-3418.0531095758197,-2.8887557018388152,0.008902915917846043,SE,3635,1.3694542575449809e-05,0.4717435536793004,0.005550861358642578,6868.8996767115095,-3422.0826452541487,4.029535678329012,0.044710244626314455,0.03069163360247932
2547,0.013114563088725424,4,SCAMP3,34.93476569442015,39.771334065367455,-3156.6193530839055,-2.5853810393840644,0.013451236690552109,SE,3635,5.9329381902035055e-05,0.26371181829835066,0.003794431686401367,6346.032163727681,-3169.8410079049577,13.221654821052198,0.0002767331817732366,0.0002701973274999276
2549,0.015360655839127185,4,PFDN2,34.93476569442015,33.87853888929765,-3621.463269187954,-3.8289269954896143,0.02407120982298577,SE,3635,6.44154896333543e-05,0.2106420660372782,0.0038259029388427734,7275.719995935779,-3638.1158389693155,16.652569781361308,4.4889452780028094e-05,4.8472486585759227e-05
2550,0.013156084108058545,4,RGS5,34.93476569442015,39.64414646191627,-3398.495211375951,-3.007967493128689,0.01648268404517291,SE,3635,2.9689092320090967e-05,0.13115511072286803,0.005434989929199219,6829.783880311772,-3412.7446019262634,14.249390550312455,0.0001601126482103643,0.0001617299476872367
2551,0.016324300137403033,4,MPC2,34.93476569442015,31.847446533919754,-3784.712587156352,-5.4972521038612365,0.038457563612522075,SE,3635,4.774164670712587e-05,0.138777388759229,0.005371570587158203,7602.218631872574,-3799.872308990651,15.159721834299035,9.878834035803585e-05,0.00010224247813279237
2552,0.009418800022611536,4,PRDX6,34.93476569442015,55.584250048562524,-3814.750076915675,-3.8065039848158646,0.01922594602672338,SE,3635,3.626086955907242e-05,0.3077516652077536,0.00434112548828125,7662.29361139122,-3824.052753024844,9.30267610916917,0.002288193694398144,0.0019952434264474484
2553,0.019459821163280957,4,MFSD4A,34.93476569442015,26.63077434590069,-3633.070877227833,-5.468882153449295,0.04012985896824583,SE,3635,3.029370802743665e-05,0.06276783893350316,0.0038237571716308594,7298.935212015536,-3676.964443575892,43.89356634805881,3.467270914825349e-11,6.287136674762946e-11
2554,0.02933040471089525,4,DEGS1,34.93476569442015,17.49083794355204,-3290.5790465071345,-2.843507200858519,0.027090626131965154,SE,3635,5.3621956360537875e-05,0.05090867943965757,0.0037958621978759766,6613.951550574139,-3329.6066512040397,39.0276046969052,4.1785508386738e-10,7.001307869622129e-10
2556,0.005094300657074018,4,MRPL55,34.93476569442015,103.21779836162119,-3505.7268993203616,-3.868642071919378,0.013971788663706314,SE,3635,9.858597241451074e-06,0.2809481657171474,0.004472017288208008,7044.247256200593,-3511.2939774547904,5.567078134428812,0.018301275301829012,0.013733147820669747
2558,0.009235829220416271,4,SCCPDH,34.93476569442015,56.69589875634833,-3258.094494281956,-3.3102633046870005,0.014223843073165349,SE,3635,2.373080916094358e-05,0.20930806826682996,0.0054166316986083984,6548.982446123782,-3267.9965445456814,9.902050263725414,0.0016509473727881474,0.0014700692567995058
2559,0.021939019413235242,4,RPS7,34.93476569442015,23.561664413062616,-3327.421140014031,-5.374190142583433,0.0388720152900616,SE,3635,5.3060914405519365e-05,0.08737666702183686,0.003803253173828125,6687.635737587932,-3368.9640371574396,41.54289714340848,1.1531264831887711e-10,2.0254298541649437e-10
2560,0.006045847046764988,4,LAPTM4A,34.93476569442015,86.88932874015278,-3494.0340475354624,-3.43381101592011,0.012747429326832536,SE,3635,1.1206209067015711e-05,0.22763454466907154,0.0037474632263183594,7020.861552630795,-3501.7750547388114,7.741007203349,0.005398068377528431,0.004433977799279653
2561,0.00501224586993074,4,PUM2,34.93476569442015,104.91621497434701,-3386.1070115156363,-3.76273793219343,0.013095982437336269,SE,3635,1.2280891049816884e-05,0.36140779806063034,0.003755807876586914,6805.007480591143,-3391.290994372089,5.1839828564525305,0.022796011873399746,0.016687158755876758
2563,0.004829840473534337,4,OST4,34.93476569442015,108.89847647101584,-3797.3528021094935,-4.673158012114451,0.018914053330311736,SE,3635,9.055208326937565e-06,0.28677186259480053,0.0054547786712646484,7627.499061778857,-3802.842105977693,5.489303868199386,0.019133159730254534,0.014325429453521887
2564,0.010415116248718246,4,MRPL33,34.93476569442015,50.21646951815517,-3694.221540936547,-5.6253054237261635,0.03246669652250593,SE,3635,1.921698542361222e-05,0.13393559519256593,0.0037860870361328125,7421.2365394329645,-3715.4125461317494,21.19100519520225,4.157109279812055e-06,5.029857532800721e-06
2565,0.005547991054641502,4,FBXO11,34.93476569442015,94.7338794706856,-3215.507095264622,-4.106163129466397,0.015122911112995095,SE,3635,1.2023635388219581e-05,0.2894421280422934,0.005357265472412109,6463.807648089114,-3220.7526220605096,5.245526795887599,0.022003265279609163,0.016203827742360337
2566,0.013200517789890197,4,RAB1A,34.93476569442015,39.50892303490943,-3794.385495130595,-6.157312935851643,0.04101419586014777,SE,3635,3.2218350254398864e-05,0.14139768610866088,0.004363059997558594,7621.56444782106,-3807.240659893158,12.855164762563163,0.00033654907324887073,0.0003241313388483951
2567,0.025516597103759902,4,SFXN5,34.93476569442015,20.18407892377544,-3378.7003958592063,-3.459703267624728,0.02837172173605058,SE,3635,4.6040245267655286e-05,0.05686779379212824,0.003875732421875,6790.194249278283,-3425.0071595323834,46.3067636731771,1.0111467219076076e-11,1.9215423066554435e-11
2568,0.00992517672362991,4,FBXO41,34.93476569442015,52.72140965822078,-3267.993590218799,-3.023590511898217,0.01345513254382946,SE,3635,1.7115519567608637e-05,0.1310915605820303,0.004275083541870117,6568.780637997468,-3283.390324070826,15.396733852026955,8.713877977206685e-05,9.109655581172493e-05
2569,0.007714231185377413,4,CHMP3,34.93476569442015,67.98316164767485,-3409.106611212481,-4.192268541119913,0.018193085129215258,SE,3635,1.5138667157912399e-05,0.19019372648401406,0.0049686431884765625,6851.006679984832,-3418.043061171776,8.93644995929526,0.0027953547927727085,0.0024062845886719066
2570,0.017465164410984724,4,LONRF2,34.93476569442015,29.73257507510098,-3661.5426222876604,-5.329110599611044,0.03720387185309343,SE,3635,2.953614978232751e-05,0.07535784702704419,0.003832101821899414,7355.878702135191,-3699.926757472601,38.38413518494053,5.810282255325205e-10,9.60377232285158e-10
2571,0.006064453109446211,4,RANBP2,34.93476569442015,86.62112617528939,-3175.955438401468,-3.463483890672416,0.01216737622891329,SE,3635,2.5467566407971807e-05,0.5141992161981647,0.005909442901611328,6384.704334362807,-3179.713051581299,3.757613179830969,0.052567566296116586,0.03547004564523232
2572,0.018253323671432096,4,HS6ST1,34.93476569442015,28.42593313230801,-3347.414123123858,-4.120135714409843,0.026446543819149026,SE,3635,2.9083250506421344e-05,0.06815216139665443,0.003757953643798828,6727.6217038075865,-3386.419339865188,39.005216741329605,4.226745620172778e-10,7.073251377041737e-10
2573,0.017721185607595537,4,R3HDM1,34.93476569442015,29.29538759561917,-3513.0125780724957,-4.712872501605086,0.03137447648405091,SE,3635,2.3447639101656004e-05,0.05816860296119772,0.0037708282470703125,7058.8186137048615,-3559.7518859739157,46.739307901420034,8.108624882652293e-12,1.551889929694219e-11
2574,0.004603700892322164,4,NDUFB3,34.93476569442015,114.27366799266872,-3751.210362585318,-5.494085073407938,0.024023496617388014,SE,3635,7.60191108667438e-06,0.2647309000647904,0.004359722137451172,7535.214182730506,-3760.6364692766865,9.426106691368659,0.002139179614351727,0.001873807900828928
2575,0.0028057209749995297,4,SUMO1,34.93476569442015,187.8419312542034,-3544.1673915006304,-4.255968435019962,0.01317348184207584,SE,3635,3.6447750465207878e-06,0.3391824185172512,0.004390239715576172,7121.128240561131,-3549.754176542507,5.5867850418767375,0.01809648087521265,0.013587049358418592
2576,0.020303151895540782,4,ARL4C,34.93476569442015,25.502660670976677,-3064.4243246026326,-3.489770565366214,0.02213673956095799,SE,3635,4.12092666478935e-05,0.07870927395549927,0.003794431686401367,6161.642106765135,-3096.5780826160044,32.15375801337177,1.424409068473409e-08,2.1014009383379644e-08
2578,0.014207311088166275,4,CAMK1,34.93476569442015,36.671691981487555,-3207.199649964574,-3.5810947572958347,0.019212501910949226,SE,3635,4.427143547146454e-05,0.16842937596478408,0.005452156066894531,6447.192757489018,-3220.113633815344,12.913983850770364,0.0003261364077193907,0.0003147788466314714
2580,0.018918243169224993,4,SLC6A1,34.93476569442015,27.408271139056467,-3935.380571965348,-5.618652638437904,0.043767127920088224,SE,3635,4.862648197711235e-05,0.10636838712059177,0.0038204193115234375,7903.554601490566,-3966.6282724671773,31.247700501829513,2.2711634461991537e-08,3.282220388999852e-08
2581,0.016427066133250557,4,THRB,34.93476569442015,31.64490592852438,-2994.3764061059146,-3.5227674963443536,0.019334157712677887,SE,3635,3.5665667738326185e-05,0.1024244685675762,0.003838062286376953,6021.546269771699,-3019.1285804422205,24.75217433630587,6.519521258407934e-07,8.507972367907367e-07
2582,0.002923438120770505,4,CLASP2,34.93476569442015,180.25687887606992,-3781.372271715689,-5.2291694564780435,0.01931372809388009,SE,3635,6.403498021889131e-06,0.5491533671501874,0.004427433013916016,7595.538000991248,-3784.7526574850162,3.380385769327404,0.06597661078667816,0.04349266578962349
2583,0.01070634113696385,4,CSPG5,34.93476569442015,48.836147125041855,-3620.571571051236,-4.625952380851192,0.024769435061769613,SE,3635,2.0653720335923e-05,0.13638817410435153,0.0037958621978759766,7273.936599662342,-3635.8623556959365,15.29078464470058,9.216503976960944e-05,9.575588547491891e-05
2584,0.0034962538096896824,4,NCKIPSD,34.93476569442015,150.63754471841628,-3047.420019179077,-3.4392672329662552,0.00954887756912018,SE,3635,8.998994566579984e-06,0.5408620277169116,0.004358530044555664,6127.633495918024,-3050.77113849437,3.35111931529309,0.06715933205243052,0.04420735253406742
2585,0.00613977617486706,4,P4HTM,34.93476569442015,85.55197024353357,-3593.2557095365064,-4.842232441614965,0.021179928209740573,SE,3635,1.0628584507375039e-05,0.2094272360110729,0.00498509407043457,7219.304876632883,-3602.0711493731696,8.815439836663245,0.0029869220208382785,0.002561356156695436
2586,0.006278868286580485,4,LSAMP,34.93476569442015,83.64507939774661,-3484.8982413520553,-4.120974433091616,0.01655855359172568,SE,3635,1.3830704336999258e-05,0.26073219506266243,0.004388570785522461,7002.589940263981,-3491.6924171102246,6.794175758169331,0.009145573744026247,0.007212751327485265
2588,0.03130822706618975,4,KALRN,34.93476569442015,16.35250842939386,-3718.627182308835,-5.4989346548863764,0.05295019073458436,SE,3635,0.0001027247049356309,0.08628065185060686,0.0043332576751708984,7470.04782217754,-3763.513914376844,44.88673206800877,2.0876744777353906e-11,3.879656236876418e-11
2589,0.008523287879904008,4,SERP1,34.93476569442015,61.479822636395156,-3470.822975840554,-3.0025726846814367,0.012954191860266244,SE,3635,2.4162010921749975e-05,0.24949708762474754,0.0038595199584960938,6974.439409240978,-3478.7226135505884,7.8996377100343125,0.004944469961343789,0.0040838303157479825
2590,0.01093242222963398,4,CAMK2N2,34.93476569442015,47.81529223138923,-3375.024874081526,-3.8533163208599337,0.01895191249401117,SE,3635,1.5835353237142983e-05,0.10038303854262913,0.004038810729980469,6782.843205722922,-3402.289881083704,27.26500700217821,1.773929313442224e-07,2.4181775664497487e-07
2591,0.012647256872607194,4,DLG1,34.93476569442015,41.26038185852819,-3147.537440220728,-2.5943258124123982,0.013124709399498193,SE,3635,7.22564246427548e-05,0.3446802168143894,0.0038454532623291016,6327.868338001326,-3159.66633949577,12.128899275041931,0.0004964641484291876,0.0004697397645283198
2593,0.04513296046769655,4,SCD5,34.93476569442015,11.1816611191507,-3762.2385161606494,-6.347879532525229,0.0762114142469299,SE,3635,0.00015264866439704876,0.06521239613539109,0.0038344860076904297,7557.270489881169,-3841.423069651636,79.18455349098667,0.0,0.0
2597,0.02288371555311249,4,TRIM2,34.93476569442015,22.567162477203397,-3903.0873878465695,-5.971102014386997,0.051171120541731195,SE,3635,7.545429806423849e-05,0.11464548399882289,0.0038378238677978516,7838.968233253009,-3930.9952361069577,27.907848260388164,1.272326478618524e-07,1.7521570562532947e-07
2598,0.015058378928661856,4,RAPGEF2,34.93476569442015,34.56921468982738,-3393.149974270087,-4.01651772576262,0.023482362246354017,SE,3635,3.747752272210014e-05,0.12736498811541475,0.004849910736083984,6819.093406100044,-3412.0371222834333,18.887148013346177,1.386838550088143e-05,1.5680069168299864e-05
2599,0.008034910320750667,4,ADCY2,34.93476569442015,65.24881063129203,-3405.155886969309,-3.6771645495989134,0.015565143349096665,SE,3635,1.8203855228872897e-05,0.21109170548833786,0.005505084991455078,6843.105231498488,-3415.060022030858,9.904135061548914,0.0016490781573249569,0.0014693772864785893
2601,0.03175952405136146,4,SLC1A3,34.93476569442015,16.112632197992884,-3944.5033456652195,-5.700448808624757,0.058989257171581294,SE,3635,8.700187079810977e-05,0.07114214361082444,0.004416704177856445,7921.800148890309,-3986.9157880474368,42.41244238221725,7.391831591263553e-11,1.3051671146588e-10
2602,0.020704503160382765,4,HCN1,34.93476569442015,24.99805328365749,-2961.601591202868,-4.173338597708615,0.025942700206576248,SE,3635,4.7414384226343996e-05,0.08722675360859766,0.004281520843505859,5955.996639965606,-3000.046041392709,38.44445018984106,5.633455923970132e-10,9.32295065132036e-10
2603,0.004447153763233616,4,MOCS2,34.93476569442015,118.3148937077286,-3365.9708388902945,-4.237520580425019,0.014974077525016711,SE,3635,1.2429534894418416e-05,0.4635583418574369,0.004366159439086914,6764.735135340459,-3370.853245060257,4.882406169962451,0.027131772016538602,0.019594506702033443
2604,0.013483481994880813,4,HMGCR,34.93476569442015,38.668697802081944,-3461.900472129604,-4.792562169217116,0.027807753056263335,SE,3635,2.5794840695730977e-05,0.10863129119659566,0.003889799118041992,6956.5944018190785,-3483.500423572901,21.59995144329696,3.358603356429235e-06,4.09687049164697e-06
2605,0.015029303764115976,4,PAM,34.93476569442015,34.637113527948756,-3283.1030775392155,-4.301918033488784,0.024669991089417472,SE,3635,2.9934817078427943e-05,0.10211338822359002,0.0037584304809570312,6598.999612638301,-3307.893299579232,24.790222040016488,6.392090350360036e-07,8.349773802765096e-07
2606,0.0029951776676451158,4,FBXL17,34.93476569442015,175.92676438169593,-3076.248868508701,-3.6458979261953615,0.009968767374815493,SE,3635,7.498096025714845e-06,0.6127729213719402,0.004340648651123047,6185.291194577272,-3079.731832808483,3.4829642997819974,0.06200357783085453,0.041115325592394246
2608,0.014760183948378074,4,ACSL6,34.93476569442015,35.27828219353801,-3484.486429367218,-4.348972752798727,0.02594939849391451,SE,3635,2.458239092607547e-05,0.08684496157297007,0.0043735504150390625,7001.766316294306,-3507.6569063856223,23.1704770184042,1.482560270771316e-06,1.8729741363564216e-06
2609,0.00542026507669341,4,SKP1,34.93476569442015,96.97869265085804,-3064.2446227019827,-7.394133963136759,0.040432192068893064,SE,3635,1.1685421619640357e-05,0.29455795330636525,0.0053517818450927734,6161.282702963836,-3068.525349367458,4.280726665475413,0.038546865327284574,0.02677493813506415
2610,0.0052429987424041855,4,ZMAT2,34.93476569442015,100.27542150788211,-3560.549031719447,-4.37330137772306,0.01706863125973304,SE,3635,1.3629787076672556e-05,0.3669253180656941,0.0038483142852783203,7153.8915209987645,-3566.7785820041463,6.229550284699144,0.012563563954789969,0.009670311344439962
2611,0.008240267132640198,4,ARHGAP26,34.93476569442015,63.609565003603564,-3087.64103136242,-3.5539773127120613,0.014147572389625671,SE,3635,1.3809230963073453e-05,0.15237914732832447,0.004433155059814453,6208.07552028471,-3099.1043539457423,11.463322583322224,0.0007098327357766276,0.0006559393412521286
2612,0.009951344124815624,4,FBLL1,34.93476569442015,52.58138715253132,-3024.4173976711645,-3.305982589836123,0.013960799903006525,SE,3635,2.332582003665561e-05,0.17773848397525358,0.0049898624420166016,6081.628252902199,-3034.8840027545903,10.466605083425748,0.0012155188970247588,0.0010931988135614021
2614,0.009359002306450575,4,CANX,34.93476569442015,55.942772793000614,-3841.1544108084645,-5.6428202120162405,0.032051108493450636,SE,3635,3.5201147663380517e-05,0.30251285196390465,0.0037992000579833984,7715.102279176799,-3852.81338167164,11.658970863175455,0.0006389367700347925,0.0005953326741699151
2615,0.012992848892886181,4,MAPK9,34.93476569442015,40.148854326793256,-3734.8776653499426,-5.973278206531598,0.038681655266254465,SE,3635,1.940390382531731e-05,0.08782746658906601,0.0037865638732910156,7502.548788259755,-3758.7785392280925,23.900873878149923,1.0142570991966693e-06,1.2996541184511438e-06
2616,0.014257206122219876,4,TUBB2B,34.93476569442015,36.541504792368315,-3794.9668719531255,-3.9843174132687134,0.02516873257171856,SE,3635,3.794876381140629e-05,0.14339559228325288,0.003880739212036133,7622.727201466121,-3811.194730071348,16.227858118222684,5.6162138443838217e-05,6.00187485716518e-05
2617,0.011693773251583509,4,GFOD1,34.93476569442015,44.66775326500184,-3272.9444225772095,-3.7538339201632898,0.018565578966995358,SE,3635,2.27781444478646e-05,0.12660091671965512,0.00398564338684082,6578.682302714289,-3291.767871781937,18.823449204727694,1.4339329270307566e-05,1.615822089238252e-05
2618,0.03034520410091297,4,GABBR1,34.93476569442015,16.888237670197658,-3832.072330881199,-5.714752133484475,0.05575031881694941,SE,3635,0.00012487678307105413,0.11121624606130424,0.003839731216430664,7696.938119322268,-3859.3624219421213,27.29009106092235,1.7510647054574946e-07,2.3894299871630947e-07
2619,0.01023691346627264,4,FLOT1,34.93476569442015,51.09983123166231,-3921.3563361122715,-5.585861474256677,0.03309209948640142,SE,3635,2.8664523658563735e-05,0.20664572140847512,0.005476713180541992,7875.506129784413,-3929.510344746822,8.154008634550337,0.004296608106276856,0.0035995584723705126
2621,0.0037720999316271575,4,BRD2,34.93476569442015,139.5830731844136,-3316.175026626772,-2.929392396728293,0.008090838437854369,SE,3635,9.175378380758367e-06,0.47430075872474675,0.004322052001953125,6665.143510813414,-3319.6350442399694,3.4600176131975786,0.06286964523758631,0.04158714353786885
2622,0.008333960929289183,4,SRSF3,34.93476569442015,62.8884984821686,-3686.5258238678325,-3.982737449485769,0.01853874344012773,SE,3635,1.9624460590100348e-05,0.21178814970541127,0.004872322082519531,7405.845105295535,-3696.9607435168173,10.43491964898476,0.0012365492744906836,0.0011113699679639352
2623,0.025497067510967954,4,TMEM151B,34.93476569442015,20.199943827576682,-3475.15861512976,-4.615292013105055,0.037058653792032534,SE,3635,6.890726810188e-05,0.08523626209751899,0.004330635070800781,6983.1106878193905,-3514.528317808521,39.36970267876086,3.5069636084017475e-10,5.93516997190919e-10
2624,0.010226947482947517,4,KCNQ5,34.93476569442015,51.15014216145128,-3083.971908837956,-4.057824881452865,0.01847341104327363,SE,3635,1.7487699524150817e-05,0.1263113940889071,0.003854036331176758,6200.737275235782,-3102.4625285184884,18.49061968053229,1.7074258474081283e-05,1.9159832088589207e-05
2626,0.012491397340384236,4,CD164,34.93476569442015,41.78179653498653,-3240.1879682873205,-2.9325147974231176,0.014855854403044292,SE,3635,2.790641164709757e-05,0.1363753812973234,0.003938436508178711,6513.169394134511,-3260.3780795813095,20.190111293989048,7.011445109617043e-06,8.217404784790326e-06
2627,0.003440100698406231,4,HDDC2,34.93476569442015,153.10504358338653,-3413.292894497581,-3.620797233416943,0.010756305308580943,SE,3635,7.048139484954632e-06,0.4374508162732488,0.003784656524658203,6859.379246555032,-3418.768127057214,5.475232559632786,0.019287794199511432,0.01441713909862471
2628,0.008707804416644352,4,HIVEP2,34.93476569442015,60.16587905819949,-3245.7846535895387,-3.8972385843702875,0.016848190616148652,SE,3635,1.9259467145211067e-05,0.19067985890816436,0.005495309829711914,6524.362764738948,-3254.050342688124,8.265689098585426,0.004040132335337399,0.003401636054328906
2629,0.0045870004802965785,4,SF3B5,34.93476569442015,114.69164129879283,-3422.6369672809215,-3.216081232286552,0.01019551039111373,SE,3635,1.6499289274815865e-05,0.5787268185828826,0.00510096549987793,6878.067392121713,-3427.390338144851,4.753370863929376,0.029240960417356354,0.02097141956662503
2630,0.0041422436915686395,4,C7orf50,34.93476569442015,127.06294305906745,-3650.9001029139654,-4.022408086483055,0.013957996357500535,SE,3635,1.4063304187900033e-05,0.6037818299320113,0.005599498748779297,7334.593663387801,-3654.628908628554,3.728805714588816,0.05348162062219153,0.03601455934154312
2632,0.005587407836091297,4,SCRN1,34.93476569442015,94.06184387029377,-3758.373057433395,-5.311372636189858,0.024184155899380017,SE,3635,1.7970658992345036e-05,0.42659099995772476,0.005595684051513672,7549.53957242666,-3762.044541303155,3.671483869759868,0.055350885255242455,0.03695885864099204
2634,0.0038366472855890497,4,VOPP1,34.93476569442015,137.2258504329285,-3221.7890611321236,-3.6740500458898286,0.011177138409761422,SE,3635,1.0013392529904008e-05,0.5004839683201241,0.004324436187744141,6476.371579824117,-3225.0657192818226,3.27665814969896,0.07027188116257566,0.046008575147362084
2635,0.006187428465046757,4,MDH2,34.93476569442015,84.88902403242068,-3817.6565924004663,-6.126879416919352,0.031669246675469324,SE,3635,1.1341189630186596e-05,0.22008315111075671,0.003834247589111328,7668.106642360803,-3829.2696719383202,11.613079537853991,0.0006548962577738182,0.0006085173665904389
2636,0.007172416932160686,4,ADAM22,34.93476569442015,73.15862805221326,-3128.1757252702228,-3.785669753738744,0.014622579951887106,SE,3635,1.5105585623798246e-05,0.2190416347747981,0.003877878189086914,6289.144908100316,-3139.554672171629,11.37894690140638,0.0007428121868626736,0.0006850034497830127
2637,0.09032520082315827,4,TMEM130,34.93476569442015,5.322730444475224,-3735.1198884786595,-7.741682547715284,0.1402228909594643,SE,3635,0.0005222753109456992,0.06645641417212696,0.003766298294067383,7503.033234517189,-3855.151072156743,120.03118367808338,0.0,0.0
2638,0.012336650010513681,4,SLC26A4-AS1,34.93476569442015,42.312524708097875,-3070.5198517440313,-3.870130304836202,0.01887081371116659,SE,3635,2.2622844545519406e-05,0.1132739779617726,0.0038411617279052734,6173.833161047933,-3091.20561667973,20.6857649356989,5.411682944767016e-06,6.426454913147063e-06
2639,0.017933336240534625,4,CAPZA2,34.93476569442015,28.942572050936644,-3677.5265614808395,-5.185834371096149,0.03660416740361858,SE,3635,3.525123174632475e-05,0.08546812997811029,0.004238128662109375,7387.846580521549,-3699.554099804859,22.027538324019588,2.6876650430773807e-06,3.3205979328445814e-06
2640,0.01032825355985481,4,CCDC136,34.93476569442015,50.64324503914538,-3234.380167387737,-3.836206634277819,0.017789535067991132,SE,3635,1.8227055762640785e-05,0.1291356436317026,0.0037810802459716797,6501.553792335344,-3253.1650247614725,18.784857373735576,1.4632429436445271e-05,1.64747018379148e-05
2641,0.00687831503423929,4,TCAF1,34.93476569442015,76.30933116631414,-3226.677564004279,-4.198860762420374,0.016941386696791298,SE,3635,1.2569234321578528e-05,0.1979411489159257,0.004366159439086914,6486.148585568428,-3236.352320594894,9.674756590615289,0.001868170188688567,0.0016493031968856358
2642,0.013430070504646162,4,CDK5,34.93476569442015,38.82458540843315,-3411.1434058559553,-4.589991069133631,0.026018581144512453,SE,3635,3.3134214137665524e-05,0.14062124474244736,0.0037789344787597656,6855.080269271781,-3436.3156586381133,25.17225278215801,5.243115084319072e-07,6.909278180742791e-07
2643,0.013375233232085686,4,TIMM17B,34.93476569442015,38.98592963704725,-3242.3985892154415,-3.0218781596970383,0.015923378552841358,SE,3635,3.505621156114259e-05,0.14996682208495227,0.005434989929199219,6517.590635990753,-3255.281462756272,12.882873540830587,0.0003316027010439315,0.0003195962474244717
2644,0.011045991540262885,4,GPRASP1,34.93476569442015,47.318245603168926,-3482.932922115716,-5.035600748737969,0.02742819487446225,SE,3635,1.899252712218244e-05,0.11798913732453761,0.003942251205444336,6998.659301791302,-3501.018428271058,18.085506155342046,2.1120301983978962e-05,2.3445879790195672e-05
2646,0.016137598297813967,4,PAK3,34.93476569442015,32.222015998894854,-3275.9059524338336,-3.890739386521902,0.02286123503092639,SE,3635,8.778109742283645e-05,0.2609043406226045,0.0038645267486572266,6584.605362427537,-3290.38656944748,14.480617013646224,0.00014160919338290778,0.00014466874177310939
2647,0.01449825259713871,4,RTL8C,34.93476569442015,35.92518241041149,-3603.6969342813263,-7.527750072212428,0.055778652100853136,SE,3635,3.6762477942762025e-05,0.1344653620887961,0.0037512779235839844,7240.187326122523,-3628.300685905443,24.60375162411674,7.041451453027037e-07,9.144742146788361e-07
2648,0.006637043925296766,4,CD99L2,34.93476569442015,79.1025554602473,-3713.99707116624,-5.216803549774886,0.024778032362439282,SE,3635,1.7016394517578106e-05,0.28752501904802935,0.005469799041748047,7460.78759989235,-3719.7023930487003,5.705321882460339,0.016913553586372698,0.012777325970002348
2649,0.014623734190049713,4,GDI1,34.93476569442015,35.61238487538729,-3470.226765633246,-7.704871865337035,0.05718120794095893,SE,3635,4.064948228646823e-05,0.14621744691844885,0.003857135772705078,6973.246988826362,-3484.477474789667,14.25070915642118,0.00016000050888032025,0.0001617299476872367
2651,0.007041753821611534,4,MICU3,34.93476569442015,74.52592823780323,-3187.9633378093968,-3.591951325245256,0.013649601019880234,SE,3635,1.826604635040663e-05,0.2746427498708097,0.0032455921173095703,6408.720133178664,-3193.1636845492826,5.200346739885845,0.02258238309299898,0.016575870147120222
2652,0.010722281527652533,4,RHOBTB2,34.93476569442015,48.762758639852954,-3030.207776720031,-3.3010400947604936,0.014491934710685621,SE,3635,2.0238202914853074e-05,0.1332559641969921,0.005441904067993164,6093.209010999932,-3043.9116929568922,13.70391623686146,0.00021400775613966694,0.00021297167770757607
2653,0.0029709446853658067,4,CCDC25,34.93476569442015,177.36604989827737,-3216.3794635015474,-3.5273876602689818,0.009563696825375223,SE,3635,7.2487770652052285e-06,0.6020403405458477,0.004467010498046875,6465.552384562965,-3219.6544179834505,3.2749544819030234,0.07034487792413358,0.04603396680567638
2654,0.00680116516198781,4,VDAC3,34.93476569442015,77.18095093554776,-3770.9785197489764,-5.362846513525501,0.0262609802852624,SE,3635,1.67436290795236e-05,0.26960975692796446,0.005462169647216797,7574.750497057823,-3777.3009959602805,6.322476211304092,0.011921703576564191,0.009213159257122348
2655,0.014067140179894824,4,RPS20,34.93476569442015,37.042370507573594,-3843.041140305344,-5.1530358241083745,0.033578880617473585,SE,3635,2.199078712476858e-05,0.08528979629202209,0.003838062286376953,7718.875738170558,-3871.8716814393742,28.830541134030227,7.899556875301528e-08,1.1036858468277413e-07
2656,0.006128983818229299,4,SDCBP,34.93476569442015,85.70354696863204,-3548.890855348054,-4.742778669610613,0.020387716063843122,SE,3635,2.2488998741917143e-05,0.4446686967203328,0.005385875701904297,7130.5751682559785,-3553.6804091304525,4.789553782398343,0.028632843315792966,0.020546234233878108
2657,0.015206401843632143,4,STAU2,34.93476569442015,34.22756462047459,-3224.172875448525,-4.024121142381012,0.022675190594800027,SE,3635,4.5264030988366474e-05,0.1509383991790111,0.005505084991455078,6481.13920845692,-3238.4979581314947,14.325082682969878,0.00015380187454694383,0.00015594079216926554
2658,0.030940155179930443,4,PABPC1,34.93476569442015,16.55332933889078,-3936.931247727624,-4.2055820815034535,0.04551368315182796,SE,3635,0.00014113909612158498,0.12120276909365311,0.003798961639404297,7906.655953015118,-3962.8709533060155,25.939705578391568,3.5224885164275577e-07,4.7157693390436785e-07
2659,0.02706503485860816,4,ATP6V1C1,34.93476569442015,18.999075377188,-3738.6593665542127,-6.047841948177969,0.05429371506743335,SE,3635,6.596785374144924e-05,0.07288149838438175,0.004305601119995117,7510.112190668296,-3779.600762871641,40.94139631742837,1.5686307808238098e-10,2.7338360287555805e-10
2660,0.015418720028231761,4,EIF3H,34.93476569442015,33.74896797324335,-3691.0761932336563,-3.7632634993142564,0.024228948479727324,SE,3635,5.8720058677891946e-05,0.1906196213184683,0.0038499832153320312,7414.945844027183,-3706.3982028876685,15.322009654012163,9.065412736319889e-05,9.440480474073626e-05
2661,0.01432697362966361,4,EFR3A,34.93476569442015,36.36098635612994,-3614.8898140895417,-5.190237790672131,0.03259837085740137,SE,3635,2.33214360597025e-05,0.08729268370447874,0.0037953853607177734,7262.5730857389535,-3634.83299427089,19.943180181348453,7.977800962510884e-06,9.309426338024214e-06
2662,0.05985682244019663,4,EEF1D,34.93476569442015,8.301137086542498,-3869.208972623654,-2.7878322169982654,0.06570209703736253,SE,3635,0.0002904677915399479,0.07478067259060751,0.0038220882415771484,7771.211402807178,-3968.2828505938646,99.07387797021056,0.0,0.0
2663,0.014901631583877925,4,SMARCA2,34.93476569442015,34.938400835119275,-3585.9204696173556,-5.146476973608817,0.03262392007175116,SE,3635,2.977249384233228e-05,0.10325326423464096,0.0038547515869140625,7204.634396794581,-3613.092755926995,27.172286309639276,1.8610740881719323e-07,2.529283425614748e-07
2664,0.010245588194498343,4,PSIP1,34.93476569442015,51.05611857573316,-3728.6261678258916,-5.038928498821101,0.027783810150848,SE,3635,1.9579503244550724e-05,0.14091692946307674,0.0038580894470214844,7490.045793211653,-3744.9623259142127,16.3361580883211,5.3042160963689966e-05,5.6910539528969965e-05
2665,0.0024064265019609465,4,NDUFB6,34.93476569442015,219.09793594690308,-3776.405574634393,-6.023153883044187,0.02347491107394394,SE,3635,4.305047599716758e-06,0.5437044646669575,0.004497528076171875,7585.604606828656,-3780.0843312507595,3.678756616366627,0.05510993302669098,0.03687140636754067
2666,0.025256893384026133,4,NTRK2,34.93476569442015,20.3970559349488,-3856.4543451393333,-6.283999888677923,0.05634417456451444,SE,3635,9.048036173003994e-05,0.11394907228763743,0.0043370723724365234,7745.702147838537,-3881.361514473689,24.907169334355785,6.015828760697062e-07,7.888912427637473e-07
2667,0.00626219587881796,4,SPIN1,34.93476569442015,83.86918233453183,-3620.329512848959,-5.352769523356115,0.02502093196912832,SE,3635,1.0499797097597978e-05,0.19898059236718035,0.004331827163696289,7273.452483257788,-3628.4212039928198,8.091691143860771,0.004446864880213952,0.003716182960314314
2668,0.0026733222781613756,4,ATP6V1G1,34.93476569442015,197.17114748785693,-3687.382810450408,-5.144411390215307,0.018156329990066535,SE,3635,5.416802012878497e-06,0.5549485430603778,0.0031976699829101562,7407.559078460687,-3691.4113766840846,4.028566233676429,0.04473594470267095,0.030693615576446627
2669,0.0963678451798779,4,NCS1,34.93476569442015,4.955834259691239,-3888.5833365461,-6.30077514374573,0.13609606085200254,SE,3635,0.00034386471049052,0.039338136415006705,0.003954410552978516,7809.96013065207,-4050.1105394158235,161.52720286972362,0.0,0.0
2670,0.030351487440445832,4,RPL7A,34.93476569442015,16.88463206865185,-2999.3643820821067,-5.532741498611397,0.043612755843089525,SE,3635,6.923442358782966e-05,0.06163675997527625,0.0038356781005859375,6031.5222217240835,-3069.2545643072845,69.8901822251778,1.1102230246251565e-16,2.823732731474879e-16
2671,0.005804164223835008,4,FBXW5,34.93476569442015,90.52936896188082,-3591.9148034985265,-4.0259587705003685,0.015792720660616506,SE,3635,1.9622265708654677e-05,0.4320444973261303,0.006073951721191406,7216.623064556923,-3596.6349375075324,4.72013400900596,0.029811419759559366,0.021346413103753386
2672,0.007510012966936381,4,SSNA1,34.93476569442015,69.84618539889851,-3473.1615918288517,-3.3730853086738644,0.013768069506025478,SE,3635,1.2822660221543755e-05,0.16983362422993958,0.0037729740142822266,6979.1166412175735,-3486.387733928663,13.226142099811113,0.0002760714524139285,0.0002697469793177621
2673,0.023689065091312717,4,RNF208,34.93476569442015,21.781986150150313,-3618.719842705084,-4.7932483486372535,0.03837454744582657,SE,3635,4.3958727285890584e-05,0.06253144331059965,0.004904270172119141,7270.233142970038,-3658.9298694275362,40.21002672245231,2.2807467026098038e-10,3.9291178208154e-10
2675,0.006914725234011428,4,PNPLA2,34.93476569442015,75.90473355309202,-3073.926494341915,-2.8562902102226566,0.009926939210877686,SE,3635,1.5366493339095366e-05,0.2394869091001913,0.0044422149658203125,6180.6464462437,-3081.7685359759607,7.842041634045927,0.005104492389938375,0.004208249073701424
2676,0.0056432386034590745,4,BRSK2,34.93476569442015,93.12602444327804,-3239.9428817621138,-3.742548011126134,0.013312184146149592,SE,3635,1.5389904270125398e-05,0.35821853809435733,0.005545139312744141,6512.679221084098,-3244.526687443349,4.58380568123539,0.032275456560762916,0.022903565261761186
2677,0.009037740125504205,4,KCNC1,34.93476569442015,57.950142865273754,-3002.11267480647,-3.5274359887172437,0.01436057208708642,SE,3635,1.2920937215763678e-05,0.11891707056544726,0.0044040679931640625,6037.01880717281,-3021.2554714315975,19.14279662512763,1.2129439692198929e-05,1.3783454195680603e-05
2678,0.004306937813419606,4,C11orf49,34.93476569442015,122.18393991657135,-3412.5999328305898,-3.9342948085672043,0.013267019019641882,SE,3635,1.0080395641352974e-05,0.40059115558818487,0.0032205581665039062,6857.99332322105,-3417.3151989293956,4.7152660988058415,0.029895938317385684,0.021395545797742176
2679,0.008804051633062172,4,NDUFS3,34.93476569442015,59.5023588160136,-3614.021523204643,-4.982795655519423,0.025275753133274393,SE,3635,2.4271068463043837e-05,0.23516589416293296,0.005458831787109375,7260.836503969156,-3621.330182306927,7.308659102283855,0.006862311470816174,0.005528699497445802
2680,0.00981785771692201,4,TMEM132A,34.93476569442015,53.3034846054146,-3628.7124538067383,-5.127023056897378,0.027513836400575916,SE,3635,2.2979101792496132e-05,0.17979117573805675,0.004422903060913086,7290.218365173347,-3641.65898565086,12.946531844121637,0.000320514722874754,0.0003097974071673433
2681,0.007573363561285594,4,VEGFB,34.93476569442015,69.2575065304198,-3256.8176125834198,-2.9071059189207835,0.011095094828399895,SE,3635,3.384596109938393e-05,0.44093034748937754,0.0044519901275634766,6546.42868272671,-3265.6400557245843,8.822443141164513,0.0029754801691702637,0.002553171759260199
2682,0.011689564267258704,4,TRMT112,34.93476569442015,44.68402678726041,-3810.334432101992,-4.439590294379107,0.025531602486842365,SE,3635,2.4892205748349525e-05,0.1384481163898927,0.0038177967071533203,7653.462321763855,-3830.4620408431474,20.1276087411552,7.24433656784651e-06,8.48296393734697e-06
2683,0.004710031703382962,4,SCYL1,34.93476569442015,111.68196373491966,-3204.6642021650587,-3.831422714781037,0.012810866136486989,SE,3635,1.1836446835295837e-05,0.3939684222291661,0.004391908645629883,6442.1218618899875,-3210.2621759092103,5.597973744151659,0.017981262290101552,0.013515626302361758
2686,0.011135877223322531,4,NUMA1,34.93476569442015,46.93203994870293,-3342.4662187632985,-3.1631160074892093,0.015340295022653057,SE,3635,1.5976765353868742e-05,0.09769437629976925,0.004462718963623047,6717.725895086467,-3364.755177345753,22.288958582454597,2.345513908541541e-06,2.9139264539926814e-06
2689,0.00474544157571043,4,NDUFC2,34.93476569442015,110.84466363137928,-3706.2623531839654,-7.392785132901658,0.04043779212684828,SE,3635,8.570809182746519e-06,0.28107363609889807,0.004346609115600586,7445.318163927801,-3713.39003371084,7.127680526874428,0.007590285305582367,0.006064360965375678
2690,0.026635168100454545,4,ELMOD1,34.93476569442015,19.314232462003606,-3526.654235421492,-5.422584736905065,0.04532246647083204,SE,3635,5.0774817927986936e-05,0.057820621018037824,0.0049321651458740234,7086.101928402854,-3586.933104371516,60.278868950023934,8.215650382226158e-15,1.8640445447945295e-14
2692,0.012115198403377344,4,GRAMD1B,34.93476569442015,43.09560862957871,-3081.478120141017,-3.7427731037201837,0.018017775499436908,SE,3635,2.3655324667823164e-05,0.12270135916506075,0.003793478012084961,6195.749697841904,-3101.8378668052474,20.359746664230443,6.41654249100565e-06,7.539883197053088e-06
2693,0.011056973588316983,4,GAD2,34.93476569442015,47.270723067367236,-3326.7957290038576,-3.3199638558191444,0.01597534453355183,SE,3635,1.8070667695107487e-05,0.1120443590912016,0.003899097442626953,6686.384915567585,-3345.528724786517,18.7329957826596,1.5035811264163534e-05,1.691471622906813e-05
2696,0.007232779763668029,4,VDAC2,34.93476569442015,72.5436550072241,-3798.7387070934537,-5.865790835713792,0.030933996957102847,SE,3635,1.3141434564263053e-05,0.1874394321561764,0.0038557052612304688,7630.270871746778,-3812.199543169885,13.460836076431406,0.00024359518113148404,0.00023993136435152167
2697,0.019992572507727045,4,ANXA11,34.93476569442015,25.907048179061004,-3428.4888990597283,-4.30934466551472,0.02976147535388825,SE,3635,9.582813333330324e-05,0.18852241957048552,0.005495309829711914,6889.771255679327,-3441.952739617397,13.463840557668846,0.00024320540993960638,0.00023972294819221945
2698,0.008013606237252537,4,NEURL1,34.93476569442015,65.42367892331528,-3154.813763537777,-3.174898189445799,0.012319839464089292,SE,3635,1.7447177562324186e-05,0.2033765078736571,0.005492687225341797,6342.420984635424,-3164.753687803347,9.93992426556997,0.0016173220239183994,0.0014429928836503687
2699,0.012899678194147295,4,KNDC1,34.93476569442015,40.442655370337604,-3208.792878033304,-3.8748119033255883,0.019921277129179415,SE,3635,2.8769219046269423e-05,0.1320547106084967,0.004355192184448242,6450.379213626478,-3225.083839296859,16.29096126355489,5.432245472014596e-05,5.8191396197029556e-05
2700,0.011870102682100554,4,CMAS,34.93476569442015,43.996366298725434,-3458.5214297383045,-4.610382365760263,0.024999849342825703,SE,3635,3.2274864310878174e-05,0.17422027997357187,0.005571603775024414,6949.836317036479,-3467.7028504976106,9.181420759306093,0.002444841666885633,0.0021194737974406853
2702,0.01242276247824116,4,KIF21A,34.93476569442015,42.01555793857714,-3739.686435426389,-5.688060087270134,0.03552513130055995,SE,3635,3.2276323480897905e-05,0.159433305465045,0.0043981075286865234,7512.166328412648,-3752.0511140304243,12.364678604035362,0.00043753287794623397,0.0004163229133087478
2703,0.01972552541459754,4,PFKM,34.93476569442015,26.26493675897445,-3724.4172550180715,-5.676503608480324,0.04309082625411055,SE,3635,3.6735508596919665e-05,0.07415879340476016,0.0038967132568359375,7481.627967596013,-3766.935376890387,42.51812187231553,7.00304259027007e-11,1.2430442592467865e-10
2704,0.022030515601384384,4,TMBIM6,34.93476569442015,23.46161411828319,-3830.285291538567,-4.703643371251477,0.03839047080707576,SE,3635,4.905419167023703e-05,0.08013899107565717,0.003843069076538086,7693.364040637004,-3869.6227671210204,39.33747558245341,3.5653235919141935e-10,6.026357830097085e-10
2705,0.009045926657933807,4,METTL7A,34.93476569442015,57.897219881655225,-3194.1666606300023,-2.7323407314641432,0.011307316069504492,SE,3635,3.901928290041898e-05,0.35847405611348826,0.0055370330810546875,6421.126778819875,-3201.7385146358083,7.571854005806017,0.005928676860833648,0.0048256292988141675
2706,0.022825944258054367,4,SCN8A,34.93476569442015,22.625616452991977,-3385.132782015813,-4.668664132592174,0.034342756867475344,SE,3635,5.648245156368564e-05,0.08623428187613383,0.004484415054321289,6803.059021591496,-3419.6051280100683,34.47234599425519,4.323505109482539e-09,6.640501828595018e-09
2708,0.011316773689493107,4,ATP5MC2,34.93476569442015,46.17339204318327,-3822.2839185013518,-5.401853963530149,0.03233584594559707,SE,3635,2.0492726536771615e-05,0.12142491566852148,0.0038232803344726562,7677.361294562574,-3843.5783098166803,21.29439131532854,3.938822530136221e-06,4.774330339559057e-06
2709,0.020005357248648763,4,PTGES3,34.93476569442015,25.89015411308474,-3863.671424659759,-5.253929204239642,0.041051989527675976,SE,3635,0.00010781993670702905,0.21185389599962304,0.0038590431213378906,7760.136306879388,-3883.0511067632024,19.37968210344343,1.0714090377894614e-05,1.2299762456782525e-05
2712,0.0037344743965346747,4,CPSF6,34.93476569442015,140.994723905509,-3165.174051843207,-3.189230714474629,0.008867050647748603,SE,3635,1.1003274109218131e-05,0.5802181139006968,0.004477024078369141,6363.141561246284,-3168.7278655279106,3.5538136847035275,0.05940875995460593,0.03951151068746541
2714,0.007181293241300018,4,SVOP,34.93476569442015,73.06754837637135,-3452.8161656564052,-4.603833067419566,0.02037179064068223,SE,3635,1.7531062904826695e-05,0.25359403938955094,0.004388332366943359,6938.425788872681,-3461.7162005068913,8.900034850486009,0.00285165213333749,0.002451609153261392
2716,0.007143574041535922,4,WASF3,34.93476569442015,73.45614722015455,-3518.556391395923,-3.7949558104048036,0.015712611854935502,SE,3635,1.798363226270371e-05,0.2628540194185114,0.005553722381591797,7069.906240351716,-3524.470641969846,5.9142505739228,0.01501889044357596,0.011429431230199724
2717,0.004981320178296711,4,UBL3,34.93476569442015,105.5708509110416,-3669.19551969637,-4.156959403399907,0.01576007655390955,SE,3635,1.6031357573065768e-05,0.47759308962249,0.0056116580963134766,7371.18449695261,-3673.6978585681304,4.5023388717604576,0.033848526190451644,0.023906379747968717
2718,0.005642470596630025,4,PDS5B,34.93476569442015,93.13877193120278,-3212.618476403826,-3.867720870827075,0.013907791203368177,SE,3635,1.0544596731681373e-05,0.24550421241276044,0.003844022750854492,6458.030410367523,-3220.853555804046,8.235079400220002,0.004108837487285633,0.0034551587961265556
2719,0.0224555186790698,4,PCDH9,34.93476569442015,23.007566326397082,-3775.0599191026663,-4.642659727239795,0.03774050236785546,SE,3635,5.857316528115838e-05,0.09226169180443451,0.0037915706634521484,7582.913295765203,-3809.9961435638643,34.93622446119798,3.4068320386992923e-09,5.2868946390635986e-09
2720,0.013915821697272871,4,COMMD6,34.93476569442015,37.450910477121255,-3771.550511922338,-4.166567839767553,0.025809503402651094,SE,3635,3.601156429489241e-05,0.14263371562285926,0.0038521289825439453,7575.894481404546,-3793.310958998439,21.760447076101173,3.089031707648182e-06,3.7748880582274882e-06
2721,0.02951042793717639,4,IPO5,34.93476569442015,17.38091401959409,-3462.416819337592,-4.153840079714717,0.036920164267360854,SE,3635,0.00021388073063042224,0.2007345252382996,0.003853321075439453,6957.6270962350545,-3479.038592893357,16.621773555764776,4.562423178222641e-05,4.9226407405187066e-05
2723,0.031236481155463597,4,HNRNPC,34.93476569442015,16.391281823476927,-3854.594345312073,-4.666062585993517,0.04789334757629224,SE,3635,0.00012674456435475613,0.10691406405207199,0.004143714904785156,7741.982148184016,-3882.943035973958,28.34869066188503,1.0131530714385661e-07,1.4038634451166351e-07
2725,0.006891231365169807,4,PSMB5,34.93476569442015,76.1653129211932,-3794.6422347614425,-5.420704065195128,0.026899720750185523,SE,3635,3.0270155886854555e-05,0.4749365701846382,0.0054209232330322266,7622.077927082755,-3798.482005701824,3.8397709403816407,0.05005035845884509,0.03394177534782385
2726,0.008046997111634343,4,BCL2L2,34.93476569442015,65.15001144350825,-3352.2589676757725,-3.7672950712808775,0.01589236253718009,SE,3635,2.3639968503847875e-05,0.27331959782489584,0.005438089370727539,6737.311392911415,-3361.0682470169104,8.80927934113788,0.002997023855438874,0.002566746893148275
2728,0.05706549670517741,4,JPH4,34.93476569442015,8.733034402389736,-3676.502504821618,-4.473219838509644,0.06800948720977996,SE,3635,0.0003106441708441075,0.08702926651596779,0.003854990005493164,7385.798467203106,-3738.238927701227,61.73642287960911,3.885780586188048e-15,9.02960475358504e-15
2729,0.006658036161947733,4,FKBP3,34.93476569442015,78.85148528980045,-3612.6091365781394,-4.747154437673208,0.021211950430966454,SE,3635,2.928217974082205e-05,0.49170694164270173,0.004448652267456055,7258.011730716149,-3617.896122802261,5.286986224121392,0.02148537129242145,0.015892023345886228
2730,0.004317610485722357,4,PPM1A,34.93476569442015,121.88060782531836,-3459.080613554397,-4.706810541704018,0.017736028311719644,SE,3635,9.540053271273645e-06,0.37726290730085527,0.004416227340698242,6950.954684668664,-3463.043339445813,3.962725891416085,0.04651831622145064,0.031802987808456654
2731,0.010516540012615157,4,DDX24,34.93476569442015,49.727074021764686,-3875.541799314864,-6.371680042412068,0.0402091095650211,SE,3635,1.959994342920197e-05,0.13403855083289923,0.003777742385864258,7783.877056189598,-3891.4884941320074,15.946694817143452,6.51514389480301e-05,6.924036309283684e-05
2733,0.010054472302335027,4,APBA2,34.93476569442015,52.03664176526076,-3671.7858172737606,-5.778796670839827,0.03324554949178015,SE,3635,2.0631101855503157e-05,0.15406241924388683,0.004400968551635742,7376.365092107391,-3686.2464465874646,14.460629313703976,0.0001431198837437142,0.00014610113666760731
2735,0.01902063323434077,4,GNB5,34.93476569442015,27.257884487485036,-3425.144000960735,-4.636541456489998,0.03126614205762556,SE,3635,3.441941351190349e-05,0.07451378078961454,0.0038514137268066406,6883.08145948134,-3461.1612246792747,36.01722371853975,1.955810735587704e-09,3.095828757935618e-09
2736,0.0074071020281877165,4,TLN2,34.93476569442015,70.82393978186465,-3463.153141732162,-4.593546971961869,0.020571039551017474,SE,3635,2.4104754702714895e-05,0.32805604340000544,0.005500078201293945,6959.099741024194,-3468.0112345918387,4.858092859676617,0.02751673716891867,0.01980873146067398
2737,0.01082746949154983,4,RAB11A,34.93476569442015,48.28389802455797,-3763.863557207499,-5.388193205690759,0.03133989412683012,SE,3635,3.3745223362002244e-05,0.2179896326564189,0.005565166473388672,7560.520571974868,-3771.3535505319533,7.48999332445419,0.00620427861141426,0.005025632064415251
2738,0.011522642139524643,4,FEM1B,34.93476569442015,45.33899580992907,-3500.7233573735493,-4.215493324705303,0.022248108856467084,SE,3635,2.2935594446949005e-05,0.13119810073832064,0.005452394485473633,7034.240172306969,-3511.2025651089025,10.479207735353157,0.001207255159014542,0.0010864929372706126
2741,0.006149881341567156,4,RAB40C,34.93476569442015,85.41052724588722,-3294.645072083513,-3.8927966089732897,0.014694054274183299,SE,3635,1.3155489323143926e-05,0.2583774031716855,0.004946708679199219,6622.083601726896,-3301.426578390132,6.7815063066191215,0.009210712893649609,0.0072556179915911345
2743,0.012619916999940686,4,STUB1,34.93476569442015,41.35091360422685,-3853.2647642077936,-5.455359970960583,0.034476882744422954,SE,3635,4.284040277565669e-05,0.205222162591827,0.005532741546630859,7739.322985975457,-3860.2180785379564,6.9533143301628115,0.008366409147190335,0.006641075643787449
2744,0.004299719450466824,4,GNPTG,34.93476569442015,122.38994941276826,-3483.3735576128056,-3.713401462473137,0.012276147855102266,SE,3635,1.0886686797861838e-05,0.4340736804472438,0.003823995590209961,6999.540572785481,-3487.552391231566,4.178833618760564,0.04093186146886063,0.02828554651627854
2745,0.012209351658710515,4,NME3,34.93476569442015,42.75919819950037,-3649.697191930927,-3.455699162071069,0.019239753929495125,SE,3635,2.1967189196958486e-05,0.11223779966235319,0.0038712024688720703,7332.187841421724,-3669.2606153354564,19.563423404529203,9.731455405392886e-06,1.1248480162434766e-05
2746,0.009336119970059568,4,RNPS1,34.93476569442015,56.08118093319594,-3817.145871391589,-5.1332730208401385,0.02787142002214229,SE,3635,2.583313153373199e-05,0.2230741706415221,0.00539088249206543,7667.085200343048,-3823.5842017418754,6.438330350286378,0.011168357010593155,0.008690871431556797
2747,0.006205296464249808,4,C16orf72,34.93476569442015,84.6430663208792,-3519.344785452763,-4.123915748355672,0.016588476520150167,SE,3635,1.9100353227434376e-05,0.3685505368703814,0.005917787551879883,7071.483028465396,-3523.1111508738304,3.7663654210673485,0.05229314641333849,0.03534087952884597
2748,0.006264503463202058,4,DEXI,34.93476569442015,83.8380937080567,-3178.0715959101035,-3.6117268997743754,0.01306997899198848,SE,3635,1.903364326052313e-05,0.3604424052353764,0.005387306213378906,6388.936649380077,-3182.5637836322603,4.492187722156814,0.03405007654325387,0.02402350826334354
2750,0.007287057968695388,4,CORO1A,34.93476569442015,71.9993713967874,-3115.301914364425,-3.2162308218563527,0.011851230003964477,SE,3635,2.2132445149466067e-05,0.3110650193107154,0.004925966262817383,6263.39728628872,-3122.391149690615,7.089235326189737,0.007754832862274852,0.006184810387544745
2752,0.01838348539136991,4,DYNC1LI2,34.93476569442015,28.220925176686567,-3677.933601262195,-3.7623538017511446,0.026898121307107052,SE,3635,5.002142284539018e-05,0.11562510263582129,0.0038428306579589844,7388.660660084261,-3710.659609069084,32.7260078068889,1.0610793910181826e-08,1.57924124970526e-08
2754,0.01832876015160097,4,RAP1GAP2,34.93476569442015,28.306764043530592,-3092.031824247407,-3.2737578584909914,0.019817982190473205,SE,3635,3.9539989890451376e-05,0.09192316621734217,0.003838777542114258,6216.857106054684,-3112.3918159675695,20.359991720162725,6.4157208191639725e-06,7.539883197053088e-06
2755,0.002487005066418017,4,RPAIN,34.93476569442015,211.9820742359775,-3121.2294887534827,-3.5618463444884227,0.009049733415931264,SE,3635,1.1267310806848792e-05,1.3327315807252673,0.0034143924713134766,6275.2524350668355,-3124.4754344343673,3.245945680884688,0.07160036007921788,0.04678728991003687
2757,0.007103206887496826,4,EIF5A,34.93476569442015,73.8765981939353,-3754.630789967827,-5.240023080467812,0.0256787536995637,SE,3635,1.4989525407178929e-05,0.22155150045984826,0.004385948181152344,7542.055037495524,-3763.4419692376077,8.81117926978095,0.0029939047016731557,0.0025657087194419638
2758,0.013298358294184073,4,NLGN2,34.93476569442015,39.21435410897954,-3302.992580255399,-3.650849074480283,0.01939277551108294,SE,3635,3.6998114247530667e-05,0.16005866580379333,0.005536556243896484,6638.778618070668,-3314.6732138953403,11.680633639941334,0.0006315402129406511,0.0005892570389308812
2759,0.06152021971902963,4,RPL26,34.93476569442015,8.062399007025006,-3249.715343867357,-5.5125739986573565,0.07016259121439083,SE,3635,0.00029603223083396685,0.07262038136609913,0.003799915313720703,6532.224145294585,-3327.47002595669,77.75468208933262,0.0,0.0
2760,0.016087366875528107,4,NDEL1,34.93476569442015,32.32427672067696,-3243.7940686548327,-4.263902590673649,0.025021902920080823,SE,3635,5.4319775182347104e-05,0.1624264304509097,0.0038449764251708984,6520.381594869536,-3264.7758499797287,20.98178132489602,4.63671699224566e-06,5.560153255974378e-06
2761,0.015534812899968315,4,MYH10,34.93476569442015,33.492809662894935,-3378.018306284326,-4.569734307471093,0.027500639224144086,SE,3635,3.790460992308108e-05,0.12127312638483902,0.003911018371582031,6788.8300701285225,-3398.6315666593155,20.613260374989295,5.620546198903398e-06,6.6685973820563015e-06
2762,0.013063269245774334,4,USP22,34.93476569442015,39.92957424900756,-3843.5515063815374,-6.5621084532314775,0.04512498624172015,SE,3635,1.7397688002545424e-05,0.07792262733535538,0.0040128231048583984,7719.896470322945,-3864.3919606373684,20.84045425583099,4.991738672854851e-06,5.954040325455497e-06
2763,0.01633551441339951,4,CACNB1,34.93476569442015,31.825220544696748,-3269.9465538184104,-4.282225001295729,0.02549564007779882,SE,3635,3.746076143772769e-05,0.1087480280505805,0.0037484169006347656,6572.686565196691,-3293.704566963358,23.758013144947654,1.0923962415754218e-06,1.390510396088092e-06
2764,0.011860394774050206,4,NR1D1,34.93476569442015,44.032810570689385,-3171.6967819377132,-3.7491208162022827,0.018236753040865458,SE,3635,1.6987963632160102e-05,0.09184783093194554,0.0038030147552490234,6376.187021435297,-3194.674469720502,22.977687782788962,1.638925773761457e-06,2.062769066389112e-06
2766,0.004223563148558983,4,ATP5MC1,34.93476569442015,124.60632817872794,-3840.352906145996,-5.378594575246781,0.022770678197154504,SE,3635,1.0886040583712838e-05,0.44969969062823073,0.0032613277435302734,7713.499269851862,-3844.8933558299314,4.540449683935549,0.03310289472232775,0.0234536283158816
2767,0.02307598478795433,4,DDX5,34.93476569442015,22.374729163498383,-3892.0127151513975,-4.911113424033906,0.04183267679098869,SE,3635,0.00015370694404717483,0.2298470410221593,0.0037810802459716797,7816.818887862665,-3912.055661891609,20.04294674021139,7.57223015546149e-06,8.85151301641498e-06
2768,0.00307292969600612,4,AMZ2,34.93476569442015,171.462049195431,-3504.006663470518,-3.7366330488682014,0.010959830768971095,SE,3635,1.0520989527399072e-05,0.8171193489734638,0.004462003707885742,7040.806784500906,-3507.2007492850917,3.1940858145735547,0.07390508007386631,0.048199673251364816
2769,0.010558053249493176,4,JPT1,34.93476569442015,49.52947394166026,-3653.0417167314536,-4.975817844719405,0.027284464400427613,SE,3635,2.4875709991103617e-05,0.1688118012722323,0.004006385803222656,7338.876891022777,-3665.7206592892435,12.678942557789924,0.0003697966460255442,0.000354629065066938
2770,0.009129807118049588,4,TCF4,34.93476569442015,57.360431157236796,-3626.462770542247,-4.918978197208823,0.02521849252948348,SE,3635,3.096119626311718e-05,0.27933770988926165,0.004996538162231445,7285.718998644365,-3636.0427383313227,9.579967789075454,0.001967118573908855,0.0017287188939998253
2771,0.012764646757965943,4,CNDP2,34.93476569442015,40.876070886657,-3526.1215166845795,-3.1265013974430294,0.017399929855130135,SE,3635,5.657399548619318e-05,0.26505840313605866,0.0039827823638916016,7085.036490929029,-3541.3397183196666,15.218201635087098,9.577583046238569e-05,9.935391398635373e-05
2772,0.002918810870852676,4,TXNL4A,34.93476569442015,180.54348161792745,-3935.560855294716,-5.284535010850821,0.019889798483324474,SE,3635,6.6018077836650945e-06,0.5679456670654778,0.004940509796142578,7903.915168149302,-3939.0625841011074,3.501728806391384,0.06130480175527975,0.040672004033447215
2773,0.004708434010342887,4,SNTA1,34.93476569442015,111.72003964303767,-3453.744744756914,-3.2978701210063863,0.010727371289686826,SE,3635,1.2927577034323737e-05,0.4305751886981087,0.00557398796081543,6940.282947073698,-3457.859010142899,4.1142653859851634,0.042522989045079895,0.029279810080356496
2774,0.00826421438723927,4,CHMP4B,34.93476569442015,63.423711774577534,-3706.848729466821,-5.411487955769571,0.028254446794967185,SE,3635,1.8513036628572663e-05,0.2031216122960071,0.005560874938964844,7446.4909164935125,-3715.277522356897,8.428792890075783,0.00369325441875612,0.0031331058923300802
2777,0.011928724153266353,4,SDC4,34.93476569442015,43.77755714474452,-3168.56993199058,-2.2451164232343137,0.011435734548330299,SE,3635,3.4565472532654185e-05,0.18480026083588202,0.004976749420166016,6369.93332154103,-3183.4664765062876,14.896544515707774,0.00011357082690455211,0.00011700182640869914
2778,0.016176469195844506,4,PIGT,34.93476569442015,32.14331881645866,-3224.558427508251,-2.8742975582372052,0.017179203806853192,SE,3635,5.3831439300366e-05,0.15925600727108022,0.004366397857666016,6481.910312576372,-3243.7149287692805,19.15650126102946,1.204266268428622e-05,1.3696411874851003e-05
2779,0.010305832447525025,4,KCNB1,34.93476569442015,50.7545730452833,-3161.579118207992,-4.149816722461171,0.019369755088725824,SE,3635,1.619466593340916e-05,0.1152256227871639,0.003794431686401367,6355.951693975854,-3179.4963839262564,17.91726571826439,2.3071851810052557e-05,2.5423528165347175e-05
2780,0.03141466413989942,4,ATP5F1D,34.93476569442015,16.295313269908213,-3513.534692417105,-6.799397070307858,0.0635636819748102,SE,3635,0.0001261959330082808,0.10532283394864182,0.0038547515869140625,7059.86284239408,-3546.0082327140917,32.47354029698681,1.2082645772792944e-08,1.790380030409848e-08
2781,0.009051331042665716,4,APC2,34.93476569442015,57.86233494069126,-3599.4158452028296,-4.103942561943816,0.0196380616704617,SE,3635,3.922721026390677e-05,0.3599621119518751,0.005496978759765625,7231.625147965529,-3605.7311434506673,6.315298247837745,0.011970060916570935,0.009245219787352568
2782,0.010051619302025616,4,UBXN6,34.93476569442015,52.05156159098814,-3764.502585809728,-5.172814952881591,0.028756702855446847,SE,3635,2.269733242768706e-05,0.1695861953411983,0.003791332244873047,7561.798629179326,-3777.631576863271,13.12899105354336,0.0002907613114685459,0.00028327742806493844
2783,0.023524397215193824,4,SEMA6B,34.93476569442015,21.938156903068037,-3427.682490646592,-4.217331212387493,0.032039025997347585,SE,3635,6.328556755113669e-05,0.09122754075208442,0.0037794113159179688,6888.158438853055,-3457.035389185789,29.352898539196758,6.032621657769965e-08,8.516913148430363e-08
2784,0.007861875997399237,4,MLLT1,34.93476569442015,66.69652298658664,-3099.9887234254384,-2.9099173912998597,0.010898382411919934,SE,3635,2.547540906397489e-05,0.3083385776491788,0.004377841949462891,6232.770904410747,-3108.3695703380226,8.380846912584275,0.003791956861440293,0.00321278689886171
2785,0.006347606120823102,4,ALKBH7,34.93476569442015,82.73356874898727,-3391.8888812992964,-3.1854868796921396,0.011628748698358992,SE,3635,2.0345091445265235e-05,0.37538463831169244,0.005568981170654297,6816.571220158463,-3396.447253893233,4.558372593936838,0.03275818683359777,0.02322162875453813
2786,0.01269167737228297,4,PRR36,34.93476569442015,41.11412194181342,-3325.007773299275,-3.453584205157308,0.01794912420174626,SE,3635,3.31332631314386e-05,0.15697775243636458,0.004903554916381836,6682.80900415842,-3337.4617528141316,12.453979514856655,0.0004171021975737377,0.0003988571767197337
2787,0.004531235720464063,4,NDUFA7,34.93476569442015,116.10962631112297,-3378.8918387206486,-4.530105466336239,0.016788506042668978,SE,3635,7.623549883809879e-06,0.27396138010319204,0.00434422492980957,6790.577135001167,-3387.2870305327833,8.395191812134726,0.0037621481092845466,0.0031895395553308875
2788,0.005168647037425744,4,HNRNPM,34.93476569442015,101.72550012363538,-3415.649434986575,-2.947273231660764,0.009621864400240513,SE,3635,6.085359402597941e-06,0.16851813762741796,0.0038161277770996094,6864.092327533021,-3427.5221913177666,11.87275633119134,0.0005696104915587918,0.0005351850733284739
2789,0.021177060345764998,4,CDKN2D,34.93476569442015,24.428438661892372,-3680.460725410038,-5.366140271225929,0.04135868389340114,SE,3635,4.692378377460637e-05,0.08267381557522176,0.0043370723724365234,7393.714908379946,-3712.397546760347,31.936821350308946,1.5926925445164386e-08,2.331768687193916e-08
2790,0.0045854208871597595,4,TRIR,34.93476569442015,114.73133252288159,-3898.5407311954477,-5.161384751545725,0.02198563212709413,SE,3635,9.749814583719624e-06,0.34221657608774386,0.004431009292602539,7829.874919950766,-3903.673306023946,5.132574828498491,0.02348086985731701,0.017160479674499622
2791,0.015192426935547457,4,MAST1,34.93476569442015,34.25953535292632,-3176.437806339718,-4.005480851600909,0.022287854694801167,SE,3635,3.230554624604379e-05,0.1079188501361464,0.004370450973510742,6385.669070239306,-3195.683838321024,19.246031981305805,1.1490896005939e-05,1.3102100222488231e-05
2792,0.011862135908557388,4,CACNA1A,34.93476569442015,44.02626982102328,-3134.9761787143034,-4.067689207540222,0.019974316760787564,SE,3635,1.945675255855391e-05,0.10516556274970763,0.004316091537475586,6302.745814988477,-3154.532046860769,19.5558681464654,9.770017094457017e-06,1.1278075006834858e-05
2793,0.005473453734216848,4,PRKACA,34.93476569442015,96.03115975463575,-3546.662683920473,-4.5068492749051465,0.018113312011130117,SE,3635,1.2408774534198356e-05,0.30680978370816087,0.005470991134643555,7126.118825400816,-3552.1453640600866,5.482680139613876,0.01920578993563371,0.014363822883792966
2794,0.010955123317753886,4,BRD4,34.93476569442015,47.71511471679817,-3160.1145464837346,-3.210118009196631,0.014688024606472712,SE,3635,2.150309780992455e-05,0.13576021118283146,0.005453586578369141,6353.022550527339,-3169.390429021813,9.27588253807835,0.0023219078541222293,0.002020712468599847
2796,0.019397868688499673,4,ABHD8,34.93476569442015,26.71751507035037,-3259.261367892039,-3.8022203604257494,0.02468878423105947,SE,3635,4.5847511676729324e-05,0.09557850980939211,0.003841400146484375,6551.316193343948,-3286.4116174453975,27.150249553358663,1.8824089920155274e-07,2.5556970077818376e-07
2797,0.0034890810810437878,4,DDA1,34.93476569442015,150.94830652102615,-3176.371148894901,-3.562551347175521,0.010239333358840289,SE,3635,1.0724656814077727e-05,0.6472122686133975,0.004434347152709961,6385.535755349672,-3180.0445061170967,3.673357222195591,0.055288712889982716,0.036935675307923826
2798,0.02568762404217425,4,NCAN,34.93476569442015,20.04617549197047,-3406.0587139189024,-3.19686595338152,0.027343952804599687,SE,3635,0.00027442680844997345,0.33469901361891785,0.003844738006591797,6844.910885397675,-3419.5249240344574,13.466210115554986,0.00024289845068659055,0.0002396797746011429
2799,0.009762312280148443,4,PDCD5,34.93476569442015,53.609776991867214,-3692.761452122686,-4.95208837264439,0.02643661093694287,SE,3635,2.1249475298698537e-05,0.16811716019133144,0.004438161849975586,7418.316361805242,-3704.3934897051213,11.63203758243526,0.0006482550334143689,0.0006031795859758997
2800,0.005088055998073696,4,PSMD8,34.93476569442015,103.34512800366498,-3817.1186880688747,-5.4303105917750925,0.024469849927638326,SE,3635,1.5860273118560066e-05,0.45308101785493377,0.0043485164642333984,7667.0308336976195,-3821.5047200096587,4.386031940784051,0.03623455129138897,0.02540486802371296
2801,0.05023154565542907,4,RPS16,34.93476569442015,9.993058831912675,-3570.6504917262896,-4.554284978056252,0.059654265287492056,SE,3635,0.00016159143989994367,0.056870535591496095,0.0038080215454101562,7174.094441012449,-3669.4649922103417,98.81450048405213,0.0,0.0
2802,0.008001671509322787,4,SPTBN4,34.93476569442015,65.5220485563196,-3148.398006612195,-3.640555335666245,0.014578653771100727,SE,3635,2.0500645153403174e-05,0.23967142588249948,0.0038814544677734375,6329.58947078426,-3158.1197682359107,9.721761623715793,0.0018209889101373777,0.0016097620278361722
2803,0.005215966427537426,4,GSK3A,34.93476569442015,100.79784890210793,-3600.024212103943,-4.5350413066952076,0.018100914232542474,SE,3635,1.4086502123256606e-05,0.38311839744682635,0.00434565544128418,7232.841881767756,-3605.404469221894,5.38025711795126,0.02036587635602971,0.015142764715546502
2804,0.02487178321766951,4,TMEM160,34.93476569442015,20.72106366689959,-3782.4070155791665,-6.801031432943755,0.06055234600237787,SE,3635,6.385677647672986e-05,0.08279997040492887,0.0038444995880126953,7597.607488718203,-3822.7744046461103,40.367389066943815,2.1042423359318718e-10,3.6390262411535067e-10
2805,0.007650139821785865,4,NOP53,34.93476569442015,68.55713897030367,-3584.939422078939,-3.0595403307872604,0.012816544622255305,SE,3635,1.312315107094692e-05,0.16760156980824686,0.0038022994995117188,7202.672301717748,-3599.146753594302,14.207331515362966,0.00016373134200420303,0.00016513724012963098
2806,0.03857577234869923,4,LMTK3,34.93476569442015,13.172180620560475,-3108.856466347624,-3.3352795597247575,0.033948775820696914,SE,3635,0.000307153250541675,0.17497437737385085,0.0037841796875,6250.506390255118,-3130.6490724968507,21.792606149226685,3.0376851006819194e-06,3.7256765965105177e-06
2807,0.00949286552731326,4,DBP,34.93476569442015,55.146445442034974,-3227.6052491428836,-3.7138112557184138,0.016409669378733147,SE,3635,2.366775101192078e-05,0.19781011416576258,0.003831148147583008,6488.003955845637,-3240.9168375899862,13.311588447102622,0.00026377081092421317,0.0002582908562708982
2808,0.014121309459453944,4,MBOAT7,34.93476569442015,36.898248760124225,-3686.8120671227716,-5.582222625419695,0.03612769678093463,SE,3635,2.3327263947913214e-05,0.0898004359437969,0.003731250762939453,7406.417591805413,-3712.8731733560626,26.061106233290957,3.3078059780144997e-07,4.432771502590964e-07
2809,0.05141819458936308,4,RPS9,34.93476569442015,9.750237893408535,-3617.80844999968,-4.672464468793565,0.06279554335213645,SE,3635,0.00015061702601086411,0.050828116712005905,0.003755331039428711,7268.41035755923,-3738.887406446475,121.07895644679502,0.0,0.0
2810,0.005379305540498195,4,CCDC106,34.93476569442015,97.72113978783372,-3075.7326291922473,-3.326806571891766,0.010762888715187638,SE,3635,1.6458977881148317e-05,0.421157056776035,0.004428386688232422,6184.258715944365,-3081.4233334002956,5.690704208048373,0.017055009208849947,0.012876958284408697
2811,0.016442738034822692,4,RBFOX2,34.93476569442015,31.61424079942108,-3541.278391122598,-4.5505595764854,0.029239736709343465,SE,3635,5.65807091963676e-05,0.16218899206703447,0.004882097244262695,7115.350239805066,-3558.915751217879,17.63736009528111,2.6728572472323187e-05,2.938078376339745e-05
2812,0.025382485239789816,4,MYH9,34.93476569442015,20.293516771988994,-3302.929588597947,-2.788522477542367,0.024059142710496556,SE,3635,8.232068239161693e-05,0.10270189959567479,0.003811359405517578,6638.652634755764,-3328.729750779323,25.80016218137598,3.786566518115819e-07,5.049210241293282e-07
2813,0.006504508780497027,4,POLR2F,34.93476569442015,80.72510926076986,-3433.9628083373245,-2.984865187985605,0.011011516321470807,SE,3635,1.3121759553780053e-05,0.23071835158822435,0.004960298538208008,6900.719074234519,-3443.5847896084597,9.621981271135155,0.0019226220727340815,0.001691825119000203
2814,0.0055972761214579765,4,TOMM22,34.93476569442015,93.89507620810525,-3432.26551873692,-4.048269688889128,0.015310142321965535,SE,3635,1.3781019091364527e-05,0.3259973514154055,0.0038216114044189453,6897.32449503371,-3439.774488936595,7.508970199674877,0.006139246250846941,0.004984958825508024
2815,0.04259103139421477,4,CBX6,34.93476569442015,11.880550907316406,-3815.54470672628,-5.769996444086717,0.06871407942258956,SE,3635,0.00010326420260633849,0.04903844072196962,0.003916263580322266,7663.88287101243,-3893.565893195705,78.02118646942517,0.0,0.0
2816,0.010219162691219235,4,CBX7,34.93476569442015,51.189510120869215,-3410.0927080918873,-3.9484138917840297,0.019037216503295793,SE,3635,2.1171037914894742e-05,0.15314381905034072,0.0037581920623779297,6852.978873743645,-3427.2595938843497,17.16688579246238,3.423524836809744e-05,3.729714213086803e-05
2817,0.002955384900172068,4,PMM1,34.93476569442015,178.30264574250006,-3091.56279389028,-3.540464540074322,0.009474952608477319,SE,3635,5.4716604207393205e-06,0.4592116704210415,0.004459857940673828,6215.91904534043,-3096.403400986921,4.840607096641179,0.027797107498524265,0.01999986344084391
2818,0.019743598706315847,4,SNU13,34.93476569442015,26.240410031330175,-3824.8401872809395,-6.858416356112017,0.055989647447934374,SE,3635,4.842710029123488e-05,0.09758917529086536,0.003690481185913086,7682.473832121749,-3848.183241128244,23.343053847304418,1.3553206091865277e-06,1.7203040322436205e-06
2819,0.03226130823899987,4,SHANK3,34.93476569442015,15.853800025966967,-3270.2870630427556,-3.2486564935333297,0.031078313679214032,SE,3635,0.00010432850967657488,0.08284461823232318,0.003869295120239258,6573.367583645381,-3310.2644686724643,39.977405629708755,2.569174872846247e-10,4.4090663402277904e-10
2820,0.020794807911032456,4,APP,34.93476569442015,24.887200113688223,-2962.9194529580036,-8.912937668010818,0.07610921212304417,SE,3635,6.259418425111697e-05,0.11419665318738871,0.0037899017333984375,5958.632363475877,-2983.3627197518144,20.443266793810835,6.142527650965235e-06,7.236857923442565e-06
2821,0.0039314526975051025,4,BRWD1,34.93476569442015,133.90395891989144,-3623.926250003042,-4.9776619156733215,0.019188142964961664,SE,3635,7.425125684727811e-06,0.3535748969424682,0.0044744014739990234,7280.645957565954,-3628.757409763128,4.831159760086393,0.02794982310447236,0.020088256699018602
2822,0.00868235937232337,4,NDUFV3,34.93476569442015,60.343753697842565,-3482.099744344505,-4.328033212438434,0.02020795034674232,SE,3635,1.9251802258737225e-05,0.19170264219021693,0.0038232803344726562,6996.99294624888,-3493.428211933566,11.328467589061347,0.0007632786253074508,0.0007033949971700046
2823,0.0076718206086978805,4,PRMT2,34.93476569442015,68.36190091445046,-3438.6988815386103,-3.408752271223925,0.013979683593427272,SE,3635,2.6294557773110996e-05,0.3339539966215501,0.00382232666015625,6910.191220637091,-3447.923956540089,9.225075001478672,0.0023872291465517614,0.002076217392546634
2824,0.015395549860298135,4,SMAP2,66.91959546018641,14.694289050167626,-3663.780494392186,-5.058911579163284,0.04265683331957448,SE,3635,0.00011537845595893393,0.37563910555218805,0.0032339096069335938,7360.354446344242,-3681.8873401588794,18.106845766693368,2.0884921316022265e-05,2.3222902740580733e-05
2825,0.008396935652413465,4,AMPD2,66.91959546018641,27.133075538471413,-3017.4089979808823,-3.116360765004289,0.015816418536694028,SE,3635,4.799168042240069e-05,0.510321906722656,0.0038149356842041016,6067.611453521635,-3028.934764245968,11.525766265085622,0.0006863815294582132,0.0006359897025062418
2826,0.015422363004655442,4,JTB,66.91959546018641,14.668342261806652,-3863.0230205905905,-4.653349152056306,0.044188322634527474,SE,3635,0.00010212876419307324,0.3313832034925176,0.0032262802124023438,7758.839498741051,-3876.8687766001267,13.845756009536217,0.00019844441359651022,0.00019836399576039117
2827,0.007848574544941407,4,RNF181,66.91959546018641,29.044851607943215,-3244.376496122839,-2.6742154959345563,0.015260807326700258,SE,3635,3.184666940136447e-05,0.386738696341541,0.003251314163208008,6521.546449805548,-3253.104959695086,8.728463572247165,0.0031328037658185925,0.0026779193562501543
2828,0.034617840533505397,4,RETREG1,66.91959546018641,6.407391849555042,-3220.5513969624094,-3.454699016736378,0.060064924028790344,SE,3635,0.00048514994537570224,0.33777160403644907,0.0032231807708740234,6473.896251484689,-3243.851639112539,23.300242150129634,1.385825566635468e-06,1.7557112126523653e-06
2829,0.005172752166299851,4,PSMB1,66.91959546018641,44.188370775157985,-3694.336719822877,-4.67071402716243,0.01955495289021072,SE,3635,1.3578848218068564e-05,0.3754405317415773,0.0032672882080078125,7421.466897205624,-3702.1268478642482,7.79012804137119,0.005253247252661963,0.0043202966958989265
2830,0.015315355290891411,4,ENHO,66.91959546018641,14.772434674977607,-3924.8528164065997,-4.7823858738208616,0.045700208577722494,SE,3635,8.26330739494085e-05,0.27176489026169914,0.0038204193115234375,7882.4990903730695,-3946.6359519610633,21.78313555446357,3.0527166701155295e-06,3.737298926107192e-06
2831,0.0029852832379130565,4,GDI2,66.91959546018641,76.73579825202782,-3670.5566888046988,-4.2618728928629315,0.013063421442932417,SE,3635,7.193739834729457e-06,0.5917789580279824,0.0032885074615478516,7373.906835169268,-3675.6023944198732,5.045705615174484,0.0246870508942868,0.017963929064135145
2832,0.07132389026798884,4,RPS26,66.91959546018641,2.991653141245491,-3452.582789504243,-5.664087130507837,0.14888109322157428,SE,3635,0.0005454757593970793,0.10344189779113062,0.0038182735443115234,6937.959036568356,-3533.760724903495,81.17793539925196,0.0,0.0
2833,0.01767388053449651,4,DAD1,66.91959546018641,12.770437195008085,-3789.694443674029,-3.758059924807234,0.043954004792786376,SE,3635,0.0001361748637837405,0.3395659227845914,0.0032625198364257812,7612.182344907928,-3811.775937500018,22.081493825988673,2.6131688353192573e-06,3.234498516578156e-06
2834,0.002113760492402721,4,PHB,66.91959546018641,108.46940211455009,-3479.19391528256,-2.9831325316281716,0.0070886036596527575,SE,3635,4.4519477640383805e-06,0.7278463032158081,0.0032758712768554688,6991.18128812499,-3483.218522441113,4.0246071585529535,0.0448410617634698,0.030750056255182706
2835,0.010974917132115587,4,MXRA7,66.91959546018641,20.705610736638437,-3767.1414197553026,-4.923714364375091,0.0340445213882126,SE,3635,6.337172851336353e-05,0.3986892304477781,0.003281831741333008,7567.076297070475,-3780.488965780236,13.347546024933308,0.0002587610090912795,0.0002543105740454836
2836,0.00357683142881497,4,SUGP2,66.91959546018641,64.00697945814551,-3402.404633323861,-4.026366110809483,0.01262903611203268,SE,3635,1.0280445649210424e-05,0.5905529374380815,0.003283977508544922,6837.6027242075925,-3408.0337339976736,5.629100673812445,0.017664691899265783,0.01329996642972649
2837,0.006677377844169096,4,GRM3,128.18841539476168,11.032083316118687,-3608.2683676927277,-3.952463413472289,0.04384578481016493,SE,3635,3.3169521527753574e-05,0.5538055811142223,0.0038361549377441406,7249.3301929453255,-3620.098657630023,11.83028993729522,0.0005827491954480957,0.0005456246025578426
