obs_id,x,y,group,group_idx,p_hat,n_resolutions,basis_kind,M,sigma2,likelihood,known_capture_rate,converged
AAACAAGTATCTCCCA-1,10215.0,8703.0,L5,2,0.18152428584605912,1,bisquare,8064,1.0,negbinomial,0.17601685035067796,False
AAACACCAATAACTGC-1,4499.0,9767.0,L6,3,0.2407713259425828,1,bisquare,8064,1.0,negbinomial,0.17601685035067796,False
AAACAGAGCGACTCCT-1,9675.0,4390.0,L3,0,0.20467986681832814,1,bisquare,8064,1.0,negbinomial,0.17601685035067796,False
AAACAGCTTTCAGAAG-1,3816.0,7849.0,L5,2,0.11960136325912367,1,bisquare,8064,1.0,negbinomial,0.17601685035067796,False
AAACAGGGTCTATATT-1,4090.0,8329.0,L5,2,0.24902666627755748,1,bisquare,8064,1.0,negbinomial,0.17601685035067796,False
AAACATTTCCCGGATT-1,9868.0,10020.0,L6,3,0.1530423047509262,1,bisquare,8064,1.0,negbinomial,0.17601685035067796,False
AAACCACTACACAGAT-1,11261.0,3076.0,L3,0,0.21678702135408096,1,bisquare,8064,1.0,negbinomial,0.17601685035067796,False
AAACCCGAACGAAATC-1,11111.0,8106.0,L4,1,0.27001280316494725,1,bisquare,8064,1.0,negbinomial,0.17601685035067796,False
AAACCGGAAATGTTAA-1,11728.0,9186.0,L5,2,0.23951187784231653,1,bisquare,8064,1.0,negbinomial,0.17601685035067796,False
AAACCGGGTAGGTACC-1,5124.0,7733.0,L6,3,0.2438856310375884,1,bisquare,8064,1.0,negbinomial,0.17601685035067796,False
AAACCGTTCGTCCAGG-1,6085.0,8933.0,L6,3,0.10076026923082272,1,bisquare,8064,1.0,negbinomial,0.17601685035067796,False
AAACCTAAGCAGCCGG-1,8903.0,10496.0,WM,4,0.30406890472500503,1,bisquare,8064,1.0,negbinomial,0.17601685035067796,False
AAACCTCATGAAGTTG-1,4506.0,7132.0,L5,2,0.19256942626414383,1,bisquare,8064,1.0,negbinomial,0.17601685035067796,False
AAACGAAGAACATACC-1,7612.0,3427.0,L3,0,0.3493499653046384,1,bisquare,8064,1.0,negbinomial,0.17601685035067796,False
AAACGACAGTCTTGCC-1,11330.0,2957.0,L3,0,0.1682434292755644,1,bisquare,8064,1.0,negbinomial,0.17601685035067796,False
AAACGAGACGGTTGAT-1,8636.0,6903.0,L4,1,0.18075849115723744,1,bisquare,8064,1.0,negbinomial,0.17601685035067796,False
AAACGCCCGAGATCGG-1,10641.0,3195.0,L3,0,0.33489300239910264,1,bisquare,8064,1.0,negbinomial,0.17601685035067796,False
AAACGGGCGTACGGGT-1,9454.0,10498.0,L6,3,0.06410436397137984,1,bisquare,8064,1.0,negbinomial,0.17601685035067796,False
AAACGGTTGCGAACTG-1,7250.0,10732.0,WM,4,0.2063510336424637,1,bisquare,8064,1.0,negbinomial,0.17601685035067796,False
AAACGTGTTCGCCCTA-1,11327.0,4394.0,L3,0,0.15526745561720037,1,bisquare,8064,1.0,negbinomial,0.17601685035067796,False
AAACTAACGTGGCGAC-1,10778.0,3674.0,L3,0,0.2004252784532362,1,bisquare,8064,1.0,negbinomial,0.17601685035067796,False
AAACTCGGTTCGCAAT-1,8008.0,10614.0,WM,4,0.1788222947074179,1,bisquare,8064,1.0,negbinomial,0.17601685035067796,False
AAACTCGTGATATAAG-1,10980.0,5471.0,L3,0,0.16679110493568752,1,bisquare,8064,1.0,negbinomial,0.17601685035067796,False
AAACTGCTGGCTCCAA-1,7807.0,8098.0,L6,3,0.204134755513901,1,bisquare,8064,1.0,negbinomial,0.17601685035067796,False
AAACTTAATTGCACGC-1,4016.0,10365.0,L6,3,0.1781282451555876,1,bisquare,8064,1.0,negbinomial,0.17601685035067796,False
AAACTTGCAAACGTAT-1,4503.0,8090.0,L6,3,0.2191078422742682,1,bisquare,8064,1.0,negbinomial,0.17601685035067796,False
AAAGACATGAAGTTTA-1,9541.0,2713.0,L3,0,0.1282112268571198,1,bisquare,8064,1.0,negbinomial,0.17601685035067796,False
AAAGACCCAAGTCGCG-1,6510.0,3903.0,L3,0,0.3517994972757943,1,bisquare,8064,1.0,negbinomial,0.17601685035067796,False
AAAGACTGGGCGCTTT-1,4233.0,6173.0,L5,2,0.24537723770083167,1,bisquare,8064,1.0,negbinomial,0.17601685035067796,False
AAAGCTTGCCTACATA-1,11599.0,5832.0,L3,0,0.08697485087284668,1,bisquare,8064,1.0,negbinomial,0.17601685035067796,False
AAAGGCCCTATAATAC-1,4704.0,10606.0,L6,3,0.15739526536643927,1,bisquare,8064,1.0,negbinomial,0.17601685035067796,False
AAAGGCTACGGACCAT-1,6908.0,10132.0,WM,4,0.10161112750489404,1,bisquare,8064,1.0,negbinomial,0.17601685035067796,False
AAAGGCTCTCGCGCCG-1,6979.0,9294.0,WM,4,0.2512182183311507,1,bisquare,8064,1.0,negbinomial,0.17601685035067796,False
AAAGGGATGTAGCAAG-1,7469.0,5582.0,L3,0,0.35377406556299273,1,bisquare,8064,1.0,negbinomial,0.17601685035067796,False
AAAGGGCAGCTTGAAT-1,4991.0,5576.0,L5,2,0.1367660854052081,1,bisquare,8064,1.0,negbinomial,0.17601685035067796,False
AAAGGTAAGCTGTACC-1,10502.0,3913.0,L3,0,0.16746174935498415,1,bisquare,8064,1.0,negbinomial,0.17601685035067796,False
AAAGGTCAACGACATG-1,10918.0,2716.0,L3,0,0.1773865141007617,1,bisquare,8064,1.0,negbinomial,0.17601685035067796,False
AAAGTAGCATTGCTCA-1,5052.0,8810.0,L6,3,0.21788452991787993,1,bisquare,8064,1.0,negbinomial,0.17601685035067796,False
AAAGTCACTGATGTAA-1,6785.0,3904.0,L3,0,0.15957724944560958,1,bisquare,8064,1.0,negbinomial,0.17601685035067796,False
AAAGTCGACCCTCAGT-1,4230.0,7132.0,L5,2,0.31691912115542037,1,bisquare,8064,1.0,negbinomial,0.17601685035067796,False
AAAGTGTGATTTATCT-1,9666.0,7983.0,L5,2,0.14478692268321372,1,bisquare,8064,1.0,negbinomial,0.17601685035067796,False
AAAGTTGACTCCCGTA-1,9804.0,7744.0,L4,1,0.1467379017476248,1,bisquare,8064,1.0,negbinomial,0.17601685035067796,False
AAATAACCATACGGGA-1,9262.0,4389.0,L3,0,0.1122499532050179,1,bisquare,8064,1.0,negbinomial,0.17601685035067796,False
AAATAAGGTAGTGCCC-1,11115.0,6429.0,L3,0,0.3393000971239919,1,bisquare,8064,1.0,negbinomial,0.17601685035067796,False
AAATACCTATAAGCAT-1,7945.0,8338.0,L6,3,0.21063359643376545,1,bisquare,8064,1.0,negbinomial,0.17601685035067796,False
AAATAGCTTAGACTTT-1,10495.0,7027.0,L3,0,0.20674113487167733,1,bisquare,8064,1.0,negbinomial,0.17601685035067796,False
AAATAGGGTGCTATTG-1,8631.0,9058.0,L6,3,0.2651497589556208,1,bisquare,8064,1.0,negbinomial,0.17601685035067796,False
AAATCCGATACACGCC-1,9178.0,10497.0,WM,4,0.31949513173254696,1,bisquare,8064,1.0,negbinomial,0.17601685035067796,False
AAATCGTGTACCACAA-1,7051.0,7977.0,L6,3,0.18646132241657576,1,bisquare,8064,1.0,negbinomial,0.17601685035067796,False
AAATCTAGCCCTGCTA-1,10145.0,9062.0,L6,3,0.24365112322915142,1,bisquare,8064,1.0,negbinomial,0.17601685035067796,False
AAATGATTCGATCAGC-1,10843.0,5231.0,L3,0,0.1359619257884193,1,bisquare,8064,1.0,negbinomial,0.17601685035067796,False
AAATGCTCGTTACGTT-1,4856.0,4618.0,L3,0,0.25242571415117937,1,bisquare,8064,1.0,negbinomial,0.17601685035067796,False
AAATGGCATGTCTTGT-1,7954.0,4266.0,L3,0,0.3053457167776625,1,bisquare,8064,1.0,negbinomial,0.17601685035067796,False
AAATGGCCCGTGCCCT-1,4365.0,8569.0,L6,3,0.13448832755868173,1,bisquare,8064,1.0,negbinomial,0.17601685035067796,False
AAATGGTCAATGTGCC-1,6710.0,6658.0,L5,2,0.1620478395439443,1,bisquare,8064,1.0,negbinomial,0.17601685035067796,False
AAATGTGGGTGCTCCT-1,6925.0,2946.0,L3,0,0.11776061563195321,1,bisquare,8064,1.0,negbinomial,0.17601685035067796,False
AAATTAACGGGTAGCT-1,7191.0,6779.0,L5,2,0.1565545763741309,1,bisquare,8064,1.0,negbinomial,0.17601685035067796,False
AAATTACACGACTCTG-1,9124.0,4389.0,L3,0,0.13306924531665407,1,bisquare,8064,1.0,negbinomial,0.17601685035067796,False
AAATTACCTATCGATG-1,9671.0,5827.0,L3,0,0.21772538300070837,1,bisquare,8064,1.0,negbinomial,0.17601685035067796,False
AAATTCCAGGTCCAAA-1,11114.0,6909.0,L3,0,0.34609315642794064,1,bisquare,8064,1.0,negbinomial,0.17601685035067796,False
AAATTGATAGTCCTTT-1,5327.0,9290.0,L6,3,0.1521827100395829,1,bisquare,8064,1.0,negbinomial,0.17601685035067796,False
AAATTGGTGAGAAGCA-1,11395.0,4514.0,L3,0,0.18973396838609743,1,bisquare,8064,1.0,negbinomial,0.17601685035067796,False
AAATTTACCGAAATCC-1,9402.0,3431.0,L3,0,0.21863762783908725,1,bisquare,8064,1.0,negbinomial,0.17601685035067796,False
AAATTTGCGGGTGTGG-1,5467.0,8332.0,L6,3,0.35339310066115426,1,bisquare,8064,1.0,negbinomial,0.17601685035067796,False
AACAACTGGTAGTTGC-1,6092.0,6058.0,L5,2,0.28818968970917624,1,bisquare,8064,1.0,negbinomial,0.17601685035067796,False
AACAATACATTGTCGA-1,5738.0,10010.0,WM,4,0.29629012987788284,1,bisquare,8064,1.0,negbinomial,0.17601685035067796,False
AACAATTACTCTACGC-1,4921.0,6175.0,L5,2,0.16718506612222322,1,bisquare,8064,1.0,negbinomial,0.17601685035067796,False
AACACACGCTCGCCGC-1,9595.0,8821.0,L6,3,0.1700530194291313,1,bisquare,8064,1.0,negbinomial,0.17601685035067796,False
AACACGACTGTACTGA-1,7680.0,3786.0,L3,0,0.1489694766058444,1,bisquare,8064,1.0,negbinomial,0.17601685035067796,False
AACACGAGACGCGGCC-1,4641.0,8091.0,L6,3,0.22259258958757214,1,bisquare,8064,1.0,negbinomial,0.17601685035067796,False
AACACGCGGCCGCGAA-1,5547.0,3422.0,L3,0,0.15120781619143459,1,bisquare,8064,1.0,negbinomial,0.17601685035067796,False
AACAGCTGTGTGGCAA-1,5325.0,9769.0,L6,3,0.12611825198229126,1,bisquare,8064,1.0,negbinomial,0.17601685035067796,False
AACAGGAAATCGAATA-1,7816.0,4505.0,L3,0,0.24499964724598303,1,bisquare,8064,1.0,negbinomial,0.17601685035067796,False
AACAGGATGGGCCGCG-1,5334.0,6176.0,L5,2,0.16843240891208242,1,bisquare,8064,1.0,negbinomial,0.17601685035067796,False
AACAGGTAGTATGGAT-1,10973.0,8585.0,L5,2,0.17412397406296154,1,bisquare,8064,1.0,negbinomial,0.17601685035067796,False
AACATATCAACTGGTG-1,10015.0,5948.0,L3,0,0.2125235206249414,1,bisquare,8064,1.0,negbinomial,0.17601685035067796,False
AACATCGATACGTCTA-1,10982.0,4752.0,L3,0,0.10901858462357406,1,bisquare,8064,1.0,negbinomial,0.17601685035067796,False
AACATTGAAGTTGATC-1,4772.0,10726.0,L6,3,0.18298555456152832,1,bisquare,8064,1.0,negbinomial,0.17601685035067796,False
AACATTGTGACTCGAG-1,6769.0,10371.0,WM,4,0.11978450027903365,1,bisquare,8064,1.0,negbinomial,0.17601685035067796,False
AACCAAGACTTCTCTG-1,4850.0,7013.0,L5,2,0.28711692565565833,1,bisquare,8064,1.0,negbinomial,0.17601685035067796,False
AACCAGTATCACTCTT-1,9539.0,3431.0,L3,0,0.17900901025995447,1,bisquare,8064,1.0,negbinomial,0.17601685035067796,False
AACCATAGGGTTGAAC-1,3947.0,10484.0,L6,3,0.09986742317826376,1,bisquare,8064,1.0,negbinomial,0.17601685035067796,False
AACCATGGGATCGCTA-1,5270.0,4379.0,L3,0,0.17188726504912097,1,bisquare,8064,1.0,negbinomial,0.17601685035067796,False
AACCCAGAGACGGAGA-1,5889.0,4501.0,L3,0,0.1377246567570636,1,bisquare,8064,1.0,negbinomial,0.17601685035067796,False
AACCCATCCCATGATC-1,4156.0,9407.0,L6,3,0.27049853549403063,1,bisquare,8064,1.0,negbinomial,0.17601685035067796,False
AACCCGACAACCCGTG-1,6149.0,10729.0,WM,4,0.175007535143117,1,bisquare,8064,1.0,negbinomial,0.17601685035067796,False
AACCCGAGCAGAATCG-1,10970.0,9543.0,L6,3,0.24005928323867093,1,bisquare,8064,1.0,negbinomial,0.17601685035067796,False
AACCCGATAGGGCTTC-1,11811.0,3317.0,L3,0,0.0537149162957967,1,bisquare,8064,1.0,negbinomial,0.17601685035067796,False
AACCCTACTGTCAATA-1,9805.0,7504.0,L4,1,0.14797787598718756,1,bisquare,8064,1.0,negbinomial,0.17601685035067796,False
AACCCTGGTGGAACCA-1,8025.0,3667.0,L3,0,0.21135285550459434,1,bisquare,8064,1.0,negbinomial,0.17601685035067796,False
AACCGAGCTTGGTCAT-1,8020.0,5584.0,L3,0,0.2006891561428539,1,bisquare,8064,1.0,negbinomial,0.17601685035067796,False
AACCGCTAAGGGATGC-1,9528.0,8222.0,L5,2,0.19382002582304236,1,bisquare,8064,1.0,negbinomial,0.17601685035067796,False
AACCGTTGTGTTTGCT-1,7610.0,4145.0,L3,0,0.1500507978968613,1,bisquare,8064,1.0,negbinomial,0.17601685035067796,False
AACCTAAAGCCGTCCG-1,8715.0,2711.0,L3,0,0.1642583816358745,1,bisquare,8064,1.0,negbinomial,0.17601685035067796,False
AACCTCGCTTTAGCCC-1,8835.0,10137.0,WM,4,0.3468869779200475,1,bisquare,8064,1.0,negbinomial,0.17601685035067796,False
AACCTGTCACGGAATT-1,11321.0,7029.0,L3,0,0.24219199928837123,1,bisquare,8064,1.0,negbinomial,0.17601685035067796,False
AACCTTTAAATACGGT-1,7874.0,9176.0,L6,3,0.07563419741598229,1,bisquare,8064,1.0,negbinomial,0.17601685035067796,False
AACCTTTACGACGTCT-1,9537.0,4629.0,L3,0,0.1442665816502257,1,bisquare,8064,1.0,negbinomial,0.17601685035067796,False
AACGAAAGTCGTCCCA-1,3743.0,9646.0,L6,3,0.16948728230661095,1,bisquare,8064,1.0,negbinomial,0.17601685035067796,False
AACGATAATGCCGTAG-1,8218.0,9057.0,L6,3,0.18448693152391182,1,bisquare,8064,1.0,negbinomial,0.17601685035067796,False
AACGATAGAAGGGCCG-1,6852.0,4503.0,L3,0,0.2797487113766737,1,bisquare,8064,1.0,negbinomial,0.17601685035067796,False
AACGATATGTCAACTG-1,8433.0,5585.0,L3,0,0.22825711215715708,1,bisquare,8064,1.0,negbinomial,0.17601685035067796,False
AACGCATGATCTGGGT-1,10361.0,5110.0,L3,0,0.22918516964271143,1,bisquare,8064,1.0,negbinomial,0.17601685035067796,False
AACGCGAACGGCAACA-1,4721.0,3659.0,L3,0,0.11979927815290034,1,bisquare,8064,1.0,negbinomial,0.17601685035067796,False
AACGCGACCTTGGGCG-1,6837.0,10731.0,WM,4,0.17244321328006798,1,bisquare,8064,1.0,negbinomial,0.17601685035067796,False
AACGCGGTCTCCAGCC-1,7676.0,5463.0,L3,0,0.16113753139946604,1,bisquare,8064,1.0,negbinomial,0.17601685035067796,False
AACGCTGTTGCTGAAA-1,9663.0,9181.0,L6,3,0.23908462650759885,1,bisquare,8064,1.0,negbinomial,0.17601685035067796,False
AACGGACGTACGTATA-1,9527.0,8701.0,L6,3,0.28253761320919235,1,bisquare,8064,1.0,negbinomial,0.17601685035067796,False
AACGGCCATCTCCGGT-1,5880.0,8333.0,L6,3,0.16961899494664923,1,bisquare,8064,1.0,negbinomial,0.17601685035067796,False
AACGTACTGTGGGTAC-1,6086.0,8453.0,L6,3,0.19741094279361424,1,bisquare,8064,1.0,negbinomial,0.17601685035067796,False
AACGTCAGACTAGTGG-1,5955.0,5579.0,L5,2,0.14157398031958704,1,bisquare,8064,1.0,negbinomial,0.17601685035067796,False
AACGTGATGAAGGACA-1,8919.0,3789.0,L3,0,0.21699566340999082,1,bisquare,8064,1.0,negbinomial,0.17601685035067796,False
AACGTGCGAAAGTCTC-1,8292.0,7022.0,L5,2,0.11394067682901003,1,bisquare,8064,1.0,negbinomial,0.17601685035067796,False
AACGTTATCAGCACCT-1,3891.0,5334.0,L3,0,0.19070640632398775,1,bisquare,8064,1.0,negbinomial,0.17601685035067796,False
AACTACCCGTTTGTCA-1,10973.0,8345.0,L4,1,0.1975074309560775,1,bisquare,8064,1.0,negbinomial,0.17601685035067796,False
AACTAGCGTATCGCAC-1,6511.0,3185.0,L3,0,0.10554954830462705,1,bisquare,8064,1.0,negbinomial,0.17601685035067796,False
AACTAGGCTTGGGTGT-1,7392.0,9295.0,WM,4,0.3442980433630367,1,bisquare,8064,1.0,negbinomial,0.17601685035067796,False
AACTCAAGTTAATTGC-1,6226.0,7256.0,L5,2,0.14546898262433086,1,bisquare,8064,1.0,negbinomial,0.17601685035067796,False
AACTCCAGAGCGTGTT-1,9524.0,9899.0,L6,3,0.04953919501567528,1,bisquare,8064,1.0,negbinomial,0.17601685035067796,False
AACTCCTAATCCCATG-1,9538.0,4150.0,L3,0,0.1183884690596341,1,bisquare,8064,1.0,negbinomial,0.17601685035067796,False
AACTCGATGGCGCAGT-1,5064.0,4020.0,L3,0,0.21925722141664075,1,bisquare,8064,1.0,negbinomial,0.17601685035067796,False
AACTCTCAATAGAGCG-1,9600.0,6905.0,L3,0,0.3360077213217189,1,bisquare,8064,1.0,negbinomial,0.17601685035067796,False
AACTCTCAGTGTGCTC-1,6015.0,9052.0,L6,3,0.09956222883700772,1,bisquare,8064,1.0,negbinomial,0.17601685035067796,False
AACTGAGGTCAGCGTC-1,10846.0,3794.0,L3,0,0.1804702961479919,1,bisquare,8064,1.0,negbinomial,0.17601685035067796,False
AACTGATATTAGGCCT-1,7747.0,4625.0,L3,0,0.1361848297777253,1,bisquare,8064,1.0,negbinomial,0.17601685035067796,False
AACTGGGTCCCGACGT-1,7746.0,5104.0,L3,0,0.20685091779282105,1,bisquare,8064,1.0,negbinomial,0.17601685035067796,False
AACTGGGTTCGAGCCG-1,9334.0,3072.0,L3,0,0.10527358548755834,1,bisquare,8064,1.0,negbinomial,0.17601685035067796,False
AACTGGTGTGGGCCTT-1,6579.0,3544.0,L3,0,0.14245557267224027,1,bisquare,8064,1.0,negbinomial,0.17601685035067796,False
AACTTCTGCGTCTATC-1,4442.0,4856.0,L3,0,0.16847578164296598,1,bisquare,8064,1.0,negbinomial,0.17601685035067796,False
AACTTGCCCGTATGCA-1,5059.0,6175.0,L5,2,0.20378804450936927,1,bisquare,8064,1.0,negbinomial,0.17601685035067796,False
AACTTGCGTTCTCGCG-1,4581.0,4378.0,L3,0,0.12083804572668783,1,bisquare,8064,1.0,negbinomial,0.17601685035067796,False
AACTTTACGGGAGCTT-1,3682.0,6412.0,L4,1,0.05947135221311442,1,bisquare,8064,1.0,negbinomial,0.17601685035067796,False
AACTTTAGCTGCTGAG-1,6580.0,3305.0,L3,0,0.1434340209865182,1,bisquare,8064,1.0,negbinomial,0.17601685035067796,False
AACTTTCTCGATCATG-1,11738.0,5353.0,L3,0,0.11816136759625956,1,bisquare,8064,1.0,negbinomial,0.17601685035067796,False
AAGAAATCACCAGATT-1,11876.0,5114.0,L3,0,0.07152028983657059,1,bisquare,8064,1.0,negbinomial,0.17601685035067796,False
AAGAAGGATCAGTTAG-1,4926.0,4259.0,L3,0,0.1715746655417678,1,bisquare,8064,1.0,negbinomial,0.17601685035067796,False
AAGACCCAACTGAACA-1,6908.0,9893.0,WM,4,0.1688443398285659,1,bisquare,8064,1.0,negbinomial,0.17601685035067796,False
AAGACTCACGCCCACT-1,9747.0,2833.0,L3,0,0.12117993056907544,1,bisquare,8064,1.0,negbinomial,0.17601685035067796,False
AAGACTGCAAGCTACT-1,7879.0,7021.0,L5,2,0.1354621177898211,1,bisquare,8064,1.0,negbinomial,0.17601685035067796,False
AAGAGATGAATCGGTA-1,5059.0,5936.0,L5,2,0.1536013953654617,1,bisquare,8064,1.0,negbinomial,0.17601685035067796,False
AAGAGCTCTTTATCGG-1,8499.0,6902.0,L4,1,0.16456016263292458,1,bisquare,8064,1.0,negbinomial,0.17601685035067796,False
AAGAGGATGTACGCGA-1,5194.0,7373.0,L5,2,0.24458139748332097,1,bisquare,8064,1.0,negbinomial,0.17601685035067796,False
AAGAGGCATGGATCGC-1,8705.0,7023.0,L4,1,0.22153227760867913,1,bisquare,8064,1.0,negbinomial,0.17601685035067796,False
AAGAGGCCCTTTGGAA-1,10694.0,9782.0,L6,3,0.323526944326811,1,bisquare,8064,1.0,negbinomial,0.17601685035067796,False
AAGATGGCACCGGACC-1,5876.0,9770.0,WM,4,0.25112332171564156,1,bisquare,8064,1.0,negbinomial,0.17601685035067796,False
AAGATTGGCGGAACGT-1,9396.0,5826.0,L3,0,0.14336450998601957,1,bisquare,8064,1.0,negbinomial,0.17601685035067796,False
AAGCACCCTGCGTATC-1,8216.0,9776.0,WM,4,0.2008638219964804,1,bisquare,8064,1.0,negbinomial,0.17601685035067796,False
AAGCATACTCTCCTGA-1,7943.0,9057.0,L6,3,0.08215858642476001,1,bisquare,8064,1.0,negbinomial,0.17601685035067796,False
AAGCCGAAGCGGTTTA-1,10560.0,8584.0,L5,2,0.13167181627201643,1,bisquare,8064,1.0,negbinomial,0.17601685035067796,False
AAGCCGCCGTGAAATC-1,4773.0,10486.0,L6,3,0.11624731814691452,1,bisquare,8064,1.0,negbinomial,0.17601685035067796,False
AAGCCGCTTTACCTTG-1,11807.0,4994.0,L3,0,0.08773968989704621,1,bisquare,8064,1.0,negbinomial,0.17601685035067796,False
AAGCGCAGGGCTTTGA-1,8214.0,10734.0,WM,4,0.11703620132589751,1,bisquare,8064,1.0,negbinomial,0.17601685035067796,False
AAGCGGAGTGCGCGCA-1,11878.0,4156.0,L3,0,0.16154960870372517,1,bisquare,8064,1.0,negbinomial,0.17601685035067796,False
AAGCGGCGTCATGGGT-1,9883.0,3792.0,L3,0,0.25082268890307885,1,bisquare,8064,1.0,negbinomial,0.17601685035067796,False
AAGCGTCCCTCATCGA-1,5601.0,9530.0,L6,3,0.03278537141627314,1,bisquare,8064,1.0,negbinomial,0.17601685035067796,False
AAGCTAGATCGAGTAA-1,7875.0,8697.0,L6,3,0.18056524796670245,1,bisquare,8064,1.0,negbinomial,0.17601685035067796,False
AAGCTCGTGCCAAGTC-1,8223.0,6902.0,L5,2,0.12742609380367445,1,bisquare,8064,1.0,negbinomial,0.17601685035067796,False
AAGCTCTTTCATGGTG-1,8768.0,9538.0,L6,3,0.0834996101141398,1,bisquare,8064,1.0,negbinomial,0.17601685035067796,False
AAGGAGAACTTATAAG-1,7131.0,3066.0,L3,0,0.2719498589665551,1,bisquare,8064,1.0,negbinomial,0.17601685035067796,False
AAGGAGCGGTTGGTGC-1,6505.0,6059.0,L5,2,0.28704925346972493,1,bisquare,8064,1.0,negbinomial,0.17601685035067796,False
AAGGATCGATCGCTTG-1,10700.0,7387.0,L3,0,0.15593454750111557,1,bisquare,8064,1.0,negbinomial,0.17601685035067796,False
AAGGATGAGGGACCTC-1,9189.0,5946.0,L3,0,0.19400326963823422,1,bisquare,8064,1.0,negbinomial,0.17601685035067796,False
AAGGCAGGCTGTCTCC-1,11319.0,7747.0,L3,0,0.30004446748296176,1,bisquare,8064,1.0,negbinomial,0.17601685035067796,False
AAGGCGCGTAAAGCTT-1,5817.0,5578.0,L5,2,0.17574954444943794,1,bisquare,8064,1.0,negbinomial,0.17601685035067796,False
AAGGCTGTGCTCATCG-1,6366.0,6298.0,L5,2,0.26157951129653184,1,bisquare,8064,1.0,negbinomial,0.17601685035067796,False
AAGGGAACGACTGGCT-1,4636.0,10247.0,L6,3,0.1859907040112895,1,bisquare,8064,1.0,negbinomial,0.17601685035067796,False
AAGGGACAGATTCTGT-1,9534.0,5827.0,L3,0,0.15579634102514872,1,bisquare,8064,1.0,negbinomial,0.17601685035067796,False
AAGGGACTATGCATTC-1,4981.0,9888.0,L6,3,0.23802937082105216,1,bisquare,8064,1.0,negbinomial,0.17601685035067796,False
AAGGTATCCTAATATA-1,8777.0,5705.0,L3,0,0.14940911088106057,1,bisquare,8064,1.0,negbinomial,0.17601685035067796,False
AAGGTGATAAACCAGC-1,9529.0,7983.0,L5,2,0.2378415905025619,1,bisquare,8064,1.0,negbinomial,0.17601685035067796,False
AAGTAGAAGACCGGGT-1,6438.0,4981.0,L3,0,0.34183942018315067,1,bisquare,8064,1.0,negbinomial,0.17601685035067796,False
AAGTAGTGACGCGAGG-1,5333.0,6655.0,L5,2,0.1502179519224599,1,bisquare,8064,1.0,negbinomial,0.17601685035067796,False
AAGTCAATTGTCGTCA-1,10148.0,8104.0,L5,2,0.24120957736937346,1,bisquare,8064,1.0,negbinomial,0.17601685035067796,False
AAGTCTAGTAGCTGCC-1,11807.0,5233.0,L3,0,0.058169485199367425,1,bisquare,8064,1.0,negbinomial,0.17601685035067796,False
AAGTGACGACCGAATT-1,4918.0,7612.0,L5,2,0.27467796421178997,1,bisquare,8064,1.0,negbinomial,0.17601685035067796,False
AAGTGAGTCGGGTTTA-1,6495.0,10131.0,WM,4,0.08355255279808169,1,bisquare,8064,1.0,negbinomial,0.17601685035067796,False
AAGTGCAAAGGTAGAC-1,3889.0,6053.0,L4,1,0.18444231907246808,1,bisquare,8064,1.0,negbinomial,0.17601685035067796,False
AAGTGCCTTGACTGTA-1,10355.0,7985.0,L4,1,0.3370215825317508,1,bisquare,8064,1.0,negbinomial,0.17601685035067796,False
AAGTGCGTTAGAATCT-1,5053.0,8571.0,L6,3,0.1870503039191279,1,bisquare,8064,1.0,negbinomial,0.17601685035067796,False
AAGTGCTTCTCTATTG-1,5736.0,10968.0,WM,4,0.15460853605359104,1,bisquare,8064,1.0,negbinomial,0.17601685035067796,False
AAGTGTTTGGAGACGG-1,8700.0,8939.0,L6,3,0.1590312541791521,1,bisquare,8064,1.0,negbinomial,0.17601685035067796,False
AAGTTCACTCCAAGCT-1,9043.0,9538.0,L6,3,0.12270698125574452,1,bisquare,8064,1.0,negbinomial,0.17601685035067796,False
AAGTTCAGTCTGCGTA-1,10362.0,4871.0,L3,0,0.22754944783492526,1,bisquare,8064,1.0,negbinomial,0.17601685035067796,False
AAGTTCGGCCAACAGG-1,5536.0,8213.0,L6,3,0.18372696155750362,1,bisquare,8064,1.0,negbinomial,0.17601685035067796,False
AAGTTGTGATGTTATA-1,10486.0,10620.0,L6,3,0.15868377341889195,1,bisquare,8064,1.0,negbinomial,0.17601685035067796,False
AAGTTTACTAATGGCA-1,7406.0,3307.0,L3,0,0.1225609382483843,1,bisquare,8064,1.0,negbinomial,0.17601685035067796,False
AAGTTTATGGGCCCAA-1,8007.0,10853.0,WM,4,0.09572131940663607,1,bisquare,8064,1.0,negbinomial,0.17601685035067796,False
AATAACAACGCTCGGC-1,5263.0,7014.0,L5,2,0.21595764542877927,1,bisquare,8064,1.0,negbinomial,0.17601685035067796,False
AATAACACTAGAACAA-1,5809.0,8932.0,L6,3,0.08782869628592956,1,bisquare,8064,1.0,negbinomial,0.17601685035067796,False
AATAAGTCCTCGAGAC-1,8094.0,3308.0,L3,0,0.18218605085186343,1,bisquare,8064,1.0,negbinomial,0.17601685035067796,False
AATAATCTTCGTATCG-1,11591.0,8946.0,L5,2,0.19124893518614525,1,bisquare,8064,1.0,negbinomial,0.17601685035067796,False
AATACAATGTTTCAGG-1,4510.0,5455.0,L4,1,0.19119894738893647,1,bisquare,8064,1.0,negbinomial,0.17601685035067796,False
AATACCGGAGGGCTGT-1,5736.0,10728.0,WM,4,0.15982221475817085,1,bisquare,8064,1.0,negbinomial,0.17601685035067796,False
AATAGAACAGAGTGGC-1,6360.0,8933.0,L6,3,0.08290943737612126,1,bisquare,8064,1.0,negbinomial,0.17601685035067796,False
AATAGAATCTGTTTCA-1,9114.0,8461.0,L6,3,0.33564979428799985,1,bisquare,8064,1.0,negbinomial,0.17601685035067796,False
AATAGCAAGCCTCCTG-1,10847.0,3554.0,L3,0,0.15092800822611294,1,bisquare,8064,1.0,negbinomial,0.17601685035067796,False
AATAGCTACCGCGTGC-1,10844.0,4992.0,L3,0,0.17978216998296292,1,bisquare,8064,1.0,negbinomial,0.17601685035067796,False
AATAGTCCGTCCCGAC-1,7116.0,9534.0,WM,4,0.1793162413261094,1,bisquare,8064,1.0,negbinomial,0.17601685035067796,False
AATAGTCGCGAGTCGG-1,3683.0,5693.0,L3,0,0.10992615273850084,1,bisquare,8064,1.0,negbinomial,0.17601685035067796,False
AATATCAAGGTCGGAT-1,6097.0,3663.0,L3,0,0.223183347125412,1,bisquare,8064,1.0,negbinomial,0.17601685035067796,False
AATATCGAATCAATGC-1,10697.0,8584.0,L5,2,0.32972274736059093,1,bisquare,8064,1.0,negbinomial,0.17601685035067796,False
AATATCGAGGGTTCTC-1,10153.0,5948.0,L3,0,0.10712888781674845,1,bisquare,8064,1.0,negbinomial,0.17601685035067796,False
AATATTGGAGTATTGA-1,4713.0,7013.0,L5,2,0.26902264252543023,1,bisquare,8064,1.0,negbinomial,0.17601685035067796,False
AATCAGGTTTCATTTA-1,5460.0,10967.0,WM,4,0.27024224054802254,1,bisquare,8064,1.0,negbinomial,0.17601685035067796,False
AATCATGTAAAGACTC-1,9939.0,9181.0,L6,3,0.3352607141546339,1,bisquare,8064,1.0,negbinomial,0.17601685035067796,False
AATCCAAGGGCCTGAG-1,6440.0,4262.0,L3,0,0.34367857134590574,1,bisquare,8064,1.0,negbinomial,0.17601685035067796,False
AATCCATGCAAGGGTG-1,4996.0,3660.0,L3,0,0.18868814510169024,1,bisquare,8064,1.0,negbinomial,0.17601685035067796,False
AATCGCCTCAGCGCCA-1,8635.0,7382.0,L5,2,0.12317261229812729,1,bisquare,8064,1.0,negbinomial,0.17601685035067796,False
AATCGCGCAGAGGACT-1,11043.0,7747.0,L3,0,0.1822780510415815,1,bisquare,8064,1.0,negbinomial,0.17601685035067796,False
AATCGGGACACTACGA-1,7336.0,3666.0,L3,0,0.12912435066734151,1,bisquare,8064,1.0,negbinomial,0.17601685035067796,False
AATCGTGAGCCGAGCA-1,8902.0,10736.0,WM,4,0.15534683427183765,1,bisquare,8064,1.0,negbinomial,0.17601685035067796,False
AATCTAGGTTTACTTG-1,4295.0,8928.0,L6,3,0.10744434511010942,1,bisquare,8064,1.0,negbinomial,0.17601685035067796,False
AATCTATGCCGGAGCC-1,10773.0,5830.0,L3,0,0.15110392389264773,1,bisquare,8064,1.0,negbinomial,0.17601685035067796,False
AATCTCTACTGTGGTT-1,3886.0,7250.0,L5,2,0.17046289361324762,1,bisquare,8064,1.0,negbinomial,0.17601685035067796,False
AATCTGCGTTGGGACG-1,9532.0,6545.0,L3,0,0.22733361180682368,1,bisquare,8064,1.0,negbinomial,0.17601685035067796,False
AATCTGGCTTTCTAGT-1,4226.0,8808.0,L6,3,0.1801249792136286,1,bisquare,8064,1.0,negbinomial,0.17601685035067796,False
AATCTGGGTAGACCCT-1,9678.0,3192.0,L3,0,0.1317613956302423,1,bisquare,8064,1.0,negbinomial,0.17601685035067796,False
AATGACAGCAATGTCT-1,5260.0,8451.0,L6,3,0.2184894710457531,1,bisquare,8064,1.0,negbinomial,0.17601685035067796,False
AATGACGTAGGATGTC-1,8565.0,7980.0,L5,2,0.17219480039165672,1,bisquare,8064,1.0,negbinomial,0.17601685035067796,False
AATGACTGTCAGCCGG-1,6437.0,5460.0,L4,1,0.21555809187401423,1,bisquare,8064,1.0,negbinomial,0.17601685035067796,False
AATGAGTTCGCATATG-1,4650.0,4498.0,L3,0,0.17080299651836106,1,bisquare,8064,1.0,negbinomial,0.17601685035067796,False
AATGATGATACGCTAT-1,9603.0,5468.0,L3,0,0.1049242844229633,1,bisquare,8064,1.0,negbinomial,0.17601685035067796,False
AATGATGCGACTCCTG-1,10154.0,5709.0,L3,0,0.12216601780700706,1,bisquare,8064,1.0,negbinomial,0.17601685035067796,False
AATGCAACCGGGTACC-1,7263.0,5702.0,L4,1,0.17987817586168597,1,bisquare,8064,1.0,negbinomial,0.17601685035067796,False
AATGCACCAAGCAATG-1,9880.0,4989.0,L3,0,0.18839216946270085,1,bisquare,8064,1.0,negbinomial,0.17601685035067796,False
AATGGCCGCCAATGCG-1,11674.0,3077.0,L3,0,0.08262187146133151,1,bisquare,8064,1.0,negbinomial,0.17601685035067796,False
AATGGTCCACCGTTCA-1,4301.0,6293.0,L5,2,0.20015380702038724,1,bisquare,8064,1.0,negbinomial,0.17601685035067796,False
AATGGTTCTCACAAGC-1,5612.0,4979.0,L4,1,0.16728472794044358,1,bisquare,8064,1.0,negbinomial,0.17601685035067796,False
AATGTGCCCGAGGTGT-1,5051.0,9289.0,L6,3,0.23761110921543158,1,bisquare,8064,1.0,negbinomial,0.17601685035067796,False
AATGTGCTAATCTGAG-1,5392.0,10608.0,WM,4,0.2127842163830197,1,bisquare,8064,1.0,negbinomial,0.17601685035067796,False
AATTAAAGGTCGGCGT-1,6639.0,7497.0,L6,3,0.21302320071109243,1,bisquare,8064,1.0,negbinomial,0.17601685035067796,False
AATTAACGGATTTCCA-1,7735.0,9655.0,WM,4,0.1782566163322584,1,bisquare,8064,1.0,negbinomial,0.17601685035067796,False
AATTAGCGCTGCAGCG-1,7530.0,8816.0,L6,3,0.10873425454018794,1,bisquare,8064,1.0,negbinomial,0.17601685035067796,False
AATTCATAAGGGATCT-1,9466.0,5467.0,L3,0,0.18379684185774944,1,bisquare,8064,1.0,negbinomial,0.17601685035067796,False
AATTCATTGTCATGCA-1,3810.0,10245.0,L6,3,0.19286398559819842,1,bisquare,8064,1.0,negbinomial,0.17601685035067796,False
AATTCCAAGCATGTAC-1,7182.0,10612.0,WM,4,0.1002054155414477,1,bisquare,8064,1.0,negbinomial,0.17601685035067796,False
AATTCGATTCGAGGAT-1,8421.0,10615.0,WM,4,0.126631161020071,1,bisquare,8064,1.0,negbinomial,0.17601685035067796,False
AATTCTAGAGTTAGGC-1,7531.0,8577.0,L6,3,0.09025664741113444,1,bisquare,8064,1.0,negbinomial,0.17601685035067796,False
AATTGAACGCTCTGGT-1,8909.0,8101.0,L5,2,0.33170772725132014,1,bisquare,8064,1.0,negbinomial,0.17601685035067796,False
AATTGCAGCAATCGAC-1,10211.0,10380.0,L6,3,0.10424648240896374,1,bisquare,8064,1.0,negbinomial,0.17601685035067796,False
AATTTGGGACATAGTA-1,9469.0,4270.0,L3,0,0.11485357348337033,1,bisquare,8064,1.0,negbinomial,0.17601685035067796,False
AATTTGGTTCCAAAGA-1,7817.0,4026.0,L3,0,0.16302983177065322,1,bisquare,8064,1.0,negbinomial,0.17601685035067796,False
ACAAACCATGCGTCCT-1,4292.0,10365.0,L6,3,0.21460220602330513,1,bisquare,8064,1.0,negbinomial,0.17601685035067796,False
ACAAACCGACAAGGCG-1,8578.0,2711.0,L3,0,0.14801221167182382,1,bisquare,8064,1.0,negbinomial,0.17601685035067796,False
ACAAAGCATGACCTAG-1,9867.0,10259.0,L6,3,0.2220946131617391,1,bisquare,8064,1.0,negbinomial,0.17601685035067796,False
ACAAATCGCACCGAAT-1,8839.0,8700.0,L6,3,0.2989123843192619,1,bisquare,8064,1.0,negbinomial,0.17601685035067796,False
ACAAATGGTAGTGTTT-1,8978.0,7981.0,L5,2,0.34543405435765556,1,bisquare,8064,1.0,negbinomial,0.17601685035067796,False
ACAAATTCAGATCTGA-1,10296.0,3553.0,L3,0,0.34937083548279996,1,bisquare,8064,1.0,negbinomial,0.17601685035067796,False
ACAACAGCATGAGCTA-1,8155.0,6542.0,L4,1,0.17225621064602292,1,bisquare,8064,1.0,negbinomial,0.17601685035067796,False
ACAACGGTCCCTGCGA-1,5267.0,5337.0,L4,1,0.13824185270932923,1,bisquare,8064,1.0,negbinomial,0.17601685035067796,False
ACAAGCAGTGCCTAGC-1,4990.0,6295.0,L5,2,0.2153349025947604,1,bisquare,8064,1.0,negbinomial,0.17601685035067796,False
ACAAGGAAATCCGCCC-1,8357.0,8579.0,L6,3,0.2498676949396823,1,bisquare,8064,1.0,negbinomial,0.17601685035067796,False
ACAAGGACAAGAGGTT-1,5747.0,6177.0,L5,2,0.1512719102155276,1,bisquare,8064,1.0,negbinomial,0.17601685035067796,False
ACAAGGATGCTTTAGG-1,9180.0,10018.0,L6,3,0.0896366751232188,1,bisquare,8064,1.0,negbinomial,0.17601685035067796,False
ACAAGGCCTACCAGCC-1,10504.0,3194.0,L3,0,0.17923489185553054,1,bisquare,8064,1.0,negbinomial,0.17601685035067796,False
ACAAGGGCAGGCTCTG-1,8427.0,7980.0,L5,2,0.19599499919702137,1,bisquare,8064,1.0,negbinomial,0.17601685035067796,False
ACAATAGTCGTACGTT-1,4573.0,7731.0,L5,2,0.12304212400101777,1,bisquare,8064,1.0,negbinomial,0.17601685035067796,False
ACAATCCATTTAAACC-1,5401.0,7015.0,L5,2,0.1745215569956748,1,bisquare,8064,1.0,negbinomial,0.17601685035067796,False
ACAATCGATCTTTATA-1,7476.0,2947.0,L3,0,0.10313242254761815,1,bisquare,8064,1.0,negbinomial,0.17601685035067796,False
ACAATGAATACGGAGA-1,5326.0,9530.0,L6,3,0.1510060886743092,1,bisquare,8064,1.0,negbinomial,0.17601685035067796,False
ACAATGATTCTTCTAC-1,10916.0,3674.0,L3,0,0.12327321170994211,1,bisquare,8064,1.0,negbinomial,0.17601685035067796,False
ACAATTGTGTCTCTTT-1,9871.0,8822.0,L6,3,0.24933136829134192,1,bisquare,8064,1.0,negbinomial,0.17601685035067796,False
ACAATTTAGGAGGCTC-1,3819.0,6412.0,L4,1,0.1265420920228731,1,bisquare,8064,1.0,negbinomial,0.17601685035067796,False
ACAATTTGAGCAGTGG-1,8845.0,6065.0,L3,0,0.14591944085428424,1,bisquare,8064,1.0,negbinomial,0.17601685035067796,False
ACAATTTGGCCATATT-1,11663.0,7868.0,L3,0,0.18935156949069357,1,bisquare,8064,1.0,negbinomial,0.17601685035067796,False
ACACAAAGACGGGTGG-1,7056.0,5581.0,L4,1,0.14894085734113824,1,bisquare,8064,1.0,negbinomial,0.17601685035067796,False
ACACAAATATTCCTAG-1,11740.0,4395.0,L3,0,0.17123253448763678,1,bisquare,8064,1.0,negbinomial,0.17601685035067796,False
ACACACCAGGACCAGT-1,9391.0,7982.0,L5,2,0.1771521038315134,1,bisquare,8064,1.0,negbinomial,0.17601685035067796,False
ACACACTTTCTACACG-1,7610.0,4385.0,L3,0,0.0870794168381088,1,bisquare,8064,1.0,negbinomial,0.17601685035067796,False
ACACATGATCAAATCT-1,4293.0,9886.0,L6,3,0.15379679383374936,1,bisquare,8064,1.0,negbinomial,0.17601685035067796,False
ACACCACATAATTAGC-1,11253.0,6430.0,L3,0,0.34906164874259477,1,bisquare,8064,1.0,negbinomial,0.17601685035067796,False
ACACCCAGCATGCAGC-1,6643.0,5580.0,L4,1,0.2088054300112895,1,bisquare,8064,1.0,negbinomial,0.17601685035067796,False
ACACCCGAGAAATCCG-1,5888.0,4980.0,L4,1,0.18674740079134314,1,bisquare,8064,1.0,negbinomial,0.17601685035067796,False
ACACCGGTCTGACCGC-1,4360.0,10485.0,L6,3,0.2246673886765063,1,bisquare,8064,1.0,negbinomial,0.17601685035067796,False
ACACCTTAAGTAGGGC-1,6161.0,5699.0,L5,2,0.1649028589507758,1,bisquare,8064,1.0,negbinomial,0.17601685035067796,False
ACACCTTACTACTTGC-1,10837.0,7626.0,L3,0,0.24120504452818972,1,bisquare,8064,1.0,negbinomial,0.17601685035067796,False
ACACGAGACTCCTTCT-1,8087.0,6422.0,L4,1,0.19135746688446137,1,bisquare,8064,1.0,negbinomial,0.17601685035067796,False
ACACGGCACTATGCAT-1,8094.0,3548.0,L3,0,0.17043126994808047,1,bisquare,8064,1.0,negbinomial,0.17601685035067796,False
ACACGGGAACTTAGGG-1,8088.0,5943.0,L3,0,0.16234117665484057,1,bisquare,8064,1.0,negbinomial,0.17601685035067796,False
ACACGTAGGCCACAAG-1,10764.0,9662.0,L6,3,0.23755908779786528,1,bisquare,8064,1.0,negbinomial,0.17601685035067796,False
ACACTCCAATGTCACT-1,4374.0,4737.0,L3,0,0.1501006806049694,1,bisquare,8064,1.0,negbinomial,0.17601685035067796,False
ACACTGATCAAGGTGT-1,6498.0,8934.0,L6,3,0.03948607870410916,1,bisquare,8064,1.0,negbinomial,0.17601685035067796,False
ACACTGGGACAGTCGT-1,11107.0,9783.0,L6,3,0.1984030051671093,1,bisquare,8064,1.0,negbinomial,0.17601685035067796,False
ACAGAACTGAGAACAA-1,4846.0,8930.0,L6,3,0.1763282268317334,1,bisquare,8064,1.0,negbinomial,0.17601685035067796,False
ACAGATTAGGTTAGTG-1,7130.0,3545.0,L3,0,0.11423676130336159,1,bisquare,8064,1.0,negbinomial,0.17601685035067796,False
ACAGCATAGAGCCAGT-1,7198.0,3905.0,L3,0,0.14826325600764528,1,bisquare,8064,1.0,negbinomial,0.17601685035067796,False
ACAGCGACATTCTCAT-1,10006.0,9780.0,L6,3,0.13151417183550296,1,bisquare,8064,1.0,negbinomial,0.17601685035067796,False
ACAGCGCACCCGCAGC-1,8712.0,3909.0,L3,0,0.1287180434339077,1,bisquare,8064,1.0,negbinomial,0.17601685035067796,False
ACAGGCTTGCCCGACT-1,9182.0,9060.0,L6,3,0.2444829017479779,1,bisquare,8064,1.0,negbinomial,0.17601685035067796,False
ACAGGTGGAGGTGAGG-1,5878.0,8812.0,L6,3,0.09999110940866336,1,bisquare,8064,1.0,negbinomial,0.17601685035067796,False
ACAGTAATACAACTTG-1,4159.0,8209.0,L5,2,0.27840799918251063,1,bisquare,8064,1.0,negbinomial,0.17601685035067796,False
ACAGTGCAGCGCATTT-1,11193.0,2717.0,L3,0,0.12610246338359474,1,bisquare,8064,1.0,negbinomial,0.17601685035067796,False
ACATAAGTCGTGGTGA-1,3811.0,9765.0,L6,3,0.12852769716076912,1,bisquare,8064,1.0,negbinomial,0.17601685035067796,False
ACATAATAAGGCGGTG-1,7539.0,5223.0,L3,0,0.2503521862190375,1,bisquare,8064,1.0,negbinomial,0.17601685035067796,False
ACATCAGCTGGGACGC-1,4025.0,6532.0,L5,2,0.1084027486825808,1,bisquare,8064,1.0,negbinomial,0.17601685035067796,False
ACATCCCGGCCATACG-1,7116.0,9294.0,WM,4,0.1292676716982061,1,bisquare,8064,1.0,negbinomial,0.17601685035067796,False
ACATCCTGGTAACTGT-1,10217.0,7745.0,L4,1,0.14887327500297218,1,bisquare,8064,1.0,negbinomial,0.17601685035067796,False
ACATCGATCGTTTACC-1,7464.0,7738.0,L6,3,0.0927912539610201,1,bisquare,8064,1.0,negbinomial,0.17601685035067796,False
ACATCGGTCAGCCGCG-1,5744.0,7614.0,L6,3,0.10368057608565215,1,bisquare,8064,1.0,negbinomial,0.17601685035067796,False
ACATCGTATGCAATGG-1,8771.0,8101.0,L5,2,0.19868694369011772,1,bisquare,8064,1.0,negbinomial,0.17601685035067796,False
ACATCGTTAACCTAGT-1,8368.0,3788.0,L3,0,0.09188827727400908,1,bisquare,8064,1.0,negbinomial,0.17601685035067796,False
ACATCTCAACGCGTAA-1,8301.0,3189.0,L3,0,0.18089420456419902,1,bisquare,8064,1.0,negbinomial,0.17601685035067796,False
ACATGGCGCCAAAGTA-1,10356.0,7506.0,L4,1,0.2120062703426874,1,bisquare,8064,1.0,negbinomial,0.17601685035067796,False
ACATTAGTTTATATCC-1,7393.0,8816.0,L6,3,0.15043046090762555,1,bisquare,8064,1.0,negbinomial,0.17601685035067796,False
ACCAAACACCCAGCGA-1,11119.0,4753.0,L3,0,0.13843919119955028,1,bisquare,8064,1.0,negbinomial,0.17601685035067796,False
ACCAAACTAGAAATCC-1,7820.0,3068.0,L3,0,0.19664105257281972,1,bisquare,8064,1.0,negbinomial,0.17601685035067796,False
ACCAACACCACACACT-1,10774.0,5111.0,L3,0,0.1985881808323505,1,bisquare,8064,1.0,negbinomial,0.17601685035067796,False
ACCAACCGCACTCCAC-1,9867.0,10499.0,L6,3,0.1683269540604344,1,bisquare,8064,1.0,negbinomial,0.17601685035067796,False
ACCAACGCTTATTTAT-1,6566.0,9053.0,WM,4,0.23672011771420637,1,bisquare,8064,1.0,negbinomial,0.17601685035067796,False
ACCAAGAACGCGTGTC-1,6577.0,4742.0,L3,0,0.34386407323018303,1,bisquare,8064,1.0,negbinomial,0.17601685035067796,False
ACCAATATGCAAGTTA-1,8561.0,9418.0,L6,3,0.09169655129872101,1,bisquare,8064,1.0,negbinomial,0.17601685035067796,False
ACCACAACTCAGAACA-1,8782.0,3549.0,L3,0,0.2709594845159209,1,bisquare,8064,1.0,negbinomial,0.17601685035067796,False
ACCACAAGTTTCTATC-1,6917.0,6300.0,L5,2,0.22839795537787097,1,bisquare,8064,1.0,negbinomial,0.17601685035067796,False
ACCACCAATGTAACAA-1,10562.0,7626.0,L4,1,0.2123799024888404,1,bisquare,8064,1.0,negbinomial,0.17601685035067796,False
ACCACCCTCTCTTCTA-1,11531.0,5472.0,L3,0,0.07946825489419726,1,bisquare,8064,1.0,negbinomial,0.17601685035067796,False
ACCACGTGCAGCTATA-1,8426.0,8459.0,L6,3,0.2472441374827632,1,bisquare,8064,1.0,negbinomial,0.17601685035067796,False
ACCAGCCCGGTCTTTG-1,8163.0,3189.0,L3,0,0.24887496258707595,1,bisquare,8064,1.0,negbinomial,0.17601685035067796,False
ACCAGGAGTGTGATCT-1,6994.0,3066.0,L3,0,0.09463554739530133,1,bisquare,8064,1.0,negbinomial,0.17601685035067796,False
ACCAGTGCCCGGTCAA-1,10296.0,3793.0,L3,0,0.21112808138922048,1,bisquare,8064,1.0,negbinomial,0.17601685035067796,False
ACCAGTGCGGGAGACG-1,9665.0,8462.0,L5,2,0.11270290186644243,1,bisquare,8064,1.0,negbinomial,0.17601685035067796,False
ACCATATCCGCAATAA-1,7052.0,7258.0,L5,2,0.24803227016262444,1,bisquare,8064,1.0,negbinomial,0.17601685035067796,False
ACCATCCGCCAACTAG-1,4022.0,7969.0,L5,2,0.11493599104375475,1,bisquare,8064,1.0,negbinomial,0.17601685035067796,False
ACCATCGTATATGGTA-1,6087.0,7735.0,L6,3,0.16887423221943712,1,bisquare,8064,1.0,negbinomial,0.17601685035067796,False
ACCCAACGCCCGTGGC-1,9120.0,6305.0,L3,0,0.31293964248632183,1,bisquare,8064,1.0,negbinomial,0.17601685035067796,False
ACCCACCTACATGCTC-1,4922.0,5696.0,L5,2,0.15238186509845156,1,bisquare,8064,1.0,negbinomial,0.17601685035067796,False
ACCCATCTTGAGGGTA-1,5745.0,7135.0,L5,2,0.12115963983762744,1,bisquare,8064,1.0,negbinomial,0.17601685035067796,False
ACCCATTTGTCCCTCT-1,10075.0,9900.0,L6,3,0.15374025213821815,1,bisquare,8064,1.0,negbinomial,0.17601685035067796,False
ACCCGAGCGAAATTAC-1,5187.0,10008.0,L6,3,0.1068889913939256,1,bisquare,8064,1.0,negbinomial,0.17601685035067796,False
ACCCGATTGGTTCCGA-1,5598.0,10967.0,WM,4,0.26383057733661613,1,bisquare,8064,1.0,negbinomial,0.17601685035067796,False
ACCCGGAAACTCCCAG-1,7666.0,9535.0,WM,4,0.2255412410336434,1,bisquare,8064,1.0,negbinomial,0.17601685035067796,False
ACCCGGATGACGCATC-1,10081.0,7265.0,L3,0,0.2170262535072001,1,bisquare,8064,1.0,negbinomial,0.17601685035067796,False
ACCCGGTTACACTTCC-1,6500.0,7736.0,L6,3,0.20702644211523785,1,bisquare,8064,1.0,negbinomial,0.17601685035067796,False
ACCCGTGTCATCAGTA-1,6909.0,9653.0,WM,4,0.12957951396895903,1,bisquare,8064,1.0,negbinomial,0.17601685035067796,False
ACCCTATAGGACTGAG-1,4582.0,4138.0,L3,0,0.15890331620455456,1,bisquare,8064,1.0,negbinomial,0.17601685035067796,False
ACCCTATGCCATATCG-1,5946.0,9411.0,WM,4,0.26060768200755074,1,bisquare,8064,1.0,negbinomial,0.17601685035067796,False
ACCCTCCCTTGCTATT-1,8977.0,8460.0,L6,3,0.25794091904818345,1,bisquare,8064,1.0,negbinomial,0.17601685035067796,False
ACCCTGGTAACGCCCT-1,11118.0,5232.0,L3,0,0.1466470489904366,1,bisquare,8064,1.0,negbinomial,0.17601685035067796,False
ACCCTTCATCTGCGAA-1,7679.0,4265.0,L3,0,0.16278702218279528,1,bisquare,8064,1.0,negbinomial,0.17601685035067796,False
ACCCTTGCCTGGGTCG-1,11877.0,4635.0,L3,0,0.1458072863213461,1,bisquare,8064,1.0,negbinomial,0.17601685035067796,False
ACCCTTTAGTTCTCCA-1,8713.0,3429.0,L3,0,0.2675251896345659,1,bisquare,8064,1.0,negbinomial,0.17601685035067796,False
ACCGAAAGGGCCCTGC-1,6854.0,3784.0,L3,0,0.15966715924366318,1,bisquare,8064,1.0,negbinomial,0.17601685035067796,False
ACCGAAGAGTCTGGTT-1,3949.0,9526.0,L6,3,0.21551776590362967,1,bisquare,8064,1.0,negbinomial,0.17601685035067796,False
ACCGACACATCTCCCA-1,7803.0,10015.0,WM,4,0.13629901371139283,1,bisquare,8064,1.0,negbinomial,0.17601685035067796,False
ACCGACTGAGTCCCAC-1,7744.0,6062.0,L4,1,0.17514243032462315,1,bisquare,8064,1.0,negbinomial,0.17601685035067796,False
ACCGATAGGCATAACC-1,11314.0,9903.0,L6,3,0.16029158083868517,1,bisquare,8064,1.0,negbinomial,0.17601685035067796,False
ACCGATATTTAATCAT-1,11453.0,9185.0,L5,2,0.10507760541449722,1,bisquare,8064,1.0,negbinomial,0.17601685035067796,False
ACCGATGGTAGCATCG-1,9531.0,7024.0,L4,1,0.13116812144992926,1,bisquare,8064,1.0,negbinomial,0.17601685035067796,False
ACCGCAATAACTGCCT-1,8632.0,8819.0,L6,3,0.280165139327006,1,bisquare,8064,1.0,negbinomial,0.17601685035067796,False
ACCGCGGTGGAAGTCG-1,10492.0,7985.0,L4,1,0.2200821304974497,1,bisquare,8064,1.0,negbinomial,0.17601685035067796,False
ACCGGGCCTTTGTTGA-1,9941.0,8223.0,L5,2,0.19407542125611937,1,bisquare,8064,1.0,negbinomial,0.17601685035067796,False
ACCGGTCAGGTACACC-1,4224.0,9766.0,L6,3,0.3238395686332296,1,bisquare,8064,1.0,negbinomial,0.17601685035067796,False
ACCGGTCTGAGTACGG-1,10091.0,3193.0,L3,0,0.11946596712091975,1,bisquare,8064,1.0,negbinomial,0.17601685035067796,False
ACCGTGACCACGTGGG-1,5876.0,10010.0,WM,4,0.09082268860579244,1,bisquare,8064,1.0,negbinomial,0.17601685035067796,False
ACCGTTCCCGCTCTGA-1,7681.0,3307.0,L3,0,0.10755137300376828,1,bisquare,8064,1.0,negbinomial,0.17601685035067796,False
ACCTAAGTACCTTTCA-1,5259.0,8691.0,L6,3,0.251734876665133,1,bisquare,8064,1.0,negbinomial,0.17601685035067796,False
ACCTAATCGACTTCCT-1,5264.0,6535.0,L5,2,0.23502414702580343,1,bisquare,8064,1.0,negbinomial,0.17601685035067796,False
ACCTACAGTATGTGGT-1,10975.0,7627.0,L3,0,0.2077742957738894,1,bisquare,8064,1.0,negbinomial,0.17601685035067796,False
ACCTACTATAAATCTA-1,7181.0,10851.0,WM,4,0.13091036407398074,1,bisquare,8064,1.0,negbinomial,0.17601685035067796,False
ACCTCCGCCCTCGCTG-1,10558.0,9303.0,L6,3,0.2316392227286709,1,bisquare,8064,1.0,negbinomial,0.17601685035067796,False
ACCTCCGTTATTCACC-1,10908.0,6788.0,L3,0,0.27365326046649613,1,bisquare,8064,1.0,negbinomial,0.17601685035067796,False
ACCTCGAACTTATGCT-1,4222.0,10485.0,L6,3,0.2248288670505177,1,bisquare,8064,1.0,negbinomial,0.17601685035067796,False
ACCTGCGTGTCATGTT-1,4434.0,8210.0,L6,3,0.13061430438303812,1,bisquare,8064,1.0,negbinomial,0.17601685035067796,False
ACGAAATGGGCGGCAC-1,4851.0,6534.0,L5,2,0.19349887733478952,1,bisquare,8064,1.0,negbinomial,0.17601685035067796,False
ACGACTGGTCATACTC-1,5531.0,10368.0,WM,4,0.12704806509759115,1,bisquare,8064,1.0,negbinomial,0.17601685035067796,False
ACGAGAACCCATCACG-1,5547.0,3661.0,L3,0,0.08718744138060665,1,bisquare,8064,1.0,negbinomial,0.17601685035067796,False
ACGAGATATTTGCTTA-1,8781.0,3789.0,L3,0,0.20513842442596014,1,bisquare,8064,1.0,negbinomial,0.17601685035067796,False
ACGAGGATACCACTCT-1,4433.0,8689.0,L6,3,0.3488408920296164,1,bisquare,8064,1.0,negbinomial,0.17601685035067796,False
ACGAGGTTTACAACGT-1,4087.0,9527.0,L6,3,0.18038708446452936,1,bisquare,8064,1.0,negbinomial,0.17601685035067796,False
ACGAGTACGGATGCCC-1,10359.0,6068.0,L3,0,0.18820701402258436,1,bisquare,8064,1.0,negbinomial,0.17601685035067796,False
ACGATACATAGAACTA-1,8709.0,5346.0,L3,0,0.1302271988215254,1,bisquare,8064,1.0,negbinomial,0.17601685035067796,False
ACGATCATACATAGAG-1,7538.0,5702.0,L3,0,0.17758064485305097,1,bisquare,8064,1.0,negbinomial,0.17601685035067796,False
ACGATCATCTTGTAAA-1,10219.0,7026.0,L3,0,0.2552124627212892,1,bisquare,8064,1.0,negbinomial,0.17601685035067796,False
ACGATGCATATGTTAT-1,6158.0,7136.0,L5,2,0.15645928506985915,1,bisquare,8064,1.0,negbinomial,0.17601685035067796,False
ACGATGGATCCGATGC-1,8024.0,3907.0,L3,0,0.16891408975354016,1,bisquare,8064,1.0,negbinomial,0.17601685035067796,False
ACGCAAACTAATAGAT-1,6426.0,10251.0,WM,4,0.12010691803671933,1,bisquare,8064,1.0,negbinomial,0.17601685035067796,False
ACGCAATCACTACAGC-1,10704.0,5710.0,L3,0,0.11583934801811951,1,bisquare,8064,1.0,negbinomial,0.17601685035067796,False
ACGCATAAATGACATG-1,10848.0,3315.0,L3,0,0.1553520764262719,1,bisquare,8064,1.0,negbinomial,0.17601685035067796,False
ACGCATACGTTTACTA-1,10213.0,9422.0,L6,3,0.13444701928860384,1,bisquare,8064,1.0,negbinomial,0.17601685035067796,False
ACGCATTCGTGAGTAC-1,7398.0,6660.0,L5,2,0.14294686653840433,1,bisquare,8064,1.0,negbinomial,0.17601685035067796,False
ACGCCAGATGATTTCT-1,8228.0,4746.0,L3,0,0.20577405540733962,1,bisquare,8064,1.0,negbinomial,0.17601685035067796,False
ACGCCCAGCTGTCGAT-1,8095.0,3069.0,L3,0,0.23521131604804887,1,bisquare,8064,1.0,negbinomial,0.17601685035067796,False
ACGCCGCTAGACGACC-1,8083.0,7859.0,L5,2,0.11527357233478831,1,bisquare,8064,1.0,negbinomial,0.17601685035067796,False
ACGCGAAGTCAGACGA-1,7256.0,8576.0,L6,3,0.1339833392509488,1,bisquare,8064,1.0,negbinomial,0.17601685035067796,False
ACGCGCTACACAGGGT-1,5331.0,7613.0,L6,3,0.21472499178579588,1,bisquare,8064,1.0,negbinomial,0.17601685035067796,False
ACGCGGGCCAAGGACA-1,7466.0,6780.0,L5,2,0.3443080722559175,1,bisquare,8064,1.0,negbinomial,0.17601685035067796,False
ACGCGTTTCTTAAGAG-1,3544.0,6172.0,L4,1,0.054922205439673674,1,bisquare,8064,1.0,negbinomial,0.17601685035067796,False
ACGCTAGTGATACACT-1,10084.0,6068.0,L3,0,0.25335845951276165,1,bisquare,8064,1.0,negbinomial,0.17601685035067796,False
ACGCTGTGAGGCGTAG-1,4092.0,7371.0,L5,2,0.16209243926745395,1,bisquare,8064,1.0,negbinomial,0.17601685035067796,False
ACGCTTAGTGTCTCTC-1,8783.0,3070.0,L3,0,0.0919127610225588,1,bisquare,8064,1.0,negbinomial,0.17601685035067796,False
ACGGAATTTAGCAAAT-1,5063.0,4499.0,L3,0,0.18414345791633985,1,bisquare,8064,1.0,negbinomial,0.17601685035067796,False
ACGGACTCTCAAAGCG-1,8354.0,10016.0,WM,4,0.2579222670510381,1,bisquare,8064,1.0,negbinomial,0.17601685035067796,False
ACGGAGCGCAAATTAC-1,10637.0,4871.0,L3,0,0.17888164565111303,1,bisquare,8064,1.0,negbinomial,0.17601685035067796,False
ACGGATGGTGCGGATA-1,8630.0,9537.0,L6,3,0.07142245993653275,1,bisquare,8064,1.0,negbinomial,0.17601685035067796,False
ACGGCACTTGCTTGGG-1,7324.0,8936.0,L6,3,0.14124211560646013,1,bisquare,8064,1.0,negbinomial,0.17601685035067796,False
ACGGCCAACATGGACT-1,6979.0,9054.0,WM,4,0.2709947491406098,1,bisquare,8064,1.0,negbinomial,0.17601685035067796,False
ACGGCGACGATGGGAA-1,8495.0,8579.0,L6,3,0.21058445866231712,1,bisquare,8064,1.0,negbinomial,0.17601685035067796,False
ACGGCGGGTTGCCCTG-1,5341.0,3302.0,L3,0,0.0859697323206474,1,bisquare,8064,1.0,negbinomial,0.17601685035067796,False
ACGGCTGGATGTAGAA-1,3948.0,10005.0,L6,3,0.34858702942688397,1,bisquare,8064,1.0,negbinomial,0.17601685035067796,False
ACGGGAGTGTCGGCCC-1,4916.0,8331.0,L6,3,0.20045806505941485,1,bisquare,8064,1.0,negbinomial,0.17601685035067796,False
ACGGGCGTATGCGACA-1,11324.0,5592.0,L3,0,0.18324620816561152,1,bisquare,8064,1.0,negbinomial,0.17601685035067796,False
ACGGGTCATGTGACTT-1,3824.0,4496.0,L3,0,0.10924323634938858,1,bisquare,8064,1.0,negbinomial,0.17601685035067796,False
ACGTACAGATTTCTCT-1,7749.0,3906.0,L3,0,0.11921484061469453,1,bisquare,8064,1.0,negbinomial,0.17601685035067796,False
ACGTAGATTGCTGATG-1,7811.0,6661.0,L4,1,0.2536510648009018,1,bisquare,8064,1.0,negbinomial,0.17601685035067796,False
ACGTATTACTCCGATC-1,9874.0,7624.0,L4,1,0.1192138942395496,1,bisquare,8064,1.0,negbinomial,0.17601685035067796,False
ACGTGCGCCTCGTGCA-1,7540.0,4744.0,L3,0,0.10113253078201737,1,bisquare,8064,1.0,negbinomial,0.17601685035067796,False
ACGTGGTCGAATGTGC-1,8577.0,2950.0,L3,0,0.11574346937373994,1,bisquare,8064,1.0,negbinomial,0.17601685035067796,False
ACGTTAATGTCGAAGA-1,7946.0,7620.0,L5,2,0.18188648277723896,1,bisquare,8064,1.0,negbinomial,0.17601685035067796,False
ACGTTAGATTTGCCCG-1,5882.0,7375.0,L5,2,0.08181426979214702,1,bisquare,8064,1.0,negbinomial,0.17601685035067796,False
ACGTTATTGGTCACTC-1,4098.0,4975.0,L3,0,0.18567947776099936,1,bisquare,8064,1.0,negbinomial,0.17601685035067796,False
ACGTTCCGCGCTCCGT-1,6923.0,3665.0,L3,0,0.1446253756862948,1,bisquare,8064,1.0,negbinomial,0.17601685035067796,False
ACGTTCGCAATCAATT-1,10977.0,6669.0,L3,0,0.1732391327065038,1,bisquare,8064,1.0,negbinomial,0.17601685035067796,False
ACGTTCGTTCAGGAAA-1,6220.0,9891.0,WM,4,0.17006936772033168,1,bisquare,8064,1.0,negbinomial,0.17601685035067796,False
ACGTTCTGTACAAGTC-1,9729.0,10498.0,L6,3,0.10515849600925811,1,bisquare,8064,1.0,negbinomial,0.17601685035067796,False
ACGTTTAGTTGTGATC-1,7885.0,4386.0,L3,0,0.16151079978371183,1,bisquare,8064,1.0,negbinomial,0.17601685035067796,False
ACTAAGGACGCACACC-1,11947.0,4036.0,L3,0,0.13308385047928425,1,bisquare,8064,1.0,negbinomial,0.17601685035067796,False
ACTAATACGTCAGGCG-1,9952.0,3672.0,L3,0,0.10604557002008708,1,bisquare,8064,1.0,negbinomial,0.17601685035067796,False
ACTACATCCCGACAAG-1,4361.0,10246.0,L6,3,0.16502544724613358,1,bisquare,8064,1.0,negbinomial,0.17601685035067796,False
ACTACCAGCTCTCTGG-1,6024.0,5699.0,L5,2,0.16065683316435306,1,bisquare,8064,1.0,negbinomial,0.17601685035067796,False
ACTACGCGTTAGAATT-1,7046.0,9893.0,WM,4,0.166214467164927,1,bisquare,8064,1.0,negbinomial,0.17601685035067796,False
ACTAGTTGCGATCGTC-1,10353.0,8703.0,L5,2,0.19895760228710455,1,bisquare,8064,1.0,negbinomial,0.17601685035067796,False
ACTATATGCTGTGTTC-1,10432.0,4272.0,L3,0,0.17842024398204587,1,bisquare,8064,1.0,negbinomial,0.17601685035067796,False
ACTATCCAGGGCATGG-1,10632.0,7267.0,L3,0,0.33516563640220565,1,bisquare,8064,1.0,negbinomial,0.17601685035067796,False
ACTATCTGCCCGCGTA-1,10971.0,9064.0,L5,2,0.10785132301090644,1,bisquare,8064,1.0,negbinomial,0.17601685035067796,False
ACTATGTCCAGCTGCC-1,4705.0,10366.0,L6,3,0.20526551733388562,1,bisquare,8064,1.0,negbinomial,0.17601685035067796,False
ACTATTCGTCCGTGGT-1,8298.0,4387.0,L3,0,0.17187951021399062,1,bisquare,8064,1.0,negbinomial,0.17601685035067796,False
ACTATTTCCGGGCCCA-1,6014.0,9771.0,WM,4,0.25211937258388495,1,bisquare,8064,1.0,negbinomial,0.17601685035067796,False
ACTCAACGAATGTATT-1,5478.0,3541.0,L3,0,0.11486610022688098,1,bisquare,8064,1.0,negbinomial,0.17601685035067796,False
ACTCAAGTGCAAGGCT-1,9111.0,9898.0,L6,3,0.12568410307466274,1,bisquare,8064,1.0,negbinomial,0.17601685035067796,False
ACTCAATAAAGGCACG-1,7951.0,5703.0,L3,0,0.2467853138339161,1,bisquare,8064,1.0,negbinomial,0.17601685035067796,False
ACTCAGACCTGCTTCT-1,6166.0,3783.0,L3,0,0.18670878148118938,1,bisquare,8064,1.0,negbinomial,0.17601685035067796,False
ACTCATGGCAGCCTTC-1,4359.0,10725.0,L6,3,0.10490113330816296,1,bisquare,8064,1.0,negbinomial,0.17601685035067796,False
ACTCCAATATCATCAT-1,5187.0,10248.0,L6,3,0.09019244492523447,1,bisquare,8064,1.0,negbinomial,0.17601685035067796,False
ACTCCCATTCCTAAAG-1,4365.0,8330.0,L6,3,0.13971293805241503,1,bisquare,8064,1.0,negbinomial,0.17601685035067796,False
ACTCCCGAATTCGTTT-1,10358.0,6547.0,L3,0,0.14316005903293275,1,bisquare,8064,1.0,negbinomial,0.17601685035067796,False
ACTCCCTAATGCTAAA-1,7942.0,9536.0,WM,4,0.34373873940054156,1,bisquare,8064,1.0,negbinomial,0.17601685035067796,False
ACTCCCTAGAATAGTA-1,8013.0,8458.0,L6,3,0.1635822155164739,1,bisquare,8064,1.0,negbinomial,0.17601685035067796,False
ACTCGATGTATTTCAT-1,3892.0,4855.0,L3,0,0.16535041137648926,1,bisquare,8064,1.0,negbinomial,0.17601685035067796,False
ACTCGTAACCCGTCCT-1,4778.0,8570.0,L6,3,0.09959741949575664,1,bisquare,8064,1.0,negbinomial,0.17601685035067796,False
ACTCGTCAGTAATCCC-1,8567.0,7022.0,L4,1,0.21637728929383543,1,bisquare,8064,1.0,negbinomial,0.17601685035067796,False
ACTCTCTGACTTAGGT-1,8565.0,7741.0,L5,2,0.10010209824567574,1,bisquare,8064,1.0,negbinomial,0.17601685035067796,False
ACTCTCTTATACACGA-1,8988.0,3670.0,L3,0,0.18167952682662666,1,bisquare,8064,1.0,negbinomial,0.17601685035067796,False
ACTCTTCAGCTCCCGC-1,11871.0,7030.0,L3,0,0.19244465221051388,1,bisquare,8064,1.0,negbinomial,0.17601685035067796,False
ACTCTTGTATAGTAAC-1,8017.0,7021.0,L5,2,0.1522425727265234,1,bisquare,8064,1.0,negbinomial,0.17601685035067796,False
ACTGAAACGCCGTTAG-1,9594.0,9540.0,L6,3,0.16189609619511477,1,bisquare,8064,1.0,negbinomial,0.17601685035067796,False
ACTGAATGGCGAAAGT-1,8908.0,8340.0,L5,2,0.29274825347063976,1,bisquare,8064,1.0,negbinomial,0.17601685035067796,False
ACTGATTTAGTGATTC-1,8714.0,3190.0,L3,0,0.16000625050722347,1,bisquare,8064,1.0,negbinomial,0.17601685035067796,False
ACTGCCGTCGTAACTC-1,8022.0,4625.0,L3,0,0.1346664876206213,1,bisquare,8064,1.0,negbinomial,0.17601685035067796,False
ACTGCGGACACACCGT-1,11389.0,7149.0,L3,0,0.14598400551041732,1,bisquare,8064,1.0,negbinomial,0.17601685035067796,False
ACTGCTCGGAAGGATG-1,3813.0,9047.0,L6,3,0.07544622780221964,1,bisquare,8064,1.0,negbinomial,0.17601685035067796,False
ACTGGCGAACCTGCGT-1,11879.0,3916.0,L3,0,0.1234590128739669,1,bisquare,8064,1.0,negbinomial,0.17601685035067796,False
ACTGTACGATACACAT-1,8569.0,6304.0,L3,0,0.162926808700394,1,bisquare,8064,1.0,negbinomial,0.17601685035067796,False
ACTGTAGCACTTTGGA-1,5885.0,5938.0,L5,2,0.24385306325699643,1,bisquare,8064,1.0,negbinomial,0.17601685035067796,False
ACTGTATACGCGAGCA-1,5684.0,3901.0,L3,0,0.16375594119520534,1,bisquare,8064,1.0,negbinomial,0.17601685035067796,False
ACTGTCCAGGATTATA-1,6985.0,6659.0,L5,2,0.12627587204323676,1,bisquare,8064,1.0,negbinomial,0.17601685035067796,False
ACTGTCTTCTTTAGAA-1,7605.0,6301.0,L4,1,0.1945722850781353,1,bisquare,8064,1.0,negbinomial,0.17601685035067796,False
ACTGTGCTAGTAGATC-1,5339.0,4260.0,L3,0,0.2111985967078841,1,bisquare,8064,1.0,negbinomial,0.17601685035067796,False
ACTGTTTAGTGTAGGC-1,7269.0,3067.0,L3,0,0.1219954874775573,1,bisquare,8064,1.0,negbinomial,0.17601685035067796,False
ACTTACCGGGCGCGCA-1,9745.0,4031.0,L3,0,0.12230337516238564,1,bisquare,8064,1.0,negbinomial,0.17601685035067796,False
ACTTACGCATCCACGC-1,8561.0,9657.0,L6,3,0.0946948154915194,1,bisquare,8064,1.0,negbinomial,0.17601685035067796,False
ACTTAGTACGACAAGA-1,5407.0,4380.0,L3,0,0.17626029575670757,1,bisquare,8064,1.0,negbinomial,0.17601685035067796,False
ACTTATACTTACCCGG-1,9393.0,7024.0,L4,1,0.17471144450328174,1,bisquare,8064,1.0,negbinomial,0.17601685035067796,False
ACTTATTAGGATCGGT-1,6777.0,7257.0,L5,2,0.16010365667800833,1,bisquare,8064,1.0,negbinomial,0.17601685035067796,False
ACTTATTTATGTGCCA-1,9390.0,8222.0,L5,2,0.1799563629248543,1,bisquare,8064,1.0,negbinomial,0.17601685035067796,False
ACTTCAGGCTGATCCC-1,8769.0,8819.0,L6,3,0.35232223051862954,1,bisquare,8064,1.0,negbinomial,0.17601685035067796,False
ACTTCCATGCGGGACA-1,9042.0,10018.0,L6,3,0.07314273061518807,1,bisquare,8064,1.0,negbinomial,0.17601685035067796,False
ACTTCGCCATACGCAC-1,8363.0,5944.0,L3,0,0.2180999269765516,1,bisquare,8064,1.0,negbinomial,0.17601685035067796,False
ACTTGACTCCCTCTTT-1,8152.0,7740.0,L5,2,0.2620306707790109,1,bisquare,8064,1.0,negbinomial,0.17601685035067796,False
ACTTGCCATATTGTAC-1,7062.0,3186.0,L3,0,0.12322213631947997,1,bisquare,8064,1.0,negbinomial,0.17601685035067796,False
ACTTGGGACCCGGTGG-1,6573.0,6179.0,L5,2,0.32700431050257384,1,bisquare,8064,1.0,negbinomial,0.17601685035067796,False
ACTTGTAGTCCCTTCA-1,3884.0,7969.0,L5,2,0.12859289510246466,1,bisquare,8064,1.0,negbinomial,0.17601685035067796,False
ACTTGTGGATGGAACG-1,10628.0,8943.0,L5,2,0.14624447646204236,1,bisquare,8064,1.0,negbinomial,0.17601685035067796,False
ACTTTACCCTCATGAA-1,10496.0,6548.0,L3,0,0.2268141061108528,1,bisquare,8064,1.0,negbinomial,0.17601685035067796,False
ACTTTCCTATAGCTTC-1,7468.0,6061.0,L4,1,0.1548292153818948,1,bisquare,8064,1.0,negbinomial,0.17601685035067796,False
ACTTTGACTGCATCCT-1,3955.0,7370.0,L5,2,0.14536465523567715,1,bisquare,8064,1.0,negbinomial,0.17601685035067796,False
ACTTTGGTCGTGCTCC-1,4086.0,10006.0,L6,3,0.2393619777371954,1,bisquare,8064,1.0,negbinomial,0.17601685035067796,False
ACTTTGTCGACGCACT-1,11452.0,9425.0,L5,2,0.10454842809945808,1,bisquare,8064,1.0,negbinomial,0.17601685035067796,False
AGAAATTATGACTCGC-1,11109.0,9064.0,L5,2,0.3022934700039531,1,bisquare,8064,1.0,negbinomial,0.17601685035067796,False
AGAACCCAGCGTGACA-1,11731.0,7988.0,L3,0,0.30575664607920744,1,bisquare,8064,1.0,negbinomial,0.17601685035067796,False
AGAACCCTCAATTGGG-1,3811.0,10005.0,L6,3,0.33064802340289984,1,bisquare,8064,1.0,negbinomial,0.17601685035067796,False
AGAACGTGGTACATTC-1,8226.0,5943.0,L3,0,0.13680688437601038,1,bisquare,8064,1.0,negbinomial,0.17601685035067796,False
AGAAGAGCGCCGTTCC-1,9255.0,7263.0,L4,1,0.0069616483673837996,1,bisquare,8064,1.0,negbinomial,0.17601685035067796,False
AGAAGGTACACTTCAC-1,4157.0,8928.0,L6,3,0.08727459540897357,1,bisquare,8064,1.0,negbinomial,0.17601685035067796,False
AGAAGGTTGCCGAATT-1,6225.0,7735.0,L6,3,0.1857995271170669,1,bisquare,8064,1.0,negbinomial,0.17601685035067796,False
AGAAGGTTGTAGGTCG-1,8559.0,10376.0,WM,4,0.20538649417432311,1,bisquare,8064,1.0,negbinomial,0.17601685035067796,False
AGAAGTGATTCGTGAT-1,5122.0,8451.0,L6,3,0.19225700458694991,1,bisquare,8064,1.0,negbinomial,0.17601685035067796,False
AGAATAAATCTTCAGG-1,3955.0,7131.0,L5,2,0.24988176722755248,1,bisquare,8064,1.0,negbinomial,0.17601685035067796,False
AGAATGCGGGTTCGGA-1,10639.0,4153.0,L3,0,0.18559386883924897,1,bisquare,8064,1.0,negbinomial,0.17601685035067796,False
AGAATTATGGATTCGA-1,9945.0,6546.0,L3,0,0.32537609480458624,1,bisquare,8064,1.0,negbinomial,0.17601685035067796,False
AGAATTGTTTGACATA-1,4787.0,4737.0,L3,0,0.2634314338684966,1,bisquare,8064,1.0,negbinomial,0.17601685035067796,False
AGACAGCTCAGAATCC-1,4028.0,5335.0,L3,0,0.10925383414627264,1,bisquare,8064,1.0,negbinomial,0.17601685035067796,False
AGACAGGCATCTCAGC-1,11797.0,9306.0,L5,2,0.20941648568395002,1,bisquare,8064,1.0,negbinomial,0.17601685035067796,False
AGACATAGATCCTTCC-1,6442.0,3544.0,L3,0,0.1257349645535369,1,bisquare,8064,1.0,negbinomial,0.17601685035067796,False
AGACCAAACCACACCT-1,3813.0,8807.0,L5,2,0.10468956584827682,1,bisquare,8064,1.0,negbinomial,0.17601685035067796,False
AGACCATGGGATACAA-1,5130.0,5337.0,L4,1,0.14306927919959647,1,bisquare,8064,1.0,negbinomial,0.17601685035067796,False
AGACCCACCGCTGATC-1,7669.0,8577.0,L6,3,0.12800230178955946,1,bisquare,8064,1.0,negbinomial,0.17601685035067796,False
AGACCCGCCCTCCTCG-1,7056.0,5821.0,L4,1,0.13382090790082665,1,bisquare,8064,1.0,negbinomial,0.17601685035067796,False
AGACCGCTCCGCGGTT-1,10834.0,8824.0,L5,2,0.19567319536739947,1,bisquare,8064,1.0,negbinomial,0.17601685035067796,False
AGACCGGGAAACCCTG-1,4367.0,7611.0,L5,2,0.1527833409724879,1,bisquare,8064,1.0,negbinomial,0.17601685035067796,False
AGACGAAGTGCCGGTC-1,9871.0,8582.0,L5,2,0.19987368922595017,1,bisquare,8064,1.0,negbinomial,0.17601685035067796,False
AGACGACGATGCCGCT-1,5465.0,9051.0,L6,3,0.15862977802164943,1,bisquare,8064,1.0,negbinomial,0.17601685035067796,False
AGACGCCCACTTCGCC-1,11451.0,9904.0,L6,3,0.21078932360307726,1,bisquare,8064,1.0,negbinomial,0.17601685035067796,False
AGACGGGATTGGTATA-1,8646.0,2830.0,L3,0,0.11416642559935976,1,bisquare,8064,1.0,negbinomial,0.17601685035067796,False
AGACGGGCCGATTTAA-1,10227.0,3673.0,L3,0,0.27071885471942053,1,bisquare,8064,1.0,negbinomial,0.17601685035067796,False
AGACTAGCCTTCCAGA-1,6367.0,6059.0,L5,2,0.1527462695537365,1,bisquare,8064,1.0,negbinomial,0.17601685035067796,False
AGACTGTTACCGGGTC-1,6288.0,10250.0,WM,4,0.10946770228921873,1,bisquare,8064,1.0,negbinomial,0.17601685035067796,False
AGAGAAACACCAGAAA-1,5529.0,10848.0,WM,4,0.2789010588881599,1,bisquare,8064,1.0,negbinomial,0.17601685035067796,False
AGAGAACCGTCTAGGA-1,9258.0,5826.0,L3,0,0.20164483726752633,1,bisquare,8064,1.0,negbinomial,0.17601685035067796,False
AGAGAAGGAGTACAAT-1,5532.0,9650.0,L6,3,0.06236980823373721,1,bisquare,8064,1.0,negbinomial,0.17601685035067796,False
AGAGATCTCTAAAGCG-1,4436.0,7491.0,L5,2,0.12774059419859207,1,bisquare,8064,1.0,negbinomial,0.17601685035067796,False
AGAGCAGTTATGAGAC-1,4508.0,6174.0,L5,2,0.12624513017893818,1,bisquare,8064,1.0,negbinomial,0.17601685035067796,False
AGAGCCGCCGAGATTT-1,10901.0,9663.0,L6,3,0.3045618952604894,1,bisquare,8064,1.0,negbinomial,0.17601685035067796,False
AGAGCGCTTGTAACGG-1,11945.0,4994.0,L3,0,0.06018098254250174,1,bisquare,8064,1.0,negbinomial,0.17601685035067796,False
AGAGCGGGCTAATCAT-1,7609.0,4624.0,L3,0,0.2502456165352244,1,bisquare,8064,1.0,negbinomial,0.17601685035067796,False
AGAGCGTACAAGCTCG-1,5129.0,5577.0,L5,2,0.0956348074750084,1,bisquare,8064,1.0,negbinomial,0.17601685035067796,False
AGAGCTACGAAAGCAT-1,4307.0,3898.0,L3,0,0.13387984741080783,1,bisquare,8064,1.0,negbinomial,0.17601685035067796,False
AGAGGCTTCGGAAACC-1,10146.0,8823.0,L5,2,0.17593261253064843,1,bisquare,8064,1.0,negbinomial,0.17601685035067796,False
AGAGGGACAATTGTCC-1,11398.0,3556.0,L3,0,0.12696625607249903,1,bisquare,8064,1.0,negbinomial,0.17601685035067796,False
AGAGGTATCTCGGTCC-1,6718.0,3065.0,L3,0,0.08866013452472675,1,bisquare,8064,1.0,negbinomial,0.17601685035067796,False
AGAGTAAACTTCACTA-1,10491.0,8464.0,L5,2,0.1393595360211054,1,bisquare,8064,1.0,negbinomial,0.17601685035067796,False
AGAGTATAGTGTTACG-1,11598.0,6071.0,L3,0,0.13275189026383252,1,bisquare,8064,1.0,negbinomial,0.17601685035067796,False
AGAGTGAACAGACACC-1,11812.0,2838.0,L3,0,0.0455010573358766,1,bisquare,8064,1.0,negbinomial,0.17601685035067796,False
AGAGTTAGAGACCGAT-1,9952.0,3432.0,L3,0,0.14287232183814702,1,bisquare,8064,1.0,negbinomial,0.17601685035067796,False
AGAGTTGCAGGCCTCC-1,11810.0,4036.0,L3,0,0.18364794591273256,1,bisquare,8064,1.0,negbinomial,0.17601685035067796,False
AGATAACTTCAGGGCC-1,6228.0,6537.0,L5,2,0.1716074325016109,1,bisquare,8064,1.0,negbinomial,0.17601685035067796,False
AGATACCAATAGAACC-1,10762.0,10381.0,L6,3,0.23402186650941886,1,bisquare,8064,1.0,negbinomial,0.17601685035067796,False
AGATACCAGCACTTCA-1,11326.0,4633.0,L3,0,0.13624950072587175,1,bisquare,8064,1.0,negbinomial,0.17601685035067796,False
AGATACCGGTGTTCAC-1,5813.0,7495.0,L6,3,0.12298936951195866,1,bisquare,8064,1.0,negbinomial,0.17601685035067796,False
AGATACGACTTCATAT-1,5613.0,4500.0,L3,0,0.10670729850569197,1,bisquare,8064,1.0,negbinomial,0.17601685035067796,False
AGATACTCAAGATCGA-1,8840.0,8221.0,L5,2,0.2769687897882655,1,bisquare,8064,1.0,negbinomial,0.17601685035067796,False
AGATATAATACGACTA-1,8146.0,10375.0,WM,4,0.1451581359299007,1,bisquare,8064,1.0,negbinomial,0.17601685035067796,False
AGATCGTGCATAAGAT-1,9879.0,5229.0,L3,0,0.23199396987703025,1,bisquare,8064,1.0,negbinomial,0.17601685035067796,False
AGATCTCAGGTGTGAT-1,8363.0,6183.0,L3,0,0.19580376121004686,1,bisquare,8064,1.0,negbinomial,0.17601685035067796,False
AGATGACTCGCCCACG-1,6988.0,5222.0,L3,0,0.14295618610808006,1,bisquare,8064,1.0,negbinomial,0.17601685035067796,False
AGATGAGGGTTGCGAT-1,9950.0,4391.0,L3,0,0.14117138770598045,1,bisquare,8064,1.0,negbinomial,0.17601685035067796,False
AGATGATGGAGTCTGG-1,10495.0,6787.0,L3,0,0.34974749859450754,1,bisquare,8064,1.0,negbinomial,0.17601685035067796,False
AGATGCAAGACGTGCA-1,4844.0,9648.0,L6,3,0.1622613804016053,1,bisquare,8064,1.0,negbinomial,0.17601685035067796,False
AGATTATAGGACGTTT-1,6915.0,7018.0,L5,2,0.24492462517550456,1,bisquare,8064,1.0,negbinomial,0.17601685035067796,False
AGATTCAAGCGGGTCG-1,10848.0,3075.0,L3,0,0.10457135224912414,1,bisquare,8064,1.0,negbinomial,0.17601685035067796,False
AGATTCACAACCGATA-1,4088.0,9048.0,L6,3,0.16012859911693297,1,bisquare,8064,1.0,negbinomial,0.17601685035067796,False
AGCAAAGGCCGCTAGT-1,8147.0,9896.0,WM,4,0.19622337140761137,1,bisquare,8064,1.0,negbinomial,0.17601685035067796,False
AGCAACATATCTTATT-1,9598.0,7624.0,L5,2,0.1363296899565744,1,bisquare,8064,1.0,negbinomial,0.17601685035067796,False
AGCAACCGAAAGTAAT-1,4569.0,9408.0,L6,3,0.3380339877454698,1,bisquare,8064,1.0,negbinomial,0.17601685035067796,False
AGCACACGTTTAGACT-1,4979.0,10846.0,L6,3,0.12817059937380254,1,bisquare,8064,1.0,negbinomial,0.17601685035067796,False
AGCACCAGTACTCACG-1,7675.0,5942.0,L3,0,0.1793861246867877,1,bisquare,8064,1.0,negbinomial,0.17601685035067796,False
AGCACTACCGGCCTGT-1,4575.0,6773.0,L5,2,0.20172255029519376,1,bisquare,8064,1.0,negbinomial,0.17601685035067796,False
AGCACTACCTCACCAG-1,8769.0,9059.0,L6,3,0.15691296776078217,1,bisquare,8064,1.0,negbinomial,0.17601685035067796,False
AGCACTTAAGGACGCC-1,5609.0,6416.0,L5,2,0.1400167839328601,1,bisquare,8064,1.0,negbinomial,0.17601685035067796,False
AGCAGAAGGAGAAAGA-1,7871.0,10374.0,WM,4,0.1416418304931422,1,bisquare,8064,1.0,negbinomial,0.17601685035067796,False
AGCAGCCAGATGAATA-1,7185.0,9414.0,WM,4,0.14728352520761812,1,bisquare,8064,1.0,negbinomial,0.17601685035067796,False
AGCATATCAATATGCT-1,9733.0,8822.0,L6,3,0.21700957985717137,1,bisquare,8064,1.0,negbinomial,0.17601685035067796,False
AGCATCATTTCGAAAG-1,4501.0,9049.0,L6,3,0.24522884639227574,1,bisquare,8064,1.0,negbinomial,0.17601685035067796,False
AGCATCGTCGATAATT-1,6782.0,5341.0,L3,0,0.16393532322519466,1,bisquare,8064,1.0,negbinomial,0.17601685035067796,False
AGCCAAGCTTTGTGTC-1,7182.0,10372.0,WM,4,0.08046951676681725,1,bisquare,8064,1.0,negbinomial,0.17601685035067796,False
AGCCACAGGTTACCCG-1,9317.0,10258.0,L6,3,0.09085700561478989,1,bisquare,8064,1.0,negbinomial,0.17601685035067796,False
AGCCACTCCCGTGCTT-1,8777.0,5466.0,L3,0,0.12527413893340836,1,bisquare,8064,1.0,negbinomial,0.17601685035067796,False
AGCCCATACATGTAAG-1,4986.0,7732.0,L6,3,0.17801612797084096,1,bisquare,8064,1.0,negbinomial,0.17601685035067796,False
AGCCCGCAACAAGCAG-1,6906.0,10851.0,WM,4,0.13490566126860726,1,bisquare,8064,1.0,negbinomial,0.17601685035067796,False
AGCCCGGCATTAGAGG-1,4980.0,10367.0,L6,3,0.1095365386797074,1,bisquare,8064,1.0,negbinomial,0.17601685035067796,False
AGCCCGGTAGCCTGTA-1,6564.0,10012.0,WM,4,0.08452884466020373,1,bisquare,8064,1.0,negbinomial,0.17601685035067796,False
AGCCCTAAGCGAAGTT-1,7678.0,4505.0,L3,0,0.13983439715041848,1,bisquare,8064,1.0,negbinomial,0.17601685035067796,False
AGCCCTCCCTGGTGGC-1,5185.0,10727.0,L6,3,0.09177248773097754,1,bisquare,8064,1.0,negbinomial,0.17601685035067796,False
AGCCCTGTCGCACCGT-1,11526.0,7628.0,L3,0,0.2550536730038738,1,bisquare,8064,1.0,negbinomial,0.17601685035067796,False
AGCCCTTCTAATCCGA-1,10293.0,4751.0,L3,0,0.19174715399580922,1,bisquare,8064,1.0,negbinomial,0.17601685035067796,False
AGCCCTTGGACATCCC-1,11246.0,9544.0,L5,2,0.10433576011718988,1,bisquare,8064,1.0,negbinomial,0.17601685035067796,False
AGCCGTGGCTAAATGT-1,4709.0,8690.0,L6,3,0.19252658962812302,1,bisquare,8064,1.0,negbinomial,0.17601685035067796,False
AGCCTAATACCCACGT-1,4158.0,8688.0,L6,3,0.19117498891240434,1,bisquare,8064,1.0,negbinomial,0.17601685035067796,False
AGCCTTAAAGCGGAAG-1,4235.0,5215.0,L3,0,0.23655088714713607,1,bisquare,8064,1.0,negbinomial,0.17601685035067796,False
AGCGACAGGAACGGTC-1,5741.0,8812.0,L6,3,0.13363243804953925,1,bisquare,8064,1.0,negbinomial,0.17601685035067796,False
AGCGACATCCCATTCA-1,7265.0,4743.0,L3,0,0.3168301406879856,1,bisquare,8064,1.0,negbinomial,0.17601685035067796,False
AGCGACCAACGATATT-1,6987.0,5701.0,L4,1,0.12772569965240724,1,bisquare,8064,1.0,negbinomial,0.17601685035067796,False
AGCGAGACGTGAAGGC-1,4703.0,10846.0,L6,3,0.13122178080417327,1,bisquare,8064,1.0,negbinomial,0.17601685035067796,False
AGCGATGCGCCTAATA-1,10624.0,10381.0,L6,3,0.27384105427425426,1,bisquare,8064,1.0,negbinomial,0.17601685035067796,False
AGCGCATAATGAATCG-1,6978.0,9534.0,WM,4,0.185166346102233,1,bisquare,8064,1.0,negbinomial,0.17601685035067796,False
AGCGCGGGTGCCAATG-1,9534.0,5587.0,L3,0,0.20048509821249608,1,bisquare,8064,1.0,negbinomial,0.17601685035067796,False
AGCGCTAGAGCGATGT-1,11595.0,7509.0,L3,0,0.20071055299537852,1,bisquare,8064,1.0,negbinomial,0.17601685035067796,False
AGCGCTTATGGGCAAG-1,9814.0,3672.0,L3,0,0.09909539715624287,1,bisquare,8064,1.0,negbinomial,0.17601685035067796,False
AGCGGACACTTCGTAG-1,7458.0,10134.0,WM,4,0.0850119249929612,1,bisquare,8064,1.0,negbinomial,0.17601685035067796,False
AGCGGCGGTTAGCGGT-1,4020.0,8688.0,L6,3,0.29463094638067727,1,bisquare,8064,1.0,negbinomial,0.17601685035067796,False
AGCGGGAAGGGTCCAT-1,5752.0,4261.0,L3,0,0.188765866869313,1,bisquare,8064,1.0,negbinomial,0.17601685035067796,False
AGCGGGTCTGACACTC-1,7733.0,10613.0,WM,4,0.1203548801289069,1,bisquare,8064,1.0,negbinomial,0.17601685035067796,False
AGCGGTTGAGATGTAC-1,9404.0,2712.0,L3,0,0.10820534519093175,1,bisquare,8064,1.0,negbinomial,0.17601685035067796,False
AGCGGTTGCCGCTCTG-1,11188.0,4873.0,L3,0,0.17437004616622193,1,bisquare,8064,1.0,negbinomial,0.17601685035067796,False
AGCGTACGAGAGCTAG-1,4858.0,3660.0,L3,0,0.10509783730764848,1,bisquare,8064,1.0,negbinomial,0.17601685035067796,False
AGCGTGGTATTCTACT-1,8083.0,8099.0,L6,3,0.2781652520564017,1,bisquare,8064,1.0,negbinomial,0.17601685035067796,False
AGCGTTCCGATTTAAA-1,9541.0,2952.0,L3,0,0.1620946329972666,1,bisquare,8064,1.0,negbinomial,0.17601685035067796,False
AGCTAACAAGCAATGT-1,5463.0,10009.0,WM,4,0.27400906302376016,1,bisquare,8064,1.0,negbinomial,0.17601685035067796,False
AGCTAAGTACGCAGGC-1,9110.0,10377.0,WM,4,0.24497786052308268,1,bisquare,8064,1.0,negbinomial,0.17601685035067796,False
AGCTAGAAGCAGAAGT-1,10017.0,5229.0,L3,0,0.19410152404583447,1,bisquare,8064,1.0,negbinomial,0.17601685035067796,False
AGCTATTTAATCCAAC-1,8298.0,4626.0,L3,0,0.1324142557554115,1,bisquare,8064,1.0,negbinomial,0.17601685035067796,False
AGCTCCATATATGTTC-1,10695.0,9542.0,L6,3,0.2449767894627983,1,bisquare,8064,1.0,negbinomial,0.17601685035067796,False
AGCTCCTTCGCACATC-1,9113.0,8940.0,L6,3,0.23451967163098753,1,bisquare,8064,1.0,negbinomial,0.17601685035067796,False
AGCTCGTTGATGGAAA-1,11739.0,4634.0,L3,0,0.11994873929219388,1,bisquare,8064,1.0,negbinomial,0.17601685035067796,False
AGCTCTAGACGTTCCA-1,8429.0,7261.0,L5,2,0.14856553117452376,1,bisquare,8064,1.0,negbinomial,0.17601685035067796,False
AGCTCTTCCCAGTGCA-1,9261.0,4868.0,L3,0,0.2434255574664344,1,bisquare,8064,1.0,negbinomial,0.17601685035067796,False
AGCTCTTCGTAACCTT-1,10562.0,7386.0,L3,0,0.21675163203478479,1,bisquare,8064,1.0,negbinomial,0.17601685035067796,False
AGCTCTTTACTCAGTT-1,6294.0,7616.0,L6,3,0.19040933619629077,1,bisquare,8064,1.0,negbinomial,0.17601685035067796,False
AGCTGAAGTAAACCAA-1,8985.0,5107.0,L3,0,0.18708950395670024,1,bisquare,8064,1.0,negbinomial,0.17601685035067796,False
AGCTGCATTTGAGGTG-1,10573.0,2835.0,L3,0,0.14976252054018915,1,bisquare,8064,1.0,negbinomial,0.17601685035067796,False
AGCTGCTGTGCCGAAT-1,10986.0,2836.0,L3,0,0.10588623688902168,1,bisquare,8064,1.0,negbinomial,0.17601685035067796,False
AGCTGTAACCTCAATC-1,5120.0,9170.0,L6,3,0.26850077960208024,1,bisquare,8064,1.0,negbinomial,0.17601685035067796,False
AGCTTATAGAGACCTG-1,6442.0,3304.0,L3,0,0.22575134406713546,1,bisquare,8064,1.0,negbinomial,0.17601685035067796,False
AGCTTGATCTTAACTT-1,4780.0,7612.0,L5,2,0.10149381520157431,1,bisquare,8064,1.0,negbinomial,0.17601685035067796,False
AGGAACGAACGACTTC-1,11450.0,10383.0,L6,3,0.22920792716213598,1,bisquare,8064,1.0,negbinomial,0.17601685035067796,False
AGGAAGCTGTCCGCCG-1,7665.0,10014.0,WM,4,0.10231287598401495,1,bisquare,8064,1.0,negbinomial,0.17601685035067796,False
AGGACAGTCGAATCCC-1,9047.0,7862.0,L5,2,0.1564154987523467,1,bisquare,8064,1.0,negbinomial,0.17601685035067796,False
AGGACATCGCACGTCG-1,5820.0,4620.0,L3,0,0.09658837748994094,1,bisquare,8064,1.0,negbinomial,0.17601685035067796,False
AGGACGACCCATTAGA-1,6294.0,7855.0,L6,3,0.2051502010509529,1,bisquare,8064,1.0,negbinomial,0.17601685035067796,False
AGGACGCTCGATGTTG-1,9949.0,4870.0,L3,0,0.10725084806147481,1,bisquare,8064,1.0,negbinomial,0.17601685035067796,False
AGGAGACATCCACAGT-1,11599.0,5592.0,L3,0,0.07021777636661251,1,bisquare,8064,1.0,negbinomial,0.17601685035067796,False
AGGAGGCCTTCGCGCG-1,9939.0,8942.0,L6,3,0.17924276945087747,1,bisquare,8064,1.0,negbinomial,0.17601685035067796,False
AGGATAAAGTCGGGAT-1,7667.0,9056.0,L6,3,0.06782741906132578,1,bisquare,8064,1.0,negbinomial,0.17601685035067796,False
AGGATATAGGGATTTA-1,9803.0,8223.0,L5,2,0.19682861307230637,1,bisquare,8064,1.0,negbinomial,0.17601685035067796,False
AGGATCACGCGATCTG-1,4296.0,8449.0,L6,3,0.18780392385924832,1,bisquare,8064,1.0,negbinomial,0.17601685035067796,False
AGGATTGCTTACGACA-1,11460.0,6311.0,L3,0,0.13599778422813585,1,bisquare,8064,1.0,negbinomial,0.17601685035067796,False
AGGCACGTGACTGTCC-1,11108.0,9543.0,L6,3,0.2445768797471268,1,bisquare,8064,1.0,negbinomial,0.17601685035067796,False
AGGCAGATGCGTAAAC-1,9121.0,5826.0,L3,0,0.18515397870241324,1,bisquare,8064,1.0,negbinomial,0.17601685035067796,False
AGGCAGGGAGCGTACT-1,6564.0,9772.0,WM,4,0.12141112458203737,1,bisquare,8064,1.0,negbinomial,0.17601685035067796,False
AGGCATTGTCGTAGGG-1,10009.0,8583.0,L5,2,0.20003587488194396,1,bisquare,8064,1.0,negbinomial,0.17601685035067796,False
AGGCCACCCGTTATGA-1,5816.0,6057.0,L5,2,0.1699062361348325,1,bisquare,8064,1.0,negbinomial,0.17601685035067796,False
AGGCCCATTGTACAGG-1,6990.0,4503.0,L3,0,0.19891398220252157,1,bisquare,8064,1.0,negbinomial,0.17601685035067796,False
AGGCCCTAGAACGCCA-1,4916.0,8091.0,L6,3,0.160550324468721,1,bisquare,8064,1.0,negbinomial,0.17601685035067796,False
AGGCCTGAGAATCTCG-1,9248.0,10138.0,L6,3,0.06971708736190951,1,bisquare,8064,1.0,negbinomial,0.17601685035067796,False
AGGCGATAACTGGCGT-1,11590.0,9664.0,L5,2,0.2737130913494672,1,bisquare,8064,1.0,negbinomial,0.17601685035067796,False
AGGCGGTTTGTCCCGC-1,4362.0,9767.0,L6,3,0.14547099018566503,1,bisquare,8064,1.0,negbinomial,0.17601685035067796,False
AGGCGTCTATGGACGG-1,10913.0,4632.0,L3,0,0.11611717017945795,1,bisquare,8064,1.0,negbinomial,0.17601685035067796,False
AGGCTATGGTTAGCTT-1,5266.0,5817.0,L5,2,0.16686140568218233,1,bisquare,8064,1.0,negbinomial,0.17601685035067796,False
AGGCTTCCCGAAGAAG-1,6085.0,8693.0,L6,3,0.15365222267352388,1,bisquare,8064,1.0,negbinomial,0.17601685035067796,False
AGGCTTGCTAGACACC-1,4441.0,5575.0,L4,1,0.11524656441395259,1,bisquare,8064,1.0,negbinomial,0.17601685035067796,False
AGGGAAACGAGGTACT-1,9331.0,4269.0,L3,0,0.3276508038526129,1,bisquare,8064,1.0,negbinomial,0.17601685035067796,False
AGGGACCGGCTGCGTT-1,10770.0,7027.0,L3,0,0.17907924749992638,1,bisquare,8064,1.0,negbinomial,0.17601685035067796,False
AGGGACTCTACGCGAC-1,6841.0,9294.0,WM,4,0.19382997471716365,1,bisquare,8064,1.0,negbinomial,0.17601685035067796,False
AGGGAGACATACTTCG-1,10978.0,6190.0,L3,0,0.10140110681616168,1,bisquare,8064,1.0,negbinomial,0.17601685035067796,False
AGGGCAGCGGCGTGGT-1,8300.0,3668.0,L3,0,0.08769572198310806,1,bisquare,8064,1.0,negbinomial,0.17601685035067796,False
AGGGCGAGCAGCTGAT-1,4573.0,7971.0,L6,3,0.30250525857032967,1,bisquare,8064,1.0,negbinomial,0.17601685035067796,False
AGGGCGTGATCGGCTA-1,6301.0,4741.0,L3,0,0.15016017796437287,1,bisquare,8064,1.0,negbinomial,0.17601685035067796,False
AGGGCTGCAGTTACAG-1,7673.0,6900.0,L5,2,0.12935894350653424,1,bisquare,8064,1.0,negbinomial,0.17601685035067796,False
AGGGTCAGAGCACTCG-1,5942.0,10849.0,WM,4,0.11199843117172985,1,bisquare,8064,1.0,negbinomial,0.17601685035067796,False
AGGGTCAGTAACCCTA-1,10982.0,4513.0,L3,0,0.10069944466756489,1,bisquare,8064,1.0,negbinomial,0.17601685035067796,False
AGGGTCGATGCGAACT-1,9875.0,7145.0,L3,0,0.20182859580843623,1,bisquare,8064,1.0,negbinomial,0.17601685035067796,False
AGGGTGCCGTTCTTTA-1,5461.0,10488.0,WM,4,0.15098289049954264,1,bisquare,8064,1.0,negbinomial,0.17601685035067796,False
AGGGTGCTCTCGAGGG-1,9531.0,6785.0,L3,0,0.3504561815213887,1,bisquare,8064,1.0,negbinomial,0.17601685035067796,False
AGGGTGGATAGTGCAT-1,3957.0,6173.0,L4,1,0.11684230675905939,1,bisquare,8064,1.0,negbinomial,0.17601685035067796,False
AGGGTGTGCTACACGC-1,11536.0,3077.0,L3,0,0.13268825693519792,1,bisquare,8064,1.0,negbinomial,0.17601685035067796,False
AGGGTTCAGACGGTCC-1,6286.0,10969.0,WM,4,0.11043477810357813,1,bisquare,8064,1.0,negbinomial,0.17601685035067796,False
AGGGTTCCCTTTGGTT-1,9257.0,6305.0,L3,0,0.25941247254648403,1,bisquare,8064,1.0,negbinomial,0.17601685035067796,False
AGGGTTTAGTTCGGGA-1,7536.0,6660.0,L5,2,0.34704875829308507,1,bisquare,8064,1.0,negbinomial,0.17601685035067796,False
AGGTAACCTCCTATTC-1,6027.0,4261.0,L3,0,0.13990770037925362,1,bisquare,8064,1.0,negbinomial,0.17601685035067796,False
AGGTACGATATTGCCA-1,8436.0,4147.0,L3,0,0.1168599513956664,1,bisquare,8064,1.0,negbinomial,0.17601685035067796,False
AGGTAGATCGAGATAT-1,5600.0,10249.0,WM,4,0.1494040556663676,1,bisquare,8064,1.0,negbinomial,0.17601685035067796,False
AGGTAGGTACAAAGCT-1,5332.0,6895.0,L5,2,0.20107763503514595,1,bisquare,8064,1.0,negbinomial,0.17601685035067796,False
AGGTATAATTGATAGT-1,10701.0,6908.0,L3,0,0.17858816253030818,1,bisquare,8064,1.0,negbinomial,0.17601685035067796,False
AGGTATGCGGACATTA-1,11733.0,7269.0,L3,0,0.19240933662798518,1,bisquare,8064,1.0,negbinomial,0.17601685035067796,False
AGGTCAGGTGAGAGTG-1,4572.0,8210.0,L6,3,0.1346167362643277,1,bisquare,8064,1.0,negbinomial,0.17601685035067796,False
AGGTCGCCTCCCAACA-1,11520.0,10024.0,L6,3,0.2617181969947602,1,bisquare,8064,1.0,negbinomial,0.17601685035067796,False
AGGTCGCGGAGTTACT-1,10360.0,5829.0,L3,0,0.22834636283399484,1,bisquare,8064,1.0,negbinomial,0.17601685035067796,False
AGGTGGTGACCTTCGC-1,7045.0,10372.0,WM,4,0.12720660518027777,1,bisquare,8064,1.0,negbinomial,0.17601685035067796,False
AGGTGTATCGCCATGA-1,4368.0,7132.0,L5,2,0.20225526539056063,1,bisquare,8064,1.0,negbinomial,0.17601685035067796,False
AGGTTACACCATGCCG-1,11112.0,7867.0,L4,1,0.23101938490109183,1,bisquare,8064,1.0,negbinomial,0.17601685035067796,False
AGGTTGAGGCACGCTT-1,8296.0,5345.0,L3,0,0.17985359755036467,1,bisquare,8064,1.0,negbinomial,0.17601685035067796,False
AGGTTTCACACACCTT-1,7809.0,7619.0,L5,2,0.20438541029094418,1,bisquare,8064,1.0,negbinomial,0.17601685035067796,False
AGTAACGTTCATCCTG-1,9471.0,3311.0,L3,0,0.12132365629035369,1,bisquare,8064,1.0,negbinomial,0.17601685035067796,False
AGTAATGTCTTGCCGC-1,7334.0,4624.0,L3,0,0.2581605183278593,1,bisquare,8064,1.0,negbinomial,0.17601685035067796,False
AGTACATCATTTATCA-1,10703.0,6189.0,L3,0,0.14570394943132797,1,bisquare,8064,1.0,negbinomial,0.17601685035067796,False
AGTACCTTCGAGTGCT-1,10640.0,3913.0,L3,0,0.11728513776892768,1,bisquare,8064,1.0,negbinomial,0.17601685035067796,False
AGTACGGCCCGTATCG-1,3956.0,6891.0,L5,2,0.16667329863738298,1,bisquare,8064,1.0,negbinomial,0.17601685035067796,False
AGTACGGGCACCTGGC-1,8639.0,5705.0,L3,0,0.12988766024453857,1,bisquare,8064,1.0,negbinomial,0.17601685035067796,False
AGTACGTGGCCTGTCT-1,9264.0,3431.0,L3,0,0.14092793826469352,1,bisquare,8064,1.0,negbinomial,0.17601685035067796,False
AGTACTCTTATGCCCA-1,9250.0,9419.0,L6,3,0.20588816283193231,1,bisquare,8064,1.0,negbinomial,0.17601685035067796,False
AGTAGCGTGAACGAAC-1,8164.0,2949.0,L3,0,0.26024666528902857,1,bisquare,8064,1.0,negbinomial,0.17601685035067796,False
AGTAGCTAGACGCCGA-1,10228.0,3194.0,L3,0,0.13555987411907014,1,bisquare,8064,1.0,negbinomial,0.17601685035067796,False
AGTAGGAAGGAAGTTG-1,9950.0,4630.0,L3,0,0.14454645254942106,1,bisquare,8064,1.0,negbinomial,0.17601685035067796,False
AGTAGGTAACATACAT-1,6715.0,4263.0,L3,0,0.16708576399161304,1,bisquare,8064,1.0,negbinomial,0.17601685035067796,False
AGTATAATACTAGGCA-1,5473.0,5697.0,L5,2,0.10656083608721294,1,bisquare,8064,1.0,negbinomial,0.17601685035067796,False
AGTATACACAGCGACA-1,6494.0,10371.0,WM,4,0.09348862608880032,1,bisquare,8064,1.0,negbinomial,0.17601685035067796,False
AGTATGCTGGAGACCA-1,4982.0,9649.0,L6,3,0.11435815268628102,1,bisquare,8064,1.0,negbinomial,0.17601685035067796,False
AGTATTTGGCACGACC-1,6771.0,9653.0,WM,4,0.20180857835212881,1,bisquare,8064,1.0,negbinomial,0.17601685035067796,False
AGTCAAATGATGTGAT-1,5598.0,10728.0,WM,4,0.19958334904164834,1,bisquare,8064,1.0,negbinomial,0.17601685035067796,False
AGTCAACACCACCATC-1,6432.0,7616.0,L6,3,0.2583631357156193,1,bisquare,8064,1.0,negbinomial,0.17601685035067796,False
AGTCAAGATGACACTT-1,9390.0,8461.0,L5,2,0.13386942131696938,1,bisquare,8064,1.0,negbinomial,0.17601685035067796,False
AGTCACTAGCTCTCGA-1,10007.0,9301.0,L6,3,0.2113578026167196,1,bisquare,8064,1.0,negbinomial,0.17601685035067796,False
AGTCACTCCGCCTCAT-1,5272.0,3421.0,L3,0,0.16082915985185106,1,bisquare,8064,1.0,negbinomial,0.17601685035067796,False
AGTCAGCCACCGCCTG-1,5131.0,4619.0,L3,0,0.17931248028588986,1,bisquare,8064,1.0,negbinomial,0.17601685035067796,False
AGTCCATTGGCTGATG-1,10080.0,7744.0,L4,1,0.2685128955357074,1,bisquare,8064,1.0,negbinomial,0.17601685035067796,False
AGTCCCGCCTTTAATT-1,9605.0,4749.0,L3,0,0.20778401232119492,1,bisquare,8064,1.0,negbinomial,0.17601685035067796,False
AGTCGACGGTCTCAAG-1,9393.0,7264.0,L4,1,0.1411889189680062,1,bisquare,8064,1.0,negbinomial,0.17601685035067796,False
AGTCGGCCCAAACGAC-1,5886.0,5698.0,L5,2,0.19596215473353154,1,bisquare,8064,1.0,negbinomial,0.17601685035067796,False
AGTCGGCTCAACTTTA-1,4778.0,8331.0,L6,3,0.2981849700997238,1,bisquare,8064,1.0,negbinomial,0.17601685035067796,False
AGTCGGTTGCGTGAGA-1,10906.0,7507.0,L3,0,0.1997547793076972,1,bisquare,8064,1.0,negbinomial,0.17601685035067796,False
AGTCGTATAAAGCAGA-1,8765.0,10496.0,WM,4,0.30164577192214465,1,bisquare,8064,1.0,negbinomial,0.17601685035067796,False
AGTCGTCGACCACCAA-1,9456.0,9539.0,L6,3,0.16409112080368232,1,bisquare,8064,1.0,negbinomial,0.17601685035067796,False
AGTCGTGGGCATTACG-1,5190.0,8811.0,L6,3,0.1165252022303905,1,bisquare,8064,1.0,negbinomial,0.17601685035067796,False
AGTCTAAAGTATACTC-1,10841.0,6189.0,L3,0,0.17506942669966594,1,bisquare,8064,1.0,negbinomial,0.17601685035067796,False
AGTCTCACAAGACTAC-1,5258.0,9170.0,L6,3,0.22326291438683382,1,bisquare,8064,1.0,negbinomial,0.17601685035067796,False
AGTCTGGACATCCTTG-1,4580.0,4857.0,L3,0,0.11899797553047539,1,bisquare,8064,1.0,negbinomial,0.17601685035067796,False
AGTCTTCTCCTCAAAT-1,7745.0,5583.0,L3,0,0.24751082619264902,1,bisquare,8064,1.0,negbinomial,0.17601685035067796,False
AGTCTTTAAAGTGTCC-1,8489.0,10735.0,WM,4,0.10645948908551128,1,bisquare,8064,1.0,negbinomial,0.17601685035067796,False
AGTGAACAAACTTCTC-1,10217.0,7984.0,L4,1,0.2660854052239412,1,bisquare,8064,1.0,negbinomial,0.17601685035067796,False
AGTGACCTACTTTACG-1,6775.0,7976.0,L6,3,0.15110539962435296,1,bisquare,8064,1.0,negbinomial,0.17601685035067796,False
AGTGACTGTGACACAA-1,5117.0,10607.0,L6,3,0.12917082045655573,1,bisquare,8064,1.0,negbinomial,0.17601685035067796,False
AGTGAGACTTCCAGTA-1,9187.0,6904.0,L4,1,0.14818560013595478,1,bisquare,8064,1.0,negbinomial,0.17601685035067796,False
AGTGAGCCTCGCCGCC-1,10290.0,6188.0,L3,0,0.232364143387998,1,bisquare,8064,1.0,negbinomial,0.17601685035067796,False
AGTGAGGGTTTCTGAC-1,9264.0,3670.0,L3,0,0.1885095784888673,1,bisquare,8064,1.0,negbinomial,0.17601685035067796,False
AGTGATAACCTGCGCG-1,9318.0,9779.0,L6,3,0.16668207189277204,1,bisquare,8064,1.0,negbinomial,0.17601685035067796,False
AGTGATATGAGTAGTT-1,6568.0,8095.0,L6,3,0.27353767227832737,1,bisquare,8064,1.0,negbinomial,0.17601685035067796,False
AGTGATTCAAGCAGGA-1,9188.0,6664.0,L3,0,0.35642643032062693,1,bisquare,8064,1.0,negbinomial,0.17601685035067796,False
AGTGCACGCTTAAGAA-1,9802.0,8941.0,L6,3,0.27252867167595496,1,bisquare,8064,1.0,negbinomial,0.17601685035067796,False
AGTGCGTAGCTCGTAA-1,6086.0,8214.0,L6,3,0.24318008194276428,1,bisquare,8064,1.0,negbinomial,0.17601685035067796,False
AGTGCTAAACACAGCA-1,9455.0,10019.0,L6,3,0.16205375462737948,1,bisquare,8064,1.0,negbinomial,0.17601685035067796,False
AGTGCTTGCACGAATA-1,9323.0,7623.0,L5,2,0.18864005217938812,1,bisquare,8064,1.0,negbinomial,0.17601685035067796,False
AGTGGCGGCAATTTGA-1,9672.0,5588.0,L3,0,0.1500969384692004,1,bisquare,8064,1.0,negbinomial,0.17601685035067796,False
AGTGGCGTCTGAAGGT-1,9110.0,10137.0,L6,3,0.06853410637530104,1,bisquare,8064,1.0,negbinomial,0.17601685035067796,False
AGTGGCTCCGTCGGCC-1,4023.0,7490.0,L5,2,0.11081524449358908,1,bisquare,8064,1.0,negbinomial,0.17601685035067796,False
AGTGGTGTTACCCGTG-1,3815.0,8328.0,L5,2,0.1414562289583303,1,bisquare,8064,1.0,negbinomial,0.17601685035067796,False
AGTGTATTGCGCATTG-1,9743.0,4749.0,L3,0,0.14625350812353116,1,bisquare,8064,1.0,negbinomial,0.17601685035067796,False
AGTGTGCTAAGATCGC-1,3893.0,4376.0,L3,0,0.11452637418520455,1,bisquare,8064,1.0,negbinomial,0.17601685035067796,False
AGTGTGGTCTATTGTG-1,4786.0,5217.0,L4,1,0.08502601198513919,1,bisquare,8064,1.0,negbinomial,0.17601685035067796,False
AGTTAAACACTTGCGA-1,6226.0,7496.0,L6,3,0.21485872507717207,1,bisquare,8064,1.0,negbinomial,0.17601685035067796,False
AGTTAAGCGGTCCCGG-1,8711.0,4627.0,L3,0,0.14443726451927924,1,bisquare,8064,1.0,negbinomial,0.17601685035067796,False
AGTTAAGTCAACCGCT-1,4915.0,8810.0,L6,3,0.23771838847827853,1,bisquare,8064,1.0,negbinomial,0.17601685035067796,False
AGTTACCCTTAAGACT-1,3752.0,5573.0,L3,0,0.15329854542682508,1,bisquare,8064,1.0,negbinomial,0.17601685035067796,False
AGTTACCGCACATGGT-1,4165.0,5814.0,L4,1,0.10778943937993414,1,bisquare,8064,1.0,negbinomial,0.17601685035067796,False
AGTTACTCTATCGTGG-1,9330.0,4509.0,L3,0,0.09536819118851227,1,bisquare,8064,1.0,negbinomial,0.17601685035067796,False
AGTTATTGAAAGGTAA-1,8302.0,2949.0,L3,0,0.19453875818565783,1,bisquare,8064,1.0,negbinomial,0.17601685035067796,False
AGTTCACCGGTTGGAC-1,3754.0,5094.0,L3,0,0.09177807249345188,1,bisquare,8064,1.0,negbinomial,0.17601685035067796,False
AGTTCCTACAGAATTA-1,6642.0,6299.0,L5,2,0.17519628998427644,1,bisquare,8064,1.0,negbinomial,0.17601685035067796,False
AGTTCCTATTTATGTT-1,7670.0,7858.0,L6,3,0.20281090606357446,1,bisquare,8064,1.0,negbinomial,0.17601685035067796,False
AGTTCTGCGTTGTATC-1,4513.0,4258.0,L3,0,0.10023876897209931,1,bisquare,8064,1.0,negbinomial,0.17601685035067796,False
AGTTGACATCGGCTGG-1,4995.0,3900.0,L3,0,0.11941556476436453,1,bisquare,8064,1.0,negbinomial,0.17601685035067796,False
AGTTGACGGTCCTTGC-1,7526.0,10493.0,WM,4,0.06931350646901381,1,bisquare,8064,1.0,negbinomial,0.17601685035067796,False
AGTTGCTGACTGATAT-1,4443.0,4617.0,L3,0,0.13242905583914125,1,bisquare,8064,1.0,negbinomial,0.17601685035067796,False
AGTTTATGTAAAGACA-1,11530.0,5712.0,L3,0,0.08652944791309163,1,bisquare,8064,1.0,negbinomial,0.17601685035067796,False
AGTTTCGCAGGTCGGA-1,7473.0,4145.0,L3,0,0.20884215895955519,1,bisquare,8064,1.0,negbinomial,0.17601685035067796,False
AGTTTGCACCTGCCTC-1,8286.0,9656.0,WM,4,0.3494717145563285,1,bisquare,8064,1.0,negbinomial,0.17601685035067796,False
AGTTTGGCACGGGTTG-1,10216.0,8463.0,L5,2,0.1451403223589056,1,bisquare,8064,1.0,negbinomial,0.17601685035067796,False
AGTTTGGCCAGACCTA-1,5329.0,8332.0,L6,3,0.3121736965940239,1,bisquare,8064,1.0,negbinomial,0.17601685035067796,False
ATAAACGGACCCGTAA-1,7394.0,8337.0,L6,3,0.17351595531251357,1,bisquare,8064,1.0,negbinomial,0.17601685035067796,False
ATAAACGTTGCACCAC-1,10557.0,9542.0,L6,3,0.34128849515980114,1,bisquare,8064,1.0,negbinomial,0.17601685035067796,False
ATAAAGGCTCGGTCGT-1,6640.0,6778.0,L5,2,0.19283605340777427,1,bisquare,8064,1.0,negbinomial,0.17601685035067796,False
ATAAAGGTCAAGTACG-1,9058.0,3311.0,L3,0,0.25585562697607467,1,bisquare,8064,1.0,negbinomial,0.17601685035067796,False
ATAAATATTAGCAGCT-1,5125.0,7253.0,L5,2,0.22913395945013387,1,bisquare,8064,1.0,negbinomial,0.17601685035067796,False
ATAACGCCGGAGGGTC-1,8774.0,6903.0,L4,1,0.1744201240038199,1,bisquare,8064,1.0,negbinomial,0.17601685035067796,False
ATAACGGAGTCCAACG-1,8364.0,5704.0,L3,0,0.19439819117613358,1,bisquare,8064,1.0,negbinomial,0.17601685035067796,False
ATAACGTTACCTCCAC-1,11053.0,3914.0,L3,0,0.20040233090125292,1,bisquare,8064,1.0,negbinomial,0.17601685035067796,False
ATAAGCAAACACCGAG-1,11810.0,3796.0,L3,0,0.18273357786758426,1,bisquare,8064,1.0,negbinomial,0.17601685035067796,False
ATAAGGTGGAGAACAT-1,8150.0,8698.0,L6,3,0.14971354250356914,1,bisquare,8064,1.0,negbinomial,0.17601685035067796,False
ATAAGTACCCGATTGT-1,10984.0,3794.0,L3,0,0.16698753984859618,1,bisquare,8064,1.0,negbinomial,0.17601685035067796,False
ATAAGTAGGATTCAGA-1,10291.0,5948.0,L3,0,0.13952123188024632,1,bisquare,8064,1.0,negbinomial,0.17601685035067796,False
ATAAGTAGGGCGACTC-1,10632.0,7027.0,L3,0,0.18966207035545368,1,bisquare,8064,1.0,negbinomial,0.17601685035067796,False
ATAAGTTACCGCGACG-1,6775.0,8216.0,L6,3,0.18095804911570101,1,bisquare,8064,1.0,negbinomial,0.17601685035067796,False
ATAATACCGTTAGCCG-1,4305.0,4617.0,L3,0,0.31007071296313743,1,bisquare,8064,1.0,negbinomial,0.17601685035067796,False
ATAATAGCTGTTGAAT-1,7532.0,8337.0,L6,3,0.17038532058355318,1,bisquare,8064,1.0,negbinomial,0.17601685035067796,False
ATAATAGTGTAGGGAC-1,5268.0,4858.0,L3,0,0.2283733461390452,1,bisquare,8064,1.0,negbinomial,0.17601685035067796,False
ATAATCTTGGAGAACC-1,8491.0,10016.0,WM,4,0.18210146724983428,1,bisquare,8064,1.0,negbinomial,0.17601685035067796,False
ATAATTAGCTAAGTAG-1,7595.0,10373.0,WM,4,0.11548199991693153,1,bisquare,8064,1.0,negbinomial,0.17601685035067796,False
ATACAGGCCCTCCAAT-1,8148.0,9417.0,WM,4,0.3148204830243168,1,bisquare,8064,1.0,negbinomial,0.17601685035067796,False
ATACCACGGGCAACTT-1,5195.0,6894.0,L5,2,0.16898258742505026,1,bisquare,8064,1.0,negbinomial,0.17601685035067796,False
ATACCAGCAAATTGCT-1,7337.0,3187.0,L3,0,0.13429264374489455,1,bisquare,8064,1.0,negbinomial,0.17601685035067796,False
ATACCAGGCTAATAGA-1,6992.0,3785.0,L3,0,0.1783102922329447,1,bisquare,8064,1.0,negbinomial,0.17601685035067796,False
ATACCAGGTGAGCGAT-1,6994.0,2826.0,L3,0,0.10989142969991988,1,bisquare,8064,1.0,negbinomial,0.17601685035067796,False
ATACCGTCATCCATAA-1,11120.0,4513.0,L3,0,0.24169783433263478,1,bisquare,8064,1.0,negbinomial,0.17601685035067796,False
ATACCTAACCAAGAAA-1,7597.0,9655.0,WM,4,0.2401551235753668,1,bisquare,8064,1.0,negbinomial,0.17601685035067796,False
ATACGAAGGCTTTCCA-1,11664.0,7149.0,L3,0,0.14102551594042162,1,bisquare,8064,1.0,negbinomial,0.17601685035067796,False
ATACGACAGATGGGTA-1,11399.0,2837.0,L3,0,0.07616033550625444,1,bisquare,8064,1.0,negbinomial,0.17601685035067796,False
ATACGCCGGCGAAACC-1,8566.0,7501.0,L5,2,0.3387616185356209,1,bisquare,8064,1.0,negbinomial,0.17601685035067796,False
ATACGGAACGTCGTTT-1,4707.0,9408.0,L6,3,0.14417622004776598,1,bisquare,8064,1.0,negbinomial,0.17601685035067796,False
ATACGGGTTTCGATTG-1,8847.0,5346.0,L3,0,0.11434096452717112,1,bisquare,8064,1.0,negbinomial,0.17601685035067796,False
ATACGGTGAAGATGCA-1,3956.0,6652.0,L5,2,0.15444760129048854,1,bisquare,8064,1.0,negbinomial,0.17601685035067796,False
ATACGTACTTAGCCAC-1,8493.0,9298.0,L6,3,0.09821006373325461,1,bisquare,8064,1.0,negbinomial,0.17601685035067796,False
ATACGTCCACTCCTGT-1,9597.0,8342.0,L5,2,0.14358818237951468,1,bisquare,8064,1.0,negbinomial,0.17601685035067796,False
ATACGTTATGCACGGA-1,7527.0,10253.0,WM,4,0.11086017508141813,1,bisquare,8064,1.0,negbinomial,0.17601685035067796,False
ATACTACCCGTACCAC-1,10419.0,9781.0,L6,3,0.33062487678995733,1,bisquare,8064,1.0,negbinomial,0.17601685035067796,False
ATACTAGCATGACCCT-1,7401.0,5223.0,L3,0,0.1753700472520683,1,bisquare,8064,1.0,negbinomial,0.17601685035067796,False
ATACTCTCGCCACTCT-1,4927.0,3780.0,L3,0,0.16973476995993783,1,bisquare,8064,1.0,negbinomial,0.17601685035067796,False
ATACTGCCTTACACCG-1,8974.0,9658.0,L6,3,0.09448444904726883,1,bisquare,8064,1.0,negbinomial,0.17601685035067796,False
ATACTTGTTCTCGAGC-1,3888.0,6292.0,L4,1,0.21089400658516333,1,bisquare,8064,1.0,negbinomial,0.17601685035067796,False
ATAGACAACGGGACCT-1,9533.0,6066.0,L3,0,0.21765522841652615,1,bisquare,8064,1.0,negbinomial,0.17601685035067796,False
ATAGACGAAGAGAAAG-1,6297.0,6657.0,L5,2,0.3118490325032498,1,bisquare,8064,1.0,negbinomial,0.17601685035067796,False
ATAGAGTACTGGGACA-1,6505.0,5820.0,L5,2,0.16115567975709189,1,bisquare,8064,1.0,negbinomial,0.17601685035067796,False
ATAGAGTTATCAACTT-1,9602.0,5947.0,L3,0,0.23472238290984326,1,bisquare,8064,1.0,negbinomial,0.17601685035067796,False
ATAGCAACTAGGGAAG-1,9936.0,10139.0,L6,3,0.17292661753413247,1,bisquare,8064,1.0,negbinomial,0.17601685035067796,False
ATAGCCTCAGTACCCA-1,4167.0,4856.0,L3,0,0.1657459791180065,1,bisquare,8064,1.0,negbinomial,0.17601685035067796,False
ATAGCTGCTCTTGTTA-1,3892.0,4616.0,L3,0,0.23867422363516086,1,bisquare,8064,1.0,negbinomial,0.17601685035067796,False
ATAGGAATCTAAGCTT-1,10297.0,3313.0,L3,0,0.11652101493460235,1,bisquare,8064,1.0,negbinomial,0.17601685035067796,False
ATAGGCGGCTATAGAA-1,5468.0,7853.0,L6,3,0.18744095125822438,1,bisquare,8064,1.0,negbinomial,0.17601685035067796,False
ATAGGCTAGCTTCGCA-1,9878.0,5708.0,L3,0,0.21705279249953963,1,bisquare,8064,1.0,negbinomial,0.17601685035067796,False
ATAGGGATATCCTTGA-1,8090.0,5224.0,L3,0,0.16333551374225877,1,bisquare,8064,1.0,negbinomial,0.17601685035067796,False
ATAGGTTGGGCAGATG-1,7606.0,6062.0,L4,1,0.16596847465432704,1,bisquare,8064,1.0,negbinomial,0.17601685035067796,False
ATAGTCTTTGACGTGC-1,7818.0,3547.0,L3,0,0.16088439750096878,1,bisquare,8064,1.0,negbinomial,0.17601685035067796,False
ATAGTGAAGCGTTCTC-1,7120.0,7618.0,L6,3,0.2482517958081635,1,bisquare,8064,1.0,negbinomial,0.17601685035067796,False
ATAGTTCCACCCACTC-1,10219.0,7266.0,L3,0,0.34988997628136803,1,bisquare,8064,1.0,negbinomial,0.17601685035067796,False
ATATAAAGCGCTCGTG-1,7873.0,9655.0,WM,4,0.3018363198330051,1,bisquare,8064,1.0,negbinomial,0.17601685035067796,False
ATATAAATGTAGCTGC-1,8287.0,9177.0,L6,3,0.10549057966827566,1,bisquare,8064,1.0,negbinomial,0.17601685035067796,False
ATATAACACGGGCGCA-1,9660.0,10618.0,L6,3,0.11156350789393822,1,bisquare,8064,1.0,negbinomial,0.17601685035067796,False
ATATACGCTCGTGACG-1,10625.0,10141.0,L6,3,0.18548553872236487,1,bisquare,8064,1.0,negbinomial,0.17601685035067796,False
ATATAGAGTATTGGTC-1,3948.0,10245.0,L6,3,0.14636546285535187,1,bisquare,8064,1.0,negbinomial,0.17601685035067796,False
ATATCAACCTACAGAG-1,10425.0,7146.0,L3,0,0.22316697307422556,1,bisquare,8064,1.0,negbinomial,0.17601685035067796,False
ATATCGGTAGGGAGAT-1,10769.0,7267.0,L3,0,0.2676804067465565,1,bisquare,8064,1.0,negbinomial,0.17601685035067796,False
ATATCGTGCCAGACCC-1,8646.0,3070.0,L3,0,0.1023116047496207,1,bisquare,8064,1.0,negbinomial,0.17601685035067796,False
ATATCGTTCCTCGAAC-1,9525.0,9659.0,L6,3,0.12445673778871226,1,bisquare,8064,1.0,negbinomial,0.17601685035067796,False
ATATCTCCCTCGTTAA-1,9192.0,4988.0,L3,0,0.1495860946541071,1,bisquare,8064,1.0,negbinomial,0.17601685035067796,False
ATATCTTAGGGCCTTC-1,7397.0,6900.0,L5,2,0.12179169924537055,1,bisquare,8064,1.0,negbinomial,0.17601685035067796,False
ATATGTCTCCCTAGCC-1,9875.0,6906.0,L3,0,0.15735685726061627,1,bisquare,8064,1.0,negbinomial,0.17601685035067796,False
ATATGTGCACAAACCA-1,11397.0,3795.0,L3,0,0.16269527227869915,1,bisquare,8064,1.0,negbinomial,0.17601685035067796,False
ATATTCAGTTAAACCT-1,5949.0,7974.0,L6,3,0.23719748366256274,1,bisquare,8064,1.0,negbinomial,0.17601685035067796,False
ATATTCCACATAGTGA-1,8494.0,8819.0,L6,3,0.11896649799918094,1,bisquare,8064,1.0,negbinomial,0.17601685035067796,False
ATATTCCCACAGGTCA-1,7267.0,4025.0,L3,0,0.3195241784169239,1,bisquare,8064,1.0,negbinomial,0.17601685035067796,False
ATATTGCTGTCAAAGT-1,5406.0,4859.0,L3,0,0.13870544471091464,1,bisquare,8064,1.0,negbinomial,0.17601685035067796,False
ATATTGGAGAGGCCTT-1,11520.0,9784.0,L6,3,0.2224048418943077,1,bisquare,8064,1.0,negbinomial,0.17601685035067796,False
ATATTTAACCCTCAAG-1,6985.0,6420.0,L5,2,0.22119128044078912,1,bisquare,8064,1.0,negbinomial,0.17601685035067796,False
ATCAAACACTGTTCCA-1,10560.0,8344.0,L5,2,0.2426724524960862,1,bisquare,8064,1.0,negbinomial,0.17601685035067796,False
ATCAAACGAAGGTTTG-1,5466.0,8572.0,L6,3,0.18935193251933638,1,bisquare,8064,1.0,negbinomial,0.17601685035067796,False
ATCAATCTGGGCTGCA-1,7673.0,6661.0,L5,2,0.22157665981210056,1,bisquare,8064,1.0,negbinomial,0.17601685035067796,False
ATCAATGCCGTGGCTG-1,4499.0,10007.0,L6,3,0.21244798499833004,1,bisquare,8064,1.0,negbinomial,0.17601685035067796,False
ATCACATTAGAATATC-1,8847.0,5107.0,L3,0,0.34784274723374886,1,bisquare,8064,1.0,negbinomial,0.17601685035067796,False
ATCACGTGCTAATTAA-1,5673.0,8213.0,L6,3,0.2270580520469718,1,bisquare,8064,1.0,negbinomial,0.17601685035067796,False
ATCACTTCATCCTCGC-1,7814.0,5224.0,L3,0,0.13586658839716365,1,bisquare,8064,1.0,negbinomial,0.17601685035067796,False
ATCAGACGGCACGCCG-1,6087.0,7974.0,L6,3,0.19016501094676366,1,bisquare,8064,1.0,negbinomial,0.17601685035067796,False
ATCAGCCTCATGCTGC-1,9181.0,9539.0,L6,3,0.1895757705579462,1,bisquare,8064,1.0,negbinomial,0.17601685035067796,False
ATCAGCTCGTCCACTA-1,4227.0,8569.0,L6,3,0.21705025593721175,1,bisquare,8064,1.0,negbinomial,0.17601685035067796,False
ATCAGGTCGCCATTGC-1,9677.0,3671.0,L3,0,0.10614687190017921,1,bisquare,8064,1.0,negbinomial,0.17601685035067796,False
ATCAGTAGGCAGGGAT-1,9190.0,5467.0,L3,0,0.16833261941236527,1,bisquare,8064,1.0,negbinomial,0.17601685035067796,False
ATCATAGCCCTATGTA-1,10487.0,10141.0,L6,3,0.14122599687624227,1,bisquare,8064,1.0,negbinomial,0.17601685035067796,False
ATCATCCAATATTTGT-1,7259.0,7378.0,L5,2,0.3140499372017717,1,bisquare,8064,1.0,negbinomial,0.17601685035067796,False
ATCATCTGCCCAGTGT-1,8990.0,2951.0,L3,0,0.17187056497059175,1,bisquare,8064,1.0,negbinomial,0.17601685035067796,False
ATCCAACGCAGTCATA-1,5748.0,5698.0,L5,2,0.16991513822273085,1,bisquare,8064,1.0,negbinomial,0.17601685035067796,False
ATCCAATGGAGGGTCC-1,5055.0,7852.0,L6,3,0.3102228400020958,1,bisquare,8064,1.0,negbinomial,0.17601685035067796,False
ATCCACATCGACAGAA-1,8147.0,10135.0,WM,4,0.11515944906021915,1,bisquare,8064,1.0,negbinomial,0.17601685035067796,False
ATCCACGCTAAATGTT-1,8920.0,3310.0,L3,0,0.14075447989020104,1,bisquare,8064,1.0,negbinomial,0.17601685035067796,False
ATCCACTTTCAGACTA-1,11122.0,3555.0,L3,0,0.09497904056537589,1,bisquare,8064,1.0,negbinomial,0.17601685035067796,False
ATCCAGAGCAACAACC-1,6774.0,8695.0,L6,3,0.08109572882581015,1,bisquare,8064,1.0,negbinomial,0.17601685035067796,False
ATCCAGGATTCGTGAA-1,6363.0,7496.0,L6,3,0.15166247693379709,1,bisquare,8064,1.0,negbinomial,0.17601685035067796,False
ATCCCATCCACAGCGC-1,4154.0,10126.0,L6,3,0.20153452946542896,1,bisquare,8064,1.0,negbinomial,0.17601685035067796,False
ATCCTACCTAAGCTCT-1,6500.0,7975.0,L6,3,0.16653542882482816,1,bisquare,8064,1.0,negbinomial,0.17601685035067796,False
ATCCTGAATCGCTGCG-1,4987.0,7253.0,L5,2,0.17085724984471654,1,bisquare,8064,1.0,negbinomial,0.17601685035067796,False
ATCCTGCGTGGAATGG-1,6431.0,8095.0,L6,3,0.26030548552410543,1,bisquare,8064,1.0,negbinomial,0.17601685035067796,False
ATCCTGCTGCAGATAG-1,6236.0,3424.0,L3,0,0.12968394524406454,1,bisquare,8064,1.0,negbinomial,0.17601685035067796,False
ATCGACCCAATACAGA-1,7533.0,7858.0,L6,3,0.18438730930147562,1,bisquare,8064,1.0,negbinomial,0.17601685035067796,False
ATCGACTCTTTCCGTT-1,7401.0,5462.0,L3,0,0.21104364426375466,1,bisquare,8064,1.0,negbinomial,0.17601685035067796,False
ATCGCACGCCGGGAGA-1,7125.0,5701.0,L4,1,0.10240908818967906,1,bisquare,8064,1.0,negbinomial,0.17601685035067796,False
ATCGCCAGTCAACATT-1,10423.0,8105.0,L4,1,0.3311229097443117,1,bisquare,8064,1.0,negbinomial,0.17601685035067796,False
ATCGCTGCGTGCAGCA-1,10842.0,5471.0,L3,0,0.19025797678119655,1,bisquare,8064,1.0,negbinomial,0.17601685035067796,False
ATCGCTTTACGTCTCA-1,11803.0,6910.0,L3,0,0.1692801349307699,1,bisquare,8064,1.0,negbinomial,0.17601685035067796,False
ATCGGAGACAGACGGC-1,8425.0,8938.0,L6,3,0.16844041690675376,1,bisquare,8064,1.0,negbinomial,0.17601685035067796,False
ATCGGCAAGCAGTCCA-1,9811.0,5109.0,L3,0,0.20814956771387047,1,bisquare,8064,1.0,negbinomial,0.17601685035067796,False
ATCGGTTACCTAGTAA-1,3749.0,6771.0,L5,2,0.1765831447867486,1,bisquare,8064,1.0,negbinomial,0.17601685035067796,False
ATCGTGGAAAGTCTGG-1,4774.0,10247.0,L6,3,0.13912596867372318,1,bisquare,8064,1.0,negbinomial,0.17601685035067796,False
ATCGTTAGCTAGCGGA-1,9938.0,9660.0,L6,3,0.324592281190979,1,bisquare,8064,1.0,negbinomial,0.17601685035067796,False
ATCGTTCACTTTCGCC-1,9676.0,3911.0,L3,0,0.10943078570076024,1,bisquare,8064,1.0,negbinomial,0.17601685035067796,False
ATCTAATATCCTACGG-1,7805.0,9296.0,WM,4,0.2824834994667084,1,bisquare,8064,1.0,negbinomial,0.17601685035067796,False
ATCTAGCTTGTGAGGG-1,7663.0,10733.0,WM,4,0.10830307414955116,1,bisquare,8064,1.0,negbinomial,0.17601685035067796,False
ATCTCATAAACCTACC-1,10367.0,2715.0,L3,0,0.10948639123724507,1,bisquare,8064,1.0,negbinomial,0.17601685035067796,False
ATCTCCCACGGAATAT-1,10625.0,9902.0,L6,3,0.28298262480647696,1,bisquare,8064,1.0,negbinomial,0.17601685035067796,False
ATCTCCCTGCAATCTA-1,8160.0,4626.0,L3,0,0.17232991927289598,1,bisquare,8064,1.0,negbinomial,0.17601685035067796,False
ATCTCGTGAGCGAAAC-1,11179.0,8466.0,L4,1,0.19754243615417594,1,bisquare,8064,1.0,negbinomial,0.17601685035067796,False
ATCTGACATGGAAGGA-1,6013.0,10250.0,WM,4,0.1207991753593956,1,bisquare,8064,1.0,negbinomial,0.17601685035067796,False
ATCTGATAGTGTCTTA-1,4030.0,4616.0,L3,0,0.11846904886163756,1,bisquare,8064,1.0,negbinomial,0.17601685035067796,False
ATCTGCACCTCTGCGA-1,10152.0,6188.0,L3,0,0.3547184972709474,1,bisquare,8064,1.0,negbinomial,0.17601685035067796,False
ATCTGCTGTTATCGCC-1,7113.0,10732.0,WM,4,0.13778861193470782,1,bisquare,8064,1.0,negbinomial,0.17601685035067796,False
ATCTGGGCTGTTCTTG-1,7941.0,10015.0,WM,4,0.16643271878334903,1,bisquare,8064,1.0,negbinomial,0.17601685035067796,False
ATCTGGTTAAGACTGT-1,8432.0,5824.0,L3,0,0.20079568930400232,1,bisquare,8064,1.0,negbinomial,0.17601685035067796,False
ATCTGTAATTGTACCC-1,7128.0,4504.0,L3,0,0.16570008549812656,1,bisquare,8064,1.0,negbinomial,0.17601685035067796,False
ATCTTATCGCACACCC-1,10349.0,10380.0,L6,3,0.24936328797084878,1,bisquare,8064,1.0,negbinomial,0.17601685035067796,False
ATCTTGACCTGCAACG-1,6230.0,5819.0,L5,2,0.16102920016971012,1,bisquare,8064,1.0,negbinomial,0.17601685035067796,False
ATCTTGACTTGTCCAA-1,10634.0,6309.0,L3,0,0.07984438766442427,1,bisquare,8064,1.0,negbinomial,0.17601685035067796,False
ATCTTTCGTATAACCA-1,11461.0,5831.0,L3,0,0.1450639421304981,1,bisquare,8064,1.0,negbinomial,0.17601685035067796,False
ATGAAGCCAAGGAGCC-1,6369.0,5340.0,L4,1,0.23619351305071515,1,bisquare,8064,1.0,negbinomial,0.17601685035067796,False
ATGACGCCGGCTCTAA-1,7196.0,4624.0,L3,0,0.2030205904866707,1,bisquare,8064,1.0,negbinomial,0.17601685035067796,False
ATGACGCGTTCTATCC-1,5259.0,8931.0,L6,3,0.12517758958145733,1,bisquare,8064,1.0,negbinomial,0.17601685035067796,False
ATGACTATCAGCTGTG-1,6150.0,10250.0,WM,4,0.10360928882901668,1,bisquare,8064,1.0,negbinomial,0.17601685035067796,False
ATGACTATGCGACATT-1,9252.0,8461.0,L5,2,0.1694669424622514,1,bisquare,8064,1.0,negbinomial,0.17601685035067796,False
ATGAGGAGTGTTAATC-1,5611.0,5698.0,L5,2,0.2062493529777137,1,bisquare,8064,1.0,negbinomial,0.17601685035067796,False
ATGAGGGCAGCGGCTA-1,11456.0,7748.0,L3,0,0.1781771455291989,1,bisquare,8064,1.0,negbinomial,0.17601685035067796,False
ATGATCGGGAATAGAC-1,6921.0,4623.0,L3,0,0.2513690599926612,1,bisquare,8064,1.0,negbinomial,0.17601685035067796,False
ATGATGCAATGGTACA-1,6638.0,7976.0,L6,3,0.28086298122042913,1,bisquare,8064,1.0,negbinomial,0.17601685035067796,False
ATGCACCTTCCTTAAT-1,3616.0,5094.0,L3,0,0.09731180447700577,1,bisquare,8064,1.0,negbinomial,0.17601685035067796,False
ATGCACGCGCTGTTCA-1,3949.0,9766.0,L6,3,0.214617959587928,1,bisquare,8064,1.0,negbinomial,0.17601685035067796,False
ATGCACTACCGCATTG-1,6298.0,5939.0,L5,2,0.1772571809003401,1,bisquare,8064,1.0,negbinomial,0.17601685035067796,False
ATGCATGATCCAGGAT-1,7676.0,5703.0,L3,0,0.214926347794667,1,bisquare,8064,1.0,negbinomial,0.17601685035067796,False
ATGCATTCCGTGATGG-1,6787.0,3185.0,L3,0,0.22421413986958932,1,bisquare,8064,1.0,negbinomial,0.17601685035067796,False
ATGCCAATCGCTCTGC-1,10432.0,4511.0,L3,0,0.09028291463536249,1,bisquare,8064,1.0,negbinomial,0.17601685035067796,False
ATGCCATTTGCGACCA-1,9460.0,7863.0,L5,2,0.2055813158166372,1,bisquare,8064,1.0,negbinomial,0.17601685035067796,False
ATGCCGGTCTTGCATA-1,8362.0,6423.0,L4,1,0.15688330843101966,1,bisquare,8064,1.0,negbinomial,0.17601685035067796,False
ATGCCGGTTGATGGGA-1,8916.0,4987.0,L3,0,0.22884538431208248,1,bisquare,8064,1.0,negbinomial,0.17601685035067796,False
ATGCGACAATTGGTCC-1,10708.0,4273.0,L3,0,0.1873467622857197,1,bisquare,8064,1.0,negbinomial,0.17601685035067796,False
ATGCGACAGTCCCATT-1,8086.0,6901.0,L5,2,0.19977088882344815,1,bisquare,8064,1.0,negbinomial,0.17601685035067796,False
ATGCGAGTCCCACCAC-1,10353.0,8464.0,L5,2,0.2077734428382136,1,bisquare,8064,1.0,negbinomial,0.17601685035067796,False
ATGCTCAGTGTTGCAT-1,5199.0,5218.0,L4,1,0.10845239488838267,1,bisquare,8064,1.0,negbinomial,0.17601685035067796,False
ATGCTCTGGCGCGGTA-1,8423.0,9896.0,WM,4,0.2358287937542298,1,bisquare,8064,1.0,negbinomial,0.17601685035067796,False
ATGCTTAGGAGTTGAT-1,10902.0,9423.0,L6,3,0.14919978515275273,1,bisquare,8064,1.0,negbinomial,0.17601685035067796,False
ATGGAAATTTAAGGAG-1,3675.0,9047.0,L5,2,0.12086712824531808,1,bisquare,8064,1.0,negbinomial,0.17601685035067796,False
ATGGAACAGAATAAAC-1,11055.0,2956.0,L3,0,0.2674491836504531,1,bisquare,8064,1.0,negbinomial,0.17601685035067796,False
ATGGAACCTTTGCACA-1,11458.0,7269.0,L3,0,0.23909316762172286,1,bisquare,8064,1.0,negbinomial,0.17601685035067796,False
ATGGAGCAGGCCGTGA-1,7741.0,7020.0,L5,2,0.14194417074732774,1,bisquare,8064,1.0,negbinomial,0.17601685035067796,False
ATGGATCCGGCGTCCG-1,8641.0,4986.0,L3,0,0.10755564630319474,1,bisquare,8064,1.0,negbinomial,0.17601685035067796,False
ATGGATTGACCAAACG-1,7400.0,5941.0,L4,1,0.16088127166477564,1,bisquare,8064,1.0,negbinomial,0.17601685035067796,False
ATGGCAGCATTACGAT-1,4429.0,10366.0,L6,3,0.09832677318982978,1,bisquare,8064,1.0,negbinomial,0.17601685035067796,False
ATGGCAGCCGAGAAAC-1,3819.0,6651.0,L4,1,0.17102628232246797,1,bisquare,8064,1.0,negbinomial,0.17601685035067796,False
ATGGCTGGAAATGGCC-1,9607.0,3791.0,L3,0,0.11416324282532708,1,bisquare,8064,1.0,negbinomial,0.17601685035067796,False
ATGGGAACGGAAGCGG-1,9265.0,3191.0,L3,0,0.09199460177133137,1,bisquare,8064,1.0,negbinomial,0.17601685035067796,False
ATGGGACCTGCTGAAC-1,5325.0,10009.0,L6,3,0.08757140429080383,1,bisquare,8064,1.0,negbinomial,0.17601685035067796,False
ATGGGCCTCGGCCTCT-1,9459.0,8102.0,L5,2,0.13383227961726563,1,bisquare,8064,1.0,negbinomial,0.17601685035067796,False
ATGGGTGTATACCTCC-1,4842.0,10367.0,L6,3,0.10521113686410923,1,bisquare,8064,1.0,negbinomial,0.17601685035067796,False
ATGGTCGCGTGGTTTC-1,9046.0,8101.0,L5,2,0.17699419040561454,1,bisquare,8064,1.0,negbinomial,0.17601685035067796,False
ATGGTGCTCAAAGCCA-1,7132.0,2827.0,L3,0,0.2181028882619044,1,bisquare,8064,1.0,negbinomial,0.17601685035067796,False
ATGGTTACGAAACATG-1,11191.0,3435.0,L3,0,0.16841271734954394,1,bisquare,8064,1.0,negbinomial,0.17601685035067796,False
ATGTAAGGCTGCTCTT-1,10909.0,6549.0,L3,0,0.16543010119974516,1,bisquare,8064,1.0,negbinomial,0.17601685035067796,False
ATGTACATGCGGTGAG-1,10899.0,10381.0,L6,3,0.2810153873523725,1,bisquare,8064,1.0,negbinomial,0.17601685035067796,False
ATGTACGATGACGTCG-1,7595.0,10613.0,WM,4,0.09791079558592268,1,bisquare,8064,1.0,negbinomial,0.17601685035067796,False
ATGTAGCGCGCGTAGG-1,8145.0,10854.0,WM,4,0.0532496210611557,1,bisquare,8064,1.0,negbinomial,0.17601685035067796,False
ATGTGAAAGCCTAATG-1,4710.0,8211.0,L6,3,0.16075907597213557,1,bisquare,8064,1.0,negbinomial,0.17601685035067796,False
ATGTGCATCCGACGCA-1,7125.0,5462.0,L3,0,0.2670811843686688,1,bisquare,8064,1.0,negbinomial,0.17601685035067796,False
ATGTGGACATCTTGAT-1,8082.0,8338.0,L6,3,0.22340208883904672,1,bisquare,8064,1.0,negbinomial,0.17601685035067796,False
ATGTGTAGTTTAGTCA-1,7268.0,3306.0,L3,0,0.16722364513853757,1,bisquare,8064,1.0,negbinomial,0.17601685035067796,False
ATGTTACGAGCAATAC-1,5200.0,4499.0,L3,0,0.14576794717541203,1,bisquare,8064,1.0,negbinomial,0.17601685035067796,False
ATGTTCCTGCCCACCT-1,3755.0,4615.0,L3,0,0.10014413929451185,1,bisquare,8064,1.0,negbinomial,0.17601685035067796,False
ATGTTCGTCGACCCAC-1,4162.0,6772.0,L5,2,0.14199764341221915,1,bisquare,8064,1.0,negbinomial,0.17601685035067796,False
ATGTTGATTAGAGACT-1,9522.0,10857.0,L6,3,0.07216848072654235,1,bisquare,8064,1.0,negbinomial,0.17601685035067796,False
ATGTTGTAGTCTGTTT-1,6425.0,10490.0,WM,4,0.07194077491699019,1,bisquare,8064,1.0,negbinomial,0.17601685035067796,False
ATGTTTGTAAGATCAT-1,10367.0,2954.0,L3,0,0.08739898319792755,1,bisquare,8064,1.0,negbinomial,0.17601685035067796,False
ATTAAACATGCGGACC-1,7257.0,7857.0,L6,3,0.172087587819641,1,bisquare,8064,1.0,negbinomial,0.17601685035067796,False
ATTAATACTACGCGGG-1,7745.0,5343.0,L3,0,0.30323164067524816,1,bisquare,8064,1.0,negbinomial,0.17601685035067796,False
ATTAATGAACCAGTCG-1,8640.0,5465.0,L3,0,0.30153049489761635,1,bisquare,8064,1.0,negbinomial,0.17601685035067796,False
ATTAATTCGGTCACTC-1,7748.0,4385.0,L3,0,0.20411859439065622,1,bisquare,8064,1.0,negbinomial,0.17601685035067796,False
ATTACAACTACCGGCC-1,9194.0,4029.0,L3,0,0.1710992697905182,1,bisquare,8064,1.0,negbinomial,0.17601685035067796,False
ATTACATGTCAGTCTT-1,10628.0,8704.0,L5,2,0.25633037149275395,1,bisquare,8064,1.0,negbinomial,0.17601685035067796,False
ATTACCACACTGCCTG-1,11317.0,8466.0,L4,1,0.1991665961394402,1,bisquare,8064,1.0,negbinomial,0.17601685035067796,False
ATTACGCGCTGGCAGG-1,5262.0,7493.0,L6,3,0.13569961032503153,1,bisquare,8064,1.0,negbinomial,0.17601685035067796,False
ATTACTAGCCTCTTGC-1,6232.0,4861.0,L3,0,0.13096451318178745,1,bisquare,8064,1.0,negbinomial,0.17601685035067796,False
ATTACTTACTGGGCAT-1,10086.0,5349.0,L3,0,0.1743772850391201,1,bisquare,8064,1.0,negbinomial,0.17601685035067796,False
ATTAGATTCCTCAGCA-1,10429.0,5709.0,L3,0,0.2333115474188385,1,bisquare,8064,1.0,negbinomial,0.17601685035067796,False
ATTAGATTGATAGCGG-1,6576.0,4981.0,L3,0,0.1640453366178388,1,bisquare,8064,1.0,negbinomial,0.17601685035067796,False
ATTAGGCGATGCTTTC-1,8085.0,7141.0,L5,2,0.10279112080244904,1,bisquare,8064,1.0,negbinomial,0.17601685035067796,False
ATTATACTTTGCTCGT-1,8572.0,4866.0,L3,0,0.21376456488168058,1,bisquare,8064,1.0,negbinomial,0.17601685035067796,False
ATTATAGCTACTTTAC-1,11115.0,6669.0,L3,0,0.22486458833654496,1,bisquare,8064,1.0,negbinomial,0.17601685035067796,False
ATTATCGGAATGTACG-1,7112.0,10971.0,WM,4,0.15162850522129354,1,bisquare,8064,1.0,negbinomial,0.17601685035067796,False
ATTATCTCGACAGATC-1,7405.0,3546.0,L3,0,0.11259416615143412,1,bisquare,8064,1.0,negbinomial,0.17601685035067796,False
ATTATGAGACCCAATT-1,4016.0,10604.0,L6,3,0.2553847958984144,1,bisquare,8064,1.0,negbinomial,0.17601685035067796,False
ATTATGCCATAGGGAG-1,6851.0,5222.0,L3,0,0.1632460107808498,1,bisquare,8064,1.0,negbinomial,0.17601685035067796,False
ATTATGCTCAGTATTG-1,11605.0,3197.0,L3,0,0.0954355724774315,1,bisquare,8064,1.0,negbinomial,0.17601685035067796,False
ATTATTATGTCCGTCA-1,5738.0,9770.0,WM,4,0.3079354883830246,1,bisquare,8064,1.0,negbinomial,0.17601685035067796,False
ATTATTCAGAGTCACT-1,9866.0,10738.0,L6,3,0.09696249411470104,1,bisquare,8064,1.0,negbinomial,0.17601685035067796,False
ATTCAACCATTTAAGG-1,10075.0,9661.0,L6,3,0.2283246443529581,1,bisquare,8064,1.0,negbinomial,0.17601685035067796,False
ATTCACTGATGTTGGA-1,7873.0,9416.0,WM,4,0.30525610560754923,1,bisquare,8064,1.0,negbinomial,0.17601685035067796,False
ATTCAGATGAATCCCT-1,10849.0,2836.0,L3,0,0.12473253256541693,1,bisquare,8064,1.0,negbinomial,0.17601685035067796,False
ATTCAGGACCTATTTC-1,9948.0,5109.0,L3,0,0.1177250249524697,1,bisquare,8064,1.0,negbinomial,0.17601685035067796,False
ATTCAGGATCGCCTCT-1,9197.0,2832.0,L3,0,0.08344863826122327,1,bisquare,8064,1.0,negbinomial,0.17601685035067796,False
ATTCAGTAGCAGGGTC-1,4922.0,5936.0,L5,2,0.12891515254378363,1,bisquare,8064,1.0,negbinomial,0.17601685035067796,False
ATTCATATACTGTCCA-1,7325.0,8217.0,L6,3,0.16938018153376364,1,bisquare,8064,1.0,negbinomial,0.17601685035067796,False
ATTCATCGTTGAGGCA-1,9317.0,10018.0,L6,3,0.06115077582549482,1,bisquare,8064,1.0,negbinomial,0.17601685035067796,False
ATTCCCACATAAACAA-1,4853.0,5816.0,L5,2,0.2456727915282646,1,bisquare,8064,1.0,negbinomial,0.17601685035067796,False
ATTCCTAAGACGTGGA-1,10569.0,4512.0,L3,0,0.1596962428701291,1,bisquare,8064,1.0,negbinomial,0.17601685035067796,False
ATTCCTCCGCCAGTGC-1,5886.0,5459.0,L4,1,0.1416235962543325,1,bisquare,8064,1.0,negbinomial,0.17601685035067796,False
ATTCCTTCCAGGCGGT-1,4858.0,3899.0,L3,0,0.12519899443743182,1,bisquare,8064,1.0,negbinomial,0.17601685035067796,False
ATTCGACGCCGGGCCT-1,4988.0,7014.0,L5,2,0.2074006218355463,1,bisquare,8064,1.0,negbinomial,0.17601685035067796,False
ATTCGCAGAGGACACT-1,11877.0,4395.0,L3,0,0.13457145281314672,1,bisquare,8064,1.0,negbinomial,0.17601685035067796,False
ATTCGCGCCTTGAGAG-1,10555.0,10500.0,L6,3,0.28685731261418157,1,bisquare,8064,1.0,negbinomial,0.17601685035067796,False
ATTCGTGCTATCTCTT-1,10768.0,7746.0,L4,1,0.1414616258155057,1,bisquare,8064,1.0,negbinomial,0.17601685035067796,False
ATTCTCGTCTCTTTAG-1,6716.0,4024.0,L3,0,0.1370893579374843,1,bisquare,8064,1.0,negbinomial,0.17601685035067796,False
ATTCTGAGTATGAACT-1,9126.0,3430.0,L3,0,0.18529985729817425,1,bisquare,8064,1.0,negbinomial,0.17601685035067796,False
ATTCTTCGTACTTATG-1,9194.0,3790.0,L3,0,0.15299312175973967,1,bisquare,8064,1.0,negbinomial,0.17601685035067796,False
ATTGAAGATCTTAGTG-1,6572.0,6419.0,L5,2,0.20810464186726194,1,bisquare,8064,1.0,negbinomial,0.17601685035067796,False
ATTGACCGGCGATGAC-1,11050.0,5112.0,L3,0,0.12193976339659622,1,bisquare,8064,1.0,negbinomial,0.17601685035067796,False
ATTGACGTAACTCGGT-1,8162.0,3668.0,L3,0,0.11191778307191601,1,bisquare,8064,1.0,negbinomial,0.17601685035067796,False
ATTGATAGCAACGAGA-1,4719.0,4138.0,L3,0,0.2088228387270143,1,bisquare,8064,1.0,negbinomial,0.17601685035067796,False
ATTGATCACCACATTT-1,3744.0,8927.0,L5,2,0.134367884127219,1,bisquare,8064,1.0,negbinomial,0.17601685035067796,False
ATTGATGAGTCCTAAC-1,10014.0,6666.0,L3,0,0.20384899317881894,1,bisquare,8064,1.0,negbinomial,0.17601685035067796,False
ATTGCCTATTAGACCG-1,4910.0,10726.0,L6,3,0.13450922968128795,1,bisquare,8064,1.0,negbinomial,0.17601685035067796,False
ATTGCCTTTATGTTTG-1,8972.0,10377.0,WM,4,0.31800809093706367,1,bisquare,8064,1.0,negbinomial,0.17601685035067796,False
ATTGCGATCAGTAACT-1,10008.0,8822.0,L5,2,0.26403857130411507,1,bisquare,8064,1.0,negbinomial,0.17601685035067796,False
ATTGCTGCTCCTCCAT-1,6158.0,6897.0,L5,2,0.12452425786271938,1,bisquare,8064,1.0,negbinomial,0.17601685035067796,False
ATTGGATTACAGCGTA-1,10214.0,9182.0,L6,3,0.16825053889345915,1,bisquare,8064,1.0,negbinomial,0.17601685035067796,False
ATTGGGAATATCTTGG-1,6784.0,4143.0,L3,0,0.352454238668271,1,bisquare,8064,1.0,negbinomial,0.17601685035067796,False
ATTGGGAGTTCTGTAA-1,11053.0,3675.0,L3,0,0.11722629529741956,1,bisquare,8064,1.0,negbinomial,0.17601685035067796,False
ATTGTACAACTCGGCT-1,10288.0,6907.0,L3,0,0.16287995697197644,1,bisquare,8064,1.0,negbinomial,0.17601685035067796,False
ATTGTCGCAATACCTT-1,9055.0,4508.0,L3,0,0.1213011458511497,1,bisquare,8064,1.0,negbinomial,0.17601685035067796,False
ATTGTGACTTCGCTGC-1,10708.0,4033.0,L3,0,0.13023522760494663,1,bisquare,8064,1.0,negbinomial,0.17601685035067796,False
ATTGTTCAACGATCCG-1,11660.0,9066.0,L5,2,0.1913699922560053,1,bisquare,8064,1.0,negbinomial,0.17601685035067796,False
ATTTAACTCGTATTAC-1,6784.0,4383.0,L3,0,0.2246802424336592,1,bisquare,8064,1.0,negbinomial,0.17601685035067796,False
ATTTACAGTTTACTGG-1,5816.0,6297.0,L5,2,0.2266372283563996,1,bisquare,8064,1.0,negbinomial,0.17601685035067796,False
ATTTACTAAGTCCATT-1,10840.0,6429.0,L3,0,0.19037863451090598,1,bisquare,8064,1.0,negbinomial,0.17601685035067796,False
ATTTCATTATTTCGCG-1,8574.0,4387.0,L3,0,0.11043844592987564,1,bisquare,8064,1.0,negbinomial,0.17601685035067796,False
ATTTCCGGGTTCTGCG-1,5602.0,9291.0,L6,3,0.10732723322871864,1,bisquare,8064,1.0,negbinomial,0.17601685035067796,False
ATTTGCGCGAGTAGCT-1,5327.0,9050.0,L6,3,0.17147511186165437,1,bisquare,8064,1.0,negbinomial,0.17601685035067796,False
ATTTGTCTTGGGAGCT-1,8979.0,7502.0,L5,2,0.0986323388399292,1,bisquare,8064,1.0,negbinomial,0.17601685035067796,False
ATTTGTTCCAGGGCTC-1,8090.0,4985.0,L3,0,0.17392826039877166,1,bisquare,8064,1.0,negbinomial,0.17601685035067796,False
CAAACGAGTATCGCAG-1,6430.0,8335.0,L6,3,0.181330819690903,1,bisquare,8064,1.0,negbinomial,0.17601685035067796,False
CAAACGGTCGCACTTT-1,5953.0,6297.0,L5,2,0.18155252638958327,1,bisquare,8064,1.0,negbinomial,0.17601685035067796,False
CAAACGTGGTCTTGCG-1,8576.0,3190.0,L3,0,0.10863758720781369,1,bisquare,8064,1.0,negbinomial,0.17601685035067796,False
CAAACTACGATAGAGA-1,8987.0,4149.0,L3,0,0.24455902070562685,1,bisquare,8064,1.0,negbinomial,0.17601685035067796,False
CAAACTATTGAGCTTC-1,8368.0,4027.0,L3,0,0.15175052182840626,1,bisquare,8064,1.0,negbinomial,0.17601685035067796,False
CAAACTCGCGACGCCG-1,10836.0,8106.0,L4,1,0.2852341431872722,1,bisquare,8064,1.0,negbinomial,0.17601685035067796,False
CAAAGATTATTGGGCC-1,5257.0,9410.0,L6,3,0.19104652507084458,1,bisquare,8064,1.0,negbinomial,0.17601685035067796,False
CAAAGGTCATCTGAAA-1,11731.0,8227.0,L4,1,0.28953886152259073,1,bisquare,8064,1.0,negbinomial,0.17601685035067796,False
CAAAGGTTAAATTCAG-1,11123.0,3315.0,L3,0,0.2665806504672141,1,bisquare,8064,1.0,negbinomial,0.17601685035067796,False
CAAATCTCTCACAAGG-1,4848.0,7971.0,L6,3,0.18866005903252078,1,bisquare,8064,1.0,negbinomial,0.17601685035067796,False
CAAATGTCCTTCCGTG-1,6844.0,8096.0,L6,3,0.1884138674961924,1,bisquare,8064,1.0,negbinomial,0.17601685035067796,False
CAAATTGGATTATGCC-1,11187.0,5352.0,L3,0,0.14684024303392626,1,bisquare,8064,1.0,negbinomial,0.17601685035067796,False
CAAATTGTCAGCAAGC-1,7817.0,4266.0,L3,0,0.33266861359360567,1,bisquare,8064,1.0,negbinomial,0.17601685035067796,False
CAACACATCTCCTGCC-1,11459.0,6550.0,L3,0,0.1648264571365661,1,bisquare,8064,1.0,negbinomial,0.17601685035067796,False
CAACAGAATAACGCTA-1,9610.0,2833.0,L3,0,0.1345554876233509,1,bisquare,8064,1.0,negbinomial,0.17601685035067796,False
CAACCAGTGGCCTACC-1,11107.0,10023.0,L6,3,0.28853432788968325,1,bisquare,8064,1.0,negbinomial,0.17601685035067796,False
CAACCTACCGAGCAGT-1,10281.0,10021.0,L6,3,0.26980942458785134,1,bisquare,8064,1.0,negbinomial,0.17601685035067796,False
CAACCTGAACCTGCCA-1,11668.0,5712.0,L3,0,0.11175051649188068,1,bisquare,8064,1.0,negbinomial,0.17601685035067796,False
CAACGACCCGTTTACA-1,6644.0,5101.0,L3,0,0.13986264782070984,1,bisquare,8064,1.0,negbinomial,0.17601685035067796,False
CAACGGTTCTTGATAC-1,5819.0,4860.0,L3,0,0.12472504443682661,1,bisquare,8064,1.0,negbinomial,0.17601685035067796,False
CAACGTGGTGGAGTCT-1,10971.0,9304.0,L5,2,0.17485909673050684,1,bisquare,8064,1.0,negbinomial,0.17601685035067796,False
CAACTATATCGAATGC-1,8642.0,4507.0,L3,0,0.234163947897527,1,bisquare,8064,1.0,negbinomial,0.17601685035067796,False
CAACTCCAACGTTTAG-1,9127.0,3191.0,L3,0,0.12691734459094517,1,bisquare,8064,1.0,negbinomial,0.17601685035067796,False
CAACTCCGTAACTTGC-1,11396.0,4274.0,L3,0,0.2058699415064627,1,bisquare,8064,1.0,negbinomial,0.17601685035067796,False
CAACTCCTTGATCCCG-1,6370.0,4861.0,L3,0,0.16674414495189102,1,bisquare,8064,1.0,negbinomial,0.17601685035067796,False
CAACTGAGGGTATGAC-1,11466.0,3915.0,L3,0,0.14967871740451533,1,bisquare,8064,1.0,negbinomial,0.17601685035067796,False
CAACTGCTCATCCGAT-1,6977.0,9773.0,WM,4,0.16084058085851194,1,bisquare,8064,1.0,negbinomial,0.17601685035067796,False
CAACTTGTAGTGGGCA-1,6028.0,3782.0,L3,0,0.1580327557409409,1,bisquare,8064,1.0,negbinomial,0.17601685035067796,False
CAAGAAACCCTAAACT-1,11535.0,3556.0,L3,0,0.16718544141781272,1,bisquare,8064,1.0,negbinomial,0.17601685035067796,False
CAAGAGGGCGGAGTAC-1,8289.0,8219.0,L6,3,0.1349628043075737,1,bisquare,8064,1.0,negbinomial,0.17601685035067796,False
CAAGATATTATAACGT-1,9322.0,8102.0,L5,2,0.231214176054411,1,bisquare,8064,1.0,negbinomial,0.17601685035067796,False
CAAGCAACGTCGGAGT-1,5815.0,6537.0,L5,2,0.2911391619103242,1,bisquare,8064,1.0,negbinomial,0.17601685035067796,False
CAAGCACCAAATGCCT-1,7746.0,4864.0,L3,0,0.26006222979499566,1,bisquare,8064,1.0,negbinomial,0.17601685035067796,False
CAAGCGGCACATAATT-1,8149.0,9177.0,L6,3,0.07807666089609983,1,bisquare,8064,1.0,negbinomial,0.17601685035067796,False
CAAGGATCGCATGTTC-1,7878.0,7500.0,L5,2,0.08870120365770032,1,bisquare,8064,1.0,negbinomial,0.17601685035067796,False
CAAGGCCAGTGGTGCA-1,10073.0,10619.0,L6,3,0.16326126193707952,1,bisquare,8064,1.0,negbinomial,0.17601685035067796,False
CAAGGTCCTATAGGCT-1,10770.0,6788.0,L3,0,0.19228035618490227,1,bisquare,8064,1.0,negbinomial,0.17601685035067796,False
CAAGTAAGTGATAGAC-1,6837.0,10970.0,WM,4,0.12915735846927429,1,bisquare,8064,1.0,negbinomial,0.17601685035067796,False
CAAGTGAACTTTGGTT-1,6924.0,3425.0,L3,0,0.12993487712359877,1,bisquare,8064,1.0,negbinomial,0.17601685035067796,False
CAAGTGTGGTTGCAAA-1,9667.0,7504.0,L4,1,0.31929658963262847,1,bisquare,8064,1.0,negbinomial,0.17601685035067796,False
CAATAAACCTTGGCCC-1,8295.0,5824.0,L3,0,0.23905205788600864,1,bisquare,8064,1.0,negbinomial,0.17601685035067796,False
CAATACGAGAGTCTGA-1,11456.0,7987.0,L4,1,0.12919144557082501,1,bisquare,8064,1.0,negbinomial,0.17601685035067796,False
CAATACGCTCTGAGGC-1,3885.0,7490.0,L5,2,0.17763435610793543,1,bisquare,8064,1.0,negbinomial,0.17601685035067796,False
CAATATGTAGATTTAC-1,10435.0,3314.0,L3,0,0.23699008802356933,1,bisquare,8064,1.0,negbinomial,0.17601685035067796,False
CAATATTCTTGACCTA-1,5946.0,9172.0,L6,3,0.08199173329221654,1,bisquare,8064,1.0,negbinomial,0.17601685035067796,False
CAATCCATTATCCGTT-1,10092.0,2714.0,L3,0,0.10258908345844542,1,bisquare,8064,1.0,negbinomial,0.17601685035067796,False
CAATCCCTATACCAGC-1,9262.0,4149.0,L3,0,0.10440877619989057,1,bisquare,8064,1.0,negbinomial,0.17601685035067796,False
CAATCCTGCCGTGGAG-1,4857.0,4378.0,L3,0,0.13600337872135163,1,bisquare,8064,1.0,negbinomial,0.17601685035067796,False
CAATGAGGTTCGACTA-1,11391.0,6191.0,L3,0,0.19496645551317365,1,bisquare,8064,1.0,negbinomial,0.17601685035067796,False
CAATGCGAGAAGTATC-1,8837.0,9179.0,L6,3,0.17680483333143818,1,bisquare,8064,1.0,negbinomial,0.17601685035067796,False
CAATGGAATCTACATA-1,9470.0,3791.0,L3,0,0.1692795520064754,1,bisquare,8064,1.0,negbinomial,0.17601685035067796,False
CAATGGATCTCTACCA-1,9120.0,6065.0,L3,0,0.13418927388713775,1,bisquare,8064,1.0,negbinomial,0.17601685035067796,False
CAATGGTCGGCCTGGG-1,7061.0,3425.0,L3,0,0.09817905598857515,1,bisquare,8064,1.0,negbinomial,0.17601685035067796,False
CAATGTGCCAACCCTT-1,11114.0,7148.0,L3,0,0.20973821124643252,1,bisquare,8064,1.0,negbinomial,0.17601685035067796,False
CAATTAAGGGTGATGA-1,7674.0,6182.0,L4,1,0.17308083062730173,1,bisquare,8064,1.0,negbinomial,0.17601685035067796,False
CAATTTCGTATAAGGG-1,7534.0,7139.0,L5,2,0.1625145235235983,1,bisquare,8064,1.0,negbinomial,0.17601685035067796,False
CACAAGAAAGATATTA-1,10914.0,4393.0,L3,0,0.3459554343967636,1,bisquare,8064,1.0,negbinomial,0.17601685035067796,False
CACAAGCTAAGAAAGG-1,4222.0,10725.0,L6,3,0.15285278491738644,1,bisquare,8064,1.0,negbinomial,0.17601685035067796,False
CACAATGAGCTGCTAT-1,6638.0,7736.0,L6,3,0.20819487910611365,1,bisquare,8064,1.0,negbinomial,0.17601685035067796,False
CACACACGCTAACGAG-1,10283.0,9302.0,L6,3,0.34705370312793166,1,bisquare,8064,1.0,negbinomial,0.17601685035067796,False
CACACAGCTTGCGCTC-1,11111.0,8346.0,L4,1,0.16142236256870254,1,bisquare,8064,1.0,negbinomial,0.17601685035067796,False
CACACAGGGATAGATT-1,5060.0,5696.0,L5,2,0.1561146915367846,1,bisquare,8064,1.0,negbinomial,0.17601685035067796,False
CACACGCGCTGTCTTA-1,9325.0,6665.0,L3,0,0.35713745663362423,1,bisquare,8064,1.0,negbinomial,0.17601685035067796,False
CACACGTTTCAATGGG-1,9333.0,3311.0,L3,0,0.07986626711352875,1,bisquare,8064,1.0,negbinomial,0.17601685035067796,False
CACACTTGTATTGCGA-1,11190.0,3914.0,L3,0,0.2587811994837256,1,bisquare,8064,1.0,negbinomial,0.17601685035067796,False
CACAGAGACGAGGACG-1,4567.0,10366.0,L6,3,0.1461926163598106,1,bisquare,8064,1.0,negbinomial,0.17601685035067796,False
CACAGCACCCACGGCA-1,7261.0,6420.0,L5,2,0.21663894236844214,1,bisquare,8064,1.0,negbinomial,0.17601685035067796,False
CACAGCTAGGGAGTGA-1,7333.0,5103.0,L3,0,0.1868735184700328,1,bisquare,8064,1.0,negbinomial,0.17601685035067796,False
CACAGGGCCATATAGT-1,9869.0,9540.0,L6,3,0.22406042937103848,1,bisquare,8064,1.0,negbinomial,0.17601685035067796,False
CACAGGGCCGTTGTCA-1,7321.0,10133.0,WM,4,0.11813682990534609,1,bisquare,8064,1.0,negbinomial,0.17601685035067796,False
CACAGTCCCGCTTCGC-1,10901.0,9902.0,L6,3,0.1553603649993135,1,bisquare,8064,1.0,negbinomial,0.17601685035067796,False
CACAGTTCGCTTCCCA-1,11040.0,9184.0,L5,2,0.11975659783872698,1,bisquare,8064,1.0,negbinomial,0.17601685035067796,False
CACATATTAGCAGGAT-1,8220.0,8339.0,L6,3,0.2694627121052773,1,bisquare,8064,1.0,negbinomial,0.17601685035067796,False
CACATCGTGCACGCGC-1,5807.0,9890.0,WM,4,0.12292076362369388,1,bisquare,8064,1.0,negbinomial,0.17601685035067796,False
CACATCTCACCGACGA-1,8355.0,9537.0,WM,4,0.28353252667777645,1,bisquare,8064,1.0,negbinomial,0.17601685035067796,False
CACATGATTCAGCAAC-1,7603.0,7259.0,L5,2,0.15089105772687836,1,bisquare,8064,1.0,negbinomial,0.17601685035067796,False
CACATGTTTGGACATG-1,4445.0,3898.0,L3,0,0.13203137069300908,1,bisquare,8064,1.0,negbinomial,0.17601685035067796,False
CACATTCTTTCGATGG-1,9398.0,4868.0,L3,0,0.10325434211245023,1,bisquare,8064,1.0,negbinomial,0.17601685035067796,False
CACATTTCTTGTCAGA-1,10630.0,7985.0,L4,1,0.3141709099450176,1,bisquare,8064,1.0,negbinomial,0.17601685035067796,False
CACCACGCCACACAGA-1,3748.0,7490.0,L5,2,0.22575267620112688,1,bisquare,8064,1.0,negbinomial,0.17601685035067796,False
CACCAGTCAGCATGCA-1,4706.0,9887.0,L6,3,0.19078496127630062,1,bisquare,8064,1.0,negbinomial,0.17601685035067796,False
CACCATCGGAGGAGAC-1,7404.0,4025.0,L3,0,0.18579753033750399,1,bisquare,8064,1.0,negbinomial,0.17601685035067796,False
CACCATGATCGCAAAG-1,11052.0,4154.0,L3,0,0.26364121118470807,1,bisquare,8064,1.0,negbinomial,0.17601685035067796,False
CACCCAAATCTTATGT-1,10426.0,6907.0,L3,0,0.23914521412068165,1,bisquare,8064,1.0,negbinomial,0.17601685035067796,False
CACCCACACGTCACCC-1,6164.0,4741.0,L3,0,0.11583693809118605,1,bisquare,8064,1.0,negbinomial,0.17601685035067796,False
CACCCACGAGGCAATT-1,9122.0,5107.0,L3,0,0.1206556487204193,1,bisquare,8064,1.0,negbinomial,0.17601685035067796,False
CACCCGGTTTGTGACT-1,5878.0,9052.0,L6,3,0.05509452383377277,1,bisquare,8064,1.0,negbinomial,0.17601685035067796,False
CACCCTAACAAGATCT-1,8699.0,9418.0,L6,3,0.11697445677782012,1,bisquare,8064,1.0,negbinomial,0.17601685035067796,False
CACCCTTGGTGAGACC-1,4296.0,8689.0,L6,3,0.15063994000957728,1,bisquare,8064,1.0,negbinomial,0.17601685035067796,False
CACCCTTTCCTCGCTC-1,5960.0,3662.0,L3,0,0.25132248202150437,1,bisquare,8064,1.0,negbinomial,0.17601685035067796,False
CACCGATACACCGAGC-1,8988.0,3909.0,L3,0,0.3376639436284173,1,bisquare,8064,1.0,negbinomial,0.17601685035067796,False
CACCGCCAGAAGGTTT-1,7262.0,5941.0,L4,1,0.1825445568987294,1,bisquare,8064,1.0,negbinomial,0.17601685035067796,False
CACCGCCGACCAGCGA-1,7818.0,3787.0,L3,0,0.1663045627693595,1,bisquare,8064,1.0,negbinomial,0.17601685035067796,False
CACCGCGTCCACTCTA-1,10363.0,4631.0,L3,0,0.1266778943685927,1,bisquare,8064,1.0,negbinomial,0.17601685035067796,False
CACCGGAGATATCTCC-1,9608.0,3551.0,L3,0,0.12991798839519608,1,bisquare,8064,1.0,negbinomial,0.17601685035067796,False
CACCGGTAGAGACATT-1,4291.0,10605.0,L6,3,0.16383405835302392,1,bisquare,8064,1.0,negbinomial,0.17601685035067796,False
CACCGTATCCCATCCG-1,10352.0,8943.0,L5,2,0.17310022805651196,1,bisquare,8064,1.0,negbinomial,0.17601685035067796,False
CACCGTTAGGGATCAC-1,5740.0,9051.0,L6,3,0.05945124755720448,1,bisquare,8064,1.0,negbinomial,0.17601685035067796,False
CACCGTTGCGCGATAT-1,5191.0,8332.0,L6,3,0.3274106957697142,1,bisquare,8064,1.0,negbinomial,0.17601685035067796,False
CACCTAATAGAGTCGT-1,4925.0,4738.0,L3,0,0.17358098159956656,1,bisquare,8064,1.0,negbinomial,0.17601685035067796,False
CACCTAATCAGTTTAC-1,8159.0,5105.0,L3,0,0.1952856310550459,1,bisquare,8064,1.0,negbinomial,0.17601685035067796,False
CACCTCGATGGTGGAC-1,8022.0,4865.0,L3,0,0.14357315285983782,1,bisquare,8064,1.0,negbinomial,0.17601685035067796,False
CACCTCTACGAGTGTG-1,11331.0,2717.0,L3,0,0.15767508774281094,1,bisquare,8064,1.0,negbinomial,0.17601685035067796,False
CACCTTGCGAAACTCG-1,8984.0,5586.0,L3,0,0.17695734759734497,1,bisquare,8064,1.0,negbinomial,0.17601685035067796,False
CACCTTGGCGCCTTTG-1,10286.0,7865.0,L4,1,0.17738006044125665,1,bisquare,8064,1.0,negbinomial,0.17601685035067796,False
CACGAAAGTTAGTCCC-1,5195.0,6655.0,L5,2,0.12095584443221996,1,bisquare,8064,1.0,negbinomial,0.17601685035067796,False
CACGACCACAGACTTT-1,10023.0,2834.0,L3,0,0.11545360593327658,1,bisquare,8064,1.0,negbinomial,0.17601685035067796,False
CACGACGTAATAGTAA-1,10503.0,3434.0,L3,0,0.21006663941225961,1,bisquare,8064,1.0,negbinomial,0.17601685035067796,False
CACGACTAAAGTTCTG-1,6581.0,3065.0,L3,0,0.1153628933725004,1,bisquare,8064,1.0,negbinomial,0.17601685035067796,False
CACGCACAGCGCAGCT-1,8158.0,5584.0,L3,0,0.2318298852692965,1,bisquare,8064,1.0,negbinomial,0.17601685035067796,False
CACGCAGCGAGGCTTT-1,6159.0,6418.0,L5,2,0.2649888045559341,1,bisquare,8064,1.0,negbinomial,0.17601685035067796,False
CACGCGGAACTGTTGC-1,9942.0,7744.0,L4,1,0.20933945087771555,1,bisquare,8064,1.0,negbinomial,0.17601685035067796,False
CACGGCGCGCCAAAGG-1,10294.0,4511.0,L3,0,0.16228607849822796,1,bisquare,8064,1.0,negbinomial,0.17601685035067796,False
CACGGGATTGAGGGTT-1,3957.0,6412.0,L4,1,0.11321412125597957,1,bisquare,8064,1.0,negbinomial,0.17601685035067796,False
CACGTCAATCAATGGA-1,11175.0,10142.0,L6,3,0.1745481849744191,1,bisquare,8064,1.0,negbinomial,0.17601685035067796,False
CACGTCGGCAACCTCT-1,5741.0,8572.0,L6,3,0.2154963575457446,1,bisquare,8064,1.0,negbinomial,0.17601685035067796,False
CACGTCTATGATGTGG-1,9746.0,3552.0,L3,0,0.19463695586012744,1,bisquare,8064,1.0,negbinomial,0.17601685035067796,False
CACGTTCGTGCTCTAG-1,8773.0,7142.0,L5,2,0.26475333869317347,1,bisquare,8064,1.0,negbinomial,0.17601685035067796,False
CACGTTTCGTACACAC-1,9457.0,9300.0,L6,3,0.18469934848381475,1,bisquare,8064,1.0,negbinomial,0.17601685035067796,False
CACTAAAGTTGCCTAT-1,6709.0,6898.0,L5,2,0.11896987079139276,1,bisquare,8064,1.0,negbinomial,0.17601685035067796,False
CACTACGGGAGCTGCC-1,10557.0,9782.0,L6,3,0.16286661718988993,1,bisquare,8064,1.0,negbinomial,0.17601685035067796,False
CACTACTCAGTTCTGT-1,8370.0,3309.0,L3,0,0.11177983157168381,1,bisquare,8064,1.0,negbinomial,0.17601685035067796,False
CACTCAAGAGCTATGG-1,7121.0,7378.0,L5,2,0.15326912381978738,1,bisquare,8064,1.0,negbinomial,0.17601685035067796,False
CACTCAGCTCTTGAGG-1,8093.0,4027.0,L3,0,0.09030763541822204,1,bisquare,8064,1.0,negbinomial,0.17601685035067796,False
CACTCCTATGTAAGAT-1,5670.0,9411.0,L6,3,0.11516986478718044,1,bisquare,8064,1.0,negbinomial,0.17601685035067796,False
CACTCCTCTCGGTCGG-1,9193.0,4509.0,L3,0,0.08144621501155204,1,bisquare,8064,1.0,negbinomial,0.17601685035067796,False
CACTCGAGCTGAACAA-1,8288.0,8459.0,L6,3,0.28019622424590895,1,bisquare,8064,1.0,negbinomial,0.17601685035067796,False
CACTCGGTTAGGAGGA-1,4093.0,6892.0,L5,2,0.14907398812864397,1,bisquare,8064,1.0,negbinomial,0.17601685035067796,False
CACTCTCAAGCATCGA-1,6424.0,10969.0,WM,4,0.11193910403683528,1,bisquare,8064,1.0,negbinomial,0.17601685035067796,False
CACTCTTCTGCTAGCC-1,10144.0,9781.0,L6,3,0.15646883338283288,1,bisquare,8064,1.0,negbinomial,0.17601685035067796,False
CACTGACGATTGTGGA-1,6700.0,10491.0,WM,4,0.10233976225891296,1,bisquare,8064,1.0,negbinomial,0.17601685035067796,False
CACTGTCCAAGTGAGA-1,6163.0,4980.0,L3,0,0.17268326416595875,1,bisquare,8064,1.0,negbinomial,0.17601685035067796,False
CACTTAATCAGACGGA-1,6503.0,6778.0,L5,2,0.11339152378214999,1,bisquare,8064,1.0,negbinomial,0.17601685035067796,False
CACTTCGCCACAGGCT-1,5336.0,5218.0,L4,1,0.09455164669689924,1,bisquare,8064,1.0,negbinomial,0.17601685035067796,False
CACTTCGTCTTATCTC-1,4168.0,4377.0,L3,0,0.1902960961751868,1,bisquare,8064,1.0,negbinomial,0.17601685035067796,False
CAGAACTTAGCCCTCT-1,9044.0,9059.0,L6,3,0.17379280502697989,1,bisquare,8064,1.0,negbinomial,0.17601685035067796,False
CAGAATAACACACGGA-1,10833.0,9303.0,L5,2,0.1957459355675102,1,bisquare,8064,1.0,negbinomial,0.17601685035067796,False
CAGAATATTCGTTATC-1,11729.0,8707.0,L4,1,0.24828374814321177,1,bisquare,8064,1.0,negbinomial,0.17601685035067796,False
CAGACACCGATCGCTG-1,6704.0,9054.0,WM,4,0.3155578619416847,1,bisquare,8064,1.0,negbinomial,0.17601685035067796,False
CAGACCTGTAAGTGTT-1,10014.0,6427.0,L3,0,0.16342559956937294,1,bisquare,8064,1.0,negbinomial,0.17601685035067796,False
CAGACGAACCTGATAC-1,6636.0,8694.0,L6,3,0.07473377204234984,1,bisquare,8064,1.0,negbinomial,0.17601685035067796,False
CAGAGACGGTCACCCA-1,7117.0,8815.0,L6,3,0.07348478826464694,1,bisquare,8064,1.0,negbinomial,0.17601685035067796,False
CAGAGCATGAGCTTGC-1,8019.0,5823.0,L3,0,0.11579085470322499,1,bisquare,8064,1.0,negbinomial,0.17601685035067796,False
CAGAGGCGATGCATGA-1,6497.0,9173.0,WM,4,0.24176107490492907,1,bisquare,8064,1.0,negbinomial,0.17601685035067796,False
CAGAGTGATTTAACGT-1,7955.0,3787.0,L3,0,0.1706273687403236,1,bisquare,8064,1.0,negbinomial,0.17601685035067796,False
CAGATAATGGGCGGGT-1,10211.0,10619.0,L6,3,0.1522230762751357,1,bisquare,8064,1.0,negbinomial,0.17601685035067796,False
CAGATACTAACATAGT-1,6367.0,5819.0,L5,2,0.1592703387939849,1,bisquare,8064,1.0,negbinomial,0.17601685035067796,False
CAGATATGAAGATGAC-1,4497.0,10725.0,L6,3,0.14264564578785088,1,bisquare,8064,1.0,negbinomial,0.17601685035067796,False
CAGATCATTTAAAGTC-1,10636.0,5350.0,L3,0,0.22985868632102055,1,bisquare,8064,1.0,negbinomial,0.17601685035067796,False
CAGATCCTGGTTTGAA-1,4363.0,9288.0,L6,3,0.10333392561994552,1,bisquare,8064,1.0,negbinomial,0.17601685035067796,False
CAGCAGCCCGTTCCTT-1,8569.0,6064.0,L3,0,0.11894384041734592,1,bisquare,8064,1.0,negbinomial,0.17601685035067796,False
CAGCAGTCCAGACTAT-1,10077.0,8703.0,L5,2,0.14555493553542645,1,bisquare,8064,1.0,negbinomial,0.17601685035067796,False
CAGCAGTCTGTGCTGC-1,8284.0,10136.0,WM,4,0.1242915436242651,1,bisquare,8064,1.0,negbinomial,0.17601685035067796,False
CAGCCCTCACAGGCAG-1,7544.0,3067.0,L3,0,0.11384896468582137,1,bisquare,8064,1.0,negbinomial,0.17601685035067796,False
CAGCCGGGCCCTCTAT-1,9056.0,4029.0,L3,0,0.09376782003833864,1,bisquare,8064,1.0,negbinomial,0.17601685035067796,False
CAGCCTCCTGCAGAGG-1,8502.0,5465.0,L3,0,0.1621731598199318,1,bisquare,8064,1.0,negbinomial,0.17601685035067796,False
CAGCCTCTCCTCAAGA-1,9743.0,4510.0,L3,0,0.15707895011420356,1,bisquare,8064,1.0,negbinomial,0.17601685035067796,False
CAGCGATTCCCTTCAA-1,6153.0,9052.0,L6,3,0.054223053760206384,1,bisquare,8064,1.0,negbinomial,0.17601685035067796,False
CAGCTCACTGAGACAT-1,7260.0,6660.0,L5,2,0.3450743573050018,1,bisquare,8064,1.0,negbinomial,0.17601685035067796,False
CAGCTCGACAAGTTAA-1,9395.0,6066.0,L3,0,0.19813144317986306,1,bisquare,8064,1.0,negbinomial,0.17601685035067796,False
CAGCTCGTGCTTGTGT-1,6096.0,4381.0,L3,0,0.21092446622932745,1,bisquare,8064,1.0,negbinomial,0.17601685035067796,False
CAGCTGGCGTAACCGT-1,4709.0,8450.0,L6,3,0.24548574339358176,1,bisquare,8064,1.0,negbinomial,0.17601685035067796,False
CAGCTTAGTAGGTAGC-1,5127.0,6535.0,L5,2,0.12313124135660415,1,bisquare,8064,1.0,negbinomial,0.17601685035067796,False
CAGGAAGACTTTATAT-1,9056.0,4269.0,L3,0,0.22622274993061,1,bisquare,8064,1.0,negbinomial,0.17601685035067796,False
CAGGATATATCGTTGT-1,7326.0,7977.0,L6,3,0.16620915901100228,1,bisquare,8064,1.0,negbinomial,0.17601685035067796,False
CAGGCAGTCTTACCAG-1,9041.0,10497.0,WM,4,0.19957555387580075,1,bisquare,8064,1.0,negbinomial,0.17601685035067796,False
CAGGCCGTTTGGGTGT-1,6157.0,7376.0,L5,2,0.14218570241824058,1,bisquare,8064,1.0,negbinomial,0.17601685035067796,False
CAGGCGCACGGTGGTC-1,5120.0,9409.0,L6,3,0.20635333468316286,1,bisquare,8064,1.0,negbinomial,0.17601685035067796,False
CAGGCGCCATGCTAGG-1,8219.0,8578.0,L6,3,0.15681586025090238,1,bisquare,8064,1.0,negbinomial,0.17601685035067796,False
CAGGTTTAGTACTACA-1,11809.0,4275.0,L3,0,0.16605463584936184,1,bisquare,8064,1.0,negbinomial,0.17601685035067796,False
CAGTAACTATTTATTG-1,10155.0,4990.0,L3,0,0.12831658723177197,1,bisquare,8064,1.0,negbinomial,0.17601685035067796,False
CAGTAATCCCTCCCAG-1,4923.0,5217.0,L4,1,0.15504775173196525,1,bisquare,8064,1.0,negbinomial,0.17601685035067796,False
CAGTACATTCTCTAAA-1,10224.0,5110.0,L3,0,0.25546076430910086,1,bisquare,8064,1.0,negbinomial,0.17601685035067796,False
CAGTACCAGTTTACGT-1,4434.0,8450.0,L6,3,0.1998561627535409,1,bisquare,8064,1.0,negbinomial,0.17601685035067796,False
CAGTAGCCCACGCGGT-1,9465.0,5707.0,L3,0,0.13312375012733174,1,bisquare,8064,1.0,negbinomial,0.17601685035067796,False
CAGTAGCGAGGTAGTA-1,5272.0,3182.0,L3,0,0.07193019519923588,1,bisquare,8064,1.0,negbinomial,0.17601685035067796,False
CAGTCCAACGCCTTCT-1,11466.0,3676.0,L3,0,0.10725883072384637,1,bisquare,8064,1.0,negbinomial,0.17601685035067796,False
CAGTCGAGGATGCAAT-1,10016.0,5708.0,L3,0,0.17247734524755826,1,bisquare,8064,1.0,negbinomial,0.17601685035067796,False
CAGTCTCTCGGCTAAT-1,5134.0,3421.0,L3,0,0.0919746624570143,1,bisquare,8064,1.0,negbinomial,0.17601685035067796,False
CAGTCTGTATACTGGG-1,7739.0,7739.0,L5,2,0.08631004908942966,1,bisquare,8064,1.0,negbinomial,0.17601685035067796,False
CAGTGAATAAATGACT-1,8915.0,5706.0,L3,0,0.1725042255517651,1,bisquare,8064,1.0,negbinomial,0.17601685035067796,False
CAGTGGTTGCACATGA-1,4718.0,4618.0,L3,0,0.14226153209630918,1,bisquare,8064,1.0,negbinomial,0.17601685035067796,False
CAGTGTCCGCAGAATG-1,5751.0,4500.0,L3,0,0.11570755533939023,1,bisquare,8064,1.0,negbinomial,0.17601685035067796,False
CAGTGTCGGCTGGCCC-1,9526.0,8941.0,L6,3,0.33500370712338945,1,bisquare,8064,1.0,negbinomial,0.17601685035067796,False
CAGTTCAAATTGACAC-1,6711.0,6179.0,L5,2,0.1899129249908418,1,bisquare,8064,1.0,negbinomial,0.17601685035067796,False
CAGTTCCGCGGGTCGA-1,4991.0,5816.0,L5,2,0.22996412237778638,1,bisquare,8064,1.0,negbinomial,0.17601685035067796,False
CAGTTCGAGGACCCGA-1,6562.0,10970.0,WM,4,0.12147237846303006,1,bisquare,8064,1.0,negbinomial,0.17601685035067796,False
CATAACGGACAGTCGT-1,9669.0,7025.0,L3,0,0.15699981656330517,1,bisquare,8064,1.0,negbinomial,0.17601685035067796,False
CATAAGAAGCTTGGCT-1,8148.0,9656.0,WM,4,0.3405551201456003,1,bisquare,8064,1.0,negbinomial,0.17601685035067796,False
CATAAGCTCTCCGTCT-1,4160.0,7730.0,L5,2,0.18923104963253878,1,bisquare,8064,1.0,negbinomial,0.17601685035067796,False
CATAATGAGCGGGCGA-1,6373.0,3424.0,L3,0,0.19366981425641658,1,bisquare,8064,1.0,negbinomial,0.17601685035067796,False
CATACAAAGCCGAACC-1,5614.0,4260.0,L3,0,0.15944993974737834,1,bisquare,8064,1.0,negbinomial,0.17601685035067796,False
CATACACGGTTCCCAC-1,6977.0,10013.0,WM,4,0.08430181308340857,1,bisquare,8064,1.0,negbinomial,0.17601685035067796,False
CATACCCGTACCCAGT-1,5332.0,7134.0,L5,2,0.20926261996040516,1,bisquare,8064,1.0,negbinomial,0.17601685035067796,False
CATACGAACTAGCTGG-1,5324.0,10488.0,WM,4,0.2795845504064096,1,bisquare,8064,1.0,negbinomial,0.17601685035067796,False
CATACGGCGTCTGGGC-1,7534.0,7379.0,L5,2,0.16586676168483847,1,bisquare,8064,1.0,negbinomial,0.17601685035067796,False
CATACTATGTAATTGT-1,6502.0,7017.0,L5,2,0.1511690289094261,1,bisquare,8064,1.0,negbinomial,0.17601685035067796,False
CATACTTAGGCAATAC-1,10976.0,7148.0,L3,0,0.23508075382237806,1,bisquare,8064,1.0,negbinomial,0.17601685035067796,False
CATACTTCTTTCTCCG-1,6768.0,10850.0,WM,4,0.10027369570275307,1,bisquare,8064,1.0,negbinomial,0.17601685035067796,False
CATAGCCGCCCGGGAT-1,4715.0,5815.0,L5,2,0.13418181424645684,1,bisquare,8064,1.0,negbinomial,0.17601685035067796,False
CATAGCGTTGCCCACC-1,6084.0,9172.0,WM,4,0.21863761506858484,1,bisquare,8064,1.0,negbinomial,0.17601685035067796,False
CATAGTACATTGAGAG-1,8504.0,4507.0,L3,0,0.2770438815445467,1,bisquare,8064,1.0,negbinomial,0.17601685035067796,False
CATAGTAGCATAGTAG-1,6301.0,4981.0,L3,0,0.15886742251688923,1,bisquare,8064,1.0,negbinomial,0.17601685035067796,False
CATAGTCAAATACATA-1,9591.0,10498.0,L6,3,0.1010302611674562,1,bisquare,8064,1.0,negbinomial,0.17601685035067796,False
CATAGTCCACAAGAAC-1,5329.0,8092.0,L6,3,0.25245450506596967,1,bisquare,8064,1.0,negbinomial,0.17601685035067796,False
CATATACTACTGATAA-1,10224.0,4870.0,L3,0,0.3451106762153809,1,bisquare,8064,1.0,negbinomial,0.17601685035067796,False
CATATAGGTACAGTCA-1,6982.0,7857.0,L6,3,0.3379023737008998,1,bisquare,8064,1.0,negbinomial,0.17601685035067796,False
CATATGTCAGGCTACG-1,4847.0,8450.0,L6,3,0.14300023490626684,1,bisquare,8064,1.0,negbinomial,0.17601685035067796,False
CATATTATTTGCCCTA-1,8644.0,3789.0,L3,0,0.18419837926251428,1,bisquare,8064,1.0,negbinomial,0.17601685035067796,False
CATCAAACTGGCGCCC-1,11258.0,4513.0,L3,0,0.17981077572776522,1,bisquare,8064,1.0,negbinomial,0.17601685035067796,False
CATCAACACCTACTAA-1,3686.0,4495.0,L3,0,0.08665460202798449,1,bisquare,8064,1.0,negbinomial,0.17601685035067796,False
CATCATCTACCCGGAC-1,7955.0,4026.0,L3,0,0.25271041834280494,1,bisquare,8064,1.0,negbinomial,0.17601685035067796,False
CATCATTACCCTGAGG-1,9664.0,8941.0,L6,3,0.31209012807335346,1,bisquare,8064,1.0,negbinomial,0.17601685035067796,False
CATCCAATATAGTTTG-1,4429.0,10605.0,L6,3,0.10296712798098794,1,bisquare,8064,1.0,negbinomial,0.17601685035067796,False
CATCCGCAGGCCCGAA-1,4237.0,4497.0,L3,0,0.12569428688097758,1,bisquare,8064,1.0,negbinomial,0.17601685035067796,False
CATCCTCTCAAAGATC-1,9526.0,9180.0,L6,3,0.16768270617282025,1,bisquare,8064,1.0,negbinomial,0.17601685035067796,False
CATCGCCCGCGGCCAA-1,6233.0,4382.0,L3,0,0.24104917966949313,1,bisquare,8064,1.0,negbinomial,0.17601685035067796,False
CATCGGACGGGTTAAT-1,7189.0,7737.0,L6,3,0.1876451717679444,1,bisquare,8064,1.0,negbinomial,0.17601685035067796,False
CATCGTCCGGTTACTA-1,3959.0,5454.0,L3,0,0.15196358774898647,1,bisquare,8064,1.0,negbinomial,0.17601685035067796,False
CATCTACCCGAGAACG-1,10916.0,3435.0,L3,0,0.22005106603948305,1,bisquare,8064,1.0,negbinomial,0.17601685035067796,False
CATCTAGTGAAGGGAA-1,11524.0,8107.0,L4,1,0.19229382841968373,1,bisquare,8064,1.0,negbinomial,0.17601685035067796,False
CATCTATCCCGTGTCT-1,10087.0,4870.0,L3,0,0.20964271939332266,1,bisquare,8064,1.0,negbinomial,0.17601685035067796,False
CATCTGCAGGATCATT-1,3751.0,6052.0,L4,1,0.11530814856289637,1,bisquare,8064,1.0,negbinomial,0.17601685035067796,False
CATCTTACACCACCTC-1,10012.0,7145.0,L3,0,0.3280271701228858,1,bisquare,8064,1.0,negbinomial,0.17601685035067796,False
CATGAACCGACATTTG-1,6165.0,4022.0,L3,0,0.11906590001980315,1,bisquare,8064,1.0,negbinomial,0.17601685035067796,False
CATGAACCTCTTATCA-1,7957.0,3308.0,L3,0,0.1371030904655085,1,bisquare,8064,1.0,negbinomial,0.17601685035067796,False
CATGACTTCGCTGAAT-1,10493.0,7506.0,L4,1,0.22224815601294567,1,bisquare,8064,1.0,negbinomial,0.17601685035067796,False
CATGAGATGCACTCTC-1,8629.0,9777.0,WM,4,0.293440710482279,1,bisquare,8064,1.0,negbinomial,0.17601685035067796,False
CATGATGCACAATTCT-1,7952.0,5224.0,L3,0,0.13795088633110478,1,bisquare,8064,1.0,negbinomial,0.17601685035067796,False
CATGATGGAAGTTAGC-1,10285.0,8104.0,L5,2,0.25709626918209644,1,bisquare,8064,1.0,negbinomial,0.17601685035067796,False
CATGCACGTGTTACTG-1,9472.0,3072.0,L3,0,0.19772768952160286,1,bisquare,8064,1.0,negbinomial,0.17601685035067796,False
CATGCATGGAGACCCT-1,8025.0,3428.0,L3,0,0.33903755957862347,1,bisquare,8064,1.0,negbinomial,0.17601685035067796,False
CATGCCAACTCGCAAA-1,4642.0,7851.0,L5,2,0.18136810073281265,1,bisquare,8064,1.0,negbinomial,0.17601685035067796,False
CATGCGACCAGTTTAA-1,9947.0,5828.0,L3,0,0.20571701756511462,1,bisquare,8064,1.0,negbinomial,0.17601685035067796,False
CATGCGTTAGACAGAA-1,7541.0,4505.0,L3,0,0.20972502622463834,1,bisquare,8064,1.0,negbinomial,0.17601685035067796,False
CATGCTGGCTCCAATT-1,7335.0,4145.0,L3,0,0.15384628804992376,1,bisquare,8064,1.0,negbinomial,0.17601685035067796,False
CATGGAAATGGGACCA-1,10365.0,3433.0,L3,0,0.2936634730724516,1,bisquare,8064,1.0,negbinomial,0.17601685035067796,False
CATGGATTGTCTTCCG-1,10145.0,9302.0,L6,3,0.16322598026983676,1,bisquare,8064,1.0,negbinomial,0.17601685035067796,False
CATGGCAGGAAGATCG-1,7127.0,4743.0,L3,0,0.24942659877150603,1,bisquare,8064,1.0,negbinomial,0.17601685035067796,False
CATGGGTATGCCTTAT-1,8837.0,9418.0,L6,3,0.09256546626603919,1,bisquare,8064,1.0,negbinomial,0.17601685035067796,False
CATGGGTCGGGTGTGG-1,9053.0,5227.0,L3,0,0.13578635948447074,1,bisquare,8064,1.0,negbinomial,0.17601685035067796,False
CATGGTAAGTAGCGTT-1,8220.0,8099.0,L6,3,0.2641698485626436,1,bisquare,8064,1.0,negbinomial,0.17601685035067796,False
CATGGTCTAGATACCG-1,7744.0,5823.0,L3,0,0.191228812185094,1,bisquare,8064,1.0,negbinomial,0.17601685035067796,False
CATGTAAGAGACATTT-1,9388.0,9180.0,L6,3,0.24529320039915894,1,bisquare,8064,1.0,negbinomial,0.17601685035067796,False
CATGTAGGAGCGCCAA-1,10845.0,4512.0,L3,0,0.08338960303279892,1,bisquare,8064,1.0,negbinomial,0.17601685035067796,False
CATGTCTCATTTATGG-1,9045.0,8580.0,L6,3,0.15909489761403672,1,bisquare,8064,1.0,negbinomial,0.17601685035067796,False
CATTACATAGATTGTG-1,11254.0,5951.0,L3,0,0.1132400343985673,1,bisquare,8064,1.0,negbinomial,0.17601685035067796,False
CATTACGTCGGCCCGT-1,7677.0,4984.0,L3,0,0.19304831839492068,1,bisquare,8064,1.0,negbinomial,0.17601685035067796,False
CATTATCCCATTAACG-1,5323.0,10727.0,WM,4,0.31870799334552297,1,bisquare,8064,1.0,negbinomial,0.17601685035067796,False
CATTATGCTTGTTGTG-1,6780.0,5820.0,L4,1,0.1640097188919372,1,bisquare,8064,1.0,negbinomial,0.17601685035067796,False
CATTCACTGACAGCTA-1,7819.0,3308.0,L3,0,0.08199075782289102,1,bisquare,8064,1.0,negbinomial,0.17601685035067796,False
CATTCCCATTCCGTCG-1,11322.0,6550.0,L3,0,0.15614346796927736,1,bisquare,8064,1.0,negbinomial,0.17601685035067796,False
CATTCCCTAAGTACAA-1,4444.0,4138.0,L3,0,0.1465182427217157,1,bisquare,8064,1.0,negbinomial,0.17601685035067796,False
CATTGATGAACACGCC-1,11393.0,5472.0,L3,0,0.09111583361269836,1,bisquare,8064,1.0,negbinomial,0.17601685035067796,False
CATTGCAAAGCATAAT-1,8921.0,2831.0,L3,0,0.12856866133727762,1,bisquare,8064,1.0,negbinomial,0.17601685035067796,False
CATTGCGAAATGGGCG-1,4024.0,7011.0,L5,2,0.17605271792501906,1,bisquare,8064,1.0,negbinomial,0.17601685035067796,False
CATTGCGGGTCAATTC-1,11117.0,5711.0,L3,0,0.12249260183045961,1,bisquare,8064,1.0,negbinomial,0.17601685035067796,False
CATTGTGTGCTAGATC-1,4237.0,4257.0,L3,0,0.18573019021373877,1,bisquare,8064,1.0,negbinomial,0.17601685035067796,False
CATTTAGCGGACCATG-1,9052.0,5706.0,L3,0,0.16553378534791172,1,bisquare,8064,1.0,negbinomial,0.17601685035067796,False
CATTTATCGTTCAAGA-1,8507.0,3309.0,L3,0,0.15173735262169738,1,bisquare,8064,1.0,negbinomial,0.17601685035067796,False
CATTTCTAGCAGACTA-1,4994.0,4618.0,L3,0,0.24225103603221598,1,bisquare,8064,1.0,negbinomial,0.17601685035067796,False
CATTTGAGTGGTACGT-1,6498.0,8694.0,L6,3,0.0598193200908554,1,bisquare,8064,1.0,negbinomial,0.17601685035067796,False
CCAAACAGAACCCTCG-1,6506.0,5340.0,L4,1,0.18483578348923047,1,bisquare,8064,1.0,negbinomial,0.17601685035067796,False
CCAAATAACAAGATTC-1,10972.0,8825.0,L5,2,0.3351641006442397,1,bisquare,8064,1.0,negbinomial,0.17601685035067796,False
CCAACCTTATGTAACT-1,6011.0,10729.0,WM,4,0.13274718719268927,1,bisquare,8064,1.0,negbinomial,0.17601685035067796,False
CCAACGATGCACTGAT-1,5746.0,6417.0,L5,2,0.15014433505594613,1,bisquare,8064,1.0,negbinomial,0.17601685035067796,False
CCAACGCTTGCCAGGG-1,10089.0,3912.0,L3,0,0.10186926768395499,1,bisquare,8064,1.0,negbinomial,0.17601685035067796,False
CCAACTTGATAGATCC-1,11662.0,8347.0,L4,1,0.22638545818030456,1,bisquare,8064,1.0,negbinomial,0.17601685035067796,False
CCAAGAAAGTGGGCGA-1,6773.0,8934.0,L6,3,0.10702393855800024,1,bisquare,8064,1.0,negbinomial,0.17601685035067796,False
CCAAGACTTCTGCGAA-1,7470.0,5103.0,L3,0,0.26789180853497807,1,bisquare,8064,1.0,negbinomial,0.17601685035067796,False
CCAAGCGTAACTCGTA-1,8086.0,6662.0,L4,1,0.17405034261417052,1,bisquare,8064,1.0,negbinomial,0.17601685035067796,False
CCAAGGAACAGAGAGG-1,6509.0,4382.0,L3,0,0.15938697461253334,1,bisquare,8064,1.0,negbinomial,0.17601685035067796,False
CCAAGTTTCTACAGAT-1,3755.0,4376.0,L3,0,0.11503404466302908,1,bisquare,8064,1.0,negbinomial,0.17601685035067796,False
CCAATAGTGCCGTCGA-1,6090.0,6777.0,L5,2,0.1778092882012659,1,bisquare,8064,1.0,negbinomial,0.17601685035067796,False
CCAATCGGTAGATCGA-1,8987.0,4388.0,L3,0,0.2017539331941086,1,bisquare,8064,1.0,negbinomial,0.17601685035067796,False
CCAATGTCACAGCAAG-1,6571.0,7137.0,L5,2,0.11838496480471611,1,bisquare,8064,1.0,negbinomial,0.17601685035067796,False
CCAATTACGGGTCGAG-1,9605.0,4989.0,L3,0,0.1205679788316086,1,bisquare,8064,1.0,negbinomial,0.17601685035067796,False
CCAATTGAATGTTAAT-1,6369.0,5101.0,L3,0,0.1866312273757943,1,bisquare,8064,1.0,negbinomial,0.17601685035067796,False
CCACAATGTACGTCTT-1,9051.0,6185.0,L3,0,0.22303503678553538,1,bisquare,8064,1.0,negbinomial,0.17601685035067796,False
CCACACTGAGATATTA-1,6570.0,7377.0,L5,2,0.3087236382333967,1,bisquare,8064,1.0,negbinomial,0.17601685035067796,False
CCACAGCTGAAATCAT-1,5134.0,3660.0,L3,0,0.18393330573055686,1,bisquare,8064,1.0,negbinomial,0.17601685035067796,False
CCACAGTACCCATCCT-1,9527.0,8462.0,L5,2,0.14259931954466498,1,bisquare,8064,1.0,negbinomial,0.17601685035067796,False
CCACATACTGCACCCA-1,11316.0,8945.0,L5,2,0.19920920892857585,1,bisquare,8064,1.0,negbinomial,0.17601685035067796,False
CCACCAACTTTACTGT-1,5947.0,8932.0,L6,3,0.08183860581251695,1,bisquare,8064,1.0,negbinomial,0.17601685035067796,False
CCACCCAAGGAAAGTG-1,8360.0,7141.0,L5,2,0.1102532793338104,1,bisquare,8064,1.0,negbinomial,0.17601685035067796,False
CCACGAATTTAACCTC-1,10700.0,7626.0,L4,1,0.21738851822538655,1,bisquare,8064,1.0,negbinomial,0.17601685035067796,False
CCACGAGAAGAGAATC-1,8366.0,4746.0,L3,0,0.12110040638722123,1,bisquare,8064,1.0,negbinomial,0.17601685035067796,False
CCACGGAGCCATAAGA-1,5054.0,8331.0,L6,3,0.3479226294522503,1,bisquare,8064,1.0,negbinomial,0.17601685035067796,False
CCACGGTGCCCGGTAG-1,10564.0,6907.0,L3,0,0.25953929255411873,1,bisquare,8064,1.0,negbinomial,0.17601685035067796,False
CCACGTAAATTAGACT-1,11596.0,6790.0,L3,0,0.13785181717037723,1,bisquare,8064,1.0,negbinomial,0.17601685035067796,False
CCACTATCCGGGTCAC-1,11185.0,6310.0,L3,0,0.1765407023973083,1,bisquare,8064,1.0,negbinomial,0.17601685035067796,False
CCACTGGTGGCTGGTT-1,4643.0,7372.0,L5,2,0.17528823155770334,1,bisquare,8064,1.0,negbinomial,0.17601685035067796,False
CCACTGTTTGGATTAA-1,10488.0,9662.0,L6,3,0.21325396407172906,1,bisquare,8064,1.0,negbinomial,0.17601685035067796,False
CCAGAAAGCAACTCAT-1,5672.0,8932.0,L6,3,0.14753265717889394,1,bisquare,8064,1.0,negbinomial,0.17601685035067796,False
CCAGAGACAAAGCCGG-1,4647.0,5456.0,L4,1,0.14906572334453305,1,bisquare,8064,1.0,negbinomial,0.17601685035067796,False
CCAGATAGTTGAGTGA-1,8982.0,6065.0,L3,0,0.23948647077426005,1,bisquare,8064,1.0,negbinomial,0.17601685035067796,False
CCAGATGTAAATGGGT-1,11670.0,4994.0,L3,0,0.135346786758739,1,bisquare,8064,1.0,negbinomial,0.17601685035067796,False
CCAGCCTGGACCAATA-1,7672.0,7140.0,L5,2,0.279651131903015,1,bisquare,8064,1.0,negbinomial,0.17601685035067796,False
CCAGCGGGATCACCAG-1,11735.0,6551.0,L3,0,0.23093307359438733,1,bisquare,8064,1.0,negbinomial,0.17601685035067796,False
CCAGCTACGCCTCATA-1,5615.0,3781.0,L3,0,0.2219647377692339,1,bisquare,8064,1.0,negbinomial,0.17601685035067796,False
CCAGCTCGAACGCATT-1,7665.0,10254.0,WM,4,0.08631671486275481,1,bisquare,8064,1.0,negbinomial,0.17601685035067796,False
CCAGCTGATGGTACTT-1,4643.0,7133.0,L5,2,0.134007288791036,1,bisquare,8064,1.0,negbinomial,0.17601685035067796,False
CCAGCTTCCGCCCGCA-1,4370.0,6174.0,L5,2,0.14903899516865088,1,bisquare,8064,1.0,negbinomial,0.17601685035067796,False
CCAGGCTGGCGTCTGA-1,11590.0,9425.0,L5,2,0.16411384970747006,1,bisquare,8064,1.0,negbinomial,0.17601685035067796,False
CCAGGGACGTGGCCTC-1,6849.0,5940.0,L4,1,0.1812343692090381,1,bisquare,8064,1.0,negbinomial,0.17601685035067796,False
CCAGTAGTCTGATCCA-1,9465.0,5946.0,L3,0,0.21648913761792624,1,bisquare,8064,1.0,negbinomial,0.17601685035067796,False
CCAGTCAAATCTCTTA-1,3747.0,7729.0,L5,2,0.11101918141599973,1,bisquare,8064,1.0,negbinomial,0.17601685035067796,False
CCAGTCCATTATTCGA-1,4720.0,3899.0,L3,0,0.10085854867693374,1,bisquare,8064,1.0,negbinomial,0.17601685035067796,False
CCAGTCTAGACGGCGC-1,9121.0,5586.0,L3,0,0.14962671388632331,1,bisquare,8064,1.0,negbinomial,0.17601685035067796,False
CCAGTCTTGTCATAGA-1,7253.0,9774.0,WM,4,0.15420986586757235,1,bisquare,8064,1.0,negbinomial,0.17601685035067796,False
CCATAAACAACCCGAC-1,8436.0,4387.0,L3,0,0.23761398548260254,1,bisquare,8064,1.0,negbinomial,0.17601685035067796,False
CCATACCTTTACTTGT-1,10221.0,6308.0,L3,0,0.3562788644308309,1,bisquare,8064,1.0,negbinomial,0.17601685035067796,False
CCATAGGTTGGCGTGG-1,7471.0,4864.0,L3,0,0.18944268591769778,1,bisquare,8064,1.0,negbinomial,0.17601685035067796,False
CCATAGTCAGTAACCC-1,4374.0,4497.0,L3,0,0.15258413593818315,1,bisquare,8064,1.0,negbinomial,0.17601685035067796,False
CCATATGGAAACTATA-1,10283.0,9062.0,L6,3,0.29735253690940666,1,bisquare,8064,1.0,negbinomial,0.17601685035067796,False
CCATCATAAGAACAGG-1,10711.0,2835.0,L3,0,0.20397950841375564,1,bisquare,8064,1.0,negbinomial,0.17601685035067796,False
CCATCCATACCAAGTC-1,5820.0,4381.0,L3,0,0.11085150626610356,1,bisquare,8064,1.0,negbinomial,0.17601685035067796,False
CCATCGCAGTTAAACT-1,7462.0,8696.0,L6,3,0.09337062165819963,1,bisquare,8064,1.0,negbinomial,0.17601685035067796,False
CCATCTCACCAGTGAA-1,9943.0,7265.0,L4,1,0.1809577031087466,1,bisquare,8064,1.0,negbinomial,0.17601685035067796,False
CCATCTTGTTCACAAT-1,6029.0,3543.0,L3,0,0.08501536914061146,1,bisquare,8064,1.0,negbinomial,0.17601685035067796,False
CCATGCCCTAGATTTC-1,9938.0,9421.0,L6,3,0.17789904983604488,1,bisquare,8064,1.0,negbinomial,0.17601685035067796,False
CCATGCCTGTTTAGTA-1,6847.0,6898.0,L5,2,0.25028546771183635,1,bisquare,8064,1.0,negbinomial,0.17601685035067796,False
CCATGCTCTGCAGGAA-1,6162.0,5220.0,L4,1,0.15000776692662374,1,bisquare,8064,1.0,negbinomial,0.17601685035067796,False
CCATGGCCCTTGTACC-1,4714.0,6534.0,L5,2,0.17815444733700525,1,bisquare,8064,1.0,negbinomial,0.17601685035067796,False
CCATGTTCATCTATAT-1,5116.0,10847.0,L6,3,0.11062294772352424,1,bisquare,8064,1.0,negbinomial,0.17601685035067796,False
CCATTAGCGATAATCC-1,6090.0,6537.0,L5,2,0.16130511125702698,1,bisquare,8064,1.0,negbinomial,0.17601685035067796,False
CCATTCCCTGCCCACA-1,5884.0,6656.0,L5,2,0.17406785722461593,1,bisquare,8064,1.0,negbinomial,0.17601685035067796,False
CCATTGTTTCCTCCAT-1,11667.0,6191.0,L3,0,0.08798032366207253,1,bisquare,8064,1.0,negbinomial,0.17601685035067796,False
CCATTTCTACCTATTA-1,8080.0,9297.0,L6,3,0.11867812476360476,1,bisquare,8064,1.0,negbinomial,0.17601685035067796,False
CCCAAACATGCTGCTC-1,9256.0,6784.0,L3,0,0.3469104131255958,1,bisquare,8064,1.0,negbinomial,0.17601685035067796,False
CCCAACATACGTCGCG-1,5605.0,7853.0,L6,3,0.3128480316431995,1,bisquare,8064,1.0,negbinomial,0.17601685035067796,False
CCCAACCACACTAACA-1,7749.0,3667.0,L3,0,0.31240378882033487,1,bisquare,8064,1.0,negbinomial,0.17601685035067796,False
CCCAAGAATGCACGGT-1,9265.0,2952.0,L3,0,0.16797237561653308,1,bisquare,8064,1.0,negbinomial,0.17601685035067796,False
CCCAAGACAGAGTATG-1,6649.0,3185.0,L3,0,0.13128286413450155,1,bisquare,8064,1.0,negbinomial,0.17601685035067796,False
CCCAATGAGATTTGCA-1,5945.0,9890.0,WM,4,0.13201899762421357,1,bisquare,8064,1.0,negbinomial,0.17601685035067796,False
CCCAATTTCACAACTT-1,5469.0,7374.0,L5,2,0.1353396801471776,1,bisquare,8064,1.0,negbinomial,0.17601685035067796,False
CCCAGAGGAGGGCGTA-1,10430.0,5230.0,L3,0,0.12710426615674644,1,bisquare,8064,1.0,negbinomial,0.17601685035067796,False
CCCAGGTCTGAAGGCT-1,10834.0,9064.0,L5,2,0.23539995829079338,1,bisquare,8064,1.0,negbinomial,0.17601685035067796,False
CCCAGTAAACTTGGGA-1,4020.0,8928.0,L6,3,0.14245186562699355,1,bisquare,8064,1.0,negbinomial,0.17601685035067796,False
CCCAGTTAAGGCGCCG-1,8841.0,7741.0,L5,2,0.14814466350374614,1,bisquare,8064,1.0,negbinomial,0.17601685035067796,False
CCCATATAGGTCGATT-1,11243.0,10502.0,L6,3,0.2971540455556385,1,bisquare,8064,1.0,negbinomial,0.17601685035067796,False
CCCGAAGTTTCGCGAA-1,3953.0,8089.0,L5,2,0.1377687652193158,1,bisquare,8064,1.0,negbinomial,0.17601685035067796,False
CCCGACCATAGTCCGC-1,8296.0,5105.0,L3,0,0.15622239203172672,1,bisquare,8064,1.0,negbinomial,0.17601685035067796,False
CCCGAGTTTCTCCGTA-1,10629.0,8464.0,L5,2,0.14537820700797546,1,bisquare,8064,1.0,negbinomial,0.17601685035067796,False
CCCGCAGCGCGAACTA-1,7806.0,8577.0,L6,3,0.09835889897886367,1,bisquare,8064,1.0,negbinomial,0.17601685035067796,False
CCCGCAGGGCCCAAAG-1,8643.0,4028.0,L3,0,0.1320552644021812,1,bisquare,8064,1.0,negbinomial,0.17601685035067796,False
CCCGCCATGCTCCCGT-1,6025.0,4980.0,L3,0,0.15735193247163204,1,bisquare,8064,1.0,negbinomial,0.17601685035067796,False
CCCGCGCAATGCACCC-1,4786.0,4977.0,L4,1,0.12829304193768679,1,bisquare,8064,1.0,negbinomial,0.17601685035067796,False
CCCGCTAGAGGGTTAA-1,8853.0,2711.0,L3,0,0.10463432606239015,1,bisquare,8064,1.0,negbinomial,0.17601685035067796,False
CCCGGGTCGTTCAGGG-1,7113.0,10492.0,WM,4,0.09838548880933526,1,bisquare,8064,1.0,negbinomial,0.17601685035067796,False
CCCGGTGGAAGAACCT-1,4647.0,5695.0,L5,2,0.11301691319205028,1,bisquare,8064,1.0,negbinomial,0.17601685035067796,False
CCCGGTGTATCGGAAT-1,4364.0,9048.0,L6,3,0.18084324538970506,1,bisquare,8064,1.0,negbinomial,0.17601685035067796,False
CCCGTAAGTCTAGGCC-1,5124.0,7493.0,L5,2,0.19237953695970683,1,bisquare,8064,1.0,negbinomial,0.17601685035067796,False
CCCGTAGCTGGGAAGA-1,5877.0,9531.0,WM,4,0.29383145598616617,1,bisquare,8064,1.0,negbinomial,0.17601685035067796,False
CCCGTCAGCGTCTGAC-1,6712.0,5461.0,L4,1,0.16863057620245725,1,bisquare,8064,1.0,negbinomial,0.17601685035067796,False
CCCGTTTCGCAGATGT-1,10490.0,8943.0,L5,2,0.17724285852819788,1,bisquare,8064,1.0,negbinomial,0.17601685035067796,False
CCCTAGTGTCAGGTGT-1,4582.0,3899.0,L3,0,0.19284099269127206,1,bisquare,8064,1.0,negbinomial,0.17601685035067796,False
CCCTATGTAGAGCAGA-1,4843.0,9888.0,L6,3,0.19226575423012168,1,bisquare,8064,1.0,negbinomial,0.17601685035067796,False
CCCTCATTCTGGAATT-1,6233.0,4621.0,L3,0,0.22111442709641835,1,bisquare,8064,1.0,negbinomial,0.17601685035067796,False
CCCTCCTCGCTCGTAT-1,10490.0,8704.0,L5,2,0.29185326998795486,1,bisquare,8064,1.0,negbinomial,0.17601685035067796,False
CCCTCGGGAGCCTTGT-1,7200.0,2947.0,L3,0,0.08741340659642896,1,bisquare,8064,1.0,negbinomial,0.17601685035067796,False
CCCTGAAATGAGTTGA-1,5884.0,6417.0,L5,2,0.1718665081777521,1,bisquare,8064,1.0,negbinomial,0.17601685035067796,False
CCCTGACTAACAAATT-1,4024.0,7251.0,L5,2,0.18572271475630886,1,bisquare,8064,1.0,negbinomial,0.17601685035067796,False
CCCTGATGTAACTCGT-1,4306.0,4377.0,L3,0,0.17857296971950923,1,bisquare,8064,1.0,negbinomial,0.17601685035067796,False
CCCTGCCCAATCCGCT-1,4505.0,7611.0,L5,2,0.14773954818600987,1,bisquare,8064,1.0,negbinomial,0.17601685035067796,False
CCCTGCGCTACGCATA-1,4851.0,6774.0,L5,2,0.1759603561522571,1,bisquare,8064,1.0,negbinomial,0.17601685035067796,False
CCCTGGTATGGGCGGC-1,8163.0,3428.0,L3,0,0.1596961578714632,1,bisquare,8064,1.0,negbinomial,0.17601685035067796,False
CCCTTTAATGGAGTTC-1,10693.0,10261.0,L6,3,0.21547660236690838,1,bisquare,8064,1.0,negbinomial,0.17601685035067796,False
CCCTTTGACAGGTCTT-1,7049.0,8695.0,L6,3,0.03757908338380981,1,bisquare,8064,1.0,negbinomial,0.17601685035067796,False
CCGAAAGTGGTGAGCA-1,5062.0,4738.0,L3,0,0.21438034396604636,1,bisquare,8064,1.0,negbinomial,0.17601685035067796,False
CCGAACACTGGGCCTC-1,4435.0,7970.0,L5,2,0.13603664137540505,1,bisquare,8064,1.0,negbinomial,0.17601685035067796,False
CCGAACCTTCCCGGCC-1,8082.0,8578.0,L6,3,0.18458455216406125,1,bisquare,8064,1.0,negbinomial,0.17601685035067796,False
CCGAAGTATATTGTTC-1,4717.0,5336.0,L4,1,0.22084625540304265,1,bisquare,8064,1.0,negbinomial,0.17601685035067796,False
CCGACAAACACATGAG-1,4168.0,4616.0,L3,0,0.18288970862359166,1,bisquare,8064,1.0,negbinomial,0.17601685035067796,False
CCGACAAAGGGAGTGC-1,4645.0,6653.0,L5,2,0.19197005333910974,1,bisquare,8064,1.0,negbinomial,0.17601685035067796,False
CCGACAATAGGCCGCC-1,10833.0,9543.0,L6,3,0.3111019650593268,1,bisquare,8064,1.0,negbinomial,0.17601685035067796,False
CCGACGGGCATGAGGT-1,4983.0,9169.0,L6,3,0.16338982413594488,1,bisquare,8064,1.0,negbinomial,0.17601685035067796,False
CCGACGTAAACACAAC-1,9882.0,4271.0,L3,0,0.21228958324420086,1,bisquare,8064,1.0,negbinomial,0.17601685035067796,False
CCGACTCGCATAGTCT-1,8439.0,3189.0,L3,0,0.11505735682463789,1,bisquare,8064,1.0,negbinomial,0.17601685035067796,False
CCGAGAAGTCGCATAA-1,10905.0,8225.0,L4,1,0.2972369584667668,1,bisquare,8064,1.0,negbinomial,0.17601685035067796,False
CCGAGCTGTGCTTGTC-1,10913.0,4872.0,L3,0,0.12461421378881073,1,bisquare,8064,1.0,negbinomial,0.17601685035067796,False
CCGAGGGATGTTAGGC-1,7474.0,3426.0,L3,0,0.12973651973440734,1,bisquare,8064,1.0,negbinomial,0.17601685035067796,False
CCGATATGACGTAAGG-1,11935.0,9306.0,L5,2,0.12144732728731253,1,bisquare,8064,1.0,negbinomial,0.17601685035067796,False
CCGATCTCAACCTTAT-1,10150.0,7146.0,L3,0,0.2701385168077507,1,bisquare,8064,1.0,negbinomial,0.17601685035067796,False
CCGATCTTAAGAGGCT-1,11603.0,3915.0,L3,0,0.06633023831524339,1,bisquare,8064,1.0,negbinomial,0.17601685035067796,False
CCGATTCGAGGGACCC-1,4574.0,7252.0,L5,2,0.16585467996986847,1,bisquare,8064,1.0,negbinomial,0.17601685035067796,False
CCGATTGGTCAATGAA-1,9954.0,2953.0,L3,0,0.11929165910035412,1,bisquare,8064,1.0,negbinomial,0.17601685035067796,False
CCGCACAAAGACCAAC-1,8430.0,7022.0,L5,2,0.204864338484099,1,bisquare,8064,1.0,negbinomial,0.17601685035067796,False
CCGCACACGAACGTGT-1,11662.0,8108.0,L4,1,0.1688309707685854,1,bisquare,8064,1.0,negbinomial,0.17601685035067796,False
CCGCACGTGACCTCGG-1,4990.0,6055.0,L5,2,0.13968746929501083,1,bisquare,8064,1.0,negbinomial,0.17601685035067796,False
CCGCATGTGGTACGAT-1,7735.0,9416.0,WM,4,0.17809951060347773,1,bisquare,8064,1.0,negbinomial,0.17601685035067796,False
CCGCCACCACAATCCA-1,7750.0,3188.0,L3,0,0.1117426413911047,1,bisquare,8064,1.0,negbinomial,0.17601685035067796,False
CCGCCGGAACTTCTCG-1,4019.0,9167.0,L6,3,0.1927772794257476,1,bisquare,8064,1.0,negbinomial,0.17601685035067796,False
CCGCCGGTCAACACAC-1,6991.0,4264.0,L3,0,0.26241455259849983,1,bisquare,8064,1.0,negbinomial,0.17601685035067796,False
CCGCCGTTGAGGATAA-1,11387.0,8107.0,L4,1,0.3437063298530807,1,bisquare,8064,1.0,negbinomial,0.17601685035067796,False
CCGCCTGCGAATTGGT-1,9881.0,4510.0,L3,0,0.09636875199861754,1,bisquare,8064,1.0,negbinomial,0.17601685035067796,False
CCGCCTTGCGATGTCG-1,3678.0,7849.0,L5,2,0.10482320464838045,1,bisquare,8064,1.0,negbinomial,0.17601685035067796,False
CCGCGATTTGGTAGGT-1,3817.0,7370.0,L5,2,0.15388066397968198,1,bisquare,8064,1.0,negbinomial,0.17601685035067796,False
CCGCGGAATGCGTCAC-1,6291.0,8813.0,L6,3,0.046268599728806245,1,bisquare,8064,1.0,negbinomial,0.17601685035067796,False
CCGCGGGTACGAAGAA-1,4989.0,6535.0,L5,2,0.16356329878674503,1,bisquare,8064,1.0,negbinomial,0.17601685035067796,False
CCGCGTAGGTAAGGGC-1,4714.0,6294.0,L5,2,0.08051113682851949,1,bisquare,8064,1.0,negbinomial,0.17601685035067796,False
CCGCTATCAGCACCAG-1,7532.0,8098.0,L6,3,0.15524293712198936,1,bisquare,8064,1.0,negbinomial,0.17601685035067796,False
CCGCTCTTCCGAACTA-1,10005.0,10259.0,L6,3,0.11677602838511937,1,bisquare,8064,1.0,negbinomial,0.17601685035067796,False
CCGCTGGTGCCATTCA-1,8300.0,3428.0,L3,0,0.1052493473744711,1,bisquare,8064,1.0,negbinomial,0.17601685035067796,False
CCGCTTACCTCACTCT-1,5604.0,8333.0,L6,3,0.17827119076722903,1,bisquare,8064,1.0,negbinomial,0.17601685035067796,False
CCGCTTGCTGACATGG-1,10979.0,5950.0,L3,0,0.11734694474299563,1,bisquare,8064,1.0,negbinomial,0.17601685035067796,False
CCGGAATGGTTTCAGT-1,5404.0,5577.0,L5,2,0.096557212434803,1,bisquare,8064,1.0,negbinomial,0.17601685035067796,False
CCGGAGCGTACTTTCT-1,7047.0,9653.0,WM,4,0.11967532396572171,1,bisquare,8064,1.0,negbinomial,0.17601685035067796,False
CCGGCACGACCGTTTC-1,10839.0,6908.0,L3,0,0.15947879562041323,1,bisquare,8064,1.0,negbinomial,0.17601685035067796,False
CCGGCGCATATTGGAT-1,7059.0,4384.0,L3,0,0.17522660831821646,1,bisquare,8064,1.0,negbinomial,0.17601685035067796,False
CCGGCGTGAGACTCTG-1,3952.0,8329.0,L5,2,0.2099911714187596,1,bisquare,8064,1.0,negbinomial,0.17601685035067796,False
CCGGGACCCGCAGAGA-1,6783.0,4623.0,L3,0,0.18272782168640891,1,bisquare,8064,1.0,negbinomial,0.17601685035067796,False
CCGGGCGGTCTCGTCA-1,8431.0,6543.0,L4,1,0.15785340984634516,1,bisquare,8064,1.0,negbinomial,0.17601685035067796,False
CCGGGCTGCTCCATAC-1,9118.0,7024.0,L4,1,0.23432069249641327,1,bisquare,8064,1.0,negbinomial,0.17601685035067796,False
CCGGGTTCGAGGTTAC-1,5400.0,7254.0,L5,2,0.14538834610000445,1,bisquare,8064,1.0,negbinomial,0.17601685035067796,False
CCGGTAATGGCTAGTC-1,11045.0,7268.0,L3,0,0.15445615132475493,1,bisquare,8064,1.0,negbinomial,0.17601685035067796,False
CCGGTTTGTAATTGTG-1,6083.0,9412.0,WM,4,0.28939440783140336,1,bisquare,8064,1.0,negbinomial,0.17601685035067796,False
CCGTAAGTTGGTCCCA-1,8499.0,6663.0,L4,1,0.13028365659249114,1,bisquare,8064,1.0,negbinomial,0.17601685035067796,False
CCGTACCCAAGCGCCA-1,5545.0,4140.0,L3,0,0.18224331731546128,1,bisquare,8064,1.0,negbinomial,0.17601685035067796,False
CCGTAGGAAATCCCTG-1,9799.0,9900.0,L6,3,0.18396239226859723,1,bisquare,8064,1.0,negbinomial,0.17601685035067796,False
CCGTAGGGTTGTTTAC-1,10350.0,9901.0,L6,3,0.2780094754527855,1,bisquare,8064,1.0,negbinomial,0.17601685035067796,False
CCGTATCTCGTCGTAG-1,5052.0,9050.0,L6,3,0.10869429146266621,1,bisquare,8064,1.0,negbinomial,0.17601685035067796,False
CCGTATTAGCGCAGTT-1,10844.0,4752.0,L3,0,0.06775034006636801,1,bisquare,8064,1.0,negbinomial,0.17601685035067796,False
CCGTGAGGCATTCATG-1,11458.0,7029.0,L3,0,0.09244917458871495,1,bisquare,8064,1.0,negbinomial,0.17601685035067796,False
CCGTGCCCATGACGGC-1,6509.0,4143.0,L3,0,0.1109579283728911,1,bisquare,8064,1.0,negbinomial,0.17601685035067796,False
CCGTGGAACGATCCAA-1,10498.0,5590.0,L3,0,0.17274779828065243,1,bisquare,8064,1.0,negbinomial,0.17601685035067796,False
CCGTGTTAAATTCCAT-1,5673.0,8452.0,L6,3,0.07899070492026877,1,bisquare,8064,1.0,negbinomial,0.17601685035067796,False
CCGTTACGTTAGAACA-1,9260.0,5108.0,L3,0,0.1577206855204813,1,bisquare,8064,1.0,negbinomial,0.17601685035067796,False
CCGTTCCGAATCTCGG-1,4711.0,7492.0,L5,2,0.09772540507482737,1,bisquare,8064,1.0,negbinomial,0.17601685035067796,False
CCTAAAGGCTGACGCT-1,8849.0,4388.0,L3,0,0.12025900802568738,1,bisquare,8064,1.0,negbinomial,0.17601685035067796,False
CCTAAATTAACGGTTC-1,7877.0,7739.0,L5,2,0.17236690971881294,1,bisquare,8064,1.0,negbinomial,0.17601685035067796,False
CCTAAATTGTATCCTA-1,11041.0,8944.0,L5,2,0.24371140055327176,1,bisquare,8064,1.0,negbinomial,0.17601685035067796,False
CCTAACCCAAACAAGT-1,9321.0,8581.0,L6,3,0.22154547738410685,1,bisquare,8064,1.0,negbinomial,0.17601685035067796,False
CCTAACTAAGGCTCTA-1,9604.0,5228.0,L3,0,0.14400588714884396,1,bisquare,8064,1.0,negbinomial,0.17601685035067796,False
CCTACAAGTCCGGAAT-1,10433.0,3793.0,L3,0,0.1527380476379429,1,bisquare,8064,1.0,negbinomial,0.17601685035067796,False
CCTACATTCACAGACG-1,5465.0,8811.0,L6,3,0.1223677376801267,1,bisquare,8064,1.0,negbinomial,0.17601685035067796,False
CCTACGCGACCTTACA-1,9609.0,3072.0,L3,0,0.09668705768119316,1,bisquare,8064,1.0,negbinomial,0.17601685035067796,False
CCTACGGCTCAGTCGA-1,5407.0,4619.0,L3,0,0.22102813249501235,1,bisquare,8064,1.0,negbinomial,0.17601685035067796,False
CCTACTCAACACGATT-1,11382.0,10263.0,L6,3,0.3167704981208012,1,bisquare,8064,1.0,negbinomial,0.17601685035067796,False
CCTACTGCGGCGGCCA-1,11875.0,5353.0,L3,0,0.08057247141859179,1,bisquare,8064,1.0,negbinomial,0.17601685035067796,False
CCTACTGCTTACACTT-1,6574.0,5939.0,L5,2,0.24909386945720724,1,bisquare,8064,1.0,negbinomial,0.17601685035067796,False
CCTAGGCGTAGCGATC-1,9256.0,7024.0,L4,1,0.16088456110513322,1,bisquare,8064,1.0,negbinomial,0.17601685035067796,False
CCTAGGTAAAGGTAGC-1,3951.0,8808.0,L6,3,0.34071502925444735,1,bisquare,8064,1.0,negbinomial,0.17601685035067796,False
CCTAGTTAGTCGCATG-1,8161.0,4147.0,L3,0,0.11380815057544721,1,bisquare,8064,1.0,negbinomial,0.17601685035067796,False
CCTATAATGAGTGCCC-1,8768.0,9298.0,L6,3,0.15152309547764609,1,bisquare,8064,1.0,negbinomial,0.17601685035067796,False
CCTATACCGTCCTGTC-1,6290.0,9292.0,WM,4,0.12837292386798185,1,bisquare,8064,1.0,negbinomial,0.17601685035067796,False
CCTATATCGTGTCACG-1,3880.0,9885.0,L6,3,0.1592962361058978,1,bisquare,8064,1.0,negbinomial,0.17601685035067796,False
CCTATATTTGTCCTGG-1,6770.0,10132.0,WM,4,0.09692381713414883,1,bisquare,8064,1.0,negbinomial,0.17601685035067796,False
CCTATCTATATCGGAA-1,8503.0,4986.0,L3,0,0.14873835957472825,1,bisquare,8064,1.0,negbinomial,0.17601685035067796,False
CCTATGAAGTGGTGCC-1,10838.0,7147.0,L3,0,0.35492107774851545,1,bisquare,8064,1.0,negbinomial,0.17601685035067796,False
CCTATGGCTCCTAGTG-1,4843.0,10127.0,L6,3,0.11611302873533326,1,bisquare,8064,1.0,negbinomial,0.17601685035067796,False
CCTATGGGTTACCGTC-1,7950.0,6182.0,L4,1,0.10139133294611788,1,bisquare,8064,1.0,negbinomial,0.17601685035067796,False
CCTATGGTCAAAGCTG-1,7870.0,10853.0,WM,4,0.09071797416040012,1,bisquare,8064,1.0,negbinomial,0.17601685035067796,False
CCTATGTCCACTCCAC-1,9523.0,10138.0,L6,3,0.07463232921604525,1,bisquare,8064,1.0,negbinomial,0.17601685035067796,False
CCTCACCAATCTTGAC-1,5613.0,4739.0,L3,0,0.18070344390491758,1,bisquare,8064,1.0,negbinomial,0.17601685035067796,False
CCTCACCTGAGGGAGC-1,10221.0,6068.0,L3,0,0.2486080930012364,1,bisquare,8064,1.0,negbinomial,0.17601685035067796,False
CCTCACCTTAGCATCG-1,9878.0,5947.0,L3,0,0.11497523123607813,1,bisquare,8064,1.0,negbinomial,0.17601685035067796,False
CCTCATGCAGCTACGA-1,5271.0,3900.0,L3,0,0.11369058268353884,1,bisquare,8064,1.0,negbinomial,0.17601685035067796,False
CCTCCCGACAATCCCT-1,7542.0,3786.0,L3,0,0.10586242009219321,1,bisquare,8064,1.0,negbinomial,0.17601685035067796,False
CCTCCGACAATTCAAG-1,5471.0,6655.0,L5,2,0.11556150972020324,1,bisquare,8064,1.0,negbinomial,0.17601685035067796,False
CCTCCTAGCTAGAGTC-1,4084.0,10724.0,L6,3,0.10911877303239065,1,bisquare,8064,1.0,negbinomial,0.17601685035067796,False
CCTCCTGAGCCCACAT-1,3748.0,7250.0,L5,2,0.1455206285518626,1,bisquare,8064,1.0,negbinomial,0.17601685035067796,False
CCTCCTGTTGTGTCGT-1,9799.0,10139.0,L6,3,0.14540780900582176,1,bisquare,8064,1.0,negbinomial,0.17601685035067796,False
CCTCGAAGTGGACGGG-1,8091.0,4506.0,L3,0,0.1830831247532128,1,bisquare,8064,1.0,negbinomial,0.17601685035067796,False
CCTCGACCCACTGCCT-1,8233.0,3069.0,L3,0,0.32180752513470867,1,bisquare,8064,1.0,negbinomial,0.17601685035067796,False
CCTCGCCAGCAAATTA-1,8297.0,4866.0,L3,0,0.26429315013327714,1,bisquare,8064,1.0,negbinomial,0.17601685035067796,False
CCTCGCGCGATATAGG-1,9742.0,5228.0,L3,0,0.17135650910106756,1,bisquare,8064,1.0,negbinomial,0.17601685035067796,False
CCTCGCGCTGTGCGAT-1,7253.0,9534.0,WM,4,0.19464672308589956,1,bisquare,8064,1.0,negbinomial,0.17601685035067796,False
CCTCGGACCGGGATAG-1,9048.0,7622.0,L5,2,0.14572294991411194,1,bisquare,8064,1.0,negbinomial,0.17601685035067796,False
CCTCGGATGCTACCTG-1,3888.0,6532.0,L4,1,0.13308567316717032,1,bisquare,8064,1.0,negbinomial,0.17601685035067796,False
CCTCGTTACGCCTGTT-1,10710.0,3314.0,L3,0,0.12921766616505057,1,bisquare,8064,1.0,negbinomial,0.17601685035067796,False
CCTCTAATCTGCCAAG-1,8227.0,5464.0,L3,0,0.11545260483761176,1,bisquare,8064,1.0,negbinomial,0.17601685035067796,False
CCTCTACAAGGATTGG-1,5048.0,10727.0,L6,3,0.1116463493985265,1,bisquare,8064,1.0,negbinomial,0.17601685035067796,False
CCTCTATCGATTAGCA-1,4983.0,8930.0,L6,3,0.2007095911100911,1,bisquare,8064,1.0,negbinomial,0.17601685035067796,False
CCTCTCTCCCATCTAG-1,5677.0,6776.0,L5,2,0.10939532819098576,1,bisquare,8064,1.0,negbinomial,0.17601685035067796,False
CCTCTGGCCTAGACGG-1,8367.0,4507.0,L3,0,0.1279339416904949,1,bisquare,8064,1.0,negbinomial,0.17601685035067796,False
CCTCTGTACTATTCTA-1,7392.0,9055.0,L6,3,0.06090070521625166,1,bisquare,8064,1.0,negbinomial,0.17601685035067796,False
CCTGAACGATATATTC-1,9049.0,7143.0,L4,1,0.25144708863128645,1,bisquare,8064,1.0,negbinomial,0.17601685035067796,False
CCTGAATATTTACATA-1,8089.0,5464.0,L3,0,0.2094004953060471,1,bisquare,8064,1.0,negbinomial,0.17601685035067796,False
CCTGACCACCGATGGT-1,7394.0,8097.0,L6,3,0.20085842331179868,1,bisquare,8064,1.0,negbinomial,0.17601685035067796,False
CCTGACGCAACCTTTA-1,9196.0,3071.0,L3,0,0.1813471749751972,1,bisquare,8064,1.0,negbinomial,0.17601685035067796,False
CCTGCCCGTTGTCTAG-1,3818.0,6891.0,L5,2,0.1863896017334949,1,bisquare,8064,1.0,negbinomial,0.17601685035067796,False
CCTGCGATAGAACTGT-1,4583.0,3659.0,L3,0,0.07954883638438322,1,bisquare,8064,1.0,negbinomial,0.17601685035067796,False
CCTGCGTTCTACGCTT-1,4163.0,6533.0,L5,2,0.21211331940934774,1,bisquare,8064,1.0,negbinomial,0.17601685035067796,False
CCTGCTATTTGAGAAG-1,6643.0,5820.0,L4,1,0.2641965654667311,1,bisquare,8064,1.0,negbinomial,0.17601685035067796,False
CCTGGAAACGTTCTGC-1,10975.0,7387.0,L3,0,0.19017946441252043,1,bisquare,8064,1.0,negbinomial,0.17601685035067796,False
CCTGGCTAGACCCGCC-1,6160.0,6178.0,L5,2,0.34191818122876494,1,bisquare,8064,1.0,negbinomial,0.17601685035067796,False
CCTGGTCGAATGTGGG-1,7941.0,9775.0,WM,4,0.2790802949302842,1,bisquare,8064,1.0,negbinomial,0.17601685035067796,False
CCTGTAAGACATGATA-1,6020.0,7136.0,L5,2,0.12770003892130385,1,bisquare,8064,1.0,negbinomial,0.17601685035067796,False
CCTGTACTCACGCCCA-1,4849.0,7492.0,L5,2,0.11246038096123055,1,bisquare,8064,1.0,negbinomial,0.17601685035067796,False
CCTGTCACCCGGGCTC-1,7812.0,6182.0,L4,1,0.1626508517661443,1,bisquare,8064,1.0,negbinomial,0.17601685035067796,False
CCTGTCCCTCACGTTA-1,11045.0,7028.0,L3,0,0.22920438297164045,1,bisquare,8064,1.0,negbinomial,0.17601685035067796,False
CCTGTCGCCCGTAAAT-1,7466.0,7020.0,L5,2,0.35127398867131016,1,bisquare,8064,1.0,negbinomial,0.17601685035067796,False
CCTGTGCGGATTGTAA-1,10022.0,3073.0,L3,0,0.07471582218958787,1,bisquare,8064,1.0,negbinomial,0.17601685035067796,False
CCTGTTTGAAGACACG-1,9662.0,9660.0,L6,3,0.21236245506485774,1,bisquare,8064,1.0,negbinomial,0.17601685035067796,False
CCTTCAGTTAAAGTGA-1,6426.0,10011.0,WM,4,0.08928476975540883,1,bisquare,8064,1.0,negbinomial,0.17601685035067796,False
CCTTCGTATAGAATCC-1,7388.0,10972.0,WM,4,0.1645170514633504,1,bisquare,8064,1.0,negbinomial,0.17601685035067796,False
CCTTCTCAGCGTTCCT-1,4229.0,7850.0,L5,2,0.17529004292418182,1,bisquare,8064,1.0,negbinomial,0.17601685035067796,False
CCTTCTTGATCCAGTG-1,8228.0,4985.0,L3,0,0.13010196915349062,1,bisquare,8064,1.0,negbinomial,0.17601685035067796,False
CCTTGACCACTTTATT-1,10696.0,9303.0,L6,3,0.19347801004634263,1,bisquare,8064,1.0,negbinomial,0.17601685035067796,False
CCTTTAAGGGAGCACT-1,6634.0,9652.0,WM,4,0.11672689339906668,1,bisquare,8064,1.0,negbinomial,0.17601685035067796,False
CCTTTCAATGAAGAAA-1,9741.0,5708.0,L3,0,0.15724684988550022,1,bisquare,8064,1.0,negbinomial,0.17601685035067796,False
CGAAACATAGATGGCA-1,8506.0,4028.0,L3,0,0.16437924787832603,1,bisquare,8064,1.0,negbinomial,0.17601685035067796,False
CGAAACGCAATTCATG-1,5468.0,7614.0,L6,3,0.18998749434517964,1,bisquare,8064,1.0,negbinomial,0.17601685035067796,False
CGAACAGTATGGGCGT-1,9802.0,8702.0,L5,2,0.14239245473235235,1,bisquare,8064,1.0,negbinomial,0.17601685035067796,False
CGAACATAGTCAGAAA-1,11122.0,3795.0,L3,0,0.3308313976754081,1,bisquare,8064,1.0,negbinomial,0.17601685035067796,False
CGAACCCGCATGCGTC-1,6567.0,8574.0,L6,3,0.09466654319370642,1,bisquare,8064,1.0,negbinomial,0.17601685035067796,False
CGAACGCCCAGTGCCG-1,8023.0,4386.0,L3,0,0.29838915504122054,1,bisquare,8064,1.0,negbinomial,0.17601685035067796,False
CGAACGGCCGGACAAC-1,4228.0,8329.0,L6,3,0.272908789050469,1,bisquare,8064,1.0,negbinomial,0.17601685035067796,False
CGAAGCTATAAATTCA-1,10431.0,4991.0,L3,0,0.17283975902840162,1,bisquare,8064,1.0,negbinomial,0.17601685035067796,False
CGAAGGGTTTCAGATT-1,4153.0,10605.0,L6,3,0.1486231382978639,1,bisquare,8064,1.0,negbinomial,0.17601685035067796,False
CGAAGTTGCTCTGTGT-1,5608.0,6656.0,L5,2,0.25420636742007635,1,bisquare,8064,1.0,negbinomial,0.17601685035067796,False
CGAATCTGCTCGACGC-1,4705.0,10127.0,L6,3,0.3336920079393199,1,bisquare,8064,1.0,negbinomial,0.17601685035067796,False
CGAATGAAGTCATTGC-1,4567.0,10127.0,L6,3,0.119076745681009,1,bisquare,8064,1.0,negbinomial,0.17601685035067796,False
CGAATGACGCATAATG-1,7114.0,10252.0,WM,4,0.09130525679504997,1,bisquare,8064,1.0,negbinomial,0.17601685035067796,False
CGAATTACATGGTGTT-1,9678.0,2953.0,L3,0,0.12757523662382164,1,bisquare,8064,1.0,negbinomial,0.17601685035067796,False
CGACAATTTGATCTAA-1,9735.0,7863.0,L5,2,0.14244481668389852,1,bisquare,8064,1.0,negbinomial,0.17601685035067796,False
CGACACCGCTTAAGGA-1,11328.0,3915.0,L3,0,0.15494485274788258,1,bisquare,8064,1.0,negbinomial,0.17601685035067796,False
CGACACGCTCCGACAG-1,9666.0,8223.0,L5,2,0.1588089583537924,1,bisquare,8064,1.0,negbinomial,0.17601685035067796,False
CGACACGGATGCCCAC-1,11948.0,3557.0,L3,0,0.13994890831624335,1,bisquare,8064,1.0,negbinomial,0.17601685035067796,False
CGACAGTTCGCGTTAT-1,6089.0,7016.0,L5,2,0.2078512314313535,1,bisquare,8064,1.0,negbinomial,0.17601685035067796,False
CGACATGCGATCTTCT-1,7612.0,3666.0,L3,0,0.1151898063685378,1,bisquare,8064,1.0,negbinomial,0.17601685035067796,False
CGACCCTTAACGCCGG-1,4021.0,8449.0,L5,2,0.1386066619714388,1,bisquare,8064,1.0,negbinomial,0.17601685035067796,False
CGACGCATCCGTACCT-1,3883.0,8688.0,L5,2,0.10540632216731192,1,bisquare,8064,1.0,negbinomial,0.17601685035067796,False
CGACTCAGGATGTTAT-1,9328.0,5467.0,L3,0,0.19099550962523523,1,bisquare,8064,1.0,negbinomial,0.17601685035067796,False
CGACTCGGTACACGGT-1,11672.0,4035.0,L3,0,0.11173456492969429,1,bisquare,8064,1.0,negbinomial,0.17601685035067796,False
CGACTTTGTATAGCCT-1,10702.0,6668.0,L3,0,0.15939350938769306,1,bisquare,8064,1.0,negbinomial,0.17601685035067796,False
CGAGACCCTAGAGTGT-1,7395.0,7858.0,L6,3,0.16019145808401944,1,bisquare,8064,1.0,negbinomial,0.17601685035067796,False
CGAGAGATGTGAACCT-1,8225.0,6183.0,L3,0,0.23452882416471926,1,bisquare,8064,1.0,negbinomial,0.17601685035067796,False
CGAGAGCGCGTAGATA-1,3677.0,8088.0,L5,2,0.19624330106286828,1,bisquare,8064,1.0,negbinomial,0.17601685035067796,False
CGAGAGCTTTCACTAC-1,9247.0,10377.0,L6,3,0.06345183513523071,1,bisquare,8064,1.0,negbinomial,0.17601685035067796,False
CGAGAGGGTAGCCGCG-1,10351.0,9422.0,L6,3,0.326263122416527,1,bisquare,8064,1.0,negbinomial,0.17601685035067796,False
CGAGATTTCGCTCGGG-1,11181.0,7747.0,L3,0,0.17933862705599188,1,bisquare,8064,1.0,negbinomial,0.17601685035067796,False
CGAGCACTTCAAGTTT-1,4923.0,5456.0,L5,2,0.11640125469243688,1,bisquare,8064,1.0,negbinomial,0.17601685035067796,False
CGAGCGTTGATCAGCC-1,6371.0,4142.0,L3,0,0.21446152873604193,1,bisquare,8064,1.0,negbinomial,0.17601685035067796,False
CGAGCTGGGCTTTAGG-1,7815.0,4745.0,L3,0,0.1971503752928077,1,bisquare,8064,1.0,negbinomial,0.17601685035067796,False
CGAGGAGCTTCCATAT-1,11255.0,5472.0,L3,0,0.08996763953893319,1,bisquare,8064,1.0,negbinomial,0.17601685035067796,False
CGAGGATCGGGAACGA-1,11323.0,6071.0,L3,0,0.21459533397771918,1,bisquare,8064,1.0,negbinomial,0.17601685035067796,False
CGAGGCCAGGCATTGG-1,4719.0,4378.0,L3,0,0.1255299688507545,1,bisquare,8064,1.0,negbinomial,0.17601685035067796,False
CGAGGCTAAATATGGC-1,8087.0,6183.0,L3,0,0.19825086101323364,1,bisquare,8064,1.0,negbinomial,0.17601685035067796,False
CGAGGGACTGCGGTCG-1,8567.0,7262.0,L5,2,0.1897872154826444,1,bisquare,8064,1.0,negbinomial,0.17601685035067796,False
CGAGGGTATCCAGGTG-1,7320.0,10373.0,WM,4,0.16461141974436774,1,bisquare,8064,1.0,negbinomial,0.17601685035067796,False
CGAGTACTAAAGAGGA-1,5605.0,8093.0,L6,3,0.2757085806761468,1,bisquare,8064,1.0,negbinomial,0.17601685035067796,False
CGAGTGAAGGTACCAG-1,5189.0,9290.0,L6,3,0.2710546661884703,1,bisquare,8064,1.0,negbinomial,0.17601685035067796,False
CGAGTGCTATAGTTCG-1,5821.0,3902.0,L3,0,0.20092304777239034,1,bisquare,8064,1.0,negbinomial,0.17601685035067796,False
CGAGTTCTGTCCCACC-1,9052.0,5945.0,L3,0,0.16799911235820086,1,bisquare,8064,1.0,negbinomial,0.17601685035067796,False
CGAGTTTATCGGACTG-1,9599.0,7144.0,L4,1,0.13815099264521294,1,bisquare,8064,1.0,negbinomial,0.17601685035067796,False
CGATAACCAATTTGAG-1,11742.0,3437.0,L3,0,0.1437216454766448,1,bisquare,8064,1.0,negbinomial,0.17601685035067796,False
CGATAATACTCAGGTT-1,11250.0,7867.0,L3,0,0.19604952912029797,1,bisquare,8064,1.0,negbinomial,0.17601685035067796,False
CGATACCTCGCGGACA-1,6501.0,7496.0,L6,3,0.14980289443132883,1,bisquare,8064,1.0,negbinomial,0.17601685035067796,False
CGATAGCGATACAGTG-1,3878.0,10604.0,L6,3,0.1701853345890053,1,bisquare,8064,1.0,negbinomial,0.17601685035067796,False
CGATAGTCGTACTGCA-1,9247.0,10617.0,WM,4,0.24638117515873856,1,bisquare,8064,1.0,negbinomial,0.17601685035067796,False
CGATATTAGCCGCAGG-1,5616.0,3542.0,L3,0,0.1243315005697426,1,bisquare,8064,1.0,negbinomial,0.17601685035067796,False
CGATCATTAGAGGCAC-1,11603.0,4155.0,L3,0,0.23143346622448377,1,bisquare,8064,1.0,negbinomial,0.17601685035067796,False
CGATCCGACCCAGTGC-1,6639.0,7257.0,L5,2,0.2184319346097987,1,bisquare,8064,1.0,negbinomial,0.17601685035067796,False
CGATCCTCGCAACATA-1,5943.0,10609.0,WM,4,0.13098132604923704,1,bisquare,8064,1.0,negbinomial,0.17601685035067796,False
CGATCTGTTGGAGGAC-1,4847.0,8211.0,L6,3,0.1554193824912755,1,bisquare,8064,1.0,negbinomial,0.17601685035067796,False
CGATGGACCCTACGCC-1,9810.0,5348.0,L3,0,0.18016231519175763,1,bisquare,8064,1.0,negbinomial,0.17601685035067796,False
CGATGTTGTTATCTAC-1,4018.0,9646.0,L6,3,0.14422224675238823,1,bisquare,8064,1.0,negbinomial,0.17601685035067796,False
CGATTAAATATCTCCT-1,7460.0,9415.0,WM,4,0.27948953328467496,1,bisquare,8064,1.0,negbinomial,0.17601685035067796,False
CGATTCGCCTGGCTGC-1,8217.0,9537.0,WM,4,0.3513760613030729,1,bisquare,8064,1.0,negbinomial,0.17601685035067796,False
CGCAAACACGAGTTAC-1,5748.0,5937.0,L5,2,0.1631932734119,1,bisquare,8064,1.0,negbinomial,0.17601685035067796,False
CGCAATTACTTTCGGT-1,5473.0,5458.0,L5,2,0.10722314658016992,1,bisquare,8064,1.0,negbinomial,0.17601685035067796,False
CGCAATTAGGGTAATA-1,6229.0,6058.0,L5,2,0.3078860222369531,1,bisquare,8064,1.0,negbinomial,0.17601685035067796,False
CGCAATTCTACAATAA-1,5128.0,5816.0,L5,2,0.17214199784552853,1,bisquare,8064,1.0,negbinomial,0.17601685035067796,False
CGCACATGTCCACTAC-1,9186.0,7383.0,L5,2,0.15429407002193996,1,bisquare,8064,1.0,negbinomial,0.17601685035067796,False
CGCACGTCTGTTTATG-1,5392.0,10847.0,WM,4,0.22192258865914086,1,bisquare,8064,1.0,negbinomial,0.17601685035067796,False
CGCACGTGCGCTATCA-1,10012.0,7385.0,L4,1,0.31847871484633955,1,bisquare,8064,1.0,negbinomial,0.17601685035067796,False
CGCAGAAACATTTGCG-1,7199.0,3665.0,L3,0,0.11105623065125922,1,bisquare,8064,1.0,negbinomial,0.17601685035067796,False
CGCAGATCTTCACCCG-1,10980.0,5711.0,L3,0,0.11594219447771217,1,bisquare,8064,1.0,negbinomial,0.17601685035067796,False
CGCAGGCGATCCAAAC-1,10215.0,8942.0,L5,2,0.24447995760288727,1,bisquare,8064,1.0,negbinomial,0.17601685035067796,False
CGCATCATGGCTTCAG-1,9057.0,3790.0,L3,0,0.12576243669617093,1,bisquare,8064,1.0,negbinomial,0.17601685035067796,False
CGCATCCATCAGCCAG-1,11185.0,6070.0,L3,0,0.14527674738350996,1,bisquare,8064,1.0,negbinomial,0.17601685035067796,False
CGCATGCCGAATGCGT-1,9315.0,10737.0,WM,4,0.33159548984522974,1,bisquare,8064,1.0,negbinomial,0.17601685035067796,False
CGCATGGTGCGATGCT-1,7740.0,7499.0,L5,2,0.14485148375104648,1,bisquare,8064,1.0,negbinomial,0.17601685035067796,False
CGCATTAGCTAATAGG-1,7124.0,5941.0,L4,1,0.2078132541759187,1,bisquare,8064,1.0,negbinomial,0.17601685035067796,False
CGCCAAGAAGCCGAGT-1,4368.0,7371.0,L5,2,0.09538371806880837,1,bisquare,8064,1.0,negbinomial,0.17601685035067796,False
CGCCACAGGTCGCGAT-1,3814.0,8568.0,L5,2,0.1358079287876659,1,bisquare,8064,1.0,negbinomial,0.17601685035067796,False
CGCCATCCGATTATGA-1,8708.0,5585.0,L3,0,0.14249455072777473,1,bisquare,8064,1.0,negbinomial,0.17601685035067796,False
CGCCCAGCACGCCTAG-1,6702.0,9772.0,WM,4,0.28902286088273843,1,bisquare,8064,1.0,negbinomial,0.17601685035067796,False
CGCCCAGCGTTTCACG-1,9316.0,10497.0,L6,3,0.05069002358515148,1,bisquare,8064,1.0,negbinomial,0.17601685035067796,False
CGCCCGCTTCCGTACA-1,8710.0,4867.0,L3,0,0.1056402972463302,1,bisquare,8064,1.0,negbinomial,0.17601685035067796,False
CGCCCTAATTGTTCAA-1,3946.0,10724.0,L6,3,0.19777094984272284,1,bisquare,8064,1.0,negbinomial,0.17601685035067796,False
CGCCCTTACATCCACC-1,9954.0,2714.0,L3,0,0.09833205327320628,1,bisquare,8064,1.0,negbinomial,0.17601685035067796,False
CGCCCTTGAAGGCTGA-1,4578.0,5575.0,L5,2,0.1145007400340291,1,bisquare,8064,1.0,negbinomial,0.17601685035067796,False
CGCCGCCCATGCCTGT-1,8910.0,7382.0,L5,2,0.13309955057125344,1,bisquare,8064,1.0,negbinomial,0.17601685035067796,False
CGCCGGTGTCGCAGTA-1,11948.0,3797.0,L3,0,0.12104789755894191,1,bisquare,8064,1.0,negbinomial,0.17601685035067796,False
CGCCGTCTACCCATCG-1,11595.0,7269.0,L3,0,0.14190676548769957,1,bisquare,8064,1.0,negbinomial,0.17601685035067796,False
CGCCGTTCAGCATAGT-1,10351.0,9661.0,L6,3,0.18433316384271123,1,bisquare,8064,1.0,negbinomial,0.17601685035067796,False
CGCCTCCCTCCTCTAT-1,8221.0,7860.0,L5,2,0.1118744352074651,1,bisquare,8064,1.0,negbinomial,0.17601685035067796,False
CGCCTGGCCTACGTAA-1,5055.0,7613.0,L6,3,0.16210054735961668,1,bisquare,8064,1.0,negbinomial,0.17601685035067796,False
CGCCTTTAGCATGCTC-1,11249.0,8107.0,L4,1,0.14482064785580762,1,bisquare,8064,1.0,negbinomial,0.17601685035067796,False
CGCGAAGTGGCATACT-1,9798.0,10379.0,L6,3,0.08867970627018072,1,bisquare,8064,1.0,negbinomial,0.17601685035067796,False
CGCGACACTGCGCAGC-1,4028.0,5574.0,L3,0,0.15289278814586615,1,bisquare,8064,1.0,negbinomial,0.17601685035067796,False
CGCGACCGCGACAGAT-1,8767.0,9777.0,L6,3,0.10092650538347672,1,bisquare,8064,1.0,negbinomial,0.17601685035067796,False
CGCGAGAGGGACTTGT-1,10638.0,4632.0,L3,0,0.247279358737049,1,bisquare,8064,1.0,negbinomial,0.17601685035067796,False
CGCGAGTCTGCCGGGT-1,4570.0,8929.0,L6,3,0.13107687706713383,1,bisquare,8064,1.0,negbinomial,0.17601685035067796,False
CGCGCAAATGTCCAGA-1,4844.0,9409.0,L6,3,0.1342681971277481,1,bisquare,8064,1.0,negbinomial,0.17601685035067796,False
CGCGCAAGGAACTACA-1,5203.0,3301.0,L3,0,0.15065978901337854,1,bisquare,8064,1.0,negbinomial,0.17601685035067796,False
CGCGCATGTTTGATTG-1,6911.0,8695.0,L6,3,0.0662644118355544,1,bisquare,8064,1.0,negbinomial,0.17601685035067796,False
CGCGCCCGACTTAATA-1,8365.0,5225.0,L3,0,0.11610166745500197,1,bisquare,8064,1.0,negbinomial,0.17601685035067796,False
CGCGGCAGTATTACGG-1,4306.0,4137.0,L3,0,0.14921487556001553,1,bisquare,8064,1.0,negbinomial,0.17601685035067796,False
CGCGGCTCAACTTGAA-1,9873.0,7864.0,L5,2,0.26273286103415516,1,bisquare,8064,1.0,negbinomial,0.17601685035067796,False
CGCGGGAATTAGGCAG-1,8707.0,6064.0,L3,0,0.1306758785026279,1,bisquare,8064,1.0,negbinomial,0.17601685035067796,False
CGCGGTAAGTCTAGCT-1,11322.0,6310.0,L3,0,0.1290406990495582,1,bisquare,8064,1.0,negbinomial,0.17601685035067796,False
CGCGGTACGGTATACA-1,11313.0,10143.0,L6,3,0.18396319477720594,1,bisquare,8064,1.0,negbinomial,0.17601685035067796,False
CGCGGTCACAAACCAA-1,10500.0,4871.0,L3,0,0.18527122173949423,1,bisquare,8064,1.0,negbinomial,0.17601685035067796,False
CGCGTACATTCTGGAA-1,11467.0,3436.0,L3,0,0.10512184068474983,1,bisquare,8064,1.0,negbinomial,0.17601685035067796,False
CGCGTCATATTAAACC-1,7613.0,2948.0,L3,0,0.1887866049193727,1,bisquare,8064,1.0,negbinomial,0.17601685035067796,False
CGCGTTCATGAAATAC-1,6711.0,5940.0,L4,1,0.21309648654847219,1,bisquare,8064,1.0,negbinomial,0.17601685035067796,False
CGCTACGGGACATTTA-1,6502.0,7257.0,L5,2,0.19424202569642912,1,bisquare,8064,1.0,negbinomial,0.17601685035067796,False
CGCTAGAGACCGCTGC-1,10149.0,7385.0,L4,1,0.14634001694189258,1,bisquare,8064,1.0,negbinomial,0.17601685035067796,False
CGCTATACCGCCCACT-1,5683.0,4380.0,L3,0,0.14833880531121765,1,bisquare,8064,1.0,negbinomial,0.17601685035067796,False
CGCTATCGTGGCTTTA-1,11880.0,3198.0,L3,0,0.04703775480408372,1,bisquare,8064,1.0,negbinomial,0.17601685035067796,False
CGCTATTCAATGTATG-1,5337.0,4978.0,L4,1,0.20098514681309926,1,bisquare,8064,1.0,negbinomial,0.17601685035067796,False
CGCTATTCTTAGGCTC-1,7328.0,7259.0,L5,2,0.18873141734151336,1,bisquare,8064,1.0,negbinomial,0.17601685035067796,False
CGCTCGACATAATGAT-1,6300.0,5220.0,L4,1,0.18411400086382632,1,bisquare,8064,1.0,negbinomial,0.17601685035067796,False
CGCTCTCCGTAGATTA-1,5746.0,6656.0,L5,2,0.14479587006308173,1,bisquare,8064,1.0,negbinomial,0.17601685035067796,False
CGCTGGTGACTACCCT-1,9940.0,8463.0,L5,2,0.24976319385614448,1,bisquare,8064,1.0,negbinomial,0.17601685035067796,False
CGCTGTGACGCCGCAC-1,6437.0,5700.0,L4,1,0.1291779235752385,1,bisquare,8064,1.0,negbinomial,0.17601685035067796,False
CGCTGTGTGGATGTTG-1,6151.0,9771.0,WM,4,0.14359050639160395,1,bisquare,8064,1.0,negbinomial,0.17601685035067796,False
CGCTTAGTATTGATAC-1,6769.0,10611.0,WM,4,0.11221200233445021,1,bisquare,8064,1.0,negbinomial,0.17601685035067796,False
CGCTTATTCCCGGTCG-1,5261.0,7733.0,L6,3,0.1540391512052792,1,bisquare,8064,1.0,negbinomial,0.17601685035067796,False
CGCTTCCACTGAAATC-1,6094.0,4860.0,L3,0,0.14810148180431848,1,bisquare,8064,1.0,negbinomial,0.17601685035067796,False
CGCTTCGGTCTAAGAC-1,10348.0,10620.0,L6,3,0.12244111118834772,1,bisquare,8064,1.0,negbinomial,0.17601685035067796,False
CGCTTGGACGGATAGA-1,11244.0,10262.0,L6,3,0.2526359528437725,1,bisquare,8064,1.0,negbinomial,0.17601685035067796,False
CGCTTTCATACCGGTG-1,6646.0,4383.0,L3,0,0.1765494867511997,1,bisquare,8064,1.0,negbinomial,0.17601685035067796,False
CGCTTTCTTGCATTCG-1,9050.0,6424.0,L3,0,0.32631833016006667,1,bisquare,8064,1.0,negbinomial,0.17601685035067796,False
CGGAAAGAATCAAACG-1,6496.0,9652.0,WM,4,0.1442132997439754,1,bisquare,8064,1.0,negbinomial,0.17601685035067796,False
CGGAAATTTCACATCC-1,8852.0,3190.0,L3,0,0.1987399471090894,1,bisquare,8064,1.0,negbinomial,0.17601685035067796,False
CGGAACGTAAACATAG-1,6293.0,8334.0,L6,3,0.3052432449090102,1,bisquare,8064,1.0,negbinomial,0.17601685035067796,False
CGGAGCAATTTAATCG-1,7323.0,9175.0,WM,4,0.3027501927485034,1,bisquare,8064,1.0,negbinomial,0.17601685035067796,False
CGGAGCATGGCGATCC-1,7809.0,7380.0,L5,2,0.25656780584311173,1,bisquare,8064,1.0,negbinomial,0.17601685035067796,False
CGGAGCTTATAACACC-1,9125.0,3910.0,L3,0,0.16611520606164756,1,bisquare,8064,1.0,negbinomial,0.17601685035067796,False
CGGAGTTTGAGAGACA-1,5540.0,6296.0,L5,2,0.1146965975298678,1,bisquare,8064,1.0,negbinomial,0.17601685035067796,False
CGGATAAGCGGACATG-1,4373.0,4976.0,L3,0,0.19039292380562622,1,bisquare,8064,1.0,negbinomial,0.17601685035067796,False
CGGATCCTCAAGGACT-1,8698.0,9897.0,WM,4,0.31922147182730676,1,bisquare,8064,1.0,negbinomial,0.17601685035067796,False
CGGCAAACATCGTGCG-1,7737.0,8937.0,L6,3,0.08680205713377301,1,bisquare,8064,1.0,negbinomial,0.17601685035067796,False
CGGCAATAAGATCGCC-1,10627.0,9183.0,L6,3,0.26780853711473257,1,bisquare,8064,1.0,negbinomial,0.17601685035067796,False
CGGCACCGTTAGCGCC-1,9332.0,4030.0,L3,0,0.139187228663536,1,bisquare,8064,1.0,negbinomial,0.17601685035067796,False
CGGCACTCAAGAAAGT-1,5132.0,4139.0,L3,0,0.2867152315053242,1,bisquare,8064,1.0,negbinomial,0.17601685035067796,False
CGGCAGGGTCGGGTTG-1,9670.0,6546.0,L3,0,0.24880052500591143,1,bisquare,8064,1.0,negbinomial,0.17601685035067796,False
CGGCCACGCACAAAGT-1,7260.0,6899.0,L5,2,0.303607610951412,1,bisquare,8064,1.0,negbinomial,0.17601685035067796,False
CGGCCAGAGCGACCAT-1,6562.0,10730.0,WM,4,0.10768514002045189,1,bisquare,8064,1.0,negbinomial,0.17601685035067796,False
CGGCCCAACCTGTAGT-1,10910.0,6070.0,L3,0,0.10051629858202182,1,bisquare,8064,1.0,negbinomial,0.17601685035067796,False
CGGCCCAGGTATATCC-1,10424.0,7865.0,L4,1,0.15263217435493187,1,bisquare,8064,1.0,negbinomial,0.17601685035067796,False
CGGCGCCATCAATCCC-1,9593.0,9779.0,L6,3,0.11921804072224572,1,bisquare,8064,1.0,negbinomial,0.17601685035067796,False
CGGCTCTAAAGCTGCA-1,10767.0,8225.0,L4,1,0.25236190306791584,1,bisquare,8064,1.0,negbinomial,0.17601685035067796,False
CGGCTCTTCGTCGAAC-1,9126.0,3670.0,L3,0,0.30162615298075196,1,bisquare,8064,1.0,negbinomial,0.17601685035067796,False
CGGCTGAAGGTTACGC-1,11262.0,2837.0,L3,0,0.0923384496250877,1,bisquare,8064,1.0,negbinomial,0.17601685035067796,False
CGGCTGCAAGATTAAG-1,7888.0,3188.0,L3,0,0.2811654676543827,1,bisquare,8064,1.0,negbinomial,0.17601685035067796,False
CGGCTTTGTATGATAA-1,7061.0,3665.0,L3,0,0.1202310866898026,1,bisquare,8064,1.0,negbinomial,0.17601685035067796,False
CGGGAATATAGTATAC-1,10423.0,8344.0,L5,2,0.18042105891384952,1,bisquare,8064,1.0,negbinomial,0.17601685035067796,False
CGGGAATTTATGTAAA-1,7670.0,8098.0,L6,3,0.14917838220838037,1,bisquare,8064,1.0,negbinomial,0.17601685035067796,False
CGGGAGCTTCAGTGTA-1,9458.0,8581.0,L5,2,0.2460662562084852,1,bisquare,8064,1.0,negbinomial,0.17601685035067796,False
CGGGAGTATACCGCCG-1,4236.0,4976.0,L3,0,0.13536290932125,1,bisquare,8064,1.0,negbinomial,0.17601685035067796,False
CGGGATCAATGTAAGA-1,7263.0,5462.0,L3,0,0.1581184465022908,1,bisquare,8064,1.0,negbinomial,0.17601685035067796,False
CGGGCAGCTAAACCGC-1,7054.0,6539.0,L5,2,0.3420201645237118,1,bisquare,8064,1.0,negbinomial,0.17601685035067796,False
CGGGCCATAGCCGCAC-1,4444.0,4377.0,L3,0,0.09917650963088773,1,bisquare,8064,1.0,negbinomial,0.17601685035067796,False
CGGGCCTTCTTTGTAA-1,6983.0,7617.0,L6,3,0.1788045481354278,1,bisquare,8064,1.0,negbinomial,0.17601685035067796,False
CGGGCGATGGATCACG-1,8351.0,10974.0,WM,4,0.09452258202227312,1,bisquare,8064,1.0,negbinomial,0.17601685035067796,False
CGGGCTACTTAAATTG-1,11536.0,3316.0,L3,0,0.1358567696656102,1,bisquare,8064,1.0,negbinomial,0.17601685035067796,False
CGGGTGTACCCATTTA-1,9119.0,6544.0,L3,0,0.16455191810860637,1,bisquare,8064,1.0,negbinomial,0.17601685035067796,False
CGGGTTCGGCACGTAT-1,10572.0,3554.0,L3,0,0.12644101069508035,1,bisquare,8064,1.0,negbinomial,0.17601685035067796,False
CGGGTTTGTTAGGGCT-1,11039.0,9424.0,L5,2,0.127805204936003,1,bisquare,8064,1.0,negbinomial,0.17601685035067796,False
CGGTACTAGAATCAAA-1,8909.0,7861.0,L5,2,0.1723526138690131,1,bisquare,8064,1.0,negbinomial,0.17601685035067796,False
CGGTAGAGGTGCAGGT-1,9535.0,5348.0,L3,0,0.09261183017400508,1,bisquare,8064,1.0,negbinomial,0.17601685035067796,False
CGGTATAGGTATTAGC-1,10020.0,4031.0,L3,0,0.1251264696175178,1,bisquare,8064,1.0,negbinomial,0.17601685035067796,False
CGGTCAAGTGGGAACC-1,8708.0,5825.0,L3,0,0.3428825940330829,1,bisquare,8064,1.0,negbinomial,0.17601685035067796,False
CGGTCCATGAGACTCC-1,11325.0,5112.0,L3,0,0.10419975788981546,1,bisquare,8064,1.0,negbinomial,0.17601685035067796,False
CGGTCCGTCGCAAGCC-1,6701.0,10251.0,WM,4,0.10759909063667956,1,bisquare,8064,1.0,negbinomial,0.17601685035067796,False
CGGTCTATCAACCCGT-1,8848.0,4867.0,L3,0,0.13886013930878358,1,bisquare,8064,1.0,negbinomial,0.17601685035067796,False
CGGTGAAGACTAAAGT-1,4782.0,6893.0,L5,2,0.154327888860729,1,bisquare,8064,1.0,negbinomial,0.17601685035067796,False
CGGTGCAGATAGAACG-1,5674.0,7734.0,L6,3,0.15163623313613797,1,bisquare,8064,1.0,negbinomial,0.17601685035067796,False
CGGTGCGCGTTGGTCC-1,5879.0,8573.0,L6,3,0.09117768142168992,1,bisquare,8064,1.0,negbinomial,0.17601685035067796,False
CGGTGGGCTCCAGCCT-1,10019.0,4511.0,L3,0,0.08842437070846634,1,bisquare,8064,1.0,negbinomial,0.17601685035067796,False
CGGTGTACTTGATCCC-1,5338.0,4739.0,L3,0,0.11971764970458997,1,bisquare,8064,1.0,negbinomial,0.17601685035067796,False
CGGTTATCCAACAGTG-1,9946.0,6307.0,L3,0,0.25257403888000657,1,bisquare,8064,1.0,negbinomial,0.17601685035067796,False
CGGTTCAAGTAGGTGT-1,9947.0,5588.0,L3,0,0.16125644623318228,1,bisquare,8064,1.0,negbinomial,0.17601685035067796,False
CGGTTCCGGCTTCTTG-1,5202.0,3780.0,L3,0,0.06659503059059009,1,bisquare,8064,1.0,negbinomial,0.17601685035067796,False
CGGTTGACCTGGCATA-1,4918.0,7373.0,L5,2,0.12233861272961925,1,bisquare,8064,1.0,negbinomial,0.17601685035067796,False
CGGTTGAGTATCCTTC-1,5255.0,10607.0,L6,3,0.057887547102291166,1,bisquare,8064,1.0,negbinomial,0.17601685035067796,False
CGGTTGGGTTCAAGTT-1,10090.0,3672.0,L3,0,0.1900303679012548,1,bisquare,8064,1.0,negbinomial,0.17601685035067796,False
CGGTTTATGAAGGAAC-1,10364.0,3912.0,L3,0,0.16928267736709268,1,bisquare,8064,1.0,negbinomial,0.17601685035067796,False
CGTAAACGCTTGAGTG-1,4789.0,4019.0,L3,0,0.15574989204292694,1,bisquare,8064,1.0,negbinomial,0.17601685035067796,False
CGTAACGGAACGATCA-1,11537.0,2837.0,L3,0,0.0851486644362105,1,bisquare,8064,1.0,negbinomial,0.17601685035067796,False
CGTAACTTCGACACTT-1,6631.0,10850.0,WM,4,0.10494778257289664,1,bisquare,8064,1.0,negbinomial,0.17601685035067796,False
CGTACCTGATAGGCCT-1,7883.0,5344.0,L3,0,0.19840088378304593,1,bisquare,8064,1.0,negbinomial,0.17601685035067796,False
CGTAGAGAGTAATTAT-1,9178.0,10737.0,WM,4,0.2862971136198078,1,bisquare,8064,1.0,negbinomial,0.17601685035067796,False
CGTAGCGAATTGTCAG-1,8092.0,4266.0,L3,0,0.1956045984576458,1,bisquare,8064,1.0,negbinomial,0.17601685035067796,False
CGTAGCGCCGACGTTG-1,6855.0,3545.0,L3,0,0.11329399162774095,1,bisquare,8064,1.0,negbinomial,0.17601685035067796,False
CGTATTAAGAGATCTA-1,6916.0,6539.0,L5,2,0.17607604678269645,1,bisquare,8064,1.0,negbinomial,0.17601685035067796,False
CGTCAAATGGTCGCAG-1,11738.0,5113.0,L3,0,0.06913603436893964,1,bisquare,8064,1.0,negbinomial,0.17601685035067796,False
CGTCAAGGCTATAAAT-1,4164.0,6293.0,L5,2,0.18280527682734884,1,bisquare,8064,1.0,negbinomial,0.17601685035067796,False
CGTCACGTCCATTGGT-1,6706.0,8335.0,L6,3,0.15479997594090908,1,bisquare,8064,1.0,negbinomial,0.17601685035067796,False
CGTCAGCTATTTACTC-1,3961.0,4736.0,L3,0,0.12603209022196862,1,bisquare,8064,1.0,negbinomial,0.17601685035067796,False
CGTCAGTGCGCACAAG-1,6578.0,4023.0,L3,0,0.17272176262341787,1,bisquare,8064,1.0,negbinomial,0.17601685035067796,False
CGTCAGTTTATCGTCT-1,7338.0,2947.0,L3,0,0.08564931256216321,1,bisquare,8064,1.0,negbinomial,0.17601685035067796,False
CGTCATACCATATCCA-1,4579.0,5096.0,L4,1,0.19243416646129954,1,bisquare,8064,1.0,negbinomial,0.17601685035067796,False
CGTCGCATGTGAGCCA-1,8490.0,10495.0,WM,4,0.14461814393210917,1,bisquare,8064,1.0,negbinomial,0.17601685035067796,False
CGTCGCGGCGGGATTT-1,4169.0,4137.0,L3,0,0.13491148135524408,1,bisquare,8064,1.0,negbinomial,0.17601685035067796,False
CGTCGCTTGGTTATAC-1,4911.0,10247.0,L6,3,0.11777763908445467,1,bisquare,8064,1.0,negbinomial,0.17601685035067796,False
CGTCGGATAGTGTTGA-1,9807.0,6786.0,L3,0,0.2712050461553372,1,bisquare,8064,1.0,negbinomial,0.17601685035067796,False
CGTCGGGTCTAAGCGC-1,4707.0,9169.0,L6,3,0.12389817357819627,1,bisquare,8064,1.0,negbinomial,0.17601685035067796,False
CGTCGTCCTTCGCGAA-1,8424.0,9417.0,L6,3,0.09362221570352686,1,bisquare,8064,1.0,negbinomial,0.17601685035067796,False
CGTCTCTCGCCGAGGC-1,11949.0,3317.0,L3,0,0.048226221316210974,1,bisquare,8064,1.0,negbinomial,0.17601685035067796,False
CGTCTGGAAGGGCCCG-1,7472.0,4624.0,L3,0,0.3212488214185976,1,bisquare,8064,1.0,negbinomial,0.17601685035067796,False
CGTGAAGTTAATTCAC-1,7052.0,7498.0,L5,2,0.1681410565846787,1,bisquare,8064,1.0,negbinomial,0.17601685035067796,False
CGTGACATTGGGTCGT-1,8917.0,4508.0,L3,0,0.11570517062619516,1,bisquare,8064,1.0,negbinomial,0.17601685035067796,False
CGTGACCAGTCCTCTG-1,6976.0,10252.0,WM,4,0.07440398825482793,1,bisquare,8064,1.0,negbinomial,0.17601685035067796,False
CGTGCAGACTGGGACA-1,8291.0,7501.0,L5,2,0.12053739499971457,1,bisquare,8064,1.0,negbinomial,0.17601685035067796,False
CGTGCATTGTCGACGC-1,5331.0,7374.0,L5,2,0.10121578425161655,1,bisquare,8064,1.0,negbinomial,0.17601685035067796,False
CGTGCCCTCCCGAAGA-1,8496.0,7860.0,L5,2,0.12448035882202045,1,bisquare,8064,1.0,negbinomial,0.17601685035067796,False
CGTGCTGGCCTAGTCG-1,4514.0,3779.0,L3,0,0.07368273451803242,1,bisquare,8064,1.0,negbinomial,0.17601685035067796,False
CGTGCTTCTACCTAAA-1,5118.0,10128.0,L6,3,0.0906165479346603,1,bisquare,8064,1.0,negbinomial,0.17601685035067796,False
CGTGGAAGCCTCGTAC-1,11455.0,8466.0,L4,1,0.13375719769246314,1,bisquare,8064,1.0,negbinomial,0.17601685035067796,False
CGTGGCCGAATATCTA-1,10147.0,8343.0,L5,2,0.14785586234583303,1,bisquare,8064,1.0,negbinomial,0.17601685035067796,False
CGTGGTACCCAAAGGC-1,6081.0,10609.0,WM,4,0.11515681838790527,1,bisquare,8064,1.0,negbinomial,0.17601685035067796,False
CGTGTATGGGAGCTGA-1,10830.0,10501.0,L6,3,0.04147969355979532,1,bisquare,8064,1.0,negbinomial,0.17601685035067796,False
CGTGTCCCATTCGCGA-1,5954.0,6058.0,L5,2,0.08174110304647725,1,bisquare,8064,1.0,negbinomial,0.17601685035067796,False
CGTGTCTCGTTACGAC-1,5532.0,9889.0,WM,4,0.2034139658697224,1,bisquare,8064,1.0,negbinomial,0.17601685035067796,False
CGTGTGTTAAACCCTG-1,11184.0,6549.0,L3,0,0.10054588444955417,1,bisquare,8064,1.0,negbinomial,0.17601685035067796,False
CGTTAAACTAGTTAGG-1,10835.0,8585.0,L5,2,0.188406689687727,1,bisquare,8064,1.0,negbinomial,0.17601685035067796,False
CGTTAATGTCCCGACG-1,9180.0,9778.0,L6,3,0.20619258810092989,1,bisquare,8064,1.0,negbinomial,0.17601685035067796,False
CGTTAGCTCACAACTG-1,9400.0,4389.0,L3,0,0.11913562704309956,1,bisquare,8064,1.0,negbinomial,0.17601685035067796,False
CGTTCAAGGAAACGGA-1,6355.0,11089.0,WM,4,0.22521945975703803,1,bisquare,8064,1.0,negbinomial,0.17601685035067796,False
CGTTCAGACCCGCGAA-1,7389.0,10493.0,WM,4,0.1349443433873753,1,bisquare,8064,1.0,negbinomial,0.17601685035067796,False
CGTTCATGGTGCGCGT-1,4571.0,8450.0,L6,3,0.11515017717033531,1,bisquare,8064,1.0,negbinomial,0.17601685035067796,False
CGTTCTTCGCACACCT-1,10706.0,4991.0,L3,0,0.18929882144727364,1,bisquare,8064,1.0,negbinomial,0.17601685035067796,False
CGTTGAATACCGCGCT-1,8492.0,9537.0,L6,3,0.08933203509387898,1,bisquare,8064,1.0,negbinomial,0.17601685035067796,False
CGTTGAGCGACCGTCG-1,8290.0,7980.0,L5,2,0.15793447215952328,1,bisquare,8064,1.0,negbinomial,0.17601685035067796,False
CGTTGAGTAATTGCGT-1,10158.0,4032.0,L3,0,0.17214520861988786,1,bisquare,8064,1.0,negbinomial,0.17601685035067796,False
CGTTGCCCGCGTGGGA-1,6287.0,10490.0,WM,4,0.10860711643604888,1,bisquare,8064,1.0,negbinomial,0.17601685035067796,False
CGTTGTAAACGTCAGG-1,4097.0,5215.0,L3,0,0.19007903597941697,1,bisquare,8064,1.0,negbinomial,0.17601685035067796,False
CGTTGTAAGATTGATT-1,10635.0,5829.0,L3,0,0.15937605994253717,1,bisquare,8064,1.0,negbinomial,0.17601685035067796,False
CGTTGTCGGCAATTGA-1,7733.0,10374.0,WM,4,0.1062006598386338,1,bisquare,8064,1.0,negbinomial,0.17601685035067796,False
CGTTGTTTCAATTCCC-1,5952.0,6776.0,L5,2,0.11415384720656344,1,bisquare,8064,1.0,negbinomial,0.17601685035067796,False
CGTTTAAGCGGAGCAC-1,7266.0,4264.0,L3,0,0.2351646900061351,1,bisquare,8064,1.0,negbinomial,0.17601685035067796,False
CGTTTACAAGGCAGCT-1,11256.0,5232.0,L3,0,0.09000724443267126,1,bisquare,8064,1.0,negbinomial,0.17601685035067796,False
CGTTTCACTTCGGGCG-1,9536.0,4869.0,L3,0,0.1131810126158678,1,bisquare,8064,1.0,negbinomial,0.17601685035067796,False
CGTTTCGCTCATTACA-1,6571.0,6898.0,L5,2,0.15940448218408976,1,bisquare,8064,1.0,negbinomial,0.17601685035067796,False
CGTTTGGTGTTGTGGG-1,11451.0,10143.0,L6,3,0.20762830723543657,1,bisquare,8064,1.0,negbinomial,0.17601685035067796,False
CGTTTGTGTAGAGGGT-1,6015.0,9292.0,WM,4,0.34420406971993883,1,bisquare,8064,1.0,negbinomial,0.17601685035067796,False
CTAAAGAATGCCTACT-1,5676.0,7015.0,L5,2,0.1939477443700057,1,bisquare,8064,1.0,negbinomial,0.17601685035067796,False
CTAAAGGGAAATAGGA-1,7464.0,7978.0,L6,3,0.1940315315689282,1,bisquare,8064,1.0,negbinomial,0.17601685035067796,False
CTAAATCCGGTGTACA-1,5600.0,10009.0,WM,4,0.24942212565395605,1,bisquare,8064,1.0,negbinomial,0.17601685035067796,False
CTAAATCCTATTCCGG-1,8983.0,5825.0,L3,0,0.20742678981245868,1,bisquare,8064,1.0,negbinomial,0.17601685035067796,False
CTAACCGCGCGCCCGT-1,5607.0,7135.0,L5,2,0.10931059964422392,1,bisquare,8064,1.0,negbinomial,0.17601685035067796,False
CTAACGAAACTTGCTG-1,9670.0,6306.0,L3,0,0.35804120906145875,1,bisquare,8064,1.0,negbinomial,0.17601685035067796,False
CTAACTGATAATCGCC-1,10213.0,9661.0,L6,3,0.23391842595474358,1,bisquare,8064,1.0,negbinomial,0.17601685035067796,False
CTAACTGGTCCGGTTC-1,5672.0,8692.0,L6,3,0.18895915023618653,1,bisquare,8064,1.0,negbinomial,0.17601685035067796,False
CTAAGGGAATGATTGG-1,8152.0,7979.0,L5,2,0.12184029190577714,1,bisquare,8064,1.0,negbinomial,0.17601685035067796,False
CTAAGTACAGGGCTAC-1,10228.0,3433.0,L3,0,0.13489970981890095,1,bisquare,8064,1.0,negbinomial,0.17601685035067796,False
CTAATTATGAAGCGTA-1,11534.0,4035.0,L3,0,0.1647372279254583,1,bisquare,8064,1.0,negbinomial,0.17601685035067796,False
CTAATTCGCACGCGCT-1,5541.0,6057.0,L5,2,0.18019724556323982,1,bisquare,8064,1.0,negbinomial,0.17601685035067796,False
CTAATTCTCAGATATT-1,10428.0,5949.0,L3,0,0.11175058235242673,1,bisquare,8064,1.0,negbinomial,0.17601685035067796,False
CTAATTTCAACAACAC-1,5061.0,5217.0,L4,1,0.11566706073063503,1,bisquare,8064,1.0,negbinomial,0.17601685035067796,False
CTACAAGAAATAACCC-1,5945.0,9651.0,WM,4,0.31304737612639516,1,bisquare,8064,1.0,negbinomial,0.17601685035067796,False
CTACACTCGCAGATGG-1,10144.0,9541.0,L6,3,0.16665397489020287,1,bisquare,8064,1.0,negbinomial,0.17601685035067796,False
CTACCCTAAGGTCATA-1,9463.0,6425.0,L3,0,0.17269810526536913,1,bisquare,8064,1.0,negbinomial,0.17601685035067796,False
CTACGAACTAGGTCGA-1,8232.0,3309.0,L3,0,0.1602340067530031,1,bisquare,8064,1.0,negbinomial,0.17601685035067796,False
CTACGACTAGCTATAA-1,4850.0,7253.0,L5,2,0.1408818875998619,1,bisquare,8064,1.0,negbinomial,0.17601685035067796,False
CTACGCACGGAGTACC-1,7122.0,6899.0,L5,2,0.14895139150804088,1,bisquare,8064,1.0,negbinomial,0.17601685035067796,False
CTACGCCATTTCCGAT-1,8712.0,4148.0,L3,0,0.16302938104770479,1,bisquare,8064,1.0,negbinomial,0.17601685035067796,False
CTACTATCATAGGTTT-1,4914.0,9050.0,L6,3,0.28862497309461854,1,bisquare,8064,1.0,negbinomial,0.17601685035067796,False
CTACTATCTTTCAGAG-1,9602.0,6186.0,L3,0,0.2652608013502352,1,bisquare,8064,1.0,negbinomial,0.17601685035067796,False
CTACTCAAGGTATAGT-1,6082.0,9891.0,WM,4,0.16558892482432974,1,bisquare,8064,1.0,negbinomial,0.17601685035067796,False
CTACTCTAGGCCCGGC-1,4920.0,6415.0,L5,2,0.18852744683703992,1,bisquare,8064,1.0,negbinomial,0.17601685035067796,False
CTACTGCCACCTGACC-1,7537.0,5942.0,L4,1,0.1458072328998166,1,bisquare,8064,1.0,negbinomial,0.17601685035067796,False
CTAGACATATATGTAG-1,10640.0,3674.0,L3,0,0.19627730927220088,1,bisquare,8064,1.0,negbinomial,0.17601685035067796,False
CTAGACTGCATTTCGT-1,9814.0,3911.0,L3,0,0.12146180408319358,1,bisquare,8064,1.0,negbinomial,0.17601685035067796,False
CTAGATAAACTCCTCG-1,4927.0,3540.0,L3,0,0.15059451123645975,1,bisquare,8064,1.0,negbinomial,0.17601685035067796,False
CTAGATGTGAGTGTAA-1,10289.0,6667.0,L3,0,0.17382455102176672,1,bisquare,8064,1.0,negbinomial,0.17601685035067796,False
CTAGATTTACGACGGC-1,8290.0,7740.0,L5,2,0.09899135610893436,1,bisquare,8064,1.0,negbinomial,0.17601685035067796,False
CTAGCATAGTATAATG-1,7742.0,6781.0,L5,2,0.17833491327769485,1,bisquare,8064,1.0,negbinomial,0.17601685035067796,False
CTAGCCACAGGCGAGC-1,11245.0,9783.0,L6,3,0.17388972070722442,1,bisquare,8064,1.0,negbinomial,0.17601685035067796,False
CTAGCCGATGTTATGA-1,10154.0,5469.0,L3,0,0.23297167079198722,1,bisquare,8064,1.0,negbinomial,0.17601685035067796,False
CTAGCGCCAATCCTAC-1,11056.0,2716.0,L3,0,0.18524811016007078,1,bisquare,8064,1.0,negbinomial,0.17601685035067796,False
CTAGCTTAATGGTCCC-1,11799.0,8347.0,L4,1,0.27585690646693783,1,bisquare,8064,1.0,negbinomial,0.17601685035067796,False
CTAGGCGCCCTATCAG-1,9458.0,8821.0,L6,3,0.32551361458678857,1,bisquare,8064,1.0,negbinomial,0.17601685035067796,False
CTAGGCGGCAGAGAAT-1,5410.0,3182.0,L3,0,0.06399576095310155,1,bisquare,8064,1.0,negbinomial,0.17601685035067796,False
CTAGGTCTGAAGGAAT-1,10357.0,7026.0,L3,0,0.22601405662896398,1,bisquare,8064,1.0,negbinomial,0.17601685035067796,False
CTAGGTTCGGACGTGA-1,8010.0,9656.0,WM,4,0.31439723139167136,1,bisquare,8064,1.0,negbinomial,0.17601685035067796,False
CTAGTAGAAAGGGATT-1,8766.0,10256.0,WM,4,0.3276011232519303,1,bisquare,8064,1.0,negbinomial,0.17601685035067796,False
CTAGTATTCGGAATTA-1,8711.0,4388.0,L3,0,0.18096398262622987,1,bisquare,8064,1.0,negbinomial,0.17601685035067796,False
CTAGTCACGTCTTAAG-1,7947.0,7140.0,L5,2,0.20086653911876934,1,bisquare,8064,1.0,negbinomial,0.17601685035067796,False
CTAGTGAAGGACAGGA-1,5814.0,6776.0,L5,2,0.09666187896755556,1,bisquare,8064,1.0,negbinomial,0.17601685035067796,False
CTAGTTACAACCCGGT-1,7805.0,9056.0,L6,3,0.13159330244724773,1,bisquare,8064,1.0,negbinomial,0.17601685035067796,False
CTAGTTGGGCCCGGTA-1,7882.0,5823.0,L3,0,0.1743303208007526,1,bisquare,8064,1.0,negbinomial,0.17601685035067796,False
CTATAAGAGCCAATCG-1,10084.0,5828.0,L3,0,0.1580544813383648,1,bisquare,8064,1.0,negbinomial,0.17601685035067796,False
CTATAGGCGTTGATGT-1,5806.0,10130.0,WM,4,0.16169349034116084,1,bisquare,8064,1.0,negbinomial,0.17601685035067796,False
CTATATCCAGCCTGGC-1,5323.0,10967.0,WM,4,0.2776028640411793,1,bisquare,8064,1.0,negbinomial,0.17601685035067796,False
CTATCGACGAAATACA-1,9595.0,9061.0,L6,3,0.2226112792164737,1,bisquare,8064,1.0,negbinomial,0.17601685035067796,False
CTATCGCGTAGAGAAC-1,11314.0,9664.0,L6,3,0.20130463600711906,1,bisquare,8064,1.0,negbinomial,0.17601685035067796,False
CTATCGGGTCTCAACA-1,7948.0,6901.0,L5,2,0.23863138005243587,1,bisquare,8064,1.0,negbinomial,0.17601685035067796,False
CTATGCCCGAATGCAA-1,7252.0,10253.0,WM,4,0.07067002798657229,1,bisquare,8064,1.0,negbinomial,0.17601685035067796,False
CTATGGGAAGCGGAAT-1,10352.0,9182.0,L6,3,0.28253132308675194,1,bisquare,8064,1.0,negbinomial,0.17601685035067796,False
CTATGTCACTAGCCCA-1,7743.0,6302.0,L4,1,0.14103142160922305,1,bisquare,8064,1.0,negbinomial,0.17601685035067796,False
CTATGTCTATTGAAAC-1,6991.0,4024.0,L3,0,0.2827496242825574,1,bisquare,8064,1.0,negbinomial,0.17601685035067796,False
CTATGTGAGTCACGGC-1,4366.0,8090.0,L5,2,0.1007364461713112,1,bisquare,8064,1.0,negbinomial,0.17601685035067796,False
CTATTCATGTGTCCCA-1,7461.0,8936.0,L6,3,0.11115817842795327,1,bisquare,8064,1.0,negbinomial,0.17601685035067796,False
CTATTGTGTTTGGTCA-1,10157.0,4271.0,L3,0,0.18081113083086137,1,bisquare,8064,1.0,negbinomial,0.17601685035067796,False
CTATTTGGTTACGGAT-1,8843.0,7023.0,L4,1,0.162009054449403,1,bisquare,8064,1.0,negbinomial,0.17601685035067796,False
CTCAAACCACTGCCCG-1,5944.0,10369.0,WM,4,0.1323940658722201,1,bisquare,8064,1.0,negbinomial,0.17601685035067796,False
CTCAACTAACCCGGAT-1,9041.0,10257.0,WM,4,0.31148499146062975,1,bisquare,8064,1.0,negbinomial,0.17601685035067796,False
CTCAAGACATTAGCGC-1,10226.0,4391.0,L3,0,0.09789995019505865,1,bisquare,8064,1.0,negbinomial,0.17601685035067796,False
CTCACACGCAAGCCTA-1,11601.0,4874.0,L3,0,0.19708068148260047,1,bisquare,8064,1.0,negbinomial,0.17601685035067796,False
CTCACATTTACTAAAT-1,7871.0,10135.0,WM,4,0.12360653416440916,1,bisquare,8064,1.0,negbinomial,0.17601685035067796,False
CTCACCGATCCAAACT-1,11329.0,3675.0,L3,0,0.12437139212011981,1,bisquare,8064,1.0,negbinomial,0.17601685035067796,False
CTCACTGTGATACTTA-1,8353.0,10255.0,WM,4,0.14215785276415835,1,bisquare,8064,1.0,negbinomial,0.17601685035067796,False
CTCACTTGGCTGGTAA-1,4987.0,7493.0,L5,2,0.20056695832590724,1,bisquare,8064,1.0,negbinomial,0.17601685035067796,False
CTCAGCAGACTGCCGA-1,10917.0,2956.0,L3,0,0.102541269360556,1,bisquare,8064,1.0,negbinomial,0.17601685035067796,False
CTCAGGACTCACCTGT-1,5269.0,4619.0,L3,0,0.18771063438742253,1,bisquare,8064,1.0,negbinomial,0.17601685035067796,False
CTCAGTCACGACAAAT-1,9810.0,5588.0,L3,0,0.11569084295017379,1,bisquare,8064,1.0,negbinomial,0.17601685035067796,False
CTCATGGCTCACAATC-1,7541.0,4265.0,L3,0,0.21090945165824354,1,bisquare,8064,1.0,negbinomial,0.17601685035067796,False
CTCATGGTAATTTGCG-1,4984.0,8690.0,L6,3,0.24982988476860568,1,bisquare,8064,1.0,negbinomial,0.17601685035067796,False
CTCATTGCTCTAACAA-1,8560.0,9897.0,WM,4,0.30124025440605334,1,bisquare,8064,1.0,negbinomial,0.17601685035067796,False
CTCATTTGATGGGCGG-1,7470.0,5343.0,L3,0,0.13550335264709332,1,bisquare,8064,1.0,negbinomial,0.17601685035067796,False
CTCCCAATGAGTCGCG-1,11110.0,8825.0,L5,2,0.15698542000308968,1,bisquare,8064,1.0,negbinomial,0.17601685035067796,False
CTCCCTCCTTTCGATC-1,4777.0,8810.0,L6,3,0.15081359144342368,1,bisquare,8064,1.0,negbinomial,0.17601685035067796,False
CTCCGAGTAAATCCGC-1,11675.0,2838.0,L3,0,0.05366732441974865,1,bisquare,8064,1.0,negbinomial,0.17601685035067796,False
CTCCGCCCACATGAGG-1,5881.0,7854.0,L6,3,0.236466074829009,1,bisquare,8064,1.0,negbinomial,0.17601685035067796,False
CTCCGGCCTAATATGC-1,7264.0,4983.0,L3,0,0.16258996663123412,1,bisquare,8064,1.0,negbinomial,0.17601685035067796,False
CTCCGGCTTGTAGACA-1,4512.0,4497.0,L3,0,0.2137087424038183,1,bisquare,8064,1.0,negbinomial,0.17601685035067796,False
CTCCTAAGTTATGTCT-1,5270.0,4140.0,L3,0,0.30501909519535264,1,bisquare,8064,1.0,negbinomial,0.17601685035067796,False
CTCCTCCAGCTCACAC-1,6632.0,10132.0,WM,4,0.11813244896007175,1,bisquare,8064,1.0,negbinomial,0.17601685035067796,False
CTCCTGTTCAAGGCAG-1,11246.0,9304.0,L5,2,0.16809105445939976,1,bisquare,8064,1.0,negbinomial,0.17601685035067796,False
CTCCTTTACGCAAGTC-1,10705.0,5470.0,L3,0,0.163497554813696,1,bisquare,8064,1.0,negbinomial,0.17601685035067796,False
CTCGAATGGAACGTAT-1,10090.0,3433.0,L3,0,0.13232518199715815,1,bisquare,8064,1.0,negbinomial,0.17601685035067796,False
CTCGAGACATACGATA-1,3675.0,9286.0,L6,3,0.16056621997315026,1,bisquare,8064,1.0,negbinomial,0.17601685035067796,False
CTCGAGATCCAAAGCA-1,4100.0,4017.0,L3,0,0.17274343491371866,1,bisquare,8064,1.0,negbinomial,0.17601685035067796,False
CTCGAGGTCGAACAGT-1,7261.0,6181.0,L4,1,0.19400695257750297,1,bisquare,8064,1.0,negbinomial,0.17601685035067796,False
CTCGATATTTGCGAGC-1,10016.0,5469.0,L3,0,0.12206958894297956,1,bisquare,8064,1.0,negbinomial,0.17601685035067796,False
CTCGCACCTATATAGT-1,7882.0,5583.0,L3,0,0.22695871146060925,1,bisquare,8064,1.0,negbinomial,0.17601685035067796,False
CTCGCATTGCATAGCC-1,4017.0,9886.0,L6,3,0.1249279844829285,1,bisquare,8064,1.0,negbinomial,0.17601685035067796,False
CTCGCCGAATGTAGGG-1,7597.0,9894.0,WM,4,0.19170712663356027,1,bisquare,8064,1.0,negbinomial,0.17601685035067796,False
CTCGGGATAACACCTA-1,11528.0,6430.0,L3,0,0.25453996423721365,1,bisquare,8064,1.0,negbinomial,0.17601685035067796,False
CTCGGGTTCTCTGGCC-1,5050.0,10008.0,L6,3,0.11186155846750154,1,bisquare,8064,1.0,negbinomial,0.17601685035067796,False
CTCGGTACCACTGCTC-1,8772.0,7622.0,L5,2,0.15228735739654933,1,bisquare,8064,1.0,negbinomial,0.17601685035067796,False
CTCGGTCCGTAGCCTG-1,6645.0,4862.0,L3,0,0.1669233994652703,1,bisquare,8064,1.0,negbinomial,0.17601685035067796,False
CTCGGTTGTCGGCCCT-1,4982.0,9409.0,L6,3,0.19339243408275902,1,bisquare,8064,1.0,negbinomial,0.17601685035067796,False
CTCGTCGAGGGCTCAT-1,4430.0,9887.0,L6,3,0.3044574203732692,1,bisquare,8064,1.0,negbinomial,0.17601685035067796,False
CTCGTTTCTAATGTTT-1,10361.0,5350.0,L3,0,0.2084673965378854,1,bisquare,8064,1.0,negbinomial,0.17601685035067796,False
CTCTAATGCATTGATC-1,10773.0,5590.0,L3,0,0.15282430881720102,1,bisquare,8064,1.0,negbinomial,0.17601685035067796,False
CTCTACACTGGCGATT-1,4366.0,7850.0,L5,2,0.08002716254281297,1,bisquare,8064,1.0,negbinomial,0.17601685035067796,False
CTCTAGCCCTCGGAAA-1,9385.0,10617.0,L6,3,0.059225785549876515,1,bisquare,8064,1.0,negbinomial,0.17601685035067796,False
CTCTATTTGGCTGCAG-1,7875.0,8458.0,L6,3,0.12734637706933713,1,bisquare,8064,1.0,negbinomial,0.17601685035067796,False
CTCTCACAATCGATGA-1,8018.0,6542.0,L4,1,0.15359550059583582,1,bisquare,8064,1.0,negbinomial,0.17601685035067796,False
CTCTCGATGTGCGCCT-1,7475.0,3187.0,L3,0,0.10981664068010047,1,bisquare,8064,1.0,negbinomial,0.17601685035067796,False
CTCTCGCTGTACTATG-1,3615.0,5573.0,L3,0,0.09620862822753576,1,bisquare,8064,1.0,negbinomial,0.17601685035067796,False
CTCTCTAACTGCCTAG-1,4638.0,9528.0,L6,3,0.13178239499988184,1,bisquare,8064,1.0,negbinomial,0.17601685035067796,False
CTCTGCGAAGCAAGCA-1,6647.0,4143.0,L3,0,0.25722746971965205,1,bisquare,8064,1.0,negbinomial,0.17601685035067796,False
CTCTGGACGCCTGGTG-1,7467.0,6540.0,L5,2,0.1436901822937996,1,bisquare,8064,1.0,negbinomial,0.17601685035067796,False
CTCTGTTTGAGGATTC-1,8161.0,4386.0,L3,0,0.10085254979741098,1,bisquare,8064,1.0,negbinomial,0.17601685035067796,False
CTCTTCTATTGACTGG-1,10079.0,8224.0,L5,2,0.11045689695012062,1,bisquare,8064,1.0,negbinomial,0.17601685035067796,False
CTCTTCTGGAAGTTAG-1,5944.0,10130.0,WM,4,0.092266802890208,1,bisquare,8064,1.0,negbinomial,0.17601685035067796,False
CTCTTGTCCCGCTTGG-1,7185.0,9175.0,WM,4,0.192793927147539,1,bisquare,8064,1.0,negbinomial,0.17601685035067796,False
CTGAAACGGCCCTCAG-1,11398.0,3316.0,L3,0,0.18440432198388895,1,bisquare,8064,1.0,negbinomial,0.17601685035067796,False
CTGAAAGAGATCCGAC-1,7953.0,4985.0,L3,0,0.3411177767552671,1,bisquare,8064,1.0,negbinomial,0.17601685035067796,False
CTGAATCCGAGACCTC-1,6843.0,8336.0,L6,3,0.13017340753117007,1,bisquare,8064,1.0,negbinomial,0.17601685035067796,False
CTGAATTTATTGCCAG-1,10499.0,5350.0,L3,0,0.18073869709202153,1,bisquare,8064,1.0,negbinomial,0.17601685035067796,False
CTGACATAGAAATAGA-1,11385.0,8825.0,L5,2,0.3516475740061714,1,bisquare,8064,1.0,negbinomial,0.17601685035067796,False
CTGACTGCGCAGCTCG-1,10152.0,6427.0,L3,0,0.1899363849353735,1,bisquare,8064,1.0,negbinomial,0.17601685035067796,False
CTGAGAAAGTTCGGCG-1,11248.0,8586.0,L5,2,0.14256408748102856,1,bisquare,8064,1.0,negbinomial,0.17601685035067796,False
CTGAGCAAGTAACAAG-1,4925.0,4498.0,L3,0,0.137907539895635,1,bisquare,8064,1.0,negbinomial,0.17601685035067796,False
CTGAGCGAGACTTATT-1,11804.0,6431.0,L3,0,0.3301458805470144,1,bisquare,8064,1.0,negbinomial,0.17601685035067796,False
CTGATAGTGTATCTCA-1,4301.0,6533.0,L5,2,0.11710987483990462,1,bisquare,8064,1.0,negbinomial,0.17601685035067796,False
CTGCAAGCACGTTCCG-1,10831.0,10022.0,L6,3,0.28517223582958273,1,bisquare,8064,1.0,negbinomial,0.17601685035067796,False
CTGCACAACTACATAT-1,8426.0,8699.0,L6,3,0.27447936271784007,1,bisquare,8064,1.0,negbinomial,0.17601685035067796,False
CTGCACCTAGTCCACA-1,11254.0,6190.0,L3,0,0.1713255262493555,1,bisquare,8064,1.0,negbinomial,0.17601685035067796,False
CTGCACCTGGAACCGC-1,6577.0,4502.0,L3,0,0.16991033528360144,1,bisquare,8064,1.0,negbinomial,0.17601685035067796,False
CTGCACTCCAGTACAG-1,8011.0,9177.0,L6,3,0.07207904426545395,1,bisquare,8064,1.0,negbinomial,0.17601685035067796,False
CTGCAGAGAATCAGAG-1,10143.0,10020.0,L6,3,0.19143848552498638,1,bisquare,8064,1.0,negbinomial,0.17601685035067796,False
CTGCCAAGGTTGGAAG-1,8503.0,5225.0,L3,0,0.12583445477656718,1,bisquare,8064,1.0,negbinomial,0.17601685035067796,False
CTGCCATGCATCACAT-1,7465.0,7499.0,L5,2,0.12495246199320774,1,bisquare,8064,1.0,negbinomial,0.17601685035067796,False
CTGCCCACGAAGCGTT-1,3612.0,6531.0,L4,1,0.07789980552875062,1,bisquare,8064,1.0,negbinomial,0.17601685035067796,False
CTGCCTAGCCACCAAG-1,8713.0,3669.0,L3,0,0.15399196541142107,1,bisquare,8064,1.0,negbinomial,0.17601685035067796,False
CTGCCTCATATGCAAC-1,11528.0,6670.0,L3,0,0.24801430357847026,1,bisquare,8064,1.0,negbinomial,0.17601685035067796,False
CTGCCTTTAATACCTT-1,5118.0,10367.0,L6,3,0.11840418747111614,1,bisquare,8064,1.0,negbinomial,0.17601685035067796,False
CTGCCTTTCTAGTAAA-1,9592.0,10258.0,L6,3,0.12502937026606895,1,bisquare,8064,1.0,negbinomial,0.17601685035067796,False
CTGCGGGTGAAATGTT-1,4783.0,6414.0,L5,2,0.17626451406629834,1,bisquare,8064,1.0,negbinomial,0.17601685035067796,False
CTGCGGTAGTCACGTG-1,9538.0,3911.0,L3,0,0.08953736234020229,1,bisquare,8064,1.0,negbinomial,0.17601685035067796,False
CTGCGTTACGATATAA-1,9399.0,4629.0,L3,0,0.12382117538540147,1,bisquare,8064,1.0,negbinomial,0.17601685035067796,False
CTGCTGAGGCCACGAA-1,5604.0,8572.0,L6,3,0.12416673645228311,1,bisquare,8064,1.0,negbinomial,0.17601685035067796,False
CTGCTGTCTAACGAGC-1,11386.0,8586.0,L4,1,0.18094639040157115,1,bisquare,8064,1.0,negbinomial,0.17601685035067796,False
CTGCTTGGCGATAGCT-1,8356.0,9058.0,L6,3,0.07537193261562444,1,bisquare,8064,1.0,negbinomial,0.17601685035067796,False
CTGCTTTATGTCCGCG-1,10912.0,5111.0,L3,0,0.09234156849278771,1,bisquare,8064,1.0,negbinomial,0.17601685035067796,False
CTGGAAATGGATGCTT-1,6848.0,6180.0,L5,2,0.20267131685433537,1,bisquare,8064,1.0,negbinomial,0.17601685035067796,False
CTGGAAGACACGGTGG-1,9251.0,8701.0,L6,3,0.18804982354807617,1,bisquare,8064,1.0,negbinomial,0.17601685035067796,False
CTGGACGCAGTCCGGC-1,4089.0,8808.0,L6,3,0.10559613293072363,1,bisquare,8064,1.0,negbinomial,0.17601685035067796,False
CTGGATTTACACTTGA-1,6980.0,8575.0,L6,3,0.05780682991247354,1,bisquare,8064,1.0,negbinomial,0.17601685035067796,False
CTGGCATCCGAATGAG-1,4984.0,8451.0,L6,3,0.3278722396234279,1,bisquare,8064,1.0,negbinomial,0.17601685035067796,False
CTGGCGACATAAGTCC-1,8779.0,4747.0,L3,0,0.13614370714794913,1,bisquare,8064,1.0,negbinomial,0.17601685035067796,False
CTGGCGCACAGGTCTG-1,9324.0,7144.0,L4,1,0.2104889749062187,1,bisquare,8064,1.0,negbinomial,0.17601685035067796,False
CTGGCGGGAATAAGTA-1,4717.0,5097.0,L4,1,0.10582688507124226,1,bisquare,8064,1.0,negbinomial,0.17601685035067796,False
CTGGCTCCTGCGGGAT-1,5065.0,3540.0,L3,0,0.08086617785306457,1,bisquare,8064,1.0,negbinomial,0.17601685035067796,False
CTGGCTGATTCATCCT-1,9804.0,7983.0,L5,2,0.1926277059884953,1,bisquare,8064,1.0,negbinomial,0.17601685035067796,False
CTGGCTGGTTGTCAGT-1,7048.0,9174.0,WM,4,0.20555307676974371,1,bisquare,8064,1.0,negbinomial,0.17601685035067796,False
CTGGGATAAATAATGG-1,8980.0,7263.0,L5,2,0.31917176750410026,1,bisquare,8064,1.0,negbinomial,0.17601685035067796,False
CTGGGATACGCTACCC-1,11251.0,7148.0,L3,0,0.22071763692211252,1,bisquare,8064,1.0,negbinomial,0.17601685035067796,False
CTGGGCACTAGTCGGA-1,9885.0,2833.0,L3,0,0.1167118668307299,1,bisquare,8064,1.0,negbinomial,0.17601685035067796,False
CTGGGCCTGCTATATC-1,5261.0,7972.0,L6,3,0.1712625130573783,1,bisquare,8064,1.0,negbinomial,0.17601685035067796,False
CTGGGCGGCCAAATGT-1,8233.0,2829.0,L3,0,0.15992136867198886,1,bisquare,8064,1.0,negbinomial,0.17601685035067796,False
CTGGGCTATCCTTTGG-1,10641.0,3434.0,L3,0,0.10666718841912615,1,bisquare,8064,1.0,negbinomial,0.17601685035067796,False
CTGGGTAGGCAGTTAA-1,8634.0,7861.0,L5,2,0.2068760924333904,1,bisquare,8064,1.0,negbinomial,0.17601685035067796,False
CTGGGTTGAGTTAAAG-1,3951.0,9047.0,L6,3,0.13218073516715378,1,bisquare,8064,1.0,negbinomial,0.17601685035067796,False
CTGGTAAAGTGTGGGC-1,11038.0,9903.0,L6,3,0.18554533202157014,1,bisquare,8064,1.0,negbinomial,0.17601685035067796,False
CTGGTAACACATAGAA-1,9254.0,7742.0,L5,2,0.3503998348938199,1,bisquare,8064,1.0,negbinomial,0.17601685035067796,False
CTGGTAACGAGCTCTT-1,9877.0,6187.0,L3,0,0.12318294147260375,1,bisquare,8064,1.0,negbinomial,0.17601685035067796,False
CTGGTCATTCCAATCC-1,4234.0,5455.0,L4,1,0.14100245514973492,1,bisquare,8064,1.0,negbinomial,0.17601685035067796,False
CTGGTCCTAACTTGGC-1,7681.0,3547.0,L3,0,0.18581184833957076,1,bisquare,8064,1.0,negbinomial,0.17601685035067796,False
CTGGTGAATGGGCCTA-1,4498.0,10486.0,L6,3,0.1959753639893592,1,bisquare,8064,1.0,negbinomial,0.17601685035067796,False
CTGGTTCAACGCATCA-1,5822.0,3662.0,L3,0,0.09883593989513181,1,bisquare,8064,1.0,negbinomial,0.17601685035067796,False
CTGGTTTCGAGCAAGA-1,9253.0,8222.0,L5,2,0.12033080406988461,1,bisquare,8064,1.0,negbinomial,0.17601685035067796,False
CTGTACTTCTTAGCAT-1,6708.0,7377.0,L5,2,0.1166735923719573,1,bisquare,8064,1.0,negbinomial,0.17601685035067796,False
CTGTAGCCATCTCACT-1,6359.0,9412.0,WM,4,0.15285636681801634,1,bisquare,8064,1.0,negbinomial,0.17601685035067796,False
CTGTAGTGAGGATCGA-1,6149.0,10969.0,WM,4,0.1145786187558178,1,bisquare,8064,1.0,negbinomial,0.17601685035067796,False
CTGTATGGTGTAGAAA-1,5405.0,5098.0,L4,1,0.19258221836812114,1,bisquare,8064,1.0,negbinomial,0.17601685035067796,False
CTGTCAAATGGCTCGG-1,8915.0,5466.0,L3,0,0.2003465471252138,1,bisquare,8064,1.0,negbinomial,0.17601685035067796,False
CTGTCACGCCAGGCGC-1,9951.0,3911.0,L3,0,0.17116028486559354,1,bisquare,8064,1.0,negbinomial,0.17601685035067796,False
CTGTGCAGGGTAGGTC-1,8015.0,7739.0,L5,2,0.13689480281155264,1,bisquare,8064,1.0,negbinomial,0.17601685035067796,False
CTGTGGTCGGGAGATA-1,9319.0,9300.0,L6,3,0.1421343323102124,1,bisquare,8064,1.0,negbinomial,0.17601685035067796,False
CTGTTACCCAATCTAG-1,7187.0,8456.0,L6,3,0.074017104550136,1,bisquare,8064,1.0,negbinomial,0.17601685035067796,False
CTGTTCACTGCCTGTG-1,7057.0,5342.0,L3,0,0.13080750015213247,1,bisquare,8064,1.0,negbinomial,0.17601685035067796,False
CTGTTCATCTCACGGG-1,5543.0,5338.0,L4,1,0.16131452880674454,1,bisquare,8064,1.0,negbinomial,0.17601685035067796,False
CTGTTGTTCAGTCGTA-1,4635.0,10726.0,L6,3,0.16055062147097465,1,bisquare,8064,1.0,negbinomial,0.17601685035067796,False
CTTAAATAAGACCCAT-1,3821.0,5693.0,L3,0,0.20385880193935924,1,bisquare,8064,1.0,negbinomial,0.17601685035067796,False
CTTAACTTCGAAGTAC-1,7542.0,4025.0,L3,0,0.11231922529894164,1,bisquare,8064,1.0,negbinomial,0.17601685035067796,False
CTTACACGGTATTCCA-1,6297.0,6418.0,L5,2,0.1644440627143012,1,bisquare,8064,1.0,negbinomial,0.17601685035067796,False
CTTACACTGGGAAATA-1,6508.0,4622.0,L3,0,0.20739785027625765,1,bisquare,8064,1.0,negbinomial,0.17601685035067796,False
CTTAGCCCGGATAGTG-1,3820.0,5933.0,L4,1,0.10278499129517639,1,bisquare,8064,1.0,negbinomial,0.17601685035067796,False
CTTAGCCTTCCACATG-1,8571.0,5345.0,L3,0,0.1302717828337676,1,bisquare,8064,1.0,negbinomial,0.17601685035067796,False
CTTAGGTATAGACCAG-1,4223.0,10246.0,L6,3,0.3199603563311534,1,bisquare,8064,1.0,negbinomial,0.17601685035067796,False
CTTAGTAGGCCTACAG-1,10220.0,6547.0,L3,0,0.27302110784581135,1,bisquare,8064,1.0,negbinomial,0.17601685035067796,False
CTTAGTGTAGTAGCAT-1,8904.0,10017.0,WM,4,0.3533251991287351,1,bisquare,8064,1.0,negbinomial,0.17601685035067796,False
CTTAGTTGAGGAATCG-1,5461.0,10728.0,WM,4,0.19800777574111242,1,bisquare,8064,1.0,negbinomial,0.17601685035067796,False
CTTATAGATGGCTGTT-1,11382.0,10023.0,L6,3,0.2643553589835297,1,bisquare,8064,1.0,negbinomial,0.17601685035067796,False
CTTATGCGCTCAGGGC-1,3953.0,7850.0,L5,2,0.1519381011745312,1,bisquare,8064,1.0,negbinomial,0.17601685035067796,False
CTTATGTTGACTACCA-1,5063.0,4259.0,L3,0,0.11894079132202134,1,bisquare,8064,1.0,negbinomial,0.17601685035067796,False
CTTCAACTCCACTTGG-1,8492.0,9777.0,WM,4,0.28037112631109196,1,bisquare,8064,1.0,negbinomial,0.17601685035067796,False
CTTCAGTGGTCGCCTA-1,4432.0,9168.0,L6,3,0.0943965719652979,1,bisquare,8064,1.0,negbinomial,0.17601685035067796,False
CTTCATAGCTCAAGAA-1,5750.0,4979.0,L4,1,0.10655341829399675,1,bisquare,8064,1.0,negbinomial,0.17601685035067796,False
CTTCATTGTCAGTGGA-1,7328.0,7019.0,L5,2,0.1644518847127975,1,bisquare,8064,1.0,negbinomial,0.17601685035067796,False
CTTCCGCTCCGTGAAG-1,6634.0,9413.0,WM,4,0.1921858034376911,1,bisquare,8064,1.0,negbinomial,0.17601685035067796,False
CTTCCTGCATATTTAC-1,10366.0,3194.0,L3,0,0.09733431327094956,1,bisquare,8064,1.0,negbinomial,0.17601685035067796,False
CTTCGATTGCGCAAGC-1,9246.0,10856.0,WM,4,0.3386616251951547,1,bisquare,8064,1.0,negbinomial,0.17601685035067796,False
CTTCGGCCAATTGTTT-1,10766.0,8704.0,L5,2,0.3424084183236602,1,bisquare,8064,1.0,negbinomial,0.17601685035067796,False
CTTCGTAGATAGGTGA-1,6295.0,7376.0,L5,2,0.18284464098280434,1,bisquare,8064,1.0,negbinomial,0.17601685035067796,False
CTTCTATGTTGAAGTA-1,5123.0,8212.0,L6,3,0.29644579488240497,1,bisquare,8064,1.0,negbinomial,0.17601685035067796,False
CTTCTATTAATGCTAG-1,6429.0,8814.0,L6,3,0.11331343568634776,1,bisquare,8064,1.0,negbinomial,0.17601685035067796,False
CTTCTGGGCGTACCTA-1,5530.0,10608.0,WM,4,0.20676591906838632,1,bisquare,8064,1.0,negbinomial,0.17601685035067796,False
CTTCTTACGTCGTATA-1,7335.0,4384.0,L3,0,0.13887189547502293,1,bisquare,8064,1.0,negbinomial,0.17601685035067796,False
CTTGACCCGAAAGATA-1,7129.0,3785.0,L3,0,0.1383969267933089,1,bisquare,8064,1.0,negbinomial,0.17601685035067796,False
CTTGAGGTTATCCCGA-1,4857.0,4139.0,L3,0,0.14013943885030972,1,bisquare,8064,1.0,negbinomial,0.17601685035067796,False
CTTGAGTTAGGGTAAT-1,9599.0,7384.0,L4,1,0.2130081975804865,1,bisquare,8064,1.0,negbinomial,0.17601685035067796,False
CTTGCAACCGCCTCCT-1,4917.0,7852.0,L6,3,0.10045981578540393,1,bisquare,8064,1.0,negbinomial,0.17601685035067796,False
CTTGCCCAGGCTCTAC-1,6981.0,8096.0,L6,3,0.14648053144471826,1,bisquare,8064,1.0,negbinomial,0.17601685035067796,False
CTTGGCCAAGCTGGGA-1,7115.0,10013.0,WM,4,0.13839201016417302,1,bisquare,8064,1.0,negbinomial,0.17601685035067796,False
CTTGTACTTGTTGACT-1,6713.0,5221.0,L3,0,0.17949566349569737,1,bisquare,8064,1.0,negbinomial,0.17601685035067796,False
CTTGTCAACATTCGAG-1,7737.0,8697.0,L6,3,0.2305524554964507,1,bisquare,8064,1.0,negbinomial,0.17601685035067796,False
CTTGTGAGTCTTTGAC-1,5546.0,3901.0,L3,0,0.17605638034574522,1,bisquare,8064,1.0,negbinomial,0.17601685035067796,False
CTTGTGCTCACCGATT-1,9673.0,5348.0,L3,0,0.13442769335220636,1,bisquare,8064,1.0,negbinomial,0.17601685035067796,False
CTTGTTGCTGAGTCAA-1,8704.0,7262.0,L5,2,0.3357259985111419,1,bisquare,8064,1.0,negbinomial,0.17601685035067796,False
CTTGTTTATGTAGCCA-1,5131.0,4858.0,L3,0,0.16750937262868765,1,bisquare,8064,1.0,negbinomial,0.17601685035067796,False
CTTTAACTTTCAAAGG-1,7814.0,5463.0,L3,0,0.18683734573066269,1,bisquare,8064,1.0,negbinomial,0.17601685035067796,False
CTTTAATATTGGTCGA-1,8219.0,8818.0,L6,3,0.13681194452611828,1,bisquare,8064,1.0,negbinomial,0.17601685035067796,False
CTTTACCGAATAGTAG-1,8976.0,8700.0,L6,3,0.21140113281386627,1,bisquare,8064,1.0,negbinomial,0.17601685035067796,False
CTTTAGGAACACTGTT-1,9185.0,7623.0,L5,2,0.223615488578927,1,bisquare,8064,1.0,negbinomial,0.17601685035067796,False
CTTTAGTGCTATTATT-1,7601.0,7978.0,L6,3,0.13793738873516542,1,bisquare,8064,1.0,negbinomial,0.17601685035067796,False
CTTTCTGTGCGGGCTT-1,7736.0,9176.0,L6,3,0.07040716541599003,1,bisquare,8064,1.0,negbinomial,0.17601685035067796,False
CTTTGAAACATATTCC-1,9817.0,2713.0,L3,0,0.10850242180501823,1,bisquare,8064,1.0,negbinomial,0.17601685035067796,False
CTTTGCATCGCTCTTG-1,9662.0,9899.0,L6,3,0.09994033397111725,1,bisquare,8064,1.0,negbinomial,0.17601685035067796,False
CTTTGCTGTCATGGAT-1,11592.0,8467.0,L4,1,0.18672371994582865,1,bisquare,8064,1.0,negbinomial,0.17601685035067796,False
CTTTGGCAGACAGAGT-1,10985.0,3315.0,L3,0,0.14202676630089042,1,bisquare,8064,1.0,negbinomial,0.17601685035067796,False
CTTTGGCGCTTTATAC-1,4438.0,6533.0,L5,2,0.15829721385729706,1,bisquare,8064,1.0,negbinomial,0.17601685035067796,False
CTTTGGCTTTAGTAAA-1,5953.0,6537.0,L5,2,0.19535874508808107,1,bisquare,8064,1.0,negbinomial,0.17601685035067796,False
CTTTGGGATTGTTGCA-1,6219.0,10131.0,WM,4,0.09973818452631962,1,bisquare,8064,1.0,negbinomial,0.17601685035067796,False
GAAACAGATGACCACC-1,9530.0,7504.0,L4,1,0.20005699885694048,1,bisquare,8064,1.0,negbinomial,0.17601685035067796,False
GAAACAGCCATGCAGT-1,7404.0,4265.0,L3,0,0.28463871342690006,1,bisquare,8064,1.0,negbinomial,0.17601685035067796,False
GAAACATAGGAAACAG-1,4568.0,9887.0,L6,3,0.35301730756224775,1,bisquare,8064,1.0,negbinomial,0.17601685035067796,False
GAAACCATGGTGCGCT-1,10704.0,5949.0,L3,0,0.34385264484666905,1,bisquare,8064,1.0,negbinomial,0.17601685035067796,False
GAAACCGAATTACCTT-1,6706.0,8096.0,L6,3,0.21060444897872205,1,bisquare,8064,1.0,negbinomial,0.17601685035067796,False
GAAACCTATACAAATG-1,6771.0,9892.0,WM,4,0.11199992224787698,1,bisquare,8064,1.0,negbinomial,0.17601685035067796,False
GAAACTCGTGCGATGC-1,4853.0,6055.0,L5,2,0.19631885922323852,1,bisquare,8064,1.0,negbinomial,0.17601685035067796,False
GAAACTCTAATGAAGG-1,8230.0,4267.0,L3,0,0.20687057985857646,1,bisquare,8064,1.0,negbinomial,0.17601685035067796,False
GAAAGAACAGCGTTAT-1,10288.0,7146.0,L3,0,0.35547027478157767,1,bisquare,8064,1.0,negbinomial,0.17601685035067796,False
GAAAGCAGTGCACTTT-1,6909.0,9414.0,WM,4,0.10782243783510922,1,bisquare,8064,1.0,negbinomial,0.17601685035067796,False
GAAAGCCCTTTGGACC-1,4644.0,6893.0,L5,2,0.19449779459087072,1,bisquare,8064,1.0,negbinomial,0.17601685035067796,False
GAAAGTGACTAACTGC-1,5335.0,5697.0,L5,2,0.1592330214716864,1,bisquare,8064,1.0,negbinomial,0.17601685035067796,False
GAAATACCTGCTGGCT-1,9057.0,3550.0,L3,0,0.21940507297530684,1,bisquare,8064,1.0,negbinomial,0.17601685035067796,False
GAAATACTAAACGTTT-1,4718.0,4857.0,L3,0,0.13123405724196152,1,bisquare,8064,1.0,negbinomial,0.17601685035067796,False
GAAATATCACCATCAG-1,4782.0,6654.0,L5,2,0.27044149157297936,1,bisquare,8064,1.0,negbinomial,0.17601685035067796,False
GAAATATGCTTGAATG-1,10776.0,4632.0,L3,0,0.12891993223131482,1,bisquare,8064,1.0,negbinomial,0.17601685035067796,False
GAAATCGCGCGCAACT-1,7884.0,4865.0,L3,0,0.2065853492198742,1,bisquare,8064,1.0,negbinomial,0.17601685035067796,False
GAAATGGCGGTGTTAG-1,6779.0,6299.0,L5,2,0.21037255540568567,1,bisquare,8064,1.0,negbinomial,0.17601685035067796,False
GAAATGGGATGTAAAC-1,4375.0,4257.0,L3,0,0.11442731336503113,1,bisquare,8064,1.0,negbinomial,0.17601685035067796,False
GAAATTAGCACGGATA-1,9811.0,4869.0,L3,0,0.19072923162653158,1,bisquare,8064,1.0,negbinomial,0.17601685035067796,False
GAAATTCACATCGCTG-1,6578.0,4263.0,L3,0,0.31261996452513136,1,bisquare,8064,1.0,negbinomial,0.17601685035067796,False
GAAATTGTCTCTATAA-1,6844.0,7856.0,L6,3,0.33886885930351407,1,bisquare,8064,1.0,negbinomial,0.17601685035067796,False
GAACAACTGGGATGAA-1,9040.0,10736.0,WM,4,0.30357268081802463,1,bisquare,8064,1.0,negbinomial,0.17601685035067796,False
GAACACACATCAACCA-1,6644.0,5341.0,L4,1,0.20904315485870303,1,bisquare,8064,1.0,negbinomial,0.17601685035067796,False
GAACAGATTACTAAAT-1,8079.0,9536.0,WM,4,0.3442264206935621,1,bisquare,8064,1.0,negbinomial,0.17601685035067796,False
GAACATTAGTATGTTA-1,11602.0,4395.0,L3,0,0.1558942807496168,1,bisquare,8064,1.0,negbinomial,0.17601685035067796,False
GAACCATCTGGGAGAC-1,6924.0,3186.0,L3,0,0.26085216733950567,1,bisquare,8064,1.0,negbinomial,0.17601685035067796,False
GAACCCTCTGTGTTCT-1,7803.0,9775.0,WM,4,0.11550548336593627,1,bisquare,8064,1.0,negbinomial,0.17601685035067796,False
GAACCTCGACCTACAC-1,3816.0,7610.0,L5,2,0.15568052780068198,1,bisquare,8064,1.0,negbinomial,0.17601685035067796,False
GAACCTTTAACGATCC-1,8628.0,10256.0,WM,4,0.186588386259941,1,bisquare,8064,1.0,negbinomial,0.17601685035067796,False
GAACGACCGAATGATA-1,7540.0,4984.0,L3,0,0.1798225081720986,1,bisquare,8064,1.0,negbinomial,0.17601685035067796,False
GAACGATAAGTTAAAG-1,11667.0,5952.0,L3,0,0.23125871422123292,1,bisquare,8064,1.0,negbinomial,0.17601685035067796,False
GAACGCGGGTCACACG-1,11042.0,8465.0,L5,2,0.15928603800483238,1,bisquare,8064,1.0,negbinomial,0.17601685035067796,False
GAACGGTGTAAAGCAG-1,10779.0,3195.0,L3,0,0.2700515712391691,1,bisquare,8064,1.0,negbinomial,0.17601685035067796,False
GAACGTCTCATGGTCG-1,9188.0,6425.0,L3,0,0.35481180951100566,1,bisquare,8064,1.0,negbinomial,0.17601685035067796,False
GAACGTTAGGAAGACG-1,4232.0,6652.0,L5,2,0.3245668608147007,1,bisquare,8064,1.0,negbinomial,0.17601685035067796,False
GAACTGTGGAGAGACA-1,7732.0,10853.0,WM,4,0.12995555180606927,1,bisquare,8064,1.0,negbinomial,0.17601685035067796,False
GAACTTAGCGCCCGGT-1,10159.0,3313.0,L3,0,0.11618234067500825,1,bisquare,8064,1.0,negbinomial,0.17601685035067796,False
GAACTTGTGCACGGGA-1,11739.0,4874.0,L3,0,0.09790875602390282,1,bisquare,8064,1.0,negbinomial,0.17601685035067796,False
GAAGAAACGATATTGT-1,5188.0,9769.0,L6,3,0.15065216027374223,1,bisquare,8064,1.0,negbinomial,0.17601685035067796,False
GAAGAACGGTGCAGGT-1,5958.0,4381.0,L3,0,0.16728322734154763,1,bisquare,8064,1.0,negbinomial,0.17601685035067796,False
GAAGACTTCAATGCCG-1,7682.0,3068.0,L3,0,0.1081685007902268,1,bisquare,8064,1.0,negbinomial,0.17601685035067796,False
GAAGCCACTGATTATG-1,7939.0,10494.0,WM,4,0.13945661110934107,1,bisquare,8064,1.0,negbinomial,0.17601685035067796,False
GAAGCCTGCACATTCC-1,7390.0,10014.0,WM,4,0.09162099529523371,1,bisquare,8064,1.0,negbinomial,0.17601685035067796,False
GAAGCGTGAGGAATTT-1,7329.0,6780.0,L5,2,0.2613907288867398,1,bisquare,8064,1.0,negbinomial,0.17601685035067796,False
GAAGCTCGGACCCGTC-1,4638.0,9288.0,L6,3,0.3304943845488424,1,bisquare,8064,1.0,negbinomial,0.17601685035067796,False
GAAGCTTGCTGACCGC-1,5609.0,6177.0,L5,2,0.15889096800186914,1,bisquare,8064,1.0,negbinomial,0.17601685035067796,False
GAAGGAGTCGAGTGCG-1,7320.0,10612.0,WM,4,0.10831552177061075,1,bisquare,8064,1.0,negbinomial,0.17601685035067796,False
GAAGGCTACCATTGTT-1,11392.0,5711.0,L3,0,0.11946194914382485,1,bisquare,8064,1.0,negbinomial,0.17601685035067796,False
GAAGTCAGTTGCACTA-1,7186.0,8935.0,L6,3,0.08268607471004498,1,bisquare,8064,1.0,negbinomial,0.17601685035067796,False
GAAGTCTCCCTAGCGA-1,9462.0,7144.0,L4,1,0.12507749302801446,1,bisquare,8064,1.0,negbinomial,0.17601685035067796,False
GAAGTGATTTATCGTG-1,6433.0,7376.0,L5,2,0.294661360302697,1,bisquare,8064,1.0,negbinomial,0.17601685035067796,False
GAAGTGCTGGATAGCT-1,7403.0,4504.0,L3,0,0.30631822937489883,1,bisquare,8064,1.0,negbinomial,0.17601685035067796,False
GAAGTTTCCACTCAAT-1,6365.0,7017.0,L5,2,0.17959078395846084,1,bisquare,8064,1.0,negbinomial,0.17601685035067796,False
GAATAGACGCGACCCA-1,9529.0,7743.0,L5,2,0.15257920013625922,1,bisquare,8064,1.0,negbinomial,0.17601685035067796,False
GAATAGCATTTAGGGT-1,11318.0,8226.0,L4,1,0.3121585029035935,1,bisquare,8064,1.0,negbinomial,0.17601685035067796,False
GAATAGCCCTGCGGTC-1,10775.0,4872.0,L3,0,0.15659148772743092,1,bisquare,8064,1.0,negbinomial,0.17601685035067796,False
GAATAGTGCTCGATTA-1,5669.0,9890.0,WM,4,0.20319010294356862,1,bisquare,8064,1.0,negbinomial,0.17601685035067796,False
GAATATTCGGAGTCCC-1,8918.0,4268.0,L3,0,0.1491427533650184,1,bisquare,8064,1.0,negbinomial,0.17601685035067796,False
GAATCGACATGGTCAC-1,6092.0,5819.0,L5,2,0.19212043754021713,1,bisquare,8064,1.0,negbinomial,0.17601685035067796,False
GAATCGCCGGACACGG-1,6028.0,4022.0,L3,0,0.10558953340394141,1,bisquare,8064,1.0,negbinomial,0.17601685035067796,False
GAATCTATACTCGGAC-1,8439.0,2950.0,L3,0,0.1391250961194242,1,bisquare,8064,1.0,negbinomial,0.17601685035067796,False
GAATCTGAACATTCTC-1,7602.0,7738.0,L5,2,0.1884011068893983,1,bisquare,8064,1.0,negbinomial,0.17601685035067796,False
GAATGAAGGTCTTCAG-1,11257.0,4753.0,L3,0,0.15678554126719668,1,bisquare,8064,1.0,negbinomial,0.17601685035067796,False
GAATGCCGAAATGACC-1,4373.0,5216.0,L3,0,0.19606353869147794,1,bisquare,8064,1.0,negbinomial,0.17601685035067796,False
GAATGCGAATCGGTTC-1,7940.0,10254.0,WM,4,0.09606057807847078,1,bisquare,8064,1.0,negbinomial,0.17601685035067796,False
GAATGTATGGCAGGTC-1,9468.0,4509.0,L3,0,0.22290153960258854,1,bisquare,8064,1.0,negbinomial,0.17601685035067796,False
GAATGTGGTCCGGATT-1,8772.0,7861.0,L5,2,0.22644200374792856,1,bisquare,8064,1.0,negbinomial,0.17601685035067796,False
GAATGTTGGGTAATCT-1,7951.0,5464.0,L3,0,0.12153210777780261,1,bisquare,8064,1.0,negbinomial,0.17601685035067796,False
GAATTATAGTGAAAGG-1,7879.0,6781.0,L5,2,0.26968266961162873,1,bisquare,8064,1.0,negbinomial,0.17601685035067796,False
GAATTATGCAACCTAC-1,11881.0,2958.0,L3,0,0.041314390581700486,1,bisquare,8064,1.0,negbinomial,0.17601685035067796,False
GAATTCACCCGGGTGT-1,6981.0,8336.0,L6,3,0.17897801332174512,1,bisquare,8064,1.0,negbinomial,0.17601685035067796,False
GAATTTCTCGCTGCAG-1,5266.0,6056.0,L5,2,0.18508489573143064,1,bisquare,8064,1.0,negbinomial,0.17601685035067796,False
GACAAACATATGCAGG-1,10079.0,7984.0,L5,2,0.2516967558399276,1,bisquare,8064,1.0,negbinomial,0.17601685035067796,False
GACAACGACCATTGAA-1,8502.0,5705.0,L3,0,0.14766040539889577,1,bisquare,8064,1.0,negbinomial,0.17601685035067796,False
GACAACGCAGCTTACG-1,6920.0,5102.0,L3,0,0.2710409922111031,1,bisquare,8064,1.0,negbinomial,0.17601685035067796,False
GACAAGAGATGAGATT-1,11177.0,9424.0,L5,2,0.22906954317855854,1,bisquare,8064,1.0,negbinomial,0.17601685035067796,False
GACACAAGGGAAGAAA-1,8156.0,6303.0,L4,1,0.2170319560556237,1,bisquare,8064,1.0,negbinomial,0.17601685035067796,False
GACACGAGTTAGAGGA-1,4924.0,4977.0,L4,1,0.1519814172284476,1,bisquare,8064,1.0,negbinomial,0.17601685035067796,False
GACACTGAGTTCAGTG-1,6362.0,7975.0,L6,3,0.1817728532123991,1,bisquare,8064,1.0,negbinomial,0.17601685035067796,False
GACACTGGAACCCGAT-1,10765.0,8944.0,L5,2,0.21397843570831254,1,bisquare,8064,1.0,negbinomial,0.17601685035067796,False
GACAGATTTCTGGCTC-1,3747.0,7969.0,L5,2,0.2437557910186647,1,bisquare,8064,1.0,negbinomial,0.17601685035067796,False
GACAGCCAGACCTGAC-1,9116.0,7742.0,L5,2,0.15222612427148705,1,bisquare,8064,1.0,negbinomial,0.17601685035067796,False
GACAGGCACACACTAT-1,4712.0,7252.0,L5,2,0.12607011160396386,1,bisquare,8064,1.0,negbinomial,0.17601685035067796,False
GACATACTGTCGCAGA-1,3822.0,5214.0,L3,0,0.18731616133137935,1,bisquare,8064,1.0,negbinomial,0.17601685035067796,False
GACATCCGTCGAACTG-1,8077.0,10494.0,WM,4,0.1675189036625445,1,bisquare,8064,1.0,negbinomial,0.17601685035067796,False
GACATCGATTTATAAC-1,6635.0,8934.0,L6,3,0.0543938682986322,1,bisquare,8064,1.0,negbinomial,0.17601685035067796,False
GACCAAACGTTGACTG-1,10626.0,9662.0,L6,3,0.19732797734826896,1,bisquare,8064,1.0,negbinomial,0.17601685035067796,False
GACCAGAGCCCTGTAG-1,6435.0,6418.0,L5,2,0.2919365011363737,1,bisquare,8064,1.0,negbinomial,0.17601685035067796,False
GACCAGGTCATTCATA-1,7957.0,3068.0,L3,0,0.12029507187837003,1,bisquare,8064,1.0,negbinomial,0.17601685035067796,False
GACCCAATTATGATAC-1,4570.0,9168.0,L6,3,0.3041085137021686,1,bisquare,8064,1.0,negbinomial,0.17601685035067796,False
GACCCGTCGCCGGCTA-1,7267.0,3785.0,L3,0,0.3372599882255022,1,bisquare,8064,1.0,negbinomial,0.17601685035067796,False
GACCGACGTGAAAGCA-1,10907.0,7267.0,L3,0,0.300231600961529,1,bisquare,8064,1.0,negbinomial,0.17601685035067796,False
GACCGACTGAAGCGTC-1,4713.0,6773.0,L5,2,0.14936042922218248,1,bisquare,8064,1.0,negbinomial,0.17601685035067796,False
GACCGATTAAATATGT-1,4290.0,10845.0,L6,3,0.07446173027284982,1,bisquare,8064,1.0,negbinomial,0.17601685035067796,False
GACCGCGTCTGACGTG-1,10903.0,8705.0,L5,2,0.20411377658100482,1,bisquare,8064,1.0,negbinomial,0.17601685035067796,False
GACCGTCAGGTCGTGA-1,8780.0,4268.0,L3,0,0.12574494952253099,1,bisquare,8064,1.0,negbinomial,0.17601685035067796,False
GACCGTGCTGACGGTG-1,6776.0,7497.0,L6,3,0.1581705251255908,1,bisquare,8064,1.0,negbinomial,0.17601685035067796,False
GACCTTCCACGTCTAC-1,8283.0,10615.0,WM,4,0.18651484682765654,1,bisquare,8064,1.0,negbinomial,0.17601685035067796,False
GACGACGATCCGCGTT-1,8012.0,8937.0,L6,3,0.07422916617098216,1,bisquare,8064,1.0,negbinomial,0.17601685035067796,False
GACGAGGCTAATAAAC-1,10076.0,9421.0,L6,3,0.2161550021531553,1,bisquare,8064,1.0,negbinomial,0.17601685035067796,False
GACGCCGTAAAGGCTA-1,6910.0,9174.0,WM,4,0.1911127409076348,1,bisquare,8064,1.0,negbinomial,0.17601685035067796,False
GACGCCTGTTGCAGGG-1,5339.0,4020.0,L3,0,0.15572810540471185,1,bisquare,8064,1.0,negbinomial,0.17601685035067796,False
GACGCTTGCTTCTAAA-1,5676.0,7255.0,L5,2,0.14799900404853794,1,bisquare,8064,1.0,negbinomial,0.17601685035067796,False
GACGGACCGCGTTCCT-1,7200.0,3186.0,L3,0,0.21473137771322315,1,bisquare,8064,1.0,negbinomial,0.17601685035067796,False
GACGGGTTGGCCCGTA-1,6702.0,10012.0,WM,4,0.09659032584688299,1,bisquare,8064,1.0,negbinomial,0.17601685035067796,False
GACGGTCAATAGAAGC-1,10083.0,6307.0,L3,0,0.17115780504898784,1,bisquare,8064,1.0,negbinomial,0.17601685035067796,False
GACGTGAGACTCCATG-1,5271.0,3661.0,L3,0,0.09604290187049502,1,bisquare,8064,1.0,negbinomial,0.17601685035067796,False
GACGTGTAGGGATTAT-1,5403.0,6056.0,L5,2,0.03791532065842846,1,bisquare,8064,1.0,negbinomial,0.17601685035067796,False
GACGTTCGTAAATACA-1,11186.0,5591.0,L3,0,0.2584692643943214,1,bisquare,8064,1.0,negbinomial,0.17601685035067796,False
GACTAACACAGCACCT-1,9401.0,3671.0,L3,0,0.2183215343580688,1,bisquare,8064,1.0,negbinomial,0.17601685035067796,False
GACTAAGATCATGCAC-1,6850.0,5461.0,L4,1,0.13458461164528263,1,bisquare,8064,1.0,negbinomial,0.17601685035067796,False
GACTAAGTAGGCTCAC-1,6161.0,5938.0,L5,2,0.23781618025227447,1,bisquare,8064,1.0,negbinomial,0.17601685035067796,False
GACTACAAAGCGGTGG-1,4640.0,8570.0,L6,3,0.19837585937547997,1,bisquare,8064,1.0,negbinomial,0.17601685035067796,False
GACTACAATTGCTCGT-1,8851.0,3669.0,L3,0,0.15894543335289985,1,bisquare,8064,1.0,negbinomial,0.17601685035067796,False
GACTAGGCCGTTAGGT-1,8559.0,10615.0,WM,4,0.1368613807153332,1,bisquare,8064,1.0,negbinomial,0.17601685035067796,False
GACTCACCCACGTGAG-1,10494.0,7266.0,L3,0,0.3529451797715853,1,bisquare,8064,1.0,negbinomial,0.17601685035067796,False
GACTCCCAGAATAAGG-1,10841.0,5950.0,L3,0,0.18313321562191345,1,bisquare,8064,1.0,negbinomial,0.17601685035067796,False
GACTCCTTCCAATTGA-1,3881.0,9406.0,L6,3,0.146335345141483,1,bisquare,8064,1.0,negbinomial,0.17601685035067796,False
GACTCGCGGGAATGAC-1,9808.0,6067.0,L3,0,0.22479176229525125,1,bisquare,8064,1.0,negbinomial,0.17601685035067796,False
GACTCGGTCGGCGGAT-1,10571.0,3793.0,L3,0,0.10917189396054361,1,bisquare,8064,1.0,negbinomial,0.17601685035067796,False
GACTGATTGGTCACAA-1,10158.0,3792.0,L3,0,0.17111090262081508,1,bisquare,8064,1.0,negbinomial,0.17601685035067796,False
GACTGCAAATCGAGCT-1,8354.0,9776.0,WM,4,0.30746012427904956,1,bisquare,8064,1.0,negbinomial,0.17601685035067796,False
GACTGCACCAGCCCAG-1,8702.0,8220.0,L5,2,0.33173113843001156,1,bisquare,8064,1.0,negbinomial,0.17601685035067796,False
GACTGCGGCACGTGTA-1,4233.0,5934.0,L4,1,0.1565763047003585,1,bisquare,8064,1.0,negbinomial,0.17601685035067796,False
GACTGCTGGTGAGAAA-1,5874.0,10729.0,WM,4,0.155796375016636,1,bisquare,8064,1.0,negbinomial,0.17601685035067796,False
GACTGGGCGCCGCAAC-1,9677.0,3432.0,L3,0,0.18271450654364063,1,bisquare,8064,1.0,negbinomial,0.17601685035067796,False
GAGAATCTCACGATCA-1,3544.0,6411.0,L4,1,0.05841642455646278,1,bisquare,8064,1.0,negbinomial,0.17601685035067796,False
GAGACCCTGCAACGCC-1,10846.0,4033.0,L3,0,0.1613897213844201,1,bisquare,8064,1.0,negbinomial,0.17601685035067796,False
GAGACTGATGGGTAGA-1,7055.0,6060.0,L4,1,0.15136107329264184,1,bisquare,8064,1.0,negbinomial,0.17601685035067796,False
GAGACTTCGCGACCGA-1,7117.0,9055.0,WM,4,0.2595348152849848,1,bisquare,8064,1.0,negbinomial,0.17601685035067796,False
GAGAGCGCAGTCCCTG-1,3614.0,6052.0,L4,1,0.07098318743327227,1,bisquare,8064,1.0,negbinomial,0.17601685035067796,False
GAGAGGGCGCGAGGTT-1,5951.0,7255.0,L5,2,0.11972745699940958,1,bisquare,8064,1.0,negbinomial,0.17601685035067796,False
GAGAGGTGCATTCTGG-1,5123.0,7972.0,L6,3,0.194452751339228,1,bisquare,8064,1.0,negbinomial,0.17601685035067796,False
GAGATCTGCTTGGCAT-1,6227.0,6777.0,L5,2,0.26103877470075565,1,bisquare,8064,1.0,negbinomial,0.17601685035067796,False
GAGATCTGTCACTCCG-1,8294.0,6303.0,L3,0,0.2196923545538711,1,bisquare,8064,1.0,negbinomial,0.17601685035067796,False
GAGATCTTCCATGACA-1,8496.0,8100.0,L5,2,0.16374634387893772,1,bisquare,8064,1.0,negbinomial,0.17601685035067796,False
GAGATGACAATCCTTA-1,11530.0,5951.0,L3,0,0.16353746061845786,1,bisquare,8064,1.0,negbinomial,0.17601685035067796,False
GAGATGGCTTTAATCA-1,8420.0,11094.0,WM,4,0.15612984288686568,1,bisquare,8064,1.0,negbinomial,0.17601685035067796,False
GAGATGGGAGTCGACA-1,8150.0,8937.0,L6,3,0.1054033466939338,1,bisquare,8064,1.0,negbinomial,0.17601685035067796,False
GAGCACCTGTGTCCAG-1,8699.0,9657.0,L6,3,0.08655430242556558,1,bisquare,8064,1.0,negbinomial,0.17601685035067796,False
GAGCACGGCGCCTCTT-1,11594.0,7748.0,L3,0,0.13823658050654195,1,bisquare,8064,1.0,negbinomial,0.17601685035067796,False
GAGCATCAACAACTTG-1,5255.0,10368.0,L6,3,0.09395307674619474,1,bisquare,8064,1.0,negbinomial,0.17601685035067796,False
GAGCATCATCCCTGGG-1,5958.0,4141.0,L3,0,0.2718598524411771,1,bisquare,8064,1.0,negbinomial,0.17601685035067796,False
GAGCCACGGTAGTAGG-1,6441.0,3783.0,L3,0,0.12464528666271678,1,bisquare,8064,1.0,negbinomial,0.17601685035067796,False
GAGCCAGCTACCTGTG-1,9319.0,9060.0,L6,3,0.27097282092423064,1,bisquare,8064,1.0,negbinomial,0.17601685035067796,False
GAGCCGAGCGTTTATT-1,10570.0,4272.0,L3,0,0.1076865068916218,1,bisquare,8064,1.0,negbinomial,0.17601685035067796,False
GAGCGAGGGAGTACCG-1,7197.0,4384.0,L3,0,0.21406239091084497,1,bisquare,8064,1.0,negbinomial,0.17601685035067796,False
GAGCGCAAATACTCCG-1,10559.0,8824.0,L5,2,0.21404002242289513,1,bisquare,8064,1.0,negbinomial,0.17601685035067796,False
GAGCGCGCACGAGTAG-1,9596.0,8582.0,L5,2,0.17081468784783982,1,bisquare,8064,1.0,negbinomial,0.17601685035067796,False
GAGCGCTGTTAGGTAA-1,4774.0,10007.0,L6,3,0.15313047403683291,1,bisquare,8064,1.0,negbinomial,0.17601685035067796,False
GAGCGGAATGCGGTGT-1,6493.0,10850.0,WM,4,0.13742161219246743,1,bisquare,8064,1.0,negbinomial,0.17601685035067796,False
GAGCTAAGGGCATATC-1,8913.0,6185.0,L3,0,0.16695047761634446,1,bisquare,8064,1.0,negbinomial,0.17601685035067796,False
GAGCTCTCGGACCTAA-1,5476.0,4500.0,L3,0,0.18274158750555505,1,bisquare,8064,1.0,negbinomial,0.17601685035067796,False
GAGCTGTCGTCTCGGA-1,10637.0,5111.0,L3,0,0.10597755512262909,1,bisquare,8064,1.0,negbinomial,0.17601685035067796,False
GAGGAATGGAGAGGTT-1,5335.0,5937.0,L5,2,0.1479736871845276,1,bisquare,8064,1.0,negbinomial,0.17601685035067796,False
GAGGATAAACAGTGCT-1,11044.0,7507.0,L3,0,0.22502456214107355,1,bisquare,8064,1.0,negbinomial,0.17601685035067796,False
GAGGCATTTGCAGCAG-1,11464.0,4634.0,L3,0,0.12241661790414402,1,bisquare,8064,1.0,negbinomial,0.17601685035067796,False
GAGGCCCGACTCCGCA-1,4776.0,9289.0,L6,3,0.11024703155201458,1,bisquare,8064,1.0,negbinomial,0.17601685035067796,False
GAGGCCTGTTGATACA-1,10556.0,10261.0,L6,3,0.19009956325910748,1,bisquare,8064,1.0,negbinomial,0.17601685035067796,False
GAGGCTATCAAAGTCG-1,5057.0,6894.0,L5,2,0.2776087204491868,1,bisquare,8064,1.0,negbinomial,0.17601685035067796,False
GAGGGAGTCAGATCGC-1,6012.0,10489.0,WM,4,0.08663185969121848,1,bisquare,8064,1.0,negbinomial,0.17601685035067796,False
GAGGGCATCGCGTATC-1,5477.0,4021.0,L3,0,0.16754126276712933,1,bisquare,8064,1.0,negbinomial,0.17601685035067796,False
GAGGGCCGGCAGAGTC-1,11880.0,3437.0,L3,0,0.12487471726851068,1,bisquare,8064,1.0,negbinomial,0.17601685035067796,False
GAGGGCGCAGCTCTGC-1,9327.0,5946.0,L3,0,0.13496498879666394,1,bisquare,8064,1.0,negbinomial,0.17601685035067796,False
GAGGGTAGTAACAAAG-1,5324.0,10248.0,L6,3,0.06205610512412604,1,bisquare,8064,1.0,negbinomial,0.17601685035067796,False
GAGGTACATCCATCTT-1,7886.0,4146.0,L3,0,0.10319051214378848,1,bisquare,8064,1.0,negbinomial,0.17601685035067796,False
GAGGTACGCGTGTCCC-1,7801.0,10733.0,WM,4,0.0963699147401825,1,bisquare,8064,1.0,negbinomial,0.17601685035067796,False
GAGGTCCCAAAGATCT-1,4993.0,4858.0,L3,0,0.13508837079826408,1,bisquare,8064,1.0,negbinomial,0.17601685035067796,False
GAGGTCTTAGTGGGTC-1,9747.0,3073.0,L3,0,0.21508481023677778,1,bisquare,8064,1.0,negbinomial,0.17601685035067796,False
GAGTAAACCGGAAAGT-1,11247.0,8825.0,L5,2,0.23798289983136636,1,bisquare,8064,1.0,negbinomial,0.17601685035067796,False
GAGTAAGGCCACGGGA-1,4158.0,8449.0,L6,3,0.22946106378630188,1,bisquare,8064,1.0,negbinomial,0.17601685035067796,False
GAGTACGGGTATACAA-1,6164.0,4501.0,L3,0,0.3007265327087952,1,bisquare,8064,1.0,negbinomial,0.17601685035067796,False
GAGTAGATACTAGTTG-1,7596.0,10134.0,WM,4,0.11349036350038501,1,bisquare,8064,1.0,negbinomial,0.17601685035067796,False
GAGTATCAAAGTTACA-1,11521.0,9544.0,L5,2,0.15305054296265444,1,bisquare,8064,1.0,negbinomial,0.17601685035067796,False
GAGTATGCCCGCCTTG-1,6154.0,8573.0,L6,3,0.1330348531553754,1,bisquare,8064,1.0,negbinomial,0.17601685035067796,False
GAGTATGCGCGTGCAT-1,8078.0,10255.0,WM,4,0.11663446767704158,1,bisquare,8064,1.0,negbinomial,0.17601685035067796,False
GAGTCAGACCAGAATC-1,6496.0,9413.0,WM,4,0.2254959246924715,1,bisquare,8064,1.0,negbinomial,0.17601685035067796,False
GAGTCCGCTTACCGGA-1,7188.0,8217.0,L6,3,0.1582976348040391,1,bisquare,8064,1.0,negbinomial,0.17601685035067796,False
GAGTCGACAGACCCTC-1,3820.0,6172.0,L4,1,0.197489851144594,1,bisquare,8064,1.0,negbinomial,0.17601685035067796,False
GAGTGCACGGACAACA-1,11944.0,5234.0,L3,0,0.06681246487268286,1,bisquare,8064,1.0,negbinomial,0.17601685035067796,False
GAGTGTCAACCAGAAA-1,8904.0,10257.0,WM,4,0.3263511276784564,1,bisquare,8064,1.0,negbinomial,0.17601685035067796,False
GAGTGTGCGGTACCCA-1,9253.0,7982.0,L5,2,0.15173158000591,1,bisquare,8064,1.0,negbinomial,0.17601685035067796,False
GAGTTGATGGCAATTT-1,4502.0,8809.0,L6,3,0.13234513010214555,1,bisquare,8064,1.0,negbinomial,0.17601685035067796,False
GATAAATCGGTGGATG-1,6026.0,4501.0,L3,0,0.27292725589607836,1,bisquare,8064,1.0,negbinomial,0.17601685035067796,False
GATAACTCGCACTGTG-1,9323.0,7383.0,L4,1,0.29851587628968507,1,bisquare,8064,1.0,negbinomial,0.17601685035067796,False
GATAAGGCAGATGCAA-1,5133.0,3900.0,L3,0,0.1601498627392734,1,bisquare,8064,1.0,negbinomial,0.17601685035067796,False
GATACGATGGGAGTCA-1,6293.0,8095.0,L6,3,0.247042195508759,1,bisquare,8064,1.0,negbinomial,0.17601685035067796,False
GATAGGTAACGTTGAC-1,7325.0,8456.0,L6,3,0.21482929842129178,1,bisquare,8064,1.0,negbinomial,0.17601685035067796,False
GATAGGTGTCCCGGGC-1,11664.0,7389.0,L3,0,0.17794548702927318,1,bisquare,8064,1.0,negbinomial,0.17601685035067796,False
GATAGTGCGAGTAAGT-1,6218.0,10849.0,WM,4,0.12081073139025666,1,bisquare,8064,1.0,negbinomial,0.17601685035067796,False
GATATCTCATGCAATA-1,7197.0,4144.0,L3,0,0.25049852218810126,1,bisquare,8064,1.0,negbinomial,0.17601685035067796,False
GATATGAGACACTAAC-1,8773.0,7382.0,L5,2,0.10647208973828459,1,bisquare,8064,1.0,negbinomial,0.17601685035067796,False
GATATGCGGTAGCCAA-1,9467.0,4988.0,L3,0,0.16610622252787413,1,bisquare,8064,1.0,negbinomial,0.17601685035067796,False
GATATGGATTACGCGG-1,4440.0,6054.0,L5,2,0.1071594726700328,1,bisquare,8064,1.0,negbinomial,0.17601685035067796,False
GATATTGAGATTGGCG-1,10082.0,6786.0,L3,0,0.1615834028051161,1,bisquare,8064,1.0,negbinomial,0.17601685035067796,False
GATATTTCCTACATGG-1,9330.0,4748.0,L3,0,0.17869098194048275,1,bisquare,8064,1.0,negbinomial,0.17601685035067796,False
GATCAACATAAAGGGA-1,5669.0,10129.0,WM,4,0.2462400167282426,1,bisquare,8064,1.0,negbinomial,0.17601685035067796,False
GATCATTCCAAACATT-1,7055.0,6300.0,L5,2,0.24270468554024413,1,bisquare,8064,1.0,negbinomial,0.17601685035067796,False
GATCCCTTTATACTGC-1,7331.0,6061.0,L4,1,0.2021614282073348,1,bisquare,8064,1.0,negbinomial,0.17601685035067796,False
GATCCGAATATAAGTG-1,11733.0,7030.0,L3,0,0.19827185741779904,1,bisquare,8064,1.0,negbinomial,0.17601685035067796,False
GATCCGGGAATTAACA-1,8222.0,7381.0,L5,2,0.12436302500870178,1,bisquare,8064,1.0,negbinomial,0.17601685035067796,False
GATCCTAAATCGGGAC-1,9740.0,5947.0,L3,0,0.25361924519995893,1,bisquare,8064,1.0,negbinomial,0.17601685035067796,False
GATCCTCGACACTGGC-1,5397.0,8691.0,L6,3,0.10034091904030028,1,bisquare,8064,1.0,negbinomial,0.17601685035067796,False
GATCCTCTTGCGCTTA-1,8920.0,3550.0,L3,0,0.1256910457449224,1,bisquare,8064,1.0,negbinomial,0.17601685035067796,False
GATCGACACTATCTGA-1,6436.0,5939.0,L5,2,0.13961472447295536,1,bisquare,8064,1.0,negbinomial,0.17601685035067796,False
GATCGCGGGCTCTCCA-1,6778.0,7018.0,L5,2,0.13217777836780376,1,bisquare,8064,1.0,negbinomial,0.17601685035067796,False
GATCGCTACCCGATTT-1,9940.0,8702.0,L5,2,0.11702384841478364,1,bisquare,8064,1.0,negbinomial,0.17601685035067796,False
GATCGCTATATCTCAG-1,4912.0,10008.0,L6,3,0.12807418041188853,1,bisquare,8064,1.0,negbinomial,0.17601685035067796,False
GATCGGATAGAACCAT-1,4092.0,7610.0,L5,2,0.23241371347350293,1,bisquare,8064,1.0,negbinomial,0.17601685035067796,False
GATCGGCGATAAGTCG-1,4166.0,5095.0,L3,0,0.2721838798231507,1,bisquare,8064,1.0,negbinomial,0.17601685035067796,False
GATCGGTGGCCATAAC-1,7881.0,6062.0,L3,0,0.24108929060371684,1,bisquare,8064,1.0,negbinomial,0.17601685035067796,False
GATCGTGACTGATATC-1,8154.0,7261.0,L5,2,0.10205733907024493,1,bisquare,8064,1.0,negbinomial,0.17601685035067796,False
GATCTCGACGCTGTGG-1,11316.0,8706.0,L5,2,0.17001242916072742,1,bisquare,8064,1.0,negbinomial,0.17601685035067796,False
GATCTGCTATCTAAGG-1,7045.0,10133.0,WM,4,0.10611177567937964,1,bisquare,8064,1.0,negbinomial,0.17601685035067796,False
GATCTTAGTGAACGTG-1,11949.0,3078.0,L3,0,0.035435721191029744,1,bisquare,8064,1.0,negbinomial,0.17601685035067796,False
GATCTTCATTGTCCTC-1,3823.0,4975.0,L3,0,0.10709862992331741,1,bisquare,8064,1.0,negbinomial,0.17601685035067796,False
GATCTTGGAGGGCATA-1,8014.0,7979.0,L6,3,0.1607948451628755,1,bisquare,8064,1.0,negbinomial,0.17601685035067796,False
GATCTTTGCAGGGTAT-1,5814.0,7016.0,L5,2,0.19865133370887567,1,bisquare,8064,1.0,negbinomial,0.17601685035067796,False
GATCTTTGCTCAAAGA-1,11465.0,4155.0,L3,0,0.16888995407123844,1,bisquare,8064,1.0,negbinomial,0.17601685035067796,False
GATGACAAGTAGGGCA-1,5464.0,9530.0,L6,3,0.07904585328498812,1,bisquare,8064,1.0,negbinomial,0.17601685035067796,False
GATGACGATGATCGCG-1,10981.0,4992.0,L3,0,0.1735530265349796,1,bisquare,8064,1.0,negbinomial,0.17601685035067796,False
GATGAGGAACCTTCGG-1,8765.0,10736.0,WM,4,0.1429092544183278,1,bisquare,8064,1.0,negbinomial,0.17601685035067796,False
GATGCCAGCAGAAGGC-1,4372.0,5455.0,L4,1,0.12032782003137003,1,bisquare,8064,1.0,negbinomial,0.17601685035067796,False
GATGCCTTCTGCGGCA-1,4156.0,9647.0,L6,3,0.2697188267042388,1,bisquare,8064,1.0,negbinomial,0.17601685035067796,False
GATGCGAATGGTATTA-1,3889.0,5813.0,L4,1,0.11365455388504107,1,bisquare,8064,1.0,negbinomial,0.17601685035067796,False
GATGCGTCCTGCATTC-1,7121.0,7138.0,L5,2,0.15751604667183106,1,bisquare,8064,1.0,negbinomial,0.17601685035067796,False
GATGCTACAAGCGCCT-1,6714.0,4742.0,L3,0,0.3007024369993547,1,bisquare,8064,1.0,negbinomial,0.17601685035067796,False
GATGCTGTATTTCATC-1,8359.0,7860.0,L5,2,0.12471745267697446,1,bisquare,8064,1.0,negbinomial,0.17601685035067796,False
GATGGCGCACACATTA-1,5199.0,4978.0,L4,1,0.24333234153225808,1,bisquare,8064,1.0,negbinomial,0.17601685035067796,False
GATGGTGAAATAACCC-1,11329.0,3436.0,L3,0,0.2084591116979874,1,bisquare,8064,1.0,negbinomial,0.17601685035067796,False
GATGGTGCCCTAGGCA-1,8575.0,3908.0,L3,0,0.16949173108934532,1,bisquare,8064,1.0,negbinomial,0.17601685035067796,False
GATGTAACGAACCACC-1,4639.0,8809.0,L6,3,0.22214362872679927,1,bisquare,8064,1.0,negbinomial,0.17601685035067796,False
GATGTCCGGATCACAT-1,5753.0,3542.0,L3,0,0.08702864097896941,1,bisquare,8064,1.0,negbinomial,0.17601685035067796,False
GATGTCGGTCAACTGC-1,8231.0,3788.0,L3,0,0.0956493476801944,1,bisquare,8064,1.0,negbinomial,0.17601685035067796,False
GATGTGTTGTCACAAG-1,8576.0,3429.0,L3,0,0.11043982848444413,1,bisquare,8064,1.0,negbinomial,0.17601685035067796,False
GATGTTCAATCCACGA-1,6157.0,7615.0,L6,3,0.1385702724909197,1,bisquare,8064,1.0,negbinomial,0.17601685035067796,False
GATGTTTGTGCGAGAT-1,5268.0,5098.0,L4,1,0.16890537311867798,1,bisquare,8064,1.0,negbinomial,0.17601685035067796,False
GATTAACCGAAAGCCC-1,9594.0,9300.0,L6,3,0.19109390320216313,1,bisquare,8064,1.0,negbinomial,0.17601685035067796,False
GATTACTGAATTTGGG-1,5881.0,7615.0,L6,3,0.19585285340834924,1,bisquare,8064,1.0,negbinomial,0.17601685035067796,False
GATTCCCTTGTCGCAG-1,7813.0,5703.0,L3,0,0.14067439344346716,1,bisquare,8064,1.0,negbinomial,0.17601685035067796,False
GATTCCGCGTTTCCGT-1,8435.0,4626.0,L3,0,0.1918595531641835,1,bisquare,8064,1.0,negbinomial,0.17601685035067796,False
GATTCCTATACGGCGC-1,4785.0,5696.0,L5,2,0.20144807526333683,1,bisquare,8064,1.0,negbinomial,0.17601685035067796,False
GATTCGACGGTTCACG-1,8084.0,7620.0,L5,2,0.09618596989560471,1,bisquare,8064,1.0,negbinomial,0.17601685035067796,False
GATTGACACTCTGCTC-1,7544.0,3307.0,L3,0,0.2825670146648895,1,bisquare,8064,1.0,negbinomial,0.17601685035067796,False
GATTGCTCCAGTTGCA-1,5049.0,10248.0,L6,3,0.09479568813067603,1,bisquare,8064,1.0,negbinomial,0.17601685035067796,False
GATTGGGAAAGGTTGT-1,8696.0,10616.0,WM,4,0.17586532933629134,1,bisquare,8064,1.0,negbinomial,0.17601685035067796,False
GATTTAGTGCGTACTG-1,11946.0,4515.0,L3,0,0.09434518737278272,1,bisquare,8064,1.0,negbinomial,0.17601685035067796,False
GCAAACCCTACATTAT-1,8839.0,8460.0,L6,3,0.24888680421928766,1,bisquare,8064,1.0,negbinomial,0.17601685035067796,False
GCAAACCTTGGCCATA-1,7804.0,9536.0,WM,4,0.32044575861662583,1,bisquare,8064,1.0,negbinomial,0.17601685035067796,False
GCAAACGTCGCCAGGT-1,11249.0,8346.0,L4,1,0.23891443099437906,1,bisquare,8064,1.0,negbinomial,0.17601685035067796,False
GCAAAGGGCGTTAGCC-1,4566.0,10606.0,L6,3,0.22448513750195878,1,bisquare,8064,1.0,negbinomial,0.17601685035067796,False
GCAAATATTACGCTTT-1,6021.0,6896.0,L5,2,0.3155500613703272,1,bisquare,8064,1.0,negbinomial,0.17601685035067796,False
GCAACACACTAGAACT-1,4297.0,8210.0,L6,3,0.17727527635463142,1,bisquare,8064,1.0,negbinomial,0.17601685035067796,False
GCAACAGCAGTATGCG-1,10492.0,8225.0,L5,2,0.24346198082720003,1,bisquare,8064,1.0,negbinomial,0.17601685035067796,False
GCAACCACCAGACCGG-1,9537.0,4390.0,L3,0,0.18761693571308546,1,bisquare,8064,1.0,negbinomial,0.17601685035067796,False
GCAACCACGGCCGCGT-1,5192.0,7852.0,L6,3,0.16614963469963617,1,bisquare,8064,1.0,negbinomial,0.17601685035067796,False
GCAACGGCTAGTTATG-1,10974.0,7866.0,L4,1,0.17720707291977758,1,bisquare,8064,1.0,negbinomial,0.17601685035067796,False
GCAAGAATTCCTTGGC-1,5674.0,7973.0,L6,3,0.22034804486651985,1,bisquare,8064,1.0,negbinomial,0.17601685035067796,False
GCAAGATGTGTTCGCG-1,10433.0,4032.0,L3,0,0.14605115911329747,1,bisquare,8064,1.0,negbinomial,0.17601685035067796,False
GCAAGTGCACAGAGAA-1,6093.0,5579.0,L4,1,0.2044946278997846,1,bisquare,8064,1.0,negbinomial,0.17601685035067796,False
GCAAGTGTAAAGCATG-1,6287.0,10730.0,WM,4,0.155696095849935,1,bisquare,8064,1.0,negbinomial,0.17601685035067796,False
GCAATTAGTCGCACCG-1,11666.0,6431.0,L3,0,0.10829377163266157,1,bisquare,8064,1.0,negbinomial,0.17601685035067796,False
GCACAAACCCTAGATG-1,4635.0,10486.0,L6,3,0.23996901067274712,1,bisquare,8064,1.0,negbinomial,0.17601685035067796,False
GCACAAACGAGGCGTG-1,11042.0,8226.0,L4,1,0.22062541467258143,1,bisquare,8064,1.0,negbinomial,0.17601685035067796,False
GCACAACCTCGGGCGT-1,3880.0,9646.0,L6,3,0.267196477667159,1,bisquare,8064,1.0,negbinomial,0.17601685035067796,False
GCACAAGTGTCGGAAG-1,7611.0,3906.0,L3,0,0.20678249241873775,1,bisquare,8064,1.0,negbinomial,0.17601685035067796,False
GCACACACTGGTAGCC-1,9663.0,9420.0,L6,3,0.11267059180399697,1,bisquare,8064,1.0,negbinomial,0.17601685035067796,False
GCACACGCCCATGGTC-1,3887.0,6771.0,L5,2,0.14643668891510261,1,bisquare,8064,1.0,negbinomial,0.17601685035067796,False
GCACGCCTACTTAGAT-1,5877.0,9291.0,WM,4,0.22977261514593367,1,bisquare,8064,1.0,negbinomial,0.17601685035067796,False
GCACGTGGTTTACTTA-1,10486.0,10380.0,L6,3,0.3306288574854001,1,bisquare,8064,1.0,negbinomial,0.17601685035067796,False
GCACTAGTCGCGCTAT-1,6165.0,4262.0,L3,0,0.12781591809370588,1,bisquare,8064,1.0,negbinomial,0.17601685035067796,False
GCACTGCCTACCTTTA-1,7870.0,10614.0,WM,4,0.1074764937245187,1,bisquare,8064,1.0,negbinomial,0.17601685035067796,False
GCACTGTGCAAATGTA-1,5477.0,3781.0,L3,0,0.2083688696165517,1,bisquare,8064,1.0,negbinomial,0.17601685035067796,False
GCAGAAACGTAATCCA-1,11604.0,3676.0,L3,0,0.27110148633157305,1,bisquare,8064,1.0,negbinomial,0.17601685035067796,False
GCAGAAGGTAATCTCC-1,11592.0,8706.0,L5,2,0.2519866763546593,1,bisquare,8064,1.0,negbinomial,0.17601685035067796,False
GCAGACCCAGCACGTA-1,10287.0,7386.0,L3,0,0.24194620788567434,1,bisquare,8064,1.0,negbinomial,0.17601685035067796,False
GCAGATCCATAAGACT-1,9045.0,8820.0,L6,3,0.23951386409025308,1,bisquare,8064,1.0,negbinomial,0.17601685035067796,False
GCAGATCCTCGCAAAT-1,4097.0,5454.0,L3,0,0.19444543669390624,1,bisquare,8064,1.0,negbinomial,0.17601685035067796,False
GCAGATTAGGGATATC-1,7397.0,7139.0,L5,2,0.2518022667233199,1,bisquare,8064,1.0,negbinomial,0.17601685035067796,False
GCAGCACACAGCCCAG-1,6089.0,7256.0,L5,2,0.1392650227876468,1,bisquare,8064,1.0,negbinomial,0.17601685035067796,False
GCAGCCTATATCACAT-1,10977.0,6908.0,L3,0,0.24127454620404198,1,bisquare,8064,1.0,negbinomial,0.17601685035067796,False
GCAGCGGTGGGCATTA-1,5340.0,3541.0,L3,0,0.17052996401467413,1,bisquare,8064,1.0,negbinomial,0.17601685035067796,False
GCAGCTATGGACAGGT-1,10983.0,4273.0,L3,0,0.1481962879286401,1,bisquare,8064,1.0,negbinomial,0.17601685035067796,False
GCAGGAACTTAGATCT-1,4226.0,9048.0,L6,3,0.11197878920936766,1,bisquare,8064,1.0,negbinomial,0.17601685035067796,False
GCAGGACTATAGAATA-1,5745.0,6896.0,L5,2,0.31922615514136293,1,bisquare,8064,1.0,negbinomial,0.17601685035067796,False
GCAGGTAGAGTATGGT-1,9674.0,4869.0,L3,0,0.158862558562339,1,bisquare,8064,1.0,negbinomial,0.17601685035067796,False
GCAGTGCGGGCGGATG-1,11865.0,9425.0,L5,2,0.22523135370042405,1,bisquare,8064,1.0,negbinomial,0.17601685035067796,False
GCAGTGTGGCTATAGG-1,8905.0,9778.0,L6,3,0.09522311175723312,1,bisquare,8064,1.0,negbinomial,0.17601685035067796,False
GCAGTTCGATCCGAGC-1,11315.0,9424.0,L5,2,0.10791812731359524,1,bisquare,8064,1.0,negbinomial,0.17601685035067796,False
GCATAAATTGAACGCC-1,11879.0,3677.0,L3,0,0.2992060697775147,1,bisquare,8064,1.0,negbinomial,0.17601685035067796,False
GCATACGAGGTCTTTA-1,4161.0,7251.0,L5,2,0.18728908690015972,1,bisquare,8064,1.0,negbinomial,0.17601685035067796,False
GCATAGAGCACTCAGG-1,7259.0,7139.0,L5,2,0.16817347501153884,1,bisquare,8064,1.0,negbinomial,0.17601685035067796,False
GCATCCCTAACTTTGA-1,6095.0,4621.0,L3,0,0.18834343528909,1,bisquare,8064,1.0,negbinomial,0.17601685035067796,False
GCATCGGCCGTGTAGG-1,10284.0,8583.0,L5,2,0.02748658509535945,1,bisquare,8064,1.0,negbinomial,0.17601685035067796,False
GCATGAGGGACGCGGC-1,9395.0,6306.0,L3,0,0.21304195709971618,1,bisquare,8064,1.0,negbinomial,0.17601685035067796,False
GCATGCTAATAACGAT-1,9728.0,10738.0,L6,3,0.1059279995315031,1,bisquare,8064,1.0,negbinomial,0.17601685035067796,False
GCATTCAAGGCAACGC-1,10634.0,6069.0,L3,0,0.14719560212811336,1,bisquare,8064,1.0,negbinomial,0.17601685035067796,False
GCATTCGAAATGAACA-1,4164.0,6053.0,L4,1,0.16265865398310367,1,bisquare,8064,1.0,negbinomial,0.17601685035067796,False
GCATTGTAATTCATAT-1,4642.0,7612.0,L5,2,0.11951302067443144,1,bisquare,8064,1.0,negbinomial,0.17601685035067796,False
GCATTTCCAAGGCTCC-1,10840.0,6668.0,L3,0,0.14295031668023905,1,bisquare,8064,1.0,negbinomial,0.17601685035067796,False
GCCAACCATTTCCGGA-1,10497.0,5829.0,L3,0,0.11329503775984306,1,bisquare,8064,1.0,negbinomial,0.17601685035067796,False
GCCAAGAATACTTCTG-1,3884.0,8209.0,L5,2,0.1802251369535117,1,bisquare,8064,1.0,negbinomial,0.17601685035067796,False
GCCAATAGGGCATCTC-1,10291.0,5709.0,L3,0,0.24703088310276214,1,bisquare,8064,1.0,negbinomial,0.17601685035067796,False
GCCACAATTTAAGGAC-1,5880.0,8094.0,L6,3,0.2573011613661901,1,bisquare,8064,1.0,negbinomial,0.17601685035067796,False
GCCACTCAGAGCGCGA-1,9731.0,9780.0,L6,3,0.10764376091185993,1,bisquare,8064,1.0,negbinomial,0.17601685035067796,False
GCCACTCCTTACGGTA-1,11384.0,9305.0,L5,2,0.09777294004522674,1,bisquare,8064,1.0,negbinomial,0.17601685035067796,False
GCCAGGAGTAACCGAT-1,9329.0,5227.0,L3,0,0.3046806673053278,1,bisquare,8064,1.0,negbinomial,0.17601685035067796,False
GCCAGGCGTTCGCATG-1,9332.0,3790.0,L3,0,0.17423352432627104,1,bisquare,8064,1.0,negbinomial,0.17601685035067796,False
GCCATATTGCACACAG-1,9397.0,5347.0,L3,0,0.20131977006439392,1,bisquare,8064,1.0,negbinomial,0.17601685035067796,False
GCCATCGAGCTGCGTG-1,6428.0,9053.0,WM,4,0.25972602137209316,1,bisquare,8064,1.0,negbinomial,0.17601685035067796,False
GCCATCGATGCTGCAT-1,10771.0,6548.0,L3,0,0.2859402501162849,1,bisquare,8064,1.0,negbinomial,0.17601685035067796,False
GCCATTAGCCTCAAAC-1,4088.0,9287.0,L6,3,0.20389010114032305,1,bisquare,8064,1.0,negbinomial,0.17601685035067796,False
GCCCACCAAGGCTGTC-1,5821.0,4141.0,L3,0,0.16079391121674216,1,bisquare,8064,1.0,negbinomial,0.17601685035067796,False
GCCCACTGGTCCACAA-1,11811.0,3557.0,L3,0,0.1285902658230183,1,bisquare,8064,1.0,negbinomial,0.17601685035067796,False
GCCCAGATGCTGGAGA-1,11527.0,7149.0,L3,0,0.1336005094485411,1,bisquare,8064,1.0,negbinomial,0.17601685035067796,False
GCCCAGTTGGTATGCC-1,5818.0,5339.0,L4,1,0.14221693877626823,1,bisquare,8064,1.0,negbinomial,0.17601685035067796,False
GCCCATGGGTGCAATG-1,9266.0,2712.0,L3,0,0.10008096735742833,1,bisquare,8064,1.0,negbinomial,0.17601685035067796,False
GCCCGACTTCTTCCCG-1,4915.0,8570.0,L6,3,0.33356855333734003,1,bisquare,8064,1.0,negbinomial,0.17601685035067796,False
GCCCGAGAGTCTAAAT-1,3879.0,10125.0,L6,3,0.35388360513654493,1,bisquare,8064,1.0,negbinomial,0.17601685035067796,False
GCCCGATCTGTGGTCG-1,7530.0,9056.0,L6,3,0.06225608583123812,1,bisquare,8064,1.0,negbinomial,0.17601685035067796,False
GCCCGCGCGTAAACGG-1,6017.0,8573.0,L6,3,0.24856952047532932,1,bisquare,8064,1.0,negbinomial,0.17601685035067796,False
GCCCGCGCGTTTGACA-1,5956.0,5100.0,L4,1,0.2744863732710662,1,bisquare,8064,1.0,negbinomial,0.17601685035067796,False
GCCCGTAATACCTTCT-1,8639.0,5944.0,L3,0,0.13665041785129337,1,bisquare,8064,1.0,negbinomial,0.17601685035067796,False
GCCCTAGCCGTCGCGA-1,4294.0,9168.0,L6,3,0.14120484678237927,1,bisquare,8064,1.0,negbinomial,0.17601685035067796,False
GCCCTGAGGATGGGCT-1,8283.0,10854.0,WM,4,0.12337765974472774,1,bisquare,8064,1.0,negbinomial,0.17601685035067796,False
GCCGAAATTCCTACGT-1,6296.0,6897.0,L5,2,0.10709303828120809,1,bisquare,8064,1.0,negbinomial,0.17601685035067796,False
GCCGACCCACGACTGC-1,5256.0,10128.0,L6,3,0.08664004889428222,1,bisquare,8064,1.0,negbinomial,0.17601685035067796,False
GCCGATTGGCCAAGCT-1,7396.0,7618.0,L5,2,0.17058453490690256,1,bisquare,8064,1.0,negbinomial,0.17601685035067796,False
GCCGCACTCCGTTTCA-1,11525.0,7868.0,L3,0,0.13503993672974765,1,bisquare,8064,1.0,negbinomial,0.17601685035067796,False
GCCGCATTAGTCCGGC-1,4369.0,6892.0,L5,2,0.1625389797763301,1,bisquare,8064,1.0,negbinomial,0.17601685035067796,False
GCCGCTAGATACGCAG-1,9816.0,2953.0,L3,0,0.11338194811117776,1,bisquare,8064,1.0,negbinomial,0.17601685035067796,False
GCCGCTTGTGAGAAAC-1,5952.0,7016.0,L5,2,0.13751760998471838,1,bisquare,8064,1.0,negbinomial,0.17601685035067796,False
GCCGGAAACACATCTT-1,6856.0,3066.0,L3,0,0.13762062556282,1,bisquare,8064,1.0,negbinomial,0.17601685035067796,False
GCCGGGTTAGGGTCGC-1,7258.0,7618.0,L6,3,0.2418147145923422,1,bisquare,8064,1.0,negbinomial,0.17601685035067796,False
GCCGTGGAAGAAATGT-1,11113.0,7388.0,L3,0,0.21821574190362047,1,bisquare,8064,1.0,negbinomial,0.17601685035067796,False
GCCTACGTTCTGTGCA-1,8833.0,10855.0,WM,4,0.19882337472036035,1,bisquare,8064,1.0,negbinomial,0.17601685035067796,False
GCCTAGCGATCTGACC-1,6094.0,5100.0,L4,1,0.1732130957173133,1,bisquare,8064,1.0,negbinomial,0.17601685035067796,False
GCCTATAGTGTCAGGG-1,9464.0,6186.0,L3,0,0.18065536080160532,1,bisquare,8064,1.0,negbinomial,0.17601685035067796,False
GCCTATGCTGGGCCTT-1,11050.0,4872.0,L3,0,0.15562482729256966,1,bisquare,8064,1.0,negbinomial,0.17601685035067796,False
GCCTATTCCGATATAG-1,5267.0,5577.0,L5,2,0.14230045474481257,1,bisquare,8064,1.0,negbinomial,0.17601685035067796,False
GCCTATTTGCTACACA-1,6648.0,3664.0,L3,0,0.1116781477173115,1,bisquare,8064,1.0,negbinomial,0.17601685035067796,False
GCCTCATCTGGAAATA-1,9736.0,7624.0,L4,1,0.1463485979070523,1,bisquare,8064,1.0,negbinomial,0.17601685035067796,False
GCCTCCGACAATTCAC-1,9937.0,9900.0,L6,3,0.17249760004960227,1,bisquare,8064,1.0,negbinomial,0.17601685035067796,False
GCCTCTATACATAGCA-1,8355.0,9297.0,L6,3,0.07983795777132739,1,bisquare,8064,1.0,negbinomial,0.17601685035067796,False
GCCTGCTACACTGAGA-1,10503.0,3673.0,L3,0,0.16162443894433348,1,bisquare,8064,1.0,negbinomial,0.17601685035067796,False
GCCTTCAGCCCTACCG-1,6646.0,4622.0,L3,0,0.18481464065278683,1,bisquare,8064,1.0,negbinomial,0.17601685035067796,False
GCCTTGTATATGCAGT-1,4236.0,4736.0,L3,0,0.24096335093886417,1,bisquare,8064,1.0,negbinomial,0.17601685035067796,False
GCCTTTGTCAGTGGAC-1,3879.0,10364.0,L6,3,0.1967239311512064,1,bisquare,8064,1.0,negbinomial,0.17601685035067796,False
GCGAAACGATCGGGAG-1,10076.0,9182.0,L6,3,0.3306396350709251,1,bisquare,8064,1.0,negbinomial,0.17601685035067796,False
GCGAAACTTAACTGGA-1,8840.0,7981.0,L5,2,0.29360413581415334,1,bisquare,8064,1.0,negbinomial,0.17601685035067796,False
GCGAAGAATCTGACGG-1,8972.0,10616.0,WM,4,0.19233727844645074,1,bisquare,8064,1.0,negbinomial,0.17601685035067796,False
GCGAAGCCATACCCGT-1,7398.0,6421.0,L5,2,0.1896090731314841,1,bisquare,8064,1.0,negbinomial,0.17601685035067796,False
GCGACATGTAAACATC-1,10563.0,7147.0,L3,0,0.31146187745947607,1,bisquare,8064,1.0,negbinomial,0.17601685035067796,False
GCGACCCAACCATCTG-1,5463.0,9769.0,L6,3,0.07304142429447247,1,bisquare,8064,1.0,negbinomial,0.17601685035067796,False
GCGACGATAGTTGTAC-1,6912.0,8455.0,L6,3,0.08487705163530423,1,bisquare,8064,1.0,negbinomial,0.17601685035067796,False
GCGAGAAACGGGAGTT-1,4100.0,4257.0,L3,0,0.1327962062318035,1,bisquare,8064,1.0,negbinomial,0.17601685035067796,False
GCGAGAGGCCATGTAA-1,10981.0,5231.0,L3,0,0.0999894866859703,1,bisquare,8064,1.0,negbinomial,0.17601685035067796,False
GCGAGAGTTGCGTCCA-1,10564.0,6668.0,L3,0,0.15131275064250443,1,bisquare,8064,1.0,negbinomial,0.17601685035067796,False
GCGAGCGCATGCTCCC-1,10701.0,7147.0,L3,0,0.19882180318257803,1,bisquare,8064,1.0,negbinomial,0.17601685035067796,False
GCGAGGCCCGAGCAGA-1,6433.0,7137.0,L5,2,0.184340729870245,1,bisquare,8064,1.0,negbinomial,0.17601685035067796,False
GCGAGTTCTGCAAAGA-1,7535.0,6900.0,L5,2,0.14549693259595353,1,bisquare,8064,1.0,negbinomial,0.17601685035067796,False
GCGATTCTGGAAGCAG-1,8299.0,3908.0,L3,0,0.11055855099107867,1,bisquare,8064,1.0,negbinomial,0.17601685035067796,False
GCGATTGTTAACGTTA-1,8498.0,7142.0,L5,2,0.1781361797865216,1,bisquare,8064,1.0,negbinomial,0.17601685035067796,False
GCGCAAATATATTCAA-1,5119.0,9649.0,L6,3,0.19839882778747242,1,bisquare,8064,1.0,negbinomial,0.17601685035067796,False
GCGCAAGAGCGCGCTG-1,10080.0,7505.0,L4,1,0.1241383451148303,1,bisquare,8064,1.0,negbinomial,0.17601685035067796,False
GCGCATCCAGTCAGCA-1,9739.0,6187.0,L3,0,0.2765594617561075,1,bisquare,8064,1.0,negbinomial,0.17601685035067796,False
GCGCCGTTCCACGATA-1,7671.0,7619.0,L5,2,0.1317420308612232,1,bisquare,8064,1.0,negbinomial,0.17601685035067796,False
GCGCCTCCCACTCCGA-1,10766.0,8465.0,L5,2,0.2374256569408895,1,bisquare,8064,1.0,negbinomial,0.17601685035067796,False
GCGCGGTCTAGTAACT-1,7319.0,10852.0,WM,4,0.10569606294195223,1,bisquare,8064,1.0,negbinomial,0.17601685035067796,False
GCGCGTCATTGGTACA-1,8905.0,9538.0,L6,3,0.13887998867100154,1,bisquare,8064,1.0,negbinomial,0.17601685035067796,False
GCGCTAAGTATGCATG-1,9128.0,2951.0,L3,0,0.10635293603876526,1,bisquare,8064,1.0,negbinomial,0.17601685035067796,False
GCGCTAATTGAATAGA-1,8017.0,6781.0,L4,1,0.26258555604833084,1,bisquare,8064,1.0,negbinomial,0.17601685035067796,False
GCGCTATGCCGAGGCA-1,6431.0,7855.0,L6,3,0.2766297838107761,1,bisquare,8064,1.0,negbinomial,0.17601685035067796,False
GCGCTCGATCACCTGT-1,11800.0,8108.0,L3,0,0.27770133899828026,1,bisquare,8064,1.0,negbinomial,0.17601685035067796,False
GCGCTGATCCAGACTC-1,9192.0,4748.0,L3,0,0.2545144708409329,1,bisquare,8064,1.0,negbinomial,0.17601685035067796,False
GCGCTGCTTTGCATTT-1,9671.0,6067.0,L3,0,0.13870843972759817,1,bisquare,8064,1.0,negbinomial,0.17601685035067796,False
GCGCTTAAATAATTGG-1,9318.0,9539.0,L6,3,0.17013033893066212,1,bisquare,8064,1.0,negbinomial,0.17601685035067796,False
GCGGACCGCGTTGTGG-1,6154.0,8813.0,L6,3,0.08500711236715272,1,bisquare,8064,1.0,negbinomial,0.17601685035067796,False
GCGGAGAAACTTCGCA-1,5464.0,9290.0,L6,3,0.14290478542874246,1,bisquare,8064,1.0,negbinomial,0.17601685035067796,False
GCGGAGAGGGAGAACG-1,8564.0,8220.0,L6,3,0.33941891061984913,1,bisquare,8064,1.0,negbinomial,0.17601685035067796,False
GCGGCAAAGTATTGCC-1,5050.0,9768.0,L6,3,0.1564024531206619,1,bisquare,8064,1.0,negbinomial,0.17601685035067796,False
GCGGCTCTGACGTACC-1,5813.0,7255.0,L5,2,0.16566257054856162,1,bisquare,8064,1.0,negbinomial,0.17601685035067796,False
GCGGGAACCAGGCCCT-1,6507.0,4861.0,L3,0,0.3017264903648144,1,bisquare,8064,1.0,negbinomial,0.17601685035067796,False
GCGGGCATTACGATGC-1,11391.0,6430.0,L3,0,0.1943517839416539,1,bisquare,8064,1.0,negbinomial,0.17601685035067796,False
GCGGGCGAGCCTTACC-1,6703.0,9293.0,WM,4,0.14041609276492825,1,bisquare,8064,1.0,negbinomial,0.17601685035067796,False
GCGGTAACCCAAATGA-1,4790.0,3540.0,L3,0,0.10321483894547595,1,bisquare,8064,1.0,negbinomial,0.17601685035067796,False
GCGGTCCCTAGACGCA-1,6302.0,4262.0,L3,0,0.1957010131800668,1,bisquare,8064,1.0,negbinomial,0.17601685035067796,False
GCGGTGAACTGCGCTC-1,9673.0,5109.0,L3,0,0.15005196925570538,1,bisquare,8064,1.0,negbinomial,0.17601685035067796,False
GCGGTTCCCTATCATG-1,6568.0,8335.0,L6,3,0.21498413011038658,1,bisquare,8064,1.0,negbinomial,0.17601685035067796,False
GCGTAAATGGCCATAA-1,10220.0,6787.0,L3,0,0.27588714309272455,1,bisquare,8064,1.0,negbinomial,0.17601685035067796,False
GCGTCCCTAAGACATA-1,6081.0,10370.0,WM,4,0.11065338841520005,1,bisquare,8064,1.0,negbinomial,0.17601685035067796,False
GCGTCGAAATGTCGGT-1,7678.0,4744.0,L3,0,0.15810006778544738,1,bisquare,8064,1.0,negbinomial,0.17601685035067796,False
GCGTCGCCAGGGTGAT-1,7461.0,9175.0,WM,4,0.2550981573540834,1,bisquare,8064,1.0,negbinomial,0.17601685035067796,False
GCGTCTCTGCATTGGG-1,6020.0,7375.0,L5,2,0.10062079248827599,1,bisquare,8064,1.0,negbinomial,0.17601685035067796,False
GCGTGGTACTGGGTTA-1,9738.0,6905.0,L3,0,0.19317700679910596,1,bisquare,8064,1.0,negbinomial,0.17601685035067796,False
GCGTGTATGTCGTATT-1,7407.0,3067.0,L3,0,0.09355707671302776,1,bisquare,8064,1.0,negbinomial,0.17601685035067796,False
GCGTTATATTTGGAAC-1,4095.0,6413.0,L5,2,0.16076858455434315,1,bisquare,8064,1.0,negbinomial,0.17601685035067796,False
GCGTTCGGAGACCGGG-1,10293.0,4990.0,L3,0,0.14055610572473834,1,bisquare,8064,1.0,negbinomial,0.17601685035067796,False
GCTAAACCTGAGGTGA-1,4785.0,5456.0,L5,2,0.10995485088365202,1,bisquare,8064,1.0,negbinomial,0.17601685035067796,False
GCTAACTGAAGTCTGA-1,9249.0,9659.0,L6,3,0.17594732816919156,1,bisquare,8064,1.0,negbinomial,0.17601685035067796,False
GCTAAGTAAAGGCGAT-1,4096.0,5934.0,L4,1,0.14409809354605108,1,bisquare,8064,1.0,negbinomial,0.17601685035067796,False
GCTAAGTAGTTTCTCT-1,8705.0,6783.0,L4,1,0.2011627539024667,1,bisquare,8064,1.0,negbinomial,0.17601685035067796,False
GCTAATACCGAATGCC-1,6438.0,5221.0,L4,1,0.20720556010378588,1,bisquare,8064,1.0,negbinomial,0.17601685035067796,False
GCTACAATCGAGGATA-1,10349.0,10140.0,L6,3,0.24436760263104276,1,bisquare,8064,1.0,negbinomial,0.17601685035067796,False
GCTACAGTACGGACCG-1,4161.0,7491.0,L5,2,0.11959856816954491,1,bisquare,8064,1.0,negbinomial,0.17601685035067796,False
GCTACGACTTATTGGG-1,7946.0,7859.0,L5,2,0.10244689333714768,1,bisquare,8064,1.0,negbinomial,0.17601685035067796,False
GCTACTATAGTAGAGT-1,9664.0,8702.0,L6,3,0.1638385335896562,1,bisquare,8064,1.0,negbinomial,0.17601685035067796,False
GCTAGACCGTCTACTG-1,10355.0,7745.0,L4,1,0.18711928130941538,1,bisquare,8064,1.0,negbinomial,0.17601685035067796,False
GCTAGAGTAGAGATGT-1,9800.0,9421.0,L6,3,0.21527948305627945,1,bisquare,8064,1.0,negbinomial,0.17601685035067796,False
GCTAGCACCTGGGCCA-1,11526.0,7389.0,L3,0,0.15378673279750218,1,bisquare,8064,1.0,negbinomial,0.17601685035067796,False
GCTAGCAGGGAGTGGG-1,10156.0,4511.0,L3,0,0.31442258423641395,1,bisquare,8064,1.0,negbinomial,0.17601685035067796,False
GCTAGCGATAGGTCTT-1,4842.0,10606.0,L6,3,0.1404607980126455,1,bisquare,8064,1.0,negbinomial,0.17601685035067796,False
GCTAGCTTGAATAGCT-1,6222.0,8933.0,L6,3,0.1288470598690849,1,bisquare,8064,1.0,negbinomial,0.17601685035067796,False
GCTAGGCACCACGGAG-1,8975.0,9179.0,L6,3,0.13526088188381677,1,bisquare,8064,1.0,negbinomial,0.17601685035067796,False
GCTAGTAGAGCTTGTA-1,7672.0,7379.0,L5,2,0.14224447691013242,1,bisquare,8064,1.0,negbinomial,0.17601685035067796,False
GCTAGTTTCATTGAGG-1,5751.0,4740.0,L3,0,0.17769282188123056,1,bisquare,8064,1.0,negbinomial,0.17601685035067796,False
GCTATACGTCTCGGAC-1,9251.0,8940.0,L6,3,0.27185296024249855,1,bisquare,8064,1.0,negbinomial,0.17601685035067796,False
GCTATCATACTCATGG-1,8562.0,9178.0,L6,3,0.12344087727026828,1,bisquare,8064,1.0,negbinomial,0.17601685035067796,False
GCTATCGCGGCGCAAC-1,4855.0,5097.0,L4,1,0.1594211412867101,1,bisquare,8064,1.0,negbinomial,0.17601685035067796,False
GCTCAACCTCTTAGAG-1,3823.0,4735.0,L3,0,0.20140305308986708,1,bisquare,8064,1.0,negbinomial,0.17601685035067796,False
GCTCAATCCGTTTATT-1,5603.0,9051.0,L6,3,0.12593758754622292,1,bisquare,8064,1.0,negbinomial,0.17601685035067796,False
GCTCAATGTAATACCG-1,7183.0,10133.0,WM,4,0.0888934756803354,1,bisquare,8064,1.0,negbinomial,0.17601685035067796,False
GCTCATTACTGCATGT-1,9606.0,4270.0,L3,0,0.10956702253047299,1,bisquare,8064,1.0,negbinomial,0.17601685035067796,False
GCTCCATGAGTGCAGA-1,11796.0,9545.0,L5,2,0.2263604369891343,1,bisquare,8064,1.0,negbinomial,0.17601685035067796,False
GCTCCATGCAAAGCAA-1,6975.0,10971.0,WM,4,0.24108723621000322,1,bisquare,8064,1.0,negbinomial,0.17601685035067796,False
GCTCCCAGTCGGTCCA-1,10699.0,7866.0,L4,1,0.22825247641920932,1,bisquare,8064,1.0,negbinomial,0.17601685035067796,False
GCTCCGCTCGCTTCAG-1,10906.0,7746.0,L4,1,0.15494618083214098,1,bisquare,8064,1.0,negbinomial,0.17601685035067796,False
GCTCCGGACGTTGATA-1,10297.0,3074.0,L3,0,0.10495684387510684,1,bisquare,8064,1.0,negbinomial,0.17601685035067796,False
GCTCCTGACATACTGG-1,5395.0,9410.0,L6,3,0.08038860689916179,1,bisquare,8064,1.0,negbinomial,0.17601685035067796,False
GCTCGACCGAACTGAA-1,11124.0,2836.0,L3,0,0.1707267571750888,1,bisquare,8064,1.0,negbinomial,0.17601685035067796,False
GCTCGCGGTTCCGCTC-1,4096.0,5694.0,L4,1,0.08654628091091782,1,bisquare,8064,1.0,negbinomial,0.17601685035067796,False
GCTCGCTCATGTCCAA-1,10011.0,7624.0,L4,1,0.16118640852037888,1,bisquare,8064,1.0,negbinomial,0.17601685035067796,False
GCTCGGAATTTAAAGC-1,8984.0,5346.0,L3,0,0.33639501432593755,1,bisquare,8064,1.0,negbinomial,0.17601685035067796,False
GCTCTAAACCCTGACG-1,7194.0,5582.0,L3,0,0.25291489663650973,1,bisquare,8064,1.0,negbinomial,0.17601685035067796,False
GCTCTATGTTACGTGC-1,5954.0,5818.0,L5,2,0.17765144528465596,1,bisquare,8064,1.0,negbinomial,0.17601685035067796,False
GCTCTCGGGTACCGAA-1,7193.0,5821.0,L4,1,0.1440496729517573,1,bisquare,8064,1.0,negbinomial,0.17601685035067796,False
GCTCTTTCCGCTAGTG-1,6907.0,10372.0,WM,4,0.09905701465588743,1,bisquare,8064,1.0,negbinomial,0.17601685035067796,False
GCTGAACTCTCCAGGG-1,11457.0,7508.0,L3,0,0.3294943361822122,1,bisquare,8064,1.0,negbinomial,0.17601685035067796,False
GCTGAATCTTCCAATC-1,4775.0,9768.0,L6,3,0.13424463483743254,1,bisquare,8064,1.0,negbinomial,0.17601685035067796,False
GCTGAGCAACGGTTCT-1,3685.0,4974.0,L3,0,0.057654476529506615,1,bisquare,8064,1.0,negbinomial,0.17601685035067796,False
GCTGAGGCGTGAGTAT-1,7602.0,7499.0,L5,2,0.17807510759915343,1,bisquare,8064,1.0,negbinomial,0.17601685035067796,False
GCTGCACGGTTTCTTA-1,8222.0,7620.0,L5,2,0.19032779995611052,1,bisquare,8064,1.0,negbinomial,0.17601685035067796,False
GCTGCTAAGTAGTCGA-1,7047.0,9414.0,WM,4,0.1700501906880735,1,bisquare,8064,1.0,negbinomial,0.17601685035067796,False
GCTGCTACTGCGTAGC-1,8356.0,8818.0,L6,3,0.12772545053246728,1,bisquare,8064,1.0,negbinomial,0.17601685035067796,False
GCTGCTCTCCGGACAC-1,7536.0,6421.0,L4,1,0.32020648277661196,1,bisquare,8064,1.0,negbinomial,0.17601685035067796,False
GCTGGACCCAAAGTGG-1,10501.0,4392.0,L3,0,0.26823327889903587,1,bisquare,8064,1.0,negbinomial,0.17601685035067796,False
GCTGGCATATTCACCT-1,5333.0,6416.0,L5,2,0.21964353894006663,1,bisquare,8064,1.0,negbinomial,0.17601685035067796,False
GCTGGCGGCGCATGCT-1,7598.0,9176.0,L6,3,0.08319807225133698,1,bisquare,8064,1.0,negbinomial,0.17601685035067796,False
GCTGGTGACTCGTAGT-1,11259.0,4034.0,L3,0,0.17842704938623866,1,bisquare,8064,1.0,negbinomial,0.17601685035067796,False
GCTGGTTTAGGCCATA-1,4155.0,9886.0,L6,3,0.19531983883905019,1,bisquare,8064,1.0,negbinomial,0.17601685035067796,False
GCTGTATTACTGGCCC-1,5811.0,8213.0,L6,3,0.31157192186781635,1,bisquare,8064,1.0,negbinomial,0.17601685035067796,False
GCTGTCTGTGATCGAC-1,9472.0,2832.0,L3,0,0.15220358485595956,1,bisquare,8064,1.0,negbinomial,0.17601685035067796,False
GCTGTTGCTACCGAAC-1,9736.0,7384.0,L4,1,0.24780161779853357,1,bisquare,8064,1.0,negbinomial,0.17601685035067796,False
GCTTAATGTAACTAAC-1,8978.0,7742.0,L5,2,0.22124727499713825,1,bisquare,8064,1.0,negbinomial,0.17601685035067796,False
GCTTACGTAGTTAGTA-1,10908.0,7028.0,L3,0,0.3506638066259745,1,bisquare,8064,1.0,negbinomial,0.17601685035067796,False
GCTTAGGGAAGCGGTA-1,11740.0,4155.0,L3,0,0.21135488585820658,1,bisquare,8064,1.0,negbinomial,0.17601685035067796,False
GCTTATGAAGCAGGAA-1,9325.0,6904.0,L4,1,0.1442538362206325,1,bisquare,8064,1.0,negbinomial,0.17601685035067796,False
GCTTCAGTGGGATTAC-1,10985.0,3555.0,L3,0,0.1303479042642735,1,bisquare,8064,1.0,negbinomial,0.17601685035067796,False
GCTTCCGTCCCTAGAC-1,8500.0,6184.0,L3,0,0.09162531968002043,1,bisquare,8064,1.0,negbinomial,0.17601685035067796,False
GCTTGATGATAATCAG-1,5680.0,5338.0,L4,1,0.12829637778319933,1,bisquare,8064,1.0,negbinomial,0.17601685035067796,False
GCTTGCAGCACAATTG-1,11257.0,4993.0,L3,0,0.12210047186551982,1,bisquare,8064,1.0,negbinomial,0.17601685035067796,False
GCTTGGATCGATTAGG-1,9876.0,6426.0,L3,0,0.34384020685738326,1,bisquare,8064,1.0,negbinomial,0.17601685035067796,False
GCTTTCAGAGGAGGTG-1,9738.0,6666.0,L3,0,0.2647620957685416,1,bisquare,8064,1.0,negbinomial,0.17601685035067796,False
GCTTTCTATCTCAACT-1,11261.0,3316.0,L3,0,0.1223569729176424,1,bisquare,8064,1.0,negbinomial,0.17601685035067796,False
GCTTTGCTGCCGGGTA-1,11950.0,2838.0,L3,0,0.033054791859856464,1,bisquare,8064,1.0,negbinomial,0.17601685035067796,False
GGAAACCTTGTTGAAT-1,10499.0,5111.0,L3,0,0.26510607892423566,1,bisquare,8064,1.0,negbinomial,0.17601685035067796,False
GGAAACTAAATGGGCC-1,10212.0,9901.0,L6,3,0.22186498663397777,1,bisquare,8064,1.0,negbinomial,0.17601685035067796,False
GGAAAGTGCCCATGCC-1,9398.0,5108.0,L3,0,0.22668944816393904,1,bisquare,8064,1.0,negbinomial,0.17601685035067796,False
GGAACCCGAACAAGAA-1,3821.0,5454.0,L3,0,0.25511596684245774,1,bisquare,8064,1.0,negbinomial,0.17601685035067796,False
GGAACCGTGTAAATTG-1,6430.0,8574.0,L6,3,0.1465061782657805,1,bisquare,8064,1.0,negbinomial,0.17601685035067796,False
GGAACCTTGACTCTGC-1,4637.0,9767.0,L6,3,0.13348756438424678,1,bisquare,8064,1.0,negbinomial,0.17601685035067796,False
GGAACGGCCTGCAGCC-1,4234.0,5694.0,L4,1,0.13223154446906143,1,bisquare,8064,1.0,negbinomial,0.17601685035067796,False
GGAACTTTGGCGATTA-1,10763.0,9902.0,L6,3,0.26772132648966007,1,bisquare,8064,1.0,negbinomial,0.17601685035067796,False
GGAAGATAAGACTGTA-1,11742.0,3676.0,L3,0,0.1902500912341495,1,bisquare,8064,1.0,negbinomial,0.17601685035067796,False
GGAAGCTCGCTTACAG-1,8919.0,4029.0,L3,0,0.11642880905852637,1,bisquare,8064,1.0,negbinomial,0.17601685035067796,False
GGAATAACCTCAAGAA-1,7337.0,3426.0,L3,0,0.20296314954869074,1,bisquare,8064,1.0,negbinomial,0.17601685035067796,False
GGAATGCGCTAGCGTG-1,8844.0,6544.0,L3,0,0.2793193860364002,1,bisquare,8064,1.0,negbinomial,0.17601685035067796,False
GGACAAGTTGCAGTGA-1,3681.0,6651.0,L4,1,0.11746538075579122,1,bisquare,8064,1.0,negbinomial,0.17601685035067796,False
GGACACAAGTTTACAC-1,10836.0,8345.0,L5,2,0.22519327533744027,1,bisquare,8064,1.0,negbinomial,0.17601685035067796,False
GGACCAACAGGATAAC-1,7806.0,8817.0,L6,3,0.11379367630249525,1,bisquare,8064,1.0,negbinomial,0.17601685035067796,False
GGACCTACGGTAACGT-1,10706.0,4752.0,L3,0,0.1604626520208047,1,bisquare,8064,1.0,negbinomial,0.17601685035067796,False
GGACCTCTAGGCCGCC-1,5257.0,9649.0,L6,3,0.16826223545781624,1,bisquare,8064,1.0,negbinomial,0.17601685035067796,False
GGACGGCTTGCGCAAC-1,10159.0,3553.0,L3,0,0.22570873662905164,1,bisquare,8064,1.0,negbinomial,0.17601685035067796,False
GGACGTCCATAGTTGG-1,11189.0,4394.0,L3,0,0.17810241701770405,1,bisquare,8064,1.0,negbinomial,0.17601685035067796,False
GGACTCACAAATTAGG-1,11523.0,8586.0,L4,1,0.2116562039213995,1,bisquare,8064,1.0,negbinomial,0.17601685035067796,False
GGACTCGACAGCGCAT-1,6355.0,10850.0,WM,4,0.13530458678248894,1,bisquare,8064,1.0,negbinomial,0.17601685035067796,False
GGACTCGTGAGTGGTC-1,5806.0,10369.0,WM,4,0.1215180969816348,1,bisquare,8064,1.0,negbinomial,0.17601685035067796,False
GGACTCTTCCGGTTGA-1,11659.0,9545.0,L5,2,0.29168552835777023,1,bisquare,8064,1.0,negbinomial,0.17601685035067796,False
GGAGAAGTCATTGGCA-1,6024.0,5459.0,L4,1,0.1710624770959367,1,bisquare,8064,1.0,negbinomial,0.17601685035067796,False
GGAGACCAATGTGCTT-1,11325.0,5352.0,L3,0,0.09426600106297935,1,bisquare,8064,1.0,negbinomial,0.17601685035067796,False
GGAGACCATCTACATA-1,3745.0,8687.0,L5,2,0.1746420994946815,1,bisquare,8064,1.0,negbinomial,0.17601685035067796,False
GGAGACGACACCTTTG-1,7808.0,7859.0,L6,3,0.1383887058970004,1,bisquare,8064,1.0,negbinomial,0.17601685035067796,False
GGAGCAACATTTCAAG-1,10282.0,9541.0,L6,3,0.29946837982645974,1,bisquare,8064,1.0,negbinomial,0.17601685035067796,False
GGAGCACCAAGAACTA-1,8845.0,5825.0,L3,0,0.1733731030800302,1,bisquare,8064,1.0,negbinomial,0.17601685035067796,False
GGAGCGAGGCCTACTT-1,7939.0,10734.0,WM,4,0.11789396754541633,1,bisquare,8064,1.0,negbinomial,0.17601685035067796,False
GGAGGATTGAAAGGAG-1,8231.0,3548.0,L3,0,0.1396003113059251,1,bisquare,8064,1.0,negbinomial,0.17601685035067796,False
GGAGGCCGAAGTCGTC-1,11182.0,7508.0,L3,0,0.20185618093518132,1,bisquare,8064,1.0,negbinomial,0.17601685035067796,False
GGAGGCGAAGAACCGC-1,10160.0,3074.0,L3,0,0.22692036909706062,1,bisquare,8064,1.0,negbinomial,0.17601685035067796,False
GGAGGGCTTGGTTGGC-1,8568.0,6543.0,L4,1,0.2208708456290355,1,bisquare,8064,1.0,negbinomial,0.17601685035067796,False
GGAGGGTCAAGTAAGA-1,11038.0,10142.0,L6,3,0.2143598664387273,1,bisquare,8064,1.0,negbinomial,0.17601685035067796,False
GGAGTGCCGCCCTGGA-1,6851.0,4982.0,L3,0,0.3282709953417607,1,bisquare,8064,1.0,negbinomial,0.17601685035067796,False
GGATACTCATGAATTG-1,6303.0,3783.0,L3,0,0.21642022783435988,1,bisquare,8064,1.0,negbinomial,0.17601685035067796,False
GGATCAAAGGACGAGG-1,6786.0,3425.0,L3,0,0.15015261637121588,1,bisquare,8064,1.0,negbinomial,0.17601685035067796,False
GGATCATCCCGTACGC-1,10156.0,4750.0,L3,0,0.16775795763248377,1,bisquare,8064,1.0,negbinomial,0.17601685035067796,False
GGATCCGGAATATACT-1,8843.0,6783.0,L4,1,0.21268757633121804,1,bisquare,8064,1.0,negbinomial,0.17601685035067796,False
GGATCTTACTGCCCTT-1,5599.0,10488.0,WM,4,0.2246288201660463,1,bisquare,8064,1.0,negbinomial,0.17601685035067796,False
GGATCTTGACTCAACC-1,4364.0,8809.0,L6,3,0.23621389207566304,1,bisquare,8064,1.0,negbinomial,0.17601685035067796,False
GGATGAAGATCGCTGA-1,9667.0,7743.0,L5,2,0.17496269723362454,1,bisquare,8064,1.0,negbinomial,0.17601685035067796,False
GGATGACGCGAGTTTA-1,6295.0,7137.0,L5,2,0.13198422853126118,1,bisquare,8064,1.0,negbinomial,0.17601685035067796,False
GGATGCTGGCGTTCCT-1,4505.0,7372.0,L5,2,0.10997424078754815,1,bisquare,8064,1.0,negbinomial,0.17601685035067796,False
GGATGTCCTTACCGCA-1,9462.0,6905.0,L3,0,0.20541353185929578,1,bisquare,8064,1.0,negbinomial,0.17601685035067796,False
GGATTAAGCTAAGGTC-1,9195.0,3550.0,L3,0,0.23272012845733267,1,bisquare,8064,1.0,negbinomial,0.17601685035067796,False
GGATTCAGTACGGTGG-1,5475.0,4979.0,L4,1,0.19672100823037056,1,bisquare,8064,1.0,negbinomial,0.17601685035067796,False
GGATTCCGCTATACCC-1,8779.0,4987.0,L3,0,0.16347927374972598,1,bisquare,8064,1.0,negbinomial,0.17601685035067796,False
GGATTGCTGTGACTCC-1,8973.0,9898.0,L6,3,0.11538310711480095,1,bisquare,8064,1.0,negbinomial,0.17601685035067796,False
GGATTTCACTTCTATA-1,8913.0,6424.0,L3,0,0.24466862642795434,1,bisquare,8064,1.0,negbinomial,0.17601685035067796,False
GGCAAAGGCGCCAATA-1,5533.0,9171.0,L6,3,0.1368742617482024,1,bisquare,8064,1.0,negbinomial,0.17601685035067796,False
GGCAAATTACTTTACT-1,6845.0,7617.0,L6,3,0.253402468907613,1,bisquare,8064,1.0,negbinomial,0.17601685035067796,False
GGCAAGCCAGGGATAG-1,11532.0,4754.0,L3,0,0.14970550193063348,1,bisquare,8064,1.0,negbinomial,0.17601685035067796,False
GGCAAGCCCATAGTGG-1,7388.0,10732.0,WM,4,0.09298737174541957,1,bisquare,8064,1.0,negbinomial,0.17601685035067796,False
GGCAAGGCGAAATAGC-1,7945.0,8099.0,L6,3,0.18723749249330218,1,bisquare,8064,1.0,negbinomial,0.17601685035067796,False
GGCAATAGTCAATGAG-1,8018.0,6302.0,L4,1,0.19479605148174498,1,bisquare,8064,1.0,negbinomial,0.17601685035067796,False
GGCACTCAGCCGACCC-1,11659.0,9305.0,L5,2,0.1880041337507657,1,bisquare,8064,1.0,negbinomial,0.17601685035067796,False
GGCACTCCACTGGGCA-1,6365.0,6777.0,L5,2,0.1336253034800126,1,bisquare,8064,1.0,negbinomial,0.17601685035067796,False
GGCAGCAAACCTATGC-1,10284.0,8823.0,L5,2,0.20363939688163504,1,bisquare,8064,1.0,negbinomial,0.17601685035067796,False
GGCAGCGGTAATCCTA-1,10088.0,4391.0,L3,0,0.09072312610957352,1,bisquare,8064,1.0,negbinomial,0.17601685035067796,False
GGCATACAGGTAGCGG-1,5401.0,6775.0,L5,2,0.21526764661229203,1,bisquare,8064,1.0,negbinomial,0.17601685035067796,False
GGCATATCGGTTCTGC-1,8917.0,4747.0,L3,0,0.15871920260576175,1,bisquare,8064,1.0,negbinomial,0.17601685035067796,False
GGCATCAACGAGCACG-1,6718.0,3305.0,L3,0,0.1554088612467489,1,bisquare,8064,1.0,negbinomial,0.17601685035067796,False
GGCCCAATCTAGAGGG-1,11260.0,3555.0,L3,0,0.09917480432554922,1,bisquare,8064,1.0,negbinomial,0.17601685035067796,False
GGCCCAGTTATCAGCA-1,11190.0,4154.0,L3,0,0.1864726237828486,1,bisquare,8064,1.0,negbinomial,0.17601685035067796,False
GGCCCGGAGCATGTCT-1,11390.0,6909.0,L3,0,0.14169777045239398,1,bisquare,8064,1.0,negbinomial,0.17601685035067796,False
GGCCCGTATACCATGC-1,11392.0,5951.0,L3,0,0.18081797019483492,1,bisquare,8064,1.0,negbinomial,0.17601685035067796,False
GGCCCTCACCCACTTA-1,4781.0,7133.0,L5,2,0.23210609960937145,1,bisquare,8064,1.0,negbinomial,0.17601685035067796,False
GGCCGAGACTCTGGTG-1,5393.0,10129.0,WM,4,0.27022472282717197,1,bisquare,8064,1.0,negbinomial,0.17601685035067796,False
GGCCGGCGTCTGCTAT-1,8628.0,10496.0,WM,4,0.15174587975983583,1,bisquare,8064,1.0,negbinomial,0.17601685035067796,False
GGCCGTTTGGGTTTCA-1,6289.0,9771.0,WM,4,0.08926794160155571,1,bisquare,8064,1.0,negbinomial,0.17601685035067796,False
GGCCTGCTTCTCCCGA-1,10970.0,9783.0,L6,3,0.24391243500998186,1,bisquare,8064,1.0,negbinomial,0.17601685035067796,False
GGCCTTTGCAACTGGC-1,3749.0,7011.0,L5,2,0.14978899265243847,1,bisquare,8064,1.0,negbinomial,0.17601685035067796,False
GGCGAAATCTAACTTG-1,9185.0,7862.0,L5,2,0.23658068381299752,1,bisquare,8064,1.0,negbinomial,0.17601685035067796,False
GGCGAACCGTTCTGAT-1,11945.0,4755.0,L3,0,0.13432960398863542,1,bisquare,8064,1.0,negbinomial,0.17601685035067796,False
GGCGAGCGAAACGGCA-1,3676.0,8807.0,L5,2,0.11934259476507239,1,bisquare,8064,1.0,negbinomial,0.17601685035067796,False
GGCGCAGGACATCTTC-1,5056.0,7134.0,L5,2,0.11818265002830815,1,bisquare,8064,1.0,negbinomial,0.17601685035067796,False
GGCGCATGAATTGATG-1,6913.0,7737.0,L6,3,0.21743032349034672,1,bisquare,8064,1.0,negbinomial,0.17601685035067796,False
GGCGCGGAGATCTTTC-1,9112.0,9658.0,L6,3,0.11404414983922982,1,bisquare,8064,1.0,negbinomial,0.17601685035067796,False
GGCGCGTTCGAGTTTA-1,7256.0,8337.0,L6,3,0.15142202924232762,1,bisquare,8064,1.0,negbinomial,0.17601685035067796,False
GGCGCTCCTCATCAAT-1,4512.0,4737.0,L3,0,0.11899238226355993,1,bisquare,8064,1.0,negbinomial,0.17601685035067796,False
GGCGCTTCATTCCCTG-1,8076.0,10734.0,WM,4,0.15097491966094165,1,bisquare,8064,1.0,negbinomial,0.17601685035067796,False
GGCGGAGTAATATTAG-1,6366.0,6538.0,L5,2,0.21298636095711107,1,bisquare,8064,1.0,negbinomial,0.17601685035067796,False
GGCGGGCTCTAAGAGT-1,11935.0,9066.0,L5,2,0.24184706967415373,1,bisquare,8064,1.0,negbinomial,0.17601685035067796,False
GGCGGTAGGATCATTG-1,7949.0,6422.0,L4,1,0.11281417005309635,1,bisquare,8064,1.0,negbinomial,0.17601685035067796,False
GGCGGTTTGCCGGTGC-1,3961.0,4496.0,L3,0,0.14959415927347286,1,bisquare,8064,1.0,negbinomial,0.17601685035067796,False
GGCGTACCCTATATAA-1,6787.0,2946.0,L3,0,0.18512990560632533,1,bisquare,8064,1.0,negbinomial,0.17601685035067796,False
GGCGTAGGGAAAGCTG-1,8834.0,10376.0,WM,4,0.3348277138747774,1,bisquare,8064,1.0,negbinomial,0.17601685035067796,False
GGCGTCCTATCCGCTG-1,5471.0,6416.0,L5,2,0.19725597701427688,1,bisquare,8064,1.0,negbinomial,0.17601685035067796,False
GGCTAAAGGGCGGGTC-1,10018.0,4990.0,L3,0,0.17865469312980145,1,bisquare,8064,1.0,negbinomial,0.17601685035067796,False
GGCTAATGATTGAAAT-1,10984.0,4034.0,L3,0,0.21708317414593714,1,bisquare,8064,1.0,negbinomial,0.17601685035067796,False
GGCTACTATACACTCC-1,6219.0,10370.0,WM,4,0.08052426078403528,1,bisquare,8064,1.0,negbinomial,0.17601685035067796,False
GGCTATTAAGTTGTAT-1,6021.0,6657.0,L5,2,0.13490902988031891,1,bisquare,8064,1.0,negbinomial,0.17601685035067796,False
GGCTCCTCCACCTGTT-1,5601.0,9770.0,WM,4,0.2941173433373153,1,bisquare,8064,1.0,negbinomial,0.17601685035067796,False
GGCTCGCGTTGAGGTA-1,9601.0,6426.0,L3,0,0.3112870420185172,1,bisquare,8064,1.0,negbinomial,0.17601685035067796,False
GGCTCGTGCCACCAGC-1,5818.0,5099.0,L4,1,0.14376551611600932,1,bisquare,8064,1.0,negbinomial,0.17601685035067796,False
GGCTCTGCTCCAACGC-1,8157.0,5824.0,L3,0,0.156984493934752,1,bisquare,8064,1.0,negbinomial,0.17601685035067796,False
GGCTGAAATAGCAAAG-1,8632.0,8579.0,L6,3,0.23132035493243605,1,bisquare,8064,1.0,negbinomial,0.17601685035067796,False
GGCTGAGCATCGTAAG-1,10020.0,3792.0,L3,0,0.09628514081718059,1,bisquare,8064,1.0,negbinomial,0.17601685035067796,False
GGCTGGCTAGCTTAAA-1,5202.0,4020.0,L3,0,0.21983109147417618,1,bisquare,8064,1.0,negbinomial,0.17601685035067796,False
GGCTTTCAATAAGGGT-1,7459.0,9894.0,WM,4,0.16152156176260005,1,bisquare,8064,1.0,negbinomial,0.17601685035067796,False
GGGAACGGGAGGTTAG-1,5744.0,7375.0,L5,2,0.1216024469543145,1,bisquare,8064,1.0,negbinomial,0.17601685035067796,False
GGGAACGGTTTCAGAT-1,5393.0,10368.0,WM,4,0.20498544605962338,1,bisquare,8064,1.0,negbinomial,0.17601685035067796,False
GGGAAGACGGTCTGTC-1,8421.0,10375.0,WM,4,0.1799341079903616,1,bisquare,8064,1.0,negbinomial,0.17601685035067796,False
GGGAAGGGCTTTCTCA-1,9179.0,10257.0,L6,3,0.0576701443908481,1,bisquare,8064,1.0,negbinomial,0.17601685035067796,False
GGGAATGAGCCCTCAC-1,10568.0,4991.0,L3,0,0.14841941699321462,1,bisquare,8064,1.0,negbinomial,0.17601685035067796,False
GGGACAGAGTTACTCC-1,4500.0,9528.0,L6,3,0.19913806420231714,1,bisquare,8064,1.0,negbinomial,0.17601685035067796,False
GGGACCCGTATATCTT-1,6840.0,9533.0,WM,4,0.17076778016999672,1,bisquare,8064,1.0,negbinomial,0.17601685035067796,False
GGGACTGCATAGATAG-1,7329.0,6540.0,L5,2,0.3007612874549971,1,bisquare,8064,1.0,negbinomial,0.17601685035067796,False
GGGAGAACTCACAGTA-1,7605.0,6541.0,L4,1,0.28370767456599055,1,bisquare,8064,1.0,negbinomial,0.17601685035067796,False
GGGAGCGACCGTAGTG-1,9109.0,10856.0,WM,4,0.2500373008052095,1,bisquare,8064,1.0,negbinomial,0.17601685035067796,False
GGGAGGATGCCCGAAA-1,6708.0,7137.0,L5,2,0.1548869073090513,1,bisquare,8064,1.0,negbinomial,0.17601685035067796,False
GGGAGTAATGGCTGGC-1,6097.0,3902.0,L3,0,0.10357722195963477,1,bisquare,8064,1.0,negbinomial,0.17601685035067796,False
GGGAGTTAATGAGGCG-1,8362.0,6662.0,L4,1,0.15977489849667012,1,bisquare,8064,1.0,negbinomial,0.17601685035067796,False
GGGATACGGTAATAAT-1,3684.0,5214.0,L3,0,0.14213717132876877,1,bisquare,8064,1.0,negbinomial,0.17601685035067796,False
GGGATGGTCGTAACCG-1,6155.0,8334.0,L6,3,0.13994590582848393,1,bisquare,8064,1.0,negbinomial,0.17601685035067796,False
GGGATTTACCGCACCT-1,9391.0,7743.0,L5,2,0.13801963442945622,1,bisquare,8064,1.0,negbinomial,0.17601685035067796,False
GGGCAACCGCACGTGC-1,4501.0,9288.0,L6,3,0.2454784248407288,1,bisquare,8064,1.0,negbinomial,0.17601685035067796,False
GGGCACGTAGTACTGT-1,6492.0,11089.0,WM,4,0.21223815527836268,1,bisquare,8064,1.0,negbinomial,0.17601685035067796,False
GGGCAGAGCAATCGTT-1,7322.0,9654.0,WM,4,0.1020760757289778,1,bisquare,8064,1.0,negbinomial,0.17601685035067796,False
GGGCAGTCAACGCCAA-1,8627.0,10975.0,WM,4,0.1783459160242338,1,bisquare,8064,1.0,negbinomial,0.17601685035067796,False
GGGCCCGTCTTAAACA-1,6776.0,7737.0,L6,3,0.28658384187390196,1,bisquare,8064,1.0,negbinomial,0.17601685035067796,False
GGGCCCTACGAAAGGG-1,4299.0,7251.0,L5,2,0.2749077346511977,1,bisquare,8064,1.0,negbinomial,0.17601685035067796,False
GGGCCGGCCGAAGTAC-1,8980.0,7023.0,L4,1,0.18012814306530286,1,bisquare,8064,1.0,negbinomial,0.17601685035067796,False
GGGCCTAAATGGGCTA-1,3815.0,8089.0,L5,2,0.15489868889339975,1,bisquare,8064,1.0,negbinomial,0.17601685035067796,False
GGGCCTATACAACCGG-1,11123.0,3076.0,L3,0,0.1405449992498968,1,bisquare,8064,1.0,negbinomial,0.17601685035067796,False
GGGCCTATTTAAGTAT-1,11258.0,4274.0,L3,0,0.22996118110696068,1,bisquare,8064,1.0,negbinomial,0.17601685035067796,False
GGGCGATATGTGTGAA-1,7193.0,6061.0,L4,1,0.2374329123735952,1,bisquare,8064,1.0,negbinomial,0.17601685035067796,False
GGGCGCAGCGTTACTC-1,11459.0,6790.0,L3,0,0.09849635462636064,1,bisquare,8064,1.0,negbinomial,0.17601685035067796,False
GGGCGGCAAATGAATT-1,6292.0,8574.0,L6,3,0.1350366142085708,1,bisquare,8064,1.0,negbinomial,0.17601685035067796,False
GGGCGGGTTCCCTACG-1,5743.0,7854.0,L6,3,0.2228483211956582,1,bisquare,8064,1.0,negbinomial,0.17601685035067796,False
GGGCGGTCCTATTGTC-1,5132.0,4379.0,L3,0,0.21091292373546044,1,bisquare,8064,1.0,negbinomial,0.17601685035067796,False
GGGCGTACATTTATAT-1,6919.0,5581.0,L4,1,0.17810147253982825,1,bisquare,8064,1.0,negbinomial,0.17601685035067796,False
GGGCGTCACCACGTAA-1,6636.0,8455.0,L6,3,0.06543933494459613,1,bisquare,8064,1.0,negbinomial,0.17601685035067796,False
GGGCGTCCACTGGCTC-1,8986.0,4628.0,L3,0,0.11091464235776041,1,bisquare,8064,1.0,negbinomial,0.17601685035067796,False
GGGCGTGGTTTCCCAG-1,8767.0,10017.0,WM,4,0.3438423680258286,1,bisquare,8064,1.0,negbinomial,0.17601685035067796,False
GGGCGTTTACATTCAT-1,4979.0,10607.0,L6,3,0.11344250646922668,1,bisquare,8064,1.0,negbinomial,0.17601685035067796,False
GGGCTATGATCGATGG-1,6703.0,9533.0,WM,4,0.2511959449408983,1,bisquare,8064,1.0,negbinomial,0.17601685035067796,False
GGGCTCATCGAACCCA-1,9328.0,5707.0,L3,0,0.19023819548960041,1,bisquare,8064,1.0,negbinomial,0.17601685035067796,False
GGGCTGCCTAGGGCGA-1,7949.0,6661.0,L4,1,0.28730255771491037,1,bisquare,8064,1.0,negbinomial,0.17601685035067796,False
GGGCTGGTTAGTCGCG-1,6710.0,6419.0,L5,2,0.28895314566064195,1,bisquare,8064,1.0,negbinomial,0.17601685035067796,False
GGGTAATGCTGTGTTT-1,4651.0,3779.0,L3,0,0.17684548398569414,1,bisquare,8064,1.0,negbinomial,0.17601685035067796,False
GGGTACCCACGGTCCT-1,4994.0,4379.0,L3,0,0.11269095320712454,1,bisquare,8064,1.0,negbinomial,0.17601685035067796,False
GGGTACTTCATGAACT-1,5882.0,7136.0,L5,2,0.16353436672781452,1,bisquare,8064,1.0,negbinomial,0.17601685035067796,False
GGGTATGTATGCACTT-1,5128.0,6056.0,L5,2,0.11574374736649261,1,bisquare,8064,1.0,negbinomial,0.17601685035067796,False
GGGTATTCTAGCAAAC-1,4225.0,9287.0,L6,3,0.23419936573090425,1,bisquare,8064,1.0,negbinomial,0.17601685035067796,False
GGGTCACCGTGACGGT-1,6434.0,6897.0,L5,2,0.12824888026859346,1,bisquare,8064,1.0,negbinomial,0.17601685035067796,False
GGGTCACGTGCTTATG-1,10229.0,2954.0,L3,0,0.10855265839814242,1,bisquare,8064,1.0,negbinomial,0.17601685035067796,False
GGGTCACTGAGTAGTG-1,11812.0,3078.0,L3,0,0.04741166034157241,1,bisquare,8064,1.0,negbinomial,0.17601685035067796,False
GGGTCAGGAGCTAGAT-1,6976.0,10492.0,WM,4,0.0894604833245497,1,bisquare,8064,1.0,negbinomial,0.17601685035067796,False
GGGTCATGCGTACCAT-1,4166.0,5335.0,L3,0,0.1943315105339922,1,bisquare,8064,1.0,negbinomial,0.17601685035067796,False
GGGTCGTGGCAAGTGT-1,10567.0,5710.0,L3,0,0.09132597819284609,1,bisquare,8064,1.0,negbinomial,0.17601685035067796,False
GGGTCTATCGCTTTCC-1,10969.0,10262.0,L6,3,0.1403509028828313,1,bisquare,8064,1.0,negbinomial,0.17601685035067796,False
GGGTGACACCTTAACT-1,7050.0,8216.0,L6,3,0.17495076784506652,1,bisquare,8064,1.0,negbinomial,0.17601685035067796,False
GGGTGCATATGAAAGC-1,10909.0,6309.0,L3,0,0.13708426719992511,1,bisquare,8064,1.0,negbinomial,0.17601685035067796,False
GGGTGGTCCAGCCTGT-1,7956.0,3547.0,L3,0,0.3148686401840842,1,bisquare,8064,1.0,negbinomial,0.17601685035067796,False
GGGTGTTTCAGCTATG-1,7885.0,4625.0,L3,0,0.17490528015973467,1,bisquare,8064,1.0,negbinomial,0.17601685035067796,False
GGGTTAACATTTGAGT-1,6635.0,9173.0,WM,4,0.18431138955860296,1,bisquare,8064,1.0,negbinomial,0.17601685035067796,False
GGGTTCAGACGAACAA-1,4511.0,4976.0,L3,0,0.22561741259249746,1,bisquare,8064,1.0,negbinomial,0.17601685035067796,False
GGGTTTAGGATAGGAT-1,10561.0,7865.0,L4,1,0.25362719203652956,1,bisquare,8064,1.0,negbinomial,0.17601685035067796,False
GGTAAATGTGCGTTAC-1,8781.0,4028.0,L3,0,0.09562527126840326,1,bisquare,8064,1.0,negbinomial,0.17601685035067796,False
GGTAACCGGGAGGATA-1,5051.0,9529.0,L6,3,0.21290657629684584,1,bisquare,8064,1.0,negbinomial,0.17601685035067796,False
GGTAACTATGTATCTG-1,6234.0,4142.0,L3,0,0.16249541569163817,1,bisquare,8064,1.0,negbinomial,0.17601685035067796,False
GGTACAAACATGCTAT-1,6914.0,7497.0,L5,2,0.2284475515392343,1,bisquare,8064,1.0,negbinomial,0.17601685035067796,False
GGTACACCAGATTTAT-1,11323.0,5831.0,L3,0,0.1724215800039658,1,bisquare,8064,1.0,negbinomial,0.17601685035067796,False
GGTACATCTGGGACGA-1,4437.0,7252.0,L5,2,0.14946767100587727,1,bisquare,8064,1.0,negbinomial,0.17601685035067796,False
GGTACCATTAAGACGG-1,10428.0,6188.0,L3,0,0.2553708310364367,1,bisquare,8064,1.0,negbinomial,0.17601685035067796,False
GGTACTAAGTGCTTTG-1,11660.0,8826.0,L5,2,0.20834439533941732,1,bisquare,8064,1.0,negbinomial,0.17601685035067796,False
GGTAGAAGACCGCCTG-1,8080.0,9057.0,L6,3,0.08331287059604306,1,bisquare,8064,1.0,negbinomial,0.17601685035067796,False
GGTAGACCGTTGGGCG-1,6841.0,9054.0,WM,4,0.22011233528229893,1,bisquare,8064,1.0,negbinomial,0.17601685035067796,False
GGTAGTGCTCGCACCA-1,8155.0,6782.0,L4,1,0.17954809898268478,1,bisquare,8064,1.0,negbinomial,0.17601685035067796,False
GGTATAGTGACACATA-1,11046.0,6789.0,L3,0,0.2124452267136682,1,bisquare,8064,1.0,negbinomial,0.17601685035067796,False
GGTATTGCCGAGTTTA-1,6847.0,6659.0,L5,2,0.1594311212465655,1,bisquare,8064,1.0,negbinomial,0.17601685035067796,False
GGTCAAGACTACTTCG-1,10421.0,9063.0,L6,3,0.23424798143148676,1,bisquare,8064,1.0,negbinomial,0.17601685035067796,False
GGTCAGTGGGTCCCAC-1,7462.0,8457.0,L6,3,0.15907950278618857,1,bisquare,8064,1.0,negbinomial,0.17601685035067796,False
GGTCATTGTAGTCATA-1,11464.0,4394.0,L3,0,0.20456089243513775,1,bisquare,8064,1.0,negbinomial,0.17601685035067796,False
GGTCCCATAACATAGA-1,10298.0,2834.0,L3,0,0.12159948202173021,1,bisquare,8064,1.0,negbinomial,0.17601685035067796,False
GGTCCTTCATACGACT-1,3824.0,4256.0,L3,0,0.11328202238022375,1,bisquare,8064,1.0,negbinomial,0.17601685035067796,False
GGTCGGATAAACGGCG-1,9879.0,5468.0,L3,0,0.15575314436693963,1,bisquare,8064,1.0,negbinomial,0.17601685035067796,False
GGTCGGCCAGGAGCTT-1,8981.0,6544.0,L3,0,0.2568716432828586,1,bisquare,8064,1.0,negbinomial,0.17601685035067796,False
GGTCGGTAATTAGACA-1,5683.0,4141.0,L3,0,0.1661982998594228,1,bisquare,8064,1.0,negbinomial,0.17601685035067796,False
GGTCGGTCGTCCACAG-1,6772.0,9413.0,WM,4,0.170636185758824,1,bisquare,8064,1.0,negbinomial,0.17601685035067796,False
GGTCGTAAGCTCGCAC-1,4502.0,8569.0,L6,3,0.20135405215592386,1,bisquare,8064,1.0,negbinomial,0.17601685035067796,False
GGTCTCCAAGTAGTGC-1,11799.0,8587.0,L4,1,0.30031644137559155,1,bisquare,8064,1.0,negbinomial,0.17601685035067796,False
GGTCTCCGTCCAGGTT-1,10143.0,10260.0,L6,3,0.11187795061147046,1,bisquare,8064,1.0,negbinomial,0.17601685035067796,False
GGTCTCTGAATGGACT-1,5534.0,8931.0,L6,3,0.07245908684934556,1,bisquare,8064,1.0,negbinomial,0.17601685035067796,False
GGTCTGAGAATCTGGA-1,8707.0,6304.0,L3,0,0.2084742338030728,1,bisquare,8064,1.0,negbinomial,0.17601685035067796,False
GGTCTTGAGCGCTCTT-1,7664.0,10493.0,WM,4,0.09434443827305761,1,bisquare,8064,1.0,negbinomial,0.17601685035067796,False
GGTGAAACCGGGAATG-1,6511.0,3424.0,L3,0,0.1188883000840322,1,bisquare,8064,1.0,negbinomial,0.17601685035067796,False
GGTGAACGGGCTAGCC-1,5409.0,3661.0,L3,0,0.09516206427433375,1,bisquare,8064,1.0,negbinomial,0.17601685035067796,False
GGTGAAGTACAGGGAT-1,5742.0,8333.0,L6,3,0.16027877498591922,1,bisquare,8064,1.0,negbinomial,0.17601685035067796,False
GGTGAGATGCAGATAA-1,5682.0,4620.0,L3,0,0.1490338837305514,1,bisquare,8064,1.0,negbinomial,0.17601685035067796,False
GGTGATAAGGAGCAGT-1,8636.0,7142.0,L5,2,0.20333229010907747,1,bisquare,8064,1.0,negbinomial,0.17601685035067796,False
GGTGATTTCATCTTGT-1,5890.0,3782.0,L3,0,0.09779465855983094,1,bisquare,8064,1.0,negbinomial,0.17601685035067796,False
GGTGCAGAGCCTATCG-1,10364.0,4152.0,L3,0,0.1590588771282156,1,bisquare,8064,1.0,negbinomial,0.17601685035067796,False
GGTGCATAAATGATTA-1,6424.0,10730.0,WM,4,0.1514634112760903,1,bisquare,8064,1.0,negbinomial,0.17601685035067796,False
GGTGCGGATAAGTGGC-1,6370.0,4622.0,L3,0,0.20958603468446466,1,bisquare,8064,1.0,negbinomial,0.17601685035067796,False
GGTGCTGATCACAAAG-1,4646.0,5935.0,L5,2,0.15182577775307105,1,bisquare,8064,1.0,negbinomial,0.17601685035067796,False
GGTGCTGGTACACATT-1,6363.0,7736.0,L6,3,0.18602310212760423,1,bisquare,8064,1.0,negbinomial,0.17601685035067796,False
GGTGGACCACGTGTTA-1,10434.0,3553.0,L3,0,0.18223174576980739,1,bisquare,8064,1.0,negbinomial,0.17601685035067796,False
GGTGGACTGCTCTGGC-1,9044.0,9299.0,L6,3,0.18241979344884407,1,bisquare,8064,1.0,negbinomial,0.17601685035067796,False
GGTGGAGGTTGATACG-1,11594.0,7988.0,L3,0,0.20112231404185696,1,bisquare,8064,1.0,negbinomial,0.17601685035067796,False
GGTGTAAATCGATTGT-1,7663.0,10972.0,WM,4,0.13122756069523905,1,bisquare,8064,1.0,negbinomial,0.17601685035067796,False
GGTGTTCTGTTTCTAC-1,9402.0,3192.0,L3,0,0.08446726921931023,1,bisquare,8064,1.0,negbinomial,0.17601685035067796,False
GGTGTTGGGCGTCTTA-1,11661.0,8587.0,L4,1,0.1827125546560885,1,bisquare,8064,1.0,negbinomial,0.17601685035067796,False
GGTTACCACCCTCGGG-1,5467.0,8093.0,L6,3,0.23140006360355425,1,bisquare,8064,1.0,negbinomial,0.17601685035067796,False
GGTTACCCGACACTTT-1,11666.0,6670.0,L3,0,0.16177075539112076,1,bisquare,8064,1.0,negbinomial,0.17601685035067796,False
GGTTAGCTATATGTCT-1,9184.0,8341.0,L5,2,0.19701849897935803,1,bisquare,8064,1.0,negbinomial,0.17601685035067796,False
GGTTAGGCTTGGAGAA-1,5679.0,6057.0,L5,2,0.18375056314629215,1,bisquare,8064,1.0,negbinomial,0.17601685035067796,False
GGTTAGTTACGGCGCC-1,4784.0,5935.0,L5,2,0.13519221578224502,1,bisquare,8064,1.0,negbinomial,0.17601685035067796,False
GGTTCCACCCGCTTCT-1,9403.0,2952.0,L3,0,0.08115642620905111,1,bisquare,8064,1.0,negbinomial,0.17601685035067796,False
GGTTCCCTAGTGTCTC-1,11673.0,3556.0,L3,0,0.14834747484975858,1,bisquare,8064,1.0,negbinomial,0.17601685035067796,False
GGTTCGATGCTGAGTT-1,10917.0,3195.0,L3,0,0.20809783259798514,1,bisquare,8064,1.0,negbinomial,0.17601685035067796,False
GGTTCGGATTATACTA-1,3679.0,7370.0,L5,2,0.08404683799528978,1,bisquare,8064,1.0,negbinomial,0.17601685035067796,False
GGTTCTACTCGTCTGA-1,10425.0,7386.0,L3,0,0.3312994471803113,1,bisquare,8064,1.0,negbinomial,0.17601685035067796,False
GGTTGTGCTCTTGTCC-1,3890.0,5574.0,L3,0,0.34123886211679777,1,bisquare,8064,1.0,negbinomial,0.17601685035067796,False
GGTTGTGTAGCCTGGC-1,4094.0,6652.0,L5,2,0.12248475546210438,1,bisquare,8064,1.0,negbinomial,0.17601685035067796,False
GGTTTAATTACCATCG-1,5875.0,10250.0,WM,4,0.10585347503512799,1,bisquare,8064,1.0,negbinomial,0.17601685035067796,False
GGTTTAATTGAGCAGG-1,11186.0,5831.0,L3,0,0.16866978146476116,1,bisquare,8064,1.0,negbinomial,0.17601685035067796,False
GGTTTACAATCTCAAT-1,8226.0,5704.0,L3,0,0.21078966980995784,1,bisquare,8064,1.0,negbinomial,0.17601685035067796,False
GGTTTAGCCTTTCTTG-1,10216.0,8224.0,L5,2,0.18462310078737026,1,bisquare,8064,1.0,negbinomial,0.17601685035067796,False
GGTTTCAATCGGTCAG-1,9463.0,6665.0,L3,0,0.1953984795433183,1,bisquare,8064,1.0,negbinomial,0.17601685035067796,False
GGTTTGACAAGAAGCT-1,10914.0,4153.0,L3,0,0.18614004719688942,1,bisquare,8064,1.0,negbinomial,0.17601685035067796,False
GGTTTGAGTGCTGGAA-1,6096.0,4142.0,L3,0,0.11395848128862919,1,bisquare,8064,1.0,negbinomial,0.17601685035067796,False
GGTTTGCGAACACGTA-1,11671.0,4514.0,L3,0,0.16418707932035428,1,bisquare,8064,1.0,negbinomial,0.17601685035067796,False
GGTTTGTGACCTGAGG-1,10418.0,10021.0,L6,3,0.12666080980067165,1,bisquare,8064,1.0,negbinomial,0.17601685035067796,False
GTAACAACTGACCTTG-1,11397.0,4035.0,L3,0,0.1601116157522666,1,bisquare,8064,1.0,negbinomial,0.17601685035067796,False
GTAACATCAGCTCATC-1,10986.0,3076.0,L3,0,0.09190273867833015,1,bisquare,8064,1.0,negbinomial,0.17601685035067796,False
GTAACATCTAAGATAA-1,10764.0,9423.0,L6,3,0.25538472546280006,1,bisquare,8064,1.0,negbinomial,0.17601685035067796,False
GTAACTGCCCAAGGAG-1,6356.0,10610.0,WM,4,0.13591783747887676,1,bisquare,8064,1.0,negbinomial,0.17601685035067796,False
GTAACTTGCGGCAGTC-1,5959.0,3902.0,L3,0,0.08179198448517648,1,bisquare,8064,1.0,negbinomial,0.17601685035067796,False
GTAAGCGGGCAGTCAG-1,7538.0,5463.0,L3,0,0.1845725864711886,1,bisquare,8064,1.0,negbinomial,0.17601685035067796,False
GTAAGGATTTGTCGGA-1,7886.0,3907.0,L3,0,0.3014545958670539,1,bisquare,8064,1.0,negbinomial,0.17601685035067796,False
GTAAGTAACAGTCTGG-1,8841.0,7502.0,L5,2,0.13967580259034124,1,bisquare,8064,1.0,negbinomial,0.17601685035067796,False
GTAAGTAGGGTATACC-1,5679.0,5818.0,L5,2,0.1484030180603635,1,bisquare,8064,1.0,negbinomial,0.17601685035067796,False
GTAAGTCCACACTCTA-1,11387.0,7867.0,L3,0,0.20914612005312924,1,bisquare,8064,1.0,negbinomial,0.17601685035067796,False
GTAATAAAGGGCTCCC-1,10289.0,6427.0,L3,0,0.3495019471226213,1,bisquare,8064,1.0,negbinomial,0.17601685035067796,False
GTAATCTGATTCTTCG-1,6223.0,8693.0,L6,3,0.07380121496092351,1,bisquare,8064,1.0,negbinomial,0.17601685035067796,False
GTACACTTACCTGAAG-1,7604.0,7020.0,L5,2,0.13662018093303058,1,bisquare,8064,1.0,negbinomial,0.17601685035067796,False
GTACAGAGGCAAGGGT-1,8911.0,7143.0,L4,1,0.2365583164781573,1,bisquare,8064,1.0,negbinomial,0.17601685035067796,False
GTACGACGGCGCTGCG-1,4995.0,4139.0,L3,0,0.22906333942679016,1,bisquare,8064,1.0,negbinomial,0.17601685035067796,False
GTACGAGATTGCGACA-1,7126.0,5222.0,L3,0,0.3518780206541547,1,bisquare,8064,1.0,negbinomial,0.17601685035067796,False
GTACGCTTCATTGCAC-1,8151.0,8219.0,L6,3,0.2526414134874838,1,bisquare,8064,1.0,negbinomial,0.17601685035067796,False
GTACGTCACGTATTAA-1,10571.0,4033.0,L3,0,0.13049226951626394,1,bisquare,8064,1.0,negbinomial,0.17601685035067796,False
GTACGTTTGCCCGTCA-1,7877.0,7979.0,L6,3,0.17227450006677078,1,bisquare,8064,1.0,negbinomial,0.17601685035067796,False
GTACTAAGATTTGGAG-1,6987.0,5940.0,L4,1,0.22820564897384593,1,bisquare,8064,1.0,negbinomial,0.17601685035067796,False
GTACTCCCTTATCGCT-1,5126.0,7014.0,L5,2,0.1260625476934181,1,bisquare,8064,1.0,negbinomial,0.17601685035067796,False
GTACTCCTGGGTATGC-1,10222.0,5828.0,L3,0,0.18135730311070336,1,bisquare,8064,1.0,negbinomial,0.17601685035067796,False
GTACTGAGGTCGTAAC-1,6441.0,4023.0,L3,0,0.14756520371169934,1,bisquare,8064,1.0,negbinomial,0.17601685035067796,False
GTACTGCATGAAGCGT-1,5890.0,4022.0,L3,0,0.13353670974666462,1,bisquare,8064,1.0,negbinomial,0.17601685035067796,False
GTACTGGAGTTAGACC-1,8775.0,6663.0,L4,1,0.12923863779051195,1,bisquare,8064,1.0,negbinomial,0.17601685035067796,False
GTACTTGGGCACTTCT-1,5475.0,4739.0,L3,0,0.31025627423144814,1,bisquare,8064,1.0,negbinomial,0.17601685035067796,False
GTAGAAACGGGTGGAG-1,4303.0,5575.0,L4,1,0.07634007133949167,1,bisquare,8064,1.0,negbinomial,0.17601685035067796,False
GTAGACAACCGATGAA-1,6992.0,3545.0,L3,0,0.231566908722866,1,bisquare,8064,1.0,negbinomial,0.17601685035067796,False
GTAGACACGCCTGACT-1,7802.0,10254.0,WM,4,0.131360861970665,1,bisquare,8064,1.0,negbinomial,0.17601685035067796,False
GTAGACGTCGTTACAT-1,5889.0,4261.0,L3,0,0.2013313893862929,1,bisquare,8064,1.0,negbinomial,0.17601685035067796,False
GTAGAGGGAGACAAGT-1,5328.0,8811.0,L6,3,0.2714133146190283,1,bisquare,8064,1.0,negbinomial,0.17601685035067796,False
GTAGCCAAACATGGGA-1,8013.0,8698.0,L6,3,0.1367813915546781,1,bisquare,8064,1.0,negbinomial,0.17601685035067796,False
GTAGCGCTGTTGTAGT-1,6648.0,3424.0,L3,0,0.14669470416848154,1,bisquare,8064,1.0,negbinomial,0.17601685035067796,False
GTAGCGGCTATACACT-1,7947.0,7380.0,L5,2,0.1331430585304038,1,bisquare,8064,1.0,negbinomial,0.17601685035067796,False
GTAGCTAGTAAGCGCG-1,8715.0,2950.0,L3,0,0.2052126598040802,1,bisquare,8064,1.0,negbinomial,0.17601685035067796,False
GTAGCTCCGGGAGGCT-1,5737.0,10489.0,WM,4,0.12774081593662606,1,bisquare,8064,1.0,negbinomial,0.17601685035067796,False
GTAGCTTCCTCTTGTT-1,9326.0,6425.0,L3,0,0.16117971574688322,1,bisquare,8064,1.0,negbinomial,0.17601685035067796,False
GTAGGTGATCCGTGTA-1,8641.0,4747.0,L3,0,0.15761394755680933,1,bisquare,8064,1.0,negbinomial,0.17601685035067796,False
GTAGTCGCGGGAATCA-1,8770.0,8580.0,L6,3,0.13276332835454888,1,bisquare,8064,1.0,negbinomial,0.17601685035067796,False
GTAGTCTACGATATTG-1,8491.0,10256.0,WM,4,0.16771319981346297,1,bisquare,8064,1.0,negbinomial,0.17601685035067796,False
GTAGTTAGACAATATA-1,11606.0,2957.0,L3,0,0.154486979092102,1,bisquare,8064,1.0,negbinomial,0.17601685035067796,False
GTAGTTCGAAGGCGAA-1,5874.0,10489.0,WM,4,0.13041212352491222,1,bisquare,8064,1.0,negbinomial,0.17601685035067796,False
GTATAATCTCCCGGAT-1,4031.0,4376.0,L3,0,0.23372270638069725,1,bisquare,8064,1.0,negbinomial,0.17601685035067796,False
GTATAGGACTCAGTAG-1,7195.0,5103.0,L3,0,0.1435747076686009,1,bisquare,8064,1.0,negbinomial,0.17601685035067796,False
GTATAGTGGCCCATGT-1,9540.0,3192.0,L3,0,0.13174894144783156,1,bisquare,8064,1.0,negbinomial,0.17601685035067796,False
GTATCAAACGTTAGCT-1,9870.0,9301.0,L6,3,0.34847599453401595,1,bisquare,8064,1.0,negbinomial,0.17601685035067796,False
GTATCAGCTTGGGTTC-1,5543.0,5099.0,L4,1,0.1344777186142562,1,bisquare,8064,1.0,negbinomial,0.17601685035067796,False
GTATCCTTTGGTAACC-1,9523.0,10378.0,L6,3,0.06354489225989535,1,bisquare,8064,1.0,negbinomial,0.17601685035067796,False
GTATCTCAGTCTTGAC-1,4706.0,9648.0,L6,3,0.20863094478729124,1,bisquare,8064,1.0,negbinomial,0.17601685035067796,False
GTATCTTTCATAACCA-1,7738.0,8218.0,L6,3,0.12611881547558743,1,bisquare,8064,1.0,negbinomial,0.17601685035067796,False
GTATGAAATTTCACTC-1,4708.0,8929.0,L6,3,0.28883346273863264,1,bisquare,8064,1.0,negbinomial,0.17601685035067796,False
GTATGACGTGGGAAAC-1,5203.0,3541.0,L3,0,0.16756586155445943,1,bisquare,8064,1.0,negbinomial,0.17601685035067796,False
GTATGTGGGTCTAGTT-1,9530.0,7264.0,L4,1,0.1364142668223722,1,bisquare,8064,1.0,negbinomial,0.17601685035067796,False
GTATTAAGGCGTCTAA-1,4992.0,5097.0,L4,1,0.13763028494281004,1,bisquare,8064,1.0,negbinomial,0.17601685035067796,False
GTATTAGGGTTCGCGT-1,10709.0,3554.0,L3,0,0.1449469099404596,1,bisquare,8064,1.0,negbinomial,0.17601685035067796,False
GTATTCTGAGAAACGA-1,5810.0,8453.0,L6,3,0.1905579471839211,1,bisquare,8064,1.0,negbinomial,0.17601685035067796,False
GTATTTAATGGCATAA-1,11454.0,8945.0,L5,2,0.19860506575179726,1,bisquare,8064,1.0,negbinomial,0.17601685035067796,False
GTCAAAGAAGTGGTGT-1,4431.0,9408.0,L6,3,0.18414204512735757,1,bisquare,8064,1.0,negbinomial,0.17601685035067796,False
GTCAAAGTTTACATAG-1,5201.0,4259.0,L3,0,0.19693954834749247,1,bisquare,8064,1.0,negbinomial,0.17601685035067796,False
GTCAACCAGGCCTATA-1,10280.0,10500.0,L6,3,0.09293631823681,1,bisquare,8064,1.0,negbinomial,0.17601685035067796,False
GTCAAGCGGACTCGGG-1,8497.0,7381.0,L5,2,0.11749975759038095,1,bisquare,8064,1.0,negbinomial,0.17601685035067796,False
GTCAATTGTACTGAAG-1,6305.0,3304.0,L3,0,0.10436578814667824,1,bisquare,8064,1.0,negbinomial,0.17601685035067796,False
GTCACAAAGTTTCCAA-1,7405.0,3786.0,L3,0,0.24823058769197884,1,bisquare,8064,1.0,negbinomial,0.17601685035067796,False
GTCACCTGTCTATGTC-1,9884.0,3073.0,L3,0,0.09048980818252601,1,bisquare,8064,1.0,negbinomial,0.17601685035067796,False
GTCACTCTCCAAATCT-1,5336.0,5457.0,L5,2,0.09123923840041263,1,bisquare,8064,1.0,negbinomial,0.17601685035067796,False
GTCAGAATAGTCTATG-1,5403.0,6296.0,L5,2,0.18971890122076573,1,bisquare,8064,1.0,negbinomial,0.17601685035067796,False
GTCAGTTGTGCTCGTT-1,8093.0,3787.0,L3,0,0.14699833763798686,1,bisquare,8064,1.0,negbinomial,0.17601685035067796,False
GTCAGTTTGGTAGTCG-1,4095.0,6173.0,L4,1,0.14999145134792727,1,bisquare,8064,1.0,negbinomial,0.17601685035067796,False
GTCATGCACCTCCGTT-1,7399.0,6181.0,L4,1,0.2628567409578237,1,bisquare,8064,1.0,negbinomial,0.17601685035067796,False
GTCATGCGCGAGGGCT-1,9936.0,10379.0,L6,3,0.10920462142445553,1,bisquare,8064,1.0,negbinomial,0.17601685035067796,False
GTCATGGACATGACTA-1,7469.0,5822.0,L3,0,0.1591020773523185,1,bisquare,8064,1.0,negbinomial,0.17601685035067796,False
GTCATTAGAGCGAACG-1,7810.0,7140.0,L5,2,0.12358979621011844,1,bisquare,8064,1.0,negbinomial,0.17601685035067796,False
GTCATTGCATTGACCC-1,4370.0,6413.0,L5,2,0.17776834786896706,1,bisquare,8064,1.0,negbinomial,0.17601685035067796,False
GTCCAATATTTAGCCT-1,6838.0,10491.0,WM,4,0.09523964887191481,1,bisquare,8064,1.0,negbinomial,0.17601685035067796,False
GTCCACGTCGCATTCG-1,11312.0,10382.0,L6,3,0.27817059648992365,1,bisquare,8064,1.0,negbinomial,0.17601685035067796,False
GTCCAGGCACGTGTGC-1,6217.0,11089.0,WM,4,0.14826846193575424,1,bisquare,8064,1.0,negbinomial,0.17601685035067796,False
GTCCATTACTGCTACG-1,10493.0,7745.0,L4,1,0.24827125854258958,1,bisquare,8064,1.0,negbinomial,0.17601685035067796,False
GTCCCAACGTAAAGTA-1,8224.0,6662.0,L4,1,0.14937259574443348,1,bisquare,8064,1.0,negbinomial,0.17601685035067796,False
GTCCCGCGACGTTATG-1,8836.0,9658.0,L6,3,0.12000162151346952,1,bisquare,8064,1.0,negbinomial,0.17601685035067796,False
GTCCGAGAGCAATCAT-1,3750.0,6532.0,L4,1,0.14136957301447065,1,bisquare,8064,1.0,negbinomial,0.17601685035067796,False
GTCCGGACCTGAAATT-1,9250.0,9180.0,L6,3,0.26234004200985905,1,bisquare,8064,1.0,negbinomial,0.17601685035067796,False
GTCCGGCTGAATTGCG-1,6780.0,6060.0,L5,2,0.22148909338606276,1,bisquare,8064,1.0,negbinomial,0.17601685035067796,False
GTCCGGGTTCACATTA-1,8076.0,10973.0,WM,4,0.06729496133496528,1,bisquare,8064,1.0,negbinomial,0.17601685035067796,False
GTCCTACAGGCGGCTC-1,4305.0,4856.0,L3,0,0.1337335336193518,1,bisquare,8064,1.0,negbinomial,0.17601685035067796,False
GTCCTACGAATAGTCT-1,9457.0,9060.0,L6,3,0.2210365989416483,1,bisquare,8064,1.0,negbinomial,0.17601685035067796,False
GTCCTATTGTTGTGGT-1,3682.0,6172.0,L4,1,0.06280978607236895,1,bisquare,8064,1.0,negbinomial,0.17601685035067796,False
GTCCTTCTACAACCCA-1,3615.0,5334.0,L3,0,0.07445138188219048,1,bisquare,8064,1.0,negbinomial,0.17601685035067796,False
GTCCTTCTAGTGGGTT-1,8850.0,3909.0,L3,0,0.17568743976956783,1,bisquare,8064,1.0,negbinomial,0.17601685035067796,False
GTCCTTTAATGACTTC-1,10365.0,3673.0,L3,0,0.30946823483214986,1,bisquare,8064,1.0,negbinomial,0.17601685035067796,False
GTCGATAGGTGACTTT-1,11522.0,9065.0,L5,2,0.08600374311003525,1,bisquare,8064,1.0,negbinomial,0.17601685035067796,False
GTCGCCGTTGTGTGTT-1,6152.0,9532.0,WM,4,0.12027492917647592,1,bisquare,8064,1.0,negbinomial,0.17601685035067796,False
GTCGCGTAACCCGTTG-1,8360.0,7381.0,L5,2,0.07216697718318972,1,bisquare,8064,1.0,negbinomial,0.17601685035067796,False
GTCGGAAGGATACCAG-1,11121.0,4274.0,L3,0,0.14536638696781062,1,bisquare,8064,1.0,negbinomial,0.17601685035067796,False
GTCGGATATCTCAGAC-1,5677.0,6536.0,L5,2,0.12639517642899595,1,bisquare,8064,1.0,negbinomial,0.17601685035067796,False
GTCGGATGTAGCGCGC-1,8504.0,4746.0,L3,0,0.13887531217661778,1,bisquare,8064,1.0,negbinomial,0.17601685035067796,False
GTCGGGAAGCAGAAAC-1,7666.0,9775.0,WM,4,0.16815277655452934,1,bisquare,8064,1.0,negbinomial,0.17601685035067796,False
GTCGTACCATCTCGGG-1,7463.0,8217.0,L6,3,0.16691008778403874,1,bisquare,8064,1.0,negbinomial,0.17601685035067796,False
GTCGTACCTACGATTG-1,3817.0,7131.0,L5,2,0.11372124825093696,1,bisquare,8064,1.0,negbinomial,0.17601685035067796,False
GTCGTATTGGCGTACA-1,9742.0,4989.0,L3,0,0.14494928192608447,1,bisquare,8064,1.0,negbinomial,0.17601685035067796,False
GTCGTCAATTATAAGG-1,6303.0,4023.0,L3,0,0.20610813249868215,1,bisquare,8064,1.0,negbinomial,0.17601685035067796,False
GTCGTCTGGTTGGCTA-1,11598.0,6311.0,L3,0,0.11611568692931638,1,bisquare,8064,1.0,negbinomial,0.17601685035067796,False
GTCGTGTCTGGTCATC-1,10772.0,6069.0,L3,0,0.025045356318163577,1,bisquare,8064,1.0,negbinomial,0.17601685035067796,False
GTCGTTATTCGCTTAT-1,8427.0,8220.0,L6,3,0.13767920876036588,1,bisquare,8064,1.0,negbinomial,0.17601685035067796,False
GTCTAAGATGCCCAGC-1,11743.0,3197.0,L3,0,0.11197328856788963,1,bisquare,8064,1.0,negbinomial,0.17601685035067796,False
GTCTACTCAATTACAA-1,4093.0,7131.0,L5,2,0.16100230074100674,1,bisquare,8064,1.0,negbinomial,0.17601685035067796,False
GTCTAGTGAGCCGCTT-1,9522.0,10618.0,L6,3,0.06975856416631586,1,bisquare,8064,1.0,negbinomial,0.17601685035067796,False
GTCTATCTGAGTTTCT-1,6088.0,7495.0,L6,3,0.18808019218636082,1,bisquare,8064,1.0,negbinomial,0.17601685035067796,False
GTCTATTGCATGCTCG-1,10417.0,10500.0,L6,3,0.12038782556143167,1,bisquare,8064,1.0,negbinomial,0.17601685035067796,False
GTCTATTGGTTCCGGT-1,9389.0,8701.0,L6,3,0.25356687704535463,1,bisquare,8064,1.0,negbinomial,0.17601685035067796,False
GTCTCAAGGCCCGGCT-1,7734.0,9895.0,WM,4,0.12352222291159715,1,bisquare,8064,1.0,negbinomial,0.17601685035067796,False
GTCTCCTGCCAGTATG-1,4086.0,9766.0,L6,3,0.21686548980265047,1,bisquare,8064,1.0,negbinomial,0.17601685035067796,False
GTCTCGACTAAGTTTG-1,10842.0,5710.0,L3,0,0.15330612927660756,1,bisquare,8064,1.0,negbinomial,0.17601685035067796,False
GTCTCGATCTGCTTTC-1,8709.0,5106.0,L3,0,0.09689266464495332,1,bisquare,8064,1.0,negbinomial,0.17601685035067796,False
GTCTGGGCGGTCGAGA-1,6224.0,8214.0,L6,3,0.30281855273207103,1,bisquare,8064,1.0,negbinomial,0.17601685035067796,False
GTCTTAGTACAGCCGG-1,8574.0,4148.0,L3,0,0.11273704346533121,1,bisquare,8064,1.0,negbinomial,0.17601685035067796,False
GTCTTGAGGAGCAGTG-1,11182.0,7268.0,L3,0,0.24624858977317868,1,bisquare,8064,1.0,negbinomial,0.17601685035067796,False
GTCTTGTAGCTATTCA-1,10905.0,7986.0,L4,1,0.11664795396874315,1,bisquare,8064,1.0,negbinomial,0.17601685035067796,False
GTGAAACGGCGCCACC-1,9259.0,5587.0,L3,0,0.20383073683806394,1,bisquare,8064,1.0,negbinomial,0.17601685035067796,False
GTGAAACGTGCTCCAC-1,5752.0,4021.0,L3,0,0.16509630267691364,1,bisquare,8064,1.0,negbinomial,0.17601685035067796,False
GTGAACTCCCATTCGA-1,10359.0,6308.0,L3,0,0.28059916482332203,1,bisquare,8064,1.0,negbinomial,0.17601685035067796,False
GTGAAGATTTCAAGTG-1,10292.0,5230.0,L3,0,0.13415159855130804,1,bisquare,8064,1.0,negbinomial,0.17601685035067796,False
GTGAAGCCGTATAGTC-1,10568.0,5230.0,L3,0,0.13119028312510578,1,bisquare,8064,1.0,negbinomial,0.17601685035067796,False
GTGAAGTCACGACTCG-1,3676.0,8567.0,L5,2,0.1133595820317324,1,bisquare,8064,1.0,negbinomial,0.17601685035067796,False
GTGACAGCTTCCCACT-1,8284.0,10375.0,WM,4,0.13350660222070845,1,bisquare,8064,1.0,negbinomial,0.17601685035067796,False
GTGACCGCACACTACG-1,9461.0,7384.0,L4,1,0.17268914747876304,1,bisquare,8064,1.0,negbinomial,0.17601685035067796,False
GTGACCTAAAGAATAA-1,11735.0,6311.0,L3,0,0.23491594073086386,1,bisquare,8064,1.0,negbinomial,0.17601685035067796,False
GTGACGAGGGTGACCC-1,11046.0,6549.0,L3,0,0.16036324109408853,1,bisquare,8064,1.0,negbinomial,0.17601685035067796,False
GTGACGCAGGTTTCAT-1,8352.0,10495.0,WM,4,0.14620441944739962,1,bisquare,8064,1.0,negbinomial,0.17601685035067796,False
GTGACTTCAGTAGTGC-1,6637.0,8215.0,L6,3,0.29516029026317203,1,bisquare,8064,1.0,negbinomial,0.17601685035067796,False
GTGAGATAACCTTATA-1,6011.0,10968.0,WM,4,0.13695018256107952,1,bisquare,8064,1.0,negbinomial,0.17601685035067796,False
GTGAGCGTGCTGCACT-1,4920.0,6654.0,L5,2,0.13730312456765575,1,bisquare,8064,1.0,negbinomial,0.17601685035067796,False
GTGAGGACACTTAAGG-1,8497.0,7621.0,L5,2,0.18549612955769254,1,bisquare,8064,1.0,negbinomial,0.17601685035067796,False
GTGAGGAGCGGTTGAG-1,9193.0,4269.0,L3,0,0.25107691464266474,1,bisquare,8064,1.0,negbinomial,0.17601685035067796,False
GTGAGTCTAAGACGGA-1,3959.0,5694.0,L4,1,0.22351117654227962,1,bisquare,8064,1.0,negbinomial,0.17601685035067796,False
GTGAGTGGTACAACGC-1,7048.0,8935.0,L6,3,0.06237422021618309,1,bisquare,8064,1.0,negbinomial,0.17601685035067796,False
GTGATCAAGCGTGCAC-1,5048.0,10487.0,L6,3,0.16774249578291467,1,bisquare,8064,1.0,negbinomial,0.17601685035067796,False
GTGATCACTAACGCCT-1,9872.0,8343.0,L5,2,0.239450133473224,1,bisquare,8064,1.0,negbinomial,0.17601685035067796,False
GTGATCATAGATCTGC-1,7119.0,8097.0,L6,3,0.14100831719275092,1,bisquare,8064,1.0,negbinomial,0.17601685035067796,False
GTGATCCTTGTCATGA-1,8973.0,10137.0,WM,4,0.2935749374285255,1,bisquare,8064,1.0,negbinomial,0.17601685035067796,False
GTGATGCACAACATCT-1,9813.0,4151.0,L3,0,0.10960905865456953,1,bisquare,8064,1.0,negbinomial,0.17601685035067796,False
GTGATTCGCCGCTCAA-1,5948.0,8453.0,L6,3,0.21090427625681105,1,bisquare,8064,1.0,negbinomial,0.17601685035067796,False
GTGCAACAAATGTGGC-1,7472.0,4385.0,L3,0,0.14521456520132006,1,bisquare,8064,1.0,negbinomial,0.17601685035067796,False
GTGCACCAGCTTCAAC-1,6907.0,10611.0,WM,4,0.12151398873527443,1,bisquare,8064,1.0,negbinomial,0.17601685035067796,False
GTGCACGAAAGTGACT-1,8091.0,4745.0,L3,0,0.1861958743947744,1,bisquare,8064,1.0,negbinomial,0.17601685035067796,False
GTGCAGCGTAGAGTAG-1,11729.0,8946.0,L5,2,0.20132870467473207,1,bisquare,8064,1.0,negbinomial,0.17601685035067796,False
GTGCCATCACACGGTG-1,5537.0,7734.0,L6,3,0.19074235498909808,1,bisquare,8064,1.0,negbinomial,0.17601685035067796,False
GTGCCCGTTCGGATTC-1,9048.0,7383.0,L5,2,0.35184489864132756,1,bisquare,8064,1.0,negbinomial,0.17601685035067796,False
GTGCCGCTTCAAAGGT-1,6225.0,7975.0,L6,3,0.28846077198925485,1,bisquare,8064,1.0,negbinomial,0.17601685035067796,False
GTGCCTAGCTATGCTT-1,3962.0,4256.0,L3,0,0.1258761781705721,1,bisquare,8064,1.0,negbinomial,0.17601685035067796,False
GTGCCTCAGTGTACGG-1,9607.0,4030.0,L3,0,0.11377710070023543,1,bisquare,8064,1.0,negbinomial,0.17601685035067796,False
GTGCCTGAGACCAAAC-1,9315.0,10976.0,WM,4,0.3558717610011812,1,bisquare,8064,1.0,negbinomial,0.17601685035067796,False
GTGCGAAATCGAACAC-1,6155.0,8094.0,L6,3,0.2917985588242949,1,bisquare,8064,1.0,negbinomial,0.17601685035067796,False
GTGCGACAGGGAGTGT-1,10082.0,7026.0,L3,0,0.1899127318433446,1,bisquare,8064,1.0,negbinomial,0.17601685035067796,False
GTGCGCAGCTTGCTCC-1,5479.0,3302.0,L3,0,0.09148194272378217,1,bisquare,8064,1.0,negbinomial,0.17601685035067796,False
GTGCGGGTCTCCAAAT-1,7057.0,5102.0,L3,0,0.21631436950322708,1,bisquare,8064,1.0,negbinomial,0.17601685035067796,False
GTGCGTGTATATGAGC-1,8910.0,7622.0,L5,2,0.12340076345430429,1,bisquare,8064,1.0,negbinomial,0.17601685035067796,False
GTGCTCAAGTACTGTC-1,6778.0,6778.0,L5,2,0.2306222451882367,1,bisquare,8064,1.0,negbinomial,0.17601685035067796,False
GTGCTGCAGATAAGGA-1,3680.0,7130.0,L5,2,0.1694453650380406,1,bisquare,8064,1.0,negbinomial,0.17601685035067796,False
GTGCTTACATCAGCGC-1,11180.0,8226.0,L4,1,0.15116220331231256,1,bisquare,8064,1.0,negbinomial,0.17601685035067796,False
GTGGAACCTACATGCG-1,8780.0,4508.0,L3,0,0.12944828226651028,1,bisquare,8064,1.0,negbinomial,0.17601685035067796,False
GTGGACCAACCCGATT-1,5192.0,8092.0,L6,3,0.33975279048454504,1,bisquare,8064,1.0,negbinomial,0.17601685035067796,False
GTGGACGCATTTGTCC-1,7598.0,9415.0,WM,4,0.14890836114963896,1,bisquare,8064,1.0,negbinomial,0.17601685035067796,False
GTGGACGTGCTGAGAC-1,5888.0,4740.0,L3,0,0.15894122641105599,1,bisquare,8064,1.0,negbinomial,0.17601685035067796,False
GTGGAGCATGTCGGCC-1,11802.0,7150.0,L3,0,0.20882057756355912,1,bisquare,8064,1.0,negbinomial,0.17601685035067796,False
GTGGAGCGTTTACCGA-1,4293.0,9647.0,L6,3,0.18230438787850758,1,bisquare,8064,1.0,negbinomial,0.17601685035067796,False
GTGGAGTCGGCGGTTG-1,5809.0,9171.0,L6,3,0.05906552299908439,1,bisquare,8064,1.0,negbinomial,0.17601685035067796,False
GTGGCAAACAGCGGCA-1,4571.0,8689.0,L6,3,0.15818202137821868,1,bisquare,8064,1.0,negbinomial,0.17601685035067796,False
GTGGCGGTCCCAGCGT-1,4574.0,7492.0,L5,2,0.20145617932756152,1,bisquare,8064,1.0,negbinomial,0.17601685035067796,False
GTGGCGTGCACCAGAG-1,10160.0,2834.0,L3,0,0.16226587446438148,1,bisquare,8064,1.0,negbinomial,0.17601685035067796,False
GTGGGAAGACTGAATC-1,4228.0,8090.0,L5,2,0.1450163347055783,1,bisquare,8064,1.0,negbinomial,0.17601685035067796,False
GTGGGCTTAGACACAC-1,5885.0,6177.0,L5,2,0.16186329068519772,1,bisquare,8064,1.0,negbinomial,0.17601685035067796,False
GTGGTATAGTCTGCCG-1,6014.0,9531.0,WM,4,0.22752547934804543,1,bisquare,8064,1.0,negbinomial,0.17601685035067796,False
GTGGTCAGCGAAGTAT-1,9539.0,3671.0,L3,0,0.18776015219837588,1,bisquare,8064,1.0,negbinomial,0.17601685035067796,False
GTGGTGGCCAAGTGAA-1,8633.0,8100.0,L5,2,0.2184072354197203,1,bisquare,8064,1.0,negbinomial,0.17601685035067796,False
GTGGTTACTTCTTTCG-1,10427.0,6428.0,L3,0,0.18678395642108497,1,bisquare,8064,1.0,negbinomial,0.17601685035067796,False
GTGGTTTCCGCCTTTC-1,5399.0,7733.0,L6,3,0.16502070477827566,1,bisquare,8064,1.0,negbinomial,0.17601685035067796,False
GTGTACCTTGGCTACG-1,8570.0,5824.0,L3,0,0.19176636557484011,1,bisquare,8064,1.0,negbinomial,0.17601685035067796,False
GTGTATATCAGCGGGC-1,8423.0,9657.0,WM,4,0.3228514529760696,1,bisquare,8064,1.0,negbinomial,0.17601685035067796,False
GTGTCAGTGTACGTGG-1,6080.0,10849.0,WM,4,0.08585284025990296,1,bisquare,8064,1.0,negbinomial,0.17601685035067796,False
GTGTCCGATAAGGCAT-1,9953.0,3193.0,L3,0,0.27375693620849345,1,bisquare,8064,1.0,negbinomial,0.17601685035067796,False
GTGTCGTATAGCGTTC-1,8424.0,9178.0,L6,3,0.08473664314724184,1,bisquare,8064,1.0,negbinomial,0.17601685035067796,False
GTGTCGTATTCACCTT-1,11259.0,3795.0,L3,0,0.16205651413213687,1,bisquare,8064,1.0,negbinomial,0.17601685035067796,False
GTGTGAATAACTTAGG-1,8912.0,6664.0,L3,0,0.2195691006608957,1,bisquare,8064,1.0,negbinomial,0.17601685035067796,False
GTGTTACTATGCGTCC-1,8359.0,7621.0,L5,2,0.25457349025254294,1,bisquare,8064,1.0,negbinomial,0.17601685035067796,False
GTTAAAGTAGGACTGG-1,8908.0,8580.0,L6,3,0.20418475111555093,1,bisquare,8064,1.0,negbinomial,0.17601685035067796,False
GTTAACATCACTTAAA-1,8218.0,9297.0,L6,3,0.0932235176528627,1,bisquare,8064,1.0,negbinomial,0.17601685035067796,False
GTTAACTATGTTGTCA-1,10837.0,7866.0,L4,1,0.1587553494209819,1,bisquare,8064,1.0,negbinomial,0.17601685035067796,False
GTTAAGGGTGCGATGT-1,8078.0,10015.0,WM,4,0.15678109827245618,1,bisquare,8064,1.0,negbinomial,0.17601685035067796,False
GTTAAGTTAGAGTGGG-1,11183.0,7028.0,L3,0,0.19423047947003388,1,bisquare,8064,1.0,negbinomial,0.17601685035067796,False
GTTAATGTCTATCTTA-1,4026.0,6293.0,L4,1,0.14233164385893524,1,bisquare,8064,1.0,negbinomial,0.17601685035067796,False
GTTACAATTGGTGACG-1,5469.0,7135.0,L5,2,0.1685388219194461,1,bisquare,8064,1.0,negbinomial,0.17601685035067796,False
GTTACCTACAACTTGC-1,7807.0,8338.0,L6,3,0.1538623164943446,1,bisquare,8064,1.0,negbinomial,0.17601685035067796,False
GTTACTTTGGGCCTAG-1,6707.0,7856.0,L6,3,0.18179963382478592,1,bisquare,8064,1.0,negbinomial,0.17601685035067796,False
GTTAGAGTGTGCCGCT-1,8369.0,3548.0,L3,0,0.2327483546475494,1,bisquare,8064,1.0,negbinomial,0.17601685035067796,False
GTTAGCCCATGACATC-1,8352.0,10735.0,WM,4,0.13546154832756807,1,bisquare,8064,1.0,negbinomial,0.17601685035067796,False
GTTAGCCGTAAATCAA-1,10772.0,6309.0,L3,0,0.21777958748045817,1,bisquare,8064,1.0,negbinomial,0.17601685035067796,False
GTTAGGCTACCCGTTT-1,4157.0,9167.0,L6,3,0.1379207950908724,1,bisquare,8064,1.0,negbinomial,0.17601685035067796,False
GTTATAATACGGTGAA-1,10558.0,9063.0,L5,2,0.304838945045209,1,bisquare,8064,1.0,negbinomial,0.17601685035067796,False
GTTATATCAGGAGCCA-1,11118.0,5471.0,L3,0,0.14090860279418338,1,bisquare,8064,1.0,negbinomial,0.17601685035067796,False
GTTATATTATCTCCCT-1,7049.0,8456.0,L6,3,0.07906424494690727,1,bisquare,8064,1.0,negbinomial,0.17601685035067796,False
GTTATCACCTTCTGAA-1,7199.0,3426.0,L3,0,0.11754829880910009,1,bisquare,8064,1.0,negbinomial,0.17601685035067796,False
GTTATTAAATACGACC-1,9059.0,3071.0,L3,0,0.2554148265669547,1,bisquare,8064,1.0,negbinomial,0.17601685035067796,False
GTTATTAACGTGGGAG-1,4441.0,5336.0,L4,1,0.1302057185112654,1,bisquare,8064,1.0,negbinomial,0.17601685035067796,False
GTTCAATCTATGTCAA-1,8989.0,3191.0,L3,0,0.22144144487885492,1,bisquare,8064,1.0,negbinomial,0.17601685035067796,False
GTTCACAGGAGTCTAG-1,5540.0,6536.0,L5,2,0.1461009335668728,1,bisquare,8064,1.0,negbinomial,0.17601685035067796,False
GTTCATCGTTTGGCTG-1,10427.0,6667.0,L3,0,0.3464818042201659,1,bisquare,8064,1.0,negbinomial,0.17601685035067796,False
GTTCCAGTCTGACCAT-1,6852.0,4742.0,L3,0,0.21540119977355646,1,bisquare,8064,1.0,negbinomial,0.17601685035067796,False
GTTCCCGTAAACATAT-1,11383.0,9784.0,L6,3,0.12702523278629302,1,bisquare,8064,1.0,negbinomial,0.17601685035067796,False
GTTCCGTCCGCCTGCA-1,6079.0,11088.0,WM,4,0.24341418512732743,1,bisquare,8064,1.0,negbinomial,0.17601685035067796,False
GTTCGCCATAAGTGCC-1,6846.0,7138.0,L5,2,0.1273108950105634,1,bisquare,8064,1.0,negbinomial,0.17601685035067796,False
GTTCGCTGAGACGTCT-1,10696.0,9063.0,L5,2,0.21568786477984875,1,bisquare,8064,1.0,negbinomial,0.17601685035067796,False
GTTCGGAGCACTCAAC-1,11037.0,10382.0,L6,3,0.17231633554285125,1,bisquare,8064,1.0,negbinomial,0.17601685035067796,False
GTTCGGATCGGGAACA-1,10768.0,7986.0,L4,1,0.3494273992572609,1,bisquare,8064,1.0,negbinomial,0.17601685035067796,False
GTTCGGGCGTACCATT-1,10633.0,6548.0,L3,0,0.17356611141031036,1,bisquare,8064,1.0,negbinomial,0.17601685035067796,False
GTTCGTCTAAAGAACT-1,9320.0,8821.0,L6,3,0.2670886623055927,1,bisquare,8064,1.0,negbinomial,0.17601685035067796,False
GTTCTTCCCTCGATGT-1,6715.0,4503.0,L3,0,0.16913964069220402,1,bisquare,8064,1.0,negbinomial,0.17601685035067796,False
GTTGAACCGGTTCCAT-1,5950.0,7735.0,L6,3,0.2897941197412499,1,bisquare,8064,1.0,negbinomial,0.17601685035067796,False
GTTGAGTCCCGCCGGT-1,8563.0,8938.0,L6,3,0.16624684502275958,1,bisquare,8064,1.0,negbinomial,0.17601685035067796,False
GTTGCACGGAGTTTCG-1,6506.0,5580.0,L4,1,0.14951250292135157,1,bisquare,8064,1.0,negbinomial,0.17601685035067796,False
GTTGCGCTAACATTAC-1,11388.0,7628.0,L3,0,0.17853220137324705,1,bisquare,8064,1.0,negbinomial,0.17601685035067796,False
GTTGCGGACGGTCAGG-1,11384.0,9065.0,L5,2,0.15189972646476524,1,bisquare,8064,1.0,negbinomial,0.17601685035067796,False
GTTGGACCGCATCAGG-1,11187.0,5112.0,L3,0,0.15258812181981263,1,bisquare,8064,1.0,negbinomial,0.17601685035067796,False
GTTGGATTCAGTGGCT-1,9812.0,4630.0,L3,0,0.3348669675578582,1,bisquare,8064,1.0,negbinomial,0.17601685035067796,False
GTTGGATTGAGAACAC-1,9257.0,6545.0,L3,0,0.3579802643002881,1,bisquare,8064,1.0,negbinomial,0.17601685035067796,False
GTTGGATTTGCGTTGG-1,6640.0,7018.0,L5,2,0.12900443195184536,1,bisquare,8064,1.0,negbinomial,0.17601685035067796,False
GTTGGTCATGCTATCC-1,7529.0,9295.0,WM,4,0.2149018517857181,1,bisquare,8064,1.0,negbinomial,0.17601685035067796,False
GTTGTCGTGTTAGTTG-1,6439.0,4502.0,L3,0,0.17446135547656355,1,bisquare,8064,1.0,negbinomial,0.17601685035067796,False
GTTGTTACATTGCGCT-1,11327.0,4154.0,L3,0,0.20718469695306424,1,bisquare,8064,1.0,negbinomial,0.17601685035067796,False
GTTGTTGCAAGATGGC-1,11519.0,10263.0,L6,3,0.17160474430646214,1,bisquare,8064,1.0,negbinomial,0.17601685035067796,False
GTTTACGTTCCATCTG-1,7600.0,8457.0,L6,3,0.14822323662232148,1,bisquare,8064,1.0,negbinomial,0.17601685035067796,False
GTTTATGGGATTTAGA-1,3753.0,5334.0,L3,0,0.10677430025786333,1,bisquare,8064,1.0,negbinomial,0.17601685035067796,False
GTTTCAAACGAGTTGT-1,10694.0,10022.0,L6,3,0.3079075415684606,1,bisquare,8064,1.0,negbinomial,0.17601685035067796,False
GTTTCATATCGTCGCT-1,5056.0,7373.0,L5,2,0.1392429030235021,1,bisquare,8064,1.0,negbinomial,0.17601685035067796,False
GTTTCCTGGAGGGTGA-1,6574.0,5700.0,L4,1,0.12311075644188284,1,bisquare,8064,1.0,negbinomial,0.17601685035067796,False
GTTTCTGCAGTCTCCC-1,8153.0,7500.0,L5,2,0.1218319109790683,1,bisquare,8064,1.0,negbinomial,0.17601685035067796,False
GTTTGACCAAATCCTA-1,7192.0,6300.0,L5,2,0.17194624561394128,1,bisquare,8064,1.0,negbinomial,0.17601685035067796,False
GTTTGGCCCAAGTTAT-1,8703.0,7741.0,L5,2,0.12011892307074337,1,bisquare,8064,1.0,negbinomial,0.17601685035067796,False
GTTTGGCCGCTCAGCG-1,5408.0,4140.0,L3,0,0.11246492769467127,1,bisquare,8064,1.0,negbinomial,0.17601685035067796,False
GTTTGGCGTCAGGCAC-1,11192.0,3196.0,L3,0,0.1001546910756657,1,bisquare,8064,1.0,negbinomial,0.17601685035067796,False
GTTTGGGCTTGTGAGC-1,7668.0,8817.0,L6,3,0.09074929775235957,1,bisquare,8064,1.0,negbinomial,0.17601685035067796,False
GTTTGGGTTTCGCCCG-1,9454.0,10258.0,L6,3,0.05688170090526674,1,bisquare,8064,1.0,negbinomial,0.17601685035067796,False
GTTTGGTAGGGTCAAC-1,7254.0,9055.0,L6,3,0.05114366913760141,1,bisquare,8064,1.0,negbinomial,0.17601685035067796,False
GTTTGGTGATCGGTGC-1,5805.0,10609.0,WM,4,0.11705188867648257,1,bisquare,8064,1.0,negbinomial,0.17601685035067796,False
TAAACCCAGGAGGGCA-1,5671.0,9171.0,L6,3,0.09604104249525701,1,bisquare,8064,1.0,negbinomial,0.17601685035067796,False
TAAACGTCGTCAATGA-1,4029.0,4855.0,L3,0,0.3038101892415919,1,bisquare,8064,1.0,negbinomial,0.17601685035067796,False
TAAAGACAACCCTTTA-1,11319.0,7508.0,L3,0,0.20603644616373143,1,bisquare,8064,1.0,negbinomial,0.17601685035067796,False
TAAAGAGCCCGAAACC-1,6372.0,3903.0,L3,0,0.3486462364477948,1,bisquare,8064,1.0,negbinomial,0.17601685035067796,False
TAAAGCGGTATTTCCA-1,6563.0,10251.0,WM,4,0.12584395871086546,1,bisquare,8064,1.0,negbinomial,0.17601685035067796,False
TAAAGCGTTAGGAGAA-1,9258.0,6066.0,L3,0,0.224725929905431,1,bisquare,8064,1.0,negbinomial,0.17601685035067796,False
TAAAGCTGCAATAGGG-1,9880.0,4750.0,L3,0,0.14530272278171258,1,bisquare,8064,1.0,negbinomial,0.17601685035067796,False
TAAATCTTTACACCTC-1,11462.0,5592.0,L3,0,0.08630851300767228,1,bisquare,8064,1.0,negbinomial,0.17601685035067796,False
TAAATGAATCCGTTTC-1,5198.0,5457.0,L5,2,0.1942050573564614,1,bisquare,8064,1.0,negbinomial,0.17601685035067796,False
TAAATGCCGTCTCATG-1,10295.0,4032.0,L3,0,0.1616182014640526,1,bisquare,8064,1.0,negbinomial,0.17601685035067796,False
TAACAAAGGGAGAAGC-1,5612.0,5219.0,L4,1,0.21066136569237656,1,bisquare,8064,1.0,negbinomial,0.17601685035067796,False
TAACAATATTTGTTGC-1,4302.0,6054.0,L5,2,0.16570153693175876,1,bisquare,8064,1.0,negbinomial,0.17601685035067796,False
TAACAGCGTTTGTGCT-1,5737.0,10249.0,WM,4,0.16565258491104906,1,bisquare,8064,1.0,negbinomial,0.17601685035067796,False
TAACATACAATGTGGG-1,8016.0,7260.0,L5,2,0.2562288811814474,1,bisquare,8064,1.0,negbinomial,0.17601685035067796,False
TAACATACACGCGATC-1,4914.0,9289.0,L6,3,0.2893350211164814,1,bisquare,8064,1.0,negbinomial,0.17601685035067796,False
TAACCGCCCGCAGTGC-1,6579.0,3784.0,L3,0,0.2228591634777932,1,bisquare,8064,1.0,negbinomial,0.17601685035067796,False
TAACCTACCGTCCGAG-1,10151.0,6667.0,L3,0,0.27000570899422494,1,bisquare,8064,1.0,negbinomial,0.17601685035067796,False
TAACCTAGGGAGTCCA-1,10488.0,9901.0,L6,3,0.3471641193989463,1,bisquare,8064,1.0,negbinomial,0.17601685035067796,False
TAACGCTTTGAGAGCG-1,5197.0,5936.0,L5,2,0.11961178240024298,1,bisquare,8064,1.0,negbinomial,0.17601685035067796,False
TAACTATCGAAGGTCC-1,5542.0,5578.0,L5,2,0.17324216733891326,1,bisquare,8064,1.0,negbinomial,0.17601685035067796,False
TAACTATTACGCCAAA-1,10565.0,6189.0,L3,0,0.1871530178079194,1,bisquare,8064,1.0,negbinomial,0.17601685035067796,False
TAACTCATCCGCGCGG-1,6569.0,7856.0,L6,3,0.1846188770183534,1,bisquare,8064,1.0,negbinomial,0.17601685035067796,False
TAACTCCATGGAGGCT-1,5062.0,4978.0,L4,1,0.11381911057878323,1,bisquare,8064,1.0,negbinomial,0.17601685035067796,False
TAAGAGGGACAGGGAC-1,4498.0,10246.0,L6,3,0.341791761836617,1,bisquare,8064,1.0,negbinomial,0.17601685035067796,False
TAAGCAGGCGACACGC-1,4506.0,6893.0,L5,2,0.20752720144868736,1,bisquare,8064,1.0,negbinomial,0.17601685035067796,False
TAAGCCCTTACGACCA-1,11051.0,4393.0,L3,0,0.13155837601713274,1,bisquare,8064,1.0,negbinomial,0.17601685035067796,False
TAAGCGCGAATCAAAT-1,4911.0,10487.0,L6,3,0.15356429336174407,1,bisquare,8064,1.0,negbinomial,0.17601685035067796,False
TAAGGAACTTGTGGGA-1,5957.0,4621.0,L3,0,0.19907015462702563,1,bisquare,8064,1.0,negbinomial,0.17601685035067796,False
TAAGGCAACATAAGAT-1,8089.0,5704.0,L3,0,0.1663381426523135,1,bisquare,8064,1.0,negbinomial,0.17601685035067796,False
TAAGGCATAACATCAA-1,6565.0,9533.0,WM,4,0.20929706930169648,1,bisquare,8064,1.0,negbinomial,0.17601685035067796,False
TAAGGCCCGTCACCCT-1,8009.0,10135.0,WM,4,0.14070119399020178,1,bisquare,8064,1.0,negbinomial,0.17601685035067796,False
TAAGGCTGAATCCCTC-1,9872.0,8103.0,L5,2,0.2214895896290269,1,bisquare,8064,1.0,negbinomial,0.17601685035067796,False
TAAGGGCCTGTCCGAT-1,9731.0,9540.0,L6,3,0.22638040461750183,1,bisquare,8064,1.0,negbinomial,0.17601685035067796,False
TAAGGGCTGGGAGAGG-1,4438.0,6773.0,L5,2,0.11065618328375504,1,bisquare,8064,1.0,negbinomial,0.17601685035067796,False
TAAGTAAATGTGCCGC-1,9884.0,3312.0,L3,0,0.1569402756519573,1,bisquare,8064,1.0,negbinomial,0.17601685035067796,False
TAAGTAACATCTTGAC-1,5949.0,8214.0,L6,3,0.2259942522717634,1,bisquare,8064,1.0,negbinomial,0.17601685035067796,False
TAAGTCGCCGAGTATC-1,5396.0,9170.0,L6,3,0.10808360008858785,1,bisquare,8064,1.0,negbinomial,0.17601685035067796,False
TAAGTTGCGACGTAGG-1,9732.0,9061.0,L6,3,0.29568445974630353,1,bisquare,8064,1.0,negbinomial,0.17601685035067796,False
TAATAAACAAGGAGAT-1,9467.0,4749.0,L3,0,0.3433676371893512,1,bisquare,8064,1.0,negbinomial,0.17601685035067796,False
TAATACACAGTAGTAT-1,7608.0,5104.0,L3,0,0.2719088440765956,1,bisquare,8064,1.0,negbinomial,0.17601685035067796,False
TAATACTAGAACAGAC-1,8489.0,10974.0,WM,4,0.17906225312307736,1,bisquare,8064,1.0,negbinomial,0.17601685035067796,False
TAATAGAACAGAGTTA-1,5810.0,8692.0,L6,3,0.15583948665028355,1,bisquare,8064,1.0,negbinomial,0.17601685035067796,False
TAATAGGTCACCAGAA-1,4637.0,10007.0,L6,3,0.14437830382210615,1,bisquare,8064,1.0,negbinomial,0.17601685035067796,False
TAATAGTGACGACCAG-1,8914.0,5945.0,L3,0,0.11458190296352917,1,bisquare,8064,1.0,negbinomial,0.17601685035067796,False
TAATATTGAAATTCGC-1,6439.0,4741.0,L3,0,0.16196559222747875,1,bisquare,8064,1.0,negbinomial,0.17601685035067796,False
TAATCAACCAAATGGG-1,11798.0,8826.0,L5,2,0.2973228186657275,1,bisquare,8064,1.0,negbinomial,0.17601685035067796,False
TAATCAGGAATGCTGC-1,10643.0,2715.0,L3,0,0.21626236790577666,1,bisquare,8064,1.0,negbinomial,0.17601685035067796,False
TAATCGATCCGTACGT-1,9603.0,5707.0,L3,0,0.22569353853250315,1,bisquare,8064,1.0,negbinomial,0.17601685035067796,False
TAATGAAAGACCCTTG-1,4372.0,5695.0,L4,1,0.12953668769882332,1,bisquare,8064,1.0,negbinomial,0.17601685035067796,False
TAATTACGTCAGTAGA-1,10212.0,10140.0,L6,3,0.2768053051523922,1,bisquare,8064,1.0,negbinomial,0.17601685035067796,False
TAATTAGATGGATATG-1,5408.0,3901.0,L3,0,0.10984549365393267,1,bisquare,8064,1.0,negbinomial,0.17601685035067796,False
TAATTAGGACATCCGT-1,10630.0,7746.0,L4,1,0.14880364749013175,1,bisquare,8064,1.0,negbinomial,0.17601685035067796,False
TAATTGGAATCGGGAA-1,10431.0,4751.0,L3,0,0.2035152825103252,1,bisquare,8064,1.0,negbinomial,0.17601685035067796,False
TACAAATTGCGGAGGT-1,8784.0,2831.0,L3,0,0.20408860184329905,1,bisquare,8064,1.0,negbinomial,0.17601685035067796,False
TACAACGCACAACTCA-1,6570.0,7616.0,L6,3,0.3234870518904496,1,bisquare,8064,1.0,negbinomial,0.17601685035067796,False
TACAAGCTGTTCACTG-1,6856.0,2826.0,L3,0,0.11320570433299683,1,bisquare,8064,1.0,negbinomial,0.17601685035067796,False
TACAAGTCTCGTGCAT-1,5058.0,6415.0,L5,2,0.1769830072431663,1,bisquare,8064,1.0,negbinomial,0.17601685035067796,False
TACACCGTCGTTAGTC-1,11255.0,5711.0,L3,0,0.10762364068766442,1,bisquare,8064,1.0,negbinomial,0.17601685035067796,False
TACAGAAACGGTGGGC-1,9042.0,9778.0,L6,3,0.15675810624622374,1,bisquare,8064,1.0,negbinomial,0.17601685035067796,False
TACATAGGCATACACC-1,7327.0,7498.0,L5,2,0.2116679591700767,1,bisquare,8064,1.0,negbinomial,0.17601685035067796,False
TACATCCCTATCCCTG-1,4160.0,7970.0,L5,2,0.18102401504705465,1,bisquare,8064,1.0,negbinomial,0.17601685035067796,False
TACATGCCGGAATTGT-1,11591.0,9185.0,L5,2,0.1788590171292367,1,bisquare,8064,1.0,negbinomial,0.17601685035067796,False
TACATTTCTAACGTGC-1,6983.0,7378.0,L5,2,0.16625449067557088,1,bisquare,8064,1.0,negbinomial,0.17601685035067796,False
TACCAAATAGCCCAGA-1,7390.0,9774.0,WM,4,0.14483367345420795,1,bisquare,8064,1.0,negbinomial,0.17601685035067796,False
TACCAATAAAGTACCA-1,8906.0,9299.0,L6,3,0.21606185184214052,1,bisquare,8064,1.0,negbinomial,0.17601685035067796,False
TACCAGAAGTAGGTTC-1,6705.0,8575.0,L6,3,0.10608173655885539,1,bisquare,8064,1.0,negbinomial,0.17601685035067796,False
TACCAGCTAGGTTTAA-1,7680.0,4026.0,L3,0,0.09729663856405717,1,bisquare,8064,1.0,negbinomial,0.17601685035067796,False
TACCAGGAATCCCGTC-1,5667.0,10848.0,WM,4,0.10798022205609385,1,bisquare,8064,1.0,negbinomial,0.17601685035067796,False
TACCGAATAATTGTAA-1,9591.0,10738.0,L6,3,0.08083955103959405,1,bisquare,8064,1.0,negbinomial,0.17601685035067796,False
TACCGCGGACTTGCAG-1,9876.0,6666.0,L3,0,0.2865515242185585,1,bisquare,8064,1.0,negbinomial,0.17601685035067796,False
TACCGGCTCACTGCCC-1,7669.0,8337.0,L6,3,0.14650035441186166,1,bisquare,8064,1.0,negbinomial,0.17601685035067796,False
TACCGGTCGTTTCCAT-1,5536.0,7973.0,L6,3,0.30029531973391344,1,bisquare,8064,1.0,negbinomial,0.17601685035067796,False
TACCGTAGGTTAACTA-1,7115.0,9773.0,WM,4,0.08735356700324438,1,bisquare,8064,1.0,negbinomial,0.17601685035067796,False
TACCGTGCCTCGGACC-1,7943.0,8817.0,L6,3,0.0964588369141524,1,bisquare,8064,1.0,negbinomial,0.17601685035067796,False
TACCTACTCCCAGTAT-1,7460.0,9654.0,WM,4,0.10240640871122408,1,bisquare,8064,1.0,negbinomial,0.17601685035067796,False
TACCTCACGCTTGTAC-1,7059.0,4623.0,L3,0,0.16703492581974694,1,bisquare,8064,1.0,negbinomial,0.17601685035067796,False
TACCTCAGTTGTCTGT-1,6633.0,9892.0,WM,4,0.10980306841595222,1,bisquare,8064,1.0,negbinomial,0.17601685035067796,False
TACCTCCACACCAATG-1,5186.0,10487.0,L6,3,0.09258128663767953,1,bisquare,8064,1.0,negbinomial,0.17601685035067796,False
TACCTGCTGCACTGTG-1,4715.0,6055.0,L5,2,0.09683168101891872,1,bisquare,8064,1.0,negbinomial,0.17601685035067796,False
TACCTTAAGATTTCCC-1,5191.0,8571.0,L6,3,0.21226867934553834,1,bisquare,8064,1.0,negbinomial,0.17601685035067796,False
TACGAACACGACTTCA-1,6848.0,6419.0,L5,2,0.1572600985361246,1,bisquare,8064,1.0,negbinomial,0.17601685035067796,False
TACGACGCTTGCTGCG-1,6912.0,8216.0,L6,3,0.10454007015088057,1,bisquare,8064,1.0,negbinomial,0.17601685035067796,False
TACGACTGCCTCTTAG-1,7739.0,7978.0,L6,3,0.20287485355985738,1,bisquare,8064,1.0,negbinomial,0.17601685035067796,False
TACGAGAACTTCACGT-1,5883.0,6896.0,L5,2,0.12820249879539225,1,bisquare,8064,1.0,negbinomial,0.17601685035067796,False
TACGATCCAAGCCACT-1,10710.0,3075.0,L3,0,0.17944389013500817,1,bisquare,8064,1.0,negbinomial,0.17601685035067796,False
TACGATGTTGATCATC-1,5608.0,6895.0,L5,2,0.19695835872184633,1,bisquare,8064,1.0,negbinomial,0.17601685035067796,False
TACGCAGTTCTTTCCT-1,6707.0,7617.0,L6,3,0.1739465562848784,1,bisquare,8064,1.0,negbinomial,0.17601685035067796,False
TACGCCATATTCTAAT-1,7189.0,7498.0,L5,2,0.16572070291423271,1,bisquare,8064,1.0,negbinomial,0.17601685035067796,False
TACGCCGAGGGTACCC-1,5533.0,9410.0,L6,3,0.0829782021253765,1,bisquare,8064,1.0,negbinomial,0.17601685035067796,False
TACGCCTCCATTCCGA-1,7254.0,9295.0,WM,4,0.3211772531823556,1,bisquare,8064,1.0,negbinomial,0.17601685035067796,False
TACGCTATAGAAACCT-1,10357.0,6787.0,L3,0,0.3022924661962882,1,bisquare,8064,1.0,negbinomial,0.17601685035067796,False
TACGCTCGGTATTGGA-1,10969.0,10022.0,L6,3,0.23758771023722522,1,bisquare,8064,1.0,negbinomial,0.17601685035067796,False
TACGCTGCTGTGTTAA-1,4841.0,10846.0,L6,3,0.12036515914536249,1,bisquare,8064,1.0,negbinomial,0.17601685035067796,False
TACGGAAGCCAAACCA-1,8214.0,10974.0,WM,4,0.10807579220166118,1,bisquare,8064,1.0,negbinomial,0.17601685035067796,False
TACGGCATGGACGCTA-1,11106.0,10262.0,L6,3,0.1936468127459435,1,bisquare,8064,1.0,negbinomial,0.17601685035067796,False
TACGGGATGCTAGCAG-1,8916.0,5226.0,L3,0,0.22768631462798614,1,bisquare,8064,1.0,negbinomial,0.17601685035067796,False
TACGTAAAGCGGAGTG-1,10280.0,10260.0,L6,3,0.2960485859669122,1,bisquare,8064,1.0,negbinomial,0.17601685035067796,False
TACGTACTAGTGCTGA-1,6082.0,10130.0,WM,4,0.12346534678581252,1,bisquare,8064,1.0,negbinomial,0.17601685035067796,False
TACGTGCACTATGCTG-1,5474.0,5218.0,L4,1,0.0926677873531029,1,bisquare,8064,1.0,negbinomial,0.17601685035067796,False
TACGTGGGCCCAGGGC-1,8764.0,10975.0,WM,4,0.19891775815732998,1,bisquare,8064,1.0,negbinomial,0.17601685035067796,False
TACGTTTACCGGCAAT-1,5400.0,7494.0,L6,3,0.1264011992142763,1,bisquare,8064,1.0,negbinomial,0.17601685035067796,False
TACTATGGTTCCTCAG-1,6427.0,9532.0,WM,4,0.1302124555050551,1,bisquare,8064,1.0,negbinomial,0.17601685035067796,False
TACTCCTCTAGTTGAC-1,5668.0,10369.0,WM,4,0.13221290518054848,1,bisquare,8064,1.0,negbinomial,0.17601685035067796,False
TACTCGGCACGCCGGG-1,4300.0,7012.0,L5,2,0.17058716549111028,1,bisquare,8064,1.0,negbinomial,0.17601685035067796,False
TACTCTCCGAACAAAT-1,8778.0,5226.0,L3,0,0.1617926928636319,1,bisquare,8064,1.0,negbinomial,0.17601685035067796,False
TACTCTTACTTTACTG-1,10832.0,9782.0,L6,3,0.271495349418734,1,bisquare,8064,1.0,negbinomial,0.17601685035067796,False
TACTCTTTCGTCTTCA-1,6358.0,9652.0,WM,4,0.12490706714849066,1,bisquare,8064,1.0,negbinomial,0.17601685035067796,False
TACTGAACAGATTTAG-1,6221.0,9412.0,WM,4,0.23014821443570152,1,bisquare,8064,1.0,negbinomial,0.17601685035067796,False
TACTGCAATCAATTAC-1,10223.0,5349.0,L3,0,0.21628045605939022,1,bisquare,8064,1.0,negbinomial,0.17601685035067796,False
TACTGGACAGCTCGGC-1,4919.0,6894.0,L5,2,0.20517915406655018,1,bisquare,8064,1.0,negbinomial,0.17601685035067796,False
TACTGTTTCTCTGGTA-1,11386.0,8346.0,L4,1,0.18413833228503634,1,bisquare,8064,1.0,negbinomial,0.17601685035067796,False
TACTTAAACATGTACA-1,10624.0,10620.0,L6,3,0.3529218832718199,1,bisquare,8064,1.0,negbinomial,0.17601685035067796,False
TACTTGTTAGTAGTCC-1,9186.0,7143.0,L4,1,0.21550281511310163,1,bisquare,8064,1.0,negbinomial,0.17601685035067796,False
TACTTTACTGAGCCGG-1,9808.0,6307.0,L3,0,0.2187711475240455,1,bisquare,8064,1.0,negbinomial,0.17601685035067796,False
TACTTTCCGCACGCCA-1,4503.0,8330.0,L6,3,0.11510490734696514,1,bisquare,8064,1.0,negbinomial,0.17601685035067796,False
TAGAAACCACTAAGTA-1,8645.0,3310.0,L3,0,0.10615180998673675,1,bisquare,8064,1.0,negbinomial,0.17601685035067796,False
TAGAAAGGTGGCGCTA-1,8775.0,6424.0,L3,0,0.3218567113683435,1,bisquare,8064,1.0,negbinomial,0.17601685035067796,False
TAGAAATTCACGTATA-1,3887.0,7011.0,L5,2,0.2084915694704272,1,bisquare,8064,1.0,negbinomial,0.17601685035067796,False
TAGAATAGCCGATGAA-1,10074.0,10140.0,L6,3,0.22795916575986971,1,bisquare,8064,1.0,negbinomial,0.17601685035067796,False
TAGAATTAAGGGCAAC-1,8437.0,3908.0,L3,0,0.13057786562251866,1,bisquare,8064,1.0,negbinomial,0.17601685035067796,False
TAGACGAAACGCCAAT-1,8215.0,10255.0,WM,4,0.16073088425358123,1,bisquare,8064,1.0,negbinomial,0.17601685035067796,False
TAGACGCCCGTACCGG-1,9394.0,6545.0,L3,0,0.35110755988364817,1,bisquare,8064,1.0,negbinomial,0.17601685035067796,False
TAGACTACCTAGCGTT-1,10356.0,7266.0,L3,0,0.35709937219078813,1,bisquare,8064,1.0,negbinomial,0.17601685035067796,False
TAGAGATCATGCAACT-1,4986.0,7972.0,L6,3,0.17468401054671753,1,bisquare,8064,1.0,negbinomial,0.17601685035067796,False
TAGAGCTACGAAGAAC-1,6853.0,4263.0,L3,0,0.1847006670120218,1,bisquare,8064,1.0,negbinomial,0.17601685035067796,False
TAGAGGTTCTACTTGT-1,9801.0,9181.0,L6,3,0.21510973404998984,1,bisquare,8064,1.0,negbinomial,0.17601685035067796,False
TAGAGTCTAAGCGAAC-1,6986.0,6180.0,L5,2,0.21912301476435295,1,bisquare,8064,1.0,negbinomial,0.17601685035067796,False
TAGATATGGACTGGAA-1,6843.0,8575.0,L6,3,0.05355417594747329,1,bisquare,8064,1.0,negbinomial,0.17601685035067796,False
TAGATCCGAAGTCGCA-1,8162.0,3907.0,L3,0,0.1263265420985453,1,bisquare,8064,1.0,negbinomial,0.17601685035067796,False
TAGATGGTTCCTTACT-1,9868.0,9780.0,L6,3,0.1385942744809474,1,bisquare,8064,1.0,negbinomial,0.17601685035067796,False
TAGATTCAAAGTGCGG-1,5873.0,10968.0,WM,4,0.13687201293133028,1,bisquare,8064,1.0,negbinomial,0.17601685035067796,False
TAGATTCCTGGTTATT-1,4576.0,6534.0,L5,2,0.2082932367862996,1,bisquare,8064,1.0,negbinomial,0.17601685035067796,False
TAGCAACCTGTCACAA-1,4992.0,5337.0,L4,1,0.17966175404078352,1,bisquare,8064,1.0,negbinomial,0.17601685035067796,False
TAGCAGTAAATACGCG-1,11467.0,3197.0,L3,0,0.10210117930735739,1,bisquare,8064,1.0,negbinomial,0.17601685035067796,False
TAGCAGTATGACTAAA-1,9935.0,10619.0,L6,3,0.11724839440305224,1,bisquare,8064,1.0,negbinomial,0.17601685035067796,False
TAGCCATTTCAAAGTC-1,9322.0,7862.0,L5,2,0.21730032001603541,1,bisquare,8064,1.0,negbinomial,0.17601685035067796,False
TAGCCGGCGGTCAGCG-1,9050.0,6664.0,L3,0,0.21994727537200295,1,bisquare,8064,1.0,negbinomial,0.17601685035067796,False
TAGCGTCCCTCGATTG-1,10698.0,8105.0,L4,1,0.15048379389294203,1,bisquare,8064,1.0,negbinomial,0.17601685035067796,False
TAGCGTCCGGTGTGGT-1,8493.0,9058.0,L6,3,0.21082880380787508,1,bisquare,8064,1.0,negbinomial,0.17601685035067796,False
TAGCGTTGGGTCTTAC-1,7878.0,7260.0,L5,2,0.10909295796993425,1,bisquare,8064,1.0,negbinomial,0.17601685035067796,False
TAGCTAAGTCCGGGAG-1,7124.0,6180.0,L4,1,0.2549445373749194,1,bisquare,8064,1.0,negbinomial,0.17601685035067796,False
TAGCTAGAAGGCATGA-1,6704.0,8814.0,L6,3,0.07748733085120858,1,bisquare,8064,1.0,negbinomial,0.17601685035067796,False
TAGCTAGTGATGATGG-1,6495.0,9892.0,WM,4,0.12382529447906976,1,bisquare,8064,1.0,negbinomial,0.17601685035067796,False
TAGCTCAGATCCTAGT-1,11191.0,3675.0,L3,0,0.14676332510105297,1,bisquare,8064,1.0,negbinomial,0.17601685035067796,False
TAGCTCGCCTGATAAC-1,7187.0,8696.0,L6,3,0.07949869883397656,1,bisquare,8064,1.0,negbinomial,0.17601685035067796,False
TAGCTGATGTGAAGCG-1,3885.0,7730.0,L5,2,0.17467270477606206,1,bisquare,8064,1.0,negbinomial,0.17601685035067796,False
TAGGAACAGCCTCCAG-1,9196.0,3311.0,L3,0,0.1321690143115904,1,bisquare,8064,1.0,negbinomial,0.17601685035067796,False
TAGGCATGTTACGCCA-1,9053.0,5466.0,L3,0,0.18778996171752974,1,bisquare,8064,1.0,negbinomial,0.17601685035067796,False
TAGGCCTATATAGTCT-1,10761.0,10621.0,L6,3,0.25944496125915334,1,bisquare,8064,1.0,negbinomial,0.17601685035067796,False
TAGGCGATGAGGTCTC-1,3950.0,9287.0,L6,3,0.1496078640472737,1,bisquare,8064,1.0,negbinomial,0.17601685035067796,False
TAGGCGGCTGCAAAGA-1,4085.0,10485.0,L6,3,0.17462309412818358,1,bisquare,8064,1.0,negbinomial,0.17601685035067796,False
TAGGCTAAAGTGGCAC-1,10004.0,10499.0,L6,3,0.090794024550762,1,bisquare,8064,1.0,negbinomial,0.17601685035067796,False
TAGGGAGCTTGGGATG-1,9806.0,7025.0,L3,0,0.15075267540895715,1,bisquare,8064,1.0,negbinomial,0.17601685035067796,False
TAGGGTGTTTCAAGAG-1,6919.0,5341.0,L3,0,0.1414580665417709,1,bisquare,8064,1.0,negbinomial,0.17601685035067796,False
TAGGTCCAAGTAAGGA-1,4783.0,6175.0,L5,2,0.16423861004606732,1,bisquare,8064,1.0,negbinomial,0.17601685035067796,False
TAGGTCGCCGGAACTG-1,10083.0,6547.0,L3,0,0.20054680805439593,1,bisquare,8064,1.0,negbinomial,0.17601685035067796,False
TAGGTGACGATAACCT-1,8629.0,10017.0,WM,4,0.21362916547851504,1,bisquare,8064,1.0,negbinomial,0.17601685035067796,False
TAGGTGAGCCCTACTC-1,5472.0,6176.0,L5,2,0.20459385493905435,1,bisquare,8064,1.0,negbinomial,0.17601685035067796,False
TAGGTGCTCGCCTAGC-1,9117.0,7503.0,L5,2,0.1421221086427245,1,bisquare,8064,1.0,negbinomial,0.17601685035067796,False
TAGGTGTTCCACAGAT-1,7321.0,9894.0,WM,4,0.1000745903832171,1,bisquare,8064,1.0,negbinomial,0.17601685035067796,False
TAGGTTCGAGTTCGTC-1,7810.0,6901.0,L5,2,0.12930595288285088,1,bisquare,8064,1.0,negbinomial,0.17601685035067796,False
TAGTACCACAACTTTC-1,4085.0,10245.0,L6,3,0.1220074366381284,1,bisquare,8064,1.0,negbinomial,0.17601685035067796,False
TAGTACCTTAGTGGTC-1,4648.0,5216.0,L4,1,0.134175375949854,1,bisquare,8064,1.0,negbinomial,0.17601685035067796,False
TAGTAGCTTATACCAG-1,6151.0,10011.0,WM,4,0.089678391792398,1,bisquare,8064,1.0,negbinomial,0.17601685035067796,False
TAGTCCCGGAGACCAC-1,6494.0,10610.0,WM,4,0.11460954260860436,1,bisquare,8064,1.0,negbinomial,0.17601685035067796,False
TAGTCCGCAGAGAATG-1,6846.0,7377.0,L5,2,0.16610476697948376,1,bisquare,8064,1.0,negbinomial,0.17601685035067796,False
TAGTCCGTATGCATAA-1,4099.0,4496.0,L3,0,0.12286626373307273,1,bisquare,8064,1.0,negbinomial,0.17601685035067796,False
TAGTCGATCACGGGTT-1,9803.0,8462.0,L5,2,0.1969884307245491,1,bisquare,8064,1.0,negbinomial,0.17601685035067796,False
TAGTCTAACAACGAGA-1,5537.0,7494.0,L6,3,0.2073503048318447,1,bisquare,8064,1.0,negbinomial,0.17601685035067796,False
TAGTCTGTGACGTTGC-1,10292.0,5469.0,L3,0,0.11410623544949614,1,bisquare,8064,1.0,negbinomial,0.17601685035067796,False
TAGTCTTTCCGAATTG-1,11179.0,8705.0,L5,2,0.13020039876868336,1,bisquare,8064,1.0,negbinomial,0.17601685035067796,False
TAGTGCCCTCCAGAGT-1,6779.0,6539.0,L5,2,0.297149346026423,1,bisquare,8064,1.0,negbinomial,0.17601685035067796,False
TAGTGGAACTCATACA-1,8921.0,3071.0,L3,0,0.1437871266830239,1,bisquare,8064,1.0,negbinomial,0.17601685035067796,False
TAGTGTCAGAAACGGC-1,4510.0,5216.0,L4,1,0.1937888420517618,1,bisquare,8064,1.0,negbinomial,0.17601685035067796,False
TAGTTAAGATAGGATA-1,8849.0,4148.0,L3,0,0.14176653390863378,1,bisquare,8064,1.0,negbinomial,0.17601685035067796,False
TAGTTTATTCTTGCTT-1,7128.0,4264.0,L3,0,0.2766216518053919,1,bisquare,8064,1.0,negbinomial,0.17601685035067796,False
TATAAATCCACAAGCT-1,6231.0,5100.0,L4,1,0.16032687850771712,1,bisquare,8064,1.0,negbinomial,0.17601685035067796,False
TATAAGTGAGGATAGC-1,5887.0,5219.0,L4,1,0.13679899049782332,1,bisquare,8064,1.0,negbinomial,0.17601685035067796,False
TATACACAGACGCCTT-1,7324.0,8696.0,L6,3,0.06749426814551468,1,bisquare,8064,1.0,negbinomial,0.17601685035067796,False
TATACACGCAAAGTAT-1,5681.0,4859.0,L3,0,0.17410122693783184,1,bisquare,8064,1.0,negbinomial,0.17601685035067796,False
TATACCGAGTGCCACA-1,11454.0,8706.0,L5,2,0.2036887268827526,1,bisquare,8064,1.0,negbinomial,0.17601685035067796,False
TATACGCGTCATCACT-1,7872.0,9895.0,WM,4,0.11755205250903876,1,bisquare,8064,1.0,negbinomial,0.17601685035067796,False
TATACTCATGCGGCAA-1,4442.0,5096.0,L3,0,0.15379797640924764,1,bisquare,8064,1.0,negbinomial,0.17601685035067796,False
TATAGAGTCGCTTGAA-1,6357.0,10370.0,WM,4,0.06926399060944846,1,bisquare,8064,1.0,negbinomial,0.17601685035067796,False
TATAGATGGTCGCAGT-1,10218.0,7505.0,L4,1,0.13971414315593386,1,bisquare,8064,1.0,negbinomial,0.17601685035067796,False
TATAGCGCACGTTATC-1,3677.0,8328.0,L5,2,0.11317859840682902,1,bisquare,8064,1.0,negbinomial,0.17601685035067796,False
TATAGGGTACTCATGA-1,4575.0,7013.0,L5,2,0.1682453367263852,1,bisquare,8064,1.0,negbinomial,0.17601685035067796,False
TATATAGGGCTTTACG-1,5462.0,10249.0,WM,4,0.29996102775063826,1,bisquare,8064,1.0,negbinomial,0.17601685035067796,False
TATATATCGAGAAATG-1,5119.0,9888.0,L6,3,0.1468570436536513,1,bisquare,8064,1.0,negbinomial,0.17601685035067796,False
TATATCATTGATCAGT-1,3613.0,6292.0,L4,1,0.06681918064452486,1,bisquare,8064,1.0,negbinomial,0.17601685035067796,False
TATATCCCTGGGAGGA-1,9944.0,7025.0,L3,0,0.30848966041595965,1,bisquare,8064,1.0,negbinomial,0.17601685035067796,False
TATATGCTGGGTTGCC-1,3684.0,5453.0,L3,0,0.07700701220478591,1,bisquare,8064,1.0,negbinomial,0.17601685035067796,False
TATATTACAAATGTCG-1,10569.0,4751.0,L3,0,0.15460107899527123,1,bisquare,8064,1.0,negbinomial,0.17601685035067796,False
TATATTCGCGTCGATA-1,7474.0,3666.0,L3,0,0.13285852708423856,1,bisquare,8064,1.0,negbinomial,0.17601685035067796,False
TATCACAGCACGGGCA-1,7613.0,3187.0,L3,0,0.09386779730189093,1,bisquare,8064,1.0,negbinomial,0.17601685035067796,False
TATCACCATGTAAAGT-1,9745.0,3791.0,L3,0,0.20675014843472356,1,bisquare,8064,1.0,negbinomial,0.17601685035067796,False
TATCACCCAACCGACC-1,10085.0,5589.0,L3,0,0.22172385564409156,1,bisquare,8064,1.0,negbinomial,0.17601685035067796,False
TATCACTTCGAGTAAC-1,10018.0,4750.0,L3,0,0.12017977392053623,1,bisquare,8064,1.0,negbinomial,0.17601685035067796,False
TATCAGTGGCGTAGTC-1,3744.0,9166.0,L6,3,0.14604256251110434,1,bisquare,8064,1.0,negbinomial,0.17601685035067796,False
TATCCAATTGGTTATC-1,8631.0,9298.0,L6,3,0.10449918546682377,1,bisquare,8064,1.0,negbinomial,0.17601685035067796,False
TATCCATATCATGCGA-1,6783.0,4862.0,L3,0,0.2760876186848466,1,bisquare,8064,1.0,negbinomial,0.17601685035067796,False
TATCCATCTCGGTTAG-1,4361.0,10006.0,L6,3,0.11988068939371543,1,bisquare,8064,1.0,negbinomial,0.17601685035067796,False
TATCCGCACCGTCGGG-1,6840.0,9773.0,WM,4,0.1499200145390179,1,bisquare,8064,1.0,negbinomial,0.17601685035067796,False
TATCCTATCAACTGGT-1,7250.0,10971.0,WM,4,0.17427774304212526,1,bisquare,8064,1.0,negbinomial,0.17601685035067796,False
TATCCTGCATGGGAAT-1,6922.0,4383.0,L3,0,0.2873722877749783,1,bisquare,8064,1.0,negbinomial,0.17601685035067796,False
TATCGATCTATGCATA-1,9260.0,5347.0,L3,0,0.14808677167408488,1,bisquare,8064,1.0,negbinomial,0.17601685035067796,False
TATCGATGATTAAACG-1,6575.0,5460.0,L4,1,0.13140447283073395,1,bisquare,8064,1.0,negbinomial,0.17601685035067796,False
TATCTACAGAGGTAAT-1,4852.0,6295.0,L5,2,0.18881842840500002,1,bisquare,8064,1.0,negbinomial,0.17601685035067796,False
TATCTACCACAGCGGG-1,7326.0,7738.0,L6,3,0.16616204631660686,1,bisquare,8064,1.0,negbinomial,0.17601685035067796,False
TATCTAGCCTAAAGGA-1,4025.0,6772.0,L5,2,0.16392610201711627,1,bisquare,8064,1.0,negbinomial,0.17601685035067796,False
TATCTGAGCCGATATT-1,3741.0,10364.0,L6,3,0.2486787048079148,1,bisquare,8064,1.0,negbinomial,0.17601685035067796,False
TATCTTGCAATACAAC-1,4294.0,9407.0,L6,3,0.2577641025842178,1,bisquare,8064,1.0,negbinomial,0.17601685035067796,False
TATGAAGAATTAAGGT-1,10004.0,10738.0,L6,3,0.11464294005445722,1,bisquare,8064,1.0,negbinomial,0.17601685035067796,False
TATGAAGACAGGTGCG-1,4646.0,6174.0,L5,2,0.09939553184900446,1,bisquare,8064,1.0,negbinomial,0.17601685035067796,False
TATGATAAATCTAACG-1,8851.0,3430.0,L3,0,0.17256410100800454,1,bisquare,8064,1.0,negbinomial,0.17601685035067796,False
TATGATCCGGCACGCC-1,10910.0,5830.0,L3,0,0.1189870079571999,1,bisquare,8064,1.0,negbinomial,0.17601685035067796,False
TATGATCTTCTCTTTA-1,9387.0,9659.0,L6,3,0.11045239088333711,1,bisquare,8064,1.0,negbinomial,0.17601685035067796,False
TATGCTCCCTACTTAC-1,7400.0,5702.0,L3,0,0.2525878346642471,1,bisquare,8064,1.0,negbinomial,0.17601685035067796,False
TATGGAGTTTCTCGTT-1,5410.0,3422.0,L3,0,0.08981128746203557,1,bisquare,8064,1.0,negbinomial,0.17601685035067796,False
TATGGATGTGCTACGC-1,6918.0,5821.0,L4,1,0.16027423507255104,1,bisquare,8064,1.0,negbinomial,0.17601685035067796,False
TATGGCCCGGCCTCGC-1,5265.0,6296.0,L5,2,0.12938894126024422,1,bisquare,8064,1.0,negbinomial,0.17601685035067796,False
TATGGGACCGAGCAGG-1,7053.0,7019.0,L5,2,0.213130876845686,1,bisquare,8064,1.0,negbinomial,0.17601685035067796,False
TATGGGTACGTATCGT-1,7192.0,6540.0,L5,2,0.20607319702757237,1,bisquare,8064,1.0,negbinomial,0.17601685035067796,False
TATGGTCTGAGTAACA-1,7191.0,7019.0,L5,2,0.18497391265480373,1,bisquare,8064,1.0,negbinomial,0.17601685035067796,False
TATGGTTAGTGGGAGA-1,10424.0,7625.0,L4,1,0.14124775032714562,1,bisquare,8064,1.0,negbinomial,0.17601685035067796,False
TATGTAAAGTGCTTAA-1,6218.0,10610.0,WM,4,0.11428025683846274,1,bisquare,8064,1.0,negbinomial,0.17601685035067796,False
TATGTCAAGACCGACT-1,9535.0,5108.0,L3,0,0.293614603113043,1,bisquare,8064,1.0,negbinomial,0.17601685035067796,False
TATGTCTCATTGTGCC-1,8844.0,6304.0,L3,0,0.29248512664490656,1,bisquare,8064,1.0,negbinomial,0.17601685035067796,False
TATTAACACCAAAGCA-1,3881.0,9167.0,L6,3,0.23535945802199243,1,bisquare,8064,1.0,negbinomial,0.17601685035067796,False
TATTAACCTGACCGCG-1,6290.0,9532.0,WM,4,0.15019396023936374,1,bisquare,8064,1.0,negbinomial,0.17601685035067796,False
TATTACCATCCTGCTT-1,9806.0,7265.0,L4,1,0.18194014536908193,1,bisquare,8064,1.0,negbinomial,0.17601685035067796,False
TATTATGTTTGCCTGC-1,4362.0,9527.0,L6,3,0.12620173573188717,1,bisquare,8064,1.0,negbinomial,0.17601685035067796,False
TATTCAATTCTAATCC-1,8292.0,6782.0,L4,1,0.1303489746538451,1,bisquare,8064,1.0,negbinomial,0.17601685035067796,False
TATTCCACTCAGCTCG-1,7118.0,8576.0,L6,3,0.1409370280604926,1,bisquare,8064,1.0,negbinomial,0.17601685035067796,False
TATTCCGAGCTGTTAT-1,9113.0,9179.0,L6,3,0.16739658485890985,1,bisquare,8064,1.0,negbinomial,0.17601685035067796,False
TATTCCGGCAGTCCTA-1,7131.0,3306.0,L3,0,0.10703216322726564,1,bisquare,8064,1.0,negbinomial,0.17601685035067796,False
TATTCCTCCGCCCACT-1,5397.0,8452.0,L6,3,0.3123311192429697,1,bisquare,8064,1.0,negbinomial,0.17601685035067796,False
TATTCGTGCCAGAATA-1,7604.0,6780.0,L5,2,0.2808176558963212,1,bisquare,8064,1.0,negbinomial,0.17601685035067796,False
TATTGACATTTCTGCC-1,11252.0,6909.0,L3,0,0.11933169295597831,1,bisquare,8064,1.0,negbinomial,0.17601685035067796,False
TATTTAGTCTAGATCG-1,7196.0,4863.0,L3,0,0.12262307637883435,1,bisquare,8064,1.0,negbinomial,0.17601685035067796,False
TATTTATACCGAGTAG-1,8573.0,4627.0,L3,0,0.12164450305457254,1,bisquare,8064,1.0,negbinomial,0.17601685035067796,False
TATTTGATTTGCACAG-1,11315.0,9185.0,L5,2,0.19171505746042627,1,bisquare,8064,1.0,negbinomial,0.17601685035067796,False
TATTTGTTACCCTTTA-1,6368.0,5580.0,L4,1,0.17041806616276187,1,bisquare,8064,1.0,negbinomial,0.17601685035067796,False
TCAAACAACCGCGTCG-1,7332.0,5582.0,L3,0,0.17474222734728911,1,bisquare,8064,1.0,negbinomial,0.17601685035067796,False
TCAAACAATTAGGACA-1,11193.0,2956.0,L3,0,0.2010110091747906,1,bisquare,8064,1.0,negbinomial,0.17601685035067796,False
TCAAACTTAGATTGTT-1,7674.0,6421.0,L4,1,0.22057691528753648,1,bisquare,8064,1.0,negbinomial,0.17601685035067796,False
TCAAATTGTTGTGCCG-1,8558.0,10855.0,WM,4,0.1314267621527427,1,bisquare,8064,1.0,negbinomial,0.17601685035067796,False
TCAAATTTGAGACTCA-1,8010.0,9895.0,WM,4,0.1410859608060327,1,bisquare,8064,1.0,negbinomial,0.17601685035067796,False
TCAACAAAGATAATTC-1,5190.0,9050.0,L6,3,0.10319662095715103,1,bisquare,8064,1.0,negbinomial,0.17601685035067796,False
TCAACACATTGGGTAA-1,5615.0,4021.0,L3,0,0.14684894703552376,1,bisquare,8064,1.0,negbinomial,0.17601685035067796,False
TCAACATAGCGCCCTA-1,6221.0,9651.0,WM,4,0.17061571167692544,1,bisquare,8064,1.0,negbinomial,0.17601685035067796,False
TCAACATCGACCGAGA-1,4297.0,7970.0,L5,2,0.2972096385109813,1,bisquare,8064,1.0,negbinomial,0.17601685035067796,False
TCAACCATGTTCGGGC-1,6712.0,5700.0,L4,1,0.26667675341298225,1,bisquare,8064,1.0,negbinomial,0.17601685035067796,False
TCAACGAGGAGACAAA-1,7051.0,7737.0,L6,3,0.2602209882017192,1,bisquare,8064,1.0,negbinomial,0.17601685035067796,False
TCAACGCAGGAAATAA-1,5328.0,8571.0,L6,3,0.18476803957690355,1,bisquare,8064,1.0,negbinomial,0.17601685035067796,False
TCAACGCGACCGGCAG-1,4781.0,7372.0,L5,2,0.126017362746378,1,bisquare,8064,1.0,negbinomial,0.17601685035067796,False
TCAACTAACGTATAAC-1,4508.0,6414.0,L5,2,0.2532519633752616,1,bisquare,8064,1.0,negbinomial,0.17601685035067796,False
TCAACTGCAGAGTCAG-1,10626.0,9423.0,L6,3,0.3503787668459265,1,bisquare,8064,1.0,negbinomial,0.17601685035067796,False
TCAAGAAATACTAGCT-1,10633.0,6788.0,L3,0,0.3550503622106108,1,bisquare,8064,1.0,negbinomial,0.17601685035067796,False
TCAAGCGCGGACGGTA-1,11039.0,9663.0,L6,3,0.21240668532594695,1,bisquare,8064,1.0,negbinomial,0.17601685035067796,False
TCAAGGTTACTACACC-1,10285.0,8344.0,L5,2,0.2634530636619003,1,bisquare,8064,1.0,negbinomial,0.17601685035067796,False
TCAATACGCCGTCATG-1,7389.0,10253.0,WM,4,0.08309573697941959,1,bisquare,8064,1.0,negbinomial,0.17601685035067796,False
TCACAAACCGAGGTAC-1,9730.0,10019.0,L6,3,0.17116189730691977,1,bisquare,8064,1.0,negbinomial,0.17601685035067796,False
TCACAGATCCTCAAAC-1,4238.0,4018.0,L3,0,0.12408263204326765,1,bisquare,8064,1.0,negbinomial,0.17601685035067796,False
TCACAGCAAACTCGAA-1,6567.0,8814.0,L6,3,0.11762691196570454,1,bisquare,8064,1.0,negbinomial,0.17601685035067796,False
TCACAGGAGAATAAGA-1,6566.0,9293.0,WM,4,0.24743151460384177,1,bisquare,8064,1.0,negbinomial,0.17601685035067796,False
TCACAGGGAATCGCAA-1,8633.0,8340.0,L6,3,0.29366077816866637,1,bisquare,8064,1.0,negbinomial,0.17601685035067796,False
TCACAGGTTATTGGGC-1,6503.0,6538.0,L5,2,0.12426243957527501,1,bisquare,8064,1.0,negbinomial,0.17601685035067796,False
TCACATCTTATCTGAT-1,4577.0,6054.0,L5,2,0.10787014870050952,1,bisquare,8064,1.0,negbinomial,0.17601685035067796,False
TCACCCTCTTAAGATT-1,7257.0,8097.0,L6,3,0.12197211243237638,1,bisquare,8064,1.0,negbinomial,0.17601685035067796,False
TCACCGCTCGGCACTC-1,9533.0,6306.0,L3,0,0.35234230808059724,1,bisquare,8064,1.0,negbinomial,0.17601685035067796,False
TCACGATGTCCGTGGA-1,5121.0,8930.0,L6,3,0.1735396794966589,1,bisquare,8064,1.0,negbinomial,0.17601685035067796,False
TCACGCATTGTAGATC-1,6572.0,6658.0,L5,2,0.12833820585013073,1,bisquare,8064,1.0,negbinomial,0.17601685035067796,False
TCACGGCCCAAGAGAG-1,4428.0,10845.0,L6,3,0.05958626831999225,1,bisquare,8064,1.0,negbinomial,0.17601685035067796,False
TCACGGTCATCGCACA-1,6299.0,5460.0,L4,1,0.1824385908768195,1,bisquare,8064,1.0,negbinomial,0.17601685035067796,False
TCACGTGCCCGATTCA-1,7465.0,7259.0,L5,2,0.11161392712577,1,bisquare,8064,1.0,negbinomial,0.17601685035067796,False
TCACTACGACCAATGC-1,9744.0,4270.0,L3,0,0.14292508596968423,1,bisquare,8064,1.0,negbinomial,0.17601685035067796,False
TCACTCGTGCAACGGC-1,9606.0,4510.0,L3,0,0.13285919161546608,1,bisquare,8064,1.0,negbinomial,0.17601685035067796,False
TCAGAACCTCCACAGG-1,10496.0,6308.0,L3,0,0.13598080396960557,1,bisquare,8064,1.0,negbinomial,0.17601685035067796,False
TCAGACGCTATAGAAG-1,8151.0,8458.0,L6,3,0.22277493455876032,1,bisquare,8064,1.0,negbinomial,0.17601685035067796,False
TCAGATGGAGACGTAG-1,11947.0,4276.0,L3,0,0.12511824121618823,1,bisquare,8064,1.0,negbinomial,0.17601685035067796,False
TCAGCAAATGCATCTC-1,8224.0,6423.0,L4,1,0.2270780106336763,1,bisquare,8064,1.0,negbinomial,0.17601685035067796,False
TCAGCAGTAGGCCCTG-1,6013.0,10010.0,WM,4,0.12565907963479844,1,bisquare,8064,1.0,negbinomial,0.17601685035067796,False
TCAGCCAATCCGTAAA-1,10418.0,10260.0,L6,3,0.19507132215057651,1,bisquare,8064,1.0,negbinomial,0.17601685035067796,False
TCAGGGCGCAAACTCG-1,4304.0,5335.0,L4,1,0.19901861117904257,1,bisquare,8064,1.0,negbinomial,0.17601685035067796,False
TCAGGGTGCACGAAAC-1,9333.0,3551.0,L3,0,0.29937715685366784,1,bisquare,8064,1.0,negbinomial,0.17601685035067796,False
TCAGGGTGTAACGTAA-1,8156.0,6063.0,L3,0,0.14836818786145337,1,bisquare,8064,1.0,negbinomial,0.17601685035067796,False
TCAGGTTCTTTGAGAA-1,6091.0,6298.0,L5,2,0.16866803423831214,1,bisquare,8064,1.0,negbinomial,0.17601685035067796,False
TCAGTACTGACCCGCG-1,5541.0,5817.0,L5,2,0.12164950268946507,1,bisquare,8064,1.0,negbinomial,0.17601685035067796,False
TCAGTAGGGACTATAA-1,6499.0,8215.0,L6,3,0.20310454765216607,1,bisquare,8064,1.0,negbinomial,0.17601685035067796,False
TCAGTGTATACGTCAT-1,5670.0,9650.0,WM,4,0.17875982565450177,1,bisquare,8064,1.0,negbinomial,0.17601685035067796,False
TCAGTTACGGAATGAT-1,8370.0,3069.0,L3,0,0.2756282862269732,1,bisquare,8064,1.0,negbinomial,0.17601685035067796,False
TCATACTTACAGATCC-1,4854.0,5337.0,L4,1,0.12434999607582954,1,bisquare,8064,1.0,negbinomial,0.17601685035067796,False
TCATATGAGCTTTGTT-1,7458.0,10373.0,WM,4,0.14480331286824674,1,bisquare,8064,1.0,negbinomial,0.17601685035067796,False
TCATCACTCGAGCTCG-1,5200.0,4738.0,L3,0,0.31171455348413085,1,bisquare,8064,1.0,negbinomial,0.17601685035067796,False
TCATCCCAGAGGGTGG-1,8023.0,4146.0,L3,0,0.13056036373080054,1,bisquare,8064,1.0,negbinomial,0.17601685035067796,False
TCATCCTCAGCTGCTT-1,9384.0,10857.0,WM,4,0.2826981346353106,1,bisquare,8064,1.0,negbinomial,0.17601685035067796,False
TCATCGATGGTCCCAA-1,5188.0,9529.0,L6,3,0.09801430496055911,1,bisquare,8064,1.0,negbinomial,0.17601685035067796,False
TCATGCAGGTTCTCAT-1,8985.0,4867.0,L3,0,0.24491911074993925,1,bisquare,8064,1.0,negbinomial,0.17601685035067796,False
TCATTCGTATAATTTG-1,10778.0,3434.0,L3,0,0.12087218525421019,1,bisquare,8064,1.0,negbinomial,0.17601685035067796,False
TCATTTAAGTCTCCGA-1,10013.0,6906.0,L3,0,0.17229882193593835,1,bisquare,8064,1.0,negbinomial,0.17601685035067796,False
TCATTTAGAAGTGTGA-1,10765.0,9183.0,L5,2,0.21910425634307773,1,bisquare,8064,1.0,negbinomial,0.17601685035067796,False
TCCAACTCAGCTATCT-1,9453.0,10737.0,L6,3,0.05697063360645477,1,bisquare,8064,1.0,negbinomial,0.17601685035067796,False
TCCAACTTTAAATTCT-1,5950.0,7495.0,L6,3,0.20669363608732838,1,bisquare,8064,1.0,negbinomial,0.17601685035067796,False
TCCAAGCCTAGACACA-1,8627.0,10735.0,WM,4,0.1726968120636132,1,bisquare,8064,1.0,negbinomial,0.17601685035067796,False
TCCAATAAAGGCTACC-1,6839.0,10252.0,WM,4,0.10186462431733531,1,bisquare,8064,1.0,negbinomial,0.17601685035067796,False
TCCACAATGGTTTACG-1,5678.0,6297.0,L5,2,0.22934029816718232,1,bisquare,8064,1.0,negbinomial,0.17601685035067796,False
TCCACATCGTATATTG-1,7801.0,10973.0,WM,4,0.11209330581594854,1,bisquare,8064,1.0,negbinomial,0.17601685035067796,False
TCCACCTCTAGCCTTT-1,6839.0,10012.0,WM,4,0.12386949183780549,1,bisquare,8064,1.0,negbinomial,0.17601685035067796,False
TCCACTTTATCTAGGT-1,8637.0,6424.0,L3,0,0.11604306919600604,1,bisquare,8064,1.0,negbinomial,0.17601685035067796,False
TCCAGAGCACCGGTTC-1,8015.0,7500.0,L5,2,0.2052906616100184,1,bisquare,8064,1.0,negbinomial,0.17601685035067796,False
TCCAGATGTACGCCAA-1,11049.0,5591.0,L3,0,0.12336886974148095,1,bisquare,8064,1.0,negbinomial,0.17601685035067796,False
TCCAGCGCTATAAGCG-1,11178.0,8945.0,L5,2,0.14192906324541202,1,bisquare,8064,1.0,negbinomial,0.17601685035067796,False
TCCAGGCGAGTACGGT-1,7123.0,6420.0,L5,2,0.26775384525296425,1,bisquare,8064,1.0,negbinomial,0.17601685035067796,False
TCCAGGGTATATACGA-1,7528.0,10014.0,WM,4,0.09867728219824867,1,bisquare,8064,1.0,negbinomial,0.17601685035067796,False
TCCATCAATACTAATC-1,4154.0,10365.0,L6,3,0.13191542328839034,1,bisquare,8064,1.0,negbinomial,0.17601685035067796,False
TCCATTAGTTGGATAG-1,4997.0,3421.0,L3,0,0.1299447573710576,1,bisquare,8064,1.0,negbinomial,0.17601685035067796,False
TCCATTCCCACTAGAG-1,11876.0,4874.0,L3,0,0.10010644656637147,1,bisquare,8064,1.0,negbinomial,0.17601685035067796,False
TCCATTGTGACCTCGT-1,8438.0,3668.0,L3,0,0.17800072522854982,1,bisquare,8064,1.0,negbinomial,0.17601685035067796,False
TCCCAAACAGACAACG-1,10774.0,5351.0,L3,0,0.2280888922076817,1,bisquare,8064,1.0,negbinomial,0.17601685035067796,False
TCCCAAAGACGAAGGA-1,7331.0,5822.0,L4,1,0.19991997462399855,1,bisquare,8064,1.0,negbinomial,0.17601685035067796,False
TCCCAAAGCCCTAAAT-1,11251.0,7388.0,L3,0,0.24372849142001968,1,bisquare,8064,1.0,negbinomial,0.17601685035067796,False
TCCCACGGAGGGAGCT-1,8371.0,2830.0,L3,0,0.13029722162764104,1,bisquare,8064,1.0,negbinomial,0.17601685035067796,False
TCCCACTCTCTTCCGG-1,10565.0,6428.0,L3,0,0.13301157194337193,1,bisquare,8064,1.0,negbinomial,0.17601685035067796,False
TCCCAGCACACGACAT-1,11728.0,9425.0,L5,2,0.19097110949822038,1,bisquare,8064,1.0,negbinomial,0.17601685035067796,False
TCCCAGCTTTAGTCTG-1,7053.0,6779.0,L5,2,0.15132933554096792,1,bisquare,8064,1.0,negbinomial,0.17601685035067796,False
TCCCAGGCTTAGCTAA-1,6504.0,6299.0,L5,2,0.17371169497726982,1,bisquare,8064,1.0,negbinomial,0.17601685035067796,False
TCCCGCCTATGTGCGT-1,11597.0,6550.0,L3,0,0.1156874480506493,1,bisquare,8064,1.0,negbinomial,0.17601685035067796,False
TCCCGCGTACTCCTGG-1,7950.0,5943.0,L3,0,0.2127281975555126,1,bisquare,8064,1.0,negbinomial,0.17601685035067796,False
TCCCGGGTGTGCTGCT-1,5539.0,6775.0,L5,2,0.19369324850703415,1,bisquare,8064,1.0,negbinomial,0.17601685035067796,False
TCCCGGTCAGGAATTT-1,5684.0,3662.0,L3,0,0.10393501633657518,1,bisquare,8064,1.0,negbinomial,0.17601685035067796,False
TCCCGTCAGTCCCGCA-1,8364.0,5465.0,L3,0,0.19702342079682822,1,bisquare,8064,1.0,negbinomial,0.17601685035067796,False
TCCCGTCGCGTCATAG-1,11116.0,6190.0,L3,0,0.12138067631360021,1,bisquare,8064,1.0,negbinomial,0.17601685035067796,False
TCCCGTGTGCAATTTG-1,8703.0,7981.0,L5,2,0.21267645141780087,1,bisquare,8064,1.0,negbinomial,0.17601685035067796,False
TCCCTAGATCAATAGG-1,11047.0,6070.0,L3,0,0.17932297079028955,1,bisquare,8064,1.0,negbinomial,0.17601685035067796,False
TCCCTCTTCTCAAGGG-1,11106.0,10502.0,L6,3,0.23673197842634594,1,bisquare,8064,1.0,negbinomial,0.17601685035067796,False
TCCCTGGCGTATTAAC-1,4431.0,9647.0,L6,3,0.27056401712108574,1,bisquare,8064,1.0,negbinomial,0.17601685035067796,False
TCCCTGGCTCGCTGGA-1,5058.0,6654.0,L5,2,0.1257322139044594,1,bisquare,8064,1.0,negbinomial,0.17601685035067796,False
TCCCTTAGATTACTCG-1,9123.0,4868.0,L3,0,0.19652336242842386,1,bisquare,8064,1.0,negbinomial,0.17601685035067796,False
TCCGAACGTTGCCGCT-1,11523.0,8826.0,L5,2,0.204526237950067,1,bisquare,8064,1.0,negbinomial,0.17601685035067796,False
TCCGAACTTGGCTTAC-1,4507.0,6653.0,L5,2,0.14013909694540394,1,bisquare,8064,1.0,negbinomial,0.17601685035067796,False
TCCGAAGTAGTCACCA-1,10776.0,4393.0,L3,0,0.1566169901204472,1,bisquare,8064,1.0,negbinomial,0.17601685035067796,False
TCCGAATGGTCCTGAG-1,10978.0,6429.0,L3,0,0.1211879506631386,1,bisquare,8064,1.0,negbinomial,0.17601685035067796,False
TCCGAGAAGGCTAAGC-1,6098.0,3423.0,L3,0,0.1536507864213916,1,bisquare,8064,1.0,negbinomial,0.17601685035067796,False
TCCGATAATTGCCATA-1,7609.0,4864.0,L3,0,0.2115676569802495,1,bisquare,8064,1.0,negbinomial,0.17601685035067796,False
TCCGATGACTGAGCTC-1,8434.0,5345.0,L3,0,0.2237772035965729,1,bisquare,8064,1.0,negbinomial,0.17601685035067796,False
TCCGATGGTGCGACAT-1,6850.0,5701.0,L4,1,0.14807155669034014,1,bisquare,8064,1.0,negbinomial,0.17601685035067796,False
TCCGATTACATTGCCG-1,5402.0,6536.0,L5,2,0.22453449101650608,1,bisquare,8064,1.0,negbinomial,0.17601685035067796,False
TCCGCCTGTCTACAAG-1,8286.0,9417.0,L6,3,0.09651143983793992,1,bisquare,8064,1.0,negbinomial,0.17601685035067796,False
TCCGCGGCAGCATCTG-1,8981.0,6784.0,L4,1,0.18855097632920761,1,bisquare,8064,1.0,negbinomial,0.17601685035067796,False
TCCGCGGCCCAATGAA-1,10008.0,9062.0,L6,3,0.21247290619428238,1,bisquare,8064,1.0,negbinomial,0.17601685035067796,False
TCCGCTGTCATCCCGG-1,8771.0,8340.0,L6,3,0.30119305529470214,1,bisquare,8064,1.0,negbinomial,0.17601685035067796,False
TCCGCTTATCCCATTA-1,7600.0,8697.0,L6,3,0.1134080535750182,1,bisquare,8064,1.0,negbinomial,0.17601685035067796,False
TCCGGAGGAAGGGCTG-1,10638.0,4392.0,L3,0,0.26350866191016,1,bisquare,8064,1.0,negbinomial,0.17601685035067796,False
TCCGGCCTAGCGTACA-1,9946.0,6067.0,L3,0,0.13613637170415976,1,bisquare,8064,1.0,negbinomial,0.17601685035067796,False
TCCGGCCTGCATCGAT-1,8852.0,2951.0,L3,0,0.20951303389111522,1,bisquare,8064,1.0,negbinomial,0.17601685035067796,False
TCCGGGCTTGACGGGA-1,9798.0,10618.0,L6,3,0.09857711458454468,1,bisquare,8064,1.0,negbinomial,0.17601685035067796,False
TCCGGTTCGTCCGGTC-1,6842.0,8815.0,L6,3,0.08949427182312032,1,bisquare,8064,1.0,negbinomial,0.17601685035067796,False
TCCGTAACCACAATCC-1,4304.0,5096.0,L3,0,0.2338038661721861,1,bisquare,8064,1.0,negbinomial,0.17601685035067796,False
TCCGTTAAGCTAATAT-1,10077.0,8942.0,L6,3,0.18477187898283545,1,bisquare,8064,1.0,negbinomial,0.17601685035067796,False
TCCGTTTAGCCTTGAA-1,9326.0,6186.0,L3,0,0.14365260019585024,1,bisquare,8064,1.0,negbinomial,0.17601685035067796,False
TCCTAAAGATTCAGAC-1,8971.0,10856.0,WM,4,0.20553016449718314,1,bisquare,8064,1.0,negbinomial,0.17601685035067796,False
TCCTAAATTGGGAAGC-1,8011.0,9416.0,WM,4,0.29647274874091695,1,bisquare,8064,1.0,negbinomial,0.17601685035067796,False
TCCTAACCGTCGGGCA-1,6357.0,10131.0,WM,4,0.12608051302629433,1,bisquare,8064,1.0,negbinomial,0.17601685035067796,False
TCCTACATCCACGGCC-1,8977.0,8221.0,L5,2,0.23085620864525042,1,bisquare,8064,1.0,negbinomial,0.17601685035067796,False
TCCTAGCAAAGAAGCT-1,6019.0,7615.0,L6,3,0.2622147994821686,1,bisquare,8064,1.0,negbinomial,0.17601685035067796,False
TCCTATCATAGGTAAC-1,11455.0,8227.0,L4,1,0.13457378908405082,1,bisquare,8064,1.0,negbinomial,0.17601685035067796,False
TCCTCCTAAGACATTC-1,4641.0,8330.0,L6,3,0.27832351217677936,1,bisquare,8064,1.0,negbinomial,0.17601685035067796,False
TCCTCGGGCTGGGCTT-1,8428.0,7501.0,L5,2,0.11791024180664707,1,bisquare,8064,1.0,negbinomial,0.17601685035067796,False
TCCTCTACGAGATGGC-1,5404.0,5817.0,L5,2,0.1345174177780496,1,bisquare,8064,1.0,negbinomial,0.17601685035067796,False
TCCTCTCCAGTTGTCC-1,4577.0,6294.0,L5,2,0.12424259828124219,1,bisquare,8064,1.0,negbinomial,0.17601685035067796,False
TCCTCTGGCCCATTAG-1,9263.0,3910.0,L3,0,0.09112035076862894,1,bisquare,8064,1.0,negbinomial,0.17601685035067796,False
TCCTGCCAACTGGAGA-1,9400.0,4150.0,L3,0,0.1004325735081598,1,bisquare,8064,1.0,negbinomial,0.17601685035067796,False
TCCTGCGTTGATACTC-1,5263.0,7254.0,L5,2,0.18239553792393898,1,bisquare,8064,1.0,negbinomial,0.17601685035067796,False
TCCTGGCGCTGCCTGG-1,10501.0,4152.0,L3,0,0.17397879083020892,1,bisquare,8064,1.0,negbinomial,0.17601685035067796,False
TCCTTACGACGGTCCG-1,9734.0,8582.0,L5,2,0.1347232844704678,1,bisquare,8064,1.0,negbinomial,0.17601685035067796,False
TCCTTCAGTGGTCGAA-1,7954.0,4506.0,L3,0,0.18199133044921487,1,bisquare,8064,1.0,negbinomial,0.17601685035067796,False
TCCTTGTCCTTTAATT-1,7938.0,10973.0,WM,4,0.06527948936854232,1,bisquare,8064,1.0,negbinomial,0.17601685035067796,False
TCCTTTAAATCCGCTT-1,9525.0,9420.0,L6,3,0.09939804708739447,1,bisquare,8064,1.0,negbinomial,0.17601685035067796,False
TCCTTTCTTACGCTTA-1,7468.0,6301.0,L4,1,0.19291852424517023,1,bisquare,8064,1.0,negbinomial,0.17601685035067796,False
TCGAAATTTAGGACCA-1,6298.0,6178.0,L5,2,0.2088505658186583,1,bisquare,8064,1.0,negbinomial,0.17601685035067796,False
TCGAAGAACCGAGCAC-1,10010.0,8104.0,L5,2,0.2881963212015096,1,bisquare,8064,1.0,negbinomial,0.17601685035067796,False
TCGAATATCCCGCAGG-1,5395.0,9650.0,L6,3,0.08297884485033932,1,bisquare,8064,1.0,negbinomial,0.17601685035067796,False
TCGACAACTGAACCCG-1,4225.0,9527.0,L6,3,0.31174526558720844,1,bisquare,8064,1.0,negbinomial,0.17601685035067796,False
TCGAGACCAACACCGT-1,6984.0,7138.0,L5,2,0.1872999899019447,1,bisquare,8064,1.0,negbinomial,0.17601685035067796,False
TCGAGCCAGGCAGGCC-1,5739.0,9531.0,WM,4,0.25342411422879374,1,bisquare,8064,1.0,negbinomial,0.17601685035067796,False
TCGAGGGCAACAGACG-1,11383.0,9544.0,L5,2,0.16302584368499978,1,bisquare,8064,1.0,negbinomial,0.17601685035067796,False
TCGATAGGCTAGTCGC-1,6510.0,3664.0,L3,0,0.11992821359957362,1,bisquare,8064,1.0,negbinomial,0.17601685035067796,False
TCGCAAAGATGCATTT-1,8358.0,8339.0,L6,3,0.2169773605682112,1,bisquare,8064,1.0,negbinomial,0.17601685035067796,False
TCGCACCAGGAGGCAG-1,8701.0,8699.0,L6,3,0.33617925137263305,1,bisquare,8064,1.0,negbinomial,0.17601685035067796,False
TCGCATAAAGGGCGCA-1,10831.0,10261.0,L6,3,0.20735196108695167,1,bisquare,8064,1.0,negbinomial,0.17601685035067796,False
TCGCATCCCTAAGTGT-1,5338.0,4499.0,L3,0,0.1296857499914114,1,bisquare,8064,1.0,negbinomial,0.17601685035067796,False
TCGCATTCAATGACTT-1,5753.0,3782.0,L3,0,0.16640156771162773,1,bisquare,8064,1.0,negbinomial,0.17601685035067796,False
TCGCCCAACTGACTCC-1,10709.0,3794.0,L3,0,0.12051020973797084,1,bisquare,8064,1.0,negbinomial,0.17601685035067796,False
TCGCCGAAGTTGCGTC-1,5742.0,8093.0,L6,3,0.25223871438953704,1,bisquare,8064,1.0,negbinomial,0.17601685035067796,False
TCGCCGACATATTCGC-1,9109.0,10617.0,WM,4,0.15422375529234805,1,bisquare,8064,1.0,negbinomial,0.17601685035067796,False
TCGCCGGTCGATCCGT-1,7402.0,4983.0,L3,0,0.24547856606630486,1,bisquare,8064,1.0,negbinomial,0.17601685035067796,False
TCGCGTAGCAGTGTCC-1,10007.0,9541.0,L6,3,0.007571228740282637,1,bisquare,8064,1.0,negbinomial,0.17601685035067796,False
TCGCGTCCAGAAGGTC-1,5196.0,6415.0,L5,2,0.13317782736487846,1,bisquare,8064,1.0,negbinomial,0.17601685035067796,False
TCGCTAAACCGCTATC-1,9329.0,4988.0,L3,0,0.1220503924341121,1,bisquare,8064,1.0,negbinomial,0.17601685035067796,False
TCGCTACTGGCTTTGA-1,8215.0,10495.0,WM,4,0.1294403127950805,1,bisquare,8064,1.0,negbinomial,0.17601685035067796,False
TCGCTCGATATATTCC-1,7537.0,6181.0,L4,1,0.17853814697250256,1,bisquare,8064,1.0,negbinomial,0.17601685035067796,False
TCGCTCGGCACCAGCG-1,10636.0,5590.0,L3,0,0.12291996074193004,1,bisquare,8064,1.0,negbinomial,0.17601685035067796,False
TCGCTGCCAATGCTGT-1,8696.0,10855.0,WM,4,0.12136958149917475,1,bisquare,8064,1.0,negbinomial,0.17601685035067796,False
TCGCTGGGCGGATTGT-1,8294.0,6063.0,L3,0,0.16812681151770198,1,bisquare,8064,1.0,negbinomial,0.17601685035067796,False
TCGCTGTGCGTAAATC-1,6026.0,4740.0,L3,0,0.30675170263306784,1,bisquare,8064,1.0,negbinomial,0.17601685035067796,False
TCGCTTAATTACGAAG-1,11534.0,4275.0,L3,0,0.23272476994469038,1,bisquare,8064,1.0,negbinomial,0.17601685035067796,False
TCGCTTTAAACGTTTG-1,9190.0,5706.0,L3,0,0.13749342350493396,1,bisquare,8064,1.0,negbinomial,0.17601685035067796,False
TCGGAATGACCATCAA-1,8438.0,3429.0,L3,0,0.09317688668493099,1,bisquare,8064,1.0,negbinomial,0.17601685035067796,False
TCGGAATGCGCTCTGA-1,5127.0,6295.0,L5,2,0.10507506141031088,1,bisquare,8064,1.0,negbinomial,0.17601685035067796,False
TCGGACGCCCAGCCCA-1,8637.0,6663.0,L4,1,0.08691710840693267,1,bisquare,8064,1.0,negbinomial,0.17601685035067796,False
TCGGAGAGTATCGGGA-1,4779.0,8091.0,L6,3,0.14800662519018304,1,bisquare,8064,1.0,negbinomial,0.17601685035067796,False
TCGGAGTACATGAGTA-1,8293.0,6542.0,L4,1,0.212081474775134,1,bisquare,8064,1.0,negbinomial,0.17601685035067796,False
TCGGCGAACCCAAACC-1,10422.0,8584.0,L5,2,0.26840424554065,1,bisquare,8064,1.0,negbinomial,0.17601685035067796,False
TCGGCGGTATTAGATT-1,11743.0,2958.0,L3,0,0.06486403788595757,1,bisquare,8064,1.0,negbinomial,0.17601685035067796,False
TCGGCGTACTGCACAA-1,4089.0,8568.0,L6,3,0.30853461825970846,1,bisquare,8064,1.0,negbinomial,0.17601685035067796,False
TCGGCTAACTTCCCTT-1,8508.0,3070.0,L3,0,0.10598359550651631,1,bisquare,8064,1.0,negbinomial,0.17601685035067796,False
TCGGCTTGTATCGACG-1,9800.0,9660.0,L6,3,0.13564839358766165,1,bisquare,8064,1.0,negbinomial,0.17601685035067796,False
TCGGGAACGTGCCTAG-1,10702.0,6428.0,L3,0,0.13296889770698986,1,bisquare,8064,1.0,negbinomial,0.17601685035067796,False
TCGGGAGACAGCGTAC-1,8079.0,9776.0,WM,4,0.2903518322549922,1,bisquare,8064,1.0,negbinomial,0.17601685035067796,False
TCGGGATTCAAACATA-1,4230.0,7371.0,L5,2,0.13425391040653598,1,bisquare,8064,1.0,negbinomial,0.17601685035067796,False
TCGGGCCGTCGTGGTA-1,9254.0,7503.0,L5,2,0.08533444894443315,1,bisquare,8064,1.0,negbinomial,0.17601685035067796,False
TCGGGTGAAACTGCTA-1,7060.0,3905.0,L3,0,0.2760111686631168,1,bisquare,8064,1.0,negbinomial,0.17601685035067796,False
TCGGTCCCGACAATAG-1,4775.0,9528.0,L6,3,0.13842098200120342,1,bisquare,8064,1.0,negbinomial,0.17601685035067796,False
TCGGTCCCTGACTCCA-1,9401.0,3910.0,L3,0,0.11014753265015521,1,bisquare,8064,1.0,negbinomial,0.17601685035067796,False
TCGGTGACCGCTCCGG-1,10707.0,4512.0,L3,0,0.09633736447081807,1,bisquare,8064,1.0,negbinomial,0.17601685035067796,False
TCGGTTAGCCATGTAG-1,9746.0,3312.0,L3,0,0.11971065272924522,1,bisquare,8064,1.0,negbinomial,0.17601685035067796,False
TCGTAAGACGACATTG-1,8501.0,5944.0,L3,0,0.20755978995421753,1,bisquare,8064,1.0,negbinomial,0.17601685035067796,False
TCGTAAGCTCCGAGGA-1,10500.0,4631.0,L3,0,0.15086630525495895,1,bisquare,8064,1.0,negbinomial,0.17601685035067796,False
TCGTACCGACGTCAAG-1,7044.0,10851.0,WM,4,0.11729175299814847,1,bisquare,8064,1.0,negbinomial,0.17601685035067796,False
TCGTATAGTGCAATTA-1,7060.0,4144.0,L3,0,0.20951203628598797,1,bisquare,8064,1.0,negbinomial,0.17601685035067796,False
TCGTATCACCAAGCTA-1,10780.0,2716.0,L3,0,0.17000710004349562,1,bisquare,8064,1.0,negbinomial,0.17601685035067796,False
TCGTATTACCCATTGC-1,4919.0,7133.0,L5,2,0.17432132851914733,1,bisquare,8064,1.0,negbinomial,0.17601685035067796,False
TCGTATTTCGTCCGGA-1,8783.0,3310.0,L3,0,0.11409393009814275,1,bisquare,8064,1.0,negbinomial,0.17601685035067796,False
TCGTCAAGTACGCGCA-1,5808.0,9411.0,WM,4,0.20599148062918538,1,bisquare,8064,1.0,negbinomial,0.17601685035067796,False
TCGTCACACTGTTAGC-1,4509.0,5935.0,L5,2,0.11971986681642723,1,bisquare,8064,1.0,negbinomial,0.17601685035067796,False
TCGTCCGCTGGCGTCT-1,5956.0,5339.0,L4,1,0.14215901610610776,1,bisquare,8064,1.0,negbinomial,0.17601685035067796,False
TCGTCCGGGTACACTC-1,11535.0,3796.0,L3,0,0.09379594079027316,1,bisquare,8064,1.0,negbinomial,0.17601685035067796,False
TCGTCTTAGGCGTTAA-1,8906.0,9059.0,L6,3,0.1655047928439462,1,bisquare,8064,1.0,negbinomial,0.17601685035067796,False
TCGTGTACTATGGATG-1,8495.0,8339.0,L6,3,0.019270187281034107,1,bisquare,8064,1.0,negbinomial,0.17601685035067796,False
TCGTGTATTGGTCACG-1,11247.0,9065.0,L5,2,0.011717995245343324,1,bisquare,8064,1.0,negbinomial,0.17601685035067796,False
TCGTGTCACGCTGACA-1,4779.0,7851.0,L6,3,0.04048405760756501,1,bisquare,8064,1.0,negbinomial,0.17601685035067796,False
TCGTGTTCGACCACAA-1,10420.0,9542.0,L6,3,0.08699081220410232,1,bisquare,8064,1.0,negbinomial,0.17601685035067796,False
TCGTTAGGAGTCCCTA-1,6911.0,8935.0,L6,3,0.05831528944780928,1,bisquare,8064,1.0,negbinomial,0.17601685035067796,False
TCGTTCGTTATTATGT-1,7473.0,3906.0,L3,0,0.17233705306525252,1,bisquare,8064,1.0,negbinomial,0.17601685035067796,False
TCGTTGCTATCCGGTC-1,6359.0,9173.0,WM,4,0.28689434106694023,1,bisquare,8064,1.0,negbinomial,0.17601685035067796,False
TCGTTGGCTCGTCAAT-1,5340.0,3781.0,L3,0,0.17043357603597817,1,bisquare,8064,1.0,negbinomial,0.17601685035067796,False
TCTAAAGAACAGTCTC-1,3882.0,8927.0,L6,3,0.23026954634066688,1,bisquare,8064,1.0,negbinomial,0.17601685035067796,False
TCTAACTGTATGTAAA-1,3958.0,5933.0,L4,1,0.15844153303883168,1,bisquare,8064,1.0,negbinomial,0.17601685035067796,False
TCTAATACTGCCTCAG-1,4913.0,9529.0,L6,3,0.257085833703545,1,bisquare,8064,1.0,negbinomial,0.17601685035067796,False
TCTACACGTTCATGCA-1,9609.0,3312.0,L3,0,0.1840108782411255,1,bisquare,8064,1.0,negbinomial,0.17601685035067796,False
TCTACCCAATAGAGAG-1,10489.0,9422.0,L6,3,0.2980314715582882,1,bisquare,8064,1.0,negbinomial,0.17601685035067796,False
TCTACCGTCCACAAGC-1,7813.0,5942.0,L3,0,0.19320079407193905,1,bisquare,8064,1.0,negbinomial,0.17601685035067796,False
TCTACGGGCTCAGTTG-1,11602.0,4634.0,L3,0,0.10390005047294461,1,bisquare,8064,1.0,negbinomial,0.17601685035067796,False
TCTAGCAATCTCCGCC-1,5260.0,8212.0,L6,3,0.18652532549913622,1,bisquare,8064,1.0,negbinomial,0.17601685035067796,False
TCTAGCATCTTCGATG-1,6162.0,5459.0,L4,1,0.10690844285511154,1,bisquare,8064,1.0,negbinomial,0.17601685035067796,False
TCTAGCATGCCCAGAA-1,7738.0,8457.0,L6,3,0.08609292160159956,1,bisquare,8064,1.0,negbinomial,0.17601685035067796,False
TCTAGGTGGCGACGCT-1,10015.0,6187.0,L3,0,0.15642309090699236,1,bisquare,8064,1.0,negbinomial,0.17601685035067796,False
TCTAGTGATATCGTGG-1,9942.0,7984.0,L5,2,0.16670842868349922,1,bisquare,8064,1.0,negbinomial,0.17601685035067796,False
TCTAGTTATCAGAAGA-1,6916.0,6779.0,L5,2,0.13415127629268758,1,bisquare,8064,1.0,negbinomial,0.17601685035067796,False
TCTATAGGTGGGTAAT-1,10693.0,10501.0,L6,3,0.13553783489254562,1,bisquare,8064,1.0,negbinomial,0.17601685035067796,False
TCTATCATGCAGTTAC-1,5957.0,4860.0,L3,0,0.30769408289265177,1,bisquare,8064,1.0,negbinomial,0.17601685035067796,False
TCTATCGGTCGCAACA-1,7608.0,5343.0,L3,0,0.20744275500169276,1,bisquare,8064,1.0,negbinomial,0.17601685035067796,False
TCTATGCTATAACGAC-1,9660.0,10378.0,L6,3,0.11723083767417117,1,bisquare,8064,1.0,negbinomial,0.17601685035067796,False
TCTATTACGCTGGCGA-1,5545.0,4380.0,L3,0,0.19623314928241636,1,bisquare,8064,1.0,negbinomial,0.17601685035067796,False
TCTATTACTAGAGGAT-1,4229.0,7611.0,L5,2,0.30544184886636383,1,bisquare,8064,1.0,negbinomial,0.17601685035067796,False
TCTCATGAGATAGGGT-1,9183.0,8581.0,L6,3,0.30426742109665456,1,bisquare,8064,1.0,negbinomial,0.17601685035067796,False
TCTCCAACGTAGGTTA-1,8572.0,5106.0,L3,0,0.1088312637271834,1,bisquare,8064,1.0,negbinomial,0.17601685035067796,False
TCTCCACAAGTTGAAT-1,9592.0,10019.0,L6,3,0.11594658352102226,1,bisquare,8064,1.0,negbinomial,0.17601685035067796,False
TCTCCCTGGGCAGCGT-1,8700.0,9178.0,L6,3,0.11227974148310195,1,bisquare,8064,1.0,negbinomial,0.17601685035067796,False
TCTCGAACGAGGTCAC-1,9675.0,4150.0,L3,0,0.1386962153513343,1,bisquare,8064,1.0,negbinomial,0.17601685035067796,False
TCTCGACGTATCGCCG-1,10974.0,8106.0,L4,1,0.16152299615463697,1,bisquare,8064,1.0,negbinomial,0.17601685035067796,False
TCTCGAGGAGGTTCGC-1,10903.0,8944.0,L5,2,0.1717862699162881,1,bisquare,8064,1.0,negbinomial,0.17601685035067796,False
TCTCGGCTCCAGGACT-1,4788.0,4258.0,L3,0,0.1263193030609587,1,bisquare,8064,1.0,negbinomial,0.17601685035067796,False
TCTCTAATAGCTGGTA-1,6782.0,5102.0,L3,0,0.11934952279972327,1,bisquare,8064,1.0,negbinomial,0.17601685035067796,False
TCTCTCGCCGCACATA-1,11109.0,9304.0,L5,2,0.11605852901150392,1,bisquare,8064,1.0,negbinomial,0.17601685035067796,False
TCTCTTACCGCGAACC-1,6150.0,10490.0,WM,4,0.08412682895981169,1,bisquare,8064,1.0,negbinomial,0.17601685035067796,False
TCTGAACCGGTCGGCT-1,5749.0,5219.0,L4,1,0.24299470398917988,1,bisquare,8064,1.0,negbinomial,0.17601685035067796,False
TCTGAACTCGTACCCG-1,9734.0,8342.0,L5,2,0.17379002650052117,1,bisquare,8064,1.0,negbinomial,0.17601685035067796,False
TCTGAAGCACGTGGTC-1,8974.0,9419.0,L6,3,0.2004957768243948,1,bisquare,8064,1.0,negbinomial,0.17601685035067796,False
TCTGAATTCCGTACAA-1,9669.0,6785.0,L3,0,0.349070455305305,1,bisquare,8064,1.0,negbinomial,0.17601685035067796,False
TCTGACGGGCTAACCC-1,11460.0,6071.0,L3,0,0.25985262377868984,1,bisquare,8064,1.0,negbinomial,0.17601685035067796,False
TCTGAGCAATTGACTG-1,10902.0,9184.0,L5,2,0.16841083946464666,1,bisquare,8064,1.0,negbinomial,0.17601685035067796,False
TCTGATCGGGTGCTAG-1,11321.0,6789.0,L3,0,0.12746576895255166,1,bisquare,8064,1.0,negbinomial,0.17601685035067796,False
TCTGATGTATTCTGTC-1,8907.0,8820.0,L6,3,0.22097635720063688,1,bisquare,8064,1.0,negbinomial,0.17601685035067796,False
TCTGATTGGAAATGGA-1,11665.0,6910.0,L3,0,0.12203407232534541,1,bisquare,8064,1.0,negbinomial,0.17601685035067796,False
TCTGCATACCTTGCTT-1,10005.0,10020.0,L6,3,0.10504228614690166,1,bisquare,8064,1.0,negbinomial,0.17601685035067796,False
TCTGCCAGAAACTGCA-1,8635.0,7621.0,L5,2,0.1415365095958084,1,bisquare,8064,1.0,negbinomial,0.17601685035067796,False
TCTGCGAATCGTTCGC-1,11670.0,4754.0,L3,0,0.12267494096118826,1,bisquare,8064,1.0,negbinomial,0.17601685035067796,False
TCTGCGTCCGGTTTCT-1,4787.0,4498.0,L3,0,0.17102552354594341,1,bisquare,8064,1.0,negbinomial,0.17601685035067796,False
TCTGCTTAGAACAAGC-1,11867.0,8707.0,L4,1,0.34733935357843426,1,bisquare,8064,1.0,negbinomial,0.17601685035067796,False
TCTGGCCGTTCAAGTT-1,11596.0,7029.0,L3,0,0.13062909023161814,1,bisquare,8064,1.0,negbinomial,0.17601685035067796,False
TCTGGGAACCTTTGAA-1,9943.0,7505.0,L4,1,0.3015443488446392,1,bisquare,8064,1.0,negbinomial,0.17601685035067796,False
TCTGGGTAGCGCTCAT-1,5675.0,7494.0,L6,3,0.11628279060573342,1,bisquare,8064,1.0,negbinomial,0.17601685035067796,False
TCTGTCATACAAGAGC-1,6234.0,3903.0,L3,0,0.15418518439675535,1,bisquare,8064,1.0,negbinomial,0.17601685035067796,False
TCTGTGATGGAGGTTG-1,11054.0,3435.0,L3,0,0.1355452784019673,1,bisquare,8064,1.0,negbinomial,0.17601685035067796,False
TCTGTGCCATCATAGT-1,8706.0,6543.0,L3,0,0.324655155023917,1,bisquare,8064,1.0,negbinomial,0.17601685035067796,False
TCTGTTACCCAGCATA-1,5603.0,8812.0,L6,3,0.08764470239273717,1,bisquare,8064,1.0,negbinomial,0.17601685035067796,False
TCTTACAGAGGTACCG-1,6302.0,4502.0,L3,0,0.16214911212797384,1,bisquare,8064,1.0,negbinomial,0.17601685035067796,False
TCTTACCGGAACTCGT-1,9466.0,5228.0,L3,0,0.14831613350958822,1,bisquare,8064,1.0,negbinomial,0.17601685035067796,False
TCTTACGGCATCCGAC-1,5198.0,5697.0,L5,2,0.16823775269467545,1,bisquare,8064,1.0,negbinomial,0.17601685035067796,False
TCTTACTTATGCCTCT-1,9597.0,8103.0,L5,2,0.11753598952475722,1,bisquare,8064,1.0,negbinomial,0.17601685035067796,False
TCTTAGAGCTCCAATT-1,10631.0,7506.0,L3,0,0.32237769394792143,1,bisquare,8064,1.0,negbinomial,0.17601685035067796,False
TCTTAGAGTGAACTCT-1,10011.0,7864.0,L4,1,0.22111368133586526,1,bisquare,8064,1.0,negbinomial,0.17601685035067796,False
TCTTCCCATGGGCACA-1,9807.0,6546.0,L3,0,0.3539558752117936,1,bisquare,8064,1.0,negbinomial,0.17601685035067796,False
TCTTCGAATAGACGTT-1,8085.0,7380.0,L5,2,0.1056265453972781,1,bisquare,8064,1.0,negbinomial,0.17601685035067796,False
TCTTCGATACCAATAA-1,7742.0,6541.0,L4,1,0.24346125429026982,1,bisquare,8064,1.0,negbinomial,0.17601685035067796,False
TCTTCGCGGTGAGAGG-1,11176.0,9903.0,L6,3,0.18858983940624288,1,bisquare,8064,1.0,negbinomial,0.17601685035067796,False
TCTTCTATAACCCGCC-1,10561.0,8105.0,L4,1,0.19037674253152895,1,bisquare,8064,1.0,negbinomial,0.17601685035067796,False
TCTTGATGCGTAGCGA-1,7880.0,6541.0,L4,1,0.2667569050003654,1,bisquare,8064,1.0,negbinomial,0.17601685035067796,False
TCTTGCTCCCGATACT-1,7802.0,10494.0,WM,4,0.12978532903159495,1,bisquare,8064,1.0,negbinomial,0.17601685035067796,False
TCTTGGTAACACCAAA-1,7677.0,5224.0,L3,0,0.13823713594465278,1,bisquare,8064,1.0,negbinomial,0.17601685035067796,False
TCTTTAAGACTATGAA-1,9944.0,6786.0,L3,0,0.1665446646397207,1,bisquare,8064,1.0,negbinomial,0.17601685035067796,False
TCTTTAGAGTCTAACA-1,11041.0,8705.0,L5,2,0.3298497536925567,1,bisquare,8064,1.0,negbinomial,0.17601685035067796,False
TCTTTAGCAGGCGAAC-1,11183.0,6789.0,L3,0,0.19581761647062032,1,bisquare,8064,1.0,negbinomial,0.17601685035067796,False
TCTTTCCTTCGAGATA-1,11452.0,9664.0,L6,3,0.10877722578361387,1,bisquare,8064,1.0,negbinomial,0.17601685035067796,False
TCTTTCTCTTAAGGAG-1,8644.0,3549.0,L3,0,0.1596581910734328,1,bisquare,8064,1.0,negbinomial,0.17601685035067796,False
TGAAACTTATGCAAGC-1,8230.0,4027.0,L3,0,0.10350554259661282,1,bisquare,8064,1.0,negbinomial,0.17601685035067796,False
TGAAAGGACCTGACTC-1,8912.0,6903.0,L4,1,0.18576244655447224,1,bisquare,8064,1.0,negbinomial,0.17601685035067796,False
TGAACAAGCAGGGACT-1,5668.0,10608.0,WM,4,0.22633807652860438,1,bisquare,8064,1.0,negbinomial,0.17601685035067796,False
TGAAGAGCGGTCCTAG-1,3960.0,4975.0,L3,0,0.24717385839965247,1,bisquare,8064,1.0,negbinomial,0.17601685035067796,False
TGAATACCGACGCGTA-1,8834.0,10616.0,WM,4,0.16250074425668803,1,bisquare,8064,1.0,negbinomial,0.17601685035067796,False
TGAATATGCTATAAAC-1,11051.0,4633.0,L3,0,0.23182343993138943,1,bisquare,8064,1.0,negbinomial,0.17601685035067796,False
TGAATGAGATACAGCA-1,11808.0,4754.0,L3,0,0.11108359547770429,1,bisquare,8064,1.0,negbinomial,0.17601685035067796,False
TGAATGAGTGTTTCCC-1,6631.0,10611.0,WM,4,0.1071946445496974,1,bisquare,8064,1.0,negbinomial,0.17601685035067796,False
TGAATGTCAGCCGGCC-1,10698.0,8345.0,L5,2,0.29979589609852664,1,bisquare,8064,1.0,negbinomial,0.17601685035067796,False
TGACACTTCTCTTTGC-1,10225.0,4631.0,L3,0,0.10686164481528924,1,bisquare,8064,1.0,negbinomial,0.17601685035067796,False
TGACAGGACAAGTCCA-1,3812.0,9286.0,L6,3,0.09977991787172408,1,bisquare,8064,1.0,negbinomial,0.17601685035067796,False
TGACATCGAGCGGACC-1,10151.0,6906.0,L3,0,0.2728236857667418,1,bisquare,8064,1.0,negbinomial,0.17601685035067796,False
TGACATGTAACGTGAC-1,7525.0,10972.0,WM,4,0.14607861747210632,1,bisquare,8064,1.0,negbinomial,0.17601685035067796,False
TGACCAAATCTTAAAC-1,7457.0,10613.0,WM,4,0.13254251197932254,1,bisquare,8064,1.0,negbinomial,0.17601685035067796,False
TGACCAGCTTCAAAGT-1,9883.0,3552.0,L3,0,0.14755137798504597,1,bisquare,8064,1.0,negbinomial,0.17601685035067796,False
TGACCCACGTTAGACA-1,6434.0,6658.0,L5,2,0.20659643224811503,1,bisquare,8064,1.0,negbinomial,0.17601685035067796,False
TGACCCAGCATTCCCG-1,10435.0,3074.0,L3,0,0.19346316979127143,1,bisquare,8064,1.0,negbinomial,0.17601685035067796,False
TGACGAATATTTCCCT-1,4710.0,7971.0,L6,3,0.14609926988923902,1,bisquare,8064,1.0,negbinomial,0.17601685035067796,False
TGACGATGCACTAGAA-1,9737.0,7145.0,L4,1,0.12618720892953023,1,bisquare,8064,1.0,negbinomial,0.17601685035067796,False
TGACTATAATCCTTTC-1,7876.0,8218.0,L6,3,0.21288901593316636,1,bisquare,8064,1.0,negbinomial,0.17601685035067796,False
TGACTCCGAATCATAC-1,4292.0,10126.0,L6,3,0.12417440086093952,1,bisquare,8064,1.0,negbinomial,0.17601685035067796,False
TGAGAATGCTTTACCG-1,6920.0,4862.0,L3,0,0.23740801791861788,1,bisquare,8064,1.0,negbinomial,0.17601685035067796,False
TGAGAGATTTACCACG-1,9461.0,7623.0,L5,2,0.2532432626863625,1,bisquare,8064,1.0,negbinomial,0.17601685035067796,False
TGAGATCAAATACTCA-1,7543.0,3546.0,L3,0,0.18243486977383797,1,bisquare,8064,1.0,negbinomial,0.17601685035067796,False
TGAGATTAGGCCCTAA-1,9674.0,4629.0,L3,0,0.16542950691592845,1,bisquare,8064,1.0,negbinomial,0.17601685035067796,False
TGAGCCATACAGTCTC-1,5812.0,7734.0,L6,3,0.20801126698130465,1,bisquare,8064,1.0,negbinomial,0.17601685035067796,False
TGAGCGGAAAGTGTTC-1,7667.0,9296.0,WM,4,0.2630769757722511,1,bisquare,8064,1.0,negbinomial,0.17601685035067796,False
TGAGCTTTAATGACGC-1,9054.0,4987.0,L3,0,0.15168239606127737,1,bisquare,8064,1.0,negbinomial,0.17601685035067796,False
TGAGGAGTGCCAGCTT-1,7184.0,9654.0,WM,4,0.14047861927662839,1,bisquare,8064,1.0,negbinomial,0.17601685035067796,False
TGAGGCATGTACTGTG-1,3743.0,9406.0,L6,3,0.29435973102317364,1,bisquare,8064,1.0,negbinomial,0.17601685035067796,False
TGAGTAAATTAGCGTA-1,7119.0,8336.0,L6,3,0.13385899714829044,1,bisquare,8064,1.0,negbinomial,0.17601685035067796,False
TGAGTGCCTCTTAAAT-1,6018.0,8094.0,L6,3,0.3495784863496493,1,bisquare,8064,1.0,negbinomial,0.17601685035067796,False
TGAGTGGTCCGTGACG-1,8982.0,6305.0,L3,0,0.3438639141413979,1,bisquare,8064,1.0,negbinomial,0.17601685035067796,False
TGAGTTAAAGACATTC-1,10904.0,8465.0,L5,2,0.2042914168365241,1,bisquare,8064,1.0,negbinomial,0.17601685035067796,False
TGATACATTTAGCCGT-1,6153.0,9292.0,WM,4,0.202859382418606,1,bisquare,8064,1.0,negbinomial,0.17601685035067796,False
TGATAGCGGGATTCTA-1,4027.0,6053.0,L4,1,0.1786157264059056,1,bisquare,8064,1.0,negbinomial,0.17601685035067796,False
TGATCACCACACTGAC-1,6699.0,10970.0,WM,4,0.11812651639661903,1,bisquare,8064,1.0,negbinomial,0.17601685035067796,False
TGATCAGGGAACTGCT-1,4849.0,7732.0,L6,3,0.13189587523098162,1,bisquare,8064,1.0,negbinomial,0.17601685035067796,False
TGATCCCAGCATTAGT-1,10566.0,5949.0,L3,0,0.11804900498242824,1,bisquare,8064,1.0,negbinomial,0.17601685035067796,False
TGATCGGTTTGACCCT-1,6918.0,6060.0,L4,1,0.12171969234900001,1,bisquare,8064,1.0,negbinomial,0.17601685035067796,False
TGATCTACGCTGATCT-1,10087.0,4630.0,L3,0,0.13020840752938698,1,bisquare,8064,1.0,negbinomial,0.17601685035067796,False
TGATCTCCGGCGCCAG-1,6642.0,6059.0,L5,2,0.2788657808646791,1,bisquare,8064,1.0,negbinomial,0.17601685035067796,False
TGATGCTCACGTAGTC-1,11674.0,3317.0,L3,0,0.08471947662532406,1,bisquare,8064,1.0,negbinomial,0.17601685035067796,False
TGATGGCTGTTTCTGA-1,11047.0,6310.0,L3,0,0.11087993552941885,1,bisquare,8064,1.0,negbinomial,0.17601685035067796,False
TGATGTCAATTAAGTG-1,10281.0,9781.0,L6,3,0.1634626345437165,1,bisquare,8064,1.0,negbinomial,0.17601685035067796,False
TGATTATGGCACGCAG-1,10845.0,4273.0,L3,0,0.13411764064122944,1,bisquare,8064,1.0,negbinomial,0.17601685035067796,False
TGATTCAGGTCCCGCG-1,3745.0,8448.0,L5,2,0.10137455233940025,1,bisquare,8064,1.0,negbinomial,0.17601685035067796,False
TGATTCCCGGTTACCT-1,6632.0,10371.0,WM,4,0.11282806000870532,1,bisquare,8064,1.0,negbinomial,0.17601685035067796,False
TGATTCGTCTATCACT-1,6022.0,6417.0,L5,2,0.19280104079909077,1,bisquare,8064,1.0,negbinomial,0.17601685035067796,False
TGATTCTGTCGCCGGT-1,6223.0,8454.0,L6,3,0.14340979729074615,1,bisquare,8064,1.0,negbinomial,0.17601685035067796,False
TGATTTATTAGCTGTG-1,5538.0,7254.0,L5,2,0.11588157125975786,1,bisquare,8064,1.0,negbinomial,0.17601685035067796,False
TGATTTCCTCCTGACG-1,5544.0,4620.0,L3,0,0.13772808374467424,1,bisquare,8064,1.0,negbinomial,0.17601685035067796,False
TGCAACCCATCTGCGG-1,9386.0,9899.0,L6,3,0.08887313534401793,1,bisquare,8064,1.0,negbinomial,0.17601685035067796,False
TGCAAGAATGACGTAA-1,7330.0,6301.0,L4,1,0.21973289777260924,1,bisquare,8064,1.0,negbinomial,0.17601685035067796,False
TGCAATCTAACACGGT-1,9386.0,10138.0,L6,3,0.12833224660184542,1,bisquare,8064,1.0,negbinomial,0.17601685035067796,False
TGCAATTTGGGCACGG-1,10363.0,4392.0,L3,0,0.2382748686747905,1,bisquare,8064,1.0,negbinomial,0.17601685035067796,False
TGCACAGTGAAGTTAT-1,10088.0,4151.0,L3,0,0.17062892020976722,1,bisquare,8064,1.0,negbinomial,0.17601685035067796,False
TGCACGAGTCGGCAGC-1,7750.0,3427.0,L3,0,0.1137487653050225,1,bisquare,8064,1.0,negbinomial,0.17601685035067796,False
TGCACTATGTGAGTGC-1,4099.0,4736.0,L3,0,0.14684625970676526,1,bisquare,8064,1.0,negbinomial,0.17601685035067796,False
TGCAGAACTATATCGT-1,4711.0,7732.0,L5,2,0.11057963230773707,1,bisquare,8064,1.0,negbinomial,0.17601685035067796,False
TGCAGAGTACCGAGCA-1,6364.0,7256.0,L5,2,0.2035889350485446,1,bisquare,8064,1.0,negbinomial,0.17601685035067796,False
TGCAGATCGTCCTAGG-1,4436.0,7731.0,L5,2,0.09494475321598879,1,bisquare,8064,1.0,negbinomial,0.17601685035067796,False
TGCAGCTACGTACTTC-1,4298.0,7731.0,L5,2,0.10188683499117497,1,bisquare,8064,1.0,negbinomial,0.17601685035067796,False
TGCAGGATCGGCAAAG-1,8295.0,5584.0,L3,0,0.2253316654794252,1,bisquare,8064,1.0,negbinomial,0.17601685035067796,False
TGCAGTGAGGCTCGGG-1,11533.0,4514.0,L3,0,0.10838386433386414,1,bisquare,8064,1.0,negbinomial,0.17601685035067796,False
TGCAGTGGTAGGGAAC-1,4566.0,10845.0,L6,3,0.18001944124269528,1,bisquare,8064,1.0,negbinomial,0.17601685035067796,False
TGCAGTTTCCTCCCAT-1,9392.0,7503.0,L5,2,0.2020628805798508,1,bisquare,8064,1.0,negbinomial,0.17601685035067796,False
TGCATATGTCTGTCAC-1,9049.0,6904.0,L4,1,0.14784529225285795,1,bisquare,8064,1.0,negbinomial,0.17601685035067796,False
TGCATCTCCGGATCTT-1,11330.0,3196.0,L3,0,0.0810953809591196,1,bisquare,8064,1.0,negbinomial,0.17601685035067796,False
TGCATGGATCGGATCT-1,7815.0,4984.0,L3,0,0.1829898937184179,1,bisquare,8064,1.0,negbinomial,0.17601685035067796,False
TGCATGGCAGTCTTGC-1,10436.0,2835.0,L3,0,0.16539371124065508,1,bisquare,8064,1.0,negbinomial,0.17601685035067796,False
TGCATGTGACCCATAG-1,5805.0,10848.0,WM,4,0.13979650124713883,1,bisquare,8064,1.0,negbinomial,0.17601685035067796,False
TGCATGTGGTAATCTA-1,8776.0,6184.0,L3,0,0.1168316369773933,1,bisquare,8064,1.0,negbinomial,0.17601685035067796,False
TGCCAAAGTCAGACTT-1,4504.0,7851.0,L5,2,0.09808434552889947,1,bisquare,8064,1.0,negbinomial,0.17601685035067796,False
TGCCAATGGGTACTCT-1,6772.0,9174.0,WM,4,0.2586452559159569,1,bisquare,8064,1.0,negbinomial,0.17601685035067796,False
TGCCACCTGGCGAAAC-1,8434.0,5106.0,L3,0,0.1278106443370374,1,bisquare,8064,1.0,negbinomial,0.17601685035067796,False
TGCCAGTACGTGGAGA-1,8081.0,8818.0,L6,3,0.1797294856554037,1,bisquare,8064,1.0,negbinomial,0.17601685035067796,False
TGCCATGGCTTATAAG-1,9815.0,3193.0,L3,0,0.17032636854844452,1,bisquare,8064,1.0,negbinomial,0.17601685035067796,False
TGCCATTACTAAAGAA-1,9191.0,5227.0,L3,0,0.23478616435281457,1,bisquare,8064,1.0,negbinomial,0.17601685035067796,False
TGCCCGTACCGTTAAA-1,8358.0,8100.0,L6,3,0.23503472859258126,1,bisquare,8064,1.0,negbinomial,0.17601685035067796,False
TGCCGAAAGCGTATTC-1,11390.0,6670.0,L3,0,0.12495029218483518,1,bisquare,8064,1.0,negbinomial,0.17601685035067796,False
TGCCGGATGTACGAGC-1,5531.0,10129.0,WM,4,0.29559860209036504,1,bisquare,8064,1.0,negbinomial,0.17601685035067796,False
TGCCGTGGATCGTCCT-1,7529.0,9535.0,WM,4,0.1391721607027739,1,bisquare,8064,1.0,negbinomial,0.17601685035067796,False
TGCCTAATTGAAGATT-1,10420.0,9302.0,L6,3,0.222672369371716,1,bisquare,8064,1.0,negbinomial,0.17601685035067796,False
TGCCTGACATCGGTCA-1,4581.0,4617.0,L3,0,0.12573989726418594,1,bisquare,8064,1.0,negbinomial,0.17601685035067796,False
TGCCTGATCAAACGAT-1,8021.0,5105.0,L3,0,0.18864219171978203,1,bisquare,8064,1.0,negbinomial,0.17601685035067796,False
TGCCTTGGCCAGGCAA-1,8838.0,8939.0,L6,3,0.2449102044793047,1,bisquare,8064,1.0,negbinomial,0.17601685035067796,False
TGCGAATATGGGATTT-1,4090.0,8089.0,L5,2,0.12004623637209867,1,bisquare,8064,1.0,negbinomial,0.17601685035067796,False
TGCGACACCCTAGTGC-1,6362.0,8215.0,L6,3,0.21968055689807756,1,bisquare,8064,1.0,negbinomial,0.17601685035067796,False
TGCGACGGCCGAACGT-1,5394.0,9889.0,L6,3,0.046996597139354196,1,bisquare,8064,1.0,negbinomial,0.17601685035067796,False
TGCGAGAATATTACCC-1,5948.0,8693.0,L6,3,0.1936661323087311,1,bisquare,8064,1.0,negbinomial,0.17601685035067796,False
TGCGAGATGGCGGCCA-1,11121.0,4034.0,L3,0,0.1671050242594376,1,bisquare,8064,1.0,negbinomial,0.17601685035067796,False
TGCGAGCCCTTCCGCG-1,10226.0,4152.0,L3,0,0.18163516137513858,1,bisquare,8064,1.0,negbinomial,0.17601685035067796,False
TGCGATGCTAATGGCT-1,3960.0,5215.0,L3,0,0.11006065514868675,1,bisquare,8064,1.0,negbinomial,0.17601685035067796,False
TGCGCAAAGCATTTGG-1,7811.0,6422.0,L4,1,0.2779307276721922,1,bisquare,8064,1.0,negbinomial,0.17601685035067796,False
TGCGCGATTAACGGAG-1,6023.0,5938.0,L5,2,0.1726144221985058,1,bisquare,8064,1.0,negbinomial,0.17601685035067796,False
TGCGGACTTGACTCCG-1,8420.0,10854.0,WM,4,0.11400312655037821,1,bisquare,8064,1.0,negbinomial,0.17601685035067796,False
TGCGGAGTAAAGGTGC-1,8021.0,5344.0,L3,0,0.1688636291254359,1,bisquare,8064,1.0,negbinomial,0.17601685035067796,False
TGCGGCATAGTTCAAC-1,6922.0,4144.0,L3,0,0.31618186988703695,1,bisquare,8064,1.0,negbinomial,0.17601685035067796,False
TGCGGTCTACGAGTAA-1,9679.0,2713.0,L3,0,0.10475429921220368,1,bisquare,8064,1.0,negbinomial,0.17601685035067796,False
TGCGGTGAAATTTCAT-1,7748.0,4146.0,L3,0,0.12379157052788846,1,bisquare,8064,1.0,negbinomial,0.17601685035067796,False
TGCGTAAGAACCTGAT-1,6156.0,7855.0,L6,3,0.2863950817609398,1,bisquare,8064,1.0,negbinomial,0.17601685035067796,False
TGCGTACGGCTAATTG-1,10141.0,10739.0,L6,3,0.14894848353463921,1,bisquare,8064,1.0,negbinomial,0.17601685035067796,False
TGCGTCATGACTGAGC-1,4639.0,9049.0,L6,3,0.1465925013143777,1,bisquare,8064,1.0,negbinomial,0.17601685035067796,False
TGCGTGATTGGGTGTC-1,4376.0,4018.0,L3,0,0.13748367243095638,1,bisquare,8064,1.0,negbinomial,0.17601685035067796,False
TGCGTTTGTTGACACT-1,8428.0,7740.0,L5,2,0.14304607165161926,1,bisquare,8064,1.0,negbinomial,0.17601685035067796,False
TGCTAAGTGTCTATTT-1,9389.0,8940.0,L6,3,0.21044860721287748,1,bisquare,8064,1.0,negbinomial,0.17601685035067796,False
TGCTATACAAACGGAC-1,6993.0,3306.0,L3,0,0.2362816336301105,1,bisquare,8064,1.0,negbinomial,0.17601685035067796,False
TGCTCACACAACAACC-1,10642.0,2955.0,L3,0,0.2501339904047421,1,bisquare,8064,1.0,negbinomial,0.17601685035067796,False
TGCTCCACAGTTCTTA-1,9735.0,8103.0,L5,2,0.3198586656327909,1,bisquare,8064,1.0,negbinomial,0.17601685035067796,False
TGCTCGGCGAAACCCA-1,7391.0,9535.0,WM,4,0.1319256720543771,1,bisquare,8064,1.0,negbinomial,0.17601685035067796,False
TGCTCGGTGGGTCACC-1,8146.0,10614.0,WM,4,0.15100779005886583,1,bisquare,8064,1.0,negbinomial,0.17601685035067796,False
TGCTCTTGAGAGTTTG-1,8008.0,10374.0,WM,4,0.11024326970569649,1,bisquare,8064,1.0,negbinomial,0.17601685035067796,False
TGCTGCGTCAGAGTTA-1,11741.0,3916.0,L3,0,0.11145074686944972,1,bisquare,8064,1.0,negbinomial,0.17601685035067796,False
TGCTGGTTGGACAATT-1,6025.0,5220.0,L4,1,0.1430774512521293,1,bisquare,8064,1.0,negbinomial,0.17601685035067796,False
TGCTGTTGAAGAACTC-1,7741.0,7260.0,L5,2,0.3413341698911681,1,bisquare,8064,1.0,negbinomial,0.17601685035067796,False
TGCTTAGAGAGAATGC-1,4980.0,10128.0,L6,3,0.14177278059496168,1,bisquare,8064,1.0,negbinomial,0.17601685035067796,False
TGCTTCCCAAGCAGTA-1,7734.0,10134.0,WM,4,0.13933688181137074,1,bisquare,8064,1.0,negbinomial,0.17601685035067796,False
TGGAACCACTGACACA-1,10223.0,5589.0,L3,0,0.2236282527808494,1,bisquare,8064,1.0,negbinomial,0.17601685035067796,False
TGGAAGAAGGGAACGT-1,5607.0,7374.0,L5,2,0.21545676651456463,1,bisquare,8064,1.0,negbinomial,0.17601685035067796,False
TGGAAGACGAACACCA-1,6371.0,4382.0,L3,0,0.2345411791069824,1,bisquare,8064,1.0,negbinomial,0.17601685035067796,False
TGGAAGGATAAAGATG-1,7883.0,5104.0,L3,0,0.3518691007794167,1,bisquare,8064,1.0,negbinomial,0.17601685035067796,False
TGGAATATCCTTGACC-1,10567.0,5470.0,L3,0,0.22557448556357326,1,bisquare,8064,1.0,negbinomial,0.17601685035067796,False
TGGAATTAGACGCTTT-1,4440.0,5815.0,L5,2,0.16283835642485048,1,bisquare,8064,1.0,negbinomial,0.17601685035067796,False
TGGACACCGTTGCTTG-1,3891.0,5095.0,L3,0,0.1748609277492402,1,bisquare,8064,1.0,negbinomial,0.17601685035067796,False
TGGACCAATCTAAGAT-1,8697.0,10137.0,WM,4,0.19966660353997018,1,bisquare,8064,1.0,negbinomial,0.17601685035067796,False
TGGACGCAATCCAGCC-1,4569.0,9648.0,L6,3,0.16209730452466023,1,bisquare,8064,1.0,negbinomial,0.17601685035067796,False
TGGACTGTTCGCTCAA-1,8223.0,7141.0,L5,2,0.09256661695584885,1,bisquare,8064,1.0,negbinomial,0.17601685035067796,False
TGGAGCTAAAGTTCCC-1,7887.0,3427.0,L3,0,0.20058990217770445,1,bisquare,8064,1.0,negbinomial,0.17601685035067796,False
TGGAGTGATGCGATGA-1,6022.0,6178.0,L5,2,0.24265647475001853,1,bisquare,8064,1.0,negbinomial,0.17601685035067796,False
TGGATAGAGTAACAGA-1,4169.0,3898.0,L3,0,0.22953765457857797,1,bisquare,8064,1.0,negbinomial,0.17601685035067796,False
TGGCAAACTAAATTAC-1,8563.0,8699.0,L6,3,0.3514959939766179,1,bisquare,8064,1.0,negbinomial,0.17601685035067796,False
TGGCAACTCGCGCGCC-1,9122.0,5347.0,L3,0,0.19500347324674633,1,bisquare,8064,1.0,negbinomial,0.17601685035067796,False
TGGCAAGCACAAGTCG-1,7044.0,10612.0,WM,4,0.12789093845501143,1,bisquare,8064,1.0,negbinomial,0.17601685035067796,False
TGGCAATGGGACGGCG-1,10489.0,9183.0,L6,3,0.24017498467680556,1,bisquare,8064,1.0,negbinomial,0.17601685035067796,False
TGGCACGAGCTCGAGT-1,10022.0,3313.0,L3,0,0.1732450025821942,1,bisquare,8064,1.0,negbinomial,0.17601685035067796,False
TGGCAGATTACGATCA-1,7188.0,7977.0,L6,3,0.12467335662243208,1,bisquare,8064,1.0,negbinomial,0.17601685035067796,False
TGGCAGCAGTAATAGT-1,7396.0,7379.0,L5,2,0.12560552645608591,1,bisquare,8064,1.0,negbinomial,0.17601685035067796,False
TGGCATGAAGTTTGGG-1,4018.0,9407.0,L6,3,0.20967185645991873,1,bisquare,8064,1.0,negbinomial,0.17601685035067796,False
TGGCCAAACTGAAGTA-1,8432.0,6064.0,L3,0,0.17196632984349378,1,bisquare,8064,1.0,negbinomial,0.17601685035067796,False
TGGCCAATTTGGTACT-1,3952.0,8568.0,L5,2,0.14982590968245635,1,bisquare,8064,1.0,negbinomial,0.17601685035067796,False
TGGCCGTATATTGACC-1,5817.0,5818.0,L5,2,0.174860345902396,1,bisquare,8064,1.0,negbinomial,0.17601685035067796,False
TGGCGACTGCTCCAAA-1,6428.0,9293.0,WM,4,0.2779930366826701,1,bisquare,8064,1.0,negbinomial,0.17601685035067796,False
TGGCGATCAAGTTATG-1,6980.0,8815.0,L6,3,0.08320355069461358,1,bisquare,8064,1.0,negbinomial,0.17601685035067796,False
TGGCGGTGTGCGATTG-1,6166.0,3543.0,L3,0,0.09513208139353391,1,bisquare,8064,1.0,negbinomial,0.17601685035067796,False
TGGCTACACTCTACCT-1,10073.0,10379.0,L6,3,0.20433047485810232,1,bisquare,8064,1.0,negbinomial,0.17601685035067796,False
TGGCTATGTGACATAC-1,8836.0,9897.0,WM,4,0.34773105484706884,1,bisquare,8064,1.0,negbinomial,0.17601685035067796,False
TGGCTCTTGTCGCGTA-1,4023.0,7730.0,L5,2,0.15056313225252563,1,bisquare,8064,1.0,negbinomial,0.17601685035067796,False
TGGCTTGTACAAGCTT-1,11189.0,4633.0,L3,0,0.14105316345654478,1,bisquare,8064,1.0,negbinomial,0.17601685035067796,False
TGGCTTTGGGTAGACA-1,6714.0,4982.0,L3,0,0.2120846071455347,1,bisquare,8064,1.0,negbinomial,0.17601685035067796,False
TGGGAAATGCCTTTCC-1,5060.0,5457.0,L5,2,0.10085629831393932,1,bisquare,8064,1.0,negbinomial,0.17601685035067796,False
TGGGATGCACTCATTC-1,9951.0,4151.0,L3,0,0.137407434560837,1,bisquare,8064,1.0,negbinomial,0.17601685035067796,False
TGGGCAATAGTTGGGT-1,10629.0,8225.0,L4,1,0.24326644663683478,1,bisquare,8064,1.0,negbinomial,0.17601685035067796,False
TGGGCACAAACAGAAC-1,6373.0,3663.0,L3,0,0.24050512960013193,1,bisquare,8064,1.0,negbinomial,0.17601685035067796,False
TGGGCACGTTCTATGG-1,8229.0,4506.0,L3,0,0.07364386620691701,1,bisquare,8064,1.0,negbinomial,0.17601685035067796,False
TGGGCAGGCCACCGCA-1,11178.0,9184.0,L5,2,0.1267976250592398,1,bisquare,8064,1.0,negbinomial,0.17601685035067796,False
TGGGCCACAAGAGCGC-1,8159.0,4865.0,L3,0,0.20112501887249298,1,bisquare,8064,1.0,negbinomial,0.17601685035067796,False
TGGGCCCATACTAATT-1,9321.0,8341.0,L5,2,0.12255213969157229,1,bisquare,8064,1.0,negbinomial,0.17601685035067796,False
TGGGCGATACAATAAG-1,7457.0,10852.0,WM,4,0.11754306383641028,1,bisquare,8064,1.0,negbinomial,0.17601685035067796,False
TGGGTAAGGTTCCCGC-1,8643.0,4268.0,L3,0,0.1436550525112667,1,bisquare,8064,1.0,negbinomial,0.17601685035067796,False
TGGGTGCACAAGCCAT-1,9040.0,10976.0,WM,4,0.2683389565272722,1,bisquare,8064,1.0,negbinomial,0.17601685035067796,False
TGGGTGGGATGTCATT-1,10915.0,3914.0,L3,0,0.21455698683611105,1,bisquare,8064,1.0,negbinomial,0.17601685035067796,False
TGGTAAGCAGGATTGA-1,3954.0,7610.0,L5,2,0.14310535108317174,1,bisquare,8064,1.0,negbinomial,0.17601685035067796,False
TGGTAGAATATATGGG-1,10078.0,8463.0,L5,2,0.12997283779070673,1,bisquare,8064,1.0,negbinomial,0.17601685035067796,False
TGGTATCGCATCCCAA-1,7887.0,3667.0,L3,0,0.12477033554830051,1,bisquare,8064,1.0,negbinomial,0.17601685035067796,False
TGGTATCGGTCTGTAT-1,7268.0,3546.0,L3,0,0.10547211642886943,1,bisquare,8064,1.0,negbinomial,0.17601685035067796,False
TGGTCCCACGCTACGG-1,8287.0,8938.0,L6,3,0.07339758735087772,1,bisquare,8064,1.0,negbinomial,0.17601685035067796,False
TGGTCGTGCAAGGCAA-1,3679.0,7609.0,L5,2,0.14374324336488806,1,bisquare,8064,1.0,negbinomial,0.17601685035067796,False
TGGTCGTTTGATAGAT-1,10504.0,2955.0,L3,0,0.12895272951723089,1,bisquare,8064,1.0,negbinomial,0.17601685035067796,False
TGGTCTGTTGGGCGTA-1,5194.0,7134.0,L5,2,0.1615206442833218,1,bisquare,8064,1.0,negbinomial,0.17601685035067796,False
TGGTGATCGTATTTGT-1,4302.0,5814.0,L4,1,0.07837604381505131,1,bisquare,8064,1.0,negbinomial,0.17601685035067796,False
TGGTTAAGGGCGCTGG-1,11048.0,5830.0,L3,0,0.10338600840341135,1,bisquare,8064,1.0,negbinomial,0.17601685035067796,False
TGGTTCAACGGGTAAT-1,8288.0,8698.0,L6,3,0.14904044573852507,1,bisquare,8064,1.0,negbinomial,0.17601685035067796,False
TGGTTCGTAGCAAAGG-1,6988.0,5461.0,L3,0,0.3291831694814595,1,bisquare,8064,1.0,negbinomial,0.17601685035067796,False
TGGTTGGAGGATCCTG-1,9469.0,4030.0,L3,0,0.10424703652551102,1,bisquare,8064,1.0,negbinomial,0.17601685035067796,False
TGGTTTAAACGTGGGT-1,10911.0,5591.0,L3,0,0.2549005727050682,1,bisquare,8064,1.0,negbinomial,0.17601685035067796,False
TGTAATGACCACAATA-1,4162.0,7012.0,L5,2,0.22644698763388482,1,bisquare,8064,1.0,negbinomial,0.17601685035067796,False
TGTAATGCCTTCGGAC-1,10573.0,3075.0,L3,0,0.18766954558242543,1,bisquare,8064,1.0,negbinomial,0.17601685035067796,False
TGTACCTACACGAGGG-1,9455.0,9779.0,L6,3,0.1261970320049514,1,bisquare,8064,1.0,negbinomial,0.17601685035067796,False
TGTACGAACAAATCCG-1,7190.0,7258.0,L5,2,0.21460371144523477,1,bisquare,8064,1.0,negbinomial,0.17601685035067796,False
TGTACGCTATCAGCTT-1,8991.0,2711.0,L3,0,0.09443784411038193,1,bisquare,8064,1.0,negbinomial,0.17601685035067796,False
TGTACTGTGCCAAAGT-1,6167.0,3304.0,L3,0,0.13621187987509398,1,bisquare,8064,1.0,negbinomial,0.17601685035067796,False
TGTAGCCATCCCATTC-1,10900.0,10142.0,L6,3,0.1695950765931792,1,bisquare,8064,1.0,negbinomial,0.17601685035067796,False
TGTAGGAGAAATTTCC-1,9118.0,6784.0,L4,1,0.17340652123909767,1,bisquare,8064,1.0,negbinomial,0.17601685035067796,False
TGTAGTGATCTATAAT-1,5470.0,6895.0,L5,2,0.11990689122342321,1,bisquare,8064,1.0,negbinomial,0.17601685035067796,False
TGTATAACAGATCCTG-1,8638.0,6184.0,L3,0,0.2253758783594837,1,bisquare,8064,1.0,negbinomial,0.17601685035067796,False
TGTATCAGACTGAAGC-1,10777.0,3913.0,L3,0,0.19283385733407346,1,bisquare,8064,1.0,negbinomial,0.17601685035067796,False
TGTATCCTTATTCCAT-1,6647.0,3904.0,L3,0,0.1566432781867338,1,bisquare,8064,1.0,negbinomial,0.17601685035067796,False
TGTATGGCGCAGACAG-1,9598.0,7863.0,L5,2,0.13721500945159185,1,bisquare,8064,1.0,negbinomial,0.17601685035067796,False
TGTATTTACCTAATGC-1,10227.0,3912.0,L3,0,0.17355355136261377,1,bisquare,8064,1.0,negbinomial,0.17601685035067796,False
TGTCATTTGTTGGGAA-1,10705.0,5231.0,L3,0,0.2744409341988657,1,bisquare,8064,1.0,negbinomial,0.17601685035067796,False
TGTCCACGGCTCAACT-1,10142.0,10499.0,L6,3,0.11105939596255501,1,bisquare,8064,1.0,negbinomial,0.17601685035067796,False
TGTCCCGACATAGCAC-1,7129.0,4024.0,L3,0,0.20155976163451278,1,bisquare,8064,1.0,negbinomial,0.17601685035067796,False
TGTCCGTGGCGCCTTT-1,4439.0,6294.0,L5,2,0.1480371001333334,1,bisquare,8064,1.0,negbinomial,0.17601685035067796,False
TGTCCTAAGTCACCGC-1,5264.0,6775.0,L5,2,0.16075946460939308,1,bisquare,8064,1.0,negbinomial,0.17601685035067796,False
TGTCGGCATGGTGGAA-1,4789.0,3779.0,L3,0,0.12579145732498437,1,bisquare,8064,1.0,negbinomial,0.17601685035067796,False
TGTCGTTATCACATAT-1,4224.0,10006.0,L6,3,0.33749447191819015,1,bisquare,8064,1.0,negbinomial,0.17601685035067796,False
TGTCTACAGTTTCTGT-1,6854.0,4024.0,L3,0,0.15561732776556722,1,bisquare,8064,1.0,negbinomial,0.17601685035067796,False
TGTGACTACGCCAGTC-1,8227.0,5225.0,L3,0,0.11573155073689534,1,bisquare,8064,1.0,negbinomial,0.17601685035067796,False
TGTGAGACTAGCCCAA-1,7528.0,9774.0,WM,4,0.25064830556402556,1,bisquare,8064,1.0,negbinomial,0.17601685035067796,False
TGTGATTCCAGCGCTT-1,9128.0,2712.0,L3,0,0.08453710503864795,1,bisquare,8064,1.0,negbinomial,0.17601685035067796,False
TGTGCCGGTGCCGGAA-1,9870.0,9061.0,L6,3,0.2352884295271715,1,bisquare,8064,1.0,negbinomial,0.17601685035067796,False
TGTGCTTTACGTAAGA-1,4437.0,7012.0,L5,2,0.17821778035861519,1,bisquare,8064,1.0,negbinomial,0.17601685035067796,False
TGTGGACTATCTACGT-1,11867.0,8946.0,L5,2,0.2418970425153711,1,bisquare,8064,1.0,negbinomial,0.17601685035067796,False
TGTGGAGGAAGCTTAA-1,7063.0,2946.0,L3,0,0.09675169925739029,1,bisquare,8064,1.0,negbinomial,0.17601685035067796,False
TGTGGCAAAGCGTATG-1,9189.0,6185.0,L3,0,0.16757680090236163,1,bisquare,8064,1.0,negbinomial,0.17601685035067796,False
TGTGGCGGGCTTCTGG-1,7251.0,10492.0,WM,4,0.07261112110279302,1,bisquare,8064,1.0,negbinomial,0.17601685035067796,False
TGTGGCTCCCACCAAC-1,11318.0,7987.0,L4,1,0.15255215769766825,1,bisquare,8064,1.0,negbinomial,0.17601685035067796,False
TGTGGTAGGGTGCCTT-1,11797.0,9066.0,L5,2,0.1971489257060435,1,bisquare,8064,1.0,negbinomial,0.17601685035067796,False
TGTGGTTGCTAAAGCT-1,6563.0,10491.0,WM,4,0.09590599863228341,1,bisquare,8064,1.0,negbinomial,0.17601685035067796,False
TGTGTAGTAGCACGTG-1,11177.0,9663.0,L6,3,0.16538690189662208,1,bisquare,8064,1.0,negbinomial,0.17601685035067796,False
TGTGTCGCGAGTTGCA-1,5680.0,5578.0,L5,2,0.12396402418145908,1,bisquare,8064,1.0,negbinomial,0.17601685035067796,False
TGTGTTCGTATCCAAG-1,4645.0,6414.0,L5,2,0.21638963423505028,1,bisquare,8064,1.0,negbinomial,0.17601685035067796,False
TGTTATTGTATGTGGC-1,9116.0,7982.0,L5,2,0.2136562156495133,1,bisquare,8064,1.0,negbinomial,0.17601685035067796,False
TGTTCATAAATGTGCT-1,3752.0,5813.0,L3,0,0.20598260710650435,1,bisquare,8064,1.0,negbinomial,0.17601685035067796,False
TGTTCCGCTTCCATGA-1,6227.0,7017.0,L5,2,0.14644828285300118,1,bisquare,8064,1.0,negbinomial,0.17601685035067796,False
TGTTCGTATTGCGGTG-1,7393.0,8576.0,L6,3,0.09136101410554875,1,bisquare,8064,1.0,negbinomial,0.17601685035067796,False
TGTTCTCTACTCCCTA-1,11671.0,4275.0,L3,0,0.1116309040207192,1,bisquare,8064,1.0,negbinomial,0.17601685035067796,False
TGTTCTTCCATTGACT-1,6159.0,6657.0,L5,2,0.1660388561548601,1,bisquare,8064,1.0,negbinomial,0.17601685035067796,False
TGTTGATCACTGTTTA-1,11468.0,2957.0,L3,0,0.10060105547674698,1,bisquare,8064,1.0,negbinomial,0.17601685035067796,False
TGTTGCCGTCGTCCCA-1,11593.0,8227.0,L4,1,0.16935232909761083,1,bisquare,8064,1.0,negbinomial,0.17601685035067796,False
TGTTGTCAAGAAGTCT-1,8846.0,5586.0,L3,0,0.10729261244833734,1,bisquare,8064,1.0,negbinomial,0.17601685035067796,False
TGTTTAATACTTCATC-1,8506.0,3788.0,L3,0,0.14757587947292344,1,bisquare,8064,1.0,negbinomial,0.17601685035067796,False
TGTTTCGGTACTTCTC-1,7058.0,4863.0,L3,0,0.13813181993964774,1,bisquare,8064,1.0,negbinomial,0.17601685035067796,False
TGTTTGAGATCGTCAG-1,11110.0,8585.0,L5,2,0.1506072596581204,1,bisquare,8064,1.0,negbinomial,0.17601685035067796,False
TTAAACAGAGTCCCGC-1,5064.0,3780.0,L3,0,0.092095653303491,1,bisquare,8064,1.0,negbinomial,0.17601685035067796,False
TTAAACCGGTAGCGAC-1,6786.0,3664.0,L3,0,0.10920399973166814,1,bisquare,8064,1.0,negbinomial,0.17601685035067796,False
TTAAACCTGGTTCCTT-1,4027.0,5814.0,L4,1,0.2796811470004,1,bisquare,8064,1.0,negbinomial,0.17601685035067796,False
TTAAACTCGAATTCAT-1,9739.0,6426.0,L3,0,0.35805811717246533,1,bisquare,8064,1.0,negbinomial,0.17601685035067796,False
TTAACACCTCGAACAT-1,4716.0,5576.0,L5,2,0.10508430699301001,1,bisquare,8064,1.0,negbinomial,0.17601685035067796,False
TTAACCAACCCTCCCT-1,6989.0,4982.0,L3,0,0.2889031438464103,1,bisquare,8064,1.0,negbinomial,0.17601685035067796,False
TTAACGAACAAGCAGT-1,11049.0,5351.0,L3,0,0.32253022338915593,1,bisquare,8064,1.0,negbinomial,0.17601685035067796,False
TTAACGTCGCAAGACC-1,6923.0,3904.0,L3,0,0.21264902980175587,1,bisquare,8064,1.0,negbinomial,0.17601685035067796,False
TTAACTCACGCGTGGA-1,4165.0,5574.0,L4,1,0.09035553774960706,1,bisquare,8064,1.0,negbinomial,0.17601685035067796,False
TTAACTTCAGGTAGGA-1,4985.0,8211.0,L6,3,0.11741975822437321,1,bisquare,8064,1.0,negbinomial,0.17601685035067796,False
TTAAGACGAACGAACC-1,9815.0,3432.0,L3,0,0.1432005304271636,1,bisquare,8064,1.0,negbinomial,0.17601685035067796,False
TTAAGATAGGATTGAC-1,10148.0,7864.0,L4,1,0.1892090742853599,1,bisquare,8064,1.0,negbinomial,0.17601685035067796,False
TTAAGCCGACAACTTC-1,8505.0,4267.0,L3,0,0.25242250546653827,1,bisquare,8064,1.0,negbinomial,0.17601685035067796,False
TTAAGCGCCTGACCCA-1,6229.0,6298.0,L5,2,0.2302443209915574,1,bisquare,8064,1.0,negbinomial,0.17601685035067796,False
TTAAGGATACGGAGGT-1,5891.0,3542.0,L3,0,0.21572359649707618,1,bisquare,8064,1.0,negbinomial,0.17601685035067796,False
TTAAGGCCCGTACTTT-1,4912.0,9768.0,L6,3,0.20379282277933067,1,bisquare,8064,1.0,negbinomial,0.17601685035067796,False
TTAAGTATTGTTATCC-1,9385.0,10378.0,L6,3,0.12625348478824172,1,bisquare,8064,1.0,negbinomial,0.17601685035067796,False
TTAATCAGTACGTCAG-1,8435.0,4866.0,L3,0,0.2046749586930067,1,bisquare,8064,1.0,negbinomial,0.17601685035067796,False
TTAATGCGAGGTAACT-1,8026.0,3188.0,L3,0,0.2764990088431864,1,bisquare,8064,1.0,negbinomial,0.17601685035067796,False
TTAATGTAGACCAGGT-1,7881.0,6302.0,L4,1,0.15364983088853437,1,bisquare,8064,1.0,negbinomial,0.17601685035067796,False
TTAATTGCTTTGGGTG-1,8422.0,10136.0,WM,4,0.17184287872633658,1,bisquare,8064,1.0,negbinomial,0.17601685035067796,False
TTAATTTCAGACGCGG-1,7953.0,4745.0,L3,0,0.11161017473180201,1,bisquare,8064,1.0,negbinomial,0.17601685035067796,False
TTACAACTACGCATCC-1,6781.0,5581.0,L4,1,0.19091573556078706,1,bisquare,8064,1.0,negbinomial,0.17601685035067796,False
TTACACGATCTGCGAC-1,10762.0,10141.0,L6,3,0.2728382356858818,1,bisquare,8064,1.0,negbinomial,0.17601685035067796,False
TTACAGACCTAAATGA-1,9809.0,5827.0,L3,0,0.34616946465293685,1,bisquare,8064,1.0,negbinomial,0.17601685035067796,False
TTACATCGTGGCCTGG-1,5681.0,5099.0,L4,1,0.103539512968326,1,bisquare,8064,1.0,negbinomial,0.17601685035067796,False
TTACATGCCACAACTA-1,10287.0,7625.0,L4,1,0.14631721265731407,1,bisquare,8064,1.0,negbinomial,0.17601685035067796,False
TTACCATTGATTACCC-1,5126.0,6774.0,L5,2,0.1510627358175469,1,bisquare,8064,1.0,negbinomial,0.17601685035067796,False
TTACCCATTGCCGGGT-1,9054.0,4748.0,L3,0,0.14140493985227276,1,bisquare,8064,1.0,negbinomial,0.17601685035067796,False
TTACCCTAACAGTCCT-1,4854.0,5576.0,L5,2,0.10703677490822779,1,bisquare,8064,1.0,negbinomial,0.17601685035067796,False
TTACCCTAGGGATTGG-1,7184.0,9893.0,WM,4,0.11925771658998768,1,bisquare,8064,1.0,negbinomial,0.17601685035067796,False
TTACCGCCTTAGGGAA-1,4651.0,4019.0,L3,0,0.13559670702225227,1,bisquare,8064,1.0,negbinomial,0.17601685035067796,False
TTACGGATGGTTCGAG-1,9601.0,6665.0,L3,0,0.22403852603176447,1,bisquare,8064,1.0,negbinomial,0.17601685035067796,False
TTACGTAGCGCGTGCT-1,10091.0,2954.0,L3,0,0.12863552472123424,1,bisquare,8064,1.0,negbinomial,0.17601685035067796,False
TTACGTATCTATGACA-1,11175.0,10382.0,L6,3,0.12260249359279911,1,bisquare,8064,1.0,negbinomial,0.17601685035067796,False
TTACTAAAGGACTTTA-1,8564.0,8459.0,L6,3,0.19393384158451232,1,bisquare,8064,1.0,negbinomial,0.17601685035067796,False
TTACTATCGGCTTCTC-1,4300.0,6772.0,L5,2,0.14985621582437472,1,bisquare,8064,1.0,negbinomial,0.17601685035067796,False
TTACTCCGGCCGGGAA-1,8568.0,6783.0,L4,1,0.19137940380249793,1,bisquare,8064,1.0,negbinomial,0.17601685035067796,False
TTACTCTGGTACGTAC-1,5330.0,7853.0,L6,3,0.17869224730683406,1,bisquare,8064,1.0,negbinomial,0.17601685035067796,False
TTACTGGGATATTTCA-1,6913.0,7976.0,L6,3,0.22477714960944056,1,bisquare,8064,1.0,negbinomial,0.17601685035067796,False
TTACTGTCTAGAGCTC-1,11119.0,4992.0,L3,0,0.10396457200600477,1,bisquare,8064,1.0,negbinomial,0.17601685035067796,False
TTACTGTTTCTCTACG-1,7889.0,2948.0,L3,0,0.08820099068068679,1,bisquare,8064,1.0,negbinomial,0.17601685035067796,False
TTAGAAGAACATGACT-1,7599.0,8936.0,L6,3,0.07163404592733552,1,bisquare,8064,1.0,negbinomial,0.17601685035067796,False
TTAGAATAAGGGTCGG-1,6289.0,10011.0,WM,4,0.11555866699374755,1,bisquare,8064,1.0,negbinomial,0.17601685035067796,False
TTAGACACGATCGTTG-1,9124.0,4628.0,L3,0,0.10196639310447296,1,bisquare,8064,1.0,negbinomial,0.17601685035067796,False
TTAGACGAGTCACCTC-1,8701.0,8460.0,L6,3,0.21511292286476263,1,bisquare,8064,1.0,negbinomial,0.17601685035067796,False
TTAGAGTTTAGAAGGA-1,9115.0,8221.0,L5,2,0.20811277855451393,1,bisquare,8064,1.0,negbinomial,0.17601685035067796,False
TTAGATAGGTCGATAC-1,4650.0,4258.0,L3,0,0.13064752481312483,1,bisquare,8064,1.0,negbinomial,0.17601685035067796,False
TTAGCAACATGGATGT-1,5130.0,5098.0,L4,1,0.11467590024210651,1,bisquare,8064,1.0,negbinomial,0.17601685035067796,False
TTAGCTAATACGATCT-1,9948.0,5349.0,L3,0,0.3503903837549684,1,bisquare,8064,1.0,negbinomial,0.17601685035067796,False
TTAGCTCTGTAATCCG-1,4232.0,6413.0,L5,2,0.11542296763329406,1,bisquare,8064,1.0,negbinomial,0.17601685035067796,False
TTAGCTGATTTGCCGT-1,9668.0,7264.0,L4,1,0.16242431952411326,1,bisquare,8064,1.0,negbinomial,0.17601685035067796,False
TTAGGTCATAACCGAC-1,5808.0,9650.0,WM,4,0.1663895972561345,1,bisquare,8064,1.0,negbinomial,0.17601685035067796,False
TTAGTAAACCTGCTCT-1,9661.0,10139.0,L6,3,0.13175264547994248,1,bisquare,8064,1.0,negbinomial,0.17601685035067796,False
TTAGTAGGGCGGCGGG-1,4988.0,6774.0,L5,2,0.16476408563181852,1,bisquare,8064,1.0,negbinomial,0.17601685035067796,False
TTAGTTATTCGTGGCA-1,9459.0,8342.0,L5,2,0.10673460497525138,1,bisquare,8064,1.0,negbinomial,0.17601685035067796,False
TTAGTTCAAGTGTTCG-1,10912.0,5351.0,L3,0,0.1475116402782979,1,bisquare,8064,1.0,negbinomial,0.17601685035067796,False
TTATAGATGCACATTA-1,6855.0,3305.0,L3,0,0.11828821666267218,1,bisquare,8064,1.0,negbinomial,0.17601685035067796,False
TTATAGGTAATTGTCT-1,8216.0,10016.0,WM,4,0.16523011620293973,1,bisquare,8064,1.0,negbinomial,0.17601685035067796,False
TTATAGTCCAAGGTGC-1,10572.0,3314.0,L3,0,0.1341130111340311,1,bisquare,8064,1.0,negbinomial,0.17601685035067796,False
TTATATACGCTGTCAC-1,8291.0,7261.0,L5,2,0.24389434101389437,1,bisquare,8064,1.0,negbinomial,0.17601685035067796,False
TTATATTTGGCAATCC-1,7606.0,5822.0,L3,0,0.13181527746707056,1,bisquare,8064,1.0,negbinomial,0.17601685035067796,False
TTATCCAATCGAACTC-1,5476.0,4260.0,L3,0,0.3204407197457691,1,bisquare,8064,1.0,negbinomial,0.17601685035067796,False
TTATCCGGGATCTATA-1,9182.0,8820.0,L6,3,0.33301098547864594,1,bisquare,8064,1.0,negbinomial,0.17601685035067796,False
TTATCCTCAAGGAATA-1,4433.0,8929.0,L6,3,0.191854037422621,1,bisquare,8064,1.0,negbinomial,0.17601685035067796,False
TTATCGCCTGCGAAGC-1,4371.0,5934.0,L5,2,0.212382427977642,1,bisquare,8064,1.0,negbinomial,0.17601685035067796,False
TTATCTGACATTAGGA-1,3746.0,8208.0,L5,2,0.13039676365530123,1,bisquare,8064,1.0,negbinomial,0.17601685035067796,False
TTATCTGTATCATAAC-1,7332.0,5342.0,L3,0,0.1963641816197053,1,bisquare,8064,1.0,negbinomial,0.17601685035067796,False
TTATGAATGAAAGGGA-1,7533.0,7619.0,L5,2,0.14558851689168473,1,bisquare,8064,1.0,negbinomial,0.17601685035067796,False
TTATGACAAACTGGAT-1,5610.0,5937.0,L5,2,0.16807600527852573,1,bisquare,8064,1.0,negbinomial,0.17601685035067796,False
TTATGATCTTAACGAA-1,8842.0,7262.0,L5,2,0.16279705609401898,1,bisquare,8064,1.0,negbinomial,0.17601685035067796,False
TTATGCGTCCCGGTCC-1,6304.0,3543.0,L3,0,0.10025916596227508,1,bisquare,8064,1.0,negbinomial,0.17601685035067796,False
TTATGTTTGCGATAGA-1,4578.0,5815.0,L5,2,0.1263256850607039,1,bisquare,8064,1.0,negbinomial,0.17601685035067796,False
TTATTAGAGCGTGTTC-1,8014.0,8219.0,L6,3,0.23350269694100054,1,bisquare,8064,1.0,negbinomial,0.17601685035067796,False
TTATTAGGGAAGCATC-1,7265.0,4504.0,L3,0,0.1851410234443727,1,bisquare,8064,1.0,negbinomial,0.17601685035067796,False
TTATTATCTGGAAGGC-1,11522.0,9305.0,L5,2,0.13040350296663053,1,bisquare,8064,1.0,negbinomial,0.17601685035067796,False
TTCAAAGTCTCTAGCC-1,8361.0,6902.0,L4,1,0.2363239958262801,1,bisquare,8064,1.0,negbinomial,0.17601685035067796,False
TTCAACGACCCGACCG-1,6507.0,5101.0,L3,0,0.33448303340803487,1,bisquare,8064,1.0,negbinomial,0.17601685035067796,False
TTCAAGCCGAGCTGAG-1,8367.0,4267.0,L3,0,0.0976662440756909,1,bisquare,8064,1.0,negbinomial,0.17601685035067796,False
TTCAATACTCTGAATC-1,9117.0,7263.0,L4,1,0.3405168620559963,1,bisquare,8064,1.0,negbinomial,0.17601685035067796,False
TTCAATTAGCCATAAT-1,8507.0,3549.0,L3,0,0.24888127250512654,1,bisquare,8064,1.0,negbinomial,0.17601685035067796,False
TTCACGAAAGGATCAC-1,6915.0,7258.0,L5,2,0.19463385021554716,1,bisquare,8064,1.0,negbinomial,0.17601685035067796,False
TTCACTCGAGCACCTA-1,7942.0,9296.0,L6,3,0.04907574529450714,1,bisquare,8064,1.0,negbinomial,0.17601685035067796,False
TTCACTTCCTAGAACG-1,6700.0,10731.0,WM,4,0.12144322714964621,1,bisquare,8064,1.0,negbinomial,0.17601685035067796,False
TTCAGCCCTGGTCCAC-1,9046.0,8341.0,L5,2,0.28000648047922777,1,bisquare,8064,1.0,negbinomial,0.17601685035067796,False
TTCAGCTGGCGTGCCC-1,9732.0,9301.0,L6,3,0.26349248733082486,1,bisquare,8064,1.0,negbinomial,0.17601685035067796,False
TTCAGGCGTCAAAGCC-1,4298.0,7491.0,L5,2,0.14439901584175346,1,bisquare,8064,1.0,negbinomial,0.17601685035067796,False
TTCATGGCGCAACAGG-1,8366.0,4986.0,L3,0,0.12456591900223025,1,bisquare,8064,1.0,negbinomial,0.17601685035067796,False
TTCCAATCAGAGCTAG-1,9741.0,5468.0,L3,0,0.1726345507582642,1,bisquare,8064,1.0,negbinomial,0.17601685035067796,False
TTCCAATCTGGCTATC-1,6361.0,8454.0,L6,3,0.12861812385722537,1,bisquare,8064,1.0,negbinomial,0.17601685035067796,False
TTCCACACAGATTTGA-1,6361.0,8694.0,L6,3,0.12184735928590512,1,bisquare,8064,1.0,negbinomial,0.17601685035067796,False
TTCCACATTTCTCGTC-1,8508.0,2830.0,L3,0,0.08645021327672221,1,bisquare,8064,1.0,negbinomial,0.17601685035067796,False
TTCCAGACGAGATTTA-1,10838.0,7387.0,L3,0,0.3471512392345652,1,bisquare,8064,1.0,negbinomial,0.17601685035067796,False
TTCCATCATGCGGTGA-1,10019.0,4271.0,L3,0,0.2148753601043373,1,bisquare,8064,1.0,negbinomial,0.17601685035067796,False
TTCCATCGACAGCGTG-1,10556.0,10021.0,L6,3,0.2344253875306061,1,bisquare,8064,1.0,negbinomial,0.17601685035067796,False
TTCCCGACGCTTCACT-1,9334.0,2832.0,L3,0,0.07583528547710539,1,bisquare,8064,1.0,negbinomial,0.17601685035067796,False
TTCCCGGCGCCAATAG-1,4021.0,8209.0,L5,2,0.11767938082796782,1,bisquare,8064,1.0,negbinomial,0.17601685035067796,False
TTCCGCAGAGAAATAT-1,10155.0,5229.0,L3,0,0.1369438955846851,1,bisquare,8064,1.0,negbinomial,0.17601685035067796,False
TTCCGCGTGAGGCGAT-1,7601.0,8218.0,L6,3,0.18407316792885192,1,bisquare,8064,1.0,negbinomial,0.17601685035067796,False
TTCCGGCCTTGAGGCT-1,6222.0,9172.0,WM,4,0.22547550930095553,1,bisquare,8064,1.0,negbinomial,0.17601685035067796,False
TTCCGGCTCGACTTCT-1,10777.0,4153.0,L3,0,0.16481167915695322,1,bisquare,8064,1.0,negbinomial,0.17601685035067796,False
TTCCGGTATCTGTGTC-1,11113.0,7627.0,L3,0,0.20242900093331526,1,bisquare,8064,1.0,negbinomial,0.17601685035067796,False
TTCCGGTTACCCACTT-1,9184.0,8102.0,L5,2,0.13394839868312594,1,bisquare,8064,1.0,negbinomial,0.17601685035067796,False
TTCCTCGAGGGTGTCT-1,6575.0,5221.0,L3,0,0.20096343507276784,1,bisquare,8064,1.0,negbinomial,0.17601685035067796,False
TTCCTCGGACTAACCA-1,9114.0,8700.0,L6,3,0.21759208808633868,1,bisquare,8064,1.0,negbinomial,0.17601685035067796,False
TTCCTCTGCCCGAATA-1,4231.0,6892.0,L5,2,0.1456765193624564,1,bisquare,8064,1.0,negbinomial,0.17601685035067796,False
TTCCTTTCTGTGTTGC-1,4926.0,4019.0,L3,0,0.09535432841900629,1,bisquare,8064,1.0,negbinomial,0.17601685035067796,False
TTCGACAGAGCCCGTG-1,7874.0,8937.0,L6,3,0.05766014830446963,1,bisquare,8064,1.0,negbinomial,0.17601685035067796,False
TTCGACGGGAAGGGCG-1,6230.0,5579.0,L4,1,0.16331201413250274,1,bisquare,8064,1.0,negbinomial,0.17601685035067796,False
TTCGAGCCGGCGCTAC-1,11672.0,3796.0,L3,0,0.12990761874075715,1,bisquare,8064,1.0,negbinomial,0.17601685035067796,False
TTCGCACTCGCGTGCT-1,6299.0,5699.0,L5,2,0.2018855406935314,1,bisquare,8064,1.0,negbinomial,0.17601685035067796,False
TTCGCACTGTACGACA-1,7252.0,10013.0,WM,4,0.10667829149470116,1,bisquare,8064,1.0,negbinomial,0.17601685035067796,False
TTCGCATCCGGAAGCA-1,4513.0,4018.0,L3,0,0.13161177622784426,1,bisquare,8064,1.0,negbinomial,0.17601685035067796,False
TTCGCCGCTCGCGCTA-1,3812.0,9526.0,L6,3,0.13398347366378122,1,bisquare,8064,1.0,negbinomial,0.17601685035067796,False
TTCGCGCGCCATACGA-1,6427.0,9772.0,WM,4,0.12172243670257543,1,bisquare,8064,1.0,negbinomial,0.17601685035067796,False
TTCGCTAGGAAGTTGT-1,11250.0,7627.0,L3,0,0.19897274934330697,1,bisquare,8064,1.0,negbinomial,0.17601685035067796,False
TTCGCTATCTGACGTG-1,10086.0,5110.0,L3,0,0.15070621315663815,1,bisquare,8064,1.0,negbinomial,0.17601685035067796,False
TTCGGACTGATGCCTT-1,10021.0,3552.0,L3,0,0.12034515502996289,1,bisquare,8064,1.0,negbinomial,0.17601685035067796,False
TTCGGCAACCCGCTGA-1,9261.0,4628.0,L3,0,0.15888369933995541,1,bisquare,8064,1.0,negbinomial,0.17601685035067796,False
TTCGGCTAGAGATGGT-1,4855.0,4857.0,L3,0,0.13338029532996365,1,bisquare,8064,1.0,negbinomial,0.17601685035067796,False
TTCGGGACTAATCGCG-1,8154.0,7021.0,L5,2,0.08976526835763578,1,bisquare,8064,1.0,negbinomial,0.17601685035067796,False
TTCGGGCGCTAGTCTT-1,5740.0,9291.0,L6,3,0.07262790784339249,1,bisquare,8064,1.0,negbinomial,0.17601685035067796,False
TTCGGGTTGCCACGGG-1,11244.0,10023.0,L6,3,0.15492132949498738,1,bisquare,8064,1.0,negbinomial,0.17601685035067796,False
TTCGGTACTGTAGAGG-1,7526.0,10733.0,WM,4,0.08789693614544632,1,bisquare,8064,1.0,negbinomial,0.17601685035067796,False
TTCGGTGGAGACGCCC-1,11524.0,8347.0,L4,1,0.11966017328712628,1,bisquare,8064,1.0,negbinomial,0.17601685035067796,False
TTCGTAATCCCAGCGG-1,9125.0,4149.0,L3,0,0.08975972951755598,1,bisquare,8064,1.0,negbinomial,0.17601685035067796,False
TTCGTACTCCAGAACG-1,5196.0,6176.0,L5,2,0.1274969010307422,1,bisquare,8064,1.0,negbinomial,0.17601685035067796,False
TTCGTGGGCTGGAAGC-1,11054.0,3196.0,L3,0,0.09604233128177281,1,bisquare,8064,1.0,negbinomial,0.17601685035067796,False
TTCGTTCAACGAAGTT-1,10429.0,5470.0,L3,0,0.16924814378097994,1,bisquare,8064,1.0,negbinomial,0.17601685035067796,False
TTCTAACCGAAGCTTA-1,9394.0,6785.0,L3,0,0.2666908195899954,1,bisquare,8064,1.0,negbinomial,0.17601685035067796,False
TTCTACCTTTATGTTG-1,8989.0,3430.0,L3,0,0.11181224461810556,1,bisquare,8064,1.0,negbinomial,0.17601685035067796,False
TTCTACTTGCGAGGGC-1,5405.0,5338.0,L4,1,0.10734944240872521,1,bisquare,8064,1.0,negbinomial,0.17601685035067796,False
TTCTAGAAAGTCTTAT-1,6358.0,9891.0,WM,4,0.11817957649332518,1,bisquare,8064,1.0,negbinomial,0.17601685035067796,False
TTCTAGGCCAATTGTG-1,6231.0,5340.0,L4,1,0.17401259949541856,1,bisquare,8064,1.0,negbinomial,0.17601685035067796,False
TTCTATGCCTTTCGCA-1,11529.0,6191.0,L3,0,0.1194899879757065,1,bisquare,8064,1.0,negbinomial,0.17601685035067796,False
TTCTATTAAACGCAGC-1,6975.0,10731.0,WM,4,0.1248271356788152,1,bisquare,8064,1.0,negbinomial,0.17601685035067796,False
TTCTCTTACAGGTGAT-1,3741.0,10125.0,L6,3,0.17102399401144672,1,bisquare,8064,1.0,negbinomial,0.17601685035067796,False
TTCTGACCGGGCTCAA-1,8976.0,8939.0,L6,3,0.2972889083882411,1,bisquare,8064,1.0,negbinomial,0.17601685035067796,False
TTCTGCCGCGCCTAGA-1,7944.0,8578.0,L6,3,0.1305406465442389,1,bisquare,8064,1.0,negbinomial,0.17601685035067796,False
TTCTGCGAGCGCCCTT-1,4369.0,6653.0,L5,2,0.12270629978158484,1,bisquare,8064,1.0,negbinomial,0.17601685035067796,False
TTCTGCGGGTTAGCGG-1,8704.0,7502.0,L5,2,0.28099266910392895,1,bisquare,8064,1.0,negbinomial,0.17601685035067796,False
TTCTGCTAGACTCCAA-1,10497.0,6069.0,L3,0,0.21148961607221675,1,bisquare,8064,1.0,negbinomial,0.17601685035067796,False
TTCTGTTTCCTGTCGC-1,4029.0,5095.0,L3,0,0.1466821623448265,1,bisquare,8064,1.0,negbinomial,0.17601685035067796,False
TTCTTAGTGAACGGTG-1,5544.0,4859.0,L3,0,0.1747269025958886,1,bisquare,8064,1.0,negbinomial,0.17601685035067796,False
TTCTTAGTGGCTCAGA-1,7402.0,4744.0,L3,0,0.15652139284609776,1,bisquare,8064,1.0,negbinomial,0.17601685035067796,False
TTCTTATCCGCTGGGT-1,10147.0,8583.0,L5,2,0.22193314902683292,1,bisquare,8064,1.0,negbinomial,0.17601685035067796,False
TTCTTCCCTTTGATAT-1,8026.0,2949.0,L3,0,0.12170792386429992,1,bisquare,8064,1.0,negbinomial,0.17601685035067796,False
TTCTTCGCAATAGAGC-1,9059.0,2831.0,L3,0,0.13552576089791293,1,bisquare,8064,1.0,negbinomial,0.17601685035067796,False
TTCTTGAGCCGCGCTA-1,6017.0,8334.0,L6,3,0.24186800397181832,1,bisquare,8064,1.0,negbinomial,0.17601685035067796,False
TTCTTGCTAGCATCTC-1,10769.0,7507.0,L3,0,0.18223501655773544,1,bisquare,8064,1.0,negbinomial,0.17601685035067796,False
TTCTTGGACGATCTGC-1,5396.0,8931.0,L6,3,0.1341007379795174,1,bisquare,8064,1.0,negbinomial,0.17601685035067796,False
TTCTTGGAGTAATGAG-1,8640.0,5226.0,L3,0,0.11447761670431743,1,bisquare,8064,1.0,negbinomial,0.17601685035067796,False
TTCTTGTAACCTAATG-1,5611.0,5458.0,L5,2,0.11639048149363486,1,bisquare,8064,1.0,negbinomial,0.17601685035067796,False
TTCTTGTGTCCATCAG-1,3751.0,6292.0,L4,1,0.12932200500034333,1,bisquare,8064,1.0,negbinomial,0.17601685035067796,False
TTCTTTGGTCGCGACG-1,10360.0,5589.0,L3,0,0.21191980295096308,1,bisquare,8064,1.0,negbinomial,0.17601685035067796,False
TTGAAAGGTGTAAAGG-1,10295.0,4272.0,L3,0,0.1558976268561213,1,bisquare,8064,1.0,negbinomial,0.17601685035067796,False
TTGAACGAATCCTTTG-1,4649.0,4977.0,L3,0,0.1446697921220246,1,bisquare,8064,1.0,negbinomial,0.17601685035067796,False
TTGAACGACGTGCTGA-1,9249.0,9898.0,L6,3,0.10087862185019775,1,bisquare,8064,1.0,negbinomial,0.17601685035067796,False
TTGAAGAATTCCCAGG-1,6641.0,6538.0,L5,2,0.2592764974395445,1,bisquare,8064,1.0,negbinomial,0.17601685035067796,False
TTGAAGGATGGGCGCC-1,4017.0,10125.0,L6,3,0.21649929075285645,1,bisquare,8064,1.0,negbinomial,0.17601685035067796,False
TTGAATATGGACTTTC-1,8430.0,6782.0,L4,1,0.18312851513532363,1,bisquare,8064,1.0,negbinomial,0.17601685035067796,False
TTGAATCGTTGTATAA-1,3883.0,8448.0,L5,2,0.19539085375869025,1,bisquare,8064,1.0,negbinomial,0.17601685035067796,False
TTGAATTCACGTGAGG-1,9874.0,7385.0,L4,1,0.18333902459369167,1,bisquare,8064,1.0,negbinomial,0.17601685035067796,False
TTGACAGGAGCTCCCG-1,10010.0,8343.0,L5,2,0.13620919031331413,1,bisquare,8064,1.0,negbinomial,0.17601685035067796,False
TTGACATGAACGTGGA-1,5399.0,7973.0,L6,3,0.33952919857750113,1,bisquare,8064,1.0,negbinomial,0.17601685035067796,False
TTGACCAGGAACAACT-1,8697.0,10376.0,WM,4,0.25270761819889165,1,bisquare,8064,1.0,negbinomial,0.17601685035067796,False
TTGACCATGTTCTCCG-1,8571.0,5585.0,L3,0,0.2783669824854028,1,bisquare,8064,1.0,negbinomial,0.17601685035067796,False
TTGACCGTGTTAATGA-1,5535.0,8692.0,L6,3,0.12080773896481474,1,bisquare,8064,1.0,negbinomial,0.17601685035067796,False
TTGACGATTCAGCACG-1,6716.0,3784.0,L3,0,0.15777731304496756,1,bisquare,8064,1.0,negbinomial,0.17601685035067796,False
TTGACGCTCCATGAGC-1,10149.0,7625.0,L4,1,0.1998561945517823,1,bisquare,8064,1.0,negbinomial,0.17601685035067796,False
TTGACTACCATATGGT-1,6018.0,7854.0,L6,3,0.24298638334305667,1,bisquare,8064,1.0,negbinomial,0.17601685035067796,False
TTGACTATTGTCCGGC-1,10354.0,8224.0,L5,2,0.18444374794770735,1,bisquare,8064,1.0,negbinomial,0.17601685035067796,False
TTGAGAAGTTTAGCAT-1,9181.0,9299.0,L6,3,0.1912148833517944,1,bisquare,8064,1.0,negbinomial,0.17601685035067796,False
TTGAGAGTACTGCTAA-1,5812.0,7974.0,L6,3,0.2777271054353922,1,bisquare,8064,1.0,negbinomial,0.17601685035067796,False
TTGAGCAGCCCACGGT-1,11181.0,7987.0,L4,1,0.2308728151692,1,bisquare,8064,1.0,negbinomial,0.17601685035067796,False
TTGAGCGCCACGTGAT-1,11320.0,7268.0,L3,0,0.14601212736890476,1,bisquare,8064,1.0,negbinomial,0.17601685035067796,False
TTGAGGCATTTAACTC-1,9470.0,3551.0,L3,0,0.11771194058171658,1,bisquare,8064,1.0,negbinomial,0.17601685035067796,False
TTGAGGGTCGAACGCG-1,11399.0,3077.0,L3,0,0.15304640908469344,1,bisquare,8064,1.0,negbinomial,0.17601685035067796,False
TTGAGTCCCGCTGCTG-1,11388.0,7388.0,L3,0,0.3420180341802974,1,bisquare,8064,1.0,negbinomial,0.17601685035067796,False
TTGATAGTCAATACAT-1,11117.0,5950.0,L3,0,0.11960500007357222,1,bisquare,8064,1.0,negbinomial,0.17601685035067796,False
TTGATCTAACTTTGTC-1,6435.0,6179.0,L5,2,0.12811385142815018,1,bisquare,8064,1.0,negbinomial,0.17601685035067796,False
TTGATGTGTAGTCCCG-1,9397.0,5587.0,L3,0,0.26689781183615724,1,bisquare,8064,1.0,negbinomial,0.17601685035067796,False
TTGATTAGCTGTTTCT-1,5535.0,8452.0,L6,3,0.11209343027623163,1,bisquare,8064,1.0,negbinomial,0.17601685035067796,False
TTGATTATGCAGATGA-1,5472.0,5937.0,L5,2,0.11964206956401986,1,bisquare,8064,1.0,negbinomial,0.17601685035067796,False
TTGCACAATTCAGAAA-1,7120.0,7857.0,L6,3,0.27209708667563964,1,bisquare,8064,1.0,negbinomial,0.17601685035067796,False
TTGCACGGAGCAGCAC-1,7264.0,5223.0,L3,0,0.22214545905695696,1,bisquare,8064,1.0,negbinomial,0.17601685035067796,False
TTGCAGGTCATGAAGT-1,10505.0,2715.0,L3,0,0.19464852812314906,1,bisquare,8064,1.0,negbinomial,0.17601685035067796,False
TTGCATGCTGATCACG-1,5606.0,7614.0,L6,3,0.12311755897523266,1,bisquare,8064,1.0,negbinomial,0.17601685035067796,False
TTGCCAAGCAGAACCC-1,11043.0,7986.0,L4,1,0.22051937935149957,1,bisquare,8064,1.0,negbinomial,0.17601685035067796,False
TTGCCATAGCCCGCTC-1,4845.0,9169.0,L6,3,0.173179571461524,1,bisquare,8064,1.0,negbinomial,0.17601685035067796,False
TTGCCCTGATCACGGG-1,5539.0,7015.0,L5,2,0.10697000742681374,1,bisquare,8064,1.0,negbinomial,0.17601685035067796,False
TTGCCGCAGACCTACA-1,4430.0,10126.0,L6,3,0.17427405788681838,1,bisquare,8064,1.0,negbinomial,0.17601685035067796,False
TTGCCGCTTTCTAGTA-1,8560.0,10136.0,WM,4,0.10735925379500826,1,bisquare,8064,1.0,negbinomial,0.17601685035067796,False
TTGCCGGTGATCCCTC-1,9882.0,4031.0,L3,0,0.2742118979257097,1,bisquare,8064,1.0,negbinomial,0.17601685035067796,False
TTGCGGCATCAGAAAG-1,6291.0,9053.0,L6,3,0.0739238974872785,1,bisquare,8064,1.0,negbinomial,0.17601685035067796,False
TTGCGGCGACTCATGC-1,7751.0,2948.0,L3,0,0.07532092718269162,1,bisquare,8064,1.0,negbinomial,0.17601685035067796,False
TTGCGTAGTTTGAGGA-1,4509.0,5695.0,L5,2,0.15151315566043108,1,bisquare,8064,1.0,negbinomial,0.17601685035067796,False
TTGCGTCGGCCAACCG-1,6016.0,8813.0,L6,3,0.13925565983469906,1,bisquare,8064,1.0,negbinomial,0.17601685035067796,False
TTGCGTGAACGCTTAG-1,9813.0,4390.0,L3,0,0.10064996989302073,1,bisquare,8064,1.0,negbinomial,0.17601685035067796,False
TTGCGTGTGTAGGCAT-1,8902.0,10975.0,WM,4,0.07719517226433492,1,bisquare,8064,1.0,negbinomial,0.17601685035067796,False
TTGCTCCCATACCGGA-1,8158.0,5344.0,L3,0,0.15608384094903124,1,bisquare,8064,1.0,negbinomial,0.17601685035067796,False
TTGCTGAAGGAACCAC-1,7127.0,4983.0,L3,0,0.1464824250329945,1,bisquare,8064,1.0,negbinomial,0.17601685035067796,False
TTGCTGATCATGTTCG-1,7123.0,6659.0,L5,2,0.14318637091519837,1,bisquare,8064,1.0,negbinomial,0.17601685035067796,False
TTGCTGCACCTATCCA-1,4579.0,5336.0,L4,1,0.18660757677042136,1,bisquare,8064,1.0,negbinomial,0.17601685035067796,False
TTGCTGGCCGGGCTTC-1,8575.0,3669.0,L3,0,0.1425372070750933,1,bisquare,8064,1.0,negbinomial,0.17601685035067796,False
TTGGAAGAATACAGTC-1,4846.0,8690.0,L6,3,0.27486161695875366,1,bisquare,8064,1.0,negbinomial,0.17601685035067796,False
TTGGACATGTGGCTTA-1,5193.0,7613.0,L6,3,0.19276076958130556,1,bisquare,8064,1.0,negbinomial,0.17601685035067796,False
TTGGACCATCTGGCAA-1,10421.0,8823.0,L5,2,0.17258857198703378,1,bisquare,8064,1.0,negbinomial,0.17601685035067796,False
TTGGACCTATAACAGT-1,9112.0,9419.0,L6,3,0.12957152524634974,1,bisquare,8064,1.0,negbinomial,0.17601685035067796,False
TTGGAGTCTCCCTTCT-1,6235.0,3663.0,L3,0,0.09697476004757442,1,bisquare,8064,1.0,negbinomial,0.17601685035067796,False
TTGGATATCGTCTACG-1,6774.0,8455.0,L6,3,0.19095827866323548,1,bisquare,8064,1.0,negbinomial,0.17601685035067796,False
TTGGATCGACTTCTGG-1,7336.0,3905.0,L3,0,0.15661230776987392,1,bisquare,8064,1.0,negbinomial,0.17601685035067796,False
TTGGATTGGGTACCAC-1,6990.0,4743.0,L3,0,0.29879553011862203,1,bisquare,8064,1.0,negbinomial,0.17601685035067796,False
TTGGCCATCTTGCGCT-1,4649.0,4737.0,L3,0,0.16220930710928524,1,bisquare,8064,1.0,negbinomial,0.17601685035067796,False
TTGGCCTAGAATTTCG-1,8848.0,4627.0,L3,0,0.17891384334237,1,bisquare,8064,1.0,negbinomial,0.17601685035067796,False
TTGGCGATCCGAATAT-1,11527.0,6910.0,L3,0,0.14691398181809542,1,bisquare,8064,1.0,negbinomial,0.17601685035067796,False
TTGGCTCAATATGTGT-1,10968.0,10501.0,L6,3,0.14387473807394557,1,bisquare,8064,1.0,negbinomial,0.17601685035067796,False
TTGGCTCGCATGAGAC-1,5749.0,5458.0,L4,1,0.11072200258138042,1,bisquare,8064,1.0,negbinomial,0.17601685035067796,False
TTGGGAAGACGAGCCG-1,7594.0,10852.0,WM,4,0.10247495283449276,1,bisquare,8064,1.0,negbinomial,0.17601685035067796,False
TTGGGACACTGCCCGC-1,8019.0,6063.0,L3,0,0.35082141519036775,1,bisquare,8064,1.0,negbinomial,0.17601685035067796,False
TTGGGACGTAAGAGTT-1,10697.0,8824.0,L5,2,0.1558794575796895,1,bisquare,8064,1.0,negbinomial,0.17601685035067796,False
TTGGGCGGCGGTTGCC-1,8431.0,6303.0,L3,0,0.221759008024792,1,bisquare,8064,1.0,negbinomial,0.17601685035067796,False
TTGGGTTTATTCAGCG-1,11808.0,4515.0,L3,0,0.1662105821830839,1,bisquare,8064,1.0,negbinomial,0.17601685035067796,False
TTGGTATGGCTTGTGT-1,11253.0,6669.0,L3,0,0.21259912171035572,1,bisquare,8064,1.0,negbinomial,0.17601685035067796,False
TTGGTCACACTCGTAA-1,6499.0,8454.0,L6,3,0.08372532372122439,1,bisquare,8064,1.0,negbinomial,0.17601685035067796,False
TTGGTGCGGTGTTGAA-1,11604.0,3436.0,L3,0,0.10598872343850634,1,bisquare,8064,1.0,negbinomial,0.17601685035067796,False
TTGGTTGCGGTGCGCG-1,4777.0,9049.0,L6,3,0.15037576057186222,1,bisquare,8064,1.0,negbinomial,0.17601685035067796,False
TTGTAACTTCATAGCG-1,10780.0,2955.0,L3,0,0.1208989971736301,1,bisquare,8064,1.0,negbinomial,0.17601685035067796,False
TTGTAAGGACCTAAGT-1,5398.0,8212.0,L6,3,0.2936845167099462,1,bisquare,8064,1.0,negbinomial,0.17601685035067796,False
TTGTAAGGCCAGTTGG-1,8776.0,5945.0,L3,0,0.14150655995415815,1,bisquare,8064,1.0,negbinomial,0.17601685035067796,False
TTGTAATCCGTACTCG-1,6984.0,6899.0,L5,2,0.23216405428253664,1,bisquare,8064,1.0,negbinomial,0.17601685035067796,False
TTGTATCACACAGAAT-1,8299.0,4147.0,L3,0,0.13946462229486853,1,bisquare,8064,1.0,negbinomial,0.17601685035067796,False
TTGTCGTTCAGTTACC-1,7195.0,5342.0,L3,0,0.14246123584163795,1,bisquare,8064,1.0,negbinomial,0.17601685035067796,False
TTGTGAACCTAATCCG-1,9387.0,9420.0,L6,3,0.25228571212965145,1,bisquare,8064,1.0,negbinomial,0.17601685035067796,False
TTGTGAGGCATGACGC-1,4091.0,7850.0,L5,2,0.13072660838489059,1,bisquare,8064,1.0,negbinomial,0.17601685035067796,False
TTGTGCAGCCACGTCA-1,8285.0,9896.0,WM,4,0.30857396843702906,1,bisquare,8064,1.0,negbinomial,0.17601685035067796,False
TTGTGGCCCTGACAGT-1,7333.0,4863.0,L3,0,0.1320541956878836,1,bisquare,8064,1.0,negbinomial,0.17601685035067796,False
TTGTGGTAGGAGGGAT-1,5122.0,8691.0,L6,3,0.2537915816034449,1,bisquare,8064,1.0,negbinomial,0.17601685035067796,False
TTGTGGTGGTACTAAG-1,9730.0,10259.0,L6,3,0.16445662904232364,1,bisquare,8064,1.0,negbinomial,0.17601685035067796,False
TTGTGTATGCCACCAA-1,7322.0,9415.0,WM,4,0.3070975887429515,1,bisquare,8064,1.0,negbinomial,0.17601685035067796,False
TTGTGTTTCCCGAAAG-1,7255.0,8816.0,L6,3,0.05752112974107587,1,bisquare,8064,1.0,negbinomial,0.17601685035067796,False
TTGTTAGCAAATTCGA-1,6093.0,5339.0,L4,1,0.23995862199220136,1,bisquare,8064,1.0,negbinomial,0.17601685035067796,False
TTGTTCAGTGTGCTAC-1,7607.0,5583.0,L3,0,0.2350272995460815,1,bisquare,8064,1.0,negbinomial,0.17601685035067796,False
TTGTTGTGTGTCAAGA-1,8500.0,6423.0,L3,0,0.15250640774855068,1,bisquare,8064,1.0,negbinomial,0.17601685035067796,False
TTGTTTCACATCCAGG-1,6083.0,9651.0,WM,4,0.2421697222415607,1,bisquare,8064,1.0,negbinomial,0.17601685035067796,False
TTGTTTCATTAGTCTA-1,5256.0,9889.0,L6,3,0.07050713297057651,1,bisquare,8064,1.0,negbinomial,0.17601685035067796,False
TTGTTTCCATACAACT-1,5054.0,8092.0,L6,3,0.2314305937626342,1,bisquare,8064,1.0,negbinomial,0.17601685035067796,False
TTGTTTGTGTAAATTC-1,6717.0,3544.0,L3,0,0.3507957398341244,1,bisquare,8064,1.0,negbinomial,0.17601685035067796,False
