,BIC,FSV,LLR,M,g,l,max_delta,max_ll,max_mu_hat,max_s2_t_hat,model,n,s2_FSV,s2_logdelta,time,PER_prob,SE_prob,linear_prob,pval,qval,max_ll_null
0,9157.72062500047,1.6863595823063313e-10,,3,ATP5MPL,,485165195.4097903,-4566.282764068514,-5.540296798683138,6.423713588741734e-08,linear,4381,4.386489601475832e-08,1116843413189.9387,0.0028443336486816406,0.008512071573928135,0.4522156117489171,0.5392723166765678,0.04276818497003387,0.04929591872359361,-4566.2828202706005
1,9064.734794218937,0.031613578343098164,,3,MAP2,,2.506194991492732,-4519.789848677748,-4.6232733444097,1.342790960126782,linear,4381,0.027219934207056914,22.450724756886924,0.0028045177459716797,0.00040709323972520244,0.1786345967419791,0.8209583100183517,4.2349087345239234e-05,9.987232466355392e-05,-4533.122987809968
2,8864.44090457409,0.03485845114537666,,3,RPS14,,2.265284475730576,-4419.642903855324,-3.5877537169299827,0.9653343121055084,linear,4381,0.008582588299029172,5.898879450732066,0.0029249191284179688,9.822579851884033e-05,0.0025981803348622086,0.9973035938670612,5.779506410119595e-05,0.00013350573674642877,-4434.599074257161
3,9429.732797952765,0.04004942633535196,,3,RPS2,,1.9610668377317624,-4702.288850544662,-3.2604650838727447,0.9895858593016212,linear,4381,0.004524952406262628,2.4056525138500295,0.0028336048126220703,0.0013471249090627536,5.752537004662757e-05,0.9985953497201518,1.9279758067813901e-07,6.666731735663479e-07,-4730.081284051356
4,8902.598616728348,0.030923731463987306,,3,GNB1,,2.563928370564152,-4438.721759932453,-4.2436608964980085,1.127874632347802,linear,4381,0.050774954185008395,43.64627057529243,0.002903461456298828,0.001019906436501063,0.12941209221615554,0.8695680013480074,0.006181222617566595,0.009216830261883812,-4442.978439035808
5,8584.684628930405,0.0333757622004508,,3,PINK1,,2.3695523677537063,-4279.7647660334815,-4.1118460785767255,1.1431154957084553,linear,4381,0.012761165702131705,9.510507970125039,0.002945423126220703,0.43648132192979877,0.010853141976638543,0.5526655360943772,0.00023836968508850198,0.000508915994334956,-4291.038923857386
6,8559.04021409761,0.032157131883465896,,3,SH3BGRL3,,2.4624497127216465,-4266.942558617084,-3.4650792717449286,0.829017316626134,linear,4381,0.021707474663013596,17.341932744498315,0.0029222965240478516,0.0008546590739074878,0.02778200735475857,0.9713633335716295,0.0071389873132644555,0.01037060012704771,-4271.764860705217
7,9115.475003843017,0.03302906221533126,,3,UQCRH,,2.395283933314798,-4545.159953489788,-5.135851042453767,1.690210372583035,linear,4381,0.014683917337748136,11.158829343451002,0.002956390380859375,0.18228954263346345,0.03771839943932636,0.7799920579265814,0.001514869281735054,0.002635294485622148,-4552.542446599402
8,7972.739434174444,0.03200486919399107,,3,SV2A,,2.4745540204483616,-3973.792168655501,-3.9462431589450064,1.0001208564042634,linear,4381,0.02304898822030529,18.577868229402075,0.0034372806549072266,0.0009801045076755764,0.003933673036107311,0.9950862224558286,0.0034747198477095287,0.005606084620867764,-3980.906037577919
9,8303.914744693562,0.03135784054094732,,3,ENSA,,2.5273014295512013,-4139.37982391506,-3.528515825223899,0.822657871924785,linear,4381,0.03622960973871581,30.339874997104648,0.003000497817993164,0.0032949933188847285,0.0077388479337783655,0.9889661587474341,0.04246646944231747,0.04904845576422658,-4141.729026578987
10,9190.258693029731,0.03164658332065209,,3,MGST3,,2.5034958927103546,-4582.551798083145,-4.870580020728138,1.4770407815029363,linear,4381,0.029256853974257667,24.083655516375146,0.002931356430053711,0.009894107336370032,0.04976526315401488,0.9403406295095497,0.010570764018670298,0.0148951674808536,-4586.364830932014
11,8800.788454835932,0.031485336895984484,,3,ARF1,,2.5167360987377205,-4387.816678986245,-4.23510440705206,1.1408198609047315,linear,4381,0.03303304297379824,27.45350323670483,0.0028543472290039062,0.2369441026134102,0.20841278996230436,0.5546431074240393,0.013289551730947702,0.018180763621331808,-4390.243715971598
12,8330.90812341975,0.03175937327067245,,3,DCTN1,,2.4943144384589844,-4152.876513278154,-4.293422175158859,1.1604095530705265,linear,4381,0.02684672434009611,21.95298186592676,0.0028390884399414062,0.001094868263251381,0.00032590591668999543,0.9985792258202577,0.016957924097969923,0.02236048013819969,-4158.398460361666
13,9219.430314706377,0.033492521892021995,,3,MZT2B,,2.3610065481757827,-4597.137608921467,-4.282319018855564,1.256745499797915,linear,4381,0.012427921448074574,9.202011626924934,0.0029163360595703125,0.3622586050565073,0.016206943202646186,0.6215344517401592,0.0005939572707317486,0.0011560285050548587,-4606.563289433392
14,8476.639740716388,0.030731912870371355,,3,PTPRN,,2.5804422473105446,-4225.742321926473,-4.163673274852403,1.0693897930193457,linear,4381,0.06273165715643209,54.55726337430589,0.0028357505798339844,0.010995525266331236,0.011319803395708695,0.9776846713384721,0.026379096293586035,0.03282167309256139,-4228.710119379868
15,9222.999329513581,0.032626841667515456,,3,RPL29,,2.4258213853318598,-4598.9221163250695,-3.6167975686269913,0.929224156169799,linear,4381,0.016987530698878626,13.208254236823905,0.002960681915283203,0.002379533762740184,0.000553661693611922,0.9970668045427614,0.0022274838983735723,0.003770243016630125,-4607.829559408918
16,8542.068463104084,0.034171190572867875,,3,FAM107A,,2.3124900250310603,-4258.456683120321,-2.3430036976785757,0.498840981412022,linear,4381,0.010176422190096875,7.258409784392355,0.0029735565185546875,0.0465728528004707,0.033446382012138655,0.9199807651877132,0.00016838134605179356,0.0003709434018070798,-4270.076011165063
17,8833.55761851415,0.03496172300137313,,3,TAGLN3,,2.258351480664303,-4404.201260825354,-5.196104057264798,1.8161388619466108,linear,4381,0.008265030675752202,5.64945561858557,0.0030007362365722656,0.12816374011299927,0.0889342392301423,0.7829020206566655,2.253688437536816e-06,6.547735854136953e-06,-4423.4619512681
18,8472.056015472452,0.031545278081719516,,3,RAB6B,,2.5117984243437874,-4223.450459304505,-4.377423705133691,1.1969112496171126,linear,4381,0.029322810430128594,24.28330497838469,0.0029375553131103516,0.010004275260691479,0.08747173297443132,0.9025239917657255,0.0002926824947541151,0.0006155466307583154,-4233.541535683819
19,9246.542930657903,0.033470310436097106,,3,AP2M1,,2.3626276461358926,-4610.69391689723,-5.8602799568615245,2.177255602487368,linear,4381,0.012519146434874163,9.281034084174793,0.0029144287109375,0.18800972327849258,0.02683061340146469,0.7851596633208267,0.0005760645889938409,0.0011313273524744421,-4620.041345991568
20,9124.769050034829,0.03172566304390792,,3,RPL35A,,2.4970517162006294,-4549.8069765856935,-4.049660844990811,1.0793906813516398,linear,4381,0.026962912821633676,22.091865630827954,0.002817392349243164,0.05095338400690325,0.07153933771975837,0.8775072782732368,0.0014427780982125826,0.002525472673325243,-4557.01817871056
21,7876.528756692187,0.03136432682175713,,3,BTF3,,2.5267618525234328,-3925.6868299143725,-2.6390586206155384,0.5134667543098906,linear,4381,0.03554914415219385,29.758497692433796,0.002930164337158203,0.17227709120352455,0.01257800875845093,0.8151449000382213,0.016802413685805484,0.022283414941602995,-3929.2969172826856
22,8311.2242517063,0.03201601747313954,,3,VDAC1,,2.4736638682007612,-4143.034577421429,-3.8836686406035734,0.9851954681432811,linear,4381,0.02297106345546992,18.502999512855478,0.002853870391845703,0.1090150591077561,0.013062641136259904,0.8779222997553733,0.0028463226371847616,0.004690909184089719,-4149.849412885861
23,7788.4975801987275,0.004675212752458563,,3,PACSIN1,,17.418199631869484,-3881.671241667643,-3.0814231563347225,0.09944484292858845,linear,4381,0.00011617179609728964,3.9239449489925544,0.004683971405029297,0.0001851603297335463,0.0008247565865246415,0.9989900830837058,0.02333649211569555,0.029758587231039163,-3886.171713333282
24,9120.358090105072,0.03155589237404418,,3,MTCH1,,2.5109260235727877,-4547.601496620815,-5.2354081004416555,1.669336539081888,linear,4381,0.03108976989881386,25.73037393541433,0.0030171871185302734,0.0026841126475669235,0.0018971010605225022,0.9954187862921214,0.030174983124006682,0.036813241906501655,-4551.239694302623
25,7807.402898641473,0.03222111763256488,,3,KLHDC3,,2.457397226074949,-3891.1239008890157,-3.3094797100904594,0.7461258877078303,linear,4381,0.020367962670191288,16.211427365076858,0.0028641223907470703,0.0002467624825697306,7.816051125009849e-05,0.9996750770060492,0.0039184768491321575,0.006186543535681022,-3899.980807144569
26,8415.837400549923,0.030840382672626517,,3,PCMT1,,2.571078723485679,-4195.34115184324,-4.271858115395087,1.119348264770839,linear,4381,0.05572080344352188,48.14077567511655,0.0029370784759521484,0.002927476715633845,0.01938300073689423,0.9776895225483129,0.017776705144444627,0.023193512604283813,-4198.7270551233505
27,8533.54740734088,0.031179708170084013,,3,CAMK2B,,2.542207544902605,-4254.196155238719,-4.390081992278746,1.1909259211612584,linear,4381,0.04029159743392423,34.10362741497454,0.002928018569946289,0.47026423498270314,0.0360033777338156,0.4937323872831378,0.004989963798818109,0.007580930054563165,-4259.195901819583
28,7510.056751922362,0.0038314868613237574,,3,NRCAM,,21.271851508911016,-3742.45082752946,-3.2030293357389588,0.08692581665009914,linear,4381,6.630974071880594e-05,3.3231199474171578,0.004809379577636719,0.04665905004020622,0.025189157386920683,0.9281517925728112,0.03949415530849254,0.046030977221173934,-3744.301186785917
29,8328.409979653148,0.030416741044343706,,3,USP11,,2.6080280062762116,-4151.627441394853,-3.9771282328786914,0.9738875740255988,linear,4381,0.09080053403456662,80.51099692317786,0.0029706954956054688,0.0029736908251633194,0.0008249652431744818,0.9962013439314308,0.040851815032706296,0.047377712907366074,-4155.165258206234
30,9033.725282912153,0.03255504631706861,,3,COX7B,,2.4313516101851547,-4504.285093024356,-5.048041139910825,1.611903395650361,linear,4381,0.01787936811003418,13.95902493946519,0.0028917789459228516,0.07500252383733343,0.0022199871102342966,0.922777489052118,0.007739003956914514,0.011155969433357355,-4510.2004174397725
31,7664.956690238216,0.031486416326651556,,3,ATP6AP1,,2.5166470140633157,-3819.900796687387,-3.267040441119204,0.709281070402598,linear,4381,0.03303556869180722,27.45383946776431,0.0033347606658935547,0.058855371717063246,0.02777678077930813,0.9133678475031742,0.02853360634912716,0.035114799397496704,-3822.2502839024105
32,8977.093101679575,0.03393548385994418,,3,GDI1,,2.32912023061112,-4475.969002408066,-4.999423427874421,1.6508572843850637,linear,4381,0.010614989227153284,7.669481874533884,0.002902507781982422,0.00041550666301074727,0.00044774946871733805,0.9991367438688838,6.791063563615918e-05,0.0001549672215473636,-4491.499882450749
33,8027.280022714262,0.03353243774737508,,3,ATP6V1B2,,2.3580986962593355,-4001.06246292541,-3.9523193789939453,1.0536317165988447,linear,4381,0.012217759336092234,9.026327824520335,0.0028617382049560547,0.006113725650929237,0.03005834510184635,0.963827929247143,0.0003504196042605212,0.0007182153872447046,-4011.3834343278845
34,7892.436030783314,0.03760906207294389,,3,NCALD,,2.093624756516674,-3933.640466959936,-3.7627332381379124,1.0853072193120537,linear,4381,0.00550830380763271,3.288503167369821,0.0031189918518066406,0.06108456052895387,0.0026265762748988587,0.9362888631965912,8.986659327803181e-08,3.2890960940011646e-07,-3960.9669215704134
35,9059.594767168344,0.03819935082388973,,3,NTRK2,,2.0600079972022076,-4517.219835152451,-2.81363487543699,0.7440975866233811,linear,4381,0.005253463429155055,3.0473835528235513,0.003442049026489258,0.00032485045734278713,0.0008414444850749845,0.9988337050580733,1.058435271650282e-06,3.3704667099289927e-06,-4540.3857324384435
36,8909.755710818758,0.031243745084315697,,3,TXN,,2.536829367949316,-4442.300306977658,-3.757857713455167,0.9317533912924364,linear,4381,0.03978177668341619,33.54288706944345,0.002908945083618164,0.006188179797488701,0.04827180966239265,0.9455400105396127,0.033293986140135456,0.03992702399784136,-4444.125842836152
37,9205.811404129296,0.036010989213539533,,3,RPL7A,,2.1901651010562144,-4590.328153632927,-4.5264972100303025,1.486353663871435,linear,4381,0.006794940233849971,4.3963769745828145,0.002952098846435547,0.0014761602641856209,0.25934445679633833,0.7391793829400055,1.755231605615748e-07,6.144797264154511e-07,-4613.944824553789
38,8803.504957055144,0.031776932395297004,,3,EDF1,,2.4928909341357337,-4389.174930095851,-3.617620204290803,0.8873375301151037,linear,4381,0.026799571957787708,21.89176329242573,0.0029778480529785156,0.002549411349582716,0.0004711342683758559,0.99697945438136,0.02604282868790697,0.032546973969970416,-4393.764258144237
39,8775.704330068615,0.03008191128942969,,3,GRIN1,,2.6379675902465367,-4375.274616602586,-5.143450177530419,1.5273124219556373,linear,4381,0.1632830640669278,147.82059194873136,0.0029234886169433594,0.31956064044682103,0.15771104153378535,0.522728318018742,0.02489064936099117,0.03131270643485973,-4376.712727075296
40,8187.936303568687,0.03808448026013451,,3,TUBB4B,,2.066468176323279,-4081.3906033526227,-3.768301917758961,1.1140696323079158,linear,4381,0.0052694397381994815,3.073701902371138,0.0029692649841308594,0.0003788946898673316,0.018123776799525176,0.9814973285103784,8.98470122745465e-08,3.2890960940011646e-07,-4107.775285785154
41,8365.558301475454,0.031337023702447606,,3,CEND1,,2.5290346376206543,-4170.201602306006,-3.9926546046741476,1.0119147602015761,linear,4381,0.035493115483386,29.760112544868417,0.002939939498901367,0.004796180063381107,0.08387753673156542,0.9113262832052451,0.003481197708119499,0.005606084620867764,-4175.7382247718915
42,8715.550897743671,0.0317526709570193,,3,POLR2L,,2.4948582048787684,-4345.197900440115,-3.4668612297145565,0.8250055847050447,linear,4381,0.026710767834406755,21.850438972306257,0.0029327869415283203,0.00022327873734195362,4.661398836239851e-05,0.9997301072749591,0.016988553263481254,0.02236048013819969,-4351.68961023546
43,8000.972177936408,0.03348966858313832,,3,EIF4G2,,2.361214675888659,-3987.908540536483,-3.5263312893550345,0.8680739396031004,linear,4381,0.012412870622430034,9.192328091390072,0.0028982162475585938,0.0001859961443199224,3.9614920725215055e-05,0.9997743889352699,0.0027949533786859604,0.004633345173222715,-3997.720776210379
44,8891.54416626222,0.03685483873377527,,3,CFL1,,2.13814451219609,-4433.194534699389,-6.219477325907102,2.661147395954356,linear,4381,0.006085005054066426,3.7715768631458513,0.002947092056274414,0.0008413286555441727,6.275578469100429e-05,0.9990959155604286,3.773150973773731e-06,1.0528144031231833e-05,-4455.216466975427
45,9202.152991609039,1.6863595823063313e-10,,3,CCDC85B,,485165195.4097903,-4588.498947372798,-4.843846570175926,4.9340723411999075e-08,linear,4381,6.503225269615322e-08,1655785141817.4048,0.0030105113983154297,0.2614302167661542,0.35904152736816464,0.3795282558655664,0.04127162746594171,0.047766303955355346,-4588.499003730589
46,7583.75133900799,0.03274870720254747,,3,PPA1,,2.416489883907637,-3779.298121072274,-3.1731648332036424,0.7018316237868565,linear,4381,0.016416726091667836,12.675840991371926,0.003416299819946289,0.08069463284231497,0.015191892617460826,0.9041134745400354,0.003045933343685192,0.0049618462246054105,-3785.9284490651694
47,9085.9628060027,0.03271175802948647,,3,NDUFB8,,2.4193118156233897,-4530.403854569629,-4.894977588862583,1.5366278588624624,linear,4381,0.016691116288133113,12.914913159640854,0.002909421920776367,0.08469576460012743,0.015162325206833614,0.9001419101939391,0.0034919790021308295,0.005607425489047175,-4536.78394668372
48,8918.442374092847,0.031130745714531824,,3,ARF3,,2.546334611177748,-4446.6436386147025,-4.718985857130753,1.3636762065124495,linear,4381,0.04039805670013607,34.29460240218341,0.002892732620239258,0.000268937767129573,0.0011657545450599058,0.9985653076882788,0.0029721087832367266,0.00488062279292567,-4454.652109881799
49,9088.138436036372,0.037589621100238946,,3,ATP5F1B,,2.094749872676859,-4531.491669586465,-5.944619658374628,2.5088984889054133,linear,4381,0.00559226342048735,3.341821450159035,0.002882719039916992,0.15856773755703898,0.0015041168209807328,0.8399281456218022,1.4638307879177859e-06,4.459828444761805e-06,-4553.656634310452
50,8135.382306418527,0.03249644239409025,,3,NUDT4,,2.4358838447207356,-4055.1136047775426,-3.524821819187666,0.8457562584946359,linear,4381,0.018036057573554396,14.128853788209216,0.0028738975524902344,0.276434447161618,0.03821670934250289,0.6853488434963152,0.000909495553457762,0.001714464101987876,-4063.3677214356153
51,8056.90577284401,0.03211991132393982,,3,NDUFA12,,2.4653980086722127,-4015.875337990284,-3.3291804695595744,0.7591428608508124,linear,4381,0.02214054846839434,17.726268421677844,0.0029714107513427734,0.031012606086180346,0.2848667002101913,0.6841206937034489,0.0035884102235551607,0.005729627449405613,-4020.602049467339
52,7609.779945593508,0.0311506827654895,,3,HSPH1,,2.54465254279459,-3792.312424365033,-3.2888536935572854,0.7075563612860636,linear,4381,0.042872367946611124,36.35144079248996,0.0034041404724121094,0.24282004566467547,0.29916509450097556,0.4580148598340965,0.015400665917330358,0.020716886241581304,-3794.2029053657907
53,8323.93558027802,0.03746661460905619,,3,MOAP1,,2.10189574828456,-4149.390241707289,-4.222079981560225,1.3351000394285266,linear,4381,0.005638806527863831,3.3901234424204647,0.0029456615447998047,0.0006747397168653765,0.0001641951609685459,0.9991610651223974,1.0292663457089901e-06,3.2962042062994517e-06,-4173.427128363169
54,8306.437365877622,0.03421243956725314,,3,EVL,,2.3096032759623077,-4140.64113450709,-3.3167039879036864,0.8142120193501148,linear,4381,0.010076602805821972,7.171082804129675,0.002911806106567383,0.0013638129051544315,6.766860063153167e-05,0.9985685184933292,0.0009516024577178595,0.0017760190360778835,-4152.167788679226
55,8155.248834855094,0.03269162721650397,,3,DYNC1H1,,2.4208519574450245,-4065.046868995826,-3.462988817224783,0.827400789731357,linear,4381,0.016479604478595585,12.76592677112122,0.0028638839721679688,0.0014298593123278878,0.0019729358745653645,0.9965972048134428,0.0011530970120547934,0.0020897987356736972,-4074.5307920392997
56,7802.552655380587,0.03322424828026918,,3,HCFC1R1,,2.3807314461536544,-3888.6987792585724,-3.0127450365425594,0.6626973051889715,linear,4381,0.0136320525458943,10.246171563761548,0.00302886962890625,0.00021593250675300306,0.002994183096325332,0.9967898843970193,0.0018591921288428903,0.0031658860749315897,-3897.0938051221515
57,7493.442636787788,0.004201657624685955,,3,CDIP1,,19.39056935348426,-3734.143769962173,-2.9926020917239975,0.08471609572293005,linear,4381,3.89404135878779e-05,1.6252880996079977,0.0052607059478759766,0.00031892273508411263,6.173628411738608e-05,0.9996193409811416,0.006760018182927596,0.009948282158592711,-3742.133034097676
58,8521.422074599244,0.03242468981997378,,3,NDUFAB1,,2.441455261658596,-4248.133488867901,-3.9766741504376215,1.0465330655096452,linear,4381,0.018984291423650122,14.93324056285674,0.0028607845306396484,0.0981262456187771,0.014309542384669314,0.8875642119970342,0.005463331848965747,0.008189714086940915,-4253.724058343757
59,8750.473618506147,0.032516956338325013,,3,GNAO1,,2.434295505400692,-4362.659260821352,-4.402683817943606,1.2577894428013534,linear,4381,0.01780346128648945,13.930205969962586,0.0028944015502929688,0.0007239806159142612,0.0003216476178826806,0.9989543717660758,0.0026981491114015377,0.004499334182541563,-4371.488363770341
60,7701.75561245797,0.04121325085618378,,3,MT1E,,1.9033776858995457,-3838.300257797264,-1.278423567926874,0.29332565308315467,linear,4381,0.004201086112567471,2.1189504481148753,0.0033686161041259766,0.00045150766066897555,0.0008216766676864839,0.998726815671383,2.868499993091689e-09,1.3144641505667753e-08,-3872.9303361452166
61,8445.90832410701,0.0427604327554555,,3,ATP1B2,,1.8315482866171784,-4210.376613621784,-2.3188328975969745,0.6156131569399874,linear,4381,0.003947408122518948,1.8609927595025697,0.002887725830078125,0.009018005234467349,0.018796939814268342,0.9721850549505661,7.301501625534002e-10,3.5786015872182457e-09,-4246.095393847537
62,8715.656563969884,0.03408108230173716,,3,NSF,,2.318820422680504,-4345.250733553221,-5.021798264720395,1.6599823423453623,linear,4381,0.010234408676326433,7.335759485699483,0.002963542938232422,0.009092739874562808,0.35875396696978207,0.6321532931557751,1.1771033577190337e-05,3.04917017782803e-05,-4360.541514502078
63,7515.514279679823,0.03183868295759628,,3,DDX5,,2.4878973350119877,-3745.1795914081904,-2.5216090684893264,0.47714961655947385,linear,4381,0.02599390998443686,21.156627105055286,0.002852916717529297,0.3497547709084775,0.22503777078039194,0.4252074583115599,0.005138311408566798,0.007778959730558079,-3749.1353347516506
64,7435.4274150873825,0.034776663574256704,,3,NDUFV2,,2.270804374757635,-3705.1361591119703,-2.9184026365825395,0.648806199168004,linear,4381,0.008783179272914323,6.063180127357221,0.0028450489044189453,0.29681724046072966,0.022348388150674504,0.6808343713888179,6.567178235972193e-05,0.00015108165143980554,-3718.58356255472
65,7783.943690091451,0.031025181409664055,,3,VAPA,,2.5552769899543213,-3879.3942966140044,-3.199676167578745,0.6790937205629788,linear,4381,0.04826338027499289,41.23332390044116,0.002886056900024414,0.417485388476396,0.08226182459374703,0.5002527869299962,0.035013041096889186,0.04181064229597707,-3880.5489227158614
66,7719.647767935021,0.03378940810052155,,3,SYT4,,2.3395430052047623,-3847.2463355357895,-3.798971638126512,0.982380971392052,linear,4381,0.01086833728490595,7.915914633142507,0.0029115676879882812,0.0010403564029981592,0.0006008648117485742,0.9983587787850319,1.1793403365212285e-05,3.04917017782803e-05,-3865.957993626159
67,8992.009349377122,0.03313385149163245,,3,ATP5F1A,,2.3874498443440957,-4483.42712625684,-4.994176949032177,1.6086196455615798,linear,4381,0.014096058062737449,10.648940031931545,0.002901792526245117,0.1839447681296634,0.03376902392865028,0.7822862079409979,0.001129625865778805,0.002053865210506918,-4491.4079945115045
68,9119.084629787703,0.035378887355610185,,3,YWHAB,,2.2307577756890486,-4546.964766462131,-6.000138543102883,2.399287877280578,linear,4381,0.007600824100199337,5.082162594180827,0.0028858184814453125,0.010372759239631432,0.01057471988648983,0.9790525208743385,1.7900339244203423e-06,5.3101484839263745e-06,-4567.844477044573
69,8837.88282475184,0.03165090508761934,,3,RAB3A,,2.5031428817366272,-4406.363863944199,-5.442395347484987,1.7828675489426795,linear,4381,0.02833531636202796,23.31910144066401,0.0029222965240478516,0.22335984696989758,0.36725930828462994,0.4093808447459665,0.0009417725437627089,0.0017693908397966045,-4413.164316405298
70,9020.350848820764,0.030416190116665458,,3,FKBP8,,2.6080767273576986,-4497.597875978661,-4.638435428844939,1.2964766684001001,linear,4381,0.08949906818049767,79.35971166698634,0.002902984619140625,0.0007742505210129233,0.004993166408753048,0.9942325830706715,0.01550301129467102,0.020804906932242493,-4501.910695435229
71,7959.9882063259,0.0314144641513795,,3,COX7A1,,2.522598574680134,-3967.416554731229,-3.277731196197289,0.7206218406926868,linear,4381,0.03404928748247133,28.417795502050158,0.0029730796813964844,0.052309826003336946,0.051252485455201474,0.896437688541731,0.008159171856373826,0.0116720963335297,-3971.6530709168783
72,7747.98586455366,0.03242324803416158,,3,SELENOW,,2.441567465628128,-3861.415383845109,-5.890070776082901,2.070262713704547,linear,4381,0.01899020525310902,14.939134142570964,0.002938508987426758,0.033130348853671665,0.0029636214306067517,0.9639060297156598,0.008442605874448006,0.012046986518199687,-3867.052254871171
73,8588.468623909976,0.03163983854705202,,3,NPTXR,,2.5040470126341656,-4281.656763523267,-3.877401335062465,0.9808327341790811,linear,4381,0.029591603429339527,24.36893798079653,0.003012418746948242,0.0005844632334885503,0.0053772729721282015,0.994038263794295,0.030475474997674556,0.03709953759779742,-4284.756313261984
74,9419.305818873263,0.03170107625310826,,3,RPL3,,2.499051840355723,-4697.0753610049105,-3.9173362041770488,1.0341684605970256,linear,4381,0.028436146986098986,23.332789247813597,0.0030107498168945312,0.0005813581367821666,0.012212292925932814,0.987206348937245,0.022435150736821452,0.028739242679399382,-4700.2907812068715
75,7747.362350088262,0.03146187450910793,,3,SYNGR1,,2.5186739439104615,-3861.10362661241,-3.3779525321268347,0.75101315109509,linear,4381,0.03230648340524714,26.88718019450684,0.002871274948120117,0.018380139137471867,0.020978139359711573,0.9606417215031248,0.003905116967687694,0.006182769458545379,-3867.1505866059806
76,7147.136855412072,0.011614331408917117,,3,SULT4A1,,6.96260965864378,-3560.990879274315,-3.2478865295337593,0.2533370687885347,linear,4381,0.0007943561834662399,4.474171059696789,0.004130363464355469,0.09837202140095212,0.05360613125616019,0.8480218473424573,0.007938966127190028,0.011385979641123796,-3565.2261754268407
77,9450.634817766126,0.0325455971727014,,3,RPL22,,2.432081272211452,-4712.739860451342,-3.7213637282760734,0.9801806010912167,linear,4381,0.0171145364634381,13.36914586605686,0.0028820037841796875,0.04655219036402577,0.003786973306792624,0.9496608363288929,0.00016913822530784106,0.0003709434018070798,-4725.455815096998
78,8007.386679022714,0.032639668694278146,,3,PSMB4,,2.4248359116136093,-3991.115791079636,-2.950867362707048,0.6368895258903073,linear,4381,0.017120353467590298,13.30175464979531,0.002893209457397461,0.14955524293380965,0.0037497896626615145,0.8466949674033766,0.0035850717554157807,0.005729627449405613,-3998.1159597280207
79,7838.937023070367,0.032228068997200224,,3,JTB,,2.4568495358272995,-3906.8909631034626,-2.6576527944828325,0.5321641219488736,linear,4381,0.020680811265870538,16.453793420572485,0.0028924942016601562,0.0005718890608281123,7.778849118991159e-05,0.9993503224477456,0.014767657390889477,0.019960644391435526,-3913.3728578185815
80,9529.63452859879,0.03973695668063751,,3,C1orf61,,1.9771309513744464,-4752.239715867674,-3.4045361228905264,1.0532726474062917,linear,4381,0.00460145532447945,2.481843320940987,0.002905130386352539,0.1359157998121705,0.015608212164973257,0.8484759880228179,1.9834633713244898e-08,8.101102043617811e-08,-4781.555701866187
81,8510.692418551183,0.0450411979830952,,3,ATP1A2,,1.734660645813015,-4242.768660843871,-1.912753029001565,0.5190963697423614,linear,4381,0.0036877313120994167,1.5812680068019969,0.0029544830322265625,0.03480098711035451,0.05472242840691181,0.9104765844830827,3.888445121447148e-12,2.4084275477494825e-11,-4288.161947780826
82,8500.350802514064,0.030780914279926703,,3,RNF187,,2.576204087907056,-4237.597852825311,-3.7679908519901817,0.9063205687561515,linear,4381,0.0576917544075738,50.02437330657319,0.0029916763305664062,0.0052410456277600164,0.0023755533236754704,0.9923834010483407,0.012465723764736536,0.017263231481207623,-4242.666172028225
83,8329.774510154695,0.03204204012118263,,3,KIF3C,,2.4715884584988412,-4152.309706645627,-3.5265067148302167,0.841147640258646,linear,4381,0.021974664126535783,17.673524191431763,0.0030298233032226562,0.0005580532114536704,0.00028512190959065344,0.999156824878441,0.0011262458476622994,0.002053865210506918,-4162.805652354085
84,8117.585793430308,0.03160970471817453,,3,KIF5C,,2.506512140454471,-4046.215348283433,-3.3423876905197463,0.7536319611152935,linear,4381,0.027562976842809415,22.738879592623743,0.0029726028442382812,0.018963746482121884,0.009033359388874285,0.9720028941294142,0.00017048046921086524,0.00037243795246912065,-4058.4933809401973
85,8238.660464061171,0.04105312307069246,,3,TUBA4A,,1.9111209388503085,-4106.752683598865,-4.275882996006103,1.4956046147892383,linear,4381,0.004238591295601565,2.1531986774184895,0.0029230117797851562,0.00035704201912041946,3.350446238653646e-05,0.9996094535183134,9.7768571016843e-09,4.1123822273027585e-08,-4140.59701164318
86,9179.053263443937,0.032881264341324865,,3,RPL15,,2.4064182420212914,-4576.9490832902475,-4.515236418569661,1.3471468983904467,linear,4381,0.01543882968514081,11.83117589239763,0.0029556751251220703,0.22608808452346793,0.02493917434426679,0.7489727411315872,0.001120738053533632,0.0020509374061123136,-4585.074350133999
87,7193.056717782641,0.011103102236202735,,3,FBXW7,,7.286961896177647,-3583.9508104595993,-3.352427447046209,0.2560067787056352,linear,4381,0.0008231679249396926,5.0625657128719235,0.004267692565917969,0.15490320166630966,0.0037430472246847285,0.8413537511088076,0.009293328984884774,0.013160950138484605,-3589.2314193624798
88,7752.21365008658,0.03231492505307526,,3,TRIM2,,2.450026109775168,-3863.529276611569,-3.138512810938353,0.685439714628365,linear,4381,0.019680558093467818,15.579382468609753,0.002973318099975586,0.3150273111504312,0.01697563656249317,0.6679970522866961,0.001664920749916421,0.002869754976225135,-3871.059553397869
89,8701.586693779038,0.04992667225429721,,3,SLC1A3,,1.5569129416143492,-4338.215798457798,-2.3333767856765295,0.7447986757124904,linear,4381,0.0035253479675296196,1.2543938876401795,0.0029494762420654297,0.0001166130116199935,5.402090245965012e-06,0.9998779848986098,5.972999872483342e-14,4.2615188963632594e-13,-4396.469219158411
90,8998.71099125864,0.03335085369706707,,3,HINT1,,2.3713832031875275,-4486.777947197599,-6.330929620524333,2.486855155230379,linear,4381,0.01306080211508035,9.747384969653872,0.002868175506591797,0.029912100035050977,0.0005139157127520348,0.9695739842523655,0.0027402269481004993,0.0045560222789549736,-4495.329545037337
91,8946.035667016407,0.03712814612356612,,3,TUBB,,2.121802955783456,-4460.440285076483,-4.9137323827659,1.7546062448508415,linear,4381,0.005773144313185089,3.529663632319927,0.0029616355895996094,0.001968685952838148,0.00010935059364966355,0.9979219634526333,7.47370290099525e-08,2.7713491618523053e-07,-4489.745083152149
92,8023.981078018677,0.03336812768007879,,3,ACTB,,2.370113233025942,-3999.4129905776176,-6.493085764899479,2.5692286613094084,linear,4381,0.012731711966836822,9.492607496242384,0.0030324459075927734,0.006486916787608003,0.0015937899738765783,0.9919192932388842,0.00029481953417198614,0.0006177360972849996,-4011.5402615899206
93,8193.913120723342,0.04434710230072676,,3,PTN,,1.7630911122508004,-4084.3790119299506,-1.7973443716586521,0.461856796915978,linear,4381,0.003761453528647756,1.6591678645723493,0.003395557403564453,0.0005941213962942666,7.431620677478693e-05,0.9993315623971901,3.279446714188339e-10,1.6957939639672811e-09,-4124.440435454344
94,7262.680430219913,0.0316346846181368,,3,UBA1,,2.504468301983071,-3618.7626666782357,-2.8726567247507666,0.5695700463418859,linear,4381,0.02943698930450152,24.249007218927105,0.0029315948486328125,0.0038373412553043785,0.00048201715935810717,0.9956806415854155,0.037325861532413684,0.0438296101327585,-3622.722232898753
95,7330.347059686485,0.009919397115343594,,3,BCAP31,,8.166295627963342,-3652.5959814115217,-2.6756822195946293,0.16056647698734908,linear,4381,0.0006340806882601373,4.862109735415358,0.0040967464447021484,0.0005021578511948986,8.538159325294837e-05,0.9994124605559614,0.02807979563770424,0.03470788137036808,-3657.910522992413
96,9348.864326892419,0.03905067199974137,,3,RPL8,,2.0133153211538586,-4661.854615014488,-3.5955560242639946,1.1142743701356699,linear,4381,0.004867747688343023,2.7111025594150373,0.0029096603393554688,5.398545006553559e-05,8.417325910897124e-06,0.9999375972246496,1.1060992380906853e-06,3.502459283024642e-06,-4687.23869724571
97,9091.998515633099,0.03725085383186302,,3,ENHO,,2.1145440330815157,-4533.421709384828,-2.9429863448504356,0.774435920824358,linear,4381,0.00582555861990108,3.5400255151512927,0.0030031204223632812,0.0005731065435585462,3.53908130816921e-05,0.9993915026426912,8.589485956500553e-06,2.2517891302453882e-05,-4554.155371212145
98,9347.075985348914,0.03251542904611599,,3,RPS25,,2.4344136904613403,-4660.960444242736,-3.8324270962350546,1.0212588750371048,linear,4381,0.017196545631231092,13.456509853893172,0.0028769969940185547,0.00026448259981081215,4.106390909152714e-05,0.9996944534913639,0.00031407444084541325,0.0006556436138860478,-4674.802500112793
99,7557.272750657105,0.003508939125415472,,3,HK1,,23.23471748012554,-3766.0588268968313,-3.2447071017831637,0.08204096090558102,linear,4381,3.664839549521302e-05,2.186878229968076,0.00531005859375,0.006339678597369106,0.0012721154652635836,0.9923882059373377,0.03238612088041182,0.03900426368658766,-3769.773967630813
100,8798.739721986147,0.031910269948716576,,3,GHITM,,2.482132480396275,-4386.792312561352,-4.688243826763886,1.3778735934151103,linear,4381,0.024826589871027618,20.121786239689094,0.0029077529907226562,0.02362231147221739,0.0012866256506463805,0.975091062876924,0.020275972615691695,0.026151660124253902,-4391.303026629538
101,8106.419875450115,0.03398432149825398,,3,GOT1,,2.3256555609939626,-4040.6323892933365,-4.081044970168377,1.1314028111265106,linear,4381,0.010676759842425361,7.693468943503616,0.0028913021087646484,0.02831822984553752,0.0019499956486327419,0.9697317745059141,0.0003597214153302497,0.0007346089509379276,-4052.2750678023563
102,8280.794935114189,0.0336055983214372,,3,GABARAPL1,,2.3527869151712797,-4127.819919125373,-4.298780546080767,1.230199085661714,linear,4381,0.011509011979708262,8.46822752366075,0.0028257369995117188,0.16177583210377144,0.017608308851501723,0.8206158590451835,8.45672665761299e-06,2.227345168954993e-05,-4145.379972441613
103,9362.470489414613,0.037338339056600424,,3,RPL6,,2.1093978728078526,-4668.657696275585,-4.2184150574476185,1.3776473666671971,linear,4381,0.005761867199480934,3.4861572953138125,0.0030145645141601562,0.00672798270760426,0.00048099806044138123,0.992791019232666,3.480831740620971e-06,9.760812660266857e-06,-4689.812781509139
104,9194.0211095723,0.03397012292703499,,3,RPLP0,,2.326661817601158,-4584.433006354429,-2.7679608744805204,0.6507437609998633,linear,4381,0.010671346489657655,7.695557735553684,0.0028955936431884766,0.14531330913518006,0.0026033215094666716,0.8520833693554596,0.00020047548336898924,0.00043627518318277756,-4596.962560094728
105,9231.987167238101,0.039927944819221954,,3,METRN,,1.9672823477382313,-4603.41603518733,-2.018133222469213,0.5234356171235266,linear,4381,0.004546873508388171,2.4308563963160634,0.0029375553131103516,0.1386860618762525,0.005269822764300202,0.8560441153590241,2.7901988164380498e-08,1.1153599395174666e-07,-4632.616888073425
106,8302.261108532433,0.032013226317035966,,3,NDUFB10,,2.473886674361934,-4138.553005834496,-3.2446459577347913,0.7345425802423508,linear,4381,0.023195059049478297,18.68647379991983,0.002992391586303711,0.002025504042450196,0.00035158513972917345,0.9976229108178609,0.01381083909059544,0.018757328009132906,-4144.397992536939
107,8241.047553121121,0.03207726616621565,,3,ATP6V0A1,,2.468784405607884,-4107.94622812884,-3.687289169678526,0.9027838087499039,linear,4381,0.021953582207939297,17.620313483560835,0.003554821014404297,0.0012181290910011874,0.00031028043081204084,0.9984715904786414,0.003407588808335693,0.005534988370888472,-4116.367237118238
108,7616.178291198623,0.031693709811499375,,3,NME1,,2.499651701165703,-3795.5115971675905,-3.024850600228234,0.6297092987042702,linear,4381,0.028571557044325322,23.454099787064703,0.002962350845336914,0.01400405933907042,0.002970142177675969,0.983025798483402,0.034077896737529145,0.040780343519143156,-3798.7108852773094
109,8159.241968487064,0.03177407382050628,,3,DYNLL2,,2.4931225693118786,-4067.043435811811,-3.6591482023400275,0.879967327112002,linear,4381,0.025031765351147674,20.451138815576677,0.0030558109283447266,0.0039691503391684315,0.000815146796280134,0.9952157028643952,0.0003410942466104405,0.0007042238857758013,-4079.2346560816877
110,8516.504518003127,0.039505656723889254,,3,ACTG1,,1.989185792355142,-4245.674710569842,-5.574920872957288,2.322044510215101,linear,4381,0.004650461308396185,2.53538361606021,0.002905607223510742,0.4031962734741781,0.007083271897191081,0.5897204546284462,6.419073272923015e-09,2.7830947057428456e-08,-4277.396480085505
111,8124.751813785439,0.031869366026665506,,3,MYL12B,,2.4854232757284467,-4049.7983584609983,-3.138731416369474,0.6880229035888068,linear,4381,0.025598793267524546,20.797513109718683,0.0028777122497558594,0.005128286104863612,0.0006990738191368856,0.9941726400761103,0.039246112738951844,0.04589322877810287,-4053.485979721917
112,8794.40511622159,0.03190780825898885,,3,MAP1LC3A,,2.4823302892309687,-4384.625009679074,-4.443781339467054,1.2553616291987018,linear,4381,0.023456549699598577,19.01412254876331,0.002922534942626953,0.03199985897446551,0.011594847647073156,0.9564052933792778,0.00029030248604422493,0.0006128278561369406,-4395.77075390826
113,8983.897278246515,0.030681453854560288,,3,STMN3,,2.584820623467349,-4479.371090691537,-4.77042233767082,1.3718769225912772,linear,4381,0.06487468693932757,56.59524062675536,0.0029006004333496094,0.007746109949814185,0.0037224483987950783,0.9885314416515062,0.01700355246665708,0.02236048013819969,-4483.665501059282
114,9320.174566103668,0.03389686137767603,,3,OAZ1,,2.331867280028899,-4647.509734620113,-5.794258395262831,2.164325383253179,linear,4381,0.010999334668589931,7.964059161207042,0.0028963088989257812,0.005891658540963816,0.0004082827789674889,0.9937000586793272,0.0011056663173604209,0.0020365808578831283,-4657.857523124244
115,8941.943179680466,0.030748494513212297,,3,GPI,,2.5790065796122876,-4458.394041408512,-4.950764978572648,1.465701842296088,linear,4381,0.061150451434936616,53.12831453417171,0.0027854442596435547,0.3993542187254839,0.03242901928402532,0.5682167619905045,0.012568751301321623,0.017363248232663563,-4461.862069221861
116,7792.896483004933,0.03141927503346936,,3,TBCB,,2.5221997897670363,-3883.8706930707453,-3.0301566866289398,0.6312616352838707,linear,4381,0.0341156989764244,28.46505677072792,0.0028030872344970703,0.0015065934538636553,0.0004626728364056588,0.9980307337095483,0.04292928568619714,0.04938062546464234,-3887.6146210806987
117,8727.517975552155,0.03517855910124775,,3,CAPNS1,,2.2439269883865003,-4351.1814393443565,-4.074550616335531,1.1940527740582678,linear,4381,0.00782611691595757,5.288307348919229,0.002897977828979492,0.0019099604647392862,0.0001005908451032003,0.99798944868982,2.268058991394817e-06,6.5556949867822205e-06,-4373.943585998202
118,8317.416369861226,0.033954195568391,,3,AP2S1,,2.3277915953527883,-4146.130636498892,-3.7830828733461566,1.001503809352883,linear,4381,0.01073997460461562,7.751819200197732,0.0029439926147460938,0.008630148819473547,0.0007239218549592913,0.9906459293263091,0.0003739433764812228,0.0007581585788697127,-4158.206928187232
119,8541.66515922138,0.032212840456356896,,3,TTYH1,,2.4580496838361325,-4258.255031178969,-2.8264495452601914,0.6076889774567809,linear,4381,0.020899428490030836,16.642429925169925,0.0029115676879882812,0.09135561860035413,0.010340406585644448,0.8983039748132282,0.004542499166388603,0.006995403584602418,-4264.347874241974
120,8696.22080025052,0.03344477431577885,,3,PI4KA,,2.3644940547434126,-4335.532851693539,-4.7536000626444315,1.4768620150587082,linear,4381,0.012651430531225336,9.392464452849413,0.0029015541076660156,0.2641150569069841,0.0037307813780256965,0.7321541617156128,0.001234007707420548,0.0022080368790786137,-4344.418742060168
121,8414.077973824196,0.030472995875075577,,3,SEPT3,,2.6030624053673828,-4194.461438480377,-3.4087859625913026,0.7593594492230621,linear,4381,0.08361626639810886,73.88415612487665,0.002896547317504883,0.01732162111532631,0.005857138481023503,0.9768212404028523,0.01804024524167014,0.023482998215065054,-4198.419480366467
122,8047.0528015508535,0.031108294013118657,,3,MAPK8IP2,,2.548231419130272,-4010.9488523437058,-3.451888272283126,0.7787972469972533,linear,4381,0.04032772156827671,34.28122092284939,0.0029296875,0.0023409779702914333,0.0009461610016420447,0.9967128610276416,0.0013027812929645721,0.002316387730536377,-4020.5748197949033
123,8356.570508137627,0.03470556459180673,,3,FBXO2,,2.2756240322928387,-4165.707705637093,-2.4889868502720107,0.5415075228230015,linear,4381,0.008868747777362377,6.145601935044663,0.002908945083618164,0.0012981149341414928,8.947286466589016e-05,0.998612412200586,0.0001551921959377367,0.0003443778148940471,-4180.483424578455
124,9386.329133026777,0.03357949357552454,,3,RPSA,,2.3546795791605595,-4680.587018081667,-3.7698115278312305,1.0299017534538386,linear,4381,0.012121959985913804,8.932163184432842,0.002981901168823242,0.0016093188708842664,0.00012379042335546704,0.9982668907052705,0.00297875429813399,0.00488062279292567,-4689.712531238551
125,8896.014827129953,0.03613065290647776,,3,RACK1,,2.1826403634003824,-4435.429865133256,-2.9206741836246546,0.7330610139263951,linear,4381,0.006820411450347482,4.385782676031347,0.0029752254486083984,0.4592897105474128,0.007419639472660535,0.5332906499800745,1.3753348485523453e-05,3.507641324979243e-05,-4452.277854848513
126,7536.396728373636,0.033458066197235445,,3,STX1A,,2.363522209358857,-3755.620815755097,-3.375209895121171,0.7919421314389747,linear,4381,0.012418255536213603,9.21252401977661,0.0029299259185791016,0.00034832730384517943,3.170554719762521e-05,0.9996199671491809,0.0011642126169018052,0.002103181300929835,-3767.1539134001723
127,8475.886406668371,0.0357211781078358,,3,PSD,,2.2085980160991414,-4225.3656549024645,-3.2163353748574863,0.8176992782096169,linear,4381,0.007289236763680828,4.787449316398616,0.002942323684692383,0.00010226446904713794,5.89533990204139e-06,0.999891840190509,0.0001531869534237007,0.0003412716892658801,-4241.526383529441
128,9367.837258286238,0.03549667365865942,,3,NACA,,2.2230841115805613,-4671.341080711398,-3.886098757222495,1.143682568641065,linear,4381,0.007533784130624677,5.006332474515514,0.0029621124267578125,0.01393161824418461,0.00049017365999788,0.9855782080955043,2.237114780101468e-05,5.5303475425155904e-05,-4688.927644815106
129,8987.947906089075,0.03665037967325618,,3,KLC1,,2.1505288614338114,-4481.396404612817,-5.4295846428440315,2.070026408066817,linear,4381,0.006231491931691932,3.9023809949144725,0.0028862953186035156,1.2767135153260765e-05,1.5641257663471269e-06,0.9999856687399303,6.70139724412433e-06,1.807249365531572e-05,-4504.164608342213
130,9196.901658855246,0.035446300579732595,,3,RPL26,,2.2263596277369246,-4585.873280995902,-4.451098346573285,1.4207264987239923,linear,4381,0.007571478998864147,5.044670320977548,0.002880096435546875,0.3088793360218488,0.0018857431093385188,0.6892349208688172,8.18927664958391e-06,2.177251939426254e-05,-4604.524555753851
131,8302.42968319939,0.031019335173858877,,3,ANAPC11,,2.555774004771471,-4138.637293167974,-3.0589405176855715,0.6489792613657464,linear,4381,0.04596461999069232,39.283278107879376,0.0028624534606933594,0.02773645621576328,0.0022581565831119327,0.9700053872014895,0.011608689849533671,0.0161957419142909,-4143.845827758861
132,7437.937716505069,0.01360935328255077,,3,ATP9A,,5.929953398040887,-3706.3913098208136,-2.977082859503901,0.2602782448493904,linear,4381,0.0018237648674595966,7.543011885344012,0.0042188167572021484,0.00015745233931798908,2.6250185090149443e-05,0.9998162974758739,0.004887517011948783,0.007465534731234899,-3715.393216538515
133,9263.974819668045,0.038514677206656696,,3,RPL10A,,2.0424725079706154,-4619.409861402301,-3.270296752272429,0.9456282634135894,linear,4381,0.005092808091235672,2.909692245974724,0.0029845237731933594,0.0002240179597900434,1.4357732012670211e-05,0.9997616243087791,1.521011423921692e-06,4.584477796944332e-06,-4643.914077975274
134,8336.233658467312,0.045211841076696194,,3,PPIA,,1.7278047152049203,-4155.539280801935,-6.470809309276517,3.506049653205746,linear,4381,0.0036740277809006686,1.5645853718910065,0.0028946399688720703,2.159203415839042e-05,1.2334165404334483e-06,0.9999771745501019,4.151379240369124e-11,2.271716795259362e-10,-4201.690761461308
135,8645.5677929211,0.0033626534457857813,,4,AK5,37.047774383774886,303.97493523906826,-4306.013831884922,-4.288958735649027,0.0600418505725305,PER,4381,1.5450297830940935e-06,0.10032978523807481,0.007130146026611328,0.9383970874981862,0.048557279874830585,0.013045632626826687,0.027650652935794273,0.0342525570833016,-4312.344264389207
136,7839.930668059622,0.0024219237997686305,,4,LMO3,37.047774383774886,422.44400352931547,-3903.1952694541833,-3.1341959968268145,0.023442914321322516,PER,4381,1.1167380313678434e-06,0.13924785287266128,0.008712530136108398,0.4510553490416081,0.4151356906600166,0.13380896029803824,0.02915109543150074,0.03572431290966221,-3907.995429979518
137,9159.741087461267,0.004537374558482186,,4,TSPAN7,71.66519881451131,240.30721652478488,-4563.100479155006,-5.735559750120838,0.12821628035903798,PER,4381,4.7914982050944975e-06,0.17172698440909073,0.004114389419555664,0.8492922376346451,0.14494480987606514,0.005762952488570447,0.015980437385646695,0.02134397065726185,-4569.789529655236
138,9040.390083622302,0.011166183505887264,,4,BEX1,71.66519881451131,96.99850369462585,-4503.424977235523,-6.57841501219484,0.41065339626809944,PER,4381,3.200435409802266e-05,0.19466297884170436,0.006016731262207031,0.8571581946143856,0.1299689440419787,0.012872861343089105,0.0207382036613859,0.02662598109351679,-4509.716800644738
139,9144.569824542452,0.01195923299584699,,4,YWHAZ,71.66519881451131,90.49363270394362,-4555.514847695598,-6.487035039440241,0.4279715818564098,PER,4381,2.4833937757113394e-05,0.1321117869697365,0.004773378372192383,0.6735903079966732,0.3264096631211737,2.888176014409575e-08,0.00044986292332371836,0.0008991457526134925,-4568.18988087863
140,7610.44052264231,0.003725673110563646,,4,CNTN1,71.66519881451131,292.90088049017174,-3788.450196745527,-3.178063103852511,0.033055865142911846,PER,4381,3.5960500111419697e-06,0.19051477844988599,0.004876613616943359,0.8034436480197464,0.12171501595340342,0.07484133602642529,0.035194196284946466,0.041938115888269865,-3793.8295376182446
141,8484.2486756165,0.0028775325015555474,,4,TMBIM6,71.66519881451131,379.5550288242025,-4225.354273232622,-2.3665943863553895,0.014801684892476498,PER,4381,2.096469555803567e-06,0.18553649829615834,0.004590511322021484,0.9872182035873068,0.009576975607279896,0.0032048208046012677,0.029470351776634485,0.0360315876582792,-4232.411963103273
142,9733.828363860566,0.026916095073911458,,4,PTMA,138.62912972641914,46.28372198064127,-4850.1441173546555,-3.2626181893265676,0.2308321970545885,PER,4381,0.0002564466492979218,0.286294393446767,0.003470897674560547,0.9816759233902143,0.018324075635279255,9.753461204076005e-10,2.4174238266505554e-05,5.9499911572979136e-05,-4869.963083532053
143,8362.913437813486,0.014048037503729814,,4,APOD,138.62912972641914,89.85249445848746,-4164.686654331115,-2.13450488799868,0.05289385036875074,PER,4381,4.48443303107141e-05,0.17438538137239495,0.004161834716796875,0.8579510614711325,0.14204893847927014,5.008327631182141e-11,1.6694940542683057e-05,4.1636617604438835e-05,-4184.119281780722
144,8458.274091978512,0.01026071080597265,,4,SCD5,138.62912972641914,123.49045869804031,-4212.366981413628,-3.169017523192669,0.08129957242446649,PER,4381,2.157310245435127e-05,0.15481751758269885,0.0058901309967041016,0.8821491603788691,0.1178506705288969,1.6909144943240993e-07,2.5173414320844856e-05,6.168979003527198e-05,-4231.124837971441
145,8230.221074090741,0.004251705832780275,,4,ACOT7,138.62912972641914,299.8309099263308,-4098.340472469743,-4.258878494346531,0.059903594684139354,PER,4381,1.1579994078357993e-05,0.4721101059261921,0.0047299861907958984,0.6003426741271484,0.0949205741278426,0.30473675174500464,0.02613091753509933,0.032584812694613,-4104.2100376480485
146,7957.135548385157,0.007212672720210844,,4,FABP3,138.62912972641914,176.21790720796827,-3961.7977096169507,-3.5780645197644407,0.07200948329352083,PER,4381,1.3818458937352902e-05,0.19817993530353853,0.003981113433837891,0.9603028213298188,0.02105398419008829,0.018643194480547052,0.0005488863214848649,0.0010855168080402434,-3975.6495819883953
147,8943.538182108035,0.02041117918362923,,4,MARCKSL1,138.62912972641914,61.442059644056336,-4454.99902647839,-1.7166122985834007,0.053054699115176567,PER,4381,6.938460570936085e-05,0.13118263702318728,0.0042493343353271484,0.9728739603935537,0.027126039607284477,7.584208423310686e-21,4.2198789251823854e-07,1.424237851721872e-06,-4482.3799762827375
148,9152.235116939411,0.0034496109967519215,,4,ATP6V0B,138.62912972641914,369.8445130421444,-4559.347493894078,-5.037997789409024,0.06796443999631668,PER,4381,6.625269585069593e-06,0.4089568862889473,0.0047075748443603516,0.6973071320630144,0.2195119155009207,0.08318095243539274,0.029155648923046895,0.03572431290966221,-4564.683803002821
149,8429.577743157575,0.00454620036321836,,4,RNF11,138.62912972641914,280.32548155778386,-4198.01880700316,-3.848615048911342,0.052590724968265244,PER,4381,1.2600294955649689e-05,0.4498585253905487,0.004256725311279297,0.3689769027075719,0.29864811946178665,0.33237497783033787,0.024944105980930997,0.03131270643485973,-4203.152303372099
150,8123.4527633207745,0.005292452775103899,,4,PRKACB,138.62912972641914,240.6181936763709,-4044.9563170847596,-3.9689968612073425,0.06482879606441404,PER,4381,1.4497918080728293e-05,0.38311473860203765,0.0047075748443603516,0.8145607796656645,0.1313888367710036,0.05405038356327812,0.031295228983840406,0.03801536436124814,-4050.5052553350956
151,8249.998395489021,0.01893276959755713,,4,CSRP1,138.62912972641914,66.33987676931862,-4108.229133168883,-1.703486701467616,0.047527740588363246,PER,4381,9.59186176016102e-05,0.20950853888009274,0.004062175750732422,0.9897019988279291,0.010298001165011398,7.280940757164421e-12,0.00012421783066962622,0.00027783208879930823,-4125.239410551055
152,8208.173644502282,0.009537276772259627,,4,NENF,138.62912972641914,132.95472917285204,-4087.316757675513,-2.4004327845309863,0.04446830465588913,PER,4381,2.856890334088724e-05,0.23659773772807347,0.004184246063232422,0.9629878399193165,0.019156307623904825,0.017855852457321686,0.0003465301271775578,0.0007128356962511143,-4102.07594368147
153,7807.363529975713,0.010598324751478138,,4,SRP9,138.62912972641914,119.51583747124414,-3886.911700412229,-2.6919611930018186,0.061067352795938015,PER,4381,4.8835844650495104e-05,0.3289511412441239,0.004029512405395508,0.9819870021148593,0.014238890571057384,0.0037741073138659897,0.027542496403016647,0.03419372801335667,-3893.884979579411
154,8408.276091200436,0.008636967064581415,,4,YWHAQ,138.62912972641914,146.94726166316687,-4187.36798102459,-3.345013466865415,0.07590155920020561,PER,4381,3.0074993306621394e-05,0.30257550640399167,0.004009723663330078,0.7692774583848323,0.2302076252102749,0.0005149164043138766,0.007114077517854311,0.010361118301784527,-4195.21515416136
155,8476.1863983348,0.02069196791825106,,4,RPS27A,138.62912972641914,60.5909219417166,-4221.323134591772,-4.33125380016944,0.30225984823853025,PER,4381,0.00012553475341956145,0.23121041428222192,0.004237651824951172,0.9166693239243543,0.08329585557314705,3.482050300966037e-05,8.493746286741821e-05,0.00019226442854253117,-4237.967395462363
156,8915.804049678603,0.007143748963880947,,4,COX5B,138.62912972641914,177.9304308190861,-4441.131960263674,-5.699135517562341,0.178359986073296,PER,4381,1.847093578617484e-05,0.2699635642832421,0.004119157791137695,0.966020743845851,0.03397505260235433,4.203552355601234e-06,0.0015870950905645387,0.0027524446325874518,-4452.780397237444
157,7682.774976210667,0.008471563790399587,,4,NDUFB3,138.62912972641914,149.84133341266104,-3824.617423529706,-2.736106256692704,0.050281804622349664,PER,4381,2.4503737405888788e-05,0.2560701948870428,0.004231452941894531,0.9473012092502628,0.05267591949537024,2.2871254243875585e-05,0.0007544093585472034,0.001446301182125127,-3837.412326012857
158,9307.747355257094,0.005765189961962256,,4,COPS9,138.62912972641914,220.78287447397042,-4637.103613052919,-4.875280699200943,0.10616497010882744,PER,4381,1.4082030050491377e-05,0.3142147477948441,0.004632711410522461,0.8964984538364346,0.056913941173067195,0.04658760499029615,0.006973456310574111,0.010182625794997525,-4645.761884390059
159,9372.62017460721,0.008356986903992773,,4,RPL24,138.62912972641914,151.91325707281652,-4669.540022727977,-3.8921614501187833,0.09915566562202925,PER,4381,3.2662453442080846e-05,0.35058840404730574,0.0046575069427490234,0.7340443760643185,0.23734331398445058,0.028612309951698948,0.007529307534666296,0.010881516716767141,-4677.246697915266
160,8940.072708466962,0.006326264017965818,,4,PFN2,138.62912972641914,201.08817792996405,-4453.266289657853,-4.791402784185261,0.11235691383111962,PER,4381,2.0557944810838425e-05,0.38184179311878025,0.004721879959106445,0.9149983433937341,0.08102701549921784,0.003974641107217393,0.01241358611334975,0.017233370779840676,-4460.729178991431
161,8905.874907852643,0.011403622932829465,,4,SERPINI1,138.62912972641914,110.98549068003074,-4436.167389350694,-5.925203927457068,0.30735638105840424,PER,4381,3.3587601736099806e-05,0.1960658867436705,0.004038095474243164,0.6728724319193685,0.32666339578940284,0.0004641722914482152,1.0366488248481076e-05,2.7050600648393382e-05,-4455.971372768815
162,8299.71625361715,0.004596328941838791,,4,SEC62,138.62912972641914,277.25422740431395,-4133.088062232948,-3.0824922744483327,0.034577747875598884,PER,4381,9.58827654578319e-06,0.3349662930215163,0.00404047966003418,0.7489791938887844,0.11014742048526995,0.1408733856259286,0.023753959958882964,0.030086731715030516,-4139.159015875273
163,9227.503723806252,0.0015722696405254008,,4,C4orf48,138.62912972641914,812.9795973603228,-4596.9817973274985,-5.207366337534532,0.03332459790833373,PER,4381,3.1573945892118648e-06,0.9308866790793483,0.0034584999084472656,0.42217553544821035,0.385848236177229,0.19197622837372802,0.033080485505134205,0.03975557474933748,-4601.56839476446
164,8260.284724372754,0.032725535297661444,,4,QDPR,138.62912972641914,37.84016350954799,-4113.372297610749,-2.7247874963280796,0.19699672615897687,PER,4381,0.00011973489193601433,0.09257318394865935,0.004189491271972656,0.7478833226339253,0.25211667706001134,3.053400091898134e-10,0.0,0.0,-4194.444496821782
165,8732.729825622411,0.010984167059756482,,4,RPL37,138.62912972641914,115.2726176101903,-4349.594848235578,-4.194595202688606,0.15011849480526424,PER,4381,6.907381673754479e-05,0.433847605635877,0.004038095474243164,0.7941501340120171,0.2058498420006278,2.398679702085828e-08,0.0004016678483396152,0.0008114501986658893,-4362.794329690616
166,8911.397676968294,0.0056734162320582334,,4,COX7C,138.62912972641914,224.37498883507655,-4438.928773908519,-6.062438696380431,0.16019666295420137,PER,4381,1.137871690840348e-05,0.2620760306988001,0.0040242671966552734,0.9795140379689484,0.010256910996573346,0.010229051034963172,0.006077549180978803,0.009086280424901996,-4448.735490740555
167,9188.273990372241,0.00885044672573209,,4,COX7A2,138.62912972641914,143.37189909015052,-4577.366930610493,-5.545611805608669,0.20949164426426087,PER,4381,3.592190125383042e-05,0.34447902518732276,0.0040128231048583984,0.6921406936924598,0.30014679698548824,0.007712509322500392,0.0011687445434925836,0.002104622762025564,-4588.3238030728935
168,9161.918765533102,0.008708267124704737,,4,SERINC1,138.62912972641914,145.73362991013565,-4564.189318190924,-4.958398188941932,0.16541723423262933,PER,4381,2.3888150693040913e-05,0.23648182152801256,0.00410771369934082,0.9865939925673884,0.01282420876274095,0.0005817986705736556,0.0018076974230789578,0.0030875272790880266,-4576.096006599426
169,8949.992163943129,0.043840703955375905,,4,YWHAG,138.62912972641914,27.92175893463834,-4458.226017395937,-7.081411626891694,1.7251318664984965,PER,4381,0.00022837439656220554,0.10286812103460265,0.005487918853759766,0.9689432263436907,0.03105677365061138,6.591888315683002e-12,2.7725599593964034e-12,1.736350681642192e-11,-4508.789491979829
170,8991.141967850099,0.017210824465694285,,4,SYP,138.62912972641914,73.10527747734133,-4478.800919349422,-5.819027391452579,0.4489703613915633,PER,4381,4.305187575204363e-05,0.11299427704729496,0.004076480865478516,0.5099333197371354,0.4900617456614208,4.9346007052809164e-06,1.6810208780526636e-10,8.854995279461779e-10,-4519.626957226776
171,8503.520095868013,0.006909377376687931,,4,BEX4,138.62912972641914,184.00939946388146,-4234.989983358379,-4.241782287709803,0.0964332214497579,PER,4381,1.4766378059123836e-05,0.23048539009154806,0.004205465316772461,0.5087634582128885,0.4912335975746939,2.9442130186647944e-06,0.001400611868277668,0.002459301496267783,-4245.212504606555
172,7912.403245909625,0.009160366181058905,,4,TCEAL4,138.62912972641914,138.47793415057134,-3939.431558379185,-2.441592803067153,0.04391548324113337,PER,4381,4.976106533610539e-05,0.4460195101281108,0.0036056041717529297,0.8336384784921925,0.16598048706138485,0.00038103444683767156,0.0022939715356266044,0.0038711550138500125,-3949.536579155491
173,9018.297061649848,0.004697943300413413,,4,RPL39,138.62912972641914,271.2296547282577,-4492.378466249296,-4.314278331392825,0.06811126427351395,PER,4381,1.1623743264630512e-05,0.38886280073037116,0.004656553268432617,0.8476711270700455,0.0923022850206371,0.060026587908539826,0.035776769854966695,0.04245281781833368,-4497.894891413705
174,9201.030503987497,0.02417943085020076,,4,DPYSL2,138.62912972641914,51.66708203541616,-4583.745187418121,-5.464995131441652,0.5606429941180727,PER,4381,9.126184730395015e-05,0.12485681225560737,0.0041158199310302734,0.9630655055953473,0.036934494404807124,1.483864113161556e-14,2.999462378472373e-08,1.1740319915737822e-07,-4616.083543778148
175,9130.443810051665,0.016026598672798157,,4,SARAF,138.62912972641914,78.60171783218581,-4548.451840450205,-5.256386967712222,0.3421344301712558,PER,4381,7.420925218750811e-05,0.2235299922909488,0.0041463375091552734,0.9710345730657671,0.028965426246965152,6.872443496558471e-10,0.0003163678063157205,0.0006579940956583251,-4563.178882444708
176,7149.148679843283,0.007250611112134645,,4,OXR1,138.62912972641914,175.2891587177769,-3557.804275346014,-3.3098480079466155,0.06189229845154242,PER,4381,1.389647993963396e-05,0.1972496753670946,0.0040607452392578125,0.6973436890729858,0.016283553458558527,0.28637275746808355,0.0004775681415603028,0.0009511475996382515,-3571.884113722545
177,7274.986825164417,0.010663768764019822,,4,SH3GL2,138.62912972641914,118.77450671631188,-3620.7233480065806,-3.3653256856082536,0.09406672896043158,PER,4381,3.4506687451342364e-05,0.22964985354762985,0.0040438175201416016,0.8239820003527644,0.1572957322454645,0.0187222674020725,0.0002276603002872024,0.0004916384053572465,-3635.139158374886
178,8012.197488925964,0.0070783647431083485,,4,DNAJA1,138.62912972641914,179.58583432404487,-3989.328679887354,-3.4160631516398454,0.06461901286419969,PER,4381,1.900074751119126e-05,0.2827846892569115,0.004126787185668945,0.8383727806211703,0.16064053612400644,0.0009866832548215277,0.0030267537159313074,0.0049448940813634,-3998.9460972768165
179,8864.434628573437,0.0087360399810257,,4,RPLP2,138.62912972641914,145.26625625062738,-4415.447249711091,-4.361171280068222,0.1288955933862855,PER,4381,3.3693724600694067e-05,0.33147314839078745,0.004180192947387695,0.8244917111775798,0.17481058578052475,0.0006977030412188372,0.0023676584430319947,0.003983577298995487,-4425.462929529844
180,9099.637203692242,0.005295532250511768,,4,CD81,138.62912972641914,240.47752410243598,-4533.048537270493,-2.8454222983321147,0.03447163041011276,PER,4381,1.7324508987624426e-05,0.4572823600591261,0.0034332275390625,0.9572734409615711,0.03935842129081336,0.0033681377467324747,0.01988743667041948,0.02570936350221033,-4540.0659751172825
181,8652.230451398691,0.004344525326539033,,4,RPL27A,138.62912972641914,293.39775968993735,-4309.345161123718,-2.8154512303732386,0.027605290458867653,PER,4381,1.0005858972949898e-05,0.3908395210191049,0.004726409912109375,0.7970510701960711,0.12117650869339293,0.08177242111089197,0.03616669564540864,0.042825346256977384,-4314.676223926642
182,9328.556498437249,0.007670795175983396,,4,PRDX5,138.62912972641914,165.6171958862524,-4647.508184642997,-5.0984768816264,0.15404195517083494,PER,4381,1.810628917012652e-05,0.23001941213097782,0.004184722900390625,0.7955531042755897,0.07649869474147344,0.12794820098237938,0.0008389018957237759,0.0015920391042202053,-4659.832192648219
183,9056.243400594105,0.014093476564759672,,4,FAU,138.62912972641914,89.55867159066644,-4511.351635721425,-4.0477940124748635,0.1802605816379979,PER,4381,4.324831062845341e-05,0.16712745343261518,0.004329204559326172,0.9995559146613557,0.0004440853381304308,4.4006574843456585e-15,4.021241416185539e-05,9.523184408078817e-05,-4532.072497293567
184,7786.400541003952,0.011218286612572627,,4,NCAM1,138.62912972641914,112.84022281473958,-3876.430205926348,-2.83901982479554,0.07154812361774826,PER,4381,2.8201060013571257e-05,0.16997671915450954,0.0048902034759521484,0.99629974706126,0.0037002511955203285,1.7436170381933059e-09,0.0007047997494041836,0.0013604478350890217,-3890.7045761461823
185,7807.581595272133,0.007443756052234478,,4,HTRA1,138.62912972641914,170.70766989279204,-3887.020733060439,-2.021554299350758,0.02507130643589437,PER,4381,2.1912278135885562e-05,0.2953324170527904,0.004161834716796875,0.7762332226604269,0.22043759380808836,0.0033291835315205427,0.0051479148023354515,0.007778959730558079,-3895.476882299138
186,8949.038431034418,0.012569735464107123,,4,TPI1,138.62912972641914,100.57043691008496,-4457.749150941581,-6.52839211001927,0.4105283870942331,PER,4381,3.039044664144144e-05,0.1467164603338055,0.0041697025299072266,0.9086948450790965,0.09130505521532027,9.970641024200794e-08,2.193858153032302e-06,6.406933843052412e-06,-4481.315380008412
187,8871.974395816722,0.007058838247009863,,4,HNRNPA1,138.62912972641914,180.0861547015985,-4419.217133332733,-3.268550681465116,0.05959997492347154,PER,4381,2.1199236483176037e-05,0.3172267007401777,0.00401616096496582,0.9684316750731791,0.02172947866948196,0.00983884625726867,0.03218271313487486,0.03892563820449164,-4425.704374805781
188,8741.664090060893,0.009473972518426355,,4,SLC25A3,138.62912972641914,133.8516754425459,-4354.061980454819,-4.584923031167409,0.15405514392535266,PER,4381,2.8195347859633033e-05,0.23657317497692887,0.00404667854309082,0.919447925082815,0.027401232689145724,0.05315084222848317,0.00042348992212570824,0.0008524797133699321,-4368.244166712471
189,8428.619778316859,0.005942194448510646,,4,ATP2A2,138.62912972641914,214.16811839452546,-4197.539824582802,-4.061461526119863,0.07621034345481358,PER,4381,2.43228449664673e-05,0.5112435520404426,0.0047185420989990234,0.8585200077261399,0.11953084820456787,0.021949144069968177,0.024768554283633448,0.03123144937126853,-4203.565637839187
190,8081.658466828221,0.010938980326900475,,4,COX6A1,138.62912972641914,115.75407406252879,-4024.059168838483,-6.0010749599018345,0.3016451477929418,PER,4381,2.854502178819487e-05,0.1807398061041579,0.004682064056396484,0.9832181167942178,0.01675993494504265,2.1948260627630623e-05,4.866965661498579e-05,0.0001142999511412545,-4042.594325696628
191,8345.754427329912,0.002879746582574952,,4,RAN,138.62912972641914,443.2852765412757,-4156.107149089328,-3.6444847490341545,0.030067759947400522,PER,4381,6.65531986211338e-06,0.5880925256918998,0.0033876895904541016,0.41076435690448737,0.3835982557400495,0.2056373873563219,0.012690696624369502,0.017488846203843278,-4162.353085214284
192,9300.691412455204,0.005266013226646175,,4,RPL21,138.62912972641914,241.83271498089857,-4633.575641651974,-3.756139707184246,0.05840538439981055,PER,4381,1.4873219032196399e-05,0.3969452929202006,0.004658699035644531,0.6966175090872576,0.2509289796879936,0.05245351122563471,0.02571331380671471,0.0322065748690164,-4639.061369327729
193,7992.6471172271595,0.04758780227847499,,4,MEG3,138.62912972641914,25.62237251480432,-3979.553494037952,-3.2866081289226448,0.4150804151497293,PER,4381,0.000804671685878719,0.31224326257188156,0.0034797191619873047,0.7465577010223179,0.2534422989781344,9.147582765398939e-18,1.5197908509456681e-06,4.584477796944332e-06,-4003.2164469955633
194,8655.27441951526,0.004265854360333326,,4,COX5A,138.62912972641914,298.83221681938744,-4310.867145182003,-4.168731492055026,0.05776655263993914,PER,4381,8.258867221721888e-06,0.3344993888451101,0.004708051681518555,0.7413949436490698,0.17630475748124227,0.082300298868848,0.013620082362322816,0.018587829770284274,-4317.672036302776
195,7642.083582074671,0.009023384412028101,,4,ALDOA,138.62912972641914,140.59956839684588,-3804.2717264617077,-3.600850664983719,0.09099166020668595,PER,4381,2.95432991934155e-05,0.27274965162675774,0.00402379035949707,0.9906993765093761,0.009298104941219888,2.5185492397161593e-06,0.0039655699904304065,0.006226015178695497,-3814.905540233519
196,7892.156580052231,0.023630030702629444,,4,STX1B,138.62912972641914,52.89811151298051,-3929.308225450488,-3.6224391438773944,0.24332341549165462,PER,4381,0.00018518893741712686,0.26468624546404357,0.0034394264221191406,0.42035948868933715,0.2203533270925165,0.3592871842177172,5.034296826789131e-05,0.00011773911854429502,-3946.0663156889023
197,8616.610897344812,0.0065582545972872955,,4,GABARAPL2,138.62912972641914,193.9296321780197,-4291.535384096778,-3.9911902686060063,0.08134744971985657,PER,4381,1.681457216846963e-05,0.2908874823560415,0.004075527191162109,0.9462027996981647,0.05289078730772853,0.0009064129940938594,0.005392541593153832,0.008105153424861518,-4300.720354982345
198,8321.306897471279,0.007688551601853028,,4,COX4I1,138.62912972641914,165.23175243332926,-4143.883384160012,-6.290307360982012,0.2328733844891353,PER,4381,2.068783048325209e-05,0.2616215977167288,0.004119157791137695,0.9845392475127595,0.015453598556282045,7.153931578780524e-06,0.0045969724985771565,0.007060002351047404,-4153.992090610594
199,8124.339963335713,0.004648902757579921,,4,ATP5MC1,138.62912972641914,274.1043186363767,-4045.399917092229,-3.4317727354010974,0.04295243178942549,PER,4381,1.3491931590675617e-05,0.4608406066548668,0.004083395004272461,0.9220533517145642,0.04790148433991355,0.030045163945696403,0.03539963746098962,0.04209393023746368,-4051.304439484162
200,8673.945229471849,0.008884302424207033,,4,CLTC,138.62912972641914,142.8206685223402,-4320.202550160297,-4.636070277067304,0.14759755801722751,PER,4381,2.9746897903822576e-05,0.28313242976842573,0.004229545593261719,0.7494739070583136,0.03333244827312863,0.21719364466831423,0.0009501620422988077,0.0017760190360778835,-4332.68121898577
201,8954.134825428135,0.0076612491781858005,,4,PPDPF,138.62912972641914,165.82515185796194,-4460.29734813844,-3.92151026119302,0.09197709806389438,PER,4381,2.2303194329849623e-05,0.28403152926159164,0.0041046142578125,0.9368067548832347,0.06168148258590108,0.0015117625300608507,0.013930527333917975,0.01887440329333292,-4467.704520930706
202,9084.203507851895,0.008449311576462223,,4,ATP5F1D,138.62912972641914,150.2393290911296,-4525.33168935032,-5.445446223261862,0.19288586129739127,PER,4381,4.2483170577053153e-05,0.44626024423042276,0.003552675247192383,0.5529621434147232,0.4442706339782095,0.0027672226071135697,0.009470534289387711,0.013378289495147825,-4532.172985662286
203,9094.230848172732,0.0038716132235083176,,4,UQCR11,138.62912972641914,329.3922618834344,-4530.3453595107385,-5.72175355652637,0.09785749601322848,PER,4381,5.848847823041225e-06,0.2871191493423625,0.004843235015869141,0.5582096749891152,0.44094989780737714,0.0008404272025986822,0.006804131398828184,0.009987124685780004,-4537.787221503191
204,7836.128356289648,0.004136997749481531,,4,UQCRFS1,138.62912972641914,308.1799312462496,-3901.2941135691963,-3.4170586925333315,0.03786335948013248,PER,4381,1.004646842900076e-05,0.43241161582451987,0.004791259765625,0.4956398065258365,0.48186610388554696,0.02249408958881187,0.016727139754820652,0.022235906192085774,-3907.032984366724
205,9505.14271442716,0.009791115915347374,,4,RPS16,138.62912972641914,129.47462651341783,-4735.801292637952,-2.7985332955535025,0.06200838895958195,PER,4381,5.538161854659428e-05,0.4356343504694598,0.0036764144897460938,0.8559134522235948,0.13787909183077632,0.006207455944767227,0.008483144365486806,0.012074264248397198,-4743.642717469486
206,8863.748752676345,0.018809823916845596,,4,TTC9B,138.62912972641914,66.78185862055098,-4415.104311762545,-4.419558038475835,0.2860071687824211,PER,4381,5.445665236128681e-05,0.12044543411731493,0.0042819976806640625,0.6498426841071985,0.35015666181225996,6.54080113093497e-07,1.373010150018672e-09,6.503180236910441e-09,-4452.120267598759
207,9241.244385073236,0.006983234798455413,,4,NDUFA3,138.62912972641914,182.0497038283041,-4603.85212796099,-5.824883783773057,0.18222536895605554,PER,4381,2.502509490245575e-05,0.38250973285199436,0.00424504280090332,0.7833453155129874,0.21623156201997423,0.00042312246614167025,0.006854159038828911,0.010034424094625561,-4611.806534997153
208,8770.787645675833,0.010521728365271895,,4,ATP6V1E1,138.62912972641914,120.39521226365261,-4368.623758262289,-4.999426178716849,0.2028016448870029,PER,4381,3.855390642161498e-05,0.2634050963507895,0.004061698913574219,0.9092301089387064,0.09061445864895615,0.00015543241230945822,0.001511057108166125,0.002635294485622148,-4379.841834051192
209,9083.391709538753,0.006594468192807318,,4,APP,138.62912972641914,192.85763501288235,-4524.925790193749,-6.304929347046338,0.2011465992784976,PER,4381,1.4416321311542076e-05,0.24670377472688584,0.004212141036987305,0.9904463309457398,0.008951229712222838,0.000602439341947753,0.0052007817053411065,0.007837833391617612,-4535.087237434157
210,7268.880091504581,0.0035289221922991066,,4,MRPL20,138.62912972641914,361.5036242548698,-3617.669981176663,-2.7982595354810655,0.021888243067079982,PER,4381,6.256882379427712e-06,0.36917407554404014,0.0047528743743896484,0.9487172272953235,0.027810361559020957,0.02347241114605134,0.0386232030518987,0.04525871459492949,-3623.712196221232
211,8683.81034353444,0.043761017035592834,,4,STMN1,138.62912972641914,27.974934504740055,-4325.135107191592,-7.124312046309097,1.7416556889001609,PER,4381,0.00017762794017367844,0.08027621813778418,0.0052869319915771484,0.9991904740666167,0.000809524139365675,1.7938198428581026e-09,0.0,0.0,-4410.30964897663
212,9070.534577279856,0.007582054659703677,,4,ATP5MC3,138.62912972641914,167.57056669897364,-4518.4972240643,-4.916136681563055,0.14160626734816192,PER,4381,1.4244331297909207e-05,0.1851503816615251,0.004099607467651367,0.9897067027209931,0.010238558583419132,5.4738696487598535e-05,0.0005947953114717741,0.0011560285050548587,-4532.5750439677095
213,8973.933752356106,0.003941110844544119,,4,ATP5ME,138.62912972641914,323.561176980619,-4470.196811602425,-5.648541190182992,0.09706404003461747,PER,4381,5.737664169311043e-06,0.2718935924736726,0.004767179489135742,0.9659749378987488,0.02966295547933864,0.004362106621946105,0.017019210608413604,0.02236048013819969,-4477.632822752312
214,7733.443393623964,0.00795228024844546,,4,RPL34,138.62912972641914,159.7095650879307,-3849.9516322363543,-4.596707409208318,0.1294372219013751,PER,4381,1.479522567986874e-05,0.1750893377278918,0.004094362258911133,0.9934036694640763,0.006591878253915265,4.452281853584872e-06,0.0007618521116925514,0.0014556188266544895,-3863.7912230318266
215,8601.395542508259,0.006708594141861321,,4,NDUFC1,138.62912972641914,189.55498049094817,-4283.927706678502,-3.9498625612063347,0.08152761406014497,PER,4381,1.8516001428858168e-05,0.3063164624817435,0.004058122634887695,0.9910252047439906,0.008654061417573841,0.0003207338385614809,0.015664400623852548,0.020971557734373956,-4292.138222464374
216,9041.617794484102,0.010510141916151797,,4,PRKAR1B,138.62912972641914,120.52934807284518,-4504.038832666423,-5.662223149940477,0.25907270118444214,PER,4381,2.3925151521684447e-05,0.1638123874326048,0.003978252410888672,0.4946737058210696,0.25375991949964644,0.25156637467995124,2.6122972610620465e-06,7.474039233310885e-06,-4526.45472171319
217,9116.405746330047,0.003905914894853709,,4,NDUFA1,138.62912972641914,326.4883022091379,-4541.432808589396,-5.149613644254439,0.0802380924545,PER,4381,6.307454866548661e-06,0.304260973173671,0.004171848297119141,0.9706516030930176,0.015341273857383934,0.014007123049055369,0.039527245600891936,0.046030977221173934,-4547.7445817156895
218,8535.633264354028,0.019697588640031773,,4,LDHA,138.62912972641914,63.714319354284626,-4251.046567601386,-3.9061403796742407,0.23511437074845956,PER,4381,5.9373396336945734e-05,0.120184918519755,0.004241228103637695,0.9966509980805177,0.0014133147440632296,0.0019356871756170157,8.729161060649915e-09,3.6993027051284666e-08,-4287.4312954844845
219,7436.1383241987005,0.007877329337163804,,4,OTUB1,138.62912972641914,161.2413446775981,-3701.2990975237226,-3.2515029657337062,0.0650664202145225,PER,4381,2.148016505877315e-05,0.25898012966880846,0.0041158199310302734,0.9744455301109708,0.02492005154739895,0.0006344183417028773,0.000571305162543001,0.001125903371826639,-3714.999419100152
220,7760.004545093567,0.004845710111078628,,4,BNIP3,138.62912972641914,262.9196410239979,-3863.2322079711557,-3.4585136870477764,0.04532335581210856,PER,4381,8.909398154289971e-06,0.2803275450640319,0.0042078495025634766,0.955149151260832,0.009266512364548797,0.0355843363743309,0.020651264728027363,0.026574894419628403,-3870.905923271992
221,7577.617304124242,0.208569241212763,,4,TUBA1B,138.62912972641914,4.8579462402755125,-3772.0385874864933,-7.545786428630337,11.190399945060319,PER,4381,0.0018775722996367558,0.06938850271946588,0.004792213439941406,0.9728065471523583,0.027193452848041956,3.940316753586314e-70,0.0,0.0,-4129.583848682342
222,8186.439572341247,0.006792095546532007,,4,RPS26,138.62912972641914,187.20886970234764,-4076.449721594996,-4.67425088099063,0.11450640617116534,PER,4381,1.3365739049603428e-05,0.21578524616980196,0.004813432693481445,0.9775447539617527,0.015329930777710292,0.007125315260523273,0.0024306030058935946,0.004077310237159169,-4087.7194518619845
223,9260.529568184562,0.032158750425815376,,4,MT2A,138.62912972641914,38.52964460995732,-4613.494719516653,-1.515718879653409,0.06923819753651429,PER,4381,0.00010685463259769827,0.08535729974633736,0.005342721939086914,0.39843275750763657,0.3694088178211275,0.23215842467071687,0.0,0.0,-4692.666807848525
224,8367.976478099097,0.0037528756143128156,,4,ATP5F1E,138.62912972641914,339.8544423184807,-4167.218174473921,-6.027699419539757,0.10494291098845024,PER,4381,7.443391838120343e-06,0.3886906274213235,0.004840850830078125,0.975806514435908,0.014155324615993977,0.010038160947720889,0.03669694447241856,0.04336212230398229,-4173.6991825610585
225,9695.627954166072,0.03087216075197351,,4,RPL12,268.1641288464958,21.112974391186597,-4831.043912507408,-2.56838547654001,0.08344194142686756,PER,4381,0.00035433492931412553,0.30554196566400116,0.0036084651947021484,0.9140518136640005,0.08458650397855429,0.0013616823581198588,6.351710546415035e-08,2.370897374339146e-07,-4861.48699021634
226,8916.655706311574,0.10934779841831847,,4,RPS8,268.1641288464958,5.478144463895866,-4441.5577885801595,-3.4286226554847614,0.4613684516916426,PER,4381,0.0031817513372538733,0.29699188353670664,0.003915548324584961,0.9977951042047006,0.0022048957946935056,1.8659666965845806e-19,4.579225887368921e-12,2.80545459502839e-11,-4492.474551764998
227,9180.930838010767,0.00578158843626921,,4,RPL31,268.1641288464958,115.65648970710636,-4573.695354429756,-4.778197948309059,0.050088588202695385,PER,4381,2.3284803319470147e-05,0.5166498328085753,0.004931211471557617,0.6673025141003027,0.06474182731845969,0.26795565858147513,0.007387523276636276,0.010704053357126644,-4582.038015759279
228,7334.468856075571,0.025033073795680365,,4,SCG2,268.1641288464958,26.194558459531013,-3650.464363462158,-2.777984604597541,0.0676827334726509,PER,4381,0.0002840705407667564,0.363847509772849,0.003458738327026367,0.8739162255284627,0.008667324669367798,0.11741644980218198,0.00033051705412667776,0.0006848949651020728,-3665.660086560755
229,8774.507548479303,0.00902876332612338,,4,KIF1A,268.1641288464958,73.81900018936753,-4370.483709664024,-4.131524092919154,0.055330701497214245,PER,4381,3.42459293865619e-05,0.31579569082090264,0.004818916320800781,0.5322433996101855,0.23378608627095934,0.23397051411845277,1.453416669905394e-06,4.452165688445377e-06,-4394.103712697097
230,7370.537114205503,0.025814777057529433,,4,TPPP,268.1641288464958,25.380988799471854,-3668.4984925271237,-2.7113507929146197,0.06708576881858581,PER,4381,0.00025343229185948563,0.30621403347630755,0.004076242446899414,0.9973879444444709,0.0026117988158681623,2.5673938937481347e-07,1.606385966868018e-05,4.0601683630581783e-05,-3690.0779366825573
231,8673.679928850814,0.012954620927821452,,4,RAC1,268.1641288464958,51.24456239822617,-4320.069899849779,-3.640674866497347,0.06070699127303247,PER,4381,0.00013796167817050419,0.6280450235198204,0.00410771369934082,0.6090246135048168,0.07301164374434835,0.3179637427504173,0.008767765352097667,0.012447937985574888,-4328.000050829635
232,9333.430635082523,0.011157319244775343,,4,APBB1,268.1641288464958,59.60774906605019,-4649.945252965634,-5.169810180054201,0.10110566317087974,PER,4381,7.041302709400052e-05,0.4289446445210622,0.004076480865478516,0.7471811360715563,0.252556129262681,0.0002627346649781571,0.00010268722633244298,0.0002315130193676896,-4665.57423465779
233,8941.11025037159,0.02668922903923639,,4,RPS24,268.1641288464958,24.52736416956719,-4453.785060610167,-3.6544522798288126,0.12095631953845047,PER,4381,0.0009307105963900688,1.0558034203893054,0.0035300254821777344,0.6756783915683181,0.2873581533216579,0.036963455109954114,2.852381145723726e-07,9.743671131397852e-07,-4480.559713898969
234,9249.176790428204,0.06697990793073612,,4,TUBA1A,268.1641288464958,9.368753845542408,-4607.818330638474,-5.57614160121862,0.6477610819638446,PER,4381,0.0013315089849143644,0.2815087845436574,0.0034945011138916016,0.993737606115071,0.006254164392742136,8.229491696509233e-06,0.0,0.0,-4688.22424068229
235,9514.75944527497,0.09044511400389123,,4,RPL4,268.1641288464958,6.763619681163474,-4740.609658061858,-3.6189595700913975,0.420026953186541,PER,4381,0.0022638219096295853,0.2874265640212632,0.0034515857696533203,0.5483425772647115,0.45165742273610776,2.1313083864499406e-23,4.1340823875302135e-08,1.5959720300552506e-07,-4770.792158152559
236,8459.708936936197,0.01860086608078017,,4,RPS21,268.1641288464958,35.48525111623881,-4213.084403892471,-5.184116189071479,0.15880553112094273,PER,4381,0.00014410309063909389,0.3256452997090092,0.004076480865478516,0.955203745863135,0.044796237366967306,1.6770635952647362e-08,3.474744566422938e-05,8.298696576202704e-05,-4231.75298211121
237,7611.270152863728,0.03144989730678049,,4,MAPK1,268.1641288464958,20.712772656098792,-3788.8650118562364,-3.1182513739729836,0.10347500107887558,PER,4381,0.00039819572555246187,0.33163617634172293,0.0036826133728027344,0.9982197420357641,0.0017554978551320194,2.47601089343171e-05,0.01191678104867877,0.016584521324760577,-3798.3598308930777
238,9176.494235356406,0.022106152558428755,,4,MTURN,268.1641288464958,29.75184682465583,-4571.477053102575,-3.2518665098950272,0.08394257862875613,PER,4381,0.00018648053879144849,0.3026621310682767,0.00410151481628418,0.8259152661633323,0.040028665672869404,0.13405606816299387,3.73038200329745e-09,1.6687134502484987e-08,-4607.750082907603
239,8227.92961891792,0.23059514119679148,4.617495588186102,4,HSPB1,0.7071067811865476,3.336146708270262,-4097.1947448833325,-2.13090882901464,1.0076193465961638,SE,4381,0.0009956140149795143,0.03257800983520503,0.012569904327392578,0.00034869780029474754,0.7002908284618086,0.2993604737373332,0.03164741302126939,0.03836050063184168,-4101.812240471519
240,9359.476210326304,0.3153002510172205,11.999267043557666,4,RPS29,0.7071067811865476,2.1712819417007556,-4662.968040587524,-4.11970764678478,4.655764715974496,SE,4381,0.0010801924931846188,0.025574125313959948,0.0034568309783935547,4.6981459875825064e-09,0.9999998296516569,1.6564996242428582e-07,0.0005322147799375898,0.0010562521240758825,-4674.967307631082
241,8473.420613458706,0.23649935083322074,5.068190429419701,4,SCG5,0.7071067811865476,3.2278981720478863,-4219.940242153725,-4.471801402323107,4.236797183061237,SE,4381,0.0009120463912363415,0.028977914414857687,0.01344752311706543,0.2723603736265938,0.6200280565893924,0.10761156978433221,0.02436880978887046,0.030796294474316522,-4225.008432583145
242,8655.862711517926,0.21266473000720193,4.349345095995886,4,NPTN,0.7071067811865476,3.7017288696842137,-4311.161291183335,-5.093815548131045,4.9827797114283285,SE,4381,0.001006143015712778,0.036296167601240784,0.011638641357421875,0.04206063693509101,0.5534498980533568,0.4044894650120597,0.03702318061602672,0.04365608973361842,-4315.510636279331
243,8954.598011306662,0.23056995375685463,4.343784283561035,4,DSTN,0.7071067811865476,3.336620373528087,-4460.528941077703,-4.315712291641102,3.8761421434328738,SE,4381,0.0011446195663694836,0.03745850362127253,0.01250147819519043,0.0008697790600867235,0.5745350499882937,0.4245951709520159,0.03714427693312383,0.043707442965528136,-4464.872725361264
244,9311.673258834964,0.3101727384316498,8.12213841540597,4,TMEM59L,0.7071067811865476,2.223704614804577,-4639.066564841854,-5.991437249419786,9.538992825831073,SE,4381,0.0008199148951878656,0.019695207892018177,0.004604339599609375,8.485696875212505e-06,0.9996054571999744,0.0003860571038734092,0.004372794958552917,0.006771061124632388,-4647.18870325726
245,8688.974013729872,0.34351407790190913,568.814363880947,4,IGKC,2.6459240623769027,1.9023800608127481,-4327.7169422893085,-1.3363301677760084,0.2602776352235494,SE,4381,2.601210132432278e-06,5.7399711503030115e-05,0.004921913146972656,0.0,1.0,0.0,0.0,0.0,-4896.531306170255
246,8301.547168796382,0.19216568257385433,457.5579334046306,4,MUC1,5.1182743668776185,4.132740100652879,-4134.003519822563,-1.260645020153266,0.10809023856299606,SE,4381,7.627993754397744e-06,0.00031299070877636445,0.005507230758666992,3.034624961879622e-117,1.0,1.0458204118967069e-198,0.0,0.0,-4591.561453227194
247,8859.334650520525,0.05881011011935887,58.10545944220212,4,CHN1,5.1182743668776185,15.733193700635724,-4412.897260684635,-7.676534291627307,0.6995345625526731,SE,4381,7.65994267176433e-06,0.0020344787383539268,0.04451131820678711,1.9652612044749506e-25,1.0,2.071782737883985e-27,2.4868995751603507e-14,1.868942711029597e-13,-4471.002720126837
248,8758.7505442815,0.09180715983541664,103.50074380550905,4,CCK,5.1182743668776185,9.725079277945067,-4362.605207565122,-6.57326044932736,0.5763376717501758,SE,4381,7.708459636726247e-06,0.00095484991101596,0.004708051681518555,9.662022003792448e-50,1.0,6.040672150336556e-54,0.0,0.0,-4466.105951370631
249,9001.254878126567,0.07558518520548362,97.43003907532602,4,SPARCL1,5.1182743668776185,12.023249075482521,-4483.857374487656,-5.0177349393523825,0.3377021933412085,SE,4381,5.510644576664273e-06,0.000946037648217065,0.014978885650634766,8.295642688542267e-44,1.0,1.2032351616247713e-44,0.0,0.0,-4581.287413562982
250,9535.445758700813,0.12673146978049424,211.43458965479658,4,ENC1,5.1182743668776185,6.774152463683963,-4750.952814774779,-7.73339933481451,0.8444424039898349,SE,4381,7.974132572837042e-06,0.0005915484572328564,0.005578041076660156,1.4242771250951606e-93,1.0,2.0706406381653254e-146,0.0,0.0,-4962.387404429575
251,8269.841950175452,0.16104721223540258,298.80111846835825,4,COX6C,5.1182743668776185,5.121249549684655,-4118.150910512099,-5.973395663327863,0.5440667910558037,SE,4381,8.849028945288887e-06,0.0004615608608486809,0.00516963005065918,2.9678432840004373e-119,1.0,1.3939483851388271e-235,0.0,0.0,-4416.952028980457
252,7318.7695500306745,0.31881119447114153,491.9927497258532,4,HBB,5.1182743668776185,2.1005139424511805,-3642.6147104397096,-1.696590284173964,0.17278226198096164,SE,4381,1.4307553187563759e-05,0.0003355003871684949,0.004660129547119141,0.0,1.0,0.0,0.0,0.0,-4134.607460165563
253,6284.1322990811805,0.39736926292916186,1033.2196748128636,4,SAA1,5.1182743668776185,1.4909004196144533,-3125.2960849649626,-0.7885732959305355,0.15342180597269517,SE,4381,1.045527053021599e-05,0.0002096184707185128,0.00470423698425293,0.0,1.0,0.0,0.0,0.0,-4158.515759777826
254,9852.662618531374,0.11220861753477294,160.46566358459313,4,SLC1A2,5.1182743668776185,7.778150502116896,-4909.5612446900595,-3.413451123206818,0.21533018357017122,SE,4381,7.814355921123737e-06,0.0007002152682347718,0.004681110382080078,8.791461982722118e-35,1.0,1.8209868153109866e-45,0.0,0.0,-5070.026908274653
255,8954.43763319119,0.3775311365483779,1246.6125526207516,4,SCGB1D2,5.1182743668776185,1.6209009832087082,-4460.448752019967,-1.8375514666768589,0.29381779563640337,SE,4381,8.297371187743752e-06,0.00017140966115894988,0.004690408706665039,1.2725006693184704e-303,1.0,0.0,0.0,0.0,-5707.061304640719
256,9663.648830844211,0.663902986316361,2368.4842200917246,4,SCGB2A2,5.1182743668776185,0.49768168674005714,-4815.054350846478,-2.2902693486473082,0.9542695989006994,SE,4381,6.3459186286373575e-06,0.00014243851967999085,0.004648923873901367,0.0,1.0,0.0,0.0,0.0,-7183.538570938203
257,8913.789150470644,0.06362707024542934,61.24173937959495,4,SNCG,5.1182743668776185,14.467668606631037,-4440.124510659694,-4.622206994329223,0.277382038792313,SE,4381,8.394704540200473e-06,0.0019411707798228043,0.01589488983154297,9.178811861037489e-27,1.0,9.965252949449155e-37,4.9960036108132044e-15,4.2028795640491e-14,-4501.366250039289
258,8561.738925482878,0.33944626258394217,802.8872353695888,4,MGP,5.1182743668776185,1.9130607065798475,-4264.099398165811,-1.2391440819506498,0.21360623626789543,SE,4381,1.044584688247136e-05,0.00023263851007482867,0.004835844039916992,0.0,1.0,0.0,0.0,0.0,-5066.9866335354
259,7775.2159504772,0.07297329919041774,93.97500176123413,4,IFI27,5.1182743668776185,12.488776408925219,-3870.8379106629723,-1.2655046429867363,0.045402230650680275,SE,4381,5.773144464261538e-06,0.001052594012613537,0.014900684356689453,1.7475789279622328e-44,1.0,2.920111428406635e-69,0.0,0.0,-3964.8129124242064
260,9665.880359843473,0.06190804161911298,62.37675889714501,4,B2M,5.1182743668776185,14.89669671394824,-4816.170115346109,-1.7746856977308463,0.07047868444658677,SE,4381,6.280563117875664e-06,0.001523773770610749,0.02285480499267578,9.468317356422532e-29,1.0,2.896393578563631e-51,2.886579864025407e-15,2.542158402976921e-14,-4878.546874243254
261,4105.785120567734,0.2900710709188189,724.8971544280002,4,MT3,5.1182743668776185,2.406035795025621,-2036.1224957082395,-4.0297768379277255,0.2833055257387853,SE,4381,1.0256160712303015e-05,0.0002622119957995665,0.004862546920776367,9.675393668956497e-89,1.0,9.333676725967942e-177,0.0,0.0,-2761.0196501362398
262,8737.702363367689,0.16811764273037708,319.0984365737868,4,KRT19,5.1182743668776185,4.864522882578242,-4352.081117108217,-1.2925585991348971,0.10407864332781866,SE,4381,8.249275671529653e-06,0.0004052038954809898,0.005348682403564453,4.265015947527454e-178,1.0,1.6785501611970617e-218,0.0,0.0,-4671.179553682004
263,9950.024846204526,0.237617983844413,548.4132507981303,4,GFAP,5.1182743668776185,3.154169045193274,-4958.242358526635,2.161852839129174,0.22790128471679336,SE,4381,8.03243358811159e-06,0.0002538259575425399,0.004677772521972656,1.3395943684553799e-241,1.0,0.0,0.0,0.0,-5506.6556093247655
264,7340.342018265387,0.13708149369840478,269.6028091243961,4,TFF3,5.1182743668776185,6.1884599371517,-3653.400944557066,-1.3924437305398805,0.07243643009415984,SE,4381,6.961894152406388e-06,0.00045877016109160983,0.0053021907806396484,3.035639007808058e-115,1.0,1.8638406721904994e-152,0.0,0.0,-3923.003753681462
265,2619.195730002509,0.6290070470721564,2221.1601671923254,4,log_total_count,5.1182743668776185,0.5798314635035432,-1292.8278004256267,7.466297048982415,0.9778900210780971,SE,4381,6.532466331741438e-06,0.00013646893323415472,0.004677534103393555,0.0,1.0,0.0,0.0,0.0,-3513.987967617952
266,9512.017313259063,0.02839607870995042,30.906186133459414,4,RPL11,9.900787731263637,32.21291546929413,-4739.238592053904,-3.435498801382327,0.05986628197640712,SE,4381,1.1038158779702699e-05,0.011138416975417184,0.024575233459472656,9.757676293424742e-10,0.9999999880255929,1.0999241190857895e-08,2.7080719333660852e-08,1.0902627264201124e-07,-4770.144778187363
267,7999.630149241697,0.025713368956507696,23.634381614977883,4,HPCA,9.900787731263637,35.67195464575269,-3983.045010045221,-3.5624887953197226,0.05681914153193504,SE,4381,1.034659287317227e-05,0.012595068952644652,0.014379024505615234,6.629605265225751e-07,0.9999993370395184,1.2973554300235705e-17,1.1648751172543825e-06,3.667966341786273e-06,-4006.6793916601987
268,9173.528138337464,0.031803786236286165,35.17737202407534,4,NCDN,9.900787731263637,28.660495835032233,-4569.994004593104,-5.284058298043474,0.12277499294792342,SE,4381,1.1556090151884776e-05,0.009424908508770438,0.024251699447631836,1.8099980201291252e-12,0.999999999998181,7.517793960267528e-14,3.0100075765204792e-09,1.3681852620547632e-08,-4605.17137661718
269,7722.159042200756,0.017190403991860986,21.602509039986217,4,DNAJC6,9.900787731263637,53.82480317785626,-3844.30945652475,-3.5548359846388373,0.049404442210881104,SE,4381,6.155107784486875e-06,0.01619179145554456,0.025185108184814453,0.00011963148723116506,0.9666819245205759,0.0331984439918024,3.354127714128019e-06,9.452541739815326e-06,-3865.9119655647364
270,8915.736786455129,0.04328197592085538,62.11330858493966,4,LMO4,9.900787731263637,20.810188888200297,-4441.098328651937,-6.637782969443821,0.19630461233345523,SE,4381,1.4516352883470002e-05,0.006693665727988573,0.006307363510131836,5.852339214594595e-23,1.0,1.250352885623869e-32,3.219646771412954e-15,2.7918615360503936e-14,-4503.211637236876
271,9026.011193998527,0.013726993038795727,14.79528642754849,4,ATP1A1,9.900787731263637,67.64269138798342,-4496.235532423636,-5.670147736609832,0.11093111511271986,SE,4381,5.978738125099652e-06,0.02431753874169465,0.024405717849731445,0.053695574522996975,0.9463044204777206,4.998774475832902e-09,0.00011983465710918573,0.00026909629629733847,-4511.030818851184
272,8504.429147795936,0.016183381167538032,17.246533532974354,4,MLLT11,9.900787731263637,57.23267391253295,-4235.44450932234,-4.62369431532708,0.07908265073665076,SE,4381,7.589428927225025e-06,0.022434178889731277,0.01466512680053711,0.00014467593039379947,0.9997365583736384,0.0001187656954163154,3.2829597691463874e-05,7.907673103616006e-05,-4252.691042855315
273,7497.499273164404,0.08211745345199409,177.0318796468905,4,S100A11,9.900787731263637,10.523271716048425,-3731.9795720065745,-0.3258236674569628,0.030239546075289593,SE,4381,1.764129324297734e-05,0.002631538711931839,0.0047910213470458984,1.1738148434581724e-13,1.0,3.6269645425407526e-32,0.0,0.0,-3909.011451653465
274,8978.830895350084,0.022831924481639097,20.216785264578903,4,PEA15,9.900787731263637,40.29265599685505,-4472.645383099414,-3.7341971861675245,0.06146387220558178,SE,4381,1.1415650485924953e-05,0.01742007878149971,0.014653921127319336,1.157884234841186e-09,0.9999999988413037,1.2065511817542149e-14,6.914357123299908e-06,1.8558014789809278e-05,-4492.862168363993
275,8911.109224160262,0.017979844602243656,19.011174709396983,4,RGS4,9.900787731263637,51.42018241942363,-4438.784547504503,-5.516353143747503,0.11352343888772123,SE,4381,9.294618302303653e-06,0.022423036374154798,0.014657974243164062,0.01039394185136493,0.9895990341551342,7.023993184349152e-06,1.2995515337621555e-05,3.342802273946384e-05,-4457.7957222139
276,9572.29194659168,0.03145061722846015,36.422814144510994,4,ATP1B1,9.900787731263637,28.992905568294972,-4769.3759087202125,-7.555111246612757,0.2350462987077735,SE,4381,1.2614039903259628e-05,0.010505116789181502,0.014243841171264648,6.922350360661812e-17,1.0,4.1375035735927133e-23,1.5883313553288758e-09,7.460344244726537e-09,-4805.7987228647235
277,8761.921246369775,0.0282887342034244,40.93364370931067,4,H3F3A,9.900787731263637,32.338723128755475,-4364.19055860926,-2.1807428873088663,0.03091739635165998,SE,4381,8.265408279831267e-06,0.008400248693963422,0.01221776008605957,0.0635219914106089,0.9359219278947617,0.0005560806951380656,1.5748657933301047e-10,8.374071971395068e-10,-4405.1242023185705
278,8091.0735711553125,0.1501188491203155,349.86014995760115,4,HPCAL1,9.900787731263637,5.329937500089857,-4028.7667210020286,-3.1950278720710044,0.11225078828220417,SE,4381,2.8907587532811268e-05,0.0016669575300697782,0.004659891128540039,5.904120498312232e-126,1.0,6.120591576523464e-166,0.0,0.0,-4378.62687095963
279,8434.583039159452,0.04886691475686481,43.32364872564085,4,VSNL1,9.900787731263637,18.324220698751375,-4200.521455004098,-8.240573394535973,0.29547898756856555,SE,4381,2.20430842004379e-05,0.00815293661852839,0.024588346481323242,1.9367197708013125e-25,1.0,1.0260736890288877e-34,4.6394221797640967e-11,2.5143721603616605e-10,-4243.845103729739
280,9043.082460492273,0.031365584152116224,31.419705092535878,4,RTN4,9.900787731263637,29.074058550416208,-4504.771165670509,-6.387463217035869,0.17091027733835457,SE,4381,9.23330690380173e-06,0.007728701052106635,0.014850378036499023,1.5230593080958085e-17,1.0,2.2429216116355188e-24,2.0786061760702523e-08,8.428618895772115e-08,-4536.190870763045
281,8728.429121305753,0.015964542500963432,22.96829019897268,4,DBI,9.900787731263637,58.03011289958203,-4347.444496077249,-1.8126138727129315,0.018313993059229407,SE,4381,3.8670654740110094e-06,0.011735957941408462,0.01494455337524414,2.2118925542565102e-05,0.999977733407444,1.4766725322813862e-07,1.646957276002503e-06,4.911560900055564e-06,-4370.412786276222
282,8098.049004522525,0.026914346400497734,38.560401245702906,4,SYN2,9.900787731263637,34.03818366792848,-4032.254437685635,-3.9691715509331664,0.06927880741853722,SE,4381,8.541155007484989e-06,0.009536428812107915,0.012833118438720703,5.949000652728925e-09,0.9999999940337149,1.7125629477016125e-11,5.308511408230743e-10,2.688121875166133e-09,-4070.814838931338
283,8216.879870617557,0.021679504121036943,18.541462691728157,4,RPL32,9.900787731263637,42.48454321656442,-4091.6698707331507,-3.7315639555305737,0.058673298070837335,SE,4381,1.349609513876287e-05,0.022735542549441115,0.024165868759155273,0.01280353326028299,0.9871726714691653,2.3795270363848048e-05,1.6624817085642007e-05,4.1636617604438835e-05,-4110.211333424879
284,9261.387866127325,0.02823890876392277,28.240751574643582,4,RPL14,9.900787731263637,32.3974435088649,-4613.923868488035,-4.256226977902653,0.08253576139776238,SE,4381,1.3026578184414141e-05,0.013283171856203405,0.024012327194213867,0.0014063343960265282,0.9985936624865608,3.1182231223889066e-09,1.0712525322364996e-07,3.8954637535872716e-07,-4642.164620062678
285,9110.245575537812,0.05016508128339134,93.0623523171289,4,GAP43,9.900787731263637,17.82566565849958,-4538.3527231932785,-6.324861837900949,0.18755724894944076,SE,4381,1.4168042779126997e-05,0.004998209518074553,0.004700899124145508,3.560137082563021e-13,1.0,8.306562383272313e-35,0.0,0.0,-4631.415075510407
286,8921.710174860928,0.04043011973719168,44.45533441101907,4,PPP3CA,9.900787731263637,22.34450434233119,-4444.085022854836,-5.196087663982137,0.12609817959860004,SE,4381,1.1774587034294645e-05,0.0061518904697424465,0.03560376167297363,1.267439236590222e-19,1.0,1.0671103739810536e-35,2.602273951879397e-11,1.4667362274229328e-10,-4488.540357265855
287,9219.429427717,0.02836564020281301,32.014807423394814,4,RPS3A,9.900787731263637,32.24849265024883,-4592.944649282872,-3.928889941872442,0.07246250385125297,SE,4381,1.2253355196224334e-05,0.012389674908982845,0.016144752502441406,0.11363033653241057,0.886356430745356,1.3232723063727692e-05,1.5300187783395813e-08,6.340986915578479e-08,-4624.959456706267
288,9370.551152961649,0.03835231657206151,59.59765542619061,4,CPE,9.900787731263637,23.606061464642483,-4668.505511905197,-4.4892835120887185,0.09950995906849718,SE,4381,9.541005084196472e-06,0.00549377145624024,0.02567148208618164,1.1897538430292562e-20,1.0,5.032612524351424e-24,1.1657341758564144e-14,9.386431026376324e-14,-4728.103167331387
289,8768.175387511834,0.04811265968590876,46.6254238800293,4,GPM6A,9.900787731263637,18.626245841360287,-4367.317629180289,-6.627694736468424,0.199661707679298,SE,4381,1.6949593735101733e-05,0.006447801731834468,0.02620387077331543,1.9113530381235453e-15,1.0,1.0076009763905539e-33,8.593792344413487e-12,5.1529509221821674e-11,-4413.943053060319
290,8921.42667670276,0.11602424842424675,193.0121334976593,4,CXCL14,9.900787731263637,7.172833230008249,-4443.9432737757525,-1.189867981821263,0.06637502357433024,SE,4381,4.1709866311708096e-05,0.003546308801882519,0.004706144332885742,1.1567077560251407e-14,1.0,1.3379767018194033e-31,0.0,0.0,-4636.955407273412
291,8229.012649100574,0.030749963119135075,37.40853505236191,4,CAMK2A,9.900787731263637,29.674975723033004,-4097.736259974659,-3.4745823301923355,0.0584680691625306,SE,4381,7.748236962058822e-06,0.0067311668555687315,0.045407772064208984,7.079673877337304e-17,1.0,1.7202600731951707e-16,9.580195525771273e-10,4.6151680077530606e-09,-4135.144795027021
292,8323.151901340494,0.04064717368858205,50.55092708376014,4,CD74,9.900787731263637,22.22015844493047,-4144.805886094619,-1.2092337042856927,0.022948640264210656,SE,4381,1.3405032000692665e-05,0.006935170698527933,0.02630448341369629,4.661112724852108e-22,1.0,2.1800362537297305e-29,1.1610712391529887e-12,7.436613308624515e-12,-4195.3568131783795
293,8113.5542561352795,0.019804202012771253,25.060046647330182,4,ANXA6,9.900787731263637,46.59664347919361,-4040.007063492012,-3.8839396055495192,0.060934305644390396,SE,4381,7.888791991983444e-06,0.015804075853353607,0.04575181007385254,0.000947854792491579,0.7539199602368423,0.24513218497029707,5.557244989740084e-07,1.8462663759913181e-06,-4065.0671101393423
294,7578.842756832155,0.05132454072274753,57.06544852702109,4,SPARC,9.900787731263637,17.401702504955,-3772.65131384045,-0.20208781258358954,0.018624636420519605,SE,4381,2.4390921692261205e-05,0.008258109200317497,0.0061798095703125,1.0173297680768046e-10,0.9999999998981366,5.156406410406142e-22,4.218847493575595e-14,3.0881764415783573e-13,-3829.716762367471
295,8267.431001387855,0.017999865852832787,21.137094738161068,4,GABRA1,9.900787731263637,51.36194057171578,-4116.9454361183,-4.401781489212194,0.07424451301840089,SE,4381,6.680826149297992e-06,0.016082810257857957,0.016154050827026367,3.507999305275964e-08,0.9999999642550399,6.646842233915018e-10,4.275708848866522e-06,1.1871650184940633e-05,-4138.082530856461
296,8222.455492646292,0.024448635912321354,29.829229713267523,4,HLA-A,9.900787731263637,37.565973929745816,-4094.457681747518,-1.4009256348149879,0.017155944553954264,SE,4381,7.4310230021198135e-06,0.009954734596927852,0.015312910079956055,2.9502825583351477e-13,1.0,1.762840291759177e-16,4.71824563863521e-08,1.796874874664515e-07,-4124.286911460786
297,8456.080852529563,0.05390797820397722,60.84887394055204,4,HLA-B,9.900787731263637,16.522641559917492,-4211.270361689154,-1.3416664798561926,0.031085429972769456,SE,4381,1.8788046996622418e-05,0.005825262142820197,0.006589174270629883,6.073225619459251e-34,1.0,1.1910577459243681e-45,6.217248937900877e-15,5.1533346811477856e-14,-4272.119235629706
298,9329.34413113304,0.03819106082380685,45.08832740176422,4,RPS18,9.900787731263637,23.709709488624274,-4647.902000990893,-3.2892774752404583,0.06263307356416188,SE,4381,1.4995886503839397e-05,0.008702171517783106,0.01347494125366211,1.121290177182014e-12,0.999999999998181,5.961357531587824e-13,1.883448952355593e-11,1.0723033521216416e-10,-4692.990328392657
299,8010.314801977773,0.032991078840521874,50.58635003014251,4,EEF1A1,9.900787731263637,27.595172194544734,-3988.3873364132587,-3.5455989624139352,0.06114250792812419,SE,4381,9.951468974151737e-06,0.007578737824757813,0.027475357055664062,2.106675641053805e-05,0.9999789332432462,9.793704071963906e-37,1.1403100685924983e-12,7.387588741142622e-12,-4038.973686443401
300,7341.513811818222,0.026564030002381372,29.372880117477052,4,NDUFA4,9.900787731263637,34.49948192368271,-3653.9868413334834,-7.54323245587565,0.22002139187255412,SE,4381,9.58996398538349e-06,0.010976124636342085,0.024350881576538086,1.0994333898433763e-07,0.9999998900566486,1.3448154985748007e-22,5.970738570226786e-08,2.243550250630671e-07,-3683.3597214509605
301,9105.907360162857,0.022125657040720306,25.848060478665502,4,SEPT7,9.900787731263637,41.60887948139402,-4536.183615505801,-4.459243553854212,0.08249352223020942,SE,4381,8.602291415677522e-06,0.013938216378766239,0.035883188247680664,0.0021439811553166615,0.9978559584908591,6.035367389667677e-08,3.693756650546831e-07,1.254178052211958e-06,-4562.031675984466
302,9498.192220803792,0.022679466176999237,23.32608641924344,4,RPS4X,9.900787731263637,40.56984428990101,-4732.3260458262685,-3.4051389212066354,0.05422822262834212,SE,4381,8.880221826989369e-06,0.01372533937517544,0.02501845359802246,0.012382282870418008,0.9509760358637988,0.03664168126659524,1.3673291455740255e-06,4.234485865414065e-06,-4755.652132245512
303,9955.2762473503,0.2525403066425615,607.211150124067,4,PLP1,9.900787731263637,2.7864818607322217,-4960.868059099523,-1.5961078773486876,0.20495409494347677,SE,4381,5.4350078236357415e-05,0.0016037361142665883,0.004863262176513672,2.7755882533442992e-46,1.0,6.939652845472985e-188,0.0,0.0,-5568.07920922359
304,8975.201986516788,0.014937324683672171,15.636291626298771,4,RTL8C,9.900787731263637,62.085500701987215,-4470.830928682766,-4.940942829442076,0.08799396087630007,SE,4381,7.264835322963871e-06,0.0250784089618866,0.014568328857421875,0.04119610049189572,0.958803899397752,1.1011386970005431e-10,7.676703977999022e-05,0.0001744705449545232,-4486.467220309065
305,8908.027134723707,0.04533420266536536,58.78837836542425,4,RPL10,9.900787731263637,19.825517253379704,-4437.243502786226,-3.291577847517206,0.06533117237611936,SE,4381,1.7158069420490207e-05,0.00727091842295237,0.006468057632446289,3.002609310492198e-09,0.9999999969968486,6.9046879055285e-16,1.7541523789077473e-14,1.354389134399506e-13,-4496.03188115165
306,8849.374098810686,0.020769670950933905,20.653558970247104,4,PHYHIP,9.900787731263637,44.38685610757722,-4407.916984829715,-4.942601004127786,0.09651179693433114,SE,4381,7.773527155557572e-06,0.014214892217267567,0.016373872756958008,6.26143660554098e-05,0.9999373856348392,5.036642913276955e-15,5.5034791686114914e-06,1.498531877267951e-05,-4428.570543799962
307,8528.206468787708,0.09496743294864464,164.14639355992676,4,NEFM,9.900787731263637,8.971987376393132,-4247.333169818226,-4.415037882410145,0.1280894025394196,SE,4381,2.2690637149511477e-05,0.002658680047468566,0.004561662673950195,6.988512167977117e-64,1.0,2.4773452808494636e-92,0.0,0.0,-4411.479563378153
308,8952.35456758343,0.1364410029854965,252.12445297163868,4,NEFL,9.900787731263637,5.958627756753836,-4459.4072192160875,-7.087637718759232,0.29533651029791774,SE,4381,3.786328549025815e-05,0.0025125825878657892,0.005095720291137695,1.4558671537796392e-62,1.0,2.2258207791321122e-117,0.0,0.0,-4711.531672187726
309,7276.303975732434,0.10995356627983398,210.5355511826042,4,CLU,9.900787731263637,7.620833788787314,-3621.3819232905894,-4.3683229352749215,0.12212610275212334,SE,4381,2.7970761237109726e-05,0.0025880843919548527,0.004835367202758789,2.3451014827505463e-24,1.0,1.2396011436717446e-40,0.0,0.0,-3831.9174744731936
310,8907.450670981818,0.03427575987415722,38.20035381939215,4,RPL30,9.900787731263637,26.525598166628246,-4436.955270915281,-3.7076518096714874,0.0695069990747571,SE,4381,1.1882890210228325e-05,0.008427470709584614,0.045828819274902344,3.1287006348187435e-12,0.999999999996362,2.2089006752727175e-23,6.384084372257348e-10,3.1564053515147973e-09,-4475.155624734673
311,8975.343968148214,0.019247435802865125,24.62105794694253,4,STXBP1,9.900787731263637,47.97176724526033,-4470.901919498479,-6.234351252488413,0.1452708702855003,SE,4381,5.927486631404793e-06,0.012543259690179632,0.03541898727416992,0.0013071670872465682,0.9986928325868776,3.2539288428147993e-10,6.978497424370289e-07,2.2736039953282074e-06,-4495.522977445422
312,8502.068021381618,0.037459761755022435,36.087955875515036,4,OLFM1,9.900787731263637,24.190955821304566,-4234.263946115181,-7.9274096040352084,0.2619037905010196,SE,4381,1.5532843461411134e-05,0.009341706724365404,0.02561211585998535,1.2972978849035276e-13,1.0,1.9770665376603178e-28,1.8860899508865714e-09,8.785693234783428e-09,-4270.351901990696
313,9745.219907016048,0.062080584843124016,106.73209962110559,4,PTGDS,9.900787731263637,14.223578424549801,-4855.839888932396,-2.3430686668828793,0.059692582675684724,SE,4381,1.5131402518344585e-05,0.003653234307274724,0.004609584808349609,9.372262444968404e-15,1.0,8.033675119091951e-70,0.0,0.0,-4962.571988553502
314,7626.545273674417,0.034498030800455305,35.00736878423277,4,IFITM3,9.900787731263637,26.348627858307765,-3796.502572261581,-1.2382171210121884,0.01829611847134056,SE,4381,1.2657437357171608e-05,0.008869414278508472,0.037902116775512695,4.191742187209151e-19,1.0,1.716359863042602e-27,3.2845995923125315e-09,1.4810558161700142e-08,-3831.509941045814
315,9155.56175068153,0.043813541942795006,90.25988808751026,4,CTSD,9.900787731263637,20.546287961351062,-4561.010810765138,-3.809249619748681,0.08027060803889662,SE,4381,1.0441497075517136e-05,0.004708552760875504,0.004785299301147461,0.0017321799581354407,0.9982678200419474,9.405796571862302e-21,0.0,0.0,-4651.270698852648
316,9174.885824632942,0.01824875563433591,17.354682222914562,4,RPS13,9.900787731263637,50.6485888928696,-4570.672847740843,-3.7036169717211784,0.0566821172891375,SE,4381,9.05423923797298e-06,0.02122745549714944,0.015229463577270508,0.16750038781340093,0.832499611734029,4.521041456762462e-10,3.10133254831646e-05,7.502248068498655e-05,-4588.027529963758
317,10167.354989993344,0.11562913558724945,213.2971551790224,4,MALAT1,9.900787731263637,7.200560316835929,-5066.907430421044,-2.072290565908008,0.09846330308970126,SE,4381,4.037102679424865e-05,0.0034508384546758767,0.0046520233154296875,4.5551122111345724e-29,1.0,4.726525353862998e-118,0.0,0.0,-5280.204585600067
318,7632.3374833791,0.020298749832578365,18.565663813577885,4,PLEKHB1,9.900787731263637,45.438450846479796,-3799.3986771139225,-1.4117597092254208,0.014264666466941496,SE,4381,9.982516671647171e-06,0.01907443165843997,0.015772104263305664,0.000327603809869828,0.9996723961894746,3.2775534548674137e-13,1.6415077798481725e-05,4.130417303189395e-05,-3817.9643409275004
319,9415.983319918398,0.029250868263986332,30.614562386364014,4,RPS3,9.900787731263637,31.24405504053558,-4691.221595383571,-2.8188131824785922,0.04566880993622014,SE,4381,1.2495834248739283e-05,0.011924311866105838,0.025703907012939453,0.060053688193769876,0.9397165543887795,0.00022975741751152554,3.147226734778741e-08,1.2233734016067832e-07,-4721.836157769935
320,9464.275059880807,0.1262517741072185,198.74710240881632,4,CRYAB,9.900787731263637,6.515503204146657,-4715.367465364776,-1.5778787054107581,0.08585322654187369,SE,4381,3.7029148601093427e-05,0.002762903567170583,0.005148172378540039,3.0773096869573593e-54,1.0,1.4124449481085976e-114,0.0,0.0,-4914.114567773592
321,9082.134861967257,0.024140939735181343,23.59181524817359,4,THY1,9.900787731263637,38.05678284283619,-4524.297366408001,-7.014905028545557,0.1916384058342283,SE,4381,1.0590851029932874e-05,0.014533482566730729,0.04991888999938965,7.30580675279031e-12,0.999999999992724,3.8017898202854753e-14,1.1909300478007978e-06,3.729174897154013e-06,-4547.8891816561745
322,8866.253832053204,0.029008729532528733,45.75197669183126,4,HSPA8,9.900787731263637,31.5127106651414,-4416.356851450974,-7.015621341442095,0.1989969487934137,SE,4381,8.32013648023895e-06,0.008064793972240424,0.023272275924682617,1.9501805928109322e-08,0.9999999804986148,1.1072972769515909e-16,1.3421375122391055e-11,7.798737184519638e-11,-4462.108828142806
323,7386.69983295788,0.02471785130378823,45.3078264421456,4,PFKP,9.900787731263637,37.14656885360716,-3676.5798519033124,-3.245884229353688,0.046958022559526746,SE,4381,5.665557848682451e-06,0.007433386121955777,0.021937131881713867,3.634825661561146e-09,0.9999999963647498,3.193611474325691e-13,1.683753136916266e-11,9.683923421967392e-11,-3721.887678345458
324,7965.213841283801,0.05783092922906582,108.58244055171463,4,VIM,9.900787731263637,15.33796766939486,-3965.836856066273,-0.6522700343434915,0.024591691681124583,SE,4381,1.763683997960555e-05,0.004825682860267891,0.004715681076049805,1.3991298794783236e-05,0.999986008701507,3.119043610929996e-35,0.0,0.0,-4074.4192966179876
325,7455.020666013255,0.05799460644331149,123.80766337357045,4,ADIRF,9.900787731263637,15.292022527835776,-3710.740268431,-0.9244773521909108,0.023907393245498947,SE,4381,1.2048085819421945e-05,0.0032800539461143342,0.005017280578613281,2.17608524965378e-37,1.0,1.8395071552642143e-80,0.0,0.0,-3834.5479318045705
326,9260.037770436798,0.017370181620221397,16.285847744906278,4,PGAM1,9.900787731263637,53.25798424293607,-4613.2488206427715,-5.381008731713079,0.10809573589518975,SE,4381,8.954500376088548e-06,0.023087862343768556,0.025948524475097656,0.0024604958293012276,0.9975393562056949,1.4796506448613263e-07,5.446924884477955e-05,0.00012634094382253395,-4629.534668387678
327,8904.311719885542,0.04369178449187572,44.041053177050344,4,SCD,9.900787731263637,20.606168616909265,-4435.385795367143,-1.059714704431278,0.025606502086638325,SE,4381,1.8376666491280007e-05,0.00832909292626464,0.02519083023071289,1.622781335800927e-21,1.0,2.443707055570748e-35,3.2156055596033184e-11,1.7944873509937509e-10,-4479.4268485441935
328,8270.837925391124,0.020239757519692817,26.628244919518693,4,DDN,9.900787731263637,45.57363319047804,-4118.6488981199345,-2.8223683797480144,0.03647397979767979,SE,4381,6.321571940463044e-06,0.0121467487294352,0.024940013885498047,2.6598760623908605e-08,0.9987647465413367,0.0012352268592010994,2.4661201158959756e-07,8.475579112281069e-07,-4145.277143039453
329,8830.49854989453,0.017588806548083712,22.62836329394395,4,FAIM2,9.900787731263637,52.58429735788339,-4398.479210371637,-5.392789281668739,0.10806610275630688,SE,4381,6.291367931722958e-06,0.015834782362848982,0.04705691337585449,0.000230809699839842,0.651110450998257,0.3486587393021659,1.9656130806344763e-06,5.770265672317118e-06,-4421.107573665581
330,7397.894712261788,0.19910720215579802,270.27258384189827,4,KRT8,9.900787731263637,3.786923777879599,-3682.1772915552665,-0.5040694913882217,0.08087070187149643,SE,4381,5.982569079975821e-05,0.0023446982809015382,0.006802797317504883,7.875953181838502e-107,1.0,2.056307762467076e-125,0.0,0.0,-3952.4498753971648
331,5262.21087117382,0.03936374514701353,34.409430565895946,4,RPL41,9.900787731263637,22.975327306070845,-2614.3353710112824,-3.7810128198167603,0.0644677239969971,SE,4381,2.583621656476281e-05,0.014179324290080366,0.024476289749145508,4.9433423119413773e-11,0.9999999992878656,6.624683481629808e-10,4.465543268494798e-09,1.966361382433789e-08,-2648.7448015771784
332,9414.808486621283,0.0312150127911476,34.73765989581898,4,MYL6,9.900787731263637,29.218843901564487,-4690.634178735014,-3.7013079215086218,0.0689432663952232,SE,4381,1.3400905040703065e-05,0.01131876818650767,0.024704456329345703,5.724553195395575e-10,0.9999996203442418,3.7908301861695574e-07,3.77262476813911e-09,1.674321658014494e-08,-4725.371838630833
333,8819.455268344382,0.014604275509746651,17.733550480335907,4,KIF5A,9.900787731263637,63.5228246701413,-4392.957569596563,-4.18314662593866,0.06439180379964085,SE,4381,4.93136689202247e-06,0.01778415881334998,0.04491376876831055,4.7624279493503385e-07,0.999424187185703,0.0005753365710300354,2.541051976379105e-05,6.200126821546812e-05,-4410.691120076899
334,8207.018025804859,0.027830993870584592,25.25678020563464,4,ATP2B1,9.900787731263637,32.886086958692,-4086.7389483268016,-3.9255067219267694,0.06895890413352695,SE,4381,1.0260988473227856e-05,0.010754288477395587,0.027884244918823242,3.490890324789373e-13,1.0,5.056631960405095e-19,5.018284844338083e-07,1.6836237031870193e-06,-4111.995728532436
335,8818.09624346841,0.020359801885229074,24.37431691794518,4,DYNLL1,9.900787731263637,45.29937344219428,-4392.278057158577,-6.118757274177033,0.14194007804300035,SE,4381,6.944580276245007e-06,0.013193416351155274,0.026433944702148438,4.077583338901036e-07,0.9999886851768526,1.0907065702253341e-05,7.931914441927645e-07,2.569376673978652e-06,-4416.652374076522
336,8806.229163744645,0.017101282468056575,20.874646590506927,4,CABP1,9.900787731263637,54.1102117318446,-4386.344517296695,-4.829197461333667,0.08752707438214467,SE,4381,7.212205299332343e-06,0.019163888171841035,0.026200294494628906,0.0028084436634629455,0.997191556335886,3.4501547343136044e-14,4.903419808632847e-06,1.34816863918065e-05,-4407.219163887202
337,9040.555240201798,0.01832760573430472,16.31061089117793,4,TSC22D1,9.900787731263637,50.426635185147454,-4503.5075555252715,-5.216050718245972,0.10321088603723733,SE,4381,7.630985665189714e-06,0.017742782018920423,0.043152570724487305,4.428365070083578e-08,0.9999999556857812,2.9813076990712414e-11,5.376206343199463e-05,0.00012521592534874782,-4519.8181664164495
338,8774.269468687007,0.03518366780891339,39.81517540901041,4,ITM2B,9.900787731263637,25.816816045863106,-4370.364669767876,-5.86875463939195,0.14978651054036488,SE,4381,1.384390071222872e-05,0.009352153431362953,0.025106430053710938,3.576826961078567e-07,0.9999996423176257,3.8148495566990536e-23,2.7916757794343994e-10,1.4569351710852925e-09,-4410.179845176886
339,7381.42654729803,0.03084596185542199,27.196834540003692,4,CALM1,9.900787731263637,29.579691335883545,-3673.943209073387,-7.239486949222424,0.2095578201621766,SE,4381,1.3829303956425502e-05,0.011943969939238167,0.02504134178161621,9.410636204638813e-16,1.0,1.0441216749692705e-20,1.8375929178304773e-07,6.393420926233984e-07,-3701.140043613391
340,7250.370407383723,0.021544561507477515,27.777076168485564,4,CYP46A1,9.900787731263637,42.756538428469895,-3608.415139116234,-3.0793469597949743,0.04093830518356355,SE,4381,5.873133615494433e-06,0.010012708495644776,0.03562450408935547,2.6956381000235728e-12,0.9999999999972715,4.745145062286122e-15,1.3612958826847432e-07,4.887107395857213e-07,-3636.1922152847196
341,7206.290132675767,0.044237290262157655,65.01739875269095,4,RPLP1,9.900787731263637,20.34045721253836,-3586.375001762256,-3.338362171206221,0.05899344798774864,SE,4381,1.3849459999800182e-05,0.006136642953145412,0.006417036056518555,2.0168392379432454e-09,0.9999999979827408,6.533911572787888e-14,7.771561172376096e-16,6.95291187138987e-15,-3651.392400514947
342,9223.55036282079,0.016906683788243008,17.08704377828144,4,FBXL16,9.900787731263637,54.74386535807701,-4595.005116834767,-4.5749892353984825,0.0798824213196756,SE,4381,7.614988152865835e-06,0.020686125072165246,0.015155792236328125,1.3130352792492464e-07,0.9995176589849533,0.0004822097111034713,3.5705056682155956e-05,8.491421228590983e-05,-4612.092160613049
343,9495.064251774886,0.03571592667247426,46.43784723320914,4,RPS15A,9.900787731263637,25.418049227276757,-4730.762061311815,-3.1581387058914854,0.05834904259295913,SE,4381,1.0921063540739704e-05,0.00717473068301874,0.012650728225708008,0.00042483240865259575,0.9995751293602755,3.8231467308999406e-08,9.457101768362008e-12,5.610912053956407e-11,-4777.199908545024
344,8689.098666576307,0.015596244422017706,18.165650600161825,4,ARL6IP1,9.900787731263637,59.42269910470108,-4327.779268712526,-4.275354110101762,0.06814889652051165,SE,4381,6.3190528199406735e-06,0.020063465579795665,0.015965700149536133,2.7181051533407315e-05,0.9785407410406735,0.021432077907896946,2.0249838119212882e-05,5.027993445699634e-05,-4345.9449193126875
345,9125.283368213792,0.01280198057017027,13.443264592116066,4,NDRG4,9.900787731263637,72.59826754802546,-4545.871619531268,-5.517653450818336,0.10334829164230382,SE,4381,6.1586081606151794e-06,0.028690444576215546,0.04526352882385254,0.12535947594527777,0.4400004731129997,0.43464005094094554,0.00024588736940045486,0.0005229851424640891,-4559.314884123384
346,8583.514705442472,0.036920303692816875,38.548288598458385,4,RPL13,9.900787731263637,24.558176017020482,-4274.9872881456085,-3.466292333640868,0.063345474859266,SE,4381,1.4956711320539938e-05,0.009239974050317127,0.046051740646362305,2.367246812189078e-22,1.0,5.379823499338677e-25,5.341558306781735e-10,2.688121875166133e-09,-4313.535576744067
347,9038.979981954619,0.0176751046302785,17.66508923615038,4,VAMP2,9.900787731263637,52.32295974238437,-4502.719926401682,-6.0750811941345555,0.13550773404372587,SE,4381,7.180997692548932e-06,0.017904160275248545,0.0257260799407959,1.6835948228511314e-06,0.9999975946913588,7.217140776361701e-07,2.6341717459299474e-05,6.399633552024166e-05,-4520.385015637832
348,8409.58737422429,0.013953391604276331,13.540979525876537,4,UBB,9.900787731263637,66.52989009990038,-4188.023622536517,-6.403526595231311,0.1394025838655793,SE,4381,6.436752070076711e-06,0.025361339002518912,0.025545358657836914,0.02234291434101801,0.977640430777083,1.6654882781355337e-05,0.00023341054375136672,0.0005021323286809416,-4201.5646020623935
349,8423.769757053406,0.10247263653574414,215.13412368734316,4,CNP,9.900787731263637,8.245916505664017,-4195.114813951075,-1.8741880707739855,0.062042301224838184,SE,4381,2.405398397158493e-05,0.002490892178267167,0.0047152042388916016,0.01851253012310367,0.981487469877433,1.1000871278881958e-74,0.0,0.0,-4410.248937638418
350,7387.504396393399,0.018203000379666674,23.54137782889302,4,CELF4,9.900787731263637,50.77826617165496,-3676.9821336210716,-3.2632754229362084,0.04294387622354148,SE,4381,5.151907090365468e-06,0.012137053611019894,0.01572871208190918,4.607120338825373e-06,0.9999953928706137,9.423153734503026e-12,1.22256051593439e-06,3.807069411749481e-06,-3700.5235114499646
351,8461.997703028883,0.03346309996282555,29.89464012526605,4,FKBP1A,9.900787731263637,27.192642531142912,-4214.228786938814,-3.9287080985212626,0.07386294313456437,SE,4381,1.228915970910034e-05,0.009114196010766535,0.01519918441772461,3.000006158333044e-17,1.0,6.338533392271618e-23,4.561721289597642e-08,1.7490829929193186e-07,-4244.12342706408
352,7356.734712283647,0.06678147037469909,131.91817896547218,4,SNAP25,9.900787731263637,13.156080486546408,-3661.597291566196,-8.642212208719565,0.3348429358368062,SE,4381,1.7965405856301324e-05,0.003817907763024584,0.0049555301666259766,8.801127633252922e-19,1.0,2.036490323553512e-36,0.0,0.0,-3793.515470531668
353,9472.683268544786,0.022088532026257705,27.49324534864354,4,NORAD,9.900787731263637,41.68039540410252,-4719.571569696765,-6.423136695665067,0.1602011769838436,SE,4381,8.429658138699551e-06,0.013702378961508018,0.017045259475708008,0.004519555098360214,0.5683403584084736,0.4271400864932195,1.5764411964713787e-07,5.623668249782824e-07,-4747.064815045409
354,8703.920558773052,0.021310640272109976,23.041807921114014,4,RPS15,9.900787731263637,43.23619968040319,-4335.190214810898,-3.888486396275077,0.06364668358569792,SE,4381,7.826248709659444e-06,0.013623964458972924,0.027181148529052734,2.265494552153983e-06,0.9999977339383105,5.669857120678999e-10,1.585164983164411e-06,4.75242886635365e-06,-4358.232022732012
355,8835.705536479187,0.022488817689679072,29.760773363055705,4,TUBB4A,9.900787731263637,40.92175546422577,-4401.082703663966,-5.220539536709785,0.10878578543738676,SE,4381,8.107835493505938e-06,0.01273501541236027,0.024858474731445312,8.467942716673081e-06,0.9999915319526027,1.0470820461198361e-10,4.887824778254668e-08,1.8489636134947492e-07,-4430.843477027021
356,9294.681623011662,0.03393192506707876,38.28557978653771,4,CTXN1,9.900787731263637,26.803923920152315,-4630.570746930203,-5.090449888281525,0.11764068672208351,SE,4381,9.94440000725026e-06,0.007186375801971155,0.04697251319885254,5.577751944536933e-19,1.0,4.130799167745479e-28,6.111258166185962e-10,3.0482542743646796e-09,-4668.856326716741
357,7595.646329968475,0.02757775794541426,31.69589314247787,4,YJEFN3,9.900787731263637,33.19671223396017,-3781.0531004086097,-3.119653498403406,0.04610875155026839,SE,4381,1.0547744186450423e-05,0.011247243785456367,0.027084827423095703,6.064011440612865e-16,1.0,7.643378448206552e-19,1.8030307358252173e-08,7.417910127482646e-08,-3812.7489935510876
358,7669.203220593499,0.03849577027213412,43.62189127907004,4,SCN1B,9.900787731263637,23.514585650321767,-3817.831545721122,-3.4496357471220276,0.060635809345163126,SE,4381,1.678304842655461e-05,0.009597412972623254,0.013454198837280273,2.678048433048526e-17,1.0,4.0336281662579854e-29,3.983580132427278e-11,2.201265313818995e-10,-3861.453437000192
359,9406.424140084595,0.03475436768093609,30.819298620606787,4,APLP1,9.900787731263637,26.147345114847173,-4686.44200546667,-5.00804240856707,0.11567645049919563,SE,4381,1.6529904773040242e-05,0.011424499241620333,0.025504112243652344,2.9260110852157037e-08,0.9999999707397369,6.17827553466266e-17,2.8320735423470467e-08,1.1241265020839749e-07,-4717.261304087277
360,9505.394791546745,0.0217760139775718,23.22850977532744,4,RPS19,9.900787731263637,42.29208206302106,-4735.927331197745,-3.0821961843326906,0.045927803766120254,SE,4381,8.887666835118321e-06,0.014845597793585784,0.024791240692138672,0.00016491102239209857,0.969915429183229,0.029919659793854407,1.4384890917318316e-06,4.430517818548115e-06,-4759.155840973072
361,8445.867631561054,0.036182573654515986,47.185289806663604,4,CALM3,9.900787731263637,25.078090472893596,-4206.163751204899,-7.500988393139047,0.23439716995233184,SE,4381,1.2044604142228808e-05,0.00772453503209476,0.025875091552734375,0.00555217935020608,0.9944478206494486,4.665196344233958e-21,6.458278356546998e-12,3.9141080948769684e-11,-4253.349041011563
362,9338.701415590482,0.021439731930599032,20.0292566340122,4,RPL18,9.900787731263637,42.970199778374734,-4652.580643219613,-3.6489231645925595,0.05883533300713234,SE,4381,1.0481313739908178e-05,0.018036341150383172,0.025597572326660156,0.009928139196045568,0.6256580595846637,0.3644138012201178,7.626633676371952e-06,2.037273967837402e-05,-4672.609899853625
363,7849.022766586559,0.03754245161767761,51.49875194548349,4,FTL,9.900787731263637,24.135599939256227,-3907.7413187176517,-3.498641011566821,0.06202531531366904,SE,4381,1.3678754455715836e-05,0.008193144978679942,0.02418684959411621,2.1565042588102997e-08,0.9999999784349715,1.724083925251987e-37,7.164269177906135e-13,4.8071936042227315e-12,-3959.240070663135
364,8553.251445345548,0.051984543665798855,61.87519968326342,4,YWHAH,9.900787731263637,17.168815256512232,-4259.855658097146,-8.168031772760788,0.2946136853516111,SE,4381,2.181397073818715e-05,0.007218108984603277,0.00680232048034668,8.55842656359014e-14,1.0,1.588090508702378e-38,3.6637359812630166e-15,3.128810342125441e-14,-4321.73085778041
365,9196.450189142628,0.05176472576309885,78.23789346079138,4,LGALS1,9.900787731263637,17.245720163586498,-4581.455029995686,-3.9807124960836022,0.09133615583955211,SE,4381,1.2616720923210749e-05,0.004206665926634458,0.004930257797241211,3.061128520175864e-30,1.0,4.854478695775209e-44,0.0,0.0,-4659.692923456478
366,9702.44778829986,0.05499165909723701,105.37150118183672,4,S100B,9.900787731263637,16.178489245150658,-4834.453829574302,-1.1847103390851068,0.03795468831280318,SE,4381,1.2318850114597569e-05,0.0036861645457903335,0.004862070083618164,4.927390521129142e-24,1.0,9.798384640134516e-70,0.0,0.0,-4939.825330756139
367,7623.476704122995,0.010006848806410912,9.757963694129558,4,GABRD,19.15207952389248,80.86343909555765,-3794.96828748587,-3.4840314339412615,0.019916137630170774,SE,4381,1.552360520892807e-05,0.11700527049782107,0.008986473083496094,0.13688062529871023,0.8631067265367882,1.264816406567355e-05,0.0017854756871436006,0.0030588420172120265,-3804.7262511799995
368,9043.88077527109,0.0124583621517537,8.251198310732434,4,CLSTN1,19.15207952389248,64.79057293998667,-4505.170323059918,-5.947189779737478,0.05474953538927021,SE,4381,3.720388078083354e-05,0.18275165789314993,0.02244877815246582,0.0011161756467448134,0.9121488220214482,0.08673500233220045,0.004072510774896787,0.006346699005855676,-4513.42152137065
369,8616.148943494789,0.14860900575778263,190.4319641819484,4,CAMK2N1,19.15207952389248,4.682753305878192,-4291.304407171767,-5.742332467257205,0.14340426899480221,SE,4381,0.00028670722022271965,0.016776911905122312,0.004690885543823242,3.5367325470118853e-25,1.0,8.473140989527661e-28,0.0,0.0,-4481.736371353715
370,9297.910401751798,0.013534021371386458,7.8969428181917465,4,RPL5,19.15207952389248,59.57617405149225,-4632.185136300272,-3.6234835316934757,0.02601914716841482,SE,4381,4.56604812373064e-05,0.19089880437455412,0.023494243621826172,0.0065445479845359904,0.97915903010662,0.014296421909255166,0.004951842090991754,0.007543346674238052,-4640.082079118463
371,9140.361118087769,0.007441018859073302,5.633979815083876,4,RPS27,19.15207952389248,109.0288104792541,-4553.410494468257,-2.7850146528622055,0.013891834329987697,SE,4381,1.4121162768132866e-05,0.19046210561275417,0.012154579162597656,0.1638848132876901,0.7878659047678102,0.04824928194445374,0.017615593583746203,0.023090207234508765,-4559.044474283341
372,9654.981698299422,0.040846594331539546,80.33630750448901,4,GLUL,19.15207952389248,19.19329669183514,-4810.720784574083,-3.253001504859632,0.04347849525033615,SE,4381,6.627299493794371e-05,0.03397983305713382,0.004057407379150391,0.0005681206044354064,0.9994274255455833,4.45385038020655e-06,0.0,0.0,-4891.057092078572
373,9344.77317236702,0.008957871575105428,10.420989789783562,4,RPS7,19.15207952389248,90.42835701338487,-4655.6165216078825,-3.917544231926818,0.025065665788053224,SE,4381,1.0985096730173715e-05,0.10287759878137104,0.010862112045288086,0.20479743857544339,0.7951938058121208,8.755612095326847e-06,0.0012459110171433307,0.0022222808706238925,-4666.037511397666
374,8227.580732488432,0.009586325969003558,5.13259781321176,4,PPP1CB,19.15207952389248,84.44652657398234,-4097.020301668588,-3.563964864289533,0.02094099884650022,SE,4381,2.3887955255255207e-05,0.19585214139188514,0.011114358901977539,0.01831766896443925,0.8517241826140984,0.1299581484223093,0.023480558933445694,0.029859856634803596,-4102.1528994818
375,8751.438553858965,0.010016777291796125,8.11355502643164,4,PREPL,19.15207952389248,80.7824782564842,-4358.949212353855,-4.687518839778767,0.03395751073774419,SE,4381,1.8290042865465784e-05,0.13758908786395263,0.02111220359802246,0.3639600419732825,0.6357901584426403,0.00024979958382845844,0.004393547956782151,0.006784557243349773,-4367.0627673802865
376,7695.829145018563,0.057254128137909484,50.679600260209554,4,CALM2,19.15207952389248,13.458764360365938,-3831.144507933654,-7.3629502213968285,0.11091207282286748,SE,4381,0.00013957909789586004,0.03887574905436084,0.004606485366821289,3.116508019360227e-13,0.9999999999517968,4.833334209734415e-11,1.0874634526203408e-12,7.1271389072369055e-12,-3881.8241081938636
377,9128.88046749203,0.011255198537275416,10.831926034832577,4,MDH1,19.15207952389248,71.80396203969312,-4547.670169170387,-6.511462304722425,0.06282509480669701,SE,4381,2.4883171109113622e-05,0.14901930686047957,0.00906515121459961,0.008198791091172362,0.9859055142747257,0.005895694633864624,0.000997648069385959,0.0018558109901568995,-4558.50209520522
378,7043.793748665245,0.10385333351761458,377.5921696758637,4,TMSB10,19.15207952389248,7.053034498760158,-3505.126809756995,-6.9440155417493825,0.12078993914457743,SE,4381,6.689270912540326e-05,0.0067795094390001595,0.005219936370849609,7.705618314000084e-12,0.999999999992724,4.743001723699609e-77,0.0,0.0,-3882.7189794328588
379,9255.025401122026,0.012522676336118909,8.290495656605344,4,ITM2C,19.15207952389248,64.45362250999446,-4610.742635985385,-3.9658781445569438,0.02864930676523699,SE,4381,2.8377447985825532e-05,0.1380031360447317,0.011574506759643555,0.003567742547565493,0.9940123202146699,0.002419937237998561,0.0039853109383077845,0.006239628236744511,-4619.033131641991
380,7857.982754581463,0.08467552177446053,143.82259670061194,4,SNORC,19.15207952389248,8.835569573397954,-3912.221312715104,-0.6870435462659645,0.03973647533680278,SE,4381,0.00010416892342926212,0.01475888144747347,0.003951549530029297,3.626371372691062e-17,1.0,7.231879155036655e-30,0.0,0.0,-4056.043909415716
381,7748.748420334252,0.0064922915837868555,5.628551988878371,4,HIGD1A,19.15207952389248,125.08077976816881,-3857.6041455914983,-2.8679315701150547,0.012645019470049729,SE,4381,1.183855649065562e-05,0.20892952288447325,0.030654430389404297,0.018927194924935206,0.7559034403957,0.22516936467945925,0.017670222089498644,0.023108073603647247,-3863.2326975803767
382,6653.725754560554,0.14641177762648913,224.69702508462115,4,MTRNR2L12,19.15207952389248,4.765294617213407,-3310.0928127046495,-5.8672338959430785,0.11342793338957093,SE,4381,0.0001868091491070157,0.011170825988578345,0.004981040954589844,5.796914324265596e-22,1.0,4.783298077298827e-50,0.0,0.0,-3534.7898377892707
383,7820.440142059209,0.007952690876660477,12.705083991971605,4,ATP6V1A,19.15207952389248,101.9613642056254,-3893.450006453977,-3.6194856029404825,0.019824629724257473,SE,4381,6.706315675234377e-06,0.07935567426373069,0.012092113494873047,0.3252327368342904,0.6530294655795085,0.021737797586508744,0.0003646628076878766,0.0007420116205004381,-3906.1550904459486
384,8491.88843730981,0.013045295998607662,27.34000660062611,4,CPLX1,19.15207952389248,61.83874104134383,-4229.174154079277,-3.9107366883848655,0.027260738218807708,SE,4381,1.041500430317021e-05,0.04677300578088187,0.009647607803344727,0.48031178272702757,0.5134715414315539,0.0062166758414646155,1.7064406021560785e-07,6.049131923023263e-07,-4256.514160679903
385,9334.228458148593,0.010761652842509095,4.817861735135011,4,RPL9,19.15207952389248,75.13448617553628,-4650.344164498669,-4.296723973873013,0.030849866662410668,SE,4381,3.07875375644144e-05,0.20126887572127009,0.010363340377807617,0.31760026687108867,0.5304973953307381,0.15190233779903706,0.028166265637161514,0.034738581052397334,-4655.162026233804
386,8517.238153900156,0.02347251042748477,54.841186665948044,4,UCHL1,19.15207952389248,34.00496157117407,-4241.8490123744505,-7.496863521117963,0.09394506579431075,SE,4381,2.59360859999264e-05,0.0375449891589805,0.00410771369934082,0.2389571103270291,0.7610428896729734,2.075400614522164e-13,1.3067324999838092e-13,9.185569127869504e-13,-4296.6901990403985
387,8060.728485684811,0.01219813871467001,7.95777143626492,4,OCIAD1,19.15207952389248,66.1901900582941,-4013.594178266778,-3.657027750392566,0.023485850327844164,SE,4381,3.275320006104882e-05,0.16764724252755228,0.010130167007446289,0.08889721730248758,0.9106142153582397,0.0004885673391495107,0.00478813336192907,0.0073336034693577655,-4021.5519497030427
388,8602.347917814948,0.16910279891435995,189.7152939677071,4,HOPX,19.15207952389248,4.01618635085066,-4284.4038943318465,-4.245796194308838,0.13216971626260424,SE,4381,0.00017935565239698796,0.008738999111468427,0.0047855377197265625,8.371178038844803e-68,1.0,7.657982148356615e-74,0.0,0.0,-4474.119188299554
389,9040.531450190208,0.022405519378532163,46.138843445007296,4,CCNI,19.15207952389248,35.66326338402165,-4503.495660519477,-4.281746978291138,0.039372087273264855,SE,4381,2.144630145978086e-05,0.03392523346913538,0.004807233810424805,0.0006512492516996356,0.9993487507097757,3.9391242035612244e-11,1.1016298984145578e-11,6.46790281266123e-11,-4549.634503964484
390,8664.303579683989,0.03413480801347764,56.60517907168378,4,SNCA,19.15207952389248,23.12791094139947,-4315.381725266367,-4.64254183126065,0.05070104854050195,SE,4381,3.79097616357626e-05,0.027093126208051294,0.004713296890258789,1.6672417373748595e-05,0.9999833275822467,2.806226490417345e-16,5.3290705182007514e-14,3.850843498000543e-13,-4371.98690433805
391,7651.947114914382,0.077575404013969,35.48000677861546,4,GRIA2,19.15207952389248,9.719058234497478,-3809.2034928815633,-3.0082445068106707,0.04855682502119097,SE,4381,0.00015896618045354652,0.02610866743532844,0.00457000732421875,6.377537409657694e-09,0.9999999936226233,5.744871805003662e-18,2.576819646549211e-09,1.1904829961702764e-08,-3844.6834996601788
392,9133.097383334227,0.033539271208496375,54.82160806794218,4,BASP1,19.15207952389248,23.55309294723058,-4549.778627091486,-6.9729215233996475,0.0933406820100719,SE,4381,6.500648969349049e-05,0.0480077347215845,0.00409245491027832,0.19169669060328284,0.8067040236093396,0.001599285787999963,1.3200551762793111e-13,9.185569127869504e-13,-4604.600235159428
393,9025.273133377128,0.010555042334079242,6.52229638575227,4,SUB1,19.15207952389248,76.62121172372919,-4495.866502112936,-4.114014407810523,0.028196188279832883,SE,4381,3.462696465156302e-05,0.23511702995440195,0.011317968368530273,0.02194622907921391,0.9688768651883218,0.009176905731773882,0.01065303634614101,0.014973662513279133,-4502.388798498689
394,9300.965758762728,0.014759052371278487,20.908636899363955,4,RPS23,19.15207952389248,54.56338876484803,-4633.712814805736,-3.5569869152724567,0.026318773704025387,SE,4381,1.978356135373065e-05,0.06990199253008686,0.009595394134521484,0.30147705874651515,0.41556713667953815,0.28295580457442915,4.8171771193095125e-06,1.3309491149607388e-05,-4654.6214517051
395,8352.258782150786,0.00644472962348921,5.160565303913245,4,MEF2C,19.15207952389248,126.00990527550213,-4159.359326499765,-4.148705226869011,0.02384377037267693,SE,4381,2.1416539698898764e-05,0.3834876913491069,0.008398294448852539,0.18446355757503174,0.6097927290915939,0.20574371333366417,0.023105375661067185,0.0295306800862949,-4164.519891803679
396,8589.527093145467,0.007794252155181071,7.355150269848309,4,REEP5,19.15207952389248,104.05061286215069,-4277.993481997106,-3.988338917742786,0.023842203511303936,SE,4381,1.2101575369931346e-05,0.14898090539692013,0.013448238372802734,0.3199034882340433,0.6788808485505144,0.0012156632148851321,0.006687092053776933,0.00989262007478334,-4285.348632266954
397,9111.431128161528,0.00822442311385099,10.253516163460517,4,UQCRQ,19.15207952389248,98.5655886830852,-4538.9454995051365,-5.428496914251128,0.04190644576866047,SE,4381,9.59016965320665e-06,0.10622471609849099,0.010471343994140625,0.029134154489124306,0.9698637109453291,0.001002134564873263,0.0013642432174397756,0.00240292839435415,-4549.199015668597
398,8941.827080732937,0.012296543094342567,9.175659616106714,4,NDFIP1,19.15207952389248,65.65395503008196,-4454.143475790841,-5.08244492634438,0.04156277556033684,SE,4381,3.1883872803146325e-05,0.1606610974716909,0.009416580200195312,0.13512524090615588,0.8645166920526525,0.0003580670403298832,0.002452549591165365,0.004101917309205628,-4463.319135406948
399,8713.384393139475,0.02030153559159102,8.554279206870888,4,CPLX2,19.15207952389248,39.44399492192939,-4339.92213199411,-3.274788155703563,0.026095778193181922,SE,4381,7.289462260333057e-05,0.1392492282842696,0.010825634002685547,0.0031910950331554317,0.9965460190538915,0.00026288591237834895,0.0034471096211863284,0.0055830929078775435,-4348.476411200981
400,8992.730584878647,0.031971620679663276,57.2395648454185,4,SNCB,19.15207952389248,24.748039101580076,-4479.595227863696,-6.558173135181756,0.08299600409666569,SE,4381,3.7789358912522126e-05,0.03051814323731448,0.004099130630493164,7.066830716945902e-08,0.9999999293049794,2.5882604553364672e-11,3.863576125695545e-14,2.8653315764727723e-13,-4536.8347927091145
401,8028.201701647586,0.005699804744196329,5.939200458206869,4,SQSTM1,19.15207952389248,142.5853486616955,-3997.330786248165,-2.5416292243394354,0.010129075323400204,SE,4381,6.0401183753890755e-06,0.13784668002699063,0.012838125228881836,0.18901260199509853,0.5622071801924555,0.2487802178128851,0.014807734598554001,0.019966932255553457,-4003.269986706372
402,8825.399165524623,0.05734554261888343,161.06327244541262,4,TUBB2A,19.15207952389248,13.436006790674062,-4395.929518186684,-7.3471370526750315,0.11787382466597703,SE,4381,4.4268969104622306e-05,0.012294996953232232,0.004208803176879883,4.51615744442469e-07,0.9999995483850509,1.1206768866445027e-29,0.0,0.0,-4556.992790632096
403,7474.787456877222,0.0134995161637143,20.46399089456645,4,NRN1,19.15207952389248,59.730541931599305,-3720.6236638629834,-3.729346161974296,0.024305546945849864,SE,4381,1.3750996781296136e-05,0.057776683830855394,0.011308431625366211,0.020923978322507062,0.9790701929924869,5.828685333860655e-06,6.076374025387743e-06,1.6465698845019233e-05,-3741.08765475755
404,9031.78068237657,0.019548528453275694,9.527295620002405,4,TSPYL1,19.15207952389248,40.994858116607986,-4499.120276612657,-5.526280614976379,0.05475052149511551,SE,4381,9.941048058375752e-05,0.20418499934352388,0.012079954147338867,0.4389985641603324,0.5609883960018013,1.3039838746068955e-05,0.0020243820683243374,0.003436793215665633,-4508.6475722326595
405,7611.702304534216,0.019651752307369867,33.24977013227681,4,GJA1,19.15207952389248,40.775232965272,-3789.08108769148,-1.1104312888802539,0.009803825843893265,SE,4381,2.7338765510822044e-05,0.055587768903838784,0.004674434661865234,0.48333656162754635,0.5160976500988814,0.0005657882732819833,8.104933502117717e-09,3.460784277763764e-08,-3822.330857823757
406,8510.085561735092,0.0434760221221799,60.79569215909942,4,RPS12,19.15207952389248,17.98305265572084,-4238.272716291918,-2.9128393577118565,0.03547252943653615,SE,4381,6.972976446785069e-05,0.03189153494457082,0.004204511642456055,0.05857382586960352,0.941426174130374,2.0231429302578223e-17,6.328271240363392e-15,5.169338826120294e-14,-4299.068408451018
407,8243.882428374322,0.011025914499567425,18.80055423912836,4,VGF,19.15207952389248,73.31412354666516,-4105.171149611533,-3.719313008165587,0.023505471376091002,SE,4381,9.551564527044562e-06,0.05954948593644105,0.010206937789916992,0.001328010630099009,0.9986717793421385,2.1002704478572204e-07,1.4512494593943437e-05,3.684580937037236e-05,-4123.9717038506615
408,8022.445286393004,0.00990087258104153,6.196913846498774,4,NDUFA5,19.15207952389248,81.73772805295425,-3994.452578620874,-3.629037627723412,0.021573751905985348,SE,4381,4.1594993531722695e-05,0.32011918462274946,0.012214422225952148,0.03571963828970236,0.9470838760308464,0.017196485679105502,0.012797326311849044,0.017592776747996468,-4000.649492467373
409,7373.4104247755295,0.0074372570754181345,12.315010098966013,4,RHEB,19.15207952389248,109.08437095708166,-3669.935147812137,-2.8903667031424765,0.013211962494201208,SE,4381,5.157872358687339e-06,0.06963718002894624,0.011692047119140625,0.12048308055014754,0.8397702897635894,0.03974662968618448,0.00044933027911753243,0.0008991457526134925,-3682.250157911103
410,8128.655900103876,0.058713777291331704,119.32197320570003,4,TMSB4X,19.15207952389248,13.10385372918354,-4047.5578854763103,-6.356366331736578,0.09238733795201444,SE,4381,0.0001020675377957139,0.027187837336348004,0.005492210388183594,2.6562101596172856e-07,0.9999997342793348,9.989246479237889e-11,0.0,0.0,-4166.87985868201
411,9564.118558249816,0.04338663881003617,50.82583566220546,4,GPM6B,19.15207952389248,18.021784483483376,-4765.289214549281,-2.6744501808695937,0.03940676295204057,SE,4381,8.145051705524274e-05,0.037392441217825624,0.0040471553802490234,0.03220275645646222,0.9677972435432404,1.0829336975998026e-30,1.0094147739891923e-12,6.693445560142238e-12,-4816.115050211486
412,8802.209298367785,0.012108077115664619,13.72403310462505,4,SYN1,19.15207952389248,66.68860179781794,-4384.334584608265,-4.838277338837531,0.03791588092399622,SE,4381,1.935168200860629e-05,0.10049331005960203,0.017168521881103516,0.005867855480485184,0.9925964383219439,0.0015357061973650602,0.00021172773370581321,0.00045899019194966503,-4398.05861771289
413,8444.291484713805,0.024557902972737012,37.507210768947516,4,PCSK1N,19.15207952389248,32.465909299309345,-4205.375677781275,-5.6644368623227725,0.05930053786015928,SE,4381,2.6794936578720867e-05,0.03559207980891643,0.005469083786010742,0.42994404019991,0.5629639170370846,0.007092042762178301,9.107565812627172e-10,4.4253062725931405e-09,-4242.882888550223
414,9177.465375848797,0.009020118933587295,13.524881382780222,4,BEX3,19.15207952389248,89.79867514727994,-4571.962623348771,-6.018603812061208,0.05170841801752149,SE,4381,7.18573178698777e-06,0.06638726047526129,0.010764837265014648,0.4579191053341825,0.5420808879449234,6.721644109829165e-09,0.0002354212692206037,0.0005045322741679028,-4585.487504731551
415,9145.164018789555,0.027348504776223817,27.297848164085735,4,IDS,19.15207952389248,29.06973195903744,-4555.81194481915,-5.095058161877193,0.05452562187823797,SE,4381,4.17846741341882e-05,0.04526378685316976,0.0046961307525634766,1.0734995046133278e-05,0.9985047205991454,0.001484544405148553,1.744053924612743e-07,6.143826325340344e-07,-4583.109792983236
416,7242.419490222572,0.048807458496265756,15.893212971914636,4,PSD3,19.15207952389248,15.929406617647121,-3604.439680535658,-3.102276192232881,0.03393429420588727,SE,4381,0.00018857366640389245,0.06990008883723857,0.009232282638549805,5.060201063105363e-06,0.9999949358835681,3.9155389402598445e-09,6.70186190045996e-05,0.00015355337687676183,-3620.332893507573
417,8497.056524769561,0.005150665902713542,5.526719562263679,4,DMTN,19.15207952389248,157.8742458442986,-4231.758197809153,-4.193030955158398,0.022752797806065216,SE,4381,9.207379705935771e-06,0.25673853993914425,0.013495683670043945,0.34293697990528255,0.6144390369033369,0.0426239831915469,0.01872818664946163,0.024322320323976146,-4237.284917371417
418,9011.105727446213,0.005692767614575022,5.129547343575723,4,RPS20,19.15207952389248,142.7626163054626,-4488.782799147479,-2.665783413330516,0.011520922567888229,SE,4381,1.153179703781092e-05,0.26382030955924923,0.011698007583618164,0.36092864017812076,0.4435061662376298,0.1955651935847904,0.023521861258771093,0.029859856634803596,-4493.912346491054
419,9369.157414628049,0.007776888173155668,6.159872973711572,4,RPL7,19.15207952389248,104.2847586650977,-4667.808642738397,-3.5328330621144954,0.020310178168229644,SE,4381,1.5371831072326485e-05,0.19007294545505965,0.010611295700073242,0.09582489164371889,0.6949144667063034,0.20926064164997388,0.013068059264179976,0.017921249156805097,-4673.9685157121085
420,8892.199801285498,0.05679039628346387,161.99980497653905,4,STMN2,19.15207952389248,13.575338596975163,-4429.3298360671215,-6.360173185835605,0.09646622138046186,SE,4381,5.6698656018229355e-05,0.016021441779094456,0.005539894104003906,1.4173862316275262e-07,0.9999998582607178,1.565331843646291e-28,0.0,0.0,-4591.329641043661
421,7814.283461864097,0.02837392079829519,6.513566765066116,4,NECAB1,19.15207952389248,27.989630592795454,-3890.371666356421,-3.793370457120417,0.03369426957619721,SE,4381,8.110371484617841e-05,0.08196089040294184,0.015978097915649414,0.015503468764244995,0.97509803055217,0.009398500683499891,0.010705456725232376,0.015009912188249826,-3896.885233121487
422,9216.73366556845,0.00821369385612989,11.802574179961994,4,NDUFB9,19.15207952389248,98.69540912300602,-4591.5967682085975,-4.363922978215372,0.028845365614313456,SE,4381,7.398839756940232e-06,0.08216323155124221,0.02123093605041504,0.4558941056536389,0.4853638102958777,0.058742084049735015,0.0005914888074699531,0.0011560285050548587,-4603.3993423885595
423,9042.925017854197,0.0292492459814426,6.078769515903332,4,LY6H,19.15207952389248,27.12754030569625,-4504.692444351471,-4.780135082987962,0.050887150891565834,SE,4381,0.00015949882602586676,0.1522197084048561,0.018312692642211914,0.0021090956562025555,0.9754583735944451,0.02243253074885069,0.013681603600505077,0.018626689135514157,-4510.771213867374
424,9476.623361714379,0.029561571859071403,30.789024548262205,4,RPS6,19.15207952389248,26.832294914429646,-4721.541616281562,-2.7378609421590734,0.029886052096688695,SE,4381,7.299787713581849e-05,0.06828831871719371,0.00520777702331543,0.002238564369839871,0.9504439618185647,0.04731747381189838,2.876602434032094e-08,1.1338165982834699e-07,-4752.330640829824
425,9039.318939691051,0.024347280038658235,38.58432872067533,4,DNM1,19.15207952389248,32.75383556459498,-4502.889405269898,-6.560723382053242,0.07697920547705499,SE,4381,3.70371502611021e-05,0.05000899259630401,0.005004167556762695,0.00018371727379585696,0.9962048251074938,0.0036114576183750463,5.243827594370032e-10,2.68691992438795e-09,-4541.473733990573
426,9259.392753453509,0.03558118874860263,53.75024734252656,4,MTRNR2L8,19.15207952389248,22.1545317310186,-4612.926312151127,-4.6946580294539055,0.05508999229226471,SE,4381,4.1071035020537075e-05,0.027172155684888847,0.004836559295654297,0.00023926755393825856,0.9997607324439484,1.216442806488306e-12,2.277067423506196e-13,1.5651682955364097e-12,-4666.676559493653
427,9186.743247559994,0.022220517352329775,8.358359294790716,4,DKK3,19.15207952389248,35.96699126399433,-4576.60155920437,-4.4927949733517805,0.042357409569261005,SE,4381,0.0001522420880773305,0.2446693813451327,0.010735750198364258,0.05368219161527824,0.9460899971027785,0.0002278112811094806,0.003839170535303027,0.006095482027881886,-4584.95991849916
428,8687.485720390721,0.008675968061550039,8.24954637245719,4,C1QTNF4,19.15207952389248,93.39315473389487,-4326.972795619733,-4.062889304543812,0.025537781112900185,SE,4381,2.1978414667553287e-05,0.2191700595209473,0.011619091033935547,0.33755268589503246,0.6622490797047156,0.0001982344003116987,0.004076218619567307,0.006346699005855676,-4335.22234199219
429,4372.655691963943,0.16907933403110506,207.4696839401836,4,FTH1,19.15207952389248,4.016857152974641,-2169.557781406344,-3.619271497070745,0.061072291711598704,SE,4381,0.00018949545968135114,0.009234826285858762,0.004816532135009766,9.75614036054692e-33,1.0,5.2151188581351095e-56,0.0,0.0,-2377.0274653465276
430,9101.29493061411,0.010276317284220278,11.26149172049918,4,GNG3,19.15207952389248,78.72158204639462,-4533.877400731428,-5.8923262446473945,0.05136901175016741,SE,4381,1.667532577107264e-05,0.1193135220010606,0.009348630905151367,0.027620694526575725,0.9723786010221509,7.044506453802521e-07,0.0007913159382103574,0.0015068055334472408,-4545.138892451927
431,9025.64279321638,0.033891677074593646,58.99710524923648,4,RTN3,19.15207952389248,23.299688750212503,-4496.051332032563,-7.911976591253167,0.11435273488958013,SE,4381,4.027270984982108e-05,0.029167735013054766,0.004692792892456055,0.08137048253114643,0.9186295174682308,5.5495730806184e-16,1.5765166949677223e-14,1.2515241368501764e-13,-4555.048437281799
432,9306.861157315465,0.019710298936477088,8.922004862107315,4,FXYD6,19.15207952389248,40.65168808349077,-4636.660514082105,-4.8812129719424515,0.04599396436907646,SE,4381,9.759446626330352e-05,0.19730837638973125,0.011440515518188477,0.1725200891001679,0.8274153765473877,6.45343517265584e-05,0.0028175504335261614,0.004657108154588696,-4645.582518944212
433,7567.657674588729,0.045670960142208075,10.45504689341442,4,SCN3B,19.15207952389248,17.07950789064762,-3767.0587727187367,-2.998182350105689,0.032948048244954634,SE,4381,0.00017346245678032617,0.07252375061914465,0.012871980667114258,0.025387448283852282,0.9746090091770104,3.542538771438169e-06,0.0012231480819453466,0.0021955755958486243,-3777.513819612151
434,7577.697870309966,0.1555592724001329,136.89433584207382,4,NRGN,19.15207952389248,4.437012210219136,-3772.078870579355,-8.789885459799812,0.20489769152388412,SE,4381,0.0002482995183330547,0.013604093410514424,0.0046389102935791016,4.4705809455939853e-41,1.0,3.6375515949833916e-96,0.0,0.0,-3908.973206421429
435,8019.047868733267,0.01629836675515849,7.445643310946252,4,PPP3CB,19.15207952389248,49.33290181107738,-3992.753869791006,-3.852345455831689,0.028061686910569622,SE,4381,8.734948077773935e-05,0.2546926736998872,0.01113581657409668,0.005270565313144565,0.993245294169436,0.0014841405175166078,0.006359018602218547,0.009456923802771645,-4000.199513101952
436,7509.303440224425,0.011543183878111686,10.301587339551588,4,FAM213A,19.15207952389248,69.99216742955188,-3737.8816555365847,-2.8135376302477177,0.015145490558640834,SE,4381,2.233967482064172e-05,0.1273456360072173,0.011767864227294922,0.225226365552673,0.7730603348339538,0.001713299613107547,0.0013291582760135423,0.0023484700231644236,-3748.1832428761363
437,8950.58670469067,0.00769894061012251,6.505076284651295,4,CALY,19.15207952389248,105.348860210703,-4458.523287769707,-5.128911181212035,0.037059336925138076,SE,4381,1.8908876762729007e-05,0.23848999740126725,0.010706186294555664,0.01999792402892156,0.9704877941041022,0.009514281867189884,0.010756694906789988,0.015044328540965017,-4465.0283640543585
438,6586.889707314434,0.02095767410758128,34.277301657914904,4,GAPDH,19.15207952389248,38.18350053482675,-3276.6747890815896,-6.539355919480121,0.06847109816836602,SE,4381,3.171616664093041e-05,0.057004909788565004,0.004064321517944336,0.0666549593998241,0.9333449998328653,4.076750888081813e-08,4.779235007745797e-09,2.088178791263139e-08,-3310.9520907395045
439,8812.302189305685,0.010116864556668378,5.7434152569830985,4,PTMS,19.15207952389248,79.9752019182278,-4389.381030077215,-4.081752867831877,0.02718545292893571,SE,4381,3.7982243727649245e-05,0.2802163042669024,0.01121211051940918,0.47708829257202146,0.5004067488203648,0.022504958606783542,0.016550580573565954,0.022053212885473655,-4395.124445334198
440,9028.62882307829,0.016412109145553806,36.99669899606124,4,ENO2,19.15207952389248,48.985340662308964,-4497.5443469635175,-6.20629177016764,0.06319515865872222,SE,4381,1.1331700147552701e-05,0.03259965706422187,0.004728078842163086,0.007113602942114858,0.9928857915721303,6.054860938365819e-07,1.1832940183253982e-09,5.652097776284645e-09,-4534.541045959579
441,9217.193393293239,0.004287479363873811,4.581781563513687,4,LDHB,19.15207952389248,189.82319599063553,-4591.826632070992,-5.326504681869649,0.033694593276941076,SE,4381,5.606885970786836e-06,0.224824444614925,0.012623310089111328,0.11538756112735998,0.6062598252005951,0.27835261367238395,0.032313601745399656,0.039000259065890185,-4596.408413634505
442,7786.051080194133,0.014822045444648341,21.98578512586164,4,NELL2,19.15207952389248,54.32802286649405,-3876.2554755214387,-3.847689914285532,0.026745598819901233,SE,4381,1.946914147673847e-05,0.06822520639628811,0.017194509506225586,0.2847684270639115,0.7151589323923099,7.264054387846453e-05,2.7467729396546403e-06,7.819096522432861e-06,-3898.2412606473004
443,9177.17365777393,0.011670113654932212,11.406593003065609,4,CD63,19.15207952389248,69.22200882366161,-4571.8167643113375,-3.0982100892107223,0.019609719810575313,SE,4381,1.822486991469967e-05,0.1016950437041522,0.01041865348815918,0.00212522907745108,0.9978742300960072,5.408272709428921e-07,0.0007318391993466067,0.001407819744321738,-4583.223357314403
444,8966.478230341856,0.053394448461928534,135.2956220580545,4,SYT1,19.15207952389248,14.490731119272374,-4466.4690505953,-6.889495418803608,0.10571289445578215,SE,4381,4.8137860050466293e-05,0.015182848983773142,0.005469083786010742,0.000534784711758578,0.9994652152884738,1.008222018658225e-31,0.0,0.0,-4601.764672653355
445,9016.461842601797,0.015025012411567342,9.90905321144146,4,UBC,19.15207952389248,53.58308553719494,-4491.460856725271,-5.850024161760551,0.05582084204592616,SE,4381,5.271813843121208e-05,0.17993122672177267,0.008139610290527344,0.004716321009002325,0.995238186667935,4.549232268084244e-05,0.0016446770679089395,0.002843557674577642,-4501.369909936712
446,7981.893632291287,0.030612243346792842,58.910206803167966,4,DCLK1,19.15207952389248,25.8833049434646,-3974.1767515700158,-3.930075433206062,0.03695428036004117,SE,4381,4.280467369565257e-05,0.0375004076915456,0.004278421401977539,0.03543546507897271,0.9645645348765339,4.491274332637555e-11,1.6542323066914832e-14,1.294979836046363e-13,-4033.0869583731837
447,9361.074834977275,0.010716597439635156,10.318464778316411,4,NDRG2,19.15207952389248,75.4538078058233,-4663.76735291301,-3.7517578220728796,0.02505966832776405,SE,4381,1.2022228111748489e-05,0.07924102298566062,0.014243841171264648,0.034494964950283716,0.9655004232508085,4.6117993663351185e-06,0.0013170580192108927,0.0023344081529752814,-4674.085817691326
448,9125.793050211885,0.006175576928652804,8.40189561947409,4,SLC22A17,19.15207952389248,131.5374701711803,-4546.126460530315,-5.504527456580966,0.03974967608607441,SE,4381,6.418940576960262e-06,0.12503612923630575,0.010811328887939453,0.24456127300727845,0.7552720279875337,0.00016669900519513997,0.0037482994011862614,0.005968016509336113,-4554.528356149789
449,8787.754039303114,0.00603058976924833,4.234049623058127,4,RPL36AL,19.15207952389248,134.7195390365839,-4377.106955075929,-3.3178185935837208,0.016286247636396717,SE,4381,1.4048104916871826e-05,0.28679030640360365,0.009847879409790039,0.17941936715788714,0.4272977214411423,0.3932829114009418,0.03962079984558531,0.04604479082336062,-4381.3410046989875
450,8900.386663543659,0.02273168311987773,20.743886781972833,4,RTN1,19.15207952389248,35.139823963055946,-4433.423267196202,-7.754970357512581,0.10005158267808646,SE,4381,4.687282887322623e-05,0.07212988492478199,0.012627363204956055,0.0002968537281435185,0.9995823291601723,0.00012081711085041902,5.2498904370423816e-06,1.4364219201086834e-05,-4454.167153978175
451,8243.70458557816,0.013744005143749545,24.847736499242274,4,CHGA,19.15207952389248,58.65346894880274,-4105.082228213452,-4.214190171785292,0.030759403729481338,SE,4381,1.3226915057658046e-05,0.053668965403352704,0.01099085807800293,0.018559194816047325,0.9809001566187207,0.0005406485650529029,6.204185271085905e-07,2.04497334825798e-06,-4129.9299647126945
452,7532.69465769176,0.013697897754721244,22.22314932840891,4,CKB,19.15207952389248,58.85364893556016,-3749.5772642702523,-6.971440241268357,0.07193440547633807,SE,4381,1.153780737658414e-05,0.04712207678467262,0.012935161590576172,0.02163438767019437,0.9783317233697626,3.3888960398521206e-05,2.427295152429565e-06,6.980162312181495e-06,-3771.800413598661
453,9061.769742635117,0.014392119588295688,24.74767654144307,4,SNRPN,19.15207952389248,55.97534305612577,-4514.114806741931,-6.506647473125321,0.06644423102614538,SE,4381,1.7493767485786512e-05,0.0649055018303419,0.010983467102050781,0.20571915482718758,0.7942439530918701,3.6892081703823196e-05,6.534752834408408e-07,2.1414094911909163e-06,-4538.862483283374
454,8956.457222329786,0.029806776459238144,78.12936310884561,4,MAP1A,19.15207952389248,26.604835751850093,-4461.458546589265,-4.861975806743436,0.052128535062242964,SE,4381,2.010450104235636e-05,0.018517613239546638,0.0041196346282958984,2.34953550659882e-06,0.9999976504650794,7.31942705876152e-15,0.0,0.0,-4539.587909698111
455,8584.457740523092,0.031014033279286094,9.835549920424455,4,SCG3,19.15207952389248,25.537395036337536,-4275.458805685918,-2.823442595512084,0.027985458487128,SE,4381,8.191441741284858e-05,0.07002991067736575,0.011989355087280273,0.007928312435960363,0.9917457278188289,0.000325959745917082,0.001711711007210237,0.0029414102673790106,-4285.294355606343
456,7291.911084272238,0.012332744168915225,27.791268311110343,4,MYO5A,19.15207952389248,65.4588376036408,-3629.1854775604916,-3.18354394872191,0.018317460121674945,SE,4381,7.588594346872698e-06,0.03802001991453959,0.011504888534545898,0.12272055391262449,0.8660827175763771,0.011196728510598513,1.3513463215097943e-07,4.882486709417672e-07,-3656.976745871602
457,9274.729020590725,0.05599945815938125,11.131347699982143,4,ARPP19,19.15207952389248,13.77862163435784,-4620.594445719735,-6.038022489775944,0.09247244003175276,SE,4381,0.00020830303721501936,0.06034658069620618,0.010927200317382812,0.0008304675049326499,0.9991685934312553,9.390639340152801e-07,0.0008488089674992816,0.001605434898869904,-4631.725793419717
458,9266.931986498492,0.01129309411311329,13.179118943849971,4,MORF4L1,19.15207952389248,71.56027088890977,-4616.695928673618,-5.367782107144495,0.04501501482322186,SE,4381,1.3251407760851967e-05,0.07884008339849825,0.028343677520751953,0.001684101693183561,0.9449289418872194,0.05338695641886036,0.0002830858197203634,0.0005998400827977625,-4629.875047617468
459,7274.598549559714,0.010035415754993119,14.148860657977366,4,SV2B,19.15207952389248,80.63092542012893,-3620.5292102042295,-3.3570258340007224,0.018487866045079487,SE,4381,1.0193164276394964e-05,0.07640063874812959,0.011028289794921875,0.02170635535956558,0.8901375208292192,0.08815612381149404,0.0001688993598192301,0.0003709434018070798,-3634.678070862207
460,8982.604755165086,0.009997472745458598,19.003526008175868,4,ARHGDIG,19.15207952389248,80.94004287739357,-4474.5323130069155,-5.0473522277212695,0.03879484939488766,SE,4381,7.673650130420167e-06,0.05794450345445329,0.01167607307434082,0.4311731885265623,0.5684899273511355,0.0003368841221406792,1.304771210153266e-05,3.342802273946384e-05,-4493.535839015091
461,8494.762849364315,0.012876297954219802,17.236551353322284,4,SEZ6L2,19.15207952389248,62.661086085471645,-4230.61136010653,-4.348420640376671,0.03204243245330897,SE,4381,1.6798001186249572e-05,0.07737797867271722,0.010384082794189453,0.01819102448105487,0.941717467463829,0.04009150805463813,3.300253732174685e-05,7.9155021816182e-05,-4247.847911459852
462,8243.031254144416,0.10884724820683551,192.1451116869739,4,MTRNR2L1,19.15207952389248,6.691940243201833,-4104.7455624965805,-5.665455028337287,0.10972021483477268,SE,4381,0.00015499597572748668,0.01457343717724825,0.004847288131713867,1.2312670174835459e-05,0.999987687329253,6.8109430364287e-36,0.0,0.0,-4296.890674183554
463,9416.2015874659,0.027447745770671668,7.418806435182887,4,ALDOC,19.15207952389248,28.9616711552668,-4691.330729157322,-4.829455529019848,0.05170766436925846,SE,4381,9.435743647040428e-05,0.10151692234567578,0.013650655746459961,0.00588894795183278,0.9925461789296371,0.0015648731181453197,0.0064545618032134655,0.009573751956919493,-4698.749535592505
464,9238.239232279951,0.0415620490296167,41.28677806635278,4,RPL19,19.15207952389248,18.848830429248487,-4602.349551564348,-3.495756876905655,0.0440240619701415,SE,4381,6.464023150808506e-05,0.03210312909872377,0.00493621826171875,1.7681099416338152e-07,0.9999998231887887,6.277743849151911e-16,1.3145506905232196e-10,7.056462581163603e-10,-4643.636329630701
465,8490.987871322153,0.005223869141198215,5.50816570342613,4,PRKAR1A,19.15207952389248,155.65046502172544,-4228.723871085449,-4.013489547416554,0.021152151296034323,SE,4381,5.65182984975193e-06,0.15325623568287236,0.014737129211425781,0.26098294500356933,0.5688634305594066,0.17015362443663748,0.01892788764559894,0.024525162675593192,-4234.232036788875
466,7539.464054785616,0.01302177188317673,8.219814711084837,4,MAPRE2,19.15207952389248,61.9519306704185,-3752.9619628171804,-3.236036122471259,0.019430728198458924,SE,4381,3.728998390380588e-05,0.16805587982448922,0.012785196304321289,0.17926570231468056,0.8204736538198362,0.0002606438657435318,0.0041435430756096014,0.006433750831149394,-3761.1817775282652
467,9263.656104976164,0.45610741111621206,1008.3681794842996,4,MBP,19.15207952389248,0.9746829472921518,-4615.057987912454,-1.4279859069086644,0.4828919142637708,SE,4381,0.0002997548385196761,0.00568343481668984,0.0034995079040527344,9.077146715831204e-56,1.0,4.884515522537991e-251,0.0,0.0,-5623.426167396754
468,9298.644151902734,0.06344469608173142,19.873437616053707,4,PRNP,19.15207952389248,12.065781658863662,-4632.552011375739,-5.220758837559557,0.08341746668305061,SE,4381,0.00015770804576339834,0.0366517873658571,0.006161689758300781,1.1401133823566766e-08,0.9999999885985745,2.3975796885320518e-14,8.274202757951876e-06,2.1895030772215806e-05,-4652.425448991793
469,7825.786118001653,0.008097369715433666,10.653275251230752,4,CHGB,19.15207952389248,100.12497682630439,-3896.122994425199,-3.70893895810271,0.02076949666585481,SE,4381,7.449908838172541e-06,0.08508344232705116,0.012778759002685547,0.2923185554119957,0.6980997951822125,0.009581649406066366,0.0010987615807950268,0.002030498301320169,-3906.77626967643
470,8635.893213179867,0.02279373982925496,49.209859153766956,4,NAPB,19.15207952389248,35.041929321973335,-4301.176542014306,-4.622186548701035,0.042918835202181226,SE,4381,1.5735088814206814e-05,0.024088236453818548,0.004673957824707031,0.00022588773524766237,0.9997741118075073,4.569430297393329e-10,2.2999380178134743e-12,1.4565491021903513e-11,-4350.386401168073
471,6149.8269837775515,0.29153027892519706,566.3225736310901,4,CST3,19.15207952389248,1.986346371928132,-3058.143427313148,-2.8591799355018366,0.13082017288521086,SE,4381,0.0002772400422617017,0.007053796634897999,0.0047490596771240234,1.679812818878771e-67,1.0,3.5460741402457434e-145,0.0,0.0,-3624.466000944238
472,8916.096738676557,0.010056910128606022,10.635617533251207,4,DYNLRB1,19.15207952389248,80.45684809266156,-4441.278304762651,-4.606279572695163,0.03321378903176605,SE,4381,1.3484745813006351e-05,0.10064932088636465,0.02237391471862793,0.004341493239832175,0.9953268077390494,0.0003316990217816334,0.0011093023583850226,0.0020366226301412912,-4451.913922295902
473,8935.746528648055,0.026915128517338478,58.54540039988751,4,EEF1A2,19.15207952389248,29.55096166359794,-4451.1031997484,-6.596748182984788,0.07949516063367679,SE,4381,2.6519632611889862e-05,0.029608254658284976,0.004116535186767578,5.108670307225207e-05,0.999948913284998,1.2198257191690658e-11,1.9872992140790302e-14,1.513667706055281e-13,-4509.648600148287
474,9162.624361077958,0.01849095263501864,10.754346879595687,4,PIN1,19.15207952389248,43.386276210267845,-4564.5421159633515,-5.310888569696058,0.050853703229710896,SE,4381,6.995127094910658e-05,0.1598894103843718,0.010419368743896484,0.0004304452300095329,0.9995675580060627,1.9967648108049114e-06,0.001040346749301202,0.0019288725615034246,-4575.296462842947
475,7650.32713209812,0.014340397307608683,24.300075895650025,4,FXYD1,19.15207952389248,56.1801803735591,-3808.3935014734325,-1.8996707299120417,0.010858190968003325,SE,4381,1.6947797178433486e-05,0.06332078846546901,0.011953353881835938,0.3830154386773463,0.39902421689947654,0.2179603444229184,8.243581421929491e-07,2.6550755748552127e-06,-3832.6935773690825
476,9114.302444501098,0.014468936827893037,22.698341001372683,4,ATP1A3,19.15207952389248,55.67382406377211,-4540.381157674921,-6.073283884899827,0.05911860339223058,SE,4381,1.5173320994965246e-05,0.05571756053357493,0.011331558227539062,0.36784375864642904,0.6321560763513446,1.6500181095482063e-07,1.8953143391398086e-06,5.593026607647222e-06,-4563.079498676294
477,9706.861782770631,0.040836634367844925,66.57011442971816,4,APOE,19.15207952389248,19.198177248025928,-4836.660826809688,-2.505637612634038,0.037149631434216866,SE,4381,7.064651171537527e-05,0.036238473156226504,0.004189968109130859,5.748916122099658e-06,0.9999942510841443,1.4391111022475794e-16,3.3306690738754696e-16,3.0775183693037126e-15,-4903.230941239406
478,8994.599932889172,0.007315658110303431,11.502186199517382,4,TMEM160,19.15207952389248,110.91112905006219,-4480.529901868958,-4.717943252012868,0.031575988819358664,SE,4381,5.287800395047464e-06,0.07374725903606888,0.016836881637573242,0.4814562249570916,0.5185348971449213,8.87789778973429e-06,0.0006951438118970588,0.001346420379182057,-4492.032088068476
479,9039.965340441688,0.041338998966414416,65.70275926896284,4,SLC17A7,19.15207952389248,18.95494201387038,-4503.212605645216,-5.936013275280696,0.0783443593705596,SE,4381,6.098383373130896e-05,0.03058764593050991,0.004236698150634766,1.3223646689034252e-05,0.9999867412394862,3.511446198166708e-08,5.551115123125783e-16,5.0464682937507114e-15,-4568.915364914179
480,9245.32809633365,0.016608716452064225,7.340942036351407,4,RPL13A,19.15207952389248,48.39579623041988,-4605.893983591197,-3.34374001985008,0.025521151972706872,SE,4381,9.065267944986708e-05,0.2548620331230962,0.012287378311157227,0.007923084753321695,0.9897363957241385,0.0023405195225955936,0.0067401508604008065,0.009945010788787482,-4613.234925627548
481,9225.895035954045,0.01810628840116269,21.82710183661402,4,RPS9,19.15207952389248,44.32537318904791,-4596.177453401395,-2.3515913908222887,0.01853190050077002,SE,4381,3.0128035656850967e-05,0.07170861584022101,0.012120485305786133,0.001673998874636682,0.9983260001996223,9.248473100320247e-10,2.98355924432947e-06,8.450464739535274e-06,-4618.004555238009
482,9514.18268127534,0.010136744647661816,7.048119003573447,4,RPS5,19.15207952389248,79.81675226924342,-4740.321276062043,-3.199018094667562,0.019738054937390923,SE,4381,1.94802517784556e-05,0.14316532087903505,0.012919425964355469,0.1553038368247099,0.805381704776241,0.039314458399768444,0.007934853288072863,0.011385979641123796,-4747.369395065616
483,8681.831751318268,0.010049015700943312,8.306703638113504,4,MIF,19.15207952389248,80.52069647690043,-4324.1458110835065,-4.264090600053211,0.028955598879825323,SE,4381,3.5579655012582543e-05,0.2659731270541052,0.010459423065185547,0.058896432319064794,0.9259988451574002,0.015104722524020366,0.003949901413293544,0.006218737623773483,-4332.45251472162
484,9324.971686505456,0.014367776209492695,25.056118498988326,4,SOD1,19.15207952389248,56.07156716525131,-4645.7157786771,-5.423746283797831,0.04914020278964563,SE,4381,1.5438243733925123e-05,0.0574675977561213,0.010609149932861328,0.48601690089006394,0.5137360034413512,0.00024709566933210126,5.568577617909298e-07,1.8462663759913181e-06,-4670.771897176089
485,8858.149723733595,0.1619029597836539,320.01269731503453,4,MAP1B,37.047774383774886,2.831147956280201,-4412.30479729117,-7.603992311814771,0.2010136980647229,SE,4381,0.0007382750486137967,0.03822181894893352,0.004565715789794922,1.7589347204516347e-07,0.9999998241073782,1.8721476865156482e-43,0.0,0.0,-4732.3174946062045
486,8379.559341842665,0.015911357792568352,53.09084201803944,4,HSP90AB1,37.047774383774886,33.825951776816204,-4173.009606345705,-6.94885593901861,0.04439872925314503,SE,4381,2.6830577639914317e-05,0.08195412290291358,0.004060983657836914,0.09631676075356344,0.8745395506831026,0.02914368856409412,3.185229857649574e-13,2.163025752182624e-12,-4226.100448363744
487,9289.614529909633,0.02828441629243986,32.86069567021423,4,NCS1,37.047774383774886,18.78949010469906,-4628.037200379189,-4.058966379378945,0.037474509314632254,SE,4381,0.00013877498143353485,0.14107953135785775,0.0045909881591796875,0.003944287206402796,0.9517674885864176,0.04428822420708049,9.90048532045762e-09,4.1335359587095785e-08,-4660.897896049403
488,9213.701900684067,0.01807196958519327,33.29333581941228,4,TPT1,37.047774383774886,29.716469979821547,-4590.080885766406,-3.583649530018398,0.024785011885590305,SE,4381,4.072131980026897e-05,0.09727680276576339,0.0041692256927490234,0.035926363984376035,0.9640531321398748,2.0503874938899292e-05,7.925376910300486e-09,3.409947039823942e-08,-4623.374221585818
489,8607.421635402088,0.03889524627783503,103.74713441829954,4,HSP90AA1,37.047774383774886,13.51441487929189,-4286.940753125416,-6.573322881510132,0.06243024587015075,SE,4381,0.00012014160450942218,0.06740698364418703,0.00412440299987793,0.015947118285312752,0.9840476414123973,5.24030195664565e-06,0.0,0.0,-4390.687887543716
