obs_id,x,y,group,group_idx,p_hat,n_resolutions,basis_kind,M,sigma2,likelihood,known_capture_rate,converged
AAACAAGTATCTCCCA-1,10168.0,8571.0,L4,1,0.3123389912437136,1,bisquare,7265,1.0,negbinomial,0.28773770824297945,True
AAACACCAATAACTGC-1,4453.0,9635.0,L6,3,0.3411019657065917,1,bisquare,7265,1.0,negbinomial,0.28773770824297945,True
AAACAGAGCGACTCCT-1,9628.0,4258.0,L3,0,0.35177312698636387,1,bisquare,7265,1.0,negbinomial,0.28773770824297945,True
AAACAGCTTTCAGAAG-1,3769.0,7717.0,L4,1,0.2570237664026898,1,bisquare,7265,1.0,negbinomial,0.28773770824297945,True
AAACAGGGTCTATATT-1,4043.0,8197.0,L5,2,0.1593596338425383,1,bisquare,7265,1.0,negbinomial,0.28773770824297945,True
AAACATTTCCCGGATT-1,9821.0,9887.0,L5,2,0.4947375130676761,1,bisquare,7265,1.0,negbinomial,0.28773770824297945,True
AAACCCGAACGAAATC-1,11065.0,7974.0,L3,0,0.45899494448969974,1,bisquare,7265,1.0,negbinomial,0.28773770824297945,True
AAACCGGAAATGTTAA-1,11681.0,9054.0,L3,0,0.3781823844679795,1,bisquare,7265,1.0,negbinomial,0.28773770824297945,True
AAACCGGGTAGGTACC-1,5077.0,7600.0,L5,2,0.18733384603292366,1,bisquare,7265,1.0,negbinomial,0.28773770824297945,True
AAACCGTTCGTCCAGG-1,6038.0,8800.0,L6,3,0.28367662763020235,1,bisquare,7265,1.0,negbinomial,0.28773770824297945,True
AAACCTAAGCAGCCGG-1,8856.0,10364.0,WM,4,0.4153911775613122,1,bisquare,7265,1.0,negbinomial,0.28773770824297945,True
AAACCTCATGAAGTTG-1,4459.0,7000.0,L3,0,0.34499178111343287,1,bisquare,7265,1.0,negbinomial,0.28773770824297945,True
AAACGAAGAACATACC-1,7565.0,3295.0,L3,0,0.21917794912529395,1,bisquare,7265,1.0,negbinomial,0.28773770824297945,True
AAACGAGACGGTTGAT-1,8590.0,6771.0,L3,0,0.2852381214706182,1,bisquare,7265,1.0,negbinomial,0.28773770824297945,True
AAACTCGGTTCGCAAT-1,7961.0,10482.0,WM,4,0.13291561534341786,1,bisquare,7265,1.0,negbinomial,0.28773770824297945,True
AAACTCGTGATATAAG-1,10933.0,5339.0,L3,0,0.48482795593286987,1,bisquare,7265,1.0,negbinomial,0.28773770824297945,True
AAACTGCTGGCTCCAA-1,7761.0,7966.0,L5,2,0.2559021716067981,1,bisquare,7265,1.0,negbinomial,0.28773770824297945,True
AAACTTAATTGCACGC-1,3970.0,10233.0,L6,3,0.21537267458450507,1,bisquare,7265,1.0,negbinomial,0.28773770824297945,True
AAACTTGCAAACGTAT-1,4457.0,7958.0,L5,2,0.1648503430547136,1,bisquare,7265,1.0,negbinomial,0.28773770824297945,True
AAAGACCCAAGTCGCG-1,6463.0,3771.0,L3,0,0.19578506634523843,1,bisquare,7265,1.0,negbinomial,0.28773770824297945,True
AAAGACTGGGCGCTTT-1,4186.0,6041.0,L3,0,0.32453846803728126,1,bisquare,7265,1.0,negbinomial,0.28773770824297945,True
AAAGCTTGCCTACATA-1,11552.0,5700.0,L3,0,0.12106132107712263,1,bisquare,7265,1.0,negbinomial,0.28773770824297945,True
AAAGGCCCTATAATAC-1,4657.0,10474.0,L6,3,0.20523979914293722,1,bisquare,7265,1.0,negbinomial,0.28773770824297945,True
AAAGGCTACGGACCAT-1,6861.0,10000.0,WM,4,0.1715875160723565,1,bisquare,7265,1.0,negbinomial,0.28773770824297945,True
AAAGGCTCTCGCGCCG-1,6932.0,9162.0,L6,3,0.33429465363058036,1,bisquare,7265,1.0,negbinomial,0.28773770824297945,True
AAAGGGATGTAGCAAG-1,7423.0,5450.0,L3,0,0.2546659844039547,1,bisquare,7265,1.0,negbinomial,0.28773770824297945,True
AAAGGGCAGCTTGAAT-1,4945.0,5444.0,L3,0,0.2993377687393965,1,bisquare,7265,1.0,negbinomial,0.28773770824297945,True
AAAGTAGCATTGCTCA-1,5006.0,8678.0,L5,2,0.252799055518717,1,bisquare,7265,1.0,negbinomial,0.28773770824297945,True
AAAGTCACTGATGTAA-1,6738.0,3772.0,L3,0,0.21876268658501474,1,bisquare,7265,1.0,negbinomial,0.28773770824297945,True
AAAGTCGACCCTCAGT-1,4184.0,7000.0,L3,0,0.32177772730958737,1,bisquare,7265,1.0,negbinomial,0.28773770824297945,True
AAAGTGTGATTTATCT-1,9619.0,7851.0,L3,0,0.37707350389263494,1,bisquare,7265,1.0,negbinomial,0.28773770824297945,True
AAAGTTGACTCCCGTA-1,9758.0,7612.0,L3,0,0.5441514142283553,1,bisquare,7265,1.0,negbinomial,0.28773770824297945,True
AAATAACCATACGGGA-1,9215.0,4257.0,L3,0,0.533561591770361,1,bisquare,7265,1.0,negbinomial,0.28773770824297945,True
AAATAAGGTAGTGCCC-1,11069.0,6297.0,L3,0,0.14629420452139527,1,bisquare,7265,1.0,negbinomial,0.28773770824297945,True
AAATACCTATAAGCAT-1,7898.0,8206.0,L5,2,0.42385509017101625,1,bisquare,7265,1.0,negbinomial,0.28773770824297945,True
AAATAGCTTAGACTTT-1,10448.0,6895.0,L3,0,0.5782024080283448,1,bisquare,7265,1.0,negbinomial,0.28773770824297945,True
AAATAGGGTGCTATTG-1,8584.0,8926.0,L5,2,0.3069015851279271,1,bisquare,7265,1.0,negbinomial,0.28773770824297945,True
AAATCGTGTACCACAA-1,7004.0,7845.0,L5,2,0.35378991236693247,1,bisquare,7265,1.0,negbinomial,0.28773770824297945,True
AAATCTAGCCCTGCTA-1,10099.0,8930.0,L5,2,0.22719538488583277,1,bisquare,7265,1.0,negbinomial,0.28773770824297945,True
AAATGATTCGATCAGC-1,10796.0,5099.0,L3,0,0.21148041453197572,1,bisquare,7265,1.0,negbinomial,0.28773770824297945,True
AAATGCTCGTTACGTT-1,4809.0,4486.0,L3,0,0.18469283927412208,1,bisquare,7265,1.0,negbinomial,0.28773770824297945,True
AAATGGCATGTCTTGT-1,7908.0,4134.0,L3,0,0.3604552258177601,1,bisquare,7265,1.0,negbinomial,0.28773770824297945,True
AAATGGCCCGTGCCCT-1,4318.0,8437.0,L5,2,0.20478886950852646,1,bisquare,7265,1.0,negbinomial,0.28773770824297945,True
AAATGGTCAATGTGCC-1,6663.0,6526.0,L3,0,0.4376257538394936,1,bisquare,7265,1.0,negbinomial,0.28773770824297945,True
AAATGTATCTTATCCC-1,3155.0,5680.0,L3,0,0.10755747276916212,1,bisquare,7265,1.0,negbinomial,0.28773770824297945,True
AAATTAACGGGTAGCT-1,7144.0,6647.0,L3,0,0.5695105277963648,1,bisquare,7265,1.0,negbinomial,0.28773770824297945,True
AAATTACACGACTCTG-1,9077.0,4257.0,L3,0,0.3916720544894174,1,bisquare,7265,1.0,negbinomial,0.28773770824297945,True
AAATTACCTATCGATG-1,9625.0,5695.0,L3,0,0.22742722047997757,1,bisquare,7265,1.0,negbinomial,0.28773770824297945,True
AAATTCCAGGTCCAAA-1,11067.0,6777.0,L3,0,0.5133068267842444,1,bisquare,7265,1.0,negbinomial,0.28773770824297945,True
AAATTGATAGTCCTTT-1,5280.0,9158.0,L6,3,0.3752804626724389,1,bisquare,7265,1.0,negbinomial,0.28773770824297945,True
AAATTTACCGAAATCC-1,9355.0,3299.0,L3,0,0.39500358990577006,1,bisquare,7265,1.0,negbinomial,0.28773770824297945,True
AAATTTGCGGGTGTGG-1,5420.0,8200.0,L5,2,0.23529155340507044,1,bisquare,7265,1.0,negbinomial,0.28773770824297945,True
AACAACTGGTAGTTGC-1,6045.0,5926.0,L3,0,0.39135512837166336,1,bisquare,7265,1.0,negbinomial,0.28773770824297945,True
AACAATACATTGTCGA-1,5691.0,9877.0,WM,4,0.5286127538475061,1,bisquare,7265,1.0,negbinomial,0.28773770824297945,True
AACAATTACTCTACGC-1,4875.0,6043.0,L3,0,0.24750429421201917,1,bisquare,7265,1.0,negbinomial,0.28773770824297945,True
AACACACGCTCGCCGC-1,9549.0,8689.0,L5,2,0.3231683523995384,1,bisquare,7265,1.0,negbinomial,0.28773770824297945,True
AACACGACTGTACTGA-1,7633.0,3654.0,L3,0,0.1711150917523741,1,bisquare,7265,1.0,negbinomial,0.28773770824297945,True
AACACGAGACGCGGCC-1,4595.0,7959.0,L5,2,0.15386935277907365,1,bisquare,7265,1.0,negbinomial,0.28773770824297945,True
AACACGCGGCCGCGAA-1,5501.0,3290.0,L3,0,0.11178792067778642,1,bisquare,7265,1.0,negbinomial,0.28773770824297945,True
AACAGCTGTGTGGCAA-1,5279.0,9637.0,L6,3,0.35422266705563843,1,bisquare,7265,1.0,negbinomial,0.28773770824297945,True
AACAGGAAATCGAATA-1,7769.0,4373.0,L3,0,0.3075036889671176,1,bisquare,7265,1.0,negbinomial,0.28773770824297945,True
AACAGGATGGGCCGCG-1,5288.0,6044.0,L3,0,0.3761834066645179,1,bisquare,7265,1.0,negbinomial,0.28773770824297945,True
AACAGGTAGTATGGAT-1,10926.0,8453.0,L3,0,0.5728430674676771,1,bisquare,7265,1.0,negbinomial,0.28773770824297945,True
AACATATCAACTGGTG-1,9968.0,5816.0,L3,0,0.17135170269978728,1,bisquare,7265,1.0,negbinomial,0.28773770824297945,True
AACATTGTGACTCGAG-1,6723.0,10239.0,WM,4,0.1571911054942545,1,bisquare,7265,1.0,negbinomial,0.28773770824297945,True
AACCAAGACTTCTCTG-1,4804.0,6881.0,L3,0,0.4009280167737291,1,bisquare,7265,1.0,negbinomial,0.28773770824297945,True
AACCAGTATCACTCTT-1,9493.0,3300.0,L3,0,0.266552191408296,1,bisquare,7265,1.0,negbinomial,0.28773770824297945,True
AACCATGGGATCGCTA-1,5223.0,4247.0,L3,0,0.2788324999248573,1,bisquare,7265,1.0,negbinomial,0.28773770824297945,True
AACCCAGAGACGGAGA-1,5842.0,4369.0,L3,0,0.20495706296660376,1,bisquare,7265,1.0,negbinomial,0.28773770824297945,True
AACCCATCCCATGATC-1,4110.0,9275.0,L5,2,0.490825273158555,1,bisquare,7265,1.0,negbinomial,0.28773770824297945,True
AACCCGAGCAGAATCG-1,10923.0,9411.0,L5,2,0.3224323865514966,1,bisquare,7265,1.0,negbinomial,0.28773770824297945,True
AACCCTACTGTCAATA-1,9758.0,7372.0,L3,0,0.5491353597649263,1,bisquare,7265,1.0,negbinomial,0.28773770824297945,True
AACCCTGGTGGAACCA-1,7978.0,3536.0,L3,0,0.23504380998911675,1,bisquare,7265,1.0,negbinomial,0.28773770824297945,True
AACCGAGCTTGGTCAT-1,7973.0,5452.0,L3,0,0.22959429597162478,1,bisquare,7265,1.0,negbinomial,0.28773770824297945,True
AACCGCTAAGGGATGC-1,9481.0,8090.0,L4,1,0.26699401669573286,1,bisquare,7265,1.0,negbinomial,0.28773770824297945,True
AACCGTTGTGTTTGCT-1,7564.0,4014.0,L3,0,0.38152676521172035,1,bisquare,7265,1.0,negbinomial,0.28773770824297945,True
AACCTCGCTTTAGCCC-1,8788.0,10005.0,L6,3,0.23140069698357357,1,bisquare,7265,1.0,negbinomial,0.28773770824297945,True
AACCTGTCACGGAATT-1,11274.0,6897.0,L3,0,0.26779390216693183,1,bisquare,7265,1.0,negbinomial,0.28773770824297945,True
AACCTTTAAATACGGT-1,7827.0,9044.0,L6,3,0.3025296373496841,1,bisquare,7265,1.0,negbinomial,0.28773770824297945,True
AACCTTTACGACGTCT-1,9490.0,4497.0,L3,0,0.2244136959062726,1,bisquare,7265,1.0,negbinomial,0.28773770824297945,True
AACGAAAGTCGTCCCA-1,3696.0,9513.0,L5,2,0.5172310504951539,1,bisquare,7265,1.0,negbinomial,0.28773770824297945,True
AACGATAATGCCGTAG-1,8171.0,8925.0,L5,2,0.31771413753770755,1,bisquare,7265,1.0,negbinomial,0.28773770824297945,True
AACGATAGAAGGGCCG-1,6806.0,4371.0,L3,0,0.3050590030041849,1,bisquare,7265,1.0,negbinomial,0.28773770824297945,True
AACGATATGTCAACTG-1,8386.0,5453.0,L3,0,0.44869087088777726,1,bisquare,7265,1.0,negbinomial,0.28773770824297945,True
AACGCATGATCTGGGT-1,10315.0,4978.0,L3,0,0.3157636660178528,1,bisquare,7265,1.0,negbinomial,0.28773770824297945,True
AACGCGAACGGCAACA-1,4674.0,3528.0,L3,0,0.15577753456071156,1,bisquare,7265,1.0,negbinomial,0.28773770824297945,True
AACGCGGTCTCCAGCC-1,7629.0,5331.0,L3,0,0.2624196260955272,1,bisquare,7265,1.0,negbinomial,0.28773770824297945,True
AACGCTGTTGCTGAAA-1,9617.0,9049.0,L5,2,0.3563662422631318,1,bisquare,7265,1.0,negbinomial,0.28773770824297945,True
AACGGACGTACGTATA-1,9480.0,8569.0,L5,2,0.3876261206684815,1,bisquare,7265,1.0,negbinomial,0.28773770824297945,True
AACGGCCATCTCCGGT-1,5833.0,8201.0,L5,2,0.4606303040560938,1,bisquare,7265,1.0,negbinomial,0.28773770824297945,True
AACGTACTGTGGGTAC-1,6039.0,8321.0,L5,2,0.2959289870840931,1,bisquare,7265,1.0,negbinomial,0.28773770824297945,True
AACGTCAGACTAGTGG-1,5908.0,5447.0,L3,0,0.2586321515010409,1,bisquare,7265,1.0,negbinomial,0.28773770824297945,True
AACGTGATGAAGGACA-1,8872.0,3657.0,L3,0,0.3763392875022244,1,bisquare,7265,1.0,negbinomial,0.28773770824297945,True
AACGTGCGAAAGTCTC-1,8245.0,6890.0,L3,0,0.22316023405007362,1,bisquare,7265,1.0,negbinomial,0.28773770824297945,True
AACGTTATCAGCACCT-1,3844.0,5202.0,L3,0,0.28533741044797883,1,bisquare,7265,1.0,negbinomial,0.28773770824297945,True
AACTACCCGTTTGTCA-1,10926.0,8213.0,L3,0,0.5841799123788441,1,bisquare,7265,1.0,negbinomial,0.28773770824297945,True
AACTAGGCTTGGGTGT-1,7345.0,9163.0,L6,3,0.29467760952047856,1,bisquare,7265,1.0,negbinomial,0.28773770824297945,True
AACTCAAGTTAATTGC-1,6180.0,7124.0,L4,1,0.27386908479239874,1,bisquare,7265,1.0,negbinomial,0.28773770824297945,True
AACTCCAGAGCGTGTT-1,9477.0,9767.0,L5,2,0.22493076347985697,1,bisquare,7265,1.0,negbinomial,0.28773770824297945,True
AACTCCTAATCCCATG-1,9491.0,4018.0,L3,0,0.5325839413540295,1,bisquare,7265,1.0,negbinomial,0.28773770824297945,True
AACTCGATGGCGCAGT-1,5017.0,3888.0,L3,0,0.23045140296667976,1,bisquare,7265,1.0,negbinomial,0.28773770824297945,True
AACTCTCAATAGAGCG-1,9553.0,6773.0,L3,0,0.5578074645151266,1,bisquare,7265,1.0,negbinomial,0.28773770824297945,True
AACTCTCAGTGTGCTC-1,5969.0,8920.0,L6,3,0.3794506866456453,1,bisquare,7265,1.0,negbinomial,0.28773770824297945,True
AACTGAGTTATACTGA-1,11889.0,8695.0,L3,0,0.13700018534714656,1,bisquare,7265,1.0,negbinomial,0.28773770824297945,True
AACTGATATTAGGCCT-1,7700.0,4493.0,L3,0,0.5046693533228268,1,bisquare,7265,1.0,negbinomial,0.28773770824297945,True
AACTGGGTCCCGACGT-1,7699.0,4972.0,L3,0,0.3388836003761184,1,bisquare,7265,1.0,negbinomial,0.28773770824297945,True
AACTGGGTTCGAGCCG-1,9287.0,2940.0,L3,0,0.32829770476136755,1,bisquare,7265,1.0,negbinomial,0.28773770824297945,True
AACTGGTGTGGGCCTT-1,6533.0,3412.0,L3,0,0.16910491987450632,1,bisquare,7265,1.0,negbinomial,0.28773770824297945,True
AACTTCTGCGTCTATC-1,4396.0,4725.0,L3,0,0.17744556647159704,1,bisquare,7265,1.0,negbinomial,0.28773770824297945,True
AACTTGCCCGTATGCA-1,5012.0,6043.0,L3,0,0.23650160978172072,1,bisquare,7265,1.0,negbinomial,0.28773770824297945,True
AACTTGCGTTCTCGCG-1,4535.0,4246.0,L3,0,0.1172031670559718,1,bisquare,7265,1.0,negbinomial,0.28773770824297945,True
AACTTTAGCTGCTGAG-1,6533.0,3173.0,L3,0,0.08922917630648156,1,bisquare,7265,1.0,negbinomial,0.28773770824297945,True
AACTTTCTCGATCATG-1,11691.0,5221.0,L3,0,0.07439265359307855,1,bisquare,7265,1.0,negbinomial,0.28773770824297945,True
AAGAAATCACCAGATT-1,11829.0,4982.0,L3,0,0.09600663220497338,1,bisquare,7265,1.0,negbinomial,0.28773770824297945,True
AAGAAGGATCAGTTAG-1,4879.0,4127.0,L3,0,0.2710508685697919,1,bisquare,7265,1.0,negbinomial,0.28773770824297945,True
AAGACCCAACTGAACA-1,6862.0,9761.0,WM,4,0.4477167594157057,1,bisquare,7265,1.0,negbinomial,0.28773770824297945,True
AAGACTGCAAGCTACT-1,7832.0,6889.0,L3,0,0.5621633153319512,1,bisquare,7265,1.0,negbinomial,0.28773770824297945,True
AAGAGATGAATCGGTA-1,5013.0,5804.0,L3,0,0.34401348545555455,1,bisquare,7265,1.0,negbinomial,0.28773770824297945,True
AAGAGCTCTTTATCGG-1,8452.0,6770.0,L3,0,0.2180949465800488,1,bisquare,7265,1.0,negbinomial,0.28773770824297945,True
AAGAGGATGTACGCGA-1,5147.0,7241.0,L4,1,0.22894414322825837,1,bisquare,7265,1.0,negbinomial,0.28773770824297945,True
AAGAGGCATGGATCGC-1,8658.0,6891.0,L3,0,0.3392763094751298,1,bisquare,7265,1.0,negbinomial,0.28773770824297945,True
AAGAGGCCCTTTGGAA-1,10648.0,9650.0,L5,2,0.3672117512802574,1,bisquare,7265,1.0,negbinomial,0.28773770824297945,True
AAGATGGCACCGGACC-1,5829.0,9638.0,WM,4,0.5810928543567808,1,bisquare,7265,1.0,negbinomial,0.28773770824297945,True
AAGATTGGCGGAACGT-1,9349.0,5695.0,L3,0,0.39979535160649216,1,bisquare,7265,1.0,negbinomial,0.28773770824297945,True
AAGCACCCTGCGTATC-1,8170.0,9644.0,L6,3,0.2983991835812674,1,bisquare,7265,1.0,negbinomial,0.28773770824297945,True
AAGCATACTCTCCTGA-1,7896.0,8925.0,L6,3,0.2689968160929067,1,bisquare,7265,1.0,negbinomial,0.28773770824297945,True
AAGCCGAAGCGGTTTA-1,10513.0,8452.0,L3,0,0.5478688185651425,1,bisquare,7265,1.0,negbinomial,0.28773770824297945,True
AAGCCGCCGTGAAATC-1,4726.0,10354.0,L6,3,0.21617604602575052,1,bisquare,7265,1.0,negbinomial,0.28773770824297945,True
AAGCCGCTTTACCTTG-1,11760.0,4862.0,L3,0,0.0666036221156663,1,bisquare,7265,1.0,negbinomial,0.28773770824297945,True
AAGCGGCGTCATGGGT-1,9836.0,3660.0,L3,0,0.2255401650942073,1,bisquare,7265,1.0,negbinomial,0.28773770824297945,True
AAGCGTCCCTCATCGA-1,5555.0,9398.0,L6,3,0.27344362304127157,1,bisquare,7265,1.0,negbinomial,0.28773770824297945,True
AAGCTAGATCGAGTAA-1,7828.0,8565.0,L5,2,0.306399662033661,1,bisquare,7265,1.0,negbinomial,0.28773770824297945,True
AAGCTCGTGCCAAGTC-1,8177.0,6770.0,L3,0,0.22264326130219664,1,bisquare,7265,1.0,negbinomial,0.28773770824297945,True
AAGCTCTTTCATGGTG-1,8721.0,9406.0,L6,3,0.32885980476741034,1,bisquare,7265,1.0,negbinomial,0.28773770824297945,True
AAGGAGAACTTATAAG-1,7085.0,2935.0,L3,0,0.4590415167640165,1,bisquare,7265,1.0,negbinomial,0.28773770824297945,True
AAGGAGCGGTTGGTGC-1,6458.0,5927.0,L3,0,0.4047800004524658,1,bisquare,7265,1.0,negbinomial,0.28773770824297945,True
AAGGATCGATCGCTTG-1,10653.0,7255.0,L3,0,0.4045247842907843,1,bisquare,7265,1.0,negbinomial,0.28773770824297945,True
AAGGATGAGGGACCTC-1,9143.0,5814.0,L3,0,0.24339556849346386,1,bisquare,7265,1.0,negbinomial,0.28773770824297945,True
AAGGCAGGCTGTCTCC-1,11272.0,7615.0,L3,0,0.44392754102745974,1,bisquare,7265,1.0,negbinomial,0.28773770824297945,True
AAGGCGCGTAAAGCTT-1,5771.0,5446.0,L3,0,0.24111118051836203,1,bisquare,7265,1.0,negbinomial,0.28773770824297945,True
AAGGCTGTGCTCATCG-1,6320.0,6166.0,L3,0,0.25779259711465036,1,bisquare,7265,1.0,negbinomial,0.28773770824297945,True
AAGGGAACGACTGGCT-1,4589.0,10114.0,L6,3,0.22007732802907795,1,bisquare,7265,1.0,negbinomial,0.28773770824297945,True
AAGGGACAGATTCTGT-1,9487.0,5695.0,L3,0,0.2893580006839067,1,bisquare,7265,1.0,negbinomial,0.28773770824297945,True
AAGGGACTATGCATTC-1,4934.0,9756.0,L6,3,0.4299190887875484,1,bisquare,7265,1.0,negbinomial,0.28773770824297945,True
AAGGTATCCTAATATA-1,8730.0,5573.0,L3,0,0.4714114133199843,1,bisquare,7265,1.0,negbinomial,0.28773770824297945,True
AAGGTGATAAACCAGC-1,9482.0,7851.0,L3,0,0.5198206196720393,1,bisquare,7265,1.0,negbinomial,0.28773770824297945,True
AAGTAGAAGACCGGGT-1,6392.0,4849.0,L3,0,0.24343000894369982,1,bisquare,7265,1.0,negbinomial,0.28773770824297945,True
AAGTAGTGACGCGAGG-1,5286.0,6523.0,L3,0,0.28252736292758734,1,bisquare,7265,1.0,negbinomial,0.28773770824297945,True
AAGTCAATTGTCGTCA-1,10101.0,7972.0,L3,0,0.571935549561234,1,bisquare,7265,1.0,negbinomial,0.28773770824297945,True
AAGTCTAGTAGCTGCC-1,11760.0,5102.0,L3,0,0.06459598777946995,1,bisquare,7265,1.0,negbinomial,0.28773770824297945,True
AAGTGACGACCGAATT-1,4871.0,7480.0,L5,2,0.24346692384803575,1,bisquare,7265,1.0,negbinomial,0.28773770824297945,True
AAGTGAGTCGGGTTTA-1,6448.0,9999.0,WM,4,0.1710897372667134,1,bisquare,7265,1.0,negbinomial,0.28773770824297945,True
AAGTGCAAAGGTAGAC-1,3842.0,5921.0,L3,0,0.22434186634038777,1,bisquare,7265,1.0,negbinomial,0.28773770824297945,True
AAGTGCCTTGACTGTA-1,10308.0,7853.0,L3,0,0.5538745065610885,1,bisquare,7265,1.0,negbinomial,0.28773770824297945,True
AAGTGCGTTAGAATCT-1,5006.0,8439.0,L5,2,0.21300892766838156,1,bisquare,7265,1.0,negbinomial,0.28773770824297945,True
AAGTGTTTGGAGACGG-1,8653.0,8807.0,L5,2,0.27239156685890986,1,bisquare,7265,1.0,negbinomial,0.28773770824297945,True
AAGTTCACTCCAAGCT-1,8996.0,9406.0,L5,2,0.2532603322512845,1,bisquare,7265,1.0,negbinomial,0.28773770824297945,True
AAGTTCAGTCTGCGTA-1,10315.0,4739.0,L3,0,0.277681938329787,1,bisquare,7265,1.0,negbinomial,0.28773770824297945,True
AAGTTCGGCCAACAGG-1,5489.0,8081.0,L5,2,0.22199723015859654,1,bisquare,7265,1.0,negbinomial,0.28773770824297945,True
AAGTTTACTAATGGCA-1,7359.0,3175.0,L3,0,0.13618176420405695,1,bisquare,7265,1.0,negbinomial,0.28773770824297945,True
AATAACAACGCTCGGC-1,5217.0,6882.0,L3,0,0.4949504676055835,1,bisquare,7265,1.0,negbinomial,0.28773770824297945,True
AATAACACTAGAACAA-1,5763.0,8800.0,L6,3,0.2376139274789577,1,bisquare,7265,1.0,negbinomial,0.28773770824297945,True
AATAAGTCCTCGAGAC-1,8048.0,3176.0,L3,0,0.15004158563864345,1,bisquare,7265,1.0,negbinomial,0.28773770824297945,True
AATAATCTTCGTATCG-1,11544.0,8814.0,L3,0,0.3382308738033153,1,bisquare,7265,1.0,negbinomial,0.28773770824297945,True
AATACAATGTTTCAGG-1,4463.0,5324.0,L3,0,0.2718848620854346,1,bisquare,7265,1.0,negbinomial,0.28773770824297945,True
AATAGAACAGAGTGGC-1,6313.0,8801.0,L6,3,0.27880306118099707,1,bisquare,7265,1.0,negbinomial,0.28773770824297945,True
AATAGAATCTGTTTCA-1,9068.0,8329.0,L5,2,0.21838355627836348,1,bisquare,7265,1.0,negbinomial,0.28773770824297945,True
AATAGCTACCGCGTGC-1,10797.0,4860.0,L3,0,0.3132703380522021,1,bisquare,7265,1.0,negbinomial,0.28773770824297945,True
AATAGTCCGTCCCGAC-1,7069.0,9402.0,L6,3,0.19314605028154466,1,bisquare,7265,1.0,negbinomial,0.28773770824297945,True
AATAGTCGCGAGTCGG-1,3637.0,5561.0,L3,0,0.10157425071508877,1,bisquare,7265,1.0,negbinomial,0.28773770824297945,True
AATATCAAGGTCGGAT-1,6051.0,3531.0,L3,0,0.24611027245886063,1,bisquare,7265,1.0,negbinomial,0.28773770824297945,True
AATATCGAATCAATGC-1,10650.0,8452.0,L3,0,0.391913646637755,1,bisquare,7265,1.0,negbinomial,0.28773770824297945,True
AATATCGAGGGTTCTC-1,10106.0,5816.0,L3,0,0.11248063483146584,1,bisquare,7265,1.0,negbinomial,0.28773770824297945,True
AATATTGGAGTATTGA-1,4666.0,6881.0,L3,0,0.5588103631514865,1,bisquare,7265,1.0,negbinomial,0.28773770824297945,True
AATCATGTAAAGACTC-1,9892.0,9049.0,L5,2,0.31559875226646367,1,bisquare,7265,1.0,negbinomial,0.28773770824297945,True
AATCCAAGGGCCTGAG-1,6393.0,4131.0,L3,0,0.3157346473504522,1,bisquare,7265,1.0,negbinomial,0.28773770824297945,True
AATCCATGCAAGGGTG-1,4949.0,3528.0,L3,0,0.13103991840157433,1,bisquare,7265,1.0,negbinomial,0.28773770824297945,True
AATCGCCTCAGCGCCA-1,8588.0,7250.0,L3,0,0.45624807969816367,1,bisquare,7265,1.0,negbinomial,0.28773770824297945,True
AATCGCGCAGAGGACT-1,10997.0,7615.0,L3,0,0.4603156015195357,1,bisquare,7265,1.0,negbinomial,0.28773770824297945,True
AATCGGGACACTACGA-1,7290.0,3534.0,L3,0,0.20672324722647514,1,bisquare,7265,1.0,negbinomial,0.28773770824297945,True
AATCTAGGTTTACTTG-1,4248.0,8796.0,L5,2,0.22203915920294873,1,bisquare,7265,1.0,negbinomial,0.28773770824297945,True
AATCTATGCCGGAGCC-1,10726.0,5698.0,L3,0,0.1470793448072844,1,bisquare,7265,1.0,negbinomial,0.28773770824297945,True
AATCTCTACTGTGGTT-1,3839.0,7118.0,L3,0,0.2495211423543538,1,bisquare,7265,1.0,negbinomial,0.28773770824297945,True
AATCTGCGTTGGGACG-1,9485.0,6413.0,L3,0,0.22452924464147164,1,bisquare,7265,1.0,negbinomial,0.28773770824297945,True
AATCTGGCTTTCTAGT-1,4180.0,8676.0,L5,2,0.32052809474003824,1,bisquare,7265,1.0,negbinomial,0.28773770824297945,True
AATCTGGGTAGACCCT-1,9631.0,3060.0,L3,0,0.36170467390539607,1,bisquare,7265,1.0,negbinomial,0.28773770824297945,True
AATGACAGCAATGTCT-1,5213.0,8319.0,L5,2,0.3035179510884087,1,bisquare,7265,1.0,negbinomial,0.28773770824297945,True
AATGACGTAGGATGTC-1,8518.0,7848.0,L4,1,0.3045248504275421,1,bisquare,7265,1.0,negbinomial,0.28773770824297945,True
AATGACTGTCAGCCGG-1,6390.0,5328.0,L3,0,0.21801571582044163,1,bisquare,7265,1.0,negbinomial,0.28773770824297945,True
AATGAGTTCGCATATG-1,4603.0,4366.0,L3,0,0.16616758000143178,1,bisquare,7265,1.0,negbinomial,0.28773770824297945,True
AATGATGATACGCTAT-1,9557.0,5336.0,L3,0,0.3432976709164098,1,bisquare,7265,1.0,negbinomial,0.28773770824297945,True
AATGATGCGACTCCTG-1,10107.0,5577.0,L3,0,0.13184822881976196,1,bisquare,7265,1.0,negbinomial,0.28773770824297945,True
AATGCAACCGGGTACC-1,7216.0,5570.0,L3,0,0.40885084909561953,1,bisquare,7265,1.0,negbinomial,0.28773770824297945,True
AATGCACCAAGCAATG-1,9833.0,4857.0,L3,0,0.49578424271910615,1,bisquare,7265,1.0,negbinomial,0.28773770824297945,True
AATGGTCCACCGTTCA-1,4255.0,6161.0,L3,0,0.21933058652845575,1,bisquare,7265,1.0,negbinomial,0.28773770824297945,True
AATGGTTCTCACAAGC-1,5566.0,4847.0,L3,0,0.25151473206472735,1,bisquare,7265,1.0,negbinomial,0.28773770824297945,True
AATGTGCCCGAGGTGT-1,5005.0,9157.0,L6,3,0.3579072782304416,1,bisquare,7265,1.0,negbinomial,0.28773770824297945,True
AATGTGCTAATCTGAG-1,5346.0,10475.0,WM,4,0.25764167214711,1,bisquare,7265,1.0,negbinomial,0.28773770824297945,True
AATTAAAGGTCGGCGT-1,6592.0,7365.0,L4,1,0.25718082035901274,1,bisquare,7265,1.0,negbinomial,0.28773770824297945,True
AATTAACGGATTTCCA-1,7688.0,9523.0,WM,4,0.5656615382350136,1,bisquare,7265,1.0,negbinomial,0.28773770824297945,True
AATTAGCGCTGCAGCG-1,7484.0,8684.0,L5,2,0.350532368099794,1,bisquare,7265,1.0,negbinomial,0.28773770824297945,True
AATTCATAAGGGATCT-1,9419.0,5335.0,L3,0,0.3388540992166937,1,bisquare,7265,1.0,negbinomial,0.28773770824297945,True
AATTCATTGTCATGCA-1,3763.0,10112.0,L6,3,0.31655408481332103,1,bisquare,7265,1.0,negbinomial,0.28773770824297945,True
AATTCCAAGCATGTAC-1,7135.0,10480.0,WM,4,0.11793900986770217,1,bisquare,7265,1.0,negbinomial,0.28773770824297945,True
AATTCTAGAGTTAGGC-1,7484.0,8445.0,L5,2,0.3129112331279696,1,bisquare,7265,1.0,negbinomial,0.28773770824297945,True
AATTGAACGCTCTGGT-1,8862.0,7969.0,L4,1,0.2751251273334559,1,bisquare,7265,1.0,negbinomial,0.28773770824297945,True
AATTTGGGACATAGTA-1,9422.0,4138.0,L3,0,0.25103461266146265,1,bisquare,7265,1.0,negbinomial,0.28773770824297945,True
AATTTGGTTCCAAAGA-1,7771.0,3894.0,L3,0,0.3879462868328941,1,bisquare,7265,1.0,negbinomial,0.28773770824297945,True
ACAAACCATGCGTCCT-1,4245.0,10233.0,L6,3,0.24988639694663234,1,bisquare,7265,1.0,negbinomial,0.28773770824297945,True
ACAAAGCATGACCTAG-1,9820.0,10127.0,L6,3,0.31741891376828923,1,bisquare,7265,1.0,negbinomial,0.28773770824297945,True
ACAAATCGCACCGAAT-1,8792.0,8568.0,L5,2,0.44294618208136194,1,bisquare,7265,1.0,negbinomial,0.28773770824297945,True
ACAAATGGTAGTGTTT-1,8931.0,7849.0,L4,1,0.25873232088609827,1,bisquare,7265,1.0,negbinomial,0.28773770824297945,True
ACAAATTCAGATCTGA-1,10250.0,3421.0,L3,0,0.5500622485275659,1,bisquare,7265,1.0,negbinomial,0.28773770824297945,True
ACAACAGCATGAGCTA-1,8109.0,6410.0,L3,0,0.3634528608277853,1,bisquare,7265,1.0,negbinomial,0.28773770824297945,True
ACAACGGTCCCTGCGA-1,5221.0,5206.0,L3,0,0.21470852559793682,1,bisquare,7265,1.0,negbinomial,0.28773770824297945,True
ACAAGCAGTGCCTAGC-1,4943.0,6163.0,L3,0,0.43539350822604606,1,bisquare,7265,1.0,negbinomial,0.28773770824297945,True
ACAAGCTATATGGAAG-1,3220.0,6997.0,L3,0,0.3190885741846664,1,bisquare,7265,1.0,negbinomial,0.28773770824297945,True
ACAAGGAAATCCGCCC-1,8310.0,8447.0,L5,2,0.3410804678315176,1,bisquare,7265,1.0,negbinomial,0.28773770824297945,True
ACAAGGACAAGAGGTT-1,5700.0,6045.0,L3,0,0.19053062498956638,1,bisquare,7265,1.0,negbinomial,0.28773770824297945,True
ACAAGGATGCTTTAGG-1,9133.0,9886.0,L6,3,0.37108545598750947,1,bisquare,7265,1.0,negbinomial,0.28773770824297945,True
ACAAGGCCTACCAGCC-1,10457.0,3062.0,L3,0,0.43413123367924883,1,bisquare,7265,1.0,negbinomial,0.28773770824297945,True
ACAAGGGCAGGCTCTG-1,8380.0,7848.0,L4,1,0.311520340744804,1,bisquare,7265,1.0,negbinomial,0.28773770824297945,True
ACAATAGTCGTACGTT-1,4527.0,7599.0,L4,1,0.31968541106387177,1,bisquare,7265,1.0,negbinomial,0.28773770824297945,True
ACAATCCATTTAAACC-1,5354.0,6883.0,L3,0,0.5785570676681723,1,bisquare,7265,1.0,negbinomial,0.28773770824297945,True
ACAATCGATCTTTATA-1,7429.0,2816.0,L3,0,0.3289971776189838,1,bisquare,7265,1.0,negbinomial,0.28773770824297945,True
ACAATGAATACGGAGA-1,5279.0,9397.0,L6,3,0.3848657661705455,1,bisquare,7265,1.0,negbinomial,0.28773770824297945,True
ACAATTGTGTCTCTTT-1,9824.0,8690.0,L5,2,0.5197379515472532,1,bisquare,7265,1.0,negbinomial,0.28773770824297945,True
ACAATTTAGGAGGCTC-1,3773.0,6280.0,L3,0,0.26704088695775574,1,bisquare,7265,1.0,negbinomial,0.28773770824297945,True
ACAATTTGAGCAGTGG-1,8798.0,5933.0,L3,0,0.18446341145533965,1,bisquare,7265,1.0,negbinomial,0.28773770824297945,True
ACAATTTGGCCATATT-1,11616.0,7736.0,L3,0,0.21476142273886484,1,bisquare,7265,1.0,negbinomial,0.28773770824297945,True
ACACAAAGACGGGTGG-1,7010.0,5449.0,L3,0,0.35581905089118765,1,bisquare,7265,1.0,negbinomial,0.28773770824297945,True
ACACACCAGGACCAGT-1,9344.0,7850.0,L3,0,0.5774711326934383,1,bisquare,7265,1.0,negbinomial,0.28773770824297945,True
ACACACTTTCTACACG-1,7563.0,4253.0,L3,0,0.2335363646065868,1,bisquare,7265,1.0,negbinomial,0.28773770824297945,True
ACACATGATCAAATCT-1,4246.0,9754.0,L6,3,0.3173897375339224,1,bisquare,7265,1.0,negbinomial,0.28773770824297945,True
ACACCACATAATTAGC-1,11206.0,6298.0,L3,0,0.13087803308367799,1,bisquare,7265,1.0,negbinomial,0.28773770824297945,True
ACACCCAGCATGCAGC-1,6597.0,5448.0,L3,0,0.4323252027875856,1,bisquare,7265,1.0,negbinomial,0.28773770824297945,True
ACACCCGAGAAATCCG-1,5841.0,4848.0,L3,0,0.28665066482658014,1,bisquare,7265,1.0,negbinomial,0.28773770824297945,True
ACACCGGTCTGACCGC-1,4314.0,10353.0,L6,3,0.20085502696989518,1,bisquare,7265,1.0,negbinomial,0.28773770824297945,True
ACACCTTAAGTAGGGC-1,6115.0,5567.0,L3,0,0.235776184972057,1,bisquare,7265,1.0,negbinomial,0.28773770824297945,True
ACACCTTACTACTTGC-1,10790.0,7494.0,L3,0,0.3511331206830554,1,bisquare,7265,1.0,negbinomial,0.28773770824297945,True
ACACGAGACTCCTTCT-1,8040.0,6290.0,L3,0,0.2769617425275239,1,bisquare,7265,1.0,negbinomial,0.28773770824297945,True
ACACGGCACTATGCAT-1,8047.0,3416.0,L3,0,0.22242259065665193,1,bisquare,7265,1.0,negbinomial,0.28773770824297945,True
ACACGGGAACTTAGGG-1,8041.0,5811.0,L3,0,0.43881878879638286,1,bisquare,7265,1.0,negbinomial,0.28773770824297945,True
ACACGTAGGCCACAAG-1,10717.0,9530.0,L5,2,0.40490687532626096,1,bisquare,7265,1.0,negbinomial,0.28773770824297945,True
ACACTCCAATGTCACT-1,4327.0,4605.0,L3,0,0.12993319778957846,1,bisquare,7265,1.0,negbinomial,0.28773770824297945,True
ACACTGATCAAGGTGT-1,6451.0,8801.0,L6,3,0.21193653342820146,1,bisquare,7265,1.0,negbinomial,0.28773770824297945,True
ACACTGGGACAGTCGT-1,11060.0,9651.0,L5,2,0.3252987448104624,1,bisquare,7265,1.0,negbinomial,0.28773770824297945,True
ACAGAACTGAGAACAA-1,4799.0,8797.0,L5,2,0.2429750689228977,1,bisquare,7265,1.0,negbinomial,0.28773770824297945,True
ACAGATTAGGTTAGTG-1,7083.0,3414.0,L3,0,0.29137255875134593,1,bisquare,7265,1.0,negbinomial,0.28773770824297945,True
ACAGCATAGAGCCAGT-1,7151.0,3773.0,L3,0,0.1870258024687721,1,bisquare,7265,1.0,negbinomial,0.28773770824297945,True
ACAGCGACATTCTCAT-1,9959.0,9648.0,L5,2,0.31462542647865865,1,bisquare,7265,1.0,negbinomial,0.28773770824297945,True
ACAGCGCACCCGCAGC-1,8666.0,3777.0,L3,0,0.21057205805722168,1,bisquare,7265,1.0,negbinomial,0.28773770824297945,True
ACAGGCTTGCCCGACT-1,9135.0,8928.0,L5,2,0.32808661539924605,1,bisquare,7265,1.0,negbinomial,0.28773770824297945,True
ACAGGTGGAGGTGAGG-1,5832.0,8680.0,L5,2,0.4169694714636381,1,bisquare,7265,1.0,negbinomial,0.28773770824297945,True
ACAGGTGTGTTGTTGC-1,3151.0,7117.0,L3,0,0.1772284334079765,1,bisquare,7265,1.0,negbinomial,0.28773770824297945,True
ACAGTAATACAACTTG-1,4113.0,8077.0,L5,2,0.1716299813506122,1,bisquare,7265,1.0,negbinomial,0.28773770824297945,True
ACAGTATACCGTGGGA-1,11347.0,4861.0,L3,0,0.26719928099716955,1,bisquare,7265,1.0,negbinomial,0.28773770824297945,True
ACATAAGTCGTGGTGA-1,3765.0,9633.0,L6,3,0.26211198603882163,1,bisquare,7265,1.0,negbinomial,0.28773770824297945,True
ACATAATAAGGCGGTG-1,7492.0,5091.0,L3,0,0.26449222803694816,1,bisquare,7265,1.0,negbinomial,0.28773770824297945,True
ACATCAGCTGGGACGC-1,3979.0,6400.0,L3,0,0.34755520974983145,1,bisquare,7265,1.0,negbinomial,0.28773770824297945,True
ACATCCCGGCCATACG-1,7070.0,9162.0,L6,3,0.38634585671838706,1,bisquare,7265,1.0,negbinomial,0.28773770824297945,True
ACATCCTGGTAACTGT-1,10171.0,7613.0,L3,0,0.3506255340038686,1,bisquare,7265,1.0,negbinomial,0.28773770824297945,True
ACATCGATCGTTTACC-1,7417.0,7606.0,L4,1,0.28385387431781683,1,bisquare,7265,1.0,negbinomial,0.28773770824297945,True
ACATCGGTCAGCCGCG-1,5697.0,7482.0,L5,2,0.1466773835121075,1,bisquare,7265,1.0,negbinomial,0.28773770824297945,True
ACATCGTATGCAATGG-1,8724.0,7969.0,L4,1,0.5060519105253997,1,bisquare,7265,1.0,negbinomial,0.28773770824297945,True
ACATCGTTAACCTAGT-1,8322.0,3656.0,L3,0,0.3155516921238436,1,bisquare,7265,1.0,negbinomial,0.28773770824297945,True
ACATCTCAACGCGTAA-1,8254.0,3057.0,L3,0,0.19663538199621738,1,bisquare,7265,1.0,negbinomial,0.28773770824297945,True
ACATGGCGCCAAAGTA-1,10309.0,7374.0,L3,0,0.5402878757204475,1,bisquare,7265,1.0,negbinomial,0.28773770824297945,True
ACATTAGTTTATATCC-1,7346.0,8684.0,L6,3,0.37755467696235434,1,bisquare,7265,1.0,negbinomial,0.28773770824297945,True
ACCAAACTAGAAATCC-1,7773.0,2936.0,L3,0,0.4028409949253166,1,bisquare,7265,1.0,negbinomial,0.28773770824297945,True
ACCAACACCACACACT-1,10728.0,4979.0,L3,0,0.18619460806084948,1,bisquare,7265,1.0,negbinomial,0.28773770824297945,True
ACCAACGCTTATTTAT-1,6520.0,8921.0,L6,3,0.30142046770415165,1,bisquare,7265,1.0,negbinomial,0.28773770824297945,True
ACCAAGAACGCGTGTC-1,6530.0,4610.0,L3,0,0.2475748744714413,1,bisquare,7265,1.0,negbinomial,0.28773770824297945,True
ACCAATATGCAAGTTA-1,8515.0,9285.0,L6,3,0.3353340090385261,1,bisquare,7265,1.0,negbinomial,0.28773770824297945,True
ACCACAACTCAGAACA-1,8735.0,3418.0,L3,0,0.4663783191839752,1,bisquare,7265,1.0,negbinomial,0.28773770824297945,True
ACCACAAGTTTCTATC-1,6870.0,6168.0,L3,0,0.40692401075889423,1,bisquare,7265,1.0,negbinomial,0.28773770824297945,True
ACCACCAATGTAACAA-1,10515.0,7494.0,L3,0,0.4452912022941895,1,bisquare,7265,1.0,negbinomial,0.28773770824297945,True
ACCACCCTCTCTTCTA-1,11484.0,5340.0,L3,0,0.12932074698119853,1,bisquare,7265,1.0,negbinomial,0.28773770824297945,True
ACCACGTGCAGCTATA-1,8379.0,8327.0,L5,2,0.19809896092104073,1,bisquare,7265,1.0,negbinomial,0.28773770824297945,True
ACCAGACCATAACAAC-1,3427.0,7117.0,L3,0,0.3429947131888578,1,bisquare,7265,1.0,negbinomial,0.28773770824297945,True
ACCAGCCCGGTCTTTG-1,8117.0,3057.0,L3,0,0.1480771185501759,1,bisquare,7265,1.0,negbinomial,0.28773770824297945,True
ACCAGTGCCCGGTCAA-1,10249.0,3661.0,L3,0,0.4332907862111287,1,bisquare,7265,1.0,negbinomial,0.28773770824297945,True
ACCAGTGCGGGAGACG-1,9618.0,8330.0,L4,1,0.5141775628984561,1,bisquare,7265,1.0,negbinomial,0.28773770824297945,True
ACCATATCCGCAATAA-1,7006.0,7126.0,L4,1,0.29872543605199464,1,bisquare,7265,1.0,negbinomial,0.28773770824297945,True
ACCATCCGCCAACTAG-1,3975.0,7837.0,L4,1,0.14134230935794848,1,bisquare,7265,1.0,negbinomial,0.28773770824297945,True
ACCATCGTATATGGTA-1,6041.0,7603.0,L5,2,0.24058153286719164,1,bisquare,7265,1.0,negbinomial,0.28773770824297945,True
ACCCAACGCCCGTGGC-1,9073.0,6173.0,L3,0,0.30898371812237824,1,bisquare,7265,1.0,negbinomial,0.28773770824297945,True
ACCCACCTACATGCTC-1,4876.0,5564.0,L3,0,0.18735770968090593,1,bisquare,7265,1.0,negbinomial,0.28773770824297945,True
ACCCATCTTGAGGGTA-1,5698.0,7003.0,L4,1,0.20029548645344816,1,bisquare,7265,1.0,negbinomial,0.28773770824297945,True
ACCCATTTGTCCCTCT-1,10028.0,9768.0,L5,2,0.26850864367016747,1,bisquare,7265,1.0,negbinomial,0.28773770824297945,True
ACCCGAGCGAAATTAC-1,5141.0,9876.0,L6,3,0.3707789664644165,1,bisquare,7265,1.0,negbinomial,0.28773770824297945,True
ACCCGGAAACTCCCAG-1,7620.0,9403.0,L6,3,0.30120974827243835,1,bisquare,7265,1.0,negbinomial,0.28773770824297945,True
ACCCGGATGACGCATC-1,10034.0,7133.0,L3,0,0.3585057403445484,1,bisquare,7265,1.0,negbinomial,0.28773770824297945,True
ACCCGGTTACACTTCC-1,6454.0,7604.0,L5,2,0.30082964374852894,1,bisquare,7265,1.0,negbinomial,0.28773770824297945,True
ACCCGTGTCATCAGTA-1,6862.0,9521.0,WM,4,0.5279337914473299,1,bisquare,7265,1.0,negbinomial,0.28773770824297945,True
ACCCTATAGGACTGAG-1,4535.0,4006.0,L3,0,0.1007235905993589,1,bisquare,7265,1.0,negbinomial,0.28773770824297945,True
ACCCTATGCCATATCG-1,5899.0,9279.0,L6,3,0.2901342871931989,1,bisquare,7265,1.0,negbinomial,0.28773770824297945,True
ACCCTCCCTTGCTATT-1,8930.0,8328.0,L5,2,0.24311554265111443,1,bisquare,7265,1.0,negbinomial,0.28773770824297945,True
ACCCTGGTAACGCCCT-1,11071.0,5100.0,L3,0,0.23561798109272647,1,bisquare,7265,1.0,negbinomial,0.28773770824297945,True
ACCCTTCATCTGCGAA-1,7632.0,4133.0,L3,0,0.3008358517965216,1,bisquare,7265,1.0,negbinomial,0.28773770824297945,True
ACCCTTGCCTGGGTCG-1,11830.0,4503.0,L3,0,0.05107056812209899,1,bisquare,7265,1.0,negbinomial,0.28773770824297945,True
ACCCTTTAGTTCTCCA-1,8667.0,3298.0,L3,0,0.3946112140519884,1,bisquare,7265,1.0,negbinomial,0.28773770824297945,True
ACCGAAAGGGCCCTGC-1,6808.0,3652.0,L3,0,0.19230964167516484,1,bisquare,7265,1.0,negbinomial,0.28773770824297945,True
ACCGAAGAGTCTGGTT-1,3903.0,9394.0,L5,2,0.25024520074847706,1,bisquare,7265,1.0,negbinomial,0.28773770824297945,True
ACCGACACATCTCCCA-1,7756.0,9882.0,WM,4,0.3668799699831896,1,bisquare,7265,1.0,negbinomial,0.28773770824297945,True
ACCGACTGAGTCCCAC-1,7697.0,5930.0,L3,0,0.37806184096202716,1,bisquare,7265,1.0,negbinomial,0.28773770824297945,True
ACCGATATTTAATCAT-1,11406.0,9053.0,L4,1,0.30387844896283384,1,bisquare,7265,1.0,negbinomial,0.28773770824297945,True
ACCGATGGTAGCATCG-1,9484.0,6893.0,L3,0,0.29642200432121774,1,bisquare,7265,1.0,negbinomial,0.28773770824297945,True
ACCGCAATAACTGCCT-1,8585.0,8687.0,L5,2,0.3049631823864669,1,bisquare,7265,1.0,negbinomial,0.28773770824297945,True
ACCGCGGTGGAAGTCG-1,10445.0,7853.0,L3,0,0.5588146816835808,1,bisquare,7265,1.0,negbinomial,0.28773770824297945,True
ACCGGGCCTTTGTTGA-1,9894.0,8091.0,L3,0,0.41805152051758976,1,bisquare,7265,1.0,negbinomial,0.28773770824297945,True
ACCGGTCAGGTACACC-1,4178.0,9634.0,L6,3,0.2967861565951758,1,bisquare,7265,1.0,negbinomial,0.28773770824297945,True
ACCGGTCTGAGTACGG-1,10044.0,3061.0,L3,0,0.3461943596648,1,bisquare,7265,1.0,negbinomial,0.28773770824297945,True
ACCGTGACCACGTGGG-1,5829.0,9878.0,WM,4,0.24673703376595804,1,bisquare,7265,1.0,negbinomial,0.28773770824297945,True
ACCGTTCCCGCTCTGA-1,7635.0,3175.0,L3,0,0.14466839837024412,1,bisquare,7265,1.0,negbinomial,0.28773770824297945,True
ACCTAAGTACCTTTCA-1,5213.0,8559.0,L5,2,0.33151997278293016,1,bisquare,7265,1.0,negbinomial,0.28773770824297945,True
ACCTAATCGACTTCCT-1,5218.0,6403.0,L3,0,0.2701587186430986,1,bisquare,7265,1.0,negbinomial,0.28773770824297945,True
ACCTACAGTATGTGGT-1,10928.0,7495.0,L3,0,0.29880687249402127,1,bisquare,7265,1.0,negbinomial,0.28773770824297945,True
ACCTCCGCCCTCGCTG-1,10511.0,9170.0,L5,2,0.23152304739922944,1,bisquare,7265,1.0,negbinomial,0.28773770824297945,True
ACCTCCGTTATTCACC-1,10861.0,6656.0,L3,0,0.2764400845191333,1,bisquare,7265,1.0,negbinomial,0.28773770824297945,True
ACCTCGAACTTATGCT-1,4176.0,10353.0,L6,3,0.171161661586026,1,bisquare,7265,1.0,negbinomial,0.28773770824297945,True
ACCTGCGTGTCATGTT-1,4388.0,8078.0,L5,2,0.21731959000867362,1,bisquare,7265,1.0,negbinomial,0.28773770824297945,True
ACGAAATGGGCGGCAC-1,4805.0,6402.0,L3,0,0.5225172178013174,1,bisquare,7265,1.0,negbinomial,0.28773770824297945,True
ACGACTGGTCATACTC-1,5484.0,10236.0,WM,4,0.358108242711541,1,bisquare,7265,1.0,negbinomial,0.28773770824297945,True
ACGAGAACCCATCACG-1,5500.0,3530.0,L3,0,0.11170658714778202,1,bisquare,7265,1.0,negbinomial,0.28773770824297945,True
ACGAGATATTTGCTTA-1,8735.0,3657.0,L3,0,0.2361556870976776,1,bisquare,7265,1.0,negbinomial,0.28773770824297945,True
ACGAGGATACCACTCT-1,4387.0,8557.0,L5,2,0.3152250605945656,1,bisquare,7265,1.0,negbinomial,0.28773770824297945,True
ACGAGGTTTACAACGT-1,4041.0,9394.0,L5,2,0.5362085398289792,1,bisquare,7265,1.0,negbinomial,0.28773770824297945,True
ACGAGTACGGATGCCC-1,10312.0,5936.0,L3,0,0.13453833618166222,1,bisquare,7265,1.0,negbinomial,0.28773770824297945,True
ACGATACATAGAACTA-1,8662.0,5214.0,L3,0,0.553139936415298,1,bisquare,7265,1.0,negbinomial,0.28773770824297945,True
ACGATCATACATAGAG-1,7491.0,5570.0,L3,0,0.2280706226426694,1,bisquare,7265,1.0,negbinomial,0.28773770824297945,True
ACGATCATCTTGTAAA-1,10172.0,6894.0,L3,0,0.49625843026215166,1,bisquare,7265,1.0,negbinomial,0.28773770824297945,True
ACGATGCATATGTTAT-1,6111.0,7004.0,L4,1,0.19037749320989528,1,bisquare,7265,1.0,negbinomial,0.28773770824297945,True
ACGATGGATCCGATGC-1,7977.0,3775.0,L3,0,0.1713762873835434,1,bisquare,7265,1.0,negbinomial,0.28773770824297945,True
ACGCAAACTAATAGAT-1,6379.0,10119.0,WM,4,0.26059722837645105,1,bisquare,7265,1.0,negbinomial,0.28773770824297945,True
ACGCAATCACTACAGC-1,10657.0,5578.0,L3,0,0.12658609346985808,1,bisquare,7265,1.0,negbinomial,0.28773770824297945,True
ACGCATACGTTTACTA-1,10167.0,9289.0,L5,2,0.20165415148003246,1,bisquare,7265,1.0,negbinomial,0.28773770824297945,True
ACGCATTCGTGAGTAC-1,7351.0,6528.0,L3,0,0.5249793266834192,1,bisquare,7265,1.0,negbinomial,0.28773770824297945,True
ACGCCAGATGATTTCT-1,8182.0,4614.0,L3,0,0.2091672619298469,1,bisquare,7265,1.0,negbinomial,0.28773770824297945,True
ACGCCCAGCTGTCGAT-1,8048.0,2937.0,L3,0,0.35819336515511413,1,bisquare,7265,1.0,negbinomial,0.28773770824297945,True
ACGCCGCTAGACGACC-1,8037.0,7727.0,L4,1,0.22997855508074988,1,bisquare,7265,1.0,negbinomial,0.28773770824297945,True
ACGCGAAGTCAGACGA-1,7209.0,8444.0,L5,2,0.30324901517862407,1,bisquare,7265,1.0,negbinomial,0.28773770824297945,True
ACGCGCTACACAGGGT-1,5284.0,7481.0,L5,2,0.2010232661670788,1,bisquare,7265,1.0,negbinomial,0.28773770824297945,True
ACGCGGGCCAAGGACA-1,7420.0,6648.0,L3,0,0.554092011902679,1,bisquare,7265,1.0,negbinomial,0.28773770824297945,True
ACGCGTTTCTTAAGAG-1,3498.0,6040.0,L3,0,0.10418580827793669,1,bisquare,7265,1.0,negbinomial,0.28773770824297945,True
ACGCTAGTGATACACT-1,10037.0,5936.0,L3,0,0.15088132311189104,1,bisquare,7265,1.0,negbinomial,0.28773770824297945,True
ACGCTGTGAGGCGTAG-1,4046.0,7239.0,L3,0,0.3473119353244049,1,bisquare,7265,1.0,negbinomial,0.28773770824297945,True
ACGGAATTTAGCAAAT-1,5016.0,4367.0,L3,0,0.22789162191152598,1,bisquare,7265,1.0,negbinomial,0.28773770824297945,True
ACGGACTCTCAAAGCG-1,8307.0,9884.0,WM,4,0.3624121619890985,1,bisquare,7265,1.0,negbinomial,0.28773770824297945,True
ACGGAGCGCAAATTAC-1,10591.0,4739.0,L3,0,0.4366782534229702,1,bisquare,7265,1.0,negbinomial,0.28773770824297945,True
ACGGATGGTGCGGATA-1,8583.0,9405.0,L6,3,0.36361764765524457,1,bisquare,7265,1.0,negbinomial,0.28773770824297945,True
ACGGCACTTGCTTGGG-1,7277.0,8803.0,L6,3,0.2243006424276195,1,bisquare,7265,1.0,negbinomial,0.28773770824297945,True
ACGGCCAACATGGACT-1,6932.0,8922.0,L6,3,0.24344218335429102,1,bisquare,7265,1.0,negbinomial,0.28773770824297945,True
ACGGCGACGATGGGAA-1,8448.0,8447.0,L5,2,0.2744811379669268,1,bisquare,7265,1.0,negbinomial,0.28773770824297945,True
ACGGCTGGATGTAGAA-1,3902.0,9873.0,L6,3,0.2880087537076843,1,bisquare,7265,1.0,negbinomial,0.28773770824297945,True
ACGGGAGTGTCGGCCC-1,4869.0,8199.0,L5,2,0.24369493746373705,1,bisquare,7265,1.0,negbinomial,0.28773770824297945,True
ACGGGCGTATGCGACA-1,11277.0,5460.0,L3,0,0.09779376524525855,1,bisquare,7265,1.0,negbinomial,0.28773770824297945,True
ACGTACAGATTTCTCT-1,7702.0,3774.0,L3,0,0.1903579565241435,1,bisquare,7265,1.0,negbinomial,0.28773770824297945,True
ACGTAGATTGCTGATG-1,7764.0,6529.0,L3,0,0.25305161800698994,1,bisquare,7265,1.0,negbinomial,0.28773770824297945,True
ACGTATTACTCCGATC-1,9827.0,7492.0,L3,0,0.33304025727712744,1,bisquare,7265,1.0,negbinomial,0.28773770824297945,True
ACGTGCGCCTCGTGCA-1,7493.0,4612.0,L3,0,0.1606030834828297,1,bisquare,7265,1.0,negbinomial,0.28773770824297945,True
ACGTTAATGTCGAAGA-1,7900.0,7488.0,L4,1,0.43402786539007404,1,bisquare,7265,1.0,negbinomial,0.28773770824297945,True
ACGTTAGATTTGCCCG-1,5835.0,7243.0,L4,1,0.24414373419922697,1,bisquare,7265,1.0,negbinomial,0.28773770824297945,True
ACGTTATTGGTCACTC-1,4051.0,4843.0,L3,0,0.17237919989226064,1,bisquare,7265,1.0,negbinomial,0.28773770824297945,True
ACGTTCCGCGCTCCGT-1,6877.0,3533.0,L3,0,0.29581801194662727,1,bisquare,7265,1.0,negbinomial,0.28773770824297945,True
ACGTTCGCAATCAATT-1,10930.0,6537.0,L3,0,0.1640609450501495,1,bisquare,7265,1.0,negbinomial,0.28773770824297945,True
ACGTTCGTTCAGGAAA-1,6173.0,9759.0,WM,4,0.4455725065246551,1,bisquare,7265,1.0,negbinomial,0.28773770824297945,True
ACGTTTAGTTGTGATC-1,7838.0,4254.0,L3,0,0.30668129474444433,1,bisquare,7265,1.0,negbinomial,0.28773770824297945,True
ACTAATACGTCAGGCG-1,9905.0,3540.0,L3,0,0.10572357351325605,1,bisquare,7265,1.0,negbinomial,0.28773770824297945,True
ACTACATCCCGACAAG-1,4314.0,10114.0,L6,3,0.15969171985965583,1,bisquare,7265,1.0,negbinomial,0.28773770824297945,True
ACTACCAGCTCTCTGG-1,5977.0,5567.0,L3,0,0.3128085620925416,1,bisquare,7265,1.0,negbinomial,0.28773770824297945,True
ACTACGCGTTAGAATT-1,6999.0,9761.0,WM,4,0.27970596422024885,1,bisquare,7265,1.0,negbinomial,0.28773770824297945,True
ACTAGTTGCGATCGTC-1,10306.0,8571.0,L4,1,0.23902998847289111,1,bisquare,7265,1.0,negbinomial,0.28773770824297945,True
ACTATCCAGGGCATGG-1,10585.0,7135.0,L3,0,0.5513961501704995,1,bisquare,7265,1.0,negbinomial,0.28773770824297945,True
ACTATCTGCCCGCGTA-1,10925.0,8932.0,L4,1,0.29315067776178666,1,bisquare,7265,1.0,negbinomial,0.28773770824297945,True
ACTATGTCCAGCTGCC-1,4658.0,10234.0,L6,3,0.2181283284865819,1,bisquare,7265,1.0,negbinomial,0.28773770824297945,True
ACTATTCGTCCGTGGT-1,8251.0,4255.0,L3,0,0.24200230307230314,1,bisquare,7265,1.0,negbinomial,0.28773770824297945,True
ACTATTTCCGGGCCCA-1,5967.0,9639.0,WM,4,0.5732392261504275,1,bisquare,7265,1.0,negbinomial,0.28773770824297945,True
ACTCAACGAATGTATT-1,5431.0,3410.0,L3,0,0.09972129615589333,1,bisquare,7265,1.0,negbinomial,0.28773770824297945,True
ACTCAAGTGCAAGGCT-1,9064.0,9766.0,L6,3,0.33633289848610276,1,bisquare,7265,1.0,negbinomial,0.28773770824297945,True
ACTCAATAAAGGCACG-1,7904.0,5571.0,L3,0,0.3703422894257989,1,bisquare,7265,1.0,negbinomial,0.28773770824297945,True
ACTCAGACCTGCTTCT-1,6119.0,3651.0,L3,0,0.2274063755935649,1,bisquare,7265,1.0,negbinomial,0.28773770824297945,True
ACTCCAATATCATCAT-1,5140.0,10116.0,WM,4,0.38856876919317207,1,bisquare,7265,1.0,negbinomial,0.28773770824297945,True
ACTCCCATTCCTAAAG-1,4319.0,8197.0,L5,2,0.18782128908529985,1,bisquare,7265,1.0,negbinomial,0.28773770824297945,True
ACTCCCGAATTCGTTT-1,10311.0,6415.0,L3,0,0.32872147653527106,1,bisquare,7265,1.0,negbinomial,0.28773770824297945,True
ACTCCCGTAGACTAGG-1,11622.0,5101.0,L3,0,0.05544341783158273,1,bisquare,7265,1.0,negbinomial,0.28773770824297945,True
ACTCCCTAATGCTAAA-1,7895.0,9404.0,L6,3,0.3749519296099801,1,bisquare,7265,1.0,negbinomial,0.28773770824297945,True
ACTCCCTAGAATAGTA-1,7966.0,8326.0,L5,2,0.2724369712376074,1,bisquare,7265,1.0,negbinomial,0.28773770824297945,True
ACTCGATGTATTTCAT-1,3845.0,4723.0,L3,0,0.1433815470906384,1,bisquare,7265,1.0,negbinomial,0.28773770824297945,True
ACTCGTAACCCGTCCT-1,4731.0,8438.0,L5,2,0.1547543885211578,1,bisquare,7265,1.0,negbinomial,0.28773770824297945,True
ACTCGTCAGTAATCCC-1,8520.0,6890.0,L3,0,0.19252731517160374,1,bisquare,7265,1.0,negbinomial,0.28773770824297945,True
ACTCTAAACCTGGGAT-1,3223.0,5800.0,L3,0,0.13236447916406918,1,bisquare,7265,1.0,negbinomial,0.28773770824297945,True
ACTCTCTGACTTAGGT-1,8519.0,7609.0,L3,0,0.3260750098393065,1,bisquare,7265,1.0,negbinomial,0.28773770824297945,True
ACTCTCTTATACACGA-1,8941.0,3538.0,L3,0,0.31736739935537533,1,bisquare,7265,1.0,negbinomial,0.28773770824297945,True
ACTCTTCAGCTCCCGC-1,11824.0,6898.0,L3,0,0.13447012394139005,1,bisquare,7265,1.0,negbinomial,0.28773770824297945,True
ACTCTTGTATAGTAAC-1,7970.0,6889.0,L3,0,0.3628857748598356,1,bisquare,7265,1.0,negbinomial,0.28773770824297945,True
ACTGAAACGCCGTTAG-1,9547.0,9408.0,L5,2,0.3339018528396682,1,bisquare,7265,1.0,negbinomial,0.28773770824297945,True
ACTGAATGGCGAAAGT-1,8861.0,8208.0,L4,1,0.5769159355937987,1,bisquare,7265,1.0,negbinomial,0.28773770824297945,True
ACTGATTTAGTGATTC-1,8667.0,3058.0,L3,0,0.23235693263691176,1,bisquare,7265,1.0,negbinomial,0.28773770824297945,True
ACTGCCGTCGTAACTC-1,7976.0,4494.0,L3,0,0.25658955531005545,1,bisquare,7265,1.0,negbinomial,0.28773770824297945,True
ACTGCGGACACACCGT-1,11342.0,7017.0,L3,0,0.2449077255254807,1,bisquare,7265,1.0,negbinomial,0.28773770824297945,True
ACTGCTCGGAAGGATG-1,3766.0,8915.0,L5,2,0.29451835408402804,1,bisquare,7265,1.0,negbinomial,0.28773770824297945,True
ACTGTACGATACACAT-1,8522.0,6172.0,L3,0,0.20794628268531926,1,bisquare,7265,1.0,negbinomial,0.28773770824297945,True
ACTGTAGCACTTTGGA-1,5839.0,5806.0,L3,0,0.33580526889550694,1,bisquare,7265,1.0,negbinomial,0.28773770824297945,True
ACTGTATACGCGAGCA-1,5637.0,3769.0,L3,0,0.2769323930065249,1,bisquare,7265,1.0,negbinomial,0.28773770824297945,True
ACTGTCCAGGATTATA-1,6938.0,6527.0,L3,0,0.5678310706624398,1,bisquare,7265,1.0,negbinomial,0.28773770824297945,True
ACTGTCTTCTTTAGAA-1,7559.0,6169.0,L3,0,0.5297636136294157,1,bisquare,7265,1.0,negbinomial,0.28773770824297945,True
ACTGTGCTAGTAGATC-1,5292.0,4128.0,L3,0,0.24256474627132255,1,bisquare,7265,1.0,negbinomial,0.28773770824297945,True
ACTGTTTAGTGTAGGC-1,7222.0,2935.0,L3,0,0.20542117102866997,1,bisquare,7265,1.0,negbinomial,0.28773770824297945,True
ACTTACCGGGCGCGCA-1,9698.0,3899.0,L3,0,0.25250866493689617,1,bisquare,7265,1.0,negbinomial,0.28773770824297945,True
ACTTACGCATCCACGC-1,8514.0,9525.0,L6,3,0.29649595637354276,1,bisquare,7265,1.0,negbinomial,0.28773770824297945,True
ACTTAGTACGACAAGA-1,5361.0,4248.0,L3,0,0.20587804197438442,1,bisquare,7265,1.0,negbinomial,0.28773770824297945,True
ACTTATACTTACCCGG-1,9346.0,6892.0,L3,0,0.4557314400297504,1,bisquare,7265,1.0,negbinomial,0.28773770824297945,True
ACTTATTAGGATCGGT-1,6730.0,7125.0,L4,1,0.17122271934608588,1,bisquare,7265,1.0,negbinomial,0.28773770824297945,True
ACTTATTTATGTGCCA-1,9344.0,8090.0,L4,1,0.2867022746102755,1,bisquare,7265,1.0,negbinomial,0.28773770824297945,True
ACTTCAGGCTGATCCC-1,8723.0,8687.0,L5,2,0.27130170869265796,1,bisquare,7265,1.0,negbinomial,0.28773770824297945,True
ACTTCCATGCGGGACA-1,8995.0,9885.0,L6,3,0.3331954248943353,1,bisquare,7265,1.0,negbinomial,0.28773770824297945,True
ACTTCGCCATACGCAC-1,8317.0,5812.0,L3,0,0.32154003543376347,1,bisquare,7265,1.0,negbinomial,0.28773770824297945,True
ACTTCGCTAGCGAGTG-1,11895.0,6299.0,L3,0,0.1512753356021893,1,bisquare,7265,1.0,negbinomial,0.28773770824297945,True
ACTTGACTCCCTCTTT-1,8106.0,7608.0,L4,1,0.24626240770423233,1,bisquare,7265,1.0,negbinomial,0.28773770824297945,True
ACTTGCCATATTGTAC-1,7015.0,3054.0,L3,0,0.11712944713467918,1,bisquare,7265,1.0,negbinomial,0.28773770824297945,True
ACTTGGGACCCGGTGG-1,6526.0,6047.0,L3,0,0.2867355308612288,1,bisquare,7265,1.0,negbinomial,0.28773770824297945,True
ACTTGTAGTCCCTTCA-1,3838.0,7837.0,L4,1,0.14785016448692834,1,bisquare,7265,1.0,negbinomial,0.28773770824297945,True
ACTTGTGGATGGAACG-1,10581.0,8811.0,L4,1,0.263145647273988,1,bisquare,7265,1.0,negbinomial,0.28773770824297945,True
ACTTTACCCTCATGAA-1,10449.0,6416.0,L3,0,0.2139740862089031,1,bisquare,7265,1.0,negbinomial,0.28773770824297945,True
ACTTTCCTATAGCTTC-1,7421.0,5929.0,L3,0,0.37327573636709366,1,bisquare,7265,1.0,negbinomial,0.28773770824297945,True
ACTTTGACTGCATCCT-1,3908.0,7238.0,L3,0,0.2528825825051347,1,bisquare,7265,1.0,negbinomial,0.28773770824297945,True
ACTTTGGTCGTGCTCC-1,4039.0,9873.0,L6,3,0.33175136609489686,1,bisquare,7265,1.0,negbinomial,0.28773770824297945,True
ACTTTGTCGACGCACT-1,11406.0,9292.0,L4,1,0.15011061236710468,1,bisquare,7265,1.0,negbinomial,0.28773770824297945,True
AGAAATTATGACTCGC-1,11062.0,8932.0,L4,1,0.3902773837991446,1,bisquare,7265,1.0,negbinomial,0.28773770824297945,True
AGAACCCAGCGTGACA-1,11684.0,7856.0,L3,0,0.3565378343159006,1,bisquare,7265,1.0,negbinomial,0.28773770824297945,True
AGAACCCTCAATTGGG-1,3764.0,9873.0,L6,3,0.5604671450575903,1,bisquare,7265,1.0,negbinomial,0.28773770824297945,True
AGAACGTGGTACATTC-1,8179.0,5811.0,L3,0,0.5245055417065553,1,bisquare,7265,1.0,negbinomial,0.28773770824297945,True
AGAAGAGCGCCGTTCC-1,9208.0,7131.0,L3,0,0.023403231676800113,1,bisquare,7265,1.0,negbinomial,0.28773770824297945,True
AGAAGGTACACTTCAC-1,4111.0,8796.0,L5,2,0.28217283633644996,1,bisquare,7265,1.0,negbinomial,0.28773770824297945,True
AGAAGGTTGCCGAATT-1,6179.0,7603.0,L5,2,0.17759137770664932,1,bisquare,7265,1.0,negbinomial,0.28773770824297945,True
AGAAGGTTGTAGGTCG-1,8512.0,10244.0,WM,4,0.38345922590156273,1,bisquare,7265,1.0,negbinomial,0.28773770824297945,True
AGAAGTGATTCGTGAT-1,5076.0,8319.0,L5,2,0.16871884102021797,1,bisquare,7265,1.0,negbinomial,0.28773770824297945,True
AGAATAAATCTTCAGG-1,3909.0,6999.0,L3,0,0.3318750514901023,1,bisquare,7265,1.0,negbinomial,0.28773770824297945,True
AGAATTATGGATTCGA-1,9898.0,6414.0,L3,0,0.31265232250980446,1,bisquare,7265,1.0,negbinomial,0.28773770824297945,True
AGAATTGTTTGACATA-1,4740.0,4606.0,L3,0,0.16530040437319207,1,bisquare,7265,1.0,negbinomial,0.28773770824297945,True
AGACAGCTCAGAATCC-1,3982.0,5203.0,L3,0,0.3514604623554515,1,bisquare,7265,1.0,negbinomial,0.28773770824297945,True
AGACATAGATCCTTCC-1,6395.0,3412.0,L3,0,0.17301488163817247,1,bisquare,7265,1.0,negbinomial,0.28773770824297945,True
AGACCAAACCACACCT-1,3767.0,8675.0,L5,2,0.2204764999747114,1,bisquare,7265,1.0,negbinomial,0.28773770824297945,True
AGACCATGGGATACAA-1,5083.0,5205.0,L3,0,0.277905865016611,1,bisquare,7265,1.0,negbinomial,0.28773770824297945,True
AGACCCACCGCTGATC-1,7622.0,8445.0,L5,2,0.4485628309415691,1,bisquare,7265,1.0,negbinomial,0.28773770824297945,True
AGACCCGCCCTCCTCG-1,7009.0,5689.0,L3,0,0.2491966830441933,1,bisquare,7265,1.0,negbinomial,0.28773770824297945,True
AGACCGCTCCGCGGTT-1,10787.0,8692.0,L4,1,0.41529384407838094,1,bisquare,7265,1.0,negbinomial,0.28773770824297945,True
AGACCGGGAAACCCTG-1,4320.0,7479.0,L4,1,0.16114142356861094,1,bisquare,7265,1.0,negbinomial,0.28773770824297945,True
AGACGAAGTGCCGGTC-1,9824.0,8450.0,L4,1,0.4280148238170608,1,bisquare,7265,1.0,negbinomial,0.28773770824297945,True
AGACGACGATGCCGCT-1,5418.0,8919.0,L6,3,0.1953731361879274,1,bisquare,7265,1.0,negbinomial,0.28773770824297945,True
AGACGGGCCGATTTAA-1,10180.0,3541.0,L3,0,0.4795191484085926,1,bisquare,7265,1.0,negbinomial,0.28773770824297945,True
AGACTAGCCTTCCAGA-1,6320.0,5927.0,L3,0,0.31112181889202606,1,bisquare,7265,1.0,negbinomial,0.28773770824297945,True
AGACTGTTACCGGGTC-1,6241.0,10118.0,WM,4,0.14318702540432882,1,bisquare,7265,1.0,negbinomial,0.28773770824297945,True
AGAGAACCGTCTAGGA-1,9212.0,5694.0,L3,0,0.41106554820705754,1,bisquare,7265,1.0,negbinomial,0.28773770824297945,True
AGAGAAGGAGTACAAT-1,5486.0,9518.0,L6,3,0.5482506022161124,1,bisquare,7265,1.0,negbinomial,0.28773770824297945,True
AGAGATCTCTAAAGCG-1,4390.0,7359.0,L4,1,0.17839626945580817,1,bisquare,7265,1.0,negbinomial,0.28773770824297945,True
AGAGCAGTTATGAGAC-1,4462.0,6042.0,L3,0,0.23169179201101267,1,bisquare,7265,1.0,negbinomial,0.28773770824297945,True
AGAGCCGCCGAGATTT-1,10854.0,9531.0,L5,2,0.2914461874969708,1,bisquare,7265,1.0,negbinomial,0.28773770824297945,True
AGAGCGGGCTAATCAT-1,7563.0,4493.0,L3,0,0.3226071759259983,1,bisquare,7265,1.0,negbinomial,0.28773770824297945,True
AGAGCGTACAAGCTCG-1,5082.0,5445.0,L3,0,0.2439020255966323,1,bisquare,7265,1.0,negbinomial,0.28773770824297945,True
AGAGCTACGAAAGCAT-1,4261.0,3766.0,L3,0,0.1560518213023727,1,bisquare,7265,1.0,negbinomial,0.28773770824297945,True
AGAGGCTTCGGAAACC-1,10099.0,8690.0,L4,1,0.5501638745230971,1,bisquare,7265,1.0,negbinomial,0.28773770824297945,True
AGAGTAAACTTCACTA-1,10444.0,8332.0,L3,0,0.5851711160784758,1,bisquare,7265,1.0,negbinomial,0.28773770824297945,True
AGAGTATAGTGTTACG-1,11551.0,5939.0,L3,0,0.13372140911779826,1,bisquare,7265,1.0,negbinomial,0.28773770824297945,True
AGAGTTAGAGACCGAT-1,9906.0,3301.0,L3,0,0.3817022777609342,1,bisquare,7265,1.0,negbinomial,0.28773770824297945,True
AGATAACTTCAGGGCC-1,6181.0,6406.0,L3,0,0.4912370536113315,1,bisquare,7265,1.0,negbinomial,0.28773770824297945,True
AGATACCGGTGTTCAC-1,5766.0,7363.0,L5,2,0.3051855844813385,1,bisquare,7265,1.0,negbinomial,0.28773770824297945,True
AGATACGACTTCATAT-1,5567.0,4368.0,L3,0,0.20296336012199848,1,bisquare,7265,1.0,negbinomial,0.28773770824297945,True
AGATACTCAAGATCGA-1,8793.0,8088.0,L4,1,0.4412789603162293,1,bisquare,7265,1.0,negbinomial,0.28773770824297945,True
AGATATAATACGACTA-1,8099.0,10243.0,WM,4,0.207836398398025,1,bisquare,7265,1.0,negbinomial,0.28773770824297945,True
AGATCGTGCATAAGAT-1,9833.0,5097.0,L3,0,0.20257998032540486,1,bisquare,7265,1.0,negbinomial,0.28773770824297945,True
AGATCTCAGGTGTGAT-1,8316.0,6051.0,L3,0,0.23893949878901474,1,bisquare,7265,1.0,negbinomial,0.28773770824297945,True
AGATGACTCGCCCACG-1,6942.0,5090.0,L3,0,0.30761464964173685,1,bisquare,7265,1.0,negbinomial,0.28773770824297945,True
AGATGAGGGTTGCGAT-1,9903.0,4259.0,L3,0,0.3097786448024588,1,bisquare,7265,1.0,negbinomial,0.28773770824297945,True
AGATGATGGAGTCTGG-1,10448.0,6655.0,L3,0,0.3242077468425553,1,bisquare,7265,1.0,negbinomial,0.28773770824297945,True
AGATGCAAGACGTGCA-1,4797.0,9516.0,L6,3,0.37117344302351063,1,bisquare,7265,1.0,negbinomial,0.28773770824297945,True
AGATTATAGGACGTTT-1,6869.0,6886.0,L3,0,0.5086998842206079,1,bisquare,7265,1.0,negbinomial,0.28773770824297945,True
AGATTCACAACCGATA-1,4042.0,8915.0,L5,2,0.23720843718339296,1,bisquare,7265,1.0,negbinomial,0.28773770824297945,True
AGCAAAGGCCGCTAGT-1,8101.0,9763.0,WM,4,0.40807248095731374,1,bisquare,7265,1.0,negbinomial,0.28773770824297945,True
AGCAACATATCTTATT-1,9551.0,7491.0,L3,0,0.4129468079103029,1,bisquare,7265,1.0,negbinomial,0.28773770824297945,True
AGCAACCGAAAGTAAT-1,4523.0,9276.0,L6,3,0.22915346971480832,1,bisquare,7265,1.0,negbinomial,0.28773770824297945,True
AGCACCAGTACTCACG-1,7628.0,5810.0,L3,0,0.36732080641090253,1,bisquare,7265,1.0,negbinomial,0.28773770824297945,True
AGCACTACCGGCCTGT-1,4529.0,6641.0,L3,0,0.3377134819710279,1,bisquare,7265,1.0,negbinomial,0.28773770824297945,True
AGCACTACCTCACCAG-1,8722.0,8927.0,L5,2,0.31910744625973203,1,bisquare,7265,1.0,negbinomial,0.28773770824297945,True
AGCACTTAAGGACGCC-1,5562.0,6284.0,L3,0,0.36150382835768513,1,bisquare,7265,1.0,negbinomial,0.28773770824297945,True
AGCAGAAGGAGAAAGA-1,7824.0,10242.0,WM,4,0.20980141757982895,1,bisquare,7265,1.0,negbinomial,0.28773770824297945,True
AGCAGCCAGATGAATA-1,7138.0,9282.0,L6,3,0.3666168109651458,1,bisquare,7265,1.0,negbinomial,0.28773770824297945,True
AGCATATCAATATGCT-1,9686.0,8689.0,L5,2,0.2275463981130247,1,bisquare,7265,1.0,negbinomial,0.28773770824297945,True
AGCATCATTTCGAAAG-1,4455.0,8916.0,L5,2,0.31998498215499754,1,bisquare,7265,1.0,negbinomial,0.28773770824297945,True
AGCATCGTCGATAATT-1,6735.0,5209.0,L3,0,0.38532499844026624,1,bisquare,7265,1.0,negbinomial,0.28773770824297945,True
AGCCAAGCTTTGTGTC-1,7136.0,10240.0,WM,4,0.11050563514576352,1,bisquare,7265,1.0,negbinomial,0.28773770824297945,True
AGCCACAGGTTACCCG-1,9270.0,10126.0,L6,3,0.2648597843901868,1,bisquare,7265,1.0,negbinomial,0.28773770824297945,True
AGCCACTCCCGTGCTT-1,8731.0,5334.0,L3,0,0.36205640994127297,1,bisquare,7265,1.0,negbinomial,0.28773770824297945,True
AGCCCATACATGTAAG-1,4940.0,7600.0,L5,2,0.251939127217657,1,bisquare,7265,1.0,negbinomial,0.28773770824297945,True
AGCCCGGCATTAGAGG-1,4933.0,10235.0,WM,4,0.5791736075013785,1,bisquare,7265,1.0,negbinomial,0.28773770824297945,True
AGCCCGGTAGCCTGTA-1,6517.0,9879.0,WM,4,0.3584320219578422,1,bisquare,7265,1.0,negbinomial,0.28773770824297945,True
AGCCCTAAGCGAAGTT-1,7632.0,4373.0,L3,0,0.31136745069026617,1,bisquare,7265,1.0,negbinomial,0.28773770824297945,True
AGCCCTGTCGCACCGT-1,11479.0,7496.0,L3,0,0.38468147023119126,1,bisquare,7265,1.0,negbinomial,0.28773770824297945,True
AGCCCTTCTAATCCGA-1,10247.0,4619.0,L3,0,0.3447237113364629,1,bisquare,7265,1.0,negbinomial,0.28773770824297945,True
AGCCCTTGGACATCCC-1,11199.0,9412.0,L5,2,0.25869370581189843,1,bisquare,7265,1.0,negbinomial,0.28773770824297945,True
AGCCGCAAATTCAAAT-1,3358.0,6998.0,L3,0,0.3388704867645373,1,bisquare,7265,1.0,negbinomial,0.28773770824297945,True
AGCCGTGGCTAAATGT-1,4662.0,8558.0,L5,2,0.42447249288845496,1,bisquare,7265,1.0,negbinomial,0.28773770824297945,True
AGCCTAATACCCACGT-1,4111.0,8556.0,L5,2,0.22414559835606332,1,bisquare,7265,1.0,negbinomial,0.28773770824297945,True
AGCCTTAAAGCGGAAG-1,4189.0,5083.0,L3,0,0.28905965718381715,1,bisquare,7265,1.0,negbinomial,0.28773770824297945,True
AGCGACAGGAACGGTC-1,5694.0,8680.0,L5,2,0.16084633048933594,1,bisquare,7265,1.0,negbinomial,0.28773770824297945,True
AGCGACATCCCATTCA-1,7218.0,4612.0,L3,0,0.22971767639260804,1,bisquare,7265,1.0,negbinomial,0.28773770824297945,True
AGCGACCAACGATATT-1,6941.0,5569.0,L3,0,0.30725770621480547,1,bisquare,7265,1.0,negbinomial,0.28773770824297945,True
AGCGCATAATGAATCG-1,6931.0,9401.0,L6,3,0.36159526500757333,1,bisquare,7265,1.0,negbinomial,0.28773770824297945,True
AGCGCGGGTGCCAATG-1,9488.0,5455.0,L3,0,0.2540863708464608,1,bisquare,7265,1.0,negbinomial,0.28773770824297945,True
AGCGCTAGAGCGATGT-1,11548.0,7377.0,L3,0,0.3012180433371375,1,bisquare,7265,1.0,negbinomial,0.28773770824297945,True
AGCGCTTATGGGCAAG-1,9767.0,3540.0,L3,0,0.21753613796838903,1,bisquare,7265,1.0,negbinomial,0.28773770824297945,True
AGCGGACACTTCGTAG-1,7412.0,10001.0,WM,4,0.1449285278059289,1,bisquare,7265,1.0,negbinomial,0.28773770824297945,True
AGCGGCGGTTAGCGGT-1,3974.0,8556.0,L5,2,0.33929901721839967,1,bisquare,7265,1.0,negbinomial,0.28773770824297945,True
AGCGGGAAGGGTCCAT-1,5705.0,4129.0,L3,0,0.14103695181297254,1,bisquare,7265,1.0,negbinomial,0.28773770824297945,True
AGCGGGTCTGACACTC-1,7686.0,10481.0,WM,4,0.09597744314531834,1,bisquare,7265,1.0,negbinomial,0.28773770824297945,True
AGCGGTTGCCGCTCTG-1,11141.0,4741.0,L3,0,0.23660544047913193,1,bisquare,7265,1.0,negbinomial,0.28773770824297945,True
AGCGTACGAGAGCTAG-1,4812.0,3528.0,L3,0,0.1374733305511429,1,bisquare,7265,1.0,negbinomial,0.28773770824297945,True
AGCGTCTGAACCCGCA-1,5638.0,3290.0,L3,0,0.059075997560059566,1,bisquare,7265,1.0,negbinomial,0.28773770824297945,True
AGCGTGGTATTCTACT-1,8036.0,7967.0,L5,2,0.19055192834184187,1,bisquare,7265,1.0,negbinomial,0.28773770824297945,True
AGCGTTCCGATTTAAA-1,9494.0,2821.0,L3,0,0.3584054732367604,1,bisquare,7265,1.0,negbinomial,0.28773770824297945,True
AGCTAACAAGCAATGT-1,5416.0,9877.0,WM,4,0.3364514178055068,1,bisquare,7265,1.0,negbinomial,0.28773770824297945,True
AGCTAAGTACGCAGGC-1,9063.0,10245.0,L6,3,0.13715176382066135,1,bisquare,7265,1.0,negbinomial,0.28773770824297945,True
AGCTAGAAGCAGAAGT-1,9970.0,5097.0,L3,0,0.38915023094316564,1,bisquare,7265,1.0,negbinomial,0.28773770824297945,True
AGCTATTTAATCCAAC-1,8251.0,4494.0,L3,0,0.2776267088713127,1,bisquare,7265,1.0,negbinomial,0.28773770824297945,True
AGCTCCATATATGTTC-1,10648.0,9410.0,L5,2,0.4808757163027417,1,bisquare,7265,1.0,negbinomial,0.28773770824297945,True
AGCTCCTTCGCACATC-1,9066.0,8808.0,L5,2,0.3379795129746404,1,bisquare,7265,1.0,negbinomial,0.28773770824297945,True
AGCTCTAGACGTTCCA-1,8382.0,7129.0,L3,0,0.3128825866717517,1,bisquare,7265,1.0,negbinomial,0.28773770824297945,True
AGCTCTTCCCAGTGCA-1,9214.0,4736.0,L3,0,0.20657049589354923,1,bisquare,7265,1.0,negbinomial,0.28773770824297945,True
AGCTCTTCGTAACCTT-1,10516.0,7254.0,L3,0,0.4035931243836432,1,bisquare,7265,1.0,negbinomial,0.28773770824297945,True
AGCTCTTTACTCAGTT-1,6248.0,7484.0,L5,2,0.16407213858527275,1,bisquare,7265,1.0,negbinomial,0.28773770824297945,True
AGCTGAAGTAAACCAA-1,8938.0,4975.0,L3,0,0.39666141182015496,1,bisquare,7265,1.0,negbinomial,0.28773770824297945,True
AGCTGTAACCTCAATC-1,5074.0,9038.0,L6,3,0.3728067647602068,1,bisquare,7265,1.0,negbinomial,0.28773770824297945,True
AGCTTATAGAGACCTG-1,6396.0,3172.0,L3,0,0.12927504123036798,1,bisquare,7265,1.0,negbinomial,0.28773770824297945,True
AGCTTGATCTTAACTT-1,4733.0,7480.0,L4,1,0.17355340140115974,1,bisquare,7265,1.0,negbinomial,0.28773770824297945,True
AGGAAGCTGTCCGCCG-1,7618.0,9882.0,WM,4,0.2134410356062441,1,bisquare,7265,1.0,negbinomial,0.28773770824297945,True
AGGACAGTCGAATCCC-1,9000.0,7730.0,L3,0,0.5796551266075783,1,bisquare,7265,1.0,negbinomial,0.28773770824297945,True
AGGACATCGCACGTCG-1,5773.0,4488.0,L3,0,0.1701272761554742,1,bisquare,7265,1.0,negbinomial,0.28773770824297945,True
AGGACGACCCATTAGA-1,6247.0,7723.0,L5,2,0.47234644334648634,1,bisquare,7265,1.0,negbinomial,0.28773770824297945,True
AGGACGCTCGATGTTG-1,9902.0,4738.0,L3,0,0.2089179974095894,1,bisquare,7265,1.0,negbinomial,0.28773770824297945,True
AGGAGACATCCACAGT-1,11552.0,5460.0,L3,0,0.07026705378542414,1,bisquare,7265,1.0,negbinomial,0.28773770824297945,True
AGGAGAGTCTGGCTAC-1,11827.0,5701.0,L3,0,0.06783517934286815,1,bisquare,7265,1.0,negbinomial,0.28773770824297945,True
AGGAGGCCTTCGCGCG-1,9892.0,8810.0,L5,2,0.3084159315319336,1,bisquare,7265,1.0,negbinomial,0.28773770824297945,True
AGGATAAAGTCGGGAT-1,7621.0,8924.0,L6,3,0.32659504674556084,1,bisquare,7265,1.0,negbinomial,0.28773770824297945,True
AGGATATAGGGATTTA-1,9756.0,8091.0,L3,0,0.535672564818803,1,bisquare,7265,1.0,negbinomial,0.28773770824297945,True
AGGATCACGCGATCTG-1,4250.0,8317.0,L5,2,0.3427202948674055,1,bisquare,7265,1.0,negbinomial,0.28773770824297945,True
AGGATTGCTTACGACA-1,11413.0,6179.0,L3,0,0.10552068008459597,1,bisquare,7265,1.0,negbinomial,0.28773770824297945,True
AGGCACGTGACTGTCC-1,11061.0,9411.0,L5,2,0.2124572269149499,1,bisquare,7265,1.0,negbinomial,0.28773770824297945,True
AGGCAGATGCGTAAAC-1,9074.0,5694.0,L3,0,0.33537487478954237,1,bisquare,7265,1.0,negbinomial,0.28773770824297945,True
AGGCAGGGAGCGTACT-1,6518.0,9640.0,WM,4,0.34446836032372535,1,bisquare,7265,1.0,negbinomial,0.28773770824297945,True
AGGCATTGTCGTAGGG-1,9962.0,8451.0,L4,1,0.2547751513110171,1,bisquare,7265,1.0,negbinomial,0.28773770824297945,True
AGGCCACCCGTTATGA-1,5770.0,5925.0,L3,0,0.1917159528613897,1,bisquare,7265,1.0,negbinomial,0.28773770824297945,True
AGGCCCATTGTACAGG-1,6943.0,4371.0,L3,0,0.4843309057758112,1,bisquare,7265,1.0,negbinomial,0.28773770824297945,True
AGGCCCTAGAACGCCA-1,4870.0,7959.0,L5,2,0.35036403085045165,1,bisquare,7265,1.0,negbinomial,0.28773770824297945,True
AGGCCTGAGAATCTCG-1,9201.0,10006.0,L6,3,0.3169192664288299,1,bisquare,7265,1.0,negbinomial,0.28773770824297945,True
AGGCGATAACTGGCGT-1,11543.0,9532.0,L4,1,0.2208408220035371,1,bisquare,7265,1.0,negbinomial,0.28773770824297945,True
AGGCGGTTTGTCCCGC-1,4315.0,9635.0,L6,3,0.1618192368096008,1,bisquare,7265,1.0,negbinomial,0.28773770824297945,True
AGGCTATGGTTAGCTT-1,5220.0,5685.0,L3,0,0.29025376595942276,1,bisquare,7265,1.0,negbinomial,0.28773770824297945,True
AGGCTTCCCGAAGAAG-1,6039.0,8561.0,L5,2,0.22988307159824994,1,bisquare,7265,1.0,negbinomial,0.28773770824297945,True
AGGCTTGCTAGACACC-1,4394.0,5443.0,L3,0,0.22252770062038799,1,bisquare,7265,1.0,negbinomial,0.28773770824297945,True
AGGGAAACGAGGTACT-1,9284.0,4137.0,L3,0,0.32529323415754846,1,bisquare,7265,1.0,negbinomial,0.28773770824297945,True
AGGGACCGGCTGCGTT-1,10723.0,6895.0,L3,0,0.3877035503969549,1,bisquare,7265,1.0,negbinomial,0.28773770824297945,True
AGGGACTCTACGCGAC-1,6794.0,9162.0,L6,3,0.19905380346038407,1,bisquare,7265,1.0,negbinomial,0.28773770824297945,True
AGGGAGACATACTTCG-1,10931.0,6058.0,L3,0,0.1488275192413237,1,bisquare,7265,1.0,negbinomial,0.28773770824297945,True
AGGGCAGCGGCGTGGT-1,8253.0,3536.0,L3,0,0.22594538089502114,1,bisquare,7265,1.0,negbinomial,0.28773770824297945,True
AGGGCGAGCAGCTGAT-1,4526.0,7839.0,L5,2,0.14804359332230638,1,bisquare,7265,1.0,negbinomial,0.28773770824297945,True
AGGGCGTGATCGGCTA-1,6255.0,4609.0,L3,0,0.26491608480786316,1,bisquare,7265,1.0,negbinomial,0.28773770824297945,True
AGGGCTGCAGTTACAG-1,7626.0,6768.0,L3,0,0.26946508730997293,1,bisquare,7265,1.0,negbinomial,0.28773770824297945,True
AGGGTCGATGCGAACT-1,9828.0,7013.0,L3,0,0.44905684362931747,1,bisquare,7265,1.0,negbinomial,0.28773770824297945,True
AGGGTGCCGTTCTTTA-1,5415.0,10356.0,WM,4,0.20357005898084168,1,bisquare,7265,1.0,negbinomial,0.28773770824297945,True
AGGGTGCTCTCGAGGG-1,9485.0,6653.0,L3,0,0.37786888038388905,1,bisquare,7265,1.0,negbinomial,0.28773770824297945,True
AGGGTGGATAGTGCAT-1,3911.0,6041.0,L3,0,0.20736254896832015,1,bisquare,7265,1.0,negbinomial,0.28773770824297945,True
AGGGTTCCCTTTGGTT-1,9210.0,6173.0,L3,0,0.26330010891501915,1,bisquare,7265,1.0,negbinomial,0.28773770824297945,True
AGGGTTTAGTTCGGGA-1,7489.0,6528.0,L3,0,0.49413836179092413,1,bisquare,7265,1.0,negbinomial,0.28773770824297945,True
AGGTAACCTCCTATTC-1,5980.0,4130.0,L3,0,0.225833314691902,1,bisquare,7265,1.0,negbinomial,0.28773770824297945,True
AGGTACGATATTGCCA-1,8390.0,4016.0,L3,0,0.1929306260083658,1,bisquare,7265,1.0,negbinomial,0.28773770824297945,True
AGGTAGATCGAGATAT-1,5553.0,10117.0,WM,4,0.2507514937294481,1,bisquare,7265,1.0,negbinomial,0.28773770824297945,True
AGGTAGGTACAAAGCT-1,5286.0,6763.0,L3,0,0.5660845324896427,1,bisquare,7265,1.0,negbinomial,0.28773770824297945,True
AGGTATAATTGATAGT-1,10654.0,6776.0,L3,0,0.47247551189140213,1,bisquare,7265,1.0,negbinomial,0.28773770824297945,True
AGGTATGCGGACATTA-1,11686.0,7137.0,L3,0,0.1807955067466263,1,bisquare,7265,1.0,negbinomial,0.28773770824297945,True
AGGTCAGGTGAGAGTG-1,4525.0,8078.0,L5,2,0.14694380040520458,1,bisquare,7265,1.0,negbinomial,0.28773770824297945,True
AGGTCGCGGAGTTACT-1,10313.0,5697.0,L3,0,0.1299827299028908,1,bisquare,7265,1.0,negbinomial,0.28773770824297945,True
AGGTGGTGACCTTCGC-1,6998.0,10240.0,WM,4,0.11570281979882775,1,bisquare,7265,1.0,negbinomial,0.28773770824297945,True
AGGTGTATCGCCATGA-1,4322.0,7000.0,L3,0,0.4085832044782872,1,bisquare,7265,1.0,negbinomial,0.28773770824297945,True
AGGTTACACCATGCCG-1,11065.0,7735.0,L3,0,0.5736578340857501,1,bisquare,7265,1.0,negbinomial,0.28773770824297945,True
AGGTTGAGGCACGCTT-1,8249.0,5213.0,L3,0,0.16491144316657413,1,bisquare,7265,1.0,negbinomial,0.28773770824297945,True
AGGTTTCACACACCTT-1,7762.0,7487.0,L4,1,0.1685236457832546,1,bisquare,7265,1.0,negbinomial,0.28773770824297945,True
AGTAACGTTCATCCTG-1,9424.0,3180.0,L3,0,0.21646184178654454,1,bisquare,7265,1.0,negbinomial,0.28773770824297945,True
AGTAATGTCTTGCCGC-1,7287.0,4492.0,L3,0,0.4615824025871731,1,bisquare,7265,1.0,negbinomial,0.28773770824297945,True
AGTACATCATTTATCA-1,10656.0,6057.0,L3,0,0.13996823077196682,1,bisquare,7265,1.0,negbinomial,0.28773770824297945,True
AGTACGGCCCGTATCG-1,3909.0,6759.0,L3,0,0.49611856036251034,1,bisquare,7265,1.0,negbinomial,0.28773770824297945,True
AGTACGGGCACCTGGC-1,8592.0,5573.0,L3,0,0.42342531440610254,1,bisquare,7265,1.0,negbinomial,0.28773770824297945,True
AGTACGTGGCCTGTCT-1,9217.0,3299.0,L3,0,0.14525116190445136,1,bisquare,7265,1.0,negbinomial,0.28773770824297945,True
AGTACTCTTATGCCCA-1,9203.0,9287.0,L5,2,0.22780668990769154,1,bisquare,7265,1.0,negbinomial,0.28773770824297945,True
AGTAGCGTGAACGAAC-1,8117.0,2817.0,L3,0,0.550856097123935,1,bisquare,7265,1.0,negbinomial,0.28773770824297945,True
AGTAGCTAGACGCCGA-1,10182.0,3062.0,L3,0,0.36643914382229054,1,bisquare,7265,1.0,negbinomial,0.28773770824297945,True
AGTAGGAAGGAAGTTG-1,9903.0,4498.0,L3,0,0.5218903055650849,1,bisquare,7265,1.0,negbinomial,0.28773770824297945,True
AGTAGGTAACATACAT-1,6669.0,4131.0,L3,0,0.28848160389677996,1,bisquare,7265,1.0,negbinomial,0.28773770824297945,True
AGTATAATACTAGGCA-1,5426.0,5565.0,L3,0,0.2942308238368257,1,bisquare,7265,1.0,negbinomial,0.28773770824297945,True
AGTATACACAGCGACA-1,6448.0,10239.0,WM,4,0.17756745024997028,1,bisquare,7265,1.0,negbinomial,0.28773770824297945,True
AGTATGCTGGAGACCA-1,4935.0,9516.0,L6,3,0.2361622911579462,1,bisquare,7265,1.0,negbinomial,0.28773770824297945,True
AGTATTTGGCACGACC-1,6725.0,9521.0,WM,4,0.5686093974963269,1,bisquare,7265,1.0,negbinomial,0.28773770824297945,True
AGTCAACACCACCATC-1,6385.0,7484.0,L5,2,0.30416281426155756,1,bisquare,7265,1.0,negbinomial,0.28773770824297945,True
AGTCAAGATGACACTT-1,9343.0,8329.0,L4,1,0.3227330679069688,1,bisquare,7265,1.0,negbinomial,0.28773770824297945,True
AGTCACTAGCTCTCGA-1,9960.0,9169.0,L5,2,0.4242679642223107,1,bisquare,7265,1.0,negbinomial,0.28773770824297945,True
AGTCACTCCGCCTCAT-1,5225.0,3289.0,L3,0,0.16188596691743126,1,bisquare,7265,1.0,negbinomial,0.28773770824297945,True
AGTCAGCCACCGCCTG-1,5085.0,4487.0,L3,0,0.24644453428516253,1,bisquare,7265,1.0,negbinomial,0.28773770824297945,True
AGTCCATTGGCTGATG-1,10033.0,7612.0,L3,0,0.38368844914394734,1,bisquare,7265,1.0,negbinomial,0.28773770824297945,True
AGTCCCGCCTTTAATT-1,9558.0,4617.0,L3,0,0.2252365078385156,1,bisquare,7265,1.0,negbinomial,0.28773770824297945,True
AGTCCCTCGCAGAAAG-1,11690.0,5461.0,L3,0,0.08223944798003441,1,bisquare,7265,1.0,negbinomial,0.28773770824297945,True
AGTCGACGGTCTCAAG-1,9346.0,7132.0,L3,0,0.5618767132809366,1,bisquare,7265,1.0,negbinomial,0.28773770824297945,True
AGTCGGCCCAAACGAC-1,5839.0,5566.0,L3,0,0.35785419251839884,1,bisquare,7265,1.0,negbinomial,0.28773770824297945,True
AGTCGGCTCAACTTTA-1,4732.0,8198.0,L5,2,0.21743989122388957,1,bisquare,7265,1.0,negbinomial,0.28773770824297945,True
AGTCGGTTGCGTGAGA-1,10859.0,7375.0,L3,0,0.4034420828006244,1,bisquare,7265,1.0,negbinomial,0.28773770824297945,True
AGTCGTATAAAGCAGA-1,8719.0,10364.0,WM,4,0.2674006303146051,1,bisquare,7265,1.0,negbinomial,0.28773770824297945,True
AGTCGTCGACCACCAA-1,9409.0,9407.0,L5,2,0.2044500106730467,1,bisquare,7265,1.0,negbinomial,0.28773770824297945,True
AGTCGTGGGCATTACG-1,5144.0,8679.0,L5,2,0.28620510181565173,1,bisquare,7265,1.0,negbinomial,0.28773770824297945,True
AGTCTAAAGTATACTC-1,10794.0,6057.0,L3,0,0.13352682023094253,1,bisquare,7265,1.0,negbinomial,0.28773770824297945,True
AGTCTCACAAGACTAC-1,5211.0,9038.0,L6,3,0.2546405832783142,1,bisquare,7265,1.0,negbinomial,0.28773770824297945,True
AGTCTGGACATCCTTG-1,4534.0,4725.0,L3,0,0.20430751256301058,1,bisquare,7265,1.0,negbinomial,0.28773770824297945,True
AGTCTTCTCCTCAAAT-1,7698.0,5451.0,L3,0,0.24345623985466444,1,bisquare,7265,1.0,negbinomial,0.28773770824297945,True
AGTGAACAAACTTCTC-1,10170.0,7852.0,L3,0,0.5725317928741891,1,bisquare,7265,1.0,negbinomial,0.28773770824297945,True
AGTGAAGATGGTGTCC-1,11484.0,5101.0,L3,0,0.0603248385048573,1,bisquare,7265,1.0,negbinomial,0.28773770824297945,True
AGTGACCTACTTTACG-1,6729.0,7844.0,L5,2,0.24670884167009716,1,bisquare,7265,1.0,negbinomial,0.28773770824297945,True
AGTGACTGTGACACAA-1,5070.0,10475.0,WM,4,0.3064726080145174,1,bisquare,7265,1.0,negbinomial,0.28773770824297945,True
AGTGAGACTTCCAGTA-1,9140.0,6772.0,L3,0,0.1770333735134901,1,bisquare,7265,1.0,negbinomial,0.28773770824297945,True
AGTGAGCCTCGCCGCC-1,10243.0,6056.0,L3,0,0.10803378367301171,1,bisquare,7265,1.0,negbinomial,0.28773770824297945,True
AGTGAGGGTTTCTGAC-1,9217.0,3538.0,L3,0,0.2971220168502184,1,bisquare,7265,1.0,negbinomial,0.28773770824297945,True
AGTGATAACCTGCGCG-1,9271.0,9647.0,L6,3,0.45721013502156027,1,bisquare,7265,1.0,negbinomial,0.28773770824297945,True
AGTGATATGAGTAGTT-1,6522.0,7963.0,L5,2,0.23775517041558955,1,bisquare,7265,1.0,negbinomial,0.28773770824297945,True
AGTGATTCAAGCAGGA-1,9141.0,6532.0,L3,0,0.5495470349548012,1,bisquare,7265,1.0,negbinomial,0.28773770824297945,True
AGTGCACGCTTAAGAA-1,9755.0,8809.0,L5,2,0.48134716442921294,1,bisquare,7265,1.0,negbinomial,0.28773770824297945,True
AGTGCGTAGCTCGTAA-1,6040.0,8082.0,L5,2,0.3732728969749093,1,bisquare,7265,1.0,negbinomial,0.28773770824297945,True
AGTGCTAAACACAGCA-1,9408.0,9886.0,L6,3,0.16087074634668103,1,bisquare,7265,1.0,negbinomial,0.28773770824297945,True
AGTGCTTGCACGAATA-1,9276.0,7491.0,L3,0,0.5640241627014831,1,bisquare,7265,1.0,negbinomial,0.28773770824297945,True
AGTGGCGGCAATTTGA-1,9625.0,5456.0,L3,0,0.21364183624061434,1,bisquare,7265,1.0,negbinomial,0.28773770824297945,True
AGTGGCGTCTGAAGGT-1,9064.0,10005.0,L6,3,0.21010809847535397,1,bisquare,7265,1.0,negbinomial,0.28773770824297945,True
AGTGGCTCCGTCGGCC-1,3977.0,7358.0,L3,0,0.4745800870360496,1,bisquare,7265,1.0,negbinomial,0.28773770824297945,True
AGTGGTGTTACCCGTG-1,3768.0,8196.0,L5,2,0.11211872483526865,1,bisquare,7265,1.0,negbinomial,0.28773770824297945,True
AGTGTATTGCGCATTG-1,9696.0,4618.0,L3,0,0.3199014871776371,1,bisquare,7265,1.0,negbinomial,0.28773770824297945,True
AGTGTGGTCTATTGTG-1,4739.0,5085.0,L3,0,0.24834753778421476,1,bisquare,7265,1.0,negbinomial,0.28773770824297945,True
AGTTAAACACTTGCGA-1,6179.0,7364.0,L5,2,0.2284700165534704,1,bisquare,7265,1.0,negbinomial,0.28773770824297945,True
AGTTAAGCGGTCCCGG-1,8664.0,4495.0,L3,0,0.22795592210703927,1,bisquare,7265,1.0,negbinomial,0.28773770824297945,True
AGTTAAGTCAACCGCT-1,4868.0,8678.0,L5,2,0.18776268252114287,1,bisquare,7265,1.0,negbinomial,0.28773770824297945,True
AGTTACCCTTAAGACT-1,3706.0,5441.0,L3,0,0.13126251902387812,1,bisquare,7265,1.0,negbinomial,0.28773770824297945,True
AGTTACCGCACATGGT-1,4118.0,5682.0,L3,0,0.18003062959614724,1,bisquare,7265,1.0,negbinomial,0.28773770824297945,True
AGTTACTCTATCGTGG-1,9284.0,4377.0,L3,0,0.482394842030679,1,bisquare,7265,1.0,negbinomial,0.28773770824297945,True
AGTTCACCGGTTGGAC-1,3707.0,4962.0,L3,0,0.11257853670247582,1,bisquare,7265,1.0,negbinomial,0.28773770824297945,True
AGTTCCTACAGAATTA-1,6595.0,6167.0,L3,0,0.42509914101119856,1,bisquare,7265,1.0,negbinomial,0.28773770824297945,True
AGTTCCTATTTATGTT-1,7624.0,7726.0,L5,2,0.23054215062589492,1,bisquare,7265,1.0,negbinomial,0.28773770824297945,True
AGTTCTGCGTTGTATC-1,4466.0,4126.0,L3,0,0.13049119130064893,1,bisquare,7265,1.0,negbinomial,0.28773770824297945,True
AGTTGACATCGGCTGG-1,4949.0,3768.0,L3,0,0.17443727950463195,1,bisquare,7265,1.0,negbinomial,0.28773770824297945,True
AGTTGACGGTCCTTGC-1,7480.0,10361.0,WM,4,0.09936555547051334,1,bisquare,7265,1.0,negbinomial,0.28773770824297945,True
AGTTGCTGACTGATAT-1,4396.0,4485.0,L3,0,0.189719841295721,1,bisquare,7265,1.0,negbinomial,0.28773770824297945,True
AGTTTATGTAAAGACA-1,11483.0,5580.0,L3,0,0.08371472114348337,1,bisquare,7265,1.0,negbinomial,0.28773770824297945,True
AGTTTCGCAGGTCGGA-1,7426.0,4013.0,L3,0,0.14989514839821513,1,bisquare,7265,1.0,negbinomial,0.28773770824297945,True
AGTTTGCACCTGCCTC-1,8239.0,9524.0,L6,3,0.19151059974334222,1,bisquare,7265,1.0,negbinomial,0.28773770824297945,True
AGTTTGGCACGGGTTG-1,10169.0,8331.0,L4,1,0.2602672848681864,1,bisquare,7265,1.0,negbinomial,0.28773770824297945,True
AGTTTGGCCAGACCTA-1,5282.0,8200.0,L5,2,0.23810160704017022,1,bisquare,7265,1.0,negbinomial,0.28773770824297945,True
ATAAACGGACCCGTAA-1,7347.0,8205.0,L5,2,0.34125564869066866,1,bisquare,7265,1.0,negbinomial,0.28773770824297945,True
ATAAACGTTGCACCAC-1,10510.0,9410.0,L5,2,0.44636613635716704,1,bisquare,7265,1.0,negbinomial,0.28773770824297945,True
ATAAAGGCTCGGTCGT-1,6594.0,6646.0,L3,0,0.44314905460503295,1,bisquare,7265,1.0,negbinomial,0.28773770824297945,True
ATAAAGGTCAAGTACG-1,9011.0,3179.0,L3,0,0.2361976444802779,1,bisquare,7265,1.0,negbinomial,0.28773770824297945,True
ATAAATATTAGCAGCT-1,5078.0,7121.0,L4,1,0.26804845574678626,1,bisquare,7265,1.0,negbinomial,0.28773770824297945,True
ATAACGCCGGAGGGTC-1,8727.0,6771.0,L3,0,0.22376181889532484,1,bisquare,7265,1.0,negbinomial,0.28773770824297945,True
ATAACGGAGTCCAACG-1,8317.0,5572.0,L3,0,0.2549871086403915,1,bisquare,7265,1.0,negbinomial,0.28773770824297945,True
ATAAGGTGGAGAACAT-1,8103.0,8566.0,L5,2,0.3026987801486375,1,bisquare,7265,1.0,negbinomial,0.28773770824297945,True
ATAAGTAGGATTCAGA-1,10244.0,5816.0,L3,0,0.15488767663083308,1,bisquare,7265,1.0,negbinomial,0.28773770824297945,True
ATAAGTAGGGCGACTC-1,10585.0,6895.0,L3,0,0.5496931190610376,1,bisquare,7265,1.0,negbinomial,0.28773770824297945,True
ATAAGTTACCGCGACG-1,6728.0,8084.0,L5,2,0.2750487560155973,1,bisquare,7265,1.0,negbinomial,0.28773770824297945,True
ATAATACCGTTAGCCG-1,4259.0,4485.0,L3,0,0.1476350338185612,1,bisquare,7265,1.0,negbinomial,0.28773770824297945,True
ATAATAGCTGTTGAAT-1,7485.0,8205.0,L5,2,0.24786293979759244,1,bisquare,7265,1.0,negbinomial,0.28773770824297945,True
ATAATAGTGTAGGGAC-1,5222.0,4727.0,L3,0,0.22092179078645793,1,bisquare,7265,1.0,negbinomial,0.28773770824297945,True
ATAATCTTGGAGAACC-1,8444.0,9884.0,WM,4,0.5602808234484784,1,bisquare,7265,1.0,negbinomial,0.28773770824297945,True
ATAATTAGCTAAGTAG-1,7549.0,10241.0,WM,4,0.12380301626190107,1,bisquare,7265,1.0,negbinomial,0.28773770824297945,True
ATACAGGCCCTCCAAT-1,8102.0,9284.0,L6,3,0.33350087145795815,1,bisquare,7265,1.0,negbinomial,0.28773770824297945,True
ATACCACGGGCAACTT-1,5148.0,6762.0,L3,0,0.28371767992803465,1,bisquare,7265,1.0,negbinomial,0.28773770824297945,True
ATACCAGCAAATTGCT-1,7291.0,3055.0,L3,0,0.14822473176821116,1,bisquare,7265,1.0,negbinomial,0.28773770824297945,True
ATACCAGGCTAATAGA-1,6945.0,3653.0,L3,0,0.28129839793232153,1,bisquare,7265,1.0,negbinomial,0.28773770824297945,True
ATACCTAACCAAGAAA-1,7551.0,9523.0,WM,4,0.5480507917269911,1,bisquare,7265,1.0,negbinomial,0.28773770824297945,True
ATACGAAGGCTTTCCA-1,11617.0,7017.0,L3,0,0.20423698768284143,1,bisquare,7265,1.0,negbinomial,0.28773770824297945,True
ATACGCCGGCGAAACC-1,8519.0,7369.0,L3,0,0.4589393243804392,1,bisquare,7265,1.0,negbinomial,0.28773770824297945,True
ATACGGAACGTCGTTT-1,4660.0,9276.0,L6,3,0.13998047763050092,1,bisquare,7265,1.0,negbinomial,0.28773770824297945,True
ATACGGGTTTCGATTG-1,8800.0,5214.0,L3,0,0.2961109465296662,1,bisquare,7265,1.0,negbinomial,0.28773770824297945,True
ATACGGTGAAGATGCA-1,3910.0,6520.0,L3,0,0.373814125322832,1,bisquare,7265,1.0,negbinomial,0.28773770824297945,True
ATACGTACTTAGCCAC-1,8446.0,9166.0,L5,2,0.265447458051549,1,bisquare,7265,1.0,negbinomial,0.28773770824297945,True
ATACGTCCACTCCTGT-1,9550.0,8210.0,L4,1,0.5057870903437939,1,bisquare,7265,1.0,negbinomial,0.28773770824297945,True
ATACGTTATGCACGGA-1,7480.0,10121.0,WM,4,0.1421706875716046,1,bisquare,7265,1.0,negbinomial,0.28773770824297945,True
ATACTACCCGTACCAC-1,10372.0,9649.0,L5,2,0.2744042134128933,1,bisquare,7265,1.0,negbinomial,0.28773770824297945,True
ATACTAGCATGACCCT-1,7355.0,5091.0,L3,0,0.268425413801797,1,bisquare,7265,1.0,negbinomial,0.28773770824297945,True
ATACTCTCGCCACTCT-1,4880.0,3648.0,L3,0,0.1398023735889351,1,bisquare,7265,1.0,negbinomial,0.28773770824297945,True
ATACTGCCTTACACCG-1,8927.0,9526.0,L6,3,0.2609067763331537,1,bisquare,7265,1.0,negbinomial,0.28773770824297945,True
ATACTTGTTCTCGAGC-1,3842.0,6160.0,L3,0,0.26664699748916204,1,bisquare,7265,1.0,negbinomial,0.28773770824297945,True
ATAGACAACGGGACCT-1,9486.0,5934.0,L3,0,0.27745561626800636,1,bisquare,7265,1.0,negbinomial,0.28773770824297945,True
ATAGACGAAGAGAAAG-1,6250.0,6525.0,L3,0,0.4135340119384308,1,bisquare,7265,1.0,negbinomial,0.28773770824297945,True
ATAGAGTACTGGGACA-1,6458.0,5688.0,L3,0,0.32726942705713896,1,bisquare,7265,1.0,negbinomial,0.28773770824297945,True
ATAGAGTTATCAACTT-1,9555.0,5815.0,L3,0,0.22988156307851737,1,bisquare,7265,1.0,negbinomial,0.28773770824297945,True
ATAGCAACTAGGGAAG-1,9890.0,10007.0,L5,2,0.5472020435965704,1,bisquare,7265,1.0,negbinomial,0.28773770824297945,True
ATAGCCTCAGTACCCA-1,4121.0,4724.0,L3,0,0.22540189394967006,1,bisquare,7265,1.0,negbinomial,0.28773770824297945,True
ATAGCTGCTCTTGTTA-1,3846.0,4484.0,L3,0,0.1042385074560205,1,bisquare,7265,1.0,negbinomial,0.28773770824297945,True
ATAGGAATCTAAGCTT-1,10250.0,3182.0,L3,0,0.3537867237821997,1,bisquare,7265,1.0,negbinomial,0.28773770824297945,True
ATAGGCGGCTATAGAA-1,5421.0,7721.0,L5,2,0.38555555988217616,1,bisquare,7265,1.0,negbinomial,0.28773770824297945,True
ATAGGCTAGCTTCGCA-1,9831.0,5576.0,L3,0,0.17478806407680889,1,bisquare,7265,1.0,negbinomial,0.28773770824297945,True
ATAGGGATATCCTTGA-1,8043.0,5093.0,L3,0,0.2506114691180969,1,bisquare,7265,1.0,negbinomial,0.28773770824297945,True
ATAGGTTGGGCAGATG-1,7559.0,5930.0,L3,0,0.43448155786341447,1,bisquare,7265,1.0,negbinomial,0.28773770824297945,True
ATAGTCTTTGACGTGC-1,7772.0,3415.0,L3,0,0.2348279359813708,1,bisquare,7265,1.0,negbinomial,0.28773770824297945,True
ATAGTGAAGCGTTCTC-1,7074.0,7486.0,L4,1,0.31874033224905346,1,bisquare,7265,1.0,negbinomial,0.28773770824297945,True
ATAGTTCCACCCACTC-1,10172.0,7134.0,L3,0,0.29466545308406566,1,bisquare,7265,1.0,negbinomial,0.28773770824297945,True
ATATAAAGCGCTCGTG-1,7826.0,9523.0,L6,3,0.4080959389659682,1,bisquare,7265,1.0,negbinomial,0.28773770824297945,True
ATATAAATGTAGCTGC-1,8240.0,9045.0,L6,3,0.34859734877230314,1,bisquare,7265,1.0,negbinomial,0.28773770824297945,True
ATATAGAGTATTGGTC-1,3901.0,10113.0,L6,3,0.3287353475359,1,bisquare,7265,1.0,negbinomial,0.28773770824297945,True
ATATCAACCTACAGAG-1,10379.0,7014.0,L3,0,0.41201280252682093,1,bisquare,7265,1.0,negbinomial,0.28773770824297945,True
ATATCGGTAGGGAGAT-1,10722.0,7135.0,L3,0,0.44822897010171514,1,bisquare,7265,1.0,negbinomial,0.28773770824297945,True
ATATCGTTCCTCGAAC-1,9478.0,9527.0,L5,2,0.2508951089202451,1,bisquare,7265,1.0,negbinomial,0.28773770824297945,True
ATATCTCCCTCGTTAA-1,9145.0,4856.0,L3,0,0.22036391781730844,1,bisquare,7265,1.0,negbinomial,0.28773770824297945,True
ATATCTTAGGGCCTTC-1,7351.0,6768.0,L3,0,0.2517901932584641,1,bisquare,7265,1.0,negbinomial,0.28773770824297945,True
ATATGTCTCCCTAGCC-1,9828.0,6774.0,L3,0,0.3638026373878107,1,bisquare,7265,1.0,negbinomial,0.28773770824297945,True
ATATTCAGTTAAACCT-1,5903.0,7842.0,L5,2,0.41493707295895205,1,bisquare,7265,1.0,negbinomial,0.28773770824297945,True
ATATTCCACATAGTGA-1,8447.0,8686.0,L5,2,0.19840995082476864,1,bisquare,7265,1.0,negbinomial,0.28773770824297945,True
ATATTCCCACAGGTCA-1,7220.0,3893.0,L3,0,0.2753639148138057,1,bisquare,7265,1.0,negbinomial,0.28773770824297945,True
ATATTGCTGTCAAAGT-1,5359.0,4727.0,L3,0,0.16270682169281775,1,bisquare,7265,1.0,negbinomial,0.28773770824297945,True
ATATTTAACCCTCAAG-1,6939.0,6288.0,L3,0,0.4547761955890731,1,bisquare,7265,1.0,negbinomial,0.28773770824297945,True
ATCAAACACTGTTCCA-1,10513.0,8212.0,L3,0,0.5823821688416955,1,bisquare,7265,1.0,negbinomial,0.28773770824297945,True
ATCAAACGAAGGTTTG-1,5419.0,8440.0,L5,2,0.2751040997616981,1,bisquare,7265,1.0,negbinomial,0.28773770824297945,True
ATCAATCTGGGCTGCA-1,7627.0,6529.0,L3,0,0.4294742925071165,1,bisquare,7265,1.0,negbinomial,0.28773770824297945,True
ATCAATGCCGTGGCTG-1,4452.0,9874.0,L6,3,0.4573005778265579,1,bisquare,7265,1.0,negbinomial,0.28773770824297945,True
ATCACATTAGAATATC-1,8800.0,4975.0,L3,0,0.33224427659647143,1,bisquare,7265,1.0,negbinomial,0.28773770824297945,True
ATCACGTGCTAATTAA-1,5627.0,8081.0,L5,2,0.2857867708370115,1,bisquare,7265,1.0,negbinomial,0.28773770824297945,True
ATCACTTCATCCTCGC-1,7768.0,5092.0,L3,0,0.4068920099262592,1,bisquare,7265,1.0,negbinomial,0.28773770824297945,True
ATCAGACGGCACGCCG-1,6040.0,7842.0,L5,2,0.3054160981133724,1,bisquare,7265,1.0,negbinomial,0.28773770824297945,True
ATCAGCCTCATGCTGC-1,9134.0,9407.0,L5,2,0.4211352294594408,1,bisquare,7265,1.0,negbinomial,0.28773770824297945,True
ATCAGCTCGTCCACTA-1,4180.0,8437.0,L5,2,0.23128505185532894,1,bisquare,7265,1.0,negbinomial,0.28773770824297945,True
ATCAGGTAGCTGACAG-1,11894.0,6539.0,L3,0,0.09096328922122353,1,bisquare,7265,1.0,negbinomial,0.28773770824297945,True
ATCAGGTCGCCATTGC-1,9630.0,3539.0,L3,0,0.19592194021640086,1,bisquare,7265,1.0,negbinomial,0.28773770824297945,True
ATCAGTAGGCAGGGAT-1,9144.0,5335.0,L3,0,0.28890839360548976,1,bisquare,7265,1.0,negbinomial,0.28773770824297945,True
ATCATCCAATATTTGT-1,7212.0,7246.0,L4,1,0.29587432418859444,1,bisquare,7265,1.0,negbinomial,0.28773770824297945,True
ATCCAACGCAGTCATA-1,5702.0,5566.0,L3,0,0.3130810600789161,1,bisquare,7265,1.0,negbinomial,0.28773770824297945,True
ATCCAATGGAGGGTCC-1,5008.0,7720.0,L5,2,0.25027430270319234,1,bisquare,7265,1.0,negbinomial,0.28773770824297945,True
ATCCACATCGACAGAA-1,8100.0,10003.0,WM,4,0.2464521782031054,1,bisquare,7265,1.0,negbinomial,0.28773770824297945,True
ATCCACGCTAAATGTT-1,8874.0,3178.0,L3,0,0.20657139419837175,1,bisquare,7265,1.0,negbinomial,0.28773770824297945,True
ATCCAGAGCAACAACC-1,6727.0,8563.0,L5,2,0.3605837221920045,1,bisquare,7265,1.0,negbinomial,0.28773770824297945,True
ATCCAGGATTCGTGAA-1,6317.0,7364.0,L5,2,0.24130955413706107,1,bisquare,7265,1.0,negbinomial,0.28773770824297945,True
ATCCCATCCACAGCGC-1,4108.0,9993.0,L6,3,0.22545146785172399,1,bisquare,7265,1.0,negbinomial,0.28773770824297945,True
ATCCTACCTAAGCTCT-1,6453.0,7843.0,L5,2,0.24792507717822163,1,bisquare,7265,1.0,negbinomial,0.28773770824297945,True
ATCCTGAATCGCTGCG-1,4941.0,7121.0,L4,1,0.2929703093924818,1,bisquare,7265,1.0,negbinomial,0.28773770824297945,True
ATCCTGCGTGGAATGG-1,6384.0,7963.0,L5,2,0.30775831555810607,1,bisquare,7265,1.0,negbinomial,0.28773770824297945,True
ATCCTGCTGCAGATAG-1,6189.0,3292.0,L3,0,0.1817155699620225,1,bisquare,7265,1.0,negbinomial,0.28773770824297945,True
ATCCTTCTGAAAGAAC-1,11821.0,8335.0,L3,0,0.253895022653243,1,bisquare,7265,1.0,negbinomial,0.28773770824297945,True
ATCGACCCAATACAGA-1,7486.0,7726.0,L5,2,0.2158877314254209,1,bisquare,7265,1.0,negbinomial,0.28773770824297945,True
ATCGACTCTTTCCGTT-1,7354.0,5330.0,L3,0,0.2669009026284259,1,bisquare,7265,1.0,negbinomial,0.28773770824297945,True
ATCGCACGCCGGGAGA-1,7078.0,5569.0,L3,0,0.24129190997897582,1,bisquare,7265,1.0,negbinomial,0.28773770824297945,True
ATCGCCAGTCAACATT-1,10376.0,7973.0,L3,0,0.581827730323985,1,bisquare,7265,1.0,negbinomial,0.28773770824297945,True
ATCGCTGCGTGCAGCA-1,10796.0,5339.0,L3,0,0.25124199751439225,1,bisquare,7265,1.0,negbinomial,0.28773770824297945,True
ATCGCTTTACGTCTCA-1,11756.0,6778.0,L3,0,0.08887150341637565,1,bisquare,7265,1.0,negbinomial,0.28773770824297945,True
ATCGGAGACAGACGGC-1,8378.0,8806.0,L5,2,0.1994698916477281,1,bisquare,7265,1.0,negbinomial,0.28773770824297945,True
ATCGGCAAGCAGTCCA-1,9764.0,4977.0,L3,0,0.2981808410884943,1,bisquare,7265,1.0,negbinomial,0.28773770824297945,True
ATCGGTTACCTAGTAA-1,3703.0,6639.0,L3,0,0.21666186203362153,1,bisquare,7265,1.0,negbinomial,0.28773770824297945,True
ATCGTATTCCGAGAAC-1,3360.0,6039.0,L3,0,0.10942792668128168,1,bisquare,7265,1.0,negbinomial,0.28773770824297945,True
ATCGTGGAAAGTCTGG-1,4727.0,10115.0,L6,3,0.29961554568659915,1,bisquare,7265,1.0,negbinomial,0.28773770824297945,True
ATCGTTAGCTAGCGGA-1,9891.0,9528.0,L5,2,0.3207354558835082,1,bisquare,7265,1.0,negbinomial,0.28773770824297945,True
ATCGTTCACTTTCGCC-1,9629.0,3779.0,L3,0,0.3012288931469884,1,bisquare,7265,1.0,negbinomial,0.28773770824297945,True
ATCTAATATCCTACGG-1,7758.0,9164.0,L6,3,0.2343594821326815,1,bisquare,7265,1.0,negbinomial,0.28773770824297945,True
ATCTCCCACGGAATAT-1,10578.0,9769.0,L5,2,0.29183631979236313,1,bisquare,7265,1.0,negbinomial,0.28773770824297945,True
ATCTCCCTGCAATCTA-1,8113.0,4494.0,L3,0,0.18777996984126546,1,bisquare,7265,1.0,negbinomial,0.28773770824297945,True
ATCTCGTGAGCGAAAC-1,11132.0,8334.0,L3,0,0.5526920456054293,1,bisquare,7265,1.0,negbinomial,0.28773770824297945,True
ATCTGACATGGAAGGA-1,5966.0,10118.0,WM,4,0.2673266594204627,1,bisquare,7265,1.0,negbinomial,0.28773770824297945,True
ATCTGATAGTGTCTTA-1,3983.0,4484.0,L3,0,0.18140573475983202,1,bisquare,7265,1.0,negbinomial,0.28773770824297945,True
ATCTGCACCTCTGCGA-1,10106.0,6056.0,L3,0,0.17892247777451947,1,bisquare,7265,1.0,negbinomial,0.28773770824297945,True
ATCTGGGCTGTTCTTG-1,7894.0,9883.0,WM,4,0.2570630241759815,1,bisquare,7265,1.0,negbinomial,0.28773770824297945,True
ATCTGGTTAAGACTGT-1,8386.0,5692.0,L3,0,0.29247577713287626,1,bisquare,7265,1.0,negbinomial,0.28773770824297945,True
ATCTGTAATTGTACCC-1,7081.0,4372.0,L3,0,0.1984335348462466,1,bisquare,7265,1.0,negbinomial,0.28773770824297945,True
ATCTTGACCTGCAACG-1,6183.0,5687.0,L3,0,0.21803018915055558,1,bisquare,7265,1.0,negbinomial,0.28773770824297945,True
ATCTTGACTTGTCCAA-1,10587.0,6177.0,L3,0,0.10916099414282439,1,bisquare,7265,1.0,negbinomial,0.28773770824297945,True
ATCTTTCGTATAACCA-1,11414.0,5700.0,L3,0,0.06939574983131573,1,bisquare,7265,1.0,negbinomial,0.28773770824297945,True
ATGAAGCCAAGGAGCC-1,6322.0,5208.0,L3,0,0.2534126573823718,1,bisquare,7265,1.0,negbinomial,0.28773770824297945,True
ATGACGCCGGCTCTAA-1,7150.0,4492.0,L3,0,0.3469433752229899,1,bisquare,7265,1.0,negbinomial,0.28773770824297945,True
ATGACGCGTTCTATCC-1,5212.0,8798.0,L5,2,0.18497990154592944,1,bisquare,7265,1.0,negbinomial,0.28773770824297945,True
ATGACTATCAGCTGTG-1,6104.0,10118.0,WM,4,0.18950211069407288,1,bisquare,7265,1.0,negbinomial,0.28773770824297945,True
ATGACTATGCGACATT-1,9205.0,8329.0,L4,1,0.2661638986051854,1,bisquare,7265,1.0,negbinomial,0.28773770824297945,True
ATGAGGAGTGTTAATC-1,5564.0,5566.0,L3,0,0.4484542261168065,1,bisquare,7265,1.0,negbinomial,0.28773770824297945,True
ATGAGGGCAGCGGCTA-1,11410.0,7616.0,L3,0,0.292392184395319,1,bisquare,7265,1.0,negbinomial,0.28773770824297945,True
ATGATCGGGAATAGAC-1,6874.0,4491.0,L3,0,0.21178263334547298,1,bisquare,7265,1.0,negbinomial,0.28773770824297945,True
ATGATGCAATGGTACA-1,6591.0,7844.0,L5,2,0.4868108378136572,1,bisquare,7265,1.0,negbinomial,0.28773770824297945,True
ATGCACGCGCTGTTCA-1,3902.0,9634.0,L6,3,0.2578764687072445,1,bisquare,7265,1.0,negbinomial,0.28773770824297945,True
ATGCACTACCGCATTG-1,6252.0,5807.0,L3,0,0.20185742993727263,1,bisquare,7265,1.0,negbinomial,0.28773770824297945,True
ATGCATGATCCAGGAT-1,7629.0,5571.0,L3,0,0.44646160023842485,1,bisquare,7265,1.0,negbinomial,0.28773770824297945,True
ATGCATTCCGTGATGG-1,6740.0,3053.0,L3,0,0.12787638762478554,1,bisquare,7265,1.0,negbinomial,0.28773770824297945,True
ATGCCATTTGCGACCA-1,9413.0,7731.0,L3,0,0.37797356607396415,1,bisquare,7265,1.0,negbinomial,0.28773770824297945,True
ATGCCGGTCTTGCATA-1,8315.0,6291.0,L3,0,0.25651851979528995,1,bisquare,7265,1.0,negbinomial,0.28773770824297945,True
ATGCCGGTTGATGGGA-1,8869.0,4855.0,L3,0,0.2529760760745469,1,bisquare,7265,1.0,negbinomial,0.28773770824297945,True
ATGCGACAGTCCCATT-1,8039.0,6769.0,L3,0,0.35471875543396786,1,bisquare,7265,1.0,negbinomial,0.28773770824297945,True
ATGCGAGTCCCACCAC-1,10307.0,8332.0,L3,0,0.5754865633694619,1,bisquare,7265,1.0,negbinomial,0.28773770824297945,True
ATGCTCAGTGTTGCAT-1,5152.0,5086.0,L3,0,0.2119336969341354,1,bisquare,7265,1.0,negbinomial,0.28773770824297945,True
ATGCTCTGGCGCGGTA-1,8376.0,9764.0,L6,3,0.22141717241871428,1,bisquare,7265,1.0,negbinomial,0.28773770824297945,True
ATGCTTAGGAGTTGAT-1,10855.0,9291.0,L5,2,0.2566509156250653,1,bisquare,7265,1.0,negbinomial,0.28773770824297945,True
ATGGAAATTTAAGGAG-1,3629.0,8914.0,L5,2,0.1310869651090995,1,bisquare,7265,1.0,negbinomial,0.28773770824297945,True
ATGGAACCTTTGCACA-1,11411.0,7137.0,L3,0,0.26692605417124454,1,bisquare,7265,1.0,negbinomial,0.28773770824297945,True
ATGGAGCAGGCCGTGA-1,7694.0,6888.0,L3,0,0.5121803493970436,1,bisquare,7265,1.0,negbinomial,0.28773770824297945,True
ATGGATCCGGCGTCCG-1,8594.0,4854.0,L3,0,0.2381602019132319,1,bisquare,7265,1.0,negbinomial,0.28773770824297945,True
ATGGATTGACCAAACG-1,7353.0,5810.0,L3,0,0.314173871431932,1,bisquare,7265,1.0,negbinomial,0.28773770824297945,True
ATGGCAGCATTACGAT-1,4383.0,10234.0,L6,3,0.2330828294247264,1,bisquare,7265,1.0,negbinomial,0.28773770824297945,True
ATGGCAGCCGAGAAAC-1,3772.0,6519.0,L3,0,0.47203717567051456,1,bisquare,7265,1.0,negbinomial,0.28773770824297945,True
ATGGCGGAATAGTCGC-1,11687.0,6658.0,L3,0,0.07973388775756836,1,bisquare,7265,1.0,negbinomial,0.28773770824297945,True
ATGGCTGGAAATGGCC-1,9561.0,3659.0,L3,0,0.37258416154967483,1,bisquare,7265,1.0,negbinomial,0.28773770824297945,True
ATGGGAACGGAAGCGG-1,9218.0,3059.0,L3,0,0.16602307603308447,1,bisquare,7265,1.0,negbinomial,0.28773770824297945,True
ATGGGACCTGCTGAAC-1,5278.0,9876.0,WM,4,0.46128279192443594,1,bisquare,7265,1.0,negbinomial,0.28773770824297945,True
ATGGGCCTCGGCCTCT-1,9413.0,7970.0,L3,0,0.32841602734566117,1,bisquare,7265,1.0,negbinomial,0.28773770824297945,True
ATGGGTGTATACCTCC-1,4796.0,10235.0,L6,3,0.3394341459021803,1,bisquare,7265,1.0,negbinomial,0.28773770824297945,True
ATGGTCGCGTGGTTTC-1,9000.0,7969.0,L4,1,0.2574361346982324,1,bisquare,7265,1.0,negbinomial,0.28773770824297945,True
ATGTAAGGCTGCTCTT-1,10862.0,6417.0,L3,0,0.1590791216999151,1,bisquare,7265,1.0,negbinomial,0.28773770824297945,True
ATGTGAAAGCCTAATG-1,4663.0,8079.0,L5,2,0.19601899426799943,1,bisquare,7265,1.0,negbinomial,0.28773770824297945,True
ATGTGCATCCGACGCA-1,7079.0,5330.0,L3,0,0.34228037280004325,1,bisquare,7265,1.0,negbinomial,0.28773770824297945,True
ATGTGGACATCTTGAT-1,8035.0,8206.0,L5,2,0.3243568768054528,1,bisquare,7265,1.0,negbinomial,0.28773770824297945,True
ATGTGTAGTTTAGTCA-1,7222.0,3174.0,L3,0,0.14084694498011896,1,bisquare,7265,1.0,negbinomial,0.28773770824297945,True
ATGTTACGAGCAATAC-1,5154.0,4367.0,L3,0,0.24280541258580962,1,bisquare,7265,1.0,negbinomial,0.28773770824297945,True
ATGTTCGTCGACCCAC-1,4116.0,6640.0,L3,0,0.4317428685610287,1,bisquare,7265,1.0,negbinomial,0.28773770824297945,True
ATGTTGTAGTCTGTTT-1,6378.0,10358.0,WM,4,0.10896503986720187,1,bisquare,7265,1.0,negbinomial,0.28773770824297945,True
ATGTTTCGGCCCGGAG-1,11756.0,6539.0,L3,0,0.07928042917582205,1,bisquare,7265,1.0,negbinomial,0.28773770824297945,True
ATGTTTGTAAGATCAT-1,10320.0,2823.0,L3,0,0.42579680916386003,1,bisquare,7265,1.0,negbinomial,0.28773770824297945,True
ATTAAACATGCGGACC-1,7211.0,7725.0,L5,2,0.3730312950528226,1,bisquare,7265,1.0,negbinomial,0.28773770824297945,True
ATTAATACTACGCGGG-1,7699.0,5212.0,L3,0,0.32794636631483925,1,bisquare,7265,1.0,negbinomial,0.28773770824297945,True
ATTAATGAACCAGTCG-1,8593.0,5333.0,L3,0,0.201622254352242,1,bisquare,7265,1.0,negbinomial,0.28773770824297945,True
ATTAATTCGGTCACTC-1,7701.0,4253.0,L3,0,0.2117272497717358,1,bisquare,7265,1.0,negbinomial,0.28773770824297945,True
ATTACAACTACCGGCC-1,9147.0,3898.0,L3,0,0.4076955624042036,1,bisquare,7265,1.0,negbinomial,0.28773770824297945,True
ATTACATGTCAGTCTT-1,10581.0,8572.0,L4,1,0.3586973068141895,1,bisquare,7265,1.0,negbinomial,0.28773770824297945,True
ATTACCACACTGCCTG-1,11270.0,8334.0,L3,0,0.5475647841701304,1,bisquare,7265,1.0,negbinomial,0.28773770824297945,True
ATTACGACTCCACAGT-1,11485.0,4861.0,L3,0,0.07131019412150859,1,bisquare,7265,1.0,negbinomial,0.28773770824297945,True
ATTACGCGCTGGCAGG-1,5216.0,7361.0,L5,2,0.17883191114701275,1,bisquare,7265,1.0,negbinomial,0.28773770824297945,True
ATTACTAGCCTCTTGC-1,6185.0,4729.0,L3,0,0.22880454630163247,1,bisquare,7265,1.0,negbinomial,0.28773770824297945,True
ATTACTTACTGGGCAT-1,10039.0,5217.0,L3,0,0.24134213615964922,1,bisquare,7265,1.0,negbinomial,0.28773770824297945,True
ATTAGATTCCTCAGCA-1,10382.0,5577.0,L3,0,0.13573393782208606,1,bisquare,7265,1.0,negbinomial,0.28773770824297945,True
ATTAGATTGATAGCGG-1,6529.0,4849.0,L3,0,0.3018225281698683,1,bisquare,7265,1.0,negbinomial,0.28773770824297945,True
ATTAGGCGATGCTTTC-1,8038.0,7009.0,L3,0,0.5630581693835064,1,bisquare,7265,1.0,negbinomial,0.28773770824297945,True
ATTATACTTTGCTCGT-1,8526.0,4734.0,L3,0,0.24620155278540926,1,bisquare,7265,1.0,negbinomial,0.28773770824297945,True
ATTATAGCTACTTTAC-1,11068.0,6537.0,L3,0,0.18336623792728957,1,bisquare,7265,1.0,negbinomial,0.28773770824297945,True
ATTATCTCGACAGATC-1,7359.0,3414.0,L3,0,0.25424056912991666,1,bisquare,7265,1.0,negbinomial,0.28773770824297945,True
ATTATGCCATAGGGAG-1,6804.0,5090.0,L3,0,0.21058688937721132,1,bisquare,7265,1.0,negbinomial,0.28773770824297945,True
ATTATTATGTCCGTCA-1,5692.0,9638.0,WM,4,0.5574394046670788,1,bisquare,7265,1.0,negbinomial,0.28773770824297945,True
ATTCAACCATTTAAGG-1,10028.0,9529.0,L5,2,0.31963566644895947,1,bisquare,7265,1.0,negbinomial,0.28773770824297945,True
ATTCACTGATGTTGGA-1,7826.0,9284.0,L6,3,0.3553689630468672,1,bisquare,7265,1.0,negbinomial,0.28773770824297945,True
ATTCAGGACCTATTTC-1,9902.0,4977.0,L3,0,0.22361361044692787,1,bisquare,7265,1.0,negbinomial,0.28773770824297945,True
ATTCAGTAGCAGGGTC-1,4875.0,5804.0,L3,0,0.24323226957892963,1,bisquare,7265,1.0,negbinomial,0.28773770824297945,True
ATTCATATACTGTCCA-1,7279.0,8085.0,L5,2,0.2669831073074998,1,bisquare,7265,1.0,negbinomial,0.28773770824297945,True
ATTCATCGTTGAGGCA-1,9270.0,9886.0,L6,3,0.145559509817753,1,bisquare,7265,1.0,negbinomial,0.28773770824297945,True
ATTCCCACATAAACAA-1,4807.0,5684.0,L3,0,0.2873557353655319,1,bisquare,7265,1.0,negbinomial,0.28773770824297945,True
ATTCCTCCGCCAGTGC-1,5840.0,5327.0,L3,0,0.27735963016980864,1,bisquare,7265,1.0,negbinomial,0.28773770824297945,True
ATTCCTTCCAGGCGGT-1,4811.0,3767.0,L3,0,0.12215511571072485,1,bisquare,7265,1.0,negbinomial,0.28773770824297945,True
ATTCGACGCCGGGCCT-1,4941.0,6882.0,L3,0,0.4290843971893588,1,bisquare,7265,1.0,negbinomial,0.28773770824297945,True
ATTCGTGCTATCTCTT-1,10721.0,7614.0,L3,0,0.466744946708353,1,bisquare,7265,1.0,negbinomial,0.28773770824297945,True
ATTCTCGTCTCTTTAG-1,6669.0,3892.0,L3,0,0.11726032337145115,1,bisquare,7265,1.0,negbinomial,0.28773770824297945,True
ATTCTGAGTATGAACT-1,9080.0,3299.0,L3,0,0.29739169481743755,1,bisquare,7265,1.0,negbinomial,0.28773770824297945,True
ATTCTTCGTACTTATG-1,9148.0,3658.0,L3,0,0.26246563003221834,1,bisquare,7265,1.0,negbinomial,0.28773770824297945,True
ATTGAAGATCTTAGTG-1,6526.0,6287.0,L3,0,0.35405440822282697,1,bisquare,7265,1.0,negbinomial,0.28773770824297945,True
ATTGACCGGCGATGAC-1,11003.0,4980.0,L3,0,0.2301713448699682,1,bisquare,7265,1.0,negbinomial,0.28773770824297945,True
ATTGACGTAACTCGGT-1,8116.0,3536.0,L3,0,0.27611737641120754,1,bisquare,7265,1.0,negbinomial,0.28773770824297945,True
ATTGATAGCAACGAGA-1,4673.0,4007.0,L3,0,0.21345857812905117,1,bisquare,7265,1.0,negbinomial,0.28773770824297945,True
ATTGATCACCACATTT-1,3698.0,8795.0,L5,2,0.24021998070662456,1,bisquare,7265,1.0,negbinomial,0.28773770824297945,True
ATTGATGAGTCCTAAC-1,9967.0,6534.0,L3,0,0.3800054633255425,1,bisquare,7265,1.0,negbinomial,0.28773770824297945,True
ATTGCCTTTATGTTTG-1,8925.0,10245.0,L6,3,0.13624364866467653,1,bisquare,7265,1.0,negbinomial,0.28773770824297945,True
ATTGCGATCAGTAACT-1,9962.0,8690.0,L4,1,0.38158002725566587,1,bisquare,7265,1.0,negbinomial,0.28773770824297945,True
ATTGCTGCTCCTCCAT-1,6112.0,6765.0,L3,0,0.5780235163508798,1,bisquare,7265,1.0,negbinomial,0.28773770824297945,True
ATTGGATTACAGCGTA-1,10167.0,9050.0,L5,2,0.3448682862535867,1,bisquare,7265,1.0,negbinomial,0.28773770824297945,True
ATTGGGAATATCTTGG-1,6738.0,4012.0,L3,0,0.1318475617740051,1,bisquare,7265,1.0,negbinomial,0.28773770824297945,True
ATTGGTAGGATCCGCT-1,3361.0,5560.0,L3,0,0.12574903988080002,1,bisquare,7265,1.0,negbinomial,0.28773770824297945,True
ATTGTACAACTCGGCT-1,10241.0,6775.0,L3,0,0.25885721181489274,1,bisquare,7265,1.0,negbinomial,0.28773770824297945,True
ATTGTCGCAATACCTT-1,9008.0,4376.0,L3,0,0.28168602307342056,1,bisquare,7265,1.0,negbinomial,0.28773770824297945,True
ATTGTTCAACGATCCG-1,11613.0,8934.0,L3,0,0.2378736959448342,1,bisquare,7265,1.0,negbinomial,0.28773770824297945,True
ATTTAACTCGTATTAC-1,6737.0,4251.0,L3,0,0.3266320842595314,1,bisquare,7265,1.0,negbinomial,0.28773770824297945,True
ATTTACAGTTTACTGG-1,5769.0,6165.0,L3,0,0.19370717532532628,1,bisquare,7265,1.0,negbinomial,0.28773770824297945,True
ATTTACTAAGTCCATT-1,10793.0,6297.0,L3,0,0.09322663502206428,1,bisquare,7265,1.0,negbinomial,0.28773770824297945,True
ATTTCATTATTTCGCG-1,8527.0,4255.0,L3,0,0.4100892571118939,1,bisquare,7265,1.0,negbinomial,0.28773770824297945,True
ATTTCCGGGTTCTGCG-1,5555.0,9159.0,L6,3,0.21793451487544624,1,bisquare,7265,1.0,negbinomial,0.28773770824297945,True
ATTTGCGCGAGTAGCT-1,5281.0,8918.0,L6,3,0.24424693577607193,1,bisquare,7265,1.0,negbinomial,0.28773770824297945,True
ATTTGTCTTGGGAGCT-1,8932.0,7370.0,L3,0,0.5161817874274249,1,bisquare,7265,1.0,negbinomial,0.28773770824297945,True
ATTTGTTCCAGGGCTC-1,8044.0,4853.0,L3,0,0.1930013550535452,1,bisquare,7265,1.0,negbinomial,0.28773770824297945,True
CAAACCAGGTCTGCAT-1,3152.0,6877.0,L3,0,0.34839822264225195,1,bisquare,7265,1.0,negbinomial,0.28773770824297945,True
CAAACGAGTATCGCAG-1,6384.0,8202.0,L5,2,0.36657769723358696,1,bisquare,7265,1.0,negbinomial,0.28773770824297945,True
CAAACGGTCGCACTTT-1,5907.0,6165.0,L3,0,0.30513452959954784,1,bisquare,7265,1.0,negbinomial,0.28773770824297945,True
CAAACGTGGTCTTGCG-1,8530.0,3058.0,L3,0,0.21255601105455715,1,bisquare,7265,1.0,negbinomial,0.28773770824297945,True
CAAACTACGATAGAGA-1,8940.0,4017.0,L3,0,0.30627665617372757,1,bisquare,7265,1.0,negbinomial,0.28773770824297945,True
CAAACTATTGAGCTTC-1,8321.0,3896.0,L3,0,0.2205519542054688,1,bisquare,7265,1.0,negbinomial,0.28773770824297945,True
CAAACTCGCGACGCCG-1,10789.0,7974.0,L3,0,0.4527238794277149,1,bisquare,7265,1.0,negbinomial,0.28773770824297945,True
CAAAGATTATTGGGCC-1,5211.0,9277.0,L6,3,0.42019731321458614,1,bisquare,7265,1.0,negbinomial,0.28773770824297945,True
CAAAGGTCATCTGAAA-1,11684.0,8095.0,L3,0,0.525703937359086,1,bisquare,7265,1.0,negbinomial,0.28773770824297945,True
CAAATCTCTCACAAGG-1,4801.0,7839.0,L5,2,0.2752195089340716,1,bisquare,7265,1.0,negbinomial,0.28773770824297945,True
CAAATGTCCTTCCGTG-1,6797.0,7964.0,L5,2,0.24597365936994153,1,bisquare,7265,1.0,negbinomial,0.28773770824297945,True
CAAATTGGATTATGCC-1,11140.0,5220.0,L3,0,0.29751505668630024,1,bisquare,7265,1.0,negbinomial,0.28773770824297945,True
CAAATTGTCAGCAAGC-1,7770.0,4134.0,L3,0,0.24636646815640315,1,bisquare,7265,1.0,negbinomial,0.28773770824297945,True
CAACACATCTCCTGCC-1,11412.0,6418.0,L3,0,0.09824043393572798,1,bisquare,7265,1.0,negbinomial,0.28773770824297945,True
CAACAGAATAACGCTA-1,9563.0,2701.0,L3,0,0.4442120539584455,1,bisquare,7265,1.0,negbinomial,0.28773770824297945,True
CAACCTACCGAGCAGT-1,10234.0,9888.0,L5,2,0.34979907189099296,1,bisquare,7265,1.0,negbinomial,0.28773770824297945,True
CAACCTGAACCTGCCA-1,11621.0,5580.0,L3,0,0.08284345231704719,1,bisquare,7265,1.0,negbinomial,0.28773770824297945,True
CAACGACCCGTTTACA-1,6598.0,4969.0,L3,0,0.213163217126429,1,bisquare,7265,1.0,negbinomial,0.28773770824297945,True
CAACGGTTCTTGATAC-1,5772.0,4728.0,L3,0,0.20127749380050827,1,bisquare,7265,1.0,negbinomial,0.28773770824297945,True
CAACGTGGTGGAGTCT-1,10924.0,9171.0,L5,2,0.42164551755212415,1,bisquare,7265,1.0,negbinomial,0.28773770824297945,True
CAACTATATCGAATGC-1,8595.0,4375.0,L3,0,0.40181313267540025,1,bisquare,7265,1.0,negbinomial,0.28773770824297945,True
CAACTCCAACGTTTAG-1,9080.0,3059.0,L3,0,0.1895239270280807,1,bisquare,7265,1.0,negbinomial,0.28773770824297945,True
CAACTCCTTGATCCCG-1,6323.0,4729.0,L3,0,0.25070998933052985,1,bisquare,7265,1.0,negbinomial,0.28773770824297945,True
CAACTGCTCATCCGAT-1,6931.0,9641.0,WM,4,0.46052967563429037,1,bisquare,7265,1.0,negbinomial,0.28773770824297945,True
CAACTTGTAGTGGGCA-1,5982.0,3650.0,L3,0,0.14843724970714603,1,bisquare,7265,1.0,negbinomial,0.28773770824297945,True
CAAGACTCAGAAGCGC-1,11826.0,6180.0,L3,0,0.05508395004576413,1,bisquare,7265,1.0,negbinomial,0.28773770824297945,True
CAAGAGGGCGGAGTAC-1,8242.0,8087.0,L5,2,0.20369825997069768,1,bisquare,7265,1.0,negbinomial,0.28773770824297945,True
CAAGATATTATAACGT-1,9275.0,7970.0,L4,1,0.393532506708458,1,bisquare,7265,1.0,negbinomial,0.28773770824297945,True
CAAGCAACGTCGGAGT-1,5768.0,6405.0,L3,0,0.39708932083249876,1,bisquare,7265,1.0,negbinomial,0.28773770824297945,True
CAAGCACCAAATGCCT-1,7700.0,4732.0,L3,0,0.29220931619612733,1,bisquare,7265,1.0,negbinomial,0.28773770824297945,True
CAAGCGGCACATAATT-1,8102.0,9045.0,L6,3,0.26033419679961434,1,bisquare,7265,1.0,negbinomial,0.28773770824297945,True
CAAGGATCGCATGTTC-1,7831.0,7368.0,L3,0,0.3467014829454379,1,bisquare,7265,1.0,negbinomial,0.28773770824297945,True
CAAGGTCCTATAGGCT-1,10724.0,6656.0,L3,0,0.4393472587115032,1,bisquare,7265,1.0,negbinomial,0.28773770824297945,True
CAAGTGAACTTTGGTT-1,6877.0,3293.0,L3,0,0.2620523474120068,1,bisquare,7265,1.0,negbinomial,0.28773770824297945,True
CAAGTGTGGTTGCAAA-1,9621.0,7372.0,L3,0,0.5826309548106211,1,bisquare,7265,1.0,negbinomial,0.28773770824297945,True
CAATAAACCTTGGCCC-1,8248.0,5692.0,L3,0,0.2569238249221163,1,bisquare,7265,1.0,negbinomial,0.28773770824297945,True
CAATACGAGAGTCTGA-1,11409.0,7855.0,L3,0,0.572821958863647,1,bisquare,7265,1.0,negbinomial,0.28773770824297945,True
CAATACGCTCTGAGGC-1,3839.0,7358.0,L3,0,0.1949097685051022,1,bisquare,7265,1.0,negbinomial,0.28773770824297945,True
CAATATGTAGATTTAC-1,10388.0,3182.0,L3,0,0.2756158167657162,1,bisquare,7265,1.0,negbinomial,0.28773770824297945,True
CAATATTCTTGACCTA-1,5900.0,9040.0,L6,3,0.2413771163598733,1,bisquare,7265,1.0,negbinomial,0.28773770824297945,True
CAATCCCTATACCAGC-1,9216.0,4018.0,L3,0,0.23911926889196475,1,bisquare,7265,1.0,negbinomial,0.28773770824297945,True
CAATCCTGCCGTGGAG-1,4810.0,4246.0,L3,0,0.2195912233882093,1,bisquare,7265,1.0,negbinomial,0.28773770824297945,True
CAATGAGGTTCGACTA-1,11344.0,6059.0,L3,0,0.11565614989270052,1,bisquare,7265,1.0,negbinomial,0.28773770824297945,True
CAATGCGAGAAGTATC-1,8791.0,9047.0,L5,2,0.3949541347147921,1,bisquare,7265,1.0,negbinomial,0.28773770824297945,True
CAATGGAATCTACATA-1,9423.0,3659.0,L3,0,0.31685705763204314,1,bisquare,7265,1.0,negbinomial,0.28773770824297945,True
CAATGGATCTCTACCA-1,9073.0,5933.0,L3,0,0.3443160159766818,1,bisquare,7265,1.0,negbinomial,0.28773770824297945,True
CAATGGTCGGCCTGGG-1,7015.0,3294.0,L3,0,0.22513118278225527,1,bisquare,7265,1.0,negbinomial,0.28773770824297945,True
CAATGTGCCAACCCTT-1,11067.0,7016.0,L3,0,0.29654631197756703,1,bisquare,7265,1.0,negbinomial,0.28773770824297945,True
CAATTAAGGGTGATGA-1,7628.0,6050.0,L3,0,0.42388857653881146,1,bisquare,7265,1.0,negbinomial,0.28773770824297945,True
CAATTTCGTATAAGGG-1,7488.0,7007.0,L3,0,0.37455809015409686,1,bisquare,7265,1.0,negbinomial,0.28773770824297945,True
CACAATGAGCTGCTAT-1,6592.0,7604.0,L5,2,0.31018155662783636,1,bisquare,7265,1.0,negbinomial,0.28773770824297945,True
CACACACGCTAACGAG-1,10236.0,9170.0,L5,2,0.24153964853273355,1,bisquare,7265,1.0,negbinomial,0.28773770824297945,True
CACACAGCTTGCGCTC-1,11064.0,8214.0,L3,0,0.5823533767219021,1,bisquare,7265,1.0,negbinomial,0.28773770824297945,True
CACACAGGGATAGATT-1,5013.0,5564.0,L3,0,0.17610593645688175,1,bisquare,7265,1.0,negbinomial,0.28773770824297945,True
CACACGCGCTGTCTTA-1,9278.0,6533.0,L3,0,0.2610714030061696,1,bisquare,7265,1.0,negbinomial,0.28773770824297945,True
CACACGTTTCAATGGG-1,9286.0,3179.0,L3,0,0.3375766602319715,1,bisquare,7265,1.0,negbinomial,0.28773770824297945,True
CACAGAGACGAGGACG-1,4520.0,10234.0,L6,3,0.1836241250644317,1,bisquare,7265,1.0,negbinomial,0.28773770824297945,True
CACAGCACCCACGGCA-1,7214.0,6288.0,L3,0,0.5208027720193775,1,bisquare,7265,1.0,negbinomial,0.28773770824297945,True
CACAGCTAGGGAGTGA-1,7286.0,4971.0,L3,0,0.18168596149181093,1,bisquare,7265,1.0,negbinomial,0.28773770824297945,True
CACAGGGCCATATAGT-1,9822.0,9408.0,L5,2,0.41311750627368976,1,bisquare,7265,1.0,negbinomial,0.28773770824297945,True
CACAGGGCCGTTGTCA-1,7274.0,10001.0,WM,4,0.13950573116652368,1,bisquare,7265,1.0,negbinomial,0.28773770824297945,True
CACAGTCCCGCTTCGC-1,10854.0,9770.0,L5,2,0.2859875280743442,1,bisquare,7265,1.0,negbinomial,0.28773770824297945,True
CACAGTTCGCTTCCCA-1,10993.0,9052.0,L4,1,0.24531899740311272,1,bisquare,7265,1.0,negbinomial,0.28773770824297945,True
CACATATTAGCAGGAT-1,8173.0,8207.0,L5,2,0.22632969740067693,1,bisquare,7265,1.0,negbinomial,0.28773770824297945,True
CACATCGTGCACGCGC-1,5760.0,9758.0,WM,4,0.47949881002718964,1,bisquare,7265,1.0,negbinomial,0.28773770824297945,True
CACATCTCACCGACGA-1,8308.0,9405.0,L6,3,0.31701828049121267,1,bisquare,7265,1.0,negbinomial,0.28773770824297945,True
CACATGATTCAGCAAC-1,7556.0,7127.0,L3,0,0.3311838585631318,1,bisquare,7265,1.0,negbinomial,0.28773770824297945,True
CACATGTTTGGACATG-1,4398.0,3766.0,L3,0,0.08815905459678125,1,bisquare,7265,1.0,negbinomial,0.28773770824297945,True
CACATTCTTTCGATGG-1,9352.0,4736.0,L3,0,0.1963680930856801,1,bisquare,7265,1.0,negbinomial,0.28773770824297945,True
CACATTTCTTGTCAGA-1,10583.0,7853.0,L3,0,0.43995756399439606,1,bisquare,7265,1.0,negbinomial,0.28773770824297945,True
CACCACGCCACACAGA-1,3701.0,7358.0,L3,0,0.15851409004792233,1,bisquare,7265,1.0,negbinomial,0.28773770824297945,True
CACCAGTCAGCATGCA-1,4659.0,9755.0,L6,3,0.2537872902092088,1,bisquare,7265,1.0,negbinomial,0.28773770824297945,True
CACCATCGGAGGAGAC-1,7358.0,3893.0,L3,0,0.15805356154947575,1,bisquare,7265,1.0,negbinomial,0.28773770824297945,True
CACCCAAATCTTATGT-1,10379.0,6775.0,L3,0,0.4277644725204597,1,bisquare,7265,1.0,negbinomial,0.28773770824297945,True
CACCCACACGTCACCC-1,6117.0,4609.0,L3,0,0.1903117143213359,1,bisquare,7265,1.0,negbinomial,0.28773770824297945,True
CACCCACGAGGCAATT-1,9076.0,4975.0,L3,0,0.31075902524969956,1,bisquare,7265,1.0,negbinomial,0.28773770824297945,True
CACCCGGTTTGTGACT-1,5831.0,8920.0,L6,3,0.2090625691654181,1,bisquare,7265,1.0,negbinomial,0.28773770824297945,True
CACCCTAACAAGATCT-1,8652.0,9286.0,L5,2,0.33139908716608935,1,bisquare,7265,1.0,negbinomial,0.28773770824297945,True
CACCCTTGGTGAGACC-1,4249.0,8557.0,L5,2,0.08796237748191749,1,bisquare,7265,1.0,negbinomial,0.28773770824297945,True
CACCCTTTCCTCGCTC-1,5913.0,3531.0,L3,0,0.28716428635668906,1,bisquare,7265,1.0,negbinomial,0.28773770824297945,True
CACCGATACACCGAGC-1,8941.0,3777.0,L3,0,0.2735813175541913,1,bisquare,7265,1.0,negbinomial,0.28773770824297945,True
CACCGCCAGAAGGTTT-1,7215.0,5809.0,L3,0,0.4024131734528352,1,bisquare,7265,1.0,negbinomial,0.28773770824297945,True
CACCGCCGACCAGCGA-1,7771.0,3655.0,L3,0,0.28876623009214614,1,bisquare,7265,1.0,negbinomial,0.28773770824297945,True
CACCGCGTCCACTCTA-1,10316.0,4499.0,L3,0,0.35623906338451905,1,bisquare,7265,1.0,negbinomial,0.28773770824297945,True
CACCGGAGATATCTCC-1,9561.0,3420.0,L3,0,0.23187789512724724,1,bisquare,7265,1.0,negbinomial,0.28773770824297945,True
CACCGTATCCCATCCG-1,10305.0,8811.0,L4,1,0.3014695652695961,1,bisquare,7265,1.0,negbinomial,0.28773770824297945,True
CACCGTTAGGGATCAC-1,5694.0,8919.0,L6,3,0.20731058854729148,1,bisquare,7265,1.0,negbinomial,0.28773770824297945,True
CACCGTTGCGCGATAT-1,5145.0,8199.0,L5,2,0.3782354969580131,1,bisquare,7265,1.0,negbinomial,0.28773770824297945,True
CACCTAATAGAGTCGT-1,4878.0,4606.0,L3,0,0.22920318092145597,1,bisquare,7265,1.0,negbinomial,0.28773770824297945,True
CACCTAATCAGTTTAC-1,8112.0,4973.0,L3,0,0.21646963868363148,1,bisquare,7265,1.0,negbinomial,0.28773770824297945,True
CACCTCGATGGTGGAC-1,7975.0,4733.0,L3,0,0.18706045862624673,1,bisquare,7265,1.0,negbinomial,0.28773770824297945,True
CACCTTGCGAAACTCG-1,8937.0,5454.0,L3,0,0.32512975873762956,1,bisquare,7265,1.0,negbinomial,0.28773770824297945,True
CACCTTGGCGCCTTTG-1,10239.0,7733.0,L3,0,0.33834485479192816,1,bisquare,7265,1.0,negbinomial,0.28773770824297945,True
CACGAAAGTTAGTCCC-1,5149.0,6523.0,L3,0,0.29965564277620205,1,bisquare,7265,1.0,negbinomial,0.28773770824297945,True
CACGCACAGCGCAGCT-1,8111.0,5452.0,L3,0,0.48124372247105646,1,bisquare,7265,1.0,negbinomial,0.28773770824297945,True
CACGCAGCGAGGCTTT-1,6113.0,6286.0,L3,0,0.43547919299818855,1,bisquare,7265,1.0,negbinomial,0.28773770824297945,True
CACGCGGAACTGTTGC-1,9895.0,7612.0,L3,0,0.4996498054272014,1,bisquare,7265,1.0,negbinomial,0.28773770824297945,True
CACGGACGTGGATGGC-1,11621.0,5341.0,L3,0,0.06560609974831559,1,bisquare,7265,1.0,negbinomial,0.28773770824297945,True
CACGGCGCGCCAAAGG-1,10247.0,4379.0,L3,0,0.2765292423847871,1,bisquare,7265,1.0,negbinomial,0.28773770824297945,True
CACGGGATTGAGGGTT-1,3910.0,6280.0,L3,0,0.34956908441714724,1,bisquare,7265,1.0,negbinomial,0.28773770824297945,True
CACGTCGGCAACCTCT-1,5695.0,8440.0,L5,2,0.22968122259854884,1,bisquare,7265,1.0,negbinomial,0.28773770824297945,True
CACGTCTATGATGTGG-1,9699.0,3420.0,L3,0,0.18984975672013377,1,bisquare,7265,1.0,negbinomial,0.28773770824297945,True
CACGTTCGTGCTCTAG-1,8727.0,7010.0,L3,0,0.2818765669070834,1,bisquare,7265,1.0,negbinomial,0.28773770824297945,True
CACGTTTCGTACACAC-1,9410.0,9168.0,L5,2,0.24744925391846165,1,bisquare,7265,1.0,negbinomial,0.28773770824297945,True
CACTAAAGTTGCCTAT-1,6662.0,6766.0,L3,0,0.5496180661127389,1,bisquare,7265,1.0,negbinomial,0.28773770824297945,True
CACTACGGGAGCTGCC-1,10510.0,9650.0,L5,2,0.35813658153020556,1,bisquare,7265,1.0,negbinomial,0.28773770824297945,True
CACTACTCAGTTCTGT-1,8323.0,3177.0,L3,0,0.11449954129184062,1,bisquare,7265,1.0,negbinomial,0.28773770824297945,True
CACTCAAGAGCTATGG-1,7074.0,7246.0,L4,1,0.2471698232289775,1,bisquare,7265,1.0,negbinomial,0.28773770824297945,True
CACTCAGCTCTTGAGG-1,8046.0,3895.0,L3,0,0.20724438544690105,1,bisquare,7265,1.0,negbinomial,0.28773770824297945,True
CACTCCTATGTAAGAT-1,5624.0,9278.0,L6,3,0.2872817491476672,1,bisquare,7265,1.0,negbinomial,0.28773770824297945,True
CACTCCTCTCGGTCGG-1,9146.0,4377.0,L3,0,0.44367525210179587,1,bisquare,7265,1.0,negbinomial,0.28773770824297945,True
CACTCGAGCTGAACAA-1,8242.0,8327.0,L5,2,0.37489935302255784,1,bisquare,7265,1.0,negbinomial,0.28773770824297945,True
CACTCGGTTAGGAGGA-1,4047.0,6760.0,L3,0,0.4098754137949292,1,bisquare,7265,1.0,negbinomial,0.28773770824297945,True
CACTCTTCTGCTAGCC-1,10097.0,9649.0,L5,2,0.24829303326107915,1,bisquare,7265,1.0,negbinomial,0.28773770824297945,True
CACTGACGATTGTGGA-1,6654.0,10359.0,WM,4,0.1459931735395905,1,bisquare,7265,1.0,negbinomial,0.28773770824297945,True
CACTGTCCAAGTGAGA-1,6116.0,4848.0,L3,0,0.21516594738711467,1,bisquare,7265,1.0,negbinomial,0.28773770824297945,True
CACTTAATCAGACGGA-1,6456.0,6646.0,L3,0,0.4286299718560282,1,bisquare,7265,1.0,negbinomial,0.28773770824297945,True
CACTTCGCCACAGGCT-1,5290.0,5086.0,L3,0,0.209743057081076,1,bisquare,7265,1.0,negbinomial,0.28773770824297945,True
CACTTCGTCTTATCTC-1,4122.0,4245.0,L3,0,0.14257896973246725,1,bisquare,7265,1.0,negbinomial,0.28773770824297945,True
CAGAACTTAGCCCTCT-1,8997.0,8927.0,L5,2,0.36029385804402303,1,bisquare,7265,1.0,negbinomial,0.28773770824297945,True
CAGAATAACACACGGA-1,10786.0,9171.0,L5,2,0.41712952572720974,1,bisquare,7265,1.0,negbinomial,0.28773770824297945,True
CAGAATATTCGTTATC-1,11683.0,8574.0,L3,0,0.1862356588413252,1,bisquare,7265,1.0,negbinomial,0.28773770824297945,True
CAGACACCGATCGCTG-1,6657.0,8922.0,L6,3,0.3786723718712773,1,bisquare,7265,1.0,negbinomial,0.28773770824297945,True
CAGACCTGTAAGTGTT-1,9967.0,6295.0,L3,0,0.2049787825656378,1,bisquare,7265,1.0,negbinomial,0.28773770824297945,True
CAGACGAACCTGATAC-1,6589.0,8562.0,L5,2,0.18708707278069647,1,bisquare,7265,1.0,negbinomial,0.28773770824297945,True
CAGAGACGGTCACCCA-1,7071.0,8683.0,L6,3,0.2552331183599519,1,bisquare,7265,1.0,negbinomial,0.28773770824297945,True
CAGAGCATGAGCTTGC-1,7973.0,5691.0,L3,0,0.18015476781592635,1,bisquare,7265,1.0,negbinomial,0.28773770824297945,True
CAGAGGCGATGCATGA-1,6450.0,9041.0,L6,3,0.32632930973948227,1,bisquare,7265,1.0,negbinomial,0.28773770824297945,True
CAGAGTGATTTAACGT-1,7909.0,3655.0,L3,0,0.17685823020430966,1,bisquare,7265,1.0,negbinomial,0.28773770824297945,True
CAGATACTAACATAGT-1,6321.0,5687.0,L3,0,0.25742588192165755,1,bisquare,7265,1.0,negbinomial,0.28773770824297945,True
CAGATCATTTAAAGTC-1,10589.0,5218.0,L3,0,0.3915969753812217,1,bisquare,7265,1.0,negbinomial,0.28773770824297945,True
CAGATCCTGGTTTGAA-1,4316.0,9156.0,L5,2,0.1595226362394776,1,bisquare,7265,1.0,negbinomial,0.28773770824297945,True
CAGCAGCCCGTTCCTT-1,8523.0,5932.0,L3,0,0.2492395583668135,1,bisquare,7265,1.0,negbinomial,0.28773770824297945,True
CAGCAGTCCAGACTAT-1,10031.0,8571.0,L4,1,0.2807540734841331,1,bisquare,7265,1.0,negbinomial,0.28773770824297945,True
CAGCAGTCTGTGCTGC-1,8238.0,10003.0,WM,4,0.3116878148163664,1,bisquare,7265,1.0,negbinomial,0.28773770824297945,True
CAGCCCTCACAGGCAG-1,7498.0,2936.0,L3,0,0.2865978005690788,1,bisquare,7265,1.0,negbinomial,0.28773770824297945,True
CAGCCGGGCCCTCTAT-1,9009.0,3897.0,L3,0,0.30260085828041833,1,bisquare,7265,1.0,negbinomial,0.28773770824297945,True
CAGCCTCCTGCAGAGG-1,8455.0,5333.0,L3,0,0.2545828107341555,1,bisquare,7265,1.0,negbinomial,0.28773770824297945,True
CAGCCTCTCCTCAAGA-1,9697.0,4378.0,L3,0,0.30594416796700813,1,bisquare,7265,1.0,negbinomial,0.28773770824297945,True
CAGCGATTCCCTTCAA-1,6107.0,8920.0,L6,3,0.3749726079092377,1,bisquare,7265,1.0,negbinomial,0.28773770824297945,True
CAGCTCACTGAGACAT-1,7214.0,6528.0,L3,0,0.2391136161354191,1,bisquare,7265,1.0,negbinomial,0.28773770824297945,True
CAGCTCGACAAGTTAA-1,9349.0,5934.0,L3,0,0.2542827227437377,1,bisquare,7265,1.0,negbinomial,0.28773770824297945,True
CAGCTCGTGCTTGTGT-1,6049.0,4249.0,L3,0,0.15017917279847576,1,bisquare,7265,1.0,negbinomial,0.28773770824297945,True
CAGCTGGCGTAACCGT-1,4663.0,8318.0,L5,2,0.18077602361283196,1,bisquare,7265,1.0,negbinomial,0.28773770824297945,True
CAGCTTAGTAGGTAGC-1,5080.0,6403.0,L3,0,0.37877276140047317,1,bisquare,7265,1.0,negbinomial,0.28773770824297945,True
CAGGAAGACTTTATAT-1,9009.0,4137.0,L3,0,0.21857052325250786,1,bisquare,7265,1.0,negbinomial,0.28773770824297945,True
CAGGACAGCTGCCCTT-1,11893.0,6779.0,L3,0,0.08445898544368682,1,bisquare,7265,1.0,negbinomial,0.28773770824297945,True
CAGGATATATCGTTGT-1,7279.0,7845.0,L5,2,0.28667169226855393,1,bisquare,7265,1.0,negbinomial,0.28773770824297945,True
CAGGCCGTTTGGGTGT-1,6111.0,7244.0,L4,1,0.3792085060644171,1,bisquare,7265,1.0,negbinomial,0.28773770824297945,True
CAGGCGCACGGTGGTC-1,5073.0,9277.0,L6,3,0.24720243679871615,1,bisquare,7265,1.0,negbinomial,0.28773770824297945,True
CAGGCGCCATGCTAGG-1,8173.0,8446.0,L5,2,0.3489858972521758,1,bisquare,7265,1.0,negbinomial,0.28773770824297945,True
CAGTAACTATTTATTG-1,10108.0,4858.0,L3,0,0.20988378224598017,1,bisquare,7265,1.0,negbinomial,0.28773770824297945,True
CAGTAATCCCTCCCAG-1,4877.0,5085.0,L3,0,0.32766038784370854,1,bisquare,7265,1.0,negbinomial,0.28773770824297945,True
CAGTACATTCTCTAAA-1,10177.0,4978.0,L3,0,0.36716111539520113,1,bisquare,7265,1.0,negbinomial,0.28773770824297945,True
CAGTACCAGTTTACGT-1,4387.0,8317.0,L5,2,0.18802246278630608,1,bisquare,7265,1.0,negbinomial,0.28773770824297945,True
CAGTAGCCCACGCGGT-1,9418.0,5575.0,L3,0,0.36653257977280557,1,bisquare,7265,1.0,negbinomial,0.28773770824297945,True
CAGTCGAGGATGCAAT-1,9969.0,5576.0,L3,0,0.1598425953031046,1,bisquare,7265,1.0,negbinomial,0.28773770824297945,True
CAGTCTCTCGGCTAAT-1,5088.0,3289.0,L3,0,0.15746865060984763,1,bisquare,7265,1.0,negbinomial,0.28773770824297945,True
CAGTCTGTATACTGGG-1,7693.0,7607.0,L4,1,0.26504563210474885,1,bisquare,7265,1.0,negbinomial,0.28773770824297945,True
CAGTGAATAAATGACT-1,8868.0,5574.0,L3,0,0.3310302231768291,1,bisquare,7265,1.0,negbinomial,0.28773770824297945,True
CAGTGGTTGCACATGA-1,4672.0,4486.0,L3,0,0.23118861068293609,1,bisquare,7265,1.0,negbinomial,0.28773770824297945,True
CAGTGTCCGCAGAATG-1,5705.0,4368.0,L3,0,0.18888561929730122,1,bisquare,7265,1.0,negbinomial,0.28773770824297945,True
CAGTGTCGGCTGGCCC-1,9479.0,8809.0,L5,2,0.33149367202936575,1,bisquare,7265,1.0,negbinomial,0.28773770824297945,True
CAGTTCAAATTGACAC-1,6664.0,6047.0,L3,0,0.33951342606813745,1,bisquare,7265,1.0,negbinomial,0.28773770824297945,True
CAGTTCCGCGGGTCGA-1,4944.0,5684.0,L3,0,0.2792917459737135,1,bisquare,7265,1.0,negbinomial,0.28773770824297945,True
CATAACGGACAGTCGT-1,9622.0,6893.0,L3,0,0.39473820058921366,1,bisquare,7265,1.0,negbinomial,0.28773770824297945,True
CATAAGAAGCTTGGCT-1,8101.0,9524.0,L6,3,0.32955249752533716,1,bisquare,7265,1.0,negbinomial,0.28773770824297945,True
CATAAGCTCTCCGTCT-1,4114.0,7598.0,L4,1,0.2726969737356108,1,bisquare,7265,1.0,negbinomial,0.28773770824297945,True
CATAATGAGCGGGCGA-1,6327.0,3292.0,L3,0,0.1736118988599767,1,bisquare,7265,1.0,negbinomial,0.28773770824297945,True
CATACAAAGCCGAACC-1,5567.0,4129.0,L3,0,0.26560297359101087,1,bisquare,7265,1.0,negbinomial,0.28773770824297945,True
CATACACGGTTCCCAC-1,6930.0,9880.0,WM,4,0.23073211887931344,1,bisquare,7265,1.0,negbinomial,0.28773770824297945,True
CATACCCGTACCCAGT-1,5285.0,7002.0,L4,1,0.36119097897687946,1,bisquare,7265,1.0,negbinomial,0.28773770824297945,True
CATACGAACTAGCTGG-1,5277.0,10356.0,WM,4,0.26874994450664336,1,bisquare,7265,1.0,negbinomial,0.28773770824297945,True
CATACGGCGTCTGGGC-1,7487.0,7247.0,L4,1,0.21900120125268296,1,bisquare,7265,1.0,negbinomial,0.28773770824297945,True
CATACTATGTAATTGT-1,6456.0,6885.0,L3,0,0.5655039842686783,1,bisquare,7265,1.0,negbinomial,0.28773770824297945,True
CATACTTAGGCAATAC-1,10929.0,7016.0,L3,0,0.32363799175281927,1,bisquare,7265,1.0,negbinomial,0.28773770824297945,True
CATAGCCGCCCGGGAT-1,4669.0,5683.0,L3,0,0.3067828878979157,1,bisquare,7265,1.0,negbinomial,0.28773770824297945,True
CATAGCGTTGCCCACC-1,6037.0,9040.0,L6,3,0.2520635630215562,1,bisquare,7265,1.0,negbinomial,0.28773770824297945,True
CATAGTACATTGAGAG-1,8458.0,4375.0,L3,0,0.250870426186066,1,bisquare,7265,1.0,negbinomial,0.28773770824297945,True
CATAGTAGCATAGTAG-1,6254.0,4849.0,L3,0,0.25249011000592053,1,bisquare,7265,1.0,negbinomial,0.28773770824297945,True
CATAGTCCACAAGAAC-1,5283.0,7960.0,L5,2,0.4212078790024048,1,bisquare,7265,1.0,negbinomial,0.28773770824297945,True
CATATACTACTGATAA-1,10178.0,4738.0,L3,0,0.25056176434847044,1,bisquare,7265,1.0,negbinomial,0.28773770824297945,True
CATATAGGTACAGTCA-1,6935.0,7725.0,L5,2,0.23250759289348658,1,bisquare,7265,1.0,negbinomial,0.28773770824297945,True
CATATGTCAGGCTACG-1,4800.0,8318.0,L5,2,0.274928177286003,1,bisquare,7265,1.0,negbinomial,0.28773770824297945,True
CATATTATTTGCCCTA-1,8597.0,3657.0,L3,0,0.18224511143925995,1,bisquare,7265,1.0,negbinomial,0.28773770824297945,True
CATCAACACCTACTAA-1,3640.0,4363.0,L3,0,0.09667697355358473,1,bisquare,7265,1.0,negbinomial,0.28773770824297945,True
CATCATCTACCCGGAC-1,7908.0,3895.0,L3,0,0.21095671718218936,1,bisquare,7265,1.0,negbinomial,0.28773770824297945,True
CATCATTACCCTGAGG-1,9617.0,8809.0,L5,2,0.33109720768040185,1,bisquare,7265,1.0,negbinomial,0.28773770824297945,True
CATCCGCAGGCCCGAA-1,4190.0,4365.0,L3,0,0.10054428639338803,1,bisquare,7265,1.0,negbinomial,0.28773770824297945,True
CATCCTCTCAAAGATC-1,9479.0,9048.0,L5,2,0.34328656331124413,1,bisquare,7265,1.0,negbinomial,0.28773770824297945,True
CATCGCCCGCGGCCAA-1,6187.0,4250.0,L3,0,0.19462636683905457,1,bisquare,7265,1.0,negbinomial,0.28773770824297945,True
CATCGGACGGGTTAAT-1,7142.0,7605.0,L5,2,0.3934341520929635,1,bisquare,7265,1.0,negbinomial,0.28773770824297945,True
CATCGTCCGGTTACTA-1,3913.0,5322.0,L3,0,0.24171731721953596,1,bisquare,7265,1.0,negbinomial,0.28773770824297945,True
CATCTAGTGAAGGGAA-1,11478.0,7975.0,L3,0,0.3770999012705781,1,bisquare,7265,1.0,negbinomial,0.28773770824297945,True
CATCTATCCCGTGTCT-1,10040.0,4738.0,L3,0,0.3075509644677309,1,bisquare,7265,1.0,negbinomial,0.28773770824297945,True
CATCTGCAGGATCATT-1,3705.0,5920.0,L3,0,0.09909886076827795,1,bisquare,7265,1.0,negbinomial,0.28773770824297945,True
CATCTTACACCACCTC-1,9966.0,7013.0,L3,0,0.4408533791965102,1,bisquare,7265,1.0,negbinomial,0.28773770824297945,True
CATGAACCGACATTTG-1,6119.0,3890.0,L3,0,0.24536469407280628,1,bisquare,7265,1.0,negbinomial,0.28773770824297945,True
CATGAACCTCTTATCA-1,7910.0,3176.0,L3,0,0.13233562808386404,1,bisquare,7265,1.0,negbinomial,0.28773770824297945,True
CATGACTTCGCTGAAT-1,10447.0,7374.0,L3,0,0.4536663201394752,1,bisquare,7265,1.0,negbinomial,0.28773770824297945,True
CATGAGATGCACTCTC-1,8583.0,9645.0,L6,3,0.3788904085320343,1,bisquare,7265,1.0,negbinomial,0.28773770824297945,True
CATGATGCACAATTCT-1,7905.0,5092.0,L3,0,0.3400417876720372,1,bisquare,7265,1.0,negbinomial,0.28773770824297945,True
CATGATGGAAGTTAGC-1,10239.0,7972.0,L3,0,0.5793344502248161,1,bisquare,7265,1.0,negbinomial,0.28773770824297945,True
CATGCACGTGTTACTG-1,9425.0,2940.0,L3,0,0.35058322216020277,1,bisquare,7265,1.0,negbinomial,0.28773770824297945,True
CATGCATGGAGACCCT-1,7978.0,3296.0,L3,0,0.3230709607390678,1,bisquare,7265,1.0,negbinomial,0.28773770824297945,True
CATGCCAACTCGCAAA-1,4595.0,7719.0,L5,2,0.3179354520684779,1,bisquare,7265,1.0,negbinomial,0.28773770824297945,True
CATGCGACCAGTTTAA-1,9900.0,5696.0,L3,0,0.15127729534778378,1,bisquare,7265,1.0,negbinomial,0.28773770824297945,True
CATGCGTTAGACAGAA-1,7494.0,4373.0,L3,0,0.2543480865138249,1,bisquare,7265,1.0,negbinomial,0.28773770824297945,True
CATGCTGGCTCCAATT-1,7288.0,4013.0,L3,0,0.29967776779852434,1,bisquare,7265,1.0,negbinomial,0.28773770824297945,True
CATGGAAATGGGACCA-1,10319.0,3302.0,L3,0,0.44961483145879316,1,bisquare,7265,1.0,negbinomial,0.28773770824297945,True
CATGGATTGTCTTCCG-1,10098.0,9169.0,L5,2,0.3640994219063243,1,bisquare,7265,1.0,negbinomial,0.28773770824297945,True
CATGGCAGGAAGATCG-1,7081.0,4611.0,L3,0,0.31145201246188686,1,bisquare,7265,1.0,negbinomial,0.28773770824297945,True
CATGGGTATGCCTTAT-1,8790.0,9286.0,L5,2,0.3371732692381519,1,bisquare,7265,1.0,negbinomial,0.28773770824297945,True
CATGGGTCGGGTGTGG-1,9007.0,5095.0,L3,0,0.3341241685912019,1,bisquare,7265,1.0,negbinomial,0.28773770824297945,True
CATGGTAAGTAGCGTT-1,8174.0,7967.0,L5,2,0.20198798480585964,1,bisquare,7265,1.0,negbinomial,0.28773770824297945,True
CATGGTCTAGATACCG-1,7697.0,5691.0,L3,0,0.28336198009916463,1,bisquare,7265,1.0,negbinomial,0.28773770824297945,True
CATGTAAGAGACATTT-1,9341.0,9048.0,L5,2,0.3518979070885012,1,bisquare,7265,1.0,negbinomial,0.28773770824297945,True
CATGTCTCATTTATGG-1,8999.0,8448.0,L5,2,0.362192733826341,1,bisquare,7265,1.0,negbinomial,0.28773770824297945,True
CATTACATAGATTGTG-1,11207.0,5819.0,L3,0,0.12849691081247325,1,bisquare,7265,1.0,negbinomial,0.28773770824297945,True
CATTACGTCGGCCCGT-1,7631.0,4852.0,L3,0,0.34101719917525225,1,bisquare,7265,1.0,negbinomial,0.28773770824297945,True
CATTATGCTTGTTGTG-1,6734.0,5688.0,L3,0,0.3700473801752492,1,bisquare,7265,1.0,negbinomial,0.28773770824297945,True
CATTCACTGACAGCTA-1,7772.0,3176.0,L3,0,0.12156575099885934,1,bisquare,7265,1.0,negbinomial,0.28773770824297945,True
CATTCCCATTCCGTCG-1,11275.0,6418.0,L3,0,0.12124611754344423,1,bisquare,7265,1.0,negbinomial,0.28773770824297945,True
CATTCCCTAAGTACAA-1,4398.0,4006.0,L3,0,0.13554832049880688,1,bisquare,7265,1.0,negbinomial,0.28773770824297945,True
CATTGATGAACACGCC-1,11346.0,5340.0,L3,0,0.07556959823773361,1,bisquare,7265,1.0,negbinomial,0.28773770824297945,True
CATTGCGAAATGGGCG-1,3978.0,6879.0,L3,0,0.3863406961145139,1,bisquare,7265,1.0,negbinomial,0.28773770824297945,True
CATTGCGGGTCAATTC-1,11070.0,5579.0,L3,0,0.10701553072596524,1,bisquare,7265,1.0,negbinomial,0.28773770824297945,True
CATTGTGTGCTAGATC-1,4191.0,4125.0,L3,0,0.1352192674136889,1,bisquare,7265,1.0,negbinomial,0.28773770824297945,True
CATTTAGCGGACCATG-1,9005.0,5574.0,L3,0,0.35217453544052174,1,bisquare,7265,1.0,negbinomial,0.28773770824297945,True
CATTTATCGTTCAAGA-1,8461.0,3177.0,L3,0,0.114971467525176,1,bisquare,7265,1.0,negbinomial,0.28773770824297945,True
CATTTCTAGCAGACTA-1,4947.0,4486.0,L3,0,0.23731279283822723,1,bisquare,7265,1.0,negbinomial,0.28773770824297945,True
CATTTGAGTGGTACGT-1,6452.0,8562.0,L5,2,0.13753821836558863,1,bisquare,7265,1.0,negbinomial,0.28773770824297945,True
CCAAACAGAACCCTCG-1,6460.0,5209.0,L3,0,0.25750043841591197,1,bisquare,7265,1.0,negbinomial,0.28773770824297945,True
CCAAATAACAAGATTC-1,10925.0,8692.0,L4,1,0.30827980231272084,1,bisquare,7265,1.0,negbinomial,0.28773770824297945,True
CCAACGATGCACTGAT-1,5700.0,6285.0,L3,0,0.398295707190057,1,bisquare,7265,1.0,negbinomial,0.28773770824297945,True
CCAACGCTTGCCAGGG-1,10042.0,3780.0,L3,0,0.28283010960829613,1,bisquare,7265,1.0,negbinomial,0.28773770824297945,True
CCAACTTGATAGATCC-1,11615.0,8215.0,L3,0,0.22892859844939742,1,bisquare,7265,1.0,negbinomial,0.28773770824297945,True
CCAAGAAAGTGGGCGA-1,6726.0,8802.0,L6,3,0.3418818391270412,1,bisquare,7265,1.0,negbinomial,0.28773770824297945,True
CCAAGACTTCTGCGAA-1,7424.0,4971.0,L3,0,0.34663643279709766,1,bisquare,7265,1.0,negbinomial,0.28773770824297945,True
CCAAGCGTAACTCGTA-1,8040.0,6530.0,L3,0,0.31179747715762407,1,bisquare,7265,1.0,negbinomial,0.28773770824297945,True
CCAAGGAACAGAGAGG-1,6462.0,4250.0,L3,0,0.28732782897675924,1,bisquare,7265,1.0,negbinomial,0.28773770824297945,True
CCAATAGATTTCATCT-1,3154.0,5919.0,L3,0,0.07134755059511474,1,bisquare,7265,1.0,negbinomial,0.28773770824297945,True
CCAATAGTGCCGTCGA-1,6043.0,6645.0,L3,0,0.5529410257371891,1,bisquare,7265,1.0,negbinomial,0.28773770824297945,True
CCAATCGGTAGATCGA-1,8940.0,4256.0,L3,0,0.40686534604210034,1,bisquare,7265,1.0,negbinomial,0.28773770824297945,True
CCAATGTCACAGCAAG-1,6524.0,7005.0,L4,1,0.26817518164362686,1,bisquare,7265,1.0,negbinomial,0.28773770824297945,True
CCAATTACGGGTCGAG-1,9558.0,4857.0,L3,0,0.44142017531147376,1,bisquare,7265,1.0,negbinomial,0.28773770824297945,True
CCAATTGAATGTTAAT-1,6323.0,4969.0,L3,0,0.27211385649255665,1,bisquare,7265,1.0,negbinomial,0.28773770824297945,True
CCACAATGTACGTCTT-1,9004.0,6053.0,L3,0,0.1910431533275115,1,bisquare,7265,1.0,negbinomial,0.28773770824297945,True
CCACACTGAGATATTA-1,6524.0,7245.0,L4,1,0.21222171305437856,1,bisquare,7265,1.0,negbinomial,0.28773770824297945,True
CCACAGCTGAAATCAT-1,5087.0,3529.0,L3,0,0.12101078013978132,1,bisquare,7265,1.0,negbinomial,0.28773770824297945,True
CCACAGTACCCATCCT-1,9481.0,8330.0,L4,1,0.5471624964825673,1,bisquare,7265,1.0,negbinomial,0.28773770824297945,True
CCACATACTGCACCCA-1,11269.0,8813.0,L3,0,0.5571415557919842,1,bisquare,7265,1.0,negbinomial,0.28773770824297945,True
CCACCAACTTTACTGT-1,5900.0,8800.0,L6,3,0.3422878763170915,1,bisquare,7265,1.0,negbinomial,0.28773770824297945,True
CCACCCAAGGAAAGTG-1,8314.0,7009.0,L3,0,0.31739582126577376,1,bisquare,7265,1.0,negbinomial,0.28773770824297945,True
CCACGAATTTAACCTC-1,10653.0,7494.0,L3,0,0.552125681937882,1,bisquare,7265,1.0,negbinomial,0.28773770824297945,True
CCACGAGAAGAGAATC-1,8319.0,4614.0,L3,0,0.22882932170070427,1,bisquare,7265,1.0,negbinomial,0.28773770824297945,True
CCACGGAGCCATAAGA-1,5007.0,8199.0,L5,2,0.4347687802187281,1,bisquare,7265,1.0,negbinomial,0.28773770824297945,True
CCACGGTGCCCGGTAG-1,10517.0,6775.0,L3,0,0.42157506965162667,1,bisquare,7265,1.0,negbinomial,0.28773770824297945,True
CCACGTAAATTAGACT-1,11549.0,6658.0,L3,0,0.14362994282322478,1,bisquare,7265,1.0,negbinomial,0.28773770824297945,True
CCACTATCCGGGTCAC-1,11138.0,6178.0,L3,0,0.10098673298968762,1,bisquare,7265,1.0,negbinomial,0.28773770824297945,True
CCACTGGTGGCTGGTT-1,4596.0,7240.0,L4,1,0.19381363559306514,1,bisquare,7265,1.0,negbinomial,0.28773770824297945,True
CCACTGTTTGGATTAA-1,10441.0,9530.0,L5,2,0.22504055050081395,1,bisquare,7265,1.0,negbinomial,0.28773770824297945,True
CCAGAAAGCAACTCAT-1,5625.0,8799.0,L6,3,0.24141810383075465,1,bisquare,7265,1.0,negbinomial,0.28773770824297945,True
CCAGAGACAAAGCCGG-1,4601.0,5324.0,L3,0,0.2283966200671482,1,bisquare,7265,1.0,negbinomial,0.28773770824297945,True
CCAGATAGTTGAGTGA-1,8936.0,5933.0,L3,0,0.1487041116635203,1,bisquare,7265,1.0,negbinomial,0.28773770824297945,True
CCAGATGTAAATGGGT-1,11623.0,4862.0,L3,0,0.10416068666280902,1,bisquare,7265,1.0,negbinomial,0.28773770824297945,True
CCAGCCTGGACCAATA-1,7625.0,7008.0,L3,0,0.5504636273600938,1,bisquare,7265,1.0,negbinomial,0.28773770824297945,True
CCAGCGGGATCACCAG-1,11688.0,6419.0,L3,0,0.06840160591498967,1,bisquare,7265,1.0,negbinomial,0.28773770824297945,True
CCAGCTACGCCTCATA-1,5569.0,3649.0,L3,0,0.168160764601529,1,bisquare,7265,1.0,negbinomial,0.28773770824297945,True
CCAGCTCGAACGCATT-1,7618.0,10122.0,WM,4,0.13804147541812586,1,bisquare,7265,1.0,negbinomial,0.28773770824297945,True
CCAGCTGATGGTACTT-1,4597.0,7001.0,L3,0,0.2979751405039474,1,bisquare,7265,1.0,negbinomial,0.28773770824297945,True
CCAGCTTCCGCCCGCA-1,4324.0,6042.0,L3,0,0.18075567950661608,1,bisquare,7265,1.0,negbinomial,0.28773770824297945,True
CCAGGGACGTGGCCTC-1,6802.0,5808.0,L3,0,0.26960552844916463,1,bisquare,7265,1.0,negbinomial,0.28773770824297945,True
CCAGTAGTCTGATCCA-1,9418.0,5814.0,L3,0,0.2098811556398496,1,bisquare,7265,1.0,negbinomial,0.28773770824297945,True
CCAGTCAAATCTCTTA-1,3701.0,7597.0,L3,0,0.44879565520154147,1,bisquare,7265,1.0,negbinomial,0.28773770824297945,True
CCAGTCCATTATTCGA-1,4674.0,3767.0,L3,0,0.12217782023520132,1,bisquare,7265,1.0,negbinomial,0.28773770824297945,True
CCAGTCTAGACGGCGC-1,9075.0,5454.0,L3,0,0.29554605194812567,1,bisquare,7265,1.0,negbinomial,0.28773770824297945,True
CCAGTCTTGTCATAGA-1,7206.0,9642.0,WM,4,0.4112203447898852,1,bisquare,7265,1.0,negbinomial,0.28773770824297945,True
CCATAAACAACCCGAC-1,8389.0,4255.0,L3,0,0.4717201734117256,1,bisquare,7265,1.0,negbinomial,0.28773770824297945,True
CCATACCTTTACTTGT-1,10174.0,6176.0,L3,0,0.1811639524584393,1,bisquare,7265,1.0,negbinomial,0.28773770824297945,True
CCATAGGTTGGCGTGG-1,7424.0,4732.0,L3,0,0.31285544355336076,1,bisquare,7265,1.0,negbinomial,0.28773770824297945,True
CCATAGTCAGTAACCC-1,4328.0,4365.0,L3,0,0.16300813989389112,1,bisquare,7265,1.0,negbinomial,0.28773770824297945,True
CCATATGGAAACTATA-1,10236.0,8930.0,L5,2,0.25740120198895683,1,bisquare,7265,1.0,negbinomial,0.28773770824297945,True
CCATCCATACCAAGTC-1,5774.0,4249.0,L3,0,0.1798279702214731,1,bisquare,7265,1.0,negbinomial,0.28773770824297945,True
CCATCGCAGTTAAACT-1,7415.0,8564.0,L5,2,0.3230083072089634,1,bisquare,7265,1.0,negbinomial,0.28773770824297945,True
CCATCTCACCAGTGAA-1,9896.0,7133.0,L3,0,0.3277631158480878,1,bisquare,7265,1.0,negbinomial,0.28773770824297945,True
CCATCTTGTTCACAAT-1,5982.0,3411.0,L3,0,0.2456138119305198,1,bisquare,7265,1.0,negbinomial,0.28773770824297945,True
CCATGCCCTAGATTTC-1,9891.0,9289.0,L5,2,0.2661882589168188,1,bisquare,7265,1.0,negbinomial,0.28773770824297945,True
CCATGCCTGTTTAGTA-1,6800.0,6766.0,L3,0,0.5006003547142576,1,bisquare,7265,1.0,negbinomial,0.28773770824297945,True
CCATGCTCTGCAGGAA-1,6116.0,5088.0,L3,0,0.17960021026048528,1,bisquare,7265,1.0,negbinomial,0.28773770824297945,True
CCATGGCCCTTGTACC-1,4667.0,6402.0,L3,0,0.19766111456526134,1,bisquare,7265,1.0,negbinomial,0.28773770824297945,True
CCATTAGCGATAATCC-1,6044.0,6405.0,L3,0,0.22985320772159365,1,bisquare,7265,1.0,negbinomial,0.28773770824297945,True
CCATTCCCTGCCCACA-1,5837.0,6524.0,L3,0,0.24098608150914871,1,bisquare,7265,1.0,negbinomial,0.28773770824297945,True
CCATTGTTTCCTCCAT-1,11620.0,6059.0,L3,0,0.10631941042765045,1,bisquare,7265,1.0,negbinomial,0.28773770824297945,True
CCATTTCTACCTATTA-1,8033.0,9165.0,L6,3,0.24604763298908938,1,bisquare,7265,1.0,negbinomial,0.28773770824297945,True
CCCAAACATGCTGCTC-1,9209.0,6652.0,L3,0,0.22634420830898241,1,bisquare,7265,1.0,negbinomial,0.28773770824297945,True
CCCAACATACGTCGCG-1,5559.0,7721.0,L5,2,0.26645208833771833,1,bisquare,7265,1.0,negbinomial,0.28773770824297945,True
CCCAACCACACTAACA-1,7703.0,3535.0,L3,0,0.41410046823993957,1,bisquare,7265,1.0,negbinomial,0.28773770824297945,True
CCCAAGAATGCACGGT-1,9219.0,2820.0,L3,0,0.27611977636771107,1,bisquare,7265,1.0,negbinomial,0.28773770824297945,True
CCCAATGAGATTTGCA-1,5898.0,9758.0,WM,4,0.34266110063407157,1,bisquare,7265,1.0,negbinomial,0.28773770824297945,True
CCCAATTTCACAACTT-1,5422.0,7242.0,L4,1,0.20074452051512956,1,bisquare,7265,1.0,negbinomial,0.28773770824297945,True
CCCAGAGGAGGGCGTA-1,10383.0,5098.0,L3,0,0.24704451913287548,1,bisquare,7265,1.0,negbinomial,0.28773770824297945,True
CCCAGGTCTGAAGGCT-1,10787.0,8932.0,L4,1,0.2199423562765369,1,bisquare,7265,1.0,negbinomial,0.28773770824297945,True
CCCAGTAAACTTGGGA-1,3973.0,8795.0,L5,2,0.2720983511152285,1,bisquare,7265,1.0,negbinomial,0.28773770824297945,True
CCCAGTTAAGGCGCCG-1,8794.0,7609.0,L3,0,0.4192468116276163,1,bisquare,7265,1.0,negbinomial,0.28773770824297945,True
CCCGAAGTTTCGCGAA-1,3906.0,7957.0,L4,1,0.251652690984666,1,bisquare,7265,1.0,negbinomial,0.28773770824297945,True
CCCGACCATAGTCCGC-1,8250.0,4973.0,L3,0,0.2519533320576009,1,bisquare,7265,1.0,negbinomial,0.28773770824297945,True
CCCGAGTTTCTCCGTA-1,10582.0,8332.0,L3,0,0.5666593875843521,1,bisquare,7265,1.0,negbinomial,0.28773770824297945,True
CCCGATAGCCTCGCCT-1,11893.0,7018.0,L3,0,0.2361481585732821,1,bisquare,7265,1.0,negbinomial,0.28773770824297945,True
CCCGCAGCGCGAACTA-1,7760.0,8445.0,L5,2,0.33220163889981014,1,bisquare,7265,1.0,negbinomial,0.28773770824297945,True
CCCGCAGGGCCCAAAG-1,8596.0,3896.0,L3,0,0.3348492668370687,1,bisquare,7265,1.0,negbinomial,0.28773770824297945,True
CCCGCCATGCTCCCGT-1,5979.0,4848.0,L3,0,0.2603986987092961,1,bisquare,7265,1.0,negbinomial,0.28773770824297945,True
CCCGCGCAATGCACCC-1,4740.0,4845.0,L3,0,0.19337522800344986,1,bisquare,7265,1.0,negbinomial,0.28773770824297945,True
CCCGGGTCGTTCAGGG-1,7067.0,10360.0,WM,4,0.10575757920307964,1,bisquare,7265,1.0,negbinomial,0.28773770824297945,True
CCCGGTGGAAGAACCT-1,4600.0,5563.0,L3,0,0.27063714785101384,1,bisquare,7265,1.0,negbinomial,0.28773770824297945,True
CCCGGTGTATCGGAAT-1,4317.0,8916.0,L5,2,0.28707426156507115,1,bisquare,7265,1.0,negbinomial,0.28773770824297945,True
CCCGTAAGTCTAGGCC-1,5078.0,7361.0,L4,1,0.23583824815396243,1,bisquare,7265,1.0,negbinomial,0.28773770824297945,True
CCCGTAGCTGGGAAGA-1,5830.0,9399.0,L6,3,0.2928424551788549,1,bisquare,7265,1.0,negbinomial,0.28773770824297945,True
CCCGTCAGCGTCTGAC-1,6666.0,5329.0,L3,0,0.24324943214113265,1,bisquare,7265,1.0,negbinomial,0.28773770824297945,True
CCCGTTTCGCAGATGT-1,10443.0,8811.0,L4,1,0.2600054812750026,1,bisquare,7265,1.0,negbinomial,0.28773770824297945,True
CCCTAGTGTCAGGTGT-1,4536.0,3767.0,L3,0,0.1136382002199993,1,bisquare,7265,1.0,negbinomial,0.28773770824297945,True
CCCTATGTAGAGCAGA-1,4797.0,9756.0,L6,3,0.31241733113195674,1,bisquare,7265,1.0,negbinomial,0.28773770824297945,True
CCCTCATTCTGGAATT-1,6186.0,4489.0,L3,0,0.22141459698056215,1,bisquare,7265,1.0,negbinomial,0.28773770824297945,True
CCCTCCTCGCTCGTAT-1,10444.0,8571.0,L4,1,0.3250691943524713,1,bisquare,7265,1.0,negbinomial,0.28773770824297945,True
CCCTGAAATGAGTTGA-1,5838.0,6285.0,L3,0,0.4493579785442552,1,bisquare,7265,1.0,negbinomial,0.28773770824297945,True
CCCTGACTAACAAATT-1,3977.0,7119.0,L3,0,0.45136386964411435,1,bisquare,7265,1.0,negbinomial,0.28773770824297945,True
CCCTGATGTAACTCGT-1,4259.0,4245.0,L3,0,0.12740216789993294,1,bisquare,7265,1.0,negbinomial,0.28773770824297945,True
CCCTGCCCAATCCGCT-1,4458.0,7479.0,L4,1,0.23836457665570535,1,bisquare,7265,1.0,negbinomial,0.28773770824297945,True
CCCTGCGCTACGCATA-1,4804.0,6642.0,L3,0,0.22775553381935723,1,bisquare,7265,1.0,negbinomial,0.28773770824297945,True
CCCTGGCTGTTCCTTC-1,3493.0,8195.0,L4,1,0.28494285241567,1,bisquare,7265,1.0,negbinomial,0.28773770824297945,True
CCCTGGTATGGGCGGC-1,8116.0,3296.0,L3,0,0.16269820183124148,1,bisquare,7265,1.0,negbinomial,0.28773770824297945,True
CCCTTTGACAGGTCTT-1,7002.0,8563.0,L5,2,0.23537339386351655,1,bisquare,7265,1.0,negbinomial,0.28773770824297945,True
CCGAAAGTGGTGAGCA-1,5016.0,4606.0,L3,0,0.21613530366531633,1,bisquare,7265,1.0,negbinomial,0.28773770824297945,True
CCGAACACTGGGCCTC-1,4388.0,7838.0,L5,2,0.1549812165862359,1,bisquare,7265,1.0,negbinomial,0.28773770824297945,True
CCGAACCTTCCCGGCC-1,8035.0,8446.0,L5,2,0.27384752889642777,1,bisquare,7265,1.0,negbinomial,0.28773770824297945,True
CCGAAGGGCGTACCGC-1,11757.0,6060.0,L3,0,0.15955915044032767,1,bisquare,7265,1.0,negbinomial,0.28773770824297945,True
CCGAAGTATATTGTTC-1,4670.0,5204.0,L3,0,0.17492113688414013,1,bisquare,7265,1.0,negbinomial,0.28773770824297945,True
CCGACAAACACATGAG-1,4121.0,4484.0,L3,0,0.24985265022417408,1,bisquare,7265,1.0,negbinomial,0.28773770824297945,True
CCGACAAAGGGAGTGC-1,4598.0,6521.0,L3,0,0.42174522612517634,1,bisquare,7265,1.0,negbinomial,0.28773770824297945,True
CCGACAATAGGCCGCC-1,10786.0,9411.0,L5,2,0.3200713887301188,1,bisquare,7265,1.0,negbinomial,0.28773770824297945,True
CCGACGGGCATGAGGT-1,4936.0,9037.0,L6,3,0.3283078468876866,1,bisquare,7265,1.0,negbinomial,0.28773770824297945,True
CCGACGTAAACACAAC-1,9835.0,4139.0,L3,0,0.5372175536607349,1,bisquare,7265,1.0,negbinomial,0.28773770824297945,True
CCGACTCGCATAGTCT-1,8392.0,3057.0,L3,0,0.11023337718694727,1,bisquare,7265,1.0,negbinomial,0.28773770824297945,True
CCGAGAAGTCGCATAA-1,10858.0,8093.0,L3,0,0.5813111171054264,1,bisquare,7265,1.0,negbinomial,0.28773770824297945,True
CCGAGCTGTGCTTGTC-1,10866.0,4740.0,L3,0,0.25504776246015076,1,bisquare,7265,1.0,negbinomial,0.28773770824297945,True
CCGAGGGATGTTAGGC-1,7428.0,3295.0,L3,0,0.23494858156702722,1,bisquare,7265,1.0,negbinomial,0.28773770824297945,True
CCGATCTCAACCTTAT-1,10103.0,7014.0,L3,0,0.24033521229913352,1,bisquare,7265,1.0,negbinomial,0.28773770824297945,True
CCGATTCGAGGGACCC-1,4528.0,7120.0,L3,0,0.35693214553112135,1,bisquare,7265,1.0,negbinomial,0.28773770824297945,True
CCGCACAAAGACCAAC-1,8383.0,6890.0,L3,0,0.2520216720716844,1,bisquare,7265,1.0,negbinomial,0.28773770824297945,True
CCGCACACGAACGTGT-1,11615.0,7975.0,L3,0,0.2874237336301557,1,bisquare,7265,1.0,negbinomial,0.28773770824297945,True
CCGCACGTGACCTCGG-1,4944.0,5923.0,L3,0,0.3157052061599368,1,bisquare,7265,1.0,negbinomial,0.28773770824297945,True
CCGCATGTGGTACGAT-1,7689.0,9283.0,L6,3,0.31647365561049445,1,bisquare,7265,1.0,negbinomial,0.28773770824297945,True
CCGCCACCACAATCCA-1,7704.0,3056.0,L3,0,0.22381359041824075,1,bisquare,7265,1.0,negbinomial,0.28773770824297945,True
CCGCCGGAACTTCTCG-1,3973.0,9035.0,L5,2,0.206244483399531,1,bisquare,7265,1.0,negbinomial,0.28773770824297945,True
CCGCCGGTCAACACAC-1,6944.0,4132.0,L3,0,0.4553001290395498,1,bisquare,7265,1.0,negbinomial,0.28773770824297945,True
CCGCCGTTGAGGATAA-1,11340.0,7975.0,L3,0,0.4428825839170132,1,bisquare,7265,1.0,negbinomial,0.28773770824297945,True
CCGCCTGCGAATTGGT-1,9834.0,4378.0,L3,0,0.16773264552978717,1,bisquare,7265,1.0,negbinomial,0.28773770824297945,True
CCGCGATTTGGTAGGT-1,3770.0,7238.0,L3,0,0.23576573314355434,1,bisquare,7265,1.0,negbinomial,0.28773770824297945,True
CCGCGGAATGCGTCAC-1,6245.0,8681.0,L6,3,0.24377944348657304,1,bisquare,7265,1.0,negbinomial,0.28773770824297945,True
CCGCGGGTACGAAGAA-1,4942.0,6403.0,L3,0,0.3255273533192299,1,bisquare,7265,1.0,negbinomial,0.28773770824297945,True
CCGCGTAGGTAAGGGC-1,4668.0,6162.0,L3,0,0.18722369813599643,1,bisquare,7265,1.0,negbinomial,0.28773770824297945,True
CCGCTATCAGCACCAG-1,7485.0,7966.0,L5,2,0.2485713316019897,1,bisquare,7265,1.0,negbinomial,0.28773770824297945,True
CCGCTCTTCCGAACTA-1,9958.0,10127.0,L5,2,0.09857297483641052,1,bisquare,7265,1.0,negbinomial,0.28773770824297945,True
CCGCTGGTGCCATTCA-1,8254.0,3297.0,L3,0,0.13735269600066516,1,bisquare,7265,1.0,negbinomial,0.28773770824297945,True
CCGCTTACCTCACTCT-1,5558.0,8200.0,L5,2,0.17146528413878193,1,bisquare,7265,1.0,negbinomial,0.28773770824297945,True
CCGCTTGCTGACATGG-1,10932.0,5818.0,L3,0,0.0977320124807056,1,bisquare,7265,1.0,negbinomial,0.28773770824297945,True
CCGGAATGGTTTCAGT-1,5358.0,5445.0,L3,0,0.1592402429714605,1,bisquare,7265,1.0,negbinomial,0.28773770824297945,True
CCGGAGCGTACTTTCT-1,7000.0,9521.0,WM,4,0.49302838398946675,1,bisquare,7265,1.0,negbinomial,0.28773770824297945,True
CCGGAGGTCTTATGGT-1,11279.0,4741.0,L3,0,0.14167659312171782,1,bisquare,7265,1.0,negbinomial,0.28773770824297945,True
CCGGCACGACCGTTTC-1,10792.0,6776.0,L3,0,0.5053616075545484,1,bisquare,7265,1.0,negbinomial,0.28773770824297945,True
CCGGCGCATATTGGAT-1,7013.0,4252.0,L3,0,0.2051569328995194,1,bisquare,7265,1.0,negbinomial,0.28773770824297945,True
CCGGCGTGAGACTCTG-1,3906.0,8196.0,L5,2,0.11793990627551969,1,bisquare,7265,1.0,negbinomial,0.28773770824297945,True
CCGGGACCCGCAGAGA-1,6737.0,4491.0,L3,0,0.22898746128054392,1,bisquare,7265,1.0,negbinomial,0.28773770824297945,True
CCGGGCGGTCTCGTCA-1,8384.0,6411.0,L3,0,0.19379309472941703,1,bisquare,7265,1.0,negbinomial,0.28773770824297945,True
CCGGGCTGCTCCATAC-1,9071.0,6892.0,L3,0,0.26053177349491635,1,bisquare,7265,1.0,negbinomial,0.28773770824297945,True
CCGGGTTCGAGGTTAC-1,5354.0,7122.0,L4,1,0.19415540986341126,1,bisquare,7265,1.0,negbinomial,0.28773770824297945,True
CCGGTAATGGCTAGTC-1,10998.0,7136.0,L3,0,0.4468838195333089,1,bisquare,7265,1.0,negbinomial,0.28773770824297945,True
CCGGTTTGTAATTGTG-1,6037.0,9279.0,L6,3,0.2702940517509823,1,bisquare,7265,1.0,negbinomial,0.28773770824297945,True
CCGTAAGTTGGTCCCA-1,8452.0,6531.0,L3,0,0.20296803099008837,1,bisquare,7265,1.0,negbinomial,0.28773770824297945,True
CCGTACCCAAGCGCCA-1,5499.0,4009.0,L3,0,0.1404471651236355,1,bisquare,7265,1.0,negbinomial,0.28773770824297945,True
CCGTAGGAAATCCCTG-1,9752.0,9767.0,L5,2,0.431032291639012,1,bisquare,7265,1.0,negbinomial,0.28773770824297945,True
CCGTAGGGTTGTTTAC-1,10303.0,9769.0,L5,2,0.22051638923163783,1,bisquare,7265,1.0,negbinomial,0.28773770824297945,True
CCGTATCTCGTCGTAG-1,5005.0,8918.0,L5,2,0.20944309984058546,1,bisquare,7265,1.0,negbinomial,0.28773770824297945,True
CCGTATTAGCGCAGTT-1,10797.0,4620.0,L3,0,0.16546927102695944,1,bisquare,7265,1.0,negbinomial,0.28773770824297945,True
CCGTGAGGCATTCATG-1,11411.0,6897.0,L3,0,0.17412702140707598,1,bisquare,7265,1.0,negbinomial,0.28773770824297945,True
CCGTGCCCATGACGGC-1,6462.0,4011.0,L3,0,0.1472894838985576,1,bisquare,7265,1.0,negbinomial,0.28773770824297945,True
CCGTGGAACGATCCAA-1,10451.0,5458.0,L3,0,0.2018804756138009,1,bisquare,7265,1.0,negbinomial,0.28773770824297945,True
CCGTGTTAAATTCCAT-1,5626.0,8320.0,L5,2,0.2597586604895022,1,bisquare,7265,1.0,negbinomial,0.28773770824297945,True
CCGTTACGTTAGAACA-1,9213.0,4976.0,L3,0,0.28527953228529634,1,bisquare,7265,1.0,negbinomial,0.28773770824297945,True
CCGTTCCGAATCTCGG-1,4665.0,7360.0,L4,1,0.2513018928881645,1,bisquare,7265,1.0,negbinomial,0.28773770824297945,True
CCTAAAGGCTGACGCT-1,8802.0,4256.0,L3,0,0.3346461546460601,1,bisquare,7265,1.0,negbinomial,0.28773770824297945,True
CCTAAATTAACGGTTC-1,7830.0,7607.0,L4,1,0.27728276319299877,1,bisquare,7265,1.0,negbinomial,0.28773770824297945,True
CCTAAATTGTATCCTA-1,10994.0,8812.0,L4,1,0.22522516677344193,1,bisquare,7265,1.0,negbinomial,0.28773770824297945,True
CCTAACCCAAACAAGT-1,9274.0,8449.0,L5,2,0.3714694291385917,1,bisquare,7265,1.0,negbinomial,0.28773770824297945,True
CCTAACTAAGGCTCTA-1,9557.0,5096.0,L3,0,0.24726123596124114,1,bisquare,7265,1.0,negbinomial,0.28773770824297945,True
CCTACAAGTCCGGAAT-1,10387.0,3661.0,L3,0,0.5424830658288988,1,bisquare,7265,1.0,negbinomial,0.28773770824297945,True
CCTACATTCACAGACG-1,5419.0,8679.0,L5,2,0.21656327988682308,1,bisquare,7265,1.0,negbinomial,0.28773770824297945,True
CCTACGCGACCTTACA-1,9562.0,2941.0,L3,0,0.3497726459100578,1,bisquare,7265,1.0,negbinomial,0.28773770824297945,True
CCTACGGCTCAGTCGA-1,5360.0,4487.0,L3,0,0.21777281614824381,1,bisquare,7265,1.0,negbinomial,0.28773770824297945,True
CCTACTGCGGCGGCCA-1,11828.0,5221.0,L3,0,0.046499624544657565,1,bisquare,7265,1.0,negbinomial,0.28773770824297945,True
CCTACTGCTTACACTT-1,6527.0,5808.0,L3,0,0.2574650255899244,1,bisquare,7265,1.0,negbinomial,0.28773770824297945,True
CCTAGGCGTAGCGATC-1,9209.0,6892.0,L3,0,0.2708075982392921,1,bisquare,7265,1.0,negbinomial,0.28773770824297945,True
CCTAGGTAAAGGTAGC-1,3905.0,8676.0,L5,2,0.302364554351803,1,bisquare,7265,1.0,negbinomial,0.28773770824297945,True
CCTAGTTAGTCGCATG-1,8114.0,4015.0,L3,0,0.190012678674574,1,bisquare,7265,1.0,negbinomial,0.28773770824297945,True
CCTATAATGAGTGCCC-1,8721.0,9166.0,L5,2,0.23805313448630439,1,bisquare,7265,1.0,negbinomial,0.28773770824297945,True
CCTATACCGTCCTGTC-1,6244.0,9160.0,L6,3,0.2391491714371833,1,bisquare,7265,1.0,negbinomial,0.28773770824297945,True
CCTATATCGTGTCACG-1,3833.0,9753.0,L6,3,0.4210293768536663,1,bisquare,7265,1.0,negbinomial,0.28773770824297945,True
CCTATATTTGTCCTGG-1,6723.0,10000.0,WM,4,0.16588710223901798,1,bisquare,7265,1.0,negbinomial,0.28773770824297945,True
CCTATCTATATCGGAA-1,8457.0,4854.0,L3,0,0.2563211297798019,1,bisquare,7265,1.0,negbinomial,0.28773770824297945,True
CCTATGAAGTGGTGCC-1,10792.0,7015.0,L3,0,0.5481757193386128,1,bisquare,7265,1.0,negbinomial,0.28773770824297945,True
CCTATGGCTCCTAGTG-1,4796.0,9995.0,L6,3,0.3188425665442295,1,bisquare,7265,1.0,negbinomial,0.28773770824297945,True
CCTATGGGTTACCGTC-1,7903.0,6050.0,L3,0,0.26579382470624935,1,bisquare,7265,1.0,negbinomial,0.28773770824297945,True
CCTATGTCCACTCCAC-1,9477.0,10006.0,L6,3,0.2135289279554494,1,bisquare,7265,1.0,negbinomial,0.28773770824297945,True
CCTCACCAATCTTGAC-1,5566.0,4608.0,L3,0,0.21208895735233402,1,bisquare,7265,1.0,negbinomial,0.28773770824297945,True
CCTCACCTGAGGGAGC-1,10175.0,5936.0,L3,0,0.11213781451898083,1,bisquare,7265,1.0,negbinomial,0.28773770824297945,True
CCTCACCTTAGCATCG-1,9831.0,5815.0,L3,0,0.21914322933633865,1,bisquare,7265,1.0,negbinomial,0.28773770824297945,True
CCTCATGCAGCTACGA-1,5224.0,3768.0,L3,0,0.1539851906864738,1,bisquare,7265,1.0,negbinomial,0.28773770824297945,True
CCTCCCGACAATCCCT-1,7496.0,3654.0,L3,0,0.25186954662269023,1,bisquare,7265,1.0,negbinomial,0.28773770824297945,True
CCTCCGACAATTCAAG-1,5424.0,6523.0,L3,0,0.3773276605621185,1,bisquare,7265,1.0,negbinomial,0.28773770824297945,True
CCTCCTGAGCCCACAT-1,3702.0,7118.0,L3,0,0.31190065783141346,1,bisquare,7265,1.0,negbinomial,0.28773770824297945,True
CCTCCTGTTGTGTCGT-1,9752.0,10007.0,L6,3,0.3288572591083608,1,bisquare,7265,1.0,negbinomial,0.28773770824297945,True
CCTCGAAGTGGACGGG-1,8045.0,4374.0,L3,0,0.1999172898937015,1,bisquare,7265,1.0,negbinomial,0.28773770824297945,True
CCTCGACCCACTGCCT-1,8186.0,2937.0,L3,0,0.19442537425353054,1,bisquare,7265,1.0,negbinomial,0.28773770824297945,True
CCTCGCCAGCAAATTA-1,8250.0,4734.0,L3,0,0.21747223551211337,1,bisquare,7265,1.0,negbinomial,0.28773770824297945,True
CCTCGCGCGATATAGG-1,9695.0,5097.0,L3,0,0.31110290570659577,1,bisquare,7265,1.0,negbinomial,0.28773770824297945,True
CCTCGCGCTGTGCGAT-1,7207.0,9402.0,L6,3,0.16826742013803425,1,bisquare,7265,1.0,negbinomial,0.28773770824297945,True
CCTCGGACCGGGATAG-1,9001.0,7490.0,L3,0,0.4000317242112962,1,bisquare,7265,1.0,negbinomial,0.28773770824297945,True
CCTCGGATGCTACCTG-1,3841.0,6400.0,L3,0,0.23677455346852738,1,bisquare,7265,1.0,negbinomial,0.28773770824297945,True
CCTCTAATCTGCCAAG-1,8180.0,5332.0,L3,0,0.19899760280317805,1,bisquare,7265,1.0,negbinomial,0.28773770824297945,True
CCTCTATCGATTAGCA-1,4937.0,8798.0,L5,2,0.29089079858169126,1,bisquare,7265,1.0,negbinomial,0.28773770824297945,True
CCTCTCTCCCATCTAG-1,5630.0,6644.0,L3,0,0.42850361223428585,1,bisquare,7265,1.0,negbinomial,0.28773770824297945,True
CCTCTGGCCTAGACGG-1,8320.0,4375.0,L3,0,0.2052437338439851,1,bisquare,7265,1.0,negbinomial,0.28773770824297945,True
CCTCTGTACTATTCTA-1,7345.0,8923.0,L6,3,0.3601916256603014,1,bisquare,7265,1.0,negbinomial,0.28773770824297945,True
CCTGAACGATATATTC-1,9002.0,7011.0,L3,0,0.39182097878955296,1,bisquare,7265,1.0,negbinomial,0.28773770824297945,True
CCTGAATATTTACATA-1,8042.0,5332.0,L3,0,0.34156747440410395,1,bisquare,7265,1.0,negbinomial,0.28773770824297945,True
CCTGACCACCGATGGT-1,7348.0,7965.0,L5,2,0.3670433284501938,1,bisquare,7265,1.0,negbinomial,0.28773770824297945,True
CCTGACGCAACCTTTA-1,9149.0,2940.0,L3,0,0.29270645474562906,1,bisquare,7265,1.0,negbinomial,0.28773770824297945,True
CCTGCCCGTTGTCTAG-1,3772.0,6759.0,L3,0,0.3362059227219327,1,bisquare,7265,1.0,negbinomial,0.28773770824297945,True
CCTGCGATAGAACTGT-1,4536.0,3527.0,L3,0,0.15247636763746844,1,bisquare,7265,1.0,negbinomial,0.28773770824297945,True
CCTGCGTTCTACGCTT-1,4117.0,6401.0,L3,0,0.2842803360847965,1,bisquare,7265,1.0,negbinomial,0.28773770824297945,True
CCTGCTATTTGAGAAG-1,6596.0,5688.0,L3,0,0.46787981727152805,1,bisquare,7265,1.0,negbinomial,0.28773770824297945,True
CCTGGAAACGTTCTGC-1,10929.0,7255.0,L3,0,0.5452957518605155,1,bisquare,7265,1.0,negbinomial,0.28773770824297945,True
CCTGGCTAGACCCGCC-1,6113.0,6046.0,L3,0,0.26195065494769604,1,bisquare,7265,1.0,negbinomial,0.28773770824297945,True
CCTGGTCGAATGTGGG-1,7894.0,9643.0,WM,4,0.5635743601779046,1,bisquare,7265,1.0,negbinomial,0.28773770824297945,True
CCTGTAAGACATGATA-1,5973.0,7004.0,L4,1,0.4985971105575482,1,bisquare,7265,1.0,negbinomial,0.28773770824297945,True
CCTGTACTCACGCCCA-1,4803.0,7360.0,L4,1,0.2747725986686589,1,bisquare,7265,1.0,negbinomial,0.28773770824297945,True
CCTGTCACCCGGGCTC-1,7765.0,6050.0,L3,0,0.34153996004566134,1,bisquare,7265,1.0,negbinomial,0.28773770824297945,True
CCTGTCCCTCACGTTA-1,10998.0,6896.0,L3,0,0.43696753339013,1,bisquare,7265,1.0,negbinomial,0.28773770824297945,True
CCTGTCGCCCGTAAAT-1,7419.0,6888.0,L3,0,0.36468014617738526,1,bisquare,7265,1.0,negbinomial,0.28773770824297945,True
CCTGTGCGGATTGTAA-1,9975.0,2941.0,L3,0,0.2849050524044317,1,bisquare,7265,1.0,negbinomial,0.28773770824297945,True
CCTGTTTGAAGACACG-1,9615.0,9528.0,L5,2,0.464900437337202,1,bisquare,7265,1.0,negbinomial,0.28773770824297945,True
CCTTCAGTTAAAGTGA-1,6380.0,9879.0,WM,4,0.3247026220216081,1,bisquare,7265,1.0,negbinomial,0.28773770824297945,True
CCTTCTCAGCGTTCCT-1,4182.0,7718.0,L4,1,0.17868787848954862,1,bisquare,7265,1.0,negbinomial,0.28773770824297945,True
CCTTCTTGATCCAGTG-1,8181.0,4853.0,L3,0,0.282409083400773,1,bisquare,7265,1.0,negbinomial,0.28773770824297945,True
CCTTGACCACTTTATT-1,10649.0,9171.0,L5,2,0.27380235606678244,1,bisquare,7265,1.0,negbinomial,0.28773770824297945,True
CCTTTAAGGGAGCACT-1,6587.0,9520.0,WM,4,0.28651472286471785,1,bisquare,7265,1.0,negbinomial,0.28773770824297945,True
CCTTTCAATGAAGAAA-1,9694.0,5576.0,L3,0,0.3443210333194078,1,bisquare,7265,1.0,negbinomial,0.28773770824297945,True
CGAAACATAGATGGCA-1,8459.0,3896.0,L3,0,0.19637453881416034,1,bisquare,7265,1.0,negbinomial,0.28773770824297945,True
CGAAACGCAATTCATG-1,5422.0,7482.0,L5,2,0.14816933089459133,1,bisquare,7265,1.0,negbinomial,0.28773770824297945,True
CGAACAGTATGGGCGT-1,9755.0,8570.0,L4,1,0.3209519592086509,1,bisquare,7265,1.0,negbinomial,0.28773770824297945,True
CGAACCCGCATGCGTC-1,6521.0,8442.0,L5,2,0.17713482180437262,1,bisquare,7265,1.0,negbinomial,0.28773770824297945,True
CGAACGCCCAGTGCCG-1,7976.0,4254.0,L3,0,0.22062176982869675,1,bisquare,7265,1.0,negbinomial,0.28773770824297945,True
CGAACGGCCGGACAAC-1,4181.0,8197.0,L5,2,0.22128683556962916,1,bisquare,7265,1.0,negbinomial,0.28773770824297945,True
CGAAGCTATAAATTCA-1,10384.0,4859.0,L3,0,0.34569180954185275,1,bisquare,7265,1.0,negbinomial,0.28773770824297945,True
CGAAGTTGCTCTGTGT-1,5562.0,6524.0,L3,0,0.3099651162515459,1,bisquare,7265,1.0,negbinomial,0.28773770824297945,True
CGAATCTGCTCGACGC-1,4659.0,9995.0,L6,3,0.26029386387666814,1,bisquare,7265,1.0,negbinomial,0.28773770824297945,True
CGAATGAAGTCATTGC-1,4521.0,9994.0,L6,3,0.23446236473291218,1,bisquare,7265,1.0,negbinomial,0.28773770824297945,True
CGAATGACGCATAATG-1,7067.0,10120.0,WM,4,0.15480955132674176,1,bisquare,7265,1.0,negbinomial,0.28773770824297945,True
CGAATTACATGGTGTT-1,9632.0,2821.0,L3,0,0.3552793925303001,1,bisquare,7265,1.0,negbinomial,0.28773770824297945,True
CGACAATTTGATCTAA-1,9689.0,7731.0,L3,0,0.5747979048966065,1,bisquare,7265,1.0,negbinomial,0.28773770824297945,True
CGACACGCTCCGACAG-1,9619.0,8090.0,L4,1,0.2780572877495288,1,bisquare,7265,1.0,negbinomial,0.28773770824297945,True
CGACAGTTCGCGTTAT-1,6043.0,6884.0,L3,0,0.5779888357267731,1,bisquare,7265,1.0,negbinomial,0.28773770824297945,True
CGACATGCGATCTTCT-1,7565.0,3535.0,L3,0,0.2061828593468258,1,bisquare,7265,1.0,negbinomial,0.28773770824297945,True
CGACCCTTAACGCCGG-1,3974.0,8316.0,L5,2,0.17567416608752046,1,bisquare,7265,1.0,negbinomial,0.28773770824297945,True
CGACGCATCCGTACCT-1,3836.0,8556.0,L5,2,0.1558556725482432,1,bisquare,7265,1.0,negbinomial,0.28773770824297945,True
CGACTCAGGATGTTAT-1,9281.0,5335.0,L3,0,0.28852494142583146,1,bisquare,7265,1.0,negbinomial,0.28773770824297945,True
CGACTTTGTATAGCCT-1,10655.0,6536.0,L3,0,0.19888758436164436,1,bisquare,7265,1.0,negbinomial,0.28773770824297945,True
CGAGACCCTAGAGTGT-1,7348.0,7726.0,L5,2,0.2711094024254463,1,bisquare,7265,1.0,negbinomial,0.28773770824297945,True
CGAGAGATGTGAACCT-1,8178.0,6051.0,L3,0,0.19134042402323764,1,bisquare,7265,1.0,negbinomial,0.28773770824297945,True
CGAGAGCGCGTAGATA-1,3631.0,7956.0,L4,1,0.16413370329569127,1,bisquare,7265,1.0,negbinomial,0.28773770824297945,True
CGAGAGCTTTCACTAC-1,9201.0,10245.0,L6,3,0.14850043888110653,1,bisquare,7265,1.0,negbinomial,0.28773770824297945,True
CGAGAGGGTAGCCGCG-1,10304.0,9290.0,L5,2,0.3009177591879183,1,bisquare,7265,1.0,negbinomial,0.28773770824297945,True
CGAGATTTCGCTCGGG-1,11134.0,7615.0,L3,0,0.32193986437048744,1,bisquare,7265,1.0,negbinomial,0.28773770824297945,True
CGAGCACTTCAAGTTT-1,4876.0,5324.0,L3,0,0.21073777318120207,1,bisquare,7265,1.0,negbinomial,0.28773770824297945,True
CGAGCGTTGATCAGCC-1,6325.0,4011.0,L3,0,0.36529249277935816,1,bisquare,7265,1.0,negbinomial,0.28773770824297945,True
CGAGCTGGGCTTTAGG-1,7769.0,4613.0,L3,0,0.19523222588959968,1,bisquare,7265,1.0,negbinomial,0.28773770824297945,True
CGAGGAGCTTCCATAT-1,11209.0,5340.0,L3,0,0.12905088392518296,1,bisquare,7265,1.0,negbinomial,0.28773770824297945,True
CGAGGATCGGGAACGA-1,11276.0,5939.0,L3,0,0.08969162913410884,1,bisquare,7265,1.0,negbinomial,0.28773770824297945,True
CGAGGCCAGGCATTGG-1,4672.0,4246.0,L3,0,0.19274525690553174,1,bisquare,7265,1.0,negbinomial,0.28773770824297945,True
CGAGGCTAAATATGGC-1,8041.0,6051.0,L3,0,0.4016474153794918,1,bisquare,7265,1.0,negbinomial,0.28773770824297945,True
CGAGGGACTGCGGTCG-1,8520.0,7130.0,L3,0,0.30838394688035003,1,bisquare,7265,1.0,negbinomial,0.28773770824297945,True
CGAGGGTATCCAGGTG-1,7273.0,10241.0,WM,4,0.10949723569206068,1,bisquare,7265,1.0,negbinomial,0.28773770824297945,True
CGAGTACTAAAGAGGA-1,5558.0,7961.0,L5,2,0.2940159699663031,1,bisquare,7265,1.0,negbinomial,0.28773770824297945,True
CGAGTGAAGGTACCAG-1,5142.0,9158.0,L6,3,0.3982310417354243,1,bisquare,7265,1.0,negbinomial,0.28773770824297945,True
CGAGTGCTATAGTTCG-1,5775.0,3770.0,L3,0,0.18797517036036065,1,bisquare,7265,1.0,negbinomial,0.28773770824297945,True
CGAGTTCTGTCCCACC-1,9005.0,5813.0,L3,0,0.28021882462034725,1,bisquare,7265,1.0,negbinomial,0.28773770824297945,True
CGAGTTTATCGGACTG-1,9553.0,7012.0,L3,0,0.2384383105431232,1,bisquare,7265,1.0,negbinomial,0.28773770824297945,True
CGATAATACTCAGGTT-1,11203.0,7735.0,L3,0,0.4157048389169089,1,bisquare,7265,1.0,negbinomial,0.28773770824297945,True
CGATACCTCGCGGACA-1,6454.0,7364.0,L5,2,0.30980143916413516,1,bisquare,7265,1.0,negbinomial,0.28773770824297945,True
CGATATTAGCCGCAGG-1,5569.0,3410.0,L3,0,0.10508997324601711,1,bisquare,7265,1.0,negbinomial,0.28773770824297945,True
CGATCCGACCCAGTGC-1,6593.0,7125.0,L4,1,0.28428499833145343,1,bisquare,7265,1.0,negbinomial,0.28773770824297945,True
CGATCTGTTGGAGGAC-1,4801.0,8079.0,L5,2,0.21684424175490086,1,bisquare,7265,1.0,negbinomial,0.28773770824297945,True
CGATGGACCCTACGCC-1,9763.0,5216.0,L3,0,0.16450287970783128,1,bisquare,7265,1.0,negbinomial,0.28773770824297945,True
CGATGTTGTTATCTAC-1,3971.0,9514.0,L6,3,0.20308977867406447,1,bisquare,7265,1.0,negbinomial,0.28773770824297945,True
CGATTAAATATCTCCT-1,7413.0,9283.0,L6,3,0.22228957682804276,1,bisquare,7265,1.0,negbinomial,0.28773770824297945,True
CGATTCGCCTGGCTGC-1,8170.0,9404.0,L6,3,0.2928822917805178,1,bisquare,7265,1.0,negbinomial,0.28773770824297945,True
CGCAAACACGAGTTAC-1,5701.0,5806.0,L3,0,0.2446322930356717,1,bisquare,7265,1.0,negbinomial,0.28773770824297945,True
CGCAATCGATCATTAG-1,3155.0,5440.0,L3,0,0.08321077561796228,1,bisquare,7265,1.0,negbinomial,0.28773770824297945,True
CGCAATTACTTTCGGT-1,5427.0,5326.0,L3,0,0.35282597522746606,1,bisquare,7265,1.0,negbinomial,0.28773770824297945,True
CGCAATTAGGGTAATA-1,6183.0,5926.0,L3,0,0.23121294203523907,1,bisquare,7265,1.0,negbinomial,0.28773770824297945,True
CGCAATTCTACAATAA-1,5082.0,5684.0,L3,0,0.2513546461725558,1,bisquare,7265,1.0,negbinomial,0.28773770824297945,True
CGCACATGTCCACTAC-1,9139.0,7251.0,L3,0,0.5667912623820199,1,bisquare,7265,1.0,negbinomial,0.28773770824297945,True
CGCACGTGCGCTATCA-1,9965.0,7253.0,L3,0,0.33551787443836456,1,bisquare,7265,1.0,negbinomial,0.28773770824297945,True
CGCAGAAACATTTGCG-1,7152.0,3534.0,L3,0,0.3306998434087328,1,bisquare,7265,1.0,negbinomial,0.28773770824297945,True
CGCAGATCTTCACCCG-1,10933.0,5579.0,L3,0,0.11150714473806081,1,bisquare,7265,1.0,negbinomial,0.28773770824297945,True
CGCAGGCGATCCAAAC-1,10168.0,8810.0,L5,2,0.2993680691401466,1,bisquare,7265,1.0,negbinomial,0.28773770824297945,True
CGCATCATGGCTTCAG-1,9010.0,3658.0,L3,0,0.2286932830277071,1,bisquare,7265,1.0,negbinomial,0.28773770824297945,True
CGCATCCATCAGCCAG-1,11138.0,5938.0,L3,0,0.0977505360677331,1,bisquare,7265,1.0,negbinomial,0.28773770824297945,True
CGCATGGTGCGATGCT-1,7693.0,7367.0,L4,1,0.3053685177953812,1,bisquare,7265,1.0,negbinomial,0.28773770824297945,True
CGCATTAGCTAATAGG-1,7078.0,5809.0,L3,0,0.290570202754123,1,bisquare,7265,1.0,negbinomial,0.28773770824297945,True
CGCCAAGAAGCCGAGT-1,4321.0,7239.0,L3,0,0.44854097081735217,1,bisquare,7265,1.0,negbinomial,0.28773770824297945,True
CGCCACAGGTCGCGAT-1,3767.0,8436.0,L5,2,0.19470913590824993,1,bisquare,7265,1.0,negbinomial,0.28773770824297945,True
CGCCATCCGATTATGA-1,8662.0,5453.0,L3,0,0.42154632946214515,1,bisquare,7265,1.0,negbinomial,0.28773770824297945,True
CGCCCAGCACGCCTAG-1,6655.0,9640.0,WM,4,0.5565726643458612,1,bisquare,7265,1.0,negbinomial,0.28773770824297945,True
CGCCCGCTTCCGTACA-1,8663.0,4735.0,L3,0,0.24323499807188,1,bisquare,7265,1.0,negbinomial,0.28773770824297945,True
CGCCCTTGAAGGCTGA-1,4532.0,5443.0,L3,0,0.20914737840776987,1,bisquare,7265,1.0,negbinomial,0.28773770824297945,True
CGCCGCCCATGCCTGT-1,8864.0,7250.0,L3,0,0.3471247984762461,1,bisquare,7265,1.0,negbinomial,0.28773770824297945,True
CGCCGTCTACCCATCG-1,11548.0,7137.0,L3,0,0.29612047215043835,1,bisquare,7265,1.0,negbinomial,0.28773770824297945,True
CGCCGTTCAGCATAGT-1,10304.0,9529.0,L5,2,0.2736958710182735,1,bisquare,7265,1.0,negbinomial,0.28773770824297945,True
CGCCTCCCTCCTCTAT-1,8174.0,7728.0,L4,1,0.4281136895035314,1,bisquare,7265,1.0,negbinomial,0.28773770824297945,True
CGCCTGGCCTACGTAA-1,5009.0,7481.0,L5,2,0.20697854661745996,1,bisquare,7265,1.0,negbinomial,0.28773770824297945,True
CGCCTTTAGCATGCTC-1,11202.0,7975.0,L3,0,0.4408836845930751,1,bisquare,7265,1.0,negbinomial,0.28773770824297945,True
CGCGACACTGCGCAGC-1,3981.0,5442.0,L3,0,0.296239900881911,1,bisquare,7265,1.0,negbinomial,0.28773770824297945,True
CGCGACCGCGACAGAT-1,8720.0,9645.0,L6,3,0.5381630862212476,1,bisquare,7265,1.0,negbinomial,0.28773770824297945,True
CGCGAGTCTGCCGGGT-1,4524.0,8797.0,L5,2,0.18409500168487936,1,bisquare,7265,1.0,negbinomial,0.28773770824297945,True
CGCGCAAATGTCCAGA-1,4798.0,9276.0,L6,3,0.4198512696636393,1,bisquare,7265,1.0,negbinomial,0.28773770824297945,True
CGCGCATGTTTGATTG-1,6865.0,8563.0,L5,2,0.2326505070691449,1,bisquare,7265,1.0,negbinomial,0.28773770824297945,True
CGCGCCCGACTTAATA-1,8318.0,5093.0,L3,0,0.2626934184428981,1,bisquare,7265,1.0,negbinomial,0.28773770824297945,True
CGCGGCAGTATTACGG-1,4260.0,4006.0,L3,0,0.1458497461474618,1,bisquare,7265,1.0,negbinomial,0.28773770824297945,True
CGCGGCTCAACTTGAA-1,9826.0,7732.0,L3,0,0.5611684064037369,1,bisquare,7265,1.0,negbinomial,0.28773770824297945,True
CGCGGGAATTAGGCAG-1,8660.0,5932.0,L3,0,0.3271575390533375,1,bisquare,7265,1.0,negbinomial,0.28773770824297945,True
CGCGGTAAGTCTAGCT-1,11275.0,6178.0,L3,0,0.11814447251396783,1,bisquare,7265,1.0,negbinomial,0.28773770824297945,True
CGCGGTCACAAACCAA-1,10453.0,4739.0,L3,0,0.3520730552958848,1,bisquare,7265,1.0,negbinomial,0.28773770824297945,True
CGCGTCATATTAAACC-1,7567.0,2816.0,L3,0,0.4158625748093899,1,bisquare,7265,1.0,negbinomial,0.28773770824297945,True
CGCGTTCATGAAATAC-1,6665.0,5808.0,L3,0,0.5429363984632707,1,bisquare,7265,1.0,negbinomial,0.28773770824297945,True
CGCTACGGGACATTTA-1,6455.0,7125.0,L4,1,0.3142895481989846,1,bisquare,7265,1.0,negbinomial,0.28773770824297945,True
CGCTAGAGACCGCTGC-1,10103.0,7253.0,L3,0,0.2821503968105345,1,bisquare,7265,1.0,negbinomial,0.28773770824297945,True
CGCTATACCGCCCACT-1,5636.0,4248.0,L3,0,0.2892113293044303,1,bisquare,7265,1.0,negbinomial,0.28773770824297945,True
CGCTATTCAATGTATG-1,5290.0,4846.0,L3,0,0.1882074043995428,1,bisquare,7265,1.0,negbinomial,0.28773770824297945,True
CGCTATTCTTAGGCTC-1,7281.0,7127.0,L4,1,0.22781923271152044,1,bisquare,7265,1.0,negbinomial,0.28773770824297945,True
CGCTCGACATAATGAT-1,6253.0,5088.0,L3,0,0.24374098152285073,1,bisquare,7265,1.0,negbinomial,0.28773770824297945,True
CGCTCTCCGTAGATTA-1,5699.0,6524.0,L3,0,0.33769641037455383,1,bisquare,7265,1.0,negbinomial,0.28773770824297945,True
CGCTGGTGACTACCCT-1,9894.0,8331.0,L4,1,0.18126698892865287,1,bisquare,7265,1.0,negbinomial,0.28773770824297945,True
CGCTGTGACGCCGCAC-1,6390.0,5568.0,L3,0,0.32331278282959536,1,bisquare,7265,1.0,negbinomial,0.28773770824297945,True
CGCTGTGTGGATGTTG-1,6105.0,9639.0,WM,4,0.48005112997462307,1,bisquare,7265,1.0,negbinomial,0.28773770824297945,True
CGCTTAGTATTGATAC-1,6722.0,10479.0,WM,4,0.1177194397756072,1,bisquare,7265,1.0,negbinomial,0.28773770824297945,True
CGCTTATTCCCGGTCG-1,5215.0,7601.0,L5,2,0.16623519302045758,1,bisquare,7265,1.0,negbinomial,0.28773770824297945,True
CGCTTCCACTGAAATC-1,6048.0,4728.0,L3,0,0.24763588749947557,1,bisquare,7265,1.0,negbinomial,0.28773770824297945,True
CGCTTTCATACCGGTG-1,6600.0,4251.0,L3,0,0.34593451450090346,1,bisquare,7265,1.0,negbinomial,0.28773770824297945,True
CGCTTTCTTGCATTCG-1,9004.0,6293.0,L3,0,0.20587177420028208,1,bisquare,7265,1.0,negbinomial,0.28773770824297945,True
CGGAAAGAATCAAACG-1,6449.0,9520.0,WM,4,0.42706686596735094,1,bisquare,7265,1.0,negbinomial,0.28773770824297945,True
CGGAAATTTCACATCC-1,8805.0,3058.0,L3,0,0.32811573477358413,1,bisquare,7265,1.0,negbinomial,0.28773770824297945,True
CGGAACGTAAACATAG-1,6246.0,8202.0,L5,2,0.3285739214650901,1,bisquare,7265,1.0,negbinomial,0.28773770824297945,True
CGGAGCAATTTAATCG-1,7276.0,9043.0,L6,3,0.35548605562530794,1,bisquare,7265,1.0,negbinomial,0.28773770824297945,True
CGGAGCATGGCGATCC-1,7762.0,7248.0,L3,0,0.5844546709886808,1,bisquare,7265,1.0,negbinomial,0.28773770824297945,True
CGGAGCTTATAACACC-1,9079.0,3778.0,L3,0,0.2544793618516023,1,bisquare,7265,1.0,negbinomial,0.28773770824297945,True
CGGAGTCCTAACCTGG-1,10183.0,2583.0,L3,0,0.4497349124383837,1,bisquare,7265,1.0,negbinomial,0.28773770824297945,True
CGGAGTTTGAGAGACA-1,5494.0,6164.0,L3,0,0.217153278533753,1,bisquare,7265,1.0,negbinomial,0.28773770824297945,True
CGGATAAGCGGACATG-1,4327.0,4844.0,L3,0,0.21787397362816424,1,bisquare,7265,1.0,negbinomial,0.28773770824297945,True
CGGATCCTCAAGGACT-1,8651.0,9765.0,L6,3,0.3779304460617986,1,bisquare,7265,1.0,negbinomial,0.28773770824297945,True
CGGCAAACATCGTGCG-1,7690.0,8804.0,L6,3,0.4315047735206096,1,bisquare,7265,1.0,negbinomial,0.28773770824297945,True
CGGCAATAAGATCGCC-1,10580.0,9051.0,L5,2,0.4530135485151951,1,bisquare,7265,1.0,negbinomial,0.28773770824297945,True
CGGCACCGTTAGCGCC-1,9285.0,3898.0,L3,0,0.3680499010200628,1,bisquare,7265,1.0,negbinomial,0.28773770824297945,True
CGGCACTCAAGAAAGT-1,5086.0,4008.0,L3,0,0.16852019916284974,1,bisquare,7265,1.0,negbinomial,0.28773770824297945,True
CGGCAGGGTCGGGTTG-1,9623.0,6414.0,L3,0,0.22878889713841244,1,bisquare,7265,1.0,negbinomial,0.28773770824297945,True
CGGCCACGCACAAAGT-1,7213.0,6767.0,L3,0,0.39479025942990426,1,bisquare,7265,1.0,negbinomial,0.28773770824297945,True
CGGCCCAACCTGTAGT-1,10863.0,5938.0,L3,0,0.13080040331875475,1,bisquare,7265,1.0,negbinomial,0.28773770824297945,True
CGGCCCAGGTATATCC-1,10377.0,7733.0,L3,0,0.5400092136097903,1,bisquare,7265,1.0,negbinomial,0.28773770824297945,True
CGGCGCCATCAATCCC-1,9546.0,9647.0,L5,2,0.5645184682196617,1,bisquare,7265,1.0,negbinomial,0.28773770824297945,True
CGGCTCTAAAGCTGCA-1,10720.0,8093.0,L3,0,0.567940275090883,1,bisquare,7265,1.0,negbinomial,0.28773770824297945,True
CGGCTCTTCGTCGAAC-1,9079.0,3538.0,L3,0,0.28082400516403627,1,bisquare,7265,1.0,negbinomial,0.28773770824297945,True
CGGCTGCAAGATTAAG-1,7841.0,3056.0,L3,0,0.17045894203874454,1,bisquare,7265,1.0,negbinomial,0.28773770824297945,True
CGGCTTTGTATGATAA-1,7014.0,3533.0,L3,0,0.23726327505687542,1,bisquare,7265,1.0,negbinomial,0.28773770824297945,True
CGGGAATATAGTATAC-1,10376.0,8212.0,L3,0,0.5859418049148739,1,bisquare,7265,1.0,negbinomial,0.28773770824297945,True
CGGGAATTTATGTAAA-1,7623.0,7966.0,L5,2,0.3377172128433542,1,bisquare,7265,1.0,negbinomial,0.28773770824297945,True
CGGGAGCTTCAGTGTA-1,9411.0,8449.0,L4,1,0.2934098139621826,1,bisquare,7265,1.0,negbinomial,0.28773770824297945,True
CGGGAGTATACCGCCG-1,4189.0,4844.0,L3,0,0.19407985050282334,1,bisquare,7265,1.0,negbinomial,0.28773770824297945,True
CGGGATCAATGTAAGA-1,7216.0,5330.0,L3,0,0.26420756378227467,1,bisquare,7265,1.0,negbinomial,0.28773770824297945,True
CGGGCAGCTAAACCGC-1,7007.0,6407.0,L3,0,0.41729369135777855,1,bisquare,7265,1.0,negbinomial,0.28773770824297945,True
CGGGCCATAGCCGCAC-1,4397.0,4245.0,L3,0,0.10559975329336405,1,bisquare,7265,1.0,negbinomial,0.28773770824297945,True
CGGGCCTTCTTTGTAA-1,6936.0,7485.0,L5,2,0.24337149111094789,1,bisquare,7265,1.0,negbinomial,0.28773770824297945,True
CGGGTGTACCCATTTA-1,9072.0,6412.0,L3,0,0.38882433235045444,1,bisquare,7265,1.0,negbinomial,0.28773770824297945,True
CGGGTTTGTTAGGGCT-1,10993.0,9291.0,L5,2,0.3645258364537714,1,bisquare,7265,1.0,negbinomial,0.28773770824297945,True
CGGTACTAGAATCAAA-1,8863.0,7729.0,L3,0,0.5520210126790285,1,bisquare,7265,1.0,negbinomial,0.28773770824297945,True
CGGTAGAGGTGCAGGT-1,9488.0,5216.0,L3,0,0.18065258508257795,1,bisquare,7265,1.0,negbinomial,0.28773770824297945,True
CGGTCAAGTGGGAACC-1,8661.0,5693.0,L3,0,0.3824096661691012,1,bisquare,7265,1.0,negbinomial,0.28773770824297945,True
CGGTCCATGAGACTCC-1,11278.0,4981.0,L3,0,0.11990808303274539,1,bisquare,7265,1.0,negbinomial,0.28773770824297945,True
CGGTCCGTCGCAAGCC-1,6654.0,10119.0,WM,4,0.13799868909577526,1,bisquare,7265,1.0,negbinomial,0.28773770824297945,True
CGGTCTATCAACCCGT-1,8801.0,4735.0,L3,0,0.303908310938328,1,bisquare,7265,1.0,negbinomial,0.28773770824297945,True
CGGTGAAGACTAAAGT-1,4735.0,6761.0,L3,0,0.2858765000639053,1,bisquare,7265,1.0,negbinomial,0.28773770824297945,True
CGGTGCAGATAGAACG-1,5628.0,7602.0,L5,2,0.17033814887659193,1,bisquare,7265,1.0,negbinomial,0.28773770824297945,True
CGGTGCGCGTTGGTCC-1,5832.0,8441.0,L5,2,0.26529965620345136,1,bisquare,7265,1.0,negbinomial,0.28773770824297945,True
CGGTGGGCTCCAGCCT-1,9972.0,4379.0,L3,0,0.20083802196712763,1,bisquare,7265,1.0,negbinomial,0.28773770824297945,True
CGGTGTACTTGATCCC-1,5291.0,4607.0,L3,0,0.24195762985854452,1,bisquare,7265,1.0,negbinomial,0.28773770824297945,True
CGGTTATCCAACAGTG-1,9899.0,6175.0,L3,0,0.40101972672823105,1,bisquare,7265,1.0,negbinomial,0.28773770824297945,True
CGGTTCAAGTAGGTGT-1,9900.0,5456.0,L3,0,0.26542620381053145,1,bisquare,7265,1.0,negbinomial,0.28773770824297945,True
CGGTTCCGGCTTCTTG-1,5156.0,3648.0,L3,0,0.1493493843723115,1,bisquare,7265,1.0,negbinomial,0.28773770824297945,True
CGGTTGACCTGGCATA-1,4872.0,7241.0,L4,1,0.20275990477501893,1,bisquare,7265,1.0,negbinomial,0.28773770824297945,True
CGGTTGAGTATCCTTC-1,5208.0,10475.0,WM,4,0.28747455571291547,1,bisquare,7265,1.0,negbinomial,0.28773770824297945,True
CGGTTGGGTTCAAGTT-1,10043.0,3540.0,L3,0,0.3755670720145327,1,bisquare,7265,1.0,negbinomial,0.28773770824297945,True
CGTAAACGCTTGAGTG-1,4742.0,3887.0,L3,0,0.1354361600754352,1,bisquare,7265,1.0,negbinomial,0.28773770824297945,True
CGTACCTGATAGGCCT-1,7836.0,5212.0,L3,0,0.2906087163895697,1,bisquare,7265,1.0,negbinomial,0.28773770824297945,True
CGTAGCGAATTGTCAG-1,8045.0,4134.0,L3,0,0.24995349594753347,1,bisquare,7265,1.0,negbinomial,0.28773770824297945,True
CGTAGCGCCGACGTTG-1,6808.0,3413.0,L3,0,0.20788671487772692,1,bisquare,7265,1.0,negbinomial,0.28773770824297945,True
CGTATTAAGAGATCTA-1,6870.0,6407.0,L3,0,0.3381123723089241,1,bisquare,7265,1.0,negbinomial,0.28773770824297945,True
CGTATTGTTTCCTAAT-1,11759.0,5341.0,L3,0,0.05979886056758293,1,bisquare,7265,1.0,negbinomial,0.28773770824297945,True
CGTCAAATGGTCGCAG-1,11691.0,4982.0,L3,0,0.061547727566205176,1,bisquare,7265,1.0,negbinomial,0.28773770824297945,True
CGTCAAGGCTATAAAT-1,4117.0,6161.0,L3,0,0.4024701932571523,1,bisquare,7265,1.0,negbinomial,0.28773770824297945,True
CGTCACGTCCATTGGT-1,6659.0,8203.0,L5,2,0.378490662122137,1,bisquare,7265,1.0,negbinomial,0.28773770824297945,True
CGTCAGCTATTTACTC-1,3914.0,4604.0,L3,0,0.17315282706856927,1,bisquare,7265,1.0,negbinomial,0.28773770824297945,True
CGTCAGTGCGCACAAG-1,6532.0,3891.0,L3,0,0.3392949854429993,1,bisquare,7265,1.0,negbinomial,0.28773770824297945,True
CGTCATACCATATCCA-1,4533.0,4964.0,L3,0,0.3398520479530798,1,bisquare,7265,1.0,negbinomial,0.28773770824297945,True
CGTCGCGGCGGGATTT-1,4122.0,4005.0,L3,0,0.13690037091787022,1,bisquare,7265,1.0,negbinomial,0.28773770824297945,True
CGTCGCTTGGTTATAC-1,4865.0,10115.0,L6,3,0.29749940918024403,1,bisquare,7265,1.0,negbinomial,0.28773770824297945,True
CGTCGGATAGTGTTGA-1,9760.0,6654.0,L3,0,0.34318893511218185,1,bisquare,7265,1.0,negbinomial,0.28773770824297945,True
CGTCGGGTCTAAGCGC-1,4661.0,9037.0,L5,2,0.32928189916398615,1,bisquare,7265,1.0,negbinomial,0.28773770824297945,True
CGTCGTCCTTCGCGAA-1,8377.0,9285.0,L6,3,0.23851979540355606,1,bisquare,7265,1.0,negbinomial,0.28773770824297945,True
CGTCTGGAAGGGCCCG-1,7425.0,4492.0,L3,0,0.2416288349030086,1,bisquare,7265,1.0,negbinomial,0.28773770824297945,True
CGTCTTGAGTGTGACG-1,11754.0,7497.0,L3,0,0.27107193317248324,1,bisquare,7265,1.0,negbinomial,0.28773770824297945,True
CGTGAAGTTAATTCAC-1,7005.0,7366.0,L4,1,0.41934034601716297,1,bisquare,7265,1.0,negbinomial,0.28773770824297945,True
CGTGACATTGGGTCGT-1,8871.0,4376.0,L3,0,0.2213888807933129,1,bisquare,7265,1.0,negbinomial,0.28773770824297945,True
CGTGACCAGTCCTCTG-1,6930.0,10120.0,WM,4,0.11298834911296185,1,bisquare,7265,1.0,negbinomial,0.28773770824297945,True
CGTGCAGACTGGGACA-1,8244.0,7369.0,L3,0,0.16732954042170264,1,bisquare,7265,1.0,negbinomial,0.28773770824297945,True
CGTGCATTGTCGACGC-1,5285.0,7242.0,L4,1,0.25477146166828685,1,bisquare,7265,1.0,negbinomial,0.28773770824297945,True
CGTGCCCTCCCGAAGA-1,8450.0,7728.0,L4,1,0.19338099163359784,1,bisquare,7265,1.0,negbinomial,0.28773770824297945,True
CGTGCTGGCCTAGTCG-1,4467.0,3647.0,L3,0,0.13266932299936313,1,bisquare,7265,1.0,negbinomial,0.28773770824297945,True
CGTGCTTCTACCTAAA-1,5072.0,9996.0,L6,3,0.2412655536153204,1,bisquare,7265,1.0,negbinomial,0.28773770824297945,True
CGTGGAAGCCTCGTAC-1,11408.0,8334.0,L3,0,0.30002165112974527,1,bisquare,7265,1.0,negbinomial,0.28773770824297945,True
CGTGGCCGAATATCTA-1,10100.0,8211.0,L3,0,0.4925146835759347,1,bisquare,7265,1.0,negbinomial,0.28773770824297945,True
CGTGTCCCATTCGCGA-1,5907.0,5926.0,L3,0,0.2614527773393407,1,bisquare,7265,1.0,negbinomial,0.28773770824297945,True
CGTGTCTCGTTACGAC-1,5485.0,9757.0,WM,4,0.24065652621354852,1,bisquare,7265,1.0,negbinomial,0.28773770824297945,True
CGTGTGTTAAACCCTG-1,11137.0,6417.0,L3,0,0.09068711012342401,1,bisquare,7265,1.0,negbinomial,0.28773770824297945,True
CGTTAAACTAGTTAGG-1,10788.0,8453.0,L3,0,0.5587232437097879,1,bisquare,7265,1.0,negbinomial,0.28773770824297945,True
CGTTAATGTCCCGACG-1,9133.0,9646.0,L6,3,0.4469153104383596,1,bisquare,7265,1.0,negbinomial,0.28773770824297945,True
CGTTAGCTCACAACTG-1,9353.0,4257.0,L3,0,0.21422149311294458,1,bisquare,7265,1.0,negbinomial,0.28773770824297945,True
CGTTCAGACCCGCGAA-1,7342.0,10360.0,WM,4,0.08734668285938642,1,bisquare,7265,1.0,negbinomial,0.28773770824297945,True
CGTTCATGGTGCGCGT-1,4525.0,8318.0,L5,2,0.4589526145990979,1,bisquare,7265,1.0,negbinomial,0.28773770824297945,True
CGTTCTTCGCACACCT-1,10659.0,4859.0,L3,0,0.19443210644445436,1,bisquare,7265,1.0,negbinomial,0.28773770824297945,True
CGTTGAATACCGCGCT-1,8446.0,9405.0,L6,3,0.30694176960782094,1,bisquare,7265,1.0,negbinomial,0.28773770824297945,True
CGTTGAGCGACCGTCG-1,8243.0,7848.0,L4,1,0.32159293006754175,1,bisquare,7265,1.0,negbinomial,0.28773770824297945,True
CGTTGCCCGCGTGGGA-1,6241.0,10358.0,WM,4,0.14606810242738924,1,bisquare,7265,1.0,negbinomial,0.28773770824297945,True
CGTTGTAAACGTCAGG-1,4051.0,5083.0,L3,0,0.3090521171938925,1,bisquare,7265,1.0,negbinomial,0.28773770824297945,True
CGTTGTAAGATTGATT-1,10588.0,5698.0,L3,0,0.12418393043636643,1,bisquare,7265,1.0,negbinomial,0.28773770824297945,True
CGTTGTCGGCAATTGA-1,7686.0,10242.0,WM,4,0.1257709066123774,1,bisquare,7265,1.0,negbinomial,0.28773770824297945,True
CGTTGTTTCAATTCCC-1,5906.0,6644.0,L3,0,0.34857231238998354,1,bisquare,7265,1.0,negbinomial,0.28773770824297945,True
CGTTTAAGCGGAGCAC-1,7219.0,4133.0,L3,0,0.17716898995575717,1,bisquare,7265,1.0,negbinomial,0.28773770824297945,True
CGTTTACAAGGCAGCT-1,11209.0,5100.0,L3,0,0.13993437385617233,1,bisquare,7265,1.0,negbinomial,0.28773770824297945,True
CGTTTCACTTCGGGCG-1,9489.0,4737.0,L3,0,0.2844803337305889,1,bisquare,7265,1.0,negbinomial,0.28773770824297945,True
CGTTTCGCTCATTACA-1,6525.0,6766.0,L3,0,0.425456682473858,1,bisquare,7265,1.0,negbinomial,0.28773770824297945,True
CGTTTGTGTAGAGGGT-1,5968.0,9160.0,L6,3,0.2405733402053089,1,bisquare,7265,1.0,negbinomial,0.28773770824297945,True
CTAAAGAATGCCTACT-1,5630.0,6883.0,L4,1,0.3661197864476719,1,bisquare,7265,1.0,negbinomial,0.28773770824297945,True
CTAAAGGGAAATAGGA-1,7417.0,7846.0,L5,2,0.5060131632099311,1,bisquare,7265,1.0,negbinomial,0.28773770824297945,True
CTAAATCCGGTGTACA-1,5554.0,9877.0,WM,4,0.5499829602196752,1,bisquare,7265,1.0,negbinomial,0.28773770824297945,True
CTAAATCCTATTCCGG-1,8936.0,5694.0,L3,0,0.2638302415432947,1,bisquare,7265,1.0,negbinomial,0.28773770824297945,True
CTAACCGCGCGCCCGT-1,5561.0,7003.0,L4,1,0.2198420764131755,1,bisquare,7265,1.0,negbinomial,0.28773770824297945,True
CTAACGAAACTTGCTG-1,9623.0,6174.0,L3,0,0.3815835604351233,1,bisquare,7265,1.0,negbinomial,0.28773770824297945,True
CTAACTGATAATCGCC-1,10166.0,9529.0,L5,2,0.505863951945835,1,bisquare,7265,1.0,negbinomial,0.28773770824297945,True
CTAACTGGTCCGGTTC-1,5626.0,8560.0,L5,2,0.19167655904682254,1,bisquare,7265,1.0,negbinomial,0.28773770824297945,True
CTAAGGGAATGATTGG-1,8105.0,7847.0,L4,1,0.21118368808794022,1,bisquare,7265,1.0,negbinomial,0.28773770824297945,True
CTAAGTACAGGGCTAC-1,10181.0,3301.0,L3,0,0.4620975347820219,1,bisquare,7265,1.0,negbinomial,0.28773770824297945,True
CTAATTCGCACGCGCT-1,5494.0,5925.0,L3,0,0.17625670616655859,1,bisquare,7265,1.0,negbinomial,0.28773770824297945,True
CTAATTCTCAGATATT-1,10381.0,5817.0,L3,0,0.14103163288108636,1,bisquare,7265,1.0,negbinomial,0.28773770824297945,True
CTAATTTCAACAACAC-1,5014.0,5085.0,L3,0,0.4017341661880445,1,bisquare,7265,1.0,negbinomial,0.28773770824297945,True
CTACAAGAAATAACCC-1,5899.0,9519.0,WM,4,0.5844409424235315,1,bisquare,7265,1.0,negbinomial,0.28773770824297945,True
CTACACTCGCAGATGG-1,10097.0,9409.0,L5,2,0.3100695510180362,1,bisquare,7265,1.0,negbinomial,0.28773770824297945,True
CTACCCTAAGGTCATA-1,9417.0,6294.0,L3,0,0.45166812450582383,1,bisquare,7265,1.0,negbinomial,0.28773770824297945,True
CTACGAACTAGGTCGA-1,8185.0,3177.0,L3,0,0.14203008750630822,1,bisquare,7265,1.0,negbinomial,0.28773770824297945,True
CTACGACTAGCTATAA-1,4803.0,7121.0,L4,1,0.22927084214952573,1,bisquare,7265,1.0,negbinomial,0.28773770824297945,True
CTACGCACGGAGTACC-1,7075.0,6767.0,L3,0,0.4980897280055859,1,bisquare,7265,1.0,negbinomial,0.28773770824297945,True
CTACGCCATTTCCGAT-1,8665.0,4016.0,L3,0,0.22068111457844503,1,bisquare,7265,1.0,negbinomial,0.28773770824297945,True
CTACTATCATAGGTTT-1,4868.0,8917.0,L5,2,0.3841619750507746,1,bisquare,7265,1.0,negbinomial,0.28773770824297945,True
CTACTATCTTTCAGAG-1,9555.0,6054.0,L3,0,0.2638715991479327,1,bisquare,7265,1.0,negbinomial,0.28773770824297945,True
CTACTCAAGGTATAGT-1,6036.0,9759.0,WM,4,0.31467405384007174,1,bisquare,7265,1.0,negbinomial,0.28773770824297945,True
CTACTCTAGGCCCGGC-1,4874.0,6283.0,L3,0,0.5611406411311298,1,bisquare,7265,1.0,negbinomial,0.28773770824297945,True
CTACTGCCACCTGACC-1,7491.0,5810.0,L3,0,0.38243767593690964,1,bisquare,7265,1.0,negbinomial,0.28773770824297945,True
CTAGACTGCATTTCGT-1,9767.0,3779.0,L3,0,0.27731491229828736,1,bisquare,7265,1.0,negbinomial,0.28773770824297945,True
CTAGATAAACTCCTCG-1,4881.0,3408.0,L3,0,0.19710364081670992,1,bisquare,7265,1.0,negbinomial,0.28773770824297945,True
CTAGATGTGAGTGTAA-1,10242.0,6535.0,L3,0,0.3568762107072164,1,bisquare,7265,1.0,negbinomial,0.28773770824297945,True
CTAGATTTACGACGGC-1,8243.0,7608.0,L4,1,0.31590175252988445,1,bisquare,7265,1.0,negbinomial,0.28773770824297945,True
CTAGCATAGTATAATG-1,7695.0,6649.0,L3,0,0.4146685772972366,1,bisquare,7265,1.0,negbinomial,0.28773770824297945,True
CTAGCCACAGGCGAGC-1,11198.0,9651.0,L5,2,0.28741916845078347,1,bisquare,7265,1.0,negbinomial,0.28773770824297945,True
CTAGCCGATGTTATGA-1,10107.0,5337.0,L3,0,0.36501792912693587,1,bisquare,7265,1.0,negbinomial,0.28773770824297945,True
CTAGCTTAATGGTCCC-1,11752.0,8215.0,L3,0,0.23723271280977146,1,bisquare,7265,1.0,negbinomial,0.28773770824297945,True
CTAGGCGCCCTATCAG-1,9411.0,8689.0,L5,2,0.26067774798116466,1,bisquare,7265,1.0,negbinomial,0.28773770824297945,True
CTAGGTCTGAAGGAAT-1,10310.0,6894.0,L3,0,0.44013219167498974,1,bisquare,7265,1.0,negbinomial,0.28773770824297945,True
CTAGGTTCGGACGTGA-1,7963.0,9524.0,L6,3,0.22526971454564562,1,bisquare,7265,1.0,negbinomial,0.28773770824297945,True
CTAGTAGAAAGGGATT-1,8719.0,10124.0,L6,3,0.3550888974241918,1,bisquare,7265,1.0,negbinomial,0.28773770824297945,True
CTAGTATTCGGAATTA-1,8664.0,4256.0,L3,0,0.22518308602513887,1,bisquare,7265,1.0,negbinomial,0.28773770824297945,True
CTAGTCACGTCTTAAG-1,7901.0,7008.0,L3,0,0.4257023014038645,1,bisquare,7265,1.0,negbinomial,0.28773770824297945,True
CTAGTGAAGGACAGGA-1,5768.0,6644.0,L3,0,0.540332751421885,1,bisquare,7265,1.0,negbinomial,0.28773770824297945,True
CTAGTTACAACCCGGT-1,7758.0,8924.0,L6,3,0.2419679167350252,1,bisquare,7265,1.0,negbinomial,0.28773770824297945,True
CTAGTTGGGCCCGGTA-1,7835.0,5691.0,L3,0,0.23589625406806286,1,bisquare,7265,1.0,negbinomial,0.28773770824297945,True
CTATAAGAGCCAATCG-1,10038.0,5696.0,L3,0,0.15203372414156507,1,bisquare,7265,1.0,negbinomial,0.28773770824297945,True
CTATAGGCGTTGATGT-1,5760.0,9997.0,WM,4,0.25450743434901746,1,bisquare,7265,1.0,negbinomial,0.28773770824297945,True
CTATCGACGAAATACA-1,9548.0,8929.0,L5,2,0.5484303237528485,1,bisquare,7265,1.0,negbinomial,0.28773770824297945,True
CTATCGCGTAGAGAAC-1,11267.0,9532.0,L5,2,0.2649687774777319,1,bisquare,7265,1.0,negbinomial,0.28773770824297945,True
CTATCGGGTCTCAACA-1,7901.0,6769.0,L3,0,0.34391978539107854,1,bisquare,7265,1.0,negbinomial,0.28773770824297945,True
CTATGCCCGAATGCAA-1,7205.0,10121.0,WM,4,0.14240724659126183,1,bisquare,7265,1.0,negbinomial,0.28773770824297945,True
CTATGGGAAGCGGAAT-1,10305.0,9050.0,L5,2,0.2856721255603268,1,bisquare,7265,1.0,negbinomial,0.28773770824297945,True
CTATGTCACTAGCCCA-1,7696.0,6170.0,L3,0,0.270135166113374,1,bisquare,7265,1.0,negbinomial,0.28773770824297945,True
CTATGTCTATTGAAAC-1,6945.0,3892.0,L3,0,0.1933294631140323,1,bisquare,7265,1.0,negbinomial,0.28773770824297945,True
CTATGTGAGTCACGGC-1,4319.0,7958.0,L5,2,0.12029441332558001,1,bisquare,7265,1.0,negbinomial,0.28773770824297945,True
CTATTCATGTGTCCCA-1,7415.0,8804.0,L6,3,0.20723022382114611,1,bisquare,7265,1.0,negbinomial,0.28773770824297945,True
CTATTTGGTTACGGAT-1,8796.0,6891.0,L3,0,0.22576631456609844,1,bisquare,7265,1.0,negbinomial,0.28773770824297945,True
CTCAAACCACTGCCCG-1,5897.0,10237.0,WM,4,0.254996527981546,1,bisquare,7265,1.0,negbinomial,0.28773770824297945,True
CTCAACTAACCCGGAT-1,8994.0,10125.0,L6,3,0.1718335890304335,1,bisquare,7265,1.0,negbinomial,0.28773770824297945,True
CTCAAGACATTAGCGC-1,10179.0,4259.0,L3,0,0.21339521149379073,1,bisquare,7265,1.0,negbinomial,0.28773770824297945,True
CTCACACGCAAGCCTA-1,11554.0,4742.0,L3,0,0.05617048357475847,1,bisquare,7265,1.0,negbinomial,0.28773770824297945,True
CTCACATTTACTAAAT-1,7825.0,10002.0,WM,4,0.24785457970029992,1,bisquare,7265,1.0,negbinomial,0.28773770824297945,True
CTCACTGTGATACTTA-1,8306.0,10123.0,WM,4,0.21142948396825526,1,bisquare,7265,1.0,negbinomial,0.28773770824297945,True
CTCACTTGGCTGGTAA-1,4940.0,7361.0,L4,1,0.18472975487061855,1,bisquare,7265,1.0,negbinomial,0.28773770824297945,True
CTCAGGACTCACCTGT-1,5222.0,4487.0,L3,0,0.17229584670829332,1,bisquare,7265,1.0,negbinomial,0.28773770824297945,True
CTCAGTCACGACAAAT-1,9763.0,5456.0,L3,0,0.356030224046246,1,bisquare,7265,1.0,negbinomial,0.28773770824297945,True
CTCATCACTTAGTGAT-1,11689.0,5940.0,L3,0,0.0788020854606405,1,bisquare,7265,1.0,negbinomial,0.28773770824297945,True
CTCATGGCTCACAATC-1,7495.0,4133.0,L3,0,0.2187538088146804,1,bisquare,7265,1.0,negbinomial,0.28773770824297945,True
CTCATGGTAATTTGCG-1,4937.0,8558.0,L5,2,0.21703718296001898,1,bisquare,7265,1.0,negbinomial,0.28773770824297945,True
CTCATTAACGTTGCCC-1,11895.0,6060.0,L3,0,0.10841059675425853,1,bisquare,7265,1.0,negbinomial,0.28773770824297945,True
CTCATTCGTGAACATC-1,3361.0,5800.0,L3,0,0.0794163698983364,1,bisquare,7265,1.0,negbinomial,0.28773770824297945,True
CTCATTGCTCTAACAA-1,8514.0,9764.0,L6,3,0.271148349496064,1,bisquare,7265,1.0,negbinomial,0.28773770824297945,True
CTCATTTGATGGGCGG-1,7423.0,5211.0,L3,0,0.1911859774396124,1,bisquare,7265,1.0,negbinomial,0.28773770824297945,True
CTCCCAATGAGTCGCG-1,11063.0,8693.0,L3,0,0.4227949229018487,1,bisquare,7265,1.0,negbinomial,0.28773770824297945,True
CTCCCTCCTTTCGATC-1,4731.0,8678.0,L5,2,0.24770145144683647,1,bisquare,7265,1.0,negbinomial,0.28773770824297945,True
CTCCGCCCACATGAGG-1,5834.0,7722.0,L5,2,0.16332946450717453,1,bisquare,7265,1.0,negbinomial,0.28773770824297945,True
CTCCGGCCTAATATGC-1,7218.0,4851.0,L3,0,0.18565084073494528,1,bisquare,7265,1.0,negbinomial,0.28773770824297945,True
CTCCGGCTTGTAGACA-1,4466.0,4365.0,L3,0,0.12269158506176718,1,bisquare,7265,1.0,negbinomial,0.28773770824297945,True
CTCCTAAGTTATGTCT-1,5224.0,4008.0,L3,0,0.19879784079579324,1,bisquare,7265,1.0,negbinomial,0.28773770824297945,True
CTCCTCCAGCTCACAC-1,6586.0,9999.0,WM,4,0.16716208732550378,1,bisquare,7265,1.0,negbinomial,0.28773770824297945,True
CTCCTGTTCAAGGCAG-1,11199.0,9172.0,L4,1,0.36756176964160675,1,bisquare,7265,1.0,negbinomial,0.28773770824297945,True
CTCCTTTACGCAAGTC-1,10658.0,5338.0,L3,0,0.2594693833706818,1,bisquare,7265,1.0,negbinomial,0.28773770824297945,True
CTCGAATGGAACGTAT-1,10043.0,3301.0,L3,0,0.38521732021939864,1,bisquare,7265,1.0,negbinomial,0.28773770824297945,True
CTCGAGGTCGAACAGT-1,7215.0,6049.0,L3,0,0.27557446967131677,1,bisquare,7265,1.0,negbinomial,0.28773770824297945,True
CTCGATATTTGCGAGC-1,9970.0,5337.0,L3,0,0.26691942887130726,1,bisquare,7265,1.0,negbinomial,0.28773770824297945,True
CTCGCACCTATATAGT-1,7836.0,5451.0,L3,0,0.2839464419987055,1,bisquare,7265,1.0,negbinomial,0.28773770824297945,True
CTCGCATTGCATAGCC-1,3971.0,9754.0,L6,3,0.20240845553231904,1,bisquare,7265,1.0,negbinomial,0.28773770824297945,True
CTCGCCGAATGTAGGG-1,7550.0,9762.0,WM,4,0.12270877252733327,1,bisquare,7265,1.0,negbinomial,0.28773770824297945,True
CTCGGGATAACACCTA-1,11482.0,6298.0,L3,0,0.05968024688050144,1,bisquare,7265,1.0,negbinomial,0.28773770824297945,True
CTCGGGTTCTCTGGCC-1,5003.0,9876.0,L6,3,0.23610415511081026,1,bisquare,7265,1.0,negbinomial,0.28773770824297945,True
CTCGGTACCACTGCTC-1,8725.0,7489.0,L3,0,0.48355830641317515,1,bisquare,7265,1.0,negbinomial,0.28773770824297945,True
CTCGGTCCGTAGCCTG-1,6598.0,4730.0,L3,0,0.21071963864364032,1,bisquare,7265,1.0,negbinomial,0.28773770824297945,True
CTCGGTTGTCGGCCCT-1,4936.0,9277.0,L6,3,0.27858764820125137,1,bisquare,7265,1.0,negbinomial,0.28773770824297945,True
CTCGTCGAGGGCTCAT-1,4384.0,9755.0,L6,3,0.2238462418847235,1,bisquare,7265,1.0,negbinomial,0.28773770824297945,True
CTCGTTTCTAATGTTT-1,10314.0,5218.0,L3,0,0.36271588501939506,1,bisquare,7265,1.0,negbinomial,0.28773770824297945,True
CTCTAATGCATTGATC-1,10726.0,5458.0,L3,0,0.219563325327365,1,bisquare,7265,1.0,negbinomial,0.28773770824297945,True
CTCTACACTGGCGATT-1,4320.0,7718.0,L4,1,0.24790155320093873,1,bisquare,7265,1.0,negbinomial,0.28773770824297945,True
CTCTATTTGGCTGCAG-1,7829.0,8326.0,L5,2,0.2089293242003099,1,bisquare,7265,1.0,negbinomial,0.28773770824297945,True
CTCTCACAATCGATGA-1,7971.0,6410.0,L3,0,0.2475669691748645,1,bisquare,7265,1.0,negbinomial,0.28773770824297945,True
CTCTCGATGTGCGCCT-1,7428.0,3055.0,L3,0,0.08889981378913173,1,bisquare,7265,1.0,negbinomial,0.28773770824297945,True
CTCTCGCTGTACTATG-1,3568.0,5441.0,L3,0,0.08994971879236834,1,bisquare,7265,1.0,negbinomial,0.28773770824297945,True
CTCTCTAACTGCCTAG-1,4591.0,9396.0,L6,3,0.19790619704101683,1,bisquare,7265,1.0,negbinomial,0.28773770824297945,True
CTCTGCGAAGCAAGCA-1,6600.0,4011.0,L3,0,0.11670240048868423,1,bisquare,7265,1.0,negbinomial,0.28773770824297945,True
CTCTGGACGCCTGGTG-1,7420.0,6408.0,L3,0,0.3242719409358903,1,bisquare,7265,1.0,negbinomial,0.28773770824297945,True
CTCTGTTTGAGGATTC-1,8114.0,4254.0,L3,0,0.19651294773157005,1,bisquare,7265,1.0,negbinomial,0.28773770824297945,True
CTCTTCTATTGACTGG-1,10032.0,8091.0,L3,0,0.3325607829278021,1,bisquare,7265,1.0,negbinomial,0.28773770824297945,True
CTCTTCTGGAAGTTAG-1,5897.0,9998.0,WM,4,0.3343940514960909,1,bisquare,7265,1.0,negbinomial,0.28773770824297945,True
CTCTTGTCCCGCTTGG-1,7139.0,9043.0,L6,3,0.2569685226404889,1,bisquare,7265,1.0,negbinomial,0.28773770824297945,True
CTGAAAGAGATCCGAC-1,7906.0,4853.0,L3,0,0.3518533248104376,1,bisquare,7265,1.0,negbinomial,0.28773770824297945,True
CTGAATCCGAGACCTC-1,6797.0,8203.0,L5,2,0.40559738432651093,1,bisquare,7265,1.0,negbinomial,0.28773770824297945,True
CTGAATTTATTGCCAG-1,10452.0,5218.0,L3,0,0.3018925995731789,1,bisquare,7265,1.0,negbinomial,0.28773770824297945,True
CTGACATAGAAATAGA-1,11338.0,8693.0,L3,0,0.5270276500636074,1,bisquare,7265,1.0,negbinomial,0.28773770824297945,True
CTGACTGCGCAGCTCG-1,10105.0,6295.0,L3,0,0.30252302846980916,1,bisquare,7265,1.0,negbinomial,0.28773770824297945,True
CTGAGAAAGTTCGGCG-1,11201.0,8454.0,L3,0,0.48328241662345384,1,bisquare,7265,1.0,negbinomial,0.28773770824297945,True
CTGAGCAAGTAACAAG-1,4879.0,4366.0,L3,0,0.2885137579246783,1,bisquare,7265,1.0,negbinomial,0.28773770824297945,True
CTGAGCGAGACTTATT-1,11757.0,6299.0,L3,0,0.0558753258033709,1,bisquare,7265,1.0,negbinomial,0.28773770824297945,True
CTGATAGTGTATCTCA-1,4254.0,6401.0,L3,0,0.25496304648199797,1,bisquare,7265,1.0,negbinomial,0.28773770824297945,True
CTGCAAGCACGTTCCG-1,10785.0,9890.0,L5,2,0.41815163291726,1,bisquare,7265,1.0,negbinomial,0.28773770824297945,True
CTGCACAACTACATAT-1,8379.0,8567.0,L5,2,0.482493337527645,1,bisquare,7265,1.0,negbinomial,0.28773770824297945,True
CTGCACCTAGTCCACA-1,11207.0,6058.0,L3,0,0.08742764532116201,1,bisquare,7265,1.0,negbinomial,0.28773770824297945,True
CTGCACCTGGAACCGC-1,6530.0,4370.0,L3,0,0.1815786553792733,1,bisquare,7265,1.0,negbinomial,0.28773770824297945,True
CTGCACTCCAGTACAG-1,7965.0,9045.0,L6,3,0.27465511857764646,1,bisquare,7265,1.0,negbinomial,0.28773770824297945,True
CTGCAGAGAATCAGAG-1,10096.0,9888.0,L5,2,0.22894964523981326,1,bisquare,7265,1.0,negbinomial,0.28773770824297945,True
CTGCCAAGGTTGGAAG-1,8456.0,5094.0,L3,0,0.2064026749740397,1,bisquare,7265,1.0,negbinomial,0.28773770824297945,True
CTGCCATGCATCACAT-1,7418.0,7367.0,L4,1,0.2802247862778452,1,bisquare,7265,1.0,negbinomial,0.28773770824297945,True
CTGCCTAGCCACCAAG-1,8666.0,3537.0,L3,0,0.23292587397668443,1,bisquare,7265,1.0,negbinomial,0.28773770824297945,True
CTGCCTCATATGCAAC-1,11481.0,6538.0,L3,0,0.07137293947966089,1,bisquare,7265,1.0,negbinomial,0.28773770824297945,True
CTGCCTTTAATACCTT-1,5071.0,10235.0,WM,4,0.5718668612192147,1,bisquare,7265,1.0,negbinomial,0.28773770824297945,True
CTGCCTTTCTAGTAAA-1,9545.0,10126.0,L6,3,0.2234659497097235,1,bisquare,7265,1.0,negbinomial,0.28773770824297945,True
CTGCGGGTGAAATGTT-1,4736.0,6282.0,L3,0,0.295103929500594,1,bisquare,7265,1.0,negbinomial,0.28773770824297945,True
CTGCGGTAGTCACGTG-1,9492.0,3779.0,L3,0,0.2989633586100561,1,bisquare,7265,1.0,negbinomial,0.28773770824297945,True
CTGCGTTACGATATAA-1,9352.0,4497.0,L3,0,0.25305790888328367,1,bisquare,7265,1.0,negbinomial,0.28773770824297945,True
CTGCTGAGGCCACGAA-1,5557.0,8440.0,L5,2,0.2831217563107461,1,bisquare,7265,1.0,negbinomial,0.28773770824297945,True
CTGCTGTCTAACGAGC-1,11339.0,8454.0,L3,0,0.3187790735105783,1,bisquare,7265,1.0,negbinomial,0.28773770824297945,True
CTGCTTGGCGATAGCT-1,8309.0,8926.0,L5,2,0.17815366491637377,1,bisquare,7265,1.0,negbinomial,0.28773770824297945,True
CTGCTTTATGTCCGCG-1,10865.0,4980.0,L3,0,0.27317273730264857,1,bisquare,7265,1.0,negbinomial,0.28773770824297945,True
CTGGAAATGGATGCTT-1,6802.0,6048.0,L3,0,0.4116964751321583,1,bisquare,7265,1.0,negbinomial,0.28773770824297945,True
CTGGAAGACACGGTGG-1,9205.0,8569.0,L5,2,0.4592326094556162,1,bisquare,7265,1.0,negbinomial,0.28773770824297945,True
CTGGACGCAGTCCGGC-1,4042.0,8676.0,L5,2,0.44226542399464835,1,bisquare,7265,1.0,negbinomial,0.28773770824297945,True
CTGGATTTACACTTGA-1,6934.0,8443.0,L5,2,0.17915406436217887,1,bisquare,7265,1.0,negbinomial,0.28773770824297945,True
CTGGCATCCGAATGAG-1,4938.0,8319.0,L5,2,0.23955303029184893,1,bisquare,7265,1.0,negbinomial,0.28773770824297945,True
CTGGCGACATAAGTCC-1,8732.0,4615.0,L3,0,0.3242873546590381,1,bisquare,7265,1.0,negbinomial,0.28773770824297945,True
CTGGCGCACAGGTCTG-1,9277.0,7012.0,L3,0,0.3898871486619238,1,bisquare,7265,1.0,negbinomial,0.28773770824297945,True
CTGGCGGGAATAAGTA-1,4671.0,4965.0,L3,0,0.21310780121556755,1,bisquare,7265,1.0,negbinomial,0.28773770824297945,True
CTGGCTCCTGCGGGAT-1,5019.0,3409.0,L3,0,0.12262223179931445,1,bisquare,7265,1.0,negbinomial,0.28773770824297945,True
CTGGCTGATTCATCCT-1,9757.0,7851.0,L3,0,0.5316819394213608,1,bisquare,7265,1.0,negbinomial,0.28773770824297945,True
CTGGCTGGTTGTCAGT-1,7001.0,9042.0,L6,3,0.19549874975399575,1,bisquare,7265,1.0,negbinomial,0.28773770824297945,True
CTGGGATAAATAATGG-1,8933.0,7131.0,L3,0,0.35457165418902536,1,bisquare,7265,1.0,negbinomial,0.28773770824297945,True
CTGGGATACGCTACCC-1,11204.0,7016.0,L3,0,0.32914201670148874,1,bisquare,7265,1.0,negbinomial,0.28773770824297945,True
CTGGGCCTGCTATATC-1,5214.0,7840.0,L5,2,0.23250378611722433,1,bisquare,7265,1.0,negbinomial,0.28773770824297945,True
CTGGGTAGGCAGTTAA-1,8587.0,7729.0,L4,1,0.2040642019659497,1,bisquare,7265,1.0,negbinomial,0.28773770824297945,True
CTGGGTTGAGTTAAAG-1,3904.0,8915.0,L5,2,0.17419609260237265,1,bisquare,7265,1.0,negbinomial,0.28773770824297945,True
CTGGTAAAGTGTGGGC-1,10991.0,9770.0,L5,2,0.3094477166307818,1,bisquare,7265,1.0,negbinomial,0.28773770824297945,True
CTGGTAACACATAGAA-1,9207.0,7610.0,L3,0,0.5581885806459503,1,bisquare,7265,1.0,negbinomial,0.28773770824297945,True
CTGGTAACGAGCTCTT-1,9830.0,6055.0,L3,0,0.18699188583840498,1,bisquare,7265,1.0,negbinomial,0.28773770824297945,True
CTGGTCATTCCAATCC-1,4188.0,5323.0,L3,0,0.23790970070289108,1,bisquare,7265,1.0,negbinomial,0.28773770824297945,True
CTGGTCCTAACTTGGC-1,7634.0,3415.0,L3,0,0.2572464228559251,1,bisquare,7265,1.0,negbinomial,0.28773770824297945,True
CTGGTGAATGGGCCTA-1,4451.0,10354.0,L6,3,0.17343191095955696,1,bisquare,7265,1.0,negbinomial,0.28773770824297945,True
CTGGTTCAACGCATCA-1,5775.0,3530.0,L3,0,0.2597492313568221,1,bisquare,7265,1.0,negbinomial,0.28773770824297945,True
CTGGTTCGCGAGCTAC-1,11685.0,7616.0,L3,0,0.35111978225859053,1,bisquare,7265,1.0,negbinomial,0.28773770824297945,True
CTGGTTTCGAGCAAGA-1,9206.0,8089.0,L4,1,0.3187356441521799,1,bisquare,7265,1.0,negbinomial,0.28773770824297945,True
CTGTACTTCTTAGCAT-1,6661.0,7245.0,L4,1,0.2517247370922814,1,bisquare,7265,1.0,negbinomial,0.28773770824297945,True
CTGTAGCCATCTCACT-1,6312.0,9280.0,L6,3,0.45149777496578436,1,bisquare,7265,1.0,negbinomial,0.28773770824297945,True
CTGTATGGTGTAGAAA-1,5359.0,4966.0,L3,0,0.3301682538946961,1,bisquare,7265,1.0,negbinomial,0.28773770824297945,True
CTGTCAAATGGCTCGG-1,8868.0,5334.0,L3,0,0.3828552903844426,1,bisquare,7265,1.0,negbinomial,0.28773770824297945,True
CTGTCACGCCAGGCGC-1,9905.0,3780.0,L3,0,0.3335742718386705,1,bisquare,7265,1.0,negbinomial,0.28773770824297945,True
CTGTGCAGGGTAGGTC-1,7968.0,7607.0,L4,1,0.39133493402805386,1,bisquare,7265,1.0,negbinomial,0.28773770824297945,True
CTGTGGTCGGGAGATA-1,9272.0,9167.0,L5,2,0.3267397706751932,1,bisquare,7265,1.0,negbinomial,0.28773770824297945,True
CTGTTACCCAATCTAG-1,7140.0,8324.0,L5,2,0.4384266291459455,1,bisquare,7265,1.0,negbinomial,0.28773770824297945,True
CTGTTCACTGCCTGTG-1,7010.0,5210.0,L3,0,0.1817894704251098,1,bisquare,7265,1.0,negbinomial,0.28773770824297945,True
CTGTTCATCTCACGGG-1,5496.0,5206.0,L3,0,0.342333911580094,1,bisquare,7265,1.0,negbinomial,0.28773770824297945,True
CTTAAATAAGACCCAT-1,3774.0,5561.0,L3,0,0.21621450791621974,1,bisquare,7265,1.0,negbinomial,0.28773770824297945,True
CTTAACTTCGAAGTAC-1,7495.0,3894.0,L3,0,0.2836179912364477,1,bisquare,7265,1.0,negbinomial,0.28773770824297945,True
CTTACACGGTATTCCA-1,6251.0,6286.0,L3,0,0.3208208267915655,1,bisquare,7265,1.0,negbinomial,0.28773770824297945,True
CTTACACTGGGAAATA-1,6461.0,4490.0,L3,0,0.22444935527671825,1,bisquare,7265,1.0,negbinomial,0.28773770824297945,True
CTTAGCCCGGATAGTG-1,3774.0,5801.0,L3,0,0.1537220352839446,1,bisquare,7265,1.0,negbinomial,0.28773770824297945,True
CTTAGCCTTCCACATG-1,8524.0,5214.0,L3,0,0.2156685432128767,1,bisquare,7265,1.0,negbinomial,0.28773770824297945,True
CTTAGGTATAGACCAG-1,4176.0,10113.0,L6,3,0.1894794329704946,1,bisquare,7265,1.0,negbinomial,0.28773770824297945,True
CTTAGTAGGCCTACAG-1,10173.0,6415.0,L3,0,0.355059292788979,1,bisquare,7265,1.0,negbinomial,0.28773770824297945,True
CTTAGTGTAGTAGCAT-1,8857.0,9885.0,L6,3,0.4190138338817004,1,bisquare,7265,1.0,negbinomial,0.28773770824297945,True
CTTATGCGCTCAGGGC-1,3907.0,7717.0,L4,1,0.13941505715085903,1,bisquare,7265,1.0,negbinomial,0.28773770824297945,True
CTTATGTTGACTACCA-1,5017.0,4127.0,L3,0,0.19374518787342893,1,bisquare,7265,1.0,negbinomial,0.28773770824297945,True
CTTCAACTCCACTTGG-1,8445.0,9645.0,L6,3,0.33603196286991555,1,bisquare,7265,1.0,negbinomial,0.28773770824297945,True
CTTCAGTGGTCGCCTA-1,4386.0,9036.0,L5,2,0.3389066298454141,1,bisquare,7265,1.0,negbinomial,0.28773770824297945,True
CTTCATAGCTCAAGAA-1,5703.0,4847.0,L3,0,0.26714609999875993,1,bisquare,7265,1.0,negbinomial,0.28773770824297945,True
CTTCATTGTCAGTGGA-1,7282.0,6887.0,L3,0,0.34398738774564547,1,bisquare,7265,1.0,negbinomial,0.28773770824297945,True
CTTCCGCTCCGTGAAG-1,6587.0,9281.0,L6,3,0.19085051213408202,1,bisquare,7265,1.0,negbinomial,0.28773770824297945,True
CTTCCTGCATATTTAC-1,10319.0,3062.0,L3,0,0.4398109301317545,1,bisquare,7265,1.0,negbinomial,0.28773770824297945,True
CTTCGGCCAATTGTTT-1,10719.0,8572.0,L3,0,0.5689367549691534,1,bisquare,7265,1.0,negbinomial,0.28773770824297945,True
CTTCGTAGATAGGTGA-1,6248.0,7244.0,L4,1,0.36265167515929003,1,bisquare,7265,1.0,negbinomial,0.28773770824297945,True
CTTCTATGTTGAAGTA-1,5076.0,8080.0,L5,2,0.18114866986818734,1,bisquare,7265,1.0,negbinomial,0.28773770824297945,True
CTTCTATTAATGCTAG-1,6382.0,8681.0,L6,3,0.2229854103694576,1,bisquare,7265,1.0,negbinomial,0.28773770824297945,True
CTTCTGGGCGTACCTA-1,5483.0,10476.0,WM,4,0.2174831850209509,1,bisquare,7265,1.0,negbinomial,0.28773770824297945,True
CTTCTTACGTCGTATA-1,7288.0,4252.0,L3,0,0.2588983341127041,1,bisquare,7265,1.0,negbinomial,0.28773770824297945,True
CTTGACCCGAAAGATA-1,7083.0,3653.0,L3,0,0.20586762891110666,1,bisquare,7265,1.0,negbinomial,0.28773770824297945,True
CTTGAGGTTATCCCGA-1,4811.0,4007.0,L3,0,0.1473160659134308,1,bisquare,7265,1.0,negbinomial,0.28773770824297945,True
CTTGAGTTAGGGTAAT-1,9552.0,7252.0,L3,0,0.5486969768460622,1,bisquare,7265,1.0,negbinomial,0.28773770824297945,True
CTTGCAACCGCCTCCT-1,4870.0,7720.0,L5,2,0.20227555700057706,1,bisquare,7265,1.0,negbinomial,0.28773770824297945,True
CTTGCCCAGGCTCTAC-1,6935.0,7964.0,L5,2,0.25886479395609535,1,bisquare,7265,1.0,negbinomial,0.28773770824297945,True
CTTGGCCAAGCTGGGA-1,7068.0,9881.0,WM,4,0.18569234952559854,1,bisquare,7265,1.0,negbinomial,0.28773770824297945,True
CTTGTACTTGTTGACT-1,6666.0,5089.0,L3,0,0.20038212753796272,1,bisquare,7265,1.0,negbinomial,0.28773770824297945,True
CTTGTCAACATTCGAG-1,7690.0,8565.0,L5,2,0.5015313330286034,1,bisquare,7265,1.0,negbinomial,0.28773770824297945,True
CTTGTGAGTCTTTGAC-1,5499.0,3769.0,L3,0,0.19168639951526162,1,bisquare,7265,1.0,negbinomial,0.28773770824297945,True
CTTGTGCTCACCGATT-1,9626.0,5216.0,L3,0,0.31518899186960037,1,bisquare,7265,1.0,negbinomial,0.28773770824297945,True
CTTGTTGCTGAGTCAA-1,8658.0,7130.0,L3,0,0.3337139825587714,1,bisquare,7265,1.0,negbinomial,0.28773770824297945,True
CTTGTTTATGTAGCCA-1,5084.0,4726.0,L3,0,0.21410707130811238,1,bisquare,7265,1.0,negbinomial,0.28773770824297945,True
CTTTAACTTTCAAAGG-1,7767.0,5331.0,L3,0,0.34237518816822365,1,bisquare,7265,1.0,negbinomial,0.28773770824297945,True
CTTTAATATTGGTCGA-1,8172.0,8686.0,L5,2,0.21876695637282068,1,bisquare,7265,1.0,negbinomial,0.28773770824297945,True
CTTTACCGAATAGTAG-1,8929.0,8568.0,L5,2,0.3884936417625385,1,bisquare,7265,1.0,negbinomial,0.28773770824297945,True
CTTTAGGAACACTGTT-1,9138.0,7490.0,L3,0,0.4628812375897251,1,bisquare,7265,1.0,negbinomial,0.28773770824297945,True
CTTTAGTGCTATTATT-1,7555.0,7846.0,L5,2,0.18018851854066578,1,bisquare,7265,1.0,negbinomial,0.28773770824297945,True
CTTTCTGTGCGGGCTT-1,7689.0,9044.0,L6,3,0.24026427269650938,1,bisquare,7265,1.0,negbinomial,0.28773770824297945,True
CTTTGCATCGCTCTTG-1,9615.0,9767.0,L5,2,0.5387569132983437,1,bisquare,7265,1.0,negbinomial,0.28773770824297945,True
CTTTGCTGTCATGGAT-1,11545.0,8335.0,L3,0,0.2466208403023601,1,bisquare,7265,1.0,negbinomial,0.28773770824297945,True
CTTTGGCGCTTTATAC-1,4392.0,6401.0,L3,0,0.21145116693378027,1,bisquare,7265,1.0,negbinomial,0.28773770824297945,True
CTTTGGCTTTAGTAAA-1,5906.0,6405.0,L3,0,0.26394864224858583,1,bisquare,7265,1.0,negbinomial,0.28773770824297945,True
CTTTGGGATTGTTGCA-1,6173.0,9998.0,WM,4,0.16577077645278246,1,bisquare,7265,1.0,negbinomial,0.28773770824297945,True
GAAACAGATGACCACC-1,9483.0,7372.0,L3,0,0.5505704658860655,1,bisquare,7265,1.0,negbinomial,0.28773770824297945,True
GAAACAGCCATGCAGT-1,7357.0,4133.0,L3,0,0.2534773411269535,1,bisquare,7265,1.0,negbinomial,0.28773770824297945,True
GAAACATAGGAAACAG-1,4521.0,9755.0,L6,3,0.3681806506376314,1,bisquare,7265,1.0,negbinomial,0.28773770824297945,True
GAAACCATGGTGCGCT-1,10657.0,5817.0,L3,0,0.1720812333434377,1,bisquare,7265,1.0,negbinomial,0.28773770824297945,True
GAAACCGAATTACCTT-1,6659.0,7964.0,L5,2,0.4266285575690125,1,bisquare,7265,1.0,negbinomial,0.28773770824297945,True
GAAACCTATACAAATG-1,6724.0,9760.0,WM,4,0.25110985767920585,1,bisquare,7265,1.0,negbinomial,0.28773770824297945,True
GAAACTCGTGCGATGC-1,4806.0,5923.0,L3,0,0.2956533164188093,1,bisquare,7265,1.0,negbinomial,0.28773770824297945,True
GAAACTCTAATGAAGG-1,8183.0,4135.0,L3,0,0.28962807277649805,1,bisquare,7265,1.0,negbinomial,0.28773770824297945,True
GAAAGAACAGCGTTAT-1,10241.0,7014.0,L3,0,0.5132587206354313,1,bisquare,7265,1.0,negbinomial,0.28773770824297945,True
GAAAGCAGTGCACTTT-1,6863.0,9281.0,L6,3,0.3758570265574778,1,bisquare,7265,1.0,negbinomial,0.28773770824297945,True
GAAAGCCCTTTGGACC-1,4597.0,6761.0,L3,0,0.3798231047710957,1,bisquare,7265,1.0,negbinomial,0.28773770824297945,True
GAAAGTGACTAACTGC-1,5289.0,5565.0,L3,0,0.3053841854996268,1,bisquare,7265,1.0,negbinomial,0.28773770824297945,True
GAAATACCTGCTGGCT-1,9011.0,3418.0,L3,0,0.3850021380991041,1,bisquare,7265,1.0,negbinomial,0.28773770824297945,True
GAAATACTAAACGTTT-1,4671.0,4725.0,L3,0,0.3624108115664659,1,bisquare,7265,1.0,negbinomial,0.28773770824297945,True
GAAATATCACCATCAG-1,4736.0,6522.0,L3,0,0.27724704887707485,1,bisquare,7265,1.0,negbinomial,0.28773770824297945,True
GAAATCGCGCGCAACT-1,7837.0,4733.0,L3,0,0.342976545432539,1,bisquare,7265,1.0,negbinomial,0.28773770824297945,True
GAAATGGCGGTGTTAG-1,6733.0,6167.0,L3,0,0.5144933845126712,1,bisquare,7265,1.0,negbinomial,0.28773770824297945,True
GAAATGGGATGTAAAC-1,4329.0,4126.0,L3,0,0.10492968925260082,1,bisquare,7265,1.0,negbinomial,0.28773770824297945,True
GAAATTAGCACGGATA-1,9765.0,4737.0,L3,0,0.3086666127093405,1,bisquare,7265,1.0,negbinomial,0.28773770824297945,True
GAAATTCACATCGCTG-1,6531.0,4131.0,L3,0,0.27006261629281303,1,bisquare,7265,1.0,negbinomial,0.28773770824297945,True
GAAATTGTCTCTATAA-1,6798.0,7724.0,L5,2,0.4707029879947608,1,bisquare,7265,1.0,negbinomial,0.28773770824297945,True
GAACACACATCAACCA-1,6597.0,5209.0,L3,0,0.2954182499231661,1,bisquare,7265,1.0,negbinomial,0.28773770824297945,True
GAACAGATTACTAAAT-1,8033.0,9404.0,L6,3,0.29839230393074034,1,bisquare,7265,1.0,negbinomial,0.28773770824297945,True
GAACCATCTGGGAGAC-1,6878.0,3054.0,L3,0,0.09603801202191056,1,bisquare,7265,1.0,negbinomial,0.28773770824297945,True
GAACCCTCTGTGTTCT-1,7757.0,9643.0,WM,4,0.4074915501973091,1,bisquare,7265,1.0,negbinomial,0.28773770824297945,True
GAACCTCGACCTACAC-1,3770.0,7478.0,L3,0,0.22394713808131514,1,bisquare,7265,1.0,negbinomial,0.28773770824297945,True
GAACCTTTAACGATCC-1,8581.0,10124.0,WM,4,0.23961136764206095,1,bisquare,7265,1.0,negbinomial,0.28773770824297945,True
GAACGACCGAATGATA-1,7493.0,4852.0,L3,0,0.41768714678206004,1,bisquare,7265,1.0,negbinomial,0.28773770824297945,True
GAACGATAAGTTAAAG-1,11620.0,5820.0,L3,0,0.07720318424196736,1,bisquare,7265,1.0,negbinomial,0.28773770824297945,True
GAACGCGGGTCACACG-1,10995.0,8333.0,L3,0,0.563435139828363,1,bisquare,7265,1.0,negbinomial,0.28773770824297945,True
GAACGTCTCATGGTCG-1,9141.0,6293.0,L3,0,0.45923873195476783,1,bisquare,7265,1.0,negbinomial,0.28773770824297945,True
GAACGTTAGGAAGACG-1,4185.0,6520.0,L3,0,0.3516511789867894,1,bisquare,7265,1.0,negbinomial,0.28773770824297945,True
GAACTTAGCGCCCGGT-1,10112.0,3181.0,L3,0,0.4047869984747802,1,bisquare,7265,1.0,negbinomial,0.28773770824297945,True
GAACTTGTGCACGGGA-1,11692.0,4742.0,L3,0,0.054545799603763344,1,bisquare,7265,1.0,negbinomial,0.28773770824297945,True
GAAGAAACGATATTGT-1,5141.0,9637.0,L6,3,0.36070205128486965,1,bisquare,7265,1.0,negbinomial,0.28773770824297945,True
GAAGAACGGTGCAGGT-1,5911.0,4249.0,L3,0,0.35793045767134013,1,bisquare,7265,1.0,negbinomial,0.28773770824297945,True
GAAGACTTCAATGCCG-1,7635.0,2936.0,L3,0,0.32030222252183643,1,bisquare,7265,1.0,negbinomial,0.28773770824297945,True
GAAGCCACTGATTATG-1,7893.0,10362.0,WM,4,0.13161787647841028,1,bisquare,7265,1.0,negbinomial,0.28773770824297945,True
GAAGCCGGGTAAGCTC-1,3362.0,5321.0,L3,0,0.17057973835775492,1,bisquare,7265,1.0,negbinomial,0.28773770824297945,True
GAAGCCTGCACATTCC-1,7343.0,9881.0,WM,4,0.17874293215281234,1,bisquare,7265,1.0,negbinomial,0.28773770824297945,True
GAAGCGTGAGGAATTT-1,7282.0,6648.0,L3,0,0.32909686272555294,1,bisquare,7265,1.0,negbinomial,0.28773770824297945,True
GAAGCTCGGACCCGTC-1,4592.0,9156.0,L5,2,0.23350857528915028,1,bisquare,7265,1.0,negbinomial,0.28773770824297945,True
GAAGCTTGCTGACCGC-1,5563.0,6045.0,L3,0,0.1877682592268229,1,bisquare,7265,1.0,negbinomial,0.28773770824297945,True
GAAGGAGTCGAGTGCG-1,7273.0,10480.0,WM,4,0.20727841310258066,1,bisquare,7265,1.0,negbinomial,0.28773770824297945,True
GAAGGCTACCATTGTT-1,11346.0,5580.0,L3,0,0.09565960335846632,1,bisquare,7265,1.0,negbinomial,0.28773770824297945,True
GAAGTCAGTTGCACTA-1,7139.0,8803.0,L6,3,0.2564732914177533,1,bisquare,7265,1.0,negbinomial,0.28773770824297945,True
GAAGTCTCCCTAGCGA-1,9415.0,7012.0,L3,0,0.26459129795089337,1,bisquare,7265,1.0,negbinomial,0.28773770824297945,True
GAAGTGATTTATCGTG-1,6386.0,7244.0,L4,1,0.2743527203547971,1,bisquare,7265,1.0,negbinomial,0.28773770824297945,True
GAAGTGCTGGATAGCT-1,7356.0,4372.0,L3,0,0.23571664146226778,1,bisquare,7265,1.0,negbinomial,0.28773770824297945,True
GAAGTTTCCACTCAAT-1,6318.0,6885.0,L3,0,0.5799873033578545,1,bisquare,7265,1.0,negbinomial,0.28773770824297945,True
GAATAGACGCGACCCA-1,9482.0,7611.0,L3,0,0.49412445568979,1,bisquare,7265,1.0,negbinomial,0.28773770824297945,True
GAATAGCATTTAGGGT-1,11271.0,8094.0,L3,0,0.3615097730998108,1,bisquare,7265,1.0,negbinomial,0.28773770824297945,True
GAATAGCCCTGCGGTC-1,10728.0,4740.0,L3,0,0.27946890489021126,1,bisquare,7265,1.0,negbinomial,0.28773770824297945,True
GAATAGTGCTCGATTA-1,5623.0,9758.0,WM,4,0.5476793797954661,1,bisquare,7265,1.0,negbinomial,0.28773770824297945,True
GAATATTCGGAGTCCC-1,8871.0,4136.0,L3,0,0.2920492729556607,1,bisquare,7265,1.0,negbinomial,0.28773770824297945,True
GAATCGACATGGTCAC-1,6045.0,5687.0,L3,0,0.44272523007757875,1,bisquare,7265,1.0,negbinomial,0.28773770824297945,True
GAATCGCCGGACACGG-1,5981.0,3890.0,L3,0,0.2335202377398936,1,bisquare,7265,1.0,negbinomial,0.28773770824297945,True
GAATCTGAACATTCTC-1,7555.0,7606.0,L4,1,0.2145471575993473,1,bisquare,7265,1.0,negbinomial,0.28773770824297945,True
GAATGCCGAAATGACC-1,4326.0,5084.0,L3,0,0.2614541560550007,1,bisquare,7265,1.0,negbinomial,0.28773770824297945,True
GAATGCGAATCGGTTC-1,7893.0,10122.0,WM,4,0.19080119285557015,1,bisquare,7265,1.0,negbinomial,0.28773770824297945,True
GAATGTATGGCAGGTC-1,9421.0,4377.0,L3,0,0.20783916793247206,1,bisquare,7265,1.0,negbinomial,0.28773770824297945,True
GAATGTGGTCCGGATT-1,8725.0,7729.0,L3,0,0.3814092857513701,1,bisquare,7265,1.0,negbinomial,0.28773770824297945,True
GAATGTTGGGTAATCT-1,7905.0,5332.0,L3,0,0.2606865513012647,1,bisquare,7265,1.0,negbinomial,0.28773770824297945,True
GAATTATAGTGAAAGG-1,7833.0,6649.0,L3,0,0.5688044607318784,1,bisquare,7265,1.0,negbinomial,0.28773770824297945,True
GAATTCACCCGGGTGT-1,6934.0,8204.0,L5,2,0.3707442081757256,1,bisquare,7265,1.0,negbinomial,0.28773770824297945,True
GAATTTCTCGCTGCAG-1,5219.0,5924.0,L3,0,0.2156165543782607,1,bisquare,7265,1.0,negbinomial,0.28773770824297945,True
GACAAACATATGCAGG-1,10032.0,7852.0,L3,0,0.5833526304190079,1,bisquare,7265,1.0,negbinomial,0.28773770824297945,True
GACAACGACCATTGAA-1,8455.0,5573.0,L3,0,0.2605026765550884,1,bisquare,7265,1.0,negbinomial,0.28773770824297945,True
GACAACGCAGCTTACG-1,6873.0,4970.0,L3,0,0.1954314587376532,1,bisquare,7265,1.0,negbinomial,0.28773770824297945,True
GACAAGAGATGAGATT-1,11130.0,9292.0,L5,2,0.35257989507097676,1,bisquare,7265,1.0,negbinomial,0.28773770824297945,True
GACACAAGGGAAGAAA-1,8109.0,6171.0,L3,0,0.4374736587755238,1,bisquare,7265,1.0,negbinomial,0.28773770824297945,True
GACACGAGTTAGAGGA-1,4877.0,4845.0,L3,0,0.20266130200059665,1,bisquare,7265,1.0,negbinomial,0.28773770824297945,True
GACACTGAGTTCAGTG-1,6316.0,7843.0,L5,2,0.37878809265618957,1,bisquare,7265,1.0,negbinomial,0.28773770824297945,True
GACACTGGAACCCGAT-1,10718.0,8812.0,L4,1,0.32399051534930084,1,bisquare,7265,1.0,negbinomial,0.28773770824297945,True
GACAGATTTCTGGCTC-1,3700.0,7837.0,L4,1,0.1486178111493932,1,bisquare,7265,1.0,negbinomial,0.28773770824297945,True
GACAGCCAGACCTGAC-1,9069.0,7610.0,L3,0,0.5645122608801474,1,bisquare,7265,1.0,negbinomial,0.28773770824297945,True
GACAGGCACACACTAT-1,4665.0,7120.0,L3,0,0.3455994090553738,1,bisquare,7265,1.0,negbinomial,0.28773770824297945,True
GACATACTGTCGCAGA-1,3776.0,5082.0,L3,0,0.2458457864178115,1,bisquare,7265,1.0,negbinomial,0.28773770824297945,True
GACATCCGTCGAACTG-1,8030.0,10362.0,WM,4,0.1778969795299197,1,bisquare,7265,1.0,negbinomial,0.28773770824297945,True
GACATCGATTTATAAC-1,6589.0,8802.0,L6,3,0.3842860601254745,1,bisquare,7265,1.0,negbinomial,0.28773770824297945,True
GACCAAACGTTGACTG-1,10579.0,9530.0,L5,2,0.3905171997255349,1,bisquare,7265,1.0,negbinomial,0.28773770824297945,True
GACCAGAGCCCTGTAG-1,6388.0,6286.0,L3,0,0.3502098589138352,1,bisquare,7265,1.0,negbinomial,0.28773770824297945,True
GACCAGGTCATTCATA-1,7910.0,2937.0,L3,0,0.25398616730611456,1,bisquare,7265,1.0,negbinomial,0.28773770824297945,True
GACCCAATTATGATAC-1,4523.0,9036.0,L5,2,0.20561609445751072,1,bisquare,7265,1.0,negbinomial,0.28773770824297945,True
GACCCGTCGCCGGCTA-1,7220.0,3653.0,L3,0,0.21729680837429613,1,bisquare,7265,1.0,negbinomial,0.28773770824297945,True
GACCGACGTGAAAGCA-1,10860.0,7135.0,L3,0,0.5380508935503895,1,bisquare,7265,1.0,negbinomial,0.28773770824297945,True
GACCGACTGAAGCGTC-1,4667.0,6641.0,L3,0,0.3774981425960815,1,bisquare,7265,1.0,negbinomial,0.28773770824297945,True
GACCGCGTCTGACGTG-1,10857.0,8572.0,L3,0,0.4577244330743702,1,bisquare,7265,1.0,negbinomial,0.28773770824297945,True
GACCGTCAGGTCGTGA-1,8734.0,4136.0,L3,0,0.29958890822781353,1,bisquare,7265,1.0,negbinomial,0.28773770824297945,True
GACCGTGCTGACGGTG-1,6730.0,7365.0,L4,1,0.23198405114789386,1,bisquare,7265,1.0,negbinomial,0.28773770824297945,True
GACCGTTACATGCGAC-1,3564.0,7118.0,L3,0,0.25149013635866185,1,bisquare,7265,1.0,negbinomial,0.28773770824297945,True
GACGACGATCCGCGTT-1,7965.0,8805.0,L5,2,0.3137923773694586,1,bisquare,7265,1.0,negbinomial,0.28773770824297945,True
GACGAGGCTAATAAAC-1,10029.0,9289.0,L5,2,0.5337858732587576,1,bisquare,7265,1.0,negbinomial,0.28773770824297945,True
GACGCCGTAAAGGCTA-1,6863.0,9042.0,L6,3,0.23355585813082513,1,bisquare,7265,1.0,negbinomial,0.28773770824297945,True
GACGCCTGTTGCAGGG-1,5293.0,3888.0,L3,0,0.18657930310136006,1,bisquare,7265,1.0,negbinomial,0.28773770824297945,True
GACGCTTGCTTCTAAA-1,5629.0,7123.0,L4,1,0.2693288394629173,1,bisquare,7265,1.0,negbinomial,0.28773770824297945,True
GACGGACCGCGTTCCT-1,7153.0,3054.0,L3,0,0.10568914599371906,1,bisquare,7265,1.0,negbinomial,0.28773770824297945,True
GACGGGTTGGCCCGTA-1,6655.0,9880.0,WM,4,0.16008624753445438,1,bisquare,7265,1.0,negbinomial,0.28773770824297945,True
GACGGTCAATAGAAGC-1,10036.0,6175.0,L3,0,0.3897629773885853,1,bisquare,7265,1.0,negbinomial,0.28773770824297945,True
GACGTGAGACTCCATG-1,5225.0,3529.0,L3,0,0.08294837933898326,1,bisquare,7265,1.0,negbinomial,0.28773770824297945,True
GACGTGTAGGGATTAT-1,5357.0,5924.0,L3,0,0.06918542078263404,1,bisquare,7265,1.0,negbinomial,0.28773770824297945,True
GACGTTCGTAAATACA-1,11139.0,5459.0,L3,0,0.15630797741562127,1,bisquare,7265,1.0,negbinomial,0.28773770824297945,True
GACTAACACAGCACCT-1,9354.0,3539.0,L3,0,0.28969024774661645,1,bisquare,7265,1.0,negbinomial,0.28773770824297945,True
GACTAAGATCATGCAC-1,6803.0,5329.0,L3,0,0.4816583579010607,1,bisquare,7265,1.0,negbinomial,0.28773770824297945,True
GACTAAGTAGGCTCAC-1,6114.0,5807.0,L3,0,0.21337635287439208,1,bisquare,7265,1.0,negbinomial,0.28773770824297945,True
GACTACAAAGCGGTGG-1,4593.0,8438.0,L5,2,0.3494979323116684,1,bisquare,7265,1.0,negbinomial,0.28773770824297945,True
GACTACAATTGCTCGT-1,8804.0,3537.0,L3,0,0.27097970492764356,1,bisquare,7265,1.0,negbinomial,0.28773770824297945,True
GACTCACCCACGTGAG-1,10447.0,7134.0,L3,0,0.4015521507712634,1,bisquare,7265,1.0,negbinomial,0.28773770824297945,True
GACTCCCAGAATAAGG-1,10794.0,5818.0,L3,0,0.15383028546627966,1,bisquare,7265,1.0,negbinomial,0.28773770824297945,True
GACTCCTTCCAATTGA-1,3834.0,9274.0,L5,2,0.398854686672053,1,bisquare,7265,1.0,negbinomial,0.28773770824297945,True
GACTCGCGGGAATGAC-1,9762.0,5935.0,L3,0,0.24013986410920163,1,bisquare,7265,1.0,negbinomial,0.28773770824297945,True
GACTGATTGGTCACAA-1,10111.0,3660.0,L3,0,0.3262877656226574,1,bisquare,7265,1.0,negbinomial,0.28773770824297945,True
GACTGCAAATCGAGCT-1,8307.0,9644.0,L6,3,0.3169048961194586,1,bisquare,7265,1.0,negbinomial,0.28773770824297945,True
GACTGCACCAGCCCAG-1,8655.0,8088.0,L4,1,0.37200317190826815,1,bisquare,7265,1.0,negbinomial,0.28773770824297945,True
GACTGCGGCACGTGTA-1,4187.0,5802.0,L3,0,0.26253986011043434,1,bisquare,7265,1.0,negbinomial,0.28773770824297945,True
GACTGGGCGCCGCAAC-1,9630.0,3300.0,L3,0,0.31982752787363516,1,bisquare,7265,1.0,negbinomial,0.28773770824297945,True
GAGACTGATGGGTAGA-1,7009.0,5928.0,L3,0,0.3535536600484356,1,bisquare,7265,1.0,negbinomial,0.28773770824297945,True
GAGACTTCGCGACCGA-1,7070.0,8923.0,L6,3,0.2927851372437738,1,bisquare,7265,1.0,negbinomial,0.28773770824297945,True
GAGAGCGCAGTCCCTG-1,3567.0,5920.0,L3,0,0.09925021234791231,1,bisquare,7265,1.0,negbinomial,0.28773770824297945,True
GAGAGGGCGCGAGGTT-1,5904.0,7123.0,L4,1,0.4908683443856359,1,bisquare,7265,1.0,negbinomial,0.28773770824297945,True
GAGAGGTGCATTCTGG-1,5077.0,7840.0,L5,2,0.22739325947045402,1,bisquare,7265,1.0,negbinomial,0.28773770824297945,True
GAGATCTGCTTGGCAT-1,6181.0,6645.0,L3,0,0.3295277303100981,1,bisquare,7265,1.0,negbinomial,0.28773770824297945,True
GAGATCTGTCACTCCG-1,8247.0,6171.0,L3,0,0.3905818078018216,1,bisquare,7265,1.0,negbinomial,0.28773770824297945,True
GAGATCTTCCATGACA-1,8449.0,7968.0,L4,1,0.3459401862820257,1,bisquare,7265,1.0,negbinomial,0.28773770824297945,True
GAGATGACAATCCTTA-1,11483.0,5819.0,L3,0,0.0855858351874846,1,bisquare,7265,1.0,negbinomial,0.28773770824297945,True
GAGATGGGAGTCGACA-1,8103.0,8805.0,L5,2,0.3676216610701361,1,bisquare,7265,1.0,negbinomial,0.28773770824297945,True
GAGCACCTGTGTCCAG-1,8652.0,9525.0,L6,3,0.45238192832260515,1,bisquare,7265,1.0,negbinomial,0.28773770824297945,True
GAGCACGGCGCCTCTT-1,11547.0,7616.0,L3,0,0.3548588615991965,1,bisquare,7265,1.0,negbinomial,0.28773770824297945,True
GAGCATCAACAACTTG-1,5209.0,10236.0,WM,4,0.33410933839400775,1,bisquare,7265,1.0,negbinomial,0.28773770824297945,True
GAGCATCATCCCTGGG-1,5912.0,4010.0,L3,0,0.14888916429514504,1,bisquare,7265,1.0,negbinomial,0.28773770824297945,True
GAGCCACGGTAGTAGG-1,6395.0,3651.0,L3,0,0.12865350430300135,1,bisquare,7265,1.0,negbinomial,0.28773770824297945,True
GAGCCAGCTACCTGTG-1,9273.0,8928.0,L5,2,0.2604058619302312,1,bisquare,7265,1.0,negbinomial,0.28773770824297945,True
GAGCGAGGGAGTACCG-1,7150.0,4252.0,L3,0,0.4464247942668912,1,bisquare,7265,1.0,negbinomial,0.28773770824297945,True
GAGCGCAAATACTCCG-1,10512.0,8691.0,L4,1,0.39102378680085964,1,bisquare,7265,1.0,negbinomial,0.28773770824297945,True
GAGCGCGCACGAGTAG-1,9549.0,8450.0,L4,1,0.3247545757118833,1,bisquare,7265,1.0,negbinomial,0.28773770824297945,True
GAGCGCTGTTAGGTAA-1,4728.0,9875.0,L6,3,0.3658713007001789,1,bisquare,7265,1.0,negbinomial,0.28773770824297945,True
GAGCTAAGGGCATATC-1,8867.0,6053.0,L3,0,0.31918933565150004,1,bisquare,7265,1.0,negbinomial,0.28773770824297945,True
GAGCTCTCGGACCTAA-1,5429.0,4368.0,L3,0,0.2090958900730094,1,bisquare,7265,1.0,negbinomial,0.28773770824297945,True
GAGCTGTCGTCTCGGA-1,10590.0,4979.0,L3,0,0.26309236444440626,1,bisquare,7265,1.0,negbinomial,0.28773770824297945,True
GAGGAATGGAGAGGTT-1,5288.0,5805.0,L3,0,0.21822133087696752,1,bisquare,7265,1.0,negbinomial,0.28773770824297945,True
GAGGATAAACAGTGCT-1,10997.0,7375.0,L3,0,0.562777105603244,1,bisquare,7265,1.0,negbinomial,0.28773770824297945,True
GAGGCCCGACTCCGCA-1,4729.0,9157.0,L6,3,0.39368675027491884,1,bisquare,7265,1.0,negbinomial,0.28773770824297945,True
GAGGCTATCAAAGTCG-1,5010.0,6762.0,L3,0,0.5323425183350219,1,bisquare,7265,1.0,negbinomial,0.28773770824297945,True
GAGGGAGTCAGATCGC-1,5965.0,10357.0,WM,4,0.15621933289838105,1,bisquare,7265,1.0,negbinomial,0.28773770824297945,True
GAGGGCATCGCGTATC-1,5430.0,3889.0,L3,0,0.16067166606760028,1,bisquare,7265,1.0,negbinomial,0.28773770824297945,True
GAGGGCCATAATATTA-1,11554.0,4981.0,L3,0,0.07149824016870138,1,bisquare,7265,1.0,negbinomial,0.28773770824297945,True
GAGGGCGCAGCTCTGC-1,9280.0,5814.0,L3,0,0.2863296753171379,1,bisquare,7265,1.0,negbinomial,0.28773770824297945,True
GAGGGTAGTAACAAAG-1,5278.0,10116.0,WM,4,0.34374328671797244,1,bisquare,7265,1.0,negbinomial,0.28773770824297945,True
GAGGTACATCCATCTT-1,7839.0,4014.0,L3,0,0.3280873480408073,1,bisquare,7265,1.0,negbinomial,0.28773770824297945,True
GAGGTCCCAAAGATCT-1,4947.0,4726.0,L3,0,0.15343510442408537,1,bisquare,7265,1.0,negbinomial,0.28773770824297945,True
GAGGTCTTAGTGGGTC-1,9700.0,2941.0,L3,0,0.32572715892914084,1,bisquare,7265,1.0,negbinomial,0.28773770824297945,True
GAGTAAACCGGAAAGT-1,11200.0,8693.0,L3,0,0.5808399890320349,1,bisquare,7265,1.0,negbinomial,0.28773770824297945,True
GAGTAAGGCCACGGGA-1,4112.0,8317.0,L5,2,0.18083517178008046,1,bisquare,7265,1.0,negbinomial,0.28773770824297945,True
GAGTACGGGTATACAA-1,6117.0,4369.0,L3,0,0.281473146092385,1,bisquare,7265,1.0,negbinomial,0.28773770824297945,True
GAGTAGATACTAGTTG-1,7549.0,10002.0,WM,4,0.17321262094414364,1,bisquare,7265,1.0,negbinomial,0.28773770824297945,True
GAGTATCAAAGTTACA-1,11474.0,9412.0,L4,1,0.26856875367328314,1,bisquare,7265,1.0,negbinomial,0.28773770824297945,True
GAGTATGCCCGCCTTG-1,6108.0,8441.0,L5,2,0.21306288584253705,1,bisquare,7265,1.0,negbinomial,0.28773770824297945,True
GAGTATGCGCGTGCAT-1,8031.0,10123.0,WM,4,0.19540716392482443,1,bisquare,7265,1.0,negbinomial,0.28773770824297945,True
GAGTCAGACCAGAATC-1,6450.0,9280.0,L6,3,0.3597253425852141,1,bisquare,7265,1.0,negbinomial,0.28773770824297945,True
GAGTCCGCTTACCGGA-1,7141.0,8084.0,L5,2,0.2668356448122999,1,bisquare,7265,1.0,negbinomial,0.28773770824297945,True
GAGTCGACAGACCCTC-1,3773.0,6040.0,L3,0,0.26132198543670876,1,bisquare,7265,1.0,negbinomial,0.28773770824297945,True
GAGTGTCAACCAGAAA-1,8857.0,10125.0,L6,3,0.20551605413238686,1,bisquare,7265,1.0,negbinomial,0.28773770824297945,True
GAGTGTGCGGTACCCA-1,9206.0,7850.0,L3,0,0.43413689438079023,1,bisquare,7265,1.0,negbinomial,0.28773770824297945,True
GAGTTGATGGCAATTT-1,4455.0,8677.0,L5,2,0.44789380514972654,1,bisquare,7265,1.0,negbinomial,0.28773770824297945,True
GATAAATCGGTGGATG-1,5980.0,4369.0,L3,0,0.254872533363972,1,bisquare,7265,1.0,negbinomial,0.28773770824297945,True
GATAACTCGCACTGTG-1,9277.0,7251.0,L3,0,0.44080616798132904,1,bisquare,7265,1.0,negbinomial,0.28773770824297945,True
GATAAGGCAGATGCAA-1,5086.0,3768.0,L3,0,0.1445203858039858,1,bisquare,7265,1.0,negbinomial,0.28773770824297945,True
GATACGATGGGAGTCA-1,6246.0,7963.0,L5,2,0.4674632353784427,1,bisquare,7265,1.0,negbinomial,0.28773770824297945,True
GATAGGTAACGTTGAC-1,7278.0,8324.0,L5,2,0.3153574240299677,1,bisquare,7265,1.0,negbinomial,0.28773770824297945,True
GATAGGTGTCCCGGGC-1,11617.0,7257.0,L3,0,0.22207544682422278,1,bisquare,7265,1.0,negbinomial,0.28773770824297945,True
GATATCTCATGCAATA-1,7151.0,4013.0,L3,0,0.18763975409958525,1,bisquare,7265,1.0,negbinomial,0.28773770824297945,True
GATATGAGACACTAAC-1,8726.0,7250.0,L3,0,0.5003488872000564,1,bisquare,7265,1.0,negbinomial,0.28773770824297945,True
GATATGCGGTAGCCAA-1,9420.0,4856.0,L3,0,0.3335632765618852,1,bisquare,7265,1.0,negbinomial,0.28773770824297945,True
GATATGGATTACGCGG-1,4393.0,5922.0,L3,0,0.21634772226583823,1,bisquare,7265,1.0,negbinomial,0.28773770824297945,True
GATATTGAGATTGGCG-1,10035.0,6654.0,L3,0,0.22087465488677466,1,bisquare,7265,1.0,negbinomial,0.28773770824297945,True
GATATTTCCTACATGG-1,9283.0,4617.0,L3,0,0.4215552933140375,1,bisquare,7265,1.0,negbinomial,0.28773770824297945,True
GATCAACATAAAGGGA-1,5622.0,9997.0,WM,4,0.4467591553780552,1,bisquare,7265,1.0,negbinomial,0.28773770824297945,True
GATCATTCCAAACATT-1,7008.0,6168.0,L3,0,0.569809737236159,1,bisquare,7265,1.0,negbinomial,0.28773770824297945,True
GATCCCTTTATACTGC-1,7284.0,5929.0,L3,0,0.2540991158754513,1,bisquare,7265,1.0,negbinomial,0.28773770824297945,True
GATCCGAATATAAGTG-1,11687.0,6898.0,L3,0,0.17728899760270175,1,bisquare,7265,1.0,negbinomial,0.28773770824297945,True
GATCCGGGAATTAACA-1,8175.0,7249.0,L3,0,0.5154293887187006,1,bisquare,7265,1.0,negbinomial,0.28773770824297945,True
GATCCTAAATCGGGAC-1,9693.0,5815.0,L3,0,0.24088428286167646,1,bisquare,7265,1.0,negbinomial,0.28773770824297945,True
GATCCTCGACACTGGC-1,5350.0,8559.0,L5,2,0.20176433968839744,1,bisquare,7265,1.0,negbinomial,0.28773770824297945,True
GATCCTCTTGCGCTTA-1,8873.0,3418.0,L3,0,0.32497498705807676,1,bisquare,7265,1.0,negbinomial,0.28773770824297945,True
GATCGACACTATCTGA-1,6389.0,5807.0,L3,0,0.29881548678253433,1,bisquare,7265,1.0,negbinomial,0.28773770824297945,True
GATCGCGGGCTCTCCA-1,6731.0,6886.0,L3,0,0.5553341614405981,1,bisquare,7265,1.0,negbinomial,0.28773770824297945,True
GATCGCTACCCGATTT-1,9893.0,8570.0,L4,1,0.2588390912825096,1,bisquare,7265,1.0,negbinomial,0.28773770824297945,True
GATCGCTATATCTCAG-1,4865.0,9875.0,L6,3,0.28652768262659256,1,bisquare,7265,1.0,negbinomial,0.28773770824297945,True
GATCGGATAGAACCAT-1,4045.0,7478.0,L3,0,0.26823274462444935,1,bisquare,7265,1.0,negbinomial,0.28773770824297945,True
GATCGGCGATAAGTCG-1,4120.0,4963.0,L3,0,0.4196881463888001,1,bisquare,7265,1.0,negbinomial,0.28773770824297945,True
GATCGGTGGCCATAAC-1,7834.0,5930.0,L3,0,0.27500126550644916,1,bisquare,7265,1.0,negbinomial,0.28773770824297945,True
GATCGTGACTGATATC-1,8107.0,7129.0,L3,0,0.45837630398438434,1,bisquare,7265,1.0,negbinomial,0.28773770824297945,True
GATCTCGACGCTGTGG-1,11270.0,8573.0,L3,0,0.5296269727000645,1,bisquare,7265,1.0,negbinomial,0.28773770824297945,True
GATCTGCTATCTAAGG-1,6999.0,10000.0,WM,4,0.1667563575866952,1,bisquare,7265,1.0,negbinomial,0.28773770824297945,True
GATCTTCATTGTCCTC-1,3776.0,4843.0,L3,0,0.17853711982987275,1,bisquare,7265,1.0,negbinomial,0.28773770824297945,True
GATCTTGGAGGGCATA-1,7968.0,7847.0,L5,2,0.419358449792125,1,bisquare,7265,1.0,negbinomial,0.28773770824297945,True
GATCTTTGCAGGGTAT-1,5767.0,6884.0,L4,1,0.262618255266632,1,bisquare,7265,1.0,negbinomial,0.28773770824297945,True
GATGACAAGTAGGGCA-1,5417.0,9398.0,L6,3,0.3712770730012652,1,bisquare,7265,1.0,negbinomial,0.28773770824297945,True
GATGACGATGATCGCG-1,10934.0,4860.0,L3,0,0.3383736088972928,1,bisquare,7265,1.0,negbinomial,0.28773770824297945,True
GATGCCAGCAGAAGGC-1,4326.0,5323.0,L3,0,0.18657983092048777,1,bisquare,7265,1.0,negbinomial,0.28773770824297945,True
GATGCCTTCTGCGGCA-1,4109.0,9514.0,L6,3,0.2655585685002267,1,bisquare,7265,1.0,negbinomial,0.28773770824297945,True
GATGCGAATGGTATTA-1,3843.0,5681.0,L3,0,0.14278629918590122,1,bisquare,7265,1.0,negbinomial,0.28773770824297945,True
GATGCGTCCTGCATTC-1,7075.0,7006.0,L3,0,0.5594927376254983,1,bisquare,7265,1.0,negbinomial,0.28773770824297945,True
GATGCTACAAGCGCCT-1,6668.0,4610.0,L3,0,0.22722045343052774,1,bisquare,7265,1.0,negbinomial,0.28773770824297945,True
GATGCTGTATTTCATC-1,8312.0,7728.0,L4,1,0.26911508630960673,1,bisquare,7265,1.0,negbinomial,0.28773770824297945,True
GATGGCGCACACATTA-1,5153.0,4846.0,L3,0,0.22262589427354912,1,bisquare,7265,1.0,negbinomial,0.28773770824297945,True
GATGGTGCCCTAGGCA-1,8528.0,3776.0,L3,0,0.15739259331261335,1,bisquare,7265,1.0,negbinomial,0.28773770824297945,True
GATGTAACGAACCACC-1,4593.0,8677.0,L5,2,0.33711458355843665,1,bisquare,7265,1.0,negbinomial,0.28773770824297945,True
GATGTCCGGATCACAT-1,5707.0,3410.0,L3,0,0.10765164381279071,1,bisquare,7265,1.0,negbinomial,0.28773770824297945,True
GATGTCGGTCAACTGC-1,8184.0,3656.0,L3,0,0.3104377276923799,1,bisquare,7265,1.0,negbinomial,0.28773770824297945,True
GATGTGTTGTCACAAG-1,8529.0,3297.0,L3,0,0.17101699768797102,1,bisquare,7265,1.0,negbinomial,0.28773770824297945,True
GATGTTCAATCCACGA-1,6110.0,7483.0,L5,2,0.14670159261153734,1,bisquare,7265,1.0,negbinomial,0.28773770824297945,True
GATGTTTGTGCGAGAT-1,5221.0,4966.0,L3,0,0.21708301670960478,1,bisquare,7265,1.0,negbinomial,0.28773770824297945,True
GATTAACCGAAAGCCC-1,9547.0,9168.0,L5,2,0.34611916267116105,1,bisquare,7265,1.0,negbinomial,0.28773770824297945,True
GATTACTGAATTTGGG-1,5835.0,7483.0,L5,2,0.20141604559064907,1,bisquare,7265,1.0,negbinomial,0.28773770824297945,True
GATTCCCTTGTCGCAG-1,7766.0,5571.0,L3,0,0.21378439807829308,1,bisquare,7265,1.0,negbinomial,0.28773770824297945,True
GATTCCGCGTTTCCGT-1,8389.0,4495.0,L3,0,0.2610547134416384,1,bisquare,7265,1.0,negbinomial,0.28773770824297945,True
GATTCCTATACGGCGC-1,4738.0,5564.0,L3,0,0.21101472304770183,1,bisquare,7265,1.0,negbinomial,0.28773770824297945,True
GATTCGACGGTTCACG-1,8037.0,7488.0,L4,1,0.24845980393220823,1,bisquare,7265,1.0,negbinomial,0.28773770824297945,True
GATTGACACTCTGCTC-1,7497.0,3175.0,L3,0,0.14420562966452055,1,bisquare,7265,1.0,negbinomial,0.28773770824297945,True
GATTGCTCCAGTTGCA-1,5002.0,10115.0,WM,4,0.5512486989992772,1,bisquare,7265,1.0,negbinomial,0.28773770824297945,True
GCAAACCCTACATTAT-1,8792.0,8328.0,L5,2,0.4275889774653,1,bisquare,7265,1.0,negbinomial,0.28773770824297945,True
GCAAACCTTGGCCATA-1,7757.0,9403.0,L6,3,0.36348008603092424,1,bisquare,7265,1.0,negbinomial,0.28773770824297945,True
GCAAACGTCGCCAGGT-1,11202.0,8214.0,L3,0,0.5552969844613415,1,bisquare,7265,1.0,negbinomial,0.28773770824297945,True
GCAAAGGGCGTTAGCC-1,4520.0,10473.0,L6,3,0.14372230930244018,1,bisquare,7265,1.0,negbinomial,0.28773770824297945,True
GCAAATATTACGCTTT-1,5974.0,6764.0,L3,0,0.5813307004840346,1,bisquare,7265,1.0,negbinomial,0.28773770824297945,True
GCAACACACTAGAACT-1,4250.0,8078.0,L5,2,0.2751851101614338,1,bisquare,7265,1.0,negbinomial,0.28773770824297945,True
GCAACAGCAGTATGCG-1,10445.0,8092.0,L3,0,0.5834310844884102,1,bisquare,7265,1.0,negbinomial,0.28773770824297945,True
GCAACCACCAGACCGG-1,9490.0,4258.0,L3,0,0.3537251525514523,1,bisquare,7265,1.0,negbinomial,0.28773770824297945,True
GCAACCACGGCCGCGT-1,5146.0,7720.0,L5,2,0.2835876666983105,1,bisquare,7265,1.0,negbinomial,0.28773770824297945,True
GCAACGGCTAGTTATG-1,10927.0,7734.0,L3,0,0.535429453272321,1,bisquare,7265,1.0,negbinomial,0.28773770824297945,True
GCAAGAATTCCTTGGC-1,5627.0,7841.0,L5,2,0.24944701121590446,1,bisquare,7265,1.0,negbinomial,0.28773770824297945,True
GCAAGTGCACAGAGAA-1,6046.0,5447.0,L3,0,0.38769899763621535,1,bisquare,7265,1.0,negbinomial,0.28773770824297945,True
GCAATTAGTCGCACCG-1,11619.0,6299.0,L3,0,0.05801303717335368,1,bisquare,7265,1.0,negbinomial,0.28773770824297945,True
GCACAAACCCTAGATG-1,4589.0,10354.0,L6,3,0.26079367415820776,1,bisquare,7265,1.0,negbinomial,0.28773770824297945,True
GCACAAACGAGGCGTG-1,10995.0,8094.0,L3,0,0.5821458191441868,1,bisquare,7265,1.0,negbinomial,0.28773770824297945,True
GCACAACCTCGGGCGT-1,3834.0,9514.0,L5,2,0.3304398717969662,1,bisquare,7265,1.0,negbinomial,0.28773770824297945,True
GCACAAGTGTCGGAAG-1,7564.0,3774.0,L3,0,0.4926644150469372,1,bisquare,7265,1.0,negbinomial,0.28773770824297945,True
GCACACACTGGTAGCC-1,9616.0,9288.0,L5,2,0.5035573523563808,1,bisquare,7265,1.0,negbinomial,0.28773770824297945,True
GCACACGCCCATGGTC-1,3841.0,6639.0,L3,0,0.38833804538395006,1,bisquare,7265,1.0,negbinomial,0.28773770824297945,True
GCACGCCTACTTAGAT-1,5831.0,9159.0,L6,3,0.4451728336670937,1,bisquare,7265,1.0,negbinomial,0.28773770824297945,True
GCACTAGTCGCGCTAT-1,6118.0,4130.0,L3,0,0.16196017539750457,1,bisquare,7265,1.0,negbinomial,0.28773770824297945,True
GCACTGTGCAAATGTA-1,5431.0,3649.0,L3,0,0.19203158399040848,1,bisquare,7265,1.0,negbinomial,0.28773770824297945,True
GCAGAAGGTAATCTCC-1,11545.0,8574.0,L3,0,0.4330583293386513,1,bisquare,7265,1.0,negbinomial,0.28773770824297945,True
GCAGACCCAGCACGTA-1,10240.0,7254.0,L3,0,0.3187878111911689,1,bisquare,7265,1.0,negbinomial,0.28773770824297945,True
GCAGATCCATAAGACT-1,8998.0,8688.0,L5,2,0.38551178520894114,1,bisquare,7265,1.0,negbinomial,0.28773770824297945,True
GCAGATCCTCGCAAAT-1,4050.0,5323.0,L3,0,0.22626529388367658,1,bisquare,7265,1.0,negbinomial,0.28773770824297945,True
GCAGATTAGGGATATC-1,7350.0,7007.0,L3,0,0.45067335328661806,1,bisquare,7265,1.0,negbinomial,0.28773770824297945,True
GCAGCACACAGCCCAG-1,6042.0,7124.0,L4,1,0.3671443575417228,1,bisquare,7265,1.0,negbinomial,0.28773770824297945,True
GCAGCCTATATCACAT-1,10930.0,6776.0,L3,0,0.43171437387056666,1,bisquare,7265,1.0,negbinomial,0.28773770824297945,True
GCAGCGGTGGGCATTA-1,5294.0,3409.0,L3,0,0.05919811870669733,1,bisquare,7265,1.0,negbinomial,0.28773770824297945,True
GCAGGAACTTAGATCT-1,4179.0,8916.0,L5,2,0.22686893615331105,1,bisquare,7265,1.0,negbinomial,0.28773770824297945,True
GCAGGACTATAGAATA-1,5699.0,6764.0,L3,0,0.5457437174340166,1,bisquare,7265,1.0,negbinomial,0.28773770824297945,True
GCAGGTAGAGTATGGT-1,9627.0,4737.0,L3,0,0.3746543226495163,1,bisquare,7265,1.0,negbinomial,0.28773770824297945,True
GCAGTGTGGCTATAGG-1,8858.0,9646.0,L6,3,0.3457815529750594,1,bisquare,7265,1.0,negbinomial,0.28773770824297945,True
GCAGTTCGATCCGAGC-1,11268.0,9292.0,L5,2,0.2927335827414649,1,bisquare,7265,1.0,negbinomial,0.28773770824297945,True
GCATACGAGGTCTTTA-1,4115.0,7119.0,L3,0,0.3281502903953871,1,bisquare,7265,1.0,negbinomial,0.28773770824297945,True
GCATAGAGCACTCAGG-1,7212.0,7007.0,L3,0,0.4535181471626135,1,bisquare,7265,1.0,negbinomial,0.28773770824297945,True
GCATCCCTAACTTTGA-1,6048.0,4489.0,L3,0,0.33985347476202665,1,bisquare,7265,1.0,negbinomial,0.28773770824297945,True
GCATCGGCCGTGTAGG-1,10237.0,8451.0,L4,1,0.06890771852869854,1,bisquare,7265,1.0,negbinomial,0.28773770824297945,True
GCATGAGGGACGCGGC-1,9348.0,6174.0,L3,0,0.3405803348195349,1,bisquare,7265,1.0,negbinomial,0.28773770824297945,True
GCATTCAAGGCAACGC-1,10588.0,5937.0,L3,0,0.14916639672872636,1,bisquare,7265,1.0,negbinomial,0.28773770824297945,True
GCATTCGAAATGAACA-1,4118.0,5921.0,L3,0,0.376006346373995,1,bisquare,7265,1.0,negbinomial,0.28773770824297945,True
GCATTGTAATTCATAT-1,4596.0,7480.0,L4,1,0.27902275233757085,1,bisquare,7265,1.0,negbinomial,0.28773770824297945,True
GCATTTCCAAGGCTCC-1,10793.0,6536.0,L3,0,0.16441671284763243,1,bisquare,7265,1.0,negbinomial,0.28773770824297945,True
GCCAACCATTTCCGGA-1,10451.0,5697.0,L3,0,0.16645053977358015,1,bisquare,7265,1.0,negbinomial,0.28773770824297945,True
GCCAAGAATACTTCTG-1,3837.0,8077.0,L4,1,0.15702949912489908,1,bisquare,7265,1.0,negbinomial,0.28773770824297945,True
GCCAATAGGGCATCTC-1,10244.0,5577.0,L3,0,0.10516123836613947,1,bisquare,7265,1.0,negbinomial,0.28773770824297945,True
GCCACAATTTAAGGAC-1,5834.0,7962.0,L5,2,0.3812148902465107,1,bisquare,7265,1.0,negbinomial,0.28773770824297945,True
GCCACTCAGAGCGCGA-1,9684.0,9648.0,L5,2,0.5392763315610685,1,bisquare,7265,1.0,negbinomial,0.28773770824297945,True
GCCACTCCTTACGGTA-1,11337.0,9172.0,L4,1,0.2139484342998062,1,bisquare,7265,1.0,negbinomial,0.28773770824297945,True
GCCAGGAGTAACCGAT-1,9282.0,5096.0,L3,0,0.2993394880741377,1,bisquare,7265,1.0,negbinomial,0.28773770824297945,True
GCCAGGCGTTCGCATG-1,9285.0,3658.0,L3,0,0.25367870431537465,1,bisquare,7265,1.0,negbinomial,0.28773770824297945,True
GCCATATTGCACACAG-1,9350.0,5215.0,L3,0,0.20577108077791573,1,bisquare,7265,1.0,negbinomial,0.28773770824297945,True
GCCATCGAGCTGCGTG-1,6382.0,8921.0,L6,3,0.2487367807971825,1,bisquare,7265,1.0,negbinomial,0.28773770824297945,True
GCCATCGATGCTGCAT-1,10724.0,6416.0,L3,0,0.18931407769655068,1,bisquare,7265,1.0,negbinomial,0.28773770824297945,True
GCCATTAGCCTCAAAC-1,4041.0,9155.0,L5,2,0.5263153970993291,1,bisquare,7265,1.0,negbinomial,0.28773770824297945,True
GCCCACCAAGGCTGTC-1,5774.0,4009.0,L3,0,0.10037698753471277,1,bisquare,7265,1.0,negbinomial,0.28773770824297945,True
GCCCAGATGCTGGAGA-1,11480.0,7017.0,L3,0,0.19992486568822396,1,bisquare,7265,1.0,negbinomial,0.28773770824297945,True
GCCCAGTTGGTATGCC-1,5771.0,5207.0,L3,0,0.26925872636960224,1,bisquare,7265,1.0,negbinomial,0.28773770824297945,True
GCCCGACTTCTTCCCG-1,4869.0,8438.0,L5,2,0.16141627283854404,1,bisquare,7265,1.0,negbinomial,0.28773770824297945,True
GCCCGAGAGTCTAAAT-1,3833.0,9993.0,L6,3,0.4154272499202106,1,bisquare,7265,1.0,negbinomial,0.28773770824297945,True
GCCCGATCTGTGGTCG-1,7483.0,8924.0,L6,3,0.23200865110633528,1,bisquare,7265,1.0,negbinomial,0.28773770824297945,True
GCCCGCGCGTAAACGG-1,5970.0,8441.0,L5,2,0.25669580379262597,1,bisquare,7265,1.0,negbinomial,0.28773770824297945,True
GCCCGCGCGTTTGACA-1,5910.0,4968.0,L3,0,0.25895052054116563,1,bisquare,7265,1.0,negbinomial,0.28773770824297945,True
GCCCGTAATACCTTCT-1,8592.0,5812.0,L3,0,0.2298802125713177,1,bisquare,7265,1.0,negbinomial,0.28773770824297945,True
GCCCTAGCCGTCGCGA-1,4248.0,9036.0,L5,2,0.29817084852109715,1,bisquare,7265,1.0,negbinomial,0.28773770824297945,True
GCCGAAATTCCTACGT-1,6249.0,6765.0,L3,0,0.43230893938532516,1,bisquare,7265,1.0,negbinomial,0.28773770824297945,True
GCCGACCCACGACTGC-1,5209.0,9996.0,WM,4,0.38360174156444704,1,bisquare,7265,1.0,negbinomial,0.28773770824297945,True
GCCGATTGGCCAAGCT-1,7349.0,7486.0,L4,1,0.23950069355151277,1,bisquare,7265,1.0,negbinomial,0.28773770824297945,True
GCCGCACTCCGTTTCA-1,11478.0,7736.0,L3,0,0.2718372837669851,1,bisquare,7265,1.0,negbinomial,0.28773770824297945,True
GCCGCATTAGTCCGGC-1,4322.0,6760.0,L3,0,0.24736154336017238,1,bisquare,7265,1.0,negbinomial,0.28773770824297945,True
GCCGCTAGATACGCAG-1,9769.0,2821.0,L3,0,0.2579644036829063,1,bisquare,7265,1.0,negbinomial,0.28773770824297945,True
GCCGCTTGTGAGAAAC-1,5905.0,6884.0,L3,0,0.5767424304466071,1,bisquare,7265,1.0,negbinomial,0.28773770824297945,True
GCCGGGTTAGGGTCGC-1,7211.0,7486.0,L4,1,0.347137308382821,1,bisquare,7265,1.0,negbinomial,0.28773770824297945,True
GCCGTGGAAGAAATGT-1,11066.0,7256.0,L3,0,0.3124944678677809,1,bisquare,7265,1.0,negbinomial,0.28773770824297945,True
GCCTAGCGATCTGACC-1,6047.0,4968.0,L3,0,0.2415110102198848,1,bisquare,7265,1.0,negbinomial,0.28773770824297945,True
GCCTATAGTGTCAGGG-1,9417.0,6054.0,L3,0,0.3006727844983118,1,bisquare,7265,1.0,negbinomial,0.28773770824297945,True
GCCTATGCTGGGCCTT-1,11003.0,4740.0,L3,0,0.21599355070179835,1,bisquare,7265,1.0,negbinomial,0.28773770824297945,True
GCCTATTCCGATATAG-1,5220.0,5445.0,L3,0,0.2972788850839075,1,bisquare,7265,1.0,negbinomial,0.28773770824297945,True
GCCTATTTGCTACACA-1,6601.0,3532.0,L3,0,0.2231858785721284,1,bisquare,7265,1.0,negbinomial,0.28773770824297945,True
GCCTCATCTGGAAATA-1,9689.0,7492.0,L3,0,0.412112056481698,1,bisquare,7265,1.0,negbinomial,0.28773770824297945,True
GCCTCCGACAATTCAC-1,9890.0,9768.0,L5,2,0.25402219605160237,1,bisquare,7265,1.0,negbinomial,0.28773770824297945,True
GCCTCTATACATAGCA-1,8308.0,9165.0,L6,3,0.417567909468344,1,bisquare,7265,1.0,negbinomial,0.28773770824297945,True
GCCTGCTACACTGAGA-1,10456.0,3541.0,L3,0,0.4787600397515756,1,bisquare,7265,1.0,negbinomial,0.28773770824297945,True
GCCTTCAGCCCTACCG-1,6599.0,4490.0,L3,0,0.2552074876895197,1,bisquare,7265,1.0,negbinomial,0.28773770824297945,True
GCCTTGTATATGCAGT-1,4190.0,4604.0,L3,0,0.278607439677143,1,bisquare,7265,1.0,negbinomial,0.28773770824297945,True
GCCTTTGTCAGTGGAC-1,3832.0,10232.0,L6,3,0.16425159681888257,1,bisquare,7265,1.0,negbinomial,0.28773770824297945,True
GCGAAACGATCGGGAG-1,10029.0,9050.0,L5,2,0.39306769457498153,1,bisquare,7265,1.0,negbinomial,0.28773770824297945,True
GCGAAACTTAACTGGA-1,8793.0,7849.0,L4,1,0.48697854392268897,1,bisquare,7265,1.0,negbinomial,0.28773770824297945,True
GCGAAGCCATACCCGT-1,7352.0,6289.0,L3,0,0.2879917849700326,1,bisquare,7265,1.0,negbinomial,0.28773770824297945,True
GCGACATGTAAACATC-1,10516.0,7015.0,L3,0,0.5692043556717263,1,bisquare,7265,1.0,negbinomial,0.28773770824297945,True
GCGACCCAACCATCTG-1,5417.0,9637.0,L6,3,0.28798816936415567,1,bisquare,7265,1.0,negbinomial,0.28773770824297945,True
GCGACGATAGTTGTAC-1,6865.0,8323.0,L5,2,0.2357682164857406,1,bisquare,7265,1.0,negbinomial,0.28773770824297945,True
GCGAGAAACGGGAGTT-1,4053.0,4125.0,L3,0,0.17711066130424244,1,bisquare,7265,1.0,negbinomial,0.28773770824297945,True
GCGAGAGGCCATGTAA-1,10934.0,5100.0,L3,0,0.19516581211117412,1,bisquare,7265,1.0,negbinomial,0.28773770824297945,True
GCGAGAGTTGCGTCCA-1,10517.0,6536.0,L3,0,0.26826073390226607,1,bisquare,7265,1.0,negbinomial,0.28773770824297945,True
GCGAGCGCATGCTCCC-1,10654.0,7015.0,L3,0,0.481547395686793,1,bisquare,7265,1.0,negbinomial,0.28773770824297945,True
GCGAGGCCCGAGCAGA-1,6386.0,7005.0,L4,1,0.5410627609550087,1,bisquare,7265,1.0,negbinomial,0.28773770824297945,True
GCGAGTTCTGCAAAGA-1,7488.0,6768.0,L3,0,0.3308582936505667,1,bisquare,7265,1.0,negbinomial,0.28773770824297945,True
GCGATTCTGGAAGCAG-1,8253.0,3776.0,L3,0,0.19124442246872317,1,bisquare,7265,1.0,negbinomial,0.28773770824297945,True
GCGATTGTTAACGTTA-1,8451.0,7010.0,L3,0,0.23926094236679063,1,bisquare,7265,1.0,negbinomial,0.28773770824297945,True
GCGCAAATATATTCAA-1,5073.0,9517.0,L6,3,0.493063550713671,1,bisquare,7265,1.0,negbinomial,0.28773770824297945,True
GCGCAAGAGCGCGCTG-1,10034.0,7373.0,L3,0,0.37530766355822004,1,bisquare,7265,1.0,negbinomial,0.28773770824297945,True
GCGCATCCAGTCAGCA-1,9693.0,6055.0,L3,0,0.19185201116884626,1,bisquare,7265,1.0,negbinomial,0.28773770824297945,True
GCGCCGTTCCACGATA-1,7624.0,7487.0,L4,1,0.22207474058768042,1,bisquare,7265,1.0,negbinomial,0.28773770824297945,True
GCGCCTCCCACTCCGA-1,10720.0,8333.0,L3,0,0.5254583209963183,1,bisquare,7265,1.0,negbinomial,0.28773770824297945,True
GCGCGTCATTGGTACA-1,8859.0,9406.0,L6,3,0.34595388961379714,1,bisquare,7265,1.0,negbinomial,0.28773770824297945,True
GCGCTAATTGAATAGA-1,7970.0,6649.0,L3,0,0.429972699784763,1,bisquare,7265,1.0,negbinomial,0.28773770824297945,True
GCGCTATGCCGAGGCA-1,6385.0,7723.0,L5,2,0.32697615642607897,1,bisquare,7265,1.0,negbinomial,0.28773770824297945,True
GCGCTGATCCAGACTC-1,9145.0,4616.0,L3,0,0.26439982336022505,1,bisquare,7265,1.0,negbinomial,0.28773770824297945,True
GCGCTGCTTTGCATTT-1,9624.0,5935.0,L3,0,0.22902715938080187,1,bisquare,7265,1.0,negbinomial,0.28773770824297945,True
GCGCTTAAATAATTGG-1,9272.0,9407.0,L5,2,0.36130325956368564,1,bisquare,7265,1.0,negbinomial,0.28773770824297945,True
GCGGACCGCGTTGTGG-1,6107.0,8681.0,L6,3,0.1830717256216237,1,bisquare,7265,1.0,negbinomial,0.28773770824297945,True
GCGGAGAAACTTCGCA-1,5418.0,9158.0,L6,3,0.4847149213513667,1,bisquare,7265,1.0,negbinomial,0.28773770824297945,True
GCGGAGAGGGAGAACG-1,8518.0,8088.0,L5,2,0.18522703284321376,1,bisquare,7265,1.0,negbinomial,0.28773770824297945,True
GCGGCAAAGTATTGCC-1,5004.0,9636.0,L6,3,0.22661007837901273,1,bisquare,7265,1.0,negbinomial,0.28773770824297945,True
GCGGCTCTGACGTACC-1,5767.0,7123.0,L4,1,0.18386011503679037,1,bisquare,7265,1.0,negbinomial,0.28773770824297945,True
GCGGGAACCAGGCCCT-1,6461.0,4729.0,L3,0,0.20611883888571642,1,bisquare,7265,1.0,negbinomial,0.28773770824297945,True
GCGGGCATTACGATGC-1,11344.0,6298.0,L3,0,0.1412659991596247,1,bisquare,7265,1.0,negbinomial,0.28773770824297945,True
GCGGGCGAGCCTTACC-1,6657.0,9161.0,L6,3,0.25705033490468254,1,bisquare,7265,1.0,negbinomial,0.28773770824297945,True
GCGGTAACCCAAATGA-1,4743.0,3408.0,L3,0,0.19665325934875572,1,bisquare,7265,1.0,negbinomial,0.28773770824297945,True
GCGGTCCCGGTGAAGG-1,11348.0,4621.0,L3,0,0.28466782317004896,1,bisquare,7265,1.0,negbinomial,0.28773770824297945,True
GCGGTCCCTAGACGCA-1,6256.0,4130.0,L3,0,0.1584815886922208,1,bisquare,7265,1.0,negbinomial,0.28773770824297945,True
GCGGTGAACTGCGCTC-1,9626.0,4977.0,L3,0,0.38966006147127225,1,bisquare,7265,1.0,negbinomial,0.28773770824297945,True
GCGGTTCCCTATCATG-1,6521.0,8203.0,L5,2,0.25213851256063535,1,bisquare,7265,1.0,negbinomial,0.28773770824297945,True
GCGTAAATGGCCATAA-1,10173.0,6655.0,L3,0,0.4498718205283152,1,bisquare,7265,1.0,negbinomial,0.28773770824297945,True
GCGTCCCTAAGACATA-1,6035.0,10238.0,WM,4,0.1758215218480737,1,bisquare,7265,1.0,negbinomial,0.28773770824297945,True
GCGTCGAAATGTCGGT-1,7631.0,4613.0,L3,0,0.2008216200698801,1,bisquare,7265,1.0,negbinomial,0.28773770824297945,True
GCGTCGCCAGGGTGAT-1,7414.0,9043.0,L6,3,0.1722809447648956,1,bisquare,7265,1.0,negbinomial,0.28773770824297945,True
GCGTCTAACCTCCTAA-1,11825.0,6419.0,L3,0,0.08715067520245977,1,bisquare,7265,1.0,negbinomial,0.28773770824297945,True
GCGTCTCTGCATTGGG-1,5973.0,7243.0,L4,1,0.25353911233194665,1,bisquare,7265,1.0,negbinomial,0.28773770824297945,True
GCGTGGTACTGGGTTA-1,9691.0,6773.0,L3,0,0.47954762672368384,1,bisquare,7265,1.0,negbinomial,0.28773770824297945,True
GCGTGTATGTCGTATT-1,7360.0,2935.0,L3,0,0.23756560891936357,1,bisquare,7265,1.0,negbinomial,0.28773770824297945,True
GCGTTATATTTGGAAC-1,4048.0,6281.0,L3,0,0.3657557697064585,1,bisquare,7265,1.0,negbinomial,0.28773770824297945,True
GCGTTCGGAGACCGGG-1,10246.0,4858.0,L3,0,0.27170652973009385,1,bisquare,7265,1.0,negbinomial,0.28773770824297945,True
GCTAAACCTGAGGTGA-1,4739.0,5324.0,L3,0,0.25099973056125896,1,bisquare,7265,1.0,negbinomial,0.28773770824297945,True
GCTAACTGAAGTCTGA-1,9202.0,9527.0,L5,2,0.3498625304294205,1,bisquare,7265,1.0,negbinomial,0.28773770824297945,True
GCTAAGTAAAGGCGAT-1,4049.0,5802.0,L3,0,0.22170020974717525,1,bisquare,7265,1.0,negbinomial,0.28773770824297945,True
GCTAAGTAGTTTCTCT-1,8659.0,6651.0,L3,0,0.16880188802979038,1,bisquare,7265,1.0,negbinomial,0.28773770824297945,True
GCTAATACCGAATGCC-1,6391.0,5089.0,L3,0,0.2112874805732958,1,bisquare,7265,1.0,negbinomial,0.28773770824297945,True
GCTACAGTACGGACCG-1,4114.0,7359.0,L3,0,0.3383275773173192,1,bisquare,7265,1.0,negbinomial,0.28773770824297945,True
GCTACGACTTATTGGG-1,7899.0,7727.0,L4,1,0.22658030495779585,1,bisquare,7265,1.0,negbinomial,0.28773770824297945,True
GCTACTATAGTAGAGT-1,9618.0,8570.0,L5,2,0.28219395783997697,1,bisquare,7265,1.0,negbinomial,0.28773770824297945,True
GCTAGACCGTCTACTG-1,10308.0,7613.0,L3,0,0.33441823419523525,1,bisquare,7265,1.0,negbinomial,0.28773770824297945,True
GCTAGAGTAGAGATGT-1,9754.0,9288.0,L5,2,0.35353401535843976,1,bisquare,7265,1.0,negbinomial,0.28773770824297945,True
GCTAGCACCTGGGCCA-1,11479.0,7257.0,L3,0,0.33090475603465036,1,bisquare,7265,1.0,negbinomial,0.28773770824297945,True
GCTAGCAGGGAGTGGG-1,10110.0,4379.0,L3,0,0.3885838741432727,1,bisquare,7265,1.0,negbinomial,0.28773770824297945,True
GCTAGCGATAGGTCTT-1,4795.0,10474.0,WM,4,0.2553208313335495,1,bisquare,7265,1.0,negbinomial,0.28773770824297945,True
GCTAGCTTGAATAGCT-1,6176.0,8801.0,L6,3,0.21696378528250562,1,bisquare,7265,1.0,negbinomial,0.28773770824297945,True
GCTAGGCACCACGGAG-1,8928.0,9047.0,L5,2,0.2568992281610257,1,bisquare,7265,1.0,negbinomial,0.28773770824297945,True
GCTAGTAGAGCTTGTA-1,7625.0,7247.0,L3,0,0.5670195013516086,1,bisquare,7265,1.0,negbinomial,0.28773770824297945,True
GCTAGTTTCATTGAGG-1,5704.0,4608.0,L3,0,0.2258325115369539,1,bisquare,7265,1.0,negbinomial,0.28773770824297945,True
GCTATACGTCTCGGAC-1,9204.0,8808.0,L5,2,0.46116595647066655,1,bisquare,7265,1.0,negbinomial,0.28773770824297945,True
GCTATCATACTCATGG-1,8515.0,9046.0,L5,2,0.21960304381479606,1,bisquare,7265,1.0,negbinomial,0.28773770824297945,True
GCTATCGCGGCGCAAC-1,4808.0,4965.0,L3,0,0.275841889050683,1,bisquare,7265,1.0,negbinomial,0.28773770824297945,True
GCTCAACCTCTTAGAG-1,3777.0,4603.0,L3,0,0.09104430866296924,1,bisquare,7265,1.0,negbinomial,0.28773770824297945,True
GCTCAATCCGTTTATT-1,5556.0,8919.0,L6,3,0.17249675715638912,1,bisquare,7265,1.0,negbinomial,0.28773770824297945,True
GCTCAATGTAATACCG-1,7136.0,10001.0,WM,4,0.14802966984847565,1,bisquare,7265,1.0,negbinomial,0.28773770824297945,True
GCTCATTACTGCATGT-1,9560.0,4138.0,L3,0,0.2719984846206176,1,bisquare,7265,1.0,negbinomial,0.28773770824297945,True
GCTCCCAGTCGGTCCA-1,10652.0,7734.0,L3,0,0.4802517171063917,1,bisquare,7265,1.0,negbinomial,0.28773770824297945,True
GCTCCGCTCGCTTCAG-1,10859.0,7614.0,L3,0,0.4433418337090026,1,bisquare,7265,1.0,negbinomial,0.28773770824297945,True
GCTCCGGACGTTGATA-1,10251.0,2942.0,L3,0,0.34857434968469053,1,bisquare,7265,1.0,negbinomial,0.28773770824297945,True
GCTCCTGACATACTGG-1,5349.0,9278.0,L6,3,0.41445231946241246,1,bisquare,7265,1.0,negbinomial,0.28773770824297945,True
GCTCGCGGTTCCGCTC-1,4050.0,5562.0,L3,0,0.17270564408558337,1,bisquare,7265,1.0,negbinomial,0.28773770824297945,True
GCTCGCTCATGTCCAA-1,9964.0,7492.0,L3,0,0.32988425698534135,1,bisquare,7265,1.0,negbinomial,0.28773770824297945,True
GCTCGGAATTTAAAGC-1,8937.0,5215.0,L3,0,0.23460584958380182,1,bisquare,7265,1.0,negbinomial,0.28773770824297945,True
GCTCTAAACCCTGACG-1,7147.0,5450.0,L3,0,0.22719912996545605,1,bisquare,7265,1.0,negbinomial,0.28773770824297945,True
GCTCTATGTTACGTGC-1,5908.0,5686.0,L3,0,0.36967157420903146,1,bisquare,7265,1.0,negbinomial,0.28773770824297945,True
GCTCTCGGGTACCGAA-1,7147.0,5689.0,L3,0,0.21489109324658426,1,bisquare,7265,1.0,negbinomial,0.28773770824297945,True
GCTCTTTCCGCTAGTG-1,6860.0,10240.0,WM,4,0.09188654072997672,1,bisquare,7265,1.0,negbinomial,0.28773770824297945,True
GCTGAACTCTCCAGGG-1,11410.0,7376.0,L3,0,0.3047043590451602,1,bisquare,7265,1.0,negbinomial,0.28773770824297945,True
GCTGAATCTTCCAATC-1,4728.0,9636.0,L6,3,0.2936369363504332,1,bisquare,7265,1.0,negbinomial,0.28773770824297945,True
GCTGAGCAACGGTTCT-1,3638.0,4842.0,L3,0,0.0960037051774035,1,bisquare,7265,1.0,negbinomial,0.28773770824297945,True
GCTGAGGCGTGAGTAT-1,7556.0,7367.0,L4,1,0.27347669760933985,1,bisquare,7265,1.0,negbinomial,0.28773770824297945,True
GCTGCACGGTTTCTTA-1,8175.0,7488.0,L3,0,0.5405473494349039,1,bisquare,7265,1.0,negbinomial,0.28773770824297945,True
GCTGCTAAGTAGTCGA-1,7000.0,9282.0,L6,3,0.21954473801173416,1,bisquare,7265,1.0,negbinomial,0.28773770824297945,True
GCTGCTACTGCGTAGC-1,8310.0,8686.0,L5,2,0.24858388402827566,1,bisquare,7265,1.0,negbinomial,0.28773770824297945,True
GCTGCTCTCCGGACAC-1,7489.0,6289.0,L3,0,0.2321861243255564,1,bisquare,7265,1.0,negbinomial,0.28773770824297945,True
GCTGGCAGGTGCCGTG-1,3292.0,5680.0,L3,0,0.08730975080318822,1,bisquare,7265,1.0,negbinomial,0.28773770824297945,True
GCTGGCATATTCACCT-1,5287.0,6284.0,L3,0,0.2602281031560392,1,bisquare,7265,1.0,negbinomial,0.28773770824297945,True
GCTGGCGGCGCATGCT-1,7552.0,9044.0,L6,3,0.37335347096594407,1,bisquare,7265,1.0,negbinomial,0.28773770824297945,True
GCTGGTTTAGGCCATA-1,4108.0,9754.0,L6,3,0.2498054229590657,1,bisquare,7265,1.0,negbinomial,0.28773770824297945,True
GCTGTATTACTGGCCC-1,5764.0,8081.0,L5,2,0.33752569114914777,1,bisquare,7265,1.0,negbinomial,0.28773770824297945,True
GCTGTCTGTGATCGAC-1,9425.0,2701.0,L3,0,0.35126659772369856,1,bisquare,7265,1.0,negbinomial,0.28773770824297945,True
GCTGTTGCTACCGAAC-1,9690.0,7252.0,L3,0,0.3521691670915192,1,bisquare,7265,1.0,negbinomial,0.28773770824297945,True
GCTTAATGTAACTAAC-1,8932.0,7610.0,L3,0,0.5440459476750958,1,bisquare,7265,1.0,negbinomial,0.28773770824297945,True
GCTTACGTAGTTAGTA-1,10861.0,6896.0,L3,0,0.3039508906325088,1,bisquare,7265,1.0,negbinomial,0.28773770824297945,True
GCTTATGAAGCAGGAA-1,9278.0,6772.0,L3,0,0.20116317416861956,1,bisquare,7265,1.0,negbinomial,0.28773770824297945,True
GCTTCCGTCCCTAGAC-1,8454.0,6052.0,L3,0,0.4762526433343694,1,bisquare,7265,1.0,negbinomial,0.28773770824297945,True
GCTTGATGATAATCAG-1,5634.0,5207.0,L3,0,0.2866706010588533,1,bisquare,7265,1.0,negbinomial,0.28773770824297945,True
GCTTGCAGCACAATTG-1,11210.0,4861.0,L3,0,0.2561763569608609,1,bisquare,7265,1.0,negbinomial,0.28773770824297945,True
GCTTGGATCGATTAGG-1,9830.0,6295.0,L3,0,0.24338240998527128,1,bisquare,7265,1.0,negbinomial,0.28773770824297945,True
GCTTTCAGAGGAGGTG-1,9691.0,6534.0,L3,0,0.26858147331066684,1,bisquare,7265,1.0,negbinomial,0.28773770824297945,True
GGAAACCTTGTTGAAT-1,10452.0,4979.0,L3,0,0.2832830117098929,1,bisquare,7265,1.0,negbinomial,0.28773770824297945,True
GGAAACTAAATGGGCC-1,10165.0,9768.0,L5,2,0.39159901741224296,1,bisquare,7265,1.0,negbinomial,0.28773770824297945,True
GGAAAGTGCCCATGCC-1,9351.0,4976.0,L3,0,0.2541388102323469,1,bisquare,7265,1.0,negbinomial,0.28773770824297945,True
GGAACCCGAACAAGAA-1,3775.0,5322.0,L3,0,0.1913015511453461,1,bisquare,7265,1.0,negbinomial,0.28773770824297945,True
GGAACCGTGTAAATTG-1,6383.0,8442.0,L5,2,0.3920480497810845,1,bisquare,7265,1.0,negbinomial,0.28773770824297945,True
GGAACCTTGACTCTGC-1,4591.0,9635.0,L6,3,0.27713802516535907,1,bisquare,7265,1.0,negbinomial,0.28773770824297945,True
GGAACGGCCTGCAGCC-1,4187.0,5562.0,L3,0,0.2417636690921197,1,bisquare,7265,1.0,negbinomial,0.28773770824297945,True
GGAACTTTGGCGATTA-1,10716.0,9770.0,L5,2,0.17970998235378974,1,bisquare,7265,1.0,negbinomial,0.28773770824297945,True
GGAAGCTCGCTTACAG-1,8872.0,3897.0,L3,0,0.32483683168998506,1,bisquare,7265,1.0,negbinomial,0.28773770824297945,True
GGAATAACCTCAAGAA-1,7290.0,3294.0,L3,0,0.25509474587554115,1,bisquare,7265,1.0,negbinomial,0.28773770824297945,True
GGAATGCGCTAGCGTG-1,8797.0,6412.0,L3,0,0.2640671864187749,1,bisquare,7265,1.0,negbinomial,0.28773770824297945,True
GGACACAAGTTTACAC-1,10789.0,8213.0,L3,0,0.5269210237353461,1,bisquare,7265,1.0,negbinomial,0.28773770824297945,True
GGACCAACAGGATAAC-1,7759.0,8685.0,L5,2,0.30974892340128607,1,bisquare,7265,1.0,negbinomial,0.28773770824297945,True
GGACCTACGGTAACGT-1,10660.0,4620.0,L3,0,0.45837497670911426,1,bisquare,7265,1.0,negbinomial,0.28773770824297945,True
GGACCTCTAGGCCGCC-1,5210.0,9517.0,L6,3,0.27313550825023203,1,bisquare,7265,1.0,negbinomial,0.28773770824297945,True
GGACGGCTTGCGCAAC-1,10112.0,3421.0,L3,0,0.48770593658991007,1,bisquare,7265,1.0,negbinomial,0.28773770824297945,True
GGACTAAGTCAGGAGT-1,3499.0,5800.0,L3,0,0.08535876052832289,1,bisquare,7265,1.0,negbinomial,0.28773770824297945,True
GGACTCACAAATTAGG-1,11476.0,8454.0,L3,0,0.2691928279025259,1,bisquare,7265,1.0,negbinomial,0.28773770824297945,True
GGACTCGTGAGTGGTC-1,5759.0,10237.0,WM,4,0.24599114954763712,1,bisquare,7265,1.0,negbinomial,0.28773770824297945,True
GGAGAAGTCATTGGCA-1,5978.0,5327.0,L3,0,0.3586714251292783,1,bisquare,7265,1.0,negbinomial,0.28773770824297945,True
GGAGACCAATGTGCTT-1,11278.0,5220.0,L3,0,0.11249997447413865,1,bisquare,7265,1.0,negbinomial,0.28773770824297945,True
GGAGACCATCTACATA-1,3698.0,8555.0,L5,2,0.22767633785840974,1,bisquare,7265,1.0,negbinomial,0.28773770824297945,True
GGAGACGACACCTTTG-1,7761.0,7727.0,L4,1,0.36106746797807354,1,bisquare,7265,1.0,negbinomial,0.28773770824297945,True
GGAGCAACATTTCAAG-1,10235.0,9409.0,L5,2,0.43761583114989283,1,bisquare,7265,1.0,negbinomial,0.28773770824297945,True
GGAGCACCAAGAACTA-1,8799.0,5693.0,L3,0,0.42924062398798063,1,bisquare,7265,1.0,negbinomial,0.28773770824297945,True
GGAGGATTGAAAGGAG-1,8185.0,3416.0,L3,0,0.5629832517963622,1,bisquare,7265,1.0,negbinomial,0.28773770824297945,True
GGAGGCCGAAGTCGTC-1,11135.0,7376.0,L3,0,0.4611977536514881,1,bisquare,7265,1.0,negbinomial,0.28773770824297945,True
GGAGGCGAAGAACCGC-1,10113.0,2942.0,L3,0,0.332755507344758,1,bisquare,7265,1.0,negbinomial,0.28773770824297945,True
GGAGGGCTTGGTTGGC-1,8522.0,6411.0,L3,0,0.2798800724717892,1,bisquare,7265,1.0,negbinomial,0.28773770824297945,True
GGAGTGCCGCCCTGGA-1,6805.0,4850.0,L3,0,0.14443029775079672,1,bisquare,7265,1.0,negbinomial,0.28773770824297945,True
GGATACTCATGAATTG-1,6257.0,3651.0,L3,0,0.18286697120387055,1,bisquare,7265,1.0,negbinomial,0.28773770824297945,True
GGATCAAAGGACGAGG-1,6740.0,3293.0,L3,0,0.2707515519650853,1,bisquare,7265,1.0,negbinomial,0.28773770824297945,True
GGATCATCCCGTACGC-1,10109.0,4619.0,L3,0,0.23480825548820294,1,bisquare,7265,1.0,negbinomial,0.28773770824297945,True
GGATCCGGAATATACT-1,8796.0,6651.0,L3,0,0.45936943799803726,1,bisquare,7265,1.0,negbinomial,0.28773770824297945,True
GGATCTTACTGCCCTT-1,5552.0,10356.0,WM,4,0.17120597643990582,1,bisquare,7265,1.0,negbinomial,0.28773770824297945,True
GGATCTTGACTCAACC-1,4318.0,8677.0,L5,2,0.3061386113305576,1,bisquare,7265,1.0,negbinomial,0.28773770824297945,True
GGATGAAGATCGCTGA-1,9620.0,7611.0,L3,0,0.3715914775649737,1,bisquare,7265,1.0,negbinomial,0.28773770824297945,True
GGATGACGCGAGTTTA-1,6249.0,7004.0,L4,1,0.3633796323467536,1,bisquare,7265,1.0,negbinomial,0.28773770824297945,True
GGATGCTGGCGTTCCT-1,4459.0,7240.0,L3,0,0.31560336398265176,1,bisquare,7265,1.0,negbinomial,0.28773770824297945,True
GGATGTCCTTACCGCA-1,9416.0,6773.0,L3,0,0.40165741224174584,1,bisquare,7265,1.0,negbinomial,0.28773770824297945,True
GGATTAAGCTAAGGTC-1,9148.0,3419.0,L3,0,0.34038332994934667,1,bisquare,7265,1.0,negbinomial,0.28773770824297945,True
GGATTCAGTACGGTGG-1,5428.0,4847.0,L3,0,0.18383703802357984,1,bisquare,7265,1.0,negbinomial,0.28773770824297945,True
GGATTCCGCTATACCC-1,8732.0,4855.0,L3,0,0.23754899826516573,1,bisquare,7265,1.0,negbinomial,0.28773770824297945,True
GGATTGCTGTGACTCC-1,8927.0,9765.0,L6,3,0.2945703439897407,1,bisquare,7265,1.0,negbinomial,0.28773770824297945,True
GGATTTCACTTCTATA-1,8866.0,6292.0,L3,0,0.19611276843619332,1,bisquare,7265,1.0,negbinomial,0.28773770824297945,True
GGCAAAGGCGCCAATA-1,5487.0,9039.0,L6,3,0.3949973836523127,1,bisquare,7265,1.0,negbinomial,0.28773770824297945,True
GGCAAATTACTTTACT-1,6798.0,7485.0,L5,2,0.23191352167027776,1,bisquare,7265,1.0,negbinomial,0.28773770824297945,True
GGCAAGCCAGGGATAG-1,11486.0,4622.0,L3,0,0.07267012711467272,1,bisquare,7265,1.0,negbinomial,0.28773770824297945,True
GGCAAGGCGAAATAGC-1,7898.0,7967.0,L5,2,0.5034398325521493,1,bisquare,7265,1.0,negbinomial,0.28773770824297945,True
GGCAATAGTCAATGAG-1,7972.0,6170.0,L3,0,0.5299572782757827,1,bisquare,7265,1.0,negbinomial,0.28773770824297945,True
GGCACTCAGCCGACCC-1,11612.0,9173.0,L4,1,0.2273800954652394,1,bisquare,7265,1.0,negbinomial,0.28773770824297945,True
GGCACTCCACTGGGCA-1,6318.0,6645.0,L3,0,0.4372798993690949,1,bisquare,7265,1.0,negbinomial,0.28773770824297945,True
GGCAGAGAGATCGGGA-1,3359.0,6758.0,L3,0,0.1463245426138053,1,bisquare,7265,1.0,negbinomial,0.28773770824297945,True
GGCAGCAAACCTATGC-1,10237.0,8691.0,L4,1,0.4767548417706103,1,bisquare,7265,1.0,negbinomial,0.28773770824297945,True
GGCAGCGGTAATCCTA-1,10041.0,4259.0,L3,0,0.23343295785375665,1,bisquare,7265,1.0,negbinomial,0.28773770824297945,True
GGCATACAGGTAGCGG-1,5355.0,6643.0,L3,0,0.36908843114092865,1,bisquare,7265,1.0,negbinomial,0.28773770824297945,True
GGCATATCGGTTCTGC-1,8870.0,4616.0,L3,0,0.3924599037030218,1,bisquare,7265,1.0,negbinomial,0.28773770824297945,True
GGCATCAACGAGCACG-1,6671.0,3173.0,L3,0,0.1176931738504256,1,bisquare,7265,1.0,negbinomial,0.28773770824297945,True
GGCCCGGAGCATGTCT-1,11343.0,6777.0,L3,0,0.1707481039251109,1,bisquare,7265,1.0,negbinomial,0.28773770824297945,True
GGCCCGTATACCATGC-1,11345.0,5819.0,L3,0,0.07245721897072128,1,bisquare,7265,1.0,negbinomial,0.28773770824297945,True
GGCCCTCACCCACTTA-1,4735.0,7001.0,L3,0,0.5048777505640916,1,bisquare,7265,1.0,negbinomial,0.28773770824297945,True
GGCCGAGACTCTGGTG-1,5347.0,9996.0,WM,4,0.44937005149798803,1,bisquare,7265,1.0,negbinomial,0.28773770824297945,True
GGCCGGCGTCTGCTAT-1,8581.0,10363.0,WM,4,0.2097553339016364,1,bisquare,7265,1.0,negbinomial,0.28773770824297945,True
GGCCGTTTGGGTTTCA-1,6242.0,9639.0,WM,4,0.328733224424876,1,bisquare,7265,1.0,negbinomial,0.28773770824297945,True
GGCCTGCTTCTCCCGA-1,10923.0,9651.0,L5,2,0.2560040161631859,1,bisquare,7265,1.0,negbinomial,0.28773770824297945,True
GGCCTTTGCAACTGGC-1,3702.0,6879.0,L3,0,0.36364852645300505,1,bisquare,7265,1.0,negbinomial,0.28773770824297945,True
GGCGAAATCTAACTTG-1,9138.0,7730.0,L3,0,0.5476462888792284,1,bisquare,7265,1.0,negbinomial,0.28773770824297945,True
GGCGAACCGTTCTGAT-1,11899.0,4623.0,L3,0,0.04552279062157822,1,bisquare,7265,1.0,negbinomial,0.28773770824297945,True
GGCGAGCGAAACGGCA-1,3629.0,8675.0,L5,2,0.180608841618085,1,bisquare,7265,1.0,negbinomial,0.28773770824297945,True
GGCGCAGGACATCTTC-1,5010.0,7002.0,L3,0,0.35688169268642655,1,bisquare,7265,1.0,negbinomial,0.28773770824297945,True
GGCGCATGAATTGATG-1,6867.0,7605.0,L5,2,0.439635170754017,1,bisquare,7265,1.0,negbinomial,0.28773770824297945,True
GGCGCGGAGATCTTTC-1,9065.0,9526.0,L6,3,0.40800797621422447,1,bisquare,7265,1.0,negbinomial,0.28773770824297945,True
GGCGCGTTCGAGTTTA-1,7210.0,8204.0,L5,2,0.4639356863627026,1,bisquare,7265,1.0,negbinomial,0.28773770824297945,True
GGCGCTCCTCATCAAT-1,4465.0,4605.0,L3,0,0.15063421065590357,1,bisquare,7265,1.0,negbinomial,0.28773770824297945,True
GGCGGAGTAATATTAG-1,6319.0,6406.0,L3,0,0.4888557784329077,1,bisquare,7265,1.0,negbinomial,0.28773770824297945,True
GGCGGTAGGATCATTG-1,7902.0,6290.0,L3,0,0.2747780438210367,1,bisquare,7265,1.0,negbinomial,0.28773770824297945,True
GGCGGTTTGCCGGTGC-1,3915.0,4364.0,L3,0,0.09423799097219855,1,bisquare,7265,1.0,negbinomial,0.28773770824297945,True
GGCGTAGGGAAAGCTG-1,8788.0,10244.0,L6,3,0.15912432014765718,1,bisquare,7265,1.0,negbinomial,0.28773770824297945,True
GGCGTCCTATCCGCTG-1,5425.0,6284.0,L3,0,0.19016298395523226,1,bisquare,7265,1.0,negbinomial,0.28773770824297945,True
GGCTAAAGGGCGGGTC-1,9971.0,4858.0,L3,0,0.19883401311989463,1,bisquare,7265,1.0,negbinomial,0.28773770824297945,True
GGCTACTATACACTCC-1,6172.0,10238.0,WM,4,0.14496501095257336,1,bisquare,7265,1.0,negbinomial,0.28773770824297945,True
GGCTATTAAGTTGTAT-1,5975.0,6525.0,L3,0,0.48171356029516077,1,bisquare,7265,1.0,negbinomial,0.28773770824297945,True
GGCTCCTCCACCTGTT-1,5554.0,9638.0,WM,4,0.49027737547015837,1,bisquare,7265,1.0,negbinomial,0.28773770824297945,True
GGCTCGCGTTGAGGTA-1,9554.0,6294.0,L3,0,0.24256296723714674,1,bisquare,7265,1.0,negbinomial,0.28773770824297945,True
GGCTCGTGCCACCAGC-1,5772.0,4967.0,L3,0,0.24991363793831606,1,bisquare,7265,1.0,negbinomial,0.28773770824297945,True
GGCTCTGCTCCAACGC-1,8110.0,5692.0,L3,0,0.29998775660624033,1,bisquare,7265,1.0,negbinomial,0.28773770824297945,True
GGCTGAAATAGCAAAG-1,8586.0,8447.0,L5,2,0.31290766287417643,1,bisquare,7265,1.0,negbinomial,0.28773770824297945,True
GGCTGAGCATCGTAAG-1,9974.0,3660.0,L3,0,0.25831883727351734,1,bisquare,7265,1.0,negbinomial,0.28773770824297945,True
GGCTGGCTAGCTTAAA-1,5155.0,3888.0,L3,0,0.18251087267762525,1,bisquare,7265,1.0,negbinomial,0.28773770824297945,True
GGCTTGGCTCTCACCT-1,3293.0,5440.0,L3,0,0.11617052952075659,1,bisquare,7265,1.0,negbinomial,0.28773770824297945,True
GGCTTTCAATAAGGGT-1,7412.0,9762.0,WM,4,0.11641399976986437,1,bisquare,7265,1.0,negbinomial,0.28773770824297945,True
GGGAACGGGAGGTTAG-1,5698.0,7243.0,L4,1,0.3378245490053035,1,bisquare,7265,1.0,negbinomial,0.28773770824297945,True
GGGAACGGTTTCAGAT-1,5346.0,10236.0,WM,4,0.24468026572849605,1,bisquare,7265,1.0,negbinomial,0.28773770824297945,True
GGGAAGACGGTCTGTC-1,8375.0,10243.0,WM,4,0.16917459793587344,1,bisquare,7265,1.0,negbinomial,0.28773770824297945,True
GGGAAGGGCTTTCTCA-1,9132.0,10125.0,L6,3,0.24788844565749546,1,bisquare,7265,1.0,negbinomial,0.28773770824297945,True
GGGAATGAGCCCTCAC-1,10521.0,4859.0,L3,0,0.29836408152441857,1,bisquare,7265,1.0,negbinomial,0.28773770824297945,True
GGGAATTCTGTCCAGT-1,3429.0,5920.0,L3,0,0.08524617651699488,1,bisquare,7265,1.0,negbinomial,0.28773770824297945,True
GGGACAGAGTTACTCC-1,4453.0,9395.0,L6,3,0.2804002154220643,1,bisquare,7265,1.0,negbinomial,0.28773770824297945,True
GGGACCCGTATATCTT-1,6794.0,9401.0,L6,3,0.24866686283129386,1,bisquare,7265,1.0,negbinomial,0.28773770824297945,True
GGGACTGCATAGATAG-1,7283.0,6408.0,L3,0,0.45405427378883517,1,bisquare,7265,1.0,negbinomial,0.28773770824297945,True
GGGAGAACTCACAGTA-1,7558.0,6409.0,L3,0,0.49223258043111157,1,bisquare,7265,1.0,negbinomial,0.28773770824297945,True
GGGAGGATGCCCGAAA-1,6662.0,7005.0,L4,1,0.29938081648177384,1,bisquare,7265,1.0,negbinomial,0.28773770824297945,True
GGGAGTAATGGCTGGC-1,6050.0,3770.0,L3,0,0.34417406054007826,1,bisquare,7265,1.0,negbinomial,0.28773770824297945,True
GGGAGTTAATGAGGCG-1,8315.0,6530.0,L3,0,0.18343634920132137,1,bisquare,7265,1.0,negbinomial,0.28773770824297945,True
GGGATACGGTAATAAT-1,3638.0,5082.0,L3,0,0.12224038887494218,1,bisquare,7265,1.0,negbinomial,0.28773770824297945,True
GGGATCCCAATACAAA-1,11416.0,4741.0,L3,0,0.12201905456248176,1,bisquare,7265,1.0,negbinomial,0.28773770824297945,True
GGGATGGTCGTAACCG-1,6108.0,8202.0,L5,2,0.26292079714412436,1,bisquare,7265,1.0,negbinomial,0.28773770824297945,True
GGGATTTACCGCACCT-1,9345.0,7611.0,L3,0,0.5618449074837478,1,bisquare,7265,1.0,negbinomial,0.28773770824297945,True
GGGCAACCGCACGTGC-1,4454.0,9156.0,L5,2,0.2566753203668829,1,bisquare,7265,1.0,negbinomial,0.28773770824297945,True
GGGCAGAGCAATCGTT-1,7275.0,9522.0,WM,4,0.4772798142155822,1,bisquare,7265,1.0,negbinomial,0.28773770824297945,True
GGGCCCGTCTTAAACA-1,6729.0,7604.0,L5,2,0.3546222521552924,1,bisquare,7265,1.0,negbinomial,0.28773770824297945,True
GGGCCCTACGAAAGGG-1,4252.0,7119.0,L3,0,0.3804791524067975,1,bisquare,7265,1.0,negbinomial,0.28773770824297945,True
GGGCCGGCCGAAGTAC-1,8933.0,6891.0,L3,0,0.42236783214673324,1,bisquare,7265,1.0,negbinomial,0.28773770824297945,True
GGGCCTAAATGGGCTA-1,3769.0,7957.0,L4,1,0.22777172065744225,1,bisquare,7265,1.0,negbinomial,0.28773770824297945,True
GGGCGAATTTCTCCAC-1,3639.0,4603.0,L3,0,0.09929999937909473,1,bisquare,7265,1.0,negbinomial,0.28773770824297945,True
GGGCGATATGTGTGAA-1,7146.0,5929.0,L3,0,0.3525037854943214,1,bisquare,7265,1.0,negbinomial,0.28773770824297945,True
GGGCGCAGCGTTACTC-1,11412.0,6658.0,L3,0,0.140478495007932,1,bisquare,7265,1.0,negbinomial,0.28773770824297945,True
GGGCGGCAAATGAATT-1,6245.0,8442.0,L5,2,0.285913081789267,1,bisquare,7265,1.0,negbinomial,0.28773770824297945,True
GGGCGGGTTCCCTACG-1,5696.0,7722.0,L5,2,0.1336759709810259,1,bisquare,7265,1.0,negbinomial,0.28773770824297945,True
GGGCGGTCCTATTGTC-1,5085.0,4247.0,L3,0,0.22331219302237848,1,bisquare,7265,1.0,negbinomial,0.28773770824297945,True
GGGCGTACATTTATAT-1,6872.0,5449.0,L3,0,0.18935772706660942,1,bisquare,7265,1.0,negbinomial,0.28773770824297945,True
GGGCGTCACCACGTAA-1,6590.0,8323.0,L5,2,0.3874691639005578,1,bisquare,7265,1.0,negbinomial,0.28773770824297945,True
GGGCGTCCACTGGCTC-1,8939.0,4496.0,L3,0,0.38136868230267096,1,bisquare,7265,1.0,negbinomial,0.28773770824297945,True
GGGCGTGGTTTCCCAG-1,8720.0,9885.0,L6,3,0.24099022760196337,1,bisquare,7265,1.0,negbinomial,0.28773770824297945,True
GGGCGTTTACATTCAT-1,4933.0,10474.0,WM,4,0.20672346478410988,1,bisquare,7265,1.0,negbinomial,0.28773770824297945,True
GGGCTATGATCGATGG-1,6656.0,9401.0,L6,3,0.30855910758350263,1,bisquare,7265,1.0,negbinomial,0.28773770824297945,True
GGGCTCATCGAACCCA-1,9281.0,5575.0,L3,0,0.36459250710247815,1,bisquare,7265,1.0,negbinomial,0.28773770824297945,True
GGGCTGCCTAGGGCGA-1,7902.0,6529.0,L3,0,0.5751792916108835,1,bisquare,7265,1.0,negbinomial,0.28773770824297945,True
GGGCTGGTTAGTCGCG-1,6664.0,6287.0,L3,0,0.3032992606887669,1,bisquare,7265,1.0,negbinomial,0.28773770824297945,True
GGGTAATGCTGTGTTT-1,4605.0,3647.0,L3,0,0.11040409562584634,1,bisquare,7265,1.0,negbinomial,0.28773770824297945,True
GGGTACCCACGGTCCT-1,4948.0,4247.0,L3,0,0.2275269957331402,1,bisquare,7265,1.0,negbinomial,0.28773770824297945,True
GGGTACTTCATGAACT-1,5836.0,7003.0,L4,1,0.2537777659292912,1,bisquare,7265,1.0,negbinomial,0.28773770824297945,True
GGGTATGTATGCACTT-1,5081.0,5924.0,L3,0,0.3911481287720841,1,bisquare,7265,1.0,negbinomial,0.28773770824297945,True
GGGTATTCTAGCAAAC-1,4179.0,9155.0,L5,2,0.3386671861009576,1,bisquare,7265,1.0,negbinomial,0.28773770824297945,True
GGGTCACCGTGACGGT-1,6387.0,6765.0,L3,0,0.5518626611809317,1,bisquare,7265,1.0,negbinomial,0.28773770824297945,True
GGGTCACGTGCTTATG-1,10182.0,2822.0,L3,0,0.3102633818579823,1,bisquare,7265,1.0,negbinomial,0.28773770824297945,True
GGGTCAGGAGCTAGAT-1,6929.0,10359.0,WM,4,0.14457505570367424,1,bisquare,7265,1.0,negbinomial,0.28773770824297945,True
GGGTCATGCGTACCAT-1,4119.0,5203.0,L3,0,0.21327405201590247,1,bisquare,7265,1.0,negbinomial,0.28773770824297945,True
GGGTCGTGGCAAGTGT-1,10520.0,5578.0,L3,0,0.12259550604153961,1,bisquare,7265,1.0,negbinomial,0.28773770824297945,True
GGGTGACACCTTAACT-1,7003.0,8084.0,L5,2,0.24120228935735638,1,bisquare,7265,1.0,negbinomial,0.28773770824297945,True
GGGTGCATATGAAAGC-1,10862.0,6177.0,L3,0,0.16946259382071605,1,bisquare,7265,1.0,negbinomial,0.28773770824297945,True
GGGTGGTCCAGCCTGT-1,7909.0,3416.0,L3,0,0.4034984561927042,1,bisquare,7265,1.0,negbinomial,0.28773770824297945,True
GGGTGTTTCAGCTATG-1,7838.0,4493.0,L3,0,0.19165684022466056,1,bisquare,7265,1.0,negbinomial,0.28773770824297945,True
GGGTTAACATTTGAGT-1,6588.0,9041.0,L6,3,0.29773597626923043,1,bisquare,7265,1.0,negbinomial,0.28773770824297945,True
GGGTTCAGACGAACAA-1,4464.0,4844.0,L3,0,0.25282741505203354,1,bisquare,7265,1.0,negbinomial,0.28773770824297945,True
GGGTTTAGGATAGGAT-1,10514.0,7733.0,L3,0,0.3485386862564083,1,bisquare,7265,1.0,negbinomial,0.28773770824297945,True
GGTAAATGTGCGTTAC-1,8734.0,3897.0,L3,0,0.4260152741403103,1,bisquare,7265,1.0,negbinomial,0.28773770824297945,True
GGTAACCGGGAGGATA-1,5004.0,9397.0,L6,3,0.2767041092366662,1,bisquare,7265,1.0,negbinomial,0.28773770824297945,True
GGTAACTATGTATCTG-1,6187.0,4010.0,L3,0,0.2363500099791637,1,bisquare,7265,1.0,negbinomial,0.28773770824297945,True
GGTACAAACATGCTAT-1,6867.0,7365.0,L4,1,0.45410056247235786,1,bisquare,7265,1.0,negbinomial,0.28773770824297945,True
GGTACACCAGATTTAT-1,11276.0,5699.0,L3,0,0.08293780007953104,1,bisquare,7265,1.0,negbinomial,0.28773770824297945,True
GGTACATCTGGGACGA-1,4390.0,7120.0,L3,0,0.2871027748974101,1,bisquare,7265,1.0,negbinomial,0.28773770824297945,True
GGTACCATTAAGACGG-1,10381.0,6056.0,L3,0,0.15387583203887487,1,bisquare,7265,1.0,negbinomial,0.28773770824297945,True
GGTACTAAGTGCTTTG-1,11613.0,8694.0,L3,0,0.23078882079014007,1,bisquare,7265,1.0,negbinomial,0.28773770824297945,True
GGTAGAAGACCGCCTG-1,8034.0,8925.0,L6,3,0.29122698939099084,1,bisquare,7265,1.0,negbinomial,0.28773770824297945,True
GGTAGACCGTTGGGCG-1,6795.0,8922.0,L6,3,0.46680864448893344,1,bisquare,7265,1.0,negbinomial,0.28773770824297945,True
GGTAGTGCTCGCACCA-1,8108.0,6650.0,L3,0,0.3409665678400169,1,bisquare,7265,1.0,negbinomial,0.28773770824297945,True
GGTATAGTGACACATA-1,10999.0,6657.0,L3,0,0.3035170533670223,1,bisquare,7265,1.0,negbinomial,0.28773770824297945,True
GGTATTGCCGAGTTTA-1,6801.0,6527.0,L3,0,0.3458961598275616,1,bisquare,7265,1.0,negbinomial,0.28773770824297945,True
GGTCAAGACTACTTCG-1,10374.0,8931.0,L5,2,0.3033684888844918,1,bisquare,7265,1.0,negbinomial,0.28773770824297945,True
GGTCACGTTAGATTCA-1,5776.0,3291.0,L3,0,0.11265543489676544,1,bisquare,7265,1.0,negbinomial,0.28773770824297945,True
GGTCAGTGGGTCCCAC-1,7416.0,8325.0,L5,2,0.2426605110977871,1,bisquare,7265,1.0,negbinomial,0.28773770824297945,True
GGTCCCATAACATAGA-1,10251.0,2703.0,L3,0,0.4087774802184268,1,bisquare,7265,1.0,negbinomial,0.28773770824297945,True
GGTCGGATAAACGGCG-1,9832.0,5336.0,L3,0,0.44440909602531153,1,bisquare,7265,1.0,negbinomial,0.28773770824297945,True
GGTCGGCCAGGAGCTT-1,8935.0,6412.0,L3,0,0.28684322659532463,1,bisquare,7265,1.0,negbinomial,0.28773770824297945,True
GGTCGGTAATTAGACA-1,5637.0,4009.0,L3,0,0.17589503750019847,1,bisquare,7265,1.0,negbinomial,0.28773770824297945,True
GGTCGGTCGTCCACAG-1,6725.0,9281.0,L6,3,0.21306955069034358,1,bisquare,7265,1.0,negbinomial,0.28773770824297945,True
GGTCGTAAGCTCGCAC-1,4456.0,8437.0,L5,2,0.17390644492630894,1,bisquare,7265,1.0,negbinomial,0.28773770824297945,True
GGTCTCCAAGTAGTGC-1,11752.0,8455.0,L3,0,0.2668066104619317,1,bisquare,7265,1.0,negbinomial,0.28773770824297945,True
GGTCTCTGAATGGACT-1,5487.0,8799.0,L6,3,0.17004382953845357,1,bisquare,7265,1.0,negbinomial,0.28773770824297945,True
GGTCTGAGAATCTGGA-1,8660.0,6172.0,L3,0,0.26149086524717285,1,bisquare,7265,1.0,negbinomial,0.28773770824297945,True
GGTCTTGAGCGCTCTT-1,7617.0,10361.0,WM,4,0.11318719491164977,1,bisquare,7265,1.0,negbinomial,0.28773770824297945,True
GGTGAAACCGGGAATG-1,6464.0,3292.0,L3,0,0.16962271940954066,1,bisquare,7265,1.0,negbinomial,0.28773770824297945,True
GGTGAACGGGCTAGCC-1,5362.0,3529.0,L3,0,0.0945490011749045,1,bisquare,7265,1.0,negbinomial,0.28773770824297945,True
GGTGAAGTACAGGGAT-1,5695.0,8201.0,L5,2,0.27160863255883255,1,bisquare,7265,1.0,negbinomial,0.28773770824297945,True
GGTGAGATGCAGATAA-1,5635.0,4488.0,L3,0,0.2372191609562555,1,bisquare,7265,1.0,negbinomial,0.28773770824297945,True
GGTGATAAGGAGCAGT-1,8589.0,7010.0,L3,0,0.4284617538270999,1,bisquare,7265,1.0,negbinomial,0.28773770824297945,True
GGTGATTTCATCTTGT-1,5844.0,3650.0,L3,0,0.25000143539681424,1,bisquare,7265,1.0,negbinomial,0.28773770824297945,True
GGTGCGGATAAGTGGC-1,6324.0,4490.0,L3,0,0.15697822861701471,1,bisquare,7265,1.0,negbinomial,0.28773770824297945,True
GGTGCTGATCACAAAG-1,4600.0,5803.0,L3,0,0.30360175787904226,1,bisquare,7265,1.0,negbinomial,0.28773770824297945,True
GGTGCTGGTACACATT-1,6316.0,7603.0,L5,2,0.2527154798149884,1,bisquare,7265,1.0,negbinomial,0.28773770824297945,True
GGTGGACCACGTGTTA-1,10387.0,3422.0,L3,0,0.5175170869931534,1,bisquare,7265,1.0,negbinomial,0.28773770824297945,True
GGTGGACTGCTCTGGC-1,8997.0,9167.0,L5,2,0.48121159337885616,1,bisquare,7265,1.0,negbinomial,0.28773770824297945,True
GGTGGAGGTTGATACG-1,11547.0,7856.0,L3,0,0.26098080285643505,1,bisquare,7265,1.0,negbinomial,0.28773770824297945,True
GGTGTTCTGTTTCTAC-1,9356.0,3060.0,L3,0,0.2708835587951625,1,bisquare,7265,1.0,negbinomial,0.28773770824297945,True
GGTGTTGGGCGTCTTA-1,11614.0,8455.0,L3,0,0.43038646028235633,1,bisquare,7265,1.0,negbinomial,0.28773770824297945,True
GGTTACCACCCTCGGG-1,5421.0,7961.0,L5,2,0.20679625144764807,1,bisquare,7265,1.0,negbinomial,0.28773770824297945,True
GGTTACCCGACACTTT-1,11619.0,6538.0,L3,0,0.06759028268278015,1,bisquare,7265,1.0,negbinomial,0.28773770824297945,True
GGTTAGCTATATGTCT-1,9137.0,8209.0,L4,1,0.28856966108121207,1,bisquare,7265,1.0,negbinomial,0.28773770824297945,True
GGTTAGGCTTGGAGAA-1,5632.0,5925.0,L3,0,0.1838518994766175,1,bisquare,7265,1.0,negbinomial,0.28773770824297945,True
GGTTAGTTACGGCGCC-1,4737.0,5803.0,L3,0,0.3812750923592329,1,bisquare,7265,1.0,negbinomial,0.28773770824297945,True
GGTTCCACCCGCTTCT-1,9356.0,2820.0,L3,0,0.4347648597462944,1,bisquare,7265,1.0,negbinomial,0.28773770824297945,True
GGTTCTACTCGTCTGA-1,10378.0,7254.0,L3,0,0.27794564835200763,1,bisquare,7265,1.0,negbinomial,0.28773770824297945,True
GGTTGTGCTCTTGTCC-1,3844.0,5442.0,L3,0,0.15841682333713206,1,bisquare,7265,1.0,negbinomial,0.28773770824297945,True
GGTTGTGTAGCCTGGC-1,4047.0,6520.0,L3,0,0.3790253261849018,1,bisquare,7265,1.0,negbinomial,0.28773770824297945,True
GGTTTAATTACCATCG-1,5828.0,10117.0,WM,4,0.19408627640911968,1,bisquare,7265,1.0,negbinomial,0.28773770824297945,True
GGTTTAATTGAGCAGG-1,11139.0,5699.0,L3,0,0.10983899429307971,1,bisquare,7265,1.0,negbinomial,0.28773770824297945,True
GGTTTACAATCTCAAT-1,8179.0,5572.0,L3,0,0.5344148844393821,1,bisquare,7265,1.0,negbinomial,0.28773770824297945,True
GGTTTAGCCTTTCTTG-1,10169.0,8092.0,L3,0,0.3995349707362818,1,bisquare,7265,1.0,negbinomial,0.28773770824297945,True
GGTTTCAATCGGTCAG-1,9416.0,6533.0,L3,0,0.19932336577154022,1,bisquare,7265,1.0,negbinomial,0.28773770824297945,True
GGTTTGAGTGCTGGAA-1,6050.0,4010.0,L3,0,0.17915710950151284,1,bisquare,7265,1.0,negbinomial,0.28773770824297945,True
GGTTTGTGACCTGAGG-1,10372.0,9889.0,L5,2,0.19253475450969654,1,bisquare,7265,1.0,negbinomial,0.28773770824297945,True
GTAACATCTAAGATAA-1,10717.0,9291.0,L5,2,0.4383696822935169,1,bisquare,7265,1.0,negbinomial,0.28773770824297945,True
GTAACTGCCCAAGGAG-1,6309.0,10478.0,WM,4,0.13853151701247277,1,bisquare,7265,1.0,negbinomial,0.28773770824297945,True
GTAACTTGCGGCAGTC-1,5912.0,3770.0,L3,0,0.15373601484131552,1,bisquare,7265,1.0,negbinomial,0.28773770824297945,True
GTAAGCGGGCAGTCAG-1,7492.0,5331.0,L3,0,0.4527715897058012,1,bisquare,7265,1.0,negbinomial,0.28773770824297945,True
GTAAGGATTTGTCGGA-1,7840.0,3775.0,L3,0,0.188473312733156,1,bisquare,7265,1.0,negbinomial,0.28773770824297945,True
GTAAGTAACAGTCTGG-1,8795.0,7370.0,L3,0,0.42968274042864624,1,bisquare,7265,1.0,negbinomial,0.28773770824297945,True
GTAAGTAGGGTATACC-1,5633.0,5686.0,L3,0,0.35201659910471417,1,bisquare,7265,1.0,negbinomial,0.28773770824297945,True
GTAAGTCCACACTCTA-1,11340.0,7735.0,L3,0,0.33077528350900864,1,bisquare,7265,1.0,negbinomial,0.28773770824297945,True
GTAATAAAGGGCTCCC-1,10243.0,6296.0,L3,0,0.37616379603576583,1,bisquare,7265,1.0,negbinomial,0.28773770824297945,True
GTAATCTGATTCTTCG-1,6176.0,8561.0,L5,2,0.25829465088039594,1,bisquare,7265,1.0,negbinomial,0.28773770824297945,True
GTACACTTACCTGAAG-1,7557.0,6888.0,L3,0,0.5469917635484005,1,bisquare,7265,1.0,negbinomial,0.28773770824297945,True
GTACAGAGGCAAGGGT-1,8864.0,7011.0,L3,0,0.3954589192350636,1,bisquare,7265,1.0,negbinomial,0.28773770824297945,True
GTACGACGGCGCTGCG-1,4948.0,4007.0,L3,0,0.18870695913781338,1,bisquare,7265,1.0,negbinomial,0.28773770824297945,True
GTACGAGATTGCGACA-1,7079.0,5090.0,L3,0,0.2456137099219149,1,bisquare,7265,1.0,negbinomial,0.28773770824297945,True
GTACGCTTCATTGCAC-1,8105.0,8087.0,L5,2,0.27860285694196063,1,bisquare,7265,1.0,negbinomial,0.28773770824297945,True
GTACGTTTGCCCGTCA-1,7830.0,7847.0,L5,2,0.19820281685749236,1,bisquare,7265,1.0,negbinomial,0.28773770824297945,True
GTACTAAGATTTGGAG-1,6940.0,5809.0,L3,0,0.2797998827770763,1,bisquare,7265,1.0,negbinomial,0.28773770824297945,True
GTACTCCCTTATCGCT-1,5079.0,6882.0,L3,0,0.3905381759445811,1,bisquare,7265,1.0,negbinomial,0.28773770824297945,True
GTACTCCTGGGTATGC-1,10175.0,5697.0,L3,0,0.08513592813604869,1,bisquare,7265,1.0,negbinomial,0.28773770824297945,True
GTACTGAGGTCGTAAC-1,6394.0,3891.0,L3,0,0.21008376092591236,1,bisquare,7265,1.0,negbinomial,0.28773770824297945,True
GTACTGCATGAAGCGT-1,5843.0,3890.0,L3,0,0.1325780989082217,1,bisquare,7265,1.0,negbinomial,0.28773770824297945,True
GTACTGGAGTTAGACC-1,8728.0,6531.0,L3,0,0.5232006163399952,1,bisquare,7265,1.0,negbinomial,0.28773770824297945,True
GTACTTGGGCACTTCT-1,5429.0,4607.0,L3,0,0.23701340488772266,1,bisquare,7265,1.0,negbinomial,0.28773770824297945,True
GTAGAAACGGGTGGAG-1,4257.0,5443.0,L3,0,0.18853305943074505,1,bisquare,7265,1.0,negbinomial,0.28773770824297945,True
GTAGACAACCGATGAA-1,6946.0,3413.0,L3,0,0.4118639657837024,1,bisquare,7265,1.0,negbinomial,0.28773770824297945,True
GTAGACACGCCTGACT-1,7756.0,10122.0,WM,4,0.20048572752386015,1,bisquare,7265,1.0,negbinomial,0.28773770824297945,True
GTAGACGTCGTTACAT-1,5843.0,4129.0,L3,0,0.197605538180959,1,bisquare,7265,1.0,negbinomial,0.28773770824297945,True
GTAGAGGGAGACAAGT-1,5281.0,8679.0,L5,2,0.28798154939525816,1,bisquare,7265,1.0,negbinomial,0.28773770824297945,True
GTAGCCAAACATGGGA-1,7966.0,8566.0,L5,2,0.24722438186408882,1,bisquare,7265,1.0,negbinomial,0.28773770824297945,True
GTAGCGCTGTTGTAGT-1,6602.0,3293.0,L3,0,0.20634676956127304,1,bisquare,7265,1.0,negbinomial,0.28773770824297945,True
GTAGCGGCTATACACT-1,7900.0,7248.0,L3,0,0.5798663940676725,1,bisquare,7265,1.0,negbinomial,0.28773770824297945,True
GTAGCTCCGGGAGGCT-1,5690.0,10357.0,WM,4,0.21888607784495304,1,bisquare,7265,1.0,negbinomial,0.28773770824297945,True
GTAGCTTCCTCTTGTT-1,9279.0,6293.0,L3,0,0.19542798042881473,1,bisquare,7265,1.0,negbinomial,0.28773770824297945,True
GTAGGTGATCCGTGTA-1,8595.0,4615.0,L3,0,0.30335628457409314,1,bisquare,7265,1.0,negbinomial,0.28773770824297945,True
GTAGTCGCGGGAATCA-1,8723.0,8448.0,L5,2,0.260178959240777,1,bisquare,7265,1.0,negbinomial,0.28773770824297945,True
GTAGTCTACGATATTG-1,8444.0,10124.0,WM,4,0.26511780035082555,1,bisquare,7265,1.0,negbinomial,0.28773770824297945,True
GTAGTTCGAAGGCGAA-1,5828.0,10357.0,WM,4,0.1763307404021494,1,bisquare,7265,1.0,negbinomial,0.28773770824297945,True
GTATAATCTCCCGGAT-1,3984.0,4244.0,L3,0,0.17073286601101875,1,bisquare,7265,1.0,negbinomial,0.28773770824297945,True
GTATAGGACTCAGTAG-1,7148.0,4971.0,L3,0,0.17977364569994714,1,bisquare,7265,1.0,negbinomial,0.28773770824297945,True
GTATAGTGGCCCATGT-1,9493.0,3060.0,L3,0,0.2583591460859269,1,bisquare,7265,1.0,negbinomial,0.28773770824297945,True
GTATCAAACGTTAGCT-1,9823.0,9169.0,L5,2,0.46478172018504327,1,bisquare,7265,1.0,negbinomial,0.28773770824297945,True
GTATCAGCTTGGGTTC-1,5497.0,4967.0,L3,0,0.1827673443109283,1,bisquare,7265,1.0,negbinomial,0.28773770824297945,True
GTATCCTTTGGTAACC-1,9476.0,10246.0,L6,3,0.1598341969527728,1,bisquare,7265,1.0,negbinomial,0.28773770824297945,True
GTATCTCAGTCTTGAC-1,4660.0,9516.0,L6,3,0.3917589700988731,1,bisquare,7265,1.0,negbinomial,0.28773770824297945,True
GTATCTTTCATAACCA-1,7692.0,8086.0,L5,2,0.24688758169577368,1,bisquare,7265,1.0,negbinomial,0.28773770824297945,True
GTATGAAATTTCACTC-1,4661.0,8797.0,L5,2,0.26045348754568337,1,bisquare,7265,1.0,negbinomial,0.28773770824297945,True
GTATGACGTGGGAAAC-1,5156.0,3409.0,L3,0,0.10530536569505554,1,bisquare,7265,1.0,negbinomial,0.28773770824297945,True
GTATGTGGGTCTAGTT-1,9483.0,7132.0,L3,0,0.3163155644423317,1,bisquare,7265,1.0,negbinomial,0.28773770824297945,True
GTATTAAGGCGTCTAA-1,4946.0,4965.0,L3,0,0.2613185147440456,1,bisquare,7265,1.0,negbinomial,0.28773770824297945,True
GTATTCTGAGAAACGA-1,5764.0,8321.0,L5,2,0.3359606428626006,1,bisquare,7265,1.0,negbinomial,0.28773770824297945,True
GTATTTAATGGCATAA-1,11407.0,8813.0,L3,0,0.3636759024965235,1,bisquare,7265,1.0,negbinomial,0.28773770824297945,True
GTCAAAGAAGTGGTGT-1,4385.0,9276.0,L6,3,0.24194598904484496,1,bisquare,7265,1.0,negbinomial,0.28773770824297945,True
GTCAAAGTTTACATAG-1,5154.0,4128.0,L3,0,0.2048655070765788,1,bisquare,7265,1.0,negbinomial,0.28773770824297945,True
GTCAAGCGGACTCGGG-1,8451.0,7249.0,L3,0,0.2527300028012217,1,bisquare,7265,1.0,negbinomial,0.28773770824297945,True
GTCAATGCTATAATTT-1,11415.0,5220.0,L3,0,0.0710201018735881,1,bisquare,7265,1.0,negbinomial,0.28773770824297945,True
GTCAATTGTACTGAAG-1,6258.0,3172.0,L3,0,0.15203954731549912,1,bisquare,7265,1.0,negbinomial,0.28773770824297945,True
GTCACAAAGTTTCCAA-1,7358.0,3654.0,L3,0,0.2742820855316025,1,bisquare,7265,1.0,negbinomial,0.28773770824297945,True
GTCACCTGTCTATGTC-1,9838.0,2941.0,L3,0,0.2137591624080686,1,bisquare,7265,1.0,negbinomial,0.28773770824297945,True
GTCACTCTCCAAATCT-1,5289.0,5325.0,L3,0,0.32672370546607904,1,bisquare,7265,1.0,negbinomial,0.28773770824297945,True
GTCAGAATAGTCTATG-1,5356.0,6164.0,L3,0,0.23734263763469718,1,bisquare,7265,1.0,negbinomial,0.28773770824297945,True
GTCAGTTGTGCTCGTT-1,8046.0,3655.0,L3,0,0.25744808927415636,1,bisquare,7265,1.0,negbinomial,0.28773770824297945,True
GTCAGTTTGGTAGTCG-1,4049.0,6041.0,L3,0,0.19641447731426143,1,bisquare,7265,1.0,negbinomial,0.28773770824297945,True
GTCATGCACCTCCGTT-1,7352.0,6049.0,L3,0,0.22666104038450377,1,bisquare,7265,1.0,negbinomial,0.28773770824297945,True
GTCATGGACATGACTA-1,7422.0,5690.0,L3,0,0.3909510879392965,1,bisquare,7265,1.0,negbinomial,0.28773770824297945,True
GTCATTAGAGCGAACG-1,7763.0,7008.0,L3,0,0.3292386614415732,1,bisquare,7265,1.0,negbinomial,0.28773770824297945,True
GTCATTGCATTGACCC-1,4323.0,6281.0,L3,0,0.32728808338319004,1,bisquare,7265,1.0,negbinomial,0.28773770824297945,True
GTCCAATATTTAGCCT-1,6791.0,10359.0,WM,4,0.09858432675903994,1,bisquare,7265,1.0,negbinomial,0.28773770824297945,True
GTCCATTACTGCTACG-1,10446.0,7613.0,L3,0,0.36948860058432215,1,bisquare,7265,1.0,negbinomial,0.28773770824297945,True
GTCCCAACGTAAAGTA-1,8177.0,6530.0,L3,0,0.31474075495372345,1,bisquare,7265,1.0,negbinomial,0.28773770824297945,True
GTCCCGCGACGTTATG-1,8789.0,9526.0,L6,3,0.27837051374526117,1,bisquare,7265,1.0,negbinomial,0.28773770824297945,True
GTCCGAGAGCAATCAT-1,3704.0,6400.0,L3,0,0.2113692551109144,1,bisquare,7265,1.0,negbinomial,0.28773770824297945,True
GTCCGGACCTGAAATT-1,9204.0,9048.0,L5,2,0.512261182807856,1,bisquare,7265,1.0,negbinomial,0.28773770824297945,True
GTCCGGCTGAATTGCG-1,6733.0,5928.0,L3,0,0.3585073190808722,1,bisquare,7265,1.0,negbinomial,0.28773770824297945,True
GTCCTACAGGCGGCTC-1,4258.0,4724.0,L3,0,0.14725447744985826,1,bisquare,7265,1.0,negbinomial,0.28773770824297945,True
GTCCTACGAATAGTCT-1,9410.0,8928.0,L5,2,0.5344405661755751,1,bisquare,7265,1.0,negbinomial,0.28773770824297945,True
GTCCTATTGTTGTGGT-1,3636.0,6040.0,L3,0,0.09819437666160784,1,bisquare,7265,1.0,negbinomial,0.28773770824297945,True
GTCCTTCTACAACCCA-1,3569.0,5202.0,L3,0,0.09517651093301453,1,bisquare,7265,1.0,negbinomial,0.28773770824297945,True
GTCCTTCTAGTGGGTT-1,8803.0,3777.0,L3,0,0.34599311403553895,1,bisquare,7265,1.0,negbinomial,0.28773770824297945,True
GTCCTTTAATGACTTC-1,10318.0,3541.0,L3,0,0.47178487416804293,1,bisquare,7265,1.0,negbinomial,0.28773770824297945,True
GTCGATAGGTGACTTT-1,11475.0,8933.0,L3,0,0.25321416792082063,1,bisquare,7265,1.0,negbinomial,0.28773770824297945,True
GTCGCCGTTGTGTGTT-1,6105.0,9399.0,L6,3,0.3446062313457181,1,bisquare,7265,1.0,negbinomial,0.28773770824297945,True
GTCGCGTAACCCGTTG-1,8313.0,7249.0,L3,0,0.5276003178891857,1,bisquare,7265,1.0,negbinomial,0.28773770824297945,True
GTCGGATATCTCAGAC-1,5631.0,6404.0,L3,0,0.22665012136055737,1,bisquare,7265,1.0,negbinomial,0.28773770824297945,True
GTCGGATGTAGCGCGC-1,8457.0,4615.0,L3,0,0.33198858334246556,1,bisquare,7265,1.0,negbinomial,0.28773770824297945,True
GTCGGGAAGCAGAAAC-1,7619.0,9643.0,WM,4,0.49507615677137373,1,bisquare,7265,1.0,negbinomial,0.28773770824297945,True
GTCGTACCATCTCGGG-1,7416.0,8085.0,L5,2,0.20883871588563582,1,bisquare,7265,1.0,negbinomial,0.28773770824297945,True
GTCGTACCTACGATTG-1,3771.0,6999.0,L3,0,0.20784201404637132,1,bisquare,7265,1.0,negbinomial,0.28773770824297945,True
GTCGTATTGGCGTACA-1,9695.0,4857.0,L3,0,0.33706501880479894,1,bisquare,7265,1.0,negbinomial,0.28773770824297945,True
GTCGTCAATTATAAGG-1,6256.0,3891.0,L3,0,0.25287586610476626,1,bisquare,7265,1.0,negbinomial,0.28773770824297945,True
GTCGTCTGGTTGGCTA-1,11551.0,6179.0,L3,0,0.05535724373835188,1,bisquare,7265,1.0,negbinomial,0.28773770824297945,True
GTCGTGTCTGGTCATC-1,10725.0,5937.0,L3,0,0.026266766308415918,1,bisquare,7265,1.0,negbinomial,0.28773770824297945,True
GTCGTTATTCGCTTAT-1,8380.0,8087.0,L5,2,0.1699727816845787,1,bisquare,7265,1.0,negbinomial,0.28773770824297945,True
GTCTACTCAATTACAA-1,4046.0,6999.0,L3,0,0.4392073036849102,1,bisquare,7265,1.0,negbinomial,0.28773770824297945,True
GTCTATCTGAGTTTCT-1,6041.0,7363.0,L5,2,0.377663984876927,1,bisquare,7265,1.0,negbinomial,0.28773770824297945,True
GTCTATTGGTTCCGGT-1,9342.0,8569.0,L5,2,0.2693504814314361,1,bisquare,7265,1.0,negbinomial,0.28773770824297945,True
GTCTCAAGGCCCGGCT-1,7688.0,9762.0,WM,4,0.17637527551092735,1,bisquare,7265,1.0,negbinomial,0.28773770824297945,True
GTCTCCTGCCAGTATG-1,4040.0,9634.0,L6,3,0.3479168139068347,1,bisquare,7265,1.0,negbinomial,0.28773770824297945,True
GTCTCGACTAAGTTTG-1,10795.0,5578.0,L3,0,0.11399544242236967,1,bisquare,7265,1.0,negbinomial,0.28773770824297945,True
GTCTCGATCTGCTTTC-1,8663.0,4974.0,L3,0,0.18524212385849564,1,bisquare,7265,1.0,negbinomial,0.28773770824297945,True
GTCTGGGCGGTCGAGA-1,6177.0,8082.0,L5,2,0.3171955510449233,1,bisquare,7265,1.0,negbinomial,0.28773770824297945,True
GTCTTAGTACAGCCGG-1,8527.0,4016.0,L3,0,0.20523616807949657,1,bisquare,7265,1.0,negbinomial,0.28773770824297945,True
GTCTTGAGGAGCAGTG-1,11135.0,7136.0,L3,0,0.2845214821019534,1,bisquare,7265,1.0,negbinomial,0.28773770824297945,True
GTCTTGTAGCTATTCA-1,10858.0,7854.0,L3,0,0.1798934981112273,1,bisquare,7265,1.0,negbinomial,0.28773770824297945,True
GTGAAACGGCGCCACC-1,9212.0,5455.0,L3,0,0.3083013835437465,1,bisquare,7265,1.0,negbinomial,0.28773770824297945,True
GTGAAACGTGCTCCAC-1,5706.0,3889.0,L3,0,0.19374420268350562,1,bisquare,7265,1.0,negbinomial,0.28773770824297945,True
GTGAACTCCCATTCGA-1,10312.0,6176.0,L3,0,0.17821370233113315,1,bisquare,7265,1.0,negbinomial,0.28773770824297945,True
GTGAAGATTTCAAGTG-1,10245.0,5098.0,L3,0,0.23634642259838437,1,bisquare,7265,1.0,negbinomial,0.28773770824297945,True
GTGAAGCCGTATAGTC-1,10521.0,5099.0,L3,0,0.25206737415831,1,bisquare,7265,1.0,negbinomial,0.28773770824297945,True
GTGACAGCTTCCCACT-1,8237.0,10243.0,WM,4,0.18080029213513524,1,bisquare,7265,1.0,negbinomial,0.28773770824297945,True
GTGACCGCACACTACG-1,9414.0,7252.0,L3,0,0.5218284240157357,1,bisquare,7265,1.0,negbinomial,0.28773770824297945,True
GTGACCTAAAGAATAA-1,11688.0,6179.0,L3,0,0.07609918476969955,1,bisquare,7265,1.0,negbinomial,0.28773770824297945,True
GTGACGAGGGTGACCC-1,10999.0,6417.0,L3,0,0.1461630944751681,1,bisquare,7265,1.0,negbinomial,0.28773770824297945,True
GTGACGCAGGTTTCAT-1,8306.0,10363.0,WM,4,0.15478502830295823,1,bisquare,7265,1.0,negbinomial,0.28773770824297945,True
GTGACTTCAGTAGTGC-1,6590.0,8083.0,L5,2,0.2602652343763909,1,bisquare,7265,1.0,negbinomial,0.28773770824297945,True
GTGAGCGTGCTGCACT-1,4873.0,6522.0,L3,0,0.3276631449550884,1,bisquare,7265,1.0,negbinomial,0.28773770824297945,True
GTGAGGACACTTAAGG-1,8450.0,7489.0,L3,0,0.33989000538617126,1,bisquare,7265,1.0,negbinomial,0.28773770824297945,True
GTGAGGAGCGGTTGAG-1,9147.0,4137.0,L3,0,0.4321622742133998,1,bisquare,7265,1.0,negbinomial,0.28773770824297945,True
GTGAGTCTAAGACGGA-1,3912.0,5562.0,L3,0,0.17594996562937384,1,bisquare,7265,1.0,negbinomial,0.28773770824297945,True
GTGAGTGGTACAACGC-1,7002.0,8803.0,L6,3,0.2730462667272487,1,bisquare,7265,1.0,negbinomial,0.28773770824297945,True
GTGATCAAGCGTGCAC-1,5002.0,10355.0,WM,4,0.32129721896939656,1,bisquare,7265,1.0,negbinomial,0.28773770824297945,True
GTGATCACTAACGCCT-1,9825.0,8211.0,L4,1,0.26701770582506706,1,bisquare,7265,1.0,negbinomial,0.28773770824297945,True
GTGATCATAGATCTGC-1,7072.0,7965.0,L5,2,0.3173626798212326,1,bisquare,7265,1.0,negbinomial,0.28773770824297945,True
GTGATCCTTGTCATGA-1,8926.0,10005.0,L6,3,0.1059442681139547,1,bisquare,7265,1.0,negbinomial,0.28773770824297945,True
GTGATGCACAACATCT-1,9766.0,4019.0,L3,0,0.31011784295017936,1,bisquare,7265,1.0,negbinomial,0.28773770824297945,True
GTGATTCGCCGCTCAA-1,5901.0,8321.0,L5,2,0.32307743127852456,1,bisquare,7265,1.0,negbinomial,0.28773770824297945,True
GTGCAACAAATGTGGC-1,7426.0,4253.0,L3,0,0.3692446949131442,1,bisquare,7265,1.0,negbinomial,0.28773770824297945,True
GTGCACCAGCTTCAAC-1,6860.0,10479.0,WM,4,0.1531202640350782,1,bisquare,7265,1.0,negbinomial,0.28773770824297945,True
GTGCACGAAAGTGACT-1,8044.0,4614.0,L3,0,0.24741465456510883,1,bisquare,7265,1.0,negbinomial,0.28773770824297945,True
GTGCAGCGTAGAGTAG-1,11682.0,8814.0,L3,0,0.41456350929947344,1,bisquare,7265,1.0,negbinomial,0.28773770824297945,True
GTGCCATCACACGGTG-1,5490.0,7601.0,L5,2,0.13507473527423902,1,bisquare,7265,1.0,negbinomial,0.28773770824297945,True
GTGCCCGTTCGGATTC-1,9001.0,7251.0,L3,0,0.43800754516634127,1,bisquare,7265,1.0,negbinomial,0.28773770824297945,True
GTGCCGCTTCAAAGGT-1,6178.0,7843.0,L5,2,0.4792695782748989,1,bisquare,7265,1.0,negbinomial,0.28773770824297945,True
GTGCCTCAGTGTACGG-1,9560.0,3899.0,L3,0,0.23179492297338092,1,bisquare,7265,1.0,negbinomial,0.28773770824297945,True
GTGCGAAATCGAACAC-1,6109.0,7962.0,L5,2,0.4036227659508838,1,bisquare,7265,1.0,negbinomial,0.28773770824297945,True
GTGCGACAGGGAGTGT-1,10035.0,6894.0,L3,0,0.289954959288493,1,bisquare,7265,1.0,negbinomial,0.28773770824297945,True
GTGCGGGACCATCGGC-1,5914.0,3291.0,L3,0,0.13629818054345363,1,bisquare,7265,1.0,negbinomial,0.28773770824297945,True
GTGCGGGTCTCCAAAT-1,7011.0,4970.0,L3,0,0.4630737122493827,1,bisquare,7265,1.0,negbinomial,0.28773770824297945,True
GTGCGTGTATATGAGC-1,8863.0,7490.0,L3,0,0.3054668707060085,1,bisquare,7265,1.0,negbinomial,0.28773770824297945,True
GTGCTCAAGTACTGTC-1,6731.0,6646.0,L3,0,0.3646450330551058,1,bisquare,7265,1.0,negbinomial,0.28773770824297945,True
GTGCTTACATCAGCGC-1,11133.0,8094.0,L3,0,0.3517435998077296,1,bisquare,7265,1.0,negbinomial,0.28773770824297945,True
GTGGAACCTACATGCG-1,8733.0,4376.0,L3,0,0.32114843311086144,1,bisquare,7265,1.0,negbinomial,0.28773770824297945,True
GTGGACCAACCCGATT-1,5145.0,7960.0,L5,2,0.17931962431360557,1,bisquare,7265,1.0,negbinomial,0.28773770824297945,True
GTGGACGCATTTGTCC-1,7551.0,9283.0,L6,3,0.2521359010948035,1,bisquare,7265,1.0,negbinomial,0.28773770824297945,True
GTGGACGTGCTGAGAC-1,5842.0,4608.0,L3,0,0.40516314809432835,1,bisquare,7265,1.0,negbinomial,0.28773770824297945,True
GTGGAGCATGTCGGCC-1,11755.0,7018.0,L3,0,0.14632399191965031,1,bisquare,7265,1.0,negbinomial,0.28773770824297945,True
GTGGAGCGTTTACCGA-1,4247.0,9515.0,L6,3,0.20730305652841247,1,bisquare,7265,1.0,negbinomial,0.28773770824297945,True
GTGGAGTCGGCGGTTG-1,5762.0,9039.0,L6,3,0.3520885422510128,1,bisquare,7265,1.0,negbinomial,0.28773770824297945,True
GTGGCAAACAGCGGCA-1,4524.0,8557.0,L5,2,0.20572638068350463,1,bisquare,7265,1.0,negbinomial,0.28773770824297945,True
GTGGCCTAATATCATT-1,3221.0,6758.0,L3,0,0.26318552530989486,1,bisquare,7265,1.0,negbinomial,0.28773770824297945,True
GTGGCGGTCCCAGCGT-1,4527.0,7360.0,L4,1,0.27730097838115153,1,bisquare,7265,1.0,negbinomial,0.28773770824297945,True
GTGGCGTGCACCAGAG-1,10114.0,2702.0,L3,0,0.37408003776459436,1,bisquare,7265,1.0,negbinomial,0.28773770824297945,True
GTGGGAAGACTGAATC-1,4182.0,7958.0,L5,2,0.31011333766018223,1,bisquare,7265,1.0,negbinomial,0.28773770824297945,True
GTGGGCTTAGACACAC-1,5838.0,6045.0,L3,0,0.22936173683010683,1,bisquare,7265,1.0,negbinomial,0.28773770824297945,True
GTGGTATAGTCTGCCG-1,5968.0,9399.0,L6,3,0.3309463993890469,1,bisquare,7265,1.0,negbinomial,0.28773770824297945,True
GTGGTCAGCGAAGTAT-1,9492.0,3539.0,L3,0,0.2784235979937998,1,bisquare,7265,1.0,negbinomial,0.28773770824297945,True
GTGGTGGCCAAGTGAA-1,8587.0,7968.0,L4,1,0.3051655079040921,1,bisquare,7265,1.0,negbinomial,0.28773770824297945,True
GTGGTTACTTCTTTCG-1,10380.0,6296.0,L3,0,0.19572212745581213,1,bisquare,7265,1.0,negbinomial,0.28773770824297945,True
GTGGTTTCCGCCTTTC-1,5353.0,7601.0,L5,2,0.14871166167284536,1,bisquare,7265,1.0,negbinomial,0.28773770824297945,True
GTGTACCTTGGCTACG-1,8523.0,5693.0,L3,0,0.21923517192242326,1,bisquare,7265,1.0,negbinomial,0.28773770824297945,True
GTGTATATCAGCGGGC-1,8376.0,9525.0,L6,3,0.3257050327761515,1,bisquare,7265,1.0,negbinomial,0.28773770824297945,True
GTGTCCGATAAGGCAT-1,9906.0,3061.0,L3,0,0.3411436516423755,1,bisquare,7265,1.0,negbinomial,0.28773770824297945,True
GTGTCGTATAGCGTTC-1,8378.0,9046.0,L5,2,0.09538772476163389,1,bisquare,7265,1.0,negbinomial,0.28773770824297945,True
GTGTGAATAACTTAGG-1,8865.0,6532.0,L3,0,0.4320409898182881,1,bisquare,7265,1.0,negbinomial,0.28773770824297945,True
GTGTTACTATGCGTCC-1,8313.0,7489.0,L3,0,0.5534044528703361,1,bisquare,7265,1.0,negbinomial,0.28773770824297945,True
GTTAAAGTAGGACTGG-1,8861.0,8448.0,L5,2,0.27023617128891797,1,bisquare,7265,1.0,negbinomial,0.28773770824297945,True
GTTAACATCACTTAAA-1,8171.0,9165.0,L6,3,0.4230065144189896,1,bisquare,7265,1.0,negbinomial,0.28773770824297945,True
GTTAACTATGTTGTCA-1,10790.0,7734.0,L3,0,0.4161599471668273,1,bisquare,7265,1.0,negbinomial,0.28773770824297945,True
GTTAAGGGTGCGATGT-1,8031.0,9883.0,WM,4,0.4629617627622183,1,bisquare,7265,1.0,negbinomial,0.28773770824297945,True
GTTAAGTTAGAGTGGG-1,11136.0,6896.0,L3,0,0.19717287512866394,1,bisquare,7265,1.0,negbinomial,0.28773770824297945,True
GTTAATGTCTATCTTA-1,3979.0,6161.0,L3,0,0.24103738599009167,1,bisquare,7265,1.0,negbinomial,0.28773770824297945,True
GTTACAATTGGTGACG-1,5423.0,7002.0,L4,1,0.30896332850476715,1,bisquare,7265,1.0,negbinomial,0.28773770824297945,True
GTTACCTACAACTTGC-1,7760.0,8206.0,L5,2,0.2820727933891588,1,bisquare,7265,1.0,negbinomial,0.28773770824297945,True
GTTACTTTGGGCCTAG-1,6660.0,7724.0,L5,2,0.3834795752158538,1,bisquare,7265,1.0,negbinomial,0.28773770824297945,True
GTTAGAGTGTGCCGCT-1,8322.0,3417.0,L3,0,0.25800465709707504,1,bisquare,7265,1.0,negbinomial,0.28773770824297945,True
GTTAGCCGTAAATCAA-1,10725.0,6177.0,L3,0,0.2484144546234222,1,bisquare,7265,1.0,negbinomial,0.28773770824297945,True
GTTAGGCTACCCGTTT-1,4110.0,9035.0,L5,2,0.2293609611113978,1,bisquare,7265,1.0,negbinomial,0.28773770824297945,True
GTTATAATACGGTGAA-1,10512.0,8931.0,L4,1,0.4768312074463033,1,bisquare,7265,1.0,negbinomial,0.28773770824297945,True
GTTATATCAGGAGCCA-1,11071.0,5339.0,L3,0,0.20406302882960944,1,bisquare,7265,1.0,negbinomial,0.28773770824297945,True
GTTATATTATCTCCCT-1,7003.0,8324.0,L5,2,0.3711877500162812,1,bisquare,7265,1.0,negbinomial,0.28773770824297945,True
GTTATCACCTTCTGAA-1,7153.0,3294.0,L3,0,0.259121605418379,1,bisquare,7265,1.0,negbinomial,0.28773770824297945,True
GTTATTAAATACGACC-1,9012.0,2939.0,L3,0,0.1652850986557397,1,bisquare,7265,1.0,negbinomial,0.28773770824297945,True
GTTATTAACGTGGGAG-1,4395.0,5204.0,L3,0,0.2339157256895566,1,bisquare,7265,1.0,negbinomial,0.28773770824297945,True
GTTCAATCTATGTCAA-1,8943.0,3059.0,L3,0,0.34054014806914323,1,bisquare,7265,1.0,negbinomial,0.28773770824297945,True
GTTCACAGGAGTCTAG-1,5493.0,6404.0,L3,0,0.3031962416522105,1,bisquare,7265,1.0,negbinomial,0.28773770824297945,True
GTTCATCGTTTGGCTG-1,10380.0,6535.0,L3,0,0.2556320312819271,1,bisquare,7265,1.0,negbinomial,0.28773770824297945,True
GTTCCAGTCTGACCAT-1,6805.0,4611.0,L3,0,0.4200906311813515,1,bisquare,7265,1.0,negbinomial,0.28773770824297945,True
GTTCCCGTAAACATAT-1,11336.0,9652.0,L5,2,0.29791721223416145,1,bisquare,7265,1.0,negbinomial,0.28773770824297945,True
GTTCGCCATAAGTGCC-1,6799.0,7006.0,L4,1,0.2429090194299435,1,bisquare,7265,1.0,negbinomial,0.28773770824297945,True
GTTCGCTGAGACGTCT-1,10649.0,8931.0,L4,1,0.47711769105670515,1,bisquare,7265,1.0,negbinomial,0.28773770824297945,True
GTTCGGATCGGGAACA-1,10721.0,7854.0,L3,0,0.5192411131161285,1,bisquare,7265,1.0,negbinomial,0.28773770824297945,True
GTTCGGGCGTACCATT-1,10586.0,6416.0,L3,0,0.1335603236578429,1,bisquare,7265,1.0,negbinomial,0.28773770824297945,True
GTTCGTCTAAAGAACT-1,9273.0,8688.0,L5,2,0.4825717782867886,1,bisquare,7265,1.0,negbinomial,0.28773770824297945,True
GTTCGTCTGGGTCCCT-1,11347.0,5101.0,L3,0,0.09196628292536173,1,bisquare,7265,1.0,negbinomial,0.28773770824297945,True
GTTCTTCCCTCGATGT-1,6668.0,4371.0,L3,0,0.19951183207403533,1,bisquare,7265,1.0,negbinomial,0.28773770824297945,True
GTTGAACCGGTTCCAT-1,5903.0,7602.0,L5,2,0.28081759487364755,1,bisquare,7265,1.0,negbinomial,0.28773770824297945,True
GTTGAGTCCCGCCGGT-1,8516.0,8806.0,L5,2,0.2415404770529831,1,bisquare,7265,1.0,negbinomial,0.28773770824297945,True
GTTGCACGGAGTTTCG-1,6459.0,5448.0,L3,0,0.23599719557848872,1,bisquare,7265,1.0,negbinomial,0.28773770824297945,True
GTTGCGCTAACATTAC-1,11341.0,7496.0,L3,0,0.47632244614013414,1,bisquare,7265,1.0,negbinomial,0.28773770824297945,True
GTTGCGGACGGTCAGG-1,11338.0,8933.0,L4,1,0.31442427807972706,1,bisquare,7265,1.0,negbinomial,0.28773770824297945,True
GTTGGACCGCATCAGG-1,11141.0,4980.0,L3,0,0.15335674812419917,1,bisquare,7265,1.0,negbinomial,0.28773770824297945,True
GTTGGATTCAGTGGCT-1,9765.0,4498.0,L3,0,0.22180378930640607,1,bisquare,7265,1.0,negbinomial,0.28773770824297945,True
GTTGGATTGAGAACAC-1,9210.0,6413.0,L3,0,0.25138154254998457,1,bisquare,7265,1.0,negbinomial,0.28773770824297945,True
GTTGGATTTGCGTTGG-1,6593.0,6886.0,L3,0,0.4433910385938505,1,bisquare,7265,1.0,negbinomial,0.28773770824297945,True
GTTGGTCATGCTATCC-1,7483.0,9163.0,L6,3,0.44040839850744634,1,bisquare,7265,1.0,negbinomial,0.28773770824297945,True
GTTGTCGTGTTAGTTG-1,6393.0,4370.0,L3,0,0.1105420955966444,1,bisquare,7265,1.0,negbinomial,0.28773770824297945,True
GTTTACGTTCCATCTG-1,7553.0,8325.0,L5,2,0.24010275721975555,1,bisquare,7265,1.0,negbinomial,0.28773770824297945,True
GTTTATGGGATTTAGA-1,3706.0,5202.0,L3,0,0.11779274435169547,1,bisquare,7265,1.0,negbinomial,0.28773770824297945,True
GTTTCAAACGAGTTGT-1,10647.0,9889.0,L5,2,0.23783819288695843,1,bisquare,7265,1.0,negbinomial,0.28773770824297945,True
GTTTCATATCGTCGCT-1,5009.0,7241.0,L4,1,0.39625101332890755,1,bisquare,7265,1.0,negbinomial,0.28773770824297945,True
GTTTCCTGGAGGGTGA-1,6528.0,5568.0,L3,0,0.20226771295096624,1,bisquare,7265,1.0,negbinomial,0.28773770824297945,True
GTTTCTGCAGTCTCCC-1,8106.0,7368.0,L3,0,0.33375112370398746,1,bisquare,7265,1.0,negbinomial,0.28773770824297945,True
GTTTGACCAAATCCTA-1,7146.0,6168.0,L3,0,0.40189175922594095,1,bisquare,7265,1.0,negbinomial,0.28773770824297945,True
GTTTGGCCCAAGTTAT-1,8656.0,7609.0,L3,0,0.4426573812157571,1,bisquare,7265,1.0,negbinomial,0.28773770824297945,True
GTTTGGCCGCTCAGCG-1,5361.0,4008.0,L3,0,0.168110629131688,1,bisquare,7265,1.0,negbinomial,0.28773770824297945,True
GTTTGGGCTTGTGAGC-1,7621.0,8684.0,L5,2,0.23360777773707403,1,bisquare,7265,1.0,negbinomial,0.28773770824297945,True
GTTTGGGTTTCGCCCG-1,9407.0,10126.0,L6,3,0.18072627154133827,1,bisquare,7265,1.0,negbinomial,0.28773770824297945,True
GTTTGGTAGGGTCAAC-1,7208.0,8923.0,L6,3,0.28153860104971856,1,bisquare,7265,1.0,negbinomial,0.28773770824297945,True
GTTTGGTGATCGGTGC-1,5759.0,10476.0,WM,4,0.29235949287554386,1,bisquare,7265,1.0,negbinomial,0.28773770824297945,True
TAAACCCAGGAGGGCA-1,5624.0,9039.0,L6,3,0.4684189634569966,1,bisquare,7265,1.0,negbinomial,0.28773770824297945,True
TAAACGTCGTCAATGA-1,3983.0,4724.0,L3,0,0.2198580631398855,1,bisquare,7265,1.0,negbinomial,0.28773770824297945,True
TAAAGACAACCCTTTA-1,11272.0,7376.0,L3,0,0.44926070009848834,1,bisquare,7265,1.0,negbinomial,0.28773770824297945,True
TAAAGAGCCCGAAACC-1,6325.0,3771.0,L3,0,0.20912795965790618,1,bisquare,7265,1.0,negbinomial,0.28773770824297945,True
TAAAGCGGTATTTCCA-1,6517.0,10119.0,WM,4,0.17355349710931536,1,bisquare,7265,1.0,negbinomial,0.28773770824297945,True
TAAAGCGTTAGGAGAA-1,9211.0,5934.0,L3,0,0.305433806815171,1,bisquare,7265,1.0,negbinomial,0.28773770824297945,True
TAAAGCTGCAATAGGG-1,9834.0,4618.0,L3,0,0.26781414136379855,1,bisquare,7265,1.0,negbinomial,0.28773770824297945,True
TAAATCTTTACACCTC-1,11415.0,5460.0,L3,0,0.07545876480519655,1,bisquare,7265,1.0,negbinomial,0.28773770824297945,True
TAAATGAATCCGTTTC-1,5152.0,5325.0,L3,0,0.3351231334143568,1,bisquare,7265,1.0,negbinomial,0.28773770824297945,True
TAACAAAGGGAGAAGC-1,5565.0,5087.0,L3,0,0.27867157851916796,1,bisquare,7265,1.0,negbinomial,0.28773770824297945,True
TAACAATATTTGTTGC-1,4255.0,5922.0,L3,0,0.24061502254030828,1,bisquare,7265,1.0,negbinomial,0.28773770824297945,True
TAACAGCGTTTGTGCT-1,5691.0,10117.0,WM,4,0.40327260429296546,1,bisquare,7265,1.0,negbinomial,0.28773770824297945,True
TAACATACAATGTGGG-1,7969.0,7128.0,L3,0,0.5487911226970721,1,bisquare,7265,1.0,negbinomial,0.28773770824297945,True
TAACATACACGCGATC-1,4867.0,9157.0,L6,3,0.5442275993152108,1,bisquare,7265,1.0,negbinomial,0.28773770824297945,True
TAACCGCCCGCAGTGC-1,6532.0,3652.0,L3,0,0.2893012925409789,1,bisquare,7265,1.0,negbinomial,0.28773770824297945,True
TAACCTACCGTCCGAG-1,10104.0,6535.0,L3,0,0.28876872243298873,1,bisquare,7265,1.0,negbinomial,0.28773770824297945,True
TAACCTAGGGAGTCCA-1,10441.0,9769.0,L5,2,0.22053949657906996,1,bisquare,7265,1.0,negbinomial,0.28773770824297945,True
TAACGCTTTGAGAGCG-1,5150.0,5804.0,L3,0,0.30991350431582554,1,bisquare,7265,1.0,negbinomial,0.28773770824297945,True
TAACTATCGAAGGTCC-1,5495.0,5446.0,L3,0,0.2753440936309656,1,bisquare,7265,1.0,negbinomial,0.28773770824297945,True
TAACTATTACGCCAAA-1,10519.0,6057.0,L3,0,0.18653497479394016,1,bisquare,7265,1.0,negbinomial,0.28773770824297945,True
TAACTCATCCGCGCGG-1,6522.0,7724.0,L5,2,0.32021738461526383,1,bisquare,7265,1.0,negbinomial,0.28773770824297945,True
TAACTCCATGGAGGCT-1,5015.0,4846.0,L3,0,0.1691264909440744,1,bisquare,7265,1.0,negbinomial,0.28773770824297945,True
TAAGAGGGACAGGGAC-1,4452.0,10114.0,L6,3,0.2249461781672263,1,bisquare,7265,1.0,negbinomial,0.28773770824297945,True
TAAGCAGGCGACACGC-1,4460.0,6761.0,L3,0,0.35964708284544916,1,bisquare,7265,1.0,negbinomial,0.28773770824297945,True
TAAGCGCGAATCAAAT-1,4864.0,10355.0,WM,4,0.5682928903799092,1,bisquare,7265,1.0,negbinomial,0.28773770824297945,True
TAAGGAACTTGTGGGA-1,5911.0,4489.0,L3,0,0.2829918863452827,1,bisquare,7265,1.0,negbinomial,0.28773770824297945,True
TAAGGCAACATAAGAT-1,8042.0,5572.0,L3,0,0.5022587825691889,1,bisquare,7265,1.0,negbinomial,0.28773770824297945,True
TAAGGCATAACATCAA-1,6518.0,9400.0,L6,3,0.23954162643906365,1,bisquare,7265,1.0,negbinomial,0.28773770824297945,True
TAAGGCCCGTCACCCT-1,7962.0,10003.0,WM,4,0.21495218077677924,1,bisquare,7265,1.0,negbinomial,0.28773770824297945,True
TAAGGCTGAATCCCTC-1,9826.0,7971.0,L3,0,0.4460049880852568,1,bisquare,7265,1.0,negbinomial,0.28773770824297945,True
TAAGGGCCTGTCCGAT-1,9684.0,9408.0,L5,2,0.4332324670960564,1,bisquare,7265,1.0,negbinomial,0.28773770824297945,True
TAAGGGCTGGGAGAGG-1,4391.0,6641.0,L3,0,0.375833899897913,1,bisquare,7265,1.0,negbinomial,0.28773770824297945,True
TAAGTAAATGTGCCGC-1,9837.0,3181.0,L3,0,0.35614812202120094,1,bisquare,7265,1.0,negbinomial,0.28773770824297945,True
TAAGTAACATCTTGAC-1,5902.0,8082.0,L5,2,0.2340776876223398,1,bisquare,7265,1.0,negbinomial,0.28773770824297945,True
TAAGTCGCCGAGTATC-1,5349.0,9038.0,L6,3,0.29444162056801637,1,bisquare,7265,1.0,negbinomial,0.28773770824297945,True
TAAGTTGCGACGTAGG-1,9686.0,8929.0,L5,2,0.3638650540534933,1,bisquare,7265,1.0,negbinomial,0.28773770824297945,True
TAATAAACAAGGAGAT-1,9421.0,4617.0,L3,0,0.4357989979849278,1,bisquare,7265,1.0,negbinomial,0.28773770824297945,True
TAATACACAGTAGTAT-1,7561.0,4972.0,L3,0,0.26494377708279454,1,bisquare,7265,1.0,negbinomial,0.28773770824297945,True
TAATAGAACAGAGTTA-1,5763.0,8560.0,L5,2,0.31793058691776077,1,bisquare,7265,1.0,negbinomial,0.28773770824297945,True
TAATAGCTAAATGATG-1,11689.0,5700.0,L3,0,0.07294337134980093,1,bisquare,7265,1.0,negbinomial,0.28773770824297945,True
TAATAGGTCACCAGAA-1,4590.0,9875.0,L6,3,0.42469869528743703,1,bisquare,7265,1.0,negbinomial,0.28773770824297945,True
TAATAGTGACGACCAG-1,8867.0,5813.0,L3,0,0.19844576148533005,1,bisquare,7265,1.0,negbinomial,0.28773770824297945,True
TAATATTGAAATTCGC-1,6392.0,4610.0,L3,0,0.23097170129099737,1,bisquare,7265,1.0,negbinomial,0.28773770824297945,True
TAATCAACCAAATGGG-1,11751.0,8694.0,L3,0,0.2977316686573267,1,bisquare,7265,1.0,negbinomial,0.28773770824297945,True
TAATCGATCCGTACGT-1,9556.0,5575.0,L3,0,0.2029912319676777,1,bisquare,7265,1.0,negbinomial,0.28773770824297945,True
TAATGAAAGACCCTTG-1,4325.0,5563.0,L3,0,0.30192031377586864,1,bisquare,7265,1.0,negbinomial,0.28773770824297945,True
TAATTACGTCAGTAGA-1,10165.0,10008.0,L5,2,0.1713370932250693,1,bisquare,7265,1.0,negbinomial,0.28773770824297945,True
TAATTAGATGGATATG-1,5362.0,3769.0,L3,0,0.17502762783854892,1,bisquare,7265,1.0,negbinomial,0.28773770824297945,True
TAATTAGGACATCCGT-1,10584.0,7614.0,L3,0,0.33321839409410675,1,bisquare,7265,1.0,negbinomial,0.28773770824297945,True
TAATTGGAATCGGGAA-1,10384.0,4619.0,L3,0,0.49642400904648293,1,bisquare,7265,1.0,negbinomial,0.28773770824297945,True
TACAACGCACAACTCA-1,6523.0,7484.0,L5,2,0.2471836908725048,1,bisquare,7265,1.0,negbinomial,0.28773770824297945,True
TACAAGTCTCGTGCAT-1,5012.0,6283.0,L3,0,0.3328994696924662,1,bisquare,7265,1.0,negbinomial,0.28773770824297945,True
TACACCGTCGTTAGTC-1,11208.0,5579.0,L3,0,0.09969337043108562,1,bisquare,7265,1.0,negbinomial,0.28773770824297945,True
TACAGAAACGGTGGGC-1,8996.0,9646.0,L6,3,0.3516374798136714,1,bisquare,7265,1.0,negbinomial,0.28773770824297945,True
TACATAGGCATACACC-1,7280.0,7366.0,L4,1,0.2612346851474665,1,bisquare,7265,1.0,negbinomial,0.28773770824297945,True
TACATCCCTATCCCTG-1,4113.0,7838.0,L4,1,0.13859010312011638,1,bisquare,7265,1.0,negbinomial,0.28773770824297945,True
TACATGACCTTATCCG-1,3500.0,5321.0,L3,0,0.10036358780936928,1,bisquare,7265,1.0,negbinomial,0.28773770824297945,True
TACATGCCGGAATTGT-1,11544.0,9053.0,L4,1,0.21356949975127082,1,bisquare,7265,1.0,negbinomial,0.28773770824297945,True
TACATTTCTAACGTGC-1,6937.0,7246.0,L4,1,0.2965364656566507,1,bisquare,7265,1.0,negbinomial,0.28773770824297945,True
TACCAAATAGCCCAGA-1,7344.0,9642.0,WM,4,0.5656250326579666,1,bisquare,7265,1.0,negbinomial,0.28773770824297945,True
TACCAATAAAGTACCA-1,8859.0,9166.0,L5,2,0.48316086360752875,1,bisquare,7265,1.0,negbinomial,0.28773770824297945,True
TACCAGAAGTAGGTTC-1,6658.0,8443.0,L5,2,0.20180988491598903,1,bisquare,7265,1.0,negbinomial,0.28773770824297945,True
TACCAGCTAGGTTTAA-1,7633.0,3894.0,L3,0,0.42527527173881086,1,bisquare,7265,1.0,negbinomial,0.28773770824297945,True
TACCATGTATTGATTT-1,11683.0,8335.0,L3,0,0.1657318263239983,1,bisquare,7265,1.0,negbinomial,0.28773770824297945,True
TACCGCGGACTTGCAG-1,9829.0,6534.0,L3,0,0.2324347316952365,1,bisquare,7265,1.0,negbinomial,0.28773770824297945,True
TACCGGCTCACTGCCC-1,7623.0,8205.0,L5,2,0.2486288899228503,1,bisquare,7265,1.0,negbinomial,0.28773770824297945,True
TACCGGTCGTTTCCAT-1,5490.0,7841.0,L5,2,0.26500083211339315,1,bisquare,7265,1.0,negbinomial,0.28773770824297945,True
TACCGTAGGTTAACTA-1,7068.0,9641.0,WM,4,0.387696321194795,1,bisquare,7265,1.0,negbinomial,0.28773770824297945,True
TACCGTGCCTCGGACC-1,7897.0,8685.0,L5,2,0.31156269494571603,1,bisquare,7265,1.0,negbinomial,0.28773770824297945,True
TACCTACTCCCAGTAT-1,7413.0,9522.0,WM,4,0.22719064231250197,1,bisquare,7265,1.0,negbinomial,0.28773770824297945,True
TACCTCACGCTTGTAC-1,7012.0,4491.0,L3,0,0.361038635250315,1,bisquare,7265,1.0,negbinomial,0.28773770824297945,True
TACCTCAGTTGTCTGT-1,6586.0,9760.0,WM,4,0.24585093281565792,1,bisquare,7265,1.0,negbinomial,0.28773770824297945,True
TACCTCCACACCAATG-1,5139.0,10355.0,WM,4,0.3854929400311687,1,bisquare,7265,1.0,negbinomial,0.28773770824297945,True
TACCTGCTGCACTGTG-1,4668.0,5923.0,L3,0,0.24689994894598674,1,bisquare,7265,1.0,negbinomial,0.28773770824297945,True
TACCTTAAGATTTCCC-1,5144.0,8439.0,L5,2,0.5061304691742002,1,bisquare,7265,1.0,negbinomial,0.28773770824297945,True
TACGAACACGACTTCA-1,6801.0,6287.0,L3,0,0.42125595888431655,1,bisquare,7265,1.0,negbinomial,0.28773770824297945,True
TACGACGCTTGCTGCG-1,6866.0,8084.0,L5,2,0.37731392238174244,1,bisquare,7265,1.0,negbinomial,0.28773770824297945,True
TACGACTGCCTCTTAG-1,7692.0,7846.0,L5,2,0.15819548137957232,1,bisquare,7265,1.0,negbinomial,0.28773770824297945,True
TACGAGAACTTCACGT-1,5836.0,6764.0,L3,0,0.5681757051416246,1,bisquare,7265,1.0,negbinomial,0.28773770824297945,True
TACGATGTTGATCATC-1,5561.0,6763.0,L3,0,0.28616189114444335,1,bisquare,7265,1.0,negbinomial,0.28773770824297945,True
TACGCAGTTCTTTCCT-1,6661.0,7485.0,L5,2,0.2518906179497821,1,bisquare,7265,1.0,negbinomial,0.28773770824297945,True
TACGCCATATTCTAAT-1,7143.0,7366.0,L4,1,0.45196231176375523,1,bisquare,7265,1.0,negbinomial,0.28773770824297945,True
TACGCCGAGGGTACCC-1,5486.0,9278.0,L6,3,0.2741049936322951,1,bisquare,7265,1.0,negbinomial,0.28773770824297945,True
TACGCCTCCATTCCGA-1,7207.0,9163.0,L6,3,0.3603074533917284,1,bisquare,7265,1.0,negbinomial,0.28773770824297945,True
TACGCTATAGAAACCT-1,10311.0,6655.0,L3,0,0.49803028181002607,1,bisquare,7265,1.0,negbinomial,0.28773770824297945,True
TACGCTCGGTATTGGA-1,10922.0,9890.0,L5,2,0.28729141856994966,1,bisquare,7265,1.0,negbinomial,0.28773770824297945,True
TACGGGATGCTAGCAG-1,8869.0,5095.0,L3,0,0.3330952593564682,1,bisquare,7265,1.0,negbinomial,0.28773770824297945,True
TACGTACTAGTGCTGA-1,6035.0,9998.0,WM,4,0.2582267207336952,1,bisquare,7265,1.0,negbinomial,0.28773770824297945,True
TACGTGCAAGGTTCCT-1,11825.0,6659.0,L3,0,0.10379327366702903,1,bisquare,7265,1.0,negbinomial,0.28773770824297945,True
TACGTGCACTATGCTG-1,5427.0,5086.0,L3,0,0.17102187253535872,1,bisquare,7265,1.0,negbinomial,0.28773770824297945,True
TACGTTTACCGGCAAT-1,5353.0,7362.0,L5,2,0.2330792004614651,1,bisquare,7265,1.0,negbinomial,0.28773770824297945,True
TACTATGGTTCCTCAG-1,6381.0,9400.0,L6,3,0.14262943404981718,1,bisquare,7265,1.0,negbinomial,0.28773770824297945,True
TACTCCTCTAGTTGAC-1,5622.0,10237.0,WM,4,0.25216658712905904,1,bisquare,7265,1.0,negbinomial,0.28773770824297945,True
TACTCGGCACGCCGGG-1,4253.0,6880.0,L3,0,0.3099264476543308,1,bisquare,7265,1.0,negbinomial,0.28773770824297945,True
TACTCTCCGAACAAAT-1,8731.0,5094.0,L3,0,0.4924592977827725,1,bisquare,7265,1.0,negbinomial,0.28773770824297945,True
TACTCTTACTTTACTG-1,10785.0,9650.0,L5,2,0.29113184452506385,1,bisquare,7265,1.0,negbinomial,0.28773770824297945,True
TACTCTTTCGTCTTCA-1,6312.0,9520.0,WM,4,0.39066387223941645,1,bisquare,7265,1.0,negbinomial,0.28773770824297945,True
TACTGAACAGATTTAG-1,6174.0,9280.0,L6,3,0.2619513111107655,1,bisquare,7265,1.0,negbinomial,0.28773770824297945,True
TACTGCAATCAATTAC-1,10176.0,5217.0,L3,0,0.35989879726683077,1,bisquare,7265,1.0,negbinomial,0.28773770824297945,True
TACTGGACAGCTCGGC-1,4873.0,6762.0,L3,0,0.30994823009961087,1,bisquare,7265,1.0,negbinomial,0.28773770824297945,True
TACTGTTTCTCTGGTA-1,11339.0,8214.0,L3,0,0.35301179383530723,1,bisquare,7265,1.0,negbinomial,0.28773770824297945,True
TACTTGTTAGTAGTCC-1,9140.0,7011.0,L3,0,0.39661432644180933,1,bisquare,7265,1.0,negbinomial,0.28773770824297945,True
TACTTTACTGAGCCGG-1,9761.0,6175.0,L3,0,0.2132446340162856,1,bisquare,7265,1.0,negbinomial,0.28773770824297945,True
TACTTTCCGCACGCCA-1,4456.0,8198.0,L5,2,0.26083052024490583,1,bisquare,7265,1.0,negbinomial,0.28773770824297945,True
TAGAAACCACTAAGTA-1,8598.0,3178.0,L3,0,0.17968126181296573,1,bisquare,7265,1.0,negbinomial,0.28773770824297945,True
TAGAAAGGTGGCGCTA-1,8728.0,6292.0,L3,0,0.24250025356036076,1,bisquare,7265,1.0,negbinomial,0.28773770824297945,True
TAGAAATTCACGTATA-1,3840.0,6879.0,L3,0,0.5076538352235199,1,bisquare,7265,1.0,negbinomial,0.28773770824297945,True
TAGAATAGCCGATGAA-1,10027.0,10008.0,L5,2,0.46873224210490166,1,bisquare,7265,1.0,negbinomial,0.28773770824297945,True
TAGAATTAAGGGCAAC-1,8390.0,3776.0,L3,0,0.30995245614486705,1,bisquare,7265,1.0,negbinomial,0.28773770824297945,True
TAGACGAAACGCCAAT-1,8169.0,10123.0,WM,4,0.22430123023247703,1,bisquare,7265,1.0,negbinomial,0.28773770824297945,True
TAGACGCCCGTACCGG-1,9348.0,6413.0,L3,0,0.23307408748620476,1,bisquare,7265,1.0,negbinomial,0.28773770824297945,True
TAGACTACCTAGCGTT-1,10309.0,7134.0,L3,0,0.5050210533215341,1,bisquare,7265,1.0,negbinomial,0.28773770824297945,True
TAGAGATCATGCAACT-1,4939.0,7840.0,L5,2,0.21338143362739112,1,bisquare,7265,1.0,negbinomial,0.28773770824297945,True
TAGAGCTACGAAGAAC-1,6806.0,4132.0,L3,0,0.19130832686053292,1,bisquare,7265,1.0,negbinomial,0.28773770824297945,True
TAGAGGTTCTACTTGT-1,9754.0,9049.0,L5,2,0.2579259681419991,1,bisquare,7265,1.0,negbinomial,0.28773770824297945,True
TAGAGTCTAAGCGAAC-1,6939.0,6048.0,L3,0,0.3251708128290905,1,bisquare,7265,1.0,negbinomial,0.28773770824297945,True
TAGATATGGACTGGAA-1,6796.0,8443.0,L5,2,0.21175747034774378,1,bisquare,7265,1.0,negbinomial,0.28773770824297945,True
TAGATCCGAAGTCGCA-1,8115.0,3775.0,L3,0,0.14524944770011763,1,bisquare,7265,1.0,negbinomial,0.28773770824297945,True
TAGATGGTTCCTTACT-1,9822.0,9648.0,L5,2,0.23746424427116378,1,bisquare,7265,1.0,negbinomial,0.28773770824297945,True
TAGATTCCTGGTTATT-1,4530.0,6402.0,L3,0,0.26186414087888493,1,bisquare,7265,1.0,negbinomial,0.28773770824297945,True
TAGCAACCTGTCACAA-1,4945.0,5205.0,L3,0,0.34190383658114004,1,bisquare,7265,1.0,negbinomial,0.28773770824297945,True
TAGCCATTTCAAAGTC-1,9276.0,7730.0,L3,0,0.5298055551735218,1,bisquare,7265,1.0,negbinomial,0.28773770824297945,True
TAGCCGGCGGTCAGCG-1,9003.0,6532.0,L3,0,0.29392424186193644,1,bisquare,7265,1.0,negbinomial,0.28773770824297945,True
TAGCGTCCCTCGATTG-1,10652.0,7973.0,L3,0,0.5667948889924922,1,bisquare,7265,1.0,negbinomial,0.28773770824297945,True
TAGCGTCCGGTGTGGT-1,8447.0,8926.0,L5,2,0.2077525472815872,1,bisquare,7265,1.0,negbinomial,0.28773770824297945,True
TAGCGTTGGGTCTTAC-1,7832.0,7128.0,L3,0,0.5608762394229145,1,bisquare,7265,1.0,negbinomial,0.28773770824297945,True
TAGCTAAGTCCGGGAG-1,7077.0,6048.0,L3,0,0.5529539168756752,1,bisquare,7265,1.0,negbinomial,0.28773770824297945,True
TAGCTAGAAGGCATGA-1,6658.0,8682.0,L6,3,0.1717792776589418,1,bisquare,7265,1.0,negbinomial,0.28773770824297945,True
TAGCTAGTGATGATGG-1,6449.0,9760.0,WM,4,0.297877480092805,1,bisquare,7265,1.0,negbinomial,0.28773770824297945,True
TAGCTCGCCTGATAAC-1,7140.0,8564.0,L5,2,0.3141964171533966,1,bisquare,7265,1.0,negbinomial,0.28773770824297945,True
TAGCTGATGTGAAGCG-1,3838.0,7598.0,L3,0,0.18139042897400978,1,bisquare,7265,1.0,negbinomial,0.28773770824297945,True
TAGGAACAGCCTCCAG-1,9149.0,3179.0,L3,0,0.23689213315655314,1,bisquare,7265,1.0,negbinomial,0.28773770824297945,True
TAGGCATGTTACGCCA-1,9006.0,5334.0,L3,0,0.2625653679333031,1,bisquare,7265,1.0,negbinomial,0.28773770824297945,True
TAGGCGATGAGGTCTC-1,3903.0,9155.0,L5,2,0.254102345506499,1,bisquare,7265,1.0,negbinomial,0.28773770824297945,True
TAGGGAGCTTGGGATG-1,9759.0,6893.0,L3,0,0.2303905962513682,1,bisquare,7265,1.0,negbinomial,0.28773770824297945,True
TAGGGTGTTTCAAGAG-1,6873.0,5210.0,L3,0,0.2083510966274814,1,bisquare,7265,1.0,negbinomial,0.28773770824297945,True
TAGGTCCAAGTAAGGA-1,4737.0,6043.0,L3,0,0.2714172190051242,1,bisquare,7265,1.0,negbinomial,0.28773770824297945,True
TAGGTCGCCGGAACTG-1,10036.0,6415.0,L3,0,0.3558129589697586,1,bisquare,7265,1.0,negbinomial,0.28773770824297945,True
TAGGTGACGATAACCT-1,8582.0,9884.0,L6,3,0.2943506474089117,1,bisquare,7265,1.0,negbinomial,0.28773770824297945,True
TAGGTGAGCCCTACTC-1,5425.0,6044.0,L3,0,0.2549718862122104,1,bisquare,7265,1.0,negbinomial,0.28773770824297945,True
TAGGTGCTCGCCTAGC-1,9070.0,7371.0,L3,0,0.5052832514189219,1,bisquare,7265,1.0,negbinomial,0.28773770824297945,True
TAGGTGTTCCACAGAT-1,7275.0,9762.0,WM,4,0.18868999934639877,1,bisquare,7265,1.0,negbinomial,0.28773770824297945,True
TAGGTTCGAGTTCGTC-1,7764.0,6769.0,L3,0,0.2775204474810319,1,bisquare,7265,1.0,negbinomial,0.28773770824297945,True
TAGTACCACAACTTTC-1,4039.0,10113.0,L6,3,0.3947482022236832,1,bisquare,7265,1.0,negbinomial,0.28773770824297945,True
TAGTACCTTAGTGGTC-1,4602.0,5084.0,L3,0,0.21258554781975192,1,bisquare,7265,1.0,negbinomial,0.28773770824297945,True
TAGTAGCTTATACCAG-1,6104.0,9878.0,WM,4,0.1963408541429994,1,bisquare,7265,1.0,negbinomial,0.28773770824297945,True
TAGTCCCGGAGACCAC-1,6447.0,10478.0,WM,4,0.10902062349712949,1,bisquare,7265,1.0,negbinomial,0.28773770824297945,True
TAGTCCGCAGAGAATG-1,6799.0,7245.0,L4,1,0.273518801527549,1,bisquare,7265,1.0,negbinomial,0.28773770824297945,True
TAGTCCGTATGCATAA-1,4053.0,4364.0,L3,0,0.10868066665850498,1,bisquare,7265,1.0,negbinomial,0.28773770824297945,True
TAGTCGATCACGGGTT-1,9756.0,8330.0,L4,1,0.22609310758966114,1,bisquare,7265,1.0,negbinomial,0.28773770824297945,True
TAGTCTAACAACGAGA-1,5491.0,7362.0,L5,2,0.16882112920549552,1,bisquare,7265,1.0,negbinomial,0.28773770824297945,True
TAGTCTGTGACGTTGC-1,10245.0,5337.0,L3,0,0.34795137830840317,1,bisquare,7265,1.0,negbinomial,0.28773770824297945,True
TAGTCTTTCCGAATTG-1,11132.0,8573.0,L3,0,0.30651287752636125,1,bisquare,7265,1.0,negbinomial,0.28773770824297945,True
TAGTGCCCTCCAGAGT-1,6732.0,6407.0,L3,0,0.30579006893501076,1,bisquare,7265,1.0,negbinomial,0.28773770824297945,True
TAGTGTCAGAAACGGC-1,4464.0,5084.0,L3,0,0.30429025204473426,1,bisquare,7265,1.0,negbinomial,0.28773770824297945,True
TAGTTAAGATAGGATA-1,8803.0,4017.0,L3,0,0.44391959363307515,1,bisquare,7265,1.0,negbinomial,0.28773770824297945,True
TAGTTTATTCTTGCTT-1,7082.0,4132.0,L3,0,0.16216018316608366,1,bisquare,7265,1.0,negbinomial,0.28773770824297945,True
TATAAATCCACAAGCT-1,6185.0,4968.0,L3,0,0.40990935490006736,1,bisquare,7265,1.0,negbinomial,0.28773770824297945,True
TATAAGTGAGGATAGC-1,5840.0,5087.0,L3,0,0.3136401330864394,1,bisquare,7265,1.0,negbinomial,0.28773770824297945,True
TATACACAGACGCCTT-1,7277.0,8564.0,L5,2,0.43530423562069037,1,bisquare,7265,1.0,negbinomial,0.28773770824297945,True
TATACACGCAAAGTAT-1,5635.0,4728.0,L3,0,0.1951514454265391,1,bisquare,7265,1.0,negbinomial,0.28773770824297945,True
TATACCGAGTGCCACA-1,11407.0,8574.0,L3,0,0.2339276551253195,1,bisquare,7265,1.0,negbinomial,0.28773770824297945,True
TATACGCGTCATCACT-1,7825.0,9763.0,WM,4,0.36479916197470946,1,bisquare,7265,1.0,negbinomial,0.28773770824297945,True
TATACTCATGCGGCAA-1,4395.0,4964.0,L3,0,0.2855584156525699,1,bisquare,7265,1.0,negbinomial,0.28773770824297945,True
TATAGAGTCGCTTGAA-1,6310.0,10238.0,WM,4,0.12699428697090134,1,bisquare,7265,1.0,negbinomial,0.28773770824297945,True
TATAGATGGTCGCAGT-1,10171.0,7373.0,L3,0,0.48365024852561006,1,bisquare,7265,1.0,negbinomial,0.28773770824297945,True
TATAGCGCACGTTATC-1,3630.0,8196.0,L4,1,0.11598916521209929,1,bisquare,7265,1.0,negbinomial,0.28773770824297945,True
TATAGGGTACTCATGA-1,4528.0,6881.0,L3,0,0.299717747584448,1,bisquare,7265,1.0,negbinomial,0.28773770824297945,True
TATATAGGGCTTTACG-1,5415.0,10116.0,WM,4,0.28308495003330336,1,bisquare,7265,1.0,negbinomial,0.28773770824297945,True
TATATATCGAGAAATG-1,5072.0,9756.0,L6,3,0.4484818603925187,1,bisquare,7265,1.0,negbinomial,0.28773770824297945,True
TATATCCCTGGGAGGA-1,9897.0,6893.0,L3,0,0.26134379790396006,1,bisquare,7265,1.0,negbinomial,0.28773770824297945,True
TATATGCTGGGTTGCC-1,3637.0,5322.0,L3,0,0.06621182608084826,1,bisquare,7265,1.0,negbinomial,0.28773770824297945,True
TATATTACAAATGTCG-1,10522.0,4619.0,L3,0,0.3750803093305012,1,bisquare,7265,1.0,negbinomial,0.28773770824297945,True
TATATTCGCGTCGATA-1,7427.0,3534.0,L3,0,0.1679087088668338,1,bisquare,7265,1.0,negbinomial,0.28773770824297945,True
TATCAAAGGTCTGTAA-1,3568.0,5681.0,L3,0,0.10849248733143824,1,bisquare,7265,1.0,negbinomial,0.28773770824297945,True
TATCACAGCACGGGCA-1,7566.0,3055.0,L3,0,0.21458948482693488,1,bisquare,7265,1.0,negbinomial,0.28773770824297945,True
TATCACCATGTAAAGT-1,9698.0,3659.0,L3,0,0.3057669314587135,1,bisquare,7265,1.0,negbinomial,0.28773770824297945,True
TATCACCCAACCGACC-1,10038.0,5457.0,L3,0,0.20011128607846265,1,bisquare,7265,1.0,negbinomial,0.28773770824297945,True
TATCACTTCGAGTAAC-1,9971.0,4618.0,L3,0,0.2533864782860624,1,bisquare,7265,1.0,negbinomial,0.28773770824297945,True
TATCAGTGGCGTAGTC-1,3697.0,9034.0,L5,2,0.30651338364494674,1,bisquare,7265,1.0,negbinomial,0.28773770824297945,True
TATCCAATTGGTTATC-1,8584.0,9166.0,L5,2,0.1958187467147747,1,bisquare,7265,1.0,negbinomial,0.28773770824297945,True
TATCCATATCATGCGA-1,6736.0,4730.0,L3,0,0.17219189091422388,1,bisquare,7265,1.0,negbinomial,0.28773770824297945,True
TATCCATCTCGGTTAG-1,4315.0,9874.0,L6,3,0.19049030704007167,1,bisquare,7265,1.0,negbinomial,0.28773770824297945,True
TATCCGCACCGTCGGG-1,6793.0,9641.0,WM,4,0.3600487372017499,1,bisquare,7265,1.0,negbinomial,0.28773770824297945,True
TATCCTGCATGGGAAT-1,6875.0,4251.0,L3,0,0.1780066289009645,1,bisquare,7265,1.0,negbinomial,0.28773770824297945,True
TATCGATCTATGCATA-1,9213.0,5215.0,L3,0,0.24913061644492204,1,bisquare,7265,1.0,negbinomial,0.28773770824297945,True
TATCGATGATTAAACG-1,6528.0,5328.0,L3,0,0.2068792988264504,1,bisquare,7265,1.0,negbinomial,0.28773770824297945,True
TATCTACAGAGGTAAT-1,4805.0,6163.0,L3,0,0.3972109244844794,1,bisquare,7265,1.0,negbinomial,0.28773770824297945,True
TATCTACCACAGCGGG-1,7280.0,7606.0,L4,1,0.2027333547499234,1,bisquare,7265,1.0,negbinomial,0.28773770824297945,True
TATCTAGCCTAAAGGA-1,3978.0,6640.0,L3,0,0.5520286138438136,1,bisquare,7265,1.0,negbinomial,0.28773770824297945,True
TATCTTGCAATACAAC-1,4247.0,9275.0,L5,2,0.21833477479923993,1,bisquare,7265,1.0,negbinomial,0.28773770824297945,True
TATGAAGACAGGTGCG-1,4599.0,6042.0,L3,0,0.23291484106870675,1,bisquare,7265,1.0,negbinomial,0.28773770824297945,True
TATGATAAATCTAACG-1,8804.0,3298.0,L3,0,0.1332829290352797,1,bisquare,7265,1.0,negbinomial,0.28773770824297945,True
TATGATCCGGCACGCC-1,10864.0,5698.0,L3,0,0.10910964040289982,1,bisquare,7265,1.0,negbinomial,0.28773770824297945,True
TATGATCTTCTCTTTA-1,9340.0,9527.0,L5,2,0.33552864383745634,1,bisquare,7265,1.0,negbinomial,0.28773770824297945,True
TATGATTCTGCTTGGT-1,5570.0,3170.0,L3,0,0.10490167857956012,1,bisquare,7265,1.0,negbinomial,0.28773770824297945,True
TATGCTCCCTACTTAC-1,7354.0,5570.0,L3,0,0.2206219148587181,1,bisquare,7265,1.0,negbinomial,0.28773770824297945,True
TATGGAGTTTCTCGTT-1,5363.0,3290.0,L3,0,0.07056849805338551,1,bisquare,7265,1.0,negbinomial,0.28773770824297945,True
TATGGATGTGCTACGC-1,6871.0,5689.0,L3,0,0.31675344418709345,1,bisquare,7265,1.0,negbinomial,0.28773770824297945,True
TATGGCCCGGCCTCGC-1,5218.0,6164.0,L3,0,0.2796367278979928,1,bisquare,7265,1.0,negbinomial,0.28773770824297945,True
TATGGCTAGGCTAATT-1,11758.0,5820.0,L3,0,0.05726119619256053,1,bisquare,7265,1.0,negbinomial,0.28773770824297945,True
TATGGGACCGAGCAGG-1,7006.0,6887.0,L3,0,0.3328604543027413,1,bisquare,7265,1.0,negbinomial,0.28773770824297945,True
TATGGGTACGTATCGT-1,7145.0,6408.0,L3,0,0.5644671556860004,1,bisquare,7265,1.0,negbinomial,0.28773770824297945,True
TATGGTCTGAGTAACA-1,7144.0,6887.0,L3,0,0.3815958135669869,1,bisquare,7265,1.0,negbinomial,0.28773770824297945,True
TATGGTTAGTGGGAGA-1,10377.0,7493.0,L3,0,0.24470863631575604,1,bisquare,7265,1.0,negbinomial,0.28773770824297945,True
TATGTCAAGACCGACT-1,9489.0,4976.0,L3,0,0.2605299432485708,1,bisquare,7265,1.0,negbinomial,0.28773770824297945,True
TATGTCTCATTGTGCC-1,8797.0,6172.0,L3,0,0.1789024030964408,1,bisquare,7265,1.0,negbinomial,0.28773770824297945,True
TATTAACACCAAAGCA-1,3835.0,9035.0,L5,2,0.18674967894857133,1,bisquare,7265,1.0,negbinomial,0.28773770824297945,True
TATTAACCTGACCGCG-1,6243.0,9400.0,L6,3,0.4118179739373473,1,bisquare,7265,1.0,negbinomial,0.28773770824297945,True
TATTACCATCCTGCTT-1,9759.0,7133.0,L3,0,0.4457772607404578,1,bisquare,7265,1.0,negbinomial,0.28773770824297945,True
TATTATGTTTGCCTGC-1,4316.0,9395.0,L6,3,0.20692528084969106,1,bisquare,7265,1.0,negbinomial,0.28773770824297945,True
TATTCAATTCTAATCC-1,8246.0,6650.0,L3,0,0.19982071576347885,1,bisquare,7265,1.0,negbinomial,0.28773770824297945,True
TATTCCACTCAGCTCG-1,7071.0,8444.0,L5,2,0.21707958956951845,1,bisquare,7265,1.0,negbinomial,0.28773770824297945,True
TATTCCGAGCTGTTAT-1,9066.0,9047.0,L5,2,0.2270398547591091,1,bisquare,7265,1.0,negbinomial,0.28773770824297945,True
TATTCCGGCAGTCCTA-1,7084.0,3174.0,L3,0,0.10408788030176101,1,bisquare,7265,1.0,negbinomial,0.28773770824297945,True
TATTCCTCCGCCCACT-1,5351.0,8320.0,L5,2,0.3798643467233805,1,bisquare,7265,1.0,negbinomial,0.28773770824297945,True
TATTCGTGCCAGAATA-1,7557.0,6648.0,L3,0,0.3669018349271099,1,bisquare,7265,1.0,negbinomial,0.28773770824297945,True
TATTGACATTTCTGCC-1,11205.0,6777.0,L3,0,0.2451410128598985,1,bisquare,7265,1.0,negbinomial,0.28773770824297945,True
TATTTAGTCTAGATCG-1,7149.0,4731.0,L3,0,0.22039575159543437,1,bisquare,7265,1.0,negbinomial,0.28773770824297945,True
TATTTATACCGAGTAG-1,8526.0,4495.0,L3,0,0.3288840337695656,1,bisquare,7265,1.0,negbinomial,0.28773770824297945,True
TATTTGATTTGCACAG-1,11268.0,9053.0,L4,1,0.2835331439942364,1,bisquare,7265,1.0,negbinomial,0.28773770824297945,True
TATTTGTTACCCTTTA-1,6321.0,5448.0,L3,0,0.29753801806017466,1,bisquare,7265,1.0,negbinomial,0.28773770824297945,True
TCAAACAACCGCGTCG-1,7285.0,5450.0,L3,0,0.26217627543013106,1,bisquare,7265,1.0,negbinomial,0.28773770824297945,True
TCAAACTTAGATTGTT-1,7627.0,6289.0,L3,0,0.30736158037327466,1,bisquare,7265,1.0,negbinomial,0.28773770824297945,True
TCAAATTTGAGACTCA-1,7963.0,9763.0,WM,4,0.38741868665095036,1,bisquare,7265,1.0,negbinomial,0.28773770824297945,True
TCAACAAAGATAATTC-1,5143.0,8918.0,L5,2,0.2926948218798127,1,bisquare,7265,1.0,negbinomial,0.28773770824297945,True
TCAACACATTGGGTAA-1,5568.0,3889.0,L3,0,0.1994124722577239,1,bisquare,7265,1.0,negbinomial,0.28773770824297945,True
TCAACATAGCGCCCTA-1,6174.0,9519.0,WM,4,0.5476869577536274,1,bisquare,7265,1.0,negbinomial,0.28773770824297945,True
TCAACATCGACCGAGA-1,4251.0,7838.0,L5,2,0.21816098988975596,1,bisquare,7265,1.0,negbinomial,0.28773770824297945,True
TCAACCATGTTCGGGC-1,6665.0,5568.0,L3,0,0.4716611739277026,1,bisquare,7265,1.0,negbinomial,0.28773770824297945,True
TCAACGAGGAGACAAA-1,7004.0,7605.0,L5,2,0.32696059090670615,1,bisquare,7265,1.0,negbinomial,0.28773770824297945,True
TCAACGCAGGAAATAA-1,5282.0,8439.0,L5,2,0.3671546314097127,1,bisquare,7265,1.0,negbinomial,0.28773770824297945,True
TCAACGCGACCGGCAG-1,4734.0,7240.0,L4,1,0.23126342817315407,1,bisquare,7265,1.0,negbinomial,0.28773770824297945,True
TCAACTAACGTATAAC-1,4461.0,6282.0,L3,0,0.5273127100079216,1,bisquare,7265,1.0,negbinomial,0.28773770824297945,True
TCAACTGCAGAGTCAG-1,10580.0,9290.0,L5,2,0.44662025306178244,1,bisquare,7265,1.0,negbinomial,0.28773770824297945,True
TCAAGAAATACTAGCT-1,10586.0,6656.0,L3,0,0.4259486361089189,1,bisquare,7265,1.0,negbinomial,0.28773770824297945,True
TCAAGCGCGGACGGTA-1,10992.0,9531.0,L5,2,0.394687498571481,1,bisquare,7265,1.0,negbinomial,0.28773770824297945,True
TCAAGCTGCCTTGAAA-1,11827.0,5940.0,L3,0,0.09103109474982217,1,bisquare,7265,1.0,negbinomial,0.28773770824297945,True
TCAAGGTTACTACACC-1,10238.0,8212.0,L3,0,0.579766887156736,1,bisquare,7265,1.0,negbinomial,0.28773770824297945,True
TCAATACGCCGTCATG-1,7343.0,10121.0,WM,4,0.12794372499856138,1,bisquare,7265,1.0,negbinomial,0.28773770824297945,True
TCACAAACCGAGGTAC-1,9683.0,9887.0,L5,2,0.5408893943028796,1,bisquare,7265,1.0,negbinomial,0.28773770824297945,True
TCACAGATCCTCAAAC-1,4191.0,3886.0,L3,0,0.1375944563060648,1,bisquare,7265,1.0,negbinomial,0.28773770824297945,True
TCACAGCAAACTCGAA-1,6520.0,8682.0,L6,3,0.36102289056312875,1,bisquare,7265,1.0,negbinomial,0.28773770824297945,True
TCACAGGAGAATAAGA-1,6519.0,9161.0,L6,3,0.2874890410799351,1,bisquare,7265,1.0,negbinomial,0.28773770824297945,True
TCACAGGGAATCGCAA-1,8586.0,8208.0,L5,2,0.17160771163728586,1,bisquare,7265,1.0,negbinomial,0.28773770824297945,True
TCACAGGTTATTGGGC-1,6457.0,6406.0,L3,0,0.41786324873059993,1,bisquare,7265,1.0,negbinomial,0.28773770824297945,True
TCACATCTTATCTGAT-1,4531.0,5922.0,L3,0,0.39188921437134583,1,bisquare,7265,1.0,negbinomial,0.28773770824297945,True
TCACCCTCTTAAGATT-1,7210.0,7965.0,L5,2,0.2856368020176786,1,bisquare,7265,1.0,negbinomial,0.28773770824297945,True
TCACCGCTCGGCACTC-1,9486.0,6174.0,L3,0,0.2163742363699752,1,bisquare,7265,1.0,negbinomial,0.28773770824297945,True
TCACGATGTCCGTGGA-1,5074.0,8798.0,L5,2,0.23533937137311928,1,bisquare,7265,1.0,negbinomial,0.28773770824297945,True
TCACGCATTGTAGATC-1,6525.0,6526.0,L3,0,0.3475488658976342,1,bisquare,7265,1.0,negbinomial,0.28773770824297945,True
TCACGGTCATCGCACA-1,6253.0,5328.0,L3,0,0.25072130417902205,1,bisquare,7265,1.0,negbinomial,0.28773770824297945,True
TCACGTGCCCGATTCA-1,7419.0,7127.0,L3,0,0.5029927710214868,1,bisquare,7265,1.0,negbinomial,0.28773770824297945,True
TCACTACGACCAATGC-1,9697.0,4138.0,L3,0,0.3847961794388672,1,bisquare,7265,1.0,negbinomial,0.28773770824297945,True
TCACTCGTGCAACGGC-1,9559.0,4378.0,L3,0,0.2841728322196996,1,bisquare,7265,1.0,negbinomial,0.28773770824297945,True
TCACTCTTCGTCTGTC-1,3708.0,4723.0,L3,0,0.0952374354783784,1,bisquare,7265,1.0,negbinomial,0.28773770824297945,True
TCAGAACCTCCACAGG-1,10449.0,6176.0,L3,0,0.13462822257019075,1,bisquare,7265,1.0,negbinomial,0.28773770824297945,True
TCAGACGCTATAGAAG-1,8104.0,8326.0,L5,2,0.36815403016379467,1,bisquare,7265,1.0,negbinomial,0.28773770824297945,True
TCAGCAAATGCATCTC-1,8178.0,6291.0,L3,0,0.24998957578639794,1,bisquare,7265,1.0,negbinomial,0.28773770824297945,True
TCAGCAGTAGGCCCTG-1,5967.0,9878.0,WM,4,0.3184387332658784,1,bisquare,7265,1.0,negbinomial,0.28773770824297945,True
TCAGGGCGACTTCCTT-1,3431.0,5441.0,L3,0,0.09247158443318411,1,bisquare,7265,1.0,negbinomial,0.28773770824297945,True
TCAGGGCGCAAACTCG-1,4257.0,5203.0,L3,0,0.27657669785122607,1,bisquare,7265,1.0,negbinomial,0.28773770824297945,True
TCAGGGTGCACGAAAC-1,9286.0,3419.0,L3,0,0.35882765810137873,1,bisquare,7265,1.0,negbinomial,0.28773770824297945,True
TCAGGGTGTAACGTAA-1,8110.0,5931.0,L3,0,0.26284936672260406,1,bisquare,7265,1.0,negbinomial,0.28773770824297945,True
TCAGGTTCTTTGAGAA-1,6044.0,6166.0,L3,0,0.243697641525797,1,bisquare,7265,1.0,negbinomial,0.28773770824297945,True
TCAGTACTGACCCGCG-1,5495.0,5685.0,L3,0,0.3636120648657711,1,bisquare,7265,1.0,negbinomial,0.28773770824297945,True
TCAGTAGGGACTATAA-1,6453.0,8083.0,L5,2,0.2885794105228635,1,bisquare,7265,1.0,negbinomial,0.28773770824297945,True
TCAGTGTATACGTCAT-1,5623.0,9518.0,L6,3,0.3261889374329948,1,bisquare,7265,1.0,negbinomial,0.28773770824297945,True
TCAGTTACGGAATGAT-1,8323.0,2938.0,L3,0,0.24464102328345608,1,bisquare,7265,1.0,negbinomial,0.28773770824297945,True
TCATACTTACAGATCC-1,4808.0,5205.0,L3,0,0.1798831886069068,1,bisquare,7265,1.0,negbinomial,0.28773770824297945,True
TCATATGAGCTTTGTT-1,7411.0,10241.0,WM,4,0.09465936089712437,1,bisquare,7265,1.0,negbinomial,0.28773770824297945,True
TCATCACTCGAGCTCG-1,5153.0,4607.0,L3,0,0.23596182503007443,1,bisquare,7265,1.0,negbinomial,0.28773770824297945,True
TCATCCCAGAGGGTGG-1,7977.0,4015.0,L3,0,0.20921005994444083,1,bisquare,7265,1.0,negbinomial,0.28773770824297945,True
TCATCGATGGTCCCAA-1,5142.0,9397.0,L6,3,0.37991634897686916,1,bisquare,7265,1.0,negbinomial,0.28773770824297945,True
TCATGCAGGTTCTCAT-1,8939.0,4735.0,L3,0,0.24286268309662182,1,bisquare,7265,1.0,negbinomial,0.28773770824297945,True
TCATTTAAGTCTCCGA-1,9966.0,6774.0,L3,0,0.2974471589497892,1,bisquare,7265,1.0,negbinomial,0.28773770824297945,True
TCATTTAGAAGTGTGA-1,10718.0,9051.0,L5,2,0.19909101046220765,1,bisquare,7265,1.0,negbinomial,0.28773770824297945,True
TCCAACTTTAAATTCT-1,5904.0,7363.0,L5,2,0.3600926424928866,1,bisquare,7265,1.0,negbinomial,0.28773770824297945,True
TCCAATAAAGGCTACC-1,6792.0,10120.0,WM,4,0.1429272153092302,1,bisquare,7265,1.0,negbinomial,0.28773770824297945,True
TCCACAATGGTTTACG-1,5631.0,6165.0,L3,0,0.2023200602502988,1,bisquare,7265,1.0,negbinomial,0.28773770824297945,True
TCCACCTCTAGCCTTT-1,6793.0,9880.0,WM,4,0.14743521046551283,1,bisquare,7265,1.0,negbinomial,0.28773770824297945,True
TCCACTTTATCTAGGT-1,8591.0,6292.0,L3,0,0.4531959284748742,1,bisquare,7265,1.0,negbinomial,0.28773770824297945,True
TCCAGAGCACCGGTTC-1,7969.0,7368.0,L3,0,0.535611771660615,1,bisquare,7265,1.0,negbinomial,0.28773770824297945,True
TCCAGATGTACGCCAA-1,11002.0,5459.0,L3,0,0.16987802659048432,1,bisquare,7265,1.0,negbinomial,0.28773770824297945,True
TCCAGCGCTATAAGCG-1,11131.0,8813.0,L4,1,0.2864805540921401,1,bisquare,7265,1.0,negbinomial,0.28773770824297945,True
TCCAGGCGAGTACGGT-1,7076.0,6288.0,L3,0,0.3044282721221454,1,bisquare,7265,1.0,negbinomial,0.28773770824297945,True
TCCAGGGTATATACGA-1,7481.0,9882.0,WM,4,0.29360804706779386,1,bisquare,7265,1.0,negbinomial,0.28773770824297945,True
TCCATCAATACTAATC-1,4107.0,10233.0,L6,3,0.27165764562581196,1,bisquare,7265,1.0,negbinomial,0.28773770824297945,True
TCCATTAGTTGGATAG-1,4950.0,3289.0,L3,0,0.12132033427656504,1,bisquare,7265,1.0,negbinomial,0.28773770824297945,True
TCCATTCCCACTAGAG-1,11829.0,4742.0,L3,0,0.04670369563164123,1,bisquare,7265,1.0,negbinomial,0.28773770824297945,True
TCCATTGTGACCTCGT-1,8391.0,3537.0,L3,0,0.18521703099694234,1,bisquare,7265,1.0,negbinomial,0.28773770824297945,True
TCCCAAACAGACAACG-1,10727.0,5219.0,L3,0,0.2825732963556485,1,bisquare,7265,1.0,negbinomial,0.28773770824297945,True
TCCCAAAGACGAAGGA-1,7284.0,5690.0,L3,0,0.45387985001027636,1,bisquare,7265,1.0,negbinomial,0.28773770824297945,True
TCCCAAAGCCCTAAAT-1,11204.0,7256.0,L3,0,0.563007570475257,1,bisquare,7265,1.0,negbinomial,0.28773770824297945,True
TCCCACTCTCTTCCGG-1,10518.0,6296.0,L3,0,0.14604735775057676,1,bisquare,7265,1.0,negbinomial,0.28773770824297945,True
TCCCAGCTTTAGTCTG-1,7007.0,6647.0,L3,0,0.2682127539114101,1,bisquare,7265,1.0,negbinomial,0.28773770824297945,True
TCCCAGGCTTAGCTAA-1,6457.0,6167.0,L3,0,0.2977281242333095,1,bisquare,7265,1.0,negbinomial,0.28773770824297945,True
TCCCGCCTATGTGCGT-1,11550.0,6418.0,L3,0,0.0766045663394245,1,bisquare,7265,1.0,negbinomial,0.28773770824297945,True
TCCCGCGTACTCCTGG-1,7904.0,5811.0,L3,0,0.31983740933329524,1,bisquare,7265,1.0,negbinomial,0.28773770824297945,True
TCCCGGGTGTGCTGCT-1,5493.0,6643.0,L3,0,0.5555875144664147,1,bisquare,7265,1.0,negbinomial,0.28773770824297945,True
TCCCGGTCAGGAATTT-1,5638.0,3530.0,L3,0,0.1391102088557501,1,bisquare,7265,1.0,negbinomial,0.28773770824297945,True
TCCCGTCAGTCCCGCA-1,8318.0,5333.0,L3,0,0.17335038142618517,1,bisquare,7265,1.0,negbinomial,0.28773770824297945,True
TCCCGTCGCGTCATAG-1,11069.0,6058.0,L3,0,0.07187253579934158,1,bisquare,7265,1.0,negbinomial,0.28773770824297945,True
TCCCGTGTGCAATTTG-1,8656.0,7849.0,L4,1,0.33406571924212386,1,bisquare,7265,1.0,negbinomial,0.28773770824297945,True
TCCCTAGATCAATAGG-1,11001.0,5938.0,L3,0,0.11785556560062627,1,bisquare,7265,1.0,negbinomial,0.28773770824297945,True
TCCCTGGCGTATTAAC-1,4384.0,9515.0,L6,3,0.17215287330025894,1,bisquare,7265,1.0,negbinomial,0.28773770824297945,True
TCCCTGGCTCGCTGGA-1,5011.0,6522.0,L3,0,0.268546930332285,1,bisquare,7265,1.0,negbinomial,0.28773770824297945,True
TCCCTTAGATTACTCG-1,9076.0,4736.0,L3,0,0.2738234001073947,1,bisquare,7265,1.0,negbinomial,0.28773770824297945,True
TCCGAACGTTGCCGCT-1,11476.0,8694.0,L3,0,0.2816469778089749,1,bisquare,7265,1.0,negbinomial,0.28773770824297945,True
TCCGAACTTGGCTTAC-1,4460.0,6521.0,L3,0,0.26078188596055635,1,bisquare,7265,1.0,negbinomial,0.28773770824297945,True
TCCGAATGGTCCTGAG-1,10931.0,6297.0,L3,0,0.12188093112346451,1,bisquare,7265,1.0,negbinomial,0.28773770824297945,True
TCCGAGAAGGCTAAGC-1,6051.0,3291.0,L3,0,0.13328634391037936,1,bisquare,7265,1.0,negbinomial,0.28773770824297945,True
TCCGATAATTGCCATA-1,7562.0,4732.0,L3,0,0.3506052134317948,1,bisquare,7265,1.0,negbinomial,0.28773770824297945,True
TCCGATGACTGAGCTC-1,8387.0,5213.0,L3,0,0.3564552694301776,1,bisquare,7265,1.0,negbinomial,0.28773770824297945,True
TCCGATGGTGCGACAT-1,6803.0,5569.0,L3,0,0.2812463000733242,1,bisquare,7265,1.0,negbinomial,0.28773770824297945,True
TCCGATTACATTGCCG-1,5355.0,6404.0,L3,0,0.2610103125703474,1,bisquare,7265,1.0,negbinomial,0.28773770824297945,True
TCCGCCTGTCTACAAG-1,8239.0,9285.0,L6,3,0.19985422871351805,1,bisquare,7265,1.0,negbinomial,0.28773770824297945,True
TCCGCGGCAGCATCTG-1,8934.0,6652.0,L3,0,0.24517257208484625,1,bisquare,7265,1.0,negbinomial,0.28773770824297945,True
TCCGCGGCCCAATGAA-1,9961.0,8930.0,L5,2,0.41723799913711956,1,bisquare,7265,1.0,negbinomial,0.28773770824297945,True
TCCGCTGTCATCCCGG-1,8724.0,8208.0,L5,2,0.23801867200962792,1,bisquare,7265,1.0,negbinomial,0.28773770824297945,True
TCCGCTTATCCCATTA-1,7553.0,8565.0,L5,2,0.2513229081246108,1,bisquare,7265,1.0,negbinomial,0.28773770824297945,True
TCCGGCCTAGCGTACA-1,9899.0,5935.0,L3,0,0.16104061061751554,1,bisquare,7265,1.0,negbinomial,0.28773770824297945,True
TCCGGTTCGTCCGGTC-1,6795.0,8682.0,L6,3,0.18407137958268383,1,bisquare,7265,1.0,negbinomial,0.28773770824297945,True
TCCGTAACCACAATCC-1,4258.0,4964.0,L3,0,0.20661294627817078,1,bisquare,7265,1.0,negbinomial,0.28773770824297945,True
TCCGTTAAGCTAATAT-1,10030.0,8810.0,L5,2,0.25922704187113066,1,bisquare,7265,1.0,negbinomial,0.28773770824297945,True
TCCGTTTAGCCTTGAA-1,9280.0,6054.0,L3,0,0.33869808361529385,1,bisquare,7265,1.0,negbinomial,0.28773770824297945,True
TCCTAAATTGGGAAGC-1,7964.0,9284.0,L6,3,0.4901643934248929,1,bisquare,7265,1.0,negbinomial,0.28773770824297945,True
TCCTAACCGTCGGGCA-1,6310.0,9999.0,WM,4,0.1511914156431375,1,bisquare,7265,1.0,negbinomial,0.28773770824297945,True
TCCTACATCCACGGCC-1,8931.0,8089.0,L4,1,0.41256963891446047,1,bisquare,7265,1.0,negbinomial,0.28773770824297945,True
TCCTAGCAAAGAAGCT-1,5972.0,7483.0,L5,2,0.5408366080197965,1,bisquare,7265,1.0,negbinomial,0.28773770824297945,True
TCCTATCATAGGTAAC-1,11408.0,8095.0,L3,0,0.2698728533363418,1,bisquare,7265,1.0,negbinomial,0.28773770824297945,True
TCCTCCTAAGACATTC-1,4594.0,8198.0,L5,2,0.26457283187693104,1,bisquare,7265,1.0,negbinomial,0.28773770824297945,True
TCCTCGGGCTGGGCTT-1,8382.0,7369.0,L3,0,0.3318211179497295,1,bisquare,7265,1.0,negbinomial,0.28773770824297945,True
TCCTCTACGAGATGGC-1,5357.0,5685.0,L3,0,0.34272647833050096,1,bisquare,7265,1.0,negbinomial,0.28773770824297945,True
TCCTCTCCAGTTGTCC-1,4530.0,6162.0,L3,0,0.24019983678139764,1,bisquare,7265,1.0,negbinomial,0.28773770824297945,True
TCCTCTGGCCCATTAG-1,9216.0,3778.0,L3,0,0.1502050431415793,1,bisquare,7265,1.0,negbinomial,0.28773770824297945,True
TCCTGCCAACTGGAGA-1,9353.0,4018.0,L3,0,0.33660322417798594,1,bisquare,7265,1.0,negbinomial,0.28773770824297945,True
TCCTGCGTTGATACTC-1,5216.0,7122.0,L4,1,0.20706845542837984,1,bisquare,7265,1.0,negbinomial,0.28773770824297945,True
TCCTTACGACGGTCCG-1,9687.0,8450.0,L4,1,0.33518676010887644,1,bisquare,7265,1.0,negbinomial,0.28773770824297945,True
TCCTTCAGTGGTCGAA-1,7907.0,4374.0,L3,0,0.2544014506188103,1,bisquare,7265,1.0,negbinomial,0.28773770824297945,True
TCCTTTAAATCCGCTT-1,9478.0,9288.0,L5,2,0.20993066473268368,1,bisquare,7265,1.0,negbinomial,0.28773770824297945,True
TCCTTTCTTACGCTTA-1,7421.0,6169.0,L3,0,0.5330982550822073,1,bisquare,7265,1.0,negbinomial,0.28773770824297945,True
TCGAAATTTAGGACCA-1,6251.0,6046.0,L3,0,0.29048094940927965,1,bisquare,7265,1.0,negbinomial,0.28773770824297945,True
TCGAAGAACCGAGCAC-1,9963.0,7972.0,L3,0,0.5407677793071162,1,bisquare,7265,1.0,negbinomial,0.28773770824297945,True
TCGAATATCCCGCAGG-1,5348.0,9517.0,L6,3,0.22543547090673458,1,bisquare,7265,1.0,negbinomial,0.28773770824297945,True
TCGACAACTGAACCCG-1,4178.0,9395.0,L6,3,0.3785337468184824,1,bisquare,7265,1.0,negbinomial,0.28773770824297945,True
TCGAGACCAACACCGT-1,6937.0,7006.0,L4,1,0.20646852464928342,1,bisquare,7265,1.0,negbinomial,0.28773770824297945,True
TCGAGCCAGGCAGGCC-1,5692.0,9398.0,L6,3,0.2531855861551333,1,bisquare,7265,1.0,negbinomial,0.28773770824297945,True
TCGAGGGCAACAGACG-1,11336.0,9412.0,L5,2,0.3142967147820107,1,bisquare,7265,1.0,negbinomial,0.28773770824297945,True
TCGATAGGCTAGTCGC-1,6464.0,3532.0,L3,0,0.19606145559024488,1,bisquare,7265,1.0,negbinomial,0.28773770824297945,True
TCGCAAAGATGCATTT-1,8311.0,8207.0,L5,2,0.2681600491959253,1,bisquare,7265,1.0,negbinomial,0.28773770824297945,True
TCGCACCAGGAGGCAG-1,8654.0,8567.0,L5,2,0.2131688917423978,1,bisquare,7265,1.0,negbinomial,0.28773770824297945,True
TCGCATCCCTAAGTGT-1,5292.0,4367.0,L3,0,0.22242847187597498,1,bisquare,7265,1.0,negbinomial,0.28773770824297945,True
TCGCATTCAATGACTT-1,5706.0,3650.0,L3,0,0.1962102332907738,1,bisquare,7265,1.0,negbinomial,0.28773770824297945,True
TCGCCCACTGCGAGAG-1,3289.0,6878.0,L3,0,0.235738156167247,1,bisquare,7265,1.0,negbinomial,0.28773770824297945,True
TCGCCGAAGTTGCGTC-1,5696.0,7961.0,L5,2,0.2796659567957112,1,bisquare,7265,1.0,negbinomial,0.28773770824297945,True
TCGCCGGATGGGCAAG-1,3430.0,5680.0,L3,0,0.09712918326086199,1,bisquare,7265,1.0,negbinomial,0.28773770824297945,True
TCGCCGGTCGATCCGT-1,7355.0,4851.0,L3,0,0.1977731223302483,1,bisquare,7265,1.0,negbinomial,0.28773770824297945,True
TCGCGTAGCAGTGTCC-1,9960.0,9409.0,L5,2,0.018227942291854975,1,bisquare,7265,1.0,negbinomial,0.28773770824297945,True
TCGCGTCCAGAAGGTC-1,5149.0,6283.0,L3,0,0.3192988404629892,1,bisquare,7265,1.0,negbinomial,0.28773770824297945,True
TCGCTAAACCGCTATC-1,9282.0,4856.0,L3,0,0.3924180241655002,1,bisquare,7265,1.0,negbinomial,0.28773770824297945,True
TCGCTACTGGCTTTGA-1,8168.0,10362.0,WM,4,0.14539133755006764,1,bisquare,7265,1.0,negbinomial,0.28773770824297945,True
TCGCTCGATATATTCC-1,7490.0,6049.0,L3,0,0.1729081209924985,1,bisquare,7265,1.0,negbinomial,0.28773770824297945,True
TCGCTCGGCACCAGCG-1,10589.0,5458.0,L3,0,0.1172876898333069,1,bisquare,7265,1.0,negbinomial,0.28773770824297945,True
TCGCTGGGCGGATTGT-1,8247.0,5931.0,L3,0,0.2265686718427178,1,bisquare,7265,1.0,negbinomial,0.28773770824297945,True
TCGCTGTGCGTAAATC-1,5979.0,4609.0,L3,0,0.21460604390771823,1,bisquare,7265,1.0,negbinomial,0.28773770824297945,True
TCGCTTTAAACGTTTG-1,9143.0,5574.0,L3,0,0.20437945484606804,1,bisquare,7265,1.0,negbinomial,0.28773770824297945,True
TCGGAATGACCATCAA-1,8391.0,3297.0,L3,0,0.11461531851402636,1,bisquare,7265,1.0,negbinomial,0.28773770824297945,True
TCGGAATGCGCTCTGA-1,5081.0,6163.0,L3,0,0.18774538588913403,1,bisquare,7265,1.0,negbinomial,0.28773770824297945,True
TCGGACGCCCAGCCCA-1,8590.0,6531.0,L3,0,0.19244958008801527,1,bisquare,7265,1.0,negbinomial,0.28773770824297945,True
TCGGAGAGTATCGGGA-1,4732.0,7959.0,L5,2,0.2282444779133196,1,bisquare,7265,1.0,negbinomial,0.28773770824297945,True
TCGGAGTACATGAGTA-1,8246.0,6410.0,L3,0,0.19593893949150326,1,bisquare,7265,1.0,negbinomial,0.28773770824297945,True
TCGGCGAACCCAAACC-1,10375.0,8452.0,L4,1,0.5404283011723058,1,bisquare,7265,1.0,negbinomial,0.28773770824297945,True
TCGGCGTACTGCACAA-1,4043.0,8436.0,L5,2,0.26011652157623316,1,bisquare,7265,1.0,negbinomial,0.28773770824297945,True
TCGGCTTGTATCGACG-1,9753.0,9528.0,L5,2,0.34637858226491247,1,bisquare,7265,1.0,negbinomial,0.28773770824297945,True
TCGGGAACGTGCCTAG-1,10656.0,6297.0,L3,0,0.15046234262060262,1,bisquare,7265,1.0,negbinomial,0.28773770824297945,True
TCGGGAGACAGCGTAC-1,8032.0,9644.0,WM,4,0.5804195433696181,1,bisquare,7265,1.0,negbinomial,0.28773770824297945,True
TCGGGATTCAAACATA-1,4183.0,7239.0,L3,0,0.2557502497357136,1,bisquare,7265,1.0,negbinomial,0.28773770824297945,True
TCGGGCCGTCGTGGTA-1,9208.0,7371.0,L3,0,0.35512145401638195,1,bisquare,7265,1.0,negbinomial,0.28773770824297945,True
TCGGGTGAAACTGCTA-1,7014.0,3773.0,L3,0,0.19018975332593446,1,bisquare,7265,1.0,negbinomial,0.28773770824297945,True
TCGGTCCCGACAATAG-1,4729.0,9396.0,L6,3,0.31835149588413497,1,bisquare,7265,1.0,negbinomial,0.28773770824297945,True
TCGGTCCCTGACTCCA-1,9354.0,3778.0,L3,0,0.2514485589387136,1,bisquare,7265,1.0,negbinomial,0.28773770824297945,True
TCGGTTAGCCATGTAG-1,9699.0,3180.0,L3,0,0.32803570132118226,1,bisquare,7265,1.0,negbinomial,0.28773770824297945,True
TCGTAAGACGACATTG-1,8454.0,5812.0,L3,0,0.22797058843648327,1,bisquare,7265,1.0,negbinomial,0.28773770824297945,True
TCGTAAGCTCCGAGGA-1,10453.0,4500.0,L3,0,0.3084353761544591,1,bisquare,7265,1.0,negbinomial,0.28773770824297945,True
TCGTATAGTGCAATTA-1,7013.0,4012.0,L3,0,0.08815520826014306,1,bisquare,7265,1.0,negbinomial,0.28773770824297945,True
TCGTATTACCCATTGC-1,4872.0,7001.0,L3,0,0.36297628245610913,1,bisquare,7265,1.0,negbinomial,0.28773770824297945,True
TCGTATTTCGTCCGGA-1,8736.0,3178.0,L3,0,0.12486110409311907,1,bisquare,7265,1.0,negbinomial,0.28773770824297945,True
TCGTCAAGTACGCGCA-1,5762.0,9279.0,L6,3,0.30371530546014586,1,bisquare,7265,1.0,negbinomial,0.28773770824297945,True
TCGTCACACTGTTAGC-1,4462.0,5803.0,L3,0,0.2391329264960329,1,bisquare,7265,1.0,negbinomial,0.28773770824297945,True
TCGTCCGCTGGCGTCT-1,5909.0,5207.0,L3,0,0.24546243895172162,1,bisquare,7265,1.0,negbinomial,0.28773770824297945,True
TCGTCTTAGGCGTTAA-1,8860.0,8927.0,L5,2,0.43517710623742073,1,bisquare,7265,1.0,negbinomial,0.28773770824297945,True
TCGTGTACTATGGATG-1,8448.0,8207.0,L5,2,0.014484371197706463,1,bisquare,7265,1.0,negbinomial,0.28773770824297945,True
TCGTGTATTGGTCACG-1,11200.0,8933.0,L4,1,0.033265927768631166,1,bisquare,7265,1.0,negbinomial,0.28773770824297945,True
TCGTGTCACGCTGACA-1,4733.0,7719.0,L5,2,0.06549010815064514,1,bisquare,7265,1.0,negbinomial,0.28773770824297945,True
TCGTGTTCGACCACAA-1,10373.0,9410.0,L5,2,0.08602881513100118,1,bisquare,7265,1.0,negbinomial,0.28773770824297945,True
TCGTTAGGAGTCCCTA-1,6864.0,8802.0,L6,3,0.2097762061674085,1,bisquare,7265,1.0,negbinomial,0.28773770824297945,True
TCGTTCGTTATTATGT-1,7427.0,3774.0,L3,0,0.2218721184149076,1,bisquare,7265,1.0,negbinomial,0.28773770824297945,True
TCGTTGACAGGGTCCC-1,3292.0,5920.0,L3,0,0.05063984252982527,1,bisquare,7265,1.0,negbinomial,0.28773770824297945,True
TCGTTGCTATCCGGTC-1,6313.0,9041.0,L6,3,0.31678805692026885,1,bisquare,7265,1.0,negbinomial,0.28773770824297945,True
TCGTTGGCTCGTCAAT-1,5293.0,3649.0,L3,0,0.13520117328020828,1,bisquare,7265,1.0,negbinomial,0.28773770824297945,True
TCTAAAGAACAGTCTC-1,3835.0,8795.0,L5,2,0.4281112053676382,1,bisquare,7265,1.0,negbinomial,0.28773770824297945,True
TCTAACTGTATGTAAA-1,3911.0,5801.0,L3,0,0.2182173718699817,1,bisquare,7265,1.0,negbinomial,0.28773770824297945,True
TCTAATACTGCCTCAG-1,4866.0,9396.0,L6,3,0.27421495145889874,1,bisquare,7265,1.0,negbinomial,0.28773770824297945,True
TCTACACGTTCATGCA-1,9562.0,3180.0,L3,0,0.361436619370851,1,bisquare,7265,1.0,negbinomial,0.28773770824297945,True
TCTACCCAATAGAGAG-1,10442.0,9290.0,L5,2,0.4716942850904871,1,bisquare,7265,1.0,negbinomial,0.28773770824297945,True
TCTACCGTCCACAAGC-1,7766.0,5811.0,L3,0,0.21719484447540968,1,bisquare,7265,1.0,negbinomial,0.28773770824297945,True
TCTAGCAATCTCCGCC-1,5214.0,8080.0,L5,2,0.18933137395875396,1,bisquare,7265,1.0,negbinomial,0.28773770824297945,True
TCTAGCATCTTCGATG-1,6115.0,5327.0,L3,0,0.1912462053677136,1,bisquare,7265,1.0,negbinomial,0.28773770824297945,True
TCTAGCATGCCCAGAA-1,7691.0,8325.0,L5,2,0.4422618756649944,1,bisquare,7265,1.0,negbinomial,0.28773770824297945,True
TCTAGGTGGCGACGCT-1,9968.0,6055.0,L3,0,0.2337167759787677,1,bisquare,7265,1.0,negbinomial,0.28773770824297945,True
TCTAGTGATATCGTGG-1,9895.0,7852.0,L3,0,0.4080116544086283,1,bisquare,7265,1.0,negbinomial,0.28773770824297945,True
TCTAGTTATCAGAAGA-1,6869.0,6647.0,L3,0,0.41156623794571995,1,bisquare,7265,1.0,negbinomial,0.28773770824297945,True
TCTATCATGCAGTTAC-1,5910.0,4728.0,L3,0,0.2027743693277202,1,bisquare,7265,1.0,negbinomial,0.28773770824297945,True
TCTATCGGTCGCAACA-1,7561.0,5211.0,L3,0,0.19429846975581394,1,bisquare,7265,1.0,negbinomial,0.28773770824297945,True
TCTATTACGCTGGCGA-1,5498.0,4248.0,L3,0,0.16115984994956228,1,bisquare,7265,1.0,negbinomial,0.28773770824297945,True
TCTATTACTAGAGGAT-1,4183.0,7479.0,L4,1,0.2083456329962368,1,bisquare,7265,1.0,negbinomial,0.28773770824297945,True
TCTCATGAGATAGGGT-1,9136.0,8449.0,L5,2,0.28213388860273453,1,bisquare,7265,1.0,negbinomial,0.28773770824297945,True
TCTCCAACGTAGGTTA-1,8525.0,4974.0,L3,0,0.20893100151136346,1,bisquare,7265,1.0,negbinomial,0.28773770824297945,True
TCTCCACAAGTTGAAT-1,9546.0,9887.0,L6,3,0.19006083126620657,1,bisquare,7265,1.0,negbinomial,0.28773770824297945,True
TCTCCCTGGGCAGCGT-1,8653.0,9046.0,L5,2,0.40767145759309076,1,bisquare,7265,1.0,negbinomial,0.28773770824297945,True
TCTCGAACGAGGTCAC-1,9629.0,4019.0,L3,0,0.4099692781976774,1,bisquare,7265,1.0,negbinomial,0.28773770824297945,True
TCTCGACGTATCGCCG-1,10927.0,7974.0,L3,0,0.43124871218028576,1,bisquare,7265,1.0,negbinomial,0.28773770824297945,True
TCTCGAGGAGGTTCGC-1,10856.0,8812.0,L4,1,0.28832095921570844,1,bisquare,7265,1.0,negbinomial,0.28773770824297945,True
TCTCGGCTCCAGGACT-1,4741.0,4127.0,L3,0,0.13020339901225106,1,bisquare,7265,1.0,negbinomial,0.28773770824297945,True
TCTCTAATAGCTGGTA-1,6736.0,4970.0,L3,0,0.20163227184764387,1,bisquare,7265,1.0,negbinomial,0.28773770824297945,True
TCTCTCGCCGCACATA-1,11062.0,9172.0,L5,2,0.28110984528877153,1,bisquare,7265,1.0,negbinomial,0.28773770824297945,True
TCTCTTACCGCGAACC-1,6103.0,10358.0,WM,4,0.13522037950237847,1,bisquare,7265,1.0,negbinomial,0.28773770824297945,True
TCTGAACCGGTCGGCT-1,5703.0,5087.0,L3,0,0.20187675148641068,1,bisquare,7265,1.0,negbinomial,0.28773770824297945,True
TCTGAACTCGTACCCG-1,9687.0,8210.0,L4,1,0.2999726082140848,1,bisquare,7265,1.0,negbinomial,0.28773770824297945,True
TCTGAAGCACGTGGTC-1,8928.0,9286.0,L5,2,0.25439092259377005,1,bisquare,7265,1.0,negbinomial,0.28773770824297945,True
TCTGAATTCCGTACAA-1,9622.0,6653.0,L3,0,0.32738056298214563,1,bisquare,7265,1.0,negbinomial,0.28773770824297945,True
TCTGACGGGCTAACCC-1,11414.0,5939.0,L3,0,0.08727805685536934,1,bisquare,7265,1.0,negbinomial,0.28773770824297945,True
TCTGAGCAATTGACTG-1,10855.0,9052.0,L4,1,0.33857228312491167,1,bisquare,7265,1.0,negbinomial,0.28773770824297945,True
TCTGATCGGGTGCTAG-1,11274.0,6657.0,L3,0,0.11662091816222608,1,bisquare,7265,1.0,negbinomial,0.28773770824297945,True
TCTGATGTATTCTGTC-1,8860.0,8687.0,L5,2,0.3719426909549141,1,bisquare,7265,1.0,negbinomial,0.28773770824297945,True
TCTGATTGGAAATGGA-1,11618.0,6778.0,L3,0,0.10588793518046044,1,bisquare,7265,1.0,negbinomial,0.28773770824297945,True
TCTGCACCATTAGTAA-1,11896.0,5581.0,L3,0,0.06557117669792938,1,bisquare,7265,1.0,negbinomial,0.28773770824297945,True
TCTGCAGATTCGAGTC-1,3499.0,5561.0,L3,0,0.09166103981859763,1,bisquare,7265,1.0,negbinomial,0.28773770824297945,True
TCTGCATACCTTGCTT-1,9959.0,9888.0,L5,2,0.23455831210967035,1,bisquare,7265,1.0,negbinomial,0.28773770824297945,True
TCTGCCAGAAACTGCA-1,8588.0,7489.0,L3,0,0.4807647988959928,1,bisquare,7265,1.0,negbinomial,0.28773770824297945,True
TCTGCGAATCGTTCGC-1,11623.0,4622.0,L3,0,0.0650665028412254,1,bisquare,7265,1.0,negbinomial,0.28773770824297945,True
TCTGCGTCCGGTTTCT-1,4741.0,4366.0,L3,0,0.16031292940850556,1,bisquare,7265,1.0,negbinomial,0.28773770824297945,True
TCTGGAGCGTAAGAGT-1,11824.0,7138.0,L3,0,0.18656895018082595,1,bisquare,7265,1.0,negbinomial,0.28773770824297945,True
TCTGGCCGTTCAAGTT-1,11549.0,6897.0,L3,0,0.14886452593046004,1,bisquare,7265,1.0,negbinomial,0.28773770824297945,True
TCTGGGAACCTTTGAA-1,9896.0,7373.0,L3,0,0.38558039807596656,1,bisquare,7265,1.0,negbinomial,0.28773770824297945,True
TCTGGGTAGCGCTCAT-1,5628.0,7362.0,L5,2,0.15879137106225594,1,bisquare,7265,1.0,negbinomial,0.28773770824297945,True
TCTGTCATACAAGAGC-1,6188.0,3771.0,L3,0,0.3176022888454269,1,bisquare,7265,1.0,negbinomial,0.28773770824297945,True
TCTGTGCCATCATAGT-1,8659.0,6411.0,L3,0,0.20838729550346058,1,bisquare,7265,1.0,negbinomial,0.28773770824297945,True
TCTGTTACCCAGCATA-1,5556.0,8680.0,L5,2,0.2114075439385647,1,bisquare,7265,1.0,negbinomial,0.28773770824297945,True
TCTTACAGAGGTACCG-1,6255.0,4370.0,L3,0,0.22399932090965782,1,bisquare,7265,1.0,negbinomial,0.28773770824297945,True
TCTTACCGGAACTCGT-1,9420.0,5096.0,L3,0,0.2194346469697616,1,bisquare,7265,1.0,negbinomial,0.28773770824297945,True
TCTTACGGCATCCGAC-1,5151.0,5565.0,L3,0,0.3182381353477797,1,bisquare,7265,1.0,negbinomial,0.28773770824297945,True
TCTTACTTATGCCTCT-1,9550.0,7971.0,L3,0,0.4072262232509263,1,bisquare,7265,1.0,negbinomial,0.28773770824297945,True
TCTTAGAGCTCCAATT-1,10584.0,7374.0,L3,0,0.3199326980164568,1,bisquare,7265,1.0,negbinomial,0.28773770824297945,True
TCTTAGAGTGAACTCT-1,9964.0,7732.0,L3,0,0.5566729630228575,1,bisquare,7265,1.0,negbinomial,0.28773770824297945,True
TCTTCCCATGGGCACA-1,9761.0,6414.0,L3,0,0.4844859707942817,1,bisquare,7265,1.0,negbinomial,0.28773770824297945,True
TCTTCGAATAGACGTT-1,8038.0,7248.0,L3,0,0.5228924138469898,1,bisquare,7265,1.0,negbinomial,0.28773770824297945,True
TCTTCGATACCAATAA-1,7696.0,6409.0,L3,0,0.37517724874114633,1,bisquare,7265,1.0,negbinomial,0.28773770824297945,True
TCTTCGCGGTGAGAGG-1,11129.0,9771.0,L5,2,0.2682087217417626,1,bisquare,7265,1.0,negbinomial,0.28773770824297945,True
TCTTCTATAACCCGCC-1,10514.0,7973.0,L3,0,0.5697348450969991,1,bisquare,7265,1.0,negbinomial,0.28773770824297945,True
TCTTGATGCGTAGCGA-1,7833.0,6409.0,L3,0,0.21528261579211233,1,bisquare,7265,1.0,negbinomial,0.28773770824297945,True
TCTTGCTCCCGATACT-1,7755.0,10361.0,WM,4,0.11310977677448526,1,bisquare,7265,1.0,negbinomial,0.28773770824297945,True
TCTTGGTAACACCAAA-1,7630.0,5092.0,L3,0,0.35546142564725497,1,bisquare,7265,1.0,negbinomial,0.28773770824297945,True
TCTTTAAGACTATGAA-1,9898.0,6654.0,L3,0,0.24291612632568718,1,bisquare,7265,1.0,negbinomial,0.28773770824297945,True
TCTTTAGAGTCTAACA-1,10994.0,8573.0,L3,0,0.5394699281397902,1,bisquare,7265,1.0,negbinomial,0.28773770824297945,True
TCTTTAGCAGGCGAAC-1,11137.0,6657.0,L3,0,0.19577598775089808,1,bisquare,7265,1.0,negbinomial,0.28773770824297945,True
TCTTTCCTTCGAGATA-1,11405.0,9532.0,L5,2,0.17235245849173172,1,bisquare,7265,1.0,negbinomial,0.28773770824297945,True
TCTTTCTCTTAAGGAG-1,8598.0,3417.0,L3,0,0.20068519149637215,1,bisquare,7265,1.0,negbinomial,0.28773770824297945,True
TGAAACTTATGCAAGC-1,8184.0,3895.0,L3,0,0.20869082952132278,1,bisquare,7265,1.0,negbinomial,0.28773770824297945,True
TGAAAGGACCTGACTC-1,8865.0,6771.0,L3,0,0.2958089100130575,1,bisquare,7265,1.0,negbinomial,0.28773770824297945,True
TGAACAAGCAGGGACT-1,5621.0,10476.0,WM,4,0.24343886204730716,1,bisquare,7265,1.0,negbinomial,0.28773770824297945,True
TGAAGAGCGGTCCTAG-1,3914.0,4843.0,L3,0,0.11583433042006819,1,bisquare,7265,1.0,negbinomial,0.28773770824297945,True
TGAAGTAGCTTACGGA-1,3501.0,4603.0,L3,0,0.21403347026159453,1,bisquare,7265,1.0,negbinomial,0.28773770824297945,True
TGAATGAGATACAGCA-1,11761.0,4622.0,L3,0,0.09551657070963636,1,bisquare,7265,1.0,negbinomial,0.28773770824297945,True
TGAATGAGTGTTTCCC-1,6585.0,10478.0,WM,4,0.1010970888069534,1,bisquare,7265,1.0,negbinomial,0.28773770824297945,True
TGAATGTCAGCCGGCC-1,10651.0,8213.0,L3,0,0.4200692207871633,1,bisquare,7265,1.0,negbinomial,0.28773770824297945,True
TGACAACGCATGTCGC-1,11685.0,7377.0,L3,0,0.2844988357634509,1,bisquare,7265,1.0,negbinomial,0.28773770824297945,True
TGACACTTCTCTTTGC-1,10178.0,4499.0,L3,0,0.26219176256728816,1,bisquare,7265,1.0,negbinomial,0.28773770824297945,True
TGACAGGACAAGTCCA-1,3766.0,9154.0,L5,2,0.4214859071071734,1,bisquare,7265,1.0,negbinomial,0.28773770824297945,True
TGACATATATGACGAT-1,3289.0,7117.0,L3,0,0.5638862128404732,1,bisquare,7265,1.0,negbinomial,0.28773770824297945,True
TGACATCGAGCGGACC-1,10104.0,6774.0,L3,0,0.44743053605118005,1,bisquare,7265,1.0,negbinomial,0.28773770824297945,True
TGACCAAATCTTAAAC-1,7411.0,10480.0,WM,4,0.11581899533561527,1,bisquare,7265,1.0,negbinomial,0.28773770824297945,True
TGACCAGCTTCAAAGT-1,9837.0,3420.0,L3,0,0.3924672179156682,1,bisquare,7265,1.0,negbinomial,0.28773770824297945,True
TGACCCACGTTAGACA-1,6388.0,6526.0,L3,0,0.4869218229670123,1,bisquare,7265,1.0,negbinomial,0.28773770824297945,True
TGACCCAGCATTCCCG-1,10388.0,2942.0,L3,0,0.4236118875055884,1,bisquare,7265,1.0,negbinomial,0.28773770824297945,True
TGACGAATATTTCCCT-1,4664.0,7839.0,L5,2,0.1616475838340174,1,bisquare,7265,1.0,negbinomial,0.28773770824297945,True
TGACGATGCACTAGAA-1,9690.0,7013.0,L3,0,0.49776048531440203,1,bisquare,7265,1.0,negbinomial,0.28773770824297945,True
TGACTATAATCCTTTC-1,7829.0,8086.0,L5,2,0.24873324681361686,1,bisquare,7265,1.0,negbinomial,0.28773770824297945,True
TGACTCCGAATCATAC-1,4246.0,9994.0,L6,3,0.16331980447987088,1,bisquare,7265,1.0,negbinomial,0.28773770824297945,True
TGAGAATGCTTTACCG-1,6874.0,4730.0,L3,0,0.23979031466298137,1,bisquare,7265,1.0,negbinomial,0.28773770824297945,True
TGAGAGATTTACCACG-1,9414.0,7491.0,L3,0,0.28325601316650456,1,bisquare,7265,1.0,negbinomial,0.28773770824297945,True
TGAGATCAAATACTCA-1,7496.0,3415.0,L3,0,0.2026329340512553,1,bisquare,7265,1.0,negbinomial,0.28773770824297945,True
TGAGATTAGGCCCTAA-1,9627.0,4498.0,L3,0,0.37432764576295074,1,bisquare,7265,1.0,negbinomial,0.28773770824297945,True
TGAGCCATACAGTCTC-1,5766.0,7602.0,L5,2,0.23602413361723185,1,bisquare,7265,1.0,negbinomial,0.28773770824297945,True
TGAGCGGAAAGTGTTC-1,7620.0,9164.0,L6,3,0.349845560410232,1,bisquare,7265,1.0,negbinomial,0.28773770824297945,True
TGAGCTTTAATGACGC-1,9007.0,4855.0,L3,0,0.5207066925937301,1,bisquare,7265,1.0,negbinomial,0.28773770824297945,True
TGAGGAGTGCCAGCTT-1,7138.0,9522.0,WM,4,0.4215929607873912,1,bisquare,7265,1.0,negbinomial,0.28773770824297945,True
TGAGGCATGTACTGTG-1,3697.0,9274.0,L5,2,0.25166662456560523,1,bisquare,7265,1.0,negbinomial,0.28773770824297945,True
TGAGTAAATTAGCGTA-1,7072.0,8204.0,L5,2,0.38981328203803967,1,bisquare,7265,1.0,negbinomial,0.28773770824297945,True
TGAGTGCCTCTTAAAT-1,5971.0,7962.0,L5,2,0.3304780005965928,1,bisquare,7265,1.0,negbinomial,0.28773770824297945,True
TGAGTGGTCCGTGACG-1,8935.0,6173.0,L3,0,0.2620432126029801,1,bisquare,7265,1.0,negbinomial,0.28773770824297945,True
TGAGTTAAAGACATTC-1,10857.0,8333.0,L3,0,0.5812886859236235,1,bisquare,7265,1.0,negbinomial,0.28773770824297945,True
TGATACATTTAGCCGT-1,6106.0,9160.0,L6,3,0.18447084671884395,1,bisquare,7265,1.0,negbinomial,0.28773770824297945,True
TGATAGCGGGATTCTA-1,3980.0,5921.0,L3,0,0.23445997232768898,1,bisquare,7265,1.0,negbinomial,0.28773770824297945,True
TGATCAGGGAACTGCT-1,4802.0,7600.0,L5,2,0.16411058102556259,1,bisquare,7265,1.0,negbinomial,0.28773770824297945,True
TGATCCCAGCATTAGT-1,10519.0,5817.0,L3,0,0.11588750647983415,1,bisquare,7265,1.0,negbinomial,0.28773770824297945,True
TGATCGGTTTGACCCT-1,6871.0,5928.0,L3,0,0.28175263137188045,1,bisquare,7265,1.0,negbinomial,0.28773770824297945,True
TGATCTACGCTGATCT-1,10040.0,4499.0,L3,0,0.46332734171101025,1,bisquare,7265,1.0,negbinomial,0.28773770824297945,True
TGATCTCCGGCGCCAG-1,6596.0,5927.0,L3,0,0.27158812491123413,1,bisquare,7265,1.0,negbinomial,0.28773770824297945,True
TGATGGCTGTTTCTGA-1,11000.0,6178.0,L3,0,0.11493898842376013,1,bisquare,7265,1.0,negbinomial,0.28773770824297945,True
TGATGTCAATTAAGTG-1,10235.0,9649.0,L5,2,0.2134845732439485,1,bisquare,7265,1.0,negbinomial,0.28773770824297945,True
TGATTCAGGTCCCGCG-1,3699.0,8316.0,L5,2,0.21220768638552945,1,bisquare,7265,1.0,negbinomial,0.28773770824297945,True
TGATTCCCGGTTACCT-1,6585.0,10239.0,WM,4,0.10931325961800017,1,bisquare,7265,1.0,negbinomial,0.28773770824297945,True
TGATTCGTCTATCACT-1,5975.0,6285.0,L3,0,0.29907581642867825,1,bisquare,7265,1.0,negbinomial,0.28773770824297945,True
TGATTCTGTCGCCGGT-1,6177.0,8322.0,L5,2,0.18372033077086825,1,bisquare,7265,1.0,negbinomial,0.28773770824297945,True
TGATTTATTAGCTGTG-1,5491.0,7122.0,L4,1,0.32163049405006744,1,bisquare,7265,1.0,negbinomial,0.28773770824297945,True
TGATTTCCTCCTGACG-1,5498.0,4488.0,L3,0,0.2579385300804995,1,bisquare,7265,1.0,negbinomial,0.28773770824297945,True
TGCAACCCATCTGCGG-1,9339.0,9766.0,L6,3,0.45069797147189966,1,bisquare,7265,1.0,negbinomial,0.28773770824297945,True
TGCAAGAATGACGTAA-1,7283.0,6169.0,L3,0,0.5702809834609919,1,bisquare,7265,1.0,negbinomial,0.28773770824297945,True
TGCAATCTAACACGGT-1,9339.0,10006.0,L6,3,0.23071758469688078,1,bisquare,7265,1.0,negbinomial,0.28773770824297945,True
TGCACGAGTCGGCAGC-1,7703.0,3295.0,L3,0,0.2272423207126482,1,bisquare,7265,1.0,negbinomial,0.28773770824297945,True
TGCACTATGTGAGTGC-1,4052.0,4604.0,L3,0,0.24302210651872855,1,bisquare,7265,1.0,negbinomial,0.28773770824297945,True
TGCAGAACTATATCGT-1,4664.0,7599.0,L5,2,0.1404696544338403,1,bisquare,7265,1.0,negbinomial,0.28773770824297945,True
TGCAGAGTACCGAGCA-1,6317.0,7124.0,L4,1,0.22880529714335207,1,bisquare,7265,1.0,negbinomial,0.28773770824297945,True
TGCAGATCGTCCTAGG-1,4389.0,7599.0,L4,1,0.25962260730249137,1,bisquare,7265,1.0,negbinomial,0.28773770824297945,True
TGCAGCTACGTACTTC-1,4251.0,7598.0,L4,1,0.13018207474001436,1,bisquare,7265,1.0,negbinomial,0.28773770824297945,True
TGCAGGATCGGCAAAG-1,8249.0,5452.0,L3,0,0.26431736551086654,1,bisquare,7265,1.0,negbinomial,0.28773770824297945,True
TGCAGTTTCCTCCCAT-1,9345.0,7371.0,L3,0,0.4779964017488282,1,bisquare,7265,1.0,negbinomial,0.28773770824297945,True
TGCATATGTCTGTCAC-1,9003.0,6772.0,L3,0,0.3405309081539887,1,bisquare,7265,1.0,negbinomial,0.28773770824297945,True
TGCATGGATCGGATCT-1,7768.0,4852.0,L3,0,0.20825764532125776,1,bisquare,7265,1.0,negbinomial,0.28773770824297945,True
TGCATGGCAGTCTTGC-1,10389.0,2703.0,L3,0,0.4044855446505377,1,bisquare,7265,1.0,negbinomial,0.28773770824297945,True
TGCATGTGGTAATCTA-1,8729.0,6052.0,L3,0,0.2153386071878322,1,bisquare,7265,1.0,negbinomial,0.28773770824297945,True
TGCCAAAGTCAGACTT-1,4458.0,7719.0,L5,2,0.19356662184874213,1,bisquare,7265,1.0,negbinomial,0.28773770824297945,True
TGCCAATGGGTACTCT-1,6726.0,9042.0,L6,3,0.3345466451531345,1,bisquare,7265,1.0,negbinomial,0.28773770824297945,True
TGCCACCTGGCGAAAC-1,8387.0,4974.0,L3,0,0.2927490399385612,1,bisquare,7265,1.0,negbinomial,0.28773770824297945,True
TGCCAGTACGTGGAGA-1,8034.0,8685.0,L5,2,0.28544404861012335,1,bisquare,7265,1.0,negbinomial,0.28773770824297945,True
TGCCATGGCTTATAAG-1,9769.0,3061.0,L3,0,0.41685252595381717,1,bisquare,7265,1.0,negbinomial,0.28773770824297945,True
TGCCATTACTAAAGAA-1,9144.0,5095.0,L3,0,0.4042160999106246,1,bisquare,7265,1.0,negbinomial,0.28773770824297945,True
TGCCCGTACCGTTAAA-1,8311.0,7968.0,L4,1,0.3290072346602863,1,bisquare,7265,1.0,negbinomial,0.28773770824297945,True
TGCCGAAAGCGTATTC-1,11343.0,6538.0,L3,0,0.13502007506118363,1,bisquare,7265,1.0,negbinomial,0.28773770824297945,True
TGCCGGATGTACGAGC-1,5484.0,9997.0,WM,4,0.5538015250348419,1,bisquare,7265,1.0,negbinomial,0.28773770824297945,True
TGCCGTGGATCGTCCT-1,7482.0,9403.0,L6,3,0.15989751887256656,1,bisquare,7265,1.0,negbinomial,0.28773770824297945,True
TGCCTAATTGAAGATT-1,10373.0,9170.0,L5,2,0.3953449398306606,1,bisquare,7265,1.0,negbinomial,0.28773770824297945,True
TGCCTGACATCGGTCA-1,4534.0,4485.0,L3,0,0.17508606101939936,1,bisquare,7265,1.0,negbinomial,0.28773770824297945,True
TGCCTGATCAAACGAT-1,7974.0,4973.0,L3,0,0.23400621415123501,1,bisquare,7265,1.0,negbinomial,0.28773770824297945,True
TGCCTTGGCCAGGCAA-1,8791.0,8807.0,L5,2,0.5036368182474525,1,bisquare,7265,1.0,negbinomial,0.28773770824297945,True
TGCGAATATGGGATTT-1,4044.0,7957.0,L5,2,0.1767509781846212,1,bisquare,7265,1.0,negbinomial,0.28773770824297945,True
TGCGACACCCTAGTGC-1,6315.0,8083.0,L5,2,0.3808436419711649,1,bisquare,7265,1.0,negbinomial,0.28773770824297945,True
TGCGACGGCCGAACGT-1,5347.0,9757.0,WM,4,0.46257446039386674,1,bisquare,7265,1.0,negbinomial,0.28773770824297945,True
TGCGAGAATATTACCC-1,5901.0,8561.0,L5,2,0.4828219612445681,1,bisquare,7265,1.0,negbinomial,0.28773770824297945,True
TGCGATGCTAATGGCT-1,3913.0,5083.0,L3,0,0.2731769056799655,1,bisquare,7265,1.0,negbinomial,0.28773770824297945,True
TGCGCAAAGCATTTGG-1,7765.0,6290.0,L3,0,0.4346965630026323,1,bisquare,7265,1.0,negbinomial,0.28773770824297945,True
TGCGCCGTTAATAACG-1,11616.0,7496.0,L3,0,0.4591693538959333,1,bisquare,7265,1.0,negbinomial,0.28773770824297945,True
TGCGCGATTAACGGAG-1,5976.0,5806.0,L3,0,0.28501796905521043,1,bisquare,7265,1.0,negbinomial,0.28773770824297945,True
TGCGGAGTAAAGGTGC-1,7974.0,5212.0,L3,0,0.25968575045899844,1,bisquare,7265,1.0,negbinomial,0.28773770824297945,True
TGCGGCATAGTTCAAC-1,6875.0,4012.0,L3,0,0.14164560501179593,1,bisquare,7265,1.0,negbinomial,0.28773770824297945,True
TGCGGTGAAATTTCAT-1,7701.0,4014.0,L3,0,0.20672168130712962,1,bisquare,7265,1.0,negbinomial,0.28773770824297945,True
TGCGTAAGAACCTGAT-1,6109.0,7723.0,L5,2,0.3803720442461956,1,bisquare,7265,1.0,negbinomial,0.28773770824297945,True
TGCGTCATGACTGAGC-1,4592.0,8917.0,L5,2,0.22086984431477602,1,bisquare,7265,1.0,negbinomial,0.28773770824297945,True
TGCGTGATTGGGTGTC-1,4329.0,3886.0,L3,0,0.11058640138114012,1,bisquare,7265,1.0,negbinomial,0.28773770824297945,True
TGCGTTTGTTGACACT-1,8381.0,7608.0,L3,0,0.3585524770276013,1,bisquare,7265,1.0,negbinomial,0.28773770824297945,True
TGCTAAGTGTCTATTT-1,9342.0,8808.0,L5,2,0.2995111409742065,1,bisquare,7265,1.0,negbinomial,0.28773770824297945,True
TGCTATACAAACGGAC-1,6946.0,3174.0,L3,0,0.12691170613745625,1,bisquare,7265,1.0,negbinomial,0.28773770824297945,True
TGCTCCACAGTTCTTA-1,9688.0,7971.0,L3,0,0.34631188947075436,1,bisquare,7265,1.0,negbinomial,0.28773770824297945,True
TGCTCGGCGAAACCCA-1,7344.0,9402.0,L6,3,0.3407767578389441,1,bisquare,7265,1.0,negbinomial,0.28773770824297945,True
TGCTCGGTGGGTCACC-1,8099.0,10482.0,WM,4,0.14649696584376445,1,bisquare,7265,1.0,negbinomial,0.28773770824297945,True
TGCTCTGCCGGTTCAC-1,11896.0,5820.0,L3,0,0.06450656847890295,1,bisquare,7265,1.0,negbinomial,0.28773770824297945,True
TGCTCTTGAGAGTTTG-1,7962.0,10242.0,WM,4,0.12707119797988486,1,bisquare,7265,1.0,negbinomial,0.28773770824297945,True
TGCTGGTTGGACAATT-1,5978.0,5088.0,L3,0,0.27953704587090833,1,bisquare,7265,1.0,negbinomial,0.28773770824297945,True
TGCTGTTGAAGAACTC-1,7694.0,7128.0,L3,0,0.5737602012525582,1,bisquare,7265,1.0,negbinomial,0.28773770824297945,True
TGCTTAGAGAGAATGC-1,4934.0,9995.0,L6,3,0.22057314908959846,1,bisquare,7265,1.0,negbinomial,0.28773770824297945,True
TGCTTCCCAAGCAGTA-1,7687.0,10002.0,WM,4,0.17046844904658803,1,bisquare,7265,1.0,negbinomial,0.28773770824297945,True
TGCTTGAAACCATGCA-1,4330.0,3646.0,L3,0,0.1420114169542231,1,bisquare,7265,1.0,negbinomial,0.28773770824297945,True
TGGAACCACTGACACA-1,10176.0,5457.0,L3,0,0.3158646169268355,1,bisquare,7265,1.0,negbinomial,0.28773770824297945,True
TGGAAGAAGGGAACGT-1,5560.0,7242.0,L4,1,0.2753119580147488,1,bisquare,7265,1.0,negbinomial,0.28773770824297945,True
TGGAAGACGAACACCA-1,6324.0,4250.0,L3,0,0.22079058447013725,1,bisquare,7265,1.0,negbinomial,0.28773770824297945,True
TGGAAGGATAAAGATG-1,7837.0,4972.0,L3,0,0.38707535242327584,1,bisquare,7265,1.0,negbinomial,0.28773770824297945,True
TGGAATATCCTTGACC-1,10520.0,5338.0,L3,0,0.2701525579726165,1,bisquare,7265,1.0,negbinomial,0.28773770824297945,True
TGGAATTAGACGCTTT-1,4394.0,5683.0,L3,0,0.2236938831198223,1,bisquare,7265,1.0,negbinomial,0.28773770824297945,True
TGGACACCGTTGCTTG-1,3845.0,4963.0,L3,0,0.1425696002439903,1,bisquare,7265,1.0,negbinomial,0.28773770824297945,True
TGGACCAATCTAAGAT-1,8651.0,10004.0,L6,3,0.33447531488506566,1,bisquare,7265,1.0,negbinomial,0.28773770824297945,True
TGGACGCAATCCAGCC-1,4522.0,9515.0,L6,3,0.2447930949685048,1,bisquare,7265,1.0,negbinomial,0.28773770824297945,True
TGGACTGTTCGCTCAA-1,8176.0,7009.0,L3,0,0.43253843825727367,1,bisquare,7265,1.0,negbinomial,0.28773770824297945,True
TGGAGCTAAAGTTCCC-1,7841.0,3296.0,L3,0,0.21126027421029694,1,bisquare,7265,1.0,negbinomial,0.28773770824297945,True
TGGAGGGAAACACCTC-1,11553.0,5221.0,L3,0,0.09884565336546601,1,bisquare,7265,1.0,negbinomial,0.28773770824297945,True
TGGAGTGATGCGATGA-1,5976.0,6046.0,L3,0,0.2549225455124488,1,bisquare,7265,1.0,negbinomial,0.28773770824297945,True
TGGCAAACTAAATTAC-1,8516.0,8567.0,L5,2,0.34456475889106225,1,bisquare,7265,1.0,negbinomial,0.28773770824297945,True
TGGCAACTCGCGCGCC-1,9075.0,5215.0,L3,0,0.24932315145313466,1,bisquare,7265,1.0,negbinomial,0.28773770824297945,True
TGGCAAGCACAAGTCG-1,6998.0,10479.0,WM,4,0.10480650854198002,1,bisquare,7265,1.0,negbinomial,0.28773770824297945,True
TGGCAATGGGACGGCG-1,10442.0,9051.0,L5,2,0.41639565495878106,1,bisquare,7265,1.0,negbinomial,0.28773770824297945,True
TGGCACGAGCTCGAGT-1,9975.0,3181.0,L3,0,0.33225277781534457,1,bisquare,7265,1.0,negbinomial,0.28773770824297945,True
TGGCAGATTACGATCA-1,7142.0,7845.0,L5,2,0.35235455760827233,1,bisquare,7265,1.0,negbinomial,0.28773770824297945,True
TGGCAGCAGTAATAGT-1,7349.0,7247.0,L4,1,0.4439466390676896,1,bisquare,7265,1.0,negbinomial,0.28773770824297945,True
TGGCATGAAGTTTGGG-1,3972.0,9275.0,L5,2,0.4281677463316542,1,bisquare,7265,1.0,negbinomial,0.28773770824297945,True
TGGCCAAACTGAAGTA-1,8385.0,5932.0,L3,0,0.3305720603954318,1,bisquare,7265,1.0,negbinomial,0.28773770824297945,True
TGGCCAATTTGGTACT-1,3905.0,8436.0,L5,2,0.20903190483208547,1,bisquare,7265,1.0,negbinomial,0.28773770824297945,True
TGGCCGTATATTGACC-1,5770.0,5686.0,L3,0,0.3428748678944066,1,bisquare,7265,1.0,negbinomial,0.28773770824297945,True
TGGCGACTGCTCCAAA-1,6381.0,9161.0,L6,3,0.28766636667300993,1,bisquare,7265,1.0,negbinomial,0.28773770824297945,True
TGGCGATCAAGTTATG-1,6933.0,8683.0,L6,3,0.32577863853875255,1,bisquare,7265,1.0,negbinomial,0.28773770824297945,True
TGGCGGTGTGCGATTG-1,6120.0,3411.0,L3,0,0.16485845162265306,1,bisquare,7265,1.0,negbinomial,0.28773770824297945,True
TGGCTATGTGACATAC-1,8789.0,9765.0,L6,3,0.29169627161876716,1,bisquare,7265,1.0,negbinomial,0.28773770824297945,True
TGGCTCTTGTCGCGTA-1,3976.0,7598.0,L4,1,0.27578097147634556,1,bisquare,7265,1.0,negbinomial,0.28773770824297945,True
TGGCTTTGGGTAGACA-1,6667.0,4850.0,L3,0,0.21841625267558668,1,bisquare,7265,1.0,negbinomial,0.28773770824297945,True
TGGGAAATGCCTTTCC-1,5014.0,5325.0,L3,0,0.21588642279364006,1,bisquare,7265,1.0,negbinomial,0.28773770824297945,True
TGGGATGCACTCATTC-1,9904.0,4019.0,L3,0,0.29644564130165546,1,bisquare,7265,1.0,negbinomial,0.28773770824297945,True
TGGGCAATAGTTGGGT-1,10582.0,8093.0,L3,0,0.5768088370099378,1,bisquare,7265,1.0,negbinomial,0.28773770824297945,True
TGGGCACAAACAGAAC-1,6326.0,3532.0,L3,0,0.1788003335854537,1,bisquare,7265,1.0,negbinomial,0.28773770824297945,True
TGGGCACGTTCTATGG-1,8182.0,4374.0,L3,0,0.2597893070715436,1,bisquare,7265,1.0,negbinomial,0.28773770824297945,True
TGGGCAGGCCACCGCA-1,11131.0,9052.0,L4,1,0.557148242841481,1,bisquare,7265,1.0,negbinomial,0.28773770824297945,True
TGGGCCACAAGAGCGC-1,8113.0,4733.0,L3,0,0.2125779587333825,1,bisquare,7265,1.0,negbinomial,0.28773770824297945,True
TGGGCCCATACTAATT-1,9274.0,8209.0,L4,1,0.33845315428612466,1,bisquare,7265,1.0,negbinomial,0.28773770824297945,True
TGGGTAAGGTTCCCGC-1,8596.0,4136.0,L3,0,0.3656541350613926,1,bisquare,7265,1.0,negbinomial,0.28773770824297945,True
TGGTAAGCAGGATTGA-1,3907.0,7478.0,L3,0,0.18967505705947219,1,bisquare,7265,1.0,negbinomial,0.28773770824297945,True
TGGTAGAATATATGGG-1,10031.0,8331.0,L4,1,0.27753911104675905,1,bisquare,7265,1.0,negbinomial,0.28773770824297945,True
TGGTATCGCATCCCAA-1,7840.0,3535.0,L3,0,0.24047520966891922,1,bisquare,7265,1.0,negbinomial,0.28773770824297945,True
TGGTATCGGTCTGTAT-1,7221.0,3414.0,L3,0,0.30667166939433577,1,bisquare,7265,1.0,negbinomial,0.28773770824297945,True
TGGTCCCACGCTACGG-1,8241.0,8806.0,L5,2,0.23499739365493993,1,bisquare,7265,1.0,negbinomial,0.28773770824297945,True
TGGTCGTTTGATAGAT-1,10457.0,2823.0,L3,0,0.4105686139701536,1,bisquare,7265,1.0,negbinomial,0.28773770824297945,True
TGGTCTAGCTTACATG-1,3500.0,5082.0,L3,0,0.04873762137760423,1,bisquare,7265,1.0,negbinomial,0.28773770824297945,True
TGGTCTGTTGGGCGTA-1,5148.0,7002.0,L4,1,0.42537778103514423,1,bisquare,7265,1.0,negbinomial,0.28773770824297945,True
TGGTGATCGTATTTGT-1,4256.0,5682.0,L3,0,0.18642773823324996,1,bisquare,7265,1.0,negbinomial,0.28773770824297945,True
TGGTTAACTTACATTT-1,3696.0,9753.0,L6,3,0.4768486028932905,1,bisquare,7265,1.0,negbinomial,0.28773770824297945,True
TGGTTAAGGGCGCTGG-1,11001.0,5699.0,L3,0,0.09563624553023371,1,bisquare,7265,1.0,negbinomial,0.28773770824297945,True
TGGTTATGCTTGCGGT-1,3224.0,5560.0,L3,0,0.08619486764750522,1,bisquare,7265,1.0,negbinomial,0.28773770824297945,True
TGGTTCAACGGGTAAT-1,8241.0,8566.0,L5,2,0.32679288077980706,1,bisquare,7265,1.0,negbinomial,0.28773770824297945,True
TGGTTCGTAGCAAAGG-1,6941.0,5329.0,L3,0,0.30179503744123803,1,bisquare,7265,1.0,negbinomial,0.28773770824297945,True
TGGTTGGAGGATCCTG-1,9422.0,3898.0,L3,0,0.2138598233223788,1,bisquare,7265,1.0,negbinomial,0.28773770824297945,True
TGGTTTAAACGTGGGT-1,10864.0,5459.0,L3,0,0.29727969825927686,1,bisquare,7265,1.0,negbinomial,0.28773770824297945,True
TGTAATGACCACAATA-1,4115.0,6880.0,L3,0,0.5408463866138865,1,bisquare,7265,1.0,negbinomial,0.28773770824297945,True
TGTAATGCCTTCGGAC-1,10526.0,2943.0,L3,0,0.3766453780724195,1,bisquare,7265,1.0,negbinomial,0.28773770824297945,True
TGTACCTACACGAGGG-1,9409.0,9647.0,L5,2,0.5639669945150294,1,bisquare,7265,1.0,negbinomial,0.28773770824297945,True
TGTACGAACAAATCCG-1,7143.0,7126.0,L4,1,0.397011479218647,1,bisquare,7265,1.0,negbinomial,0.28773770824297945,True
TGTACTACTCTCACGG-1,11416.0,4981.0,L3,0,0.08282419195369885,1,bisquare,7265,1.0,negbinomial,0.28773770824297945,True
TGTACTGTGCCAAAGT-1,6120.0,3172.0,L3,0,0.16060687392121997,1,bisquare,7265,1.0,negbinomial,0.28773770824297945,True
TGTAGGAGAAATTTCC-1,9072.0,6652.0,L3,0,0.2903575669955565,1,bisquare,7265,1.0,negbinomial,0.28773770824297945,True
TGTAGTGATCTATAAT-1,5423.0,6763.0,L3,0,0.2841845443777816,1,bisquare,7265,1.0,negbinomial,0.28773770824297945,True
TGTATAACAGATCCTG-1,8591.0,6052.0,L3,0,0.16317560887031773,1,bisquare,7265,1.0,negbinomial,0.28773770824297945,True
TGTATACGGATGATGA-1,11759.0,5581.0,L3,0,0.05301399464791567,1,bisquare,7265,1.0,negbinomial,0.28773770824297945,True
TGTATCCTTATTCCAT-1,6601.0,3772.0,L3,0,0.13703055149358478,1,bisquare,7265,1.0,negbinomial,0.28773770824297945,True
TGTATGGCGCAGACAG-1,9551.0,7731.0,L3,0,0.3066869881977898,1,bisquare,7265,1.0,negbinomial,0.28773770824297945,True
TGTCATTTGTTGGGAA-1,10658.0,5099.0,L3,0,0.22814330968299074,1,bisquare,7265,1.0,negbinomial,0.28773770824297945,True
TGTCCCGACATAGCAC-1,7082.0,3893.0,L3,0,0.276976810836952,1,bisquare,7265,1.0,negbinomial,0.28773770824297945,True
TGTCCGTGGCGCCTTT-1,4392.0,6162.0,L3,0,0.23685364493289368,1,bisquare,7265,1.0,negbinomial,0.28773770824297945,True
TGTCCTAAGTCACCGC-1,5217.0,6643.0,L3,0,0.284191335937312,1,bisquare,7265,1.0,negbinomial,0.28773770824297945,True
TGTCGGCATGGTGGAA-1,4743.0,3647.0,L3,0,0.1153285315530021,1,bisquare,7265,1.0,negbinomial,0.28773770824297945,True
TGTCGTTATCACATAT-1,4177.0,9874.0,L6,3,0.20989654695352494,1,bisquare,7265,1.0,negbinomial,0.28773770824297945,True
TGTCTACAGTTTCTGT-1,6807.0,3892.0,L3,0,0.14226831194476788,1,bisquare,7265,1.0,negbinomial,0.28773770824297945,True
TGTGACTACGCCAGTC-1,8181.0,5093.0,L3,0,0.2704201518262877,1,bisquare,7265,1.0,negbinomial,0.28773770824297945,True
TGTGAGACTAGCCCAA-1,7481.0,9642.0,WM,4,0.2975831952480133,1,bisquare,7265,1.0,negbinomial,0.28773770824297945,True
TGTGCCGGTGCCGGAA-1,9823.0,8929.0,L5,2,0.3422850368138663,1,bisquare,7265,1.0,negbinomial,0.28773770824297945,True
TGTGCTTTACGTAAGA-1,4391.0,6880.0,L3,0,0.33896909397945896,1,bisquare,7265,1.0,negbinomial,0.28773770824297945,True
TGTGGCAAAGCGTATG-1,9142.0,6053.0,L3,0,0.20312434403207513,1,bisquare,7265,1.0,negbinomial,0.28773770824297945,True
TGTGGCGGGCTTCTGG-1,7204.0,10360.0,WM,4,0.11049416546295755,1,bisquare,7265,1.0,negbinomial,0.28773770824297945,True
TGTGGCTCCCACCAAC-1,11271.0,7855.0,L3,0,0.3857880374491397,1,bisquare,7265,1.0,negbinomial,0.28773770824297945,True
TGTGGTTGCTAAAGCT-1,6516.0,10358.0,WM,4,0.1712320200618693,1,bisquare,7265,1.0,negbinomial,0.28773770824297945,True
TGTGTAGTAGCACGTG-1,11130.0,9531.0,L5,2,0.14674923234742177,1,bisquare,7265,1.0,negbinomial,0.28773770824297945,True
TGTGTCGCGAGTTGCA-1,5633.0,5446.0,L3,0,0.22245825198174735,1,bisquare,7265,1.0,negbinomial,0.28773770824297945,True
TGTGTTCGTATCCAAG-1,4599.0,6282.0,L3,0,0.27958131994608176,1,bisquare,7265,1.0,negbinomial,0.28773770824297945,True
TGTTATTGTATGTGGC-1,9069.0,7850.0,L3,0,0.4661944170395065,1,bisquare,7265,1.0,negbinomial,0.28773770824297945,True
TGTTCATAAATGTGCT-1,3705.0,5681.0,L3,0,0.14990165556470364,1,bisquare,7265,1.0,negbinomial,0.28773770824297945,True
TGTTCCGCTTCCATGA-1,6180.0,6885.0,L3,0,0.5171487471149687,1,bisquare,7265,1.0,negbinomial,0.28773770824297945,True
TGTTCGTATTGCGGTG-1,7347.0,8444.0,L5,2,0.30584779280915314,1,bisquare,7265,1.0,negbinomial,0.28773770824297945,True
TGTTCTTCCATTGACT-1,6112.0,6525.0,L3,0,0.32851810766409395,1,bisquare,7265,1.0,negbinomial,0.28773770824297945,True
TGTTGCCGTCGTCCCA-1,11546.0,8095.0,L3,0,0.25813737724116065,1,bisquare,7265,1.0,negbinomial,0.28773770824297945,True
TGTTGTCAAGAAGTCT-1,8799.0,5454.0,L3,0,0.18353097733997886,1,bisquare,7265,1.0,negbinomial,0.28773770824297945,True
TGTTTAATACTTCATC-1,8459.0,3656.0,L3,0,0.4603261562787584,1,bisquare,7265,1.0,negbinomial,0.28773770824297945,True
TGTTTCGGTACTTCTC-1,7011.0,4731.0,L3,0,0.20705977300751602,1,bisquare,7265,1.0,negbinomial,0.28773770824297945,True
TGTTTGAGATCGTCAG-1,11063.0,8453.0,L3,0,0.2733032066905611,1,bisquare,7265,1.0,negbinomial,0.28773770824297945,True
TTAAACAGAGTCCCGC-1,5018.0,3648.0,L3,0,0.11486437767659159,1,bisquare,7265,1.0,negbinomial,0.28773770824297945,True
TTAAACCGGTAGCGAC-1,6739.0,3533.0,L3,0,0.18959712919272992,1,bisquare,7265,1.0,negbinomial,0.28773770824297945,True
TTAAACCTGGTTCCTT-1,3981.0,5682.0,L3,0,0.1952425067114434,1,bisquare,7265,1.0,negbinomial,0.28773770824297945,True
TTAAACTCGAATTCAT-1,9692.0,6294.0,L3,0,0.430647561647236,1,bisquare,7265,1.0,negbinomial,0.28773770824297945,True
TTAACACCTCGAACAT-1,4669.0,5444.0,L3,0,0.2766867936355563,1,bisquare,7265,1.0,negbinomial,0.28773770824297945,True
TTAACCAACCCTCCCT-1,6942.0,4850.0,L3,0,0.38888578928398204,1,bisquare,7265,1.0,negbinomial,0.28773770824297945,True
TTAACGAACAAGCAGT-1,11002.0,5219.0,L3,0,0.44227173209064524,1,bisquare,7265,1.0,negbinomial,0.28773770824297945,True
TTAACGTCGCAAGACC-1,6876.0,3772.0,L3,0,0.1811491852308293,1,bisquare,7265,1.0,negbinomial,0.28773770824297945,True
TTAACGTTAAAGCCTG-1,3427.0,6878.0,L3,0,0.3257193103075183,1,bisquare,7265,1.0,negbinomial,0.28773770824297945,True
TTAACTCACGCGTGGA-1,4119.0,5442.0,L3,0,0.2001910900785182,1,bisquare,7265,1.0,negbinomial,0.28773770824297945,True
TTAACTTCAGGTAGGA-1,4938.0,8079.0,L5,2,0.2700723846894999,1,bisquare,7265,1.0,negbinomial,0.28773770824297945,True
TTAAGACGAACGAACC-1,9768.0,3300.0,L3,0,0.4219220851045915,1,bisquare,7265,1.0,negbinomial,0.28773770824297945,True
TTAAGATAGGATTGAC-1,10101.0,7732.0,L3,0,0.5792120873528342,1,bisquare,7265,1.0,negbinomial,0.28773770824297945,True
TTAAGCCGACAACTTC-1,8458.0,4135.0,L3,0,0.22609328637811785,1,bisquare,7265,1.0,negbinomial,0.28773770824297945,True
TTAAGCGCCTGACCCA-1,6182.0,6166.0,L3,0,0.2268745898515918,1,bisquare,7265,1.0,negbinomial,0.28773770824297945,True
TTAAGGATACGGAGGT-1,5844.0,3411.0,L3,0,0.11788067031340134,1,bisquare,7265,1.0,negbinomial,0.28773770824297945,True
TTAAGGCCCGTACTTT-1,4866.0,9636.0,L6,3,0.360251054872021,1,bisquare,7265,1.0,negbinomial,0.28773770824297945,True
TTAAGTATTGTTATCC-1,9338.0,10246.0,L6,3,0.19326349401294107,1,bisquare,7265,1.0,negbinomial,0.28773770824297945,True
TTAATCAGTACGTCAG-1,8388.0,4734.0,L3,0,0.20829697000824554,1,bisquare,7265,1.0,negbinomial,0.28773770824297945,True
TTAATGCGAGGTAACT-1,7979.0,3056.0,L3,0,0.22720916387169207,1,bisquare,7265,1.0,negbinomial,0.28773770824297945,True
TTAATGTAGACCAGGT-1,7834.0,6170.0,L3,0,0.22257915933888528,1,bisquare,7265,1.0,negbinomial,0.28773770824297945,True
TTAATTGCTTTGGGTG-1,8375.0,10004.0,WM,4,0.31034202011253037,1,bisquare,7265,1.0,negbinomial,0.28773770824297945,True
TTAATTTCAGACGCGG-1,7906.0,4613.0,L3,0,0.2331735079134532,1,bisquare,7265,1.0,negbinomial,0.28773770824297945,True
TTACAACTACGCATCC-1,6734.0,5449.0,L3,0,0.38313507593776247,1,bisquare,7265,1.0,negbinomial,0.28773770824297945,True
TTACAGACCTAAATGA-1,9762.0,5696.0,L3,0,0.2090062801939551,1,bisquare,7265,1.0,negbinomial,0.28773770824297945,True
TTACATCGTGGCCTGG-1,5634.0,4967.0,L3,0,0.16057799068546671,1,bisquare,7265,1.0,negbinomial,0.28773770824297945,True
TTACATGCCACAACTA-1,10240.0,7493.0,L3,0,0.3580018296738268,1,bisquare,7265,1.0,negbinomial,0.28773770824297945,True
TTACCATTGATTACCC-1,5080.0,6642.0,L3,0,0.24828956526929252,1,bisquare,7265,1.0,negbinomial,0.28773770824297945,True
TTACCCATTGCCGGGT-1,9008.0,4616.0,L3,0,0.31716881730058105,1,bisquare,7265,1.0,negbinomial,0.28773770824297945,True
TTACCCTAACAGTCCT-1,4807.0,5444.0,L3,0,0.2660553801556585,1,bisquare,7265,1.0,negbinomial,0.28773770824297945,True
TTACCCTAGGGATTGG-1,7137.0,9761.0,WM,4,0.1953230242855337,1,bisquare,7265,1.0,negbinomial,0.28773770824297945,True
TTACCGCCTTAGGGAA-1,4604.0,3887.0,L3,0,0.12453596547138183,1,bisquare,7265,1.0,negbinomial,0.28773770824297945,True
TTACGGATGGTTCGAG-1,9554.0,6533.0,L3,0,0.46464810523362,1,bisquare,7265,1.0,negbinomial,0.28773770824297945,True
TTACGTAGCGCGTGCT-1,10044.0,2822.0,L3,0,0.38048813249004043,1,bisquare,7265,1.0,negbinomial,0.28773770824297945,True
TTACTAAAGGACTTTA-1,8517.0,8327.0,L5,2,0.23013768413513974,1,bisquare,7265,1.0,negbinomial,0.28773770824297945,True
TTACTATCGGCTTCTC-1,4254.0,6640.0,L3,0,0.22266798836364393,1,bisquare,7265,1.0,negbinomial,0.28773770824297945,True
TTACTCCGGCCGGGAA-1,8521.0,6651.0,L3,0,0.27629376890514024,1,bisquare,7265,1.0,negbinomial,0.28773770824297945,True
TTACTCTGGTACGTAC-1,5283.0,7721.0,L5,2,0.25637628149491754,1,bisquare,7265,1.0,negbinomial,0.28773770824297945,True
TTACTGGGATATTTCA-1,6866.0,7844.0,L5,2,0.3616675809535329,1,bisquare,7265,1.0,negbinomial,0.28773770824297945,True
TTACTGTCTAGAGCTC-1,11072.0,4860.0,L3,0,0.259823097984252,1,bisquare,7265,1.0,negbinomial,0.28773770824297945,True
TTACTGTTTCTCTACG-1,7842.0,2817.0,L3,0,0.38109204804291547,1,bisquare,7265,1.0,negbinomial,0.28773770824297945,True
TTAGAAGAACATGACT-1,7552.0,8804.0,L6,3,0.39849765233386825,1,bisquare,7265,1.0,negbinomial,0.28773770824297945,True
TTAGAATAAGGGTCGG-1,6242.0,9879.0,WM,4,0.2639364617163736,1,bisquare,7265,1.0,negbinomial,0.28773770824297945,True
TTAGACACGATCGTTG-1,9077.0,4496.0,L3,0,0.3187678795392031,1,bisquare,7265,1.0,negbinomial,0.28773770824297945,True
TTAGACGAGTCACCTC-1,8655.0,8328.0,L5,2,0.3036937791455985,1,bisquare,7265,1.0,negbinomial,0.28773770824297945,True
TTAGAGTTTAGAAGGA-1,9068.0,8089.0,L4,1,0.236081799664287,1,bisquare,7265,1.0,negbinomial,0.28773770824297945,True
TTAGATAGGTCGATAC-1,4604.0,4126.0,L3,0,0.14291778166288813,1,bisquare,7265,1.0,negbinomial,0.28773770824297945,True
TTAGCAACATGGATGT-1,5084.0,4966.0,L3,0,0.20533613211623464,1,bisquare,7265,1.0,negbinomial,0.28773770824297945,True
TTAGCTAATACGATCT-1,9901.0,5217.0,L3,0,0.4138957275827922,1,bisquare,7265,1.0,negbinomial,0.28773770824297945,True
TTAGCTCTGTAATCCG-1,4186.0,6281.0,L3,0,0.23742364019900342,1,bisquare,7265,1.0,negbinomial,0.28773770824297945,True
TTAGCTGATTTGCCGT-1,9621.0,7132.0,L3,0,0.43814447327680284,1,bisquare,7265,1.0,negbinomial,0.28773770824297945,True
TTAGGTCATAACCGAC-1,5761.0,9518.0,WM,4,0.576711121126048,1,bisquare,7265,1.0,negbinomial,0.28773770824297945,True
TTAGTAAACCTGCTCT-1,9614.0,10007.0,L6,3,0.19138743458789592,1,bisquare,7265,1.0,negbinomial,0.28773770824297945,True
TTAGTAGGGCGGCGGG-1,4942.0,6642.0,L3,0,0.268460232109514,1,bisquare,7265,1.0,negbinomial,0.28773770824297945,True
TTAGTTATTCGTGGCA-1,9412.0,8210.0,L4,1,0.26093319364034967,1,bisquare,7265,1.0,negbinomial,0.28773770824297945,True
TTAGTTCAAGTGTTCG-1,10865.0,5219.0,L3,0,0.20994644144396063,1,bisquare,7265,1.0,negbinomial,0.28773770824297945,True
TTATAGATGCACATTA-1,6809.0,3173.0,L3,0,0.11258351703194987,1,bisquare,7265,1.0,negbinomial,0.28773770824297945,True
TTATAGGTAATTGTCT-1,8169.0,9883.0,WM,4,0.28687603657136695,1,bisquare,7265,1.0,negbinomial,0.28773770824297945,True
TTATATACGCTGTCAC-1,8245.0,7129.0,L3,0,0.515076821991212,1,bisquare,7265,1.0,negbinomial,0.28773770824297945,True
TTATATTTGGCAATCC-1,7560.0,5690.0,L3,0,0.5272092703476803,1,bisquare,7265,1.0,negbinomial,0.28773770824297945,True
TTATCCAATCGAACTC-1,5430.0,4128.0,L3,0,0.13326443005860417,1,bisquare,7265,1.0,negbinomial,0.28773770824297945,True
TTATCCGGGATCTATA-1,9136.0,8688.0,L5,2,0.3756176757351557,1,bisquare,7265,1.0,negbinomial,0.28773770824297945,True
TTATCCTCAAGGAATA-1,4386.0,8796.0,L5,2,0.19667337519494893,1,bisquare,7265,1.0,negbinomial,0.28773770824297945,True
TTATCGCCTGCGAAGC-1,4324.0,5802.0,L3,0,0.1607222063752083,1,bisquare,7265,1.0,negbinomial,0.28773770824297945,True
TTATCTGACATTAGGA-1,3700.0,8076.0,L4,1,0.25277883554377284,1,bisquare,7265,1.0,negbinomial,0.28773770824297945,True
TTATCTGTATCATAAC-1,7286.0,5211.0,L3,0,0.32285035536065126,1,bisquare,7265,1.0,negbinomial,0.28773770824297945,True
TTATGAATGAAAGGGA-1,7487.0,7487.0,L4,1,0.28558501145018594,1,bisquare,7265,1.0,negbinomial,0.28773770824297945,True
TTATGACAAACTGGAT-1,5563.0,5805.0,L3,0,0.44957682803155424,1,bisquare,7265,1.0,negbinomial,0.28773770824297945,True
TTATGATCTTAACGAA-1,8795.0,7130.0,L3,0,0.482337145779562,1,bisquare,7265,1.0,negbinomial,0.28773770824297945,True
TTATGCGTCCCGGTCC-1,6257.0,3412.0,L3,0,0.1440925021153821,1,bisquare,7265,1.0,negbinomial,0.28773770824297945,True
TTATGTTTGCGATAGA-1,4531.0,5683.0,L3,0,0.23265353683901052,1,bisquare,7265,1.0,negbinomial,0.28773770824297945,True
TTATTAGAGCGTGTTC-1,7967.0,8086.0,L5,2,0.323465752178693,1,bisquare,7265,1.0,negbinomial,0.28773770824297945,True
TTATTAGGGAAGCATC-1,7219.0,4372.0,L3,0,0.3423687288879015,1,bisquare,7265,1.0,negbinomial,0.28773770824297945,True
TTATTATCTGGAAGGC-1,11475.0,9173.0,L4,1,0.17607318757357898,1,bisquare,7265,1.0,negbinomial,0.28773770824297945,True
TTCAAAGTCTCTAGCC-1,8314.0,6770.0,L3,0,0.1598729570646496,1,bisquare,7265,1.0,negbinomial,0.28773770824297945,True
TTCAACGACCCGACCG-1,6460.0,4969.0,L3,0,0.23063478370075532,1,bisquare,7265,1.0,negbinomial,0.28773770824297945,True
TTCAAGCCGAGCTGAG-1,8321.0,4135.0,L3,0,0.2288763710925241,1,bisquare,7265,1.0,negbinomial,0.28773770824297945,True
TTCAATACTCTGAATC-1,9071.0,7131.0,L3,0,0.3191061170808136,1,bisquare,7265,1.0,negbinomial,0.28773770824297945,True
TTCAATTAGCCATAAT-1,8460.0,3417.0,L3,0,0.30847556407859567,1,bisquare,7265,1.0,negbinomial,0.28773770824297945,True
TTCACGAAAGGATCAC-1,6868.0,7126.0,L4,1,0.29517567503623415,1,bisquare,7265,1.0,negbinomial,0.28773770824297945,True
TTCACTCGAGCACCTA-1,7896.0,9164.0,L6,3,0.2554152872503775,1,bisquare,7265,1.0,negbinomial,0.28773770824297945,True
TTCAGCCCTGGTCCAC-1,8999.0,8209.0,L4,1,0.33394993210209084,1,bisquare,7265,1.0,negbinomial,0.28773770824297945,True
TTCAGCTGGCGTGCCC-1,9685.0,9168.0,L5,2,0.27980928288535967,1,bisquare,7265,1.0,negbinomial,0.28773770824297945,True
TTCAGGCGTCAAAGCC-1,4252.0,7359.0,L3,0,0.24454853059785922,1,bisquare,7265,1.0,negbinomial,0.28773770824297945,True
TTCAGTTTGTGGCAGC-1,3636.0,5801.0,L3,0,0.08201219045968874,1,bisquare,7265,1.0,negbinomial,0.28773770824297945,True
TTCATGGCGCAACAGG-1,8319.0,4854.0,L3,0,0.232972457214921,1,bisquare,7265,1.0,negbinomial,0.28773770824297945,True
TTCCAATCAGAGCTAG-1,9694.0,5336.0,L3,0,0.5201839299030404,1,bisquare,7265,1.0,negbinomial,0.28773770824297945,True
TTCCAATCTGGCTATC-1,6314.0,8322.0,L5,2,0.22702418531083499,1,bisquare,7265,1.0,negbinomial,0.28773770824297945,True
TTCCACACAGATTTGA-1,6314.0,8562.0,L5,2,0.1822515153646595,1,bisquare,7265,1.0,negbinomial,0.28773770824297945,True
TTCCAGACGAGATTTA-1,10791.0,7255.0,L3,0,0.5661871022942067,1,bisquare,7265,1.0,negbinomial,0.28773770824297945,True
TTCCATCATGCGGTGA-1,9972.0,4139.0,L3,0,0.28979586118702216,1,bisquare,7265,1.0,negbinomial,0.28773770824297945,True
TTCCATCGACAGCGTG-1,10509.0,9889.0,L5,2,0.25592591439658835,1,bisquare,7265,1.0,negbinomial,0.28773770824297945,True
TTCCCGACGCTTCACT-1,9288.0,2700.0,L3,0,0.2659485444796124,1,bisquare,7265,1.0,negbinomial,0.28773770824297945,True
TTCCCGGCGCCAATAG-1,3975.0,8077.0,L5,2,0.13310930529091147,1,bisquare,7265,1.0,negbinomial,0.28773770824297945,True
TTCCGCAGAGAAATAT-1,10108.0,5098.0,L3,0,0.22893894843140614,1,bisquare,7265,1.0,negbinomial,0.28773770824297945,True
TTCCGCGTGAGGCGAT-1,7554.0,8085.0,L5,2,0.3985183151202293,1,bisquare,7265,1.0,negbinomial,0.28773770824297945,True
TTCCGGCCTTGAGGCT-1,6175.0,9040.0,L6,3,0.28939931162013405,1,bisquare,7265,1.0,negbinomial,0.28773770824297945,True
TTCCGGTATCTGTGTC-1,11066.0,7495.0,L3,0,0.3805526630791092,1,bisquare,7265,1.0,negbinomial,0.28773770824297945,True
TTCCGGTTACCCACTT-1,9137.0,7970.0,L4,1,0.22612991044709985,1,bisquare,7265,1.0,negbinomial,0.28773770824297945,True
TTCCTCGAGGGTGTCT-1,6529.0,5089.0,L3,0,0.19840485453503823,1,bisquare,7265,1.0,negbinomial,0.28773770824297945,True
TTCCTCGGACTAACCA-1,9067.0,8568.0,L5,2,0.3662496243211707,1,bisquare,7265,1.0,negbinomial,0.28773770824297945,True
TTCCTCTGCCCGAATA-1,4185.0,6760.0,L3,0,0.4765615104088957,1,bisquare,7265,1.0,negbinomial,0.28773770824297945,True
TTCCTTTCTGTGTTGC-1,4880.0,3887.0,L3,0,0.1750980425650195,1,bisquare,7265,1.0,negbinomial,0.28773770824297945,True
TTCGACAGAGCCCGTG-1,7828.0,8805.0,L5,2,0.14054319846217952,1,bisquare,7265,1.0,negbinomial,0.28773770824297945,True
TTCGACGGGAAGGGCG-1,6184.0,5447.0,L3,0,0.20319628921826388,1,bisquare,7265,1.0,negbinomial,0.28773770824297945,True
TTCGCACTCGCGTGCT-1,6252.0,5567.0,L3,0,0.3761263213217377,1,bisquare,7265,1.0,negbinomial,0.28773770824297945,True
TTCGCACTGTACGACA-1,7205.0,9881.0,WM,4,0.18570817006074825,1,bisquare,7265,1.0,negbinomial,0.28773770824297945,True
TTCGCATCCGGAAGCA-1,4467.0,3886.0,L3,0,0.1263002491942306,1,bisquare,7265,1.0,negbinomial,0.28773770824297945,True
TTCGCCGCTCGCGCTA-1,3765.0,9394.0,L5,2,0.25988336424033964,1,bisquare,7265,1.0,negbinomial,0.28773770824297945,True
TTCGCGCGCCATACGA-1,6380.0,9640.0,WM,4,0.41264365593111646,1,bisquare,7265,1.0,negbinomial,0.28773770824297945,True
TTCGCTAGGAAGTTGT-1,11203.0,7495.0,L3,0,0.2972049808119378,1,bisquare,7265,1.0,negbinomial,0.28773770824297945,True
TTCGCTATCTGACGTG-1,10039.0,4978.0,L3,0,0.1676311742882721,1,bisquare,7265,1.0,negbinomial,0.28773770824297945,True
TTCGGACTGATGCCTT-1,9974.0,3421.0,L3,0,0.33475438068099345,1,bisquare,7265,1.0,negbinomial,0.28773770824297945,True
TTCGGCAACCCGCTGA-1,9214.0,4497.0,L3,0,0.26777654495209074,1,bisquare,7265,1.0,negbinomial,0.28773770824297945,True
TTCGGCTAGAGATGGT-1,4809.0,4726.0,L3,0,0.16562080211431876,1,bisquare,7265,1.0,negbinomial,0.28773770824297945,True
TTCGGGACTAATCGCG-1,8107.0,6889.0,L3,0,0.2969691205061748,1,bisquare,7265,1.0,negbinomial,0.28773770824297945,True
TTCGGGCGCTAGTCTT-1,5693.0,9159.0,L6,3,0.3704075540668648,1,bisquare,7265,1.0,negbinomial,0.28773770824297945,True
TTCGGTGGAGACGCCC-1,11477.0,8215.0,L3,0,0.236839508825675,1,bisquare,7265,1.0,negbinomial,0.28773770824297945,True
TTCGTAATCCCAGCGG-1,9078.0,4017.0,L3,0,0.3514141864003302,1,bisquare,7265,1.0,negbinomial,0.28773770824297945,True
TTCGTACTCCAGAACG-1,5150.0,6044.0,L3,0,0.24527085200977192,1,bisquare,7265,1.0,negbinomial,0.28773770824297945,True
TTCGTTCAACGAAGTT-1,10383.0,5338.0,L3,0,0.27726958759431525,1,bisquare,7265,1.0,negbinomial,0.28773770824297945,True
TTCTAACCGAAGCTTA-1,9347.0,6653.0,L3,0,0.42757706408592155,1,bisquare,7265,1.0,negbinomial,0.28773770824297945,True
TTCTACCTTTATGTTG-1,8942.0,3298.0,L3,0,0.2027942189784551,1,bisquare,7265,1.0,negbinomial,0.28773770824297945,True
TTCTACTTGCGAGGGC-1,5358.0,5206.0,L3,0,0.18288021150033465,1,bisquare,7265,1.0,negbinomial,0.28773770824297945,True
TTCTAGAAAGTCTTAT-1,6311.0,9759.0,WM,4,0.2819938842565941,1,bisquare,7265,1.0,negbinomial,0.28773770824297945,True
TTCTAGGCCAATTGTG-1,6184.0,5208.0,L3,0,0.1919946024845484,1,bisquare,7265,1.0,negbinomial,0.28773770824297945,True
TTCTATGCCTTTCGCA-1,11482.0,6059.0,L3,0,0.09416796005742306,1,bisquare,7265,1.0,negbinomial,0.28773770824297945,True
TTCTGACCGGGCTCAA-1,8929.0,8807.0,L5,2,0.37996069658607673,1,bisquare,7265,1.0,negbinomial,0.28773770824297945,True
TTCTGCCGCGCCTAGA-1,7897.0,8446.0,L5,2,0.3873777266051611,1,bisquare,7265,1.0,negbinomial,0.28773770824297945,True
TTCTGCGAGCGCCCTT-1,4323.0,6521.0,L3,0,0.24643960454093658,1,bisquare,7265,1.0,negbinomial,0.28773770824297945,True
TTCTGCGGGTTAGCGG-1,8657.0,7370.0,L3,0,0.5737643838479879,1,bisquare,7265,1.0,negbinomial,0.28773770824297945,True
TTCTGCTAGACTCCAA-1,10450.0,5937.0,L3,0,0.14595793865240886,1,bisquare,7265,1.0,negbinomial,0.28773770824297945,True
TTCTGTTTCCTGTCGC-1,3982.0,4963.0,L3,0,0.2974677538995229,1,bisquare,7265,1.0,negbinomial,0.28773770824297945,True
TTCTTAGTGAACGGTG-1,5497.0,4727.0,L3,0,0.18406756502105626,1,bisquare,7265,1.0,negbinomial,0.28773770824297945,True
TTCTTAGTGGCTCAGA-1,7356.0,4612.0,L3,0,0.185292395622044,1,bisquare,7265,1.0,negbinomial,0.28773770824297945,True
TTCTTATCCGCTGGGT-1,10100.0,8451.0,L4,1,0.4792920702644422,1,bisquare,7265,1.0,negbinomial,0.28773770824297945,True
TTCTTCCCTTTGATAT-1,7980.0,2817.0,L3,0,0.3430696947628204,1,bisquare,7265,1.0,negbinomial,0.28773770824297945,True
TTCTTGAGCCGCGCTA-1,5971.0,8201.0,L5,2,0.2733210314586182,1,bisquare,7265,1.0,negbinomial,0.28773770824297945,True
TTCTTGCTAGCATCTC-1,10722.0,7375.0,L3,0,0.4047941690766293,1,bisquare,7265,1.0,negbinomial,0.28773770824297945,True
TTCTTGGACGATCTGC-1,5350.0,8799.0,L5,2,0.18144283624625065,1,bisquare,7265,1.0,negbinomial,0.28773770824297945,True
TTCTTGGAGTAATGAG-1,8594.0,5094.0,L3,0,0.33017812690867404,1,bisquare,7265,1.0,negbinomial,0.28773770824297945,True
TTCTTGTAACCTAATG-1,5565.0,5326.0,L3,0,0.3081807531086958,1,bisquare,7265,1.0,negbinomial,0.28773770824297945,True
TTCTTGTGTCCATCAG-1,3704.0,6160.0,L3,0,0.2705312951511589,1,bisquare,7265,1.0,negbinomial,0.28773770824297945,True
TTCTTTGGTCGCGACG-1,10313.0,5457.0,L3,0,0.17157267196645917,1,bisquare,7265,1.0,negbinomial,0.28773770824297945,True
TTGAACGAATCCTTTG-1,4602.0,4845.0,L3,0,0.1756136406343242,1,bisquare,7265,1.0,negbinomial,0.28773770824297945,True
TTGAACGACGTGCTGA-1,9202.0,9766.0,L6,3,0.4056762051158,1,bisquare,7265,1.0,negbinomial,0.28773770824297945,True
TTGAAGAATTCCCAGG-1,6594.0,6406.0,L3,0,0.4445225474846209,1,bisquare,7265,1.0,negbinomial,0.28773770824297945,True
TTGAAGGATGGGCGCC-1,3970.0,9993.0,L6,3,0.4270397148012575,1,bisquare,7265,1.0,negbinomial,0.28773770824297945,True
TTGAATATGGACTTTC-1,8383.0,6650.0,L3,0,0.25487460256570654,1,bisquare,7265,1.0,negbinomial,0.28773770824297945,True
TTGAATCGTTGTATAA-1,3837.0,8316.0,L5,2,0.1714716107353829,1,bisquare,7265,1.0,negbinomial,0.28773770824297945,True
TTGAATTCACGTGAGG-1,9827.0,7253.0,L3,0,0.3871874081570456,1,bisquare,7265,1.0,negbinomial,0.28773770824297945,True
TTGACAGGAGCTCCCG-1,9963.0,8211.0,L3,0,0.5581136247678412,1,bisquare,7265,1.0,negbinomial,0.28773770824297945,True
TTGACATGAACGTGGA-1,5352.0,7841.0,L5,2,0.2957337829386402,1,bisquare,7265,1.0,negbinomial,0.28773770824297945,True
TTGACCAGGAACAACT-1,8650.0,10244.0,WM,4,0.3255853651848006,1,bisquare,7265,1.0,negbinomial,0.28773770824297945,True
TTGACCATGTTCTCCG-1,8524.0,5453.0,L3,0,0.526126922013231,1,bisquare,7265,1.0,negbinomial,0.28773770824297945,True
TTGACCGTGTTAATGA-1,5488.0,8560.0,L5,2,0.3441193051550426,1,bisquare,7265,1.0,negbinomial,0.28773770824297945,True
TTGACGATTCAGCACG-1,6670.0,3652.0,L3,0,0.13946065451656414,1,bisquare,7265,1.0,negbinomial,0.28773770824297945,True
TTGACGCTCCATGAGC-1,10102.0,7493.0,L3,0,0.35884340901127415,1,bisquare,7265,1.0,negbinomial,0.28773770824297945,True
TTGACTACCATATGGT-1,5972.0,7722.0,L5,2,0.2716671418384402,1,bisquare,7265,1.0,negbinomial,0.28773770824297945,True
TTGACTATTGTCCGGC-1,10307.0,8092.0,L3,0,0.5832640378417141,1,bisquare,7265,1.0,negbinomial,0.28773770824297945,True
TTGAGAAGTTTAGCAT-1,9134.0,9167.0,L5,2,0.28098663319565664,1,bisquare,7265,1.0,negbinomial,0.28773770824297945,True
TTGAGAGTACTGCTAA-1,5765.0,7842.0,L5,2,0.30845894691631187,1,bisquare,7265,1.0,negbinomial,0.28773770824297945,True
TTGAGCAGCCCACGGT-1,11134.0,7855.0,L3,0,0.46772049169767166,1,bisquare,7265,1.0,negbinomial,0.28773770824297945,True
TTGAGCGCCACGTGAT-1,11273.0,7136.0,L3,0,0.5160767877606804,1,bisquare,7265,1.0,negbinomial,0.28773770824297945,True
TTGAGGCATTTAACTC-1,9424.0,3419.0,L3,0,0.24625647590700295,1,bisquare,7265,1.0,negbinomial,0.28773770824297945,True
TTGAGTCCCGCTGCTG-1,11342.0,7256.0,L3,0,0.30739158955899215,1,bisquare,7265,1.0,negbinomial,0.28773770824297945,True
TTGATAGTCAATACAT-1,11070.0,5818.0,L3,0,0.1109855852843502,1,bisquare,7265,1.0,negbinomial,0.28773770824297945,True
TTGATCTAACTTTGTC-1,6389.0,6047.0,L3,0,0.22035156180899013,1,bisquare,7265,1.0,negbinomial,0.28773770824297945,True
TTGATGTGTAGTCCCG-1,9350.0,5455.0,L3,0,0.4148735559790411,1,bisquare,7265,1.0,negbinomial,0.28773770824297945,True
TTGATTAGCTGTTTCT-1,5489.0,8320.0,L5,2,0.21740348608359875,1,bisquare,7265,1.0,negbinomial,0.28773770824297945,True
TTGATTATGCAGATGA-1,5426.0,5805.0,L3,0,0.18442928313213278,1,bisquare,7265,1.0,negbinomial,0.28773770824297945,True
TTGCACAATTCAGAAA-1,7073.0,7725.0,L5,2,0.35909491193663023,1,bisquare,7265,1.0,negbinomial,0.28773770824297945,True
TTGCACGGAGCAGCAC-1,7217.0,5091.0,L3,0,0.18445265760901253,1,bisquare,7265,1.0,negbinomial,0.28773770824297945,True
TTGCATGCTGATCACG-1,5559.0,7482.0,L5,2,0.1398773170809661,1,bisquare,7265,1.0,negbinomial,0.28773770824297945,True
TTGCCAAGCAGAACCC-1,10996.0,7854.0,L3,0,0.5107222432429513,1,bisquare,7265,1.0,negbinomial,0.28773770824297945,True
TTGCCATAGCCCGCTC-1,4798.0,9037.0,L5,2,0.3374311182556501,1,bisquare,7265,1.0,negbinomial,0.28773770824297945,True
TTGCCCTGATCACGGG-1,5492.0,6883.0,L4,1,0.2855690818382713,1,bisquare,7265,1.0,negbinomial,0.28773770824297945,True
TTGCCGCAGACCTACA-1,4383.0,9994.0,L6,3,0.1583283999352898,1,bisquare,7265,1.0,negbinomial,0.28773770824297945,True
TTGCCGCTTTCTAGTA-1,8513.0,10004.0,WM,4,0.33892569035393055,1,bisquare,7265,1.0,negbinomial,0.28773770824297945,True
TTGCCGGTGATCCCTC-1,9835.0,3899.0,L3,0,0.20312544570436594,1,bisquare,7265,1.0,negbinomial,0.28773770824297945,True
TTGCGCTCTCTCGCTT-1,3431.0,5201.0,L3,0,0.07581573865396166,1,bisquare,7265,1.0,negbinomial,0.28773770824297945,True
TTGCGGCATCAGAAAG-1,6244.0,8921.0,L6,3,0.2920656858227276,1,bisquare,7265,1.0,negbinomial,0.28773770824297945,True
TTGCGGCGACTCATGC-1,7704.0,2816.0,L3,0,0.44659710850729,1,bisquare,7265,1.0,negbinomial,0.28773770824297945,True
TTGCGTAGTTTGAGGA-1,4463.0,5563.0,L3,0,0.2204694761466834,1,bisquare,7265,1.0,negbinomial,0.28773770824297945,True
TTGCGTCGGCCAACCG-1,5969.0,8680.0,L5,2,0.2468590298849817,1,bisquare,7265,1.0,negbinomial,0.28773770824297945,True
TTGCGTGAACGCTTAG-1,9766.0,4258.0,L3,0,0.41402489040564383,1,bisquare,7265,1.0,negbinomial,0.28773770824297945,True
TTGCTCCCATACCGGA-1,8112.0,5213.0,L3,0,0.3595663513699065,1,bisquare,7265,1.0,negbinomial,0.28773770824297945,True
TTGCTGAAGGAACCAC-1,7080.0,4851.0,L3,0,0.19978874698562166,1,bisquare,7265,1.0,negbinomial,0.28773770824297945,True
TTGCTGATCATGTTCG-1,7076.0,6527.0,L3,0,0.40103738939447336,1,bisquare,7265,1.0,negbinomial,0.28773770824297945,True
TTGCTGCACCTATCCA-1,4532.0,5204.0,L3,0,0.20774972232350164,1,bisquare,7265,1.0,negbinomial,0.28773770824297945,True
TTGCTGGCCGGGCTTC-1,8529.0,3537.0,L3,0,0.17071167694752853,1,bisquare,7265,1.0,negbinomial,0.28773770824297945,True
TTGGAAGAATACAGTC-1,4800.0,8558.0,L5,2,0.48191886553624513,1,bisquare,7265,1.0,negbinomial,0.28773770824297945,True
TTGGACATGTGGCTTA-1,5146.0,7481.0,L5,2,0.16429127690428647,1,bisquare,7265,1.0,negbinomial,0.28773770824297945,True
TTGGACCATCTGGCAA-1,10375.0,8691.0,L4,1,0.36363295200227863,1,bisquare,7265,1.0,negbinomial,0.28773770824297945,True
TTGGACCTATAACAGT-1,9065.0,9287.0,L5,2,0.37095072118303213,1,bisquare,7265,1.0,negbinomial,0.28773770824297945,True
TTGGAGTCTCCCTTCT-1,6188.0,3531.0,L3,0,0.18768426944774205,1,bisquare,7265,1.0,negbinomial,0.28773770824297945,True
TTGGATATCGTCTACG-1,6727.0,8323.0,L5,2,0.40069693797401323,1,bisquare,7265,1.0,negbinomial,0.28773770824297945,True
TTGGATCGACTTCTGG-1,7289.0,3773.0,L3,0,0.16779256759067238,1,bisquare,7265,1.0,negbinomial,0.28773770824297945,True
TTGGATTGGGTACCAC-1,6943.0,4611.0,L3,0,0.32118603703908943,1,bisquare,7265,1.0,negbinomial,0.28773770824297945,True
TTGGCCATCTTGCGCT-1,4603.0,4605.0,L3,0,0.16225238310976886,1,bisquare,7265,1.0,negbinomial,0.28773770824297945,True
TTGGCCTAGAATTTCG-1,8802.0,4496.0,L3,0,0.24664244709718502,1,bisquare,7265,1.0,negbinomial,0.28773770824297945,True
TTGGCGATCCGAATAT-1,11480.0,6778.0,L3,0,0.11375751117384143,1,bisquare,7265,1.0,negbinomial,0.28773770824297945,True
TTGGCTCGCATGAGAC-1,5702.0,5326.0,L3,0,0.172931196380477,1,bisquare,7265,1.0,negbinomial,0.28773770824297945,True
TTGGGACACTGCCCGC-1,7972.0,5931.0,L3,0,0.43698015737227186,1,bisquare,7265,1.0,negbinomial,0.28773770824297945,True
TTGGGACGTAAGAGTT-1,10650.0,8692.0,L4,1,0.2651950733387477,1,bisquare,7265,1.0,negbinomial,0.28773770824297945,True
TTGGGCGGCGGTTGCC-1,8385.0,6171.0,L3,0,0.18300262441236403,1,bisquare,7265,1.0,negbinomial,0.28773770824297945,True
TTGGGTTTATTCAGCG-1,11761.0,4383.0,L3,0,0.07728182277178676,1,bisquare,7265,1.0,negbinomial,0.28773770824297945,True
TTGGTATGGCTTGTGT-1,11206.0,6537.0,L3,0,0.12677320723867228,1,bisquare,7265,1.0,negbinomial,0.28773770824297945,True
TTGGTCACACTCGTAA-1,6452.0,8322.0,L5,2,0.20693501174035153,1,bisquare,7265,1.0,negbinomial,0.28773770824297945,True
TTGGTTCGCTCAAAGG-1,11755.0,7257.0,L3,0,0.1695441030843122,1,bisquare,7265,1.0,negbinomial,0.28773770824297945,True
TTGGTTGCGGTGCGCG-1,4730.0,8917.0,L5,2,0.23603049158040407,1,bisquare,7265,1.0,negbinomial,0.28773770824297945,True
TTGTAAGGACCTAAGT-1,5351.0,8080.0,L5,2,0.3107646422495833,1,bisquare,7265,1.0,negbinomial,0.28773770824297945,True
TTGTAAGGCCAGTTGG-1,8730.0,5813.0,L3,0,0.361242707075023,1,bisquare,7265,1.0,negbinomial,0.28773770824297945,True
TTGTAATCCGTACTCG-1,6938.0,6767.0,L3,0,0.54358825912045,1,bisquare,7265,1.0,negbinomial,0.28773770824297945,True
TTGTATCACACAGAAT-1,8252.0,4015.0,L3,0,0.26391604598910745,1,bisquare,7265,1.0,negbinomial,0.28773770824297945,True
TTGTCGTTCAGTTACC-1,7148.0,5210.0,L3,0,0.21052358750879743,1,bisquare,7265,1.0,negbinomial,0.28773770824297945,True
TTGTGAACCTAATCCG-1,9341.0,9287.0,L5,2,0.21882383517248308,1,bisquare,7265,1.0,negbinomial,0.28773770824297945,True
TTGTGAGGCATGACGC-1,4045.0,7718.0,L4,1,0.14747699104365147,1,bisquare,7265,1.0,negbinomial,0.28773770824297945,True
TTGTGCAGCCACGTCA-1,8238.0,9764.0,WM,4,0.3379751223470502,1,bisquare,7265,1.0,negbinomial,0.28773770824297945,True
TTGTGGCCCTGACAGT-1,7287.0,4731.0,L3,0,0.22464310776757146,1,bisquare,7265,1.0,negbinomial,0.28773770824297945,True
TTGTGGTAGGAGGGAT-1,5075.0,8559.0,L5,2,0.18782220350819895,1,bisquare,7265,1.0,negbinomial,0.28773770824297945,True
TTGTGGTATAGGTATG-1,11828.0,5461.0,L3,0,0.05606376105608741,1,bisquare,7265,1.0,negbinomial,0.28773770824297945,True
TTGTGGTGGTACTAAG-1,9683.0,10127.0,L6,3,0.20558734592880995,1,bisquare,7265,1.0,negbinomial,0.28773770824297945,True
TTGTGTATGCCACCAA-1,7276.0,9282.0,L6,3,0.27032801042196647,1,bisquare,7265,1.0,negbinomial,0.28773770824297945,True
TTGTGTTTCCCGAAAG-1,7208.0,8683.0,L6,3,0.38735672831043955,1,bisquare,7265,1.0,negbinomial,0.28773770824297945,True
TTGTTAGCAAATTCGA-1,6047.0,5208.0,L3,0,0.41397189385728705,1,bisquare,7265,1.0,negbinomial,0.28773770824297945,True
TTGTTCAGTGTGCTAC-1,7560.0,5451.0,L3,0,0.2116511099067043,1,bisquare,7265,1.0,negbinomial,0.28773770824297945,True
TTGTTGTGTGTCAAGA-1,8453.0,6291.0,L3,0,0.2282886181697501,1,bisquare,7265,1.0,negbinomial,0.28773770824297945,True
TTGTTTCACATCCAGG-1,6036.0,9519.0,WM,4,0.570970351267382,1,bisquare,7265,1.0,negbinomial,0.28773770824297945,True
TTGTTTCATTAGTCTA-1,5210.0,9757.0,L6,3,0.33921905843313765,1,bisquare,7265,1.0,negbinomial,0.28773770824297945,True
TTGTTTCCATACAACT-1,5008.0,7960.0,L5,2,0.15362885593763834,1,bisquare,7265,1.0,negbinomial,0.28773770824297945,True
TTGTTTGTGTAAATTC-1,6670.0,3413.0,L3,0,0.4188212471631664,1,bisquare,7265,1.0,negbinomial,0.28773770824297945,True
