,BIC,FSV,LLR,M,g,l,max_delta,max_ll,max_mu_hat,max_s2_t_hat,model,n,s2_FSV,s2_logdelta,time,PER_prob,SE_prob,linear_prob,pval,qval,max_ll_null
0,7445.87748293965,0.030585466162626432,,3,MRPL20,,2.468836475738541,-3710.540266221454,-2.9325861629413374,0.5418184625422394,linear,3888,0.022325735067137305,19.591320190081106,0.00892019271850586,0.0009208722635617706,0.005353152805105677,0.9937259749314823,0.0635077032475383,0.026567985268479418,-3712.4626555994473
1,8008.350137085124,1.605492439149751e-10,,3,MZT2B,,485165195.4097903,-3991.776593294191,-4.748530261166258,4.7416501014580445e-08,linear,3888,1.2799362400052764e-07,3595401199784.086,0.0034112930297851562,0.0054133670710602095,0.1253117077963034,0.8692749251326413,0.07525725855269949,0.031016703215822887,-3991.776657120082
2,6545.620041868975,0.01068819781524836,,3,FGD5-AS1,,7.209856316386544,-3260.411545686117,-2.4042392399253965,0.13475989115889092,linear,3888,0.00047189066231466024,3.1265149191749186,0.003779888153076172,0.00023594891222715046,0.0021233854896431127,0.9976406655978091,0.034355981109375766,0.015829443715111996,-3263.831811418747
3,7904.329355593924,1.605492439149751e-10,,3,NHP2,,485165195.4097903,-3939.7662025485915,-3.5451375870367827,2.6820294396643634e-08,linear,3888,3.54705949317865e-08,996385722887.8434,0.005928754806518555,0.004745261297734319,0.14723809554222836,0.8480166431600751,0.07109901177039357,0.029431210094415423,-3939.7662659376656
4,6900.787876260959,0.003575682953567302,,3,C8orf59,,21.706170816475066,-3437.9954628821088,-2.674552348912369,0.05742858049766631,linear,3888,5.429973555113923e-05,3.1211990935964535,0.0043985843658447266,0.0016605382324001606,0.0019901824074989114,0.9963492793601816,0.11449693009854867,0.044769083127487265,-3439.461601398518
5,7304.380411072744,1.6054924391497512e-10,,3,POLR2K,,485165195.4097903,-3639.7917302880014,-2.8046472609402766,1.699791901543698e-08,linear,3888,2.2949320669713123e-08,644657229720.8818,0.0035567283630371094,0.01708844828297579,0.08414114423085581,0.8987704074862075,0.08595080280160639,0.03496668553969279,-3639.791793452737
6,7432.233042065659,1.605492439149751e-10,,3,SH3GLB2,,485165195.4097903,-3703.718045784459,-3.1066693018939926,2.0704023694151903e-08,linear,3888,2.3971392484942862e-08,673367708539.1654,0.006029605865478516,0.001133436512169729,0.10341587656180339,0.895450686926438,0.08055819787665808,0.032857685226968546,-3703.718108973925
7,6815.916698363705,1.6054924391497512e-10,,3,WASF3,,485165195.4097903,-3395.559873933482,-2.3500922867184713,1.2075757305135728e-08,linear,3888,2.4153908177899874e-08,678494660342.9081,0.003310680389404297,0.00022571046399926886,0.21806624721943343,0.7817080423166812,0.061571248678525814,0.025780698375741547,-3395.55993712718
8,7625.165308504839,1.6054924391497512e-10,,3,COMMD6,,485165195.4097903,-3800.184179004049,-2.776261441863613,1.6738894241553522e-08,linear,3888,2.0223258166263763e-07,5680808496697.328,0.0032644271850585938,0.11233345715019946,0.0731595971670975,0.8145069456829125,0.08705963511421622,0.03532657843105145,-3800.184242929213
9,8186.43745330332,1.6054924391497512e-10,,3,GABARAPL2,,485165195.4097903,-4080.820251403289,-4.563197254731501,4.390351745854589e-08,linear,3888,2.169965046827379e-08,609553405005.5907,0.003300189971923828,0.07968665003681373,0.07785832682521075,0.8424550231382204,0.08629454327548791,0.03507634057942134,-4080.8203145354973
10,8076.27892010587,1.605492439149751e-10,,3,RUNDC3A,,485165195.4097903,-4025.7409848045645,-4.758255757031527,4.7623649270561276e-08,linear,3888,1.890582794218704e-08,531073613994.7922,0.003220081329345703,0.011840407834716226,0.13812987561006335,0.8500297165550076,0.07255060893260334,0.030005819331069546,-4025.7410478526376
11,7012.06531388504,1.605492439149751e-10,,3,PLCB1,,485165195.4097903,-3493.6341816941494,-2.8068855371866546,1.6966964514427035e-08,linear,3888,3.234500078136634e-07,9085863106420.242,0.003412008285522461,0.441815251233455,0.03599437261388524,0.5221903761528801,0.09452607461154572,0.037868689366720935,-3493.634245700131
12,7701.379410104107,1.605492439149751e-10,,3,TCEA2,,485165195.4097903,-3838.2912298036827,-3.4194030701505276,2.4968804735592674e-08,linear,3888,1.7873493073616708e-08,502074841172.9413,0.0032296180725097656,0.009619465146975566,0.37067591964587576,0.6197046152075991,0.04898314472553711,0.021460304370443422,-3838.2912928157657
13,8216.32771067744,1.605492439149751e-10,,3,BSG,,485165195.4097903,-4095.76538009035,-4.332943719626845,3.9689126003405105e-08,linear,3888,4.7833591805479624e-08,1343668129646.011,0.0028061866760253906,0.0023166200001822996,0.10139099687374828,0.8962923831252105,0.08107358130268383,0.033039390499526325,-4095.7654436075236
14,7778.4878910130465,0.03572989633658721,,3,S100A13,,2.1021555497891513,-3876.8454702581525,-1.935551832346385,0.3990580604556967,linear,3888,0.005445312126134991,3.574770465125331,0.002674579620361328,2.3656951951174042e-05,0.0004117955577164276,0.9995645474904071,1.5245676839525935e-05,1.6305536726765707e-05,-3895.3164831720514
15,8182.111612439733,0.03929635352357112,,3,CSRP1,,1.904298782341359,-4078.657330971496,-2.70714904381418,0.670272893575913,linear,3888,0.004113467517621532,2.264674597363757,0.002762317657470703,6.926877463747621e-05,1.3129838875703264e-05,0.9999176013869051,1.4588222903455517e-05,1.570899960612315e-05,-4098.935404219224
16,8102.617749919714,0.03573080349787453,,3,TOMM20,,2.102100201032074,-4038.910399711486,-4.065823620150174,1.0822202568737944,linear,3888,0.00553820458351951,3.635581691498971,0.002695322036743164,0.07473370896621742,0.10086755590742605,0.8243987351263308,3.0771872806645284e-05,3.1149258048385336e-05,-4053.1975342832175
17,7210.827299093128,0.03958957015021496,,3,CLASP2,,1.8896178560820147,-3593.0151742981934,-3.1159217719636128,0.757331544937069,linear,3888,0.004033953966000751,2.1906928163692374,0.002706289291381836,0.11716533881709228,0.21653294122959918,0.6663017199529688,3.600088779309729e-07,5.543518404622621e-07,-3615.341989912119
18,7687.422661706608,0.0408726387681234,,3,SNAP91,,1.8278540113823845,-3831.3128556049332,-3.8953373907980007,1.1354157793092512,linear,3888,0.0038197819877030157,1.956206952077078,0.002653360366821289,0.0005751089209642262,0.019703933268481525,0.9797209578108642,4.046516137723444e-07,6.150799157018974e-07,-3854.8052755435033
19,8125.11789570846,0.03917934030133533,,3,HNRNPA2B1,,1.910218806381506,-4050.1604726058595,-3.792027599839726,1.0677871570209643,linear,3888,0.0041079330563866395,2.27409102598811,0.0027267932891845703,1.6787757722244175e-05,0.017842886564083095,0.9821403256778729,5.231349842205191e-07,7.704055275974793e-07,-4073.208297319895
20,8152.622434330172,0.03718920329129906,,3,RPS4X,,2.0166102949684195,-4063.9127419167153,-3.6090182923762684,0.940371506385702,linear,3888,0.004764148917770712,2.9039251809141575,0.002682924270629883,2.8096354138829776e-05,0.017672357976636962,0.9822995456696237,1.3563525879445315e-05,1.4638923738712256e-05,-4080.71841581949
21,8060.144093403419,0.037424621860005246,,3,ZFAND5,,2.0034348793983057,-4017.673571453339,-3.9560970004554887,1.0842090978037335,linear,3888,0.004678350838422898,2.8185257520756126,0.0026886463165283203,0.01562469677830199,0.012245234081031033,0.9721300691403285,1.6251524053267907e-05,1.7342073687049688e-05,-4034.3126750339534
22,7512.830912136581,0.04273303129298987,,3,GSN,,1.744886873062797,-3744.01698081992,-1.9083851912686476,0.4572764920881402,linear,3888,0.0036044312795943897,1.701291320046812,0.0026433467864990234,1.3069271401276114e-05,0.002308882260700502,0.9976780484676467,1.104930889006539e-07,1.9489961407170974e-07,-3771.0993270009963
23,7685.3890063538565,0.03587486137745856,,3,STXBP1,,2.0933462944705097,-3830.2960279285576,-6.387840194026493,2.332595194166877,linear,3888,0.005466063657266972,3.5615257579419812,0.0026445388793945312,0.22034695283520583,0.04608154091551066,0.7335715062490042,5.4976456960065256e-05,5.369601355979327e-05,-3843.8152445489895
24,8132.94525357406,0.03662130367906574,,3,TOLLIP,,2.0490905028191078,-4054.0741515386594,-4.889151734485843,1.5051013394816228,linear,3888,0.005022456904173526,3.1498691016839095,0.002818584442138672,0.004284482458483874,0.2088326989133501,0.7868828186284468,1.1121646030343157e-05,1.2226756735260977e-05,-4069.9129914203204
25,7933.087489259354,0.03756330218454342,,3,DGKZ,,1.9957508048929407,-3954.145269381306,-4.095975342151552,1.142589076505881,linear,3888,0.004621811521990148,2.7654790450940365,0.0026481151580810547,0.006409891297741428,0.00232185494694239,0.9912682537551105,1.9530591781391493e-05,2.0426202184882498e-05,-3971.275282133778
26,7973.202040424023,0.03477716055202106,,3,HK1,,2.161878947050226,-3974.202544963641,-3.612757847959724,0.8695042505604482,linear,3888,0.006237799213235271,4.30594591235326,0.0026946067810058594,0.0024555070368683387,0.001469014828071406,0.9960754781353309,7.231911412908243e-05,6.920489390342816e-05,-3989.0785197308983
27,8143.990293753903,0.042534664759386956,,3,RPS15A,,1.7533876690183456,-4059.5966716285807,-3.675270659733582,1.1091631055866769,linear,3888,0.003624957758324073,1.7256088832129015,0.002687692642211914,5.064892739320032e-05,0.00027046417796331844,0.9996788868943023,2.8435824117600816e-07,4.54134783204927e-07,-4085.9244978605416
28,7702.491291160472,0.04135119646926145,,3,CELF4,,1.8057987882867024,-3838.8471703318655,-3.9087321038220533,1.1563310692883464,linear,3888,0.003750412666835206,1.8800755944039775,0.0026743412017822266,5.881778653179121e-06,0.01947829755989339,0.9805158206610479,2.0824350677184356e-07,3.478529505986465e-07,-3863.6287734660036
29,7257.336584883534,0.052648274672731046,,3,RPL18,,1.401602971689443,-3616.269817193396,-4.241297852710753,1.6635909637621604,linear,3888,0.003461132836183881,1.119508795828064,0.0026977062225341797,3.118920934759786e-05,0.0031898332012092055,0.9967789775892376,2.8621549574836536e-13,1.2527950992352694e-12,-3668.3095541453895
30,7614.892266857939,0.03481888694921155,,3,PRKCZ,,2.1591948402875962,-3795.047658180599,-3.419183155165812,0.7831725596966457,linear,3888,0.006286618319578527,4.329977426092566,0.0026710033416748047,0.007824620993158483,0.0028971930554813115,0.9892781859514119,0.0002836378215448354,0.00023842989357639814,-3807.006918115053
31,8114.863073306504,0.030310606771464358,,3,PARK7,,2.491930453777556,-4045.033061404881,-4.682948422587941,1.153707985126891,linear,3888,0.02649897556719214,23.65079683438024,0.0025980472564697266,0.15831978179842976,0.01203489252498474,0.8296453256761496,0.07727480795837516,0.03165503398326382,-4046.13813679351
32,7191.951876755346,1.605492439149751e-10,,3,FBXO44,,485165195.4097903,-3583.5774631293025,-3.0275040948410648,1.965449590352185e-08,linear,3888,8.843774228726358e-08,2484257846504.234,0.0045397281646728516,0.3245084781977483,0.23597316180364727,0.4395183599988348,0.05058659917085395,0.02206611621689118,-3583.5775268566113
33,6718.207551706578,0.03101659952254623,,3,HP1BP3,,2.433436721679121,-3346.705300604918,-2.4158197460179878,0.3973494639013386,linear,3888,0.017853842457755807,15.261160338632774,0.002680540084838867,0.0023545717142213615,0.0006647535342968272,0.9969806747518477,0.07685353765185865,0.03153712087986624,-3349.3592270933227
34,6533.5885663681665,0.003519735934191274,,3,EIF4G3,,22.05243356399886,-3254.3958079357126,-2.706786876029797,0.056214761518558684,linear,3888,5.85921555027482e-05,3.475042352144307,0.004385232925415039,0.057876807464002505,0.016160860357864272,0.9259623321784406,0.05863580320339057,0.02481534765668031,-3255.862659865354
35,7855.832781589624,0.03297446775554015,,3,CDC42,,2.2843258236440427,-3915.517915546441,-3.5482407874187047,0.7955069638649876,linear,3888,0.008911771071270058,6.793320285089209,0.0027174949645996094,0.09282799480168664,0.07395847419735682,0.8332135310005441,0.0003909773234987979,0.00031921527432779857,-3925.170811080819
36,8006.939905043256,0.046379557687875696,,3,RPL11,,1.6015734197817206,-3991.071477273257,-3.887725489913157,1.312231691914685,linear,3888,0.003425878592057141,1.392830694315802,0.002688884735107422,2.194698793027684e-05,3.108797699163761e-05,0.9999469650350484,1.7157570031400837e-08,3.720573985124452e-08,-4023.920223780706
37,6684.478647051826,0.00367185334341511,,3,YARS,,21.135619189093074,-3329.840848277542,-2.775491656156747,0.061219050402067966,linear,3888,5.7979951421489995e-05,3.1617135173747037,0.004456043243408203,0.0067460513677512265,0.2732230985349888,0.7200308500973571,0.025672139568795105,0.012358371205122622,-3331.1704925376916
38,7113.365947638824,0.03095679250527351,,3,HPCAL4,,2.4382884883585403,-3544.2844985710412,-2.8215601597880893,0.5065203749144084,linear,3888,0.017776026249808816,15.249729089321029,0.0026695728302001953,0.0006639046586153505,0.018890112323833676,0.9804459830175379,0.005821509596919627,0.0034186165899471556,-3549.731096772455
39,6581.0047033278115,0.03321264812184291,,3,CAP1,,2.267385466461884,-3278.103876415535,-2.567020700288485,0.457464568962288,linear,3888,0.008554285235200642,6.433793586589984,0.002646923065185547,0.0931318786464185,0.006228457470345801,0.9006396638828056,0.00223088827424045,0.001446641604445734,-3285.8071902948377
40,6882.206897791009,0.009269485729799479,,3,SMAP2,,8.325259931853827,-3428.704973647134,-2.7375027016467843,0.1444551824061602,linear,3888,0.0004220880933907344,3.6963866719428946,0.0038809776306152344,0.0004063650942734621,0.0016270431100853403,0.9979665917957369,0.05600748353765317,0.023982124044449646,-3431.433460977328
41,8285.317468640096,1.6054924391497512e-10,,3,ATP6V0B,,485165195.4097903,-4130.260259071678,-4.835195433604231,4.9197889998960055e-08,linear,3888,1.3545504878134584e-08,380499613717.67633,0.0032660961151123047,0.04820912191635564,0.05290145333428348,0.898889424748607,0.09931412281122509,0.039585577082505784,-4130.26032189055
42,6751.356513525238,0.033600777587754246,,3,RNF220,,2.2402946754981437,-3363.2797815142485,-2.6647429358132566,0.49422349828246775,linear,3888,0.007846259801735892,5.774751998243051,0.002664804458618164,0.0025943155589225344,0.0008325979092145752,0.9965730865314767,0.0023461503680102247,0.001511020796835914,-3371.947579076575
43,8181.792831087286,0.0325081266875757,,3,RNF11,,2.318212722615887,-4078.497940295272,-4.565838133914786,1.1909489426248931,linear,3888,0.010232755976783834,8.01062019625799,0.0026504993438720703,0.002526757962634139,0.002070611974070282,0.9954026300635861,0.005956366970467308,0.0034848231600393795,-4085.016222493451
44,6668.200094282334,0.033530441723236416,,3,ZYG11B,,2.24515747238452,-3321.7015718927964,-2.7293759352086715,0.5070724886874333,linear,3888,0.007850806173530593,5.800721368333979,0.002879619598388672,0.000773955466566613,7.581520090234145e-05,0.9991502293326577,0.0013203820939594602,0.0009273807678893722,-3332.625740389375
45,7173.567805325948,0.030611640723593098,,3,NEGR1,,2.4666588883281917,-3574.3854274146033,-2.9793728004967694,0.5437954329657116,linear,3888,0.021851661286344123,19.144556082340245,0.002704143524169922,0.0010344847857036948,0.00044576750088197117,0.9985197477133338,0.09682504115528356,0.038626023322399276,-3576.866794496404
46,8127.995382890882,0.041900527836267486,,3,PRKACB,,1.7811028957407993,-4051.5992161970703,-4.603094783269349,1.5615675725816263,linear,3888,0.003685340813123625,1.8032848271679751,0.002790212631225586,0.005113908848257747,8.083704168307469e-05,0.9948052541099501,5.335060244693324e-07,7.832386581706744e-07,-4077.314051908602
47,7632.221674930865,0.03759245027607761,,3,DDAH1,,1.9941429619289834,-3803.712362217062,-3.1807680487200054,0.7617686499152398,linear,3888,0.004614246415361366,2.7569948963350996,0.002694845199584961,0.001585833790603057,0.0003445005458473119,0.9980696656639177,3.533769866237435e-05,3.539214812102208e-05,-3820.671963664934
48,6791.353274966122,0.002024859111399332,,3,BTBD8,,38.390415764116334,-3383.27816223469,-2.6189471345121897,0.0336153732694282,linear,3888,1.278905791149577e-05,2.2776625923860956,0.006032466888427734,0.20651024643501303,0.14522574009937309,0.6482640134652117,0.010380055026883994,0.005607925832706158,-3386.46182174737
49,8353.676282000702,0.03239682533108954,,3,RPL5,,2.3264446960869503,-4164.439665751981,-4.519176186617447,1.1760749468032397,linear,3888,0.010586568583702315,8.340898735933237,0.002622365951538086,7.209922437243213e-05,0.00010844806943908336,0.9998194527058573,0.017765364051098964,0.008915257003060666,-4170.490509961487
50,6900.257773963468,0.0307657446147845,,3,SLC6A17,,2.453913370946851,-3437.7304117333633,-3.2139165104946783,0.6013747667675222,linear,3888,0.020226192152561447,17.554303600300294,0.0027184486389160156,0.0010154553054163972,0.11669400082286525,0.8822905438717568,0.020389845503759996,0.010114203626781644,-3439.987274861949
51,8104.012541795589,0.032942706074732805,,3,SV2A,,2.2866033547338067,-4039.6077956494237,-4.656457389931659,1.2430747898211014,linear,3888,0.009106794864398788,6.954486808898326,0.0027599334716796875,0.0021269471089305613,0.2730974828000197,0.7247755700906305,0.0008344950539711515,0.0006291683747498896,-4047.125884289449
52,6985.506018462068,0.003415013069145485,,3,PSMD4,,22.731069676171785,-3480.3545339826633,-2.5261089250675477,0.05111600546819356,linear,3888,4.434741082426291e-05,2.7927708043290855,0.004436016082763672,0.009196778153603693,0.0008240784230148642,0.9899791434236886,0.12622395593581182,0.04870980117745614,-3482.105636152138
53,7305.520249897634,0.05030922034548529,,3,RPS27,,1.4703899894462573,-3640.3616497004464,-3.959359369955954,1.4185954277772295,linear,3888,0.00341576722390911,1.198805828866825,0.002692699432373047,0.00011818891809287374,0.0015303312006925745,0.998351479881061,3.8768543930700616e-11,1.3575517066642643e-10,-3683.1441708051343
54,7101.216176582252,0.03168615564997739,,3,C1orf43,,2.38037013454485,-3538.2096130427553,-2.5717137146503948,0.45611348417793046,linear,3888,0.013439480177564867,11.037256795415844,0.0026907920837402344,0.0001009087751963181,5.525334910651537e-05,0.9998438378753018,0.06411758288916947,0.026799407686173237,-3542.4060395890983
55,6899.217124578318,0.03370110440489227,,3,ADAR,,2.233393525354306,-3437.2100870407885,-2.6284498013741477,0.49202624159689445,linear,3888,0.007628599469916797,5.583432921853542,0.0026895999908447266,0.015925306510976147,0.0013338524898301326,0.9827408409990404,0.0009058278010907195,0.0006711747742478971,-3447.3891941284996
56,8192.447969603325,0.03297571860003908,,3,SYT11,,2.2842362192797467,-4083.8255095532922,-5.109112543681041,1.4610914765509992,linear,3888,0.009026892619762498,6.880588513678929,0.002695322036743164,0.002524363672264147,0.001829118066087346,0.9956465182616221,0.0032536346562845875,0.0020318122027957073,-4091.5019473978036
57,7352.580117635506,0.032414019095207615,,3,IGSF8,,2.3251693339216724,-3663.8915835693824,-3.0496240705213755,0.6037967581581221,linear,3888,0.010531818397962422,8.289536368029466,0.0026993751525878906,0.30786510928351885,0.08720340244495269,0.6049314882717053,0.00233141384596236,0.0015056323893447932,-3669.9955935907246
58,6861.014304569914,0.03173005194186171,,3,TSTD1,,2.376969300782473,-3418.1086770365864,-1.9845209530193364,0.3242445541855707,linear,3888,0.01320777438959461,10.81889150633413,0.0027086734771728516,0.338202064436503,0.1926020683076718,0.4691958672562611,0.004417728024603718,0.00267398274100097,-3422.524655112662
59,6709.2788754736475,0.031000667760652058,,3,SDHC,,2.4347273359963304,-3342.240962488453,-2.2326095607408534,0.35845748842296055,linear,3888,0.017986396586631336,15.389281932789723,0.0026903152465820312,0.001080037345091855,0.0003385288667040382,0.9985814337883451,0.09541692894548293,0.03812864293525791,-3344.883402495482
60,7929.571499580681,0.03254224236856905,,3,CACYBP,,2.315700763719421,-3952.38727454197,-3.706279433514674,0.8427691462272706,linear,3888,0.010163344266882438,7.940700633290179,0.0026946067810058594,0.0005052261287482315,0.0006611162404933579,0.9988336576305542,0.009779528089152056,0.005338394505940656,-3958.5892778279717
61,6901.61032595663,0.031921542451271254,,3,TIMM17A,,2.3622431071753707,-3438.406687729944,-2.9582287400638876,0.5511421196339815,linear,3888,0.012342062884397664,9.996550917110843,0.002687215805053711,0.11811929424928885,0.020948851110735085,0.8609318546399691,0.00784362839514674,0.004456607042697012,-3443.200662422255
62,6537.954921865175,0.01057135100912905,,3,MFSD4A,,7.290408955270476,-3256.5789856842166,-2.6377056056359063,0.1516621367596703,linear,3888,0.0004923228129099887,3.332788889592821,0.003956794738769531,0.13543068945013348,0.23395908781506158,0.6306102227345202,0.008591180570617252,0.00477798277724168,-3259.84783068985
63,8127.388847772706,0.039551093877526255,,3,NENF,,1.891531898732964,-4051.2959486379823,-3.3743357902049818,0.9055143502205568,linear,3888,0.004055324001021116,2.206245207884718,0.0026323795318603516,0.001068040595729607,0.0022305608505011846,0.9967013985536443,2.6674450340768985e-06,3.300979099761988e-06,-4072.2562559428598
64,7997.473847174019,0.03274983463647181,,3,SRP9,,2.300528426402089,-3986.338448338639,-3.2991166887163685,0.7157820617050006,linear,3888,0.00957009826279253,7.388881449625759,0.002667665481567383,9.66783373985711e-05,0.00021322188485890442,0.9996900997779817,0.008062962668728524,0.004553861830931718,-3993.451492831948
65,7292.813450664166,0.0031798749072621756,,3,ZBTB18,,24.41769499706919,-3634.0082500837125,-2.85626633851319,0.058481101078827535,linear,3888,2.198142325511224e-05,1.595008497142629,0.005574703216552734,0.0013693310141232333,0.0006296429192419964,0.9980010260664196,0.009435595927288598,0.00517455165807854,-3640.2980649452547
66,6801.608214451572,0.003176070138888089,,3,COX20,,24.447039449200293,-3388.4056319774154,-2.4655148994035767,0.04564030256346878,linear,3888,3.965341423811354e-05,2.8841697096806627,0.004289388656616211,0.0002545124469987638,0.006751301749639001,0.9929941858037147,0.055680313453007946,0.0238636470745604,-3390.4298963946794
67,7676.83373483832,0.03076950996532694,,3,HNRNPU,,2.453603546768748,-3826.0183921707894,-2.792658573686701,0.5191293787026872,linear,3888,0.019183638628908713,16.645650301395605,0.002604961395263672,0.005919791218979491,0.36191011004369733,0.6321700987371415,0.0013206671660711544,0.0009273807678893722,-3832.4778627748747
68,8003.654224738189,0.030367911514067134,,3,RPS7,,2.4870811553311065,-3989.428637120724,-4.58897902489854,1.1121628643129338,linear,3888,0.025553005007894435,22.725770914952104,0.0026226043701171875,0.01658667689455034,0.011044984379731594,0.9723683387258416,0.07914239281531132,0.03233601340768593,-3990.617117217972
69,8291.724307013124,0.030644132299355635,,3,RHOB,,2.4639609330858296,-4133.463678258192,-3.7623477994874,0.8291400470998819,linear,3888,0.021651851436111057,18.931779042937425,0.0027036666870117188,0.04922877858862197,0.002854897003386851,0.947916324408251,0.07929049025010149,0.03236854681272788,-4135.312853666702
70,8112.077906917056,0.0322764404396637,,3,KIF3C,,2.335412411149466,-4043.640478210157,-4.0888870439955065,0.9849372207613322,linear,3888,0.010961052679013978,8.69626456859759,0.0027854442596435547,0.006067967049512949,0.0006154965128016307,0.9933165364376869,0.011304913114925208,0.0060249613813273635,-4049.6175866361737
71,7923.475068411893,0.03049045856053645,,3,OST4,,2.4767720287963964,-3949.3390589575756,-3.1853470371724852,0.6294154756262101,linear,3888,0.023201844200373144,20.47934582140769,0.0028285980224609375,0.004098118561022113,0.002041045426292364,0.9938608360127231,0.04494764762781178,0.019979970265436176,-3952.320904129773
72,7060.628062449888,0.031486969469366285,,3,PRKCE,,2.3959210762231975,-3517.915555976573,-2.8187840699384754,0.5125976308081004,linear,3888,0.014515022870764598,12.062150347959859,0.0027086734771728516,0.06900002442080243,0.011545172973720652,0.9194548026057964,0.016838026628968605,0.008522263818438462,-3521.684666005255
73,8344.402771722456,0.029855805645334996,,3,SPTBN1,,2.5310772305066873,-4159.802910612858,-5.06366267243424,1.308388473770779,linear,3888,0.03705782138573308,34.02750376980452,0.002715587615966797,0.007559584586630942,0.2291517279560753,0.7632886874572761,0.057036524686901124,0.024356567986522613,-4159.893237789263
74,7297.504705412305,0.031249459718163307,,3,CCT4,,2.414723159477608,-3636.353877457782,-3.145101067231505,0.6063502253885024,linear,3888,0.016041334468887274,13.52097225751864,0.002668142318725586,0.37816190580429293,0.09633694912270901,0.5255011450727843,0.0108871134891656,0.0058476459734666765,-3639.55295352492
75,6564.099773419533,0.010706530042546925,,3,AAK1,,7.197377887362748,-3269.651411461396,-2.6661450273512206,0.15622402350535539,linear,3888,0.0004581024191654765,3.025004473284322,0.003805398941040039,0.0010090025387489206,0.0024891734965018825,0.9965018239645191,0.03191057777629902,0.014832842087847941,-3273.1180310580735
76,7254.840190085613,0.03234054835125105,,3,CCT7,,2.3306285725397893,-3615.021619794436,-3.2193534359861573,0.6483522559910844,linear,3888,0.010724614972671222,8.47717119171378,0.0026085376739501953,0.034725609622534445,0.015448644712521086,0.9498257456651852,0.0035576463628811394,0.0021926942144105638,-3621.445009138016
77,7104.211174197505,0.030708915711550794,,3,LONRF2,,2.458598647862237,-3539.707111850382,-2.956513477149976,0.5368544245785756,linear,3888,0.02091838535645972,18.218132864522218,0.002695322036743164,0.03088952787438011,0.003371509186071035,0.965738962939533,0.07411673968801935,0.030573302108337353,-3541.592463704089
78,8152.88786850622,0.03191162009685435,,3,DBI,,2.3630018243532462,-4064.0454590047393,-3.0062768152746284,0.6192766415680646,linear,3888,0.012389483194073484,10.040798861664182,0.002691507339477539,0.0955845661720186,0.01940325121781717,0.885012182610278,0.008393937852512079,0.004707050235421418,-4068.770151922169
79,6729.137362642212,0.03145800539117072,,3,FAM168B,,2.3981987712236092,-3352.1702060727353,-2.419268081613409,0.40425465721120524,linear,3888,0.014680966745810464,12.221099179687434,0.0026552677154541016,0.0002753319364828977,0.0002013167087844085,0.999523351354481,0.05728553465958586,0.024418786804643534,-3355.9067375961404
80,7645.516068262874,0.038949616789266714,,3,PLEKHB2,,1.9219446214842684,-3810.3595588830663,-3.680936767599426,0.9858481252589775,linear,3888,0.00419650897962306,2.3484476772399927,0.0027587413787841797,0.0008469448036914707,0.0007892226174493318,0.998363832579073,7.05501676612208e-06,7.978705346636542e-06,-3829.9764068337136
81,7481.736369108665,0.03395087680573143,,3,SCN2A,,2.2163896769966573,-3728.4697093059617,-3.4198637688378453,0.7572221112126449,linear,3888,0.007288918485707078,5.2618998023303805,0.003343343734741211,0.0340765187842113,0.14035192670160393,0.8255715545142176,0.000257466843985088,0.0002212938163177616,-3738.5797945641543
82,7707.25924810543,0.030304690658174253,,3,SLC39A10,,2.49243213737167,-3841.2311488043442,-3.5665169507873924,0.7291954213655107,linear,3888,0.026593916719759917,23.74423419653314,0.002765655517578125,0.04499108295361816,0.22379407042189867,0.7312148466240527,0.030997222862559348,0.014493800816950689,-3842.3434306837826
83,6917.482353351619,0.030797656815576273,,3,SUMO1,,2.4512899405106463,-3446.342701427439,-2.782082347715847,0.48672291160719283,linear,3888,0.019765270952369917,17.12094471648776,0.0026810169219970703,0.0005963574419648653,0.023481351771011547,0.9759222907874523,0.02381031205358164,0.011568123206449083,-3449.1818613857704
84,6778.300118710121,0.032619079618618034,,3,NDUFS1,,2.310062433103929,-3376.7515841066897,-2.6357623033449458,0.4731986425202873,linear,3888,0.009942046453339489,7.73364140449237,0.0026769638061523438,0.000894750187642951,0.00010716491521117881,0.9989980848971745,0.014261219000475278,0.007367773859618476,-3383.1943451022685
85,7194.714021999469,0.033986514457962476,,3,LANCL1,,2.21398393324529,-3584.958535751364,-2.7476816286276278,0.540194471484303,linear,3888,0.007257544912641462,5.229019359604081,0.0027239322662353516,0.00829540983230031,0.0002473938539762586,0.9914571963138838,0.0018168109560866563,0.001218235586286346,-3594.6996686902758
86,7369.046434586221,1.605492439149751e-10,,3,ARPC2,,485165195.4097903,-3672.12474204474,-2.8811373346464033,1.7907487693206373e-08,linear,3888,1.8629412985212512e-06,52330898762605.71,0.0032656192779541016,0.2813931100605816,0.03744962618839554,0.6811572637508498,0.10145691202415485,0.04020238836589235,-3672.1248062288946
87,7718.029593880006,0.031635317597283934,,3,RETREG2,,2.384320570811854,-3846.6163216916325,-3.5955758422671336,0.771792066557489,linear,3888,0.013690568650583239,11.277317035173402,0.0026848316192626953,0.1238335668468408,0.020913468192568223,0.8552529649604561,0.011206914742430851,0.005986230781781245,-3850.771207032898
88,7039.022481005467,0.0019182965046945243,,3,ACSL3,,40.52735509404121,-3507.112765254363,-2.8172511012239942,0.036414794843467754,linear,3888,1.941103493453684e-05,3.850037952031403,0.004405975341796875,0.029888051852286147,0.03161649105238592,0.9384954570948826,0.04317711025111792,0.019310309908472795,-3508.7636940658913
89,6781.447601086709,0.009760086974642599,,3,DNER,,7.902866437489477,-3378.325325294984,-2.285486770357335,0.11778927242153589,linear,3888,0.0004544641139880899,3.597140966024555,0.004002571105957031,0.001668935293876851,0.009862872615536812,0.988468192090228,0.03719260860780338,0.016902072496100352,-3380.837759875898
90,7526.58766251497,0.03123183703109415,,3,NCL,,2.416129627910751,-3750.8953560091145,-2.648025523534832,0.4847854565514841,linear,3888,0.016137424270111757,13.616350432244694,0.0026733875274658203,0.04133044178073978,0.0036289888069174613,0.9550405694127805,0.030600370794550247,0.01432240577242676,-3754.2241739589053
91,8207.548068752674,0.03638432099680938,,3,KIF1A,,2.06294422385508,-4091.375559127967,-4.780515194219516,1.443859742129787,linear,3888,0.005114458661259372,3.2463978758102887,0.002663850784301758,0.0020085118342746977,0.0006860392446387139,0.9973054489209299,2.8351390298664292e-05,2.894703113156378e-05,-4108.408945734227
92,7167.791243422571,0.03245415395252403,,3,HDLBP,,2.322197555324852,-3571.4971464629148,-2.772116389539101,0.5206156673265107,linear,3888,0.010421987315504607,8.18413666903372,0.002695322036743164,0.0017172790665327807,0.00025611452654429487,0.9980266064067663,0.01410086337154326,0.0072930663946712704,-3577.5237482528114
93,6780.425344277743,0.03249345189065063,,3,STK25,,2.3192948595220906,-3377.8141968905006,-2.564288688972035,0.4538540227656008,linear,3888,0.010269906236162293,8.046490388999613,0.002705097198486328,0.0008703594072951257,0.001002960985958798,0.9981266796066904,0.007112387116956942,0.0040803633062859775,-3384.3771983939278
94,7016.464775436572,0.032570681908119896,,3,ITPR1,,2.313610764436906,-3495.8339124699155,-2.699593609880553,0.49767315873096896,linear,3888,0.010038994934336194,7.830751768942471,0.002691984176635742,0.007178262041433746,0.006326626166960291,0.9864951117915262,0.003627817679257017,0.0022330317154517624,-3502.6870865460805
95,7255.001771534293,0.03260956632229104,,3,ARL8B,,2.310759079190093,-3615.1024105187757,-3.1151680583364154,0.6225495586323861,linear,3888,0.009969978986461797,7.759597449503037,0.002637147903442383,0.0012066961950680456,0.0020942471309123734,0.9966990566737212,0.006349814533181619,0.003696712446545502,-3621.500463133529
96,7379.1446344709975,0.033887906576068855,,3,ARPC4,,2.2206528940470927,-3677.173841987128,-2.995557386453614,0.6168791516673842,linear,3888,0.007408584483557718,5.36682130782986,0.002702474594116211,0.017498795696525106,0.0035588722853579133,0.9789423320177367,0.0011701076201376948,0.000836826646605777,-3686.38649084105
97,7899.118695537537,0.03060657572476827,,3,BRK1,,2.4670799792715363,-3937.160872520398,-3.5876223477881792,0.7519222574118368,linear,3888,0.022016512022499973,19.29497417108987,0.0026903152465820312,0.0016863974318881531,0.02271224440204807,0.9756013581660017,0.036665158221270144,0.016714195033804224,-3939.2740201537863
98,7524.070231926748,0.002707525836378069,,3,SLC6A1,,28.69114200576944,-3749.6366407150035,-2.5005260687996365,0.0427898401334017,linear,3888,2.157343154068348e-05,2.1550045480684155,0.005523681640625,0.0007595279990523764,0.08565002137920566,0.9135904506217211,0.008535816766655713,0.004769637565722083,-3753.6048313569872
99,8248.061855154625,0.03507847490622416,,3,RPSA,,2.1426399290752376,-4111.632452328942,-4.198351241581208,1.1262720540470617,linear,3888,0.005962134898377585,4.050159001166091,0.002620697021484375,5.071843115092882e-06,0.00013369430692176598,0.9998612338505171,8.602564338222596e-05,8.117099357422882e-05,-4127.380564037499
100,7824.039080133481,1.605492439149751e-10,,3,EIF1B,,485165195.4097903,-3899.6210648183696,-3.490217631163219,2.6005187307092484e-08,linear,3888,1.3361611502247075e-08,375333962151.3487,0.0032281875610351562,0.07983967990517704,0.2334780529883948,0.6866822671064674,0.058006090977044344,0.024614956184154612,-3899.6211276270096
101,8000.752345167538,0.030458592266276598,,3,HIGD1A,,2.4794447624478355,-3987.9776973353983,-4.024141893917859,0.9000393174892568,linear,3888,0.02418786375807989,21.391608540693248,0.002737760543823242,0.18251199791689734,0.056622358576353095,0.7608656435069875,0.042702977787196894,0.019134466565568622,-3989.251020448093
102,7912.74717125704,0.031369830655772944,,3,UQCRC1,,2.405158602495722,-3943.975110380149,-3.8849863542593472,0.872959710811589,linear,3888,0.014645657595292905,12.255977898337942,0.002667665481567383,0.0017004014082661592,0.0003482812146204056,0.9979513173772273,0.005916542779451861,0.0034658130509349645,-3951.398056896449
103,7613.690557884884,0.037039840189284065,,3,RPL29,,2.0250563760955287,-3794.446803694071,-3.8869979930649765,1.018818321737825,linear,3888,0.004831010210176251,2.96669756851343,0.002654552459716797,4.366626132523211e-05,0.0012309106886475214,0.9987254230504197,3.484983903367933e-05,3.5052062471012097e-05,-3810.7964304916304
104,7240.402343233322,0.03263258140486796,,3,NISCH,,2.309074412507164,-3607.8026963682905,-3.1229469404065915,0.6246918471605404,linear,3888,0.009830800218981995,7.641195193467479,0.002677440643310547,0.00033335467677471706,7.36422342205009e-05,0.999593003088953,0.008645310175384835,0.004796800353393208,-3615.3224840655316
105,6974.835665482177,0.03216511190922123,,3,PCNP,,2.3437652418546304,-3475.019357492718,-2.6368663909291477,0.47409660036483,linear,3888,0.011203496806793823,8.946233830185372,0.002627849578857422,0.0010809113207829004,0.0001102290619332556,0.9988088596173563,0.008571384108893465,0.004772587789511299,-3482.3524354586093
106,7706.250191544633,0.031177232719758523,,3,RPL24,,2.4204976994489193,-3840.7266205239457,-4.63341192326392,1.1469667843362776,linear,3888,0.016557880013330972,14.017011932158507,0.0026471614837646484,0.0021392543879120963,0.0072898708022359655,0.9905708748099602,0.02926751908586156,0.013755094455365087,-3843.801501771293
107,7325.687196139366,0.03466247617774652,,3,RAB7A,,2.1692894630239956,-3650.4451228213125,-3.115039757047069,0.6656966115373483,linear,3888,0.006400577974598352,4.445545919989301,0.00269317626953125,0.0006617638810000831,0.00026218613325674545,0.9990760499857267,0.0003181439352950566,0.00026431514036336383,-3663.395494459169
108,8067.351098918357,0.03163239013523232,,3,PFN2,,2.384548439666642,-4021.2770742108078,-5.476294286145386,1.573052363476971,linear,3888,0.013665404583758282,11.258539294748694,0.0027000904083251953,0.0030449971860782546,0.08137618669717042,0.915578816116421,0.006564184438810683,0.0038121240877613976,-4025.742995992673
109,6655.602887759386,1.605492439149751e-10,,3,SELENOT,,485165195.4097903,-3315.4029686313224,-2.4763094922711937,1.3303397608674214e-08,linear,3888,2.21900310699952e-08,623328427140.855,0.006602287292480469,0.1825719236855782,0.04194464816045436,0.7754834281539773,0.10197885416366292,0.0402790507046303,-3315.4030317766237
110,8018.116331552385,0.030574525316573644,,3,SEC62,,2.469747802204207,-3996.659690527822,-3.549195983437017,0.7445057056967217,linear,3888,0.022496385753396516,19.7543278364951,0.002692699432373047,0.02358640887484136,0.0023784464701426524,0.9740351446554576,0.08727029449155477,0.03537686709279543,-3998.4583836016345
111,7628.898009027843,0.0031671399863740543,,3,AP2M1,,24.51619060363755,-3802.0505292655507,-6.17202499350797,0.21675597736435254,linear,3888,4.637059001264119e-05,3.3916604924584837,0.004376888275146484,0.1631516647778417,0.016712050295248138,0.8201362849266441,0.03675892334927111,0.016740795359626012,-3804.2259207977145
112,7687.585780660141,0.03430543545884715,,3,LRPAP1,,2.1926774654660637,-3831.3944150816997,-3.4442191326571137,0.7834987179758874,linear,3888,0.006859652931442638,4.857104897617607,0.002706289291381836,0.002099176412634044,0.005541029745485381,0.9923597938418225,0.0006264533640336634,0.00048707498399746553,-3841.551223736158
113,7322.178627998162,0.03370359151726996,,3,CRMP1,,2.233222967000394,-3648.69083875071,-3.211985868495303,0.6768242955054543,linear,3888,0.007680763508854421,5.620838838440625,0.0032432079315185547,0.0031702027150727753,0.0010857507443965836,0.9957440465402515,0.0019131157502986218,0.0012773756935738102,-3657.599707798351
114,7398.623395645242,1.6054924391497507e-10,,3,PPP2R2C,,485165195.4097903,-3686.9132225742505,-3.1062123488360815,2.0691191099530462e-08,linear,3888,2.373894743552142e-08,666838217589.1296,0.0032205581665039062,0.00414103404703568,0.06331954650262268,0.9325394194498889,0.09497093907292664,0.038000816258658685,-3686.9132857582244
115,8174.183268299773,0.031946378408340394,,3,MRFAP1,,2.3603460810876458,-4074.6931589015157,-4.029335258174117,0.9554258208508573,linear,3888,0.012201189355944863,9.868078005230753,0.002818584442138672,0.0004471302165925917,0.001294209972653888,0.9982586598111258,0.014276478732599185,0.007367773859618476,-4079.888019344672
116,7586.7421428254975,1.6054924391497512e-10,,3,IGFBP7,,485165195.4097903,-3780.972596164378,-1.979212544334631,8.918047430568595e-09,linear,3888,3.918483881241005e-08,1100720583385.501,0.004386425018310547,0.010769183791980635,0.0807758106304774,0.9084550055779708,0.08733323901350287,0.03537686709279543,-3780.9726595982675
117,7805.5130581572175,0.03234864842327693,,3,HNRNPDL,,2.3300254809610883,-3890.358053830238,-3.41312353167613,0.7334650601673924,linear,3888,0.010749743056911365,8.493056047744425,0.002696514129638672,0.005495061068500962,0.0005108539161135712,0.9939940850151066,0.01300918435955567,0.006825523021863534,-3896.179790692763
118,7820.288813890351,0.03298190751786845,,3,MAPK10,,2.2837929755696447,-3897.7459316968047,-3.8249079579241148,0.8918202249857464,linear,3888,0.009043928132266147,6.891158515772059,0.0028066635131835938,0.00012984421501888673,0.0009445040732207725,0.9989256517113382,0.005147446406836509,0.0030608028948599024,-3904.9218889380536
119,8171.451966814758,0.03572928515113342,,3,ANK2,,2.1021928417164504,-4073.327508159008,-4.595513239326059,1.3249111349419123,linear,3888,0.005547189705518189,3.641767301480189,0.0027039051055908203,0.00016671582887713314,0.00010303549892763196,0.9997302486723179,0.00024173358363954733,0.00021083774487179574,-4087.259996463644
120,7748.590056958667,0.03122553972842756,,3,C4orf3,,2.416632601274401,-3861.896553230963,-3.2053394956501258,0.6425408349889681,linear,3888,0.016207068545450665,13.680283100309088,0.0026633739471435547,0.0008895711877348075,0.0008803782418431367,0.9982300505702832,0.05169475927022926,0.022481621494119947,-3865.0660417264653
121,7905.910975722327,0.030097304009398605,,3,FBXW7,,2.5101430624664665,-3940.5570126127927,-4.069875879818574,0.9010421484529518,linear,3888,0.030825033947729813,27.87918250245294,0.002671957015991211,0.0711177874021675,0.11040250941643462,0.8184797031810913,0.06066905876040929,0.025470620503320548,-3940.9448449482456
122,8073.4263591213985,0.04094834396051216,,3,TRIM2,,1.8243306714126029,-4024.3147043123286,-3.756934792921841,1.0981866558828162,linear,3888,0.0038107232749950053,1.9449469600825056,0.002700328826904297,0.4545711260510415,0.039528042698102096,0.5059008312508995,2.9923533828579707e-07,4.7309934906845386e-07,-4047.71118220291
123,7869.290605189565,0.04912030910483666,,3,TPPP,,1.5078647319880905,-3922.246827346412,-3.56223127755313,1.2073426716413904,linear,3888,0.0034052185792562747,1.2477599486392112,0.002731800079345703,0.003057635916673223,0.001903421444061153,0.9950389426391397,2.2908352992345726e-10,7.078041328591669e-10,-3961.4449710469444
124,7811.045049582861,0.03188232429062566,,3,NDUFS6,,2.3652446965595817,-3893.1240495430598,-3.3563166037895953,0.7051358770097068,linear,3888,0.012384488232129369,10.054016130914109,0.0026862621307373047,0.0015953777579152761,0.0010948029439072056,0.9973098192980852,0.010153222245209315,0.005510568382745897,-3899.0062820455014
125,7784.052653949986,0.03258614660294761,,3,CTNND2,,2.3124758074601686,-3879.6278517266223,-3.217968229397219,0.6765870293233947,linear,3888,0.01003915221064392,7.823931183267935,0.002725839614868164,0.00012405274669731608,0.00019074306307333648,0.999685204190663,0.01319671376600029,0.006893311058081518,-3885.9197072962415
126,7304.81076298881,0.0336029341468016,,3,RAB3C,,2.24014589954962,-3640.0069062460343,-3.425292639771793,0.7432298554317731,linear,3888,0.007840541734414449,5.769853019279359,0.002594470977783203,0.016346690949283194,0.1818548615631134,0.8017984474872508,0.0005012703142579511,0.00040163415009882063,-3648.7268389574333
127,6811.253272905565,0.0034425665458625338,,3,CDC42SE2,,22.54851221183338,-3393.2281612044117,-2.55734380788386,0.051701378471864144,linear,3888,4.393692999801313e-05,2.723118388205008,0.00442957878112793,0.0012398928611998892,0.0017333293348578036,0.9970267778039849,0.0998946401384605,0.039716501928281564,-3394.9799276686244
128,7485.339555512502,0.03432212114104104,,3,SEPT8,,2.191573628804864,-3730.27130250788,-3.073723734463047,0.6535474815599762,linear,3888,0.0068006528248850074,4.810970987514659,0.002713918685913086,0.011217709414192993,0.0030294494123867103,0.9857528411731264,0.0003955008586429276,0.0003217969746429704,-3741.5843199436817
129,8332.454077975199,0.03025742642442687,,3,VDAC1,,2.4964471663407553,-4153.828563739229,-4.617598588963016,1.135718338651411,linear,3888,0.027358360465280857,24.498457376379406,0.0027136802673339844,0.21678240357749393,0.3777622105667271,0.4054553858558286,0.021249281835909684,0.010474572523151992,-4155.037342352051
130,6527.092419055062,0.03184776475923125,,3,CAMLG,,2.36789586191737,-3251.1477342791604,-2.6254093665999845,0.45051062320102053,linear,3888,0.012670353032037394,10.306986853339831,0.002656698226928711,0.004051366411773792,0.0004041584173215657,0.9955444751705803,0.028419205149204152,0.013421112231029117,-3255.7219837453663
131,6690.998226025747,1.6054924391497512e-10,,3,PFDN1,,485165195.4097903,-3333.1006377645026,-2.5763075637535624,1.4350871418286997e-08,linear,3888,4.1497410217771865e-07,11656818036833.951,0.003256559371948242,0.03303017064774899,0.03528223594716135,0.9316875934052462,0.11413004914969127,0.0446625719128834,-3333.1007018062746
132,8093.490590154158,1.605492439149751e-10,,3,NDUFA2,,485165195.4097903,-4034.3468198287082,-3.8960053017034033,3.224731497068777e-08,linear,3888,4.100982575492864e-08,1151985326406.5635,0.002657651901245117,0.13832043751740478,0.15128285174212747,0.7103967107408399,0.06681622720605407,0.02775558247894881,-4034.3468832823555
133,7361.796916666445,0.0322128279421337,,3,NPM1,,2.340178101971711,-3668.499983084852,-2.9677906138997736,0.5773011983747776,linear,3888,0.011166841241070636,8.892277027844946,0.002688884735107422,0.016432666827374983,0.014687217726604935,0.9688801154456415,0.00464392442096595,0.002785926048572098,-3674.474875824552
134,7875.863019535441,0.034629132050912274,,3,CANX,,2.171453257767659,-3925.5330345193497,-3.3582205500755693,0.7711333166921799,linear,3888,0.006479404600095716,4.508361263377977,0.0026426315307617188,1.5777086925138946e-05,5.667062436891122e-05,0.9999275522883425,0.0010784445247563612,0.0007843232907318991,-3936.9770992603517
135,8030.446659712067,0.03650755227998287,,3,SQSTM1,,2.055717825753418,-4002.824854607663,-3.571781068938708,0.9013773951112473,linear,3888,0.005092245089592105,3.2121025303185715,0.0028069019317626953,2.4182063117914927e-05,2.861750842205768e-06,0.9999729561860304,0.00035778422251042663,0.0002946591632965186,-4017.814752060631
136,7703.304545186596,0.03278777715208637,,3,GABBR1,,2.2977760809747716,-3839.2537973449275,-3.437858671750776,0.746812834571271,linear,3888,0.009377346019258381,7.224419006424359,0.0027108192443847656,7.452868787805927e-05,0.13140184034016145,0.8685236309721494,0.0005681576964738921,0.0004446748979025044,-3847.9427522005785
137,7982.198191570296,0.029918037904981883,,3,FLOT1,,2.5256503336152965,-3978.7006205367775,-3.672604063952559,0.7653655445069925,linear,3888,0.03434140113709477,31.410064457304507,0.0026988983154296875,0.04703721087342603,0.446897319898328,0.5060654692284321,0.016606647269139185,0.008428334217195273,-3980.3674392658895
138,8026.151005603035,0.03033301693814424,,3,PACSIN1,,2.4900318569471636,-4000.6770275531467,-3.9466020391932988,0.8702269101464303,linear,3888,0.026189468329315624,23.3421437667802,0.002767801284790039,0.10776965821336552,0.006168403474656375,0.8860619383122162,0.10621027729105137,0.04170140757425756,-4001.637599406554
139,6623.760446959311,0.0037816764533380367,,3,FBXO9,,20.519560703037644,-3299.4817482312847,-2.5710385114404692,0.05594213329644856,linear,3888,6.466729791458258e-05,3.3260553413568705,0.004460811614990234,0.35718968594682965,0.040513783019095514,0.6022965310338128,0.04666131734756762,0.020653630422825302,-3300.656036107455
140,6643.872852766192,0.03319733664096819,,3,DST,,2.2684671702540777,-3309.5379511347255,-2.4011594654503976,0.4197163135547525,linear,3888,0.008578738415068328,6.457740027494615,0.00269317626953125,0.011609166619570396,0.4533770622168999,0.5350137711638188,0.0005819532037796282,0.00045471925764899575,-3317.320745293515
141,8153.848710635499,0.02993212033095688,,3,MARCKS,,2.5244254218974005,-4064.5258800693787,-4.035528926171867,0.8954856989741703,linear,3888,0.033596624308444414,30.701700391201477,0.0026934146881103516,0.007819891347587355,0.30940127487827723,0.6827788337743843,0.013811902546983945,0.007167138333930398,-4066.850848445709
142,6324.666119032235,0.07630279166178561,,3,RPS12,,0.9429466159321108,-3149.9345842677467,-3.950244748968748,2.1058803678159297,linear,3888,0.00541750774054552,0.915179141229669,0.002655029296875,8.460167992234516e-07,0.4931018698267453,0.5068972841568137,0.0,0.0,-3231.361532801844
143,7318.13107823394,0.003478520425749982,,3,FSCN1,,22.314646386051695,-3646.667063868599,-2.977753370808992,0.06750561204627796,linear,3888,5.4824018976444326e-05,3.328496871682135,0.0044362545013427734,0.0187261934005793,0.049832493287467354,0.9314413133119085,0.03955979755905559,0.01787858050643917,-3648.234937013711
144,7379.462870187722,0.03593251336861537,,3,ADCY1,,2.0898626455016522,-3677.33295984549,-3.319277182802698,0.7619922636738138,linear,3888,0.005369967469582233,3.4885016052418245,0.002687215805053711,0.009280517676122767,0.006409524229797175,0.9843099580941255,2.1988538890793663e-05,2.274525606368153e-05,-3693.726019240674
145,8057.17512465937,0.031180185352493953,,3,EIF4H,,2.420261112340725,-4016.1890870813145,-3.92079422379667,0.8872121680774284,linear,3888,0.016548303270604282,14.0064186653353,0.0026938915252685547,0.005567419442564482,0.0008622059585483532,0.9935703745989017,0.057114106783553775,0.024367685861050186,-4019.200309817723
146,6579.370482294618,0.01039297793186108,,3,CDK14,,7.4168699836425045,-3277.2867658989385,-2.5950035004186525,0.14619197066055828,linear,3888,0.0005006166005561783,3.5036811355440944,0.0038733482360839844,0.025512912802973117,0.00602002309222558,0.9684670641052041,0.02603905060430589,0.012472518294305257,-3280.647676383952
147,6823.148668222816,0.031511843874874754,,3,COPS6,,2.3939683294282625,-3399.1758588630373,-2.6302794164292367,0.45712295401575276,linear,3888,0.014261130446831359,11.833648119200832,0.0026285648345947266,0.03919287040594635,0.006151664484736327,0.9546554651088991,0.012516227713828432,0.006596167438117751,-3403.801582698443
148,7298.368346539096,0.032674831705718,,3,GNB2,,2.3059879364020914,-3636.7856980211773,-3.225529868109751,0.6589007993262025,linear,3888,0.009793824938576147,7.594074609004169,0.0028357505798339844,0.44500982606043205,0.04627407056641381,0.5087161033733781,0.0020968933376854793,0.0013710355030761338,-3643.314252100243
149,7298.114534540277,0.03715584958320372,,3,NRCAM,,2.018490468591967,-3636.658792021768,-3.258766894056249,0.7630448451217702,linear,3888,0.004757906413961688,2.9049403573642048,0.0027151107788085938,0.00038978521144804074,0.002035171967365222,0.9975750428215082,1.2763131971071928e-05,1.380659168911463e-05,-3654.6689464026135
150,7475.222141148909,1.605492439149751e-10,,3,CAPZA2,,485165195.4097903,-3725.212595326084,-3.1874844145089507,2.1761470830904616e-08,linear,3888,1.9941345923813245e-08,560161801962.0422,0.003300905227661133,0.3659738434203126,0.038600556722719635,0.5954255998570301,0.09635371388985492,0.038470463162411365,-3725.2126584074044
151,8304.535276725388,0.03201692433632365,,3,ATP6V0E2,,2.354973677725803,-4139.869163114324,-4.368232993777403,1.0969456712563768,linear,3888,0.0119210855013818,9.601825842697357,0.002683877944946289,0.0004314207634838975,0.0007265762168810777,0.9988420030190557,0.01599935615572423,0.008158934197289988,-4145.152287148442
152,7831.84108441424,0.034011518099145294,,3,AGAP3,,2.2122990550243484,-3903.5220669587493,-3.6669957734250205,0.8622268773522003,linear,3888,0.007234523421074937,5.20529532947794,0.0028090476989746094,6.244242200377998e-05,0.0009892260162839635,0.998948331561353,0.001413819054244203,0.0009752676943351996,-3913.0356919645874
153,8221.333045693491,0.030038860083947818,,3,SLC25A6,,2.515178372752607,-4098.268047598375,-4.585298860296708,1.1088887196044568,linear,3888,0.03210708847885727,29.144937080001853,0.0026891231536865234,0.011198397831555712,0.08620929159884848,0.9025923105694843,0.06624417695647111,0.0275421540076477,-4098.683185078943
154,8428.645036973638,0.039146291394571556,,3,GPM6B,,1.9118972519316446,-4201.924043238449,-4.274685364460304,1.3092304870971252,linear,3888,0.004148271924455239,2.2999966761361135,0.00264739990234375,0.0007043958158854697,0.00029088387569987495,0.9990047203078921,7.474637704563136e-06,8.413012135006129e-06,-4221.929767675442
155,6820.947215130429,0.03205978023035139,,3,EIF1AX,,2.3517215446257933,-3398.075132316844,-2.5533452337868936,0.4465473609001473,linear,3888,0.0116948326548182,9.396048171798475,0.002773761749267578,0.0003983134946649456,0.0003698874390355606,0.9992317990664702,0.013060253545717715,0.006844720664959899,-3404.0540087381983
156,8300.500418256348,0.031301499735868744,,3,NDUFB11,,2.4105790837867005,-4137.851733879804,-4.157322791216112,0.9900123908395099,linear,3888,0.015044943356786323,12.641655108761498,0.0026543140411376953,0.12371508097925267,0.2800722114152803,0.5962127076045717,0.0008402720482589832,0.0006315095607669768,-4145.246782456761
157,6563.017434767956,0.03409536945328955,,3,GPRASP1,,2.2066667448249424,-3269.110242135607,-2.808514252497526,0.5336459710090462,linear,3888,0.007123475429956791,5.101938133078918,0.002688884735107422,0.0002810999578315294,0.00017351277755117453,0.9995453872643222,0.002079475878534409,0.00136531244550239,-3278.784845457397
158,7900.5158489348205,0.03493022308814545,,3,TCEAL4,,2.152064375892261,-3937.8594492190396,-3.097040937111633,0.6935369909454673,linear,3888,0.006125957914140933,4.194344145733501,0.002657651901245117,1.788495187365116e-05,0.0011242069515070335,0.998857908096941,0.00011281503421267658,0.00010477552739880662,-3952.030532132386
159,7660.8221714956635,0.0424942845546269,,3,PGRMC1,,1.7551278438521964,-3818.012610499461,-3.695852942264062,1.0861300147489428,linear,3888,0.003627909533865067,1.730018868298409,0.002706289291381836,0.04729721084351751,0.09812516332074861,0.8545776258354533,5.823413040673131e-08,1.1145288116120825e-07,-3844.383265136813
160,7212.919470735449,0.03037006770313292,,3,FHL1,,2.486899049414266,-3594.061260119354,-2.9117978562325333,0.5233679735116434,linear,3888,0.025551559867291875,22.721456948641062,0.002633810043334961,0.04487203270428649,0.17049424840173094,0.7846337188937784,0.0344692155375107,0.01586615214614992,-3595.1629700185877
161,7781.9614406226965,0.02994433313192773,,3,SSR4,,2.5233640659589343,-3878.5822450629776,-2.7453873075405038,0.49812543970267636,linear,3888,0.034494478744083686,31.49803654379081,0.002620220184326172,0.016234635593602654,0.34344357150079036,0.6403217929055685,0.04291770821225993,0.01921247268455162,-3878.8595345729095
162,7768.719824993229,0.030705353654527173,,3,PSD3,,2.458892900377743,-3871.961437248244,-3.2915215519138536,0.6575467048149015,linear,3888,0.019544415517224512,17.025226673348033,0.002672433853149414,0.00029571832229783994,0.0014740533757407435,0.9982302283023947,0.0037727461090241166,0.0023107400731716085,-3879.4776746549114
163,8004.025752305852,0.031353903007943155,,3,DMTN,,2.40641998197851,-3989.614400904555,-4.778346168562725,1.2296679383963551,linear,3888,0.015188741180572955,12.722547620092714,0.0027844905853271484,0.02450934063065965,0.16252677645703792,0.8129638829125645,0.005446435484354417,0.0032223762110186564,-3994.0113984965683
164,6897.198163185728,0.004299888964072519,,3,LGI3,,18.037204010038508,-3436.2006063444933,-2.6464254619544594,0.0668622893507597,linear,3888,6.351334775507147e-05,2.5322045949585856,0.004998922348022461,0.0009566250648733448,0.0027502497990581653,0.9962931251362527,0.04101293042769061,0.018412089978761217,-3439.189436694177
165,7139.078580937184,0.031914585896347734,,3,BNIP3L,,2.3627749937631153,-3557.140815220221,-2.8107939553897214,0.5206754529395733,linear,3888,0.01232017149273075,9.982890415734794,0.0026617050170898438,0.002093371167495728,0.00024564752128867313,0.9976609813111347,0.022042843424940894,0.010820616049248812,-3562.405025790973
166,7422.2714422091385,0.033844954031254586,,3,TACC1,,2.2235699726569007,-3698.7372458561986,-2.9931960690301147,0.6173261567505948,linear,3888,0.007416344043049864,5.3851560657174025,0.002730131149291992,0.001159766055444634,0.00255314201074999,0.9962870919335619,0.0006660542533971636,0.000516167230650559,-3709.1694370130353
167,7241.302932238751,0.0340501644618517,,3,UBE2V2,,2.209699725753399,-3608.252990871005,-3.2616521457050776,0.6963079492845062,linear,3888,0.007161639916404545,5.1419647230734,0.002782583236694336,0.00022922074234013755,0.0011039785808591419,0.9986668006764158,0.0009794668909232085,0.0007189762609825924,-3618.3899002306243
168,7897.169837604491,0.03719522317012529,,3,RAB2A,,2.016271309088186,-3936.1864435538746,-3.9102053733442217,1.0484332430568377,linear,3888,0.004768071726000469,2.9054457888725604,0.0026581287384033203,4.953545064917153e-05,1.88161214260641e-05,0.9999316484277568,0.00010169202448317982,9.500512528072856e-05,-3952.5990114984443
169,8120.879986924191,0.05519106015055403,,3,RPL7,,1.333439022305805,-4048.041518213725,-4.167768757420824,1.76733311472063,linear,3888,0.0035939382738913814,1.0684963991109653,0.002688884735107422,4.820391276540497e-05,0.00023300048731336623,0.9997187956001611,5.7157611976776934e-12,2.2330547128417736e-11,-4095.515502112116
170,7018.833765635872,1.6054924391497507e-10,,3,TPD52,,485165195.4097903,-3497.018407569565,-2.558813303604047,1.4224677319987539e-08,linear,3888,8.416873537015797e-08,2364339430946.4023,0.004444122314453125,0.2385258433045245,0.30647321730330845,0.4550009393919788,0.047282587179128144,0.02086999858513423,-3497.0184712822384
171,6742.100091389549,1.605492439149751e-10,,3,FABP5,,485165195.4097903,-3358.6515704464036,-2.336101224069927,1.1927601049123472e-08,linear,3888,5.284781746022741e-08,1484520090638.9585,0.004373788833618164,0.012448297332830921,0.02893027184617629,0.958621430821247,0.12269438822050771,0.047502853007716485,-3358.651634002191
172,7025.595958490634,0.04108482464138482,,3,AZIN1,,1.8180116285253776,-3500.3995039969464,-3.058073923041561,0.7558776634458569,linear,3888,0.003788178848619879,1.9216646659814993,0.0027010440826416016,0.002653517015508292,0.0006360904072045674,0.9967103925775165,7.489674409555391e-07,1.0794430967208437e-06,-3524.4299585494896
173,6916.480787414447,0.034625905228357665,,3,EIF3H,,2.17166287657428,-3445.841918458853,-2.4724496062313372,0.4664187073002754,linear,3888,0.006490730889455319,4.517025231199796,0.0026607513427734375,0.0003465274633405572,2.468552147510878e-05,0.9996287870149886,0.0015547003966986939,0.0010605328693208984,-3457.0261882373234
174,8146.945583390722,0.031411314856799655,,3,GRINA,,2.4018792934830597,-4061.0743164469905,-4.845597376060262,1.2685963956601114,linear,3888,0.01494860583601488,12.47856391256447,0.002714395523071289,0.20449499019818634,0.24502026980160974,0.5504847400000747,0.006297064912176076,0.0036750547186661722,-4064.809486726649
175,7410.384088257818,0.032090227628370445,,3,VPS28,,2.3494163120469924,-3692.7935688805383,-2.8092845923164473,0.5343947847278009,linear,3888,0.011382159873070237,9.128611376719965,0.0027887821197509766,0.00015148596588586993,9.57297450060073e-05,0.9997527842890115,0.00565828208993413,0.0033268958466369835,-3700.943642730697
176,6719.653843900288,0.003975305657182686,,3,SMARCA2,,19.5162998503268,-3347.4284467017733,-2.5961104628985368,0.05977126955010165,linear,3888,3.621586199365845e-05,1.6870214638645427,0.0050029754638671875,0.002535576574727941,0.0940247614796519,0.9034396619460566,0.0015415557132230084,0.0010530858787125123,-3354.455219405292
177,7034.6978511558345,0.0019099071827375436,,3,PSIP1,,40.70571480789984,-3504.9504503295466,-2.6588743994630715,0.0332608315543178,linear,3888,1.3887745292164283e-05,2.7786883493595647,0.0055255889892578125,0.029480877887711053,0.00226943455359409,0.9682496875588491,0.05771616897130272,0.024541733786625754,-3507.4474301676314
178,6755.111715824132,0.01080045373180313,,3,PHF24,,7.134110149714506,-3365.1573826636954,-2.5682614309323037,0.15158765547822148,linear,3888,0.0005604663383916221,3.638267528389448,0.0038437843322753906,0.02477205327179434,0.005476253405355951,0.9697516933231948,0.012221744558470804,0.0064625860996591605,-3369.8912808282203
179,7777.45751561276,0.029966652575617828,,3,CLTA,,2.521426625387379,-3876.3302825580095,-3.6165549541425372,0.7396390738632905,linear,3888,0.03391917834421309,30.92938038465327,0.0027303695678710938,0.10855452948208659,0.15218938066048815,0.739256089857023,0.0568690428717622,0.02430700500847965,-3876.614136230759
180,7038.6524457735195,0.03288210897972816,,3,GNAQ,,2.2909607882730088,-3506.927747638389,-2.7818812369759733,0.5249831298827601,linear,3888,0.009263622994660747,7.098614198014323,0.002821683883666992,0.004634315969205477,0.00514961397065118,0.9902160700603595,0.003302822485685364,0.0020570938945459207,-3514.0565693586423
181,7314.077979302895,0.03135266500843411,,3,HABP4,,2.4065180782052247,-3644.640514403077,-3.0233666197922515,0.5748332413475428,linear,3888,0.015071918392478364,12.625627271495736,0.002620697021484375,0.03735684098260709,0.10567216062069414,0.8569709983969789,0.003964579410008051,0.0024245340388147556,-3649.854187838896
182,6666.136165196672,0.03197248622392269,,3,FRRS1L,,2.358355085036961,-3320.669607349965,-2.6257752952385283,0.4571974367224425,linear,3888,0.011831392237237878,9.554378389669706,0.002658367156982422,0.07333157419059134,0.21803458441934762,0.7086338413899163,0.0007358955557564828,0.0005629092218201987,-3328.52244953963
183,6962.854163650366,0.0030971069755244196,,3,RAB14,,25.072321770830204,-3469.0286065768123,-2.788804536113484,0.05393573993052263,linear,3888,3.1163044205749676e-05,2.3828970322087866,0.004458427429199219,0.0001013556978495334,0.0019813009106380308,0.9979173433912593,0.05945415826399347,0.025094287578958284,-3471.559285920822
184,7403.887878616019,0.031067392608299032,,3,PSMB7,,2.4293308675861995,-3689.545464059639,-2.9447256924977387,0.5519812570814138,linear,3888,0.01729461618292644,14.737865651339646,0.0032739639282226562,0.011754311859529987,0.002707310831964032,0.9855383773087629,0.031111155616668773,0.014518353155046003,-3693.0080737179032
185,7667.926798143378,0.03848043692958719,,3,RPL35,,1.9463280112030443,-3821.564923823318,-4.684694126689731,1.4462991410732515,linear,3888,0.004276062148872486,2.447071699732799,0.002648591995239258,0.00024434539987171075,0.00010229669958728499,0.9996533579008774,2.6639115431326132e-06,3.300979099761988e-06,-3844.0703196068407
186,7375.9493303294885,0.03888990515080796,,3,RPL7A,,1.925015176038544,-3675.5761899163736,-4.93681006372804,1.584083261523253,linear,3888,0.004193611538980281,2.353475357554874,0.0027654170989990234,7.180258421921227e-06,0.010725270887607247,0.989267548854088,1.668616029570913e-06,2.1730035947329697e-06,-3696.6487206967668
187,7081.537486765647,0.003949318832949275,,3,TMEM141,,19.645231158401522,-3528.370268134453,-2.6295849165835286,0.062149814365588134,linear,3888,5.133496481893995e-05,2.4226173940077116,0.005013227462768555,0.0018831548256078264,0.07275970615235136,0.9253571390221245,0.010831500439197783,0.005825194154910381,-3532.0017065259535
188,6654.047994819154,0.034162521319172176,,3,ABCA2,,2.2021760796953584,-3314.6255221612064,-2.18250662821349,0.382736444876801,linear,3888,0.007034431131325512,5.01973263548471,0.00284576416015625,2.3230338711789176e-05,2.736365454745305e-05,0.9999494060068956,0.0030718454556034613,0.0019284795809655921,-3324.510115703216
189,7972.609309166586,0.03203661550760256,,3,NPDC1,,2.353478326490155,-3973.9061793349224,-4.044155832602979,0.9535477708052005,linear,3888,0.011852247729460521,9.535406094141345,0.002736806869506836,0.00441668780600659,0.003084011573227064,0.9924993006211521,0.010897987909397222,0.0058476459734666765,-3979.14222817494
190,7094.928203565377,0.03310388956588523,,3,RPLP2,,2.2750905758124023,-3535.0656265343177,-5.087740528513404,1.4047865733811382,linear,3888,0.008770209716466873,6.636697915448315,0.0026879310607910156,0.0008251605794360259,0.031042965239089934,0.9681318741817475,0.0015659105000879192,0.0010666406340656509,-3542.652201689386
191,8235.456354180249,0.03070487277973669,,3,POLR2L,,2.458932629457604,-4105.329701841754,-3.8291635728233366,0.8505847434192358,linear,3888,0.02044576896342687,17.81092292104061,0.002688169479370117,0.002826644653528728,0.006948745846476326,0.9902246094996723,0.018688243151269823,0.009348616102607319,-4109.207017225608
192,6987.8127894958225,0.03303457613990722,,3,AP2A2,,2.280027625576731,-3481.5079194995405,-2.81125984170401,0.5333421967412102,linear,3888,0.008841064320307027,6.716544736454736,0.002632617950439453,0.012482682814139251,0.0010432162841514853,0.9864741009018735,0.0020849737000538937,0.0013670234825722163,-3490.2741910076334
193,8317.09540784628,0.03278198634696429,,3,CD81,,2.2981957332798073,-4146.14922867477,-4.172512636273723,1.0445953202618479,linear,3888,0.00947208787434256,7.299817241494607,0.0026547908782958984,0.000904359291264097,6.292235024018968e-05,0.9990327183586865,0.009427077788068283,0.00517455165807854,-4153.592797083324
194,8111.883288595018,0.03695028696433091,,3,RPL27A,,2.0301531129691694,-4043.543169049138,-3.4922771526690446,0.8871029412134992,linear,3888,0.0048260190285839685,2.976945152664843,0.0026760101318359375,0.00428675936291311,0.2895715373486935,0.7061417032883782,2.041365446681098e-06,2.608132757430396e-06,-4062.4117638948455
195,8133.3955315720095,0.0321477071992193,,3,EIF4G2,,2.345076323155514,-4054.299290537634,-3.791098621319101,0.8723361625054232,linear,3888,0.011386859045584084,9.101861840760769,0.0027244091033935547,0.00039296944763249185,0.00013898936558732453,0.9994680411866211,0.0174149500193993,0.008767328889619166,-4060.260821667291
196,7326.157086508636,0.04025076560627553,,3,MICAL2,,1.8572977460024331,-3650.6800680059473,-3.5192537120977554,0.9336891355274993,linear,3888,0.003905618295485734,2.0573247865413875,0.002603292465209961,0.4581271832928125,0.02382177338689511,0.518051043320703,2.695232603766584e-07,4.331933799380601e-07,-3674.5435994905747
197,6664.297215842281,0.0032892860576988164,,3,KIAA1549L,,23.602901024757735,-3319.7501326727697,-2.396488384080382,0.04478590941441753,linear,3888,4.9280197435076333e-05,3.343443217795293,0.004343509674072266,0.15116598654106744,0.14688227612320795,0.7019517373359067,0.022980128216092965,0.011222451795988301,-3321.569430833828
198,6766.017828700889,0.00908118188645414,,3,MADD,,8.49950442945787,-3370.610439102074,-2.7043447187614453,0.1380040308526487,linear,3888,0.0004003392268880044,3.6499861224844254,0.003978252410888672,0.03056529907379372,0.05479280379830523,0.9146418971279499,0.02249414573512254,0.011030701416695323,-3373.092253450807
199,7180.198492044162,0.03381322317670369,,3,PSMC3,,2.225729701217926,-3577.7007707737102,-2.8471232050589945,0.5641393430527177,linear,3888,0.007515292138680412,5.4665525649500415,0.002657175064086914,0.0012146887837628214,0.004185385298779452,0.9945999259177264,0.0011895275317885812,0.0008494291630459519,-3586.809857015215
200,7105.39326857189,0.030341734263171594,,3,NDUFS3,,2.489294079910287,-3540.2981590375744,-2.982445169070088,0.5371685076003109,linear,3888,0.025903279507442104,23.0746179192978,0.0026483535766601562,0.00016422441430897757,0.026233801319678538,0.9736019742658333,0.055278949653128184,0.023758681247045693,-3541.6459624935337
201,6698.841216053146,0.009184863630803753,,3,SYT7,,8.402679963314917,-3337.0221327782024,-2.7877992568723435,0.14512147317896396,linear,3888,0.00040991366754575313,3.6549443680391804,0.003806591033935547,0.05731207200713344,0.029785664649746434,0.9129022633434484,0.026093947408412865,0.012472518294305257,-3339.5503912374525
202,7662.975012752822,0.031026025287980413,,3,ARL2,,2.4326737749667338,-3819.0890311280405,-3.411766337235714,0.6961577214620793,linear,3888,0.01777038548589564,15.181172431234055,0.002629518508911133,0.09358718206742618,0.030217556305010173,0.8761952616276362,0.023388733115196292,0.011386706506789695,-3821.7791887693666
203,6938.781625068336,0.01278509266817016,,3,CFL1,,6.01458583779202,-3456.9923372857975,-6.081368305733664,0.751967089556336,linear,3888,0.0012369869875948093,5.777450450400598,0.003885507583618164,0.00624167948328802,0.2017252759893041,0.792033044527779,0.0012843041235580666,0.000906157590570142,-3463.908309885043
204,6732.423073399209,1.6054924391497507e-10,,3,FIBP,,485165195.4097903,-3353.813061451234,-2.508644131798983,1.3648881469315458e-08,linear,3888,4.0108382670344455e-08,1126663365463.902,0.005209684371948242,0.036195558549893175,0.05286782454160107,0.9109366169082661,0.09974916777839027,0.039692047172300994,-3353.813124895267
205,7277.000121022148,0.03055463355407691,,3,CTSF,,2.471406374341594,-3626.1015852627033,-2.643012056988056,0.4627927536390558,linear,3888,0.022834148083917497,20.075423446710793,0.0026960372924804688,0.014628169909269437,0.1671762604834402,0.8181955696068931,0.02778198523109099,0.013197125454643388,-3627.6043320529297
206,7318.056598888124,0.031273458471054096,,3,LAMTOR1,,2.4128103656928785,-3646.6298241956915,-2.9509147952353163,0.5538391338032543,linear,3888,0.015876290561413733,13.362623628322268,0.0028107166290283203,0.005873822647215035,0.0009605543299072123,0.9931656230231216,0.04820870753651496,0.02121933969780581,-3649.8702654923763
207,7857.203314542986,0.03039914319099473,,3,RAB6A,,2.484445934966957,-3916.2031820231223,-3.509299274345234,0.7202823664900297,linear,3888,0.02454879514241292,21.79057972164252,0.002702951431274414,0.025415829295008154,0.00940750996811526,0.9651766607367691,0.033579352529100714,0.015532168044060107,-3918.901753203584
208,8260.781325601341,0.056401374919771936,,3,RPS3,,1.3031533089044698,-4117.9921875523005,-3.6953728810272937,1.5114231295472478,linear,3888,0.0036508561689604074,1.0443069550221837,0.0027074813842773438,3.970181971775632e-06,0.0025046441780938737,0.99749138563906,5.413447468072263e-13,2.2646763341895233e-12,-4168.901717110502
209,6849.355203427384,0.03144698790111118,,3,PAFAH1B2,,2.3990662729226115,-3412.2791264653215,-2.8481355955392624,0.5116760105409267,linear,3888,0.014704677465596339,12.248871139708204,0.0026395320892333984,0.16968753923812113,0.2668935094712793,0.5634189512904044,0.0053343687259372885,0.00316399194420827,-3416.282333720061
210,7326.131006406053,0.03320673156726848,,3,SORL1,,2.267803332563843,-3650.6670279546556,-3.213693554188909,0.6673499289310032,linear,3888,0.008492537412562578,6.3894762388293715,0.0026826858520507812,0.32971241385155375,0.05260524676867569,0.6176823393793235,0.0005457495217559005,0.00043142254684260916,-3659.718253155523
211,7169.346245418704,1.605492439149751e-10,,3,HSPA8,,485165195.4097903,-3572.274647460981,-6.613375238443248,9.090594529297803e-08,linear,3888,3.696424625737639e-07,10383430923272.992,0.0033075809478759766,0.0582116753615692,0.02586389001246787,0.9159244346261137,0.12533557436957865,0.04840649039823299,-3572.2747114867107
212,7973.084682285963,0.033085763513962696,,3,FEZ1,,2.2763796589775427,-3974.143865894611,-3.472334647061166,0.7784791145419276,linear,3888,0.008814361193458084,6.6769315798239175,0.0026667118072509766,0.15799748430952118,0.24722250268743798,0.5947800130030952,0.0008452595281565056,0.0006342495737970893,-3981.589112865421
213,8258.049744996411,0.03355322772110862,,3,APLP2,,2.2435798888088616,-4116.6263972498355,-4.94503997858145,1.4102143653161008,linear,3888,0.007829411466673953,5.7775892026510185,0.0026803016662597656,0.04353327430614325,0.105600778054899,0.850865947638649,0.00021277659410867678,0.00018836198320822594,-4127.251618525976
214,7211.396426457281,0.03453516537999157,,3,IDI1,,2.177573499798266,-3593.29973798027,-3.137164791616604,0.6650732761284487,linear,3888,0.00658297544757955,4.603644762094826,0.002682209014892578,0.004283269389787933,0.0016644218052208205,0.9940523088049885,0.0005176305869389886,0.0004119496559661372,-3604.4141245355268
215,6789.011589691469,0.03077691693573767,,3,GDI2,,2.4529943005809454,-3382.107319597364,-2.4790866851172497,0.41052464899758645,linear,3888,0.02016642155192581,17.490513000864812,0.0032944679260253906,0.02145920137049658,0.029816530786219354,0.9487242678436354,0.03504908106188931,0.01608607427377091,-3384.1473045787397
216,6761.166464660706,0.03129287011372508,,3,CELF2,,2.4112653287013712,-3368.1847570819823,-2.776234773449405,0.48758641011256737,linear,3888,0.015496329449156833,13.02766530830282,0.0026183128356933594,0.0009607149383562342,0.00021075649314774956,0.998828528568582,0.02971794818691953,0.013950828795881698,-3373.0092838442397
217,7532.829235426158,1.6054924391497507e-10,,3,CISD1,,485165195.4097903,-3754.0161424647085,-3.3723331092028785,2.4273006851100754e-08,linear,3888,5.208685700892029e-08,1463144353050.6035,0.005731821060180664,0.21050751332571355,0.22852357317601635,0.5609689134982442,0.05494100469829222,0.023654017588269544,-3754.016206015009
218,6800.350356635697,0.03710232566546414,,3,PSAP,,2.0215147170519425,-3387.7767030694777,-6.056645344345885,2.149052468536077,linear,3888,0.004782297472857388,2.9276338220185374,0.002684354782104492,0.12491496398961338,0.07449420564687372,0.8005908303636028,5.2520811619771735e-06,6.1455495144647396e-06,-3405.574280160451
219,6757.28922945951,0.0034897774670044476,,3,ANXA7,,22.242414348055448,-3366.2461394813845,-2.5961607025123024,0.05327195646730623,linear,3888,4.0503208446491996e-05,2.443321839805397,0.004438877105712891,0.01750520612951323,0.010380718480437449,0.9721140753903984,0.04943724293374485,0.021639197243726704,-3368.243519970013
220,7022.986086148317,0.032354017575123316,,3,RPS24,,2.329625886709166,-3499.0945678257876,-4.550760837126666,1.1260891798210415,linear,3888,0.01070060779491169,8.451612945933537,0.002701997756958008,0.026363152830558404,0.11845546376843585,0.8551813834006595,0.002212379715776258,0.0014366102050495182,-3505.314551195952
221,7750.84820974131,0.031158231220408842,,3,FAM213A,,2.422021315058411,-3863.025629622284,-3.4506549979245977,0.7151904760908991,linear,3888,0.016539769817631597,14.017688348673943,0.002683401107788086,0.11332505445412258,0.06258255267286973,0.8240923928732089,0.009225737882884388,0.005077133769816787,-3866.9602995971604
222,8402.511887513429,0.0638728674956557,,3,SCD,,1.141606208531167,-4188.857468508344,-2.57131971019024,1.0696222526349728,linear,3888,0.0041677511644826705,0.9572583832279067,0.0026764869689941406,4.500497911932079e-05,0.0010262784395035226,0.9989287165819517,7.216449660063518e-15,3.79045840730609e-14,-4248.696402173488
223,7069.2875926178785,0.0336794644985666,,3,HSPA12A,,2.2348785852445383,-3522.2453210605686,-3.023192455775092,0.6078876917617996,linear,3888,0.007655756657875562,5.610023495134721,0.002713441848754883,0.006430746664967356,0.0011470317665661777,0.9924222215682988,0.0008971351440369979,0.0006657774723836719,-3532.522651032492
224,7570.007849209187,0.03036044366551298,,3,INPP5F,,2.487712069623441,-3772.605449356223,-3.2266985718157386,0.6228307698026723,linear,3888,0.025199308810843504,22.421558372859305,0.002676725387573242,0.019162037132902425,0.33341149228718076,0.6474264705800095,0.01224411107657275,0.006467179034858131,-3775.0796119750707
225,7238.81145294004,0.0307486655136777,,3,CCND2,,2.4553196425574284,-3607.0072512216493,-2.8512903763543624,0.5154240173180771,linear,3888,0.020470314056024348,17.78469190361347,0.0026862621307373047,0.05188821487583312,0.01404205055208528,0.9340697345718425,0.044970302305127885,0.019979970265436176,-3608.9929263497747
226,7300.581751191735,1.605492439149751e-10,,3,MRPL51,,485165195.4097903,-3637.8924003474967,-2.6854937909902263,1.5648812297024722e-08,linear,3888,7.633075466724986e-06,214416686029550.66,0.0032384395599365234,0.1323380553381006,0.04208309740210288,0.8255788472598125,0.10389772779743645,0.040920372245260885,-3637.8924645960597
227,6862.354168390063,1.605492439149751e-10,,3,ATN1,,485165195.4097903,-3418.778608946661,-2.278757030080784,1.140348239784256e-08,linear,3888,3.119580036905884e-08,876304729637.7563,0.004525423049926758,0.14275348730562107,0.045197131781060024,0.812049380913233,0.10106701602900936,0.04008148896818553,-3418.7786722745896
228,6641.422039230504,0.03279375558922249,,3,DNM1L,,2.297342986703148,-3308.3125443668814,-2.7438879437293013,0.4985356422563362,linear,3888,0.009467343661941558,7.291270811188625,0.002649545669555664,0.000507695468705632,0.012390854775814194,0.9871014497555696,0.0026401393511009674,0.0016775078965939676,-3315.4094688938044
229,7676.761232811413,1.605492439149751e-10,,3,PFKM,,485165195.4097903,-3825.9821411573357,-3.455678848628728,2.547736679987763e-08,linear,3888,1.8161856307590818e-08,510175100271.78436,0.0033652782440185547,0.0644152882093667,0.3724536335738699,0.563131078216851,0.04753958530948432,0.02096386055031534,-3825.982204179783
230,8054.275183935416,0.031830045159311156,,3,ARF3,,2.3692574182151187,-4014.7391167193373,-4.973552492558752,1.339227405750615,linear,3888,0.012750196350022874,10.382746253646832,0.0027959346771240234,0.0012132005652189144,0.01339712687951482,0.9853896725557016,0.01067184436292068,0.005752419476229661,-4019.2744492945358
231,8174.067365189309,0.03384865343593402,,3,TMBIM6,,2.2233184399760986,-4074.635207346284,-3.2695717840397194,0.7402165770147089,linear,3888,0.007466365853636846,5.420373642541961,0.0026819705963134766,0.00022162462913478563,0.003986379045582287,0.9957919963252447,0.0012071801050125286,0.0008594381908632461,-4083.7420324025056
232,7595.781677246553,1.605492439149751e-10,,3,COX14,,485165195.4097903,-3785.492363374906,-3.1068208474941272,2.074080972302537e-08,linear,3888,1.713405271490443e-07,4813036131243.321,0.004968404769897461,0.017224000844258774,0.03004795506808022,0.9527280440876816,0.12097737943137377,0.046953453727656635,-3785.4924272666613
233,7185.348008722394,0.03268638505643625,,3,DAZAP2,,2.3051453283441106,-3580.2755291128265,-2.436300305988276,0.4419770004861366,linear,3888,0.009748051519865531,7.553591520614156,0.0026967525482177734,8.158336572191236e-05,8.120287899501748e-05,0.9998372137549808,0.012808321453337657,0.006727603187611699,-3587.0472964538058
234,6782.934852362435,0.010281424647076586,,3,EIF4B,,7.498188035142424,-3379.0689509328467,-2.35064125419681,0.12851606313476807,linear,3888,0.0004939206396077582,3.5306126993510167,0.003862619400024414,0.0002158490722297217,0.00013670736954309013,0.9996474435579679,0.09413467798826547,0.03774387582226698,-3382.1869900139473
235,8260.639442101907,0.032589875208586735,,3,PFDN5,,2.3122023255212243,-4117.921245802583,-3.959184219418225,0.9530639535356185,linear,3888,0.009902734177321595,7.715965028411939,0.002841949462890625,3.216035217718251e-05,0.00031736103787362204,0.9996504786092228,0.004310402011778458,0.0026190804465118,-4125.964177164012
236,8228.294205863647,0.030038541296398633,,3,ATP5MC2,,2.5152058920262443,-4101.748627683453,-4.328023454086531,1.0091239280074273,linear,3888,0.03112867368890676,28.257352715430216,0.0027277469635009766,0.01593019540015201,0.13755710488779344,0.8465126997111848,0.018750081382252093,0.009369635132395818,-4104.049021043918
237,7963.203782559405,0.03134737752628975,,3,NACA,,2.406937133314494,-3969.203416031332,-4.457771482787438,1.0925038896748303,linear,3888,0.015340907863683147,12.855018916694947,0.0026895999908447266,0.00041135396097750936,0.00015246910193584807,0.9994361769369231,0.064985414363528,0.0270902801579562,-3972.8699310305637
238,7442.966142378998,0.034731671525524296,,3,DCTN2,,2.1648124379150064,-3709.084595941128,-3.3406055199781908,0.7460900064491708,linear,3888,0.006358301684988053,4.399828182094164,0.0026671886444091797,0.08208345055575925,0.0475603779859253,0.8703561714586902,0.00011345544181506906,0.00010516368938295172,-3721.3036841806897
239,7356.213924017907,0.03306239815679308,,3,UBE2N,,2.278043434819765,-3665.7084867605827,-3.2366259155752486,0.6728097592040894,linear,3888,0.008866214595804962,6.725073843660316,0.002670764923095703,0.0006390589696296146,0.00940975186451199,0.9899511891657901,0.0024641754316797604,0.001582721374102613,-3673.070620970605
240,8144.262543368453,0.032175052970143586,,3,ATP2A2,,2.3430170270437194,-4059.732796435856,-4.842415553794779,1.2983449135461231,linear,3888,0.011123087450472871,8.876893397995385,0.0027632713317871094,0.00021028498301397538,0.03044079044266038,0.9693489245741514,0.0013528374743512206,0.0009380193437164866,-4067.599396855011
241,6551.171870142855,1.605492439149751e-10,,3,PEBP1,,485165195.4097903,-3263.187459823057,-6.833454170590035,9.68942027098689e-08,linear,3888,3.593521176019312e-08,1009437028492.6149,0.0044097900390625,0.15718529045050308,0.14515602672446237,0.697658682825352,0.0672896596940823,0.027927706154459886,-3263.1875232181324
242,8328.960987373572,0.046350977346188066,,3,RPLP0,,1.6026089906406793,-4152.082018438416,-3.4275766983020572,1.107058077125625,linear,3888,0.003426209620761571,1.3945250835713094,0.0032300949096679688,1.3572368396324774e-06,2.5354444422470323e-05,0.9999732883191114,1.803683591372618e-08,3.893380936130184e-08,-4184.9356483204465
243,7497.179277371372,0.003390464486155375,,3,CAMKK2,,22.896217464369016,-3736.1911634373155,-3.2256983290075953,0.07531444458800163,linear,3888,2.4640508527829897e-05,1.5741232033309311,0.004927158355712891,0.0011021329013992086,0.142835629569215,0.8560622375289344,0.0015853171972873836,0.0010752118724265548,-3742.9303839723625
244,7102.705369768215,0.042567540460981844,,3,CCDC92,,1.7519733370403607,-3538.954209635737,-3.166592828334937,0.8301446867877963,linear,3888,0.003620102755811414,1.720862725048727,0.002601146697998047,0.11648683782668456,0.010017734624741122,0.8734954275485488,9.130236255927571e-08,1.666452387884288e-07,-3565.6056158232054
245,6993.869590155796,0.003164069752469389,,3,UBC,,24.54005530794263,-3484.536319829527,-5.587007180223003,0.17796817974551055,linear,3888,3.397136474551541e-05,2.4895429447806263,0.004469633102416992,0.007968479987789663,0.4232411720841125,0.5687903479285525,0.012029644424681352,0.0063681310198862905,-3486.8577743788387
246,7395.440568212248,0.03355484999702538,,3,RPL21,,2.2434676525924684,-3685.3218088577532,-4.574171103191003,1.194866400374636,linear,3888,0.007925457410534109,5.8479374801773725,0.0027201175689697266,0.0002973812159168813,0.006325210284924062,0.9933774084993278,0.0014754212614065398,0.0010122958911880206,-3693.8263283629667
247,6698.173626090607,0.03173932042692824,,3,UBL3,,2.376252434340737,-3336.688337796933,-2.4337270348785807,0.41008310550768184,linear,3888,0.0131321143353775,10.75103650627797,0.0027246475219726562,0.00032094362703159203,0.00013022288184163223,0.9995488334908583,0.03688254793810253,0.01678093002696064,-3341.384245615138
248,7817.285011944889,0.0034312448714938363,,3,TSC22D1,,22.623169894530047,-3896.244030724074,-5.817484615231456,0.20932196462301592,linear,3888,3.965155928819288e-05,2.4736480684403963,0.004530191421508789,0.1546819126357936,0.23770903552248207,0.6076090518418816,0.004169551123542559,0.002540026457640734,-3900.788908327271
249,7356.642059029125,0.03575479507071071,,3,TPT1,,2.1006374192348436,-3665.922554266192,-4.348268866562393,1.1679876499218393,linear,3888,0.005427066652936352,3.5581882091525885,0.002694845199584961,0.001357850952828558,0.00013984367294522925,0.9985023053741001,1.8761346923912292e-05,1.9752784775125313e-05,-3684.537545721359
250,6860.347280808805,1.605492439149751e-10,,3,SUCLA2,,485165195.4097903,-3417.775165156032,-2.642429808729329,1.5091962176734366e-08,linear,3888,3.473614575752894e-08,975754699562.0627,0.003274679183959961,0.368663413088514,0.043559670825959,0.5877769160858767,0.09241584317503715,0.0371863597579031,-3417.775228535423
251,6974.168274126206,0.03170551979868557,,3,PCDH9,,2.3788687502001116,-3474.685661814732,-2.680239045881325,0.47780127572645453,linear,3888,0.013341200930058684,10.944019970407195,0.0026750564575195312,0.11361624174657296,0.1813506790707541,0.7050330791825321,0.005500568322187593,0.0032462779792731228,-3478.938789050667
252,6843.396144481955,0.0035912495882009774,,3,MYCBP2,,21.611745588580064,-3409.299596992607,-2.8795263397209663,0.06407342359510475,linear,3888,5.280921745634278e-05,3.0094588783207543,0.00444340705871582,0.3761441893352856,0.02080249568192626,0.6030533149832275,0.04849100855352684,0.021303924001211522,-3410.743124959351
253,6942.591246909974,0.031889845582467706,,3,LAMP1,,2.3646684770584105,-3458.8971482066163,-2.3925954492107575,0.41177595092818603,linear,3888,0.012473136477879735,10.121514001019712,0.002681255340576172,0.157388084469464,0.00876271189072471,0.833849203639796,0.01004000119804671,0.005467952055911489,-3463.669882131359
254,6599.916062035941,1.6054924391497512e-10,,3,MRPL52,,485165195.4097903,-3287.5595557695997,-2.2465753167652194,1.1057589212219748e-08,linear,3888,6.099677517271266e-08,1713428151999.4092,0.0033299922943115234,0.00868569264191066,0.050848617198969236,0.9404656901587021,0.10199120396689754,0.0402790507046303,-3287.559619377691
255,7365.147570244045,0.03229726002130364,,3,ATP6V1D,,2.3338567371689183,-3670.1753098736517,-3.3518924262943437,0.6930004490099778,linear,3888,0.010891374887081466,8.630571396790511,0.002658367156982422,0.009984289402875096,0.0014610260479699497,0.9885546845489708,0.008623160918304729,0.0047901331882474725,-3676.2002936845565
256,6746.6540965566355,0.0036376930100577485,,3,AHSA1,,21.334828040093313,-3360.928573029947,-2.7152243083542116,0.05899652276397864,linear,3888,5.963323030501913e-05,3.312759595250301,0.00453639030456543,0.015949175672725,0.0033429207924240306,0.980707903534814,0.10287748592029067,0.04059515304185093,-3362.296822233251
257,6982.7946869491525,0.033180851038184404,,3,CYP46A1,,2.269632937827337,-3478.9988682262056,-2.60640607903499,0.48197733516772434,linear,3888,0.007794662763323785,5.87296027334972,0.0033342838287353516,0.03994190334230103,0.11154433775645516,0.8485137589016645,2.2306721847442645e-07,3.663075666166364e-07,-3502.702713685286
258,6616.834612500756,0.03334894712391957,,3,INF2,,2.257800183290076,-3296.018831002007,-2.5178750641398553,0.4485481327548718,linear,3888,0.008287860915747035,6.185959104736622,0.002614259719848633,0.004900524914574922,0.0006688865546855929,0.9944305885307132,0.0034314681608396125,0.002126013873033002,-3304.1007201144803
259,7270.052990761739,1.605492439149751e-10,,3,EMC4,,485165195.4097903,-3622.628020132499,-2.8160452162677605,1.7123066468905087e-08,linear,3888,3.267192962856759e-08,917769895985.8258,0.005127429962158203,0.0830057166401145,0.03097375246355115,0.8860205308963586,0.11706999261278361,0.04562421955980476,-3622.6280834828976
260,8057.723674206311,0.03262556812083054,,3,SCG3,,2.309587521726469,-4016.463361854785,-3.9821338920717575,0.9520821837063915,linear,3888,0.009919151892199064,7.712965369427603,0.0027327537536621094,0.005701168367298696,0.0007534984159383885,0.9935453332171204,0.00784313403843706,0.004456607042697012,-4022.9916377259924
261,7829.230633751748,0.02982985989717954,,3,TMOD2,,2.53334648964241,-3902.2168416275035,-3.617507013890026,0.7387835569718908,linear,3888,0.03733409392496038,34.337244489135124,0.002668619155883789,0.10455074481198962,0.12677959155100105,0.7686696636368555,0.04436650538158271,0.019786091593844778,-3903.0276808796425
262,7852.674736206342,0.0436453711487568,,3,MYO5A,,1.706784444412873,-3913.9388928548,-3.976924440959347,1.2666568786593544,linear,3888,0.0035373091880798145,1.6063744781761626,0.0027246475219726562,1.798527799456459e-05,8.847473384881316e-06,0.9999731672485991,2.4063922909878244e-07,3.909165858524426e-07,-3942.299359659458
263,6806.919014345613,0.030921116393550413,,3,HACD3,,2.441191603736833,-3391.0610319244356,-2.6248084413365964,0.44653881044277455,linear,3888,0.01844635937600033,15.859048812523014,0.0026788711547851562,0.002232247712471543,0.006173683828246646,0.9915940684597332,0.022005104337183945,0.010813319084611276,-3394.71309727326
264,7150.256458274306,0.03440649553556698,,3,RAB11A,,2.1860082591927563,-3562.7297538887824,-3.1738931607200573,0.6715051828439041,linear,3888,0.0067430742133587915,4.748482904106544,0.002719879150390625,0.0008994514003505111,0.00023128127237417517,0.9988692673269803,0.0013488356942623625,0.0009380193437164866,-3573.0567717172553
265,7355.358187885556,0.003672900526766162,,3,PKM,,21.12957098917023,-3665.280618694407,-6.417881432491029,0.26362020212759213,linear,3888,4.0182231114590555e-05,2.1899435815627015,0.0050504207611083984,0.0003408826081428868,0.00011181163449234437,0.9995473057575633,0.04970104982022838,0.021734543693986006,-3669.548430636846
266,8047.780886880685,0.03400544422125817,,3,SCAMP5,,2.2127081173560925,-4011.491968191972,-4.213786065234245,1.086562355360951,linear,3888,0.007244055350000102,5.213888253767332,0.002713918685913086,0.000768442002598818,0.0016031877714976453,0.997628370225839,0.0012708706191043584,0.0008993640744886588,-4020.960198992905
267,7654.246370259755,0.030969547059410834,,3,LINGO1,,2.4372522196735873,-3814.724709881507,-3.7497611761034624,0.8034511182803981,linear,3888,0.018272661037126398,15.663680381187447,0.0026674270629882812,0.001672603460817146,0.003005832168769481,0.995321564370563,0.05292855075914071,0.02293379417944602,-3817.239313948163
268,7963.09783156558,0.03078232643028185,,3,MORF4L1,,2.4525495382085105,-3969.1504405344194,-5.5847215868442595,1.578871045864979,linear,3888,0.01898215483869473,16.457961838236127,0.0028269290924072266,0.0013286355693966595,0.35176406554048867,0.6469072988904496,0.001099410039979154,0.0007946805960371978,-3975.974420640616
269,7049.308892708147,0.03156282718659889,,3,HDGFL3,,2.3899755416109865,-3512.255971105703,-2.7472519273196148,0.4951501791142841,linear,3888,0.014028561882011861,11.605477984064054,0.002680063247680664,0.0013000155831817163,0.00011075673310345637,0.9985892276839536,0.046979370421364464,0.02077495758066972,-3516.6226544966285
270,6600.900350697507,1.605492439149751e-10,,3,TM2D3,,485165195.4097903,-3288.0517001003827,-2.578513940094966,1.4358959719338606e-08,linear,3888,8.990609187157742e-08,2525504478110.842,0.003299236297607422,0.013750633500979973,0.30851515075507707,0.677734215743944,0.0531436303652314,0.023005900591009265,-3288.051763832486
271,8145.278078809444,0.032347473235449474,,3,ARHGDIG,,2.330112960943109,-4060.2405641563514,-5.30621032210542,1.5268996538044366,linear,3888,0.010402789106703156,8.219496184448365,0.0026793479919433594,0.01102660201340446,0.16124817300836253,0.827725224977988,0.0002424794309736633,0.00021109878470836253,-4070.395056978633
272,7969.543531176564,0.030647887830044896,,3,STUB1,,2.46364945941591,-3972.3732903399114,-3.723233835807369,0.8003982894564053,linear,3888,0.02161443863537865,18.894721483295314,0.0027053356170654297,0.23594169062280504,0.1200220630734318,0.6440362463033343,0.023635784891918088,0.011495144167412465,-3974.2016669490904
273,8169.152197448287,0.0729153274267438,,3,RPS2,,0.9903722737459235,-4072.1776234757726,-3.7766749227118175,2.0398003538962803,linear,3888,0.005037936438532934,0.9198004631204432,0.0026924610137939453,6.224491760851109e-06,0.0002080196480079968,0.9997857558598298,0.0,0.0,-4144.000472741543
274,6988.085882542503,1.605492439149751e-10,,3,PGP,,485165195.4097903,-3481.644466022881,-2.67547253886511,1.547752747237117e-08,linear,3888,1.9485827115214534e-08,547366064020.02356,0.003365755081176758,0.0709233282264673,0.0315634948812171,0.8975131768925176,0.11684758517869254,0.045575115731263216,-3481.6445290898837
275,7891.858267359004,0.033478777814376054,,3,CDIP1,,2.24874236618371,-3933.530658431131,-3.771864752601225,0.8894644154602741,linear,3888,0.008028597711529204,5.949170915300036,0.0026335716247558594,0.00017173156026438816,7.461848785090904e-05,0.9997536499515735,0.0040093740023026125,0.0024487602551061293,-3942.4288359734383
276,7936.312839102293,0.029994144487715747,,3,RBFOX1,,2.5190441515654776,-3955.7579443027757,-4.077269948386415,0.9019190086779673,linear,3888,0.032874005424749705,29.924732583091505,0.002640247344970703,0.039145757014366095,0.09234980878544222,0.8685044341997805,0.047052193272307474,0.02078771495463032,-3956.6892348998463
277,8155.282122614691,0.043802642016283935,,3,C16orf45,,1.7003766630068449,-4065.2425860589747,-4.770729545495234,1.7374899535570514,linear,3888,0.003514506010155128,1.5855728450226183,0.0027239322662353516,0.000583645262597057,0.050370684216918156,0.9490456705201337,7.493830556093428e-09,1.753731723298192e-08,-4095.9800065576255
278,7656.792433933581,0.0339069939776896,,3,GPRC5B,,2.2193589643391136,-3815.99774171842,-2.358628447027587,0.46186385606560754,linear,3888,0.007346822198178566,5.3164985797462,0.0026922225952148438,0.009616996043900773,0.0003847481400510804,0.9899982558164433,0.001324998860028126,0.0009279453295819871,-3826.098722684125
279,7628.91655569177,0.030713817053220765,,3,UQCRC2,,2.458193872001147,-3802.059802597514,-3.6093440811615465,0.7494897448828047,linear,3888,0.0208037919443077,18.112908052177758,0.0026917457580566406,0.034005510309557244,0.02531387220496232,0.9406806174854148,0.03497636258766823,0.016068299801738208,-3804.180931787695
280,7033.032159935207,0.00308679942314453,,3,CACNG3,,25.156304278147015,-3504.117604719233,-2.68206625838279,0.05103048332105649,linear,3888,5.0603020465589194e-05,3.8951018668359607,0.005210399627685547,0.03456134918524132,0.09360602770517296,0.8718326231098186,0.031645091288011185,0.014729176921545389,-3505.718152398558
281,7199.348427508393,0.030195871132239586,,3,MAPK3,,2.50169504458894,-3587.2757385058258,-2.884326717842139,0.5128152066187048,linear,3888,0.028625870310814858,25.73168370478561,0.0026967525482177734,0.008497860910824537,0.048031455216015075,0.9434706838732252,0.061491867862709326,0.025770286338337244,-3588.128451222571
282,7738.971393968598,1.6054924391497507e-10,,3,VPS35,,485165195.4097903,-3857.0872217359283,-3.3912397536653214,2.45819000279629e-08,linear,3888,2.8096845940061408e-08,789253639717.4675,0.004967212677001953,0.01538304246165301,0.02560921646795585,0.9590077410707368,0.12760390754092965,0.0491255711688717,-3857.087285011033
283,7358.87383605585,0.030009084167105203,,3,AARS,,2.517751296148489,-3667.0384427795543,-3.010986277726145,0.5483035617937019,linear,3888,0.03213965676661275,29.228907706145996,0.0026960372924804688,0.0176633034683805,0.005685322473416384,0.9766513740584715,0.07400334356976612,0.030553186706056678,-3668.670652100384
284,8083.015657113876,0.033271678655151814,,3,TERF2IP,,2.2632244791405527,-4029.1093533085673,-4.5137227521842735,1.1912394259789936,linear,3888,0.008438706131534565,6.325867827742221,0.002674579620361328,0.1127253152776797,0.4227594240369603,0.4645152606854053,0.0005573055401616456,0.00043835861576774416,-4036.9370582772403
285,7395.178788568465,0.03510580768587776,,3,KIAA0513,,2.14091106030176,-3685.190919035862,-3.1754277248332587,0.6970375780741148,linear,3888,0.006046109013198735,4.10126136649948,0.002653360366821289,0.0009263228221795842,0.015652111721520506,0.9834215654559623,0.00019371735122364342,0.00017278391532812108,-3697.0193735517955
286,7937.827475623062,0.03129090153189961,,3,ABR,,2.4114219273105606,-3956.5152625631604,-3.6516515357183663,0.7919257518259453,linear,3888,0.01561350024854147,13.127717393838054,0.0026192665100097656,2.3606401270513756e-05,0.0009483730023074058,0.9990280205968525,0.028124820666003636,0.013295369769383537,-3960.6827324149644
287,6581.466350932762,0.010674177847198603,,3,PITPNA,,7.219428389543414,-3278.3347002180103,-2.5152352098189805,0.14361246465028996,linear,3888,0.00047632286140089863,3.163993179195091,0.003968000411987305,0.0003014935633072829,0.008292974695254028,0.9914055317416016,0.02292673287244018,0.011207954398485376,-3281.767780474433
288,8306.29338208216,0.03017257001884173,,3,PFN1,,2.5036871609815035,-4140.74821579271,-3.174066721820335,0.6380087995262725,linear,3888,0.02634115050225609,23.712310616357552,0.0026340484619140625,0.010100412067660098,0.2888141394948048,0.7010854484366893,0.0009137825261024135,0.0006756900234929149,-4148.053403358558
289,7929.158429784961,0.03373488081163664,,3,USP22,,2.231079393846898,-3952.18073964411,-3.8941803158195785,0.9443431617620005,linear,3888,0.007631537221370744,5.57516191916298,0.002665281295776367,0.21046736490266812,0.11378486371520491,0.6757477713821219,0.0004691911279198768,0.0003765695115269887,-3961.172963000544
290,7615.671912631383,0.0034115228433948667,,3,CDK5R1,,22.75440483533712,-3795.4374810673207,-3.2812122045928187,0.07829367261741438,linear,3888,5.524068660145806e-05,3.4858441577451327,0.004418849945068359,0.0005726941480476709,0.013693250219017915,0.9857340556325936,0.03144636550124702,0.014660310256991618,-3798.0713256531853
291,6905.125471689819,0.03284795031214102,,3,AP2B1,,2.2934241652908356,-3440.164260596539,-2.913971824826023,0.5551556557202765,linear,3888,0.009348668061125099,7.177702243333378,0.002717733383178711,0.03342048666039938,0.01912205990613646,0.9474574534336809,0.0024438746653284715,0.001571817966568714,-3447.165050038364
292,7762.751940383179,0.03016328518199774,,3,PSMB3,,2.5044818207664234,-3868.977494943219,-2.9928823680689036,0.5632337350898422,linear,3888,0.029121569598384727,26.230402125907215,0.0026624202728271484,0.002605144910627897,0.036054676715960854,0.9613401783737149,0.0568179347737211,0.02430700500847965,-3870.1142313371593
293,6803.726899427223,0.03220660787494206,,3,NEUROD2,,2.3406451044017045,-3389.4649744652406,-3.070606638181896,0.5842486762081536,linear,3888,0.01123403516170825,8.94901555261336,0.002716541290283203,0.11998349464505544,0.42126222211036607,0.45875428324477213,0.0020072102005764814,0.0013238290428371623,-3394.917709429135
294,7088.918859822502,0.0037065359335161072,,3,MIEN1,,20.93712130379812,-3532.0609546628802,-2.5152627666670946,0.055168961458124804,linear,3888,6.121173735441705e-05,3.276243598765083,0.004793643951416016,0.0027178748969304382,0.006245228046401785,0.9910368970570539,0.08967387380819392,0.036200927241876284,-3533.3418147582697
295,7493.983321316393,0.029918121317144296,,3,EIF1,,2.525643074898441,-3734.5931854098258,-5.294841405071119,1.3766535770526813,linear,3888,0.03519627047571848,32.19179462676056,0.002662181854248047,0.01799322229669684,0.03070158488643798,0.9513051928169189,0.10172435491735543,0.040274603743737494,-3734.855419299225
296,8016.417757719171,0.032437840340198004,,3,ATP6V0A1,,2.323404606870564,-3995.810403611215,-4.467698811895836,1.137975829006574,linear,3888,0.010446792737242734,8.211329302766488,0.002727508544921875,0.032899325274127755,0.008818141219826221,0.958282533506073,0.004439128570923767,0.0026835001823766087,-4002.1165913015325
297,7965.289587353783,0.03665132035183385,,3,RPL27,,2.0473485474316315,-3970.2463184285207,-4.683865405796428,1.3917035025164841,linear,3888,0.005013844255341046,3.1396975729011336,0.0026803016662597656,0.00011162400402593997,0.0017441759641869338,0.9981442000318441,4.862462210808438e-05,4.788788540947704e-05,-3985.789293313702
298,7156.439124682184,0.0025486208512851493,,3,HDAC5,,30.4848741183265,-3565.8210870927214,-2.7734390148281833,0.04567267390982503,linear,3888,2.1678264842920504e-05,2.4423119943796063,0.004641532897949219,0.16603403420141036,0.3631563173098194,0.4708096484890321,0.007835661732217059,0.004456607042697012,-3568.8887269832435
299,6655.129544358075,0.03130764443515265,,3,NPEPPS,,2.410090675529698,-3315.1662969306667,-2.7532277263603397,0.47834390015925127,linear,3888,0.015605927879504065,13.108205870080543,0.0027108192443847656,0.004210464169809714,0.0003256363180110791,0.9954638995118253,0.05528462367101017,0.023758681247045693,-3318.7195438472595
300,6639.865016668005,0.009173780179105934,,3,NFE2L1,,8.412925905328368,-3307.534033085632,-2.74301875871811,0.14098365334029983,linear,3888,0.00040644083785642334,3.6325750536462285,0.0038046836853027344,0.006946049517724288,0.0007070686399391153,0.9923468818422743,0.087454647177856,0.03539571647920698,-3309.94517090199
301,7531.603271132022,0.052432408343899,,3,SEPT4,,1.4076941155750171,-3753.4031603176404,-2.4730128969883216,0.7585147628570906,linear,3888,0.0034459578974429567,1.1228379482721031,0.0027587413787841797,0.01054819258420178,0.11153938078334974,0.8779124266326431,4.107825191113079e-14,2.00193917467554e-13,-3807.42042158771
302,8155.664243249826,0.033843076446767116,,3,CLTC,,2.223697655818476,-4065.433646376542,-5.223181267997766,1.5562440481415207,linear,3888,0.007458523906883506,5.416343711035953,0.0028009414672851562,0.0021193130541757523,0.046165967207299305,0.9517147197382155,0.0005047657258667737,0.00040375046523722865,-4074.911808992945
303,6777.46914500194,0.03187013193013029,,3,GRB2,,2.3661793526961516,-3376.3360972525993,-2.5798857459103592,0.44859294806048383,linear,3888,0.01255423477150777,10.1991182517611,0.0033020973205566406,0.00025177153333281435,0.0007575000182694123,0.9989907284483062,0.0211214300789464,0.010433308293960416,-3381.1122557782965
304,7107.049341677477,0.03258878086998218,,3,RBFOX3,,2.312282585457614,-3541.126195590368,-3.1515903761169595,0.6269092440263204,linear,3888,0.010030618971279378,7.816100120913022,0.002862215042114258,0.006689494516004887,0.0004324754174026128,0.9928780300664942,0.010331418794843228,0.005594436919002893,-3547.4396285836333
305,7391.575845673735,0.033891572095353865,,3,MCRIP1,,2.2204042964331694,-3683.3894475884968,-3.0389854109221908,0.6304317346077489,linear,3888,0.007380114743980701,5.3451201718178405,0.0027315616607666016,0.01012535944537923,0.0028288850692090267,0.9870457554854729,0.0009147803394981002,0.0006756900234929149,-3693.1766061037197
306,8073.933538988848,0.03209076380460669,,3,ANAPC11,,2.3493757562805953,-4024.5682942460535,-3.6928581148241806,0.833417505343282,linear,3888,0.011420951814326797,9.159436644494171,0.002689361572265625,0.0032282424123807715,0.0009963826889443374,0.9957753748987641,0.003770087577237513,0.0023107400731716085,-4032.280401778571
307,8092.408202709538,0.03132043470619622,,3,MYL12B,,2.4090746620340555,-4033.8056261063984,-3.546832285206936,0.7658549479468553,linear,3888,0.015549617562044279,13.050916539631073,0.003005504608154297,0.0007465895451006274,0.00010157577408956857,0.999151834681041,0.08657485606970894,0.035160047763393196,-4037.206664722761
308,7375.756724956163,0.030456866005005048,,3,DLGAP1,,2.479589709500937,-3675.479887229711,-3.3063645916163273,0.6398849607354115,linear,3888,0.024215929765065373,21.41870838918934,0.0031876564025878906,0.0015106942205895567,0.01872473146656311,0.9797645743132896,0.06456720653671699,0.026939699429585844,-3676.741797663501
309,8022.146661218591,0.03127596993534798,,3,VAPA,,2.412610361908992,-3998.674855360925,-3.762863401646853,0.8330943636148812,linear,3888,0.015855069136116597,13.342754319860227,0.0027446746826171875,0.017290417998083268,0.00354711449104065,0.9791624675104784,0.03211258130672978,0.014912075620199578,-4001.9447884412057
310,7440.971281389055,0.03711537875956387,,3,AQP4,,2.0207763771463774,-3708.0871654461566,-2.0140702351759723,0.4141142859743095,linear,3888,0.004802492479814589,2.938083161919381,0.0027382373809814453,0.004591155694522827,0.0001365488022042079,0.9952722955029357,6.625667717907735e-05,6.379091304040034e-05,-3724.316239250935
311,6550.411263813324,0.002899328863236439,,3,TMEM230,,26.787947081693297,-3262.807156658291,-2.2782949190915947,0.0369745573616896,linear,3888,2.818014064089604e-05,2.4567945316998867,0.0044171810150146484,0.0005414216514071673,0.0007355566544747042,0.9987230216940628,0.07635585181413951,0.03138738572597039,-3265.4219447499586
312,6782.332862640994,0.0034104415000167604,,3,SMIM26,,22.761644236443594,-3378.7679560721263,-2.5472572372231435,0.05087057420177732,linear,3888,5.915101115178897e-05,3.7349473043624,0.0043947696685791016,0.006921438683548609,0.003142433976091063,0.9899361273399696,0.10195691029527965,0.0402790507046303,-3380.1861153168497
313,8106.356870903255,0.029958273594082263,,3,DYNLRB1,,2.5221536249016983,-4040.779960203257,-4.940228529885117,1.2474957503062807,linear,3888,0.033048116720179786,30.150936494031907,0.0027163028717041016,0.00021149136379955356,0.008268018590257834,0.9915204900459547,0.048256223763443296,0.021220495862148428,-4042.941597583781
314,7091.129817047845,0.03079823588030517,,3,MMP24OS,,2.451242387118802,-3533.1664332755518,-2.910353544147884,0.5258242832016163,linear,3888,0.019934670442711667,17.267071895349357,0.002674102783203125,0.000651366596100516,0.011242394985451891,0.9881062384188961,0.04529199004589912,0.020085139709933093,-3535.2793911493445
315,7793.891482783611,0.030710802679710016,,3,NORAD,,2.4584427978557457,-3884.5472661434346,-6.16305494277855,1.8706240436517019,linear,3888,0.020504392568024946,17.855522069542054,0.002892017364501953,0.13431738835121187,0.019214201680660514,0.8464684099683508,0.017507688929093934,0.008804640467242598,-3887.951904998006
316,6964.677360882776,0.0020734826470743435,,3,VSTM2L,,37.48832710589468,-3469.9402051930174,-2.850334967959624,0.03939105789289053,linear,3888,1.2710026120108279e-05,2.159106144796716,0.005603313446044922,0.01585702418399052,0.20412009186080368,0.7800228839555322,0.008731351388829411,0.004827541437736622,-3473.3546564140343
317,7977.019024646596,0.02954308490871721,,3,SLC12A5,,2.5586938137175186,-3976.1110370749275,-3.91367952839784,0.8339062242598264,linear,3888,0.04661107838175351,43.65522589707998,0.0027129650115966797,0.0087560431208589,0.27227376404305215,0.7189701928359037,0.01688635678435213,0.008537584373226163,-3978.171864702589
318,5629.418714172839,0.033023783622695396,,3,GNAS,,2.280798218619746,-2802.3108818380488,-6.915678503109504,2.4058875860704294,linear,3888,0.008949549404885545,6.8031095439305345,0.0027043819427490234,0.02850712833881683,0.017041956630431513,0.954450915030604,0.002158799224831087,0.0014037459008530266,-2809.6001511535496
319,7857.669062047943,1.6054924391497512e-10,,3,PSMA7,,485165195.4097903,-3916.436055775601,-3.5116627377048037,2.632247422834652e-08,linear,3888,1.75549306297637e-08,493126272040.85297,0.0033423900604248047,0.03535139823519618,0.06367688224798485,0.9009717195168834,0.09379162252705076,0.03763824950923475,-3916.436118775958
320,7193.870662302511,0.030532811068064453,,3,DNAJC5,,2.473228415808648,-3584.536855902885,-2.856392538245331,0.5113030889630991,linear,3888,0.02293012917207563,20.186856739211787,0.002665996551513672,0.0010278634175661476,0.06694414380875359,0.9320279927733254,0.02666718659198397,0.012707970150138989,-3586.633013236892
321,7850.501199617477,0.003133318545882321,,3,POLR2E,,24.781662281561804,-3912.852124560368,-3.1619521958091115,0.0696449602529106,linear,3888,5.09179891395818e-05,3.8045679598884528,0.00441288948059082,0.019309231933532234,0.006806603182555196,0.9738841648843316,0.05146737578014304,0.022403344555227175,-3914.9939974120757
322,8121.531958370241,0.03506221536642214,,3,CIRBP,,2.1436696655486758,-4048.36750393675,-3.95824479936669,1.0185170861896802,linear,3888,0.006077944661452592,4.132390202418825,0.002672910690307617,0.003647206796125732,0.043612365484213815,0.9527404277193617,0.0001363950218546961,0.0001239954744133601,-4060.327972693424
323,7023.38404334519,0.03169157669264821,,3,UQCR11,,2.3799496332563095,-3499.293546424224,-5.773523324407415,1.6843904784010961,linear,3888,0.013215883532760552,10.850151115889625,0.0027124881744384766,0.0036180071746116107,0.04147727690803273,0.9549047159169791,0.003773616288725634,0.0023107400731716085,-3505.1186135854896
324,8001.814949863056,0.040464048921332936,,3,EEF2,,1.8470974845757453,-3988.5089996831575,-4.691291289628239,1.546810696847011,linear,3888,0.0038834117615885962,2.025847155299166,0.002650022506713867,4.170670695071976e-05,1.4480268778569163e-05,0.9999438130240661,3.90701752395195e-06,4.699627833576253e-06,-4011.257441443763
325,8137.496927603245,0.029863965153390067,,3,C19orf70,,2.530364401090725,-4056.349988553252,-4.220384180934333,0.9588596933948257,linear,3888,0.03629381220529317,33.308859838547335,0.0028350353240966797,0.424934732873142,0.03851421062328516,0.5365510565038573,0.054371166688938155,0.023447310019669796,-4057.235497684591
326,7449.368753745037,0.037255373030784876,,3,SLC25A23,,2.0128902213296436,-3712.2859016241478,-2.9203738777659503,0.6590426107606521,linear,3888,0.004717759373804586,2.8662040663976702,0.002719879150390625,6.291718067096511e-05,0.0001310493618531671,0.9998060334575246,2.4477139440648443e-05,2.5264216969307644e-05,-3730.4276979742453
327,8017.4129473020175,0.029926386837798438,,3,CTXN1,,2.524923991083383,-3996.307998402638,-5.279838718930861,1.3928987501596903,linear,3888,0.034027167867313114,31.106340409049665,0.0026564598083496094,0.19127199297537956,0.2947203160398706,0.5140076909851218,0.017060241105781748,0.00860708778015573,-3998.1434449792587
328,7544.046740012897,0.03028115796951426,,3,CDKN2D,,2.4944296388887945,-3759.624894758078,-3.3873858092414206,0.6668630256351663,linear,3888,0.02710084823852798,24.23216455791471,0.002792835235595703,0.08290040550909554,0.404687688011519,0.5124119064795174,0.027644066567015013,0.013146986111988116,-3760.4602051501997
329,6807.241256053477,0.033386822178625514,,3,TMEM205,,2.25515050003979,-3391.2221527783677,-2.5984684289672657,0.4761810432033372,linear,3888,0.008203989635987133,6.110405501261174,0.0027081966400146484,0.0005581512612060838,0.42766283376751957,0.5717790149714194,0.00042142585503190944,0.00034230153798280684,-3399.669254830895
330,7510.177263526986,0.03015215221820857,,3,CALR,,2.50543530110532,-3742.6901565151225,-2.8834880001355314,0.5241287668515504,linear,3888,0.029599350259647363,26.679240237664807,0.002676725387573242,0.05493682432231964,0.10368522224276279,0.8413779534345066,0.0556258405938278,0.023861934589003844,-3743.2673978132043
331,7162.741765643726,0.03170732987557504,,3,RAD23A,,2.378728501004956,-3568.972407573492,-3.0869940729394676,0.5932638578933922,linear,3888,0.013324036398600367,10.928771533915654,0.0026807785034179688,0.00014774137214110638,0.0001576472661040848,0.9996946113614185,0.04339134781519072,0.019369474516180936,-3573.2970950201634
332,7034.934265100154,0.003670564063781587,,3,UNC13A,,21.14307040057544,-3505.0686573017065,-2.883105877614496,0.06627170908041635,linear,3888,6.618508628119347e-05,3.6116654819174645,0.004656076431274414,0.0016328536974318359,0.006976479957948451,0.991390666344624,0.0905298529995614,0.036496586620080686,-3506.2790406729296
333,7967.900294405489,0.030761797618895942,,3,UQCRFS1,,2.454238222865026,-3971.551671954374,-3.7299506128288002,0.8055794564245625,linear,3888,0.020219274320755296,17.552523326021642,0.0027010440826416016,0.0019487775250204731,0.0009901166645357607,0.9970611058107658,0.0772496161695162,0.03165503398326382,-3973.998056891533
334,6824.142572700749,0.0034828945044030448,,3,USF2,,22.286524165301582,-3399.672811102004,-2.45897662655094,0.049487882537328054,linear,3888,4.058366823776703e-05,2.4577910236634186,0.004498004913330078,0.006038128829763649,0.007949052849644266,0.9860128183202768,0.05418556198812263,0.023392687616292047,-3401.657267677215
335,6995.2022055724165,0.049162666457187094,,3,PPP1R14A,,1.5064984819486649,-3485.2026275378375,-1.6458842430596612,0.4285198462239139,linear,3888,0.003385711570339021,1.2386833864060494,0.0027227401733398438,0.20495959307644981,0.008007289384183451,0.7870331175396033,1.1109224651306704e-11,4.167963072640322e-11,-3529.486142655308
336,7939.138858394851,1.6054924391497507e-10,,3,EIF3K,,485165195.4097903,-3957.170953949055,-3.7213917677932535,2.9468359107720222e-08,linear,3888,5.628961508471001e-08,1581201807444.068,0.0027332305908203125,0.03745554492857646,0.07055775494956602,0.891986700122064,0.0905606648382502,0.036496586620080686,-3957.1710175283138
337,8035.491403891096,0.056180987090592674,,3,RPS19,,1.30857090287903,-4005.347226697177,-3.842493457302608,1.57643528369369,linear,3888,0.003629359332520552,1.0454103020114212,0.0027112960815429688,1.6527038282568216e-05,4.136499739650093e-05,0.9999421079642807,3.148592497836944e-13,1.353114131301827e-12,-4059.3739797189673
338,7398.501442978265,0.030230915887755717,,3,CLPTM1,,2.4987046942676923,-3686.852246240762,-3.10505403659983,0.5792732466206282,linear,3888,0.027954689832367912,25.073686623228667,0.0027844905853271484,0.13583517663356656,0.18714035474067134,0.6770244686260485,0.03597278165101536,0.01649400093336389,-3687.76073987208
339,6030.5070075747435,0.011071700250571276,,3,CALM3,,6.957422678255956,-3002.855028539001,-6.910679722052584,0.8203732793010299,linear,3888,0.00032252891796565134,1.994594987465946,0.003923177719116211,0.0014848120961735674,0.0026644313589129645,0.9958507565446929,0.009997934368218608,0.005451322083961074,-3008.3192714348697
340,8089.156694538332,0.03452325531811138,,3,AP2S1,,2.1783516055767054,-4032.1798720207953,-4.494009702808787,1.2283360634320486,linear,3888,0.006474588604065529,4.5307545737169415,0.0027246475219726562,8.635438139032838e-05,1.1539852556429223e-05,0.9999021057663489,0.0002651523850921711,0.00022748595982169438,-4047.0336433498037
341,7536.646310428234,0.07012087693452211,,3,RPL13A,,1.0329446756601495,-3755.9246799657462,-3.90270972905642,1.9889603300946521,linear,3888,0.0047500787613340536,0.9276053739206331,0.0027153491973876953,2.2526912542989945e-06,0.3474742395966048,0.6525235077123765,1.1102230246251565e-16,6.560408781875925e-16,-3820.231161851636
342,8060.214639674795,0.03374019315414402,,3,RPS11,,2.2307158496420043,-4017.7088445890267,-4.255069309903716,1.09574912996405,linear,3888,0.007448083571091167,5.4395443211274594,0.0026776790618896484,0.026823470008278155,0.07199253040664329,0.9011839995854509,6.435168243446032e-05,6.221021540420035e-05,-4030.8096686295266
343,8354.334858819879,1.605492439149751e-10,,3,TTYH1,,485165195.4097903,-4164.768954161569,-3.3801003216337837,2.4576933204977845e-08,linear,3888,1.2920991922396234e-06,36295675056432.83,0.0032227039337158203,0.05752696160139108,0.07581086113109226,0.8666621772674841,0.08777651249431206,0.0354955956894333,-4164.769018625824
344,8229.052021274034,0.038218679857732904,,3,RPS5,,1.9601917590317202,-4102.127535388647,-4.079173299620648,1.1733899001972479,linear,3888,0.004385125888698167,2.5413104631226484,0.002655029296875,0.07802597320638306,0.44002944357075663,0.4819445832230891,1.2480162189243416e-06,1.695319837619273e-06,-4121.5419321184245
345,8095.082965064984,0.0315038058238863,,3,ATP6V1E1,,2.3945990134399744,-4035.1430072841213,-5.461612372243298,1.560591282181464,linear,3888,0.014237964806391829,11.820071827094049,0.0027658939361572266,0.2152311910668174,0.018390059719654205,0.7663787492134108,0.006612206008027144,0.003835300752006821,-4040.250515907397
346,7916.75127894247,0.03270167209934207,,3,SYNGR1,,2.3040313300258166,-3945.9771642228643,-4.2418699262542745,1.0488237800496738,linear,3888,0.009686915258355315,7.499663968479176,0.002755403518676758,0.00767290623662551,0.012743140975770917,0.9795839527871956,0.0025944210892588915,0.001652902433735143,-3953.08818821544
347,7323.150188554687,0.031873489571682796,,3,RPS19BP1,,2.365921887364269,-3649.1766190289727,-2.868669895393286,0.5426848895300691,linear,3888,0.012287504892576653,9.980457798506958,0.002762317657470703,6.0634438237472924e-05,0.031218324755161564,0.9687210408064652,0.002007892242472442,0.0013238290428371623,-3656.303586514563
348,7511.330590638948,0.030888910046264106,,3,ST13,,2.443818129257493,-3743.266820071103,-2.9296619785241163,0.549250605329802,linear,3888,0.018996857393779973,16.364280751092586,0.0026972293853759766,0.009022229539764039,0.011993662876999803,0.978984107583482,0.03655287857098588,0.01667909517103603,-3745.7061872391405
349,7836.4696128795995,1.6054924391497512e-10,,3,RBX1,,485165195.4097903,-3905.836331191429,-3.5173838093289764,2.640044028816057e-08,linear,3888,3.506298720180335e-08,984935829716.4722,0.00618743896484375,0.06974777292522394,0.030579204806212932,0.8996730222690024,0.11812305542339863,0.04599669673518593,-3905.8363945751817
350,7371.024005871038,0.0034067618731141104,,3,RANGAP1,,22.786313109244514,-3673.1135276871482,-2.9556318039877465,0.06575496508624326,linear,3888,5.3465687083343193e-05,3.383206202562291,0.004540920257568359,0.004004415415396647,0.04004550163485789,0.9559500829500897,0.04063221039829146,0.018275883926227456,-3674.758335501808
351,7106.690783141102,0.031332016700833173,,3,XRCC6,,2.408155345371414,-3540.94691632218,-2.6253648176179363,0.46383262320587965,linear,3888,0.015480562495110631,12.983960973663569,0.002724170684814453,0.036859057377288056,0.005788854062905679,0.9573520885600546,0.02596068210560265,0.012472518294305257,-3544.3268453398578
352,7269.711615650897,0.030582168060553472,,3,MPPED1,,2.469111125117038,-3622.457332577078,-2.755301637456254,0.4898735922778788,linear,3888,0.0218529897492376,19.18035670583057,0.002698659896850586,0.4766464575412855,0.014128091552052106,0.5092254509068371,0.014033849128583964,0.0072663562151385665,-3626.1507507215333
353,7367.237971808294,0.0346661766670468,,3,ATXN10,,2.169049584412931,-3671.2205106557763,-3.3351921934415585,0.7393291571610496,linear,3888,0.00645044506731557,4.479291541619344,0.0027136802673339844,0.0011021190664713373,0.011426462398914213,0.9874714185344919,0.00029040132630753224,0.00024297456102963277,-3682.4486054945387
354,8131.22137938851,1.605492439149751e-10,,3,ATP5PO,,485165195.4097903,-4053.2122144458845,-4.688036612626105,4.6270089884148444e-08,linear,3888,1.2286940152927615e-07,3451459376392.773,0.003339529037475586,0.41695319259930985,0.14066123814570122,0.4423855692549562,0.05918862317651585,0.02500453656006844,-4053.212278261741
355,7704.843866513415,0.03357317070282722,,3,TTC3,,2.2422008981289783,-3840.023458008337,-3.406803584685458,0.7547437518976785,linear,3888,0.007895148241536235,5.819646435449139,0.0026426315307617188,0.0006888320596508933,0.0006378852155070573,0.9986732827248703,0.0027112473927798364,0.0017157705296890775,-3848.5609102557373
356,7418.937752658295,0.030940483073055497,,3,PDXK,,2.4396148247894023,-3697.0704010807767,-2.9250206070822475,0.5451056941401338,linear,3888,0.018465176314468208,15.856598847492677,0.0027761459350585938,1.4118065071068652e-05,0.0011394319787841056,0.9988464499564321,0.06045089824001981,0.025401589563483075,-3699.8505821683166
357,6611.609081009121,0.03367278449725771,,3,PRMT2,,2.2353373924627333,-3293.40606525619,-2.4194537278800547,0.4289945249467366,linear,3888,0.0075861622531602415,5.561081996338091,0.002687215805053711,0.0004038802871741383,0.0002470636727884042,0.9993490560401302,0.0005128519784729502,0.00040883493608145655,-3305.494192203668
358,7553.9822849028415,0.032906937056708864,,3,TPRG1L,,2.2891735030644544,-3764.59266720305,-3.2196138423484535,0.6731007014728383,linear,3888,0.009215755077542024,7.051986687316712,0.0026962757110595703,0.15744053618029197,0.013715117841969751,0.8288443459775067,0.002561018077834931,0.0016382450491747621,-3771.607089558376
359,7761.377219344884,0.034964398246820676,,3,ENO1,,2.149884754684824,-3868.2901344240713,-5.341348505896973,1.6511687418668899,linear,3888,0.006139533657600583,4.19600239145674,0.002637624740600586,0.004758765869585524,0.00022369003980648444,0.9950175440903035,0.000385488621955421,0.00031527852063041665,-3880.958687679854
360,8141.435019772754,0.03281154020628203,,3,PINK1,,2.2960555536689173,-4058.319034638006,-4.778717276706971,1.2950609197706988,linear,3888,0.00924296508383765,7.111260748173881,0.002718210220336914,0.0007857205498163845,9.687884246972292e-05,0.9991174006080292,0.002100602838662202,0.0013715638826021412,-4068.266275640425
361,6506.588855157265,0.03191680346572254,,3,EIF3I,,2.362605416932125,-3240.895952330262,-2.456707483224579,0.4110230745096981,linear,3888,0.012318573148477436,9.980297578623798,0.0026853084564208984,0.00028140346162940826,3.576965715893827e-05,0.9996828268808398,0.04020759073526792,0.018153987307753163,-3246.0912770513078
362,6944.534404916602,0.031511954485632286,,3,SFPQ,,2.3939596528974616,-3459.8687272099305,-2.606963470929472,0.45597538383166125,linear,3888,0.014375770362924676,11.928695990444671,0.002791166305541992,0.0011707569166190745,0.00012260242175586046,0.9987066406614227,0.0644164320985181,0.02690053380278623,-3463.6583980414625
363,7401.6468403908675,0.03037407007523625,,3,ERI3,,2.4865610883920843,-3688.424944947063,-3.118703065735514,0.5859353283597827,linear,3888,0.025419276691752313,22.59823430963923,0.002707242965698242,0.1651731752494575,0.008042985648419444,0.8267838391016992,0.07774250325663856,0.03181904895194967,-3689.719966808958
364,7614.072230662207,0.03500781298963853,,3,ATP5PB,,2.147121988721905,-3794.637640082733,-3.537950846148435,0.8295955145983661,linear,3888,0.006100177169643392,4.159496553324107,0.002710580825805664,0.00014381332116211403,4.709199999762252e-05,0.9998090946785978,0.0005527833495517775,0.0004355262754044308,-3807.415035634737
365,7637.492650513253,0.03621047085064913,,3,CSDE1,,2.0732226002215635,-3806.3478500082556,-3.528652421078728,0.8564867401317892,linear,3888,0.0052527182762046295,3.3639005954342553,0.002738475799560547,0.00013298036069818247,2.3687154141385266e-05,0.9998433324854038,0.0002569227474635838,0.00022122839655748234,-3820.9011517195268
366,7600.640284341299,0.031455406356092085,,3,TPM3,,2.398403360827456,-3787.9216669222787,-2.7758080782116394,0.5232389399559952,linear,3888,0.014699137755655877,12.238119337033217,0.0028498172760009766,0.00040018263156908393,4.953933939434013e-05,0.9995502780287814,0.08920043579121317,0.03604058011766189,-3791.6337327485508
367,6849.836511817698,0.03205543481790446,,3,FDPS,,2.352050901470645,-3412.5197806604783,-2.77819078179627,0.5034283772476671,linear,3888,0.011678424849523188,9.385245116041059,0.0026955604553222656,0.0006344497601558479,0.00011745293730280633,0.9992480973028709,0.014969638934838936,0.007691909334106964,-3418.8313535227635
368,7426.106837993713,0.031378832020870696,,3,PRDX6,,2.4044463117016157,-3700.654943748486,-2.2818716842483804,0.40049804976311426,linear,3888,0.015179981319342638,12.696292123645245,0.002665996551513672,0.017467805553938853,0.0007258264384766161,0.981806368007519,0.045457962629330106,0.02013984882614949,-3704.1286056421486
369,8359.438209885682,0.030558819932630717,,3,NUCKS1,,2.471057135337762,-4167.320629694471,-3.812154211759304,0.8470321712273368,linear,3888,0.02253486392008414,19.80720447289121,0.002732992172241211,0.01016715389932842,0.001353833867880975,0.9884790122321865,0.07559047517999451,0.03112689823693154,-4169.64166685703
370,8379.395286318813,0.049721160249024905,,3,H3F3A,,1.4887017783079393,-4177.299167911036,-2.7000394352401837,0.8693037211309882,linear,3888,0.003420376953923407,1.226125001500176,0.002849578857421875,0.029402525083981494,0.00039387028943493744,0.970203604626578,6.096970706082061e-10,1.8013777086151547e-09,-4215.361109940069
371,8224.652157431858,0.04293275587466873,,3,ARF1,,1.7364072420372278,-4099.927603467559,-4.710918983519959,1.6711484828964849,linear,3888,0.0035899051812833494,1.6800451875089708,0.0028505325317382812,0.17857146094204387,0.009276069826814342,0.8121524692305131,7.292159431848688e-08,1.3625306879487309e-07,-4127.016416839908
372,6777.733917363924,0.03147007889316555,,3,MYT1L,,2.3972488181619256,-3376.4684834335912,-2.708732938126076,0.4740445572597064,linear,3888,0.014472677270327678,12.039053724152316,0.0027086734771728516,0.008076607355967434,0.0030211096542381456,0.988902282989679,0.01458047753502345,0.007516455158334682,-3381.1976094801557
373,7102.120073419629,0.03298361929430062,,3,FAM49A,,2.2836704093286566,-3538.661561461444,-3.1752681260884112,0.6416370071709399,linear,3888,0.00901037027954847,6.864923349764387,0.0026907920837402344,0.18594859959576318,0.005006644014648936,0.8090447563893401,0.0023359162546531254,0.0015064820196200239,-3546.336146139072
374,7144.511012731477,0.0335886548199485,,3,YPEL5,,2.241131352344029,-3559.857031117368,-3.2523050196681553,0.6796045046798457,linear,3888,0.007855085457971962,5.785139027142647,0.002719402313232422,0.00014590208944692827,2.6039343570717665e-05,0.9998280585666774,0.005408536923431795,0.0032039635454369254,-3568.7395797142754
375,7008.326073765298,0.03741289833222131,,3,EHD3,,2.0040870743684684,-3491.7645616342784,-3.085533343461236,0.6949195616509236,linear,3888,0.00468318601869355,2.8230744834841004,0.002634286880493164,0.00019809037206196836,1.884240513771379e-05,0.9997830672229222,9.198049733871727e-05,8.64447110358449e-05,-3508.365899123265
376,7405.120003613875,0.03346358881099399,,3,COX7A2L,,2.24979841761941,-3690.161526558567,-3.2700501606068166,0.6938900772962051,linear,3888,0.007901347334546328,5.8598364597296175,0.002789735794067383,0.0003555746917209468,2.672934570629934e-05,0.9996176959628453,0.0009370795617319461,0.0006900047749937865,-3702.2413202496036
377,7641.172858301802,0.03209502131744556,,3,RAB1A,,2.3490537709051105,-3808.1879539025304,-3.49124809974783,0.7451739790427437,linear,3888,0.01163311184990222,9.327271005451575,0.0027170181274414062,0.009163153659420449,0.0005695966905208885,0.9902672496499816,0.016923733297591892,0.008547340049288834,-3813.489795344679
378,7093.977070160663,0.051515661411535234,,3,CNRIP1,,1.4341308788201894,-3534.590059831961,-3.254576192843028,1.0543609547119699,linear,3888,0.003437022353280202,1.1559391694182992,0.0026702880859375,1.1149047120094882e-05,6.445529455056512e-07,0.9999882063998172,3.7696512578122565e-11,1.3298634016705383e-10,-3581.3145019042695
379,8024.714457838439,0.03235144777416044,,3,PCBP1,,2.3298171252637143,-3999.9587536708486,-3.639591709216768,0.8194329877902021,linear,3888,0.010739478425183817,8.483573682344137,0.0026967525482177734,0.3102974168169408,0.015363823412362122,0.6743387597703985,0.004463757560717485,0.002694942449289553,-4005.8016066195023
380,7192.399312859255,0.03126525393299786,,3,BIN1,,2.41346396888502,-3583.8011811812567,-2.7940975910988763,0.5077219382617763,linear,3888,0.015817086352125725,13.319339975894328,0.0026383399963378906,0.0012865543035204025,0.00015261361872480008,0.9985608320778461,0.05554653562336276,0.023849557034223957,-3587.7270397348957
381,8182.0532804251725,0.0317011926331704,,3,EEF1B2,,2.3792040945020663,-4078.6281649642156,-3.517923330527186,0.7704708695493266,linear,3888,0.013319667655756436,10.929148117653613,0.0026998519897460938,0.0003143172491612332,4.804384936534332e-05,0.9996376389012233,0.05255230933634947,0.02281258941055324,-4083.224955394436
382,6704.668711699978,0.04048897714239662,,3,DNAJB2,,1.8459123080321207,-3339.9358806016185,-2.503538925130028,0.547005162384421,linear,3888,0.0038797886677377773,2.0216672353843452,0.0026977062225341797,0.00035185715370836176,4.234229598138633e-05,0.999605800550649,2.963284666979149e-06,3.6385077374950594e-06,-3362.6779056148866
383,8100.923449021983,0.03302753474330537,,3,PTPRN,,2.280530328964757,-4038.063249262621,-4.452319322135825,1.1568286782462758,linear,3888,0.00892733874777984,6.784786972655161,0.0027344226837158203,0.4461499411457401,0.033660912061024784,0.5201891467929329,0.0013312685119393208,0.0009309570013561685,-4045.598011698241
384,6524.018611231587,0.03222806016491644,,3,CAB39,,2.3390352284602764,-3249.6108303674227,-2.678099011854451,0.4689826924214888,linear,3888,0.011162734883582461,8.881151979572605,0.0027151107788085938,0.08886572670219073,0.0043007062751990715,0.9068335670223862,0.008555881635481155,0.004772344875328414,-3255.0668559806763
385,6854.611274895973,0.03359830591956326,,3,COPS8,,2.2404652135758054,-3414.907162199616,-2.9592988301145606,0.5791340957152219,linear,3888,0.007848488361990114,5.77718460562099,0.0026624202728271484,0.014710064907838025,0.000543759683613389,0.9847461754089653,0.0025782473457903743,0.001644814893646172,-3423.609370805648
386,7004.023339352852,0.03347752311531227,,3,NDUFA10,,2.248829565797817,-3489.6131944280555,-2.7507305695513757,0.5248911277367959,linear,3888,0.008043928553746875,5.960947706010788,0.002864837646484375,0.004036983475326936,0.0004542825079932077,0.9955087340165917,0.002837248755431898,0.001793108109898623,-3498.235795798526
387,6862.866429711873,0.03280237982374911,,3,PPP1R7,,2.296718501787759,-3419.034739607566,-2.8843026730875625,0.5445491775687207,linear,3888,0.009468449777157963,7.28854209006172,0.0026733875274658203,0.001931226767916231,0.00018346586129673985,0.9978853073709273,0.010168105565764196,0.005512317445993935,-3425.8078027542133
388,6678.271168929633,0.031416493630616264,,3,DHX30,,2.4014705215976533,-3326.737109216446,-2.5126948491885823,0.4229837106648307,linear,3888,0.01479670285096779,12.347946915340993,0.0027005672454833984,0.145144616428654,0.0031157142172921898,0.8517396693544269,0.015220545084050574,0.007786977020568967,-3331.300453679218
389,8341.4240091743,0.03079510368119587,,3,FAM107A,,2.451499627860455,-4158.3135293387795,-3.1762629562622977,0.6538367909674833,linear,3888,0.019824009244266128,17.174495005697974,0.002730846405029297,0.10366016291267632,0.006102127150057324,0.8902377099371388,0.03722031387554714,0.016902072496100352,-4161.012432122139
390,6752.982791665513,0.04387319687816493,,3,CADPS,,1.6975169314917664,-3364.092920584386,-3.0396020713610667,0.7875833962035298,linear,3888,0.0035240924288865304,1.5852341737139732,0.0027518272399902344,0.029672387120936373,0.001298999773687466,0.9690286131055935,5.934500102444673e-08,1.1312096969469319e-07,-3392.652123091158
391,7401.112535491885,0.03115537311571727,,3,NDUFB5,,2.4222506500285053,-3688.157792497572,-3.2052567747751124,0.6260218588005189,linear,3888,0.01673564368726682,14.18613301281149,0.0026810169219970703,0.021490306090768106,0.00011686898560302025,0.9783928249232382,0.10897907514398342,0.042717562999300004,-3691.1102380074917
392,6947.494432689635,0.03213964120145298,,3,PSMD2,,2.345684409109621,-3461.3487410964467,-2.832795296537473,0.5227589218676575,linear,3888,0.011476778424754606,9.178043778953024,0.0027494430541992188,0.0025162893816609334,0.0002647741444025402,0.9972189364735755,0.02123996900456826,0.010474572523151992,-3466.6398346247406
393,7626.344024454328,0.030934458846407074,,3,ADD1,,2.4401050883246582,-3800.7735369787933,-3.021047660679121,0.5794547953467214,linear,3888,0.018587673166131295,15.967619629454195,0.0027108192443847656,0.04195716139507609,0.003022378412871432,0.9550204601919664,0.05414994041352572,0.023392687616292047,-3803.2266271597305
394,8324.129219448092,0.0465181705798773,,3,SCD5,,1.5965690165251383,-4149.666134475676,-4.15942369472823,1.4897156415369321,linear,3888,0.0034163977768448157,1.381472306090063,0.0027010440826416016,0.0010496350539816507,1.1484302437172884e-05,0.9989388806435787,9.482232887769726e-09,2.1973088688236444e-08,-4184.164652124995
395,7297.776011211009,0.03329913399885785,,3,UBE2D3,,2.2612942132529033,-3636.489530357134,-2.868023335767437,0.5661656444452192,linear,3888,0.00837138907506869,6.265754210848046,0.0027129650115966797,0.00011154638956621046,6.124563818375106e-05,0.9998272079719729,0.006341935890186612,0.003696678245596949,-3644.657412810801
396,6569.143759194526,0.03391331147039927,,3,GLRB,,2.218931024061107,-3272.1734043488923,-2.8118033098271065,0.5318720436798393,linear,3888,0.007371470094326495,5.332483331625903,0.0026879310607910156,0.1250904845173524,0.0034770029972707637,0.8714325124850324,0.0010955904743648048,0.000793132460907279,-3281.461184093696
397,6592.645113832783,0.03244754863483851,,3,ZFR,,2.3226861395364025,-3283.924081668021,-2.4203484379727116,0.41260361767993375,linear,3888,0.010342549113264326,8.124846409369422,0.0027120113372802734,0.008618753041028656,0.003224308194250571,0.9881569387644289,0.0034402139943006116,0.0021286426428323633,-3291.2117426688665
398,6693.112922413693,0.03163937078517334,,3,HMGCR,,2.384005146908189,-3334.157985958476,-2.8279070536937208,0.5039979739658182,linear,3888,0.01367466909516447,11.261518433846698,0.0027289390563964844,0.0021382597399830904,0.00043071341898849054,0.9974310268407516,0.03631540362987984,0.01658674561926879,-3338.281140982276
399,7768.5882346815915,0.03244803590074717,,3,PPP2CA,,2.322650090503013,-3871.895642092425,-3.8474455031767913,0.8828193226174053,linear,3888,0.010444597735064964,8.204782932498587,0.002733469009399414,0.011601454510146419,0.0019665901287463997,0.986431955361325,0.008216742076835093,0.0046186421791744115,-3877.8573284634826
400,6959.7648629273135,0.03489350237312367,,3,UBE2B,,2.1544111058065623,-3467.483956215286,-2.8144319043079364,0.5637529590994126,linear,3888,0.006198461570395077,4.252295356236822,0.0027685165405273438,0.020786724693274746,0.0015908281132563811,0.9776224471937637,0.00022035139676002125,0.00019325809801857153,-3480.2106273428244
401,7096.900202101672,0.0371128458554537,,3,CXXC5,,2.020919608632104,-3536.0516258024654,-3.134557087386386,0.7097144914095237,linear,3888,0.0047888503135549805,2.9301072485311592,0.002719879150390625,0.0004078342331581654,2.6620851403984037e-05,0.9995655449157724,6.333755997411927e-05,6.135531145033908e-05,-3553.1856384939624
402,8067.035428238935,0.04135901718740481,,3,CYFIP2,,1.8054425945759605,-4021.119238871097,-4.468532611143057,1.4629441636922076,linear,3888,0.0037543179792975828,1.8813804330483777,0.002856731414794922,0.006041866574267854,0.0008808574880872038,0.9930772759374804,6.359571126379748e-07,9.278835537927805e-07,-4045.30030103039
403,7317.488167489405,0.03588553375173891,,3,MAPK9,,2.092700566931593,-3646.345608496332,-3.3402276605799064,0.7653409391361218,linear,3888,0.005444380731790405,3.5454401469720143,0.0027179718017578125,6.853331689480842e-05,3.1295272136933306e-05,0.999900171410529,0.0002851890920532174,0.00023903663421610743,-3660.564002920476
404,7463.278843129125,0.03159417831828959,,3,CSNK2B,,2.38752665789908,-3719.2409463161916,-2.9072478634327426,0.5539437823593157,linear,3888,0.013886637531292122,11.466729889428334,0.002732992172241211,0.005050398087771533,0.0005013476096467457,0.9944482543028944,0.03265488209487866,0.015134169954845723,-3723.4682253020533
405,6626.493029959083,0.009458133057255966,,3,GLO1,,8.15765472738664,-3300.848039731171,-2.6765641864806917,0.13998243576687222,linear,3888,0.00042762364956960874,3.5997700341730323,0.0038521289825439453,0.03828134053766623,0.0034363997039548845,0.9582822597583227,0.05772970916884734,0.024541733786625754,-3303.132008960035
406,7400.83091268292,0.03399432983946245,,3,TMEM14A,,2.213457025024748,-3688.0169810930893,-3.51502037198161,0.7871617314862724,linear,3888,0.007195503209967128,5.1820981903902945,0.002722501754760742,0.4392307954729281,0.05927923231021932,0.5014899722170573,0.0001703036626917731,0.0001533470209518996,-3699.085101901551
407,7223.405019223924,0.04137079853059896,,3,TMEM30A,,1.8049062688906474,-3599.304034363591,-3.119056597005224,0.7943017883730622,linear,3888,0.0037531512864057114,1.8798132325247656,0.002713918685913086,0.0006621410382507995,1.783166368155435e-05,0.9993200272983488,1.774961043254919e-06,2.3051442120193755e-06,-3623.462555630642
408,8194.621954051576,0.03442375598658483,,3,GJA1,,2.1848731141732998,-4084.912501777417,-2.440508279827702,0.5169953181117958,linear,3888,0.0067231037180099235,4.730001545926991,0.002672433853149414,0.028235572979698136,0.003600069837969528,0.9681643571816604,0.000622379313876098,0.0004847045727356163,-4095.2847227587035
409,7095.939834183599,0.03485667949747745,,3,TCP1,,2.156769329658948,-3535.5714418434286,-3.1337033002283765,0.6652693923110492,linear,3888,0.006257474065295992,4.30121697372756,0.002730131149291992,0.0488560409730837,0.0019428902301458703,0.94920106879648,0.00033896757334117567,0.00028112143243606277,-3547.376104600393
410,7869.132019299074,0.05087740829306455,,3,QKI,,1.4530990992504371,-3922.1675344011664,-2.3610415131015983,0.7195824757689052,linear,3888,0.003427725374934857,1.17893414699393,0.002683877944946289,0.1610790030234003,0.0003904621461863554,0.838530534830543,3.265021586429384e-11,1.178217366372852e-10,-3965.8819471239867
411,6488.002543603475,0.031568035130900604,,3,ADAP1,,2.3895684044115306,-3231.6027965533667,-2.452750846511999,0.4049392398687126,linear,3888,0.013975495795217882,11.558006181737104,0.0026998519897460938,0.007003761275818627,0.0008438841594769695,0.9921523545645446,0.023076229073201948,0.011257753183286437,-3236.1675375020177
412,8191.69453751707,0.04339619636617187,,3,RAC1,,1.7170318077266764,-4083.4487935101643,-4.386040014860959,1.4996965826745376,linear,3888,0.003552186795085803,1.6300878414746998,0.0027484893798828125,0.015081182929894237,0.0005156959128752924,0.9844031211570379,8.804233864179167e-08,1.6184996074551996e-07,-4111.713666378
413,6986.533228254833,0.009439837020985222,,3,TSPAN13,,8.173616642604275,-3480.868138879046,-2.5666410447635832,0.13541172686283254,linear,3888,0.000464704910006331,3.9268050558033196,0.003807544708251953,0.07412924400799785,0.004458485972981389,0.9214122700189342,0.02780977734772816,0.013197125454643388,-3484.2406842196033
414,6790.2191447196155,0.0034884713606275768,,3,TAX1BP1,,22.25077121632915,-3382.711097111437,-2.572257750473577,0.052676246342662915,linear,3888,4.024895399847716e-05,2.4297894119400736,0.004605293273925781,0.19874369079035056,0.004484587972228263,0.7967717212377716,0.059065603683264634,0.024974885278336,-3384.7316618976092
415,7051.877909499451,0.03173580010639243,,3,NUDCD3,,2.3765246624934253,-3513.5404795013546,-2.773176366180204,0.5046159381560562,linear,3888,0.013056602150272965,10.691435688898931,0.0027120113372802734,0.009093999575613482,0.002529282146977014,0.9883767182776069,0.01008625826872167,0.005480516509650229,-3519.011316875987
416,7147.782228033096,0.038567128079239836,,3,H2AFV,,1.941777969570625,-3561.492638768177,-2.4160081392999286,0.5162893709000409,linear,3888,0.0042975037119075184,2.4491490560926277,0.0027251243591308594,0.00035939739416381006,2.39474523482088e-05,0.9996166551537206,2.5319632370068845e-05,2.607686439381224e-05,-3580.419813312662
417,7029.479476016882,0.030535479914389613,,3,ARPC1A,,2.4730054440138054,-3502.34126276007,-2.6626808190365323,0.45772342314047065,linear,3888,0.022703758658951485,19.98429001482139,0.0027031898498535156,0.2648538183955664,0.014971136952206674,0.7201750446523738,0.02649332924450387,0.012637860019394565,-3505.0686529615045
418,6677.430379572867,0.033070778416900364,,3,WASL,,2.2774464316565015,-3326.316714538063,-2.719311845910354,0.4976790865660291,linear,3888,0.008828701380328144,6.693452382928388,0.0026993751525878906,0.005814194134372239,0.00039868898130138386,0.9937871168840057,0.004833612850672964,0.002892380532048264,-3334.0351005491775
419,6932.335774404403,0.0034363428769441347,,3,AKR1B1,,22.589491607459905,-3453.769411953831,-2.7132388458572145,0.0567086190562737,linear,3888,4.828549248854084e-05,3.0034053629375,0.004464387893676758,0.007970389198765436,0.0011735721374040986,0.9908560386635188,0.11912139858875281,0.046347270681744455,-3455.4346803945414
420,7585.536699146137,0.03308751497632742,,3,MTPN,,2.2762550373552903,-3780.369874324698,-3.5105589250303217,0.7725710104635675,linear,3888,0.008807914657835453,6.671389025595782,0.0026814937591552734,0.3859089350245987,0.09581985275577343,0.5182712122197278,0.0010230458712553459,0.0007463297601750559,-3787.8664492987036
421,7553.197892951738,0.03355480605109332,,3,PTPRN2,,2.2434706928232244,-3764.2004712274984,-3.41257104159091,0.7490653277913139,linear,3888,0.007925740803120668,5.848160869767751,0.002685546875,5.6481253627303746e-05,1.379483670621252e-05,0.9999297239093923,0.007983389319453305,0.0045143132297909075,-3772.700415767992
422,7743.096791751418,0.037239332583051496,,3,UBA1,,2.0137908039969052,-3859.1499206273384,-3.5875997566728475,0.9098551771850221,linear,3888,0.004740469663056815,2.8822974397735237,0.0027344226837158203,0.09042860163500781,0.016384270680107435,0.8931871276844325,1.1678019133931627e-05,1.2749464517414332e-05,-3876.2315268692473
423,8494.71053275617,0.03582800916009856,,3,MORF4L2,,2.0961856197166906,-4234.9567911297145,-4.456407130974099,1.2825631358005192,linear,3888,0.005492983077526412,3.5877569925945605,0.0026693344116210938,0.06361075421185303,0.001893133036164681,0.934496112751146,0.00013089056232673535,0.00011968189275523541,-4248.553771522938
424,7583.119514162264,0.03182458915924816,,3,BCAP31,,2.3696769570896827,-3779.1612818327612,-3.0993055760083807,0.6166653988897222,linear,3888,0.01276588381443562,10.398856722788027,0.0027005672454833984,0.004632801403802659,0.0005115422730209509,0.994855656323075,0.02608375529739715,0.012472518294305257,-3783.765376256341
425,7407.293456888859,0.03485705798360687,,3,ATP6V1C1,,2.156745065171099,-3691.2482531960586,-3.2733150319195774,0.7245883360657253,linear,3888,0.006262460062196672,4.304557283304097,0.002745389938354492,0.06211758374193641,0.00639011955305256,0.9314922967052937,0.0002704366276570225,0.0002303473323204778,-3702.8712433709397
426,6764.988071311369,0.03402309881925123,,3,EFR3A,,2.2115195236764724,-3370.0955604073138,-2.5675259594638726,0.47590387221660835,linear,3888,0.007180066047298017,5.162837222107812,0.0027418136596679688,0.10947210904879533,0.0034116619306935395,0.8871162290204369,0.0005651886297414199,0.00044308470897864977,-3380.630394809835
427,6832.712209406894,0.031111320890135314,,3,KHDRBS3,,2.42579074041155,-3403.957629455076,-2.79402923093909,0.49172036639182043,linear,3888,0.017057620107879746,14.497456982469496,0.002769947052001953,0.21947605617716004,0.012225426090652096,0.7682985177318795,0.025050077423029227,0.01210823597320617,-3406.9155556288933
428,7967.907949377127,0.03943421623315353,,3,DNAJA1,,1.8973690055364754,-3971.5554994401928,-4.346063404927783,1.324684124152705,linear,3888,0.004079233531809912,2.2313830608792613,0.002645730972290039,0.11657126599573747,0.034002215485384096,0.849426518519055,1.3256639496139755e-06,1.7905071527253695e-06,-3992.4173539947087
429,6778.723007487962,0.03580024922507039,,3,VCP,,2.097871425818805,-3376.96302849561,-2.7101304935309547,0.5411620024297573,linear,3888,0.005515631265577347,3.607736366108757,0.0027849674224853516,0.00040300800368217436,0.00018937154270441114,0.9994076204538688,0.0002801551785336365,0.00023776839046432346,-3390.3144279854614
430,8136.397163827946,0.038884086029524076,,3,HNRNPK,,1.925314917301254,-4055.8001066656025,-4.071940760628892,1.185130973021949,linear,3888,0.00421326785784095,2.365159206455443,0.0027496814727783203,0.001177665888631859,3.2408150071191936e-05,0.9987899259613051,1.749171721499021e-05,1.8539936713809437e-05,-4075.2798113013714
431,8490.04059050898,0.028978799459606207,,3,NTRK2,,2.61003436434799,-4232.621820006119,-3.961541006743918,0.858046907799948,linear,3888,0.08592675812344225,83.45172322754566,0.002702474594116211,0.00025646418636716283,0.0012018966139820046,0.9985416391988137,0.05207672013728537,0.022626917171948858,-4235.623494828731
432,6912.02843793704,0.033782885435465905,,3,SPIN1,,2.2277984027407673,-3443.615743720149,-2.919346317647574,0.5730933599791153,linear,3888,0.007542297987238488,5.49538297206057,0.0026674270629882812,0.0014436217227066356,0.00029649049495837724,0.9982598877823393,0.002003939286487788,0.0013238290428371623,-3453.089719453318
433,7025.503376191889,0.03355906611543346,,3,HSPA5,,2.2431760136372514,-3500.353212847574,-2.5942688861623644,0.48622703249242283,linear,3888,0.007914404959843024,5.8384141181100295,0.0027332305908203125,0.004829888323936281,0.0002661765671494475,0.9949039351084831,0.003327746783966856,0.0020698903440942167,-3508.951959759921
434,7563.398916900775,0.033033329675590875,,3,DNM1,,2.2801165982546707,-3769.3009832020166,-6.574020025751254,2.254881233913521,linear,3888,0.008886059016851239,6.751202708960903,0.002689838409423828,0.16714299072641656,0.006512814575635704,0.8263441946977302,0.0017955064188974745,0.0012056603019456184,-3777.3374429227124
435,7605.103045329145,0.03170787438412934,,3,SET,,2.378686314280163,-3790.153047416202,-3.0295660053700137,0.5956306722495387,linear,3888,0.01313867161447246,10.7763833626436,0.0032160282135009766,0.005541803686157041,0.0004663184683432371,0.9939918778451658,0.013166266036593877,0.006892639020465938,-3795.9991613418106
436,6611.559856418867,0.0330099632135123,,3,ZER1,,2.2817857409704505,-3293.3814529610627,-2.505724723083952,0.4407744714182848,linear,3888,0.008974538079320195,6.827438466220385,0.00264739990234375,0.006281245289333881,0.000673196466118669,0.9930455582444008,0.005121100786521504,0.003048972302485897,-3300.7330447516324
437,8473.201116273465,0.04056845378008317,,3,NCS1,,1.842143429613705,-4224.202082888362,-3.528034317607041,1.0160748145984078,linear,3888,0.0038627442615788775,2.005544568762831,0.002664327621459961,0.009101678298837908,0.00020864054087962473,0.9906896811598549,1.4160170986876608e-06,1.89093192428758e-06,-4247.5608207033
438,6745.189803269676,0.03202450071826155,,3,DEAF1,,2.354398108207977,-3360.1964263864675,-2.3550193018840546,0.39796583678640796,linear,3888,0.011698473293742788,9.41835301310017,0.0025980472564697266,0.0009362246666318101,8.205967081991461e-05,0.9989817156626682,0.00969133699646274,0.005302499198401331,-3367.457893247883
439,6881.604475145015,0.03422532328109167,,3,PSMA1,,2.197992253456697,-3428.403762324137,-2.6866293320762935,0.514549303884269,linear,3888,0.006919232705713892,4.920667506795353,0.002884387969970703,0.24550256847165172,0.010020376971318927,0.7444770545569083,0.0003100751773470467,0.00025852026971374747,-3439.433498399191
440,7548.933732810578,0.03145539527264092,,3,CD59,,2.3984042333616746,-3762.068391156918,-3.1026263868641974,0.6088378187597343,linear,3888,0.014533410161926903,12.100146843844293,0.002747774124145508,0.0001650685051652332,2.066023676123082e-05,0.999814271257734,0.0573936906845538,0.024442849431587206,-3766.940265156414
441,7367.1744025929265,0.03432364783668785,,3,MAPK8IP1,,2.191472684269636,-3671.1887260480926,-2.812556117379278,0.5713350570427348,linear,3888,0.006818056642316271,4.822883496864669,0.002718210220336914,0.007798644329039815,0.0002280650389067587,0.9919732906323774,0.0010659405656131549,0.0007764240007267693,-3681.954185826322
442,6457.828951351472,0.031528664492763155,,3,PRPF19,,2.3926495855495857,-3216.5160004273653,-2.736009235272079,0.4708015874322353,linear,3888,0.013970584914861348,11.580978285732419,0.002743244171142578,0.0005300980581948716,0.00010263007221425167,0.9993672718699709,0.017277004203922308,0.008707154667609615,-3222.6430627624136
443,6593.47141793118,0.03150694851072078,,3,VPS51,,2.3943523926731696,-3284.3372337172195,-2.486629750422776,0.41534196987774114,linear,3888,0.014234274973189421,11.814801151912045,0.0027027130126953125,0.01010222192822549,0.0007846763235001746,0.9891131017480166,0.01821363442128754,0.009120849286469106,-3289.3495385676442
444,6796.664964649614,0.03079946802287154,,3,PDE2A,,2.4511412082527384,-3385.9340070764365,-2.6770153859204346,0.45678386642102703,linear,3888,0.018982340148086918,16.440945897685005,0.0027403831481933594,0.0012892955017717795,0.0009796242893140546,0.9977310802091754,0.009114485835187036,0.005021755281094786,-3392.06447187799
445,7828.808955814178,0.04219504874637283,,3,PLEKHB1,,1.7681271284061457,-3902.0060026587184,-2.5036906367809513,0.6325680288544224,linear,3888,0.003618247806459155,1.7478809646149405,0.002687215805053711,4.1019973256132866e-05,2.945023137526179e-06,0.9999560350039843,7.159542092516347e-08,1.3430598441949858e-07,-3933.2619202277565
446,6685.303487373954,0.009432661828859592,,3,ELMOD1,,8.179893361457019,-3330.2532684386065,-2.7711039058855356,0.1474457033923458,linear,3888,0.0004275295945866176,3.6180607919738805,0.0038585662841796875,0.0011090900727886625,0.00021869634090644258,0.9986722135859258,0.12689822173172116,0.048930057319067924,-3332.663737043293
447,8213.071089683852,0.03348414776822973,,3,GHITM,,2.2483692366619814,-4094.137069593555,-5.453912926016373,1.6625959724813948,linear,3888,0.008038730702072252,5.954897790209256,0.0026679039001464844,0.01609224471721498,0.00244498187987884,0.9814627734037592,0.0019021259777793897,0.0012718342657133635,-4102.643414045242
448,6749.99208932098,0.03258153329650548,,3,OGA,,2.3128142661594975,-3362.5975694121194,-2.642587418041506,0.4733100307522353,linear,3888,0.009683906236900535,7.549070128532451,0.0026886463165283203,6.663106806115648e-05,8.588049155608412e-05,0.9998474884400798,0.0009638943008168921,0.000708645605011712,-3374.0416128328643
449,6819.4975250341895,0.030857001766153667,,3,ACTR1A,,2.446425753376593,-3397.350287268724,-2.7822202501940865,0.48421347747771726,linear,3888,0.019326633249682323,16.68065608190079,0.0026292800903320312,0.02288614307421354,0.0005747704211430226,0.9765390865050475,0.10038932080352292,0.03987963851629635,-3399.635709423532
450,7154.1160655358335,0.03223566540994767,,3,PRDX3,,2.338465011266171,-3564.659557519546,-2.87567484077956,0.5439114292234845,linear,3888,0.011131982492248811,8.852778077936858,0.0027365684509277344,0.0003732977263482348,9.35003709580226e-05,0.999533201902831,0.0251133171832284,0.012126404434282449,-3570.1813269017166
451,6569.439104867256,0.0031761422315560845,,3,GPR162,,24.446482777717424,-3272.3210771852573,-2.461737626513964,0.0447511602504259,linear,3888,4.9875623057779075e-05,3.627512963729672,0.0044825077056884766,0.04456810334344608,0.003623367118602129,0.9518085295378649,0.06613357401758935,0.027520373310776617,-3274.350201780602
452,6581.376648848881,0.0314678820672066,,3,PHB2,,2.397421611983212,-3278.2898491760698,-2.5403253096824905,0.4267565307489316,linear,3888,0.014504769704990107,12.067327463382737,0.0026335716247558594,0.011896302182988204,0.0008590516655044061,0.9872446461518778,0.022632389053349633,0.011086992282375703,-3282.8769481026857
453,7287.26212337458,0.030709335599631623,,3,STRAP,,2.458563966468143,-3631.2325864389195,-3.0371424392469235,0.5655045915523558,linear,3888,0.020895090393576256,18.19737815779245,0.0027065277099609375,0.23309459305905428,0.05030719585095386,0.7165982110897406,0.02910645340141582,0.013704595951409116,-3633.1892510389935
454,6713.43817860664,0.038492992073633964,,3,CMAS,,1.9456677771235344,-3344.320614054949,-2.9231237895134936,0.6475071443736254,linear,3888,0.00430937306313479,2.464650141285384,0.0027360916137695312,0.0023527019752244745,0.00014797227924896945,0.9974993257451322,1.1475976933184029e-05,1.258702384571967e-05,-3363.8442921761884
455,6741.584196562119,0.032107693403233044,,3,RAB5B,,2.3480959170942994,-3358.393623032689,-2.5975313005636176,0.454968435180072,linear,3888,0.011586891056478902,9.283354436994912,0.0028142929077148438,0.0001479122847259184,1.5589814812858223e-05,0.9998364979002777,0.047946467292683814,0.02112358128627941,-3363.70702387463
456,7039.92519796236,0.003733321185239866,,3,LRP1,,20.786346050976373,-3507.564123732809,-2.68110381905308,0.06052171553932864,linear,3888,4.8412954031808784e-05,2.554448291820751,0.005056858062744141,8.342607619770588e-06,5.415254334428148e-05,0.9999375048494039,0.12162944753291738,0.04716780723179733,-3510.7393322570856
457,6654.76228599276,0.03258907606407245,,3,CCT2,,2.312260935083784,-3314.982667748009,-2.5304600280258347,0.4424819166881175,linear,3888,0.01003188888182405,7.816957352306001,0.002858400344848633,0.012478228070777994,0.0009369304287781615,0.9865848415004139,0.00843601028991725,0.004725038077075582,-3321.2680346077914
458,7981.646754607089,0.03294568707204823,,3,HSP90B1,,2.2863894099771502,-3978.424902055174,-3.6928581855193374,0.8512824390782036,linear,3888,0.009089523509895333,6.940124674151407,0.0026950836181640625,0.284700942578744,0.014102007222368432,0.7011970501988102,0.0016745301245415511,0.0011324693260002688,-3986.1212640072135
459,6709.822863303053,0.03762263516281846,,3,C12orf76,,1.9924805539741741,-3342.512956403156,-2.8112844135463364,0.5971433102210019,linear,3888,0.004601270004884162,2.7451641898782047,0.0027904510498046875,0.00021031279965166968,1.349399895638362e-05,0.9997761932009727,7.55672547595454e-05,7.216707525245841e-05,-3359.6527340481825
460,6534.162918608617,0.0036325207716274253,,3,VPS29,,21.365316977427586,-3254.6829840559376,-2.4140204735031956,0.0489843570041872,linear,3888,5.5339027151389996e-05,3.082901502203657,0.004960298538208008,0.021550713955917643,0.0020116810204042867,0.976437605023892,0.119514184018085,0.04642367646926437,-3256.0663050186376
461,7093.82967341795,0.0031574359161305647,,3,MBNL2,,24.591778112073047,-3534.5163614606045,-2.832767918162626,0.056645232854305824,linear,3888,3.386077976584006e-05,2.491808215625955,0.004500150680541992,0.018769497663093954,0.0018565825673628913,0.9793739197695857,0.06825894016332323,0.028305142651457803,-3536.8420238289755
462,7729.418281136893,0.03743041588813161,,3,HNRNPC,,2.0031127009923586,-3852.3106653200757,-3.0419772750784153,0.7164864877351009,linear,3888,0.004675076554815941,2.8157466651884975,0.002758502960205078,5.378221486095389e-05,4.860758697749617e-06,0.9999413570264399,0.00012391212249129868,0.00011418448289114889,-3869.0271649350216
463,7737.341933575069,0.03144588055420342,,3,PSMB5,,2.399153497482341,-3856.2724915391636,-3.5736436278063106,0.7607822406186491,linear,3888,0.014756348773032078,12.292723686244232,0.002741098403930664,0.027749794138836784,0.0034225962809258767,0.9688276095804726,0.02535443549085914,0.012217872722867902,-3859.9620242119804
464,6662.7064576488565,0.0400863040032147,,3,GMFB,,1.8652372296903672,-3318.9547535760576,-2.643190412998196,0.5816016534999467,linear,3888,0.003932489901206217,2.0871379382755877,0.0026967525482177734,0.0008965722663758513,1.646063995659248e-05,0.9990869670933414,2.196724991021526e-06,2.7766091281749965e-06,-3342.7435602927803
465,6903.3941296621515,0.03402279766847843,,3,SRSF5,,2.2115397882746093,-3439.298589582705,-2.782623167385186,0.5383010960593897,linear,3888,0.007019690360534776,5.047602082256532,0.0026412010192871094,0.002611019960188094,0.0003879906003531279,0.9970009894398277,0.00011013526500069926,0.00010269022377687577,-3454.0460242767767
466,7859.030400142319,0.031056505072161435,,3,PNMA1,,2.4302098296384016,-3917.116724822789,-3.979380383147996,0.8951090162336832,linear,3888,0.017249083109252654,14.708725419321475,0.0026726722717285156,0.1656192697585919,0.007298882183000279,0.827081848058276,0.015094450984078911,0.0077476206808025205,-3921.2544010686825
467,7816.420251842997,0.03187732934016479,,3,EIF5,,2.365627518820512,-3895.8116506731276,-3.5285935876061107,0.7602545007085412,linear,3888,0.012535526098592717,10.179616549122006,0.0026378631591796875,0.06125118685122231,0.0031731501964439076,0.9355756629521103,0.014606310954984325,0.007521570307577589,-3900.485388340583
468,6856.14649981672,0.03161027178834045,,3,NDN,,2.3862714597100547,-3415.6747746599895,-2.6161939574623014,0.4563790679155528,linear,3888,0.013682905888898183,11.287732093748437,0.002741098403930664,0.00024004678730546588,3.2153344475632517e-05,0.9997277998685624,0.04179951909350399,0.018747412393153418,-3420.8576140652544
469,7097.632644460205,0.0029067115736925177,,3,NOP10,,26.719710962369145,-3536.4178469817316,-2.5225476973133825,0.0445536930063438,linear,3888,3.320140127839598e-05,2.8799603368951536,0.00442814826965332,0.021690486334646524,0.001923731357744045,0.9763857823077384,0.06041932301967834,0.025401589563483075,-3538.9256541142204
470,6893.330458954125,0.03488889849760598,,3,RCN2,,2.1547056765791397,-3434.2667542286918,-2.8518785801489726,0.5717231386945738,linear,3888,0.006241241539627245,4.282694228364651,0.0026984214782714844,0.0007650738519404029,2.991078075311102e-05,0.999205015367114,0.0013222309640638086,0.0009273807678893722,-3445.6534077135625
471,8142.890411338517,0.036438881935191195,,3,TSPAN3,,2.0597386896430923,-4059.046730420888,-4.020049927302518,1.0868685831241889,linear,3888,0.005127832700369755,3.2458581707439897,0.0027840137481689453,8.190585793906904e-05,1.7682641367820542e-05,0.9999004115004648,0.0002314133717460365,0.00020258409647801176,-4073.9424271929693
472,6899.88090713035,0.0317573958420609,,3,MRPL28,,2.3748556039447353,-3437.5419783168045,-2.6108578339086534,0.45886655958637773,linear,3888,0.013089433437682364,10.70467982339869,0.0027077198028564453,0.01300149617833024,0.0006430670748037912,0.9863554367464517,0.0279825668284176,0.013241363864571072,-3441.9060558943274
473,7177.171743919785,0.030560813564481926,,3,FUS,,2.4708908548172035,-3576.1873967115216,-2.674171122639472,0.46637785699891154,linear,3888,0.022667310774969834,19.92118079279661,0.0026776790618896484,0.17018375957630685,0.00677943230929485,0.8230368081147679,0.06026832322586395,0.025401589563483075,-3577.984110686626
474,8130.685782080274,0.03874774091835795,,3,ATP6V0D1,,1.9323637822618775,-4052.9444157917665,-4.551550805388344,1.4143483938199466,linear,3888,0.004242889396592283,2.3972691748207517,0.0027093887329101562,0.3121905408100809,0.007178333718124733,0.6806311254722163,3.3909746265381457e-06,4.120838527225604e-06,-4072.669121449173
475,7175.282018503586,0.004047379561780453,,3,TCF25,,19.16737532822966,-3575.2425340034224,-2.8357145150874987,0.07131625014088772,linear,3888,4.73233026031056e-05,2.1272573181612917,0.005030393600463867,0.00022062904656819493,3.3029245686491075e-05,0.9997463417081802,0.0603034025984176,0.025401589563483075,-3579.797661171129
476,7437.385726780629,0.003874959240796959,,3,TRAPPC1,,20.023713452074745,-3706.2943881419437,-3.130160005648369,0.08079597990745113,linear,3888,7.274082088132752e-05,3.5647224640430077,0.00439000129699707,0.0012468516292355176,0.00013122763411655693,0.9986219207365061,0.08357192171119032,0.03402818830930934,-3709.624192573326
477,6662.080610546401,0.033676400773407084,,3,OMG,,2.235088990633508,-3318.6418300248297,-2.547919630783813,0.4621714425988434,linear,3888,0.007723677141204649,5.660754623925671,0.0026938915252685547,0.000496937464566183,4.6594261384858814e-05,0.9994564682742213,0.004696235302699914,0.0028137370174028753,-3327.4886027687826
478,7432.882875246331,0.03433673271670654,,3,MAPT,,2.1906078851431965,-3704.042962374795,-3.9230608914723155,0.9484215718435108,linear,3888,0.006823736249774816,4.823476915603802,0.002811908721923828,0.0004898682471906843,4.75465650214816e-05,0.9994625851881744,0.0022357415562918037,0.001447802751272401,-3714.2319370313944
479,7969.494687869937,0.04198155606874661,,3,H3F3B,,1.7775148642800658,-3972.3488686865976,-3.0187643711292313,0.8128744135140278,linear,3888,0.003681071599113744,1.7948304352442528,0.002705812454223633,3.748438202622425e-05,4.158688518427834e-06,0.999958356929149,1.4749600154573272e-06,1.9368161819136622e-06,-3997.5915386719553
480,8263.631343933057,0.035954070421729795,,3,WBP2,,2.0885629200185627,-4119.417196718158,-4.668324622244993,1.3742134056707913,linear,3888,0.005413560186985101,3.5129091417156832,0.0028154850006103516,0.4589216352439256,0.07067518465661933,0.47040318009931503,3.85354257966819e-05,3.851320663900555e-05,-4133.174314488685
481,6986.221926806637,0.03930270915204119,,3,P4HB,,1.9039782427603738,-3480.712488154948,-2.243947750610398,0.4726364298107116,linear,3888,0.004105553711429991,2.259644180668344,0.002691030502319336,0.4028028306884032,0.01568287126576172,0.5815142980458997,1.4460695846318927e-06,1.9148362210557274e-06,-3501.6045981999214
482,7598.150754288424,0.035412054842314425,,3,FASN,,2.1217226113912258,-3786.676901895841,-3.327152851198679,0.7639598762964928,linear,3888,0.005785441968499615,3.8616099247133033,0.0032050609588623047,0.00046609406879153195,4.0993102128233e-05,0.9994929128293615,0.0005365709865970958,0.0004248772849558243,-3799.578952306289
483,7800.157313093449,0.03154531708213512,,3,NDUFV2,,2.391345400541106,-3887.680181298354,-3.473208368872107,0.7336597719821926,linear,3888,0.014072466174595134,11.653903282403752,0.0026493072509765625,0.02212826871170249,0.0020366272929856996,0.9758351039952166,0.016354981705888783,0.008322331428772058,-3892.3976572967867
484,7241.9613935593325,0.032073749801340194,,3,PTPRA,,2.350663337470595,-3608.5822215312955,-2.870008820614793,0.5431618680460158,linear,3888,0.011728922844086132,9.415761029728989,0.0026345252990722656,0.0015787342862709137,0.00018998169572394683,0.9982312840180804,0.02605864906988986,0.012472518294305257,-3613.6849257793765
485,6538.502221064621,0.0031517087525509647,,3,ABHD12,,24.636606886704307,-3256.85263528394,-2.4525793670797955,0.0441073149854905,linear,3888,3.552581141832318e-05,2.6237850751970946,0.00450444221496582,0.0033418405048585846,0.0004080034858585039,0.9962501560097238,0.11927032922558778,0.04636705382573688,-3259.046925836437
486,7158.707401180656,0.03178315473041741,,3,CHMP4B,,2.372867756119296,-3566.9552253419574,-2.842166611175433,0.527463893938871,linear,3888,0.012827104851622523,10.474236314448753,0.002701282501220703,0.06409373533859092,0.003391179880680289,0.932515084780552,0.00829278136984779,0.004655847886332165,-3572.599883802338
487,7419.112371196336,0.03279719108530724,,3,BLCAP,,2.2970941814446078,-3697.1577103497975,-3.4133033001227338,0.7260930945020121,linear,3888,0.009452525467623084,7.2784343095427415,0.0027077198028564453,0.010580253160731412,0.0006460707893171691,0.9887736760499515,0.005624387723653035,0.0033110852669529928,-3704.3584130625013
488,7836.225487405753,0.03345002016790644,,3,ATP9A,,2.2507426207206422,-3905.7142684545056,-3.5106922588986023,0.7933253598505521,linear,3888,0.008095690017870291,6.008509369577764,0.0027184486389160156,0.037083688784459744,0.0034495252120284488,0.9594667860038916,0.0017386659950429095,0.0011741640486004066,-3914.202326358233
489,6873.909197337455,0.003401776343549539,,3,BTBD2,,22.819822124401302,-3424.556123420357,-2.4001373224506177,0.04704225196269136,linear,3888,3.916095493307795e-05,2.485247428240099,0.004427909851074219,0.1235516043201539,0.001959091203010491,0.874489304477245,0.07666331550725403,0.03148639448998665,-3426.6081349307315
490,7151.519458956674,0.0030042868093081046,,3,TIMM13,,25.8493604674628,-3563.361254229966,-2.421580319316013,0.0435707674431307,linear,3888,4.9118996995950546e-05,3.9900368244442785,0.00442957878112793,0.0400018023100613,0.0023768282756521978,0.9576213694140079,0.10396135341002721,0.040920372245260885,-3564.87146909468
491,6975.989417456655,0.0031301983154160724,,3,PIP5K1C,,24.806442673618573,-3475.596233479957,-2.6580776918212683,0.05079430858767684,linear,3888,3.360561521465396e-05,2.515971458711071,0.004393577575683594,0.07278719378418533,0.012710486907321355,0.9145023193083861,0.03765464044124445,0.0170665153224502,-3477.921939639395
492,6975.302111914775,0.030929186620259435,,3,ATCAY,,2.440534309274589,-3475.252580709017,-3.0435102946077954,0.5594151532034167,linear,3888,0.01851147605181922,15.907246243736411,0.0027074813842773438,0.010433599381731993,0.0006602435575189421,0.9889061570608135,0.061439227213519354,0.025770286338337244,-3478.2737299825044
493,6918.704179188041,0.030694968489554986,,3,BABAM1,,2.4597511823824996,-3446.95361434565,-2.793673229267239,0.4880003170663647,linear,3888,0.02079703301232628,18.127887876120987,0.002676248550415039,0.011459986316787754,0.002254123452300483,0.9862858902313181,0.04512927122538091,0.020031772118820377,-3449.875183916319
494,7355.536052972434,0.02998313656456221,,3,SIRT2,,2.5199975836220303,-3665.3695512378463,-2.6105355986839722,0.4496134669728511,linear,3888,0.03358194456018424,30.590248741917264,0.00273895263671875,0.37513035747717866,0.01814822895833896,0.6067214135649144,0.11153552746288653,0.04368341815221888,-3665.5238028873746
495,8166.0492028652725,0.030864437016632766,,3,RABAC1,,2.445817644389986,-4070.6261261842656,-3.9307864844709846,0.886960280169696,linear,3888,0.01763899982866499,15.217196503646939,0.002688169479370117,0.017135376184803926,0.003471539819626523,0.9793930839954132,0.0008487577605855723,0.0006358652002658084,-4080.445928120934
496,6789.870116042287,0.00368219248779401,,3,BRSK1,,21.076054251883892,-3382.536582772773,-2.606350701840255,0.05636168613719704,linear,3888,4.3657382314096795e-05,2.367438450646458,0.005122661590576172,0.0006437514605374544,0.0002830420611396376,0.9990732064785778,0.04872659906261523,0.021367710838724845,-3386.372998751297
497,6512.201936079874,0.03537433843332353,,3,ZSCAN18,,2.124067859447439,-3243.7024927915663,-2.393170680444712,0.4408903608697784,linear,3888,0.005774027307387966,3.8616281642725867,0.002660512924194336,0.00041339371569665777,2.014158733164798e-05,0.9995664646967736,0.0002835596461984169,0.00023842989357639814,-3258.15179779171
498,7077.650800955186,0.04104460644922081,,3,EIF3L,,1.8198693598928526,-3526.4269252292224,-2.7513034823622937,0.6508434568336733,linear,3888,0.0037962684241087284,1.9292339634548274,0.002694368362426758,0.03965694098336172,0.0025554471078960326,0.9577876119083485,6.264623924057133e-07,9.168602421924316e-07,-3550.0863484865504
499,7537.696078392645,0.03649783378334147,,3,DDX17,,2.05628595505246,-3756.449563947952,-2.7939642200276578,0.6112858305821598,linear,3888,0.00505134061506702,3.1878733674730744,0.0026886463165283203,0.10904712046688639,0.014791982247704574,0.8761608972850969,9.847312636201977e-06,1.0901857719448646e-05,-3773.898284732921
500,8116.5341796724715,0.03236089797075558,,3,SEPT3,,2.3291140133428527,-4045.868614587865,-4.026313378279773,0.9638904158142396,linear,3888,0.010667796665185634,8.422349044634492,0.002737760543823242,0.00480534609501917,0.000275993255522659,0.994918660649803,0.011377532878502183,0.006056835684706322,-4052.2361854346627
501,8036.07406086359,0.037085352946024594,,3,MAPK8IP2,,2.022475545350259,-4005.638555183424,-4.272493471956391,1.2134778062820193,linear,3888,0.004808771785763666,2.9463354249011373,0.0031821727752685547,0.01140959457734195,0.0010279084952594187,0.9875624969275644,3.223279224018327e-05,3.2558376000185125e-05,-4022.220978946683
502,6846.815857303119,0.0035017265708094164,,3,PFKL,,22.16624972956338,-3411.0094534031887,-2.3503655296115373,0.04683166842065342,linear,3888,4.782917063670939e-05,2.8657392546399976,0.004317283630371094,0.020502498727155323,0.002962894701772411,0.9765346065708497,0.09242955766748029,0.0371863597579031,-3412.607092312367
503,7079.928560511401,0.03202001320254237,,3,SUMO3,,2.354738987022977,-3527.56580500733,-2.9344062897089787,0.5531608472950559,linear,3888,0.011938343522738395,9.613990961011874,0.0027832984924316406,0.033223837454166585,0.0027537373662820702,0.9640224251792483,0.012791116214270093,0.006726039469532257,-3532.5598306010997
504,7343.946204552852,0.033038562632208765,,3,PITHD1,,2.279743114650857,-3659.574627028055,-3.329379788676615,0.701055152349239,linear,3888,0.008883936122362594,6.7475941433448146,0.0026242733001708984,7.955042482140877e-05,9.768670664388886e-06,0.9999106809047212,0.012385757534207786,0.006534693504249238,-3667.4647174432353
505,8447.94245084407,0.03418685646854802,,3,MARCKSL1,,2.2005530635696036,-4211.572750173665,-2.5216672514713694,0.5479983193508572,linear,3888,0.0067711556549494055,4.8254567751274955,0.0027081966400146484,9.507737190605846e-05,7.894484904096371e-06,0.9998970281427073,0.00012822394073541687,0.00011769893942174189,-4227.982260262435
506,7635.865716622593,0.03538990904076252,,3,TMEM59,,2.123099055977936,-3805.534383062926,-3.0012629193554625,0.65905277908219,linear,3888,0.005807235923001936,3.880663918622435,0.002683401107788086,0.00012680220219710294,8.435008880689383e-06,0.9998647627884998,0.0009322313641744184,0.0006875057571560029,-3818.2005974071
507,7165.8913511411565,0.03138619483745982,,3,AHCYL1,,2.4038639853488513,-3570.5472003222076,-2.527655164569018,0.4439790183603774,linear,3888,0.01474491143765912,12.326987571188607,0.0026845932006835938,0.00020533989041574924,2.598446291435312e-05,0.9997686756464619,0.02599563047704978,0.012472518294305257,-3576.6495749075175
508,7846.866371640405,0.03359337949692595,,3,PSMB4,,2.2408051975872176,-3911.034710571832,-3.580788205165847,0.8216245666013958,linear,3888,0.007862708150041699,5.789234411281989,0.002684354782104492,0.16561731342115757,0.007662586298142247,0.8267201002803658,0.0012939398964938453,0.0009115956458160136,-3919.5935946555423
509,6796.735771505227,0.03566030226589916,,3,PAQR6,,2.1064100971891198,-3385.9694105042427,-1.7418021366410918,0.31580331707252035,linear,3888,0.005553189501121839,3.658810274964208,0.0026612281799316406,4.138827854636486e-05,3.862925592362439e-06,0.9999547487957473,0.00023827988244085052,0.00020820960992983076,-3401.570837526371
510,6854.384027274562,0.04313164198198355,,3,ID2,,1.7280412472077888,-3414.7935383889103,-2.9202918760061243,0.7339805003920544,linear,3888,0.0035728016439613547,1.6579716632156363,0.0026488304138183594,0.0001792664721722761,1.909517597431937e-05,0.9998016383517933,2.8697657783460784e-07,4.5677324907865343e-07,-3442.4290751055373
511,6451.289747664222,0.033328072157913516,,3,ACTR1B,,2.2592631396109244,-3213.2463985837403,-2.7048418078046725,0.4897403589149839,linear,3888,0.008294127396614984,6.19787259095895,0.0026788711547851562,0.00011154635906237877,1.0084356642855599e-05,0.9998783692842736,0.007911998325176528,0.004479302263572994,-3221.919061140926
512,7325.811794698992,0.03593165609637707,,3,HNRNPA3,,2.0899143647056917,-3650.5074221011255,-2.8797380809584063,0.6168072702108808,linear,3888,0.005404728258283525,3.5112387650577794,0.0026667118072509766,9.00754405813749e-05,7.4435529930834965e-06,0.9999024810062952,0.00030905501876044017,0.0002581249755146626,-3665.293330949067
513,7585.069994750017,0.04270504431513499,,3,GLS,,1.7460814414822836,-3780.136522126638,-3.867585992949527,1.1682396531950094,linear,3888,0.003606154114747583,1.7041458156983267,0.002711057662963867,0.0008008963233839656,3.665538232010869e-05,0.9991624482938717,3.1356366569923466e-07,4.892082393147376e-07,-3807.2745697143564
514,7018.873743629806,0.032622759770760186,,3,HSPD1,,2.3097930494277534,-3497.0383965665324,-2.5728867552227657,0.46687989082596454,linear,3888,0.009919663382937158,7.714603844720482,0.0026903152465820312,0.0001832167077477939,1.7397321191814312e-05,0.9997993859710058,0.021625225651435764,0.010637704416560968,-3503.6607575021335
515,8377.546830292606,0.04279092023866468,,3,PTMA,,1.7424209574204417,-4176.374939897933,-3.880919313691059,1.2300895462284078,linear,3888,0.003601273866107469,1.6955967679176707,0.002684354782104492,6.225909814504143e-05,1.59905839296255e-06,0.9999361418430681,7.932589761727726e-07,1.1329158681951161e-06,-4203.289283599105
516,7084.352155324117,0.03213964077708252,,3,CNBP,,2.3456844411104343,-3529.777602413688,-2.6477843141222808,0.4806599333652238,linear,3888,0.011396533887472537,9.113871999579901,0.0026967525482177734,0.00012818881577129272,1.4371390413544467e-05,0.9998574397941193,0.029905856061452796,0.014025112871532698,-3535.934537417066
517,7870.993766878935,0.03513830947777928,,3,BTF3,,2.1388587388943754,-3923.098408191097,-3.279745967220001,0.7558142778748838,linear,3888,0.006018209831687622,4.075320475954191,0.0027184486389160156,0.00022698650950750906,1.861432374308532e-05,0.9997543991663176,0.0011412206152078275,0.0008186435645027869,-3934.994415742163
518,6800.061086468227,0.0316468575397474,,3,CSNK1A1,,2.383422731213988,-3387.6320679857427,-2.4220278119948477,0.4098719258422059,linear,3888,0.013520388613427012,11.129532224980796,0.0026459693908691406,0.0004106153145312438,4.394222338105775e-05,0.999545442461918,0.04100826626553067,0.018412089978761217,-3392.691006288861
519,7052.4563247223505,0.031642293159232886,,3,NUDT3,,2.3837777744175535,-3513.8296871128045,-2.582380776061814,0.45611512276248545,linear,3888,0.01361261322012699,11.20847501731088,0.002716064453125,0.00012310696736533865,1.9941238901645517e-05,0.9998569517934907,0.07266027734669422,0.03002490799450175,-3518.3300276348286
520,7961.952505931078,0.03507466936462313,,3,KLHDC3,,2.1428808530876595,-3968.5777777171684,-4.34159105406678,1.1725986328495748,linear,3888,0.006045246632291021,4.107446245183887,0.0027265548706054688,0.32615789811456675,0.006666739706534762,0.6671753621793195,0.0001319523970294556,0.00012041987794895914,-3981.3616049292846
521,7151.461931138305,0.03686651805198944,,3,PSMB1,,2.034943061449466,-3563.3324903207817,-2.7118551482377313,0.5745905614174773,linear,3888,0.004918301992683333,3.0466485512106987,0.00266265869140625,2.5056179853385286e-05,2.8241962002016567e-06,0.9999721196239458,0.0002744440709736562,0.00023334028271141467,-3578.825518562811
522,7743.756824015977,0.0365322502007585,,3,TSC22D4,,2.054275381104861,-3859.479936759618,-2.3518996443073097,0.5014539368109643,linear,3888,0.0050581507290406,3.1865997841980365,0.002666473388671875,0.0016113427586514505,1.6886335703140512e-05,0.9983717709056912,0.00011789624457358983,0.00010885306672277471,-3875.666841053455
523,7291.726628317888,0.03127428591422504,,3,MAGED2,,2.4127444676123244,-3633.4648389105732,-2.6944527209063476,0.48696394557668365,linear,3888,0.015475985913741355,13.02505280666373,0.0026819705963134766,0.00016041324082693113,1.943803948871376e-05,0.9998201487194817,0.03607741290460287,0.016525946714582004,-3639.1495050069234
524,7154.122314048177,0.04119934254629407,,3,FDFT1,,1.8127417625104345,-3564.662681775718,-3.218773107200002,0.8253359394574454,linear,3888,0.0037757014180628498,1.9055743108813343,0.0027599334716796875,0.00021834391069828484,6.941359607500285e-06,0.9997747147301171,2.663441030614777e-06,3.300979099761988e-06,-3588.5136671827995
525,6976.9984605430245,0.038131716942335525,,3,ASAH1,,1.964839800044555,-3476.1007550231416,-2.785968664271269,0.6093578087744833,linear,3888,0.004420302548636665,2.572497082899899,0.0032715797424316406,5.377196072141096e-05,2.0520561196680083e-06,0.9999441759830727,5.6661862348428294e-05,5.511441904448693e-05,-3494.727312066807
526,8281.562609296894,0.03295122541239507,,3,RPS20,,2.2859920286969637,-4128.382829400077,-3.2465290079694387,0.7188201866741405,linear,3888,0.009068679471585859,6.922036693004048,0.002683401107788086,0.0010368601443053855,9.716951516975004e-05,0.9988659703410379,0.00667479997110354,0.0038609513983825718,-4136.22742204532
527,6658.2167507721,0.03340713325292281,,3,MAL2,,2.2537320419642017,-3316.709900137679,-2.773571458270557,0.5166241513218146,linear,3888,0.008184845489824535,6.089234391645096,0.002675771713256836,0.00027612319129154903,2.9669359205540265e-05,0.9996942074491427,0.007887466239775764,0.004470767870812511,-3324.8484688904846
528,7799.462233830981,0.0345657121524772,,3,NDUFB6,,2.175580275448602,-3887.33264166712,-3.7866455648210002,0.9197898505719337,linear,3888,0.006565123260154329,4.583612411143548,0.002660512924194336,0.0004175780653013935,2.4398496132839868e-05,0.9995580234388014,0.002011228275299759,0.0013241816955632752,-3898.0493499682934
529,7188.9401179553515,0.03252902743648443,,3,ECHS1,,2.316673162228296,-3582.071583729305,-2.614155191785231,0.48244965258874606,linear,3888,0.01020344991549226,7.97808908480804,0.0026612281799316406,0.0020442242142472223,0.00016371709533726067,0.9977920586904812,0.014950123005257554,0.00769024034299528,-3588.2186749426546
530,8066.801984769887,0.041989325966244884,,3,PTGES3,,1.7771715311149,-4021.002517136573,-3.891487587986254,1.189723141804093,linear,3888,0.0036589296439543287,1.7834295364789974,0.0027494430541992188,0.00340463059676145,0.00012280659309327554,0.9964725628104548,1.360084578294618e-07,2.34652946487459e-07,-4049.149173560041
531,7132.5100943202515,0.03254524604962431,,3,ATXN7L3B,,2.315479853054106,-3553.856571911755,-3.075023179623143,0.6045129926607883,linear,3888,0.010090747273283192,7.882620277853379,0.0027608871459960938,0.0005332741268459445,5.743233353310599e-05,0.9994092935395555,0.011936339143249097,0.006325821804412486,-3560.926203561973
532,7365.741314257654,0.030778055735896374,,3,DAD1,,2.4529006567596308,-3670.4721818804564,-2.6830300503754576,0.47931967058665115,linear,3888,0.02015098832397582,17.475914695713552,0.0027022361755371094,0.006055103265518206,0.0004346181580403293,0.9935102785762377,0.127613118336369,0.0491255711688717,-3672.527925365596
533,4879.830188426507,0.04356799330618884,,3,CKB,,1.709954075890525,-2427.516618964883,-6.635844200169008,2.927290165042025,linear,3888,0.0035046639418330693,1.5967149843008783,0.0026748180389404297,0.002767048458778483,0.0002094154724959669,0.9970235360683251,4.8646801031893006e-09,1.1977432072246386e-08,-2461.8607142849173
534,7436.898766269205,0.03365215101781751,,3,MAPK8IP3,,2.236755726457617,-3706.050907886232,-3.327478898706188,0.717862686731102,linear,3888,0.007643201904374851,5.60930202573124,0.0026781558990478516,0.08575195840863004,0.0030100516069968795,0.9112379899846659,0.00035723634411377603,0.0002946591632965186,-3717.51807007929
535,6686.658313368723,0.03511782835627261,,3,NME3,,2.1401515739556567,-3330.9306814359907,-2.42324809303385,0.4516671593469067,linear,3888,0.006031747645397887,4.08891669964544,0.0026488304138183594,0.0003521957512443919,2.5442490828072388e-05,0.9996223617579502,0.0009908009376581317,0.0007250443112612278,-3342.931890709402
536,7596.609000865311,0.03365684097989816,,3,RNPS1,,2.2364331883346984,-3785.9060251842848,-3.265955604818508,0.7054647832942678,linear,3888,0.007584201990069636,5.564556313852305,0.0026819705963134766,0.00013723250282385584,1.3034226557089443e-05,0.9998497332706207,0.0008323376927799053,0.0006285442931245292,-3798.564790426559
537,7221.715820492175,0.033774215720761,,3,TUFM,,2.2283902650656735,-3598.459434997717,-2.6721229233537787,0.5177743444466054,linear,3888,0.007575185041376806,5.521985964709919,0.0026476383209228516,0.02099606340569598,0.0008489307625046294,0.9781550058315449,0.0019457857309461701,0.0012937074288351983,-3607.451321454298
538,7466.227753098473,0.031340851149920884,,3,FAM96B,,2.4074545709541786,-3720.715401300866,-2.8231945987230396,0.5276021232262514,linear,3888,0.015142751059708437,12.69392292700208,0.0027000904083251953,0.0004953360344191776,6.078396861725489e-05,0.9994438799965287,0.03409655004345691,0.015725238157514494,-3725.926246297805
539,6585.115924808799,0.03477861745653027,,3,VPS4A,,2.161785121189684,-3280.1594871560287,-2.628682771618652,0.49589069063892205,linear,3888,0.006346096433727128,4.380362017957951,0.0026619434356689453,3.739855377919566e-05,3.806791480766511e-06,0.9999587946544538,0.002577896368464838,0.001644814893646172,-3291.350470158298
540,7392.844803495215,0.03490686986880937,,3,PSMC5,,2.1535562507493804,-3684.023926499237,-3.158221353430209,0.6873520405832748,linear,3888,0.006217820141967869,4.262538598359987,0.0027267932891845703,0.03011653310180057,0.001530153728946884,0.9683533131691205,0.00039404513226726223,0.00032116531156579366,-3695.676436883834
541,6977.472291885156,0.03192014675110074,,3,TIMP2,,2.362349801492137,-3476.337670694207,-2.5033462610882165,0.438662252951898,linear,3888,0.012252231745788893,9.9246034573105,0.002905130386352539,0.0002628137851191796,2.344460845148438e-05,0.9997137416064259,0.03387873893550897,0.01565533124185965,-3482.0359506434306
542,7697.68885761532,0.03522828765178261,,3,ARHGDIA,,2.133196832555472,-3836.445953559289,-3.2315860243375654,0.7327279344703598,linear,3888,0.005933119325303797,3.998649109123746,0.0026755332946777344,6.148496422652326e-05,5.600138402875874e-06,0.9999329148970335,0.0011701089514366547,0.000836826646605777,-3848.8964118821636
543,7804.7104003245395,0.03222288678122862,,3,TECR,,2.33942326621328,-3889.956724913899,-3.0238061720380753,0.6130908397100565,linear,3888,0.010918084489907241,8.68911456795612,0.0027437210083007812,0.00027136761370158294,2.8207519246022304e-05,0.9997004248669642,0.00671877393811926,0.0038733508290709705,-3898.408363630083
544,7944.9898552750365,0.03545623284636111,,3,UBA52,,2.11898191912369,-3960.0964523891475,-4.437528740488165,1.228198585176043,linear,3888,0.005756456463068554,3.8333747723916045,0.002635478973388672,0.014789093923559609,0.00025509925054786355,0.9849558068256214,0.0003450552717549904,0.0002856690675252269,-3972.9014381203688
545,6550.532184678862,0.032393049085785525,,3,AP2A1,,2.3267249836434716,-3262.8676170910603,-2.725579687960655,0.4844301047546918,linear,3888,0.010419173926392012,8.210801624851955,0.0028281211853027344,0.00014625849207694773,1.9725640717332165e-05,0.9998340158671013,0.008122423247180044,0.004581970154625323,-3271.1577856271915
546,6681.93805447464,0.03597109003239931,,3,UBE2L3,,2.0875378681047456,-3328.5705519889493,-2.5634199360707024,0.4993556921319823,linear,3888,0.005405148526704874,3.5043720530273554,0.002713441848754883,0.0003991815375670706,1.9861225111069276e-05,0.999580957237739,0.00042882143779576776,0.0003471157342057896,-3342.253117957315
547,6660.568711365472,0.03858923420417208,,3,CBR1,,1.940620986344529,-3317.8858804343654,-2.1264244690371394,0.4203961139412729,linear,3888,0.0042781429563793875,2.4355385161124308,0.002722501754760742,1.960208690525893e-05,1.3852681750286362e-06,0.9999790126450115,2.9548882589214287e-05,3.0039919738790673e-05,-3337.9444757555634
548,8054.225340562868,0.045590237568471505,,3,DNAJC6,,1.6306506220723491,-4014.7141950330633,-4.625319069207547,1.71214035991122,linear,3888,0.0034372271308089133,1.441717001116385,0.0026955604553222656,1.1145804849093235e-05,7.628409926979353e-07,0.9999880913537388,3.6236856515436955e-08,7.289425682022134e-08,-4047.965557289978
549,7752.383017233289,0.03576108312699573,,3,JTB,,2.1002543569754955,-3863.793033368274,-3.0524923309781746,0.6882764593811629,linear,3888,0.0055359419472293244,3.6283863095256943,0.0027103424072265625,1.4666146333671005e-05,1.8132640471352798e-06,0.9999835205892845,0.0008808200633106944,0.0006546975885099501,-3877.3330863617957
550,7521.536506433027,0.03758013198442086,,3,NDUFS2,,1.9948221490629319,-3748.369777968143,-3.6025183103965595,0.9124679204901434,linear,3888,0.0045960665289372996,2.747797298028398,0.0027031898498535156,1.763077813662899e-05,1.3919165355980761e-06,0.9999809773052574,6.751313608666099e-05,6.486849734860257e-05,-3766.858657282254
551,7100.3633547391555,0.03941472009979718,,3,ARHGEF4,,1.8983460509025232,-3537.783202121207,-3.104453889730677,0.7443165181750425,linear,3888,0.004081323479115178,2.2345609825626362,0.0032808780670166016,3.2470958564745855e-05,2.8619114108504793e-06,0.9999646671297686,1.4643385638501982e-05,1.5732563082688083e-05,-3558.8157996789187
552,7413.189807835985,0.03722789108368173,,3,RPL15,,2.014433655287836,-3694.196428669622,-5.212375136891624,1.66839821777917,linear,3888,0.004733095375513089,2.8794507201668966,0.0026345252990722656,1.097240922642237e-05,1.412524961611666e-06,0.9999876150662439,9.542498727654891e-05,8.950395631999537e-05,-3712.0237955761313
553,7836.221464561786,0.03693797123418459,,3,RHOA,,2.030855970354935,-3905.7122570325223,-2.9111744705048928,0.6706989634915083,linear,3888,0.0048730921242770816,3.0078384782448744,0.0026674270629882812,3.551030590467645e-05,2.224542317878118e-06,0.999962265151978,0.00018451902172578194,0.00016528159725135976,-3922.069903726421
554,8300.912985589577,0.042578055001286676,,3,RACK1,,1.7515214563154886,-4138.058017546418,-3.2742869877885585,0.9478522422617414,linear,3888,0.003614413670698925,1.7173819446457408,0.00262451171875,3.0848300120527775e-06,5.379811603088179e-07,0.999996377189032,8.369073155600759e-07,1.1809818292842321e-06,-4165.4138865918285
555,6946.266634003858,0.03468777212166844,,3,DDB1,,2.1676507126605444,-3460.734841753558,-2.866914846202379,0.5748569143214738,linear,3888,0.0064101531602128205,4.446157666929068,0.0028085708618164062,1.3091909644423007e-05,2.2207629507998274e-06,0.9999846873278393,0.00206671692829119,0.0013588226105846744,-3472.6001563364916
556,7577.826147705429,0.03876222845198866,,3,RPL6,,1.9316124410069846,-3776.514598604344,-4.744750413773783,1.4842493860882235,linear,3888,0.004223690129784745,2.384776311756901,0.0026662349700927734,9.508151130031462e-06,9.119266452420656e-07,0.9999895799225595,1.9454390790762943e-05,2.039162106671383e-05,-3797.577595983351
557,8135.1184363932125,0.04517156317280543,,3,EVL,,1.646486324415862,-4055.1607429482356,-4.0743732196826885,1.3844549274894526,linear,3888,0.003460781611322514,1.4761670643433005,0.0027878284454345703,1.2551538642292215e-05,1.0643338254940876e-06,0.9999863841275521,1.1983239334156792e-07,2.090333597370524e-07,-4085.9282943455028
558,7713.951711990231,0.039061421415859825,,3,DDX5,,1.9162205315810965,-3844.577380746745,-2.9421875966396125,0.7136669209682333,linear,3888,0.004165061956896865,2.318563479950069,0.002751588821411133,9.441723737932179e-06,1.1426382826569984e-06,0.9999894156377095,2.9332421255245933e-05,2.9884128238103222e-05,-3864.746235254241
559,8243.013898036375,0.04312183037837861,,3,RPS16,,1.728452155322904,-4109.1084737698175,-3.643746073606767,1.1174575177578532,linear,3888,0.0035624023413319567,1.6538334570613569,0.0027031898498535156,2.2881599606954784e-06,6.076416830319601e-07,0.9999971041985283,2.9049139427250736e-07,4.6081612270196414e-07,-4138.444399842796
560,7709.232663286443,0.07075381661710338,,3,RPS18,,1.0230074988474394,-3842.217856394851,-3.852545702526005,1.9847910275692031,linear,3888,0.0048150898689397975,0.9258319194880966,0.002694845199584961,1.223300809181256e-07,1.0786791231850699e-07,0.99999976980237,5.329070518200751e-15,2.8956287037245465e-14,-3907.2490660932253
561,8414.174423199624,0.04795644270368816,,3,RPL10A,,1.5463498641280784,-4194.688736351442,-3.4641783423157477,1.1717832485329436,linear,3888,0.0034077539290469634,1.3039951204145883,0.002697467803955078,3.276751523471336e-07,2.6447918520638196e-07,0.999999407846365,1.3732577963665449e-08,3.047776586046109e-08,-4230.3534752297
562,8282.971899871394,0.06096392284982316,,3,RPS6,,1.1997956302739698,-4129.087474687327,-3.52771060396761,1.5332442249350706,linear,3888,0.003949071934057428,0.9843653723609034,0.0026769638061523438,4.071950844183598e-08,9.161871545619538e-08,0.9999998676612537,1.917022096620258e-12,7.625069407048932e-12,-4182.624519943628
563,7088.79703743355,0.0021840033067610327,,4,RPL31,0.7071067811865476,431.1695708797076,-3527.8672183856143,-5.3725854522316645,0.04537238137964026,PER,3888,5.7808421124554364e-08,0.008855491540934944,0.014544248580932617,0.7262984573633866,0.2524258230823244,0.021275719554115943,0.02048873317960953,0.01015260268095765,-3533.765405571812
564,6564.01228559997,0.0017222039530327231,,4,CHRM1,1.3684669837707077,585.2779219681305,-3265.474842468824,-2.655762467961495,0.012466706888092769,PER,3888,1.1109118241775111e-07,0.0273151518458568,0.013961076736450195,0.5239043612158397,0.14099525103881175,0.3351003877453071,0.054411286539876036,0.023447310019669796,-3269.8311701686744
565,7868.956139158382,0.002803902236675434,,4,ATP6V1H,19.196922464802824,358.23862462358125,-3917.9467692480303,-3.751961098034307,0.04019923475376908,PER,3888,9.889733453187065e-07,0.09215250146426322,0.013100385665893555,0.6231561512269087,0.01737669944377673,0.35946714932954693,0.10564804777517334,0.041515140061278724,-3922.3547452077373
566,4866.0449168642745,0.007717978679839245,,4,CLU,37.151891739754454,132.83580294468953,-2416.4911581009765,-5.804666387034114,0.2507225302783167,PER,3888,3.531908777895367e-06,0.04433052846864494,0.008951663970947266,0.9999475586091067,4.90767129237241e-05,3.3646776147956744e-06,0.0025139689007274146,0.0016125124316988476,-2430.5825938093444
567,7456.553623810233,0.0037203373797599394,,4,ARNT2,37.151891739754454,276.68303848622617,-3711.745511573956,-2.9925127142642105,0.03330440616340601,PER,3888,2.661585321220891e-06,0.1414094896079499,0.007302761077880859,0.5609767453405093,0.010901498053098074,0.4281217566068389,0.1295695526235594,0.04983812956894067,-3716.0135553801974
568,6796.213234508382,0.0028742816482157413,,4,TCF4,37.151891739754454,358.4298686373595,-3381.57531692303,-2.5316473366846326,0.018561199719687355,PER,3888,1.8503073844998e-06,0.16411967088015952,0.00794839859008789,0.5335569662293688,0.01320604478097055,0.4532369889894568,0.12408245598796275,0.048000950092055225,-3385.7897808404787
569,8119.9460738768585,0.00507558424565284,,4,KIF5C,37.151891739754454,202.52919904244445,-4043.4417366072685,-3.9181557055117664,0.07687824433631374,PER,3888,2.624479447415884e-06,0.07533860843786024,0.006171464920043945,0.9899544507003569,0.009466825225746942,0.0005787240741500199,0.015125806669691544,0.007755294289331101,-4051.6684241793455
570,8088.686769053883,0.003896386821478207,,4,SLC25A4,37.151891739754454,264.13505733176856,-4027.8120841957807,-4.236220993639264,0.0686654978624388,PER,3888,1.9014636493830993e-06,0.09216888994413303,0.009559392929077148,0.9820026446116326,0.01781846445807054,0.00017889093073973495,0.011198789865952574,0.005986230781781245,-4036.2502602362383
571,7456.575643247962,0.003384215722116578,,4,REEP2,37.151891739754454,304.2659260617518,-3711.7565212928203,-3.4382333858203733,0.03958107038863042,PER,3888,2.3486387383485252e-06,0.15059006330726865,0.00863337516784668,0.5868723261736206,0.027318121261562734,0.3858095525648362,0.0937372930061906,0.03763824950923475,-3716.0991412025346
572,7943.217816773141,0.003690941492938495,,4,ATOX1,37.151891739754454,278.89486305041,-3955.0776080554097,-3.0845609450584752,0.03520526002202122,PER,3888,2.2246798462119797e-06,0.12007233788758852,0.009652376174926758,0.6918508006185934,0.14636180095808643,0.16178739842346954,0.04332212267050506,0.019356851511138196,-3959.937040334552
573,8102.795038263995,0.003551083307132229,,4,CLTB,37.151891739754454,289.91973275976306,-4034.8662188008366,-3.63155180271764,0.046421101619695364,PER,3888,2.4962904369047817e-06,0.14546910259882126,0.009903192520141602,0.7820785715456023,0.07711868067977515,0.14080274777486493,0.05028645259085396,0.02197021958262818,-4039.8564051893877
574,8030.888500503098,0.0027615529674117224,,4,CUTA,37.151891739754454,373.10342289787735,-3998.912949920388,-3.6065360902309913,0.03561013033475772,PER,3888,1.9361854760604824e-06,0.1859567641835865,0.00792241096496582,0.4076751183253084,0.18944652920737046,0.40287835246732745,0.052630113160570646,0.02282540353919661,-4003.0517569026283
575,7266.707008012462,0.004229396718642578,,4,SCRN1,37.151891739754454,243.25651144317857,-3616.8222036750703,-3.091331759658752,0.040217249343734045,PER,3888,2.2675104721457784e-06,0.09341435031746671,0.007296323776245117,0.9598009534665574,0.004112949536243741,0.0360860969975369,0.04033165407614836,0.018192626751905923,-3623.7523741305877
576,8214.73823598785,0.00825680225514555,,4,SEC61G,37.151891739754454,124.09976064472595,-4090.837817662765,-3.4848949733528447,0.09996682673327394,PER,3888,5.209263638789208e-06,0.05725598447672037,0.008484363555908203,0.9999981091986824,1.6007543463680292e-06,2.9004674385392734e-07,0.009022012716186523,0.004982419936721529,-4104.328798588686
577,7268.810346977448,0.00401695339815139,,4,SEM1,37.151891739754454,256.1761826248751,-3617.873873157563,-3.038403306871306,0.03695056564751798,PER,3888,2.3481939169259122e-06,0.10714658574308931,0.008164167404174805,0.6456072906846375,0.0009835534320426654,0.3534091558834961,0.12477370717431868,0.048228891496800506,-3623.4736120174057
578,7978.333318264057,0.004016931477049782,,4,MRPL41,37.151891739754454,256.1775862617062,-3972.635358800868,-3.572691872204435,0.0508212483975472,PER,3888,1.8548256968041289e-06,0.08463542560854925,0.007821798324584961,0.9901290489273035,0.00954939422472869,0.0003215568479909359,0.01576930002855248,0.008058546284679972,-3980.784455384808
579,7888.231445191269,0.004733299656012201,,4,SELENOH,37.151891739754454,217.24964284157485,-3927.5844222644737,-4.327736847561059,0.08686296404479542,PER,3888,2.348909599056365e-06,0.07742263814096245,0.007996797561645508,0.9998713914672643,5.62765202842053e-06,0.00012298088085034394,0.10749147150874172,0.04216941922636416,-3936.2189869445933
580,8047.4627465392305,0.0039909306499538106,,4,NAP1L1,37.151891739754454,257.8533089734951,-4007.2000729384545,-3.740126490163607,0.05519987013298597,PER,3888,2.349528180400763e-06,0.10859837278871323,0.00849771499633789,0.7261267588605511,0.001423836816540994,0.2724494043230741,0.12197348026053023,0.04726245136771663,-4012.7090529254374
581,8215.048915459163,0.0045505986655255395,,4,PRKAR1A,37.151891739754454,226.01343287818042,-4090.9931573984213,-4.4377688498071155,0.08787816912721887,PER,3888,2.0824805025977547e-06,0.07420688331422595,0.008991718292236328,0.9997614951022165,2.767309195495519e-06,0.00023573758894012388,0.09501665634520773,0.038000816258658685,-4100.179114169845
582,8077.246503578151,0.003833888089026989,,4,PRDX2,37.151891739754454,268.4577395451499,-4022.0919514579145,-5.136763230916477,0.0985278860181349,PER,3888,2.428868608939254e-06,0.12157180364114109,0.006211042404174805,0.8059042895376195,0.0740385422537193,0.12005716820869557,0.048539792611537846,0.02130555597028757,-4027.176838883799
583,8022.53367944171,0.004386335245630155,,4,ATP1A3,37.151891739754454,234.51607893485985,-3994.735539389694,-5.499715606823193,0.12890371721385116,PER,3888,2.4329847203805273e-06,0.09324807849108116,0.008087635040283203,0.9650427856158577,0.03284075063343754,0.0021164637511516286,0.01897464170072738,0.009461846647850247,-4001.929641626074
584,8122.654071213828,0.005680943065203982,,4,RPL22,37.151891739754454,180.83767863424654,-4044.795735275753,-4.263238944796092,0.10142021923548342,PER,3888,2.5685691903186437e-06,0.05900478763091593,0.007984161376953125,0.999966068585282,4.3160386728228207e-08,3.388825449929676e-05,0.0757782351696491,0.031177056957209855,-4056.4280893743635
585,7596.3119113159455,0.0032129380322078417,,4,NDUFA6,37.151891739754454,320.5410388067537,-3781.624655326812,-3.261312853242672,0.033979909424309986,PER,3888,1.6487955766503397e-06,0.11720579234353605,0.007197380065917969,0.8511806515226042,0.0014925465658378971,0.1473268019115556,0.11643177573997354,0.04545043419021563,-3787.26240073598
586,6839.302019524933,0.029447971945539376,,4,SLC30A3,71.90022579781316,37.10124619029771,-3403.1197094313056,-2.8030975415867414,0.2084690478907509,PER,3888,7.638670979604732e-05,0.0719778350177624,0.004283428192138672,1.0,1.11361366849462e-19,2.130628246032877e-18,0.10308255877935202,0.04064214918891732,-3427.597654817385
587,6388.367312893531,0.006578787052865268,,4,RPS27A,71.90022579781316,169.9858091925722,-3177.6523561156046,-4.831869494839686,0.13226372338056794,PER,3888,1.2172750962097123e-05,0.20929062213656352,0.003804922103881836,0.9306792925907084,0.003701329850658124,0.06561937755831777,0.10064459073623677,0.0399474751414725,-3183.1112666596314
588,8160.770933471068,0.005252373385414251,,4,ISCU,71.90022579781316,213.19763669415374,-4063.8541664043732,-4.376294198342034,0.08776528668376252,PER,3888,9.20174754439097e-06,0.24684488520744793,0.004102945327758789,0.8547329705452137,0.0805795526694832,0.06468747678496499,0.03941881023713478,0.017831910677085765,-4069.277665184963
589,6313.4219251148,0.007784071774725587,,4,ITM2B,71.90022579781316,143.49092306710733,-3140.179662226239,-6.540721632086002,0.2849066321012008,PER,3888,2.1429112968029067e-05,0.26449035857731523,0.004798412322998047,0.8700374184793455,0.014693634821311608,0.11526894669924814,0.07814999960668145,0.03195816278348093,-3145.3231848363316
590,7507.650619621611,0.012271418786937655,,4,COPS9,71.90022579781316,90.60828491214876,-3737.294009479645,-5.50386774104511,0.32052085270977587,PER,3888,1.3972929640832279e-05,0.07069012291981992,0.004102945327758789,0.9459063919857372,0.054093608009574135,4.9998256885054554e-12,1.0359885896038534e-05,1.1442524778972042e-05,-3758.168610769381
591,7353.767748248391,0.02574619041431655,,4,UQCRQ,71.90022579781316,42.597508905610184,-3660.352573793035,-5.198129452643498,0.6066333996447257,PER,3888,4.6419840062861386e-05,0.05637112367493055,0.004487752914428711,0.9922506735927563,0.0077493264076959915,7.82672279185433e-22,3.40979419366505e-07,5.267655914158723e-07,-3688.7812366928683
592,7484.578371533945,0.028894590159630005,,4,NDUFA3,71.90022579781316,37.833358986466024,-3725.7578854358117,-5.9685975007755845,0.8972849434341138,PER,3888,6.883730231403691e-05,0.0672218517837499,0.0046198368072509766,0.585655297788886,0.4143447022108542,2.4325927042758144e-22,3.383863822481459e-08,6.895020327940278e-08,-3756.4048147413014
593,7958.430372219432,0.0050848782556116145,,4,FBXO2,71.90022579781316,220.25741557910422,-3962.683885778555,-3.590607206262916,0.057798357565190216,PER,3888,6.483897872288716e-06,0.18545489128793294,0.004755735397338867,0.806068808777818,0.1405552008695108,0.053375990352284436,0.03165640024522909,0.014729176921545389,-3968.174178769228
594,8106.395968795275,0.011576312720428042,,4,ATP5IF1,71.90022579781316,96.11650288125286,-4036.6666840664766,-5.44477172286775,0.2965865037810316,PER,3888,3.442515729886442e-05,0.19514307755442595,0.004630327224731445,0.6776529670107121,0.32036989272420985,0.0019771402652568326,0.00976757936350281,0.005338036015787137,-4043.7180641171963
595,6883.6790043674455,0.005453445105519717,,4,SDC3,71.90022579781316,205.29540931584418,-3425.308201852562,-2.150792473178206,0.02310573070029121,PER,3888,7.978280808234594e-06,0.19869850722850438,0.004648685455322266,0.7453300907187534,0.24151676661662672,0.013153142664692032,0.018083644521453612,0.009065357323007691,-3431.4596739157887
596,7745.278635204378,0.006428633153362217,,4,S100A1,71.90022579781316,173.98246924090114,-3856.108017271028,-2.562897063341861,0.038317196474926596,PER,3888,7.425975246188744e-06,0.13362840411578783,0.00468754768371582,0.9967165203487421,0.0030133976112611074,0.00027008204020137965,0.020854187291254878,0.010312074354747564,-3864.347653248081
597,7853.1986826307375,0.006547722288327857,,4,NRXN1,71.90022579781316,170.79762415691107,-3910.068040984208,-3.590480533376972,0.07427349975257248,PER,3888,6.455353592957999e-06,0.11203051783947675,0.004164934158325195,0.8624338395283059,0.1375214101132895,4.475035852651872e-05,0.00043778572393737836,0.000352560905137737,-3923.3496303843217
598,6773.906076971333,0.008202500775366961,,4,CTNNA2,71.90022579781316,136.11368613329614,-3370.421738154506,-2.6101302998322855,0.04989040396394481,PER,3888,1.4139406763473857e-05,0.1574379564495941,0.004272937774658203,0.9968215343017444,0.00246362313884019,0.0007148425596197409,0.029271899085205777,0.013755094455365087,-3378.1747585047588
599,7776.923469715542,0.004617716324838239,,4,NDUFB3,71.90022579781316,242.65415010024455,-3871.93043452661,-3.693104533412868,0.05536876628557497,PER,3888,8.56410184380119e-06,0.296448077513556,0.0041310787200927734,0.566462687197359,0.13268439862630765,0.3008529141759166,0.05364974161797875,0.023203747518380564,-3876.379717435001
600,7887.315491838476,0.00746147131807077,,4,TMA7,71.90022579781316,149.7434956040578,-3927.1264455880773,-5.300839082083163,0.18102972282980107,PER,3888,2.0005368338193848e-05,0.2683720549005796,0.00597071647644043,0.7446383303514204,0.06425606931863376,0.19110560033017548,0.058201271556497125,0.02467563082705137,-3931.9393704135045
601,8176.71694027005,0.013272412055734333,,4,NDUFB4,71.90022579781316,83.6897905751928,-4071.8271698038643,-5.001509621886113,0.2881479679682975,PER,3888,1.6625943997341743e-05,0.07219978928565486,0.004018545150756836,0.783431440125835,0.21656855987422355,1.6265289315053156e-14,1.1510141552428799e-05,1.2595272742556766e-05,-4091.7128951402383
602,8277.08042745652,0.009137593390338893,,4,NDUFC1,71.90022579781316,122.06933804372694,-4122.0089133971,-4.645883567077031,0.17151701050179857,PER,3888,2.6590943969044077e-05,0.23950749318395675,0.003995656967163086,0.7086552576694749,0.2855038513599983,0.005840890970628328,0.013690857743979379,0.007112133892976301,-4128.5410452806755
603,7423.7671385754265,0.007802147007716012,,4,SCRG1,71.90022579781316,143.15588974024112,-3695.3522689565525,-2.4984142323738876,0.04409264213543919,PER,3888,8.561469568238769e-06,0.10518936763436547,0.003983736038208008,0.9933170109715758,0.0066829336356071635,5.5393006965263884e-08,0.001579753217972657,0.0010729776297619927,-3707.8362105073224
604,8628.851912969665,0.007917841490952794,,4,SLC1A3,71.90022579781316,141.047665585397,-4297.894656153672,-3.593565858721897,0.09062101248717629,PER,3888,7.165187294754274e-06,0.0855211523036086,0.00410008430480957,0.9908393863231381,0.009160612325219138,1.3524354864127358e-09,0.0005328205199335301,0.000422615421545814,-4312.233623026505
605,7294.418737758236,0.003795942749833992,,4,KIF3A,71.90022579781316,295.4294044301166,-3630.678068547957,-3.169770480777975,0.03379128432137888,PER,3888,3.912512716694594e-06,0.19973569781598588,0.00400996208190918,0.9756036044955747,0.01293164900560959,0.011464746498815502,0.04058907084610752,0.01827386739391854,-3637.032847069558
606,6713.86785163582,0.0060553247783669195,,4,SYNPO,71.90022579781316,184.7778189245483,-3340.4026254867495,-2.304251575953797,0.029085318006565865,PER,3888,8.747360246417012e-06,0.17713849398624412,0.004670619964599609,0.7032520875517958,0.13091528387656684,0.16583262857138636,0.004586423326459643,0.0027584317947710094,-3349.278909926888
607,5895.805414043255,0.007002904632704868,,4,ACTB,71.90022579781316,159.62276619731557,-2931.3714066904668,-5.8408981001722715,0.204614700384678,PER,3888,6.862409102570623e-06,0.10431231721122185,0.00400233268737793,0.6282837176298415,0.3717162170009803,6.536923128624851e-08,0.0005584290585246565,0.00043851270074421835,-2943.543520145987
608,7546.264453542289,0.009762176356636142,,4,TOMM7,71.90022579781316,114.18733270293717,-3756.6009264399836,-5.59393768775994,0.2630526247183201,PER,3888,1.9254822524309424e-05,0.15234043967005428,0.0040721893310546875,0.9677683990914203,0.03222234192730233,9.258981397774446e-06,0.004165326045889928,0.002540026457640734,-3766.5123929581514
609,8197.955634418286,0.006468105425046399,,4,CYCS,71.90022579781316,172.91385377751732,-4082.4465168779825,-4.283422144504819,0.10359372135017253,PER,3888,1.8356477453646923e-05,0.3263538570910619,0.004641056060791016,0.8045265543460965,0.1163646399338138,0.07910880572050301,0.03753786064242981,0.017029914093581837,-4087.7391204882033
610,7615.599057554257,0.023426497032126015,,4,ATP5MF,71.90022579781316,46.92698473979066,-3791.268228445968,-5.717995041474594,0.6654057574201727,PER,3888,6.65899655559697e-05,0.09675633597858495,0.0051763057708740234,0.9969413080194438,0.0030586919806999896,1.649137357570882e-16,1.0553302093874173e-05,1.1628983023552808e-05,-3813.5701400096145
611,7925.195580923258,0.02081853253934734,,4,BEX5,71.90022579781316,52.9466074761435,-3946.066490130468,-4.461016993316281,0.36279518112166864,PER,3888,5.6257060805975645e-05,0.10241134282354938,0.005205869674682617,0.9999965410348319,3.457598751387005e-06,1.3663611309011604e-09,0.004547911717648567,0.002742247325112773,-3960.404933670595
612,6772.51558442168,0.005356646370465764,,4,TCEAL3,71.90022579781316,209.02559822334376,-3369.726491879679,-2.5281442566499477,0.030694324354955,PER,3888,8.265592530654407e-06,0.21327545197416162,0.004645347595214844,0.8116201776647292,0.010422270492544055,0.17795755184306486,0.09946578902907877,0.03961262946704523,-3374.618123894604
613,7811.304989870384,0.010910744461296898,,4,NDUFA1,71.90022579781316,102.0483921356148,-3889.121194604031,-5.488342897529914,0.2835402635754776,PER,3888,2.7164603214488443e-05,0.1728706091782117,0.004612922668457031,0.9943312971636022,0.0056374703054289646,3.1232531371013876e-05,0.009476449945639565,0.005190934342918544,-3898.4382667520067
614,6801.203619157311,0.00755715570126074,,4,CD99L2,71.90022579781316,147.83327605985804,-3384.0705092474946,-2.471465664103358,0.04145856720284675,PER,3888,1.0089774317790343e-05,0.13200073216744798,0.004259824752807617,0.996316071096952,0.003647620127886751,3.6308775418754805e-05,0.011171859441146292,0.005981022247911121,-3393.313277421095
615,7352.262605800833,0.012129707755274874,,4,UQCRB,71.90022579781316,91.68001052866585,-3659.6000025692556,-5.549116383109511,0.3217854248748031,PER,3888,2.3245338345066843e-05,0.12029363855794553,0.00455784797668457,0.9999952863183489,4.386971497312255e-06,3.267104267999632e-07,0.019776139692417316,0.009830410706487913,-3671.1999840848757
616,8112.17278195965,0.007872879228395338,,4,BAALC,71.90022579781316,141.85962221351807,-4039.555090648664,-4.292435999492842,0.12649552588356805,PER,3888,1.1466118502687565e-05,0.13839745036509826,0.004539012908935547,0.9981312050182647,0.0018155181789523062,5.327680291689512e-05,0.015164967303897048,0.007766948683173905,-4048.6070483720987
617,8222.407092035952,0.010854071910540846,,4,ENHO,71.90022579781316,102.5870968147514,-4094.6722456868156,-4.009233470010926,0.15294235427827654,PER,3888,1.306876544339899e-05,0.08401837440602422,0.004013538360595703,0.9995863560687966,0.00041364392631054687,4.824495314284425e-12,0.000270220966286705,0.0002303473323204778,-4111.833584678019
618,7863.657872100904,0.01570936142572587,,4,GNG3,71.90022579781316,70.53259940207089,-3915.297635719291,-5.8859247671172055,0.4699692973060584,PER,3888,5.081956975596785e-05,0.15911438395783062,0.004040956497192383,0.9585548066655536,0.04144517047057786,2.2863614294819202e-08,0.0007593477905246671,0.0005799101939680231,-3928.2062192229714
619,7779.557719621626,0.012949677971564367,,4,FKBP2,71.90022579781316,85.80357685948778,-3873.2475594796524,-3.1917480721719387,0.11720407596912023,PER,3888,2.155708260368038e-05,0.0982075659968166,0.004598140716552734,0.9472708030385105,0.05272917507997349,2.1881490372756876e-08,0.0007033369021312019,0.0005397508694041101,-3886.1721754748614
620,7114.081449383954,0.004704298988287321,,4,C11orf87,71.90022579781316,238.1673797422838,-3540.5094243608164,-2.8182268082799813,0.03331197958428522,PER,3888,5.859116293780322e-06,0.19548780704052632,0.004002809524536133,0.924899926022976,0.06037419227304713,0.014725881703712074,0.02783324516559116,0.013197125454643388,-3546.712352935056
621,8143.978362789066,0.009002184346288555,,4,ATP5MG,71.90022579781316,123.9224130901924,-4055.457881063372,-5.103058185066135,0.20292146244905965,PER,3888,2.1519273658235085e-05,0.1995895972510555,0.0045757293701171875,0.9999127641912606,3.918816801151298e-05,4.804764027487422e-05,0.044672013452267345,0.01988482023213407,-4064.5623841906445
622,7905.199342819266,0.003592907966483205,,4,ATP5F1C,71.90022579781316,312.1876969342796,-3936.0683710784724,-3.699816280833843,0.0433626024953564,PER,3888,4.404773219758495e-06,0.25078653837212855,0.004128932952880859,0.5607145308695021,0.41008878900267415,0.029196680127520944,0.019523044038092574,0.009714816172065205,-3941.6788377443213
623,8152.717723823521,0.007766280162300232,,4,PSD,71.90022579781316,143.82222234614528,-4059.8275615805996,-3.5025906022694278,0.08420201380649947,PER,3888,8.661512093585739e-06,0.10738780428974784,0.003933906555175781,0.9795618981324682,0.020437233262205933,8.686050768744178e-07,0.0012028582520784425,0.000857652942658426,-4072.2483839815814
624,8327.070040397517,0.004922241976358734,,4,NDRG2,71.90022579781316,227.5721569900471,-4147.003719867598,-3.961539770384358,0.06788737288231327,PER,3888,5.07650701603307e-06,0.15484930440225786,0.004110813140869141,0.6778672003839966,0.3219582402400139,0.00017455937618942563,0.004963075204138523,0.002962349754536309,-4155.268829031589
625,7638.5691916225305,0.007685609637652857,,4,ATP5MPL,71.90022579781316,145.34364042427316,-3802.7532954801045,-5.74804075287103,0.21853193736188117,PER,3888,1.1364057579230202e-05,0.14381997436018598,0.004043102264404297,0.9975170654809721,0.0024747801966743805,8.154322138723908e-06,0.008194033941627099,0.004611361092690575,-3812.7434224774224
626,8117.769997343007,0.004389669589614629,,4,CRIP2,71.90022579781316,255.31870245724696,-4042.353698340343,-3.269579446478906,0.04178423994961851,PER,3888,6.006463578271159e-06,0.22986103026748098,0.00397944450378418,0.5349077044984035,0.43537628940551276,0.029716006095631502,0.01928868728808042,0.0096083124722692,-4047.9317917338376
627,7099.465026872572,0.006037105318061486,,4,MT1X,71.90022579781316,185.3388596416811,-3533.201213105125,-2.0203825449662385,0.022882014038782587,PER,3888,7.604844152911068e-06,0.15492119567958845,0.003951311111450195,0.9985021008844646,0.00010099587351626104,0.0013969032415820102,0.0931299550682324,0.037436283731818835,-3540.620100682452
628,7805.7742159735035,0.01003749952108829,,4,VAMP2,71.90022579781316,111.02435862629959,-3886.355807655591,-6.083645903561726,0.3195124690152759,PER,3888,2.389975201318145e-05,0.17906254742384395,0.004021883010864258,0.9952044612965673,0.0046089825578035796,0.00018655614547484047,0.01661678507590114,0.008428334217195273,-3894.7796815597976
629,6993.5287383485165,0.00688111409546864,,4,LZTS3,71.90022579781316,162.46789309744486,-3480.2330688430975,-2.806965701227914,0.04821105423757512,PER,3888,1.0529787590872642e-05,0.165690846338629,0.004070281982421875,0.9974907487184914,0.002479045542978326,3.0205738595865444e-05,0.01182655474478822,0.006279255112000877,-3489.568440882875
630,7999.332748594229,0.007364908970564949,,4,DSTN,71.90022579781316,151.72156272652984,-3983.135073965954,-5.085775041948692,0.16479945447384853,PER,3888,1.5948631299918693e-05,0.21951024880906833,0.004555225372314453,0.9807665812967159,0.006715241807900225,0.01251817689532475,0.050599301878886616,0.02206611621689118,-3989.4485386827605
631,6815.362542096923,0.005840694953152772,,4,ZNF358,71.90022579781316,191.60927330266196,-3391.1499707173007,-2.3128543689729724,0.028300117888770526,PER,3888,9.40622995239162e-06,0.2045554327031857,0.004547119140625,0.9209805807232775,0.003685660197703655,0.07533375907932689,0.10524892898806881,0.04139271144592027,-3396.5346142183257
632,6721.555659184321,0.008712800775674092,,4,NDUFA7,71.90022579781316,128.07571260856062,-3344.2465292609995,-2.5754366903115122,0.05163056857816241,PER,3888,9.567090776041836e-06,0.09461307993642709,0.004074811935424805,0.9874675977630374,0.012531438484862382,9.637518011619713e-07,0.0014130012866818698,0.0009752676943351996,-3356.618730029287
633,8083.671792398986,0.013004608393461044,,4,TRIR,71.90022579781316,85.43639454608153,-4025.3045958683324,-3.6519730330587508,0.1529578306558989,PER,3888,2.74267053924772e-05,0.12392248315495175,0.004544258117675781,0.9999879803294109,1.0501270027578222e-05,1.5184003057794927e-06,0.023928499469006326,0.011613608105173874,-4036.1364044922884
634,8033.009516012201,0.018271553281510127,,4,FKBP8,71.90022579781316,60.48406525497021,-3999.9734576749397,-5.074869169267518,0.4092857677582032,PER,3888,5.460122652635949e-05,0.1277039829709717,0.004646778106689453,0.971480425289476,0.028517937891050067,1.6368195459348584e-06,0.002676768665664242,0.0016962219182858954,-4010.753257142226
635,8101.260004456789,0.00958429828086849,,4,ATP5PF,71.90022579781316,116.32746449702678,-4034.0987018972337,-5.283335281750236,0.23127004222867031,PER,3888,2.135729684773403e-05,0.1751764570089712,0.004568338394165039,0.5476484055672147,0.45205422211617685,0.000297372316637888,0.005235696795294786,0.003109367671942998,-4041.9907920025453
636,7145.869420334376,0.018676368770235124,,4,RAP1GAP,139.14883543452876,65.1277728782374,-3556.403409836027,-3.069028773105915,0.14154073476515913,PER,3888,0.00010028188878033913,0.2248586200627434,0.003818988800048828,0.4224354580863621,0.2618609650490669,0.3157035768649994,2.0194676308982196e-07,3.3853100195585887e-07,-3583.656908271572
637,7819.703197157306,0.0442969733530469,,4,MTCH1,139.14883543452876,26.742088301309437,-3893.3202982474922,-5.799346057297083,1.1902564177136112,PER,3888,0.0006679756810076853,0.2952506761286733,0.0037260055541992188,0.915846173218697,0.08411012608091266,4.370070061129515e-05,7.128398982203521e-09,1.6765117461537002e-08,-3928.0136132375983
638,6192.433089627507,0.016654794431369576,,4,HSP90AB1,139.14883543452876,73.18349374881518,-3079.6852444825927,-6.667647152082129,0.5757167279718471,PER,3888,4.9134053968518627e-05,0.13739871669662326,0.0037393569946289062,0.9206102946847513,0.07938720280412306,2.5025114690766816e-06,3.598910869317962e-08,7.270527008723156e-08,-3111.2649867748546
639,8183.121802156366,0.01314945336173836,,4,SNX3,139.14883543452876,93.02294776492849,-4075.0296007470224,-4.441909327605524,0.20534190934713062,PER,3888,6.516585888223606e-05,0.2881605097703427,0.0037469863891601562,0.9211697835838644,0.0784971023983541,0.0003331140174223644,0.00015026746268198554,0.00013582318893556837,-4090.629745272201
640,8119.287539407646,0.021359434857208055,,4,PNMA2,139.14883543452876,56.791045834087626,-4043.1124693726624,-4.968806642960882,0.41635296477800404,PER,3888,7.982313531261345e-05,0.1383497946739674,0.0038232803344726562,0.9162868638341025,0.0561324623239169,0.027580673841554774,4.92943508234589e-09,1.2073981360432704e-08,-4078.725858957468
641,7160.96961229976,0.017908611461622814,,4,SLC25A22,139.14883543452876,67.9729939413061,-3563.9535058187193,-3.113321127534955,0.13948581552888623,PER,3888,7.232336081815075e-05,0.1758178329756457,0.003782033920288086,0.6512813712415471,0.2990481916848195,0.04967043707390987,2.8376527794193862e-08,5.935556899831379e-08,-3595.158153738842
642,7977.881966665061,0.013930603148315238,,4,HSBP1,139.14883543452876,87.73724046990183,-3972.4096830013696,-3.2460371759555007,0.11842348210482195,PER,3888,5.1916176495380596e-05,0.2052046309121475,0.003766775131225586,0.7320504952287225,0.2011068879121199,0.06684261685939759,9.157097525580582e-06,1.0209456932465486e-05,-3992.7353472718223
643,8049.646326389972,0.01788177607663912,,4,MAPK1,139.14883543452876,68.0768619185925,-4008.2918628638254,-3.8686356312538175,0.21351185266869524,PER,3888,5.884486467692315e-05,0.14346558341860732,0.0038182735443115234,0.7859387402613912,0.2069773118747159,0.007083947864011777,2.6779883155469975e-07,4.320676152914796e-07,-4035.428016210865
644,8068.481812835268,0.013551621196280646,,4,ACOT7,139.14883543452876,90.22554634638928,-4017.7096060864733,-4.456709062028175,0.2128518968953859,PER,3888,3.512928860282558e-05,0.14649901618157388,0.0038530826568603516,0.9815963658361871,0.018403634163701436,3.746916872565137e-13,1.1244957173195402e-06,1.5363577850923828e-06,-4043.4001964028967
645,6704.6509252793485,0.006587510694140991,,4,CELSR2,139.14883543452876,186.9195354751413,-3335.7941623085135,-2.5526117708033986,0.03499438949858905,PER,3888,1.2830425928558146e-05,0.2200223450961688,0.004399538040161133,0.7688843520892997,0.10438578718118074,0.1267298607297773,0.0026558308213201487,0.0016852129677687338,-3345.8225954624277
646,7027.041927356419,0.00400213024744576,,4,SHISA4,139.14883543452876,308.4704746550671,-3496.989663347049,-2.5873184949791757,0.022030918952990405,PER,3888,1.132365673191125e-05,0.5204937080204072,0.00435185432434082,0.7164768714315406,0.009906788057885675,0.27361634051052447,0.11576993189862617,0.04522942493409888,-3501.6038609436746
647,6600.177373614942,0.006425028955221143,,4,MRPL55,139.14883543452876,191.67786534955616,-3283.55738647631,-2.3949157282293947,0.030209628241115477,PER,3888,3.141067162883139e-05,0.5658523604475441,0.0043027400970458984,0.8697471439701243,0.03308624440259027,0.097166611626869,0.05798034880926117,0.024614956184154612,-3288.786162775752
648,7533.8056275588,0.011856683587234566,,4,GUK1,139.14883543452876,103.30066513843525,-3750.371513448239,-5.258549507212289,0.25695455527803973,PER,3888,5.397828665566459e-05,0.2920195107061763,0.003751516342163086,0.805077185072844,0.19459421334452554,0.00032860158234016836,0.0030508792220163006,0.001920417861576657,-3759.858312486724
649,8080.563004755365,0.007472110692771583,,4,RNF187,139.14883543452876,164.6439711716748,-4023.7502020465217,-4.2139775933511014,0.10549050061774234,PER,3888,2.2818183764211358e-05,0.30524832265451035,0.0038285255432128906,0.8359702185989911,0.1629793655686862,0.001050415831878681,0.003733704764700474,0.002295219857718698,-4032.976674571236
650,6589.794338652421,0.012968684376768897,,4,KCNF1,139.14883543452876,94.33686106916198,-3278.36586899505,-2.578577373706445,0.06989149016085738,PER,3888,3.205930351485129e-05,0.14563611763790654,0.003814220428466797,0.9586689104127514,0.04133077695234846,3.1263471050975983e-07,1.2528990724902656e-06,1.6970761075669135e-06,-3303.4320534944027
651,5088.461822607792,0.015614570092303128,,4,CALM2,139.14883543452876,78.14146624939416,-2527.699610972735,-6.866804321789654,0.5711896404972374,PER,3888,7.07830329015703e-05,0.22423106502282658,0.0037703514099121094,0.6734073224046969,0.32659267491832833,2.676648419252095e-09,0.0002459590844767767,0.0002133423251508322,-2541.5041467916117
652,7973.827454759195,0.007238499771760363,,4,DCTN1,139.14883543452876,169.99759300251395,-3970.3824270484365,-4.439998479943468,0.11310655962537099,PER,3888,2.094997955804778e-05,0.29834957288048963,0.0043489933013916016,0.5248046438630726,0.028575102961311577,0.44662025317542414,0.0048832907502806,0.002918413044645342,-3979.7598332839198
653,6453.771416794666,0.05820448666547539,,4,TBR1,139.14883543452876,20.056103606391414,-3210.3544080661723,-2.7856160783023967,0.37582530738344966,PER,3888,0.0004312061870847911,0.11664575198271135,0.00481724739074707,0.9599188074347363,0.04008116619147668,2.637363729663233e-08,0.0,0.0,-3303.1291732293607
654,6795.399502010831,0.0037537965783872866,,4,OLA1,139.14883543452876,328.95944166716527,-3381.168450674255,-2.858902097015072,0.02495160198856752,PER,3888,8.824074472408489e-06,0.4605649516224389,0.0043680667877197266,0.7930850674178566,0.05165604123929138,0.15525889134253917,0.05838611929991022,0.024731819840300845,-3386.116757295933
655,7426.867411733351,0.0070404670529097164,,4,ABI2,139.14883543452876,174.81411252777133,-3696.902405535515,-3.033824654218055,0.0524115444292554,PER,3888,2.2350676061676908e-05,0.33617906854716395,0.0036919116973876953,0.8882795143839327,0.09146315562285634,0.020257329993200516,0.009088951701092363,0.005013530162902332,-3704.844344603657
656,7639.999298221184,0.055957333260250666,,4,CLDND1,139.14883543452876,20.911299603046874,-3803.4683487794314,-2.0917217824478147,0.21478721941615153,PER,3888,0.0002722169745305596,0.07896847726081084,0.004876852035522461,0.9994043994137249,0.0005909614955963434,4.639090470418614e-06,0.0,0.0,-3892.0708381554605
657,7433.923240949051,0.011900625713124526,,4,CD47,139.14883543452876,102.91465878946708,-3700.430320143365,-2.9750754166537092,0.08510644768682904,PER,3888,5.173936346505605e-05,0.27789409021898,0.003795623779296875,0.950766741399626,0.04867635682316122,0.0005569017773030794,0.004329290692976717,0.0026271807216103316,-3710.0566248745263
658,8269.51880095998,0.009091637191191042,,4,RAB6B,139.14883543452876,135.09454338371654,-4118.22810014883,-4.958845691365542,0.17634292380835206,PER,3888,2.9539433671597988e-05,0.26871044159251606,0.0037584304809570312,0.8528540533723943,0.1045725944413221,0.04257335218587813,0.0021230906897775625,0.001382428197701393,-4128.717405453044
659,8018.537474665399,0.02873787468500704,,4,G3BP2,139.14883543452876,41.8917224579828,-3992.7374370015386,-4.354846314035493,0.4347347131939295,PER,3888,0.00025707125855346417,0.2536229554292847,0.0038192272186279297,0.916558596549297,0.08147736965026653,0.0019640338002873004,1.0133970262948822e-07,1.800978994098902e-07,-4022.2958119349996
660,6999.382655567323,0.008106199070234034,,4,RAP1GDS1,139.14883543452876,151.66812639489416,-3483.160027452501,-2.6857393378406096,0.04752743096658634,PER,3888,3.771157819996068e-05,0.4297719487915363,0.0043561458587646484,0.8204043372806934,0.17886442622819598,0.0007312364906575925,0.008703340709870444,0.00481768913043712,-3490.8043240031666
661,7155.165995234341,0.010192019987512253,,4,HNRNPH1,139.14883543452876,120.37522025662594,-3561.0516972860096,-2.1420252373276534,0.039140523552575905,PER,3888,3.1375676241514314e-05,0.22814548587760794,0.003693819046020508,0.5698578988661595,0.4301419396668564,1.614670773758392e-07,0.0006846171509975463,0.0005279562783905147,-3572.722884304266
662,8446.773420554673,0.025050114166361187,,4,MTURN,139.14883543452876,48.241299029851255,-4206.855409946176,-4.229475250931689,0.35812650473816865,PER,3888,9.083708742135805e-05,0.11619713169838917,0.0042912960052490234,0.7397985343961153,0.2601475967637226,5.38688408152383e-05,7.134737245451106e-12,2.7421015281852e-11,-4254.368042548534
663,8080.156249210317,0.06121386790675418,,4,SEPT7,139.14883543452876,19.009174353733204,-4023.5468242739976,-5.065916050417191,1.2825957503839251,PER,3888,0.0012005919330994512,0.2971179911660558,0.003302335739135742,0.9939407257252291,0.006053958707364603,5.315566976606785e-06,3.209374987989122e-10,9.725378751482187e-10,-4065.640168301616
664,7898.007949773045,0.00759468536117587,,4,MDH2,139.14883543452876,161.96668956440595,-3932.4726745553617,-3.496851545421925,0.07458130214498387,PER,3888,1.461236873605222e-05,0.18931285834845965,0.003725767135620117,0.49834176117468953,0.3877070510416263,0.11395118778410127,0.0002817920845714639,0.00023842989357639814,-3945.7858955464008
665,8158.432070410036,0.0065929029803030335,,4,PTN,139.14883543452876,186.7656416040449,-4062.6847348738575,-2.6861272975430213,0.03938424817472384,PER,3888,5.373546519220719e-05,0.9199955460539598,0.0032541751861572266,0.6173271365511259,0.13077484636104877,0.25189801708765486,0.051096270556006074,0.022262304724862302,-4067.265810743083
666,6727.915460367808,0.00423001105646372,,4,CDK5,139.14883543452876,291.78565786265693,-3347.4264298527432,-2.8420559863390618,0.027736522224922365,PER,3888,1.0072325086228622e-05,0.4148288775371596,0.0043811798095703125,0.7056961450736495,0.06742494575942362,0.22687890916692485,0.06040649547126309,0.025401589563483075,-3352.1267033800914
667,6692.1607044986895,0.009668529906040413,,4,CNKSR2,139.14883543452876,126.95989240988966,-3329.549051918184,-2.6574291810321062,0.055289103230505315,PER,3888,2.8365609605344482e-05,0.22870325204311331,0.004241466522216797,0.9783980934296296,0.020400278462198797,0.001201628107962316,0.003348999500229488,0.002077642257360217,-3340.091091753207
668,7417.2169626957375,0.006053546385874032,,4,HPRT1,139.14883543452876,203.5164528246958,-3692.077181016708,-3.497997763184775,0.059359424752943396,PER,3888,1.9260313665346357e-05,0.39025746945207557,0.004407644271850586,0.8592013215796634,0.1381154510060093,0.0026832274139616877,0.01349202349680989,0.007032025877860222,-3699.094561421966
669,8114.214216020607,0.00977107209553239,,4,CTSB,139.14883543452876,125.61450817513403,-4040.5758076791426,-4.296792348322406,0.14305012466258837,PER,3888,6.216584054212444e-05,0.4909670012429903,0.0038177967071533203,0.794908244840384,0.20147843762716527,0.0036133175325375575,0.013190221163534521,0.006893311058081518,-4047.405496511448
670,7705.968622889629,0.016466422497731024,,4,SARAF,139.14883543452876,74.03487498701611,-3836.4530111136537,-5.834686709788377,0.4385729700957687,PER,3888,5.326881736638015e-05,0.15227126718437015,0.0037856101989746094,0.9310034709233852,0.06258896676009464,0.0064075623169743455,8.398024242683988e-07,1.1815402073040244e-06,-3862.0671713731026
671,7036.0229822678675,0.0045472096646629045,,4,VXN,139.14883543452876,271.34517260097823,-3501.480190802773,-2.6169353812717357,0.025539225303691338,PER,3888,1.0650685618339254e-05,0.3800859491537843,0.004372119903564453,0.6337815011508072,0.16576921828254335,0.2004492805668604,0.04448898423731573,0.01982201336938067,-3506.1886509413494
672,7817.0234927535175,0.014246551639609908,,4,OXR1,139.14883543452876,85.76398634397174,-3891.980446045598,-3.903559419243858,0.17259630374918486,PER,3888,5.8522704677200075e-05,0.22145877592193947,0.003752470016479492,0.9783547972879166,0.021640809838255934,4.392873891912532e-06,0.0008374396723690447,0.0006303830770583429,-3905.0424541913253
673,6525.943072932362,0.0067357268706874085,,4,SYBU,139.14883543452876,182.77919348901003,-3246.4402361350203,-2.5086722607093668,0.034534056613142676,PER,3888,2.0214732585453038e-05,0.3317676461701357,0.003705739974975586,0.5377056299410152,0.1694844061903479,0.29280996386896235,0.006105294761020508,0.0035675393591759344,-3254.536470440883
674,8390.363137236924,0.010389908249058744,,4,LY6E,139.14883543452876,118.05892208294588,-4178.6502682873015,-3.98370063556189,0.13156152728572615,PER,3888,3.885529752264946e-05,0.27209505772533593,0.0037984848022460938,0.6002711867501477,0.1278495773588936,0.2718792358906422,0.0008521463325661394,0.0006363867484337104,-4190.547600962273
675,6981.990893221639,0.017547580173899808,,4,EEF1D,139.14883543452876,69.39700086661244,-3474.464146279659,-1.5487490149506435,0.03753611838270621,PER,3888,7.966284716045427e-05,0.20141315215497013,0.0043354034423828125,0.955224831889141,0.04138490144300379,0.003390266667639716,3.2928758550987425e-06,4.011938717552357e-06,-3497.671521172617
676,6570.519625630656,0.021550009774520887,,4,NELL1,139.14883543452876,56.27785969059494,-3268.7285124841674,-2.9248392531264806,0.14826210948131796,PER,3888,8.438020073394385e-05,0.14378456446415547,0.003797292709350586,0.9714610909127096,0.005112215060896619,0.023426694026026127,5.693616966784276e-08,1.0996044877775765e-07,-3300.8170795341907
677,7525.611164608618,0.024930469454823644,,4,SLC1A2,139.14883543452876,48.478764108323155,-3746.2742819731484,-5.445153070185366,0.5816124856720183,PER,3888,0.00021559674664092633,0.27830554576690214,0.003283977508544922,0.9841196251552166,0.01588030478651771,7.005784511170316e-08,2.7343601885054802e-05,2.797849858368457e-05,-3765.931711315
678,8028.720389615254,0.00680779198022186,,4,C1QTNF4,139.14883543452876,180.83123043191046,-3997.8288944764663,-3.798275904645375,0.07859631983005227,PER,3888,4.150969828411316e-05,0.6671163636712454,0.003185749053955078,0.7095646830565278,0.2767142544682319,0.013721062475100984,0.0176061948975752,0.008844769922460733,-4003.934643014766
679,7643.131205941326,0.0058123777783304405,,4,OTUB1,139.14883543452876,212.0122371369547,-3805.034302639502,-3.52155489348527,0.0578755191794766,PER,3888,1.8880083673826096e-05,0.414543150822394,0.00435948371887207,0.677117513015309,0.18826453665694473,0.1346179503281246,0.016493582606498136,0.008383834755991233,-3811.423776284383
680,8141.614952672412,0.009601312118271253,,4,B4GAT1,139.14883543452876,127.85740302321821,-4054.2761760050453,-4.561598896435066,0.1580002278695088,PER,3888,3.6113166125327366e-05,0.2951786828917813,0.0038204193115234375,0.9937747113511356,0.006102381548397104,0.0001229071005197967,0.000830053264986863,0.0006278221058809728,-4067.995390283117
681,7461.308715667697,0.009617669734434987,,4,OPTN,139.14883543452876,127.63783657518404,-3714.1230575026875,-3.2516120479227784,0.08163837369776351,PER,3888,2.8812133443950993e-05,0.23471758376638982,0.00373077392578125,0.9913976702778449,0.008306289596522316,0.000296040125423397,0.002525525209075119,0.0016177298703117294,-3725.6361174178346
682,8112.3428029937395,0.024708604182441377,,4,PPP3CB,139.14883543452876,48.92519791134274,-4039.640101165709,-4.552394162487426,0.4066496102259047,PER,3888,8.775699789421351e-05,0.11522174850472189,0.003851652145385742,0.9678294011144746,0.03200948500607298,0.00016111387932991178,1.394797610743126e-10,4.425227319014189e-10,-4082.5155698508547
683,7646.929644795037,0.005892339388132188,,4,GSTO1,139.14883543452876,209.11831826301173,-3806.933522066358,-3.0412522126986086,0.04425682495636545,PER,3888,1.759838432672047e-05,0.3761098758440128,0.00440526008605957,0.9037937599048101,0.09106788752401332,0.005138352571215328,0.007145894637155759,0.004094617312750407,-3815.316945985596
684,8155.80329318711,0.008871053151867522,,4,MLF2,139.14883543452876,138.4845708580423,-4061.3703462623944,-4.3686579128910425,0.13424857682532187,PER,3888,2.7043672033401375e-05,0.25815831945687445,0.003766775131225586,0.8297521666443474,0.16909683182533275,0.0011510015305361428,0.001469367438344804,0.0010096076479113349,-4072.2823125634486
685,8288.131176274524,0.008748732284416652,,4,PTMS,139.14883543452876,140.43813040855028,-4127.534287806102,-4.010675377865033,0.11224219619669228,PER,3888,3.287165242493154e-05,0.32246502414644856,0.003830432891845703,0.9877476495839961,0.009649420368012399,0.002602930048066497,0.006680930900508919,0.0038609513983825718,-4137.2053600827585
686,7005.748882540299,0.007780178990253317,,4,CLSTN3,139.14883543452876,158.07555693566533,-3486.3431409389887,-3.110547504547115,0.06045316440481208,PER,3888,3.1081877601751235e-05,0.3840081047541344,0.004411935806274414,0.8461300311583739,0.01968813500265135,0.13418183383903995,0.024440134724246887,0.011837621140656092,-3493.2865940709753
687,7772.2072100363885,0.011760777489027962,,4,LDHB,139.14883543452876,104.15316314043174,-3869.5723046870335,-5.82525037359995,0.3121429670657548,PER,3888,8.104482801214637e-05,0.445452023582527,0.004385709762573242,0.555639938264936,0.4443591397337135,9.220012478914035e-07,0.001085528568935179,0.0007870536194175867,-3880.3597355159486
688,8072.928690910205,0.06290600127761584,,4,NELL2,139.14883543452876,18.46449727504605,-4019.9330451239416,-4.69161687744561,1.1358917626642904,PER,3888,0.0015480677350358067,0.3651918744271782,0.0032744407653808594,0.8977946274573511,0.10219763353814335,7.739004266547117e-06,3.298816775298974e-11,1.1813944374348944e-10,-4065.010604267608
689,8248.558291113797,0.015213785965298236,,4,CD63,139.14883543452876,80.23263745384101,-4107.747845225738,-3.4225741758289,0.14359523353972423,PER,3888,6.563886314248267e-05,0.21867495386571004,0.0037806034088134766,0.9929442080115755,0.007055789428190065,2.560403689112413e-09,0.0006784096222572922,0.0005240240694797861,-4121.768743272854
690,7836.5489286906895,0.016159828148756078,,4,ALDH2,139.14883543452876,75.46302742005957,-3901.743164014184,-2.6591013050986865,0.0939833895310149,PER,3888,0.00011159843088010124,0.33081278712121875,0.0037508010864257812,0.4420275253204309,0.38123036016503287,0.17674211451445945,0.0004269224621451517,0.0003461713399586448,-3914.2276660330936
691,8324.18203802812,0.008112368060726818,,4,WSB2,139.14883543452876,151.55184891779726,-4145.5597186829,-4.31492565039152,0.12005316043290756,PER,3888,4.074971515513458e-05,0.46370123239372807,0.0043849945068359375,0.5968365305234035,0.39768454922498303,0.005478920251502971,0.008502408943771966,0.004756592416096206,-4152.687182802474
692,6743.675275568418,0.014812825915960785,,4,DYNLL1,139.14883543452876,82.43796088777412,-3355.3063374530484,-6.179268940115751,0.44058091373402164,PER,3888,3.41406643404765e-05,0.1197826815044805,0.0038499832153320312,0.8711348125721653,0.12886518742474032,2.807764620555108e-12,9.188619298772238e-08,1.6706580543222252e-07,-3384.799668859554
693,7923.843419576676,0.004478614600417368,,4,SAP18,139.14883543452876,275.52011614358224,-3945.390409457177,-3.347434466208053,0.04067719860789094,PER,3888,1.3202082921786184e-05,0.4855406676657871,0.004319906234741211,0.8398553796639929,0.10580697946751902,0.0543376408688847,0.03457405267626723,0.0158989276544561,-3950.8923046487607
694,8327.781130343334,0.004994410194203322,,4,HMGB1,139.14883543452876,246.93788424499587,-4147.3592648405065,-4.056399964672009,0.06587514601179931,PER,3888,1.7016242509907396e-05,0.5043075673558919,0.004359245300292969,0.4715549111590076,0.07744019759507297,0.4510048912461586,0.06607208458924074,0.027519010001125502,-4151.640532174693
695,8107.251463065561,0.004101195133743204,,4,NEDD8,139.14883543452876,300.9893911197124,-4037.09443120162,-4.8858347862641915,0.07784604749840933,PER,3888,9.490146844917796e-06,0.4155678929653539,0.004425048828125,0.8996195662557445,0.09111716581960227,0.009263267924848195,0.02162220200588172,0.010637704416560968,-4043.5152766962365
696,6598.722361516176,0.008365120602523242,,4,ACTR10,139.14883543452876,146.9352505982328,-3282.829880426927,-2.5516229102724455,0.044258554442276096,PER,3888,2.4825933647350516e-05,0.2659646798770711,0.003770589828491211,0.5621208664781069,0.022562518137651318,0.4153166153846105,0.0013439187838957256,0.0009380193437164866,-3294.7188025703526
697,8121.957781194677,0.029690836086090692,,4,KLC1,139.14883543452876,40.50737646862998,-4044.447590266178,-5.934623525118872,0.8254235236366501,PER,3888,0.0001597815599985236,0.14825180671776014,0.003899097442626953,0.9472891812278978,0.05268403884205492,2.677992966378739e-05,3.1642466424841587e-12,1.2465214046149716e-11,-4094.4763355952164
698,7868.817314058092,0.018574642740405337,,4,SYNGR3,139.14883543452876,65.49124038821358,-3917.8773566978853,-4.04545442896302,0.24162255203396502,PER,3888,8.122682661371789e-05,0.18405593761822422,0.0037889480590820312,0.5277591287905078,0.00992334212872585,0.46231752908104484,4.6775380746488793e-07,6.99746777565425e-07,-3945.256646207577
699,8020.998658391535,0.00540321668084682,,4,MAP1LC3B,139.14883543452876,228.16082413992314,-3993.968028864607,-4.209231205012436,0.07633655278716213,PER,3888,2.2479224359475588e-05,0.570181690008008,0.00435185432434082,0.8515081287490512,0.10510834926940621,0.043383521981263176,0.032435222344168846,0.015047118939216522,-3999.5893820903784
700,6955.527755398439,0.005998964809947549,,4,PRPF8,139.14883543452876,205.3794246741388,-3461.2325773680586,-2.6795881660618557,0.035094267223976745,PER,3888,1.4664126869293637e-05,0.3024913482601279,0.0038077831268310547,0.8634943483711924,0.10688682248423227,0.029618829144137767,0.006978682783266632,0.004013398636693927,-3469.555633193192
701,7825.312069799221,0.012962586570613246,,4,GAS7,139.14883543452876,94.3818217039543,-3896.1247345684496,-3.478136529994921,0.12561537090873306,PER,3888,4.272805180098317e-05,0.1942789333540691,0.003736257553100586,0.6738266043833937,0.24076647634039886,0.0854069192764448,5.2497811678153816e-05,5.148785754930212e-05,-3912.9950152304255
702,8739.156726525278,0.10352435171021021,,4,CNP,139.14883543452876,10.73352539208766,-4353.047062931479,-2.4558503177506066,0.5735978804565117,PER,3888,0.0007632180021712703,0.07774664850205082,0.004258871078491211,0.7641044565843532,0.2358955434161926,1.4548424514943708e-21,0.0,0.0,-4492.701131890394
703,7064.493269414878,0.019202330664886483,,4,ENTPD6,139.14883543452876,63.30993852186691,-3515.7153343762784,-2.8188368005228615,0.12357615361987612,PER,3888,8.24559728406652e-05,0.17527492111603282,0.003821849822998047,0.9711264282106823,0.011100009084476602,0.01777356270442057,1.8754229151873858e-06,2.409140108442294e-06,-3540.669704356257
704,8185.563421303498,0.005545541731467851,,4,PPDPF,139.14883543452876,222.27331769280966,-4076.2504103205883,-4.357390950793097,0.08387626037276348,PER,3888,1.3529632835160738e-05,0.32598010357203533,0.004363536834716797,0.9148898546656004,0.039444820579451326,0.04566532475539782,0.006932192524333747,0.003991518229048332,-4085.112815576603
705,8262.27441290184,0.020058311573209052,,4,TUBB4A,139.14883543452876,60.55531550578469,-4114.605906119759,-5.178434741084449,0.4240020624599409,PER,3888,7.441346083997406e-05,0.14547442651244624,0.0038290023803710938,0.9742049987430278,0.025795001255980027,1.9498356976037997e-13,6.408029995519371e-09,1.5364312532761914e-08,-4150.12830546779
706,7913.5537146860015,0.004128411951839502,,4,GADD45GIP1,139.14883543452876,298.99692795478364,-3940.24555701184,-3.624323920792784,0.04374230058834084,PER,3888,1.2898539175437998e-05,0.5574597107988877,0.004403591156005859,0.4056258402013714,0.3824435686454872,0.21193059115320903,0.031032344422811997,0.01449588492621473,-3944.926154512003
707,6859.793741355575,0.00941315782570614,,4,SSBP4,139.14883543452876,130.43784806044536,-3413.3655703466266,-2.5188305942187723,0.048727989510965804,PER,3888,3.2246487904342175e-05,0.2740027816076266,0.003772258758544922,0.9705656809109949,0.029376429434610888,5.788965463066204e-05,0.0035400498002106096,0.0021846972420003765,-3423.6202714125675
708,7871.772714021413,0.004151101391029889,,4,TBCB,139.14883543452876,297.35587043165566,-3919.3550566795457,-3.467709572175994,0.04037094274054377,PER,3888,1.1878005708823304e-05,0.5078047774842018,0.0043828487396240234,0.594871657388989,0.06541836328013514,0.3397099793307563,0.06889116672932905,0.028542272886025902,-3923.768072288928
709,8169.1984904799365,0.016253096249814813,,4,PPP2R1A,139.14883543452876,75.02287134537421,-4068.0679449088075,-5.201017031765343,0.34580378834606956,PER,3888,4.599398611185324e-05,0.1348318668571109,0.004210233688354492,0.9516941585850969,0.048286283556455305,1.9557858703588934e-05,1.9067697210051193e-07,3.21922160689176e-07,-4096.683884477216
710,7504.04707881107,0.02092281161080923,,4,PEG3,139.14883543452876,58.002043936710805,-3735.492239074374,-3.4789266600485425,0.20280493907857822,PER,3888,6.043473073638635e-05,0.10896887925652497,0.0037174224853515625,0.9935999332394978,0.004421697629098768,0.001978369131126636,4.757521487874783e-09,1.1774922292693419e-08,-3772.4858082856977
711,7070.875315842984,0.01491987536686459,,4,SYNJ1,139.14883543452876,81.83757878108823,-3518.906357590331,-3.0842867059067167,0.11391844728591237,PER,3888,5.508078859631362e-05,0.19057174099653237,0.0036995410919189453,0.7547615673306051,0.24446286886404756,0.0007755638051995479,1.9367892360899752e-05,2.034606874276338e-05,-3537.720489251604
712,6619.116064424682,0.010427655071478813,,4,BRWD1,139.14883543452876,117.62707654245652,-3293.0267318811802,-2.3433848376790705,0.046915525402222796,PER,3888,4.3527051701931085e-05,0.30265467888011655,0.0038700103759765625,0.8960492917410225,0.03135136712514838,0.07259934113340961,0.005474117941398182,0.003234706056280744,-3302.4188484670835
713,7122.767990554549,0.010185896536549655,,4,HMGN2,139.14883543452876,120.44833132456614,-3544.852694946114,-1.867996224862772,0.03044849669927734,PER,3888,2.127817046404483e-05,0.15490452696428014,0.0037543773651123047,0.9438761580258124,0.04958477836782892,0.006539063606398901,5.305464952032324e-05,5.1926252118517e-05,-3562.6615624230903
714,7772.8403285114555,0.008442626564767962,,4,ADGRB2,139.14883543452876,145.57495987463727,-3869.888863924567,-3.529336464147795,0.08423636836075364,PER,3888,1.8553109300571523e-05,0.1951926549417487,0.0037686824798583984,0.9459037418561813,0.05066825688360967,0.003428001259940079,0.0009906889791899687,0.0007250443112612278,-3882.1971720282745
715,7063.293736070959,0.04196939445687911,,4,PTP4A2,139.14883543452876,28.293918020413606,-3515.115567704319,-2.183307133531351,0.169888361732712,PER,3888,0.0005606541444024702,0.2735109752188257,0.003275632858276367,0.7905225451007709,0.045921901897277566,0.16355555300205296,4.6318679747248126e-07,6.951143858172879e-07,-3541.949785942861
716,7653.100812202504,0.03517665801731755,,4,KIFAP3,139.14883543452876,33.996924893251375,-3810.0191057700913,-3.5966874179789823,0.3679140377152245,PER,3888,0.0004359856172196251,0.2946362238381102,0.003176450729370117,0.9931065957116553,0.006788959332226614,0.00010444495618639894,6.755967020710685e-06,7.695734612857736e-06,-3832.7729949857808
717,6628.370492655927,0.004787363107965901,,4,ARL8A,139.14883543452876,257.67122597152013,-3297.6539459968026,-2.406083530479467,0.022791053326927286,PER,3888,1.2305193496134065e-05,0.39657270199292965,0.0043392181396484375,0.5330142927798239,0.02096218257411628,0.4460235246456872,0.03617874068764315,0.016540306978700934,-3303.660519957617
718,6687.74306453185,0.014476188534058283,,4,KCNK1,139.14883543452876,84.38384333987644,-3327.3402319347642,-2.768618700318991,0.08947965542698061,PER,3888,3.632129012594063e-05,0.13324484849317542,0.0038046836853027344,0.9408564199325443,0.05904352385754057,0.00010005621013225836,3.4118673398753074e-06,4.135596775606434e-06,-3350.2942634555257
719,7989.002038721083,0.018105931888064378,,4,NCKAP1,139.14883543452876,67.21870861447728,-3977.969719029381,-3.991421812500528,0.22960577330311124,PER,3888,6.263824881522768e-05,0.14909277557191042,0.003758668899536133,0.9873951175744279,0.012570361183896867,3.452124154325742e-05,7.747905932387056e-07,1.1098928608378152e-06,-4004.5711181194547
720,8160.444022020228,0.01123669345332291,,4,TUBA4A,139.14883543452876,109.06872057568314,-4063.690710678953,-4.814211987868946,0.20536676059503112,PER,3888,2.269227146774185e-05,0.13633611665771903,0.004364728927612305,0.9233073385035188,0.031159866653350455,0.04553279484292056,3.6406358210339107e-06,4.401605735730373e-06,-4086.830445943416
721,5847.419033748339,0.04133569104812459,,4,MTRNR2L12,139.14883543452876,28.74668479361223,-2907.1782165430086,-6.064229153104573,1.2038272564585095,PER,3888,0.00012772527582334404,0.06407254072465728,0.005033016204833984,0.787103586227967,0.2128964137724599,3.812986395044333e-24,0.0,0.0,-2981.9398317829123
722,7768.604930806546,0.005610029260998274,,4,C4orf48,139.14883543452876,219.70402816888077,-3867.771165072112,-5.296959925090636,0.12411855563107899,PER,3888,7.194666632575447e-06,0.16942971814290572,0.004416465759277344,0.930765954327019,0.06923003125036495,4.014423016624951e-06,0.00028246513471319457,0.00023842989357639814,-3882.2536839049826
723,7692.313518024585,0.0074098839679455795,,4,HMGCS1,139.14883543452876,166.0370274107519,-3829.625458681132,-3.6806073614169774,0.08020774171829706,PER,3888,2.5221016383408605e-05,0.3429941785623029,0.0038323402404785156,0.6809486647923146,0.008717501097378474,0.3103338341105915,0.02643795420082984,0.01262418382408771,-3836.731681344715
724,7726.204852806245,0.0171680109346934,,4,CAP2,139.14883543452876,70.95871019133322,-3846.5711260719618,-3.921419495576318,0.2098682885681608,PER,3888,4.301092634417199e-05,0.11343064875060452,0.0038721561431884766,0.9752034648830826,0.02281823248403465,0.001978302632904026,6.674437269538203e-08,1.2570472220789084e-07,-3877.6056631326096
725,8152.491409342038,0.007418917090084706,,4,PCMT1,139.14883543452876,165.8333549230214,-4059.7144043398584,-4.671137294287968,0.1281196138579536,PER,3888,1.6600710092701653e-05,0.22522097974985733,0.0037560462951660156,0.8865887361331056,0.10682779276705419,0.006583471099949447,0.0015940389885508166,0.0010795783720323321,-4070.7391054040613
726,7033.203204925922,0.010302406880106788,,4,AMPH,139.14883543452876,119.07215863411854,-3500.0703021318004,-2.962145891643776,0.07277015845612655,PER,3888,3.3475126289685056e-05,0.2383317582406244,0.003720998764038086,0.8165759715620474,0.030980230739121994,0.1524437976992636,0.0002531755317889406,0.00021895604389884262,-3515.0946596567596
727,7249.035131763417,0.01534168534851523,,4,DYNC1I1,139.14883543452876,79.55342680331468,-3607.9862655505476,-3.2923539657532266,0.13307522719792825,PER,3888,4.822432560458447e-05,0.15807403138286466,0.003889799118041992,0.9788189414861175,0.021179557792902086,1.5007209914686924e-06,8.448516937153983e-07,1.1851170238252148e-06,-3634.155698031862
728,7887.1243685136915,0.009726699479622522,,4,DNAJB6,139.14883543452876,126.19320850178813,-3927.030883925685,-3.8525654761763786,0.11499589838632836,PER,3888,3.160132270206943e-05,0.25181387286703033,0.0039653778076171875,0.9362611938124762,0.010366301983407029,0.05337250420376008,0.002113581982139623,0.0013781349601411962,-3938.7307355707344
729,7808.398162569622,0.008653200284497065,,4,PPP2CB,139.14883543452876,142.00226239428446,-3887.6677809536504,-3.3754551991363027,0.0792442596328292,PER,3888,2.1531859598458644e-05,0.2158280655414325,0.0037889480590820312,0.9820053168104615,0.015251887222718074,0.002742795967204105,0.0005487768439141893,0.00043309145368853913,-3901.6923922719297
730,7282.244605159308,0.005796115532741756,,4,RRAGA,139.14883543452876,212.61056063419215,-3624.591002248493,-3.085279689933426,0.044580504770640426,PER,3888,1.2299215175678979e-05,0.27154858983880126,0.005545854568481445,0.5556150405718928,0.024092306428239132,0.42029265299950996,0.008697511516903678,0.00481768913043712,-3633.044003305119
731,6732.3428296929205,0.008298843701716964,,4,CHMP5,139.14883543452876,148.11861584495645,-3349.6401145152995,-2.6591493513380255,0.04758002648274171,PER,3888,1.9701294056284344e-05,0.21438943622021966,0.003838062286376953,0.9913227452117427,0.008161205101639507,0.0005160496868038494,0.001972818671437615,0.0013080016691923498,-3361.614594185616
732,6734.253858609013,0.007988749847527588,,4,UBQLN1,139.14883543452876,153.91614794624343,-3350.595628973346,-2.8254250350119485,0.05145022145777221,PER,3888,1.9425580764758592e-05,0.2278260223816575,0.003829479217529297,0.5605551820760473,0.09523298407167807,0.3442118338518876,0.0008002140257433732,0.0006071958169948257,-3362.7226659956586
733,7401.659921283419,0.09868491345793667,,4,TUBA1A,139.14883543452876,11.320674059330035,-3684.2986603105487,-5.566739380688085,2.5812114441577076,PER,3888,0.0009753623680773488,0.10734728800949649,0.0049893856048583984,0.9997449508507409,0.00025504914886813345,9.614972378419667e-18,0.0,0.0,-3810.020037240726
734,6669.954613046561,0.07911613244896043,,4,KCNMB4,139.14883543452876,14.427338670760967,-3318.4460061921195,-2.642506436329748,0.4728899774750301,PER,3888,0.0017651832112211634,0.280398978621836,0.0032854080200195312,0.9865483702334162,0.012336372593555942,0.001115257173247471,1.6788184176164123e-09,4.6140886742100125e-09,-3356.9516628418396
735,7601.485410189039,0.03352829116285494,,4,RNASE1,139.14883543452876,35.72926949783757,-3784.2114047633586,-1.93331561260503,0.10925977003165215,PER,3888,0.00013920114998465538,0.1028637901953862,0.004259586334228516,0.9731341813708557,0.026655549662163068,0.00021026896733283487,2.781108676686017e-13,1.2286971213905937e-12,-3839.3674822190287
736,7279.807366554837,0.0039189251500000785,,4,HAGH,139.14883543452876,315.0461165992521,-3623.372382946258,-2.7729602809197265,0.024695168482683987,PER,3888,9.943162587997757e-06,0.4764877352445225,0.0032477378845214844,0.9796805947020781,0.01749326855546038,0.0028261367426271737,0.024706493544784935,0.011954384147472007,-3630.4294298589975
737,7519.597065436775,0.00840261180964775,,4,COA3,139.14883543452876,146.27411684860152,-3743.2672323872266,-3.040375158991006,0.06278767308544883,PER,3888,2.0703283484091654e-05,0.21985721559661078,0.0039293766021728516,0.9882622335410594,0.011736656004628084,1.1104541800182479e-06,0.0012621833533358329,0.0008945554637244558,-3755.8808754295464
738,7774.683294566709,0.017571589680134756,,4,MAPRE2,139.14883543452876,69.30048441416915,-3870.810346952194,-3.577781132611161,0.17992908315847325,PER,3888,7.174703675982193e-05,0.18092184834719782,0.003796100616455078,0.9301650919994873,0.0026813758326457234,0.06715353216801964,7.689643803776569e-05,7.32883940242635e-05,-3889.3679697130933
739,7742.81397193252,0.011414618101834376,,4,NDRG3,139.14883543452876,107.34929806521684,-3854.875685635099,-3.528385469870152,0.11364416719004142,PER,3888,3.8922650001793395e-05,0.22678171947974343,0.0037755966186523438,0.9925364000558822,0.007461062740425299,2.5372037524571946e-06,0.000283960832868968,0.00023842989357639814,-3870.494304117281
740,7854.148708205507,0.04850475621450717,,4,NNAT,139.14883543452876,24.31468828051463,-3910.543053771593,-3.5059263383145387,0.4896034663425976,PER,3888,0.0007723090675234704,0.28951410903522534,0.0032536983489990234,0.8301963455084799,0.14922972071079738,0.020573933780495494,2.1368344205185963e-08,4.5707688139435217e-08,-3942.7672047242468
741,7643.965680172417,0.007132052247975769,,4,SPINT2,139.14883543452876,172.55334608168675,-3805.4515397550476,-3.260996648483499,0.06111323779558796,PER,3888,2.831538899421736e-05,0.41518446731989866,0.003889799118041992,0.9308975461672577,0.016441140109390143,0.05266131372339159,0.025191210609799453,0.012151604375784523,-3812.4804147195746
742,8183.723908306515,0.024187223742414297,,4,PI4KA,139.14883543452876,50.00654946992149,-4075.330653822097,-5.6396346411911615,0.6058963727637782,PER,3888,8.016694839822735e-05,0.10961051076681817,0.003863096237182617,0.5322996526472793,0.46734102178160064,0.00035932557113875984,2.417444022739801e-11,8.928060311254947e-11,-4119.995302019949
743,7741.971388415509,0.022251591062525725,,4,SCOC,269.2953768633989,27.729573047106868,-3854.4543938765937,-3.644803358943835,0.0922961723583951,PER,3888,0.0001860222781570509,0.2981611214698769,0.0038480758666992188,0.8697337956224958,0.12318746766299482,0.007078736714753692,2.8458763510208485e-06,3.5034462654612723e-06,-3877.3493956754473
744,7881.800358335366,0.09482725905097115,,4,GRIA2,269.2953768633989,6.023867408075058,-3924.368878836522,-3.163586830363378,0.31422205038037754,PER,3888,0.0023936301056350505,0.2811427608741943,0.003231525421142578,0.9496925595034219,0.050307438952374585,1.5446537909049982e-09,3.883241284086125e-09,9.816652735657681e-09,-3960.519271626595
745,7940.2523905492135,0.01811861399986941,,4,ACO2,269.2953768633989,34.1988253195509,-3953.594894943446,-4.0799636498218375,0.09327202814863092,PER,3888,0.00011775408848718795,0.27990286097578015,0.003829479217529297,0.8897492401242495,0.10720437543690568,0.0030463844391498394,1.255286355983376e-05,1.364156541507535e-05,-3973.730303672304
746,8127.604917301539,0.017151877210350188,,4,RTL8C,269.2953768633989,36.1619539150584,-4047.2711583196087,-5.285168843155149,0.1411948309772996,PER,3888,0.0001369871924586455,0.36192579483538345,0.003799915313720703,0.9308393143523171,0.06916025153947754,4.341086569118759e-07,0.0014649326194874357,0.0010080256214548982,-4058.693198232567
747,7943.696128759938,0.023167822631385525,,4,SH3GL2,269.2953768633989,26.60797796441431,-3955.316764048808,-4.555274678160952,0.14157663291604677,PER,3888,0.0001665857602982747,0.2472268681561498,0.003756999969482422,0.61565692496318,0.3790986465811322,0.005244428455436374,2.6101715344672982e-08,5.5084788876744936e-08,-3986.536858914133
748,9014.454040360582,0.12559151012844405,,4,CRYAB,269.2953768633989,4.39370827370823,-4490.695719849131,-3.2318745619402343,0.4757914406773943,PER,3888,0.004214745984123824,0.31701180300066106,0.003221273422241211,0.8125351960690378,0.18746477292929434,3.10008612441026e-08,0.0,0.0,-4637.731102754316
749,8329.397327390798,0.08596882072776695,,4,NPTN,269.2953768633989,6.709608435149845,-4148.167363364239,-5.33659074026283,0.6924911973976272,PER,3888,0.0020465945293075914,0.2827104649613727,0.003192901611328125,0.6131561832137852,0.3868437529254726,6.386065237850604e-08,1.42435690575482e-06,1.8913830209205986e-06,-4171.6451599364955
750,7617.161222461394,0.007833069102814269,,4,LSM4,269.2953768633989,79.93370157109891,-3792.049310899536,-3.119012093698005,0.028282521556820556,PER,3888,4.037946627470814e-05,0.4922707035484468,0.004508256912231445,0.4347673397185475,0.38474463140343973,0.1804880288780755,0.004188502898494373,0.002548287711731688,-3800.3106587060784
751,8149.67576500148,0.01597870612508231,,4,FIS1,269.2953768633989,38.863331033863936,-4058.306582169579,-3.9758889847679026,0.08031056137484148,PER,3888,9.563489757032747e-05,0.28973994451397006,0.003797292709350586,0.9906669233899018,0.009333008650338634,6.795961583320058e-08,0.001525162598688734,0.0010433950155481408,-4070.686958455578
752,7600.468946113438,0.02297129458575015,,4,PABPC1,269.2953768633989,26.841018236791356,-3783.703172725558,-2.179433072654554,0.043567737936457844,PER,3888,0.0003051032880640725,0.4602108083481222,0.0038285255432128906,0.813686611128113,0.18622260023781287,9.078863433353337e-05,7.1913596043637895e-06,8.113488813775593e-06,-3804.582136441949
753,7905.673089084394,0.03017388662241857,,4,HSPH1,269.2953768633989,20.283353251432125,-3936.305244211036,-3.825703880116323,0.13421917702306493,PER,3888,0.00035438949064283803,0.31899537008494394,0.003681182861328125,0.8057685460457463,0.05284604761695715,0.14138540633735905,1.469487212690801e-06,1.9368161819136622e-06,-3960.8549601031787
754,6143.635082309421,0.01227246378541955,,4,UBB,269.2953768633989,50.790505698639045,-3055.2862408235496,-6.538102209092248,0.1524792416894688,PER,3888,6.080049850736114e-05,0.30754332787590877,0.0038111209869384766,0.8702458281197785,0.052936786467993484,0.07681738541265477,7.967856690260788e-05,7.548343011360193e-05,-3072.2519831539685
755,6702.7850160907265,0.011371945630742543,,4,RPL36,269.2953768633989,54.86246167157392,-3334.8612077142025,-4.983396151322587,0.08598054068113205,PER,3888,6.883032687494915e-05,0.4039823021671909,0.0038318634033203125,0.811342132940195,0.03370254358952279,0.154955323470551,0.0014958797806293722,0.0010248451724997017,-3346.5354497342705
756,8195.874469743048,0.02032292055425173,,4,SH3BGRL3,269.2953768633989,30.421033389774415,-4081.405934540364,-4.262135986765025,0.11267639135345787,PER,3888,0.00017189804890792385,0.32771151162214657,0.003269195556640625,0.8798353092128983,0.04344857866904292,0.07671611211879352,3.3144353928094006e-09,8.423784967062015e-09,-4117.899774361266
757,7621.855186222937,0.013965974480042836,,4,TMEM9,269.2953768633989,44.555137911053365,-3794.3962927803077,-3.2353249956245222,0.04940385473271895,PER,3888,7.92315612467954e-05,0.31163278649010223,0.0038313865661621094,0.7450263252385768,0.011245969844595933,0.24372770491672388,0.0003624585563153371,0.00029795530505679203,-3809.209419752721
758,5977.913429305659,0.022026110207781554,,4,PPIA,269.2953768633989,28.019900383340755,-2972.4254143216685,-6.4402373080985615,0.2478507111011184,PER,3888,0.00019395845722118348,0.316987677677204,0.0037407875061035156,0.9366643859472059,0.06333529187356379,3.221791450823667e-07,9.190596681363239e-06,1.0222695773922748e-05,-2993.4450354668706
759,7867.401709205522,0.03199167052639385,,4,ATP6AP1,269.2953768633989,19.094984520927255,-3917.1695542716,-3.734457158111285,0.13611801255877484,PER,3888,0.00028186389600001413,0.22736238693954966,0.0037038326263427734,0.5112179585550333,0.01240567158680678,0.476376369858014,6.216864800734356e-10,1.8253922622144921e-09,-3957.281022135313
760,8265.841533521509,0.02154024495291957,,4,TUBB4B,269.2953768633989,28.666156299891306,-4116.389466429594,-4.6416357969224205,0.1381884150143818,PER,3888,0.0001200825739380067,0.20479911773121118,0.0038940906524658203,0.9858467584125282,0.0140494455872769,0.00010379600045638633,1.0597251076660541e-08,2.4093762086462404e-08,-4151.243415715238
761,8034.52210505338,0.060850810803791816,,4,YWHAB,269.2953768633989,9.739694916150569,-4000.7297521955293,-6.155589540391672,0.6235210517713442,PER,3888,0.0012371465494031193,0.3093874193449936,0.0032172203063964844,0.9792551410032511,0.0032510867713555535,0.017493772225291183,1.0077611967140854e-08,2.3238839126001083e-08,-4036.4098778917814
762,8147.658913095736,0.2295872434435889,4.67603925810954,4,CTNNB1,0.7071067811865476,3.3551242540505033,-4057.2981562167074,-3.4657261147223433,2.5327537191531007,SE,3888,0.001427009122326954,0.04693507766258694,0.006673097610473633,0.004598144163821161,0.7442468828719344,0.25115497296387945,0.030586191255738027,0.01432240577242676,-4061.974195474817
763,7170.705286261687,0.2517608064416419,4.795320151339183,4,FGF12,0.7071067811865476,2.97156496381419,-3568.821342799683,-2.8973674876752353,1.9291101976212652,SE,3888,0.0012174864700393055,0.036047415073707095,0.00560450553894043,0.006050321877387635,0.7852099345454944,0.20873974357753824,0.028537152544552136,0.013463363566654972,-3573.616662951022
764,7671.480192015119,0.16696283118464592,5.7217169573241335,4,C9orf16,0.7071067811865476,4.988586141395472,-3819.208795676399,-5.25180863042382,4.256118914312773,SE,3888,0.014727597946501678,0.7303695384018825,0.00344085693359375,0.0006595704935371172,0.9593516080529115,0.03998882145386392,0.016756336989494525,0.008490008023518614,-3824.930512633723
765,8195.129318655208,0.2920093253426552,7.098146807549256,4,SRP14,0.7071067811865476,2.4241735783265193,-4081.0333589964434,-4.773533816720374,5.803196051382115,SE,3888,0.0009062787070323809,0.02302204394930975,0.004648685455322266,0.0011482013504685866,0.9962047742549252,0.0026470243954053443,0.007716369355937336,0.00440016675631913,-4088.1315058039927
766,6560.883199402197,0.25962640029936074,4.8754049416911585,4,TXNL1,0.7071067811865476,2.851247839954679,-3263.9102993699375,-2.3824758532494137,1.357003874225969,SE,3888,0.001262916979268713,0.03616155755842715,0.0071752071380615234,0.06856822905139476,0.7594256787503311,0.1720060921986401,0.027242048411022624,0.012968841136804691,-3268.7857043116287
767,7502.053587180126,0.24999838019299364,4.556768046797515,4,EPB41L1,0.7071067811865476,2.999562417408587,-3734.495493258902,-2.899160768264192,1.927720810901994,SE,3888,0.0013023721647785408,0.038861132344894106,0.005755901336669922,0.0005793405981056549,0.6996913135140767,0.2997293458877331,0.032788893456471624,0.015181394886800146,-3739.0522613056996
768,7518.0081848749505,0.26910910768234825,5.140954250217419,4,PDCD5,0.7071067811865476,2.715545293223471,-3742.4727921063145,-3.2027754933950234,2.4855210019267493,SE,3888,0.001263715564819391,0.03483695471942558,0.006666898727416992,8.57662986027116e-05,0.8824046508446545,0.11750958285649678,0.02336780034609498,0.011386706506789695,-3747.613746356532
769,8151.201966105305,0.36931998855371484,582.7056576196392,4,IGKC,2.648400404996888,1.6989340604849732,-4059.0696827214915,-1.1781391025892167,0.28568673817971074,SE,3888,3.138110335777094e-06,6.575311876312759e-05,0.0049762725830078125,0.0,1.0,0.0,0.0,0.0,-4641.775340341131
770,6403.083536200169,0.31346167597607655,486.3680140616607,4,HBB,2.648400404996888,2.178966754297114,-3185.0104677689237,-0.7417028842431992,0.13833674991206174,SE,3888,2.938460998614765e-06,6.992754523750166e-05,0.004710197448730469,4.13113784526507e-309,1.0,0.0,0.0,0.0,-3671.3784818305844
771,7558.848615065055,0.18003583914557267,345.04096500026435,4,MUC1,5.125461401970447,4.468114193815414,-3762.893007201367,-0.6040945283880167,0.08926638153319222,SE,3888,1.1047017533803007e-05,0.0004941800176384699,0.005220890045166016,1.991709422398461e-86,1.0,2.52073079880614e-134,0.0,0.0,-4107.933972201631
772,6958.81805717705,0.14415671904321978,203.0807479087748,4,CCK,5.125461401970447,5.824353378789142,-3462.877728257364,-6.768556990297774,0.6637782593245067,SE,3888,9.491945237288689e-06,0.0005806347486984783,0.005041360855102539,1.2795325703408227e-125,1.0,3.155861520880368e-146,0.0,0.0,-3665.958476166139
773,7324.318855822312,0.08545307290454676,110.74963102226047,4,CD74,5.125461401970447,10.499452931949923,-3645.628127579995,-1.4663398804482546,0.0612795955989403,SE,3888,7.797607903116609e-06,0.0010880191321694507,0.0050928592681884766,1.781295765894394e-36,1.0,2.6423375151343873e-48,0.0,0.0,-3756.3777586022557
774,7437.912459665336,0.05837437383703298,63.8760341240677,4,HLA-A,5.125461401970447,15.825024642133114,-3702.4249295015074,-1.5685637517204591,0.05225565316961564,SE,3888,6.276659804926903e-06,0.0016891620320676262,0.013715028762817383,5.070405920688437e-25,1.0,1.71933616310447e-27,1.3322676295501878e-15,7.58794268747095e-15,-3766.300963625575
775,7398.379466420827,0.06760378556947746,81.41489342587602,4,FAM3C,5.125461401970447,13.530624658690163,-3682.658432879253,-3.5181559545063417,0.17416047528437315,SE,3888,5.912000407989675e-06,0.0012299493222204323,0.015452384948730469,4.133000141859093e-38,1.0,1.1994689615962844e-49,0.0,0.0,-3764.073326305129
776,5829.439479945057,2.022081807253808e-09,52.20497978282992,4,TMSB4X,5.125461401970447,485165195.4097903,-2898.188439641368,-5.6604339959071766,6.659091434654206e-08,SE,3888,4.6156358735571685e-08,8173529836.632592,0.027586936950683594,4.095453992329078e-25,1.0,1.1589752424698377e-32,5.000444502911705e-13,2.11057722525494e-12,-2950.393419424198
777,8308.691480305999,0.08232033048457209,109.0343925798461,4,NEFM,5.125461401970447,10.936349123246243,-4137.814439821839,-4.863966298609123,0.333140232713558,SE,3888,6.696867279311508e-06,0.000994827051752376,0.004711627960205078,4.06369032254263e-26,1.0,7.124051917757449e-87,0.0,0.0,-4246.848832401685
778,6176.131311672402,0.1690660128118121,278.70173009247355,4,COX6C,5.125461401970447,4.821682098766817,-3071.5343555050404,-5.6162004277750155,0.480830675293247,SE,3888,1.0311147180119199e-05,0.0005025556987088101,0.005295753479003906,6.681813630519294e-127,1.0,2.9655057909855494e-198,0.0,0.0,-3350.236085597514
779,4305.157760003607,0.17647224403017941,300.0247671672273,4,MTRNR2L8,5.125461401970447,4.578151852265246,-2136.047579670643,-6.742088655815638,0.6522361436232436,SE,3888,9.951659962823098e-06,0.0004573698947549314,0.005261421203613281,1.7761557217951055e-90,1.0,8.977522963254277e-170,0.0,0.0,-2436.07234683787
780,6174.913922327668,0.3168060024816915,725.9784473684758,4,SAA1,5.125461401970447,2.1156265146464834,-3070.925660832673,-1.0395105758537486,0.13617727718947864,SE,3888,1.1598984183261548e-05,0.0002734745514343696,0.0046520233154296875,3.5132134911807915e-230,1.0,0.0,0.0,0.0,-3796.904108201149
781,8067.704388779386,0.4770031323112564,1150.500119436008,4,SCGB1D2,5.125461401970447,1.0756382010345629,-4017.3208940585323,0.589910769733254,0.37792381120594976,SE,3888,1.2933083780788806e-05,0.00024305513410794068,0.0035037994384765625,0.0,1.0,0.0,0.0,0.0,-5167.82101349454
782,8784.134044453356,0.7192526886419502,2056.9997928113435,4,SCGB2A2,5.125461401970447,0.38293271649814087,-4375.535721895518,1.4556859198979397,1.2097673714997994,SE,3888,8.395500482830101e-06,0.00022165017476207606,0.004683017730712891,0.0,1.0,0.0,0.0,0.0,-6432.535514706861
783,7269.9012211627105,0.06234696490699901,72.24975835345549,4,ADIRF,5.125461401970447,14.754184430667248,-3618.4193102501945,-1.5353363501250892,0.05205627483386933,SE,3888,6.1068474497783955e-06,0.0014633561342295666,0.015898704528808594,7.570135364503445e-29,1.0,8.659118567480381e-47,0.0,0.0,-3690.66906860365
784,7756.591377954114,0.35905428349708596,709.6135310515119,4,MGP,5.125461401970447,1.7512554427014335,-3861.7643886458964,-0.8679277150637831,0.22790215481866977,SE,3888,1.4229246810994536e-05,0.0003039408230092904,0.004683494567871094,0.0,1.0,0.0,0.0,0.0,-4571.377919697408
785,8207.616645300415,0.06668805548424658,79.06872024642917,4,ATP2B1,5.125461401970447,13.729892296982234,-4087.277022319047,-4.078692494902379,0.22996065933716972,SE,3888,6.874793635548601e-06,0.0014645541743771855,0.014750003814697266,2.65064130370836e-23,1.0,1.1255057480348925e-40,0.0,0.0,-4166.345742565476
786,7963.817938555892,0.052045418027852786,54.18475621108837,4,ARPP19,5.125461401970447,17.868717785589936,-3965.3776689467854,-5.826426172950362,0.40463578607518774,SE,3888,6.16942340804018e-06,0.0020371423234960217,0.015508651733398438,5.701319141203716e-18,1.0,7.666992873651743e-32,1.8252066524837574e-13,8.139858141436996e-13,-4019.562425157874
787,6779.697186858126,0.09953731180900652,143.78975875792685,4,HBA2,5.125461401970447,8.874996186947433,-3373.317293097902,-1.8172695012748956,0.07729336166830172,SE,3888,7.919380314063179e-06,0.0008595192357563997,0.005276679992675781,4.789734472694492e-44,1.0,6.805932654419208e-60,0.0,0.0,-3517.107051855829
788,7966.650678701399,0.19660007826528322,366.8323499098683,4,KRT19,5.125461401970447,4.0090037222710215,-3966.7940390195386,-0.9762643316170417,0.11697661493939007,SE,3888,1.0040803931716512e-05,0.0003999818963993038,0.00537419319152832,4.568856335947762e-201,1.0,1.1149352800283663e-216,0.0,0.0,-4333.626388929407
789,6416.256882658659,0.07511256654632197,87.5340413719573,4,YWHAH,5.125461401970447,12.079936119436612,-3191.597140998169,-6.891269954497006,0.5971711045940037,SE,3888,7.456055974334858e-06,0.0012938005377317186,0.013573408126831055,4.016922568834897e-23,1.0,3.954597045272651e-37,0.0,0.0,-3279.131182370126
790,7237.952332369303,0.18992915326299514,401.8964606682234,4,PCP4,5.125461401970447,4.184270297487311,-3602.4448658534907,-3.4705405476151214,0.2472726435440825,SE,3888,7.245306293280291e-06,0.00030187592329989266,0.005432844161987305,3.1122848934638538e-173,1.0,5e-324,0.0,0.0,-4004.341326521714
791,6815.9961083812605,0.14883595250272605,248.56301088872624,4,TFF3,5.125461401970447,5.61039941631566,-3391.4667538594695,-0.7702537622074903,0.06383485177107119,SE,3888,9.1735557612321e-06,0.000535610958698339,0.0053997039794921875,2.2357999180131618e-119,1.0,6.781789387023813e-169,0.0,0.0,-3640.0297647481957
792,8154.3949173374685,0.019830335377821046,18.08104373107426,4,GNB1,9.919328864896366,46.20652205721437,-4060.6661583375735,-4.927996709068701,0.09695867358698167,SE,3888,1.0278358011217423e-05,0.020539187751422827,0.014463424682617188,0.00015506314123941612,0.9906834050400131,0.009161531819155395,2.1169859464875707e-05,2.1946425282566524e-05,-4078.7472020686478
793,7756.731563544873,0.021597311194790057,26.098379559963178,4,GABRD,9.919328864896366,42.34967033208719,-3861.834481441276,-3.1558780816762293,0.04617482283038057,SE,3888,8.900317173286542e-06,0.015102766250681883,0.024317502975463867,1.9447537904174235e-05,0.9999805455500536,6.912170127997581e-09,3.244562004622864e-07,5.045371538289143e-07,-3887.932861001239
794,6821.630545062717,0.06755330700161617,137.50057358544746,4,CAMK2N1,9.919328864896366,12.903558086870786,-3394.2839722001977,-5.602148457566346,0.1591546146486445,SE,3888,2.302465733850643e-05,0.004796331250925663,0.005083799362182617,3.290525762899626e-11,0.9999999999672582,6.42124081304289e-39,0.0,0.0,-3531.784545785645
795,6569.432877755379,0.05523776110877577,84.7081018863264,4,STMN1,9.919328864896366,15.988898356603167,-3268.185138546529,-7.14188585176275,0.23206891663833903,SE,3888,1.4844995734208612e-05,0.004406846167114652,0.004785299301147461,2.150831337085239e-31,1.0,8.134011053520166e-40,0.0,0.0,-3352.8932404328552
796,7378.591835397082,0.0221304582682785,20.69440488481905,4,IFI6,9.919328864896366,41.30689915407269,-3672.76461736738,-2.6745178771206244,0.03539340990170026,SE,3888,1.2566068289416492e-05,0.020352253320143142,0.022563457489013672,0.14697911094451044,0.8530205637746472,3.2528127367264334e-07,5.387319110594646e-06,6.288228815957837e-06,-3693.4590222521992
797,8108.52693837536,0.05867204989746988,43.15166618391186,4,HPCA,9.919328864896366,14.998290962959755,-4037.7321688565194,-4.073543894381584,0.10017338510975188,SE,3888,3.225482786702891e-05,0.008602565520065119,0.007154226303100586,2.4822294309416287e-16,1.0,1.2844587536852902e-34,5.065670105608433e-11,1.7104860096859646e-10,-4080.883835040431
798,8049.369489550444,0.028971682975140158,27.25941208082986,4,NCDN,9.919328864896366,31.332154049634546,-4008.1534444440613,-5.494216457347275,0.13003291047616944,SE,3888,2.1122498727151613e-05,0.020523574499104653,0.014040708541870117,0.00011235535427728518,0.9998876414309813,3.2143169364477537e-09,1.7790698692010665e-07,3.0252332635204535e-07,-4035.412856524891
799,8354.565796090721,0.026201903181125523,23.18242023424773,4,PRDX1,9.919328864896366,34.74306800066797,-4160.7515977142,-3.9316463140295372,0.0723365304727676,SE,3888,1.3596515300539941e-05,0.01597143822640157,0.014623641967773438,3.392591905282823e-08,0.999999671123132,2.949510456204325e-07,1.4733810306255535e-06,1.9368161819136622e-06,-4183.934017948448
800,7693.15876618052,0.02713754131385359,28.614184890176148,4,UQCRH,9.919328864896366,33.512978643863605,-3830.048082759099,-5.621110366246895,0.13202960816146964,SE,3888,9.495868611370442e-06,0.010438147985990513,0.01430654525756836,0.002137567307657116,0.997862432692582,5.431089262979816e-22,8.833272857611263e-08,1.6184996074551996e-07,-3858.6622676492752
801,7399.166262152278,0.024206233609200736,27.588847516274654,4,EPS15,9.919328864896366,37.68451251368557,-3683.0518307449784,-3.3049578267631325,0.05076240127783982,SE,3888,9.911191405710069e-06,0.013531124099565202,0.02444005012512207,0.0005642153533966493,0.994627060865148,0.004808723781508406,1.500413846500237e-07,2.569878788472079e-07,-3710.640678261253
802,7371.377424221243,0.031630781081609195,39.947623072915576,4,SSBP3,9.919328864896366,28.619572505434988,-3669.1574117794607,-3.1973879493184962,0.052976893709966166,SE,3888,1.4044330216413543e-05,0.011571827484714643,0.012566328048706055,9.603772765450247e-06,0.9999903583130679,3.7914446959146415e-08,2.60864774226377e-10,7.955993114235545e-10,-3709.1050348523763
803,7379.613880887125,0.01692059916809582,17.717859648004378,4,DHCR24,9.919328864896366,54.31314370784083,-3673.2756401124016,-2.919909086677288,0.036540721295094676,SE,3888,6.339514632670831e-06,0.017193965907362312,0.023842811584472656,2.9780458464997123e-05,0.999967221522353,2.9980189762533164e-06,2.5620978805984684e-05,2.6329859642513906e-05,-3690.993499760406
804,8425.174404966605,0.03622661655277423,37.97801755141518,4,AK5,9.919328864896366,24.870197632412225,-4196.055902152142,-4.13909918603705,0.08786201734485952,SE,3888,1.8569374360739932e-05,0.011882211443800389,0.013208627700805664,8.698842979166047e-09,0.9999999913015928,7.469291628614393e-24,7.154621339822143e-10,2.074959897773293e-09,-4234.033919703557
805,8186.984534076858,0.034291890697801385,26.758851772078742,4,LMO4,9.919328864896366,26.326100203151253,-4076.960966707268,-5.876947302077055,0.1534726517880933,SE,3888,2.1150952136675078e-05,0.014987341477700169,0.023407697677612305,7.376175286013026e-10,0.9999999992623998,2.2250444727524882e-20,2.3049346886683253e-07,3.757260307547114e-07,-4103.719818479347
806,8243.519807863644,0.027719106327020623,23.82008349048465,4,ATP1A1,9.919328864896366,32.79024107245966,-4105.228603600662,-5.655373281753377,0.13610819916453634,SE,3888,1.2120135240025061e-05,0.012799768550309941,0.01417851448059082,2.7895606367546698e-08,0.999999972103979,7.94182463865074e-18,1.0577306612802317e-06,1.4535410778692402e-06,-4129.048687091146
807,6736.41082711988,0.12229647718115162,165.8061229232394,4,S100A11,9.919328864896366,6.709126442650047,-3351.6741132287793,-0.18536838556635418,0.0475417003233509,SE,3888,4.474113842539118e-05,0.003505462999065491,0.00473332405090332,4.908565254373409e-29,1.0,3.223011617951821e-31,0.0,0.0,-3517.4802361520187
808,8306.409318187389,0.034086397976368615,60.06835316301385,4,PEA15,9.919328864896366,26.49044500992833,-4136.673358762534,-4.370414645318828,0.09321800448782067,SE,3888,8.877821997243577e-06,0.006361544788914058,0.006373405456542969,4.085237341626794e-13,1.0,6.107204580155137e-17,9.2148511043888e-15,4.7869356386435326e-14,-4196.741711925548
809,7988.267089449284,0.04136029654386158,38.634474407804646,4,MGST3,9.919328864896366,21.66725280553402,-3977.602244393481,-5.6666086721983016,0.14993350778545653,SE,3888,1.755760092806981e-05,0.008798043324257376,0.025640249252319336,4.4825548518501034e-12,0.9999999999954525,2.443969424811628e-27,5.11081843512784e-10,1.519511484429089e-09,-4016.236718801286
810,7458.647131808783,0.03691957276101308,29.795054275820803,4,ATP1B1,9.919328864896366,24.38585418173888,-3712.792265573231,-6.872615892982661,0.20339829801360293,SE,3888,2.4345287053453508e-05,0.01504061039864408,0.02332758903503418,2.7139128469450167e-08,0.9999999728606785,9.640686900907487e-16,4.802154696115224e-08,9.538275179449643e-08,-3742.5873198490517
811,6754.156923910884,0.024158301958412853,35.88623265167416,4,ATP2B4,9.919328864896366,37.76113581215158,-3360.547161624281,-2.264136688025952,0.02765316961421191,SE,3888,7.530410174168135e-06,0.010319618774943962,0.014482498168945312,0.0028494051570797274,0.9971467255346993,3.869308438414434e-06,2.0918158316618474e-09,5.58677058276405e-09,-3396.4333942759554
812,7058.903725370485,0.11066415655500882,212.83535798797357,4,HPCAL1,9.919328864896366,7.51261097616697,-3512.9205623540815,-1.7378200161025947,0.0595089898976555,SE,3888,3.1924919028320874e-05,0.0029239809002101305,0.004451751708984375,2.162560115002818e-65,1.0,1.969424898881612e-123,0.0,0.0,-3725.755920342055
813,6064.9800932763255,0.02786043353922022,24.474409364241637,4,VSNL1,9.919328864896366,32.61916440564237,-3015.958746307002,-7.49415913518645,0.22198798184939328,SE,3888,1.749676190282904e-05,0.018301371494754443,0.0291445255279541,0.024872217616757886,0.9751264530316236,1.3293514197754008e-06,7.530340117023471e-07,1.082005211619841e-06,-3040.4331556712436
814,8121.293765683028,0.03396286772058505,28.169890789004512,4,PREPL,9.919328864896366,26.590196630323057,-4044.1155825103533,-5.511096028566992,0.13647171676533607,SE,3888,1.9057644108838573e-05,0.01374874122992965,0.02503228187561035,1.1183150983901107e-14,0.9999999999990905,1.1034980597557972e-12,1.1111979747457923e-07,1.9527642678871647e-07,-4072.285473299358
815,7521.683094028843,0.030373390971891567,32.341002976496384,4,RTN4,9.919328864896366,29.84305828387411,-3744.3102466832606,-6.28201120611567,0.16546353147728404,SE,3888,1.5529564832922187e-05,0.013806666470027804,0.018273353576660156,2.9104121655073135e-06,0.999997087975009,1.613235235232271e-09,1.2935474802411306e-08,2.8844111909321956e-08,-3776.651249659757
816,7548.951182437752,0.024080770708388103,21.250130427599288,4,MDH1,9.919328864896366,37.885722626396,-3757.9442908877154,-6.863677325605242,0.18533271470144033,SE,3888,1.3517932293639542e-05,0.018638478009056207,0.029372692108154297,5.87151459721462e-09,0.9999999941283023,1.3556647192130286e-15,4.0308294216861995e-06,4.836251267366921e-06,-3779.1944213153147
817,7568.002141421971,0.025930838640733703,29.514050371689336,4,UGP2,9.919328864896366,35.11602210492056,-3767.4697703798247,-3.343564646960509,0.053442472364358236,SE,3888,1.3296420568388112e-05,0.015929643812718466,0.01599740982055664,0.030209760834986422,0.9680780752923762,0.0017121638729038489,5.5512808905255895e-08,1.0888970437847253e-07,-3796.983820751514
818,3932.0305639756116,0.19085279138476108,332.0933436479113,4,TMSB10,9.919328864896366,3.9633379561015274,-1949.483981656645,-6.690928165306789,0.2464122005192971,SE,3888,5.0480756848155746e-05,0.0020899550065584254,0.00458216667175293,4.550311827520697e-96,1.0,1.75821693984637e-156,0.0,0.0,-2281.5773253045563
819,6748.1205360810245,0.035526502087487276,35.63678403778658,4,COX5B,9.919328864896366,25.37873270395638,-3357.5289677093515,-5.868094365042688,0.14869284968397686,SE,3888,1.6074739545716118e-05,0.010665296790697101,0.014125347137451172,2.5514169033532612e-08,0.9999999744859455,1.1231584211687011e-23,2.3775540425319264e-09,6.244081323821221e-09,-3393.165751747138
820,7835.157543528591,0.03832868741402755,34.33221473823551,4,CREG2,9.919328864896366,23.45496539274572,-3901.047471433135,-3.9193306682382447,0.0795328941187856,SE,3888,3.591952239095158e-05,0.02070623750807813,0.012838363647460938,6.512497092491255e-10,0.9999999993488018,4.8169573768851795e-14,4.64626936924617e-09,1.156009603831583e-08,-3935.3796861713704
821,7832.939744484888,0.027782725218036493,23.785808330090276,4,SMIM37,9.919328864896366,32.71301497143001,-3899.9385719112834,-3.8600938809182295,0.06977416341481799,SE,3888,1.6966538626549534e-05,0.017840563725057018,0.024377107620239258,0.0007428978694090798,0.9992571021303508,8.499005138546493e-18,1.0767342649709022e-06,1.4753671087875342e-06,-3923.7243802413736
822,6442.366194040777,0.036423679664744045,41.89932306820083,4,CHN1,9.919328864896366,24.730584642742578,-3204.651796689228,-7.224697369336754,0.21887073795979214,SE,3888,1.815910777094592e-05,0.011503397718204019,0.012356996536254883,2.2269448812789323e-11,0.9999999999781721,7.29591392429764e-24,9.609590900794274e-11,3.17672426472538e-10,-3246.5511197574288
823,8054.12155493864,0.03962527337639468,32.77290066203523,4,ATP5MC3,9.919328864896366,22.656902387050888,-4010.529477138159,-5.3898200464233055,0.13639097184380222,SE,3888,2.1445739067522218e-05,0.011627080213146951,0.022137165069580078,2.398521777281724e-15,1.0,1.329236795834744e-25,1.0357880664280117e-08,2.376918775562957e-08,-4043.3023778001943
824,5923.873795990091,0.02440277284743178,26.171722664676963,4,RPL37A,9.919328864896366,37.37347343752147,-2945.4055976638847,-5.33805271560399,0.11300865813986258,SE,3888,9.96900880106633e-06,0.013402413753168077,0.024886608123779297,0.0003189479608344822,0.9996810504179972,1.6210522787381243e-09,3.1236332054263016e-07,4.889492073514982e-07,-2971.5773203285617
825,8234.230153676344,0.0248341004396148,26.76033369410652,4,NGEF,9.919328864896366,36.70812106029813,-4100.583776507012,-4.182900157994344,0.0782476907412892,SE,3888,1.4319724738794256e-05,0.018621229753557022,0.014286279678344727,4.482350093720188e-06,0.9999955176490817,5.241144082996417e-16,2.3031677398588357e-07,3.757260307547114e-07,-4127.344110201118
826,8210.992745116346,0.047134831785704885,109.92404338789356,4,SYN2,9.919328864896366,18.89824925101228,-4088.965072227012,-5.198318076605551,0.1355911189913686,SE,3888,1.0457549660850228e-05,0.004128857243649029,0.004470109939575195,1.8698629755051678e-05,0.9999813013693878,1.291552742540148e-14,0.0,0.0,-4198.889115614906
827,7545.802291043502,0.025709664667411387,35.06823897653885,4,IQSEC1,9.919328864896366,35.42615878071591,-3756.3698451905902,-3.3840154767657644,0.05423851084818929,SE,3888,7.916600573415105e-06,0.00963963370424612,0.012299537658691406,1.6367024288757495e-06,0.9999983631600781,1.3720391990947218e-10,3.183511121385152e-09,8.178981141898611e-09,-3791.438084167129
828,6604.71086792259,0.015875712815546176,17.428533101738594,4,ARPP21,9.919328864896366,57.94938059041147,-3285.8241336301344,-2.2648122733109948,0.022905544454215034,SE,3888,7.292485497659108e-06,0.0223717983788528,0.014965295791625977,0.006339308327443123,0.9889819661536859,0.004678725519184948,2.9831416580083925e-05,3.0262069101918926e-05,-3303.252666731873
829,7953.945775790736,0.03754615493089547,31.809368379618718,4,RPL14,9.919328864896366,23.963294574415343,-3960.441587564207,-4.423886119916936,0.09627728716081614,SE,3888,1.56087116592939e-05,0.009347423495259705,0.02391362190246582,2.5194907458701172e-15,1.0,2.261334627807478e-20,1.7007044439409924e-08,3.704927988476398e-08,-3992.250955943826
830,7639.6907696031785,0.021708830462558008,23.013868149868358,4,BSN,9.919328864896366,42.127315854863184,-3803.3140844704285,-3.543028388390705,0.05540573208231243,SE,3888,1.1070167526898679e-05,0.01860069309150685,0.027191638946533203,0.00021747168335824497,0.9997758844630309,6.64385398613942e-06,1.6083698292090887e-06,2.100332273201221e-06,-3826.327952620297
831,7231.129153744035,0.04008447430059251,30.4893877384593,4,SYNPR,9.919328864896366,22.38663952462225,-3599.0332765408566,-2.6545928631919393,0.04464651785273199,SE,3888,4.3448711804127435e-05,0.023061996836926234,0.01396799087524414,5.221942601874595e-11,0.9999999999272404,2.067744835916924e-11,3.3569784174680706e-08,6.869849575298689e-08,-3629.522664279316
832,8116.46298767661,0.03785823874904747,33.03051599500304,4,TAGLN3,9.919328864896366,23.75804727122541,-4041.7001935071444,-6.189974949756963,0.17196809143464842,SE,3888,2.257068178650939e-05,0.01331138556704791,0.014740228652954102,1.562068116132298e-13,1.0,1.6850455786229425e-19,9.072367190832153e-09,2.112687388818952e-08,-4074.7307095021474
833,8063.109589731678,0.02684959315202776,29.80580655567428,4,ATP6V1A,9.919328864896366,33.88241376995805,-4015.0234945346783,-4.257054678104663,0.0819604872090821,SE,3888,1.2760857087889186e-05,0.014312887677149555,0.014619588851928711,5.283017349971916e-05,0.9994009881152789,0.0005461817113533235,4.775595274786326e-08,9.525544851894475e-08,-4044.8293010903526
834,7735.574454658323,0.044843767987752074,35.66805128992519,4,GAP43,9.919328864896366,19.911519302975634,-3851.2559269980006,-6.25644875072726,0.18028808894261442,SE,3888,3.227679663797526e-05,0.013951175070097292,0.014546871185302734,1.9747956049102082e-12,0.999999999998181,1.052437746719835e-27,2.3396978798828627e-09,6.178988814317362e-09,-3886.923978287926
835,6852.466315953957,0.023298656956706815,21.137640020639083,4,PODXL2,9.919328864896366,39.18889161047039,-3409.7018576458177,-2.868406311938928,0.03886893365544794,SE,3888,1.1071064638554467e-05,0.016255003000069455,0.014112472534179688,1.0244282004519773e-05,0.9999546388846545,3.511683369976328e-05,4.274492424349852e-06,5.077058155920335e-06,-3430.8394976664567
836,7527.885284081222,0.043069295416523934,56.28766628136873,4,MGLL,9.919328864896366,20.7703973634832,-3747.4113417094504,-3.2089862062430314,0.06073704646816555,SE,3888,1.2260195798714998e-05,0.0057044531272165315,0.006216526031494141,6.755821781763087e-28,1.0,4.561486536082674e-27,6.261657858885883e-14,2.9899560024064824e-13,-3803.699007990819
837,8071.53800336985,0.02090078788317634,23.344147852225888,4,SERPINI1,9.919328864896366,43.79213569960707,-4019.2377013537644,-5.875384128751373,0.1351797798901432,SE,3888,8.52807944609714e-06,0.015407880103115165,0.023297786712646484,0.03562982206684369,0.9643659689290395,4.209004264487628e-06,1.3545499774059166e-06,1.8243097338800224e-06,-4042.5818492059902
838,7469.187723673475,0.01950326152149647,26.926805755886562,4,FAM131A,9.919328864896366,46.99709256766179,-3718.062561505577,-3.2481659522943365,0.045941770279806796,SE,3888,6.425501901609105e-06,0.01325659734756009,0.013111591339111328,0.18822977883212005,0.8117699444011394,2.767671345758122e-07,2.11307767838953e-07,3.517286788612534e-07,-3744.9893672614635
839,7611.335216358654,0.030958423619167137,28.187727473787618,4,EIF4A2,9.919328864896366,29.261437301542056,-3789.1363078481663,-6.465972447946674,0.17556076584547387,SE,3888,1.7243679134106527e-05,0.014791576838287652,0.023746252059936523,9.286350504641587e-09,0.9999999907122402,1.1921046225215076e-12,1.1010046985227007e-07,1.9489961407170974e-07,-3817.324035321954
840,7297.089083202559,0.02915307328982525,29.45199003366406,4,ATP5ME,9.919328864896366,31.131389001146715,-3632.0132412701187,-6.17299486357129,0.15802379054610363,SE,3888,1.305186973029577e-05,0.012533658512931917,0.02602839469909668,1.0524416433657402e-10,0.9999999998944986,5.032555524494081e-18,5.7319152646506666e-08,1.1014766953504607e-07,-3661.4652313037827
841,8189.516580530785,0.029735881758985575,22.735932417809636,4,CPLX1,9.919328864896366,30.502907106493954,-4078.226989934232,-4.711580420588773,0.10074396138811118,SE,3888,1.8035246621720566e-05,0.016686210503817366,0.015215158462524414,9.909074590089446e-13,0.9999999999990905,3.9245472717166957e-16,1.858597490911329e-06,2.3940319427146175e-06,-4100.9629223520415
842,6891.411647492806,0.024335639782860956,25.478491997918354,4,NSG1,9.919328864896366,37.47915193007384,-3429.174523415242,-2.838006921090349,0.038938286247182305,SE,3888,1.1929875753081417e-05,0.0161228302375385,0.024126529693603516,9.072887599951748e-10,0.9999999990923243,4.447273675954592e-17,4.4734215010056033e-07,6.75625669626173e-07,-3454.6530154131606
843,7588.049717021641,0.020151136992810875,18.562947078730758,4,RPL9,9.919328864896366,45.45604224595475,-3777.49355817966,-4.676607177456889,0.08734855489973853,SE,3888,9.792141092236275e-06,0.01897435498846234,0.013937234878540039,6.898662645036753e-07,0.9999990674182101,2.427158060432831e-07,1.6438489355286023e-05,1.746274660827116e-05,-3796.0565052583906
844,5963.81745572409,0.041454955893059454,52.31253017230074,4,UCHL1,9.919328864896366,21.61564261107161,-2965.3774275308842,-7.62123731203295,0.24635779409201358,SE,3888,1.6723892916005518e-05,0.008345204210258136,0.016971111297607422,1.3505764774223805e-11,0.9999999999863576,8.041910688915654e-29,4.733990977001667e-13,2.0161140933995635e-12,-3017.689957703185
845,8170.871638999449,0.033494488286488946,34.02205283619605,4,CCNI,9.919328864896366,26.975100430707997,-4068.9045191685636,-4.36316497011607,0.09183900533827653,SE,3888,1.421558782900308e-05,0.010524501773668992,0.013705730438232422,1.9042995046972138e-12,0.999999999998181,1.272072335974617e-17,5.449096507348372e-09,1.314253332013522e-08,-4102.92657200476
846,6056.853325833866,0.03244838730159955,28.709149957694535,4,SPARCL1,9.919328864896366,27.874886425696488,-3011.895362585772,-6.74451297485947,0.1869470973714778,SE,3888,2.3563525219183288e-05,0.01851001837788315,0.01398158073425293,1.9852550962480484e-11,0.9999999999799911,3.372832276054346e-18,8.410540963676993e-08,1.5653118472126117e-07,-3040.6045125434666
847,7259.056343561159,0.02975781395654537,24.355868755676966,4,NAP1L5,9.919328864896366,30.479736767581002,-3612.996871449419,-3.524206296399183,0.05988882603208861,SE,3888,1.5536288793455206e-05,0.014354266827563649,0.016397714614868164,6.106240855990915e-11,0.999999999939064,4.004373728050458e-14,8.008239673618078e-07,1.1402750904384998e-06,-3637.352740205096
848,7139.811361499979,0.03264655665235879,27.138011792948873,4,RPS3A,9.919328864896366,27.700007260884185,-3553.374380418829,-4.844700156069587,0.10446538156594548,SE,3888,1.6310139704017924e-05,0.012667259432004349,0.02252197265625,1.2020385717576947e-09,0.9999213077103637,7.869108782871634e-05,1.8943626733936014e-07,3.209737993368109e-07,-3580.5123922117778
849,7043.166612946749,0.020405973042693048,16.87948635670182,4,MSMO1,9.919328864896366,44.876698820252756,-3505.052006142214,-2.759232763770399,0.035206286214071805,SE,3888,1.4210839948681962e-05,0.026880994155399886,0.01415395736694336,0.004444710861819451,0.9875616219783893,0.007993667159466648,3.9829719329254054e-05,3.97227734008671e-05,-3521.9314924989158
850,7221.133449880804,0.02023262051286731,28.484300092761714,4,CPE,9.919328864896366,45.26921071472972,-3594.035424609241,-6.044975097870351,0.13931821663879673,SE,3888,6.918615266509273e-06,0.01330294607822581,0.01372671127319336,4.9667705452527095e-06,0.9999686133711176,2.6419858192096548e-05,9.446136406410233e-08,1.7104840116587402e-07,-3622.519724702003
851,6175.143503059503,0.05250610736531933,61.18514552745455,4,GPM6A,9.919328864896366,16.869362838809106,-3071.0404511985907,-6.402288796546884,0.18654595149558534,SE,3888,2.833270951565776e-05,0.00920877360221286,0.004659414291381836,5.213692761969213e-08,0.9999999478632177,1.3719212181818051e-37,5.218048215738236e-15,2.868271746494591e-14,-3132.2255967260453
852,7595.035993695653,0.019468573084670978,17.596687713661595,4,BASP1,9.919328864896366,47.08249602373289,-3780.9866965166657,-6.905454103387261,0.17848337667449427,SE,3888,1.0925436117776268e-05,0.022617702944027172,0.01430058479309082,0.015047062009828693,0.9307566732077308,0.05419626478199046,2.7306354021039425e-05,2.797849858368457e-05,-3798.5833842303273
853,8318.058838600298,0.017817141505282727,18.22555867290157,4,SUB1,9.919328864896366,51.533116037285886,-4142.498118968989,-4.530671069797378,0.0812530259536452,SE,3888,8.633957428516277e-06,0.021197246271389917,0.013880252838134766,0.012958410109632692,0.9857734292590642,0.001268160631869643,1.9622784047879094e-05,2.0477318291987016e-05,-4160.72367764189
854,6820.6203714439525,0.05267401854036751,53.11809451961426,4,MAP1B,9.919328864896366,16.812607671436332,-3393.7788853908155,-7.136962501270627,0.23093268894672433,SE,3888,3.18682294828718e-05,0.010298803629187135,0.006319284439086914,5.868966309554945e-15,1.0,6.665101438624248e-30,3.140820936664568e-13,1.353114131301827e-12,-3446.8969799104298
855,8180.33636532009,0.1392296240096492,242.05471668463406,4,ENC1,9.919328864896366,5.779466412648833,-4073.6368823288844,-6.109418601541396,0.24888078357546087,SE,3888,4.8598949934082686e-05,0.0031293389734809037,0.00453639030456543,8.664761742981535e-44,1.0,3.587945643049674e-100,0.0,0.0,-4315.6915990135185
856,6623.345818759991,0.05327276613130658,58.833001636632616,4,COX7C,9.919328864896366,16.613139245017525,-3295.1416090488347,-6.359504074895557,0.18685654579358446,SE,3888,1.9090190078520047e-05,0.006045741740639176,0.006200075149536133,1.131452036845746e-20,1.0,1.0375358231029062e-38,1.7208456881689926e-14,8.563059883711735e-14,-3353.9746106854673
857,8101.6609176060365,0.037142815202217384,34.41141266969953,4,PJA2,9.919328864896366,24.23366725001342,-4034.2991584718575,-4.39017782625118,0.09548348696088607,SE,3888,2.38682599293473e-05,0.01458223606402768,0.014102697372436523,5.698833715452083e-09,0.9999999942892829,1.201303824546462e-11,4.460998015431983e-09,1.115785939405787e-08,-4068.710571141557
858,6998.060963187084,0.04517741016410243,42.60106438352841,4,NREP,9.919328864896366,19.757565791165774,-3482.499181262381,-3.018357710704512,0.05456856847772535,SE,3888,1.9392564706645465e-05,0.008269785700918141,0.02411341667175293,5.87324792430405e-16,1.0,1.5948834522995132e-32,6.712286282350988e-11,2.2504119063974945e-10,-3525.1002456459096
859,7038.935682877437,0.021079887599952822,18.738574075532142,4,HINT1,9.919328864896366,43.41212481787248,-3502.936541107558,-6.099526813875654,0.14273492218193937,SE,3888,1.208936118111924e-05,0.021488246571429608,0.014099597930908203,5.773228160279657e-06,0.9999942266388866,1.328841138025391e-10,1.4991892350990632e-05,1.6070467991167036e-05,-3521.67511518309
860,7492.93184242068,0.024617789437121295,21.83145072278603,4,PAIP2,9.919328864896366,37.03888123035223,-3729.9346208791794,-3.4706203562841416,0.05549434927285756,SE,3888,1.2121714767754371e-05,0.016027095723289152,0.014961481094360352,2.3838163637881524e-08,0.9999999244200837,5.174162940338748e-08,2.976804616694473e-06,3.6456391914298775e-06,-3751.7660716019655
861,8174.242456120185,0.02438961549658496,21.315211763440857,4,NDFIP1,9.919328864896366,37.394139436660495,-4070.589927728932,-5.640594900484301,0.13085874279549967,SE,3888,1.4739458561452162e-05,0.019836168808335122,0.02215290069580078,0.022616333213169703,0.977383156596932,5.101902793641604e-07,3.896273988779342e-06,4.698660654372119e-06,-4091.9051394923727
862,8190.025273113978,0.02716970450257611,32.06758816617548,4,ANXA6,9.919328864896366,33.47219971924511,-4078.4813362258283,-4.622713630029232,0.09501110431661648,SE,3888,1.0597350377058822e-05,0.01162288185276444,0.013922929763793945,1.0779469724858257e-06,0.9999989220529086,1.7455585310958482e-13,1.4890090493935304e-08,3.273931102260617e-08,-4110.548924392004
863,8158.849284979457,0.05253485971059316,36.28266388862494,4,CPLX2,9.919328864896366,16.859618599116217,-4062.8933421585675,-4.0017489811196585,0.09394393317851743,SE,3888,3.5041777848558194e-05,0.011378203575755792,0.0228579044342041,3.226951691353617e-21,1.0,1.173840482839848e-20,1.7067532942505181e-09,4.65753883852359e-09,-4099.1760060471925
864,7788.985770839686,0.037249620878360784,34.024661939579346,4,SNCB,9.919328864896366,24.161501730620408,-3877.961585088682,-6.288229521181644,0.17464117600726173,SE,3888,1.721311182221232e-05,0.010460556913050815,0.024183273315429688,9.869775916705078e-14,1.0,1.0872661375749984e-26,5.441794681537715e-09,1.314253332013522e-08,-3911.9862470282615
865,7184.435071222804,0.08163503663926823,103.31611772287124,4,TUBB2A,9.919328864896366,10.516489608055158,-3575.6862352802414,-7.430409460590609,0.27374628450359156,SE,3888,3.7827789184195785e-05,0.005699015117771658,0.0045244693756103516,1.4169607941158845e-20,1.0,1.5441069392937344e-40,0.0,0.0,-3679.0023530031126
866,7833.008593310489,0.0432832371753577,37.89527790319471,4,NRN1,9.919328864896366,20.663112082533054,-3899.972996324084,-4.188012439677876,0.0917751911994673,SE,3888,1.9667736395674406e-05,0.00906854801563205,0.023983240127563477,6.049634541417045e-11,0.999999999939064,4.724556474356977e-30,7.46457007316792e-10,2.1516499102257863e-09,-3937.8682742272786
867,6922.494370493639,0.024272230670107222,20.949727874672135,4,NRSN1,9.919328864896366,37.579505147229185,-3444.7158849156585,-2.846847335023896,0.03915933028879672,SE,3888,1.3038271053945805e-05,0.017708410779092302,0.014004945755004883,8.719112124277043e-10,0.999999998462954,6.653138667929309e-10,4.714948005912767e-06,5.544488835537401e-06,-3465.6656127903307
868,8230.561550867576,0.038871005303613315,49.933875423758764,4,TUBB,9.919328864896366,23.114685494928978,-4098.749475102628,-5.233590127280881,0.12997627931400185,SE,3888,1.6225583107389886e-05,0.009114043757642161,0.006129741668701172,1.1110598693382036e-10,0.9999999980918802,1.7970887919417623e-09,1.5901724381706117e-12,6.480326550538543e-12,-4148.683350526387
869,7538.064279924047,0.061400748499050355,81.13943394263288,4,HLA-C,9.919328864896366,14.290210317816376,-3752.5008396308626,-2.5139804499050946,0.05428410451739862,SE,3888,2.631057456139908e-05,0.006476415275412897,0.004384756088256836,7.813445820713977e-33,1.0,2.100076523382275e-37,0.0,0.0,-3833.6402735734955
870,7943.063941552267,0.06767761589444445,87.6227365886266,4,HLA-B,9.919328864896366,12.878140014301229,-3955.000670444973,-1.2856632650117397,0.04100812867240765,SE,3888,3.0690008966282475e-05,0.006372749625771138,0.004498481750488281,8.777704501055167e-29,1.0,4.279462816729364e-33,0.0,0.0,-4042.6234070335995
871,7832.063897078356,0.02762833274689801,30.679611979282527,4,WASF1,9.919328864896366,32.90104563529871,-3899.500648208017,-3.6127090948090603,0.06262254889647427,SE,3888,1.3771723818647886e-05,0.014634313632845907,0.013497591018676758,9.802120649094818e-07,0.99999897608957,4.369823704547068e-08,3.043461926921509e-08,6.338006415695574e-08,-3930.1802601872996
872,7535.996172372527,0.01940737242047426,18.576025917535844,4,TSPYL4,9.919328864896366,47.23391745824485,-3751.466785855103,-3.4718823922524207,0.05135886498718597,SE,3888,1.0251106112575961e-05,0.021350430018153288,0.01553797721862793,0.42770698639334426,0.5722832237104643,9.78989593225687e-06,1.6326089070761718e-05,1.7382404416044416e-05,-3770.0428117726387
873,7997.388359958785,0.02320589022047358,31.569125734389218,4,SERINC1,9.919328864896366,39.34928824048242,-3982.162879648232,-5.510487727159105,0.12330743527279081,SE,3888,8.05492327289813e-06,0.011916821895991659,0.014855623245239258,0.42636755469928334,0.5736268445032945,5.600797241166584e-06,1.9246538807138336e-08,4.1356199089718746e-08,-4013.732005382621
874,8228.488361816835,0.02176270323728561,22.190158320808223,4,CAMK2B,9.919328864896366,42.02071709307996,-4097.712880577257,-4.802492814905079,0.09532062403414962,SE,3888,9.432733006839622e-06,0.01577447815625935,0.02253246307373047,0.049202729362188495,0.9483277033186461,0.0024695673184700153,2.469363540646974e-06,3.0963806152313156e-06,-4119.9030388980655
875,7897.559474297085,0.03270249819579569,46.66788928461574,4,STX1A,9.919328864896366,27.65102394115172,-3932.248436817382,-4.1570063463726905,0.08315794638319515,SE,3888,1.1881769329436035e-05,0.009198498150017664,0.012856245040893555,0.013323086972685467,0.9866709870226213,5.9260051107637e-06,8.409606344628173e-12,3.206008283875843e-11,-3978.9163261019976
876,8185.227793458146,0.01972826225193925,25.32576721839723,4,GTF2I,9.919328864896366,46.4504292487649,-4076.0825963979123,-4.271127862997712,0.0753102612629519,SE,3888,7.141294494493347e-06,0.014412452545504058,0.024530410766601562,0.392196784022599,0.5945416171029883,0.01326159887454344,4.841971540381351e-07,7.220605681096366e-07,-4101.4083636163095
877,7915.870242898177,0.02716803858641541,27.085335004833723,4,HSPB1,9.919328864896366,33.47430952281689,-3941.4038211179277,-2.186993614219016,0.031219534109451778,SE,3888,1.0401333766471044e-05,0.011409218288667066,0.0232236385345459,0.016463406355380312,0.9835365936448466,1.13906626315031e-20,1.9466913370180805e-07,3.274925575054681e-07,-3968.4891561227614
878,7353.223720952356,0.0426225704915906,39.00628527970184,4,YWHAG,9.919328864896366,20.997888700013238,-3660.0805601450174,-6.768565611711843,0.20332409180764,SE,3888,2.7647358692709342e-05,0.0131114952146701,0.015288114547729492,7.81226389790488e-13,0.9999999999990905,1.796993441979379e-23,4.224433025612484e-10,1.2639270272258296e-09,-3699.0868454247193
879,7928.815463100583,0.03800829078789281,29.17035520324407,4,VGF,9.919328864896366,23.66056284553098,-3947.8764312191306,-3.578193529565002,0.0695557235218371,SE,3888,3.5061985080821746e-05,0.020527711005726115,0.02404499053955078,6.202541244431687e-13,0.9999999999990905,2.1259709799314117e-20,6.628567561506316e-08,1.2534018661757397e-07,-3977.0467864223747
880,7459.302900988715,0.02912482734072326,33.69179881992659,4,EPHB6,9.919328864896366,31.162487580555997,-3713.1201501631967,-3.3172600479934196,0.054666254696679774,SE,3888,1.1471018167067857e-05,0.011035688863084835,0.01407003402709961,0.0005866840661344037,0.9967286734170292,0.002684642517268293,6.457234857926153e-09,1.5364312532761914e-08,-3746.8119489831233
881,7441.442968188484,0.029345025990888732,28.477365816110705,4,TSPAN7,9.919328864896366,30.921636345917403,-3704.190183763081,-6.283474173276351,0.16399298148496433,SE,3888,1.5318011698960426e-05,0.014529289145694058,0.02356576919555664,2.6970874397698922e-06,0.999970441686244,2.6861226078912677e-05,9.480028695385556e-08,1.7104840116587402e-07,-3732.667549579192
882,8171.7190919663,0.022162947229937995,20.186776422154708,4,USP11,9.919328864896366,41.24497643839707,-4069.328245651989,-4.3554862112388815,0.08069576103375446,SE,3888,1.1149051692374881e-05,0.018006706321311162,0.013842344284057617,0.00013045642683587224,0.9998694235366836,1.2003676876809465e-07,7.023679235995672e-06,7.962313500583714e-06,-4089.515022074144
883,6546.673810492427,0.04650308167739361,59.721243825636975,4,PCSK1N,9.919328864896366,19.167684065941053,-3256.8056049150528,-5.945274696793864,0.16055315711860468,SE,3888,2.452772079004143e-05,0.009923998031862738,0.006235599517822266,5.0473633962715576e-11,0.9999999999499778,5.479565587876156e-19,1.0880185641326534e-14,5.590609222816006e-14,-3316.5268487406897
884,8193.679849845288,0.03219463704910528,24.78556459808533,4,SYP,9.919328864896366,28.101957552513447,-4080.3086245914837,-5.728737234790568,0.14443645524531998,SE,3888,1.9329044379417493e-05,0.015408196477792688,0.02371382713317871,1.3335098455672444e-09,0.9999999986666808,1.3634447446184925e-15,6.407554112852765e-07,9.320078709604022e-07,-4105.094189189569
885,7912.241846117616,0.024529602532207855,23.274832547575443,4,MAGED1,9.919328864896366,37.1754013370702,-3939.589622727647,-4.169284895960305,0.07650246638565532,SE,3888,1.1295807993083891e-05,0.01503728827383903,0.022055625915527344,5.5188486134108386e-05,0.9980533445399066,0.001891466974053074,1.4042555464000017e-06,1.8805379452176177e-06,-3962.8644552752226
886,7692.233671711111,0.023356744569780003,27.798803072999362,4,NAP1L2,9.919328864896366,39.08910496686694,-3829.585535524395,-3.8789260409623,0.06612296204742225,SE,3888,9.900132555220723e-06,0.014466999645790008,0.01407933235168457,0.0021852774476411605,0.997814451755085,2.707976785253561e-07,1.346093640997026e-07,2.3308980796485297e-07,-3857.384338597394
887,8099.9370695681655,0.03266788953039813,33.57912519242154,4,COX7B,9.919328864896366,27.68130805888205,-4033.437234452922,-5.266571588849452,0.12474606928105739,SE,3888,1.2601578558586385e-05,0.009775070182149716,0.024281978607177734,2.8475487886779358e-09,0.9999999971523722,3.977941304877651e-22,6.8423111621029875e-09,1.6172735474061607e-08,-4067.0163596453435
888,7970.997008687774,0.027007880635700098,24.144129835527565,4,NAP1L3,9.919328864896366,33.67835726553372,-3968.967204012726,-4.175288874692804,0.07918261226673834,SE,3888,1.5519412545989698e-05,0.017214553996791983,0.023383140563964844,9.530786774084142e-07,0.9999990288438481,1.8077859856355104e-08,8.938822463333551e-07,1.2464970986681272e-06,-3993.1113338482537
889,8167.141908932427,0.021090145252642647,19.984242288301175,4,BEX4,9.919328864896366,43.39055570857569,-4067.039654135053,-4.835623402076201,0.09544470532912978,SE,3888,9.467926352006612e-06,0.016813111947816314,0.014329910278320312,0.009188610577465926,0.9905705659903037,0.00024082343213493654,7.808299171463418e-06,8.767686394215023e-06,-4087.023896423354
890,7571.188280116997,0.02206708192170483,19.175460484502764,4,TCEAL7,9.919328864896366,41.42821679815609,-3769.0628397273376,-3.3347376330559353,0.050307262423518455,SE,3888,1.2991811717661341e-05,0.021157369565883447,0.026302337646484375,0.004034802759834308,0.9959611674338689,4.029806532845133e-06,1.192364074320551e-05,1.2987627118698923e-05,-3788.2383002118404
891,6543.73949545567,0.016304232618903184,16.0705432671607,4,SLC9A6,9.919328864896366,56.40174259863414,-3255.3384473966744,-2.756280267913956,0.03153574844698948,SE,3888,7.782409279156924e-06,0.022676085176285086,0.0253143310546875,0.06021319354354004,0.48662606477108533,0.4531607416857327,6.1025952941662354e-05,5.9237437987053244e-05,-3271.408990663835
892,7141.8374410442475,0.028102430932199638,40.03580542234522,4,IDS,9.919328864896366,32.33022218214477,-3554.387420190963,-5.823381522390766,0.14029272926598965,SE,3888,9.72118470336195e-06,0.010003654983431112,0.01359248161315918,2.7498746991077057e-05,0.9999707896432352,1.711609809311129e-06,2.493500961264772e-10,7.6541942140359e-10,-3594.423225613308
893,7161.8031215604715,0.05196913001444047,61.78777245081028,4,RPL10,9.919328864896366,17.053326812360506,-3564.370260449075,-3.7846866316419594,0.08039732859886986,SE,3888,2.0879569716760924e-05,0.0069125986457198915,0.0045053958892822266,4.726942100211966e-19,0.9999999999972715,2.2949114223761015e-12,3.774758283725532e-15,2.099330810200296e-14,-3626.1580328998853
894,8036.432713290328,0.03203217865675703,34.576416046485065,4,ATP6V1B2,9.919328864896366,28.249224139652267,-4001.6850563140033,-4.779468283407157,0.10480807742673505,SE,3888,1.291820628181407e-05,0.01039568757425449,0.02153635025024414,3.253176921558481e-14,1.0,1.6134843260380541e-13,4.098417938358523e-09,1.0305499651578492e-08,-4036.2614723604884
895,8177.07300777559,0.02077029397436035,22.494464295239595,4,PHYHIP,9.919328864896366,44.07314262391549,-4072.005203556634,-5.131455923799574,0.105695493106107,SE,3888,1.0184866507764095e-05,0.01862326578642856,0.02414989471435547,0.00045484305228041694,0.9995451569231638,2.446753889378727e-11,2.1075006194637425e-06,2.685372021860196e-06,-4094.4996678518737
896,7517.860812642346,0.06286324352870298,95.52024945925359,4,NEFL,9.919328864896366,13.936004222446542,-3742.3991059900122,-6.979559970772434,0.2342472720132627,SE,3888,2.225069319874812e-05,0.005255239404833554,0.0045299530029296875,1.7451352223700205e-30,1.0,6.24786350733941e-75,0.0,0.0,-3837.919355449266
897,7742.936324631885,0.018960594929951727,23.046852005640176,4,DPYSL2,9.919328864896366,48.36894047061952,-3854.936861984782,-5.496845381909198,0.11575917904701294,SE,3888,7.5214280746975686e-06,0.01638222533630404,0.024446964263916016,0.041899491790059896,0.958098575626669,1.932583183701955e-06,1.581011639828489e-06,2.070324987939598e-06,-3877.983713990422
898,7566.157243525502,0.05116885827963549,84.89591553578248,4,STMN2,9.919328864896366,17.334658328832237,-3766.5473214315903,-6.749919595160572,0.2114265492206972,SE,3888,1.495674822021478e-05,0.005091673477899955,0.0044994354248046875,3.001706367754233e-23,1.0,4.192603253372089e-31,0.0,0.0,-3851.4432369673727
899,8122.16930224262,0.0271445247222307,25.793724090854994,4,NECAB1,9.919328864896366,33.504116337025614,-4044.553350790149,-4.03332237333529,0.07541864028453316,SE,3888,1.4369728433307867e-05,0.015787963614779535,0.028783559799194336,0.00010601236698668186,0.9998939876331265,4.283444742382452e-16,3.799218197819698e-07,5.793529216616549e-07,-4070.347074881004
900,7647.889579266252,0.02437241815246471,21.215631936727277,4,YWHAZ,9.919328864896366,37.42118461750285,-3807.4134893019655,-6.002249011751034,0.14490384468289946,SE,3888,1.3979409320978267e-05,0.018838546749345517,0.022067785263061523,0.00022520721060591793,0.9997747927890129,4.2931475278149805e-14,4.104035991714383e-06,4.899216519034617e-06,-3828.6291212386927
901,7736.374173876423,0.04013030372945323,37.1208532755968,4,RPL8,9.919328864896366,22.360006046325974,-3851.6557866070507,-4.239475094035484,0.09079966768235201,SE,3888,1.8055725710364617e-05,0.009563615027316123,0.014688491821289062,7.533426427488486e-08,0.938735332679876,0.061264591985782775,1.1102997410361581e-09,3.069409172455089e-09,-3888.7766398826475
902,7808.718381437146,0.10734725559766646,278.5364317323988,4,DIRAS2,9.919328864896366,7.773626694889802,-3887.827890387412,-4.214660307542717,0.13294724213369144,SE,3888,2.7543295231043253e-05,0.0026475590323032077,0.004969120025634766,8.583077354863852e-30,1.0,1.4086830293947982e-66,0.0,0.0,-4166.364322119811
903,7998.278802077556,0.022363906531751115,22.751295053889407,4,SPTAN1,9.919328864896366,40.86595391839109,-3982.6081007076173,-5.261012581904635,0.11229162805293183,SE,3888,9.711646208965946e-06,0.015417160138539786,0.02342700958251953,1.8648080812072802e-08,0.9999999805086193,8.437209755477192e-10,1.8437984261598928e-06,2.381458473927333e-06,-4005.3593957615067
904,7635.168908673672,0.03616637245025133,28.64045992918045,4,PTGDS,9.919328864896366,24.91318233208026,-3801.0531540056754,-4.206256731224251,0.0863497488838976,SE,3888,2.5550995339046624e-05,0.016400171355707115,0.013988018035888672,1.3564908177966738e-10,0.9999999998644853,5.044129209915274e-16,8.714224786210423e-08,1.6154712616147663e-07,-3829.693613934856
905,7550.240388081643,0.024360392791618675,30.594903040330337,4,IFITM3,9.919328864896366,37.440118831982794,-3758.5888937096606,-1.2363291384154484,0.016354470160374078,SE,3888,8.621122283695059e-06,0.01162866401120324,0.014719009399414062,1.3774526136711151e-05,0.998823608371607,0.001162617101830849,3.179278607046143e-08,6.563020546502558e-08,-3789.183796749991
906,8135.754625478138,0.018710679184594393,18.218633136409153,4,CEND1,9.919328864896366,49.027483547759225,-4051.3460124079083,-4.52104013315468,0.08171825365421478,SE,3888,8.343355777241351e-06,0.01864208549702432,0.014972448348999023,1.437156327286293e-07,0.9999998562834765,5.824750455283772e-13,1.969426440551203e-05,2.050664295327644e-05,-4069.5646455443175
907,8168.5051748733185,0.044367154551927565,88.0913458750415,4,CTSD,9.919328864896366,20.135460858231056,-4067.7212871054985,-4.237401634192676,0.09613741754840928,SE,3888,1.0540371772148745e-05,0.004645501502691712,0.004603147506713867,4.343463455029241e-15,1.0,2.1855407276295135e-21,0.0,0.0,-4155.81263298054
908,8359.465374807347,0.01569050726162065,15.119775118759208,4,APBB1,9.919328864896366,58.644430306480984,-4163.201387072513,-5.251506909022356,0.10215419988746315,SE,3888,8.667109656176699e-06,0.027199583983140874,0.016443252563476562,0.13526305781852166,0.8301567319257704,0.034580210256445615,0.0001009007856451749,9.445258062194592e-05,-4178.321162191272
909,8127.328686462959,0.044513094859718064,78.56665744555767,4,DKK3,9.919328864896366,20.066379960412107,-4047.1330429003187,-5.656902491581164,0.15313009642873468,SE,3888,1.409777015745796e-05,0.006176283843154092,0.004433155059814453,1.2393946026995195e-15,1.0,9.28600196587726e-26,0.0,0.0,-4125.699700345876
910,8046.041545557816,0.03391005722778447,43.34715788687663,4,LDHA,9.919328864896366,26.633063268601887,-4006.489472447747,-4.661986044293035,0.1022142531052043,SE,3888,1.47659010341425e-05,0.01068348671580167,0.01388692855834961,0.0032722441215366225,0.9952102659615734,0.0015174899168468852,4.584010948605055e-11,1.570280430352193e-10,-4049.836630334624
911,1975.4119536447677,0.05960784374961284,54.48653499744751,4,FTH1,9.919328864896366,14.748154159151952,-971.1746764912232,-3.953992745689551,0.07217143875024717,SE,3888,3.511851574954558e-05,0.009108001443364431,0.005014657974243164,3.502763197999159e-17,1.0,1.3809707756036407e-30,1.5654144647214707e-13,7.115520294188504e-13,-1025.6612114886707
912,6808.387127330999,0.04006554555934214,41.477742235701044,4,RTN3,9.919328864896366,22.397657620926378,-3387.6622633343386,-7.1701642453219785,0.22098245518329274,SE,3888,1.586409733419139e-05,0.008427771204265464,0.023615598678588867,3.395407293636536e-08,0.999999966045835,3.653189864027059e-33,1.1922063336555766e-10,3.860194853679327e-10,-3429.1400055700396
913,7498.5710781525095,0.021013512094072012,22.09990996068518,4,COX8A,9.919328864896366,43.55220380454178,-3732.754238745094,-5.6351764623082055,0.12392729226352582,SE,3888,8.312881774228239e-06,0.014865206926244006,0.014733552932739258,0.005082325397578571,0.9949176746026716,1.9559700895940145e-13,2.588218837695777e-06,3.2282892674545554e-06,-3754.854148705779
914,7912.378864857802,0.02228486993296499,19.557432626209902,4,PRDX5,9.919328864896366,41.01420659845651,-3939.6581320977402,-5.2209116510393185,0.1104084975335778,SE,3888,1.247029807100025e-05,0.019930752233604403,0.01450037956237793,0.41190979983779286,0.5880902001624312,2.3542647362442834e-14,9.762019486436735e-06,1.0832800112989976e-05,-3959.21556472395
915,6670.927390804348,0.02278156401055401,25.854450368177368,4,PGM2L1,9.919328864896366,40.099614543576145,-3318.932395071013,-2.876069036453534,0.038333608815531696,SE,3888,9.205218273401958e-06,0.014106279103842299,0.02393627166748047,0.00073211012605422,0.9992678798816493,9.992348643466414e-09,3.6815489456998307e-07,5.634949789901354e-07,-3344.7868454391905
916,8098.949359005252,0.04365251264593484,49.564616029877016,4,FXYD6,9.919328864896366,20.480405766250563,-4032.943379171465,-5.933790605695676,0.16521080074434794,SE,3888,1.830404594443208e-05,0.008309810644056703,0.012676715850830078,2.7232030527715703e-17,1.0,1.0156578427972882e-20,1.919464587274433e-12,7.625069407048932e-12,-4082.507995201342
917,7115.893527026806,0.04603956140342419,40.77498904702952,4,THY1,9.919328864896366,19.370073532433587,-3541.415463182242,-6.437922248915343,0.18762600855971442,SE,3888,2.7951613082101498e-05,0.0115169277963388,0.012555122375488281,1.9417963210696416e-17,1.0,4.576232138033459e-25,1.708052588256237e-10,5.347304912060465e-10,-3582.1904522292716
918,7859.91973890955,0.05562299974343692,84.28958978768287,4,SCN3B,9.919328864896366,15.871686527461604,-3913.428569123614,-3.200601167787588,0.06981078950760153,SE,3888,2.1475208545990515e-05,0.006296635301295982,0.004410266876220703,2.516384116052613e-17,1.0,2.236167324127916e-43,0.0,0.0,-3997.718158911297
919,4917.630524478904,0.08371467892003231,140.7485544102965,4,NRGN,9.919328864896366,10.232015651586044,-2442.283961908291,-7.3859549511885305,0.25687670607354685,SE,3888,2.7020294380378756e-05,0.003902213109072346,0.004549503326416016,1.294404265419191e-34,1.0,3.662772163099736e-32,0.0,0.0,-2583.0325163185876
920,7766.215444219019,0.03733479356095231,54.28533214822437,4,PFKP,9.919328864896366,24.104248921901817,-3866.576421778349,-4.146143808707643,0.08578543145884997,SE,3888,1.2546751243465337e-05,0.00759261407170693,0.006021261215209961,8.617122087707085e-09,0.9999999913825378,2.2937683766024326e-15,1.7341683644644945e-13,7.80751125126872e-13,-3920.8617539265733
921,7572.3129560887755,0.048402906581551386,79.32453477569061,4,PHYHIPL,9.919328864896366,18.37865594197935,-3769.625177713227,-3.675105263494648,0.07722154338122757,SE,3888,1.6237562379791553e-05,0.006110117935081897,0.004481077194213867,9.421880594041012e-12,0.9999999999909052,1.2315153707663462e-21,0.0,0.0,-3848.9497124889176
922,7889.499245512748,0.023500115727623453,24.196362891279023,4,PPA1,9.919328864896366,38.84492413849263,-3928.218322425213,-3.774496715116814,0.06385394842365984,SE,3888,1.0596705597099039e-05,0.015305455716154312,0.023033618927001953,4.0074483373784355e-05,0.983657242433232,0.016302683083526916,8.699641793619151e-07,1.2167331179886923e-06,-3952.414685316492
923,7576.982782125361,0.022759867887362138,29.46318136757145,4,CAMK2G,9.919328864896366,40.13873112993976,-3771.96009073152,-3.702834399781725,0.06037992190583266,SE,3888,7.82413629235254e-06,0.012011687574420648,0.013196468353271484,0.03584246183484356,0.928046175498772,0.03611136266642429,5.698911720308786e-08,1.0996044877775765e-07,-3801.4232720990913
924,8352.933524767428,0.17427296000067458,215.62544559442358,4,SNCG,9.919328864896366,4.429335543262728,-4159.935462052554,-5.0104072518837155,0.2238407827318953,SE,3888,6.020829804944034e-05,0.0028147538744357787,0.0045013427734375,1.235455032730787e-71,1.0,4.534898350294254e-158,0.0,0.0,-4375.560907646977
925,7542.342888732038,0.019572796507194602,22.461380581119556,4,PGAM1,9.919328864896366,46.82680798592644,-3754.640144034858,-6.0551291115101495,0.13929309974391968,SE,3888,7.796318473081954e-06,0.015975213128439598,0.023416996002197266,0.0011735986816517544,0.9988098890559906,1.651226196280107e-05,2.1441134092636815e-06,2.7173750251452945e-06,-3777.1015246159777
926,7920.128173481152,0.03278489137216379,26.894797250328793,4,NDUFB8,9.919328864896366,27.5791835565184,-3943.532786409415,-5.362319569919841,0.1280829429576741,SE,3888,1.367337761496314e-05,0.010535864902901145,0.02232217788696289,6.311181422581019e-08,0.9999999368883457,5.532587031360983e-17,2.1483643619646386e-07,3.5634751777403896e-07,-3970.427583659744
927,7946.887585199926,0.022015824332376865,21.935029820132513,4,INA,9.919328864896366,41.52684710883842,-3956.9124922688025,-4.031002853396283,0.06996578376486842,SE,3888,8.013756936680958e-06,0.013108630992335307,0.01593494415283203,2.7586848541257607e-05,0.999972413151582,3.445436089442989e-16,2.820383853907593e-06,3.4811288963492726e-06,-3978.847522088935
928,6746.881242717647,0.06208330561216702,82.94477390737711,4,ATP5MD,9.919328864896366,14.122822988110778,-3356.909321027663,-6.792747132571357,0.21774159651634722,SE,3888,2.1668067813377414e-05,0.005231004540326771,0.004693746566772461,1.4077600854342242e-32,1.0,7.710841436235198e-44,0.0,0.0,-3439.85409493504
929,7371.286752619714,0.026203161576190192,24.05755271015005,4,OAT,9.919328864896366,34.74135458570015,-3669.1120759786963,-3.3582033367652793,0.05343922988378922,SE,3888,1.378857900032396e-05,0.01619557697357337,0.02358269691467285,1.4660670951915884e-08,0.9999999530500656,3.228933068777833e-08,9.349880210063333e-07,1.299983344714688e-06,-3693.1696286888464
930,8250.584920114654,0.032198770776010986,28.625921428286347,4,CALY,9.919328864896366,28.098229765952098,-4108.761159726167,-5.215124520493155,0.12281582981918289,SE,3888,1.324373547888102e-05,0.010554742530813076,0.02368950843811035,1.201156790298955e-07,0.9999998798848609,5.316447538333109e-22,8.779896376598373e-08,1.6184996074551996e-07,-4137.387081154453
931,6683.366782731345,0.017932176931183805,17.139407509533157,4,FKBP4,9.919328864896366,51.19653267635879,-3325.1520910345116,-2.3316272282136,0.025297227329415983,SE,3888,8.455550527874704e-06,0.02050340009112693,0.01423192024230957,0.0006852099432964528,0.7985223699390807,0.200792420117401,3.473410199772431e-05,3.501014351389153e-05,-3342.2914985440448
932,7923.366021000064,0.03367787153981254,37.81987304479799,4,ENO2,9.919328864896366,26.82312486372864,-3945.1517101688714,-6.426424289490987,0.17812424524310266,SE,3888,1.4121358562421937e-05,0.010348832017097534,0.015393733978271484,6.274037752735441e-11,0.9999999999372449,1.8532735501087733e-13,7.758735875995626e-10,2.1962670960902157e-09,-3982.9715832136694
933,8120.575319677238,0.04484622027785868,30.228428264535523,4,C12orf57,9.919328864896366,19.910379378743688,-4043.7563595074585,-4.039369366752303,0.0895341932548722,SE,3888,2.9341803361676955e-05,0.012681303884616218,0.01603555679321289,5.6501260458510494e-14,1.0,1.1103326888706495e-22,3.840389140030709e-08,7.692613069398956e-08,-4073.984787771994
934,7857.227125739336,0.02181687380230602,25.310487526346606,4,LMO3,9.919328864896366,41.91405991512015,-3912.082262538507,-3.4354768158176605,0.053325267386591046,SE,3888,9.491700366380604e-06,0.015797850250839674,0.024929285049438477,0.0017298644654872482,0.7330875808116704,0.2651825547231455,4.880479324009812e-07,7.250708562228728e-07,-3937.3927500648538
935,7286.175374168029,0.03660130714611331,37.5081444505181,4,KIF21A,9.919328864896366,24.606029453237667,-3626.5563867528535,-3.2963195436705193,0.05818759346789285,SE,3888,1.740548218357421e-05,0.010927023793086006,0.014824628829956055,1.3496777618254204e-08,0.9999999865003703,2.6161053274897244e-12,9.103207077032494e-10,2.5615084848792734e-09,-3664.0645312033716
936,7810.259304129516,0.03883533710303026,44.26705342946252,4,DDN,9.919328864896366,23.136773700251773,-3888.598351733597,-2.7944509807374653,0.04959164310138532,SE,3888,1.5749094535236353e-05,0.008861387203807726,0.012383699417114258,5.281280316905289e-18,1.0,2.0200318943970295e-22,2.8649749239662015e-11,1.041809063260437e-10,-3932.8654051630597
937,6728.915202029813,0.23716908097130052,406.516810683162,4,KRT8,9.919328864896366,3.006784475862096,-3347.926300683746,-0.01962626654511457,0.10417659544768007,SE,3888,5.967899758503761e-05,0.0018899734874173737,0.0045413970947265625,2.142176673531782e-120,1.0,4.182383213633768e-157,0.0,0.0,-3754.443111366908
938,7753.823179156684,0.02469437418836641,26.82128425494875,4,SPRYD3,9.919328864896366,36.92111322723691,-3860.3802892471813,-3.671707363296981,0.061645116950362476,SE,3888,1.1708745339051935e-05,0.015389989723361242,0.02394723892211914,0.00032448911192073816,0.9939712607546556,0.005704250133072404,2.2316584058490463e-07,3.663075666166364e-07,-3887.20157350213
939,7018.949168095857,0.047542467047864106,58.982318570054304,4,TESPA1,9.919328864896366,18.728197874384367,-3492.943283716768,-2.4980616417770305,0.04407885758060734,SE,3888,2.0218875891667835e-05,0.007859248129003672,0.006074666976928711,3.616473580483754e-18,1.0,1.3899869355275821e-33,1.587618925213974e-14,7.984157070708573e-14,-3551.925602286822
940,3501.9015712822593,0.08577642902009659,73.30266937582337,4,RPL41,9.919328864896366,9.963605752461566,-1734.4194853099689,-4.11930315477444,0.08793854046220113,SE,3888,3.804605835918716e-05,0.0052752667981668016,0.005257368087768555,8.202375402937133e-32,1.0,1.5408340108978742e-59,0.0,0.0,-1807.7221546857922
941,8028.6566898432975,0.046065873778541176,55.0580133443882,4,MYL6,9.919328864896366,19.358475571448615,-3997.797044590488,-3.9215847971085096,0.08602079564313869,SE,3888,1.8063150081950268e-05,0.007434854198419839,0.006319761276245117,1.766426412664481e-05,0.8117680927279696,0.1882142430078483,1.170175067954915e-13,5.370618140658039e-13,-4052.855057934876
942,7040.95542880649,0.06150230293687531,152.77947859101687,4,SYT1,9.919328864896366,14.265070278917062,-3503.9464140720843,-7.528443725010624,0.26356929694919756,SE,3888,1.4789708188680677e-05,0.003629958004222066,0.004459381103515625,4.935041256747302e-07,0.9999995064955637,2.2276341156648174e-29,0.0,0.0,-3656.725892663101
943,8301.750646515065,0.017664359729926485,16.451827283419334,4,NUDT4,9.919328864896366,51.98691939521845,-4134.344022926372,-4.100139052781472,0.06802790711930573,SE,3888,9.167321917787405e-06,0.0228834098575631,0.015839576721191406,0.0005106892695425097,0.9994876981258818,1.6126038306873426e-06,4.990205925359259e-05,4.904379287822368e-05,-4150.795850209792
944,7215.159333315899,0.030979970064169457,30.495170412140396,4,NUAK1,9.919328864896366,29.24043591950607,-3591.0483663267887,-3.392896808562653,0.05704273046162564,SE,3888,1.468822673693234e-05,0.01258309218138824,0.0234377384185791,7.935097155648165e-14,0.9999999999972715,2.9705747649742744e-12,3.346986943153496e-08,6.869849575298689e-08,-3621.543536738929
945,5774.157346144474,0.04367820235793424,35.934380156702446,4,COX6A1,9.919328864896366,20.467810211061796,-2870.5473727410763,-6.079552107319102,0.16227879975310192,SE,3888,2.8614128260024327e-05,0.012976513538627195,0.014878034591674805,3.080071452576641e-09,0.9999999969195416,3.86293853740829e-25,2.0407581180492684e-09,5.481375110462911e-09,-2906.4817528977787
946,8226.851090829905,0.02808104467913975,22.276109208436537,4,CABP1,9.919328864896366,32.355556524454045,-4096.894245083792,-5.291621298127685,0.1213302875416402,SE,3888,1.7739113865658873e-05,0.018280795128707405,0.02349114418029785,2.0215547567880176e-10,0.9999999997980922,1.7417999338805963e-16,2.361261705718931e-06,2.9687042721804742e-06,-4119.170354292229
947,8129.578532985274,0.028530052411679153,37.47101916175416,4,DCLK1,9.919328864896366,31.831630377626986,-4048.2579661614764,-4.589418371667457,0.09498020862848536,SE,3888,1.0790190835463817e-05,0.01079202804486579,0.01379847526550293,6.142351290261158e-07,0.9999986355669749,7.501975930372146e-07,9.278140478130581e-10,2.595284049826736e-09,-4085.7289853232305
948,7262.191841194909,0.022961563008054648,29.76614029654411,4,NDFIP2,9.919328864896366,39.77793963573908,-3614.564620266294,-2.9880884848373923,0.042174323052718586,SE,3888,8.259982809491229e-06,0.012469238015975185,0.013843297958374023,5.977677464693239e-08,0.9999999359261004,4.297363783410654e-09,4.874312076186271e-08,9.641088929695175e-08,-3644.330760562838
949,7673.078132797115,0.023815995349849278,23.88027205875551,4,ATL1,9.919328864896366,38.317311786159266,-3820.007766067397,-3.6720061285904086,0.06069226932181392,SE,3888,1.0589501550514583e-05,0.014911159690148801,0.02472972869873047,0.0008545698827500042,0.9991454301169833,2.4163952067697105e-13,1.0251698049357216e-06,1.4211898122276066e-06,-3843.8880381261524
950,6597.542067782469,0.029707913165555117,20.370091696058807,4,RTN1,9.919328864896366,30.532504246117195,-3282.2397335600735,-7.492899860886435,0.22600300921976937,SE,3888,3.323419358630266e-05,0.030802717098818932,0.02349543571472168,0.0001009729792704762,0.9998990270191247,2.0509888746487407e-12,6.381947352473993e-06,7.3404393348517516e-06,-3302.6098252561324
951,5055.5498880359055,0.02948859384995687,26.19485009034952,4,CALM1,9.919328864896366,30.76654029347737,-2511.243643686792,-6.77367201719787,0.18296141917210917,SE,3888,1.6776091790411633e-05,0.015766879788594722,0.014225482940673828,0.00019871534400146243,0.9997394894172241,6.179523861305999e-05,3.0864454891865734e-07,4.86348986174854e-07,-2537.4384937771415
952,7684.575123445777,0.04507746555847881,37.87324496459087,4,NDUFB1,9.919328864896366,19.803444440086285,-3825.7562613917275,-6.126945111306694,0.17369638512213592,SE,3888,2.338659230673309e-05,0.010013289538783847,0.026061534881591797,2.400402259845007e-08,0.9999999759957067,4.93740833975273e-30,7.549350033997371e-10,2.1628991832940124e-09,-3863.6295063563184
953,8136.6440188748,0.041069379215803246,39.25269618966786,4,CHGA,9.919328864896366,21.827355960587656,-4051.7907091062393,-4.686684970364431,0.10961326696676593,SE,3888,1.4111579094135216e-05,0.007163454828496772,0.02566838264465332,1.1620747721297231e-12,0.9999999999990905,3.128399691829462e-31,3.7235381444844506e-10,1.1211579821261809e-09,-4091.043405295907
954,8150.955499357861,0.02773888027744568,35.75841332192795,4,MOAP1,9.919328864896366,32.766199804282195,-4058.94644934777,-5.036037582854505,0.11062056550251974,SE,3888,8.832302136336218e-06,0.0093150233742777,0.013531923294067383,1.9579089138512442e-05,0.9999803629743799,5.7936345020857886e-08,2.233652818262044e-09,5.932070814587655e-09,-4094.704862669698
955,7250.2404307197485,0.08631693627846386,125.76021307165638,4,IFI27,9.919328864896366,9.895360941731106,-3608.5889150287135,-1.4200089898324042,0.045660193664141126,SE,3888,3.1873561350275804e-05,0.004373326181945785,0.004449605941772461,3.7490133925746825e-50,1.0,6.824504319849968e-57,0.0,0.0,-3734.34912810037
956,8245.036461773136,0.06030557203734433,56.68645790965547,4,MEG3,9.919328864896366,14.56670391375554,-4105.9869305554075,-3.8231533392361987,0.09406375786355413,SE,3888,3.6526952820656985e-05,0.009280746690776448,0.004450082778930664,6.19959791271656e-16,1.0,9.100249281263829e-28,5.10702591327572e-14,2.463500440541164e-13,-4162.673388465063
957,8050.562532942234,0.026503167621325065,23.529685480597436,4,DYNC1H1,9.919328864896366,34.337513398289694,-4008.749966139956,-4.5672014397566105,0.09191635497837607,SE,3888,1.329891822920274e-05,0.015287396622273245,0.022011280059814453,1.4885602530421299e-06,0.9999984356321379,7.580783817273675e-08,1.2300125480368962e-06,1.6756786088005923e-06,-4032.2796516205535
958,6736.480347995636,0.04590883487433221,73.76020402953282,4,HSP90AA1,9.919328864896366,19.427892237970866,-3351.7088736666574,-6.4159034995533615,0.1846576827157837,SE,3888,1.3734590225814564e-05,0.00568839008218437,0.007333040237426758,0.0003965564500049613,0.9996034435496973,2.343220433280984e-15,0.0,0.0,-3425.46907769619
959,7456.139164778209,0.04662324928425475,47.40565679067686,4,SNRPN,9.919328864896366,19.115871485312432,-3711.538282057944,-6.805177621610147,0.2097225689940843,SE,3888,1.77371143760213e-05,0.0071429628470563436,0.013059854507446289,2.0546315914142262e-25,1.0,1.204659014633452e-34,5.771605415816339e-12,2.2363895798990285e-11,-3758.9439388486207
960,7371.047727207041,0.023401229731634825,20.38932509203005,4,APBA2,9.919328864896366,39.01302045370254,-3668.99256327236,-3.382330702423409,0.052010354914866525,SE,3888,1.234052309408707e-05,0.01796788234380922,0.01460409164428711,5.574135010319576e-07,0.9999946103270938,4.832259513926041e-06,6.318125198578883e-06,7.30256746668375e-06,-3689.38188836439
961,8268.33439508389,0.0271857062502296,22.485899940941636,4,SCG5,9.919328864896366,33.45194743730086,-4117.635897210785,-5.118411358876939,0.11360743236558087,SE,3888,2.0046099070162438e-05,0.021961558522375742,0.023372173309326172,0.02752629600743944,0.9724388650476817,3.4838944367159993e-05,2.1169179447166897e-06,2.690120555358452e-06,-4140.121797151726
962,6515.244895665609,0.021994311952127234,29.504279640108507,4,TYRO3,9.919328864896366,41.56837837929255,-3241.0911475016437,-2.2816636010321747,0.026367698739850152,SE,3888,7.3495269564825475e-06,0.012044579326805019,0.017281532287597656,1.1095864041590638e-06,0.9999971538076838,1.7366057426874215e-06,5.5793368702872215e-08,1.0898779761642957e-07,-3270.595427141752
963,7873.7041971614435,0.04723040547678612,60.85521486946027,4,SERF2,9.919328864896366,18.858115772261158,-3920.320798249561,-4.116653030483657,0.09231493108660659,SE,3888,1.6803631466685607e-05,0.006610109232266007,0.0062029361724853516,2.5772574500287333e-10,0.9999999968931662,2.8486563287966246e-09,6.106226635438361e-15,3.2802043909379623e-14,-3981.1760131190213
964,8694.544839282986,0.10054384223400865,115.38127982459991,4,B2M,9.919328864896366,8.362894233886687,-4330.741119310333,-2.169328154044682,0.08390370527512209,SE,3888,4.479426126236519e-05,0.004783117121189248,0.004444599151611328,3.047914078279401e-29,1.0,8.084764300682404e-30,0.0,0.0,-4446.1223991349325
965,7907.450577114401,0.07267139915862471,155.62946540781422,4,MAP2K1,9.919328864896366,11.92894991640556,-3937.19398822604,-4.096460125272538,0.10833071359337194,SE,3888,1.750929757280314e-05,0.003215204333033232,0.004517793655395508,1.7780272493499526e-24,1.0,7.044134353343028e-48,0.0,0.0,-4092.823453633854
966,7553.0269031640755,0.02504511518513521,29.52461044760912,4,RPL4,9.919328864896366,36.39096470361188,-3759.982151250877,-5.272521199469882,0.11484496896847178,SE,3888,1.18379682010354e-05,0.015148649266005678,0.014632463455200195,0.10958948307268834,0.8904105169270419,5.8361044987991436e-18,5.5211172855784696e-08,1.0874927986745471e-07,-3789.506761698486
967,8206.686710904447,0.035576041572560044,27.387754115745338,4,COX5A,9.919328864896366,25.34209118259545,-4086.812055121063,-5.0633542777828655,0.1198250186600317,SE,3888,2.0907063838868943e-05,0.013835605399430344,0.024695634841918945,2.6782655640248876e-17,1.0,2.266226957038404e-20,1.664821569491437e-07,2.841178917412364e-07,-4114.1998092368085
968,8005.340180175667,0.03314990483931225,43.95562658045037,4,SV2B,9.919328864896366,27.265215882639787,-3986.138789756673,-4.125732227751379,0.08295155569188299,SE,3888,1.2152022981037219e-05,0.0091720125776777,0.01235055923461914,2.7593747353440263e-07,0.9999997217710576,2.2912265026147645e-09,3.359057476615135e-11,1.1939233683115996e-10,-4030.094416337123
969,7219.793660119442,0.02081080266498059,21.158775801108277,4,BAIAP3,9.919328864896366,43.985533605699814,-3593.3655297285604,-2.3848534948494238,0.028887756967712678,SE,3888,9.63771006286472e-06,0.01755713909886061,0.014411449432373047,5.304581980712585e-09,0.9999999946558092,3.970557734297376e-11,4.227609057161352e-06,5.034020402390436e-06,-3614.5243055296687
970,7888.030851465629,0.03921203981197374,32.72775595140229,4,HCFC1R1,9.919328864896366,22.90552233171704,-3927.4841254016537,-3.5862779593883,0.0704081125549061,SE,3888,1.7647047817408452e-05,0.009754135689258597,0.022172212600708008,1.3887863136058783e-14,1.0,8.255070880556851e-17,1.0601255318043457e-08,2.4093762086462404e-08,-3960.211881353056
971,7900.206190982778,0.0147370036522945,14.889131474391434,4,SNN,9.919328864896366,62.49928709671381,-3933.5717951602282,-3.4851640175599083,0.04769563631982317,SE,3888,7.367277287213678e-06,0.026106662235744132,0.014176130294799805,0.1839319614755701,0.8160678644384817,1.7408627013366377e-07,0.0001140180038021743,0.00010547831698475475,-3948.4609266346197
972,8243.308915217845,0.024395900621087117,23.870868504158352,4,ARL6IP1,9.919328864896366,37.38426473102313,-4105.123157277762,-5.004001625234501,0.10589252738246303,SE,3888,1.4370481576924471e-05,0.019330134570463845,0.025454282760620117,5.716447040564135e-05,0.9984587374773993,0.0014840980514804396,1.0301898945019872e-06,1.42397327257053e-06,-4128.994025781921
973,8116.412071982846,0.04845035501316312,35.17169425301881,4,CRYM,9.919328864896366,18.359741848169257,-4041.6747356602623,-4.0242585901521135,0.09156409882377876,SE,3888,2.8753137706554737e-05,0.010800522672663775,0.021381855010986328,5.032588326966154e-11,0.9999999999499778,1.0965688140409506e-27,3.0187962130057144e-09,7.841029124690168e-09,-4076.846429913281
974,8329.46514453202,0.04261563604542906,68.20185718804805,4,PRKCB,9.919328864896366,21.001457607174476,-4148.2012719348495,-4.281326000982415,0.09727403826560486,SE,3888,1.4115928877946692e-05,0.006696337578063164,0.0071184635162353516,4.934518109790709e-16,1.0,4.8212960290027925e-27,1.1102230246251565e-16,6.560408781875925e-16,-4216.403129122898
975,8256.985084705477,0.021733543025947197,20.374824354761586,4,SEZ6L2,9.919328864896366,42.0783511748693,-4111.961242021578,-4.693280910083054,0.09159145942162973,SE,3888,1.0141776658318812e-05,0.01700374204273211,0.014473676681518555,2.477431654820565e-07,0.9999997434588624,8.798863279403265e-09,6.366183201045317e-06,7.340166883688614e-06,-4132.33606637634
976,3172.1213955473477,0.10399967578244383,225.4586628994898,4,MT3,9.919328864896366,8.053937663257209,-1569.529397442513,-5.369030928778588,0.14360513139249265,SE,3888,2.8710356666365226e-05,0.0029031946705798763,0.004537105560302734,3.995053266261065e-23,1.0,8.50340849579474e-55,0.0,0.0,-1794.9880603420029
977,7973.701744732443,0.057606724504979466,50.6039713287164,4,NDRG4,9.919328864896366,15.292943318364264,-3970.319572035061,-6.198910802364158,0.18994652836962328,SE,3888,3.128009090045021e-05,0.008617804711563688,0.006250619888305664,1.3096049478201995e-22,1.0,3.3834339464600617e-29,1.1302070390684094e-12,4.645910358225873e-12,-4020.9235433637773
978,6049.172232590808,0.030113642708007163,24.529067694052628,4,COX4I1,9.919328864896366,30.10853605462953,-3008.054815964243,-6.04433833753606,0.14971499879296155,SE,3888,1.7021241626229867e-05,0.015378889792546093,0.023706674575805664,8.008028105791494e-07,0.9999991991975118,2.696369718741678e-16,7.31972102374634e-07,1.0581748491376416e-06,-3032.5838836582957
979,8162.534013671398,0.025357809560593733,25.492406791973735,4,NAA38,9.919328864896366,35.93068970787653,-4064.735706504538,-4.714996556221706,0.09624855385534811,SE,3888,1.100395610794118e-05,0.013753703744488198,0.023378372192382812,3.0667843851909325e-05,0.9999693321561292,2.8012036834895263e-19,4.441274044086896e-07,6.729203097101358e-07,-4090.2281132965118
980,7524.112216979923,0.03444063749378531,28.39940155986369,4,RPL26,9.919328864896366,26.208362085059196,-3745.5248081588006,-4.324127501623839,0.08857872068038972,SE,3888,1.7411753668235608e-05,0.012238765979410553,0.02337193489074707,3.840136144519792e-14,0.9999999999918147,7.949850969202147e-12,9.869581318877607e-08,1.7672804014519133e-07,-3773.9242097186643
981,7680.2996255329135,0.025717714816114665,37.860945362954226,4,ALDOC,9.919328864896366,35.41477707907187,-3823.618512435296,-5.906555298291099,0.14260102019376902,SE,3888,7.232524682011441e-06,0.00880144510570864,0.011620283126831055,0.0002984346058369124,0.9997015653941739,1.6416369373627616e-26,7.597095175171376e-10,2.163466314944751e-09,-3861.47945779825
982,7383.740460074278,0.04023092889589169,43.55074283524664,4,RPL19,9.919328864896366,22.301741256084767,-3675.3389297059784,-4.014303157198613,0.08178756176765942,SE,3888,1.6637014619302344e-05,0.008771667541586373,0.015007495880126953,7.633442337890968e-12,0.9999999635883803,3.6404026352095484e-08,4.13107326124873e-11,1.4359345560490237e-10,-3718.889672541225
983,7493.227044513661,0.022145428874659204,20.540394057595222,4,THRA,9.919328864896366,41.278343180486225,-3730.0822219256697,-2.995405221983145,0.04232789772418387,SE,3888,1.5082608191164097e-05,0.024396562771194532,0.024275541305541992,0.016654331618509193,0.9750606277072527,0.0082850406740611,5.838604662744551e-06,6.798196203822585e-06,-3750.622615983265
984,8820.722870573116,0.14580923072028062,315.0584749610507,4,GFAP,9.919328864896366,5.476485444953031,-4393.830134955398,-0.9110893308337988,0.10270923969914982,SE,3888,5.76575639484836e-05,0.0034686315972458316,0.004435062408447266,3.1415167061945253e-31,1.0,1.1172927838756187e-74,0.0,0.0,-4708.888609916448
985,8114.3658402080155,0.031062415764742026,32.704668323546684,4,NSF,9.919328864896366,29.160344890578774,-4040.651619772847,-5.666487598006756,0.14007166053196193,SE,3888,1.473796547528442e-05,0.012562949935375942,0.014128923416137695,4.0898047667347536e-06,0.9999959101889504,6.165584330371445e-12,1.0727925769948854e-08,2.4149443291659757e-08,-4073.3562880963937
986,7266.39950885143,0.02094167668386862,19.058953582151844,4,TRIM37,9.919328864896366,43.70480592346236,-3616.6684540945544,-3.332532755329483,0.048653170473520545,SE,3888,1.0593796732676509e-05,0.019068570418215157,0.014345169067382812,7.869101940782081e-07,0.993377052703284,0.006622160386085503,1.2674172495952263e-05,1.3741805041482854e-05,-3635.727407676706
987,6896.230494219272,0.0280456306951308,41.10194623400503,4,BAIAP2,9.919328864896366,32.397593203402835,-3431.5839467784754,-2.6360437934868637,0.036871897435265234,SE,3888,9.745848674536961e-06,0.010067384290053548,0.012285232543945312,3.09813151078151e-08,0.999999969018973,1.9376864637213125e-19,1.4449241803049517e-10,4.5537004470216663e-10,-3472.6858930124804
988,6845.089030649501,0.45731167441105114,883.1477077098834,4,MBP,9.919328864896366,1.1093543053394719,-3406.01321499359,-2.520581333552524,0.31649034244618357,SE,3888,0.0001392037519946673,0.00263759501294253,0.0034656524658203125,3.3077915607807034e-77,1.0,5.598017517208698e-215,0.0,0.0,-4289.160922703473
989,8194.921871722889,0.045213390796964174,44.360672058147884,4,FKBP1A,9.919328864896366,19.74109886754855,-4080.9296355302836,-3.912418343771289,0.08613316099899916,SE,3888,2.7342849679726775e-05,0.011643230965601074,0.0062100887298583984,9.965300175112847e-05,0.999900346998251,1.1443228058203385e-35,2.73119304949887e-11,1.0008600322335535e-10,-4125.2903075884315
990,7861.848726070312,0.02022017466178496,20.189770534108902,4,SIRPA,9.919328864896366,45.29765006329085,-3914.3930627039954,-3.988656660898241,0.06668338900887029,SE,3888,9.591614848181432e-06,0.018464297319767765,0.017369508743286133,0.00023411682187103567,0.9976685359925015,0.0020973471851950874,7.012694220542848e-06,7.962313500583714e-06,-3934.5828332381043
991,8147.910169670114,0.023983081540517513,19.97504256535467,4,CHGB,9.919328864896366,38.04384856857246,-4057.423784503896,-4.525289060926339,0.0881726851075561,SE,3888,1.6542167314417517e-05,0.022985337774404816,0.02392888069152832,0.0003815117676255154,0.9996086819064602,9.806326046410876e-06,7.845958030272548e-06,8.789095596169163e-06,-4077.3988270692507
992,4733.881723063275,0.04618272193340462,46.243140961028075,4,SNAP25,9.919328864896366,19.307130932753946,-2350.4095612004767,-8.0276050215642,0.27328442301250927,SE,3888,1.9925862653390954e-05,0.008163898154276115,0.016270160675048828,2.4623827615333942e-21,1.0,3.311131184994292e-33,1.0445200260278398e-11,3.950184825705285e-11,-2396.6527021615047
993,4057.132207397576,0.09355130583623612,179.994321740513,4,CST3,9.919328864896366,9.057856919153652,-2012.0348033676273,-4.591394839231193,0.11030505219221128,SE,3888,3.0215162994420808e-05,0.0036286395308464995,0.004500865936279297,2.3702569191273077e-22,1.0,6.565772952570153e-68,0.0,0.0,-2192.0291251081403
994,8272.265051555354,0.025114376626998926,25.30561088853483,4,MAP1LC3A,9.919328864896366,36.28802612325217,-4119.601225446517,-4.850403695979827,0.1011922675774967,SE,3888,1.1419278950180199e-05,0.014536466504058442,0.02280712127685547,0.0404329855593759,0.8084289155664146,0.1511380988742476,4.892833912473193e-07,7.250708562228728e-07,-4144.906836335052
995,5870.756766733558,0.025603896076295946,27.712875966724823,4,RPS21,9.919328864896366,35.57636445317553,-2918.847083035618,-5.652702708094105,0.12712410955630826,SE,3888,1.0545846563783975e-05,0.01294188416075975,0.024734020233154297,0.005664622495927393,0.9943353771473201,3.568969267396239e-10,1.4072293619271647e-07,2.419038903147523e-07,-2946.559959002343
996,7924.286999718667,0.026655774334483195,26.010483278673746,4,ATP5F1D,9.919328864896366,34.13557605667052,-3945.612199528173,-5.467579580033686,0.12576279315140176,SE,3888,1.303014753808409e-05,0.014816590460161247,0.024192333221435547,0.000868073822637034,0.9991319252080835,9.690992601457835e-10,3.395684687879097e-07,5.263058234566708e-07,-3971.6226828068466
997,7551.561949144881,0.028564854504771902,28.386305409879242,4,OAZ1,9.919328864896366,31.791709244391527,-3759.2496742412795,-5.801497742276431,0.14110541202109647,SE,3888,1.3677783376824958e-05,0.013648720413401325,0.023270368576049805,5.935463864703553e-09,0.9999996730494412,3.2101511611777847e-07,9.936572897828455e-08,1.7725618891495014e-07,-3787.635979651159
998,7809.505924143218,0.030913858206797196,28.431178472180363,4,AES,9.919328864896366,29.304968233260098,-3888.2216617404483,-5.453248715858757,0.12954682294462058,SE,3888,1.4399918031072003e-05,0.01238561776579306,0.023084163665771484,7.75899794526691e-16,1.0,1.7661475090083592e-15,9.708906134608952e-08,1.7451196647067596e-07,-3916.6528402126287
999,6095.74103469887,0.025299255262022587,22.131303155987553,4,RPS28,9.919328864896366,36.01601374430345,-3031.339217018274,-5.473935722094266,0.1197727815913968,SE,3888,1.5526437910236698e-05,0.019491595478836696,0.023644447326660156,0.11421679408717018,0.8857832059130147,6.763127681000992e-14,2.5462373230977775e-06,3.1843275805936615e-06,-3053.4705201742618
1000,8129.322899985521,0.02752869364579876,31.00367309801004,4,PIN1,9.919328864896366,33.02351334687197,-4048.1301496615997,-5.251848695771946,0.11874099695052458,SE,3888,1.1257878517956887e-05,0.012044907202120302,0.013851404190063477,0.0008778118244958064,0.9991221881758863,4.6714538701815015e-14,2.5754058108340416e-08,5.459482354805144e-08,-4079.1338227596098
1001,7687.893654274802,0.03332685718444554,25.853529048351902,4,RPL18A,9.919328864896366,27.11548487105904,-3827.4155268062405,-4.384650153379799,0.09041667764988702,SE,3888,1.6530203803318998e-05,0.012353206183132931,0.0157625675201416,9.864679780617077e-17,0.9999999999954525,4.772313960820871e-12,3.683306603052827e-07,5.634949789901354e-07,-3853.2690558545924
1002,8147.053344162499,0.03947348613633386,43.23625459193363,4,MAST3,9.919328864896366,22.747619577633177,-4056.995371750089,-3.6759391601603877,0.07450588096337243,SE,3888,1.6474099444839165e-05,0.008994996383218126,0.015297412872314453,5.1445131883316646e-14,1.0,4.4990060714032424e-18,4.8513415507045465e-11,1.6499003311748622e-10,-4100.2316263420225
1003,7852.351159667624,0.03919667727261209,32.108619990699935,4,TMEM59L,9.919328864896366,22.914866193444727,-3909.6442795026514,-5.812539300043784,0.1539475194404621,SE,3888,3.06001315310694e-05,0.016925973896206273,0.013953685760498047,4.8051187004849715e-08,0.9999999519486676,7.5968922478055935e-25,1.4578901863515625e-08,3.220488092195465e-08,-3941.7528994933514
1004,7867.558541442021,0.029238877955167338,26.83115805239595,4,NDUFA13,9.919328864896366,31.037287199729164,-3917.24797038985,-5.332085497992923,0.1229416736520845,SE,3888,1.4571830863634951e-05,0.013916090694078504,0.023073673248291016,7.11285135076336e-11,0.9999999999281499,4.2902710451796396e-13,2.220285404419542e-07,3.663075666166364e-07,-3944.0791284422457
1005,7473.848053240746,0.028806127568006098,34.99432359877528,4,YJEFN3,9.919328864896366,31.517599784041316,-3720.392726289212,-2.8746615747499273,0.04401749826115621,SE,3888,1.343411003278771e-05,0.013194818143282331,0.012434005737304688,1.4025525247176748e-05,0.9999859744722439,2.9619748215540626e-12,3.3066789306701594e-09,8.423784967062015e-09,-3755.3870498879874
1006,8092.867026631025,0.02552664529787412,23.82410818454491,4,GPI,9.919328864896366,35.68685755036163,-4029.9022129843515,-5.198898124800841,0.11418209689768283,SE,3888,1.3506630090429497e-05,0.0166706102520361,0.022881269454956055,0.0071709211332112235,0.9928290779925417,8.745769451803098e-10,1.0555213818541631e-06,1.4535410778692402e-06,-4053.7263211688964
1007,7735.64296228905,0.07652231120638953,130.26611280561292,4,SCN1B,9.919328864896366,11.281592568612002,-3851.2901808133643,-3.9972107200376663,0.10562115166621422,SE,3888,2.1531136710132592e-05,0.0036194921219500635,0.004476785659790039,5.034512767562494e-31,1.0,1.7683230663764852e-97,0.0,0.0,-3981.556293618977
1008,8049.471457722601,0.03392864448579468,26.45085120051226,4,COX6B1,9.919328864896366,26.617960645717943,-4008.20442853014,-5.362188112621199,0.1297698036929228,SE,3888,2.0171009835195938e-05,0.014579318553109068,0.023381948471069336,7.119444591404642e-08,0.9999999288056668,2.7249874759176677e-19,2.7032933036519324e-07,4.331933799380601e-07,-4034.655279730652
1009,8249.210275490976,0.02572105718295266,41.33654322081202,4,APLP1,9.919328864896366,35.41005356726626,-4108.0738374143275,-4.823387406120759,0.10082082294448172,SE,3888,7.070222613831584e-06,0.008601816278912766,0.01235342025756836,0.013687034727024405,0.9863129652717371,1.0404942676167306e-12,1.2815060124182764e-10,4.093262447527664e-10,-4149.4103806351395
1010,8262.526202334822,0.07704386741200805,82.09426207562865,4,COX7A1,9.919328864896366,11.198892276063951,-4114.731800836251,-4.506215157810038,0.12998098193006888,SE,3888,3.249103577970324e-05,0.005399103447539207,0.0045850276947021484,7.322720382203532e-45,1.0,8.33086752222625e-47,0.0,0.0,-4196.8260629118795
1011,8136.514752584584,0.060452164121778264,87.41091093874866,4,TTC9B,9.919328864896366,14.52911382868426,-4051.7260759611313,-5.072624721358448,0.14009583601876138,SE,3888,1.5958450412465665e-05,0.004037396681096254,0.004493236541748047,3.1080034676189944e-46,1.0,6.857602498729659e-58,0.0,0.0,-4139.13698689988
1012,7991.572620552285,0.026860369409748647,30.419704660327625,4,PLD3,9.919328864896366,33.86844525101048,-3979.255009944982,-5.3091967308356,0.11978126177466056,SE,3888,9.613261339363396e-06,0.010774288409109814,0.016007661819458008,9.041386375444565e-09,0.9999999714591472,1.949911760436876e-08,3.479754606683372e-08,7.059978132951046e-08,-4009.6747146053094
1013,8131.000688116615,0.02280526087653833,20.53172994361239,4,APOE,9.919328864896366,40.0569757985137,-4048.9690437271465,-4.3575325793077475,0.08134424086808677,SE,3888,1.2130489890355659e-05,0.018552207830853828,0.02757859230041504,0.00032070061357960096,0.9996792993859922,1.0191745433009501e-14,5.865091299184222e-06,6.8122570372477e-06,-4069.500773670759
1014,7627.040820753416,0.027935874544200316,32.71187225705944,4,PNMA8A,9.919328864896366,32.5285516358741,-3796.989110045547,-3.6713231633737755,0.0638078944306778,SE,3888,1.2944492631542821e-05,0.01347084600301281,0.013933420181274414,0.0009703210597558305,0.998987228488592,4.245045180216058e-05,1.0688239515665998e-08,2.4149443291659757e-08,-3829.7009823026065
1015,7533.504530786221,0.022679264734116283,21.69683836355398,4,PNMA8B,9.919328864896366,40.28470845698307,-3750.2209650619498,-3.4150594708364537,0.05268234163700531,SE,3888,1.0319660357569937e-05,0.015950416940332116,0.015007257461547852,3.068685584964147e-05,0.9999663173336777,2.9958101168415328e-06,3.1931712489718933e-06,3.900514562991272e-06,-3771.9178034255037
1016,5619.418210898705,0.05252493827240662,36.02963008739107,4,FTL,9.919328864896366,16.86297979316455,-2793.177805118192,-4.119625609191185,0.08471907452901693,SE,3888,4.212555746956684e-05,0.01368296571069824,0.02482914924621582,1.3767280190237266e-07,0.9999998623152446,1.1999725651132441e-11,1.94339777603858e-09,5.2496978885198005e-09,-2829.207435205583
1017,6622.52630831087,0.0236802530707842,25.453843700344805,4,PRKCG,9.919328864896366,38.54231677259661,-3294.7318538242744,-2.571221380845056,0.03262296910689359,SE,3888,1.3167784422680499e-05,0.018744490884318857,0.02804398536682129,1.9866260285060375e-06,0.9999916558547528,6.35751949063753e-06,4.5309403373661183e-07,6.821334613290045e-07,-3320.185697524619
1018,8292.66061672364,0.0316451388073525,37.37728237081137,4,RPS9,9.919328864896366,28.60616336885322,-4129.79900803066,-3.1888057787661612,0.05633169185327548,SE,3888,1.2943881890338372e-05,0.010656054687322936,0.013437032699584961,2.7370421520278405e-06,0.9992889401962175,0.0007083227625168446,9.734949513173774e-10,2.7070447844119584e-09,-4167.176290401471
1019,7997.6767219045405,0.01998201731487305,21.033011848203387,4,CHCHD10,9.919328864896366,45.84867573468185,-3982.3070606211095,-5.5460712809779205,0.11995246627111011,SE,3888,8.00962148611019e-06,0.015773277761854297,0.016585111618041992,0.46973580937935416,0.5302641906202807,3.032322731456769e-14,4.514377234365874e-06,5.321868424099421e-06,-4003.340072469313
1020,8239.045267676996,0.028646227116608945,31.965796835100264,4,MIF,9.919328864896366,31.698746081528157,-4102.991333507338,-4.948232748515641,0.10858739760948086,SE,3888,1.20073548330599e-05,0.01191779057332503,0.01439213752746582,1.686278133545431e-07,0.9999998313724207,4.009827587393844e-19,1.5691115629046237e-08,3.434082545077459e-08,-4134.957130342438
1021,8371.227730733335,0.06322192850740979,67.96856887442209,4,LGALS1,9.919328864896366,13.851635640989427,-4169.082565035507,-4.801284171255581,0.13286336861333672,SE,3888,2.598255249129918e-05,0.006075741320459717,0.004491090774536133,2.1725711424214264e-18,1.0,2.4370826877153254e-45,1.1102230246251565e-16,6.560408781875925e-16,-4237.051133909929
1022,7108.32752676568,0.020888848018876735,20.273249685234077,4,ATF4,9.919328864896366,43.81770120164661,-3537.632463051679,-2.647995746007164,0.03348239792410645,SE,3888,9.687890665040136e-06,0.01752249988058286,0.015839338302612305,7.497307594535453e-06,0.9977412722999335,0.0022512303926563596,6.713266356483949e-06,7.665565448773943e-06,-3557.9057127369133
1023,7421.526298756221,0.026584047157140554,28.045166022651756,4,APP,9.919328864896366,34.23020051823547,-3694.2318490469497,-6.28878131383691,0.16055834414575781,SE,3888,1.2846145603353041e-05,0.014682022132267502,0.024456501007080078,0.00015612965630963448,0.9998438703437396,5.332441556544962e-16,1.1851678416441302e-07,2.075041338905548e-07,-3722.2770150696015
1024,7654.4707181875065,0.028148942140380544,23.25329156500993,4,SOD1,9.919328864896366,32.27525749808837,-3810.7040587625925,-6.081744122576204,0.1536350276961454,SE,3888,1.633468423900458e-05,0.01675697651929528,0.02384018898010254,2.111867833056321e-08,0.9999999788815332,3.300289561492817e-14,1.4200719670176554e-06,1.8910049240696052e-06,-3833.9573503276024
1025,8600.03768896469,0.03217638652234012,49.65159985279479,4,S100B,9.919328864896366,28.118427290222787,-4283.487544151185,-2.5608913188813305,0.044085378702139716,SE,3888,9.158708631175201e-06,0.00730863429883589,0.017756223678588867,1.025386330053183e-06,0.9985141717802442,0.001484802833066198,1.8361978604275464e-12,7.418981254252714e-12,-4333.13914400398
1026,2380.8918939220493,0.7600958256809546,2620.277975782251,4,log_total_count,9.919328864896366,0.2950540224589769,-1173.914646629864,7.847165665275016,0.6469114645584201,SE,3888,3.41953417729693e-05,0.0010687805791406006,0.004503965377807617,0.0,1.0,0.0,0.0,0.0,-3794.192622412115
1027,7431.151432806389,0.01905274288501554,4.388823583152771,4,CAMTA1,19.196922464802824,41.19559807083983,-3699.0444160720335,-3.080884979716857,0.023500434460235385,SE,3888,0.00011757869699602133,0.2537194130307653,0.010946273803710938,0.04801553546168176,0.5952233316261745,0.35676113291228617,0.03617526598334886,0.016540306978700934,-3703.4332396551863
1028,7669.163064304791,0.022568990258885115,27.949701187402752,4,KIF1B,19.196922464802824,34.652665467156055,-3818.050231821235,-3.137955077346557,0.02680529781070994,SE,3888,4.662156060339209e-05,0.07273310473394144,0.004810810089111328,0.0003026633405585128,0.9996972730494016,6.361023650367379e-08,1.2451018405190695e-07,2.1639470490304685e-07,-3845.9999330086375
1029,6834.146644156659,0.06382635906226332,115.67833701798236,4,EFHD2,19.196922464802824,11.7359702428139,-3400.5420217471687,-2.9781637005651365,0.04310653749651434,SE,3888,0.00010614900535954448,0.02441163784803395,0.004481315612792969,0.0001244321017076538,0.999875567897804,5.379112929978789e-13,0.0,0.0,-3516.220358765151
1030,8032.726982214649,0.017687948984875534,11.5009042344509,4,MINOS1,19.196922464802824,44.43596917614894,-3999.8321907761638,-4.6411660912370705,0.04181384956038278,SE,3888,4.959885837671334e-05,0.1234902622453429,0.008329629898071289,0.04293465615442532,0.9570649626343067,3.812108862297448e-07,0.0006956234121013871,0.000534699444630778,-4011.3330950106147
1031,8282.999314994937,0.006794587096957188,4.830947573193043,4,FABP3,19.196922464802824,116.96035277632485,-4124.968357166308,-4.238864806433904,0.026779373420977918,SE,3888,2.4094759103790606e-05,0.38872034563315183,0.012619495391845703,0.26770681565022236,0.5869820170120897,0.14531116733685095,0.02795326309870827,0.01324075133114256,-4129.799304739501
1032,7644.303658028742,0.022470522323503904,7.151715933409832,4,NDUFS5,19.196922464802824,34.80802295752738,-3805.62052868321,-5.6572134171783555,0.060086697176408,SE,3888,0.00017930427925458544,0.28207185630993803,0.010745048522949219,0.0010157235457525734,0.9966051404511967,0.002379136002652454,0.007489229949330656,0.004275801025089966,-3812.77224461662
1033,6875.60309618013,0.04425828641773048,17.123970606329294,4,RPS8,19.196922464802824,17.27860228016187,-3421.270247758904,-4.38578000647143,0.05054451779949749,SE,3888,0.00019765682397097348,0.08750523085727674,0.004489898681640625,4.89693513475251e-05,0.6034319045601743,0.3965191260880339,3.5017549319782404e-05,3.5145967277141186e-05,-3438.3942183652334
1034,6906.959656923275,0.033805388120922514,13.98161646688186,4,ELAVL4,19.196922464802824,22.868693119360458,-3436.948528130477,-3.1357718135616914,0.030336624326875283,SE,3888,0.00014994871217396139,0.10911840041624797,0.017099380493164062,0.0003269299227742853,0.9996684985115288,4.571566145930709e-06,0.00018460683016074952,0.00016528159725135976,-3450.930144597359
1035,8043.046000078525,0.012658802136631592,4.764830073415396,4,MRPS21,19.196922464802824,62.40757523114638,-4004.991699708102,-3.7980588412551706,0.02752778648191059,SE,3888,8.921115502158508e-05,0.4248025723269764,0.010952472686767578,0.0010825435336221936,0.7788497030432169,0.2200677534235609,0.029046926489947,0.013690203729513678,-4009.756529781517
1036,8232.997745003655,0.012572709099593989,10.648581540943269,4,MLLT11,19.196922464802824,62.84039711533508,-4099.967572170667,-5.1397552283949866,0.04460432156065393,SE,3888,3.872509717876111e-05,0.18686765241831757,0.010673761367797852,0.3910229536563898,0.6087861571926891,0.00019088915035893415,0.0011015535654010922,0.0007950143705878806,-4110.61615371161
1037,8322.440526845603,0.03874477191431703,8.758116314638755,4,S100A6,19.196922464802824,19.851268710111412,-4144.688963091641,-3.0791114283479164,0.039736550123403894,SE,3888,0.0001623744074163368,0.09175591288337982,0.009719133377075195,0.36032082567454354,0.6396177276327584,6.144669245064414e-05,0.003082272375691697,0.0019324591697126626,-4153.44707940628
1038,8030.343154411917,0.018277121708479928,14.34615194941125,4,RGS4,19.196922464802824,42.97775937321518,-3998.6402768747976,-5.60677225634956,0.056846546941854106,SE,3888,4.133647695177571e-05,0.09662304612028629,0.010939836502075195,0.0005172123228888333,0.9994827863319143,1.3447702264468232e-09,0.00015209022893258872,0.0001372083952896359,-4012.986428824209
1039,8091.923351313298,0.007425270333091808,7.154672113984816,4,GLUL,19.196922464802824,106.95808195202689,-4029.430375325488,-4.31609569408058,0.028193954168464857,SE,3888,1.1484333083652447e-05,0.15554493421017737,0.01110982894897461,0.1934862243056065,0.8046043852261078,0.001909390468328511,0.007476896211040196,0.004275801025089966,-4036.585047439473
1040,8167.7537188450815,0.021467220304277765,34.035639808511405,4,YWHAQ,19.196922464802824,36.4722223812456,-4067.34555909138,-3.944566641339659,0.0362513909433713,SE,3888,3.0060463307433963e-05,0.05160171458048962,0.003862142562866211,0.09565095045510663,0.904349049472264,7.300854397158702e-11,5.411179060388349e-09,1.314253332013522e-08,-4101.381198899891
1041,6670.8093120998155,0.0224137461364066,38.00264335504107,4,TMEM178A,19.196922464802824,34.89822186326472,-3318.873355718747,-2.6648504195370997,0.019884049180726435,SE,3888,2.6788084962125007e-05,0.042345551270321614,0.0044405460357666016,0.06953255122612007,0.5879785331019134,0.34248891567167616,7.064885343410765e-10,2.061582704025588e-09,-3356.875999073788
1042,7439.0996503440865,0.014399656389831964,9.69645887697152,4,ACYP2,19.196922464802824,54.766045025992305,-3703.0185248408825,-2.985746676222769,0.019856343373577563,SE,3888,3.4755682492452664e-05,0.12881981954126204,0.009197235107421875,0.0038070867793637254,0.9961300343309945,6.287888971970597e-05,0.0018462344754613946,0.001236211598300187,-3712.714983717854
1043,6648.217795743484,0.01654377162989983,23.304873838015737,4,SLC4A10,19.196922464802824,47.56452570519926,-3307.5775975405813,-2.402984773713661,0.015094246449434209,SE,3888,1.7622645506384488e-05,0.04992098223810299,0.010214567184448242,0.14051908469850516,0.8594802756776928,6.396241938128052e-07,1.3824923658090071e-06,1.8566529706112702e-06,-3330.882471378597
1044,6847.598111812681,0.01459095416555124,15.874221811640382,4,RAPGEF4,19.196922464802824,54.03753294172834,-3407.2677555751798,-2.569120499869126,0.01564651960732571,SE,3888,1.920858852318933e-05,0.0693953481956383,0.011220455169677734,0.015095928666869275,0.9808525390075764,0.004051532325751188,6.769451821309058e-05,6.491084173115823e-05,-3423.14197738682
1045,6812.824036740504,0.03438733470901264,10.437598898155557,4,UBE2E3,19.196922464802824,22.46813886777961,-3389.8807180390913,-2.7875270766936024,0.02701123529469952,SE,3888,0.0001346266085044452,0.09490262163379302,0.00839686393737793,0.09356028649555839,0.9064366856493881,3.027854966775239e-06,0.00123475682934715,0.000876431273901881,-3400.318316937247
1046,6626.062488264241,0.012181354841041506,12.687239482972473,4,FAM171B,19.196922464802824,64.8849966814605,-3296.49994380096,-2.2456009262766217,0.011914612713078929,SE,3888,1.953537139037677e-05,0.10026059750281256,0.010974407196044922,0.021450458660939715,0.9765966834576483,0.0019528578815378559,0.00036815938912460044,0.00030162735519897945,-3309.1871832839324
1047,8005.503116191766,0.022212393689920264,6.993841239677295,4,HSPE1,19.196922464802824,35.221822793692574,-3986.220257764722,-3.816818276210515,0.03475969035498241,SE,3888,9.422913738397692e-05,0.15154211498979533,0.011617898941040039,0.008284085102696844,0.9870888979645341,0.004627016932602234,0.008179063946632259,0.004608422637608381,-3993.2140990043995
1048,8001.9814684699095,0.026899473255406706,59.2676682717306,4,MAP2,19.196922464802824,28.945202599462203,-3984.459433903794,-4.885002380559342,0.05227689484418584,SE,3888,2.0073077231342597e-05,0.022435567617386194,0.004083871841430664,9.129611081583049e-05,0.9999086690013298,3.488789940564027e-08,1.3766765505351941e-14,6.997769367334321e-14,-4043.7271021755246
1049,7641.163774246147,0.011692057837514718,12.001686226405582,4,SCG2,19.196922464802824,67.63383166057142,-3804.050586791913,-3.3019043351883957,0.02118563894024425,SE,3888,2.2122621813189784e-05,0.12299273555060555,0.010825872421264648,0.112012138816916,0.8879508610216315,3.700016107422997e-05,0.0005315243666317304,0.0004222959062620318,-3816.0522730183184
1050,7058.0264939173185,0.02096166253522298,36.27402849370492,4,SERPINE2,19.196922464802824,37.3711648791891,-3512.4819466274985,-2.0982493809240292,0.01605666832006591,SE,3888,2.2009360265632338e-05,0.03954401586186965,0.00448155403137207,0.000964412452076252,0.9990355869220326,6.255625540740518e-10,1.7143325647950292e-09,4.65753883852359e-09,-3548.7559751212034
1051,7738.561576257024,0.008702548005572923,8.771371978453317,4,CHL1,19.196922464802824,91.14235039563889,-3852.7494877973513,-3.5374273963851834,0.021144260945018034,SE,3888,1.1813250417598875e-05,0.11709679496185349,0.010516166687011719,0.42913167668210256,0.5708149169860506,5.340633203806107e-05,0.003059951926843718,0.0019235674588475983,-3861.5208597758046
1052,6009.8229655386285,0.014520791618012974,7.854360395904678,4,RPL32,19.196922464802824,54.30250130617466,-2988.3801824381535,-4.450593085485581,0.03327744999565289,SE,3888,4.6890167531677983e-05,0.1709930140217432,0.009143590927124023,0.02352333321154978,0.8814115831770675,0.09506508361145537,0.005069828462688664,0.003022252436774166,-2996.234542834058
1053,7904.209335906545,0.008253594331316618,7.362177194300784,4,ARL6IP5,19.196922464802824,96.1435552623006,-3935.5733676221116,-3.71250199135523,0.022597466946659775,SE,3888,9.821357858454387e-06,0.10803086503313153,0.012053966522216797,0.012321218694245975,0.6608086837218002,0.3268700975837685,0.006661008747474106,0.0038588731603013985,-3942.9355448164124
1054,7725.26095413289,0.013154338406600123,13.387125270765864,4,CADM2,19.196922464802824,60.02648152353296,-3846.0991767352843,-3.608618574884719,0.025356127130879893,SE,3888,2.3605035176496263e-05,0.1043049920824445,0.012490272521972656,0.05229576503860683,0.9335789564505822,0.014125278510981292,0.0002533574069498723,0.00021895604389884262,-3859.48630200605
1055,7862.93487718046,0.040795743839627155,10.251555984631068,4,COX17,19.196922464802824,18.81303670474247,-3914.936138259069,-3.589381620376016,0.0437224097933704,SE,3888,0.00015145617840677534,0.07783327816583463,0.01185154914855957,0.003211368431674241,0.9967838010399758,4.830528112434409e-06,0.0013656935921123603,0.0009452424702494709,-3925.1876942437
1056,7942.382841276075,0.010229379736528942,9.469094224601577,4,H1FX,19.196922464802824,77.41906452342312,-3954.6601203068767,-3.33608254120601,0.020840362179391524,SE,3888,2.0066788155946578e-05,0.14487235479943197,0.012090682983398438,0.4252199611918745,0.5231039369401909,0.051676101867828124,0.002089625254691474,0.0013681756892968604,-3964.1292145314783
1057,7773.575237128802,0.06997011280051413,126.31528468339775,4,TF,19.196922464802824,10.635232606348914,-3870.25631823324,-1.7449594815760818,0.04488011161972651,SE,3888,0.0001518877328841683,0.029771425610799422,0.004610538482666016,0.2099732754546737,0.7900267245451184,7.792463860865326e-14,0.0,0.0,-3996.571602916638
1058,8247.858565861716,0.032473022318120784,41.751593358725586,4,APOD,19.196922464802824,23.839823412737193,-4107.397982599698,-2.644817018411424,0.031091164996980666,SE,3888,5.2270865006513926e-05,0.04100248861921905,0.00391077995300293,0.1519538553281358,0.8469012964559435,0.0011448482154049785,1.0363776503652389e-10,3.378786070156265e-10,-4149.149575958423
1059,7399.15397206236,0.03575664814910216,7.670896343609456,4,RPL35A,19.196922464802824,21.577072163968083,-3683.045685700019,-4.567554574654814,0.050892134220575785,SE,3888,0.00021488742579087237,0.14087469294827004,0.009440183639526367,0.23435255490440934,0.7646848330240553,0.0009626120712470459,0.005611857291283329,0.003307827920502529,-3690.7165820436285
1060,8315.184083036438,0.04954216200644588,91.92410785726133,4,QDPR,19.196922464802824,15.350430621526494,-4141.060741187059,-3.860135424689736,0.05604097114390791,SE,3888,5.477417176423217e-05,0.019763365522147656,0.0040781497955322266,0.005112573267860206,0.9948874259597221,7.725605029467598e-10,0.0,0.0,-4232.98484904432
1061,8253.513450964321,0.08691610721687792,223.8091293380603,4,HOPX,19.196922464802824,8.405684334045041,-4110.225425151,-4.0476539927127515,0.08486802097887622,SE,3888,7.734512438090068e-05,0.010490734012041007,0.005985736846923828,1.3297098160158583e-09,0.9999999986703189,2.6221994140190146e-65,0.0,0.0,-4334.034554489061
1062,7105.260936651991,0.012604607868595342,13.448260766371277,4,RUFY3,19.196922464802824,62.67934057009314,-3536.0991679948347,-3.0110284936061733,0.018418832237926328,SE,3888,2.6222130327398735e-05,0.12591157217418508,0.008824348449707031,0.20623208152966432,0.6331847275080982,0.16058319096227236,0.00024523341903692764,0.00021310390691711627,-3549.547428761206
1063,8186.147281474046,0.05675419853245302,103.47588825872617,4,SNCA,19.196922464802824,13.298098562656314,-4076.5423404058624,-5.588797419454427,0.08697723374389302,SE,3888,9.251630617240439e-05,0.026172124800283605,0.004472255706787109,0.01699773240905985,0.9830022675899849,7.534375817734007e-13,0.0,0.0,-4180.018228664589
1064,8408.512037097411,0.03660414699528544,43.53567979785748,4,PPP3CA,19.196922464802824,21.05897085953903,-4187.724718217545,-5.090817932967659,0.06484814539251459,SE,3888,5.088025953878961e-05,0.03193763177651691,0.003906726837158203,9.047351977946984e-07,0.9999990952641838,2.7740978054602183e-22,4.162992173206703e-11,1.4364671068795528e-10,-4231.260398015403
1065,5417.2854073840945,0.016995944066354084,10.269768328214468,4,RPL34,19.196922464802824,46.27779718461917,-2692.1114033608865,-5.523448750507657,0.04951310343366002,SE,3888,5.603465182635907e-05,0.15067862286081582,0.009042978286743164,0.02895338846420229,0.9710420740565701,4.5374788694957155e-06,0.0013522778233289179,0.0009380193437164866,-2702.381171689101
1066,7217.13387316366,0.014890889477462803,20.313307848880868,4,GUCY1B1,19.196922464802824,52.93298154951452,-3592.035636250669,-3.228820495118825,0.021916458962121757,SE,3888,1.8554492810842643e-05,0.06443841913498058,0.008858919143676758,0.2521085869420101,0.44919791562497546,0.2986934974334301,6.574173916695791e-06,7.524918416644974e-06,-3612.34894409955
1067,6937.777787372043,0.0123033643750792,7.590624685089551,4,SDHA,19.196922464802824,64.23361288682699,-3452.357593354861,-2.683457018052347,0.015397659514592757,SE,3888,4.35920519200526e-05,0.2194206349282936,0.01037740707397461,0.021666813682914777,0.9033784609578741,0.07495472535956335,0.005867261523438083,0.0034412091046557673,-3459.9482180399505
1068,7456.801518176494,0.03321365667941518,65.1017397536034,4,UBE2QL1,19.196922464802824,23.290374756410863,-3711.8694587570862,-3.6564598845688603,0.03781658726326871,SE,3888,3.860244441214484e-05,0.029031775115553684,0.003960609436035156,6.710334749704455e-05,0.999932896651975,1.7965460963517588e-13,6.661338147750939e-16,3.840239286951761e-15,-3776.9711985106896
1069,6580.043196221727,0.02066128314513063,13.840373083437044,4,RPL37,19.196922464802824,37.92610966943936,-3273.490297779703,-4.855763634299692,0.04347041471985822,SE,3888,4.838377552316367e-05,0.08936713123924457,0.00965428352355957,0.0010577740791102711,0.9935037629161678,0.0054384630046143455,0.00019901369794128598,0.00017684060650968681,-3287.33067086314
1070,7416.6823434665475,0.058523511454321324,12.74209975425265,4,RPS23,19.196922464802824,12.871873542624748,-3691.809871402113,-4.167658850903609,0.05875880876558932,SE,3888,0.00027514483809798127,0.07371275331548821,0.008012533187866211,2.1991516638053667e-06,0.8879766692689476,0.11202113157927039,0.0003575160951202472,0.0002946591632965186,-3704.5519711563657
1071,8125.371702569919,0.044587886151274084,14.086588010751257,4,MEF2C,19.196922464802824,17.144961797587097,-4046.1545509537987,-4.512258504872381,0.05997666609317906,SE,3888,0.00012154504282389837,0.05308664881776937,0.009775638580322266,0.28954577059481873,0.7104542277983886,1.6064343449819294e-09,0.00017458422866623025,0.00015690252144217028,-4060.24113896455
1072,8279.815649569482,0.012633269758970608,9.606229584184803,4,REEP5,19.196922464802824,62.53532071042319,-4123.376524453581,-4.708775336979238,0.038815843768393615,SE,3888,2.9247073672279164e-05,0.13981650853506036,0.010106325149536133,0.41266734122853427,0.584478568231118,0.0028540905397996985,0.001939183876031314,0.001291133950750683,-4132.9827540377655
1073,7618.5238099840835,0.023816511527985994,45.13870424134166,4,SPOCK1,19.196922464802824,32.795629385832825,-3792.730604660881,-3.314494575710764,0.029134774627840292,SE,3888,3.156256867390408e-05,0.04444166586601531,0.0039331912994384766,0.03302179200147642,0.9667728453571512,0.00020536264097106833,1.835609442224495e-11,6.83261925523792e-11,-3837.8693089022227
1074,8153.364270699183,0.03713475789555876,60.67066199175997,4,CAMK2A,19.196922464802824,20.746630618104618,-4060.150835018431,-3.544326602254654,0.04251202949422531,SE,3888,4.278611115176621e-05,0.02615053510983372,0.004621744155883789,0.0002456390421971917,0.9997543561341435,4.823569043452383e-09,6.772360450213455e-15,3.59716796129826e-14,-4120.821497010191
1075,6908.40591531923,0.09767373784913061,55.66653032422482,4,RPS14,19.196922464802824,7.391770110739428,-3437.6716573284543,-4.45975280465113,0.08003855155554408,SE,3888,0.00020918152024689885,0.023411056031934916,0.003934144973754883,6.383381254638657e-16,0.9999999999299689,7.028904025677074e-11,8.58202398035246e-14,3.9774086183451686e-13,-3493.338187652679
1076,7035.940756624809,0.007633571057436397,8.612871986966184,4,LARP1,19.196922464802824,104.01763452006259,-3501.439077981244,-2.8870118764167745,0.014127287909422281,SE,3888,1.0162380908306092e-05,0.13034335466729238,0.009015798568725586,0.20988281659392255,0.47710328990160555,0.3130138935042031,0.0033379555154042784,0.0020735119675190836,-3510.05194996821
1077,7646.323462798257,0.024896526049090713,11.07748258372385,4,GABRB2,19.196922464802824,31.338240828626294,-3806.630431067968,-3.3893040431274946,0.03065179529777034,SE,3888,8.629070205440005e-05,0.11167788693018003,0.010848283767700195,0.007559454854420036,0.9924396231951905,9.219506078681354e-07,0.0008738235075208545,0.0006505200055989182,-3817.707913651692
1078,8271.403215890634,0.018700603786607373,5.185796202091296,4,GABRA1,19.196922464802824,41.986392815011314,-4119.170307614157,-5.00707180089164,0.048523836844650996,SE,3888,7.199870084182733e-05,0.16103799331941657,0.009486913681030273,0.04798014396049592,0.8486945026721593,0.1033253533678233,0.022772236000497825,0.011143951364821072,-4124.356103816248
1079,7148.385661083831,0.03246178969594476,15.586719878432632,4,GABRG2,19.196922464802824,23.848349477791864,-3557.661530210755,-3.2599410048188524,0.031825208085353975,SE,3888,9.723065236912537e-05,0.07631933290580536,0.010391712188720703,3.576160025801987e-08,0.9999999496121759,1.4626579454176144e-08,7.880614284661025e-05,7.480685337757819e-05,-3573.2482500891874
1080,7942.667684071602,0.03363505752058331,13.681583727558973,4,NSG2,19.196922464802824,22.988553937502413,-3954.80254170464,-3.692253411014299,0.040742076275448756,SE,3888,0.00012608376749175695,0.09261985279991047,0.009528875350952148,0.0005799577300758826,0.9992599813768233,0.00016006089339914056,0.0002165678859843423,0.0001906471994444862,-3968.484125432199
1081,7076.204552324297,0.02462546963481962,20.50903499072274,4,SMIM29,19.196922464802824,31.691992969765874,-3521.5709758309877,-2.9653874202577004,0.024609734179924278,SE,3888,5.3490989352891554e-05,0.07068284406876232,0.01014566421508789,0.0928996920019631,0.8279313569978561,0.07916895100006491,5.935044044558246e-06,6.876610746814368e-06,-3542.0800108217104
1082,7941.270406661858,0.010987967522138542,6.763739731375608,4,RPS10,19.196922464802824,72.01896405972236,-3954.1039029997683,-4.694800558327661,0.03640432607362333,SE,3888,2.7404531774494885e-05,0.17200951273080195,0.010643959045410156,0.0713868061704473,0.908864970152894,0.019748223676959272,0.009302859824487864,0.005113622736504957,-3960.867642731144
1083,7812.615542704662,0.015139469096175022,9.62416203286466,4,RCAN2,19.196922464802824,52.050720932472444,-3889.7764710211704,-3.3624640921164444,0.024506772597982472,SE,3888,3.646450612233005e-05,0.1226391685553957,0.010388851165771484,0.02000661882720373,0.9799767257169746,1.665545585525248e-05,0.001920340480704108,0.0012803911398463089,-3899.400633054035
1084,5866.159783693366,0.032444542503947765,41.40775169202334,4,EEF1A1,19.196922464802824,23.86145236327437,-2916.5485915155223,-4.223129445110386,0.038862183487583725,SE,3888,5.4312516378144655e-05,0.04267393628330697,0.003980398178100586,0.2214436050770914,0.7785069212443596,4.947367860571356e-05,1.235663793508479e-10,3.9736869055312875e-10,-2957.9563432075456
1085,7772.016320411105,0.0818013757286068,15.603751394864503,4,COX7A2,19.196922464802824,8.981289424932484,-3869.4768598743917,-5.453731851390324,0.09765170855323257,SE,3888,0.00032457541751753803,0.0487321045177534,0.005130767822265625,0.0008306434012171183,0.9991693564902129,1.0868626636293086e-10,7.809948933834576e-05,7.428522856400183e-05,-3885.080611269256
1086,8194.81544361284,0.01726454719086351,16.777352515277926,4,TSPYL1,19.196922464802824,45.545355190024345,-4080.87642147526,-5.53443786561405,0.055177493530333556,SE,3888,2.5810312500672903e-05,0.06733581666815741,0.009321451187133789,6.789736388386461e-05,0.999932101582632,1.0538361810139052e-09,4.203196880769866e-05,4.165546746713037e-05,-4097.653773990538
1087,6753.441263472844,0.009578536486407729,10.605600192813654,4,NCOA7,19.196922464802824,82.7339095819637,-3360.1893314052613,-2.6481874160241077,0.013369906327798348,SE,3888,1.3067720289891436e-05,0.10731026833116569,0.009488582611083984,0.28203928900303427,0.6717907685176138,0.046169942479493714,0.001127456537228122,0.0008113491980773899,-3370.794931598075
1088,8024.342697194156,0.023350484595523354,9.990451581307752,4,PRKAR1B,19.196922464802824,33.466130695386134,-3995.6400482659174,-5.795012221241967,0.06442017855074472,SE,3888,0.00014175507572529808,0.20725157759598173,0.009978294372558594,1.1856743653844187e-05,0.99997997411308,8.169143476244472e-06,0.0015735401143593952,0.00107029543422745,-4005.630499847225
1089,4590.722032904222,0.10341343223242538,174.31557561634872,4,NDUFA4,19.196922464802824,6.937099722885371,-2278.8297161209503,-7.17484875287914,0.11609243327612977,SE,3888,0.0001680102697962021,0.017144198198892745,0.005255699157714844,5.538585909779697e-25,1.0,5.776965518279092e-43,0.0,0.0,-2453.145291737299
1090,7358.27248159934,0.030836901119703854,13.274317840877302,4,SNX10,19.196922464802824,25.147151808137853,-3662.604940468509,-3.3963806369942793,0.033174451806599635,SE,3888,0.00013722485631973477,0.11858245932618156,0.010202884674072266,2.3660470610478407e-05,0.9999763280521317,1.1477441621795299e-08,0.00026906677490479147,0.00023021447849294943,-3675.8792583093864
1091,6684.322689024296,0.009811356666109527,10.18579946489308,4,EPDR1,19.196922464802824,80.7516749458554,-3325.630044180987,-2.8039957115391703,0.014576945569243913,SE,3888,1.268911894095773e-05,0.09941009286157255,0.008610248565673828,0.2560089006645066,0.7423122730358489,0.0016788262992324318,0.0014152634656641183,0.0009752676943351996,-3335.8158436458802
1092,8391.36336722624,0.01479042933908266,18.198651921891724,4,RHBDD2,19.196922464802824,53.29794973861918,-4179.15038328196,-4.608537195849789,0.03978193271647529,SE,3888,1.7915977131652393e-05,0.06304300539670059,0.010995149612426758,0.4462838235728258,0.5537008004526653,1.5375974998414237e-05,1.9901965458091198e-05,2.0677366709705142e-05,-4197.349035203852
1093,8151.377207315661,0.012624203624816992,6.223431522919327,4,TMEM130,19.196922464802824,62.58080537980044,-4059.1573033266695,-4.357401763404135,0.03409382684807084,SE,3888,5.720022067922768e-05,0.27383004284258866,0.012015819549560547,0.14532156565476526,0.8046734103455059,0.05000502400014447,0.012607053698506343,0.006636634868620468,-4065.380734849589
1094,7125.677390571852,0.007779291695416441,6.4970622699224805,4,AP1S1,19.196922464802824,102.0542022846618,-3546.307394954765,-2.710669528594004,0.01303580496750444,SE,3888,1.4129371231082514e-05,0.1746037033498557,0.009650468826293945,0.4274116647239158,0.5675703991979368,0.005017936078129174,0.010805288492734877,0.005817715900002212,-3552.8044572246877
1095,6900.9613666148225,0.029257169533525928,9.776334660960401,4,SRPK2,19.196922464802824,26.548167266424066,-3433.9493829762505,-2.961289879575737,0.026392298399697412,SE,3888,0.000144194045447128,0.13754327831302116,0.009450435638427734,0.004947828193127573,0.9785625011989204,0.016489670608311288,0.0017677235534498958,0.0011903862312793913,-3443.725717637211
1096,8051.800471218951,0.013299469264437766,10.6787563689536,4,NDUFA5,19.196922464802824,59.362709255797206,-4009.368935278315,-4.256199458545196,0.03327046053724536,SE,3888,3.10701387380108e-05,0.1343916293063722,0.009453773498535156,0.039837712019875585,0.9591589205900364,0.0010033673904443477,0.0010837289466150146,0.00078695580539004,-4020.0476916472685
1097,6906.70594049283,0.033297086108795414,14.454225235904687,4,ARF5,19.196922464802824,23.230013396779743,-3436.8216699152545,-3.0055592884766273,0.028825326659412977,SE,3888,0.00011362251568843983,0.08505308397456954,0.00902700424194336,2.7399515572682664e-05,0.9999725994009717,1.083899569393014e-09,0.00014360733469998,0.00013005192275163636,-3451.275895151159
1098,7148.5485451924915,0.007992517988010865,5.344760867515561,4,DPP6,19.196922464802824,99.3102298830696,-3557.742972265085,-2.8264997707894395,0.014035765303429428,SE,3888,1.5837328086539108e-05,0.18557026897201578,0.011118650436401367,0.17164233952218855,0.4686753243712451,0.359682336106263,0.020784634163318993,0.010288443374512972,-3563.0877331326005
1099,7974.269033059042,0.014720970803504516,14.58818224560946,4,ATP6AP2,19.196922464802824,53.55320285447077,-3970.6032161983603,-4.0587881822451,0.03195060607091069,SE,3888,2.639452306644615e-05,0.09372922937201479,0.00888681411743164,0.010283962617392749,0.9827874159760007,0.006928621406597986,0.0001337507062924015,0.00012182583162033417,-3985.19139844397
1100,8219.292925831745,0.03588558695560315,42.4975368699711,4,SYN1,19.196922464802824,21.496669682489475,-4093.115162584712,-5.379658623146663,0.0679742659489282,SE,3888,5.932938482694483e-05,0.038635836555788686,0.003885507583618164,0.2543811391462201,0.7456188608532569,6.566944973801881e-15,7.077127772703307e-11,2.3560220498116e-10,-4135.612699454683
1101,6744.130635639872,0.013543056891605518,8.694425019883056,4,TSPYL2,19.196922464802824,58.280610559676774,-3355.534017488775,-2.670485680095901,0.01569843329954097,SE,3888,4.256783085956665e-05,0.1777381621741918,0.011057853698730469,0.03058521867030815,0.9621435094863312,0.007271271843754516,0.0031918478816916895,0.0019985080053939535,-3364.228442508658
1102,8191.4071634035345,0.02727345419286093,13.672516406762952,4,PGK1,19.196922464802824,28.537326547385724,-4079.1722813706065,-5.095513130475042,0.056577096897327935,SE,3888,0.00013441972389444207,0.14636986432852714,0.009585857391357422,0.3005636302648493,0.6987519157760663,0.0006844539589936078,0.00021761612319981527,0.00019121389669466703,-4092.8447977773694
1103,7707.28698416751,0.014459626114882692,6.522219486577342,4,BEX1,19.196922464802824,54.535590348614896,-3837.1121917525943,-6.371869150675422,0.06564022403532621,SE,3888,7.976708792358855e-05,0.2932767897880134,0.010788917541503906,0.11129923502755962,0.8812915308347148,0.007409234137275953,0.010653496965774556,0.0057490851205923305,-3843.6344112391716
1104,8226.167865097614,0.042344163819523585,11.72346220160398,4,BEX2,19.196922464802824,18.095832196066674,-4096.5526322176465,-5.041607798081322,0.06721480963905746,SE,3888,0.0002696441054278561,0.12941926757016403,0.008262157440185547,0.11288472456555872,0.8871115303445893,3.745090127725109e-06,0.0006171702682087332,0.00048144095329814173,-4108.2760944192505
1105,7534.26461872771,0.04031128709866384,12.38116592405322,4,BEX3,19.196922464802824,19.048745693138954,-3750.601009032694,-6.329178988088846,0.08508363171394959,SE,3888,0.0002445608372814582,0.12846951733960535,0.009493350982666016,0.017508666818742018,0.9824912658890234,6.729237945272477e-08,0.00043368625594075727,0.0003498554965702665,-3762.9821749567473
1106,9270.050414153426,0.2901249365476876,468.3320018082168,4,PLP1,19.196922464802824,1.957760328558159,-4618.4939067455525,-2.56769307590168,0.3261591397084173,SE,3888,0.0004273172212786154,0.01092295625413101,0.0038938522338867188,3.1390691478176218e-18,1.0,3.904671110380663e-92,0.0,0.0,-5086.825908553769
1107,7912.744540138284,0.01324027286669533,4.271820489773745,4,SLC25A5,19.196922464802824,59.631693409494645,-3939.840969737981,-3.527622126431463,0.02495313885182942,SE,3888,9.42254310502934e-05,0.4111177207747357,0.009649038314819336,0.03473944480442409,0.5492548859126838,0.416005669283169,0.03874939476651729,0.017545877114758787,-3944.112790227755
1108,7231.80607114618,0.078982865753902,19.75908130346579,4,RPL39,19.196922464802824,9.330340309546479,-3599.3717352419294,-4.5865645925811,0.0751074060046657,SE,3888,0.0002563265518109931,0.04083389186235503,0.004448890686035156,4.459861747632912e-08,0.9999999553074314,9.420563126560005e-11,8.784330430389176e-06,9.817003704711738e-06,-3619.130816545395
1109,7560.103586520335,0.010441795790258317,10.276002094708929,4,PDZD4,19.196922464802824,75.82786184285467,-3763.5204929290067,-2.62899664540895,0.01472408533836229,SE,3888,1.6482190270471835e-05,0.11430133869195497,0.009619474411010742,0.07096552603040863,0.8950889127010273,0.03394556126837831,0.0013477165519363288,0.0009380193437164866,-3773.7964950237156
1110,8079.155646710896,0.01759355979217611,13.363614486097504,4,GDI1,19.196922464802824,44.67866021190724,-4023.046523024287,-5.428525229078704,0.053473433240040655,SE,3888,5.3293622068175786e-05,0.13406518245505458,0.008599281311035156,0.09461650180350664,0.5723495067669774,0.33303399142989565,0.00025655337581642623,0.00022122839655748234,-4036.4101375103846
1111,7652.8363842419885,0.018709048791782628,29.470835923458708,4,STMN4,19.196922464802824,41.96707957020561,-3809.8868917898335,-3.3154600483947303,0.026055608867223412,SE,3888,2.2720787119928114e-05,0.05077499620940525,0.0038416385650634766,0.290050400845836,0.7077937856248216,0.0021558135290096845,5.676447956126651e-08,1.0996044877775765e-07,-3839.357727713292
1112,7014.523530456773,0.016160082276514578,21.235406599195812,4,PTK2B,19.196922464802824,48.71284937376963,-3490.730464897226,-2.7822890122109363,0.018407726667077583,SE,3888,1.7903723292619426e-05,0.05307064308813199,0.009522199630737305,0.39380699292798244,0.606192915578981,9.149334905834565e-08,4.061912051933625e-06,4.861206598401577e-06,-3511.9658714964216
1113,7570.573576807478,0.010098838723436792,8.118716978301109,4,VDAC3,19.196922464802824,78.43015240024585,-3768.7554880725784,-3.578885321402167,0.02248823895132873,SE,3888,3.770904992579344e-05,0.27917406696814817,0.012552261352539062,0.2373947526368421,0.7530064417071498,0.009598805656297064,0.004381055352761232,0.0026551850622795344,-3776.8742050508795
1114,6793.868732255519,0.024167168182099456,13.696610915588735,4,ASPH,19.196922464802824,32.3081673111894,-3380.4030657965986,-2.595743959898411,0.02047313884006927,SE,3888,9.304960645695e-05,0.12742554431196335,0.010702848434448242,2.5585276177854867e-05,0.9980852951795559,0.001889119543911935,0.00021484184201969736,0.00018983476270219648,-3394.0996767121874
1115,7269.180161155696,0.006148540539770902,5.826616869218924,4,PDP1,19.196922464802824,129.33381872110573,-3618.058780246687,-3.120039220032966,0.014903510081618096,SE,3888,7.393421771585527e-06,0.14527135344401748,0.012360095977783203,0.40964965817799354,0.5710519048652447,0.019298436956536418,0.015785452395336574,0.008058546284679972,-3623.885397115906
1116,7124.701703603532,0.0654409012224683,13.272647135443094,4,RPL30,19.196922464802824,11.426682499857193,-3545.8195514706053,-3.897806419416597,0.05672430396283723,SE,3888,0.00037912563953551646,0.0834659999834503,0.005006074905395508,0.000513188940113106,0.9994595232663979,2.728779377767371e-05,0.000269306667821656,0.00023021447849294943,-3559.0921986060484
1117,7957.374306909701,0.02108375510078589,10.823692176180884,4,NCALD,19.196922464802824,37.15012115265704,-3962.1558531236897,-4.000114798681108,0.0359613417326398,SE,3888,6.896094005865064e-05,0.1225316564575704,0.009334087371826172,0.009568800191125895,0.9904296713079654,1.5285008586269253e-06,0.001002094532318809,0.0007321752940927087,-3972.9795452998706
1118,8160.6574176196955,0.04045129391423022,14.51663463403247,4,NDUFB9,19.196922464802824,18.980046322781746,-4063.797408478687,-4.8310032042802735,0.06207082586138146,SE,3888,0.00014062573662407618,0.07340230951671697,0.008513450622558594,0.3014886840158702,0.6985108015836028,5.14400322387347e-07,0.00013892735978005,0.0001260551859808515,-4078.3140431127194
1119,7306.14380277311,0.011496146475040502,6.057953455333518,4,LYNX1,19.196922464802824,68.80004778858437,-3636.5406010553943,-3.0065596953231184,0.017976571142270175,SE,3888,2.719385439005315e-05,0.15625735952192765,0.009674787521362305,0.08359151403253684,0.8973163054206414,0.019092180546536396,0.013843802423857188,0.007175814653514492,-3642.598554510728
1120,8360.997626142533,0.026033094396605012,33.68862324539259,4,LY6H,19.196922464802824,29.935124515155476,-4163.967512740106,-4.67417591458069,0.05000351670362097,SE,3888,3.134037499781571e-05,0.03726809964800943,0.0039212703704833984,0.030406057797544902,0.9695939422027501,3.346195617611443e-14,6.467784641195351e-09,1.5364312532761914e-08,-4197.656135985499
1121,7633.2488221623325,0.030062587151330606,13.977843233506064,4,CYC1,19.196922464802824,25.81546906410216,-3800.0931107500055,-3.341945552644069,0.03324959845730467,SE,3888,8.495078035503563e-05,0.07699905617065422,0.014466524124145508,1.6252996838711973e-06,0.9999982903360496,8.436455621373225e-08,0.0001849776941383885,0.00016530056874370513,-3814.0709539835116
1122,7444.47605192202,0.07605787473650895,117.35581245694038,4,SLC24A2,19.196922464802824,9.719932394762308,-3705.706725629849,-3.754080966583522,0.06380448309581141,SE,3888,0.00013302540777654554,0.022595472736410303,0.004450321197509766,1.0038073743491918e-06,0.9999989961930205,6.3283742498771835e-18,0.0,0.0,-3823.0625380867896
1123,6502.350017209811,0.013812000412519572,21.084116149061174,4,GDA,19.196922464802824,57.130206349271106,-3234.643708273745,-2.526905450230066,0.014435402941123322,SE,3888,1.291963375704857e-05,0.05192179196464609,0.022809743881225586,0.3475208631849502,0.6524143316321812,6.480518310766559e-05,4.3955661153116665e-06,5.207779402966659e-06,-3255.727824422806
1124,8277.984888161147,0.026386814751101797,7.348226877119487,4,TXN,19.196922464802824,29.52311243265285,-4122.461143749413,-3.961989176189935,0.0404860464617454,SE,3888,7.90490824241008e-05,0.09162853364166161,0.011492013931274414,6.923071748548849e-05,0.998322112735079,0.0016086565467314112,0.006712893074079074,0.0038733508290709705,-4129.809370626533
1125,8090.553361771745,0.051569193958838376,16.820329232444692,4,RPL12,19.196922464802824,14.715599867212912,-4028.7453805547116,-3.6725220559198486,0.05331729523319509,SE,3888,0.00032314123550032995,0.10847631332783172,0.003916501998901367,6.940141689717301e-06,0.6304525569233661,0.3695405029352614,4.1090748826633217e-05,4.0808230309108616e-05,-4045.5657097871563
1126,6331.853505093092,0.04637682704737807,68.44498583087807,4,OLFM1,19.196922464802824,16.452747224239033,-3149.3954522153854,-7.151582267806532,0.10074004139640708,SE,3888,6.225384292301858e-05,0.025312727834914603,0.0038750171661376953,1.2280390251576344e-11,0.9999999999863576,1.4378934424232516e-12,1.1102230246251565e-16,6.560408781875925e-16,-3217.8404380462634
1127,8310.323402878887,0.01389576007182131,5.518983929546266,4,GRIN1,19.196922464802824,56.78101886071161,-4138.630401108283,-4.960479017264599,0.04354864221852063,SE,3888,6.428278915521338e-05,0.25532433935557186,0.011467456817626953,0.005456199485264269,0.936019331256865,0.05852446925766056,0.01881118177597707,0.0093902414548412,-4144.149385037829
1128,7520.888835897259,0.026576038496125803,20.35358290314707,4,RPS13,19.196922464802824,29.307208236472324,-3743.9131176174687,-4.376509918306925,0.04301352066845889,SE,3888,6.513990954631356e-05,0.07449168356793795,0.008414506912231445,0.005224462406385848,0.9927733436475311,0.0020021939456564986,6.437244340462556e-06,7.386070293558096e-06,-3764.266700520616
1129,7103.707553160019,0.033126463007096256,24.68204855300337,4,FAU,19.196922464802824,23.353784481616575,-3535.322476248849,-4.918803857439728,0.053320988283083064,SE,3888,6.164874355081139e-05,0.04659225297271135,0.004606008529663086,4.1262500528889514e-05,0.9548195486180322,0.04513918888157073,6.761101012386916e-07,9.804162092697148e-07,-3560.0045248018523
1130,7479.069529843903,0.022534216844094464,12.089129803846845,4,DRAP1,19.196922464802824,34.707374042378724,-3723.003464590791,-2.9417099516332144,0.024414752629002667,SE,3888,7.364841981387741e-05,0.11523557624730012,0.010962724685668945,0.0002393906371101766,0.9997568441135304,3.7652490598441917e-06,0.0005071663928949421,0.0004049854488718826,-3735.0925943946377
1131,7919.812412689721,0.012371300402620394,7.251991768693188,4,NDUFV1,19.196922464802824,63.876485158303076,-3943.3749060136997,-3.6717464461546956,0.025751368852833967,SE,3888,4.417240291060573e-05,0.21996809188815852,0.009360074996948242,0.006974481686102737,0.9909992946714969,0.002026223642112165,0.0070822413348341495,0.004068005626989681,-3950.626897782393
1132,8208.932020180131,0.012643737357203633,9.58133940373682,4,PAK1,19.196922464802824,62.48288604859322,-4087.9347097589052,-4.428493001109753,0.03509854196180497,SE,3888,2.5371346841080557e-05,0.12109295281385987,0.00930643081665039,0.0015248132559862024,0.9961735323683818,0.0023016543752322964,0.0019656495389489548,0.0013050788562991018,-4097.516049162642
1133,7835.552892382396,0.027466214585059486,40.35219403905194,4,NCAM1,19.196922464802824,28.331433581640702,-3901.245145860037,-3.4471201270740623,0.03355756560438609,SE,3888,3.19823106405666e-05,0.03436531998030973,0.004045248031616211,0.06487585297040308,0.9294697949816366,0.005654352047995989,2.120671416250275e-10,6.595389572070233e-10,-3941.597339899089
1134,7577.071834621128,0.030126494091862688,9.042339480901319,4,RPS25,19.196922464802824,25.75900973134371,-3772.004616979403,-4.893156764084823,0.052942707591606686,SE,3888,0.00013609997841552748,0.1228694048360678,0.00991964340209961,0.0002771477339554235,0.6070262734224281,0.39269657884327536,0.0026379784469129364,0.0016775078965939676,-3781.0469564603045
1135,6997.628778458323,0.009777010761917284,9.756394978644948,4,NTM,19.196922464802824,81.03816032272096,-3482.2830888980006,-2.574696616074019,0.013230908462605363,SE,3888,1.3916275780733172e-05,0.10977575030322761,0.010108709335327148,0.03430955060661303,0.9037438988087734,0.061946550584620175,0.001786999906761344,0.0012016551810628462,-3492.0394838766456
1136,7209.08405603884,0.009904840403903822,14.723247529652326,4,B3GAT1,19.196922464802824,79.98197370864817,-3588.010727688259,-2.3505603547309497,0.012062389520271954,SE,3888,9.510565247042571e-06,0.07313681781062159,0.010106801986694336,0.3610248809083454,0.6268202909980871,0.012154828093808485,0.00012450165506061595,0.00011450452888489618,-3602.7339752179114
1137,7941.285602103334,0.0314428938160341,35.11709212331789,4,VIM,19.196922464802824,24.647074884221915,-3954.1115007205062,-1.8315771198789474,0.02323310479194271,SE,3888,4.78082944279098e-05,0.03983361550126978,0.004473447799682617,3.620505339477289e-06,0.9999963794945927,8.041426692276837e-20,3.104637769091312e-09,8.019928663325793e-09,-3989.228592843824
1138,7666.539020927915,0.02674042419608788,13.68849704303102,4,SPOCK2,19.196922464802824,29.12212454176182,-3816.7382101327967,-3.284913812288743,0.03078434048370234,SE,3888,7.361617764004267e-05,0.08320842341292718,0.011307716369628906,0.011056748319835455,0.9889385185261548,4.73315384318777e-06,0.0002157720842363986,0.00019030102408908967,-3830.4267071758277
1139,8137.294684292553,0.010444751926329281,5.768197135649189,4,GOT1,19.196922464802824,75.8061741298473,-4052.1160418151158,-4.384385672879126,0.03232413123051319,SE,3888,5.357239908682244e-05,0.37131023117579426,0.012097597122192383,0.014056756571839487,0.9313592538469238,0.0545839895814009,0.016318767582190863,0.008312851824783748,-4057.884238950765
1140,7974.90429774243,0.021156174935278577,14.632586149727103,4,BNIP3,19.196922464802824,37.02021339773164,-3970.920848540054,-4.004319892581132,0.03611770636305052,SE,3888,7.074927153797415e-05,0.12488693042541472,0.008800506591796875,0.059829530962625534,0.8995798711306348,0.0405905979069195,0.00013063607923402554,0.00011968069274435039,-3985.553434689781
1141,4194.634980159165,0.030610050760724074,10.268410678324926,4,GAPDH,19.196922464802824,25.33944652596239,-2080.7861897484217,-6.418186659471853,0.07089562115281435,SE,3888,0.00013717584813121276,0.12019345551631339,0.011662721633911133,0.00047693676403714764,0.9995183799275401,4.683308568295816e-06,0.001353273291646362,0.0009380193437164866,-2091.0546004267467
1142,7164.3357631779845,0.040485418793812525,11.302709032330313,4,TPI1,19.196922464802824,18.96337374564767,-3565.6365812578315,-6.43039272330589,0.08536329252995174,SE,3888,0.0002426131724398725,0.12644048018863424,0.009097099304199219,3.396823919611728e-05,0.9999654397112417,5.92049253573676e-07,0.0007739408503140144,0.0005891512840920618,-3576.939290290162
1143,8234.889347510467,0.014758348082811805,16.642411083853403,4,GABARAPL1,19.196922464802824,53.41554653703423,-4100.913373424073,-4.718846872677997,0.0408566414472802,SE,3888,2.65772094818779e-05,0.09391493326539752,0.009119272232055664,0.0030888484081927287,0.9967803688776881,0.00013078271399264354,4.513050859888956e-05,4.4539503646655104e-05,-4117.555784507927
1144,7958.513685862982,0.024595787123815206,51.28353958254638,4,CNTN1,19.196922464802824,31.7312048847176,-3962.7255426003303,-4.067459943051901,0.03925461682838544,SE,3888,2.445788583457578e-05,0.032392726957267436,0.0038309097290039062,0.0010662324463263876,0.9981734190703279,0.0007603484829930644,7.994716000325752e-13,3.3151932377746344e-12,-4014.0090821828767
1145,4589.647388502977,0.12002033274859869,186.89901720350053,4,TUBA1B,19.196922464802824,5.8665188819240255,-2278.292393920328,-6.985275018500745,0.11726876074329451,SE,3888,0.0002197591996907893,0.01772538602330582,0.005328655242919922,4.109786139514944e-16,1.0,2.0294633975138038e-87,0.0,0.0,-2465.1914111238284
1146,6711.715594341099,0.0455252049206558,13.873749848642092,4,RPS26,19.196922464802824,16.775490094400766,-3339.3264968393887,-5.509248197743926,0.0683793703175619,SE,3888,0.00013722231838351903,0.05770640264824449,0.011621713638305664,0.045790497539531315,0.9542084264153274,1.0760452067234557e-06,0.0001955101995818609,0.0001740546204118604,-3353.200246688031
1147,6641.066339311002,0.035034653557865975,11.128275257877704,4,KCNC2,19.196922464802824,22.038221914067364,-3304.00186932434,-2.644013540485634,0.025438384534841638,SE,3888,0.0001140214146215361,0.07763649588961631,0.011722564697265625,0.003077088881119115,0.9969153668819541,7.544237215815237e-06,0.000850216122914027,0.000635949919325797,-3315.130144582218
1148,7751.780211283328,0.024691606628571956,22.800157251433575,4,PPFIA2,19.196922464802824,31.60496211661,-3859.358805310503,-3.270509629015167,0.02967776092827499,SE,3888,3.677855689582587e-05,0.04835207550994284,0.010296821594238281,0.027703647067130674,0.9722963529331271,3.475228110662097e-14,1.7975099736444733e-06,2.3280328425781473e-06,-3882.1589625619367
1149,8116.621154819753,0.05801154148262299,11.504110745063826,4,NDUFA12,19.196922464802824,12.992533278187016,-4041.779277078716,-3.978779713555127,0.06177787662274956,SE,3888,0.00017924256892905106,0.04877299681518526,0.011383533477783203,0.013239221997662106,0.986760387476627,3.905255877493344e-07,0.0006944244408346734,0.0005346471857181377,-4053.28338782378
1150,8259.45989820511,0.009056449196002493,4.9535077647396974,4,SLC25A3,19.196922464802824,87.54949033170884,-4113.198648771395,-4.934443737955347,0.037861800928642504,SE,3888,4.467252928984472e-05,0.40947564852049917,0.011394739151000977,0.0006256173016924218,0.8371792385682113,0.16219514412988834,0.026037787270358215,0.012472518294305257,-4118.1521565361345
1151,6642.945987977538,0.01387969751272403,22.637715932843093,4,ANKS1B,19.196922464802824,56.84765580780577,-3304.941693657608,-2.6643914180232016,0.015680403721746332,SE,3888,1.1216496289652135e-05,0.04465094629850602,0.00903630256652832,0.11240661518236074,0.7062677480830589,0.18132563673492605,1.9560681864261298e-06,2.505926230454761e-06,-3327.579409590451
1152,8247.647905192542,0.01660426690591103,6.619898996643315,4,RAN,19.196922464802824,47.388315972630714,-4107.2926522651105,-4.468816599096213,0.0391883607549715,SE,3888,6.663696845478397e-05,0.18744097796630094,0.009897232055664062,0.018469514154699485,0.9747895353637366,0.006740950481178234,0.010084555271195339,0.005480516509650229,-4113.912551261754
1153,6849.400088345302,0.008140136076872376,6.447375552277663,4,RAP2A,19.196922464802824,97.4947687611858,-3408.16874384149,-2.471593208473807,0.011412179283280439,SE,3888,1.2890313668576793e-05,0.14569981008173916,0.009967803955078125,0.17885076684720466,0.7913121620460636,0.02983707110697515,0.01111163625659306,0.005955525513737777,-3414.616119393768
1154,7930.523060508377,0.019571190815926873,6.91222230265339,4,SLC22A17,19.196922464802824,40.083115925862,-3948.7302299230278,-5.590386123431823,0.057434627568404506,SE,3888,7.24190712285695e-05,0.14841522373182436,0.010416030883789062,0.009235212958624799,0.9869611265528004,0.0038036604886904526,0.008560852499435279,0.004772344875328414,-3955.642452225681
1155,7392.287297082771,0.020779398551002227,10.605333194309878,4,RPS29,19.196922464802824,37.705979815157306,-3679.612348210225,-4.892377354258407,0.046003762401117844,SE,3888,0.00010210069877096369,0.18653687039128933,0.008578300476074219,0.022552838591472425,0.7550921057780612,0.22235505563004918,0.001127619356635634,0.0008113491980773899,-3690.2176814045347
1156,7919.42120485756,0.013209005016204043,6.335393087638295,4,SLIRP,19.196922464802824,59.774745315250215,-3943.1793020976193,-4.0097721687929075,0.030064919515240797,SE,3888,4.491859869060429e-05,0.1968892859338904,0.011727571487426758,0.004236822037295346,0.9837457447081441,0.012017433254690638,0.011835188337061653,0.006279255112000877,-3949.5146951852576
1157,7672.37787554882,0.041233892964280976,35.27193686266537,4,ITPK1,19.196922464802824,18.60462821097662,-3819.6576374432493,-3.3575836104347596,0.0403004350022321,SE,3888,8.045127110762735e-05,0.04054086656972175,0.004417896270751953,5.675325804803715e-07,0.9999994228339194,9.633404278876258e-09,2.8673408092316777e-09,7.48878563937957e-09,-3854.9295743059147
1158,8007.555424369814,0.008869787256606783,7.060483712073619,4,DDX24,19.196922464802824,89.40878094643591,-3987.2464118537464,-3.849700606879523,0.024680906329024224,SE,3888,1.781913917712846e-05,0.17014879173544056,0.010078907012939453,0.03607043342348133,0.936206326786603,0.027723239790306806,0.00788027174662742,0.004470767870812511,-3994.30689556582
1159,7967.623766996146,0.023237642563543014,25.266067413609562,4,MAP1A,19.196922464802824,33.632527734709264,-3967.280583166912,-4.948423065369043,0.05036106793549009,SE,3888,3.148036150959769e-05,0.046452297361277095,0.009446859359741211,0.08681002117253972,0.9125634326912792,0.0006265461363202985,4.994179225725759e-07,7.37776476527669e-07,-3992.5466505805216
1160,8091.050332731663,0.027374386361422844,11.106021027333554,4,EID1,19.196922464802824,28.42915632350337,-4028.9938660346706,-4.197629939125079,0.04337236789585287,SE,3888,0.00010236586611078694,0.11069116683791658,0.010048627853393555,0.02358436303218697,0.9760915706028388,0.00032406636503398977,0.0008604790348821778,0.0006415960684524412,-4040.099887062004
1161,5538.52732534131,0.133200298640981,73.30238082294545,4,RPLP1,19.196922464802824,5.206863783872309,-2752.732362339494,-3.4601492156712093,0.0666814328553002,SE,3888,0.0003729488052178827,0.02565637591794085,0.004021883010864258,9.064058197512664e-22,1.0,3.7411176789504755e-16,0.0,0.0,-2826.0347431624396
1162,7955.7113349889905,0.018494336952527588,24.275991363932462,4,FBXL16,19.196922464802824,42.46358977676028,-3961.3243671633345,-5.10393782416552,0.04889976154631226,SE,3888,1.9086581474580173e-05,0.043611326114743644,0.013476371765136719,4.272658674644768e-06,0.974580204907675,0.025415522433959885,8.347304515377019e-07,1.1809818292842321e-06,-3985.600358527267
1163,7953.126783337354,0.0104529812687514,4.494049479724708,4,NDUFB10,19.196922464802824,75.74586410688589,-3960.0320913375162,-3.6807867127096063,0.024326621190828217,SE,3888,7.096021328880491e-05,0.49106772110228114,0.011595010757446289,0.053022570348436486,0.6374275574145897,0.30954987223668673,0.03401301777587695,0.01570203235392047,-3964.526140817241
1164,7534.369464934337,0.020755040368522132,10.379097166215615,4,ELOB,19.196922464802824,37.751170714688676,-3750.6534321360077,-5.29884972602482,0.052557646353373996,SE,3888,0.00010366555805288948,0.1898217999221295,0.012179374694824219,0.014221532644109877,0.9857533526009898,2.511475481354889e-05,0.0012745000186190625,0.0009005843316780982,-3761.0325293022233
1165,6740.654877833765,0.008743579315787023,6.091365799554296,4,GRIN2A,19.196922464802824,90.71088858142649,-3353.7961385857216,-2.6831789685405423,0.013109953742800953,SE,3888,1.1832098463705833e-05,0.11620514425079322,0.012128829956054688,0.015762068090681355,0.9650322165781124,0.019205715331075773,0.013584403849833282,0.007064596461559463,-3359.887504385276
1166,6971.95331352525,0.012168340918743019,16.822415171509874,4,MKL2,19.196922464802824,64.9552462899357,-3469.4453564314645,-2.6248891561528596,0.014935629811256871,SE,3888,9.498224465247357e-06,0.048849062004044916,0.010858535766601562,0.0021692403414441883,0.9321219259695804,0.06570883368919415,4.104560831963422e-05,4.0808230309108616e-05,-3486.2677716029743
1167,7016.248757527134,0.010097728728511456,8.042282395841994,4,PRRT2,19.196922464802824,78.43886180590252,-3491.5930784324064,-2.8161862969786835,0.015203467171409905,SE,3888,1.8066720064017828e-05,0.13378341687233442,0.01132965087890625,0.004290891189996324,0.8426779361086127,0.15303117270181785,0.004569792256944427,0.002751930484784137,-3499.6353608282484
1168,7123.356305151035,0.016670350117755826,24.281013635640193,4,DOC2A,19.196922464802824,47.197291338006956,-3545.1468522443565,-3.139585654341895,0.021971933068934555,SE,3888,1.8382075363041912e-05,0.05131111004011891,0.008533239364624023,0.0013178087398935388,0.9281071242956935,0.07057506696442267,8.325568014999618e-07,1.1809818292842321e-06,-3569.4278658799967
1169,7728.416152767004,0.03802094884089672,12.389350740229474,4,ALDOA,19.196922464802824,20.244419384968946,-3847.676776052341,-4.369628081051938,0.05112248700361797,SE,3888,0.0002571725867393174,0.1504740179544098,0.007906675338745117,2.4436712903074662e-05,0.9999754959090811,6.737803135295101e-08,0.00043178936595544837,0.0003489206997619785,-3860.0661267925707
1170,8149.093097215884,0.057385412525184795,15.937447059463466,4,YPEL3,19.196922464802824,13.143024281562722,-4058.015248276781,-5.333565627832626,0.08249472212806352,SE,3888,0.00016660428950493833,0.04621465361773423,0.009691238403320312,0.20985321862302053,0.7901465887934568,1.9258339063806548e-07,6.547051768124312e-05,6.31626515663199e-05,-4073.9526953362447
1171,7832.886383071956,0.020616145640032276,12.321106652104845,4,STX1B,19.196922464802824,38.0108978760381,-3899.911891204817,-3.819022951089956,0.033143609598255526,SE,3888,9.602523692046325e-05,0.1781078659395334,0.010008573532104492,0.04564186331412826,0.9372484857158939,0.01710965097033244,0.000447865098688216,0.00036006470519151564,-3912.232997856922
1172,7535.393228343438,0.0186622715686395,31.159525025680523,4,ITFG1,19.196922464802824,42.07427613947432,-3751.165313840558,-3.5769195110486294,0.028393019920124614,SE,3888,1.7291515051013918e-05,0.0388285277204884,0.004680156707763672,0.02642440176182811,0.9735647007505488,1.0897487314148435e-05,2.3767028345389463e-08,5.0609560768233095e-08,-3782.3248388662387
1173,8199.638180410257,0.022404556175807628,29.21284326280238,4,GNAO1,19.196922464802824,34.91286471002248,-4083.287789873968,-4.732843973002984,0.04736402646347158,SE,3888,3.513745092214456e-05,0.055587395776403,0.0040056705474853516,0.13469840272712594,0.7053333311108616,0.1599682661627349,6.484793169114766e-08,1.2311399955968157e-07,-4112.50063313677
1174,8510.753219921367,0.01670788717531417,9.55673576701156,4,MT2A,19.196922464802824,47.089457110119525,-4238.845309629523,-2.769857818990132,0.02209392867103891,SE,3888,5.31927494895491e-05,0.14783677197796596,0.012207984924316406,0.20874038822914961,0.7912442225121578,1.5389258604924755e-05,0.001992170455680342,0.0013189822217389586,-4248.402045396535
1175,6919.307882804632,0.10850576171667305,90.76885447433096,4,RPL13,19.196922464802824,6.573980362260066,-3443.122641071155,-4.123624172141503,0.08109177533576262,SE,3888,0.0001979246760407867,0.018702941026709132,0.00391387939453125,1.8885321712866267e-17,0.9999999999990905,9.37370536135309e-13,0.0,0.0,-3533.891495545486
1176,7911.633575168887,0.020013048196190028,14.945801526617288,4,PAFAH1B1,19.196922464802824,39.18047653379227,-3939.2854872532826,-4.055105498320182,0.03572124963539861,SE,3888,5.761279695405453e-05,0.11311914635022478,0.010590791702270508,0.0025082165393346726,0.9810879385560262,0.01640384490429766,0.00011064399568883054,0.00010296148489297044,-3954.2312887799
1177,6534.979889472871,0.015230655070625298,21.038841141114517,4,CAMKK1,19.196922464802824,51.73430271706746,-3250.9586444052748,-2.338726795208518,0.013850175006295063,SE,3888,1.4075246820383312e-05,0.04679091230333537,0.010035991668701172,0.0009825506028863394,0.9812078376601954,0.017809611736577642,4.500663621342937e-06,5.318966097950745e-06,-3271.9974855463893
1178,7199.157175677411,0.00956979533188774,7.152353015198059,4,NLK,19.196922464802824,82.8102104803931,-3583.0472875075448,-2.8297173619666416,0.015179360341009815,SE,3888,1.8024985942788097e-05,0.14828380781086767,0.011439085006713867,0.1522127408704917,0.8457708415864962,0.0020164175429163637,0.00748657016816856,0.004275801025089966,-3590.199640522743
1179,8013.025503442284,0.03793647520924377,11.650502833409973,4,RPL23A,19.196922464802824,20.29127955928061,-3989.9814513899814,-3.9810449476405396,0.04747167301033645,SE,3888,0.0001532746667508675,0.0900517325802514,0.010689735412597656,0.000301180078753687,0.9996691141737142,2.970574798493328e-05,0.0006418518310022936,0.0004982280222737614,-4001.6319542233914
1180,6561.7619202010765,0.019256933557997125,8.01673715080642,4,GIT1,19.196922464802824,40.75029681120672,-3264.3496597693775,-2.3136858353483154,0.015575254489648905,SE,3888,0.0002780252071106573,0.5877766821796936,0.009517431259155273,0.09266445153490596,0.6264504900881309,0.28088505837726735,0.004634699558541011,0.0027839248821084966,-3272.366396920184
1181,8113.471937997848,0.013195415841018913,5.408337481750095,4,ATP5MC1,19.196922464802824,59.837127786190365,-4040.204668667763,-3.98812726127419,0.030188269345789602,SE,3888,8.047659125396741e-05,0.35345590060644594,0.008941173553466797,0.21461996338301897,0.7285450813257627,0.05683495529156196,0.02004079367067646,0.009951501822719403,-4045.6130061495132
1182,7119.354932058298,0.013537134884547697,18.336919671715805,4,PRKCA,19.196922464802824,58.30645624922305,-3543.146165697988,-2.330242529900577,0.013856712733406074,SE,3888,1.2954973469277312e-05,0.054138349781815615,0.012412786483764648,0.00043066037351087075,0.999481167740012,8.817188680687162e-05,1.850853451090817e-05,1.9530109467679077e-05,-3561.483085369704
1183,7457.613593841193,0.013597261454540335,11.554947286314928,4,RPL38,19.196922464802824,58.045089168763184,-3712.2754965894355,-5.417668277236813,0.048311486851984824,SE,3888,3.8558436989495756e-05,0.15975183709107932,0.008763551712036133,0.1372156122125902,0.8593744092450522,0.003409978542176576,0.0006756922382717967,0.0005227792946010033,-3723.8304438757505
1184,8314.618844732442,0.026371942857118445,7.409652087970244,4,ATP5PD,19.196922464802824,29.540212579838954,-4140.778122035061,-4.163748373716341,0.043146753910321904,SE,3888,0.00012605159095417087,0.14626678709417065,0.011752843856811523,0.004108302601260252,0.9592764280427304,0.03661526935635778,0.006487486782851382,0.003772216400629228,-4148.187774123031
1185,7793.105643345164,0.005551353373077378,5.073593568682554,4,NDUFAF8,19.196922464802824,143.33298635170223,-3880.0215213414212,-2.9181412542326006,0.013263663196819578,SE,3888,8.186975042949983e-06,0.19684719183785443,0.011988639831542969,0.060598012728548485,0.8151876250547212,0.12421436221710781,0.024292972283355363,0.011778410804051086,-3885.095114910104
1186,6670.008657967109,0.039505326616110746,66.21081446646667,4,ACTG1,19.196922464802824,19.453688872496212,-3318.4730286523936,-5.458050692919791,0.06403035355654207,SE,3888,5.4181008756346236e-05,0.02953938264878206,0.0039441585540771484,0.0007538000585031922,0.9992425144497907,3.6854914816493677e-06,4.440892098500626e-16,2.5917664323460445e-15,-3384.6838431188603
1187,7983.365568814157,0.041687560352727755,55.68476861186991,4,SYT4,19.196922464802824,18.39345471777616,-3975.151484075918,-4.283178415835589,0.053803488432780586,SE,3888,5.759161090418184e-05,0.028444770023320454,0.004002571105957031,0.49264403061517426,0.5073559693849997,4.363318800329847e-16,8.504308368628699e-14,3.9774086183451686e-13,-4030.8362526877877
1188,8116.212092094992,0.030377275360870173,11.308534930753467,4,ATP5F1A,19.196922464802824,25.539749259155883,-4041.574745716335,-5.4358163877168355,0.0641913715885747,SE,3888,0.00014401438968364387,0.12800625025586623,0.008113622665405273,0.002506169332679953,0.7683866243225717,0.2291072063451028,0.0007715162435757428,0.000588252854339276,-4052.8832806470887
1189,8115.630440413835,0.025726180632884055,41.877976134609526,4,NAPB,19.196922464802824,30.301796660103186,-4041.2839198757565,-5.381533306759359,0.05965350010839343,SE,3888,3.106786222622482e-05,0.03778369931361967,0.003808736801147461,0.3697673535545447,0.6009233831569731,0.029309263288494983,9.71507319036391e-11,3.189291703907344e-10,-4083.161896010366
1190,8144.36716391414,0.01128126229852194,10.602272457550498,4,SERINC3,19.196922464802824,70.12578398089333,-4055.6522816259094,-3.7529412059261023,0.02608027666383031,SE,3888,1.6425883076059823e-05,0.09792714899155731,0.011801719665527344,0.026039807033857953,0.9565880643022576,0.017372128663844494,0.0011294875367617863,0.0008114583021775751,-4066.25455408346
1191,6941.304834432835,0.007495438105630352,6.572881647233771,4,PKIG,19.196922464802824,105.94931450290275,-3454.121116885257,-2.209046712044738,0.00951456199562268,SE,3888,1.2165902260991975e-05,0.16175250114435658,0.009595394134521484,0.319635251219294,0.6752348498534593,0.005129898927604864,0.010354416689654644,0.005600475014167272,-3460.6939985324907
1192,6239.377893922175,0.01771645432993786,10.439808371163053,4,ATP5F1E,19.196922464802824,44.3631853841459,-3103.1576466299266,-6.336072376491944,0.06532464659790306,SE,3888,5.707118412515701e-05,0.1416543505442628,0.008416891098022461,0.01278673683807555,0.8557876554626458,0.131425607698934,0.0012332806476517133,0.000876431273901881,-3113.5974550010897
1193,6941.632930810499,0.007071495964544672,4.196496228626984,4,KCNQ2,19.196922464802824,112.34903387422372,-3454.2851650740886,-2.561000160556861,0.011389852232031478,SE,3888,2.399670413299915e-05,0.3578225718191019,0.009982585906982422,0.058851991238887846,0.5004660655120262,0.4406819432493387,0.040507592349533716,0.01825456973893538,-3458.4816613027156
1194,7486.012936332962,0.01871308295525674,8.833663649304071,4,EEF1A2,19.196922464802824,41.9578598210699,-3726.4751678353205,-6.335362638369991,0.06866448187255642,SE,3888,9.632377835503856e-05,0.2151691127161976,0.008353948593139648,0.026206339718938387,0.9737132355391142,8.042474152016774e-05,0.002957241069438288,0.001863958007403527,-3735.3088314846245
1195,7368.965248584105,0.04737409827728372,16.25692647500091,4,GPX4,19.196922464802824,16.089557156520737,-3667.951323960892,-5.684699712304769,0.07625544691558056,SE,3888,0.00013523293521536608,0.052905084902081255,0.009334802627563477,3.667606381301494e-05,0.999963323906299,2.94563032624953e-11,5.530703390232983e-05,5.390751195728493e-05,-3684.2082504358928
1196,6605.904165523611,0.07803456245224014,63.74584096898025,4,RPS15,19.196922464802824,9.453449375868855,-3286.4207824306445,-4.462510192087484,0.06687601554526507,SE,3888,0.0001453737364542849,0.02363805893665769,0.003919363021850586,6.481021817411197e-10,0.9999998163339283,1.8301812834803035e-07,1.4432899320127035e-15,8.122410872798766e-15,-3350.1666233996248
1197,7921.417048070901,0.017909282377717595,8.636774062883433,4,UBL5,19.196922464802824,43.87691494059045,-3944.1772237042896,-5.262308440675622,0.050731168737574855,SE,3888,6.518161728821699e-05,0.15844484288175326,0.01038670539855957,0.009066834057060361,0.9908118365601257,0.00012132938262870158,0.003294442682836407,0.002054581668355639,-3952.813997767173
1198,7104.147657057468,0.016918018757479048,6.122468770293381,4,CDC37,19.196922464802824,46.494640679844316,-3535.542528197573,-3.192036204498469,0.022559861013514607,SE,3888,9.261606131734593e-05,0.25126629799981537,0.010165929794311523,0.17014674479904665,0.5323413788271731,0.2975118763740409,0.013347426498402482,0.0069643405369950746,-3541.6649969678665
1199,6761.101904004453,0.018941909974480458,6.424258691268733,4,ADGRL1,19.196922464802824,41.441323512930246,-3364.0196516710657,-2.7660864456142744,0.019225126610367082,SE,3888,6.513842084167382e-05,0.14214547234628908,0.01182699203491211,0.46108599092637254,0.5334584227176428,0.0054555863559421795,0.011257189032615078,0.006006298273096492,-3370.4439103623345
1200,7980.129907747124,0.02825392654928026,12.999261452123392,4,RAB3A,19.196922464802824,27.519253221911733,-3973.533653542401,-5.7672262305216755,0.06770907654441236,SE,3888,7.323017371145778e-05,0.07459781493248058,0.011156558990478516,0.0015227311370298662,0.9984772489971872,1.986573631488257e-08,0.00031161385904976413,0.00025934572136023903,-3986.5329149945246
1201,8354.593956673758,0.010671818976384166,8.860242513785124,4,JUND,19.196922464802824,74.17620191849241,-4160.765678005719,-4.512043992586338,0.03446257408584722,SE,3888,2.4498801245891363e-05,0.16280460761311444,0.009440183639526367,0.020372007463321493,0.9794695940998227,0.00015839843744733337,0.002914488500602719,0.0018394635517822717,-4169.625920519504
1202,7619.677875713233,0.017720270058248545,11.418276666941892,4,REX1BD,19.196922464802824,44.353460309112265,-3793.307637525456,-3.5467854464914867,0.027668343643879875,SE,3888,5.632405582801896e-05,0.13974191213147588,0.010981559753417969,0.04771361900791828,0.9522777404124458,8.640580056317732e-06,0.0007272512145732879,0.0005571985141861054,-3804.725914192398
1203,7672.767700763269,0.012152742971843593,8.532065196830445,4,FXYD1,19.196922464802824,65.03964278632077,-3819.852550050474,-2.851352275474836,0.017707079590739663,SE,3888,2.7094238487891018e-05,0.13969374927841807,0.012426137924194336,0.47367719856305535,0.5262433483487028,7.945308815630624e-05,0.0034894353089269803,0.0021562761267284966,-3828.3846152473043
1204,8038.059528840703,0.014898328299229026,15.347823970372247,4,CLIP3,19.196922464802824,52.90615229319665,-4002.4984640891907,-4.1240660642705365,0.03299694347439401,SE,3888,2.7360977865517014e-05,0.09493073994369061,0.01008152961730957,0.1046427669271014,0.73204376074467,0.16331347232792498,8.942386269417124e-05,8.420936001624238e-05,-4017.846288059563
1205,8301.9721770959,0.013791144919400542,11.175492699332608,4,CAPNS1,19.196922464802824,57.21781080989871,-4134.45478821679,-4.633521122091302,0.03897899797926239,SE,3888,3.7063411248484825e-05,0.1493895288498547,0.011339426040649414,0.492335443292748,0.5060874630339436,0.0015770936740456473,0.0008288488205444589,0.0006278221058809728,-4145.6302809161225
1206,8170.803087428597,0.019743853081180793,11.253387490902696,4,TMEM160,19.196922464802824,39.72558720571057,-4068.8702433831377,-4.584519705025306,0.043088303055981485,SE,3888,4.4720466561268276e-05,0.09011742398423529,0.009473323822021484,0.030382346154954568,0.9696170202482022,6.335969334920326e-07,0.0007947783633759364,0.0006040408491018518,-4080.1236308740404
1207,8197.749804903911,0.0378272822088829,13.174239363429024,4,NAPA,19.196922464802824,20.35216246128021,-4082.343602120795,-4.527044853056585,0.055871626987154976,SE,3888,0.00012729826885771387,0.07518958735291945,0.009715557098388672,3.076467775173292e-07,0.9999560853250246,4.360702795477907e-05,0.00028382391115100436,0.00023842989357639814,-4095.517841484224
1208,5531.338122638895,0.02966003436211288,16.716555074050575,4,SELENOW,19.196922464802824,26.17670213188408,-2749.1377609882866,-5.793381456209317,0.06127215823131442,SE,3888,6.611297052060136e-05,0.061462112884162874,0.009451866149902344,0.00043921104587876683,0.9995607873008749,1.6529587683713684e-09,4.34006161015299e-05,4.292187214301169e-05,-2765.854316062337
1209,7602.035901893081,0.057427911611538006,137.10702959645823,4,SLC17A7,19.196922464802824,13.13270575410366,-3784.48665061538,-6.397076727638816,0.0984856174545677,SE,3888,5.542496557104523e-05,0.01535425003493305,0.004369497299194336,0.01004083760884832,0.989959162391141,2.970710105139817e-31,0.0,0.0,-3921.593680211838
1210,7785.270469973278,0.015237150336736505,8.686011159210466,4,PTOV1,19.196922464802824,51.71190842822869,-3876.103934655478,-3.3331368996642605,0.02423412665121839,SE,3888,7.007571754492084e-05,0.23276318026986575,0.009588956832885742,0.13941074136832607,0.7081072322462717,0.15248202638544367,0.0032066162858668257,0.002005099168651695,-3884.7899458146885
1211,6217.666086690979,0.07054553378475988,57.56993316118087,4,RPL28,19.196922464802824,10.54195739121344,-3092.3017430143286,-4.981726060152809,0.06862126601875551,SE,3888,0.00014431345109597253,0.02788965185443472,0.003968477249145508,0.0031138299475173092,0.996886170052596,1.0882401496079475e-21,3.26405569239796e-14,1.6073001515596017e-13,-3149.8716761755095
1212,7819.371593978124,0.022822267256459593,12.713388103307807,4,UBE2M,19.196922464802824,34.25921732836413,-3893.1544966579013,-3.811487986003881,0.034508484335921026,SE,3888,8.116908474507761e-05,0.12396254727290303,0.010708808898925781,0.00025179729928286466,0.999748167466498,3.5234166438053256e-08,0.00036304707939227576,0.00029795530505679203,-3905.867884761209
1213,6579.528757799798,0.02238494908958689,30.613353782945524,4,SEZ6L,19.196922464802824,34.94414589988875,-3273.233078568738,-2.38678931344346,0.017540215083379267,SE,3888,3.061302354665576e-05,0.04851076132090473,0.004668712615966797,0.0004894681856191171,0.9995105283186444,3.495888137043608e-09,3.149187832729439e-08,6.529416559088151e-08,-3303.8464323516837
1214,7738.236057616491,0.028842452679612295,9.801963485888336,4,UQCR10,19.196922464802824,26.941400169972066,-3852.5867284770848,-5.701941844114208,0.06600374392031355,SE,3888,0.0001534362077650186,0.15034589521147998,0.009969711303710938,0.0018999264714506772,0.9980881865041433,1.1887024028486691e-05,0.0017432564111314885,0.0011755846631933266,-3862.388691962973
1215,8196.376703388603,0.007328078089217103,6.377631416411532,4,NPTXR,19.196922464802824,108.38727834778722,-4081.6570513631414,-3.9959721316824877,0.024792991318102305,SE,3888,1.3033222084732752e-05,0.18116386344723695,0.010934114456176758,0.30999895124123644,0.6007140281694594,0.08928702058872603,0.011556756136403723,0.006145324870569523,-4088.034682779553
1216,8066.83527170782,0.0717276713240138,56.08031083604055,4,RPL3,19.196922464802824,10.35502936718005,-4016.886335522749,-4.3846201020807,0.07640823217064809,SE,3888,0.00010580450055992185,0.01987027915106572,0.004574298858642578,4.800455925466086e-09,0.8306743107874358,0.1693256844125095,6.961098364399732e-14,3.290701044988964e-13,-4072.9666463587896
1217,8108.451702779931,0.019408049750415688,13.830378073368593,4,SNU13,19.196922464802824,40.42677420277184,-4037.694551058805,-4.627263587553282,0.04321745027406826,SE,3888,4.3751644861594145e-05,0.09111736889864458,0.009433507919311523,0.04091803148668905,0.9575752472519848,0.0015067212612950047,0.00020007511170549996,0.00017745020993835918,-4051.5249291321734
1218,7753.29081047883,0.02180452904619744,9.34250183883887,4,SMDT1,19.196922464802824,35.89563154668543,-3860.1141049082544,-3.300088330120004,0.028156179235979396,SE,3888,9.577171658430517e-05,0.15957358943865424,0.00958704948425293,0.002189013251943748,0.9901848130681516,0.00762617368022657,0.002238996535087967,0.0014479271213104624,-3869.4566067470932
1219,7646.635940099241,0.033667530926780674,15.439820420914657,4,SULT4A1,19.196922464802824,22.965608990212292,-3806.78666971846,-3.805690034414992,0.04068650297759589,SE,3888,0.00011516398634081051,0.08444621723897426,0.009625911712646484,3.359904829308829e-05,0.8925484720249568,0.10741792892659996,8.517448207878697e-05,8.052860123812587e-05,-3822.2264901393746
1220,7312.038501962729,0.01129837627171516,6.0946906351287,4,NDUFV3,19.196922464802824,70.01835046763098,-3639.487950650204,-3.0988875097150053,0.01863246100328601,SE,3888,4.368767640534683e-05,0.2596852505026833,0.01022958755493164,0.0994785073477678,0.8830635586091583,0.017457934043006898,0.013558866287020854,0.007059081366891114,-3645.5826412853326
1221,7879.61395085881,0.016161446251781515,30.847889456814755,4,CLSTN1,37.151891739754454,31.808813625915146,-3923.2756750982444,-6.03912560076287,0.0401300246194028,SE,3888,2.746805976547131e-05,0.08140818942715539,0.0037534236907958984,0.03538879316546046,0.964610044378916,1.1624554415195039e-06,2.7906546073985794e-08,5.8631935185747934e-08,-3954.123564555059
1222,7395.860648873648,0.027681942744029464,32.509773645787845,4,SORT1,37.151891739754454,18.353362464968672,-3681.399024105663,-2.8658417216321133,0.027361326203357232,SE,3888,0.00010884217708986905,0.11523696470336021,0.0038797855377197266,0.26044830413239767,0.5332339390098039,0.20631775685790427,1.1859460635754715e-08,2.6570097072780922e-08,-3713.908797751451
1223,7366.71759679158,0.02399457169259732,18.368162052380285,4,CAMKV,37.151891739754454,21.254118003591763,-3666.8274980646293,-3.1912619907941266,0.025750672220639967,SE,3888,0.00011954075223489517,0.16595055870540337,0.003920555114746094,0.14990803502895142,0.849286938934705,0.0008050260360859643,1.8207506153222752e-05,1.9255446816505657e-05,-3685.1956601170095
1224,8118.605845471288,0.016263505314011675,20.90851744157635,4,OCIAD1,37.151891739754454,31.605923434531757,-4042.7716224044834,-4.23584543404507,0.027722254128215284,SE,3888,3.794994639350123e-05,0.11111305708591028,0.0038034915924072266,0.3869363137384304,0.6108722086193761,0.002191477641961683,4.817477534890813e-06,5.65100004092764e-06,-4063.68013984606
1225,9112.235984492456,0.382974000964233,135.84493183661016,4,MALAT1,37.151891739754454,0.8418564204299411,-4539.586691915068,-2.1115422449046735,0.7114433448090722,SE,3888,0.0043159104767611384,0.08837749306350252,0.0033559799194335938,1.3835310575494392e-23,1.0,1.071891718209415e-88,0.0,0.0,-4675.431623751678
1226,7216.755087132749,0.03860717820132949,26.66295599852856,4,PWAR6,37.151891739754454,13.011778792314496,-3591.846243235214,-3.0187547673370725,0.035571159154741155,SE,3888,0.00019014591549800124,0.10815687697398231,0.003945589065551758,1.620681577394956e-05,0.9984179461041948,0.0015658470797235596,2.4222112027239007e-07,3.921387999428482e-07,-3618.5091992337425
1227,7769.496445110986,0.025691880994583766,26.175987591903777,4,PRNP,37.151891739754454,19.815465373472847,-3868.2169222243324,-5.758767173718909,0.04669902815213134,SE,3888,9.419844027353767e-05,0.1148511062880482,0.003894805908203125,0.002909119549435065,0.9943165214540506,0.0027743589968667647,3.116741804642942e-07,4.889492073514982e-07,-3894.392909816236
1228,8052.666205733281,0.013591795776245042,22.351124587254617,4,STMN3,37.151891739754454,37.92134144012877,-4009.8018025354795,-5.1172521600162,0.030625084558012734,SE,3888,2.991934998100553e-05,0.124056079740223,0.004059314727783203,0.28548323270527226,0.6905416036697466,0.023975163624711106,2.27080038295302e-06,2.8625847251771403e-06,-4032.152927122734
