obs_id,x,y,group,group_idx,p_hat,n_resolutions,basis_kind,M,sigma2,likelihood,known_capture_rate,converged
AAACAAGTATCTCCCA-1,10214.0,8636.0,L5,2,0.47592707988387806,1,bisquare,8535,1.0,negbinomial,0.2842243727205218,True
AAACACCAATAACTGC-1,4497.0,9702.0,L6,3,0.40477453370349825,1,bisquare,8535,1.0,negbinomial,0.2842243727205218,True
AAACAGAGCGACTCCT-1,9672.0,4322.0,L3,0,0.5164808363828156,1,bisquare,8535,1.0,negbinomial,0.2842243727205218,True
AAACAGCTTTCAGAAG-1,3813.0,7784.0,L5,2,0.35777054679524006,1,bisquare,8535,1.0,negbinomial,0.2842243727205218,True
AAACAGGGTCTATATT-1,4087.0,8264.0,L5,2,0.37879390563518767,1,bisquare,8535,1.0,negbinomial,0.2842243727205218,True
AAACAGTGTTCCTGGG-1,6146.0,11383.0,WM,4,0.2068322923825662,1,bisquare,8535,1.0,negbinomial,0.2842243727205218,True
AAACATTTCCCGGATT-1,9867.0,9953.0,L6,3,0.4551878188035888,1,bisquare,8535,1.0,negbinomial,0.2842243727205218,True
AAACCCGAACGAAATC-1,11110.0,8039.0,L3,0,0.5079716438829432,1,bisquare,8535,1.0,negbinomial,0.2842243727205218,True
AAACCGGAAATGTTAA-1,11728.0,9118.0,L4,1,0.4132034252949518,1,bisquare,8535,1.0,negbinomial,0.2842243727205218,True
AAACCGGGTAGGTACC-1,5121.0,7667.0,L5,2,0.39711191837692866,1,bisquare,8535,1.0,negbinomial,0.2842243727205218,True
AAACCGTTCGTCCAGG-1,6083.0,8867.0,L6,3,0.4269305644908734,1,bisquare,8535,1.0,negbinomial,0.2842243727205218,True
AAACCTAAGCAGCCGG-1,8902.0,10430.0,WM,4,0.5560956891471679,1,bisquare,8535,1.0,negbinomial,0.2842243727205218,True
AAACCTCATGAAGTTG-1,4503.0,7067.0,L4,1,0.41767685415115946,1,bisquare,8535,1.0,negbinomial,0.2842243727205218,True
AAACGAGACGGTTGAT-1,8634.0,6836.0,L3,0,0.313744456411389,1,bisquare,8535,1.0,negbinomial,0.2842243727205218,True
AAACGCCCGAGATCGG-1,10638.0,3126.0,L3,0,0.5358457299637437,1,bisquare,8535,1.0,negbinomial,0.2842243727205218,True
AAACGGGCGTACGGGT-1,9453.0,10431.0,L6,3,0.2225724439160572,1,bisquare,8535,1.0,negbinomial,0.2842243727205218,True
AAACGGTTGCGAACTG-1,7249.0,10666.0,WM,4,0.31790117717618627,1,bisquare,8535,1.0,negbinomial,0.2842243727205218,True
AAACGTGTTCGCCCTA-1,11324.0,4326.0,L3,0,0.23001485333204902,1,bisquare,8535,1.0,negbinomial,0.2842243727205218,True
AAACTAACGTGGCGAC-1,10775.0,3606.0,L3,0,0.37939493422067977,1,bisquare,8535,1.0,negbinomial,0.2842243727205218,True
AAACTCGGTTCGCAAT-1,8007.0,10548.0,WM,4,0.40977168043227746,1,bisquare,8535,1.0,negbinomial,0.2842243727205218,True
AAACTCGTGATATAAG-1,10978.0,5403.0,L3,0,0.5629505336144819,1,bisquare,8535,1.0,negbinomial,0.2842243727205218,True
AAACTGCTGGCTCCAA-1,7806.0,8032.0,L5,2,0.32849188531529216,1,bisquare,8535,1.0,negbinomial,0.2842243727205218,True
AAACTTAATTGCACGC-1,4014.0,10300.0,L6,3,0.23945630412185143,1,bisquare,8535,1.0,negbinomial,0.2842243727205218,True
AAACTTGCAAACGTAT-1,4501.0,8025.0,L5,2,0.2571813117790792,1,bisquare,8535,1.0,negbinomial,0.2842243727205218,True
AAAGAATGTGGACTAA-1,10415.0,11152.0,L6,3,0.3388145037315713,1,bisquare,8535,1.0,negbinomial,0.2842243727205218,True
AAAGACCCAAGTCGCG-1,6506.0,3837.0,L3,0,0.18631432890657706,1,bisquare,8535,1.0,negbinomial,0.2842243727205218,True
AAAGACTGGGCGCTTT-1,4230.0,6108.0,L3,0,0.3584072160258226,1,bisquare,8535,1.0,negbinomial,0.2842243727205218,True
AAAGCTTGCCTACATA-1,11597.0,5764.0,L3,0,0.10198315495445659,1,bisquare,8535,1.0,negbinomial,0.2842243727205218,True
AAAGGCCCTATAATAC-1,4702.0,10541.0,L6,3,0.3174006652160728,1,bisquare,8535,1.0,negbinomial,0.2842243727205218,True
AAAGGCTACGGACCAT-1,6906.0,10067.0,WM,4,0.3008340512465994,1,bisquare,8535,1.0,negbinomial,0.2842243727205218,True
AAAGGCTCTCGCGCCG-1,6977.0,9228.0,L6,3,0.1474190566329891,1,bisquare,8535,1.0,negbinomial,0.2842243727205218,True
AAAGGGATGTAGCAAG-1,7467.0,5516.0,L3,0,0.28533885704815376,1,bisquare,8535,1.0,negbinomial,0.2842243727205218,True
AAAGGGCAGCTTGAAT-1,4988.0,5511.0,L3,0,0.21089584970315892,1,bisquare,8535,1.0,negbinomial,0.2842243727205218,True
AAAGGTAAGCTGTACC-1,10499.0,3845.0,L3,0,0.36597274736990815,1,bisquare,8535,1.0,negbinomial,0.2842243727205218,True
AAAGTAGCATTGCTCA-1,5050.0,8745.0,L6,3,0.3753330700844754,1,bisquare,8535,1.0,negbinomial,0.2842243727205218,True
AAAGTCACTGATGTAA-1,6782.0,3837.0,L3,0,0.2800759940849171,1,bisquare,8535,1.0,negbinomial,0.2842243727205218,True
AAAGTCGACCCTCAGT-1,4228.0,7066.0,L4,1,0.2556078722695097,1,bisquare,8535,1.0,negbinomial,0.2842243727205218,True
AAAGTGCCATCAATTA-1,11794.0,10197.0,L5,2,0.28077677549247737,1,bisquare,8535,1.0,negbinomial,0.2842243727205218,True
AAAGTGTGATTTATCT-1,9665.0,7916.0,L4,1,0.29314291992937014,1,bisquare,8535,1.0,negbinomial,0.2842243727205218,True
AAAGTTGACTCCCGTA-1,9803.0,7677.0,L3,0,0.33840804733812685,1,bisquare,8535,1.0,negbinomial,0.2842243727205218,True
AAATAACCATACGGGA-1,9259.0,4321.0,L3,0,0.2709418195968147,1,bisquare,8535,1.0,negbinomial,0.2842243727205218,True
AAATAAGGTAGTGCCC-1,11114.0,6362.0,L3,0,0.470077449793231,1,bisquare,8535,1.0,negbinomial,0.2842243727205218,True
AAATACCTATAAGCAT-1,7943.0,8272.0,L5,2,0.23330391130488098,1,bisquare,8535,1.0,negbinomial,0.2842243727205218,True
AAATAGCTTAGACTTT-1,10493.0,6959.0,L3,0,0.5396185989021889,1,bisquare,8535,1.0,negbinomial,0.2842243727205218,True
AAATAGGGTGCTATTG-1,8630.0,8992.0,L6,3,0.2892147336014483,1,bisquare,8535,1.0,negbinomial,0.2842243727205218,True
AAATCCGATACACGCC-1,9178.0,10431.0,L6,3,0.207746923158461,1,bisquare,8535,1.0,negbinomial,0.2842243727205218,True
AAATCGTGTACCACAA-1,7049.0,7911.0,L5,2,0.48852088726828646,1,bisquare,8535,1.0,negbinomial,0.2842243727205218,True
AAATCTAGCCCTGCTA-1,10144.0,8995.0,L5,2,0.28703316669561457,1,bisquare,8535,1.0,negbinomial,0.2842243727205218,True
AAATGATTCGATCAGC-1,10841.0,5163.0,L3,0,0.2622605425401132,1,bisquare,8535,1.0,negbinomial,0.2842243727205218,True
AAATGCTCGTTACGTT-1,4852.0,4552.0,L3,0,0.22886113617661877,1,bisquare,8535,1.0,negbinomial,0.2842243727205218,True
AAATGGCATGTCTTGT-1,7951.0,4199.0,L3,0,0.22815764637598918,1,bisquare,8535,1.0,negbinomial,0.2842243727205218,True
AAATGGCCCGTGCCCT-1,4362.0,8504.0,L5,2,0.3107584393807027,1,bisquare,8535,1.0,negbinomial,0.2842243727205218,True
AAATGGTCAATGTGCC-1,6707.0,6592.0,L4,1,0.27933769450939194,1,bisquare,8535,1.0,negbinomial,0.2842243727205218,True
AAATGTATCTTATCCC-1,3198.0,5746.0,L3,0,0.2141443798186124,1,bisquare,8535,1.0,negbinomial,0.2842243727205218,True
AAATTAACGGGTAGCT-1,7189.0,6713.0,L4,1,0.4361682500471652,1,bisquare,8535,1.0,negbinomial,0.2842243727205218,True
AAATTAATAAGCGCGA-1,3471.0,6466.0,L3,0,0.2302469061800485,1,bisquare,8535,1.0,negbinomial,0.2842243727205218,True
AAATTACACGACTCTG-1,9121.0,4321.0,L3,0,0.2632370649873771,1,bisquare,8535,1.0,negbinomial,0.2842243727205218,True
AAATTACCTATCGATG-1,9669.0,5760.0,L3,0,0.26097276916477463,1,bisquare,8535,1.0,negbinomial,0.2842243727205218,True
AAATTCCAGGTCCAAA-1,11113.0,6841.0,L3,0,0.5586538499507038,1,bisquare,8535,1.0,negbinomial,0.2842243727205218,True
AAATTGATAGTCCTTT-1,5325.0,9225.0,L6,3,0.27760893734526665,1,bisquare,8535,1.0,negbinomial,0.2842243727205218,True
AAATTGGTGAGAAGCA-1,11393.0,4446.0,L3,0,0.33298098765630824,1,bisquare,8535,1.0,negbinomial,0.2842243727205218,True
AAATTTACCGAAATCC-1,9399.0,3363.0,L3,0,0.35284925944071077,1,bisquare,8535,1.0,negbinomial,0.2842243727205218,True
AAATTTGCGGGTGTGG-1,5464.0,8267.0,L5,2,0.36804082470282623,1,bisquare,8535,1.0,negbinomial,0.2842243727205218,True
AACAACTGGTAGTTGC-1,6089.0,5992.0,L3,0,0.49527433649851044,1,bisquare,8535,1.0,negbinomial,0.2842243727205218,True
AACAATACATTGTCGA-1,5736.0,9944.0,WM,4,0.5394285774957902,1,bisquare,8535,1.0,negbinomial,0.2842243727205218,True
AACAATTACTCTACGC-1,4918.0,6109.0,L3,0,0.42364832689903337,1,bisquare,8535,1.0,negbinomial,0.2842243727205218,True
AACACACGCTCGCCGC-1,9594.0,8755.0,L5,2,0.23345890716714512,1,bisquare,8535,1.0,negbinomial,0.2842243727205218,True
AACACGACTGTACTGA-1,7677.0,3719.0,L3,0,0.3378487551786168,1,bisquare,8535,1.0,negbinomial,0.2842243727205218,True
AACACGAGACGCGGCC-1,4639.0,8026.0,L5,2,0.22107727654562953,1,bisquare,8535,1.0,negbinomial,0.2842243727205218,True
AACAGCTGTGTGGCAA-1,5324.0,9704.0,L6,3,0.32072678262915355,1,bisquare,8535,1.0,negbinomial,0.2842243727205218,True
AACAGGAAATCGAATA-1,7813.0,4438.0,L3,0,0.35876344348924294,1,bisquare,8535,1.0,negbinomial,0.2842243727205218,True
AACAGGATGGGCCGCG-1,5331.0,6110.0,L3,0,0.2114345978170477,1,bisquare,8535,1.0,negbinomial,0.2842243727205218,True
AACAGGTAGTATGGAT-1,10972.0,8518.0,L4,1,0.5370043437351166,1,bisquare,8535,1.0,negbinomial,0.2842243727205218,True
AACATATCAACTGGTG-1,10013.0,5880.0,L3,0,0.23808175999682116,1,bisquare,8535,1.0,negbinomial,0.2842243727205218,True
AACATCGATACGTCTA-1,10980.0,4684.0,L3,0,0.23607306642446313,1,bisquare,8535,1.0,negbinomial,0.2842243727205218,True
AACATTGAAGTTGATC-1,4771.0,10661.0,L6,3,0.15174314683566253,1,bisquare,8535,1.0,negbinomial,0.2842243727205218,True
AACATTGTGACTCGAG-1,6768.0,10306.0,WM,4,0.24879927105474298,1,bisquare,8535,1.0,negbinomial,0.2842243727205218,True
AACCAAGACTTCTCTG-1,4847.0,6948.0,L5,2,0.2522323298349663,1,bisquare,8535,1.0,negbinomial,0.2842243727205218,True
AACCAGTATCACTCTT-1,9536.0,3364.0,L3,0,0.217986140902964,1,bisquare,8535,1.0,negbinomial,0.2842243727205218,True
AACCATAGGGTTGAAC-1,3945.0,10420.0,L6,3,0.2840221647939016,1,bisquare,8535,1.0,negbinomial,0.2842243727205218,True
AACCATGGGATCGCTA-1,5266.0,4313.0,L3,0,0.30683642188709614,1,bisquare,8535,1.0,negbinomial,0.2842243727205218,True
AACCCAGAGACGGAGA-1,5885.0,4434.0,L3,0,0.30255275742153326,1,bisquare,8535,1.0,negbinomial,0.2842243727205218,True
AACCCATCCCATGATC-1,4154.0,9342.0,L5,2,0.4921157965480919,1,bisquare,8535,1.0,negbinomial,0.2842243727205218,True
AACCCGACAACCCGTG-1,6148.0,10664.0,WM,4,0.28736625974485613,1,bisquare,8535,1.0,negbinomial,0.2842243727205218,True
AACCCGAGCAGAATCG-1,10970.0,9476.0,L5,2,0.4578755208779212,1,bisquare,8535,1.0,negbinomial,0.2842243727205218,True
AACCCGCTGTATTCCA-1,7247.0,11625.0,WM,4,0.2797716748840709,1,bisquare,8535,1.0,negbinomial,0.2842243727205218,True
AACCCTACTGTCAATA-1,9803.0,7437.0,L3,0,0.5024386567145895,1,bisquare,8535,1.0,negbinomial,0.2842243727205218,True
AACCCTGGTGGAACCA-1,8021.0,3600.0,L3,0,0.2836443220875994,1,bisquare,8535,1.0,negbinomial,0.2842243727205218,True
AACCGAGCTTGGTCAT-1,8017.0,5517.0,L3,0,0.40240734371032055,1,bisquare,8535,1.0,negbinomial,0.2842243727205218,True
AACCGCTAAGGGATGC-1,9527.0,8155.0,L4,1,0.2696652186361253,1,bisquare,8535,1.0,negbinomial,0.2842243727205218,True
AACCGTTGTGTTTGCT-1,7607.0,4078.0,L3,0,0.15103403360648182,1,bisquare,8535,1.0,negbinomial,0.2842243727205218,True
AACCTCGCTTTAGCCC-1,8834.0,10071.0,L6,3,0.35262153502316984,1,bisquare,8535,1.0,negbinomial,0.2842243727205218,True
AACCTGTCACGGAATT-1,11319.0,6961.0,L3,0,0.3545669719401298,1,bisquare,8535,1.0,negbinomial,0.2842243727205218,True
AACCTTTAAATACGGT-1,7872.0,9110.0,L6,3,0.43280366684357374,1,bisquare,8535,1.0,negbinomial,0.2842243727205218,True
AACCTTTACGACGTCT-1,9534.0,4562.0,L3,0,0.1567388404706469,1,bisquare,8535,1.0,negbinomial,0.2842243727205218,True
AACGAAAGTCGTCCCA-1,3740.0,9581.0,L5,2,0.22898599721477275,1,bisquare,8535,1.0,negbinomial,0.2842243727205218,True
AACGATAATGCCGTAG-1,8217.0,8991.0,L6,3,0.3972376862516081,1,bisquare,8535,1.0,negbinomial,0.2842243727205218,True
AACGATAGAAGGGCCG-1,6849.0,4436.0,L3,0,0.267586445869877,1,bisquare,8535,1.0,negbinomial,0.2842243727205218,True
AACGATATGTCAACTG-1,8430.0,5518.0,L3,0,0.399561544524673,1,bisquare,8535,1.0,negbinomial,0.2842243727205218,True
AACGCATGATCTGGGT-1,10359.0,5042.0,L3,0,0.4991752806119962,1,bisquare,8535,1.0,negbinomial,0.2842243727205218,True
AACGCGACCTTGGGCG-1,6836.0,10666.0,WM,4,0.27192583006647525,1,bisquare,8535,1.0,negbinomial,0.2842243727205218,True
AACGCGGTCTCCAGCC-1,7673.0,5396.0,L3,0,0.30036475657582884,1,bisquare,8535,1.0,negbinomial,0.2842243727205218,True
AACGCTGTTGCTGAAA-1,9662.0,9114.0,L5,2,0.36542736892271116,1,bisquare,8535,1.0,negbinomial,0.2842243727205218,True
AACGGACGTACGTATA-1,9526.0,8635.0,L5,2,0.33490422675014936,1,bisquare,8535,1.0,negbinomial,0.2842243727205218,True
AACGGCCATCTCCGGT-1,5877.0,8268.0,L6,3,0.32049084382420734,1,bisquare,8535,1.0,negbinomial,0.2842243727205218,True
AACGTACTGTGGGTAC-1,6084.0,8388.0,L6,3,0.3283414338957653,1,bisquare,8535,1.0,negbinomial,0.2842243727205218,True
AACGTCAGACTAGTGG-1,5952.0,5513.0,L3,0,0.2111774353404994,1,bisquare,8535,1.0,negbinomial,0.2842243727205218,True
AACGTGATGAAGGACA-1,8916.0,3722.0,L3,0,0.32114703135596434,1,bisquare,8535,1.0,negbinomial,0.2842243727205218,True
AACGTGCGAAAGTCTC-1,8290.0,6955.0,L3,0,0.3261904375801758,1,bisquare,8535,1.0,negbinomial,0.2842243727205218,True
AACGTTATCAGCACCT-1,3887.0,5269.0,L3,0,0.19123833431559842,1,bisquare,8535,1.0,negbinomial,0.2842243727205218,True
AACTACCCGTTTGTCA-1,10972.0,8278.0,L3,0,0.4718904190633777,1,bisquare,8535,1.0,negbinomial,0.2842243727205218,True
AACTAGGCTTGGGTGT-1,7390.0,9229.0,L6,3,0.21225843945990364,1,bisquare,8535,1.0,negbinomial,0.2842243727205218,True
AACTCAAGTTAATTGC-1,6224.0,7190.0,L5,2,0.3868407206520572,1,bisquare,8535,1.0,negbinomial,0.2842243727205218,True
AACTCCAGAGCGTGTT-1,9523.0,9833.0,L6,3,0.18725159719317308,1,bisquare,8535,1.0,negbinomial,0.2842243727205218,True
AACTCCTAATCCCATG-1,9535.0,4082.0,L3,0,0.2853621326198936,1,bisquare,8535,1.0,negbinomial,0.2842243727205218,True
AACTCGATGGCGCAGT-1,5060.0,3953.0,L3,0,0.1611204505778773,1,bisquare,8535,1.0,negbinomial,0.2842243727205218,True
AACTCTCAATAGAGCG-1,9598.0,6838.0,L3,0,0.39603869721785,1,bisquare,8535,1.0,negbinomial,0.2842243727205218,True
AACTCTCAGTGTGCTC-1,6014.0,8987.0,L6,3,0.2586134397696463,1,bisquare,8535,1.0,negbinomial,0.2842243727205218,True
AACTGAGGTCAGCGTC-1,10844.0,3726.0,L3,0,0.2823520304442744,1,bisquare,8535,1.0,negbinomial,0.2842243727205218,True
AACTGATATTAGGCCT-1,7744.0,4558.0,L3,0,0.2174934112102075,1,bisquare,8535,1.0,negbinomial,0.2842243727205218,True
AACTGGGTCCCGACGT-1,7743.0,5037.0,L3,0,0.45294397764833005,1,bisquare,8535,1.0,negbinomial,0.2842243727205218,True
AACTGGTGTGGGCCTT-1,6576.0,3477.0,L3,0,0.1299311156851424,1,bisquare,8535,1.0,negbinomial,0.2842243727205218,True
AACTTCTGCGTCTATC-1,4439.0,4791.0,L3,0,0.18000458665270666,1,bisquare,8535,1.0,negbinomial,0.2842243727205218,True
AACTTGCCCGTATGCA-1,5056.0,6110.0,L3,0,0.33596569757215333,1,bisquare,8535,1.0,negbinomial,0.2842243727205218,True
AACTTGCGTTCTCGCG-1,4577.0,4312.0,L3,0,0.11997363198555275,1,bisquare,8535,1.0,negbinomial,0.2842243727205218,True
AACTTTACGGGAGCTT-1,3678.0,6346.0,L3,0,0.19008448689780844,1,bisquare,8535,1.0,negbinomial,0.2842243727205218,True
AACTTTCTCGATCATG-1,11736.0,5285.0,L3,0,0.20408999864266808,1,bisquare,8535,1.0,negbinomial,0.2842243727205218,True
AAGAAATCACCAGATT-1,11874.0,5046.0,L3,0,0.2650014262396887,1,bisquare,8535,1.0,negbinomial,0.2842243727205218,True
AAGAAGGATCAGTTAG-1,4922.0,4193.0,L3,0,0.1760335771561073,1,bisquare,8535,1.0,negbinomial,0.2842243727205218,True
AAGACATACGTGGTTT-1,11036.0,10794.0,L6,3,0.4485403858715717,1,bisquare,8535,1.0,negbinomial,0.2842243727205218,True
AAGACCAAATAACTCA-1,3602.0,10060.0,L6,3,0.242730360203028,1,bisquare,8535,1.0,negbinomial,0.2842243727205218,True
AAGACCCAACTGAACA-1,6907.0,9827.0,WM,4,0.5195158285684665,1,bisquare,8535,1.0,negbinomial,0.2842243727205218,True
AAGACTGCAAGCTACT-1,7877.0,6954.0,L4,1,0.2289876203557127,1,bisquare,8535,1.0,negbinomial,0.2842243727205218,True
AAGAGATGAATCGGTA-1,5056.0,5870.0,L3,0,0.4033513907547614,1,bisquare,8535,1.0,negbinomial,0.2842243727205218,True
AAGAGCTCTTTATCGG-1,8497.0,6836.0,L3,0,0.3650324098805477,1,bisquare,8535,1.0,negbinomial,0.2842243727205218,True
AAGAGGATGTACGCGA-1,5191.0,7308.0,L5,2,0.19651553558643728,1,bisquare,8535,1.0,negbinomial,0.2842243727205218,True
AAGAGGCATGGATCGC-1,8703.0,6956.0,L3,0,0.23788288773897046,1,bisquare,8535,1.0,negbinomial,0.2842243727205218,True
AAGAGGCCCTTTGGAA-1,10694.0,9715.0,L5,2,0.28537697895187636,1,bisquare,8535,1.0,negbinomial,0.2842243727205218,True
AAGATGGCACCGGACC-1,5874.0,9705.0,L6,3,0.1383121783142095,1,bisquare,8535,1.0,negbinomial,0.2842243727205218,True
AAGATTGGCGGAACGT-1,9394.0,5759.0,L3,0,0.33426275925439874,1,bisquare,8535,1.0,negbinomial,0.2842243727205218,True
AAGCACCCTGCGTATC-1,8215.0,9710.0,L6,3,0.20694492140927473,1,bisquare,8535,1.0,negbinomial,0.2842243727205218,True
AAGCATACTCTCCTGA-1,7941.0,8991.0,L6,3,0.3667084390344329,1,bisquare,8535,1.0,negbinomial,0.2842243727205218,True
AAGCCACTTGCAGGTA-1,5251.0,11501.0,WM,4,0.3588371925763429,1,bisquare,8535,1.0,negbinomial,0.2842243727205218,True
AAGCCGAAGCGGTTTA-1,10559.0,8517.0,L4,1,0.3125551154771953,1,bisquare,8535,1.0,negbinomial,0.2842243727205218,True
AAGCCGCCGTGAAATC-1,4771.0,10422.0,L6,3,0.4183857316557991,1,bisquare,8535,1.0,negbinomial,0.2842243727205218,True
AAGCCGCTTTACCTTG-1,11805.0,4926.0,L3,0,0.19823704632082037,1,bisquare,8535,1.0,negbinomial,0.2842243727205218,True
AAGCCGGAGAGCAGGA-1,11795.0,9957.0,L5,2,0.16599157014298518,1,bisquare,8535,1.0,negbinomial,0.2842243727205218,True
AAGCGCAGGGCTTTGA-1,8213.0,10668.0,WM,4,0.27609278875637483,1,bisquare,8535,1.0,negbinomial,0.2842243727205218,True
AAGCGGAGTGCGCGCA-1,11876.0,4087.0,L3,0,0.1440403837906707,1,bisquare,8535,1.0,negbinomial,0.2842243727205218,True
AAGCGGCGTCATGGGT-1,9880.0,3724.0,L3,0,0.18568055068775696,1,bisquare,8535,1.0,negbinomial,0.2842243727205218,True
AAGCGTCCCTCATCGA-1,5600.0,9465.0,L6,3,0.3405056150211181,1,bisquare,8535,1.0,negbinomial,0.2842243727205218,True
AAGCTAGATCGAGTAA-1,7873.0,8631.0,L6,3,0.2822548826473832,1,bisquare,8535,1.0,negbinomial,0.2842243727205218,True
AAGCTCGTGCCAAGTC-1,8221.0,6835.0,L3,0,0.3441695503532466,1,bisquare,8535,1.0,negbinomial,0.2842243727205218,True
AAGCTCTTTCATGGTG-1,8767.0,9472.0,L6,3,0.37484459356482497,1,bisquare,8535,1.0,negbinomial,0.2842243727205218,True
AAGGAGCGGTTGGTGC-1,6502.0,5993.0,L3,0,0.31242141407780916,1,bisquare,8535,1.0,negbinomial,0.2842243727205218,True
AAGGATCGATCGCTTG-1,10699.0,7319.0,L3,0,0.4144852154133264,1,bisquare,8535,1.0,negbinomial,0.2842243727205218,True
AAGGATGAGGGACCTC-1,9187.0,5879.0,L3,0,0.2266950602673514,1,bisquare,8535,1.0,negbinomial,0.2842243727205218,True
AAGGCAGGCTGTCTCC-1,11318.0,7680.0,L3,0,0.41442945995598973,1,bisquare,8535,1.0,negbinomial,0.2842243727205218,True
AAGGCGCGTAAAGCTT-1,5814.0,5512.0,L3,0,0.29937852225643646,1,bisquare,8535,1.0,negbinomial,0.2842243727205218,True
AAGGCTGTGCTCATCG-1,6364.0,6232.0,L4,1,0.22363762570305695,1,bisquare,8535,1.0,negbinomial,0.2842243727205218,True
AAGGGAACGACTGGCT-1,4634.0,10182.0,L6,3,0.32736594659805907,1,bisquare,8535,1.0,negbinomial,0.2842243727205218,True
AAGGGACAGATTCTGT-1,9531.0,5760.0,L3,0,0.24360169787976135,1,bisquare,8535,1.0,negbinomial,0.2842243727205218,True
AAGGGACTATGCATTC-1,4979.0,9823.0,L6,3,0.29105627294491443,1,bisquare,8535,1.0,negbinomial,0.2842243727205218,True
AAGGTATCCTAATATA-1,8774.0,5638.0,L3,0,0.28026315354364306,1,bisquare,8535,1.0,negbinomial,0.2842243727205218,True
AAGGTGATAAACCAGC-1,9527.0,7916.0,L4,1,0.35721036133529266,1,bisquare,8535,1.0,negbinomial,0.2842243727205218,True
AAGTAGAAGACCGGGT-1,6435.0,4915.0,L3,0,0.4490922881805708,1,bisquare,8535,1.0,negbinomial,0.2842243727205218,True
AAGTAGTGACGCGAGG-1,5330.0,6589.0,L4,1,0.2973406542082406,1,bisquare,8535,1.0,negbinomial,0.2842243727205218,True
AAGTCAATTGTCGTCA-1,10146.0,8037.0,L4,1,0.2995814821340593,1,bisquare,8535,1.0,negbinomial,0.2842243727205218,True
AAGTCTAGTAGCTGCC-1,11805.0,5165.0,L3,0,0.19111608130424887,1,bisquare,8535,1.0,negbinomial,0.2842243727205218,True
AAGTCTTCTGTGGCCT-1,3401.0,7304.0,L3,0,0.1946058881905712,1,bisquare,8535,1.0,negbinomial,0.2842243727205218,True
AAGTGACGACCGAATT-1,4915.0,7547.0,L5,2,0.2270969983774139,1,bisquare,8535,1.0,negbinomial,0.2842243727205218,True
AAGTGAGTCGGGTTTA-1,6493.0,10066.0,WM,4,0.23297197617919493,1,bisquare,8535,1.0,negbinomial,0.2842243727205218,True
AAGTGCAAAGGTAGAC-1,3886.0,5987.0,L3,0,0.40243331156434087,1,bisquare,8535,1.0,negbinomial,0.2842243727205218,True
AAGTGCCTTGACTGTA-1,10353.0,7918.0,L3,0,0.5727712537121865,1,bisquare,8535,1.0,negbinomial,0.2842243727205218,True
AAGTGCGTTAGAATCT-1,5051.0,8506.0,L5,2,0.42262415573122214,1,bisquare,8535,1.0,negbinomial,0.2842243727205218,True
AAGTGCTTCTCTATTG-1,5734.0,10903.0,WM,4,0.20041438346609114,1,bisquare,8535,1.0,negbinomial,0.2842243727205218,True
AAGTGTTTGGAGACGG-1,8699.0,8872.0,L5,2,0.43544966539589985,1,bisquare,8535,1.0,negbinomial,0.2842243727205218,True
AAGTTCACTCCAAGCT-1,9042.0,9472.0,L6,3,0.4146004526026433,1,bisquare,8535,1.0,negbinomial,0.2842243727205218,True
AAGTTCAGTCTGCGTA-1,10360.0,4803.0,L3,0,0.3887226309734667,1,bisquare,8535,1.0,negbinomial,0.2842243727205218,True
AAGTTCGGCCAACAGG-1,5533.0,8147.0,L5,2,0.25311126034018633,1,bisquare,8535,1.0,negbinomial,0.2842243727205218,True
AAGTTGTGATGTTATA-1,10485.0,10553.0,L6,3,0.3070044387223737,1,bisquare,8535,1.0,negbinomial,0.2842243727205218,True
AAGTTTATGGGCCCAA-1,8006.0,10788.0,WM,4,0.21497004025313318,1,bisquare,8535,1.0,negbinomial,0.2842243727205218,True
AATAACAACGCTCGGC-1,5260.0,6949.0,L5,2,0.3453062520697023,1,bisquare,8535,1.0,negbinomial,0.2842243727205218,True
AATAACACTAGAACAA-1,5807.0,8866.0,L6,3,0.31656496348925695,1,bisquare,8535,1.0,negbinomial,0.2842243727205218,True
AATAATCTTCGTATCG-1,11590.0,8878.0,L4,1,0.352502130043655,1,bisquare,8535,1.0,negbinomial,0.2842243727205218,True
AATACAATGTTTCAGG-1,4506.0,5390.0,L3,0,0.274846667867683,1,bisquare,8535,1.0,negbinomial,0.2842243727205218,True
AATACCGGAGGGCTGT-1,5735.0,10663.0,WM,4,0.3494899694549638,1,bisquare,8535,1.0,negbinomial,0.2842243727205218,True
AATAGAACAGAGTGGC-1,6358.0,8868.0,L6,3,0.3206352175406249,1,bisquare,8535,1.0,negbinomial,0.2842243727205218,True
AATAGAATCTGTTTCA-1,9113.0,8394.0,L5,2,0.39281187749334295,1,bisquare,8535,1.0,negbinomial,0.2842243727205218,True
AATAGCAAGCCTCCTG-1,10844.0,3486.0,L3,0,0.23799501329013203,1,bisquare,8535,1.0,negbinomial,0.2842243727205218,True
AATAGCTACCGCGTGC-1,10841.0,4924.0,L3,0,0.2953786906478532,1,bisquare,8535,1.0,negbinomial,0.2842243727205218,True
AATAGTCCGTCCCGAC-1,7114.0,9468.0,L6,3,0.2691943647301809,1,bisquare,8535,1.0,negbinomial,0.2842243727205218,True
AATAGTCGCGAGTCGG-1,3680.0,5628.0,L3,0,0.21235913583995208,1,bisquare,8535,1.0,negbinomial,0.2842243727205218,True
AATATCAAGGTCGGAT-1,6094.0,3596.0,L3,0,0.18649960593081066,1,bisquare,8535,1.0,negbinomial,0.2842243727205218,True
AATATCGAATCAATGC-1,10696.0,8517.0,L4,1,0.2942287551054202,1,bisquare,8535,1.0,negbinomial,0.2842243727205218,True
AATATCGAGGGTTCTC-1,10151.0,5881.0,L3,0,0.2734088199338088,1,bisquare,8535,1.0,negbinomial,0.2842243727205218,True
AATATTGGAGTATTGA-1,4710.0,6948.0,L4,1,0.28412257435632815,1,bisquare,8535,1.0,negbinomial,0.2842243727205218,True
AATCAGGTTTCATTTA-1,5459.0,10902.0,WM,4,0.21622992600499694,1,bisquare,8535,1.0,negbinomial,0.2842243727205218,True
AATCATGTAAAGACTC-1,9938.0,9115.0,L5,2,0.31616509094221806,1,bisquare,8535,1.0,negbinomial,0.2842243727205218,True
AATCCAAGGGCCTGAG-1,6437.0,4196.0,L3,0,0.3504379363799444,1,bisquare,8535,1.0,negbinomial,0.2842243727205218,True
AATCGCCTCAGCGCCA-1,8633.0,7315.0,L4,1,0.40937318601021144,1,bisquare,8535,1.0,negbinomial,0.2842243727205218,True
AATCGCGCAGAGGACT-1,11042.0,7679.0,L3,0,0.4684438773794215,1,bisquare,8535,1.0,negbinomial,0.2842243727205218,True
AATCGGGACACTACGA-1,7333.0,3599.0,L3,0,0.11715915859879207,1,bisquare,8535,1.0,negbinomial,0.2842243727205218,True
AATCGGTATAGCCCTC-1,10691.0,11153.0,L6,3,0.2898783062433279,1,bisquare,8535,1.0,negbinomial,0.2842243727205218,True
AATCGTGAGCCGAGCA-1,8902.0,10670.0,WM,4,0.2961084835651084,1,bisquare,8535,1.0,negbinomial,0.2842243727205218,True
AATCTAGGTTTACTTG-1,4293.0,8863.0,L5,2,0.24921455532959774,1,bisquare,8535,1.0,negbinomial,0.2842243727205218,True
AATCTATGCCGGAGCC-1,10771.0,5762.0,L3,0,0.3694292782711838,1,bisquare,8535,1.0,negbinomial,0.2842243727205218,True
AATCTCTACTGTGGTT-1,3883.0,7185.0,L4,1,0.1774899729252689,1,bisquare,8535,1.0,negbinomial,0.2842243727205218,True
AATCTGCGTTGGGACG-1,9530.0,6478.0,L3,0,0.21695707829315522,1,bisquare,8535,1.0,negbinomial,0.2842243727205218,True
AATCTGGCTTTCTAGT-1,4224.0,8743.0,L5,2,0.1288327316654447,1,bisquare,8535,1.0,negbinomial,0.2842243727205218,True
AATGACAGCAATGTCT-1,5258.0,8386.0,L5,2,0.28172220122379066,1,bisquare,8535,1.0,negbinomial,0.2842243727205218,True
AATGACGTAGGATGTC-1,8563.0,7914.0,L5,2,0.23808228335459525,1,bisquare,8535,1.0,negbinomial,0.2842243727205218,True
AATGACTGTCAGCCGG-1,6434.0,5394.0,L3,0,0.22953677993780286,1,bisquare,8535,1.0,negbinomial,0.2842243727205218,True
AATGAGTTCGCATATG-1,4646.0,4432.0,L3,0,0.18874296006862154,1,bisquare,8535,1.0,negbinomial,0.2842243727205218,True
AATGATGATACGCTAT-1,9601.0,5400.0,L3,0,0.23862037903445846,1,bisquare,8535,1.0,negbinomial,0.2842243727205218,True
AATGATGCGACTCCTG-1,10151.0,5641.0,L3,0,0.262212005553982,1,bisquare,8535,1.0,negbinomial,0.2842243727205218,True
AATGCAACCGGGTACC-1,7260.0,5635.0,L3,0,0.4071906691189235,1,bisquare,8535,1.0,negbinomial,0.2842243727205218,True
AATGCACCAAGCAATG-1,9877.0,4922.0,L3,0,0.43669334277191385,1,bisquare,8535,1.0,negbinomial,0.2842243727205218,True
AATGGTCCACCGTTCA-1,4298.0,6228.0,L3,0,0.2009127158594777,1,bisquare,8535,1.0,negbinomial,0.2842243727205218,True
AATGGTTCTCACAAGC-1,5609.0,4913.0,L3,0,0.1878383850819379,1,bisquare,8535,1.0,negbinomial,0.2842243727205218,True
AATGTATGGCACTGTA-1,3808.0,10420.0,L6,3,0.23297065081709506,1,bisquare,8535,1.0,negbinomial,0.2842243727205218,True
AATGTGCCCGAGGTGT-1,5049.0,9224.0,L6,3,0.3778684980244468,1,bisquare,8535,1.0,negbinomial,0.2842243727205218,True
AATGTGCTAATCTGAG-1,5391.0,10543.0,WM,4,0.45587539920529885,1,bisquare,8535,1.0,negbinomial,0.2842243727205218,True
AATGTTGTCGTGAGAC-1,10623.0,10793.0,L6,3,0.5020927010721171,1,bisquare,8535,1.0,negbinomial,0.2842243727205218,True
AATTAAAGGTCGGCGT-1,6636.0,7431.0,L5,2,0.3215953500011603,1,bisquare,8535,1.0,negbinomial,0.2842243727205218,True
AATTAACGGATTTCCA-1,7734.0,9589.0,L6,3,0.14634192507779417,1,bisquare,8535,1.0,negbinomial,0.2842243727205218,True
AATTAGCGCTGCAGCG-1,7529.0,8750.0,L6,3,0.4920591789116318,1,bisquare,8535,1.0,negbinomial,0.2842243727205218,True
AATTCATAAGGGATCT-1,9463.0,5400.0,L3,0,0.30632341384796435,1,bisquare,8535,1.0,negbinomial,0.2842243727205218,True
AATTCATTGTCATGCA-1,3808.0,10180.0,L6,3,0.1450847017915661,1,bisquare,8535,1.0,negbinomial,0.2842243727205218,True
AATTCCAAGCATGTAC-1,7181.0,10546.0,WM,4,0.20057174760918864,1,bisquare,8535,1.0,negbinomial,0.2842243727205218,True
AATTCGATTCGAGGAT-1,8420.0,10549.0,WM,4,0.24633212280479413,1,bisquare,8535,1.0,negbinomial,0.2842243727205218,True
AATTCTAGAGTTAGGC-1,7529.0,8511.0,L6,3,0.28754737342647674,1,bisquare,8535,1.0,negbinomial,0.2842243727205218,True
AATTGAACGCTCTGGT-1,8907.0,8034.0,L5,2,0.3006358270669507,1,bisquare,8535,1.0,negbinomial,0.2842243727205218,True
AATTGCAGCAATCGAC-1,10211.0,10313.0,L6,3,0.45183315569028776,1,bisquare,8535,1.0,negbinomial,0.2842243727205218,True
AATTGCGTGGATTACA-1,3807.0,10659.0,L6,3,0.45663085929527897,1,bisquare,8535,1.0,negbinomial,0.2842243727205218,True
AATTGTGGTTGCCAAA-1,11381.0,10435.0,L6,3,0.2153056412644506,1,bisquare,8535,1.0,negbinomial,0.2842243727205218,True
AATTTGGGACATAGTA-1,9466.0,4202.0,L3,0,0.20704117655357343,1,bisquare,8535,1.0,negbinomial,0.2842243727205218,True
AATTTGGTTCCAAAGA-1,7814.0,3959.0,L3,0,0.19133540387624173,1,bisquare,8535,1.0,negbinomial,0.2842243727205218,True
ACAAACCATGCGTCCT-1,4290.0,10301.0,L6,3,0.1611298490073953,1,bisquare,8535,1.0,negbinomial,0.2842243727205218,True
ACAAAGCATGACCTAG-1,9867.0,10193.0,L6,3,0.45059857083368154,1,bisquare,8535,1.0,negbinomial,0.2842243727205218,True
ACAAATCGCACCGAAT-1,8837.0,8633.0,L5,2,0.47054865925112616,1,bisquare,8535,1.0,negbinomial,0.2842243727205218,True
ACAAATGGTAGTGTTT-1,8976.0,7915.0,L4,1,0.488850980475059,1,bisquare,8535,1.0,negbinomial,0.2842243727205218,True
ACAAATTCAGATCTGA-1,10294.0,3485.0,L3,0,0.4718320727246626,1,bisquare,8535,1.0,negbinomial,0.2842243727205218,True
ACAACAGCATGAGCTA-1,8153.0,6475.0,L3,0,0.42261830448621396,1,bisquare,8535,1.0,negbinomial,0.2842243727205218,True
ACAACGGTCCCTGCGA-1,5264.0,5272.0,L3,0,0.29616291615916757,1,bisquare,8535,1.0,negbinomial,0.2842243727205218,True
ACAAGCAGTGCCTAGC-1,4987.0,6229.0,L3,0,0.5196661657634455,1,bisquare,8535,1.0,negbinomial,0.2842243727205218,True
ACAAGCTATATGGAAG-1,3264.0,7064.0,L3,0,0.2735997752874603,1,bisquare,8535,1.0,negbinomial,0.2842243727205218,True
ACAAGGAAATCCGCCC-1,8355.0,8512.0,L5,2,0.41022313040731423,1,bisquare,8535,1.0,negbinomial,0.2842243727205218,True
ACAAGGACAAGAGGTT-1,5744.0,6111.0,L3,0,0.5092405255107072,1,bisquare,8535,1.0,negbinomial,0.2842243727205218,True
ACAAGGATGCTTTAGG-1,9179.0,9952.0,L6,3,0.4084626841987643,1,bisquare,8535,1.0,negbinomial,0.2842243727205218,True
ACAAGGCCTACCAGCC-1,10501.0,3126.0,L3,0,0.24625038753729087,1,bisquare,8535,1.0,negbinomial,0.2842243727205218,True
ACAAGGGCAGGCTCTG-1,8425.0,7914.0,L5,2,0.37833213257783366,1,bisquare,8535,1.0,negbinomial,0.2842243727205218,True
ACAATAGTCGTACGTT-1,4571.0,7666.0,L5,2,0.14698027525101254,1,bisquare,8535,1.0,negbinomial,0.2842243727205218,True
ACAATCCATTTAAACC-1,5398.0,6949.0,L5,2,0.2730766535206179,1,bisquare,8535,1.0,negbinomial,0.2842243727205218,True
ACAATGAATACGGAGA-1,5324.0,9464.0,L6,3,0.3239309985849936,1,bisquare,8535,1.0,negbinomial,0.2842243727205218,True
ACAATGATTCTTCTAC-1,10913.0,3606.0,L3,0,0.24074260968601463,1,bisquare,8535,1.0,negbinomial,0.2842243727205218,True
ACAATTGTGTCTCTTT-1,9870.0,8755.0,L5,2,0.34739426968784753,1,bisquare,8535,1.0,negbinomial,0.2842243727205218,True
ACAATTTAGGAGGCTC-1,3816.0,6347.0,L3,0,0.4070007306405107,1,bisquare,8535,1.0,negbinomial,0.2842243727205218,True
ACAATTTGAGCAGTGG-1,8843.0,5998.0,L3,0,0.2280695601073782,1,bisquare,8535,1.0,negbinomial,0.2842243727205218,True
ACAATTTGGCCATATT-1,11662.0,7800.0,L3,0,0.3500296100522074,1,bisquare,8535,1.0,negbinomial,0.2842243727205218,True
ACACAAAGACGGGTGG-1,7053.0,5515.0,L3,0,0.3189473631590271,1,bisquare,8535,1.0,negbinomial,0.2842243727205218,True
ACACAAATATTCCTAG-1,11738.0,4327.0,L3,0,0.3401762728379844,1,bisquare,8535,1.0,negbinomial,0.2842243727205218,True
ACACACCAGGACCAGT-1,9389.0,7916.0,L4,1,0.3098397917346863,1,bisquare,8535,1.0,negbinomial,0.2842243727205218,True
ACACACTTTCTACACG-1,7607.0,4318.0,L3,0,0.19882950444407485,1,bisquare,8535,1.0,negbinomial,0.2842243727205218,True
ACACATGATCAAATCT-1,4291.0,9822.0,L6,3,0.36152737679099956,1,bisquare,8535,1.0,negbinomial,0.2842243727205218,True
ACACATTTCCGTAGAC-1,7799.0,11386.0,WM,4,0.26423487929263334,1,bisquare,8535,1.0,negbinomial,0.2842243727205218,True
ACACCACATAATTAGC-1,11251.0,6362.0,L3,0,0.4244867204965052,1,bisquare,8535,1.0,negbinomial,0.2842243727205218,True
ACACCCAGCATGCAGC-1,6640.0,5514.0,L3,0,0.25118194829009527,1,bisquare,8535,1.0,negbinomial,0.2842243727205218,True
ACACCCGAGAAATCCG-1,5884.0,4913.0,L3,0,0.4285873519302631,1,bisquare,8535,1.0,negbinomial,0.2842243727205218,True
ACACCGAGCGCTCTTT-1,3544.0,4429.0,L3,0,0.19248929919921248,1,bisquare,8535,1.0,negbinomial,0.2842243727205218,True
ACACCGGTCTGACCGC-1,4358.0,10421.0,L6,3,0.26522275537627465,1,bisquare,8535,1.0,negbinomial,0.2842243727205218,True
ACACCTTAAGTAGGGC-1,6158.0,5633.0,L3,0,0.4290560025666208,1,bisquare,8535,1.0,negbinomial,0.2842243727205218,True
ACACCTTACTACTTGC-1,10836.0,7559.0,L3,0,0.4896144784755581,1,bisquare,8535,1.0,negbinomial,0.2842243727205218,True
ACACGAGACTCCTTCT-1,8084.0,6355.0,L3,0,0.3648497788020608,1,bisquare,8535,1.0,negbinomial,0.2842243727205218,True
ACACGGCACTATGCAT-1,8090.0,3480.0,L3,0,0.17441867241297065,1,bisquare,8535,1.0,negbinomial,0.2842243727205218,True
ACACGGGAACTTAGGG-1,8085.0,5876.0,L3,0,0.23014992693932382,1,bisquare,8535,1.0,negbinomial,0.2842243727205218,True
ACACGTAGGCCACAAG-1,10763.0,9595.0,L5,2,0.5444180498940908,1,bisquare,8535,1.0,negbinomial,0.2842243727205218,True
ACACTCCAATGTCACT-1,4370.0,4671.0,L3,0,0.21452720339661602,1,bisquare,8535,1.0,negbinomial,0.2842243727205218,True
ACACTGATCAAGGTGT-1,6496.0,8868.0,L6,3,0.3260181411221714,1,bisquare,8535,1.0,negbinomial,0.2842243727205218,True
ACACTGGGACAGTCGT-1,11107.0,9716.0,L5,2,0.2808846481835378,1,bisquare,8535,1.0,negbinomial,0.2842243727205218,True
ACAGAACTGAGAACAA-1,4843.0,8865.0,L6,3,0.412378719339327,1,bisquare,8535,1.0,negbinomial,0.2842243727205218,True
ACAGATTAGGTTAGTG-1,7127.0,3478.0,L3,0,0.13245568808445188,1,bisquare,8535,1.0,negbinomial,0.2842243727205218,True
ACAGCATAGAGCCAGT-1,7195.0,3838.0,L3,0,0.27337950182051035,1,bisquare,8535,1.0,negbinomial,0.2842243727205218,True
ACAGCGACATTCTCAT-1,10005.0,9714.0,L6,3,0.4213436628343616,1,bisquare,8535,1.0,negbinomial,0.2842243727205218,True
ACAGCGCACCCGCAGC-1,8709.0,3841.0,L3,0,0.1890192700916737,1,bisquare,8535,1.0,negbinomial,0.2842243727205218,True
ACAGGCACGGATCCTT-1,9727.0,10911.0,L6,3,0.14871020096413673,1,bisquare,8535,1.0,negbinomial,0.2842243727205218,True
ACAGGCTTGCCCGACT-1,9181.0,8993.0,L5,2,0.3716464420400276,1,bisquare,8535,1.0,negbinomial,0.2842243727205218,True
ACAGGTGGAGGTGAGG-1,5876.0,8747.0,L6,3,0.40225833555674534,1,bisquare,8535,1.0,negbinomial,0.2842243727205218,True
ACAGGTGTGTTGTTGC-1,3195.0,7184.0,L3,0,0.21777681304164695,1,bisquare,8535,1.0,negbinomial,0.2842243727205218,True
ACAGTAATACAACTTG-1,4156.0,8144.0,L5,2,0.363158782857081,1,bisquare,8535,1.0,negbinomial,0.2842243727205218,True
ACAGTATACCGTGGGA-1,11392.0,4925.0,L3,0,0.28081897675967876,1,bisquare,8535,1.0,negbinomial,0.2842243727205218,True
ACATAAGTCGTGGTGA-1,3809.0,9701.0,L5,2,0.21292206327257732,1,bisquare,8535,1.0,negbinomial,0.2842243727205218,True
ACATAATAAGGCGGTG-1,7536.0,5156.0,L3,0,0.2630189487542657,1,bisquare,8535,1.0,negbinomial,0.2842243727205218,True
ACATCAGCTGGGACGC-1,4022.0,6467.0,L3,0,0.2616769439612544,1,bisquare,8535,1.0,negbinomial,0.2842243727205218,True
ACATCCCGGCCATACG-1,7115.0,9229.0,L6,3,0.1557732495381343,1,bisquare,8535,1.0,negbinomial,0.2842243727205218,True
ACATCCTGGTAACTGT-1,10216.0,7678.0,L3,0,0.41807253119331705,1,bisquare,8535,1.0,negbinomial,0.2842243727205218,True
ACATCGATCGTTTACC-1,7462.0,7672.0,L5,2,0.22889153991211603,1,bisquare,8535,1.0,negbinomial,0.2842243727205218,True
ACATCGGTCAGCCGCG-1,5741.0,7549.0,L5,2,0.1510304296025756,1,bisquare,8535,1.0,negbinomial,0.2842243727205218,True
ACATCGTATGCAATGG-1,8769.0,8034.0,L5,2,0.5020421352301132,1,bisquare,8535,1.0,negbinomial,0.2842243727205218,True
ACATCGTTAACCTAGT-1,8365.0,3721.0,L3,0,0.140731832274141,1,bisquare,8535,1.0,negbinomial,0.2842243727205218,True
ACATGGCGCCAAAGTA-1,10354.0,7438.0,L3,0,0.5571870574284876,1,bisquare,8535,1.0,negbinomial,0.2842243727205218,True
ACATTAGTTTATATCC-1,7391.0,8750.0,L6,3,0.4141326989174132,1,bisquare,8535,1.0,negbinomial,0.2842243727205218,True
ACATTCGCGCGGAATA-1,5045.0,11381.0,L6,3,0.11420401149080325,1,bisquare,8535,1.0,negbinomial,0.2842243727205218,True
ACCAAACACCCAGCGA-1,11117.0,4685.0,L3,0,0.26671869791490294,1,bisquare,8535,1.0,negbinomial,0.2842243727205218,True
ACCAACACCACACACT-1,10772.0,5043.0,L3,0,0.3476229516164224,1,bisquare,8535,1.0,negbinomial,0.2842243727205218,True
ACCAACCGCACTCCAC-1,9866.0,10432.0,L6,3,0.1747549889234182,1,bisquare,8535,1.0,negbinomial,0.2842243727205218,True
ACCAACGCTTATTTAT-1,6564.0,8988.0,L6,3,0.22622939884657883,1,bisquare,8535,1.0,negbinomial,0.2842243727205218,True
ACCAAGAACGCGTGTC-1,6573.0,4675.0,L3,0,0.28838541736478435,1,bisquare,8535,1.0,negbinomial,0.2842243727205218,True
ACCAAGTCATCGGCAG-1,10484.0,11032.0,L6,3,0.2312328520849012,1,bisquare,8535,1.0,negbinomial,0.2842243727205218,True
ACCAATATGCAAGTTA-1,8560.0,9351.0,L6,3,0.37103957356471773,1,bisquare,8535,1.0,negbinomial,0.2842243727205218,True
ACCACAACTCAGAACA-1,8779.0,3482.0,L3,0,0.26579035167691256,1,bisquare,8535,1.0,negbinomial,0.2842243727205218,True
ACCACAAGTTTCTATC-1,6914.0,6233.0,L4,1,0.1658649214223573,1,bisquare,8535,1.0,negbinomial,0.2842243727205218,True
ACCACACGGTTGATGG-1,8624.0,11628.0,WM,4,0.10137062925117378,1,bisquare,8535,1.0,negbinomial,0.2842243727205218,True
ACCACCAATGTAACAA-1,10560.0,7559.0,L3,0,0.5648979781167937,1,bisquare,8535,1.0,negbinomial,0.2842243727205218,True
ACCACCCTCTCTTCTA-1,11529.0,5404.0,L3,0,0.19816911041316257,1,bisquare,8535,1.0,negbinomial,0.2842243727205218,True
ACCACGTGCAGCTATA-1,8424.0,8393.0,L5,2,0.3190041965531962,1,bisquare,8535,1.0,negbinomial,0.2842243727205218,True
ACCAGACCATAACAAC-1,3470.0,7185.0,L3,0,0.23157633568689287,1,bisquare,8535,1.0,negbinomial,0.2842243727205218,True
ACCAGTGCCCGGTCAA-1,10293.0,3725.0,L3,0,0.24609785476411533,1,bisquare,8535,1.0,negbinomial,0.2842243727205218,True
ACCAGTGCGGGAGACG-1,9664.0,8395.0,L5,2,0.3285938020546862,1,bisquare,8535,1.0,negbinomial,0.2842243727205218,True
ACCATATCCGCAATAA-1,7050.0,7192.0,L5,2,0.3783993570863258,1,bisquare,8535,1.0,negbinomial,0.2842243727205218,True
ACCATCCGCCAACTAG-1,4019.0,7904.0,L5,2,0.20414851172449477,1,bisquare,8535,1.0,negbinomial,0.2842243727205218,True
ACCATCGTATATGGTA-1,6085.0,7669.0,L5,2,0.33164917667641575,1,bisquare,8535,1.0,negbinomial,0.2842243727205218,True
ACCCAACGCCCGTGGC-1,9117.0,6238.0,L3,0,0.21334728050798704,1,bisquare,8535,1.0,negbinomial,0.2842243727205218,True
ACCCACCTACATGCTC-1,4919.0,5630.0,L3,0,0.25829503441584967,1,bisquare,8535,1.0,negbinomial,0.2842243727205218,True
ACCCATCTTGAGGGTA-1,5742.0,7069.0,L5,2,0.22206218398457492,1,bisquare,8535,1.0,negbinomial,0.2842243727205218,True
ACCCATTTGTCCCTCT-1,10074.0,9834.0,L6,3,0.4228594927616114,1,bisquare,8535,1.0,negbinomial,0.2842243727205218,True
ACCCGAGCGAAATTAC-1,5185.0,9943.0,L6,3,0.33764028713727645,1,bisquare,8535,1.0,negbinomial,0.2842243727205218,True
ACCCGATTGGTTCCGA-1,5597.0,10903.0,WM,4,0.33803675489208157,1,bisquare,8535,1.0,negbinomial,0.2842243727205218,True
ACCCGGAAACTCCCAG-1,7665.0,9469.0,L6,3,0.1789947257217323,1,bisquare,8535,1.0,negbinomial,0.2842243727205218,True
ACCCGGAGCACCACAA-1,11658.0,9717.0,L5,2,0.300153785131627,1,bisquare,8535,1.0,negbinomial,0.2842243727205218,True
ACCCGGATGACGCATC-1,10079.0,7198.0,L3,0,0.30041646149096035,1,bisquare,8535,1.0,negbinomial,0.2842243727205218,True
ACCCGGTTACACTTCC-1,6498.0,7670.0,L5,2,0.38610586861680496,1,bisquare,8535,1.0,negbinomial,0.2842243727205218,True
ACCCGTAGTCTAGTTG-1,11311.0,10795.0,L6,3,0.23659327940578218,1,bisquare,8535,1.0,negbinomial,0.2842243727205218,True
ACCCGTGTCATCAGTA-1,6907.0,9588.0,L6,3,0.12632282868066985,1,bisquare,8535,1.0,negbinomial,0.2842243727205218,True
ACCCTATAGGACTGAG-1,4578.0,4072.0,L3,0,0.1692716648831371,1,bisquare,8535,1.0,negbinomial,0.2842243727205218,True
ACCCTATGCCATATCG-1,5944.0,9346.0,L6,3,0.351069110561205,1,bisquare,8535,1.0,negbinomial,0.2842243727205218,True
ACCCTCCCGTCAGGGC-1,10003.0,10912.0,L6,3,0.17048777670332932,1,bisquare,8535,1.0,negbinomial,0.2842243727205218,True
ACCCTCCCTTGCTATT-1,8975.0,8394.0,L5,2,0.2172588645823851,1,bisquare,8535,1.0,negbinomial,0.2842243727205218,True
ACCCTGGTAACGCCCT-1,11116.0,5164.0,L3,0,0.11925495838913812,1,bisquare,8535,1.0,negbinomial,0.2842243727205218,True
ACCCTTCATCTGCGAA-1,7676.0,4198.0,L3,0,0.17345430610831558,1,bisquare,8535,1.0,negbinomial,0.2842243727205218,True
ACCCTTGCCTGGGTCG-1,11875.0,4566.0,L3,0,0.22960104226679037,1,bisquare,8535,1.0,negbinomial,0.2842243727205218,True
ACCCTTTAGTTCTCCA-1,8710.0,3362.0,L3,0,0.1311405450506361,1,bisquare,8535,1.0,negbinomial,0.2842243727205218,True
ACCGAAAGGGCCCTGC-1,6851.0,3717.0,L3,0,0.32326898455938324,1,bisquare,8535,1.0,negbinomial,0.2842243727205218,True
ACCGAAGAGTCTGGTT-1,3947.0,9462.0,L5,2,0.20605931600225905,1,bisquare,8535,1.0,negbinomial,0.2842243727205218,True
ACCGACACATCTCCCA-1,7802.0,9949.0,WM,4,0.32235359742963743,1,bisquare,8535,1.0,negbinomial,0.2842243727205218,True
ACCGACTGAGTCCCAC-1,7741.0,5995.0,L3,0,0.4110353460597235,1,bisquare,8535,1.0,negbinomial,0.2842243727205218,True
ACCGAGTCTCCTTATT-1,8625.0,11148.0,WM,4,0.18233831365656303,1,bisquare,8535,1.0,negbinomial,0.2842243727205218,True
ACCGATAGGCATAACC-1,11313.0,9836.0,L5,2,0.22412699048652482,1,bisquare,8535,1.0,negbinomial,0.2842243727205218,True
ACCGATATTTAATCAT-1,11452.0,9118.0,L4,1,0.30922686743601313,1,bisquare,8535,1.0,negbinomial,0.2842243727205218,True
ACCGATGGTAGCATCG-1,9529.0,6957.0,L3,0,0.28669177331399126,1,bisquare,8535,1.0,negbinomial,0.2842243727205218,True
ACCGCAATAACTGCCT-1,8630.0,8753.0,L5,2,0.37854416838131044,1,bisquare,8535,1.0,negbinomial,0.2842243727205218,True
ACCGCGGTGGAAGTCG-1,10491.0,7918.0,L3,0,0.5732218455730336,1,bisquare,8535,1.0,negbinomial,0.2842243727205218,True
ACCGCTAGTCATTGGT-1,5389.0,11501.0,WM,4,0.13186031588030495,1,bisquare,8535,1.0,negbinomial,0.2842243727205218,True
ACCGGGCCTTTGTTGA-1,9940.0,8156.0,L4,1,0.36077046828370074,1,bisquare,8535,1.0,negbinomial,0.2842243727205218,True
ACCGGTCAGGTACACC-1,4222.0,9702.0,L6,3,0.2561417195517452,1,bisquare,8535,1.0,negbinomial,0.2842243727205218,True
ACCGTGACCACGTGGG-1,5874.0,9945.0,WM,4,0.5490120813865813,1,bisquare,8535,1.0,negbinomial,0.2842243727205218,True
ACCTAAGTACCTTTCA-1,5257.0,8626.0,L6,3,0.34254819400267056,1,bisquare,8535,1.0,negbinomial,0.2842243727205218,True
ACCTAATCGACTTCCT-1,5261.0,6469.0,L4,1,0.28569644810529893,1,bisquare,8535,1.0,negbinomial,0.2842243727205218,True
ACCTACAGTATGTGGT-1,10974.0,7559.0,L3,0,0.3825803486588483,1,bisquare,8535,1.0,negbinomial,0.2842243727205218,True
ACCTACTATAAATCTA-1,7180.0,10786.0,WM,4,0.2989184605620815,1,bisquare,8535,1.0,negbinomial,0.2842243727205218,True
ACCTCCGCCCTCGCTG-1,10557.0,9236.0,L5,2,0.4327134706405638,1,bisquare,8535,1.0,negbinomial,0.2842243727205218,True
ACCTCCGTTATTCACC-1,10906.0,6721.0,L3,0,0.4042229009055859,1,bisquare,8535,1.0,negbinomial,0.2842243727205218,True
ACCTCGAACTTATGCT-1,4221.0,10421.0,L6,3,0.39306603960709585,1,bisquare,8535,1.0,negbinomial,0.2842243727205218,True
ACCTGCGTGTCATGTT-1,4432.0,8145.0,L5,2,0.2665141418247459,1,bisquare,8535,1.0,negbinomial,0.2842243727205218,True
ACGAAATGGGCGGCAC-1,4848.0,6469.0,L4,1,0.337178700119499,1,bisquare,8535,1.0,negbinomial,0.2842243727205218,True
ACGACCCATGAGTTGC-1,11795.0,9717.0,L5,2,0.24643401276227306,1,bisquare,8535,1.0,negbinomial,0.2842243727205218,True
ACGACTCTAGGGCCGA-1,9589.0,11150.0,WM,4,0.49122687711862945,1,bisquare,8535,1.0,negbinomial,0.2842243727205218,True
ACGACTGGTCATACTC-1,5529.0,10303.0,WM,4,0.47810379801478137,1,bisquare,8535,1.0,negbinomial,0.2842243727205218,True
ACGAGAACCCATCACG-1,5543.0,3595.0,L3,0,0.1820492979629114,1,bisquare,8535,1.0,negbinomial,0.2842243727205218,True
ACGAGATATTTGCTTA-1,8778.0,3721.0,L3,0,0.1550220375437154,1,bisquare,8535,1.0,negbinomial,0.2842243727205218,True
ACGAGGATACCACTCT-1,4431.0,8624.0,L5,2,0.147414445696908,1,bisquare,8535,1.0,negbinomial,0.2842243727205218,True
ACGAGGTTTACAACGT-1,4085.0,9462.0,L5,2,0.2582907504514571,1,bisquare,8535,1.0,negbinomial,0.2842243727205218,True
ACGAGTACGGATGCCC-1,10357.0,6001.0,L3,0,0.3098348985193272,1,bisquare,8535,1.0,negbinomial,0.2842243727205218,True
ACGATACATAGAACTA-1,8706.0,5279.0,L3,0,0.47034350642277606,1,bisquare,8535,1.0,negbinomial,0.2842243727205218,True
ACGATACCTATCCTGA-1,3265.0,6585.0,L3,0,0.21129179257616834,1,bisquare,8535,1.0,negbinomial,0.2842243727205218,True
ACGATCATACATAGAG-1,7535.0,5636.0,L3,0,0.22600383011903716,1,bisquare,8535,1.0,negbinomial,0.2842243727205218,True
ACGATCATCTTGTAAA-1,10217.0,6959.0,L3,0,0.3412171923522465,1,bisquare,8535,1.0,negbinomial,0.2842243727205218,True
ACGATGCATATGTTAT-1,6155.0,7070.0,L5,2,0.3148792427187502,1,bisquare,8535,1.0,negbinomial,0.2842243727205218,True
ACGATGGATCCGATGC-1,8021.0,3840.0,L3,0,0.19785352252749874,1,bisquare,8535,1.0,negbinomial,0.2842243727205218,True
ACGCAAACTAATAGAT-1,6424.0,10186.0,WM,4,0.2808279736916201,1,bisquare,8535,1.0,negbinomial,0.2842243727205218,True
ACGCAATCACTACAGC-1,10702.0,5642.0,L3,0,0.40645007033116026,1,bisquare,8535,1.0,negbinomial,0.2842243727205218,True
ACGCATAAATGACATG-1,10845.0,3247.0,L3,0,0.4556188080102878,1,bisquare,8535,1.0,negbinomial,0.2842243727205218,True
ACGCATACGTTTACTA-1,10213.0,9355.0,L5,2,0.22925355934632605,1,bisquare,8535,1.0,negbinomial,0.2842243727205218,True
ACGCATTCGTGAGTAC-1,7395.0,6594.0,L4,1,0.29954406218458046,1,bisquare,8535,1.0,negbinomial,0.2842243727205218,True
ACGCCACTCGAAACAG-1,8074.0,11626.0,WM,4,0.2869834438018624,1,bisquare,8535,1.0,negbinomial,0.2842243727205218,True
ACGCCAGATGATTTCT-1,8226.0,4679.0,L3,0,0.2640564793812427,1,bisquare,8535,1.0,negbinomial,0.2842243727205218,True
ACGCCAGTGCGTTTGC-1,10209.0,11271.0,L6,3,0.13401200117603354,1,bisquare,8535,1.0,negbinomial,0.2842243727205218,True
ACGCCGCTAGACGACC-1,8081.0,7793.0,L5,2,0.31239516174256404,1,bisquare,8535,1.0,negbinomial,0.2842243727205218,True
ACGCGAAGTCAGACGA-1,7254.0,8510.0,L6,3,0.22241088050126237,1,bisquare,8535,1.0,negbinomial,0.2842243727205218,True
ACGCGCTACACAGGGT-1,5328.0,7548.0,L5,2,0.21663721369993758,1,bisquare,8535,1.0,negbinomial,0.2842243727205218,True
ACGCGGGCCAAGGACA-1,7464.0,6714.0,L4,1,0.2859863693408835,1,bisquare,8535,1.0,negbinomial,0.2842243727205218,True
ACGCGTTTCTTAAGAG-1,3541.0,6107.0,L3,0,0.16480506815133303,1,bisquare,8535,1.0,negbinomial,0.2842243727205218,True
ACGCTAGTGATACACT-1,10082.0,6000.0,L3,0,0.3867312555164114,1,bisquare,8535,1.0,negbinomial,0.2842243727205218,True
ACGCTGTGAGGCGTAG-1,4089.0,7306.0,L4,1,0.14171605856815353,1,bisquare,8535,1.0,negbinomial,0.2842243727205218,True
ACGGAATTTAGCAAAT-1,5059.0,4433.0,L3,0,0.226463028314606,1,bisquare,8535,1.0,negbinomial,0.2842243727205218,True
ACGGACGCAGCGACAA-1,4287.0,11499.0,L6,3,0.1389608730990634,1,bisquare,8535,1.0,negbinomial,0.2842243727205218,True
ACGGACTCTCAAAGCG-1,8352.0,9950.0,L6,3,0.15145964974547363,1,bisquare,8535,1.0,negbinomial,0.2842243727205218,True
ACGGAGCGCAAATTAC-1,10635.0,4803.0,L3,0,0.2647074571427059,1,bisquare,8535,1.0,negbinomial,0.2842243727205218,True
ACGGATGGTGCGGATA-1,8629.0,9471.0,L6,3,0.3450438318235166,1,bisquare,8535,1.0,negbinomial,0.2842243727205218,True
ACGGCACTTGCTTGGG-1,7322.0,8870.0,L6,3,0.27739354363458135,1,bisquare,8535,1.0,negbinomial,0.2842243727205218,True
ACGGCCAACATGGACT-1,6977.0,8989.0,L6,3,0.35800146480101896,1,bisquare,8535,1.0,negbinomial,0.2842243727205218,True
ACGGCGACGATGGGAA-1,8493.0,8513.0,L5,2,0.2624789943839482,1,bisquare,8535,1.0,negbinomial,0.2842243727205218,True
ACGGCTGGATGTAGAA-1,3946.0,9941.0,L6,3,0.3623375668373509,1,bisquare,8535,1.0,negbinomial,0.2842243727205218,True
ACGGGAGTGTCGGCCC-1,4914.0,8266.0,L5,2,0.35392181828041447,1,bisquare,8535,1.0,negbinomial,0.2842243727205218,True
ACGGGCGTATGCGACA-1,11322.0,5524.0,L3,0,0.23072030340617816,1,bisquare,8535,1.0,negbinomial,0.2842243727205218,True
ACGGGTCATGTGACTT-1,3820.0,4430.0,L3,0,0.22267225574659136,1,bisquare,8535,1.0,negbinomial,0.2842243727205218,True
ACGGTACAGTTCAATG-1,9865.0,11151.0,L6,3,0.12564510412020288,1,bisquare,8535,1.0,negbinomial,0.2842243727205218,True
ACGGTCACCGAGAACA-1,4081.0,11139.0,L6,3,0.33794242339627656,1,bisquare,8535,1.0,negbinomial,0.2842243727205218,True
ACGTACAGATTTCTCT-1,7745.0,3839.0,L3,0,0.15511798942407273,1,bisquare,8535,1.0,negbinomial,0.2842243727205218,True
ACGTACTTTGGCACGG-1,5390.0,11022.0,WM,4,0.33700754617055345,1,bisquare,8535,1.0,negbinomial,0.2842243727205218,True
ACGTAGATTGCTGATG-1,7809.0,6595.0,L3,0,0.36913009623692156,1,bisquare,8535,1.0,negbinomial,0.2842243727205218,True
ACGTAGGAGAGTCGCT-1,8144.0,11028.0,WM,4,0.16684189665595597,1,bisquare,8535,1.0,negbinomial,0.2842243727205218,True
ACGTATTACTCCGATC-1,9872.0,7557.0,L3,0,0.3230454196775062,1,bisquare,8535,1.0,negbinomial,0.2842243727205218,True
ACGTCTCGTTCCGGGA-1,3606.0,7904.0,L5,2,0.14918809739678737,1,bisquare,8535,1.0,negbinomial,0.2842243727205218,True
ACGTGCGCCTCGTGCA-1,7537.0,4677.0,L3,0,0.33912376545332373,1,bisquare,8535,1.0,negbinomial,0.2842243727205218,True
ACGTTAATGTCGAAGA-1,7944.0,7553.0,L5,2,0.30932018563639485,1,bisquare,8535,1.0,negbinomial,0.2842243727205218,True
ACGTTAGATTTGCCCG-1,5879.0,7309.0,L5,2,0.23153034325767902,1,bisquare,8535,1.0,negbinomial,0.2842243727205218,True
ACGTTCACTATGCCGC-1,5802.0,11502.0,WM,4,0.12737370115337665,1,bisquare,8535,1.0,negbinomial,0.2842243727205218,True
ACGTTCCGCGCTCCGT-1,6920.0,3598.0,L3,0,0.2596715849948735,1,bisquare,8535,1.0,negbinomial,0.2842243727205218,True
ACGTTCGCAATCAATT-1,10976.0,6601.0,L3,0,0.36164080844322455,1,bisquare,8535,1.0,negbinomial,0.2842243727205218,True
ACGTTCGTTCAGGAAA-1,6218.0,9826.0,WM,4,0.4977331008334998,1,bisquare,8535,1.0,negbinomial,0.2842243727205218,True
ACGTTCTGTACAAGTC-1,9728.0,10432.0,L6,3,0.29345798412168894,1,bisquare,8535,1.0,negbinomial,0.2842243727205218,True
ACGTTGTCGTTGAAAG-1,5320.0,11621.0,WM,4,0.3362408870823337,1,bisquare,8535,1.0,negbinomial,0.2842243727205218,True
ACGTTTAGTTGTGATC-1,7882.0,4319.0,L3,0,0.2523016912781373,1,bisquare,8535,1.0,negbinomial,0.2842243727205218,True
ACTAAGGACGCACACC-1,11945.0,3968.0,L3,0,0.05795280329187752,1,bisquare,8535,1.0,negbinomial,0.2842243727205218,True
ACTAATACGTCAGGCG-1,9949.0,3604.0,L3,0,0.12397312269351682,1,bisquare,8535,1.0,negbinomial,0.2842243727205218,True
ACTACAAAGAGAGGTG-1,6560.0,11144.0,WM,4,0.21071472933080163,1,bisquare,8535,1.0,negbinomial,0.2842243727205218,True
ACTACATCCCGACAAG-1,4359.0,10181.0,L6,3,0.29065838756008144,1,bisquare,8535,1.0,negbinomial,0.2842243727205218,True
ACTACCAGCTCTCTGG-1,6021.0,5632.0,L3,0,0.2781774782041174,1,bisquare,8535,1.0,negbinomial,0.2842243727205218,True
ACTACCATCCGAGGGC-1,5113.0,11501.0,WM,4,0.5429640681334924,1,bisquare,8535,1.0,negbinomial,0.2842243727205218,True
ACTACGCGTTAGAATT-1,7045.0,9827.0,WM,4,0.48604874007355453,1,bisquare,8535,1.0,negbinomial,0.2842243727205218,True
ACTAGTTGCGATCGTC-1,10352.0,8636.0,L5,2,0.2654827545499255,1,bisquare,8535,1.0,negbinomial,0.2842243727205218,True
ACTATATGCTGTGTTC-1,10430.0,4204.0,L3,0,0.40090051240959795,1,bisquare,8535,1.0,negbinomial,0.2842243727205218,True
ACTATCCAGGGCATGG-1,10630.0,7199.0,L3,0,0.5161007927421939,1,bisquare,8535,1.0,negbinomial,0.2842243727205218,True
ACTATCTGCCCGCGTA-1,10971.0,8997.0,L5,2,0.3831092272288452,1,bisquare,8535,1.0,negbinomial,0.2842243727205218,True
ACTATGTCCAGCTGCC-1,4703.0,10302.0,L6,3,0.22492763642387104,1,bisquare,8535,1.0,negbinomial,0.2842243727205218,True
ACTATTCGTCCGTGGT-1,8295.0,4319.0,L3,0,0.1985317104713523,1,bisquare,8535,1.0,negbinomial,0.2842243727205218,True
ACTATTTCCGGGCCCA-1,6012.0,9705.0,L6,3,0.12694841096396392,1,bisquare,8535,1.0,negbinomial,0.2842243727205218,True
ACTCAAGTGCAAGGCT-1,9110.0,9832.0,L6,3,0.35671029242112706,1,bisquare,8535,1.0,negbinomial,0.2842243727205218,True
ACTCAATAAAGGCACG-1,7948.0,5636.0,L3,0,0.40454153523081665,1,bisquare,8535,1.0,negbinomial,0.2842243727205218,True
ACTCAGACCTGCTTCT-1,6162.0,3716.0,L3,0,0.09530289414871013,1,bisquare,8535,1.0,negbinomial,0.2842243727205218,True
ACTCATGGCAGCCTTC-1,4358.0,10660.0,L6,3,0.25983570531567807,1,bisquare,8535,1.0,negbinomial,0.2842243727205218,True
ACTCCAATATCATCAT-1,5185.0,10183.0,L6,3,0.24362564855428412,1,bisquare,8535,1.0,negbinomial,0.2842243727205218,True
ACTCCCATTCCTAAAG-1,4363.0,8265.0,L5,2,0.1722688252677846,1,bisquare,8535,1.0,negbinomial,0.2842243727205218,True
ACTCCCGAATTCGTTT-1,10356.0,6480.0,L3,0,0.3019552402097851,1,bisquare,8535,1.0,negbinomial,0.2842243727205218,True
ACTCCCGTAGACTAGG-1,11667.0,5165.0,L3,0,0.20583808862100145,1,bisquare,8535,1.0,negbinomial,0.2842243727205218,True
ACTCCCTAATGCTAAA-1,7940.0,9470.0,L6,3,0.2651682556691175,1,bisquare,8535,1.0,negbinomial,0.2842243727205218,True
ACTCCCTAGAATAGTA-1,8011.0,8392.0,L5,2,0.22214041312380386,1,bisquare,8535,1.0,negbinomial,0.2842243727205218,True
ACTCCGGCCGACCACT-1,9383.0,11030.0,WM,4,0.3056362923523244,1,bisquare,8535,1.0,negbinomial,0.2842243727205218,True
ACTCGCCGTTCGATAA-1,10829.0,10674.0,L6,3,0.3278317155890875,1,bisquare,8535,1.0,negbinomial,0.2842243727205218,True
ACTCGTAACCCGTCCT-1,4775.0,8505.0,L5,2,0.1460051224362728,1,bisquare,8535,1.0,negbinomial,0.2842243727205218,True
ACTCGTCAGTAATCCC-1,8565.0,6955.0,L3,0,0.24223698087739992,1,bisquare,8535,1.0,negbinomial,0.2842243727205218,True
ACTCTAAACCTGGGAT-1,3266.0,5866.0,L3,0,0.22080236909148648,1,bisquare,8535,1.0,negbinomial,0.2842243727205218,True
ACTCTCTGACTTAGGT-1,8564.0,7674.0,L4,1,0.2166485623400473,1,bisquare,8535,1.0,negbinomial,0.2842243727205218,True
ACTCTCTTATACACGA-1,8985.0,3602.0,L3,0,0.18961505988449356,1,bisquare,8535,1.0,negbinomial,0.2842243727205218,True
ACTCTGACCTAATAGA-1,9865.0,10911.0,L6,3,0.19105607834612343,1,bisquare,8535,1.0,negbinomial,0.2842243727205218,True
ACTCTTGTATAGTAAC-1,8014.0,6954.0,L4,1,0.40199933441005686,1,bisquare,8535,1.0,negbinomial,0.2842243727205218,True
ACTGAAACGCCGTTAG-1,9593.0,9473.0,L5,2,0.3975706177140052,1,bisquare,8535,1.0,negbinomial,0.2842243727205218,True
ACTGAATGGCGAAAGT-1,8907.0,8274.0,L5,2,0.26372396495774275,1,bisquare,8535,1.0,negbinomial,0.2842243727205218,True
ACTGCCCGCCATTCTC-1,5253.0,10782.0,WM,4,0.4135268399055761,1,bisquare,8535,1.0,negbinomial,0.2842243727205218,True
ACTGCCGTCGTAACTC-1,8019.0,4558.0,L3,0,0.35047567089599413,1,bisquare,8535,1.0,negbinomial,0.2842243727205218,True
ACTGCGGACACACCGT-1,11388.0,7081.0,L3,0,0.2389151763037695,1,bisquare,8535,1.0,negbinomial,0.2842243727205218,True
ACTGCTCGGAAGGATG-1,3810.0,8982.0,L5,2,0.15703645344474632,1,bisquare,8535,1.0,negbinomial,0.2842243727205218,True
ACTGGCGAACCTGCGT-1,11876.0,3848.0,L3,0,0.07543416764557125,1,bisquare,8535,1.0,negbinomial,0.2842243727205218,True
ACTGGGATGCCAGTGC-1,6835.0,11384.0,WM,4,0.22787629561308392,1,bisquare,8535,1.0,negbinomial,0.2842243727205218,True
ACTGTACGATACACAT-1,8567.0,6237.0,L3,0,0.2620436790841543,1,bisquare,8535,1.0,negbinomial,0.2842243727205218,True
ACTGTAGCACTTTGGA-1,5882.0,5872.0,L3,0,0.3821239633227447,1,bisquare,8535,1.0,negbinomial,0.2842243727205218,True
ACTGTATACGCGAGCA-1,5680.0,3835.0,L3,0,0.10701728930230225,1,bisquare,8535,1.0,negbinomial,0.2842243727205218,True
ACTGTCCAGGATTATA-1,6982.0,6593.0,L4,1,0.22803937135283678,1,bisquare,8535,1.0,negbinomial,0.2842243727205218,True
ACTGTCTTCTTTAGAA-1,7603.0,6235.0,L3,0,0.26743500030888906,1,bisquare,8535,1.0,negbinomial,0.2842243727205218,True
ACTGTGCTAGTAGATC-1,5335.0,4194.0,L3,0,0.17282521393887892,1,bisquare,8535,1.0,negbinomial,0.2842243727205218,True
ACTTACCGGGCGCGCA-1,9742.0,3963.0,L3,0,0.21880114618996163,1,bisquare,8535,1.0,negbinomial,0.2842243727205218,True
ACTTACGCATCCACGC-1,8560.0,9591.0,L6,3,0.3382974166900335,1,bisquare,8535,1.0,negbinomial,0.2842243727205218,True
ACTTAGTACGACAAGA-1,5404.0,4313.0,L3,0,0.15665442593894652,1,bisquare,8535,1.0,negbinomial,0.2842243727205218,True
ACTTATACTTACCCGG-1,9391.0,6957.0,L3,0,0.27589615108560595,1,bisquare,8535,1.0,negbinomial,0.2842243727205218,True
ACTTATTAGGATCGGT-1,6775.0,7191.0,L5,2,0.2864912591304848,1,bisquare,8535,1.0,negbinomial,0.2842243727205218,True
ACTTATTTATGTGCCA-1,9389.0,8155.0,L5,2,0.5180273697406824,1,bisquare,8535,1.0,negbinomial,0.2842243727205218,True
ACTTCAGGCTGATCCC-1,8768.0,8753.0,L5,2,0.27255773283622775,1,bisquare,8535,1.0,negbinomial,0.2842243727205218,True
ACTTCCATGCGGGACA-1,9041.0,9951.0,L6,3,0.2942149806209591,1,bisquare,8535,1.0,negbinomial,0.2842243727205218,True
ACTTCGCCATACGCAC-1,8361.0,5877.0,L3,0,0.44552389466488695,1,bisquare,8535,1.0,negbinomial,0.2842243727205218,True
ACTTGACTCCCTCTTT-1,8151.0,7673.0,L5,2,0.38287787497852077,1,bisquare,8535,1.0,negbinomial,0.2842243727205218,True
ACTTGGGACCCGGTGG-1,6570.0,6113.0,L3,0,0.4697096274924061,1,bisquare,8535,1.0,negbinomial,0.2842243727205218,True
ACTTGTAGTCCCTTCA-1,3882.0,7904.0,L5,2,0.24298771373688263,1,bisquare,8535,1.0,negbinomial,0.2842243727205218,True
ACTTGTGGATGGAACG-1,10627.0,8876.0,L5,2,0.3032634406741049,1,bisquare,8535,1.0,negbinomial,0.2842243727205218,True
ACTTGTTACCGGATCA-1,7110.0,11624.0,WM,4,0.2479821009403981,1,bisquare,8535,1.0,negbinomial,0.2842243727205218,True
ACTTTACCCTCATGAA-1,10494.0,6480.0,L3,0,0.41837440385020963,1,bisquare,8535,1.0,negbinomial,0.2842243727205218,True
ACTTTCCTATAGCTTC-1,7466.0,5995.0,L3,0,0.37650097969239865,1,bisquare,8535,1.0,negbinomial,0.2842243727205218,True
ACTTTGACTGCATCCT-1,3952.0,7305.0,L4,1,0.18431008788091388,1,bisquare,8535,1.0,negbinomial,0.2842243727205218,True
ACTTTGGTCGTGCTCC-1,4084.0,9941.0,L6,3,0.19732728669123276,1,bisquare,8535,1.0,negbinomial,0.2842243727205218,True
ACTTTGTCGACGCACT-1,11452.0,9357.0,L5,2,0.2276356566281578,1,bisquare,8535,1.0,negbinomial,0.2842243727205218,True
AGAAATTATGACTCGC-1,11108.0,8997.0,L5,2,0.27304546346885045,1,bisquare,8535,1.0,negbinomial,0.2842243727205218,True
AGAACCCAGCGTGACA-1,11730.0,7920.0,L3,0,0.38630416606109313,1,bisquare,8535,1.0,negbinomial,0.2842243727205218,True
AGAACCCTCAATTGGG-1,3809.0,9941.0,L6,3,0.3164045815987,1,bisquare,8535,1.0,negbinomial,0.2842243727205218,True
AGAACGTGGTACATTC-1,8223.0,5877.0,L3,0,0.3135029968910564,1,bisquare,8535,1.0,negbinomial,0.2842243727205218,True
AGAAGAGCGCCGTTCC-1,9253.0,7196.0,L3,0,0.020272669653281276,1,bisquare,8535,1.0,negbinomial,0.2842243727205218,True
AGAAGGTACACTTCAC-1,4155.0,8863.0,L5,2,0.43925997050707744,1,bisquare,8535,1.0,negbinomial,0.2842243727205218,True
AGAAGGTTGCCGAATT-1,6223.0,7669.0,L5,2,0.26166304229237364,1,bisquare,8535,1.0,negbinomial,0.2842243727205218,True
AGAAGGTTGTAGGTCG-1,8558.0,10310.0,WM,4,0.5477583470286087,1,bisquare,8535,1.0,negbinomial,0.2842243727205218,True
AGAAGTGATTCGTGAT-1,5120.0,8386.0,L5,2,0.24301468391373185,1,bisquare,8535,1.0,negbinomial,0.2842243727205218,True
AGAATAAATCTTCAGG-1,3952.0,7066.0,L4,1,0.24843524897273714,1,bisquare,8535,1.0,negbinomial,0.2842243727205218,True
AGAATGCGGGTTCGGA-1,10637.0,4085.0,L3,0,0.2509158324561011,1,bisquare,8535,1.0,negbinomial,0.2842243727205218,True
AGAATTATGGATTCGA-1,9943.0,6479.0,L3,0,0.5443853844141826,1,bisquare,8535,1.0,negbinomial,0.2842243727205218,True
AGAATTGTTTGACATA-1,4783.0,4672.0,L3,0,0.17574894704461935,1,bisquare,8535,1.0,negbinomial,0.2842243727205218,True
AGACAGCTCAGAATCC-1,4025.0,5269.0,L3,0,0.22661973822824144,1,bisquare,8535,1.0,negbinomial,0.2842243727205218,True
AGACAGGCATCTCAGC-1,11796.0,9238.0,L4,1,0.27841598875932044,1,bisquare,8535,1.0,negbinomial,0.2842243727205218,True
AGACATAGATCCTTCC-1,6438.0,3477.0,L3,0,0.08054667717581633,1,bisquare,8535,1.0,negbinomial,0.2842243727205218,True
AGACCAAACCACACCT-1,3811.0,8743.0,L5,2,0.30068671728241153,1,bisquare,8535,1.0,negbinomial,0.2842243727205218,True
AGACCATGGGATACAA-1,5126.0,5271.0,L3,0,0.2197518939029386,1,bisquare,8535,1.0,negbinomial,0.2842243727205218,True
AGACCCACCGCTGATC-1,7667.0,8511.0,L6,3,0.3222527186573912,1,bisquare,8535,1.0,negbinomial,0.2842243727205218,True
AGACCCGCCCTCCTCG-1,7053.0,5754.0,L3,0,0.31672500984199864,1,bisquare,8535,1.0,negbinomial,0.2842243727205218,True
AGACCGCTCCGCGGTT-1,10833.0,8757.0,L4,1,0.26038664101739717,1,bisquare,8535,1.0,negbinomial,0.2842243727205218,True
AGACCGGGAAACCCTG-1,4364.0,7546.0,L5,2,0.13271144870808088,1,bisquare,8535,1.0,negbinomial,0.2842243727205218,True
AGACGAAGTGCCGGTC-1,9870.0,8515.0,L5,2,0.2516533232784128,1,bisquare,8535,1.0,negbinomial,0.2842243727205218,True
AGACGACGATGCCGCT-1,5463.0,8986.0,L6,3,0.248302643345203,1,bisquare,8535,1.0,negbinomial,0.2842243727205218,True
AGACGCCCACTTCGCC-1,11451.0,9836.0,L5,2,0.10912411850386754,1,bisquare,8535,1.0,negbinomial,0.2842243727205218,True
AGACGGGCCGATTTAA-1,10224.0,3605.0,L3,0,0.3046395983488204,1,bisquare,8535,1.0,negbinomial,0.2842243727205218,True
AGACTAGCCTTCCAGA-1,6364.0,5993.0,L3,0,0.26037189248987286,1,bisquare,8535,1.0,negbinomial,0.2842243727205218,True
AGACTGTTACCGGGTC-1,6287.0,10185.0,WM,4,0.20071508768003468,1,bisquare,8535,1.0,negbinomial,0.2842243727205218,True
AGAGAAACACCAGAAA-1,5528.0,10783.0,WM,4,0.3131715601990736,1,bisquare,8535,1.0,negbinomial,0.2842243727205218,True
AGAGAACCGTCTAGGA-1,9256.0,5759.0,L3,0,0.2788027017853445,1,bisquare,8535,1.0,negbinomial,0.2842243727205218,True
AGAGAAGGAGTACAAT-1,5530.0,9585.0,L6,3,0.2746036002118164,1,bisquare,8535,1.0,negbinomial,0.2842243727205218,True
AGAGATCTCTAAAGCG-1,4433.0,7426.0,L5,2,0.37188009206465017,1,bisquare,8535,1.0,negbinomial,0.2842243727205218,True
AGAGCAGTTATGAGAC-1,4505.0,6109.0,L3,0,0.40496259751626346,1,bisquare,8535,1.0,negbinomial,0.2842243727205218,True
AGAGCCGCCGAGATTT-1,10901.0,9596.0,L5,2,0.249618408703557,1,bisquare,8535,1.0,negbinomial,0.2842243727205218,True
AGAGCGCTTGTAACGG-1,11943.0,4926.0,L3,0,0.17829033021095825,1,bisquare,8535,1.0,negbinomial,0.2842243727205218,True
AGAGCGGGCTAATCAT-1,7606.0,4558.0,L3,0,0.4575942183985531,1,bisquare,8535,1.0,negbinomial,0.2842243727205218,True
AGAGCGTACAAGCTCG-1,5126.0,5511.0,L3,0,0.2574465002783772,1,bisquare,8535,1.0,negbinomial,0.2842243727205218,True
AGAGGCTTCGGAAACC-1,10145.0,8756.0,L5,2,0.5324795985419194,1,bisquare,8535,1.0,negbinomial,0.2842243727205218,True
AGAGGGACAATTGTCC-1,11395.0,3487.0,L3,0,0.14516599801977964,1,bisquare,8535,1.0,negbinomial,0.2842243727205218,True
AGAGTAAACTTCACTA-1,10490.0,8397.0,L4,1,0.47699705885898935,1,bisquare,8535,1.0,negbinomial,0.2842243727205218,True
AGAGTATAGTGTTACG-1,11596.0,6003.0,L3,0,0.13139008489601176,1,bisquare,8535,1.0,negbinomial,0.2842243727205218,True
AGAGTTAGAGACCGAT-1,9950.0,3364.0,L3,0,0.32740129911530935,1,bisquare,8535,1.0,negbinomial,0.2842243727205218,True
AGAGTTGCAGGCCTCC-1,11807.0,3967.0,L3,0,0.09298748892855806,1,bisquare,8535,1.0,negbinomial,0.2842243727205218,True
AGATAACTTCAGGGCC-1,6225.0,6471.0,L4,1,0.4334859129957046,1,bisquare,8535,1.0,negbinomial,0.2842243727205218,True
AGATACCAATAGAACC-1,10761.0,10314.0,L6,3,0.45040467842920645,1,bisquare,8535,1.0,negbinomial,0.2842243727205218,True
AGATACCAGCACTTCA-1,11324.0,4565.0,L3,0,0.321312096002578,1,bisquare,8535,1.0,negbinomial,0.2842243727205218,True
AGATACCGGTGTTCAC-1,5810.0,7429.0,L5,2,0.2571310980584842,1,bisquare,8535,1.0,negbinomial,0.2842243727205218,True
AGATACGACTTCATAT-1,5610.0,4434.0,L3,0,0.18143074915983784,1,bisquare,8535,1.0,negbinomial,0.2842243727205218,True
AGATACTCAAGATCGA-1,8838.0,8154.0,L5,2,0.5247884284910046,1,bisquare,8535,1.0,negbinomial,0.2842243727205218,True
AGATATAATACGACTA-1,8145.0,10309.0,WM,4,0.3856766255642562,1,bisquare,8535,1.0,negbinomial,0.2842243727205218,True
AGATCGTGCATAAGAT-1,9877.0,5161.0,L3,0,0.40149299137334044,1,bisquare,8535,1.0,negbinomial,0.2842243727205218,True
AGATCTCAGGTGTGAT-1,8360.0,6116.0,L3,0,0.3025989663092565,1,bisquare,8535,1.0,negbinomial,0.2842243727205218,True
AGATGACTCGCCCACG-1,6985.0,5155.0,L3,0,0.21123107752526848,1,bisquare,8535,1.0,negbinomial,0.2842243727205218,True
AGATGAGGGTTGCGAT-1,9948.0,4323.0,L3,0,0.18144257467444577,1,bisquare,8535,1.0,negbinomial,0.2842243727205218,True
AGATGATGGAGTCTGG-1,10493.0,6720.0,L3,0,0.3672246709195266,1,bisquare,8535,1.0,negbinomial,0.2842243727205218,True
AGATGCAAGACGTGCA-1,4842.0,9583.0,L6,3,0.5095482604927202,1,bisquare,8535,1.0,negbinomial,0.2842243727205218,True
AGATTATAGGACGTTT-1,6913.0,6952.0,L5,2,0.35490013858564,1,bisquare,8535,1.0,negbinomial,0.2842243727205218,True
AGATTCACAACCGATA-1,4086.0,8983.0,L5,2,0.17723476752108858,1,bisquare,8535,1.0,negbinomial,0.2842243727205218,True
AGCAAAGGCCGCTAGT-1,8146.0,9830.0,L6,3,0.14929796973990728,1,bisquare,8535,1.0,negbinomial,0.2842243727205218,True
AGCAACATATCTTATT-1,9597.0,7557.0,L3,0,0.49198993771317096,1,bisquare,8535,1.0,negbinomial,0.2842243727205218,True
AGCAACCGAAAGTAAT-1,4567.0,9343.0,L6,3,0.40271813915141,1,bisquare,8535,1.0,negbinomial,0.2842243727205218,True
AGCACACGTTTAGACT-1,4977.0,10781.0,L6,3,0.12494303277080862,1,bisquare,8535,1.0,negbinomial,0.2842243727205218,True
AGCACCAGTACTCACG-1,7672.0,5875.0,L3,0,0.4181265070168955,1,bisquare,8535,1.0,negbinomial,0.2842243727205218,True
AGCACTACCGGCCTGT-1,4573.0,6708.0,L4,1,0.17134071312359883,1,bisquare,8535,1.0,negbinomial,0.2842243727205218,True
AGCACTACCTCACCAG-1,8767.0,8992.0,L5,2,0.30001103748686325,1,bisquare,8535,1.0,negbinomial,0.2842243727205218,True
AGCACTTAAGGACGCC-1,5606.0,6350.0,L4,1,0.2513401222615756,1,bisquare,8535,1.0,negbinomial,0.2842243727205218,True
AGCAGAAGGAGAAAGA-1,7870.0,10308.0,WM,4,0.2995507026088225,1,bisquare,8535,1.0,negbinomial,0.2842243727205218,True
AGCAGCCAGATGAATA-1,7183.0,9349.0,L6,3,0.16798171849716861,1,bisquare,8535,1.0,negbinomial,0.2842243727205218,True
AGCAGTCGAAGCATGC-1,8969.0,11508.0,WM,4,0.27020241085469016,1,bisquare,8535,1.0,negbinomial,0.2842243727205218,True
AGCATATCAATATGCT-1,9732.0,8755.0,L5,2,0.45825403338314197,1,bisquare,8535,1.0,negbinomial,0.2842243727205218,True
AGCATCATTTCGAAAG-1,4499.0,8984.0,L5,2,0.30374331031110685,1,bisquare,8535,1.0,negbinomial,0.2842243727205218,True
AGCATCGTCGATAATT-1,6779.0,5275.0,L3,0,0.46507794751764103,1,bisquare,8535,1.0,negbinomial,0.2842243727205218,True
AGCATTACGAGGCAAG-1,10416.0,10673.0,L6,3,0.2328190365680855,1,bisquare,8535,1.0,negbinomial,0.2842243727205218,True
AGCCAAGCTTTGTGTC-1,7181.0,10307.0,WM,4,0.17483375988566643,1,bisquare,8535,1.0,negbinomial,0.2842243727205218,True
AGCCACAGGTTACCCG-1,9316.0,10191.0,L6,3,0.22105114935710857,1,bisquare,8535,1.0,negbinomial,0.2842243727205218,True
AGCCACTCCCGTGCTT-1,8775.0,5399.0,L3,0,0.2851616928538536,1,bisquare,8535,1.0,negbinomial,0.2842243727205218,True
AGCCATATAGTATGTG-1,7661.0,11146.0,WM,4,0.2051933037491088,1,bisquare,8535,1.0,negbinomial,0.2842243727205218,True
AGCCCATACATGTAAG-1,4984.0,7667.0,L5,2,0.23053486281563051,1,bisquare,8535,1.0,negbinomial,0.2842243727205218,True
AGCCCGCAACAAGCAG-1,6905.0,10785.0,WM,4,0.2415184073765336,1,bisquare,8535,1.0,negbinomial,0.2842243727205218,True
AGCCCGGCATTAGAGG-1,4978.0,10302.0,L6,3,0.23767897413666653,1,bisquare,8535,1.0,negbinomial,0.2842243727205218,True
AGCCCGGTAGCCTGTA-1,6562.0,9946.0,WM,4,0.26747311604871354,1,bisquare,8535,1.0,negbinomial,0.2842243727205218,True
AGCCCTAAGCGAAGTT-1,7675.0,4438.0,L3,0,0.2441288481354439,1,bisquare,8535,1.0,negbinomial,0.2842243727205218,True
AGCCCTCCCTGGTGGC-1,5184.0,10662.0,WM,4,0.45192226931139917,1,bisquare,8535,1.0,negbinomial,0.2842243727205218,True
AGCCCTGTCGCACCGT-1,11524.0,7561.0,L3,0,0.22563472576720067,1,bisquare,8535,1.0,negbinomial,0.2842243727205218,True
AGCCCTTCTAATCCGA-1,10291.0,4683.0,L3,0,0.24153031409596581,1,bisquare,8535,1.0,negbinomial,0.2842243727205218,True
AGCCCTTGGACATCCC-1,11245.0,9477.0,L5,2,0.20119541314371361,1,bisquare,8535,1.0,negbinomial,0.2842243727205218,True
AGCCGCAAATTCAAAT-1,3401.0,7065.0,L3,0,0.19736418034087685,1,bisquare,8535,1.0,negbinomial,0.2842243727205218,True
AGCCGTGGCTAAATGT-1,4706.0,8625.0,L5,2,0.18295274691410973,1,bisquare,8535,1.0,negbinomial,0.2842243727205218,True
AGCCTAATACCCACGT-1,4155.0,8623.0,L5,2,0.1672578307174704,1,bisquare,8535,1.0,negbinomial,0.2842243727205218,True
AGCCTTAAAGCGGAAG-1,4231.0,5150.0,L3,0,0.23260689598004852,1,bisquare,8535,1.0,negbinomial,0.2842243727205218,True
AGCGACAGGAACGGTC-1,5739.0,8747.0,L6,3,0.24125618000310356,1,bisquare,8535,1.0,negbinomial,0.2842243727205218,True
AGCGACATCCCATTCA-1,7262.0,4677.0,L3,0,0.3494615163998501,1,bisquare,8535,1.0,negbinomial,0.2842243727205218,True
AGCGACCAACGATATT-1,6984.0,5634.0,L3,0,0.39846360846308776,1,bisquare,8535,1.0,negbinomial,0.2842243727205218,True
AGCGAGACGTGAAGGC-1,4702.0,10781.0,L6,3,0.1813890975099347,1,bisquare,8535,1.0,negbinomial,0.2842243727205218,True
AGCGATGCGCCTAATA-1,10624.0,10314.0,L6,3,0.3891012288735746,1,bisquare,8535,1.0,negbinomial,0.2842243727205218,True
AGCGCATAATGAATCG-1,6976.0,9468.0,L6,3,0.33576176003167774,1,bisquare,8535,1.0,negbinomial,0.2842243727205218,True
AGCGCGGGTGCCAATG-1,9532.0,5520.0,L3,0,0.5159944282020832,1,bisquare,8535,1.0,negbinomial,0.2842243727205218,True
AGCGCTAGAGCGATGT-1,11593.0,7441.0,L3,0,0.24021691142470966,1,bisquare,8535,1.0,negbinomial,0.2842243727205218,True
AGCGCTTATGGGCAAG-1,9811.0,3604.0,L3,0,0.3048048920705986,1,bisquare,8535,1.0,negbinomial,0.2842243727205218,True
AGCGGACACTTCGTAG-1,7457.0,10068.0,WM,4,0.3415445781289933,1,bisquare,8535,1.0,negbinomial,0.2842243727205218,True
AGCGGCGGTTAGCGGT-1,4018.0,8623.0,L5,2,0.18399168384562373,1,bisquare,8535,1.0,negbinomial,0.2842243727205218,True
AGCGGGAAGGGTCCAT-1,5748.0,4194.0,L3,0,0.2069381224585954,1,bisquare,8535,1.0,negbinomial,0.2842243727205218,True
AGCGGGTCTGACACTC-1,7732.0,10548.0,WM,4,0.259103525340313,1,bisquare,8535,1.0,negbinomial,0.2842243727205218,True
AGCGGTTGCCGCTCTG-1,11186.0,4805.0,L3,0,0.20304593964590584,1,bisquare,8535,1.0,negbinomial,0.2842243727205218,True
AGCGTGGTATTCTACT-1,8081.0,8033.0,L5,2,0.1890737312311113,1,bisquare,8535,1.0,negbinomial,0.2842243727205218,True
AGCTAACAAGCAATGT-1,5461.0,9944.0,L6,3,0.19704064860837267,1,bisquare,8535,1.0,negbinomial,0.2842243727205218,True
AGCTAAGTACGCAGGC-1,9109.0,10311.0,L6,3,0.19517488899038107,1,bisquare,8535,1.0,negbinomial,0.2842243727205218,True
AGCTAGAAGCAGAAGT-1,10015.0,5162.0,L3,0,0.3294130884575378,1,bisquare,8535,1.0,negbinomial,0.2842243727205218,True
AGCTATTTAATCCAAC-1,8295.0,4559.0,L3,0,0.2934593516018522,1,bisquare,8535,1.0,negbinomial,0.2842243727205218,True
AGCTCCATATATGTTC-1,10694.0,9476.0,L5,2,0.30906302687514664,1,bisquare,8535,1.0,negbinomial,0.2842243727205218,True
AGCTCCTTCGCACATC-1,9112.0,8873.0,L5,2,0.23336987804697254,1,bisquare,8535,1.0,negbinomial,0.2842243727205218,True
AGCTCGTTGATGGAAA-1,11737.0,4566.0,L3,0,0.2694865580878045,1,bisquare,8535,1.0,negbinomial,0.2842243727205218,True
AGCTCTAGACGTTCCA-1,8427.0,7195.0,L4,1,0.23368854169819814,1,bisquare,8535,1.0,negbinomial,0.2842243727205218,True
AGCTCTTCCCAGTGCA-1,9258.0,4801.0,L3,0,0.24676447994153977,1,bisquare,8535,1.0,negbinomial,0.2842243727205218,True
AGCTCTTCGTAACCTT-1,10561.0,7319.0,L3,0,0.411052129257214,1,bisquare,8535,1.0,negbinomial,0.2842243727205218,True
AGCTCTTTACTCAGTT-1,6292.0,7550.0,L5,2,0.3345313210039973,1,bisquare,8535,1.0,negbinomial,0.2842243727205218,True
AGCTGAAGTAAACCAA-1,8982.0,5040.0,L3,0,0.240013461249555,1,bisquare,8535,1.0,negbinomial,0.2842243727205218,True
AGCTGTAACCTCAATC-1,5118.0,9105.0,L6,3,0.319223021144915,1,bisquare,8535,1.0,negbinomial,0.2842243727205218,True
AGCTTCTTCTCGAGCA-1,10072.0,10792.0,L6,3,0.2528945320980476,1,bisquare,8535,1.0,negbinomial,0.2842243727205218,True
AGCTTGATCAGGGTAG-1,3875.0,11258.0,L6,3,0.3542157306093349,1,bisquare,8535,1.0,negbinomial,0.2842243727205218,True
AGCTTGATCTTAACTT-1,4777.0,7547.0,L5,2,0.2273277372296515,1,bisquare,8535,1.0,negbinomial,0.2842243727205218,True
AGGAACGAACGACTTC-1,11450.0,10316.0,L6,3,0.15660045169449002,1,bisquare,8535,1.0,negbinomial,0.2842243727205218,True
AGGAAGCTGTCCGCCG-1,7664.0,9948.0,WM,4,0.29789460158240827,1,bisquare,8535,1.0,negbinomial,0.2842243727205218,True
AGGACAGTCGAATCCC-1,9045.0,7795.0,L4,1,0.28153766396095314,1,bisquare,8535,1.0,negbinomial,0.2842243727205218,True
AGGACATCGCACGTCG-1,5816.0,4554.0,L3,0,0.14682734467612318,1,bisquare,8535,1.0,negbinomial,0.2842243727205218,True
AGGACATCGGCACACT-1,11587.0,10795.0,L6,3,0.25963571749959075,1,bisquare,8535,1.0,negbinomial,0.2842243727205218,True
AGGACGACCCATTAGA-1,6291.0,7789.0,L5,2,0.2038496446018063,1,bisquare,8535,1.0,negbinomial,0.2842243727205218,True
AGGACGCTCGATGTTG-1,9947.0,4802.0,L3,0,0.30042824319252764,1,bisquare,8535,1.0,negbinomial,0.2842243727205218,True
AGGAGACATCCACAGT-1,11597.0,5524.0,L3,0,0.2328400065173792,1,bisquare,8535,1.0,negbinomial,0.2842243727205218,True
AGGAGAGTCTGGCTAC-1,11872.0,5764.0,L3,0,0.07380791092708085,1,bisquare,8535,1.0,negbinomial,0.2842243727205218,True
AGGAGGCCTTCGCGCG-1,9938.0,8875.0,L5,2,0.2472671875991885,1,bisquare,8535,1.0,negbinomial,0.2842243727205218,True
AGGATAAAGTCGGGAT-1,7666.0,8990.0,L6,3,0.34901264773244584,1,bisquare,8535,1.0,negbinomial,0.2842243727205218,True
AGGATATAGGGATTTA-1,9802.0,8156.0,L4,1,0.21044940202929868,1,bisquare,8535,1.0,negbinomial,0.2842243727205218,True
AGGATATCCGACTGCA-1,9727.0,11151.0,L6,3,0.1353235998314013,1,bisquare,8535,1.0,negbinomial,0.2842243727205218,True
AGGATCACGCGATCTG-1,4294.0,8384.0,L5,2,0.4327181670666491,1,bisquare,8535,1.0,negbinomial,0.2842243727205218,True
AGGATTGCTTACGACA-1,11458.0,6243.0,L3,0,0.15079715309556263,1,bisquare,8535,1.0,negbinomial,0.2842243727205218,True
AGGCACGTGACTGTCC-1,11107.0,9476.0,L5,2,0.29082463991393304,1,bisquare,8535,1.0,negbinomial,0.2842243727205218,True
AGGCAGATGCGTAAAC-1,9118.0,5759.0,L3,0,0.5528675253059406,1,bisquare,8535,1.0,negbinomial,0.2842243727205218,True
AGGCAGGGAGCGTACT-1,6563.0,9707.0,WM,4,0.34734291470312967,1,bisquare,8535,1.0,negbinomial,0.2842243727205218,True
AGGCATTGTCGTAGGG-1,10008.0,8516.0,L5,2,0.2552126335702281,1,bisquare,8535,1.0,negbinomial,0.2842243727205218,True
AGGCCACCCGTTATGA-1,5813.0,5991.0,L3,0,0.2039607907040156,1,bisquare,8535,1.0,negbinomial,0.2842243727205218,True
AGGCCCATTGTACAGG-1,6987.0,4437.0,L3,0,0.34926556014578514,1,bisquare,8535,1.0,negbinomial,0.2842243727205218,True
AGGCCCTAGAACGCCA-1,4914.0,8026.0,L5,2,0.3464391592375917,1,bisquare,8535,1.0,negbinomial,0.2842243727205218,True
AGGCCTATCATACCAA-1,6766.0,11264.0,WM,4,0.214026934022657,1,bisquare,8535,1.0,negbinomial,0.2842243727205218,True
AGGCCTGAGAATCTCG-1,9247.0,10072.0,L6,3,0.24634113059503265,1,bisquare,8535,1.0,negbinomial,0.2842243727205218,True
AGGCGATAACTGGCGT-1,11589.0,9597.0,L5,2,0.2913570176231676,1,bisquare,8535,1.0,negbinomial,0.2842243727205218,True
AGGCGGTTTGTCCCGC-1,4360.0,9702.0,L6,3,0.257347760310393,1,bisquare,8535,1.0,negbinomial,0.2842243727205218,True
AGGCGTCTATGGACGG-1,10911.0,4564.0,L3,0,0.30015011926410806,1,bisquare,8535,1.0,negbinomial,0.2842243727205218,True
AGGCTATGGTTAGCTT-1,5263.0,5751.0,L3,0,0.2511474320138493,1,bisquare,8535,1.0,negbinomial,0.2842243727205218,True
AGGCTTCCCGAAGAAG-1,6083.0,8627.0,L6,3,0.36602158451267996,1,bisquare,8535,1.0,negbinomial,0.2842243727205218,True
AGGCTTGCTAGACACC-1,4437.0,5509.0,L3,0,0.2062004250045365,1,bisquare,8535,1.0,negbinomial,0.2842243727205218,True
AGGGAAACGAGGTACT-1,9328.0,4202.0,L3,0,0.4255619918887573,1,bisquare,8535,1.0,negbinomial,0.2842243727205218,True
AGGGACCGGCTGCGTT-1,10768.0,6960.0,L3,0,0.3410140849615299,1,bisquare,8535,1.0,negbinomial,0.2842243727205218,True
AGGGACTCTACGCGAC-1,6839.0,9228.0,L6,3,0.1477619663125192,1,bisquare,8535,1.0,negbinomial,0.2842243727205218,True
AGGGAGACATACTTCG-1,10977.0,6122.0,L3,0,0.3464579633952575,1,bisquare,8535,1.0,negbinomial,0.2842243727205218,True
AGGGCAGCGGCGTGGT-1,8297.0,3601.0,L3,0,0.12592357990248546,1,bisquare,8535,1.0,negbinomial,0.2842243727205218,True
AGGGCCCTAATGTTCT-1,11588.0,10316.0,L5,2,0.22066584449904217,1,bisquare,8535,1.0,negbinomial,0.2842243727205218,True
AGGGCGAGCAGCTGAT-1,4570.0,7906.0,L5,2,0.23689273551496673,1,bisquare,8535,1.0,negbinomial,0.2842243727205218,True
AGGGCGTGATCGGCTA-1,6298.0,4675.0,L3,0,0.20287888327763057,1,bisquare,8535,1.0,negbinomial,0.2842243727205218,True
AGGGCTGCAGTTACAG-1,7670.0,6834.0,L4,1,0.43776434726084607,1,bisquare,8535,1.0,negbinomial,0.2842243727205218,True
AGGGTCAGAGCACTCG-1,5941.0,10783.0,WM,4,0.24885445708754303,1,bisquare,8535,1.0,negbinomial,0.2842243727205218,True
AGGGTCAGTAACCCTA-1,10980.0,4445.0,L3,0,0.22297173677954615,1,bisquare,8535,1.0,negbinomial,0.2842243727205218,True
AGGGTCGATGCGAACT-1,9873.0,7078.0,L3,0,0.3952737583946494,1,bisquare,8535,1.0,negbinomial,0.2842243727205218,True
AGGGTCTGGACGCAGT-1,11380.0,10914.0,L6,3,0.21918454639043286,1,bisquare,8535,1.0,negbinomial,0.2842243727205218,True
AGGGTGCCGTTCTTTA-1,5460.0,10423.0,WM,4,0.24510680173463467,1,bisquare,8535,1.0,negbinomial,0.2842243727205218,True
AGGGTGCTCTCGAGGG-1,9530.0,6718.0,L3,0,0.2908686130381891,1,bisquare,8535,1.0,negbinomial,0.2842243727205218,True
AGGGTGGATAGTGCAT-1,3954.0,6107.0,L3,0,0.24240285815129695,1,bisquare,8535,1.0,negbinomial,0.2842243727205218,True
AGGGTTCAGACGGTCC-1,6285.0,10904.0,WM,4,0.1637024346182646,1,bisquare,8535,1.0,negbinomial,0.2842243727205218,True
AGGGTTCCCTTTGGTT-1,9255.0,6238.0,L3,0,0.20079213208961616,1,bisquare,8535,1.0,negbinomial,0.2842243727205218,True
AGGGTTTAGTTCGGGA-1,7533.0,6594.0,L4,1,0.3364432037001267,1,bisquare,8535,1.0,negbinomial,0.2842243727205218,True
AGGTAACCTCCTATTC-1,6023.0,4195.0,L3,0,0.19625346707693536,1,bisquare,8535,1.0,negbinomial,0.2842243727205218,True
AGGTACGATATTGCCA-1,8433.0,4080.0,L3,0,0.2693902180129209,1,bisquare,8535,1.0,negbinomial,0.2842243727205218,True
AGGTAGATCGAGATAT-1,5598.0,10184.0,WM,4,0.5642894409348709,1,bisquare,8535,1.0,negbinomial,0.2842243727205218,True
AGGTAGGTACAAAGCT-1,5330.0,6829.0,L5,2,0.24322505036754363,1,bisquare,8535,1.0,negbinomial,0.2842243727205218,True
AGGTATAATTGATAGT-1,10700.0,6840.0,L3,0,0.2973662015323652,1,bisquare,8535,1.0,negbinomial,0.2842243727205218,True
AGGTATGCGGACATTA-1,11732.0,7202.0,L3,0,0.339393804933273,1,bisquare,8535,1.0,negbinomial,0.2842243727205218,True
AGGTCAGGTGAGAGTG-1,4570.0,8145.0,L5,2,0.16597760038223672,1,bisquare,8535,1.0,negbinomial,0.2842243727205218,True
AGGTCGCCTCCCAACA-1,11519.0,9956.0,L5,2,0.17584212858910012,1,bisquare,8535,1.0,negbinomial,0.2842243727205218,True
AGGTCGCGGAGTTACT-1,10358.0,5761.0,L3,0,0.38843646909664803,1,bisquare,8535,1.0,negbinomial,0.2842243727205218,True
AGGTGCACGTCCACAT-1,10347.0,11032.0,L6,3,0.2160202023440036,1,bisquare,8535,1.0,negbinomial,0.2842243727205218,True
AGGTGGTGACCTTCGC-1,7044.0,10307.0,WM,4,0.23445385217966339,1,bisquare,8535,1.0,negbinomial,0.2842243727205218,True
AGGTGTATCGCCATGA-1,4365.0,7067.0,L4,1,0.21734203434676885,1,bisquare,8535,1.0,negbinomial,0.2842243727205218,True
AGGTGTTGCCGACCAC-1,11656.0,10436.0,L5,2,0.15503665761613195,1,bisquare,8535,1.0,negbinomial,0.2842243727205218,True
AGGTTACACCATGCCG-1,11111.0,7799.0,L3,0,0.38502498436199284,1,bisquare,8535,1.0,negbinomial,0.2842243727205218,True
AGGTTGAGGCACGCTT-1,8293.0,5278.0,L3,0,0.305071149377088,1,bisquare,8535,1.0,negbinomial,0.2842243727205218,True
AGGTTTCACACACCTT-1,7807.0,7553.0,L5,2,0.1805206877998062,1,bisquare,8535,1.0,negbinomial,0.2842243727205218,True
AGTAACGTTCATCCTG-1,9468.0,3244.0,L3,0,0.23389445037154452,1,bisquare,8535,1.0,negbinomial,0.2842243727205218,True
AGTAACTATAGCAGCC-1,10553.0,11152.0,L6,3,0.275965318719763,1,bisquare,8535,1.0,negbinomial,0.2842243727205218,True
AGTAATCTAAGGGTGG-1,9244.0,11509.0,WM,4,0.44617595149221184,1,bisquare,8535,1.0,negbinomial,0.2842243727205218,True
AGTAATGTCTTGCCGC-1,7331.0,4557.0,L3,0,0.3146749273858438,1,bisquare,8535,1.0,negbinomial,0.2842243727205218,True
AGTAATTTGCAAGCGT-1,3807.0,10899.0,L6,3,0.24450031810548872,1,bisquare,8535,1.0,negbinomial,0.2842243727205218,True
AGTACAGAAGCTTATA-1,8488.0,11148.0,WM,4,0.16714783073045902,1,bisquare,8535,1.0,negbinomial,0.2842243727205218,True
AGTACATCATTTATCA-1,10701.0,6121.0,L3,0,0.29973973065327003,1,bisquare,8535,1.0,negbinomial,0.2842243727205218,True
AGTACCTTCGAGTGCT-1,10637.0,3845.0,L3,0,0.2666473529405711,1,bisquare,8535,1.0,negbinomial,0.2842243727205218,True
AGTACGGCCCGTATCG-1,3953.0,6826.0,L3,0,0.4264898839911931,1,bisquare,8535,1.0,negbinomial,0.2842243727205218,True
AGTACGGGCACCTGGC-1,8637.0,5638.0,L3,0,0.3735716794832763,1,bisquare,8535,1.0,negbinomial,0.2842243727205218,True
AGTACGTGGCCTGTCT-1,9261.0,3363.0,L3,0,0.19417818581233,1,bisquare,8535,1.0,negbinomial,0.2842243727205218,True
AGTACTCTTATGCCCA-1,9249.0,9353.0,L6,3,0.32412157130881936,1,bisquare,8535,1.0,negbinomial,0.2842243727205218,True
AGTAGAAGGCGCCTCA-1,7455.0,11026.0,WM,4,0.282210213496857,1,bisquare,8535,1.0,negbinomial,0.2842243727205218,True
AGTAGGAAGGAAGTTG-1,9947.0,4562.0,L3,0,0.19207745143452676,1,bisquare,8535,1.0,negbinomial,0.2842243727205218,True
AGTAGGTAACATACAT-1,6712.0,4196.0,L3,0,0.24292695271161807,1,bisquare,8535,1.0,negbinomial,0.2842243727205218,True
AGTATAATACTAGGCA-1,5470.0,5631.0,L3,0,0.5029840308124758,1,bisquare,8535,1.0,negbinomial,0.2842243727205218,True
AGTATACACAGCGACA-1,6493.0,10305.0,WM,4,0.19165189644377936,1,bisquare,8535,1.0,negbinomial,0.2842243727205218,True
AGTATGCTGGAGACCA-1,4980.0,9584.0,L6,3,0.32765783092077366,1,bisquare,8535,1.0,negbinomial,0.2842243727205218,True
AGTATTTGGCACGACC-1,6770.0,9587.0,L6,3,0.20293418425364915,1,bisquare,8535,1.0,negbinomial,0.2842243727205218,True
AGTCAAATGATGTGAT-1,5597.0,10663.0,WM,4,0.3273543413538753,1,bisquare,8535,1.0,negbinomial,0.2842243727205218,True
AGTCAACACCACCATC-1,6430.0,7550.0,L5,2,0.26226539914033653,1,bisquare,8535,1.0,negbinomial,0.2842243727205218,True
AGTCAAGATGACACTT-1,9388.0,8395.0,L5,2,0.2844632075863045,1,bisquare,8535,1.0,negbinomial,0.2842243727205218,True
AGTCACTAGCTCTCGA-1,10006.0,9235.0,L5,2,0.2211744458625224,1,bisquare,8535,1.0,negbinomial,0.2842243727205218,True
AGTCAGCCACCGCCTG-1,5128.0,4552.0,L3,0,0.14932861866338196,1,bisquare,8535,1.0,negbinomial,0.2842243727205218,True
AGTCCATTGGCTGATG-1,10078.0,7677.0,L3,0,0.4289367933316101,1,bisquare,8535,1.0,negbinomial,0.2842243727205218,True
AGTCCCGCCTTTAATT-1,9603.0,4681.0,L3,0,0.15066903101510626,1,bisquare,8535,1.0,negbinomial,0.2842243727205218,True
AGTCCCTCGCAGAAAG-1,11735.0,5524.0,L3,0,0.14172083112366754,1,bisquare,8535,1.0,negbinomial,0.2842243727205218,True
AGTCGACGGTCTCAAG-1,9391.0,7197.0,L3,0,0.4408479952018974,1,bisquare,8535,1.0,negbinomial,0.2842243727205218,True
AGTCGGCCCAAACGAC-1,5883.0,5632.0,L3,0,0.545633138191032,1,bisquare,8535,1.0,negbinomial,0.2842243727205218,True
AGTCGGCTCAACTTTA-1,4776.0,8265.0,L5,2,0.1731647975750469,1,bisquare,8535,1.0,negbinomial,0.2842243727205218,True
AGTCGGTTGCGTGAGA-1,10905.0,7439.0,L3,0,0.4166606021311284,1,bisquare,8535,1.0,negbinomial,0.2842243727205218,True
AGTCGTATAAAGCAGA-1,8765.0,10430.0,WM,4,0.5302435149584234,1,bisquare,8535,1.0,negbinomial,0.2842243727205218,True
AGTCGTCGACCACCAA-1,9455.0,9473.0,L6,3,0.4442585433165522,1,bisquare,8535,1.0,negbinomial,0.2842243727205218,True
AGTCGTGGGCATTACG-1,5188.0,8745.0,L6,3,0.2393924372934293,1,bisquare,8535,1.0,negbinomial,0.2842243727205218,True
AGTCTAAAGTATACTC-1,10839.0,6122.0,L3,0,0.3579855311478085,1,bisquare,8535,1.0,negbinomial,0.2842243727205218,True
AGTCTCACAAGACTAC-1,5256.0,9105.0,L6,3,0.3870583670930742,1,bisquare,8535,1.0,negbinomial,0.2842243727205218,True
AGTCTGGACATCCTTG-1,4576.0,4791.0,L3,0,0.22079892857048655,1,bisquare,8535,1.0,negbinomial,0.2842243727205218,True
AGTCTTCTCCTCAAAT-1,7742.0,5516.0,L3,0,0.27268631244810276,1,bisquare,8535,1.0,negbinomial,0.2842243727205218,True
AGTCTTTAAAGTGTCC-1,8489.0,10669.0,WM,4,0.20605285596203118,1,bisquare,8535,1.0,negbinomial,0.2842243727205218,True
AGTGAACAAACTTCTC-1,10216.0,7917.0,L3,0,0.5697671079230657,1,bisquare,8535,1.0,negbinomial,0.2842243727205218,True
AGTGAAGATGGTGTCC-1,11529.0,5165.0,L3,0,0.22514421330428253,1,bisquare,8535,1.0,negbinomial,0.2842243727205218,True
AGTGACCTACTTTACG-1,6773.0,7910.0,L5,2,0.2539744370197782,1,bisquare,8535,1.0,negbinomial,0.2842243727205218,True
AGTGACTGTGACACAA-1,5115.0,10542.0,L6,3,0.20288631171691265,1,bisquare,8535,1.0,negbinomial,0.2842243727205218,True
AGTGAGACTTCCAGTA-1,9185.0,6837.0,L3,0,0.3275691005940351,1,bisquare,8535,1.0,negbinomial,0.2842243727205218,True
AGTGAGCCTCGCCGCC-1,10288.0,6120.0,L3,0,0.2802963745378051,1,bisquare,8535,1.0,negbinomial,0.2842243727205218,True
AGTGAGGGTTTCTGAC-1,9261.0,3603.0,L3,0,0.14161778332308742,1,bisquare,8535,1.0,negbinomial,0.2842243727205218,True
AGTGAGTCGAATTAAC-1,10692.0,10673.0,L6,3,0.27493786809041626,1,bisquare,8535,1.0,negbinomial,0.2842243727205218,True
AGTGATAACCTGCGCG-1,9317.0,9712.0,L6,3,0.4487519627592877,1,bisquare,8535,1.0,negbinomial,0.2842243727205218,True
AGTGATATGAGTAGTT-1,6566.0,8029.0,L6,3,0.24466059562077694,1,bisquare,8535,1.0,negbinomial,0.2842243727205218,True
AGTGATTCAAGCAGGA-1,9186.0,6597.0,L3,0,0.2823069764526418,1,bisquare,8535,1.0,negbinomial,0.2842243727205218,True
AGTGCACGCTTAAGAA-1,9800.0,8875.0,L5,2,0.393882671467536,1,bisquare,8535,1.0,negbinomial,0.2842243727205218,True
AGTGCGTAGCTCGTAA-1,6084.0,8148.0,L6,3,0.29011831403866845,1,bisquare,8535,1.0,negbinomial,0.2842243727205218,True
AGTGCTAAACACAGCA-1,9454.0,9952.0,L6,3,0.47234797444602766,1,bisquare,8535,1.0,negbinomial,0.2842243727205218,True
AGTGCTTGCACGAATA-1,9321.0,7556.0,L3,0,0.3215747519547723,1,bisquare,8535,1.0,negbinomial,0.2842243727205218,True
AGTGGCGGCAATTTGA-1,9670.0,5520.0,L3,0,0.18460850522980154,1,bisquare,8535,1.0,negbinomial,0.2842243727205218,True
AGTGGCGTCTGAAGGT-1,9110.0,10071.0,L6,3,0.2187628475039576,1,bisquare,8535,1.0,negbinomial,0.2842243727205218,True
AGTGGCTCCGTCGGCC-1,4020.0,7425.0,L4,1,0.22850603930789684,1,bisquare,8535,1.0,negbinomial,0.2842243727205218,True
AGTGGTGTTACCCGTG-1,3812.0,8263.0,L5,2,0.2062525916456811,1,bisquare,8535,1.0,negbinomial,0.2842243727205218,True
AGTGGTTGCGTATAGG-1,3677.0,6826.0,L3,0,0.3054082891444818,1,bisquare,8535,1.0,negbinomial,0.2842243727205218,True
AGTGTATTGCGCATTG-1,9740.0,4682.0,L3,0,0.21522267105004345,1,bisquare,8535,1.0,negbinomial,0.2842243727205218,True
AGTGTGCTAAGATCGC-1,3889.0,4310.0,L3,0,0.18236902329406934,1,bisquare,8535,1.0,negbinomial,0.2842243727205218,True
AGTGTGGTCTATTGTG-1,4782.0,5151.0,L3,0,0.1456214086935403,1,bisquare,8535,1.0,negbinomial,0.2842243727205218,True
AGTTAAACACTTGCGA-1,6223.0,7430.0,L5,2,0.44203144250498144,1,bisquare,8535,1.0,negbinomial,0.2842243727205218,True
AGTTAAGCGGTCCCGG-1,8708.0,4560.0,L3,0,0.3712551108703451,1,bisquare,8535,1.0,negbinomial,0.2842243727205218,True
AGTTAAGTCAACCGCT-1,4913.0,8745.0,L5,2,0.16827583485549152,1,bisquare,8535,1.0,negbinomial,0.2842243727205218,True
AGTTACCCTTAAGACT-1,3749.0,5508.0,L3,0,0.15439110286452598,1,bisquare,8535,1.0,negbinomial,0.2842243727205218,True
AGTTACCGCACATGGT-1,4161.0,5748.0,L3,0,0.2275116073275867,1,bisquare,8535,1.0,negbinomial,0.2842243727205218,True
AGTTACTCTATCGTGG-1,9328.0,4441.0,L3,0,0.20438649161785874,1,bisquare,8535,1.0,negbinomial,0.2842243727205218,True
AGTTCCTACAGAATTA-1,6639.0,6233.0,L4,1,0.2642642271561957,1,bisquare,8535,1.0,negbinomial,0.2842243727205218,True
AGTTCCTATTTATGTT-1,7668.0,7792.0,L5,2,0.21491669412763906,1,bisquare,8535,1.0,negbinomial,0.2842243727205218,True
AGTTCTGCGTTGTATC-1,4509.0,4192.0,L3,0,0.1447765363179288,1,bisquare,8535,1.0,negbinomial,0.2842243727205218,True
AGTTGACATCGGCTGG-1,4992.0,3833.0,L3,0,0.1492693283305422,1,bisquare,8535,1.0,negbinomial,0.2842243727205218,True
AGTTGACGGTCCTTGC-1,7525.0,10427.0,WM,4,0.1486382752276078,1,bisquare,8535,1.0,negbinomial,0.2842243727205218,True
AGTTGCGGTCCTCAAC-1,3875.0,11019.0,L6,3,0.26727199799937806,1,bisquare,8535,1.0,negbinomial,0.2842243727205218,True
AGTTGCTGACTGATAT-1,4439.0,4551.0,L3,0,0.17137188216312008,1,bisquare,8535,1.0,negbinomial,0.2842243727205218,True
AGTTGGCAAGGCTAGA-1,10485.0,10793.0,L6,3,0.3078879327718653,1,bisquare,8535,1.0,negbinomial,0.2842243727205218,True
AGTTTATGTAAAGACA-1,11528.0,5644.0,L3,0,0.15922627643841336,1,bisquare,8535,1.0,negbinomial,0.2842243727205218,True
AGTTTCGCAGGTCGGA-1,7470.0,4078.0,L3,0,0.23775743617468884,1,bisquare,8535,1.0,negbinomial,0.2842243727205218,True
AGTTTGCACCTGCCTC-1,8284.0,9590.0,L6,3,0.20024457706819657,1,bisquare,8535,1.0,negbinomial,0.2842243727205218,True
AGTTTGGCACGGGTTG-1,10215.0,8396.0,L4,1,0.2491484192914266,1,bisquare,8535,1.0,negbinomial,0.2842243727205218,True
AGTTTGGCCAGACCTA-1,5327.0,8267.0,L5,2,0.21391270205142868,1,bisquare,8535,1.0,negbinomial,0.2842243727205218,True
ATAAACGGACCCGTAA-1,7392.0,8271.0,L5,2,0.3342202951431041,1,bisquare,8535,1.0,negbinomial,0.2842243727205218,True
ATAAACGTTGCACCAC-1,10557.0,9475.0,L5,2,0.28922935166615227,1,bisquare,8535,1.0,negbinomial,0.2842243727205218,True
ATAAAGGCTCGGTCGT-1,6638.0,6712.0,L5,2,0.4654305518947572,1,bisquare,8535,1.0,negbinomial,0.2842243727205218,True
ATAAAGGTCAAGTACG-1,9055.0,3243.0,L3,0,0.3293068437870609,1,bisquare,8535,1.0,negbinomial,0.2842243727205218,True
ATAAATATTAGCAGCT-1,5122.0,7188.0,L5,2,0.25460669514752965,1,bisquare,8535,1.0,negbinomial,0.2842243727205218,True
ATAACGCCGGAGGGTC-1,8772.0,6836.0,L3,0,0.24590719017537246,1,bisquare,8535,1.0,negbinomial,0.2842243727205218,True
ATAACGGAGTCCAACG-1,8361.0,5637.0,L3,0,0.2502496297784598,1,bisquare,8535,1.0,negbinomial,0.2842243727205218,True
ATAACGTTACCTCCAC-1,11050.0,3846.0,L3,0,0.2297415247040812,1,bisquare,8535,1.0,negbinomial,0.2842243727205218,True
ATAAGCAAACACCGAG-1,11808.0,3728.0,L3,0,0.08756338703146048,1,bisquare,8535,1.0,negbinomial,0.2842243727205218,True
ATAAGGTGGAGAACAT-1,8149.0,8632.0,L5,2,0.24385232868156606,1,bisquare,8535,1.0,negbinomial,0.2842243727205218,True
ATAAGTACCCGATTGT-1,10981.0,3726.0,L3,0,0.3113190173138756,1,bisquare,8535,1.0,negbinomial,0.2842243727205218,True
ATAAGTAGGATTCAGA-1,10289.0,5881.0,L3,0,0.4203439939346057,1,bisquare,8535,1.0,negbinomial,0.2842243727205218,True
ATAAGTAGGGCGACTC-1,10631.0,6960.0,L3,0,0.3200599020437572,1,bisquare,8535,1.0,negbinomial,0.2842243727205218,True
ATAAGTTACCGCGACG-1,6773.0,8150.0,L6,3,0.2493297776447924,1,bisquare,8535,1.0,negbinomial,0.2842243727205218,True
ATAATACCGTTAGCCG-1,4302.0,4551.0,L3,0,0.15626208212585452,1,bisquare,8535,1.0,negbinomial,0.2842243727205218,True
ATAATAGCTGTTGAAT-1,7530.0,8271.0,L5,2,0.18629177198329225,1,bisquare,8535,1.0,negbinomial,0.2842243727205218,True
ATAATAGTGTAGGGAC-1,5265.0,4792.0,L3,0,0.2129253965746476,1,bisquare,8535,1.0,negbinomial,0.2842243727205218,True
ATAATCTTGGAGAACC-1,8490.0,9950.0,L6,3,0.21431109023309797,1,bisquare,8535,1.0,negbinomial,0.2842243727205218,True
ATAATTAGCTAAGTAG-1,7594.0,10308.0,WM,4,0.20617654807910832,1,bisquare,8535,1.0,negbinomial,0.2842243727205218,True
ATACAGGCCCTCCAAT-1,8147.0,9350.0,L6,3,0.25345774572128815,1,bisquare,8535,1.0,negbinomial,0.2842243727205218,True
ATACCACGGGCAACTT-1,5192.0,6829.0,L5,2,0.25405655784067027,1,bisquare,8535,1.0,negbinomial,0.2842243727205218,True
ATACCAGGCTAATAGA-1,6988.0,3718.0,L3,0,0.19613288093945347,1,bisquare,8535,1.0,negbinomial,0.2842243727205218,True
ATACCGTCATCCATAA-1,11118.0,4445.0,L3,0,0.24214637028858965,1,bisquare,8535,1.0,negbinomial,0.2842243727205218,True
ATACCTAACCAAGAAA-1,7596.0,9589.0,L6,3,0.24416811001709937,1,bisquare,8535,1.0,negbinomial,0.2842243727205218,True
ATACGAAGGCTTTCCA-1,11663.0,7082.0,L3,0,0.16670574146627193,1,bisquare,8535,1.0,negbinomial,0.2842243727205218,True
ATACGAGGTTTGTAAG-1,6559.0,11623.0,WM,4,0.17675441360699048,1,bisquare,8535,1.0,negbinomial,0.2842243727205218,True
ATACGCCGGCGAAACC-1,8564.0,7435.0,L4,1,0.4131237425897373,1,bisquare,8535,1.0,negbinomial,0.2842243727205218,True
ATACGGAACGTCGTTT-1,4705.0,9343.0,L6,3,0.19167262490955098,1,bisquare,8535,1.0,negbinomial,0.2842243727205218,True
ATACGGGTTTCGATTG-1,8844.0,5279.0,L3,0,0.29100089151221603,1,bisquare,8535,1.0,negbinomial,0.2842243727205218,True
ATACGGTGAAGATGCA-1,3953.0,6587.0,L3,0,0.3209739759498349,1,bisquare,8535,1.0,negbinomial,0.2842243727205218,True
ATACGTACTTAGCCAC-1,8492.0,9231.0,L6,3,0.49791216390261345,1,bisquare,8535,1.0,negbinomial,0.2842243727205218,True
ATACGTCCACTCCTGT-1,9595.0,8275.0,L5,2,0.2599962962942148,1,bisquare,8535,1.0,negbinomial,0.2842243727205218,True
ATACGTTATGCACGGA-1,7526.0,10188.0,WM,4,0.21784291984299461,1,bisquare,8535,1.0,negbinomial,0.2842243727205218,True
ATACTACCCGTACCAC-1,10418.0,9715.0,L5,2,0.30819343820571776,1,bisquare,8535,1.0,negbinomial,0.2842243727205218,True
ATACTAGCATGACCCT-1,7398.0,5156.0,L3,0,0.375107887176674,1,bisquare,8535,1.0,negbinomial,0.2842243727205218,True
ATACTCTCGCCACTCT-1,4923.0,3713.0,L3,0,0.2935794102090933,1,bisquare,8535,1.0,negbinomial,0.2842243727205218,True
ATACTGCCTTACACCG-1,8973.0,9592.0,L6,3,0.5275941350455274,1,bisquare,8535,1.0,negbinomial,0.2842243727205218,True
ATACTTGTTCTCGAGC-1,3885.0,6227.0,L3,0,0.1469106179810384,1,bisquare,8535,1.0,negbinomial,0.2842243727205218,True
ATAGACAACGGGACCT-1,9531.0,5999.0,L3,0,0.36533755096036546,1,bisquare,8535,1.0,negbinomial,0.2842243727205218,True
ATAGACGAAGAGAAAG-1,6294.0,6591.0,L5,2,0.4922113291218206,1,bisquare,8535,1.0,negbinomial,0.2842243727205218,True
ATAGAGTACTGGGACA-1,6502.0,5753.0,L3,0,0.23729850294952048,1,bisquare,8535,1.0,negbinomial,0.2842243727205218,True
ATAGAGTTATCAACTT-1,9600.0,5879.0,L3,0,0.19353482224246027,1,bisquare,8535,1.0,negbinomial,0.2842243727205218,True
ATAGCAACTAGGGAAG-1,9936.0,10073.0,L6,3,0.39252223448399465,1,bisquare,8535,1.0,negbinomial,0.2842243727205218,True
ATAGCTGCTCTTGTTA-1,3888.0,4550.0,L3,0,0.2829625958622472,1,bisquare,8535,1.0,negbinomial,0.2842243727205218,True
ATAGGAATCTAAGCTT-1,10294.0,3245.0,L3,0,0.3118177442670253,1,bisquare,8535,1.0,negbinomial,0.2842243727205218,True
ATAGGCGGCTATAGAA-1,5465.0,7788.0,L5,2,0.33443672337134656,1,bisquare,8535,1.0,negbinomial,0.2842243727205218,True
ATAGGCTAGCTTCGCA-1,9876.0,5640.0,L3,0,0.4124748916119213,1,bisquare,8535,1.0,negbinomial,0.2842243727205218,True
ATAGGGATATCCTTGA-1,8087.0,5158.0,L3,0,0.5091403682609665,1,bisquare,8535,1.0,negbinomial,0.2842243727205218,True
ATAGGTTGGGCAGATG-1,7603.0,5995.0,L3,0,0.3843602336062116,1,bisquare,8535,1.0,negbinomial,0.2842243727205218,True
ATAGTCTTTGACGTGC-1,7815.0,3480.0,L3,0,0.11024696993065969,1,bisquare,8535,1.0,negbinomial,0.2842243727205218,True
ATAGTGAAGCGTTCTC-1,7118.0,7551.0,L5,2,0.24046452766994386,1,bisquare,8535,1.0,negbinomial,0.2842243727205218,True
ATAGTTCCACCCACTC-1,10217.0,7198.0,L3,0,0.39000014946554845,1,bisquare,8535,1.0,negbinomial,0.2842243727205218,True
ATATAAAGCGCTCGTG-1,7871.0,9590.0,L6,3,0.11880270827837622,1,bisquare,8535,1.0,negbinomial,0.2842243727205218,True
ATATAAATGTAGCTGC-1,8285.0,9111.0,L6,3,0.3097623524839679,1,bisquare,8535,1.0,negbinomial,0.2842243727205218,True
ATATAACACGGGCGCA-1,9659.0,10552.0,L6,3,0.20467553268581196,1,bisquare,8535,1.0,negbinomial,0.2842243727205218,True
ATATACGCTCGTGACG-1,10624.0,10074.0,L6,3,0.3779735169911121,1,bisquare,8535,1.0,negbinomial,0.2842243727205218,True
ATATAGAGTATTGGTC-1,3946.0,10180.0,L6,3,0.19540009117256812,1,bisquare,8535,1.0,negbinomial,0.2842243727205218,True
ATATCAACCTACAGAG-1,10424.0,7079.0,L3,0,0.5660316963621567,1,bisquare,8535,1.0,negbinomial,0.2842243727205218,True
ATATCGGTAGGGAGAT-1,10768.0,7200.0,L3,0,0.39353901198711616,1,bisquare,8535,1.0,negbinomial,0.2842243727205218,True
ATATCGTTCCTCGAAC-1,9524.0,9593.0,L6,3,0.3020450632959979,1,bisquare,8535,1.0,negbinomial,0.2842243727205218,True
ATATCTCCCTCGTTAA-1,9189.0,4920.0,L3,0,0.3900339862260848,1,bisquare,8535,1.0,negbinomial,0.2842243727205218,True
ATATCTTAGGGCCTTC-1,7395.0,6833.0,L4,1,0.34032490820942657,1,bisquare,8535,1.0,negbinomial,0.2842243727205218,True
ATATGGGATAGCAACT-1,6973.0,11145.0,WM,4,0.22014750284881912,1,bisquare,8535,1.0,negbinomial,0.2842243727205218,True
ATATGTCTAGAGCGTG-1,7867.0,11506.0,WM,4,0.11986312944973603,1,bisquare,8535,1.0,negbinomial,0.2842243727205218,True
ATATGTCTCCCTAGCC-1,9874.0,6838.0,L3,0,0.3425745565956741,1,bisquare,8535,1.0,negbinomial,0.2842243727205218,True
ATATGTGCACAAACCA-1,11395.0,3727.0,L3,0,0.33372671507057855,1,bisquare,8535,1.0,negbinomial,0.2842243727205218,True
ATATTCAGTTAAACCT-1,5947.0,7908.0,L5,2,0.2106847826746903,1,bisquare,8535,1.0,negbinomial,0.2842243727205218,True
ATATTCCACATAGTGA-1,8493.0,8752.0,L5,2,0.30249721954605635,1,bisquare,8535,1.0,negbinomial,0.2842243727205218,True
ATATTCCCACAGGTCA-1,7263.0,3958.0,L3,0,0.16860155381345185,1,bisquare,8535,1.0,negbinomial,0.2842243727205218,True
ATATTGCTGTCAAAGT-1,5403.0,4793.0,L3,0,0.18761037082804036,1,bisquare,8535,1.0,negbinomial,0.2842243727205218,True
ATATTGGAGAGGCCTT-1,11520.0,9717.0,L5,2,0.1379550257783876,1,bisquare,8535,1.0,negbinomial,0.2842243727205218,True
ATATTTAACCCTCAAG-1,6983.0,6353.0,L4,1,0.2698681408087006,1,bisquare,8535,1.0,negbinomial,0.2842243727205218,True
ATCAAACACTGTTCCA-1,10559.0,8277.0,L4,1,0.33674583409939407,1,bisquare,8535,1.0,negbinomial,0.2842243727205218,True
ATCAAACGAAGGTTTG-1,5464.0,8506.0,L6,3,0.2906721409943554,1,bisquare,8535,1.0,negbinomial,0.2842243727205218,True
ATCAAGATCCCAGGAC-1,7179.0,11265.0,WM,4,0.2353448753017915,1,bisquare,8535,1.0,negbinomial,0.2842243727205218,True
ATCAATCTGGGCTGCA-1,7671.0,6594.0,L3,0,0.3400240972562549,1,bisquare,8535,1.0,negbinomial,0.2842243727205218,True
ATCAATGCCGTGGCTG-1,4497.0,9942.0,L6,3,0.3679158454501471,1,bisquare,8535,1.0,negbinomial,0.2842243727205218,True
ATCACATTAGAATATC-1,8845.0,5039.0,L3,0,0.5366527058613111,1,bisquare,8535,1.0,negbinomial,0.2842243727205218,True
ATCACGTGCTAATTAA-1,5671.0,8147.0,L5,2,0.18019312083422853,1,bisquare,8535,1.0,negbinomial,0.2842243727205218,True
ATCACTTCATCCTCGC-1,7812.0,5157.0,L3,0,0.2815476945648621,1,bisquare,8535,1.0,negbinomial,0.2842243727205218,True
ATCAGACGGCACGCCG-1,6085.0,7909.0,L5,2,0.2235203653693471,1,bisquare,8535,1.0,negbinomial,0.2842243727205218,True
ATCAGCCTCATGCTGC-1,9180.0,9472.0,L6,3,0.4916389018199253,1,bisquare,8535,1.0,negbinomial,0.2842243727205218,True
ATCAGCTCGTCCACTA-1,4225.0,8504.0,L5,2,0.4642404942238181,1,bisquare,8535,1.0,negbinomial,0.2842243727205218,True
ATCAGGTCGCCATTGC-1,9674.0,3603.0,L3,0,0.2172818795192991,1,bisquare,8535,1.0,negbinomial,0.2842243727205218,True
ATCAGTAGGCAGGGAT-1,9188.0,5399.0,L3,0,0.2953862319486379,1,bisquare,8535,1.0,negbinomial,0.2842243727205218,True
ATCATAGATCGACGAG-1,6215.0,11503.0,WM,4,0.07080645289812673,1,bisquare,8535,1.0,negbinomial,0.2842243727205218,True
ATCATAGCCCTATGTA-1,10486.0,10074.0,L6,3,0.4132318790140542,1,bisquare,8535,1.0,negbinomial,0.2842243727205218,True
ATCATCCAATATTTGT-1,7256.0,7312.0,L5,2,0.42349803321431073,1,bisquare,8535,1.0,negbinomial,0.2842243727205218,True
ATCCAACGCAGTCATA-1,5745.0,5632.0,L3,0,0.4219524504139171,1,bisquare,8535,1.0,negbinomial,0.2842243727205218,True
ATCCAATGGAGGGTCC-1,5052.0,7787.0,L5,2,0.35516067130724926,1,bisquare,8535,1.0,negbinomial,0.2842243727205218,True
ATCCAATGGTACCGAA-1,3608.0,6945.0,L3,0,0.2682802384164489,1,bisquare,8535,1.0,negbinomial,0.2842243727205218,True
ATCCACATCGACAGAA-1,8146.0,10069.0,WM,4,0.5281274582729676,1,bisquare,8535,1.0,negbinomial,0.2842243727205218,True
ATCCACGCTAAATGTT-1,8917.0,3243.0,L3,0,0.18308728355544013,1,bisquare,8535,1.0,negbinomial,0.2842243727205218,True
ATCCACTTTCAGACTA-1,11120.0,3487.0,L3,0,0.22852361015213096,1,bisquare,8535,1.0,negbinomial,0.2842243727205218,True
ATCCAGAGCAACAACC-1,6772.0,8629.0,L6,3,0.37103817888968754,1,bisquare,8535,1.0,negbinomial,0.2842243727205218,True
ATCCAGGATTCGTGAA-1,6361.0,7430.0,L5,2,0.4000974907347516,1,bisquare,8535,1.0,negbinomial,0.2842243727205218,True
ATCCCATCCACAGCGC-1,4153.0,10061.0,L6,3,0.34178095468107184,1,bisquare,8535,1.0,negbinomial,0.2842243727205218,True
ATCCCATTTCCGTGGG-1,7111.0,11145.0,WM,4,0.18830592980752828,1,bisquare,8535,1.0,negbinomial,0.2842243727205218,True
ATCCTACCTAAGCTCT-1,6498.0,7910.0,L5,2,0.16752298341113336,1,bisquare,8535,1.0,negbinomial,0.2842243727205218,True
ATCCTGAATCGCTGCG-1,4985.0,7188.0,L5,2,0.2048294553007418,1,bisquare,8535,1.0,negbinomial,0.2842243727205218,True
ATCCTGCGTGGAATGG-1,6429.0,8029.0,L6,3,0.24830974916556234,1,bisquare,8535,1.0,negbinomial,0.2842243727205218,True
ATCGACCCAATACAGA-1,7531.0,7792.0,L5,2,0.24244339060773784,1,bisquare,8535,1.0,negbinomial,0.2842243727205218,True
ATCGACTCTTTCCGTT-1,7398.0,5396.0,L3,0,0.2403917790787099,1,bisquare,8535,1.0,negbinomial,0.2842243727205218,True
ATCGCACGCCGGGAGA-1,7122.0,5635.0,L3,0,0.30703727929852104,1,bisquare,8535,1.0,negbinomial,0.2842243727205218,True
ATCGCCAGTCAACATT-1,10422.0,8037.0,L3,0,0.5086468993012669,1,bisquare,8535,1.0,negbinomial,0.2842243727205218,True
ATCGCTGCGTGCAGCA-1,10840.0,5403.0,L3,0,0.27150724895965267,1,bisquare,8535,1.0,negbinomial,0.2842243727205218,True
ATCGGAGACAGACGGC-1,8424.0,8872.0,L6,3,0.31686467397239976,1,bisquare,8535,1.0,negbinomial,0.2842243727205218,True
ATCGGCAAGCAGTCCA-1,9808.0,5041.0,L3,0,0.16972428307844067,1,bisquare,8535,1.0,negbinomial,0.2842243727205218,True
ATCGGTTACCTAGTAA-1,3746.0,6706.0,L3,0,0.2674633927389381,1,bisquare,8535,1.0,negbinomial,0.2842243727205218,True
ATCGTATTCCGAGAAC-1,3403.0,6106.0,L3,0,0.1415198182442443,1,bisquare,8535,1.0,negbinomial,0.2842243727205218,True
ATCGTGGAAAGTCTGG-1,4772.0,10182.0,L6,3,0.29625121617969136,1,bisquare,8535,1.0,negbinomial,0.2842243727205218,True
ATCGTTAGCTAGCGGA-1,9937.0,9594.0,L5,2,0.2916865470808069,1,bisquare,8535,1.0,negbinomial,0.2842243727205218,True
ATCGTTCACTTTCGCC-1,9673.0,3843.0,L3,0,0.2237163739168644,1,bisquare,8535,1.0,negbinomial,0.2842243727205218,True
ATCTAATATCCTACGG-1,7803.0,9230.0,L6,3,0.3586132821605878,1,bisquare,8535,1.0,negbinomial,0.2842243727205218,True
ATCTACCATCTGCTCC-1,9245.0,11030.0,WM,4,0.23655574742876315,1,bisquare,8535,1.0,negbinomial,0.2842243727205218,True
ATCTAGCTTGTGAGGG-1,7662.0,10667.0,WM,4,0.1723884970662683,1,bisquare,8535,1.0,negbinomial,0.2842243727205218,True
ATCTCCCACGGAATAT-1,10625.0,9835.0,L5,2,0.360153672767472,1,bisquare,8535,1.0,negbinomial,0.2842243727205218,True
ATCTCCCTGCAATCTA-1,8157.0,4559.0,L3,0,0.16148945527236203,1,bisquare,8535,1.0,negbinomial,0.2842243727205218,True
ATCTCGTGAGCGAAAC-1,11178.0,8398.0,L3,0,0.5648928187270837,1,bisquare,8535,1.0,negbinomial,0.2842243727205218,True
ATCTGACATGGAAGGA-1,6011.0,10185.0,WM,4,0.31609034451446555,1,bisquare,8535,1.0,negbinomial,0.2842243727205218,True
ATCTGATAGTGTCTTA-1,4026.0,4550.0,L3,0,0.3560688555118177,1,bisquare,8535,1.0,negbinomial,0.2842243727205218,True
ATCTGCACCTCTGCGA-1,10150.0,6120.0,L3,0,0.2401263696403136,1,bisquare,8535,1.0,negbinomial,0.2842243727205218,True
ATCTGCTGTTATCGCC-1,7112.0,10666.0,WM,4,0.2763145076442392,1,bisquare,8535,1.0,negbinomial,0.2842243727205218,True
ATCTGGGCTGTTCTTG-1,7939.0,9949.0,WM,4,0.3469465335236859,1,bisquare,8535,1.0,negbinomial,0.2842243727205218,True
ATCTGGTTAAGACTGT-1,8430.0,5757.0,L3,0,0.2231881067099786,1,bisquare,8535,1.0,negbinomial,0.2842243727205218,True
ATCTGTAATTGTACCC-1,7125.0,4437.0,L3,0,0.25434746928579716,1,bisquare,8535,1.0,negbinomial,0.2842243727205218,True
ATCTTAGGGCATTAAT-1,3944.0,10899.0,L6,3,0.3143788066936142,1,bisquare,8535,1.0,negbinomial,0.2842243727205218,True
ATCTTATCGCACACCC-1,10348.0,10313.0,L6,3,0.4368659351532773,1,bisquare,8535,1.0,negbinomial,0.2842243727205218,True
ATCTTGACCTGCAACG-1,6227.0,5753.0,L3,0,0.3162766056027747,1,bisquare,8535,1.0,negbinomial,0.2842243727205218,True
ATCTTGACTTGTCCAA-1,10632.0,6241.0,L3,0,0.30165816019726177,1,bisquare,8535,1.0,negbinomial,0.2842243727205218,True
ATCTTTCGTATAACCA-1,11459.0,5763.0,L3,0,0.16182139084873515,1,bisquare,8535,1.0,negbinomial,0.2842243727205218,True
ATGAAGCCAAGGAGCC-1,6366.0,5274.0,L3,0,0.38480498031199717,1,bisquare,8535,1.0,negbinomial,0.2842243727205218,True
ATGAAGTGGACCCAGC-1,3472.0,6226.0,L3,0,0.15229323233629616,1,bisquare,8535,1.0,negbinomial,0.2842243727205218,True
ATGACGCCGGCTCTAA-1,7193.0,4557.0,L3,0,0.32643771882858014,1,bisquare,8535,1.0,negbinomial,0.2842243727205218,True
ATGACGCGTTCTATCC-1,5257.0,8865.0,L6,3,0.25917667157455276,1,bisquare,8535,1.0,negbinomial,0.2842243727205218,True
ATGACTATCAGCTGTG-1,6149.0,10185.0,WM,4,0.23440557969043535,1,bisquare,8535,1.0,negbinomial,0.2842243727205218,True
ATGACTATGCGACATT-1,9251.0,8394.0,L5,2,0.33295136281052257,1,bisquare,8535,1.0,negbinomial,0.2842243727205218,True
ATGAGGAGTGTTAATC-1,5607.0,5632.0,L3,0,0.2975567042379041,1,bisquare,8535,1.0,negbinomial,0.2842243727205218,True
ATGAGGGCAGCGGCTA-1,11455.0,7680.0,L3,0,0.24635840658518268,1,bisquare,8535,1.0,negbinomial,0.2842243727205218,True
ATGATCGGGAATAGAC-1,6918.0,4556.0,L3,0,0.2133367035076248,1,bisquare,8535,1.0,negbinomial,0.2842243727205218,True
ATGATGCAATGGTACA-1,6635.0,7910.0,L5,2,0.22629632370220867,1,bisquare,8535,1.0,negbinomial,0.2842243727205218,True
ATGCACGCGCTGTTCA-1,3947.0,9701.0,L5,2,0.22509869684147962,1,bisquare,8535,1.0,negbinomial,0.2842243727205218,True
ATGCACTACCGCATTG-1,6295.0,5873.0,L3,0,0.478568091875687,1,bisquare,8535,1.0,negbinomial,0.2842243727205218,True
ATGCATGATCCAGGAT-1,7673.0,5636.0,L3,0,0.4653101824733853,1,bisquare,8535,1.0,negbinomial,0.2842243727205218,True
ATGCCAATCGCTCTGC-1,10429.0,4444.0,L3,0,0.26345796879293343,1,bisquare,8535,1.0,negbinomial,0.2842243727205218,True
ATGCCATTTGCGACCA-1,9458.0,7796.0,L4,1,0.45465424937703514,1,bisquare,8535,1.0,negbinomial,0.2842243727205218,True
ATGCCGGTCTTGCATA-1,8360.0,6356.0,L3,0,0.2786677324051736,1,bisquare,8535,1.0,negbinomial,0.2842243727205218,True
ATGCCGGTTGATGGGA-1,8914.0,4920.0,L3,0,0.35033524330330934,1,bisquare,8535,1.0,negbinomial,0.2842243727205218,True
ATGCGACAATTGGTCC-1,10705.0,4205.0,L3,0,0.22251442617984107,1,bisquare,8535,1.0,negbinomial,0.2842243727205218,True
ATGCGACAGTCCCATT-1,8083.0,6835.0,L3,0,0.332042699590892,1,bisquare,8535,1.0,negbinomial,0.2842243727205218,True
ATGCGAGTCCCACCAC-1,10352.0,8397.0,L4,1,0.3100669732143159,1,bisquare,8535,1.0,negbinomial,0.2842243727205218,True
ATGCTCAGTGTTGCAT-1,5195.0,5152.0,L3,0,0.17378546953463064,1,bisquare,8535,1.0,negbinomial,0.2842243727205218,True
ATGCTCTGGCGCGGTA-1,8422.0,9830.0,L6,3,0.16142565236709583,1,bisquare,8535,1.0,negbinomial,0.2842243727205218,True
ATGCTTAGGAGTTGAT-1,10901.0,9356.0,L5,2,0.4267723660979413,1,bisquare,8535,1.0,negbinomial,0.2842243727205218,True
ATGGAAATTTAAGGAG-1,3673.0,8982.0,L5,2,0.4816796267661838,1,bisquare,8535,1.0,negbinomial,0.2842243727205218,True
ATGGAACCTTTGCACA-1,11456.0,7201.0,L3,0,0.289507713539229,1,bisquare,8535,1.0,negbinomial,0.2842243727205218,True
ATGGACTGCTTAGTTG-1,5870.0,11622.0,WM,4,0.0893944520432093,1,bisquare,8535,1.0,negbinomial,0.2842243727205218,True
ATGGAGCAGGCCGTGA-1,7739.0,6954.0,L4,1,0.29524494190901,1,bisquare,8535,1.0,negbinomial,0.2842243727205218,True
ATGGATCCGGCGTCCG-1,8638.0,4919.0,L3,0,0.26076076801855747,1,bisquare,8535,1.0,negbinomial,0.2842243727205218,True
ATGGATTGACCAAACG-1,7397.0,5875.0,L3,0,0.26489516876569563,1,bisquare,8535,1.0,negbinomial,0.2842243727205218,True
ATGGCAGCATTACGAT-1,4427.0,10301.0,L6,3,0.23237600196900665,1,bisquare,8535,1.0,negbinomial,0.2842243727205218,True
ATGGCAGCCGAGAAAC-1,3815.0,6586.0,L3,0,0.44433001542804823,1,bisquare,8535,1.0,negbinomial,0.2842243727205218,True
ATGGCTGGAAATGGCC-1,9605.0,3723.0,L3,0,0.23006209210907075,1,bisquare,8535,1.0,negbinomial,0.2842243727205218,True
ATGGGACCTGCTGAAC-1,5323.0,9944.0,L6,3,0.25329253181589745,1,bisquare,8535,1.0,negbinomial,0.2842243727205218,True
ATGGGCCTCGGCCTCT-1,9458.0,8035.0,L4,1,0.37308630615486715,1,bisquare,8535,1.0,negbinomial,0.2842243727205218,True
ATGGGTGTATACCTCC-1,4840.0,10302.0,L6,3,0.25353895572533103,1,bisquare,8535,1.0,negbinomial,0.2842243727205218,True
ATGGTATTGGGAACCG-1,7386.0,11385.0,WM,4,0.20407123610592096,1,bisquare,8535,1.0,negbinomial,0.2842243727205218,True
ATGGTATTTACTGATT-1,4082.0,10899.0,L6,3,0.3063555109827285,1,bisquare,8535,1.0,negbinomial,0.2842243727205218,True
ATGGTCGCGTGGTTTC-1,9045.0,8035.0,L5,2,0.3646769490652408,1,bisquare,8535,1.0,negbinomial,0.2842243727205218,True
ATGGTTACGAAACATG-1,11189.0,3367.0,L3,0,0.268087503642269,1,bisquare,8535,1.0,negbinomial,0.2842243727205218,True
ATGTAAGGCTGCTCTT-1,10907.0,6481.0,L3,0,0.3253792204545879,1,bisquare,8535,1.0,negbinomial,0.2842243727205218,True
ATGTACATGCGGTGAG-1,10899.0,10315.0,L6,3,0.5522013292915071,1,bisquare,8535,1.0,negbinomial,0.2842243727205218,True
ATGTACGATGACGTCG-1,7594.0,10547.0,WM,4,0.24096122552335603,1,bisquare,8535,1.0,negbinomial,0.2842243727205218,True
ATGTAGCGCGCGTAGG-1,8144.0,10788.0,WM,4,0.1024966917975819,1,bisquare,8535,1.0,negbinomial,0.2842243727205218,True
ATGTCTTGTTTGACTC-1,5526.0,11501.0,WM,4,0.138953681824133,1,bisquare,8535,1.0,negbinomial,0.2842243727205218,True
ATGTGAAAGCCTAATG-1,4707.0,8145.0,L5,2,0.22338514132825693,1,bisquare,8535,1.0,negbinomial,0.2842243727205218,True
ATGTGCATCCGACGCA-1,7123.0,5395.0,L3,0,0.41282215593289834,1,bisquare,8535,1.0,negbinomial,0.2842243727205218,True
ATGTGGACATCTTGAT-1,8081.0,8272.0,L5,2,0.3932600559779515,1,bisquare,8535,1.0,negbinomial,0.2842243727205218,True
ATGTTACGAGCAATAC-1,5197.0,4433.0,L3,0,0.20097380423396943,1,bisquare,8535,1.0,negbinomial,0.2842243727205218,True
ATGTTCGTCGACCCAC-1,4159.0,6707.0,L3,0,0.4650633112508134,1,bisquare,8535,1.0,negbinomial,0.2842243727205218,True
ATGTTGATTAGAGACT-1,9521.0,10791.0,L6,3,0.11864428182180894,1,bisquare,8535,1.0,negbinomial,0.2842243727205218,True
ATGTTGTAGTCTGTTT-1,6424.0,10425.0,WM,4,0.17295967027220752,1,bisquare,8535,1.0,negbinomial,0.2842243727205218,True
ATGTTTGTAAGATCAT-1,10364.0,2886.0,L3,0,0.4745713380032842,1,bisquare,8535,1.0,negbinomial,0.2842243727205218,True
ATTAAACATGCGGACC-1,7255.0,7791.0,L5,2,0.19169184725612717,1,bisquare,8535,1.0,negbinomial,0.2842243727205218,True
ATTAATACTACGCGGG-1,7742.0,5277.0,L3,0,0.3157654758026263,1,bisquare,8535,1.0,negbinomial,0.2842243727205218,True
ATTAATGAACCAGTCG-1,8637.0,5398.0,L3,0,0.2691862918581996,1,bisquare,8535,1.0,negbinomial,0.2842243727205218,True
ATTAATTCGGTCACTC-1,7744.0,4318.0,L3,0,0.20904792086702856,1,bisquare,8535,1.0,negbinomial,0.2842243727205218,True
ATTACAACTACCGGCC-1,9191.0,3962.0,L3,0,0.21557858904143265,1,bisquare,8535,1.0,negbinomial,0.2842243727205218,True
ATTACATGTCAGTCTT-1,10627.0,8637.0,L4,1,0.3757227331648036,1,bisquare,8535,1.0,negbinomial,0.2842243727205218,True
ATTACCACACTGCCTG-1,11316.0,8399.0,L3,0,0.3383887951852086,1,bisquare,8535,1.0,negbinomial,0.2842243727205218,True
ATTACGACTCCACAGT-1,11530.0,4925.0,L3,0,0.2643107601917109,1,bisquare,8535,1.0,negbinomial,0.2842243727205218,True
ATTACGCGCTGGCAGG-1,5259.0,7428.0,L5,2,0.18763844551944825,1,bisquare,8535,1.0,negbinomial,0.2842243727205218,True
ATTACTAGCCTCTTGC-1,6229.0,4794.0,L3,0,0.32954835546657046,1,bisquare,8535,1.0,negbinomial,0.2842243727205218,True
ATTACTTACTGGGCAT-1,10083.0,5281.0,L3,0,0.18910872344141677,1,bisquare,8535,1.0,negbinomial,0.2842243727205218,True
ATTAGATTCCTCAGCA-1,10427.0,5642.0,L3,0,0.48414391663858236,1,bisquare,8535,1.0,negbinomial,0.2842243727205218,True
ATTAGATTGATAGCGG-1,6573.0,4915.0,L3,0,0.28170138452382737,1,bisquare,8535,1.0,negbinomial,0.2842243727205218,True
ATTAGGCGATGCTTTC-1,8083.0,7074.0,L4,1,0.26427049203186725,1,bisquare,8535,1.0,negbinomial,0.2842243727205218,True
ATTATACTTTGCTCGT-1,8570.0,4799.0,L3,0,0.2507298163919988,1,bisquare,8535,1.0,negbinomial,0.2842243727205218,True
ATTATAGCTACTTTAC-1,11113.0,6601.0,L3,0,0.32856606726765,1,bisquare,8535,1.0,negbinomial,0.2842243727205218,True
ATTATCGGAATGTACG-1,7111.0,10906.0,WM,4,0.17128678204155362,1,bisquare,8535,1.0,negbinomial,0.2842243727205218,True
ATTATCTCGACAGATC-1,7402.0,3479.0,L3,0,0.1434716125864662,1,bisquare,8535,1.0,negbinomial,0.2842243727205218,True
ATTATGAGACCCAATT-1,4014.0,10540.0,L6,3,0.2996177191105977,1,bisquare,8535,1.0,negbinomial,0.2842243727205218,True
ATTATGCCATAGGGAG-1,6848.0,5155.0,L3,0,0.29325787672994474,1,bisquare,8535,1.0,negbinomial,0.2842243727205218,True
ATTATTATGTCCGTCA-1,5737.0,9705.0,L6,3,0.11351641328860329,1,bisquare,8535,1.0,negbinomial,0.2842243727205218,True
ATTATTCAGAGTCACT-1,9866.0,10672.0,L6,3,0.1834531349548822,1,bisquare,8535,1.0,negbinomial,0.2842243727205218,True
ATTCAACCATTTAAGG-1,10074.0,9594.0,L5,2,0.24830769831969313,1,bisquare,8535,1.0,negbinomial,0.2842243727205218,True
ATTCACTGATGTTGGA-1,7872.0,9350.0,L6,3,0.2744514386202569,1,bisquare,8535,1.0,negbinomial,0.2842243727205218,True
ATTCAGGACCTATTTC-1,9946.0,5042.0,L3,0,0.191894336046837,1,bisquare,8535,1.0,negbinomial,0.2842243727205218,True
ATTCAGTAGCAGGGTC-1,4918.0,5870.0,L3,0,0.31152741118058386,1,bisquare,8535,1.0,negbinomial,0.2842243727205218,True
ATTCATATACTGTCCA-1,7323.0,8151.0,L5,2,0.16596004620237162,1,bisquare,8535,1.0,negbinomial,0.2842243727205218,True
ATTCATCGTTGAGGCA-1,9316.0,9952.0,L6,3,0.2831015905695264,1,bisquare,8535,1.0,negbinomial,0.2842243727205218,True
ATTCCCACATAAACAA-1,4850.0,5750.0,L3,0,0.32025965282600666,1,bisquare,8535,1.0,negbinomial,0.2842243727205218,True
ATTCCTAAGACGTGGA-1,10567.0,4444.0,L3,0,0.22708990044000077,1,bisquare,8535,1.0,negbinomial,0.2842243727205218,True
ATTCCTCCGCCAGTGC-1,5883.0,5393.0,L3,0,0.3047823804169436,1,bisquare,8535,1.0,negbinomial,0.2842243727205218,True
ATTCCTTCCAGGCGGT-1,4854.0,3833.0,L3,0,0.20944640125526337,1,bisquare,8535,1.0,negbinomial,0.2842243727205218,True
ATTCGACGCCGGGCCT-1,4985.0,6948.0,L5,2,0.301748962607698,1,bisquare,8535,1.0,negbinomial,0.2842243727205218,True
ATTCGCAGAGGACACT-1,11875.0,4327.0,L3,0,0.17888855960176517,1,bisquare,8535,1.0,negbinomial,0.2842243727205218,True
ATTCGCGCCTTGAGAG-1,10555.0,10434.0,L6,3,0.39871434856821997,1,bisquare,8535,1.0,negbinomial,0.2842243727205218,True
ATTCGTGCTATCTCTT-1,10767.0,7679.0,L3,0,0.555705099687329,1,bisquare,8535,1.0,negbinomial,0.2842243727205218,True
ATTCTCGTCTCTTTAG-1,6712.0,3957.0,L3,0,0.14847063546934522,1,bisquare,8535,1.0,negbinomial,0.2842243727205218,True
ATTCTGAGTATGAACT-1,9123.0,3363.0,L3,0,0.1421831906582412,1,bisquare,8535,1.0,negbinomial,0.2842243727205218,True
ATTCTTCGTACTTATG-1,9191.0,3722.0,L3,0,0.1626900674685679,1,bisquare,8535,1.0,negbinomial,0.2842243727205218,True
ATTGAAGATCTTAGTG-1,6570.0,6352.0,L4,1,0.24152726884673487,1,bisquare,8535,1.0,negbinomial,0.2842243727205218,True
ATTGACCGGCGATGAC-1,11048.0,5044.0,L3,0,0.22889885073967095,1,bisquare,8535,1.0,negbinomial,0.2842243727205218,True
ATTGACGTAACTCGGT-1,8159.0,3600.0,L3,0,0.14696187765184163,1,bisquare,8535,1.0,negbinomial,0.2842243727205218,True
ATTGATAGCAACGAGA-1,4716.0,4072.0,L3,0,0.16076121827055986,1,bisquare,8535,1.0,negbinomial,0.2842243727205218,True
ATTGATCACCACATTT-1,3742.0,8862.0,L5,2,0.1578369351768568,1,bisquare,8535,1.0,negbinomial,0.2842243727205218,True
ATTGATGAGTCCTAAC-1,10012.0,6599.0,L3,0,0.45289399912958667,1,bisquare,8535,1.0,negbinomial,0.2842243727205218,True
ATTGCCTATTAGACCG-1,4909.0,10662.0,L6,3,0.3069550153122289,1,bisquare,8535,1.0,negbinomial,0.2842243727205218,True
ATTGCCTTTATGTTTG-1,8971.0,10311.0,L6,3,0.1512034678919612,1,bisquare,8535,1.0,negbinomial,0.2842243727205218,True
ATTGCGATCAGTAACT-1,10007.0,8755.0,L5,2,0.2698378862279835,1,bisquare,8535,1.0,negbinomial,0.2842243727205218,True
ATTGCTGCTCCTCCAT-1,6156.0,6831.0,L5,2,0.3426190515445852,1,bisquare,8535,1.0,negbinomial,0.2842243727205218,True
ATTGGATTACAGCGTA-1,10213.0,9115.0,L5,2,0.25250979765807674,1,bisquare,8535,1.0,negbinomial,0.2842243727205218,True
ATTGGGAATATCTTGG-1,6781.0,4077.0,L3,0,0.25392305431453066,1,bisquare,8535,1.0,negbinomial,0.2842243727205218,True
ATTGGGAGTTCTGTAA-1,11051.0,3606.0,L3,0,0.2877270029915148,1,bisquare,8535,1.0,negbinomial,0.2842243727205218,True
ATTGGTAGGATCCGCT-1,3404.0,5627.0,L3,0,0.17362251662908423,1,bisquare,8535,1.0,negbinomial,0.2842243727205218,True
ATTGGTTGTGCATTAC-1,10484.0,11272.0,L6,3,0.22400632847770158,1,bisquare,8535,1.0,negbinomial,0.2842243727205218,True
ATTGTACAACTCGGCT-1,10287.0,6839.0,L3,0,0.37132667649044276,1,bisquare,8535,1.0,negbinomial,0.2842243727205218,True
ATTGTCGCAATACCTT-1,9052.0,4441.0,L3,0,0.21025601658394116,1,bisquare,8535,1.0,negbinomial,0.2842243727205218,True
ATTGTCTGTTTCATGT-1,6835.0,11145.0,WM,4,0.17093058139262418,1,bisquare,8535,1.0,negbinomial,0.2842243727205218,True
ATTGTGACTTCGCTGC-1,10706.0,3965.0,L3,0,0.18325910207417462,1,bisquare,8535,1.0,negbinomial,0.2842243727205218,True
ATTGTTCAACGATCCG-1,11659.0,8998.0,L4,1,0.32833129897617375,1,bisquare,8535,1.0,negbinomial,0.2842243727205218,True
ATTTAACTCGTATTAC-1,6781.0,4316.0,L3,0,0.2607509806515136,1,bisquare,8535,1.0,negbinomial,0.2842243727205218,True
ATTTACAGTTTACTGG-1,5813.0,6231.0,L4,1,0.17615993791932613,1,bisquare,8535,1.0,negbinomial,0.2842243727205218,True
ATTTACTAAGTCCATT-1,10838.0,6361.0,L3,0,0.2012098784863289,1,bisquare,8535,1.0,negbinomial,0.2842243727205218,True
ATTTATACTGGTAAAG-1,8349.0,11627.0,WM,4,0.15735216748906433,1,bisquare,8535,1.0,negbinomial,0.2842243727205218,True
ATTTCATTATTTCGCG-1,8571.0,4320.0,L3,0,0.2646740027248168,1,bisquare,8535,1.0,negbinomial,0.2842243727205218,True
ATTTCCGGGTTCTGCG-1,5600.0,9225.0,L6,3,0.2816917413485485,1,bisquare,8535,1.0,negbinomial,0.2842243727205218,True
ATTTGCGCGAGTAGCT-1,5325.0,8985.0,L6,3,0.20417408438544193,1,bisquare,8535,1.0,negbinomial,0.2842243727205218,True
ATTTGTCTTGGGAGCT-1,8977.0,7435.0,L4,1,0.22807924933371757,1,bisquare,8535,1.0,negbinomial,0.2842243727205218,True
ATTTGTTCCAGGGCTC-1,8087.0,4918.0,L3,0,0.2321656303236402,1,bisquare,8535,1.0,negbinomial,0.2842243727205218,True
CAAACCAGGTCTGCAT-1,3195.0,6944.0,L3,0,0.16938958796322626,1,bisquare,8535,1.0,negbinomial,0.2842243727205218,True
CAAACCCTCCGGCGGG-1,8006.0,11027.0,WM,4,0.18117081957851885,1,bisquare,8535,1.0,negbinomial,0.2842243727205218,True
CAAACGAGTATCGCAG-1,6428.0,8269.0,L6,3,0.30536290497360385,1,bisquare,8535,1.0,negbinomial,0.2842243727205218,True
CAAACGGTCGCACTTT-1,5950.0,6231.0,L4,1,0.3570455438744907,1,bisquare,8535,1.0,negbinomial,0.2842243727205218,True
CAAACTACGATAGAGA-1,8984.0,4081.0,L3,0,0.2970189184973126,1,bisquare,8535,1.0,negbinomial,0.2842243727205218,True
CAAACTATTGAGCTTC-1,8365.0,3960.0,L3,0,0.28651863133356864,1,bisquare,8535,1.0,negbinomial,0.2842243727205218,True
CAAACTCGCGACGCCG-1,10835.0,8038.0,L3,0,0.5640587999617284,1,bisquare,8535,1.0,negbinomial,0.2842243727205218,True
CAAAGATTATTGGGCC-1,5256.0,9345.0,L6,3,0.5274414109970238,1,bisquare,8535,1.0,negbinomial,0.2842243727205218,True
CAAAGGTTAAATTCAG-1,11120.0,3247.0,L3,0,0.4108073948568024,1,bisquare,8535,1.0,negbinomial,0.2842243727205218,True
CAAATCTCTCACAAGG-1,4845.0,7906.0,L5,2,0.22960133616130043,1,bisquare,8535,1.0,negbinomial,0.2842243727205218,True
CAAATGTCCTTCCGTG-1,6842.0,8030.0,L6,3,0.22228638892612343,1,bisquare,8535,1.0,negbinomial,0.2842243727205218,True
CAAATTGGATTATGCC-1,11185.0,5284.0,L3,0,0.2459524689179521,1,bisquare,8535,1.0,negbinomial,0.2842243727205218,True
CAAATTGTCAGCAAGC-1,7814.0,4199.0,L3,0,0.4027990830835163,1,bisquare,8535,1.0,negbinomial,0.2842243727205218,True
CAACACATCTCCTGCC-1,11458.0,6482.0,L3,0,0.16929285877501493,1,bisquare,8535,1.0,negbinomial,0.2842243727205218,True
CAACCAGTGGCCTACC-1,11106.0,9956.0,L5,2,0.20074506220325775,1,bisquare,8535,1.0,negbinomial,0.2842243727205218,True
CAACCTACCGAGCAGT-1,10280.0,9954.0,L6,3,0.5632633393663828,1,bisquare,8535,1.0,negbinomial,0.2842243727205218,True
CAACCTGAACCTGCCA-1,11666.0,5644.0,L3,0,0.22217363503891022,1,bisquare,8535,1.0,negbinomial,0.2842243727205218,True
CAACGACCCGTTTACA-1,6641.0,5035.0,L3,0,0.2176484852860263,1,bisquare,8535,1.0,negbinomial,0.2842243727205218,True
CAACGCGATGAGCCAA-1,5664.0,11502.0,WM,4,0.18160149455915897,1,bisquare,8535,1.0,negbinomial,0.2842243727205218,True
CAACGGTTCTTGATAC-1,5816.0,4793.0,L3,0,0.19054336524514642,1,bisquare,8535,1.0,negbinomial,0.2842243727205218,True
CAACGTGGTGGAGTCT-1,10970.0,9237.0,L5,2,0.21724283685976592,1,bisquare,8535,1.0,negbinomial,0.2842243727205218,True
CAACTATATCGAATGC-1,8639.0,4440.0,L3,0,0.23139074365031717,1,bisquare,8535,1.0,negbinomial,0.2842243727205218,True
CAACTCCGTAACTTGC-1,11394.0,4206.0,L3,0,0.2860004379588077,1,bisquare,8535,1.0,negbinomial,0.2842243727205218,True
CAACTCCTTGATCCCG-1,6366.0,4795.0,L3,0,0.20899768848399003,1,bisquare,8535,1.0,negbinomial,0.2842243727205218,True
CAACTGAGGGTATGAC-1,11463.0,3847.0,L3,0,0.14559476552361417,1,bisquare,8535,1.0,negbinomial,0.2842243727205218,True
CAACTGCTCATCCGAT-1,6976.0,9707.0,WM,4,0.4370917331511673,1,bisquare,8535,1.0,negbinomial,0.2842243727205218,True
CAACTTGTAGTGGGCA-1,6024.0,3716.0,L3,0,0.1765933672427375,1,bisquare,8535,1.0,negbinomial,0.2842243727205218,True
CAAGAAACCCTAAACT-1,11533.0,3488.0,L3,0,0.13862949865041227,1,bisquare,8535,1.0,negbinomial,0.2842243727205218,True
CAAGAGGGCGGAGTAC-1,8287.0,8153.0,L5,2,0.24627718911286772,1,bisquare,8535,1.0,negbinomial,0.2842243727205218,True
CAAGATATTATAACGT-1,9320.0,8035.0,L4,1,0.45576465884272926,1,bisquare,8535,1.0,negbinomial,0.2842243727205218,True
CAAGCAACGTCGGAGT-1,5812.0,6471.0,L4,1,0.2810465702225681,1,bisquare,8535,1.0,negbinomial,0.2842243727205218,True
CAAGCACCAAATGCCT-1,7743.0,4797.0,L3,0,0.2800729043010048,1,bisquare,8535,1.0,negbinomial,0.2842243727205218,True
CAAGCGGCACATAATT-1,8148.0,9111.0,L6,3,0.411386532215139,1,bisquare,8535,1.0,negbinomial,0.2842243727205218,True
CAAGGATCGCATGTTC-1,7876.0,7433.0,L5,2,0.2693489807252816,1,bisquare,8535,1.0,negbinomial,0.2842243727205218,True
CAAGGCCAGTGGTGCA-1,10072.0,10552.0,L6,3,0.1827554762480413,1,bisquare,8535,1.0,negbinomial,0.2842243727205218,True
CAAGGTCCTATAGGCT-1,10769.0,6720.0,L3,0,0.2904843680666366,1,bisquare,8535,1.0,negbinomial,0.2842243727205218,True
CAAGTAAGTGATAGAC-1,6836.0,10905.0,WM,4,0.20210805681296937,1,bisquare,8535,1.0,negbinomial,0.2842243727205218,True
CAAGTGTGGTTGCAAA-1,9666.0,7437.0,L3,0,0.3724180968662323,1,bisquare,8535,1.0,negbinomial,0.2842243727205218,True
CAATAAACCTTGGCCC-1,8292.0,5757.0,L3,0,0.5303744555006524,1,bisquare,8535,1.0,negbinomial,0.2842243727205218,True
CAATACGAGAGTCTGA-1,11455.0,7920.0,L3,0,0.395321765153383,1,bisquare,8535,1.0,negbinomial,0.2842243727205218,True
CAATACGCTCTGAGGC-1,3883.0,7425.0,L4,1,0.17988418104300632,1,bisquare,8535,1.0,negbinomial,0.2842243727205218,True
CAATATGTAGATTTAC-1,10432.0,3246.0,L3,0,0.41971213456640527,1,bisquare,8535,1.0,negbinomial,0.2842243727205218,True
CAATATTCTTGACCTA-1,5945.0,9106.0,L6,3,0.41092169919520577,1,bisquare,8535,1.0,negbinomial,0.2842243727205218,True
CAATCCCTATACCAGC-1,9260.0,4082.0,L3,0,0.32495094957430726,1,bisquare,8535,1.0,negbinomial,0.2842243727205218,True
CAATCCTGCCGTGGAG-1,4853.0,4312.0,L3,0,0.17214961801703596,1,bisquare,8535,1.0,negbinomial,0.2842243727205218,True
CAATGACCCTTAATTT-1,7110.0,11385.0,WM,4,0.2908799162294654,1,bisquare,8535,1.0,negbinomial,0.2842243727205218,True
CAATGAGGTTCGACTA-1,11390.0,6123.0,L3,0,0.1864004832846542,1,bisquare,8535,1.0,negbinomial,0.2842243727205218,True
CAATGCGAGAAGTATC-1,8836.0,9112.0,L6,3,0.37407819400855824,1,bisquare,8535,1.0,negbinomial,0.2842243727205218,True
CAATGGAATCTACATA-1,9467.0,3723.0,L3,0,0.2540829431433086,1,bisquare,8535,1.0,negbinomial,0.2842243727205218,True
CAATGGATCTCTACCA-1,9118.0,5998.0,L3,0,0.19792278746652944,1,bisquare,8535,1.0,negbinomial,0.2842243727205218,True
CAATGTGCCAACCCTT-1,11112.0,7081.0,L3,0,0.40779604234801453,1,bisquare,8535,1.0,negbinomial,0.2842243727205218,True
CAATTAAGGGTGATGA-1,7672.0,6115.0,L3,0,0.3868188004688218,1,bisquare,8535,1.0,negbinomial,0.2842243727205218,True
CAATTTCGTATAAGGG-1,7532.0,7073.0,L5,2,0.49984271235796707,1,bisquare,8535,1.0,negbinomial,0.2842243727205218,True
CACAAGAAAGATATTA-1,10911.0,4325.0,L3,0,0.247112356292941,1,bisquare,8535,1.0,negbinomial,0.2842243727205218,True
CACAAGCTAAGAAAGG-1,4220.0,10660.0,L6,3,0.28917360578574425,1,bisquare,8535,1.0,negbinomial,0.2842243727205218,True
CACAATGAGCTGCTAT-1,6636.0,7670.0,L5,2,0.18904449659847786,1,bisquare,8535,1.0,negbinomial,0.2842243727205218,True
CACACACGCTAACGAG-1,10282.0,9235.0,L5,2,0.24201017518447082,1,bisquare,8535,1.0,negbinomial,0.2842243727205218,True
CACACAGCTTGCGCTC-1,11110.0,8278.0,L3,0,0.3567535265220023,1,bisquare,8535,1.0,negbinomial,0.2842243727205218,True
CACACAGGGATAGATT-1,5057.0,5630.0,L3,0,0.2903509047756103,1,bisquare,8535,1.0,negbinomial,0.2842243727205218,True
CACACGCGCTGTCTTA-1,9323.0,6598.0,L3,0,0.3320891390582373,1,bisquare,8535,1.0,negbinomial,0.2842243727205218,True
CACACGTTTCAATGGG-1,9330.0,3243.0,L3,0,0.23557477289046855,1,bisquare,8535,1.0,negbinomial,0.2842243727205218,True
CACACTTGTATTGCGA-1,11188.0,3846.0,L3,0,0.24115933776285062,1,bisquare,8535,1.0,negbinomial,0.2842243727205218,True
CACAGAGACGAGGACG-1,4565.0,10301.0,L6,3,0.3556803698102203,1,bisquare,8535,1.0,negbinomial,0.2842243727205218,True
CACAGCACCCACGGCA-1,7258.0,6354.0,L3,0,0.3180755983806729,1,bisquare,8535,1.0,negbinomial,0.2842243727205218,True
CACAGCTAGGGAGTGA-1,7330.0,5036.0,L3,0,0.2706823932999473,1,bisquare,8535,1.0,negbinomial,0.2842243727205218,True
CACAGGGCCATATAGT-1,9868.0,9474.0,L5,2,0.38332097688105143,1,bisquare,8535,1.0,negbinomial,0.2842243727205218,True
CACAGGGCCGTTGTCA-1,7319.0,10068.0,WM,4,0.19676831542502757,1,bisquare,8535,1.0,negbinomial,0.2842243727205218,True
CACAGTCCCGCTTCGC-1,10900.0,9835.0,L5,2,0.207203380749676,1,bisquare,8535,1.0,negbinomial,0.2842243727205218,True
CACAGTTCGCTTCCCA-1,11039.0,9117.0,L5,2,0.26339748208504044,1,bisquare,8535,1.0,negbinomial,0.2842243727205218,True
CACATATTAGCAGGAT-1,8218.0,8272.0,L5,2,0.2810835336508092,1,bisquare,8535,1.0,negbinomial,0.2842243727205218,True
CACATCGTGCACGCGC-1,5805.0,9825.0,L6,3,0.10603352799000296,1,bisquare,8535,1.0,negbinomial,0.2842243727205218,True
CACATCTCACCGACGA-1,8353.0,9471.0,L6,3,0.311344719188251,1,bisquare,8535,1.0,negbinomial,0.2842243727205218,True
CACATGATTCAGCAAC-1,7601.0,7193.0,L5,2,0.3862365557143426,1,bisquare,8535,1.0,negbinomial,0.2842243727205218,True
CACATGTTTGGACATG-1,4441.0,3832.0,L3,0,0.23889917161256943,1,bisquare,8535,1.0,negbinomial,0.2842243727205218,True
CACATTCTTTCGATGG-1,9396.0,4801.0,L3,0,0.17974329184062168,1,bisquare,8535,1.0,negbinomial,0.2842243727205218,True
CACATTTCTTGTCAGA-1,10629.0,7918.0,L3,0,0.5533981765174166,1,bisquare,8535,1.0,negbinomial,0.2842243727205218,True
CACCACGCCACACAGA-1,3745.0,7425.0,L4,1,0.19702826353874228,1,bisquare,8535,1.0,negbinomial,0.2842243727205218,True
CACCAGTCAGCATGCA-1,4704.0,9823.0,L6,3,0.29875647682164425,1,bisquare,8535,1.0,negbinomial,0.2842243727205218,True
CACCATCGGAGGAGAC-1,7401.0,3958.0,L3,0,0.1710954584002294,1,bisquare,8535,1.0,negbinomial,0.2842243727205218,True
CACCATGATCGCAAAG-1,11050.0,4086.0,L3,0,0.31701645189802075,1,bisquare,8535,1.0,negbinomial,0.2842243727205218,True
CACCCAAATCTTATGT-1,10424.0,6840.0,L3,0,0.5257013274106267,1,bisquare,8535,1.0,negbinomial,0.2842243727205218,True
CACCCACACGTCACCC-1,6160.0,4674.0,L3,0,0.23821011823453073,1,bisquare,8535,1.0,negbinomial,0.2842243727205218,True
CACCCACGAGGCAATT-1,9120.0,5040.0,L3,0,0.5213633758157898,1,bisquare,8535,1.0,negbinomial,0.2842243727205218,True
CACCCGGTTTGTGACT-1,5876.0,8986.0,L6,3,0.28044790402273695,1,bisquare,8535,1.0,negbinomial,0.2842243727205218,True
CACCCTAACAAGATCT-1,8698.0,9352.0,L6,3,0.5643604121975986,1,bisquare,8535,1.0,negbinomial,0.2842243727205218,True
CACCCTTGGTGAGACC-1,4293.0,8624.0,L5,2,0.1643604975851398,1,bisquare,8535,1.0,negbinomial,0.2842243727205218,True
CACCCTTTCCTCGCTC-1,5956.0,3596.0,L3,0,0.14510602307526274,1,bisquare,8535,1.0,negbinomial,0.2842243727205218,True
CACCGATACACCGAGC-1,8985.0,3842.0,L3,0,0.3314397876568352,1,bisquare,8535,1.0,negbinomial,0.2842243727205218,True
CACCGCCAGAAGGTTT-1,7259.0,5875.0,L3,0,0.43969662397939796,1,bisquare,8535,1.0,negbinomial,0.2842243727205218,True
CACCGCCGACCAGCGA-1,7815.0,3719.0,L3,0,0.15048279210283463,1,bisquare,8535,1.0,negbinomial,0.2842243727205218,True
CACCGCGTCCACTCTA-1,10360.0,4563.0,L3,0,0.2226357229653187,1,bisquare,8535,1.0,negbinomial,0.2842243727205218,True
CACCGGAGATATCTCC-1,9605.0,3484.0,L3,0,0.23099395359771532,1,bisquare,8535,1.0,negbinomial,0.2842243727205218,True
CACCGGGCATCACAAG-1,9658.0,11270.0,WM,4,0.4785956953056262,1,bisquare,8535,1.0,negbinomial,0.2842243727205218,True
CACCGGTAGAGACATT-1,4289.0,10540.0,L6,3,0.1907443107516563,1,bisquare,8535,1.0,negbinomial,0.2842243727205218,True
CACCGTATCCCATCCG-1,10351.0,8876.0,L5,2,0.30541797418429145,1,bisquare,8535,1.0,negbinomial,0.2842243727205218,True
CACCGTTAGGGATCAC-1,5738.0,8986.0,L6,3,0.29629634903214846,1,bisquare,8535,1.0,negbinomial,0.2842243727205218,True
CACCGTTGCGCGATAT-1,5189.0,8266.0,L5,2,0.26713068083841623,1,bisquare,8535,1.0,negbinomial,0.2842243727205218,True
CACCTAATAGAGTCGT-1,4921.0,4672.0,L3,0,0.30350474409142847,1,bisquare,8535,1.0,negbinomial,0.2842243727205218,True
CACCTAATCAGTTTAC-1,8156.0,5038.0,L3,0,0.2966513242915811,1,bisquare,8535,1.0,negbinomial,0.2842243727205218,True
CACCTCGATGGTGGAC-1,8019.0,4798.0,L3,0,0.17073048778606284,1,bisquare,8535,1.0,negbinomial,0.2842243727205218,True
CACCTTGCGAAACTCG-1,8981.0,5519.0,L3,0,0.2666849908225287,1,bisquare,8535,1.0,negbinomial,0.2842243727205218,True
CACCTTGGCGCCTTTG-1,10285.0,7798.0,L3,0,0.5545772882129701,1,bisquare,8535,1.0,negbinomial,0.2842243727205218,True
CACGAAAGTTAGTCCC-1,5192.0,6589.0,L4,1,0.3016885261095486,1,bisquare,8535,1.0,negbinomial,0.2842243727205218,True
CACGACGTAATAGTAA-1,10500.0,3366.0,L3,0,0.33252676360977357,1,bisquare,8535,1.0,negbinomial,0.2842243727205218,True
CACGAGCAAACCAGAC-1,4700.0,11500.0,L6,3,0.12613757359658967,1,bisquare,8535,1.0,negbinomial,0.2842243727205218,True
CACGCACAGCGCAGCT-1,8155.0,5517.0,L3,0,0.4544052949141593,1,bisquare,8535,1.0,negbinomial,0.2842243727205218,True
CACGCAGCGAGGCTTT-1,6157.0,6352.0,L4,1,0.25361199817364205,1,bisquare,8535,1.0,negbinomial,0.2842243727205218,True
CACGCGGAACTGTTGC-1,9941.0,7677.0,L3,0,0.351395643630321,1,bisquare,8535,1.0,negbinomial,0.2842243727205218,True
CACGGACGTGGATGGC-1,11666.0,5405.0,L3,0,0.29381834470737794,1,bisquare,8535,1.0,negbinomial,0.2842243727205218,True
CACGGCGCGCCAAAGG-1,10292.0,4443.0,L3,0,0.27019574901520366,1,bisquare,8535,1.0,negbinomial,0.2842243727205218,True
CACGGGATTGAGGGTT-1,3954.0,6347.0,L3,0,0.22560087107708288,1,bisquare,8535,1.0,negbinomial,0.2842243727205218,True
CACGTCAATCAATGGA-1,11175.0,10076.0,L5,2,0.251407831747783,1,bisquare,8535,1.0,negbinomial,0.2842243727205218,True
CACGTCGGCAACCTCT-1,5739.0,8507.0,L6,3,0.2986787004405269,1,bisquare,8535,1.0,negbinomial,0.2842243727205218,True
CACGTCTATGATGTGG-1,9743.0,3484.0,L3,0,0.17764603041774252,1,bisquare,8535,1.0,negbinomial,0.2842243727205218,True
CACGTTCGTGCTCTAG-1,8771.0,7076.0,L3,0,0.35609275301705895,1,bisquare,8535,1.0,negbinomial,0.2842243727205218,True
CACGTTTCGTACACAC-1,9455.0,9233.0,L5,2,0.3129239813741355,1,bisquare,8535,1.0,negbinomial,0.2842243727205218,True
CACTAAAGTTGCCTAT-1,6707.0,6832.0,L5,2,0.42805816422176884,1,bisquare,8535,1.0,negbinomial,0.2842243727205218,True
CACTACGGGAGCTGCC-1,10556.0,9715.0,L5,2,0.3321124035485737,1,bisquare,8535,1.0,negbinomial,0.2842243727205218,True
CACTCAAGAGCTATGG-1,7119.0,7312.0,L5,2,0.42205333547122653,1,bisquare,8535,1.0,negbinomial,0.2842243727205218,True
CACTCAGCTCTTGAGG-1,8089.0,3960.0,L3,0,0.1834247374891257,1,bisquare,8535,1.0,negbinomial,0.2842243727205218,True
CACTCCTATGTAAGAT-1,5669.0,9345.0,L6,3,0.18714817303417244,1,bisquare,8535,1.0,negbinomial,0.2842243727205218,True
CACTCCTCTCGGTCGG-1,9190.0,4441.0,L3,0,0.33342655419608214,1,bisquare,8535,1.0,negbinomial,0.2842243727205218,True
CACTCGAGCTGAACAA-1,8287.0,8392.0,L5,2,0.2470692970504014,1,bisquare,8535,1.0,negbinomial,0.2842243727205218,True
CACTCGGTTAGGAGGA-1,4090.0,6826.0,L3,0,0.3603835402897418,1,bisquare,8535,1.0,negbinomial,0.2842243727205218,True
CACTCTCAAGCATCGA-1,6423.0,10904.0,WM,4,0.17668955974630093,1,bisquare,8535,1.0,negbinomial,0.2842243727205218,True
CACTCTTCTGCTAGCC-1,10143.0,9714.0,L5,2,0.3440568004681909,1,bisquare,8535,1.0,negbinomial,0.2842243727205218,True
CACTGACGATTGTGGA-1,6699.0,10426.0,WM,4,0.2200566806855059,1,bisquare,8535,1.0,negbinomial,0.2842243727205218,True
CACTGTCCAAGTGAGA-1,6160.0,4914.0,L3,0,0.22748887627722797,1,bisquare,8535,1.0,negbinomial,0.2842243727205218,True
CACTTAATCAGACGGA-1,6500.0,6712.0,L5,2,0.268402529481069,1,bisquare,8535,1.0,negbinomial,0.2842243727205218,True
CACTTCGCCACAGGCT-1,5333.0,5152.0,L3,0,0.3006332278828051,1,bisquare,8535,1.0,negbinomial,0.2842243727205218,True
CACTTCGTCTTATCTC-1,4164.0,4311.0,L3,0,0.12936538307613493,1,bisquare,8535,1.0,negbinomial,0.2842243727205218,True
CAGAACTTAGCCCTCT-1,9043.0,8993.0,L5,2,0.24896088255663895,1,bisquare,8535,1.0,negbinomial,0.2842243727205218,True
CAGAATAACACACGGA-1,10832.0,9236.0,L5,2,0.44677567086853426,1,bisquare,8535,1.0,negbinomial,0.2842243727205218,True
CAGACACCGATCGCTG-1,6702.0,8988.0,L6,3,0.27188190771916115,1,bisquare,8535,1.0,negbinomial,0.2842243727205218,True
CAGACCTGTAAGTGTT-1,10012.0,6359.0,L3,0,0.2971193457630647,1,bisquare,8535,1.0,negbinomial,0.2842243727205218,True
CAGACGAACCTGATAC-1,6634.0,8629.0,L6,3,0.2448892174990576,1,bisquare,8535,1.0,negbinomial,0.2842243727205218,True
CAGAGACGGTCACCCA-1,7116.0,8749.0,L6,3,0.46108189829561186,1,bisquare,8535,1.0,negbinomial,0.2842243727205218,True
CAGAGCATGAGCTTGC-1,8017.0,5756.0,L3,0,0.24294703546564148,1,bisquare,8535,1.0,negbinomial,0.2842243727205218,True
CAGAGGCGATGCATGA-1,6495.0,9107.0,L6,3,0.21802694776621498,1,bisquare,8535,1.0,negbinomial,0.2842243727205218,True
CAGAGTGATTTAACGT-1,7952.0,3720.0,L3,0,0.1809442453712014,1,bisquare,8535,1.0,negbinomial,0.2842243727205218,True
CAGATAATGGGCGGGT-1,10210.0,10553.0,L6,3,0.1653656886899361,1,bisquare,8535,1.0,negbinomial,0.2842243727205218,True
CAGATACTAACATAGT-1,6365.0,5753.0,L3,0,0.49908880156131014,1,bisquare,8535,1.0,negbinomial,0.2842243727205218,True
CAGATATGAAGATGAC-1,4496.0,10661.0,L6,3,0.20511636891908358,1,bisquare,8535,1.0,negbinomial,0.2842243727205218,True
CAGATCATTTAAAGTC-1,10634.0,5283.0,L3,0,0.34229078300060367,1,bisquare,8535,1.0,negbinomial,0.2842243727205218,True
CAGATCCTGGTTTGAA-1,4361.0,9223.0,L5,2,0.17446035089251785,1,bisquare,8535,1.0,negbinomial,0.2842243727205218,True
CAGCAGCCCGTTCCTT-1,8567.0,5997.0,L3,0,0.26896018295295754,1,bisquare,8535,1.0,negbinomial,0.2842243727205218,True
CAGCAGTCCAGACTAT-1,10076.0,8636.0,L5,2,0.3117777786899513,1,bisquare,8535,1.0,negbinomial,0.2842243727205218,True
CAGCAGTCTGTGCTGC-1,8283.0,10070.0,WM,4,0.38580057828880343,1,bisquare,8535,1.0,negbinomial,0.2842243727205218,True
CAGCCGGGCCCTCTAT-1,9053.0,3962.0,L3,0,0.5241501301547671,1,bisquare,8535,1.0,negbinomial,0.2842243727205218,True
CAGCCTCCTGCAGAGG-1,8500.0,5398.0,L3,0,0.2813344433363066,1,bisquare,8535,1.0,negbinomial,0.2842243727205218,True
CAGCCTCGATAGCGGT-1,11657.0,10196.0,L5,2,0.19914509206648842,1,bisquare,8535,1.0,negbinomial,0.2842243727205218,True
CAGCCTCTCCTCAAGA-1,9741.0,4442.0,L3,0,0.19286932376502722,1,bisquare,8535,1.0,negbinomial,0.2842243727205218,True
CAGCGATTCCCTTCAA-1,6151.0,8987.0,L6,3,0.25381011128770503,1,bisquare,8535,1.0,negbinomial,0.2842243727205218,True
CAGCGCCAACACGATA-1,3539.0,7065.0,L3,0,0.18949065126960948,1,bisquare,8535,1.0,negbinomial,0.2842243727205218,True
CAGCTCACTGAGACAT-1,7258.0,6593.0,L4,1,0.232693162332212,1,bisquare,8535,1.0,negbinomial,0.2842243727205218,True
CAGCTCGACAAGTTAA-1,9393.0,5999.0,L3,0,0.45029517733989854,1,bisquare,8535,1.0,negbinomial,0.2842243727205218,True
CAGCTCGTGCTTGTGT-1,6092.0,4315.0,L3,0,0.17604388885190633,1,bisquare,8535,1.0,negbinomial,0.2842243727205218,True
CAGCTCTGGGCTCACT-1,5596.0,11382.0,WM,4,0.16810459214093704,1,bisquare,8535,1.0,negbinomial,0.2842243727205218,True
CAGCTGGCGTAACCGT-1,4707.0,8385.0,L5,2,0.2585167373687603,1,bisquare,8535,1.0,negbinomial,0.2842243727205218,True
CAGCTTAGTAGGTAGC-1,5124.0,6469.0,L4,1,0.28564791015566987,1,bisquare,8535,1.0,negbinomial,0.2842243727205218,True
CAGGAAGACTTTATAT-1,9053.0,4201.0,L3,0,0.22086962612420005,1,bisquare,8535,1.0,negbinomial,0.2842243727205218,True
CAGGATATATCGTTGT-1,7324.0,7911.0,L5,2,0.17408612368470164,1,bisquare,8535,1.0,negbinomial,0.2842243727205218,True
CAGGCAGTCTTACCAG-1,9040.0,10430.0,L6,3,0.17859859941875758,1,bisquare,8535,1.0,negbinomial,0.2842243727205218,True
CAGGCCAGTACCACCT-1,4357.0,11140.0,L6,3,0.31726414529364316,1,bisquare,8535,1.0,negbinomial,0.2842243727205218,True
CAGGCCGTTTGGGTGT-1,6155.0,7310.0,L5,2,0.3759398078567586,1,bisquare,8535,1.0,negbinomial,0.2842243727205218,True
CAGGCGCACGGTGGTC-1,5118.0,9344.0,L6,3,0.28275642951835794,1,bisquare,8535,1.0,negbinomial,0.2842243727205218,True
CAGGCGCCATGCTAGG-1,8218.0,8512.0,L5,2,0.27066488013757,1,bisquare,8535,1.0,negbinomial,0.2842243727205218,True
CAGGGAGATAGGCCAG-1,4425.0,11499.0,L6,3,0.16289718518333496,1,bisquare,8535,1.0,negbinomial,0.2842243727205218,True
CAGGTTTAGTACTACA-1,11807.0,4207.0,L3,0,0.20088643440689233,1,bisquare,8535,1.0,negbinomial,0.2842243727205218,True
CAGTAACTATTTATTG-1,10153.0,4922.0,L3,0,0.17746944886320368,1,bisquare,8535,1.0,negbinomial,0.2842243727205218,True
CAGTAATCCCTCCCAG-1,4920.0,5151.0,L3,0,0.24865644905702394,1,bisquare,8535,1.0,negbinomial,0.2842243727205218,True
CAGTACATTCTCTAAA-1,10221.0,5042.0,L3,0,0.4311537451584726,1,bisquare,8535,1.0,negbinomial,0.2842243727205218,True
CAGTACCAGTTTACGT-1,4431.0,8384.0,L5,2,0.18925139485602702,1,bisquare,8535,1.0,negbinomial,0.2842243727205218,True
CAGTAGCCCACGCGGT-1,9463.0,5640.0,L3,0,0.41604107017089076,1,bisquare,8535,1.0,negbinomial,0.2842243727205218,True
CAGTCCAACGCCTTCT-1,11464.0,3607.0,L3,0,0.16872048251232233,1,bisquare,8535,1.0,negbinomial,0.2842243727205218,True
CAGTCGAGGATGCAAT-1,10014.0,5641.0,L3,0,0.24321920049926335,1,bisquare,8535,1.0,negbinomial,0.2842243727205218,True
CAGTCTGTATACTGGG-1,7738.0,7673.0,L5,2,0.18180204186234494,1,bisquare,8535,1.0,negbinomial,0.2842243727205218,True
CAGTGAATAAATGACT-1,8912.0,5638.0,L3,0,0.24214355638856339,1,bisquare,8535,1.0,negbinomial,0.2842243727205218,True
CAGTGGTTGCACATGA-1,4715.0,4552.0,L3,0,0.22329292435251505,1,bisquare,8535,1.0,negbinomial,0.2842243727205218,True
CAGTGTCCGCAGAATG-1,5748.0,4434.0,L3,0,0.18116410820240747,1,bisquare,8535,1.0,negbinomial,0.2842243727205218,True
CAGTGTCGGCTGGCCC-1,9525.0,8874.0,L5,2,0.33602644089189915,1,bisquare,8535,1.0,negbinomial,0.2842243727205218,True
CAGTGTTAATCTCTCA-1,4288.0,11020.0,L6,3,0.19484121335611573,1,bisquare,8535,1.0,negbinomial,0.2842243727205218,True
CAGTTCAAATTGACAC-1,6708.0,6113.0,L3,0,0.2608412399982495,1,bisquare,8535,1.0,negbinomial,0.2842243727205218,True
CAGTTCCGCGGGTCGA-1,4988.0,5750.0,L3,0,0.35378899330627656,1,bisquare,8535,1.0,negbinomial,0.2842243727205218,True
CAGTTCGAGGACCCGA-1,6560.0,10905.0,WM,4,0.1674200770464508,1,bisquare,8535,1.0,negbinomial,0.2842243727205218,True
CATAACGGACAGTCGT-1,9667.0,6958.0,L3,0,0.4918361781138952,1,bisquare,8535,1.0,negbinomial,0.2842243727205218,True
CATAAGAAGCTTGGCT-1,8147.0,9590.0,L6,3,0.2241179373393903,1,bisquare,8535,1.0,negbinomial,0.2842243727205218,True
CATAAGCTCTCCGTCT-1,4157.0,7665.0,L5,2,0.20445149674643942,1,bisquare,8535,1.0,negbinomial,0.2842243727205218,True
CATACAAAGCCGAACC-1,5610.0,4194.0,L3,0,0.15661163345952825,1,bisquare,8535,1.0,negbinomial,0.2842243727205218,True
CATACACGGTTCCCAC-1,6975.0,9947.0,WM,4,0.44344651237259813,1,bisquare,8535,1.0,negbinomial,0.2842243727205218,True
CATACCCGTACCCAGT-1,5329.0,7069.0,L5,2,0.3000622044208573,1,bisquare,8535,1.0,negbinomial,0.2842243727205218,True
CATACGAACTAGCTGG-1,5322.0,10423.0,WM,4,0.5614822827177653,1,bisquare,8535,1.0,negbinomial,0.2842243727205218,True
CATACGGCGTCTGGGC-1,7532.0,7313.0,L5,2,0.23835267500474352,1,bisquare,8535,1.0,negbinomial,0.2842243727205218,True
CATACTATGTAATTGT-1,6500.0,6951.0,L5,2,0.31871282722189714,1,bisquare,8535,1.0,negbinomial,0.2842243727205218,True
CATACTTAGGCAATAC-1,10975.0,7080.0,L3,0,0.3082590928580555,1,bisquare,8535,1.0,negbinomial,0.2842243727205218,True
CATACTTCTTTCTCCG-1,6767.0,10785.0,WM,4,0.1823201610025353,1,bisquare,8535,1.0,negbinomial,0.2842243727205218,True
CATAGAGGAGATACTA-1,9177.0,10910.0,WM,4,0.32322993930803556,1,bisquare,8535,1.0,negbinomial,0.2842243727205218,True
CATAGCCGCCCGGGAT-1,4712.0,5750.0,L3,0,0.23394719354442073,1,bisquare,8535,1.0,negbinomial,0.2842243727205218,True
CATAGCGTTGCCCACC-1,6082.0,9107.0,L6,3,0.23001030412773021,1,bisquare,8535,1.0,negbinomial,0.2842243727205218,True
CATAGTACATTGAGAG-1,8501.0,4440.0,L3,0,0.2215433465067085,1,bisquare,8535,1.0,negbinomial,0.2842243727205218,True
CATAGTAGCATAGTAG-1,6297.0,4914.0,L3,0,0.2828872118224856,1,bisquare,8535,1.0,negbinomial,0.2842243727205218,True
CATAGTCAAATACATA-1,9591.0,10432.0,L6,3,0.2463125517801988,1,bisquare,8535,1.0,negbinomial,0.2842243727205218,True
CATAGTCCACAAGAAC-1,5327.0,8027.0,L5,2,0.3455358966097946,1,bisquare,8535,1.0,negbinomial,0.2842243727205218,True
CATATACTACTGATAA-1,10222.0,4803.0,L3,0,0.36546936182382755,1,bisquare,8535,1.0,negbinomial,0.2842243727205218,True
CATATAGGTACAGTCA-1,6980.0,7791.0,L5,2,0.2417948086995519,1,bisquare,8535,1.0,negbinomial,0.2842243727205218,True
CATATGTCAGGCTACG-1,4844.0,8385.0,L5,2,0.25444283748658053,1,bisquare,8535,1.0,negbinomial,0.2842243727205218,True
CATATTATTTGCCCTA-1,8641.0,3721.0,L3,0,0.255173578305215,1,bisquare,8535,1.0,negbinomial,0.2842243727205218,True
CATCAAACTGGCGCCC-1,11255.0,4445.0,L3,0,0.3786685676264354,1,bisquare,8535,1.0,negbinomial,0.2842243727205218,True
CATCAACACCTACTAA-1,3682.0,4430.0,L3,0,0.29375436140081956,1,bisquare,8535,1.0,negbinomial,0.2842243727205218,True
CATCATCTACCCGGAC-1,7952.0,3959.0,L3,0,0.15124918738589727,1,bisquare,8535,1.0,negbinomial,0.2842243727205218,True
CATCATTACCCTGAGG-1,9663.0,8874.0,L5,2,0.2215091505435114,1,bisquare,8535,1.0,negbinomial,0.2842243727205218,True
CATCCAATATAGTTTG-1,4427.0,10541.0,L6,3,0.17440715655702627,1,bisquare,8535,1.0,negbinomial,0.2842243727205218,True
CATCCCGAGATTCATA-1,11104.0,10914.0,L6,3,0.29977350140044373,1,bisquare,8535,1.0,negbinomial,0.2842243727205218,True
CATCCGCAGGCCCGAA-1,4233.0,4431.0,L3,0,0.134994974253841,1,bisquare,8535,1.0,negbinomial,0.2842243727205218,True
CATCCTCTCAAAGATC-1,9525.0,9114.0,L5,2,0.20694835771865372,1,bisquare,8535,1.0,negbinomial,0.2842243727205218,True
CATCGCCCGCGGCCAA-1,6230.0,4315.0,L3,0,0.19229564577603261,1,bisquare,8535,1.0,negbinomial,0.2842243727205218,True
CATCGGACGGGTTAAT-1,7187.0,7671.0,L5,2,0.25217621499599147,1,bisquare,8535,1.0,negbinomial,0.2842243727205218,True
CATCGTCCGGTTACTA-1,3956.0,5389.0,L3,0,0.32273446724526306,1,bisquare,8535,1.0,negbinomial,0.2842243727205218,True
CATCTACCCGAGAACG-1,10913.0,3366.0,L3,0,0.2205050119068908,1,bisquare,8535,1.0,negbinomial,0.2842243727205218,True
CATCTAGTGAAGGGAA-1,11523.0,8040.0,L3,0,0.23201930391677414,1,bisquare,8535,1.0,negbinomial,0.2842243727205218,True
CATCTATCCCGTGTCT-1,10084.0,4802.0,L3,0,0.3663467421938894,1,bisquare,8535,1.0,negbinomial,0.2842243727205218,True
CATCTGCAGGATCATT-1,3748.0,5987.0,L3,0,0.358147711012052,1,bisquare,8535,1.0,negbinomial,0.2842243727205218,True
CATCTTACACCACCTC-1,10011.0,7078.0,L3,0,0.3621576842265927,1,bisquare,8535,1.0,negbinomial,0.2842243727205218,True
CATGAACCGACATTTG-1,6162.0,3956.0,L3,0,0.2603444298358804,1,bisquare,8535,1.0,negbinomial,0.2842243727205218,True
CATGACTTCGCTGAAT-1,10492.0,7439.0,L3,0,0.3708635879826229,1,bisquare,8535,1.0,negbinomial,0.2842243727205218,True
CATGAGATGCACTCTC-1,8628.0,9711.0,L6,3,0.45666749380757926,1,bisquare,8535,1.0,negbinomial,0.2842243727205218,True
CATGAGTCCATCACGG-1,5457.0,11621.0,WM,4,0.3442684143123732,1,bisquare,8535,1.0,negbinomial,0.2842243727205218,True
CATGATCGCTTTGAGA-1,11174.0,10555.0,L6,3,0.23553250010702068,1,bisquare,8535,1.0,negbinomial,0.2842243727205218,True
CATGATGCACAATTCT-1,7949.0,5157.0,L3,0,0.3009439985744654,1,bisquare,8535,1.0,negbinomial,0.2842243727205218,True
CATGATGGAAGTTAGC-1,10284.0,8037.0,L3,0,0.3506832362022467,1,bisquare,8535,1.0,negbinomial,0.2842243727205218,True
CATGCACATGAGAGGC-1,4632.0,11380.0,L6,3,0.15789316295695813,1,bisquare,8535,1.0,negbinomial,0.2842243727205218,True
CATGCCAACTCGCAAA-1,4639.0,7786.0,L5,2,0.2966055928975175,1,bisquare,8535,1.0,negbinomial,0.2842243727205218,True
CATGCGACCAGTTTAA-1,9945.0,5760.0,L3,0,0.250124629295881,1,bisquare,8535,1.0,negbinomial,0.2842243727205218,True
CATGCGTTAGACAGAA-1,7538.0,4438.0,L3,0,0.39661019447818646,1,bisquare,8535,1.0,negbinomial,0.2842243727205218,True
CATGCGTTGAGAGGAG-1,6353.0,11264.0,WM,4,0.21100382636128842,1,bisquare,8535,1.0,negbinomial,0.2842243727205218,True
CATGCTGGCTCCAATT-1,7332.0,4078.0,L3,0,0.2711540033081733,1,bisquare,8535,1.0,negbinomial,0.2842243727205218,True
CATGGAAATGGGACCA-1,10363.0,3365.0,L3,0,0.3063953839144244,1,bisquare,8535,1.0,negbinomial,0.2842243727205218,True
CATGGATTGTCTTCCG-1,10144.0,9235.0,L5,2,0.2786417130231928,1,bisquare,8535,1.0,negbinomial,0.2842243727205218,True
CATGGCAGGAAGATCG-1,7124.0,4676.0,L3,0,0.2646777911016167,1,bisquare,8535,1.0,negbinomial,0.2842243727205218,True
CATGGGTATGCCTTAT-1,8836.0,9352.0,L6,3,0.34848725832678734,1,bisquare,8535,1.0,negbinomial,0.2842243727205218,True
CATGGGTCGGGTGTGG-1,9051.0,5160.0,L3,0,0.27493062678496005,1,bisquare,8535,1.0,negbinomial,0.2842243727205218,True
CATGGTAAGTAGCGTT-1,8219.0,8033.0,L5,2,0.24761183831424305,1,bisquare,8535,1.0,negbinomial,0.2842243727205218,True
CATGGTATTAGTTTGT-1,3671.0,9701.0,L5,2,0.16253608579136936,1,bisquare,8535,1.0,negbinomial,0.2842243727205218,True
CATGGTCTAGATACCG-1,7741.0,5756.0,L3,0,0.5513549368165975,1,bisquare,8535,1.0,negbinomial,0.2842243727205218,True
CATGGTTTATTAATCA-1,10278.0,10912.0,L6,3,0.16016614504604423,1,bisquare,8535,1.0,negbinomial,0.2842243727205218,True
CATGTAAGAGACATTT-1,9387.0,9113.0,L5,2,0.23993850110819048,1,bisquare,8535,1.0,negbinomial,0.2842243727205218,True
CATGTAGGAGCGCCAA-1,10842.0,4444.0,L3,0,0.12566223403872176,1,bisquare,8535,1.0,negbinomial,0.2842243727205218,True
CATGTCTCATTTATGG-1,9044.0,8514.0,L5,2,0.3272921372563272,1,bisquare,8535,1.0,negbinomial,0.2842243727205218,True
CATTACATAGATTGTG-1,11252.0,5883.0,L3,0,0.19240463173470748,1,bisquare,8535,1.0,negbinomial,0.2842243727205218,True
CATTACGCAGGAAGGG-1,10140.0,11152.0,L6,3,0.19063603769857584,1,bisquare,8535,1.0,negbinomial,0.2842243727205218,True
CATTACGTCGGCCCGT-1,7674.0,4917.0,L3,0,0.2243279606676244,1,bisquare,8535,1.0,negbinomial,0.2842243727205218,True
CATTATCCCATTAACG-1,5322.0,10662.0,WM,4,0.4095094101547862,1,bisquare,8535,1.0,negbinomial,0.2842243727205218,True
CATTATGCTTGTTGTG-1,6778.0,5754.0,L3,0,0.3044607887428062,1,bisquare,8535,1.0,negbinomial,0.2842243727205218,True
CATTCCCATTCCGTCG-1,11320.0,6482.0,L3,0,0.2589062217385026,1,bisquare,8535,1.0,negbinomial,0.2842243727205218,True
CATTCCCTAAGTACAA-1,4440.0,4072.0,L3,0,0.14632877671634725,1,bisquare,8535,1.0,negbinomial,0.2842243727205218,True
CATTCGTCGTAGCGGT-1,11588.0,10076.0,L5,2,0.21298602038645112,1,bisquare,8535,1.0,negbinomial,0.2842243727205218,True
CATTGATGAACACGCC-1,11391.0,5404.0,L3,0,0.2766066348891599,1,bisquare,8535,1.0,negbinomial,0.2842243727205218,True
CATTGCGAAATGGGCG-1,4021.0,6946.0,L3,0,0.32017909948007406,1,bisquare,8535,1.0,negbinomial,0.2842243727205218,True
CATTGCGGGTCAATTC-1,11115.0,5643.0,L3,0,0.2687095987233558,1,bisquare,8535,1.0,negbinomial,0.2842243727205218,True
CATTGTGTGCTAGATC-1,4233.0,4191.0,L3,0,0.18912964312867522,1,bisquare,8535,1.0,negbinomial,0.2842243727205218,True
CATTTAGCGGACCATG-1,9050.0,5639.0,L3,0,0.24136956968195644,1,bisquare,8535,1.0,negbinomial,0.2842243727205218,True
CATTTATCGTTCAAGA-1,8504.0,3242.0,L3,0,0.24281368418609067,1,bisquare,8535,1.0,negbinomial,0.2842243727205218,True
CATTTCTAGCAGACTA-1,4990.0,4552.0,L3,0,0.20204284309138182,1,bisquare,8535,1.0,negbinomial,0.2842243727205218,True
CATTTGAGTGGTACGT-1,6496.0,8628.0,L6,3,0.22441847034957157,1,bisquare,8535,1.0,negbinomial,0.2842243727205218,True
CCAAACAGAACCCTCG-1,6503.0,5274.0,L3,0,0.31837318652272123,1,bisquare,8535,1.0,negbinomial,0.2842243727205218,True
CCAAATAACAAGATTC-1,10971.0,8757.0,L4,1,0.5071196061547796,1,bisquare,8535,1.0,negbinomial,0.2842243727205218,True
CCAAATCAAAGGGCAA-1,4701.0,11260.0,L6,3,0.21389247463722966,1,bisquare,8535,1.0,negbinomial,0.2842243727205218,True
CCAACCTTATGTAACT-1,6010.0,10664.0,WM,4,0.2406588972523357,1,bisquare,8535,1.0,negbinomial,0.2842243727205218,True
CCAACGATGCACTGAT-1,5744.0,6351.0,L4,1,0.15298731640840543,1,bisquare,8535,1.0,negbinomial,0.2842243727205218,True
CCAACGCTTGCCAGGG-1,10086.0,3844.0,L3,0,0.3602943181053426,1,bisquare,8535,1.0,negbinomial,0.2842243727205218,True
CCAAGAAAGTGGGCGA-1,6771.0,8868.0,L6,3,0.31612022056480066,1,bisquare,8535,1.0,negbinomial,0.2842243727205218,True
CCAAGACTTCTGCGAA-1,7468.0,5036.0,L3,0,0.42852730000764744,1,bisquare,8535,1.0,negbinomial,0.2842243727205218,True
CCAAGCGTAACTCGTA-1,8084.0,6595.0,L3,0,0.3039369356355483,1,bisquare,8535,1.0,negbinomial,0.2842243727205218,True
CCAAGGAACAGAGAGG-1,6505.0,4316.0,L3,0,0.3084953493485438,1,bisquare,8535,1.0,negbinomial,0.2842243727205218,True
CCAAGGTTGCCCTTTC-1,10691.0,10913.0,L6,3,0.3598900257521798,1,bisquare,8535,1.0,negbinomial,0.2842243727205218,True
CCAAGTTTCTACAGAT-1,3751.0,4310.0,L3,0,0.18394422875405775,1,bisquare,8535,1.0,negbinomial,0.2842243727205218,True
CCAATAGATTTCATCT-1,3197.0,5986.0,L3,0,0.25648352222790555,1,bisquare,8535,1.0,negbinomial,0.2842243727205218,True
CCAATAGTGCCGTCGA-1,6087.0,6711.0,L5,2,0.3013313676758895,1,bisquare,8535,1.0,negbinomial,0.2842243727205218,True
CCAATCGGTAGATCGA-1,8984.0,4321.0,L3,0,0.23848419184659908,1,bisquare,8535,1.0,negbinomial,0.2842243727205218,True
CCAATGTCACAGCAAG-1,6568.0,7071.0,L5,2,0.47081485017329144,1,bisquare,8535,1.0,negbinomial,0.2842243727205218,True
CCAATTACGGGTCGAG-1,9602.0,4921.0,L3,0,0.14113312995654947,1,bisquare,8535,1.0,negbinomial,0.2842243727205218,True
CCAATTGAATGTTAAT-1,6366.0,5034.0,L3,0,0.3274261968811264,1,bisquare,8535,1.0,negbinomial,0.2842243727205218,True
CCACAATGTACGTCTT-1,9049.0,6118.0,L3,0,0.47587518646119864,1,bisquare,8535,1.0,negbinomial,0.2842243727205218,True
CCACACTGAGATATTA-1,6568.0,7311.0,L5,2,0.45035455111825706,1,bisquare,8535,1.0,negbinomial,0.2842243727205218,True
CCACAGTACCCATCCT-1,9526.0,8395.0,L5,2,0.27274683135581557,1,bisquare,8535,1.0,negbinomial,0.2842243727205218,True
CCACATACTGCACCCA-1,11315.0,8878.0,L4,1,0.31646908164817966,1,bisquare,8535,1.0,negbinomial,0.2842243727205218,True
CCACCAACTTTACTGT-1,5945.0,8867.0,L6,3,0.2666989113344131,1,bisquare,8535,1.0,negbinomial,0.2842243727205218,True
CCACCCAAGGAAAGTG-1,8358.0,7075.0,L3,0,0.4738713819150195,1,bisquare,8535,1.0,negbinomial,0.2842243727205218,True
CCACCTGTATGGAATA-1,11657.0,9957.0,L5,2,0.20567912210311243,1,bisquare,8535,1.0,negbinomial,0.2842243727205218,True
CCACGAATTTAACCTC-1,10698.0,7559.0,L3,0,0.558800487472956,1,bisquare,8535,1.0,negbinomial,0.2842243727205218,True
CCACGAGAAGAGAATC-1,8363.0,4679.0,L3,0,0.2642956948566406,1,bisquare,8535,1.0,negbinomial,0.2842243727205218,True
CCACGGAGCCATAAGA-1,5051.0,8266.0,L5,2,0.306516456147203,1,bisquare,8535,1.0,negbinomial,0.2842243727205218,True
CCACGGCAGGTGTAGG-1,5321.0,11142.0,WM,4,0.26490014511041804,1,bisquare,8535,1.0,negbinomial,0.2842243727205218,True
CCACGGTGCCCGGTAG-1,10562.0,6840.0,L3,0,0.3842053915926268,1,bisquare,8535,1.0,negbinomial,0.2842243727205218,True
CCACGTAAATTAGACT-1,11595.0,6722.0,L3,0,0.256328194992288,1,bisquare,8535,1.0,negbinomial,0.2842243727205218,True
CCACTATCCGGGTCAC-1,11183.0,6242.0,L3,0,0.2170192705110731,1,bisquare,8535,1.0,negbinomial,0.2842243727205218,True
CCACTCAGATCCGCAA-1,8694.0,11268.0,WM,4,0.20960500277644228,1,bisquare,8535,1.0,negbinomial,0.2842243727205218,True
CCACTGGTGGCTGGTT-1,4640.0,7307.0,L5,2,0.335445808812013,1,bisquare,8535,1.0,negbinomial,0.2842243727205218,True
CCACTGTTTGGATTAA-1,10487.0,9595.0,L5,2,0.3875153077149985,1,bisquare,8535,1.0,negbinomial,0.2842243727205218,True
CCAGAAACTGATGCGA-1,11242.0,10914.0,L6,3,0.30558637850377246,1,bisquare,8535,1.0,negbinomial,0.2842243727205218,True
CCAGAAAGCAACTCAT-1,5670.0,8866.0,L6,3,0.5215551483918136,1,bisquare,8535,1.0,negbinomial,0.2842243727205218,True
CCAGAGACAAAGCCGG-1,4644.0,5390.0,L3,0,0.35562657841347706,1,bisquare,8535,1.0,negbinomial,0.2842243727205218,True
CCAGATAGTTGAGTGA-1,8980.0,5998.0,L3,0,0.17832104857625486,1,bisquare,8535,1.0,negbinomial,0.2842243727205218,True
CCAGATGTAAATGGGT-1,11667.0,4925.0,L3,0,0.3845979427131574,1,bisquare,8535,1.0,negbinomial,0.2842243727205218,True
CCAGCCTGGACCAATA-1,7670.0,7073.0,L4,1,0.3946202357171548,1,bisquare,8535,1.0,negbinomial,0.2842243727205218,True
CCAGCGGGATCACCAG-1,11733.0,6483.0,L3,0,0.11715798831151425,1,bisquare,8535,1.0,negbinomial,0.2842243727205218,True
CCAGCTACGCCTCATA-1,5611.0,3715.0,L3,0,0.143913325750632,1,bisquare,8535,1.0,negbinomial,0.2842243727205218,True
CCAGCTCGAACGCATT-1,7663.0,10188.0,WM,4,0.20550982157977377,1,bisquare,8535,1.0,negbinomial,0.2842243727205218,True
CCAGCTGATGGTACTT-1,4641.0,7067.0,L5,2,0.23901403884963004,1,bisquare,8535,1.0,negbinomial,0.2842243727205218,True
CCAGCTTCCGCCCGCA-1,4367.0,6108.0,L3,0,0.29806218053551625,1,bisquare,8535,1.0,negbinomial,0.2842243727205218,True
CCAGGCTGGCGTCTGA-1,11589.0,9358.0,L5,2,0.25276160795103547,1,bisquare,8535,1.0,negbinomial,0.2842243727205218,True
CCAGGGACGTGGCCTC-1,6846.0,5874.0,L3,0,0.24656748793358266,1,bisquare,8535,1.0,negbinomial,0.2842243727205218,True
CCAGTAGTCTGATCCA-1,9462.0,5879.0,L3,0,0.24698441330492396,1,bisquare,8535,1.0,negbinomial,0.2842243727205218,True
CCAGTCAAATCTCTTA-1,3744.0,7664.0,L4,1,0.18725438993219806,1,bisquare,8535,1.0,negbinomial,0.2842243727205218,True
CCAGTCCATTATTCGA-1,4716.0,3833.0,L3,0,0.1790313187462495,1,bisquare,8535,1.0,negbinomial,0.2842243727205218,True
CCAGTCTAGACGGCGC-1,9119.0,5519.0,L3,0,0.3791835985623537,1,bisquare,8535,1.0,negbinomial,0.2842243727205218,True
CCAGTCTTGTCATAGA-1,7251.0,9708.0,L6,3,0.13302806412790105,1,bisquare,8535,1.0,negbinomial,0.2842243727205218,True
CCAGTGTACAGACCGA-1,4425.0,11260.0,L6,3,0.27323307568316185,1,bisquare,8535,1.0,negbinomial,0.2842243727205218,True
CCAGTTCGGTAACTCA-1,9313.0,11389.0,WM,4,0.308606840280238,1,bisquare,8535,1.0,negbinomial,0.2842243727205218,True
CCATAAACAACCCGAC-1,8433.0,4320.0,L3,0,0.21012557010555102,1,bisquare,8535,1.0,negbinomial,0.2842243727205218,True
CCATACCTTTACTTGT-1,10219.0,6240.0,L3,0,0.2634634289543022,1,bisquare,8535,1.0,negbinomial,0.2842243727205218,True
CCATACTCGCCTCTCC-1,3196.0,6465.0,L3,0,0.2077707035573282,1,bisquare,8535,1.0,negbinomial,0.2842243727205218,True
CCATAGGTTGGCGTGG-1,7468.0,4797.0,L3,0,0.21727073469024288,1,bisquare,8535,1.0,negbinomial,0.2842243727205218,True
CCATAGTCAGTAACCC-1,4371.0,4431.0,L3,0,0.1148524239165871,1,bisquare,8535,1.0,negbinomial,0.2842243727205218,True
CCATATGGAAACTATA-1,10282.0,8996.0,L5,2,0.30246543232486783,1,bisquare,8535,1.0,negbinomial,0.2842243727205218,True
CCATCCATACCAAGTC-1,5817.0,4314.0,L3,0,0.2811756471575385,1,bisquare,8535,1.0,negbinomial,0.2842243727205218,True
CCATCGCAGTTAAACT-1,7460.0,8630.0,L6,3,0.3603968662427577,1,bisquare,8535,1.0,negbinomial,0.2842243727205218,True
CCATCTCACCAGTGAA-1,9942.0,7198.0,L3,0,0.3164357352200406,1,bisquare,8535,1.0,negbinomial,0.2842243727205218,True
CCATGCCCTAGATTTC-1,9937.0,9354.0,L5,2,0.3197475413111011,1,bisquare,8535,1.0,negbinomial,0.2842243727205218,True
CCATGCCTGTTTAGTA-1,6844.0,6832.0,L5,2,0.3193383556711421,1,bisquare,8535,1.0,negbinomial,0.2842243727205218,True
CCATGCTCTGCAGGAA-1,6159.0,5154.0,L3,0,0.17079966490507326,1,bisquare,8535,1.0,negbinomial,0.2842243727205218,True
CCATGGCAAACGCTCA-1,5940.0,11502.0,WM,4,0.13967812018982742,1,bisquare,8535,1.0,negbinomial,0.2842243727205218,True
CCATGGCCCTTGTACC-1,4711.0,6468.0,L3,0,0.22752891843746792,1,bisquare,8535,1.0,negbinomial,0.2842243727205218,True
CCATGTTCATCTATAT-1,5115.0,10782.0,WM,4,0.48990716145053753,1,bisquare,8535,1.0,negbinomial,0.2842243727205218,True
CCATTAGCGATAATCC-1,6088.0,6471.0,L4,1,0.35950952054973445,1,bisquare,8535,1.0,negbinomial,0.2842243727205218,True
CCATTCCCTGCCCACA-1,5881.0,6591.0,L5,2,0.43934838237782764,1,bisquare,8535,1.0,negbinomial,0.2842243727205218,True
CCATTGTTTCCTCCAT-1,11665.0,6123.0,L3,0,0.10722433434126219,1,bisquare,8535,1.0,negbinomial,0.2842243727205218,True
CCATTTCTACCTATTA-1,8079.0,9231.0,L6,3,0.29582680078527446,1,bisquare,8535,1.0,negbinomial,0.2842243727205218,True
CCCAAACATGCTGCTC-1,9254.0,6717.0,L3,0,0.37018708598974454,1,bisquare,8535,1.0,negbinomial,0.2842243727205218,True
CCCAACATACGTCGCG-1,5603.0,7788.0,L5,2,0.24574148638099938,1,bisquare,8535,1.0,negbinomial,0.2842243727205218,True
CCCAACCACACTAACA-1,7746.0,3600.0,L3,0,0.2764387403369038,1,bisquare,8535,1.0,negbinomial,0.2842243727205218,True
CCCAAGTCATTACACT-1,9797.0,10791.0,L6,3,0.14432886750460808,1,bisquare,8535,1.0,negbinomial,0.2842243727205218,True
CCCAATGAGATTTGCA-1,5943.0,9825.0,WM,4,0.3877111626216296,1,bisquare,8535,1.0,negbinomial,0.2842243727205218,True
CCCAATTTCACAACTT-1,5466.0,7308.0,L5,2,0.25528893465533137,1,bisquare,8535,1.0,negbinomial,0.2842243727205218,True
CCCAGAGGAGGGCGTA-1,10428.0,5162.0,L3,0,0.26475434426616445,1,bisquare,8535,1.0,negbinomial,0.2842243727205218,True
CCCAGGAAGAATTCGA-1,7730.0,11506.0,WM,4,0.2174009397378762,1,bisquare,8535,1.0,negbinomial,0.2842243727205218,True
CCCAGGTCTGAAGGCT-1,10833.0,8997.0,L5,2,0.27267122419266876,1,bisquare,8535,1.0,negbinomial,0.2842243727205218,True
CCCAGTAAACTTGGGA-1,4017.0,8863.0,L5,2,0.16618035434691786,1,bisquare,8535,1.0,negbinomial,0.2842243727205218,True
CCCAGTTAAGGCGCCG-1,8839.0,7675.0,L4,1,0.31220912591490707,1,bisquare,8535,1.0,negbinomial,0.2842243727205218,True
CCCATATAGGTCGATT-1,11243.0,10435.0,L6,3,0.21117336371201442,1,bisquare,8535,1.0,negbinomial,0.2842243727205218,True
CCCGAAGTTTCGCGAA-1,3950.0,8024.0,L5,2,0.1788986736048043,1,bisquare,8535,1.0,negbinomial,0.2842243727205218,True
CCCGACCATAGTCCGC-1,8294.0,5038.0,L3,0,0.1962118638505535,1,bisquare,8535,1.0,negbinomial,0.2842243727205218,True
CCCGAGTTTCTCCGTA-1,10628.0,8397.0,L4,1,0.23725145666453623,1,bisquare,8535,1.0,negbinomial,0.2842243727205218,True
CCCGCAGCGCGAACTA-1,7805.0,8511.0,L6,3,0.25916410913313287,1,bisquare,8535,1.0,negbinomial,0.2842243727205218,True
CCCGCAGGGCCCAAAG-1,8640.0,3961.0,L3,0,0.26402922224318154,1,bisquare,8535,1.0,negbinomial,0.2842243727205218,True
CCCGCCATGCTCCCGT-1,6022.0,4914.0,L3,0,0.2177630321438225,1,bisquare,8535,1.0,negbinomial,0.2842243727205218,True
CCCGCGCAATGCACCC-1,4783.0,4911.0,L3,0,0.3806388674269603,1,bisquare,8535,1.0,negbinomial,0.2842243727205218,True
CCCGGGTCGTTCAGGG-1,7112.0,10427.0,WM,4,0.1973988360855392,1,bisquare,8535,1.0,negbinomial,0.2842243727205218,True
CCCGGTGGAAGAACCT-1,4644.0,5630.0,L3,0,0.19235206427710067,1,bisquare,8535,1.0,negbinomial,0.2842243727205218,True
CCCGGTGTATCGGAAT-1,4361.0,8983.0,L5,2,0.21339633897435953,1,bisquare,8535,1.0,negbinomial,0.2842243727205218,True
CCCGTAAGTCTAGGCC-1,5122.0,7428.0,L5,2,0.1559144402110638,1,bisquare,8535,1.0,negbinomial,0.2842243727205218,True
CCCGTAGCTGGGAAGA-1,5875.0,9466.0,L6,3,0.10477500624846688,1,bisquare,8535,1.0,negbinomial,0.2842243727205218,True
CCCGTCAGCGTCTGAC-1,6709.0,5394.0,L3,0,0.347856413544979,1,bisquare,8535,1.0,negbinomial,0.2842243727205218,True
CCCGTTTCGCAGATGT-1,10489.0,8876.0,L5,2,0.25119196632835816,1,bisquare,8535,1.0,negbinomial,0.2842243727205218,True
CCCTACCCACACCCAG-1,9382.0,11509.0,WM,4,0.5394682313687655,1,bisquare,8535,1.0,negbinomial,0.2842243727205218,True
CCCTACTTGAACAATG-1,9108.0,11030.0,WM,4,0.26309404795436336,1,bisquare,8535,1.0,negbinomial,0.2842243727205218,True
CCCTAGTGTCAGGTGT-1,4578.0,3833.0,L3,0,0.19102911020277924,1,bisquare,8535,1.0,negbinomial,0.2842243727205218,True
CCCTATGTAGAGCAGA-1,4841.0,9823.0,L6,3,0.31228002152449935,1,bisquare,8535,1.0,negbinomial,0.2842243727205218,True
CCCTCAGATCGAGAAC-1,4976.0,11261.0,L6,3,0.11976481828657908,1,bisquare,8535,1.0,negbinomial,0.2842243727205218,True
CCCTCATTCTGGAATT-1,6229.0,4555.0,L3,0,0.2333043445009919,1,bisquare,8535,1.0,negbinomial,0.2842243727205218,True
CCCTCCTCGCTCGTAT-1,10489.0,8637.0,L4,1,0.20201274388982712,1,bisquare,8535,1.0,negbinomial,0.2842243727205218,True
CCCTCGATAATACACA-1,5183.0,10902.0,WM,4,0.5244921104782816,1,bisquare,8535,1.0,negbinomial,0.2842243727205218,True
CCCTGAAATGAGTTGA-1,5881.0,6351.0,L4,1,0.26040775107949293,1,bisquare,8535,1.0,negbinomial,0.2842243727205218,True
CCCTGACTAACAAATT-1,4021.0,7186.0,L4,1,0.25718717813322717,1,bisquare,8535,1.0,negbinomial,0.2842243727205218,True
CCCTGATGTAACTCGT-1,4302.0,4311.0,L3,0,0.1402070668702216,1,bisquare,8535,1.0,negbinomial,0.2842243727205218,True
CCCTGCCCAATCCGCT-1,4502.0,7546.0,L5,2,0.29334368066271727,1,bisquare,8535,1.0,negbinomial,0.2842243727205218,True
CCCTGCGCTACGCATA-1,4848.0,6708.0,L4,1,0.2993926729508297,1,bisquare,8535,1.0,negbinomial,0.2842243727205218,True
CCCTGGTATGGGCGGC-1,8159.0,3361.0,L3,0,0.2351289598731255,1,bisquare,8535,1.0,negbinomial,0.2842243727205218,True
CCCTTTAATGGAGTTC-1,10693.0,10194.0,L6,3,0.5484905421367319,1,bisquare,8535,1.0,negbinomial,0.2842243727205218,True
CCCTTTGACAGGTCTT-1,7047.0,8629.0,L6,3,0.2407823719917072,1,bisquare,8535,1.0,negbinomial,0.2842243727205218,True
CCGAAAGTGGTGAGCA-1,5059.0,4672.0,L3,0,0.2009677699836174,1,bisquare,8535,1.0,negbinomial,0.2842243727205218,True
CCGAACACTGGGCCTC-1,4432.0,7905.0,L5,2,0.15463348354763817,1,bisquare,8535,1.0,negbinomial,0.2842243727205218,True
CCGAACCTTCCCGGCC-1,8080.0,8512.0,L5,2,0.18731242423698258,1,bisquare,8535,1.0,negbinomial,0.2842243727205218,True
CCGAAGGGCGTACCGC-1,11803.0,6124.0,L3,0,0.10801576039715163,1,bisquare,8535,1.0,negbinomial,0.2842243727205218,True
CCGAAGTATATTGTTC-1,4713.0,5270.0,L3,0,0.21823533063367306,1,bisquare,8535,1.0,negbinomial,0.2842243727205218,True
CCGACAAACACATGAG-1,4164.0,4550.0,L3,0,0.2401510895857234,1,bisquare,8535,1.0,negbinomial,0.2842243727205218,True
CCGACAAAGGGAGTGC-1,4642.0,6588.0,L4,1,0.19273518495336506,1,bisquare,8535,1.0,negbinomial,0.2842243727205218,True
CCGACAATAGGCCGCC-1,10832.0,9476.0,L5,2,0.29583014859644313,1,bisquare,8535,1.0,negbinomial,0.2842243727205218,True
CCGACGGGCATGAGGT-1,4981.0,9104.0,L6,3,0.32003126598492265,1,bisquare,8535,1.0,negbinomial,0.2842243727205218,True
CCGACGTAAACACAAC-1,9879.0,4203.0,L3,0,0.454908612006699,1,bisquare,8535,1.0,negbinomial,0.2842243727205218,True
CCGAGAAGTCGCATAA-1,10903.0,8158.0,L3,0,0.5730650024819881,1,bisquare,8535,1.0,negbinomial,0.2842243727205218,True
CCGAGCTGTGCTTGTC-1,10910.0,4804.0,L3,0,0.2816886021163263,1,bisquare,8535,1.0,negbinomial,0.2842243727205218,True
CCGATATGACGTAAGG-1,11934.0,9239.0,L4,1,0.3964986310618264,1,bisquare,8535,1.0,negbinomial,0.2842243727205218,True
CCGATCTCAACCTTAT-1,10148.0,7079.0,L3,0,0.4584883411344224,1,bisquare,8535,1.0,negbinomial,0.2842243727205218,True
CCGATCTTAAGAGGCT-1,11601.0,3847.0,L3,0,0.09048023297736993,1,bisquare,8535,1.0,negbinomial,0.2842243727205218,True
CCGATTCGAGGGACCC-1,4572.0,7187.0,L5,2,0.45809575035187966,1,bisquare,8535,1.0,negbinomial,0.2842243727205218,True
CCGCACAAAGACCAAC-1,8427.0,6955.0,L3,0,0.26037570212520944,1,bisquare,8535,1.0,negbinomial,0.2842243727205218,True
CCGCACACGAACGTGT-1,11661.0,8040.0,L3,0,0.28747022286435725,1,bisquare,8535,1.0,negbinomial,0.2842243727205218,True
CCGCACGTGACCTCGG-1,4987.0,5990.0,L3,0,0.46084230721533315,1,bisquare,8535,1.0,negbinomial,0.2842243727205218,True
CCGCACTTGCAATGAC-1,10554.0,10913.0,L6,3,0.32758678737494,1,bisquare,8535,1.0,negbinomial,0.2842243727205218,True
CCGCATGTGGTACGAT-1,7734.0,9350.0,L6,3,0.2812143622819824,1,bisquare,8535,1.0,negbinomial,0.2842243727205218,True
CCGCCGGAACTTCTCG-1,4017.0,9102.0,L5,2,0.2589008854767325,1,bisquare,8535,1.0,negbinomial,0.2842243727205218,True
CCGCCGGTCAACACAC-1,6987.0,4197.0,L3,0,0.4074256618550661,1,bisquare,8535,1.0,negbinomial,0.2842243727205218,True
CCGCCGTTGAGGATAA-1,11386.0,8039.0,L3,0,0.41637470871659965,1,bisquare,8535,1.0,negbinomial,0.2842243727205218,True
CCGCCTGCGAATTGGT-1,9878.0,4442.0,L3,0,0.16553687604234382,1,bisquare,8535,1.0,negbinomial,0.2842243727205218,True
CCGCCTTGCGATGTCG-1,3675.0,7784.0,L5,2,0.15744592117365744,1,bisquare,8535,1.0,negbinomial,0.2842243727205218,True
CCGCGATTTGGTAGGT-1,3814.0,7305.0,L4,1,0.17159062795612517,1,bisquare,8535,1.0,negbinomial,0.2842243727205218,True
CCGCGGAATGCGTCAC-1,6289.0,8748.0,L6,3,0.2910139812969999,1,bisquare,8535,1.0,negbinomial,0.2842243727205218,True
CCGCGGGTACGAAGAA-1,4986.0,6469.0,L4,1,0.3609982784163599,1,bisquare,8535,1.0,negbinomial,0.2842243727205218,True
CCGCGTAGGTAAGGGC-1,4711.0,6229.0,L3,0,0.15452910795329913,1,bisquare,8535,1.0,negbinomial,0.2842243727205218,True
CCGCTATCAGCACCAG-1,7530.0,8031.0,L5,2,0.2483216972000332,1,bisquare,8535,1.0,negbinomial,0.2842243727205218,True
CCGCTCCAGGGCGATC-1,7937.0,11147.0,WM,4,0.1344593574871715,1,bisquare,8535,1.0,negbinomial,0.2842243727205218,True
CCGCTCTTCCGAACTA-1,10004.0,10193.0,L6,3,0.33509342803182285,1,bisquare,8535,1.0,negbinomial,0.2842243727205218,True
CCGCTGGTGCCATTCA-1,8297.0,3361.0,L3,0,0.17710046018824738,1,bisquare,8535,1.0,negbinomial,0.2842243727205218,True
CCGCTTACCTCACTCT-1,5602.0,8267.0,L6,3,0.2655212903565964,1,bisquare,8535,1.0,negbinomial,0.2842243727205218,True
CCGCTTGCTGACATGG-1,10977.0,5882.0,L3,0,0.20330669645521435,1,bisquare,8535,1.0,negbinomial,0.2842243727205218,True
CCGGAATGGTTTCAGT-1,5401.0,5511.0,L3,0,0.2860211430708246,1,bisquare,8535,1.0,negbinomial,0.2842243727205218,True
CCGGAGCGTACTTTCT-1,7045.0,9588.0,L6,3,0.14281916758187616,1,bisquare,8535,1.0,negbinomial,0.2842243727205218,True
CCGGAGGTCTTATGGT-1,11323.0,4805.0,L3,0,0.2621610164064846,1,bisquare,8535,1.0,negbinomial,0.2842243727205218,True
CCGGCACGACCGTTTC-1,10837.0,6840.0,L3,0,0.2427392395736349,1,bisquare,8535,1.0,negbinomial,0.2842243727205218,True
CCGGCGCATATTGGAT-1,7056.0,4317.0,L3,0,0.1849043071471216,1,bisquare,8535,1.0,negbinomial,0.2842243727205218,True
CCGGCGTGAGACTCTG-1,3950.0,8264.0,L5,2,0.18896754333065524,1,bisquare,8535,1.0,negbinomial,0.2842243727205218,True
CCGGGACCCGCAGAGA-1,6780.0,4556.0,L3,0,0.27143845666152316,1,bisquare,8535,1.0,negbinomial,0.2842243727205218,True
CCGGGCGGTCTCGTCA-1,8428.0,6476.0,L3,0,0.3416205634797777,1,bisquare,8535,1.0,negbinomial,0.2842243727205218,True
CCGGGCTAAGAATTTC-1,4564.0,11020.0,L6,3,0.20413619295584812,1,bisquare,8535,1.0,negbinomial,0.2842243727205218,True
CCGGGCTGCTCCATAC-1,9116.0,6957.0,L3,0,0.3968871812011311,1,bisquare,8535,1.0,negbinomial,0.2842243727205218,True
CCGGGTTCGAGGTTAC-1,5398.0,7189.0,L5,2,0.2811280460934792,1,bisquare,8535,1.0,negbinomial,0.2842243727205218,True
CCGGTAATGGCTAGTC-1,11043.0,7200.0,L3,0,0.31266397510364,1,bisquare,8535,1.0,negbinomial,0.2842243727205218,True
CCGGTTTGTAATTGTG-1,6082.0,9346.0,L6,3,0.200442607558148,1,bisquare,8535,1.0,negbinomial,0.2842243727205218,True
CCGTAAGTTGGTCCCA-1,8497.0,6596.0,L3,0,0.24799284067710833,1,bisquare,8535,1.0,negbinomial,0.2842243727205218,True
CCGTACCCAAGCGCCA-1,5542.0,4074.0,L3,0,0.20236128664468525,1,bisquare,8535,1.0,negbinomial,0.2842243727205218,True
CCGTAGGAAATCCCTG-1,9798.0,9833.0,L6,3,0.4138023447511908,1,bisquare,8535,1.0,negbinomial,0.2842243727205218,True
CCGTAGGGTTGTTTAC-1,10349.0,9834.0,L6,3,0.41011128065233154,1,bisquare,8535,1.0,negbinomial,0.2842243727205218,True
CCGTATCTCGTCGTAG-1,5050.0,8985.0,L6,3,0.23410051369519544,1,bisquare,8535,1.0,negbinomial,0.2842243727205218,True
CCGTATTAGCGCAGTT-1,10842.0,4684.0,L3,0,0.3009368402236001,1,bisquare,8535,1.0,negbinomial,0.2842243727205218,True
CCGTCAACCTCTGGCG-1,4151.0,10780.0,L6,3,0.36999353425504367,1,bisquare,8535,1.0,negbinomial,0.2842243727205218,True
CCGTGAGGCATTCATG-1,11457.0,6961.0,L3,0,0.1924255701407574,1,bisquare,8535,1.0,negbinomial,0.2842243727205218,True
CCGTGCCCATGACGGC-1,6506.0,4076.0,L3,0,0.3037505277524356,1,bisquare,8535,1.0,negbinomial,0.2842243727205218,True
CCGTGGAACGATCCAA-1,10496.0,5522.0,L3,0,0.28313296838676494,1,bisquare,8535,1.0,negbinomial,0.2842243727205218,True
CCGTGTTAAATTCCAT-1,5671.0,8387.0,L6,3,0.1509605189062213,1,bisquare,8535,1.0,negbinomial,0.2842243727205218,True
CCGTTACGTTAGAACA-1,9258.0,5040.0,L3,0,0.2988823998939431,1,bisquare,8535,1.0,negbinomial,0.2842243727205218,True
CCGTTCCGAATCTCGG-1,4709.0,7427.0,L5,2,0.18701137534634255,1,bisquare,8535,1.0,negbinomial,0.2842243727205218,True
CCGTTTCCTTTCCGTG-1,6352.0,11743.0,WM,4,0.17136018652018825,1,bisquare,8535,1.0,negbinomial,0.2842243727205218,True
CCTAAAGGCTGACGCT-1,8846.0,4321.0,L3,0,0.24605830054008693,1,bisquare,8535,1.0,negbinomial,0.2842243727205218,True
CCTAAATTAACGGTTC-1,7875.0,7673.0,L5,2,0.24751409987021233,1,bisquare,8535,1.0,negbinomial,0.2842243727205218,True
CCTAAATTGTATCCTA-1,11040.0,8877.0,L4,1,0.29642405266166255,1,bisquare,8535,1.0,negbinomial,0.2842243727205218,True
CCTAACCCAAACAAGT-1,9319.0,8514.0,L5,2,0.371579662903347,1,bisquare,8535,1.0,negbinomial,0.2842243727205218,True
CCTAACTAAGGCTCTA-1,9602.0,5161.0,L3,0,0.5113971956105409,1,bisquare,8535,1.0,negbinomial,0.2842243727205218,True
CCTACAAGTCCGGAAT-1,10431.0,3725.0,L3,0,0.27270161239774454,1,bisquare,8535,1.0,negbinomial,0.2842243727205218,True
CCTACATTCACAGACG-1,5463.0,8746.0,L6,3,0.25911648461553316,1,bisquare,8535,1.0,negbinomial,0.2842243727205218,True
CCTACGGCTCAGTCGA-1,5403.0,4553.0,L3,0,0.1714201380219954,1,bisquare,8535,1.0,negbinomial,0.2842243727205218,True
CCTACTCAACACGATT-1,11381.0,10196.0,L5,2,0.19851235361498823,1,bisquare,8535,1.0,negbinomial,0.2842243727205218,True
CCTACTGCGGCGGCCA-1,11873.0,5285.0,L3,0,0.12003017435527513,1,bisquare,8535,1.0,negbinomial,0.2842243727205218,True
CCTACTGCTTACACTT-1,6571.0,5873.0,L3,0,0.21104934547408594,1,bisquare,8535,1.0,negbinomial,0.2842243727205218,True
CCTAGGCGTAGCGATC-1,9254.0,6957.0,L3,0,0.26860585648376617,1,bisquare,8535,1.0,negbinomial,0.2842243727205218,True
CCTAGGTAAAGGTAGC-1,3949.0,8743.0,L5,2,0.28102537918717724,1,bisquare,8535,1.0,negbinomial,0.2842243727205218,True
CCTAGTTAGTCGCATG-1,8158.0,4080.0,L3,0,0.22907830557045764,1,bisquare,8535,1.0,negbinomial,0.2842243727205218,True
CCTATAATGAGTGCCC-1,8767.0,9232.0,L6,3,0.28667737829477447,1,bisquare,8535,1.0,negbinomial,0.2842243727205218,True
CCTATACCGTCCTGTC-1,6289.0,9227.0,L6,3,0.202357410059963,1,bisquare,8535,1.0,negbinomial,0.2842243727205218,True
CCTATATCGTGTCACG-1,3878.0,9821.0,L6,3,0.519615774200008,1,bisquare,8535,1.0,negbinomial,0.2842243727205218,True
CCTATATTTGTCCTGG-1,6769.0,10066.0,WM,4,0.21359815791869136,1,bisquare,8535,1.0,negbinomial,0.2842243727205218,True
CCTATCTATATCGGAA-1,8501.0,4919.0,L3,0,0.3551489130676557,1,bisquare,8535,1.0,negbinomial,0.2842243727205218,True
CCTATGAAGTGGTGCC-1,10837.0,7080.0,L3,0,0.45361559820243674,1,bisquare,8535,1.0,negbinomial,0.2842243727205218,True
CCTATGGCTCCTAGTG-1,4841.0,10062.0,L6,3,0.27185716723418085,1,bisquare,8535,1.0,negbinomial,0.2842243727205218,True
CCTATGGGTTACCGTC-1,7947.0,6116.0,L3,0,0.2417059782145949,1,bisquare,8535,1.0,negbinomial,0.2842243727205218,True
CCTATGGTCAAAGCTG-1,7869.0,10787.0,WM,4,0.18704224872750436,1,bisquare,8535,1.0,negbinomial,0.2842243727205218,True
CCTATGTCCACTCCAC-1,9523.0,10072.0,L6,3,0.23013594576822557,1,bisquare,8535,1.0,negbinomial,0.2842243727205218,True
CCTCACCAATCTTGAC-1,5609.0,4673.0,L3,0,0.2075200016277491,1,bisquare,8535,1.0,negbinomial,0.2842243727205218,True
CCTCACCTGAGGGAGC-1,10219.0,6001.0,L3,0,0.22114739802909594,1,bisquare,8535,1.0,negbinomial,0.2842243727205218,True
CCTCACCTTAGCATCG-1,9875.0,5880.0,L3,0,0.18405341766276923,1,bisquare,8535,1.0,negbinomial,0.2842243727205218,True
CCTCACGTCAGCTAAT-1,11589.0,9837.0,L5,2,0.2287023904524193,1,bisquare,8535,1.0,negbinomial,0.2842243727205218,True
CCTCATGCAGCTACGA-1,5267.0,3834.0,L3,0,0.14356807063896707,1,bisquare,8535,1.0,negbinomial,0.2842243727205218,True
CCTCCCGACAATCCCT-1,7539.0,3719.0,L3,0,0.3741558236596481,1,bisquare,8535,1.0,negbinomial,0.2842243727205218,True
CCTCCGACAATTCAAG-1,5468.0,6590.0,L4,1,0.27322167119462126,1,bisquare,8535,1.0,negbinomial,0.2842243727205218,True
CCTCCTAGCTAGAGTC-1,4082.0,10660.0,L6,3,0.3309223830058458,1,bisquare,8535,1.0,negbinomial,0.2842243727205218,True
CCTCCTGAGCCCACAT-1,3745.0,7185.0,L3,0,0.30471601251563135,1,bisquare,8535,1.0,negbinomial,0.2842243727205218,True
CCTCCTGTTGTGTCGT-1,9798.0,10073.0,L6,3,0.28402816112112156,1,bisquare,8535,1.0,negbinomial,0.2842243727205218,True
CCTCGAAGTGGACGGG-1,8088.0,4439.0,L3,0,0.15597296599255212,1,bisquare,8535,1.0,negbinomial,0.2842243727205218,True
CCTCGCCAGCAAATTA-1,8294.0,4799.0,L3,0,0.2420768212836282,1,bisquare,8535,1.0,negbinomial,0.2842243727205218,True
CCTCGCGCGATATAGG-1,9739.0,5161.0,L3,0,0.24307061256188675,1,bisquare,8535,1.0,negbinomial,0.2842243727205218,True
CCTCGCGCTGTGCGAT-1,7252.0,9468.0,L6,3,0.17152759199848092,1,bisquare,8535,1.0,negbinomial,0.2842243727205218,True
CCTCGGACCGGGATAG-1,9046.0,7555.0,L4,1,0.3050765224030126,1,bisquare,8535,1.0,negbinomial,0.2842243727205218,True
CCTCGGATGCTACCTG-1,3885.0,6467.0,L3,0,0.39288769602007284,1,bisquare,8535,1.0,negbinomial,0.2842243727205218,True
CCTCGGTTTCCTTGCC-1,5803.0,11023.0,WM,4,0.25245672505149713,1,bisquare,8535,1.0,negbinomial,0.2842243727205218,True
CCTCGTTACGCCTGTT-1,10707.0,3246.0,L3,0,0.3470021027549692,1,bisquare,8535,1.0,negbinomial,0.2842243727205218,True
CCTCTAATCTGCCAAG-1,8224.0,5397.0,L3,0,0.38390773748411094,1,bisquare,8535,1.0,negbinomial,0.2842243727205218,True
CCTCTACAAGGATTGG-1,5046.0,10662.0,L6,3,0.12097148950959673,1,bisquare,8535,1.0,negbinomial,0.2842243727205218,True
CCTCTATCGATTAGCA-1,4981.0,8865.0,L6,3,0.3244565137138367,1,bisquare,8535,1.0,negbinomial,0.2842243727205218,True
CCTCTCTCCCATCTAG-1,5674.0,6710.0,L5,2,0.2828025343257204,1,bisquare,8535,1.0,negbinomial,0.2842243727205218,True
CCTCTGGCCTAGACGG-1,8364.0,4439.0,L3,0,0.14780456856255808,1,bisquare,8535,1.0,negbinomial,0.2842243727205218,True
CCTCTGTACTATTCTA-1,7391.0,8990.0,L6,3,0.2644440492485242,1,bisquare,8535,1.0,negbinomial,0.2842243727205218,True
CCTGAACGATATATTC-1,9047.0,7076.0,L3,0,0.5648751540032265,1,bisquare,8535,1.0,negbinomial,0.2842243727205218,True
CCTGAATATTTACATA-1,8086.0,5397.0,L3,0,0.42955816834999216,1,bisquare,8535,1.0,negbinomial,0.2842243727205218,True
CCTGACCACCGATGGT-1,7393.0,8031.0,L5,2,0.16265727256014637,1,bisquare,8535,1.0,negbinomial,0.2842243727205218,True
CCTGAGAATAAATGCA-1,5458.0,11142.0,WM,4,0.3529098264134507,1,bisquare,8535,1.0,negbinomial,0.2842243727205218,True
CCTGCCCGTTGTCTAG-1,3815.0,6826.0,L3,0,0.36286035229794644,1,bisquare,8535,1.0,negbinomial,0.2842243727205218,True
CCTGCGTTCTACGCTT-1,4160.0,6467.0,L3,0,0.3921929495887947,1,bisquare,8535,1.0,negbinomial,0.2842243727205218,True
CCTGCTATTTGAGAAG-1,6640.0,5754.0,L3,0,0.5045382300527556,1,bisquare,8535,1.0,negbinomial,0.2842243727205218,True
CCTGGAAACGTTCTGC-1,10974.0,7320.0,L3,0,0.43287268098159787,1,bisquare,8535,1.0,negbinomial,0.2842243727205218,True
CCTGGCTAGACCCGCC-1,6157.0,6112.0,L3,0,0.28341856061460075,1,bisquare,8535,1.0,negbinomial,0.2842243727205218,True
CCTGGTCGAATGTGGG-1,7940.0,9709.0,L6,3,0.180831349525366,1,bisquare,8535,1.0,negbinomial,0.2842243727205218,True
CCTGTAAGACATGATA-1,6018.0,7070.0,L5,2,0.28246344347390995,1,bisquare,8535,1.0,negbinomial,0.2842243727205218,True
CCTGTACTCACGCCCA-1,4846.0,7427.0,L5,2,0.24847097504025914,1,bisquare,8535,1.0,negbinomial,0.2842243727205218,True
CCTGTCACCCGGGCTC-1,7810.0,6115.0,L3,0,0.2773183599594499,1,bisquare,8535,1.0,negbinomial,0.2842243727205218,True
CCTGTCCCTCACGTTA-1,11044.0,6961.0,L3,0,0.41045453755630035,1,bisquare,8535,1.0,negbinomial,0.2842243727205218,True
CCTGTCGCCCGTAAAT-1,7464.0,6953.0,L4,1,0.3491705270918291,1,bisquare,8535,1.0,negbinomial,0.2842243727205218,True
CCTGTCGTGTATGAAG-1,3737.0,11019.0,L6,3,0.16740494344557816,1,bisquare,8535,1.0,negbinomial,0.2842243727205218,True
CCTGTGAAACCGTAAC-1,3333.0,6705.0,L3,0,0.1903412459644374,1,bisquare,8535,1.0,negbinomial,0.2842243727205218,True
CCTGTTCAACCTCGGG-1,6698.0,11144.0,WM,4,0.17574526396368437,1,bisquare,8535,1.0,negbinomial,0.2842243727205218,True
CCTGTTTGAAGACACG-1,9661.0,9593.0,L6,3,0.5632551149772338,1,bisquare,8535,1.0,negbinomial,0.2842243727205218,True
CCTTCAGTTAAAGTGA-1,6425.0,9946.0,WM,4,0.39432430670727375,1,bisquare,8535,1.0,negbinomial,0.2842243727205218,True
CCTTCCGCAACGCTGC-1,4219.0,11139.0,L6,3,0.2814042449133566,1,bisquare,8535,1.0,negbinomial,0.2842243727205218,True
CCTTCGTATAGAATCC-1,7387.0,10906.0,WM,4,0.16687628739073138,1,bisquare,8535,1.0,negbinomial,0.2842243727205218,True
CCTTCTCAGCGTTCCT-1,4226.0,7785.0,L5,2,0.1707575687317867,1,bisquare,8535,1.0,negbinomial,0.2842243727205218,True
CCTTCTTGATCCAGTG-1,8225.0,4918.0,L3,0,0.15342350345586167,1,bisquare,8535,1.0,negbinomial,0.2842243727205218,True
CCTTGACCACTTTATT-1,10695.0,9236.0,L5,2,0.3359744466006958,1,bisquare,8535,1.0,negbinomial,0.2842243727205218,True
CCTTGTGAACGTGGTT-1,6491.0,11264.0,WM,4,0.1883565941119937,1,bisquare,8535,1.0,negbinomial,0.2842243727205218,True
CCTTTAAGGGAGCACT-1,6632.0,9587.0,L6,3,0.1905147344355208,1,bisquare,8535,1.0,negbinomial,0.2842243727205218,True
CCTTTCAATGAAGAAA-1,9738.0,5640.0,L3,0,0.43470747173497104,1,bisquare,8535,1.0,negbinomial,0.2842243727205218,True
CCTTTGAATTATGGCT-1,3603.0,9581.0,L5,2,0.08485804476652245,1,bisquare,8535,1.0,negbinomial,0.2842243727205218,True
CGAAACATAGATGGCA-1,8502.0,3960.0,L3,0,0.4515853989464913,1,bisquare,8535,1.0,negbinomial,0.2842243727205218,True
CGAAACGCAATTCATG-1,5466.0,7548.0,L5,2,0.3466288601528228,1,bisquare,8535,1.0,negbinomial,0.2842243727205218,True
CGAACAGTATGGGCGT-1,9801.0,8635.0,L5,2,0.2185214992915522,1,bisquare,8535,1.0,negbinomial,0.2842243727205218,True
CGAACATAGTCAGAAA-1,11119.0,3726.0,L3,0,0.34424021364841795,1,bisquare,8535,1.0,negbinomial,0.2842243727205218,True
CGAACCCGCATGCGTC-1,6565.0,8509.0,L6,3,0.3168719909000746,1,bisquare,8535,1.0,negbinomial,0.2842243727205218,True
CGAACCTCTTTCCTAG-1,4563.0,11260.0,L6,3,0.2443481668679377,1,bisquare,8535,1.0,negbinomial,0.2842243727205218,True
CGAACGCCCAGTGCCG-1,8020.0,4319.0,L3,0,0.24141727859309908,1,bisquare,8535,1.0,negbinomial,0.2842243727205218,True
CGAACGGCCGGACAAC-1,4225.0,8264.0,L5,2,0.3371520783299711,1,bisquare,8535,1.0,negbinomial,0.2842243727205218,True
CGAAGACGGTGAGTGC-1,3402.0,6585.0,L3,0,0.18603206028413438,1,bisquare,8535,1.0,negbinomial,0.2842243727205218,True
CGAAGATCAGTTTCAT-1,8005.0,11507.0,WM,4,0.10570840513361555,1,bisquare,8535,1.0,negbinomial,0.2842243727205218,True
CGAAGCTATAAATTCA-1,10428.0,4923.0,L3,0,0.36189267353005034,1,bisquare,8535,1.0,negbinomial,0.2842243727205218,True
CGAAGGGTTTCAGATT-1,4152.0,10540.0,L6,3,0.3747026466328625,1,bisquare,8535,1.0,negbinomial,0.2842243727205218,True
CGAAGTTGCTCTGTGT-1,5605.0,6590.0,L5,2,0.28962907303133684,1,bisquare,8535,1.0,negbinomial,0.2842243727205218,True
CGAATCTGCTCGACGC-1,4703.0,10062.0,L6,3,0.2846498426633997,1,bisquare,8535,1.0,negbinomial,0.2842243727205218,True
CGAATGAAGTCATTGC-1,4566.0,10062.0,L6,3,0.21503799024979262,1,bisquare,8535,1.0,negbinomial,0.2842243727205218,True
CGAATGACGCATAATG-1,7113.0,10187.0,WM,4,0.3351548117508546,1,bisquare,8535,1.0,negbinomial,0.2842243727205218,True
CGAATGGTAGGTCGTC-1,5182.0,11381.0,WM,4,0.26637218619177633,1,bisquare,8535,1.0,negbinomial,0.2842243727205218,True
CGACAATTTGATCTAA-1,9734.0,7796.0,L4,1,0.4030106809178606,1,bisquare,8535,1.0,negbinomial,0.2842243727205218,True
CGACACCGCTTAAGGA-1,11325.0,3846.0,L3,0,0.19946729094331125,1,bisquare,8535,1.0,negbinomial,0.2842243727205218,True
CGACACGCTCCGACAG-1,9664.0,8156.0,L4,1,0.32286990626599243,1,bisquare,8535,1.0,negbinomial,0.2842243727205218,True
CGACACGGATGCCCAC-1,11946.0,3488.0,L3,0,0.048708446484847664,1,bisquare,8535,1.0,negbinomial,0.2842243727205218,True
CGACAGTTCGCGTTAT-1,6087.0,6950.0,L5,2,0.3977424089511356,1,bisquare,8535,1.0,negbinomial,0.2842243727205218,True
CGACATGCGATCTTCT-1,7608.0,3599.0,L3,0,0.09772397483560638,1,bisquare,8535,1.0,negbinomial,0.2842243727205218,True
CGACCCTTAACGCCGG-1,4018.0,8384.0,L5,2,0.3462546164375464,1,bisquare,8535,1.0,negbinomial,0.2842243727205218,True
CGACGCATCCGTACCT-1,3880.0,8623.0,L5,2,0.1825304691894788,1,bisquare,8535,1.0,negbinomial,0.2842243727205218,True
CGACTCAGGATGTTAT-1,9326.0,5400.0,L3,0,0.18367855907759262,1,bisquare,8535,1.0,negbinomial,0.2842243727205218,True
CGACTCGGTACACGGT-1,11669.0,3967.0,L3,0,0.13997273283231468,1,bisquare,8535,1.0,negbinomial,0.2842243727205218,True
CGACTTTGTATAGCCT-1,10700.0,6600.0,L3,0,0.3724756623176225,1,bisquare,8535,1.0,negbinomial,0.2842243727205218,True
CGAGACCCTAGAGTGT-1,7393.0,7792.0,L5,2,0.3287041001097868,1,bisquare,8535,1.0,negbinomial,0.2842243727205218,True
CGAGACTACTGCTGCT-1,9933.0,11271.0,L6,3,0.14291637930213924,1,bisquare,8535,1.0,negbinomial,0.2842243727205218,True
CGAGAGATGTGAACCT-1,8223.0,6116.0,L3,0,0.259996888224528,1,bisquare,8535,1.0,negbinomial,0.2842243727205218,True
CGAGAGCGCGTAGATA-1,3675.0,8024.0,L5,2,0.17417805686991028,1,bisquare,8535,1.0,negbinomial,0.2842243727205218,True
CGAGAGCTTTCACTAC-1,9247.0,10311.0,L6,3,0.24823179655026822,1,bisquare,8535,1.0,negbinomial,0.2842243727205218,True
CGAGAGGGTAGCCGCG-1,10350.0,9355.0,L5,2,0.3602829141024392,1,bisquare,8535,1.0,negbinomial,0.2842243727205218,True
CGAGATTTCGCTCGGG-1,11180.0,7680.0,L3,0,0.2896518587222581,1,bisquare,8535,1.0,negbinomial,0.2842243727205218,True
CGAGCACTTCAAGTTT-1,4919.0,5391.0,L3,0,0.2359196986228395,1,bisquare,8535,1.0,negbinomial,0.2842243727205218,True
CGAGCGTTGATCAGCC-1,6368.0,4076.0,L3,0,0.13757616335853817,1,bisquare,8535,1.0,negbinomial,0.2842243727205218,True
CGAGCTGGGCTTTAGG-1,7813.0,4678.0,L3,0,0.21046440695416788,1,bisquare,8535,1.0,negbinomial,0.2842243727205218,True
CGAGGAGCTTCCATAT-1,11253.0,5404.0,L3,0,0.26904571276039047,1,bisquare,8535,1.0,negbinomial,0.2842243727205218,True
CGAGGATCGGGAACGA-1,11321.0,6003.0,L3,0,0.1683675202607088,1,bisquare,8535,1.0,negbinomial,0.2842243727205218,True
CGAGGCCAGGCATTGG-1,4715.0,4312.0,L3,0,0.1752357872796887,1,bisquare,8535,1.0,negbinomial,0.2842243727205218,True
CGAGGCTAAATATGGC-1,8085.0,6116.0,L3,0,0.2719736950736634,1,bisquare,8535,1.0,negbinomial,0.2842243727205218,True
CGAGGGACTGCGGTCG-1,8565.0,7195.0,L3,0,0.38545373720831294,1,bisquare,8535,1.0,negbinomial,0.2842243727205218,True
CGAGGGTATCCAGGTG-1,7319.0,10307.0,WM,4,0.16941768840552254,1,bisquare,8535,1.0,negbinomial,0.2842243727205218,True
CGAGTACTAAAGAGGA-1,5602.0,8028.0,L5,2,0.28560187397291276,1,bisquare,8535,1.0,negbinomial,0.2842243727205218,True
CGAGTGAAGGTACCAG-1,5187.0,9225.0,L6,3,0.5184088626049816,1,bisquare,8535,1.0,negbinomial,0.2842243727205218,True
CGAGTGCTATAGTTCG-1,5818.0,3835.0,L3,0,0.08930745064867247,1,bisquare,8535,1.0,negbinomial,0.2842243727205218,True
CGAGTTCTGTCCCACC-1,9049.0,5878.0,L3,0,0.17493076272987731,1,bisquare,8535,1.0,negbinomial,0.2842243727205218,True
CGAGTTTATCGGACTG-1,9598.0,7077.0,L3,0,0.3641474664257747,1,bisquare,8535,1.0,negbinomial,0.2842243727205218,True
CGATAACCAATTTGAG-1,11740.0,3368.0,L3,0,0.13352480101824113,1,bisquare,8535,1.0,negbinomial,0.2842243727205218,True
CGATAATACTCAGGTT-1,11248.0,7800.0,L3,0,0.5406814939085446,1,bisquare,8535,1.0,negbinomial,0.2842243727205218,True
CGATACCTCGCGGACA-1,6499.0,7430.0,L5,2,0.22019907011755807,1,bisquare,8535,1.0,negbinomial,0.2842243727205218,True
CGATAGCGATACAGTG-1,3876.0,10540.0,L6,3,0.32436983121857293,1,bisquare,8535,1.0,negbinomial,0.2842243727205218,True
CGATAGTCGTACTGCA-1,9246.0,10551.0,L6,3,0.12787661201639028,1,bisquare,8535,1.0,negbinomial,0.2842243727205218,True
CGATCATTAGAGGCAC-1,11600.0,4087.0,L3,0,0.31612925199950614,1,bisquare,8535,1.0,negbinomial,0.2842243727205218,True
CGATCCACCATTGTTG-1,6904.0,11265.0,WM,4,0.17892025715938395,1,bisquare,8535,1.0,negbinomial,0.2842243727205218,True
CGATCCGACCCAGTGC-1,6637.0,7191.0,L5,2,0.40696737967104724,1,bisquare,8535,1.0,negbinomial,0.2842243727205218,True
CGATCCTCGCAACATA-1,5942.0,10544.0,WM,4,0.2827812513912704,1,bisquare,8535,1.0,negbinomial,0.2842243727205218,True
CGATCGAGAAGCACCA-1,7592.0,11506.0,WM,4,0.23576576214808007,1,bisquare,8535,1.0,negbinomial,0.2842243727205218,True
CGATCTGTTGGAGGAC-1,4845.0,8146.0,L5,2,0.12015655566090662,1,bisquare,8535,1.0,negbinomial,0.2842243727205218,True
CGATGGACCCTACGCC-1,9808.0,5281.0,L3,0,0.2081308386045265,1,bisquare,8535,1.0,negbinomial,0.2842243727205218,True
CGATGTTGTTATCTAC-1,4016.0,9582.0,L5,2,0.20220523887386108,1,bisquare,8535,1.0,negbinomial,0.2842243727205218,True
CGATTAAATATCTCCT-1,7459.0,9349.0,L6,3,0.22000150255000414,1,bisquare,8535,1.0,negbinomial,0.2842243727205218,True
CGATTCGCCTGGCTGC-1,8216.0,9470.0,L6,3,0.33435043778081164,1,bisquare,8535,1.0,negbinomial,0.2842243727205218,True
CGCAAACACGAGTTAC-1,5745.0,5871.0,L3,0,0.3541264284030232,1,bisquare,8535,1.0,negbinomial,0.2842243727205218,True
CGCAATCGATCATTAG-1,3198.0,5507.0,L3,0,0.21215106004287554,1,bisquare,8535,1.0,negbinomial,0.2842243727205218,True
CGCAATTACTTTCGGT-1,5470.0,5392.0,L3,0,0.20988720064184047,1,bisquare,8535,1.0,negbinomial,0.2842243727205218,True
CGCAATTAGGGTAATA-1,6226.0,5992.0,L3,0,0.41908538684247115,1,bisquare,8535,1.0,negbinomial,0.2842243727205218,True
CGCAATTCTACAATAA-1,5125.0,5750.0,L3,0,0.35154315869043457,1,bisquare,8535,1.0,negbinomial,0.2842243727205218,True
CGCACATGTCCACTAC-1,9184.0,7316.0,L3,0,0.559923581949563,1,bisquare,8535,1.0,negbinomial,0.2842243727205218,True
CGCACGTCTGTTTATG-1,5390.0,10782.0,WM,4,0.22238947137588672,1,bisquare,8535,1.0,negbinomial,0.2842243727205218,True
CGCACGTGCGCTATCA-1,10010.0,7318.0,L3,0,0.5004655554231082,1,bisquare,8535,1.0,negbinomial,0.2842243727205218,True
CGCAGAAACATTTGCG-1,7195.0,3598.0,L3,0,0.144114425762685,1,bisquare,8535,1.0,negbinomial,0.2842243727205218,True
CGCAGATCTTCACCCG-1,10978.0,5643.0,L3,0,0.328508995685512,1,bisquare,8535,1.0,negbinomial,0.2842243727205218,True
CGCAGGCGATCCAAAC-1,10214.0,8876.0,L5,2,0.4947841443977411,1,bisquare,8535,1.0,negbinomial,0.2842243727205218,True
CGCATCATGGCTTCAG-1,9054.0,3722.0,L3,0,0.1490373897170694,1,bisquare,8535,1.0,negbinomial,0.2842243727205218,True
CGCATCCATCAGCCAG-1,11183.0,6003.0,L3,0,0.23323227429910726,1,bisquare,8535,1.0,negbinomial,0.2842243727205218,True
CGCATGCCGAATGCGT-1,9315.0,10671.0,WM,4,0.40792085169593195,1,bisquare,8535,1.0,negbinomial,0.2842243727205218,True
CGCATGGTGCGATGCT-1,7738.0,7433.0,L5,2,0.28485849291931736,1,bisquare,8535,1.0,negbinomial,0.2842243727205218,True
CGCATTAGCTAATAGG-1,7122.0,5874.0,L3,0,0.453259869399165,1,bisquare,8535,1.0,negbinomial,0.2842243727205218,True
CGCCAAGAAGCCGAGT-1,4365.0,7306.0,L5,2,0.2549408873198967,1,bisquare,8535,1.0,negbinomial,0.2842243727205218,True
CGCCACAGGTCGCGAT-1,3811.0,8503.0,L5,2,0.3660549525221436,1,bisquare,8535,1.0,negbinomial,0.2842243727205218,True
CGCCATCCGATTATGA-1,8706.0,5518.0,L3,0,0.44146815116841415,1,bisquare,8535,1.0,negbinomial,0.2842243727205218,True
CGCCCAGCACGCCTAG-1,6701.0,9707.0,WM,4,0.3819365266376276,1,bisquare,8535,1.0,negbinomial,0.2842243727205218,True
CGCCCAGCGTTTCACG-1,9315.0,10431.0,L6,3,0.13891171503138502,1,bisquare,8535,1.0,negbinomial,0.2842243727205218,True
CGCCCGCTTCCGTACA-1,8707.0,4799.0,L3,0,0.16267279393631,1,bisquare,8535,1.0,negbinomial,0.2842243727205218,True
CGCCCTAATTGTTCAA-1,3945.0,10660.0,L6,3,0.31546322632380697,1,bisquare,8535,1.0,negbinomial,0.2842243727205218,True
CGCCCTTGAAGGCTGA-1,4575.0,5510.0,L3,0,0.26055824131165534,1,bisquare,8535,1.0,negbinomial,0.2842243727205218,True
CGCCGACTATTCGCTA-1,3540.0,6825.0,L3,0,0.1882997725348538,1,bisquare,8535,1.0,negbinomial,0.2842243727205218,True
CGCCGCCCATGCCTGT-1,8909.0,7316.0,L3,0,0.29664540535506984,1,bisquare,8535,1.0,negbinomial,0.2842243727205218,True
CGCCGCGTTCTGAACG-1,6284.0,11383.0,WM,4,0.1318420938622115,1,bisquare,8535,1.0,negbinomial,0.2842243727205218,True
CGCCGGTGTCGCAGTA-1,11945.0,3728.0,L3,0,0.11140266340353344,1,bisquare,8535,1.0,negbinomial,0.2842243727205218,True
CGCCGTCTACCCATCG-1,11594.0,7201.0,L3,0,0.2728386147187055,1,bisquare,8535,1.0,negbinomial,0.2842243727205218,True
CGCCGTTCAGCATAGT-1,10350.0,9595.0,L5,2,0.49169652345747455,1,bisquare,8535,1.0,negbinomial,0.2842243727205218,True
CGCCTCCCTCCTCTAT-1,8219.0,7793.0,L5,2,0.20357971119057158,1,bisquare,8535,1.0,negbinomial,0.2842243727205218,True
CGCCTGGCCTACGTAA-1,5053.0,7547.0,L5,2,0.21411743017063187,1,bisquare,8535,1.0,negbinomial,0.2842243727205218,True
CGCCTTTAGCATGCTC-1,11248.0,8039.0,L3,0,0.2345886462215934,1,bisquare,8535,1.0,negbinomial,0.2842243727205218,True
CGCGAAGTGGCATACT-1,9797.0,10312.0,L6,3,0.190068283807011,1,bisquare,8535,1.0,negbinomial,0.2842243727205218,True
CGCGACACTGCGCAGC-1,4024.0,5509.0,L3,0,0.24636830134319077,1,bisquare,8535,1.0,negbinomial,0.2842243727205218,True
CGCGACCGCGACAGAT-1,8766.0,9711.0,L6,3,0.459698070931415,1,bisquare,8535,1.0,negbinomial,0.2842243727205218,True
CGCGAGAGGGACTTGT-1,10636.0,4564.0,L3,0,0.21063907167497647,1,bisquare,8535,1.0,negbinomial,0.2842243727205218,True
CGCGAGTCTGCCGGGT-1,4568.0,8864.0,L5,2,0.16393696364760443,1,bisquare,8535,1.0,negbinomial,0.2842243727205218,True
CGCGCAAATGTCCAGA-1,4842.0,9344.0,L6,3,0.5114960500638371,1,bisquare,8535,1.0,negbinomial,0.2842243727205218,True
CGCGCATGTTTGATTG-1,6909.0,8629.0,L6,3,0.2046352203420659,1,bisquare,8535,1.0,negbinomial,0.2842243727205218,True
CGCGCCCGACTTAATA-1,8362.0,5158.0,L3,0,0.17059545372426785,1,bisquare,8535,1.0,negbinomial,0.2842243727205218,True
CGCGGCAGTATTACGG-1,4303.0,4072.0,L3,0,0.17462220242707147,1,bisquare,8535,1.0,negbinomial,0.2842243727205218,True
CGCGGCTCAACTTGAA-1,9872.0,7797.0,L3,0,0.5035687381852784,1,bisquare,8535,1.0,negbinomial,0.2842243727205218,True
CGCGGGAATTAGGCAG-1,8705.0,5997.0,L3,0,0.2643917802931492,1,bisquare,8535,1.0,negbinomial,0.2842243727205218,True
CGCGGGAATTCCTTTC-1,8969.0,11269.0,WM,4,0.22442920113032616,1,bisquare,8535,1.0,negbinomial,0.2842243727205218,True
CGCGGTAAGTCTAGCT-1,11321.0,6242.0,L3,0,0.16966630615268907,1,bisquare,8535,1.0,negbinomial,0.2842243727205218,True
CGCGGTACGGTATACA-1,11313.0,10076.0,L5,2,0.18863809071120516,1,bisquare,8535,1.0,negbinomial,0.2842243727205218,True
CGCGGTCACAAACCAA-1,10497.0,4803.0,L3,0,0.2700425070903991,1,bisquare,8535,1.0,negbinomial,0.2842243727205218,True
CGCGTACATTCTGGAA-1,11464.0,3368.0,L3,0,0.08281204069659226,1,bisquare,8535,1.0,negbinomial,0.2842243727205218,True
CGCGTTCATGAAATAC-1,6709.0,5873.0,L3,0,0.39302841335502187,1,bisquare,8535,1.0,negbinomial,0.2842243727205218,True
CGCTACGGGACATTTA-1,6499.0,7191.0,L5,2,0.21958455894831222,1,bisquare,8535,1.0,negbinomial,0.2842243727205218,True
CGCTAGAGACCGCTGC-1,10148.0,7318.0,L3,0,0.3571906464969137,1,bisquare,8535,1.0,negbinomial,0.2842243727205218,True
CGCTATACCGCCCACT-1,5679.0,4314.0,L3,0,0.1409565143902249,1,bisquare,8535,1.0,negbinomial,0.2842243727205218,True
CGCTATTCAATGTATG-1,5334.0,4912.0,L3,0,0.2858762979096031,1,bisquare,8535,1.0,negbinomial,0.2842243727205218,True
CGCTATTCTTAGGCTC-1,7325.0,7192.0,L5,2,0.26866595855150244,1,bisquare,8535,1.0,negbinomial,0.2842243727205218,True
CGCTCGACATAATGAT-1,6297.0,5154.0,L3,0,0.24826021304422793,1,bisquare,8535,1.0,negbinomial,0.2842243727205218,True
CGCTCTCCGTAGATTA-1,5743.0,6590.0,L5,2,0.3863104235582195,1,bisquare,8535,1.0,negbinomial,0.2842243727205218,True
CGCTGGTGACTACCCT-1,9939.0,8396.0,L4,1,0.27149851595032787,1,bisquare,8535,1.0,negbinomial,0.2842243727205218,True
CGCTGTGACGCCGCAC-1,6434.0,5633.0,L3,0,0.21365157404535992,1,bisquare,8535,1.0,negbinomial,0.2842243727205218,True
CGCTGTGTGGATGTTG-1,6150.0,9706.0,WM,4,0.5330873284616128,1,bisquare,8535,1.0,negbinomial,0.2842243727205218,True
CGCTTAGTATTGATAC-1,6768.0,10546.0,WM,4,0.2942849205898734,1,bisquare,8535,1.0,negbinomial,0.2842243727205218,True
CGCTTATTCCCGGTCG-1,5259.0,7667.0,L5,2,0.22264960526695507,1,bisquare,8535,1.0,negbinomial,0.2842243727205218,True
CGCTTCCACTGAAATC-1,6091.0,4794.0,L3,0,0.37489742323859354,1,bisquare,8535,1.0,negbinomial,0.2842243727205218,True
CGCTTCGGTCTAAGAC-1,10348.0,10553.0,L6,3,0.2807393136827513,1,bisquare,8535,1.0,negbinomial,0.2842243727205218,True
CGCTTGGACGGATAGA-1,11244.0,10195.0,L6,3,0.2770439791355446,1,bisquare,8535,1.0,negbinomial,0.2842243727205218,True
CGCTTTCATACCGGTG-1,6643.0,4316.0,L3,0,0.27631916353957614,1,bisquare,8535,1.0,negbinomial,0.2842243727205218,True
CGCTTTCCGCCAAGGT-1,8487.0,11388.0,WM,4,0.14550775921172213,1,bisquare,8535,1.0,negbinomial,0.2842243727205218,True
CGCTTTCTTGCATTCG-1,9048.0,6357.0,L3,0,0.18450668129602396,1,bisquare,8535,1.0,negbinomial,0.2842243727205218,True
CGGAAAGAATCAAACG-1,6494.0,9587.0,L6,3,0.15988525226764208,1,bisquare,8535,1.0,negbinomial,0.2842243727205218,True
CGGAACGTAAACATAG-1,6290.0,8269.0,L6,3,0.4857097454231024,1,bisquare,8535,1.0,negbinomial,0.2842243727205218,True
CGGACCTTTACGTCCC-1,8075.0,11147.0,WM,4,0.19084091261962546,1,bisquare,8535,1.0,negbinomial,0.2842243727205218,True
CGGACGTTACTTGAAG-1,3607.0,7664.0,L4,1,0.11556935439201049,1,bisquare,8535,1.0,negbinomial,0.2842243727205218,True
CGGAGCAATTTAATCG-1,7321.0,9109.0,L6,3,0.47658177166803867,1,bisquare,8535,1.0,negbinomial,0.2842243727205218,True
CGGAGCATGGCGATCC-1,7807.0,7313.0,L5,2,0.4425264743051918,1,bisquare,8535,1.0,negbinomial,0.2842243727205218,True
CGGAGCTTATAACACC-1,9122.0,3842.0,L3,0,0.427621184854021,1,bisquare,8535,1.0,negbinomial,0.2842243727205218,True
CGGAGTCCTAACCTGG-1,10226.0,2646.0,L3,0,0.4071746946941313,1,bisquare,8535,1.0,negbinomial,0.2842243727205218,True
CGGAGTTTGAGAGACA-1,5537.0,6230.0,L3,0,0.3028670184014899,1,bisquare,8535,1.0,negbinomial,0.2842243727205218,True
CGGATAAGCGGACATG-1,4370.0,4910.0,L3,0,0.2524038236039314,1,bisquare,8535,1.0,negbinomial,0.2842243727205218,True
CGGATCCTCAAGGACT-1,8697.0,9831.0,L6,3,0.2539834909234515,1,bisquare,8535,1.0,negbinomial,0.2842243727205218,True
CGGATGAATGCTGTGA-1,4701.0,11021.0,L6,3,0.22502165504910232,1,bisquare,8535,1.0,negbinomial,0.2842243727205218,True
CGGCAAACATCGTGCG-1,7735.0,8870.0,L6,3,0.46823216906325116,1,bisquare,8535,1.0,negbinomial,0.2842243727205218,True
CGGCAATAAGATCGCC-1,10626.0,9116.0,L5,2,0.47196064372621654,1,bisquare,8535,1.0,negbinomial,0.2842243727205218,True
CGGCACCGTTAGCGCC-1,9329.0,3962.0,L3,0,0.3386915683878589,1,bisquare,8535,1.0,negbinomial,0.2842243727205218,True
CGGCACTCAAGAAAGT-1,5129.0,4073.0,L3,0,0.1437909652987581,1,bisquare,8535,1.0,negbinomial,0.2842243727205218,True
CGGCAGGGTCGGGTTG-1,9668.0,6479.0,L3,0,0.2830813175011695,1,bisquare,8535,1.0,negbinomial,0.2842243727205218,True
CGGCCACGCACAAAGT-1,7257.0,6833.0,L4,1,0.3394256876718924,1,bisquare,8535,1.0,negbinomial,0.2842243727205218,True
CGGCCAGAGCGACCAT-1,6561.0,10665.0,WM,4,0.17615614402297133,1,bisquare,8535,1.0,negbinomial,0.2842243727205218,True
CGGCCCAACCTGTAGT-1,10908.0,6002.0,L3,0,0.2386319843266244,1,bisquare,8535,1.0,negbinomial,0.2842243727205218,True
CGGCCCAGGTATATCC-1,10422.0,7798.0,L3,0,0.5402832281666614,1,bisquare,8535,1.0,negbinomial,0.2842243727205218,True
CGGCGCCATCAATCCC-1,9592.0,9713.0,L6,3,0.5585304350054654,1,bisquare,8535,1.0,negbinomial,0.2842243727205218,True
CGGCTCTAAAGCTGCA-1,10766.0,8158.0,L3,0,0.5729026679254177,1,bisquare,8535,1.0,negbinomial,0.2842243727205218,True
CGGCTCTTCGTCGAAC-1,9123.0,3602.0,L3,0,0.19737856354010377,1,bisquare,8535,1.0,negbinomial,0.2842243727205218,True
CGGCTTTGTATGATAA-1,7057.0,3598.0,L3,0,0.28847197064979396,1,bisquare,8535,1.0,negbinomial,0.2842243727205218,True
CGGGAACGCCCTGCAT-1,3806.0,11138.0,L6,3,0.5196546687932401,1,bisquare,8535,1.0,negbinomial,0.2842243727205218,True
CGGGAAGTACCGTGGC-1,4013.0,11019.0,L6,3,0.3471705233337897,1,bisquare,8535,1.0,negbinomial,0.2842243727205218,True
CGGGAATATAGTATAC-1,10421.0,8277.0,L4,1,0.38573488876769596,1,bisquare,8535,1.0,negbinomial,0.2842243727205218,True
CGGGAATTTATGTAAA-1,7668.0,8032.0,L5,2,0.40375644925664256,1,bisquare,8535,1.0,negbinomial,0.2842243727205218,True
CGGGAGCTTCAGTGTA-1,9457.0,8515.0,L5,2,0.16656248364862836,1,bisquare,8535,1.0,negbinomial,0.2842243727205218,True
CGGGAGTATACCGCCG-1,4232.0,4910.0,L3,0,0.18886071138653435,1,bisquare,8535,1.0,negbinomial,0.2842243727205218,True
CGGGATCAATGTAAGA-1,7260.0,5395.0,L3,0,0.4490458451746096,1,bisquare,8535,1.0,negbinomial,0.2842243727205218,True
CGGGCAGCTAAACCGC-1,7052.0,6473.0,L4,1,0.19258946055889986,1,bisquare,8535,1.0,negbinomial,0.2842243727205218,True
CGGGCCATAGCCGCAC-1,4440.0,4311.0,L3,0,0.12981951320761229,1,bisquare,8535,1.0,negbinomial,0.2842243727205218,True
CGGGCCTTCTTTGTAA-1,6980.0,7551.0,L5,2,0.311573853825184,1,bisquare,8535,1.0,negbinomial,0.2842243727205218,True
CGGGCGATGGATCACG-1,8350.0,10908.0,WM,4,0.2520634204329643,1,bisquare,8535,1.0,negbinomial,0.2842243727205218,True
CGGGTGTACCCATTTA-1,9117.0,6477.0,L3,0,0.3494755368054212,1,bisquare,8535,1.0,negbinomial,0.2842243727205218,True
CGGGTTCGGCACGTAT-1,10569.0,3486.0,L3,0,0.21995169928714525,1,bisquare,8535,1.0,negbinomial,0.2842243727205218,True
CGGGTTTGTTAGGGCT-1,11039.0,9356.0,L5,2,0.29114553381378083,1,bisquare,8535,1.0,negbinomial,0.2842243727205218,True
CGGTACTAGAATCAAA-1,8908.0,7795.0,L4,1,0.3604738426298424,1,bisquare,8535,1.0,negbinomial,0.2842243727205218,True
CGGTAGAGGTGCAGGT-1,9532.0,5280.0,L3,0,0.23494856256445903,1,bisquare,8535,1.0,negbinomial,0.2842243727205218,True
CGGTATAGGTATTAGC-1,10017.0,3964.0,L3,0,0.2521891660680453,1,bisquare,8535,1.0,negbinomial,0.2842243727205218,True
CGGTATGGGCACTCTG-1,8487.0,11627.0,WM,4,0.12408374711731238,1,bisquare,8535,1.0,negbinomial,0.2842243727205218,True
CGGTCAAGTGGGAACC-1,8705.0,5758.0,L3,0,0.4859810983765354,1,bisquare,8535,1.0,negbinomial,0.2842243727205218,True
CGGTCAGTCCATATTT-1,11864.0,9598.0,L5,2,0.21828032299333155,1,bisquare,8535,1.0,negbinomial,0.2842243727205218,True
CGGTCCATGAGACTCC-1,11323.0,5044.0,L3,0,0.349267665112479,1,bisquare,8535,1.0,negbinomial,0.2842243727205218,True
CGGTCCGTCGCAAGCC-1,6700.0,10186.0,WM,4,0.23876450248590278,1,bisquare,8535,1.0,negbinomial,0.2842243727205218,True
CGGTCTATCAACCCGT-1,8845.0,4800.0,L3,0,0.3840807357457886,1,bisquare,8535,1.0,negbinomial,0.2842243727205218,True
CGGTGAAGACTAAAGT-1,4779.0,6828.0,L4,1,0.2973009774016181,1,bisquare,8535,1.0,negbinomial,0.2842243727205218,True
CGGTGCAGATAGAACG-1,5672.0,7668.0,L5,2,0.3315023546775635,1,bisquare,8535,1.0,negbinomial,0.2842243727205218,True
CGGTGCGCGTTGGTCC-1,5877.0,8507.0,L6,3,0.2886581923548322,1,bisquare,8535,1.0,negbinomial,0.2842243727205218,True
CGGTGGGCTCCAGCCT-1,10016.0,4443.0,L3,0,0.22015907780981442,1,bisquare,8535,1.0,negbinomial,0.2842243727205218,True
CGGTGTACTTGATCCC-1,5334.0,4673.0,L3,0,0.28347780267375294,1,bisquare,8535,1.0,negbinomial,0.2842243727205218,True
CGGTTATCCAACAGTG-1,9944.0,6240.0,L3,0,0.2103914821479134,1,bisquare,8535,1.0,negbinomial,0.2842243727205218,True
CGGTTCAAGTAGGTGT-1,9945.0,5521.0,L3,0,0.21224559627104944,1,bisquare,8535,1.0,negbinomial,0.2842243727205218,True
CGGTTCCGGCTTCTTG-1,5198.0,3714.0,L3,0,0.2334301699995682,1,bisquare,8535,1.0,negbinomial,0.2842243727205218,True
CGGTTGACCTGGCATA-1,4916.0,7307.0,L5,2,0.21266142077904074,1,bisquare,8535,1.0,negbinomial,0.2842243727205218,True
CGGTTGAGTATCCTTC-1,5253.0,10542.0,WM,4,0.5410260969139605,1,bisquare,8535,1.0,negbinomial,0.2842243727205218,True
CGGTTGGGCAGGGTCC-1,8349.0,11387.0,WM,4,0.20250165290323976,1,bisquare,8535,1.0,negbinomial,0.2842243727205218,True
CGGTTGGGTTCAAGTT-1,10087.0,3604.0,L3,0,0.29325162723871406,1,bisquare,8535,1.0,negbinomial,0.2842243727205218,True
CGGTTTATGAAGGAAC-1,10362.0,3845.0,L3,0,0.46108392146977867,1,bisquare,8535,1.0,negbinomial,0.2842243727205218,True
CGTAAACGCTTGAGTG-1,4785.0,3953.0,L3,0,0.1699714021948513,1,bisquare,8535,1.0,negbinomial,0.2842243727205218,True
CGTAAAGCAAGAAATC-1,5114.0,11021.0,WM,4,0.5506662681695876,1,bisquare,8535,1.0,negbinomial,0.2842243727205218,True
CGTAAATAACAAAGGG-1,6972.0,11624.0,WM,4,0.23513701017209068,1,bisquare,8535,1.0,negbinomial,0.2842243727205218,True
CGTAACTTCGACACTT-1,6630.0,10785.0,WM,4,0.2370542232281655,1,bisquare,8535,1.0,negbinomial,0.2842243727205218,True
CGTACCTGATAGGCCT-1,7880.0,5277.0,L3,0,0.3849345834474123,1,bisquare,8535,1.0,negbinomial,0.2842243727205218,True
CGTAGAGAGTAATTAT-1,9177.0,10670.0,WM,4,0.3839968100595478,1,bisquare,8535,1.0,negbinomial,0.2842243727205218,True
CGTAGCGAATTGTCAG-1,8089.0,4199.0,L3,0,0.12572220706868445,1,bisquare,8535,1.0,negbinomial,0.2842243727205218,True
CGTAGCGCCGACGTTG-1,6851.0,3478.0,L3,0,0.14296396305277675,1,bisquare,8535,1.0,negbinomial,0.2842243727205218,True
CGTATTAAGAGATCTA-1,6914.0,6473.0,L4,1,0.2340743034637079,1,bisquare,8535,1.0,negbinomial,0.2842243727205218,True
CGTATTGTTTCCTAAT-1,11804.0,5405.0,L3,0,0.12416568179823903,1,bisquare,8535,1.0,negbinomial,0.2842243727205218,True
CGTCAAATGGTCGCAG-1,11736.0,5045.0,L3,0,0.25794989224789727,1,bisquare,8535,1.0,negbinomial,0.2842243727205218,True
CGTCAAGGCTATAAAT-1,4160.0,6228.0,L3,0,0.3194103357161803,1,bisquare,8535,1.0,negbinomial,0.2842243727205218,True
CGTCACGTCCATTGGT-1,6704.0,8269.0,L6,3,0.3058741759091168,1,bisquare,8535,1.0,negbinomial,0.2842243727205218,True
CGTCAGTGCGCACAAG-1,6575.0,3956.0,L3,0,0.17236219134902694,1,bisquare,8535,1.0,negbinomial,0.2842243727205218,True
CGTCATACCATATCCA-1,4576.0,5031.0,L3,0,0.20600925942575082,1,bisquare,8535,1.0,negbinomial,0.2842243727205218,True
CGTCCTCATCGCGTGC-1,10828.0,11153.0,L6,3,0.33645095631659316,1,bisquare,8535,1.0,negbinomial,0.2842243727205218,True
CGTCGCATGTGAGCCA-1,8489.0,10429.0,WM,4,0.2956099979322721,1,bisquare,8535,1.0,negbinomial,0.2842243727205218,True
CGTCGCGGCGGGATTT-1,4165.0,4071.0,L3,0,0.2182700969379414,1,bisquare,8535,1.0,negbinomial,0.2842243727205218,True
CGTCGCTTGGTTATAC-1,4910.0,10182.0,L6,3,0.23280760172540224,1,bisquare,8535,1.0,negbinomial,0.2842243727205218,True
CGTCGGATAGTGTTGA-1,9805.0,6718.0,L3,0,0.28970977303185885,1,bisquare,8535,1.0,negbinomial,0.2842243727205218,True
CGTCGGGTCTAAGCGC-1,4705.0,9104.0,L6,3,0.321343198561023,1,bisquare,8535,1.0,negbinomial,0.2842243727205218,True
CGTCGTCCTTCGCGAA-1,8423.0,9351.0,L6,3,0.3964765832678093,1,bisquare,8535,1.0,negbinomial,0.2842243727205218,True
CGTCTCTCGCCGAGGC-1,11946.0,3249.0,L3,0,0.06483431714843677,1,bisquare,8535,1.0,negbinomial,0.2842243727205218,True
CGTCTGGAAGGGCCCG-1,7469.0,4557.0,L3,0,0.26245435215887014,1,bisquare,8535,1.0,negbinomial,0.2842243727205218,True
CGTCTTGAGTGTGACG-1,11800.0,7561.0,L3,0,0.2581212186188838,1,bisquare,8535,1.0,negbinomial,0.2842243727205218,True
CGTGAAGTTAATTCAC-1,7050.0,7432.0,L5,2,0.20703148896254128,1,bisquare,8535,1.0,negbinomial,0.2842243727205218,True
CGTGACATTGGGTCGT-1,8915.0,4440.0,L3,0,0.3087763050375495,1,bisquare,8535,1.0,negbinomial,0.2842243727205218,True
CGTGACCAGTCCTCTG-1,6975.0,10187.0,WM,4,0.22668106192096757,1,bisquare,8535,1.0,negbinomial,0.2842243727205218,True
CGTGCACACCACTGTA-1,9382.0,11270.0,WM,4,0.21751810717901515,1,bisquare,8535,1.0,negbinomial,0.2842243727205218,True
CGTGCAGACTGGGACA-1,8289.0,7434.0,L4,1,0.1815112449598873,1,bisquare,8535,1.0,negbinomial,0.2842243727205218,True
CGTGCATTGTCGACGC-1,5329.0,7308.0,L5,2,0.34236979686640784,1,bisquare,8535,1.0,negbinomial,0.2842243727205218,True
CGTGCCCTCCCGAAGA-1,8495.0,7794.0,L5,2,0.23876484775508827,1,bisquare,8535,1.0,negbinomial,0.2842243727205218,True
CGTGCTTCTACCTAAA-1,5116.0,10063.0,L6,3,0.36105872935372796,1,bisquare,8535,1.0,negbinomial,0.2842243727205218,True
CGTGGAAGCCTCGTAC-1,11454.0,8399.0,L3,0,0.3361325638532034,1,bisquare,8535,1.0,negbinomial,0.2842243727205218,True
CGTGGCCGAATATCTA-1,10146.0,8276.0,L4,1,0.26920142698582017,1,bisquare,8535,1.0,negbinomial,0.2842243727205218,True
CGTGGTACCCAAAGGC-1,6079.0,10544.0,WM,4,0.26111207795442837,1,bisquare,8535,1.0,negbinomial,0.2842243727205218,True
CGTGTATGGGAGCTGA-1,10830.0,10434.0,L6,3,0.06388536480943381,1,bisquare,8535,1.0,negbinomial,0.2842243727205218,True
CGTGTCCCATTCGCGA-1,5951.0,5992.0,L3,0,0.14735836034035113,1,bisquare,8535,1.0,negbinomial,0.2842243727205218,True
CGTGTCTCGTTACGAC-1,5530.0,9824.0,L6,3,0.15102037326379594,1,bisquare,8535,1.0,negbinomial,0.2842243727205218,True
CGTGTGTTAAACCCTG-1,11182.0,6482.0,L3,0,0.18558340956599256,1,bisquare,8535,1.0,negbinomial,0.2842243727205218,True
CGTTAAACTAGTTAGG-1,10834.0,8517.0,L4,1,0.40497604481289545,1,bisquare,8535,1.0,negbinomial,0.2842243727205218,True
CGTTAATGTCCCGACG-1,9179.0,9712.0,L6,3,0.49378857336222015,1,bisquare,8535,1.0,negbinomial,0.2842243727205218,True
CGTTAGCTCACAACTG-1,9397.0,4322.0,L3,0,0.34987185760992157,1,bisquare,8535,1.0,negbinomial,0.2842243727205218,True
CGTTCAAGGAAACGGA-1,6354.0,11024.0,WM,4,0.21394295506328218,1,bisquare,8535,1.0,negbinomial,0.2842243727205218,True
CGTTCAGACCCGCGAA-1,7388.0,10427.0,WM,4,0.14812847771952514,1,bisquare,8535,1.0,negbinomial,0.2842243727205218,True
CGTTCATGGTGCGCGT-1,4569.0,8385.0,L5,2,0.1654670374025935,1,bisquare,8535,1.0,negbinomial,0.2842243727205218,True
CGTTCTTCGCACACCT-1,10704.0,4923.0,L3,0,0.29868665458071286,1,bisquare,8535,1.0,negbinomial,0.2842243727205218,True
CGTTGAATACCGCGCT-1,8491.0,9471.0,L6,3,0.2697064570098719,1,bisquare,8535,1.0,negbinomial,0.2842243727205218,True
CGTTGAGCGACCGTCG-1,8288.0,7913.0,L5,2,0.192676197459044,1,bisquare,8535,1.0,negbinomial,0.2842243727205218,True
CGTTGAGTAATTGCGT-1,10155.0,3964.0,L3,0,0.2885459069042391,1,bisquare,8535,1.0,negbinomial,0.2842243727205218,True
CGTTGCCCGCGTGGGA-1,6286.0,10425.0,WM,4,0.14197682961643074,1,bisquare,8535,1.0,negbinomial,0.2842243727205218,True
CGTTGTAAACGTCAGG-1,4094.0,5149.0,L3,0,0.18637233859408708,1,bisquare,8535,1.0,negbinomial,0.2842243727205218,True
CGTTGTAAGATTGATT-1,10633.0,5762.0,L3,0,0.2785046225389876,1,bisquare,8535,1.0,negbinomial,0.2842243727205218,True
CGTTGTCGGCAATTGA-1,7732.0,10308.0,WM,4,0.2247411039582565,1,bisquare,8535,1.0,negbinomial,0.2842243727205218,True
CGTTGTTTCAATTCCC-1,5949.0,6710.0,L5,2,0.2291432196703519,1,bisquare,8535,1.0,negbinomial,0.2842243727205218,True
CGTTTAAGCGGAGCAC-1,7263.0,4197.0,L3,0,0.18689203609541413,1,bisquare,8535,1.0,negbinomial,0.2842243727205218,True
CGTTTACAAGGCAGCT-1,11254.0,5164.0,L3,0,0.2568437361250271,1,bisquare,8535,1.0,negbinomial,0.2842243727205218,True
CGTTTCACTTCGGGCG-1,9533.0,4801.0,L3,0,0.14589413754402164,1,bisquare,8535,1.0,negbinomial,0.2842243727205218,True
CGTTTCGCTCATTACA-1,6569.0,6832.0,L5,2,0.20704650281958334,1,bisquare,8535,1.0,negbinomial,0.2842243727205218,True
CGTTTGGTGTTGTGGG-1,11450.0,10076.0,L5,2,0.11409961896359204,1,bisquare,8535,1.0,negbinomial,0.2842243727205218,True
CGTTTGTGTAGAGGGT-1,6013.0,9226.0,L6,3,0.35321913181263764,1,bisquare,8535,1.0,negbinomial,0.2842243727205218,True
CTAAAGAATGCCTACT-1,5674.0,6949.0,L5,2,0.26911071622086286,1,bisquare,8535,1.0,negbinomial,0.2842243727205218,True
CTAAAGGGAAATAGGA-1,7462.0,7912.0,L5,2,0.2253606055415727,1,bisquare,8535,1.0,negbinomial,0.2842243727205218,True
CTAAATCCGGTGTACA-1,5599.0,9944.0,L6,3,0.17232913314878637,1,bisquare,8535,1.0,negbinomial,0.2842243727205218,True
CTAAATCCTATTCCGG-1,8981.0,5758.0,L3,0,0.4849072083395778,1,bisquare,8535,1.0,negbinomial,0.2842243727205218,True
CTAACCGCGCGCCCGT-1,5604.0,7069.0,L5,2,0.3563566432656506,1,bisquare,8535,1.0,negbinomial,0.2842243727205218,True
CTAACGAAACTTGCTG-1,9668.0,6239.0,L3,0,0.46870880780216345,1,bisquare,8535,1.0,negbinomial,0.2842243727205218,True
CTAACTGATAATCGCC-1,10212.0,9594.0,L5,2,0.3689524538246739,1,bisquare,8535,1.0,negbinomial,0.2842243727205218,True
CTAACTGGTCCGGTTC-1,5670.0,8627.0,L6,3,0.3994750377633654,1,bisquare,8535,1.0,negbinomial,0.2842243727205218,True
CTAAGGGAATGATTGG-1,8150.0,7913.0,L5,2,0.26507247588861316,1,bisquare,8535,1.0,negbinomial,0.2842243727205218,True
CTAAGTACAGGGCTAC-1,10225.0,3365.0,L3,0,0.24012754093547484,1,bisquare,8535,1.0,negbinomial,0.2842243727205218,True
CTAATTATGAAGCGTA-1,11532.0,3967.0,L3,0,0.24400177124472672,1,bisquare,8535,1.0,negbinomial,0.2842243727205218,True
CTAATTCGCACGCGCT-1,5538.0,5991.0,L3,0,0.31281806846866167,1,bisquare,8535,1.0,negbinomial,0.2842243727205218,True
CTAATTCTCAGATATT-1,10426.0,5881.0,L3,0,0.4207427349699016,1,bisquare,8535,1.0,negbinomial,0.2842243727205218,True
CTAATTTCAACAACAC-1,5058.0,5151.0,L3,0,0.22904982503534213,1,bisquare,8535,1.0,negbinomial,0.2842243727205218,True
CTACAAGAAATAACCC-1,5944.0,9586.0,L6,3,0.18875342107783455,1,bisquare,8535,1.0,negbinomial,0.2842243727205218,True
CTACACTCGCAGATGG-1,10143.0,9474.0,L5,2,0.21590976664188177,1,bisquare,8535,1.0,negbinomial,0.2842243727205218,True
CTACATATCGCGGGAC-1,4013.0,10780.0,L6,3,0.2246900603945119,1,bisquare,8535,1.0,negbinomial,0.2842243727205218,True
CTACCCTAAGGTCATA-1,9461.0,6358.0,L3,0,0.23452029131424532,1,bisquare,8535,1.0,negbinomial,0.2842243727205218,True
CTACGACTAGCTATAA-1,4847.0,7187.0,L5,2,0.19208994201031668,1,bisquare,8535,1.0,negbinomial,0.2842243727205218,True
CTACGATCCTATCCTA-1,4495.0,10900.0,L6,3,0.18809867413831674,1,bisquare,8535,1.0,negbinomial,0.2842243727205218,True
CTACGCACGGAGTACC-1,7120.0,6833.0,L5,2,0.30293161634579624,1,bisquare,8535,1.0,negbinomial,0.2842243727205218,True
CTACGCCATTTCCGAT-1,8709.0,4081.0,L3,0,0.21077449817029792,1,bisquare,8535,1.0,negbinomial,0.2842243727205218,True
CTACTATCATAGGTTT-1,4912.0,8984.0,L6,3,0.2299837989997281,1,bisquare,8535,1.0,negbinomial,0.2842243727205218,True
CTACTATCTTTCAGAG-1,9600.0,6119.0,L3,0,0.2047571094347619,1,bisquare,8535,1.0,negbinomial,0.2842243727205218,True
CTACTCAAGGTATAGT-1,6081.0,9825.0,WM,4,0.4797466493495316,1,bisquare,8535,1.0,negbinomial,0.2842243727205218,True
CTACTCTAGGCCCGGC-1,4917.0,6349.0,L3,0,0.2579624389121676,1,bisquare,8535,1.0,negbinomial,0.2842243727205218,True
CTACTGCCACCTGACC-1,7535.0,5875.0,L3,0,0.5049729783953791,1,bisquare,8535,1.0,negbinomial,0.2842243727205218,True
CTAGACATATATGTAG-1,10637.0,3605.0,L3,0,0.24604496142863932,1,bisquare,8535,1.0,negbinomial,0.2842243727205218,True
CTAGACTGCATTTCGT-1,9811.0,3843.0,L3,0,0.22773974736936686,1,bisquare,8535,1.0,negbinomial,0.2842243727205218,True
CTAGATGTGAGTGTAA-1,10287.0,6600.0,L3,0,0.5686390817346574,1,bisquare,8535,1.0,negbinomial,0.2842243727205218,True
CTAGATTTACGACGGC-1,8288.0,7674.0,L5,2,0.2842209965694241,1,bisquare,8535,1.0,negbinomial,0.2842243727205218,True
CTAGCATAGTATAATG-1,7739.0,6714.0,L4,1,0.4267453617103731,1,bisquare,8535,1.0,negbinomial,0.2842243727205218,True
CTAGCCACAGGCGAGC-1,11245.0,9716.0,L5,2,0.1931108301641034,1,bisquare,8535,1.0,negbinomial,0.2842243727205218,True
CTAGCCGATGTTATGA-1,10152.0,5401.0,L3,0,0.18421506410380636,1,bisquare,8535,1.0,negbinomial,0.2842243727205218,True
CTAGGCGCCCTATCAG-1,9456.0,8754.0,L5,2,0.3872146976022176,1,bisquare,8535,1.0,negbinomial,0.2842243727205218,True
CTAGGGATAGGGACAA-1,6147.0,11143.0,WM,4,0.23310501935089004,1,bisquare,8535,1.0,negbinomial,0.2842243727205218,True
CTAGGTCTGAAGGAAT-1,10355.0,6959.0,L3,0,0.3458269835170764,1,bisquare,8535,1.0,negbinomial,0.2842243727205218,True
CTAGGTTCGGACGTGA-1,8009.0,9590.0,L6,3,0.21321455746928056,1,bisquare,8535,1.0,negbinomial,0.2842243727205218,True
CTAGTAGAAAGGGATT-1,8765.0,10190.0,L6,3,0.3168615306373281,1,bisquare,8535,1.0,negbinomial,0.2842243727205218,True
CTAGTATTCGGAATTA-1,8708.0,4320.0,L3,0,0.2521689514189665,1,bisquare,8535,1.0,negbinomial,0.2842243727205218,True
CTAGTCACGTCTTAAG-1,7945.0,7074.0,L4,1,0.25192141667560913,1,bisquare,8535,1.0,negbinomial,0.2842243727205218,True
CTAGTGAAGGACAGGA-1,5812.0,6710.0,L5,2,0.2814183353985862,1,bisquare,8535,1.0,negbinomial,0.2842243727205218,True
CTAGTTACAACCCGGT-1,7804.0,8990.0,L6,3,0.3655809107445864,1,bisquare,8535,1.0,negbinomial,0.2842243727205218,True
CTAGTTGGGCCCGGTA-1,7879.0,5756.0,L3,0,0.28764457733876453,1,bisquare,8535,1.0,negbinomial,0.2842243727205218,True
CTATAAGAGCCAATCG-1,10082.0,5761.0,L3,0,0.1869352892369876,1,bisquare,8535,1.0,negbinomial,0.2842243727205218,True
CTATAAGTAGGGTTTG-1,3943.0,11378.0,L6,3,0.23100189234428345,1,bisquare,8535,1.0,negbinomial,0.2842243727205218,True
CTATAGGCGTTGATGT-1,5805.0,10064.0,WM,4,0.5642509568121845,1,bisquare,8535,1.0,negbinomial,0.2842243727205218,True
CTATATCCAGCCTGGC-1,5321.0,10902.0,WM,4,0.3058633691691295,1,bisquare,8535,1.0,negbinomial,0.2842243727205218,True
CTATCACAACGCTGGA-1,8556.0,11508.0,WM,4,0.15552638838933186,1,bisquare,8535,1.0,negbinomial,0.2842243727205218,True
CTATCGACGAAATACA-1,9594.0,8994.0,L5,2,0.3350972321816319,1,bisquare,8535,1.0,negbinomial,0.2842243727205218,True
CTATCGCGTAGAGAAC-1,11314.0,9597.0,L5,2,0.21028966318937561,1,bisquare,8535,1.0,negbinomial,0.2842243727205218,True
CTATCGGGTCTCAACA-1,7946.0,6834.0,L4,1,0.24520373037956614,1,bisquare,8535,1.0,negbinomial,0.2842243727205218,True
CTATGAACACCTTGCC-1,5114.0,11261.0,WM,4,0.3214842438822368,1,bisquare,8535,1.0,negbinomial,0.2842243727205218,True
CTATGCCCGAATGCAA-1,7250.0,10187.0,WM,4,0.22055702151468912,1,bisquare,8535,1.0,negbinomial,0.2842243727205218,True
CTATGGGAAGCGGAAT-1,10351.0,9115.0,L5,2,0.24641596673354063,1,bisquare,8535,1.0,negbinomial,0.2842243727205218,True
CTATGTCACTAGCCCA-1,7740.0,6235.0,L3,0,0.2866604497855264,1,bisquare,8535,1.0,negbinomial,0.2842243727205218,True
CTATGTCTATTGAAAC-1,6988.0,3957.0,L3,0,0.1998044359767142,1,bisquare,8535,1.0,negbinomial,0.2842243727205218,True
CTATGTGAGTCACGGC-1,4363.0,8025.0,L5,2,0.1456385512817042,1,bisquare,8535,1.0,negbinomial,0.2842243727205218,True
CTATTCATGTGTCCCA-1,7460.0,8870.0,L6,3,0.3833573175522795,1,bisquare,8535,1.0,negbinomial,0.2842243727205218,True
CTATTGTGTTTGGTCA-1,10154.0,4203.0,L3,0,0.21496267328776525,1,bisquare,8535,1.0,negbinomial,0.2842243727205218,True
CTATTTGCTTGGAGGA-1,7593.0,11026.0,WM,4,0.21104895277893576,1,bisquare,8535,1.0,negbinomial,0.2842243727205218,True
CTATTTGGTTACGGAT-1,8841.0,6956.0,L3,0,0.19978252947472686,1,bisquare,8535,1.0,negbinomial,0.2842243727205218,True
CTCAAACCACTGCCCG-1,5942.0,10304.0,WM,4,0.2756657295273157,1,bisquare,8535,1.0,negbinomial,0.2842243727205218,True
CTCAACTAACCCGGAT-1,9040.0,10191.0,L6,3,0.24660724021177002,1,bisquare,8535,1.0,negbinomial,0.2842243727205218,True
CTCAAGACATTAGCGC-1,10223.0,4323.0,L3,0,0.2080123004711548,1,bisquare,8535,1.0,negbinomial,0.2842243727205218,True
CTCACACGCAAGCCTA-1,11599.0,4805.0,L3,0,0.23085423821114617,1,bisquare,8535,1.0,negbinomial,0.2842243727205218,True
CTCACATTTACTAAAT-1,7870.0,10069.0,WM,4,0.42071104159033645,1,bisquare,8535,1.0,negbinomial,0.2842243727205218,True
CTCACCAGTACAAGTG-1,3334.0,6465.0,L3,0,0.2207992196914947,1,bisquare,8535,1.0,negbinomial,0.2842243727205218,True
CTCACCGATCCAAACT-1,11326.0,3607.0,L3,0,0.2817569671393033,1,bisquare,8535,1.0,negbinomial,0.2842243727205218,True
CTCACTGTGATACTTA-1,8352.0,10189.0,WM,4,0.5093882930493412,1,bisquare,8535,1.0,negbinomial,0.2842243727205218,True
CTCACTTGGCTGGTAA-1,4984.0,7427.0,L5,2,0.2939120892405494,1,bisquare,8535,1.0,negbinomial,0.2842243727205218,True
CTCAGAGCTAATGTCG-1,7248.0,11385.0,WM,4,0.18266076595359038,1,bisquare,8535,1.0,negbinomial,0.2842243727205218,True
CTCAGGACTCACCTGT-1,5265.0,4553.0,L3,0,0.24675106544401604,1,bisquare,8535,1.0,negbinomial,0.2842243727205218,True
CTCAGTCACGACAAAT-1,9807.0,5520.0,L3,0,0.19248378203769947,1,bisquare,8535,1.0,negbinomial,0.2842243727205218,True
CTCATCACTTAGTGAT-1,11734.0,6004.0,L3,0,0.07587655047226481,1,bisquare,8535,1.0,negbinomial,0.2842243727205218,True
CTCATGGCTCACAATC-1,7538.0,4198.0,L3,0,0.23539412688200267,1,bisquare,8535,1.0,negbinomial,0.2842243727205218,True
CTCATGGTAATTTGCG-1,4982.0,8625.0,L5,2,0.30845065275897726,1,bisquare,8535,1.0,negbinomial,0.2842243727205218,True
CTCATTAACGTTGCCC-1,11940.0,6124.0,L3,0,0.086329067628473,1,bisquare,8535,1.0,negbinomial,0.2842243727205218,True
CTCATTCGTGAACATC-1,3404.0,5867.0,L3,0,0.18595707479199397,1,bisquare,8535,1.0,negbinomial,0.2842243727205218,True
CTCATTGCTCTAACAA-1,8559.0,9831.0,L6,3,0.21782721502618727,1,bisquare,8535,1.0,negbinomial,0.2842243727205218,True
CTCATTTGATGGGCGG-1,7467.0,5276.0,L3,0,0.22606996389827494,1,bisquare,8535,1.0,negbinomial,0.2842243727205218,True
CTCCCAATGAGTCGCG-1,11109.0,8758.0,L4,1,0.23915073392958044,1,bisquare,8535,1.0,negbinomial,0.2842243727205218,True
CTCCCTCCTTTCGATC-1,4775.0,8745.0,L5,2,0.21961702648462986,1,bisquare,8535,1.0,negbinomial,0.2842243727205218,True
CTCCGCCCACATGAGG-1,5878.0,7788.0,L5,2,0.23212012123086398,1,bisquare,8535,1.0,negbinomial,0.2842243727205218,True
CTCCGGCCTAATATGC-1,7261.0,4916.0,L3,0,0.3148126690958405,1,bisquare,8535,1.0,negbinomial,0.2842243727205218,True
CTCCGGCTTGTAGACA-1,4508.0,4431.0,L3,0,0.19905376696962265,1,bisquare,8535,1.0,negbinomial,0.2842243727205218,True
CTCCTAAGTTATGTCT-1,5266.0,4074.0,L3,0,0.28751249228184794,1,bisquare,8535,1.0,negbinomial,0.2842243727205218,True
CTCCTCCAGCTCACAC-1,6631.0,10066.0,WM,4,0.2245880318736177,1,bisquare,8535,1.0,negbinomial,0.2842243727205218,True
CTCCTGTTCAAGGCAG-1,11246.0,9237.0,L5,2,0.29012445319291286,1,bisquare,8535,1.0,negbinomial,0.2842243727205218,True
CTCCTTTACGCAAGTC-1,10703.0,5403.0,L3,0,0.19321282328648356,1,bisquare,8535,1.0,negbinomial,0.2842243727205218,True
CTCGAATGGAACGTAT-1,10087.0,3365.0,L3,0,0.3641624413185437,1,bisquare,8535,1.0,negbinomial,0.2842243727205218,True
CTCGAGACATACGATA-1,3672.0,9221.0,L5,2,0.11847736575416726,1,bisquare,8535,1.0,negbinomial,0.2842243727205218,True
CTCGAGGCAAGTTTCA-1,5389.0,11262.0,WM,4,0.22674765567376698,1,bisquare,8535,1.0,negbinomial,0.2842243727205218,True
CTCGAGGTCGAACAGT-1,7259.0,6114.0,L3,0,0.2873348020042862,1,bisquare,8535,1.0,negbinomial,0.2842243727205218,True
CTCGATATTTGCGAGC-1,10014.0,5401.0,L3,0,0.19237502802277226,1,bisquare,8535,1.0,negbinomial,0.2842243727205218,True
CTCGCACCTATATAGT-1,7880.0,5517.0,L3,0,0.39835786331784834,1,bisquare,8535,1.0,negbinomial,0.2842243727205218,True
CTCGCATTGCATAGCC-1,4015.0,9821.0,L6,3,0.3414126850291432,1,bisquare,8535,1.0,negbinomial,0.2842243727205218,True
CTCGCCGAATGTAGGG-1,7595.0,9829.0,WM,4,0.5553483535071985,1,bisquare,8535,1.0,negbinomial,0.2842243727205218,True
CTCGCTAGGTAAGCGA-1,9796.0,11271.0,L6,3,0.13176623859332884,1,bisquare,8535,1.0,negbinomial,0.2842243727205218,True
CTCGGGATAACACCTA-1,11527.0,6363.0,L3,0,0.13916313982449804,1,bisquare,8535,1.0,negbinomial,0.2842243727205218,True
CTCGGGTTCTCTGGCC-1,5048.0,9943.0,L6,3,0.38404778638349024,1,bisquare,8535,1.0,negbinomial,0.2842243727205218,True
CTCGGTACCACTGCTC-1,8770.0,7555.0,L4,1,0.29844738454503644,1,bisquare,8535,1.0,negbinomial,0.2842243727205218,True
CTCGGTCCGTAGCCTG-1,6642.0,4795.0,L3,0,0.2072156092241019,1,bisquare,8535,1.0,negbinomial,0.2842243727205218,True
CTCGGTTGTCGGCCCT-1,4980.0,9344.0,L6,3,0.3675711662189252,1,bisquare,8535,1.0,negbinomial,0.2842243727205218,True
CTCGTCGAGGGCTCAT-1,4428.0,9822.0,L6,3,0.21087800736680148,1,bisquare,8535,1.0,negbinomial,0.2842243727205218,True
CTCGTCTGTGCCTTCG-1,8832.0,11029.0,WM,4,0.22086380778628317,1,bisquare,8535,1.0,negbinomial,0.2842243727205218,True
CTCGTTACGGCTACCA-1,5941.0,11023.0,WM,4,0.24431912345034976,1,bisquare,8535,1.0,negbinomial,0.2842243727205218,True
CTCGTTTCTAATGTTT-1,10359.0,5282.0,L3,0,0.21794873139105894,1,bisquare,8535,1.0,negbinomial,0.2842243727205218,True
CTCTAATGCATTGATC-1,10771.0,5522.0,L3,0,0.4879627424682955,1,bisquare,8535,1.0,negbinomial,0.2842243727205218,True
CTCTACACTGGCGATT-1,4364.0,7785.0,L5,2,0.24688404150166282,1,bisquare,8535,1.0,negbinomial,0.2842243727205218,True
CTCTACATCCTGCGTG-1,7730.0,11266.0,WM,4,0.2700778167747888,1,bisquare,8535,1.0,negbinomial,0.2842243727205218,True
CTCTAGCCCTCGGAAA-1,9384.0,10551.0,L6,3,0.2349584559769171,1,bisquare,8535,1.0,negbinomial,0.2842243727205218,True
CTCTATTTGGCTGCAG-1,7874.0,8392.0,L5,2,0.13865004295441122,1,bisquare,8535,1.0,negbinomial,0.2842243727205218,True
CTCTCACAATCGATGA-1,8015.0,6475.0,L3,0,0.3403485831098366,1,bisquare,8535,1.0,negbinomial,0.2842243727205218,True
CTCTCGCTGTACTATG-1,3611.0,5508.0,L3,0,0.08594912370475997,1,bisquare,8535,1.0,negbinomial,0.2842243727205218,True
CTCTCTAACTGCCTAG-1,4636.0,9463.0,L6,3,0.34304962750535,1,bisquare,8535,1.0,negbinomial,0.2842243727205218,True
CTCTGCAGGCATTCTT-1,4770.0,11140.0,L6,3,0.13527838767913647,1,bisquare,8535,1.0,negbinomial,0.2842243727205218,True
CTCTGCGAAGCAAGCA-1,6643.0,4076.0,L3,0,0.26793202750815337,1,bisquare,8535,1.0,negbinomial,0.2842243727205218,True
CTCTGGACGCCTGGTG-1,7465.0,6474.0,L4,1,0.2563006902630998,1,bisquare,8535,1.0,negbinomial,0.2842243727205218,True
CTCTGTTTGAGGATTC-1,8158.0,4319.0,L3,0,0.17916635336029904,1,bisquare,8535,1.0,negbinomial,0.2842243727205218,True
CTCTTCTATTGACTGG-1,10077.0,8157.0,L4,1,0.2030461665827124,1,bisquare,8535,1.0,negbinomial,0.2842243727205218,True
CTCTTCTGGAAGTTAG-1,5943.0,10065.0,WM,4,0.5322277667803965,1,bisquare,8535,1.0,negbinomial,0.2842243727205218,True
CTCTTGTCCCGCTTGG-1,7184.0,9109.0,L6,3,0.28630622966963865,1,bisquare,8535,1.0,negbinomial,0.2842243727205218,True
CTGAAACGGCCCTCAG-1,11396.0,3248.0,L3,0,0.2657579268649531,1,bisquare,8535,1.0,negbinomial,0.2842243727205218,True
CTGAAAGAGATCCGAC-1,7950.0,4918.0,L3,0,0.2780670694382144,1,bisquare,8535,1.0,negbinomial,0.2842243727205218,True
CTGAATCCGAGACCTC-1,6841.0,8270.0,L6,3,0.40297537070788486,1,bisquare,8535,1.0,negbinomial,0.2842243727205218,True
CTGAATTTATTGCCAG-1,10496.0,5282.0,L3,0,0.2519515972374678,1,bisquare,8535,1.0,negbinomial,0.2842243727205218,True
CTGACATAGAAATAGA-1,11384.0,8758.0,L4,1,0.35413037758229554,1,bisquare,8535,1.0,negbinomial,0.2842243727205218,True
CTGACTGCGCAGCTCG-1,10150.0,6360.0,L3,0,0.312667605699224,1,bisquare,8535,1.0,negbinomial,0.2842243727205218,True
CTGAGAAAGTTCGGCG-1,11247.0,8518.0,L3,0,0.5345561738375684,1,bisquare,8535,1.0,negbinomial,0.2842243727205218,True
CTGAGAGTAGAAATAC-1,11725.0,10316.0,L5,2,0.23129926745895002,1,bisquare,8535,1.0,negbinomial,0.2842243727205218,True
CTGAGCAAGTAACAAG-1,4921.0,4432.0,L3,0,0.3000695917319393,1,bisquare,8535,1.0,negbinomial,0.2842243727205218,True
CTGAGCGAGACTTATT-1,11802.0,6363.0,L3,0,0.15136092569861334,1,bisquare,8535,1.0,negbinomial,0.2842243727205218,True
CTGATAGTGTATCTCA-1,4298.0,6467.0,L3,0,0.24825491099431188,1,bisquare,8535,1.0,negbinomial,0.2842243727205218,True
CTGATCCCTTTATGCA-1,5183.0,11141.0,WM,4,0.5206433111633633,1,bisquare,8535,1.0,negbinomial,0.2842243727205218,True
CTGCAAGCACGTTCCG-1,10831.0,9955.0,L5,2,0.22886232925871094,1,bisquare,8535,1.0,negbinomial,0.2842243727205218,True
CTGCACAACTACATAT-1,8424.0,8632.0,L5,2,0.2751825151131073,1,bisquare,8535,1.0,negbinomial,0.2842243727205218,True
CTGCACCTAGTCCACA-1,11252.0,6122.0,L3,0,0.14940331947702581,1,bisquare,8535,1.0,negbinomial,0.2842243727205218,True
CTGCACCTGGAACCGC-1,6574.0,4436.0,L3,0,0.20376906488971366,1,bisquare,8535,1.0,negbinomial,0.2842243727205218,True
CTGCACTCCAGTACAG-1,8010.0,9111.0,L6,3,0.4782070766751437,1,bisquare,8535,1.0,negbinomial,0.2842243727205218,True
CTGCAGAGAATCAGAG-1,10142.0,9954.0,L6,3,0.5324880216322779,1,bisquare,8535,1.0,negbinomial,0.2842243727205218,True
CTGCCAAGGTTGGAAG-1,8500.0,5158.0,L3,0,0.17346052355939237,1,bisquare,8535,1.0,negbinomial,0.2842243727205218,True
CTGCCATGCATCACAT-1,7463.0,7432.0,L5,2,0.41530994062841736,1,bisquare,8535,1.0,negbinomial,0.2842243727205218,True
CTGCCCACGAAGCGTT-1,3609.0,6466.0,L3,0,0.19899235013365132,1,bisquare,8535,1.0,negbinomial,0.2842243727205218,True
CTGCCTAGCCACCAAG-1,8710.0,3602.0,L3,0,0.2654048981458913,1,bisquare,8535,1.0,negbinomial,0.2842243727205218,True
CTGCCTCATATGCAAC-1,11526.0,6602.0,L3,0,0.17520107895280046,1,bisquare,8535,1.0,negbinomial,0.2842243727205218,True
CTGCCTTTAATACCTT-1,5116.0,10303.0,L6,3,0.25150093369779786,1,bisquare,8535,1.0,negbinomial,0.2842243727205218,True
CTGCCTTTCTAGTAAA-1,9591.0,10192.0,L6,3,0.29217827017360243,1,bisquare,8535,1.0,negbinomial,0.2842243727205218,True
CTGCGACCTCGCCGAA-1,8212.0,11148.0,WM,4,0.15122720145714236,1,bisquare,8535,1.0,negbinomial,0.2842243727205218,True
CTGCGATTTCGAGATT-1,7317.0,11266.0,WM,4,0.1995535147640969,1,bisquare,8535,1.0,negbinomial,0.2842243727205218,True
CTGCGGGTGAAATGTT-1,4780.0,6349.0,L3,0,0.2680644641859354,1,bisquare,8535,1.0,negbinomial,0.2842243727205218,True
CTGCGGTAGTCACGTG-1,9535.0,3843.0,L3,0,0.2143061653521987,1,bisquare,8535,1.0,negbinomial,0.2842243727205218,True
CTGCGTTACGATATAA-1,9396.0,4561.0,L3,0,0.4466781406170795,1,bisquare,8535,1.0,negbinomial,0.2842243727205218,True
CTGCTGAGGCCACGAA-1,5602.0,8507.0,L6,3,0.26951334784239034,1,bisquare,8535,1.0,negbinomial,0.2842243727205218,True
CTGCTGTCTAACGAGC-1,11385.0,8519.0,L3,0,0.5284137631788614,1,bisquare,8535,1.0,negbinomial,0.2842243727205218,True
CTGCTTGGCGATAGCT-1,8354.0,8992.0,L6,3,0.32091615578396515,1,bisquare,8535,1.0,negbinomial,0.2842243727205218,True
CTGCTTTATGTCCGCG-1,10910.0,5044.0,L3,0,0.33162837382504073,1,bisquare,8535,1.0,negbinomial,0.2842243727205218,True
CTGGAAATGGATGCTT-1,6846.0,6113.0,L3,0,0.4231182190019004,1,bisquare,8535,1.0,negbinomial,0.2842243727205218,True
CTGGAAGACACGGTGG-1,9250.0,8634.0,L5,2,0.310395968465931,1,bisquare,8535,1.0,negbinomial,0.2842243727205218,True
CTGGACGCAGTCCGGC-1,4086.0,8743.0,L5,2,0.15714327022414493,1,bisquare,8535,1.0,negbinomial,0.2842243727205218,True
CTGGATTTACACTTGA-1,6978.0,8510.0,L6,3,0.37588216545845043,1,bisquare,8535,1.0,negbinomial,0.2842243727205218,True
CTGGCATCCGAATGAG-1,4982.0,8386.0,L5,2,0.2679691402017516,1,bisquare,8535,1.0,negbinomial,0.2842243727205218,True
CTGGCGACATAAGTCC-1,8776.0,4680.0,L3,0,0.21927733003707295,1,bisquare,8535,1.0,negbinomial,0.2842243727205218,True
CTGGCGCACAGGTCTG-1,9322.0,7077.0,L3,0,0.4238208925954094,1,bisquare,8535,1.0,negbinomial,0.2842243727205218,True
CTGGCGGGAATAAGTA-1,4714.0,5031.0,L3,0,0.18602912327249282,1,bisquare,8535,1.0,negbinomial,0.2842243727205218,True
CTGGCTGATTCATCCT-1,9802.0,7916.0,L4,1,0.2813554938087214,1,bisquare,8535,1.0,negbinomial,0.2842243727205218,True
CTGGCTGGTTGTCAGT-1,7046.0,9109.0,L6,3,0.17736918157945294,1,bisquare,8535,1.0,negbinomial,0.2842243727205218,True
CTGGGATAAATAATGG-1,8978.0,7196.0,L3,0,0.5616069959631265,1,bisquare,8535,1.0,negbinomial,0.2842243727205218,True
CTGGGATACGCTACCC-1,11250.0,7081.0,L3,0,0.3767491648555819,1,bisquare,8535,1.0,negbinomial,0.2842243727205218,True
CTGGGCCTGCTATATC-1,5259.0,7907.0,L5,2,0.2085053371172028,1,bisquare,8535,1.0,negbinomial,0.2842243727205218,True
CTGGGCTATCCTTTGG-1,10638.0,3366.0,L3,0,0.18685584823917348,1,bisquare,8535,1.0,negbinomial,0.2842243727205218,True
CTGGGTAGGCAGTTAA-1,8632.0,7794.0,L5,2,0.3561948753379349,1,bisquare,8535,1.0,negbinomial,0.2842243727205218,True
CTGGGTTGAGTTAAAG-1,3948.0,8982.0,L5,2,0.16212239234268752,1,bisquare,8535,1.0,negbinomial,0.2842243727205218,True
CTGGTAAAGACTTACA-1,10002.0,11151.0,L6,3,0.15869015408950343,1,bisquare,8535,1.0,negbinomial,0.2842243727205218,True
CTGGTAAAGTGTGGGC-1,11038.0,9836.0,L5,2,0.24167734198520002,1,bisquare,8535,1.0,negbinomial,0.2842243727205218,True
CTGGTAACACATAGAA-1,9252.0,7676.0,L4,1,0.5576913440452684,1,bisquare,8535,1.0,negbinomial,0.2842243727205218,True
CTGGTAACGAGCTCTT-1,9875.0,6120.0,L3,0,0.17243422536539643,1,bisquare,8535,1.0,negbinomial,0.2842243727205218,True
CTGGTCATTCCAATCC-1,4231.0,5389.0,L3,0,0.2687566466207231,1,bisquare,8535,1.0,negbinomial,0.2842243727205218,True
CTGGTCCTAACTTGGC-1,7677.0,3480.0,L3,0,0.11349065926471938,1,bisquare,8535,1.0,negbinomial,0.2842243727205218,True
CTGGTGAATGGGCCTA-1,4496.0,10421.0,L6,3,0.1799213446281736,1,bisquare,8535,1.0,negbinomial,0.2842243727205218,True
CTGGTTCAACGCATCA-1,5818.0,3596.0,L3,0,0.1844162343771599,1,bisquare,8535,1.0,negbinomial,0.2842243727205218,True
CTGGTTCGCGAGCTAC-1,11731.0,7681.0,L3,0,0.25511654679431206,1,bisquare,8535,1.0,negbinomial,0.2842243727205218,True
CTGGTTTCGAGCAAGA-1,9251.0,8155.0,L5,2,0.3924292549835211,1,bisquare,8535,1.0,negbinomial,0.2842243727205218,True
CTGTACTTCTTAGCAT-1,6706.0,7311.0,L5,2,0.2603266692814473,1,bisquare,8535,1.0,negbinomial,0.2842243727205218,True
CTGTAGCCATCTCACT-1,6357.0,9347.0,L6,3,0.23022938834814508,1,bisquare,8535,1.0,negbinomial,0.2842243727205218,True
CTGTAGTGAGGATCGA-1,6147.0,10904.0,WM,4,0.17077335157113777,1,bisquare,8535,1.0,negbinomial,0.2842243727205218,True
CTGTATGGTGTAGAAA-1,5402.0,5032.0,L3,0,0.24213355762030433,1,bisquare,8535,1.0,negbinomial,0.2842243727205218,True
CTGTCAAATGGCTCGG-1,8913.0,5399.0,L3,0,0.5272142356226701,1,bisquare,8535,1.0,negbinomial,0.2842243727205218,True
CTGTCACGCCAGGCGC-1,9949.0,3844.0,L3,0,0.2059625133012847,1,bisquare,8535,1.0,negbinomial,0.2842243727205218,True
CTGTGCAGGGTAGGTC-1,8013.0,7673.0,L5,2,0.386105197237314,1,bisquare,8535,1.0,negbinomial,0.2842243727205218,True
CTGTGGTCGGGAGATA-1,9318.0,9233.0,L5,2,0.4021679769530313,1,bisquare,8535,1.0,negbinomial,0.2842243727205218,True
CTGTTACCCAATCTAG-1,7185.0,8390.0,L6,3,0.2317500554302444,1,bisquare,8535,1.0,negbinomial,0.2842243727205218,True
CTGTTCACTGCCTGTG-1,7054.0,5275.0,L3,0,0.2604816148832711,1,bisquare,8535,1.0,negbinomial,0.2842243727205218,True
CTGTTCATCTCACGGG-1,5539.0,5272.0,L3,0,0.2731466279747607,1,bisquare,8535,1.0,negbinomial,0.2842243727205218,True
CTGTTGTTCAGTCGTA-1,4633.0,10661.0,L6,3,0.15901573189964724,1,bisquare,8535,1.0,negbinomial,0.2842243727205218,True
CTTAAATAAGACCCAT-1,3817.0,5628.0,L3,0,0.37544699918662444,1,bisquare,8535,1.0,negbinomial,0.2842243727205218,True
CTTAACTTACAGTATA-1,10898.0,11033.0,L6,3,0.2893857862046164,1,bisquare,8535,1.0,negbinomial,0.2842243727205218,True
CTTAACTTCGAAGTAC-1,7539.0,3958.0,L3,0,0.18548882848938894,1,bisquare,8535,1.0,negbinomial,0.2842243727205218,True
CTTACACGGTATTCCA-1,6294.0,6352.0,L4,1,0.30619391879358476,1,bisquare,8535,1.0,negbinomial,0.2842243727205218,True
CTTACACTGGGAAATA-1,6505.0,4555.0,L3,0,0.4440320091257151,1,bisquare,8535,1.0,negbinomial,0.2842243727205218,True
CTTACATAGATTTCTT-1,8831.0,11508.0,WM,4,0.14611077240294426,1,bisquare,8535,1.0,negbinomial,0.2842243727205218,True
CTTAGATGTTTCATCC-1,8143.0,11507.0,WM,4,0.1233377726610676,1,bisquare,8535,1.0,negbinomial,0.2842243727205218,True
CTTAGCCCGGATAGTG-1,3817.0,5868.0,L3,0,0.2672921672142818,1,bisquare,8535,1.0,negbinomial,0.2842243727205218,True
CTTAGCCTTCCACATG-1,8569.0,5278.0,L3,0,0.43561975891892757,1,bisquare,8535,1.0,negbinomial,0.2842243727205218,True
CTTAGGTATAGACCAG-1,4221.0,10181.0,L6,3,0.2451453415494119,1,bisquare,8535,1.0,negbinomial,0.2842243727205218,True
CTTAGGTCCCAATCGT-1,11942.0,5405.0,L3,0,0.12978139948722595,1,bisquare,8535,1.0,negbinomial,0.2842243727205218,True
CTTAGTAGGCCTACAG-1,10218.0,6480.0,L3,0,0.3650177709738708,1,bisquare,8535,1.0,negbinomial,0.2842243727205218,True
CTTAGTGTAGTAGCAT-1,8903.0,9951.0,L6,3,0.2828331018601997,1,bisquare,8535,1.0,negbinomial,0.2842243727205218,True
CTTAGTTGAGGAATCG-1,5459.0,10663.0,WM,4,0.39548204829218636,1,bisquare,8535,1.0,negbinomial,0.2842243727205218,True
CTTATAGATGGCTGTT-1,11382.0,9956.0,L5,2,0.14482657877172564,1,bisquare,8535,1.0,negbinomial,0.2842243727205218,True
CTTATGCGCTCAGGGC-1,3951.0,7785.0,L5,2,0.22844181693512325,1,bisquare,8535,1.0,negbinomial,0.2842243727205218,True
CTTATGTTGACTACCA-1,5060.0,4193.0,L3,0,0.12260885135376352,1,bisquare,8535,1.0,negbinomial,0.2842243727205218,True
CTTCAACTCCACTTGG-1,8491.0,9711.0,L6,3,0.2902911431619176,1,bisquare,8535,1.0,negbinomial,0.2842243727205218,True
CTTCACGCCCTGGTAC-1,4632.0,11140.0,L6,3,0.20430009438840768,1,bisquare,8535,1.0,negbinomial,0.2842243727205218,True
CTTCAGTGGTCGCCTA-1,4430.0,9103.0,L5,2,0.1769316866726179,1,bisquare,8535,1.0,negbinomial,0.2842243727205218,True
CTTCAGTTGGACAACG-1,9451.0,11390.0,WM,4,0.40159828358168936,1,bisquare,8535,1.0,negbinomial,0.2842243727205218,True
CTTCATAGCTCAAGAA-1,5747.0,4913.0,L3,0,0.27013390907497514,1,bisquare,8535,1.0,negbinomial,0.2842243727205218,True
CTTCATTGTCAGTGGA-1,7326.0,6953.0,L5,2,0.2976556071536687,1,bisquare,8535,1.0,negbinomial,0.2842243727205218,True
CTTCCGCTCCGTGAAG-1,6632.0,9347.0,L6,3,0.21199927719480433,1,bisquare,8535,1.0,negbinomial,0.2842243727205218,True
CTTCCTGCATATTTAC-1,10363.0,3126.0,L3,0,0.2662053792011543,1,bisquare,8535,1.0,negbinomial,0.2842243727205218,True
CTTCGATTGCGCAAGC-1,9246.0,10790.0,WM,4,0.4442219551108851,1,bisquare,8535,1.0,negbinomial,0.2842243727205218,True
CTTCGGCCAATTGTTT-1,10765.0,8637.0,L4,1,0.29250870768785037,1,bisquare,8535,1.0,negbinomial,0.2842243727205218,True
CTTCGTAGATAGGTGA-1,6292.0,7310.0,L5,2,0.3060536995829217,1,bisquare,8535,1.0,negbinomial,0.2842243727205218,True
CTTCTATGTTGAAGTA-1,5120.0,8146.0,L5,2,0.23793732722133354,1,bisquare,8535,1.0,negbinomial,0.2842243727205218,True
CTTCTATTAATGCTAG-1,6427.0,8748.0,L6,3,0.24832314481092463,1,bisquare,8535,1.0,negbinomial,0.2842243727205218,True
CTTCTGGGCGTACCTA-1,5528.0,10543.0,WM,4,0.2714973561349973,1,bisquare,8535,1.0,negbinomial,0.2842243727205218,True
CTTCTTACGTCGTATA-1,7331.0,4317.0,L3,0,0.19162131942800525,1,bisquare,8535,1.0,negbinomial,0.2842243727205218,True
CTTGACCCGAAAGATA-1,7126.0,3718.0,L3,0,0.18661679991726865,1,bisquare,8535,1.0,negbinomial,0.2842243727205218,True
CTTGAGGTTATCCCGA-1,4853.0,4073.0,L3,0,0.10612891598398415,1,bisquare,8535,1.0,negbinomial,0.2842243727205218,True
CTTGAGTTAGGGTAAT-1,9597.0,7317.0,L3,0,0.3753381014233646,1,bisquare,8535,1.0,negbinomial,0.2842243727205218,True
CTTGATGACCATCCAG-1,9934.0,11031.0,L6,3,0.1136760794619495,1,bisquare,8535,1.0,negbinomial,0.2842243727205218,True
CTTGCAACCGCCTCCT-1,4915.0,7786.0,L5,2,0.21027727311904104,1,bisquare,8535,1.0,negbinomial,0.2842243727205218,True
CTTGCCCACCCACGCA-1,10071.0,11032.0,L6,3,0.14463349474862222,1,bisquare,8535,1.0,negbinomial,0.2842243727205218,True
CTTGCCCAGGCTCTAC-1,6979.0,8030.0,L5,2,0.15357676514622007,1,bisquare,8535,1.0,negbinomial,0.2842243727205218,True
CTTGGCCAAGCTGGGA-1,7113.0,9947.0,WM,4,0.4952200455377995,1,bisquare,8535,1.0,negbinomial,0.2842243727205218,True
CTTGTACTTGTTGACT-1,6710.0,5155.0,L3,0,0.28305409706432344,1,bisquare,8535,1.0,negbinomial,0.2842243727205218,True
CTTGTCAACATTCGAG-1,7736.0,8631.0,L6,3,0.25397867951174696,1,bisquare,8535,1.0,negbinomial,0.2842243727205218,True
CTTGTGAGTCTTTGAC-1,5542.0,3835.0,L3,0,0.19639764696012357,1,bisquare,8535,1.0,negbinomial,0.2842243727205218,True
CTTGTGCTCACCGATT-1,9670.0,5281.0,L3,0,0.24908378581119242,1,bisquare,8535,1.0,negbinomial,0.2842243727205218,True
CTTGTTGCTGAGTCAA-1,8702.0,7195.0,L3,0,0.38316365687272436,1,bisquare,8535,1.0,negbinomial,0.2842243727205218,True
CTTGTTTATGTAGCCA-1,5127.0,4792.0,L3,0,0.26394594183968434,1,bisquare,8535,1.0,negbinomial,0.2842243727205218,True
CTTTAACTTTCAAAGG-1,7811.0,5397.0,L3,0,0.4665312806267598,1,bisquare,8535,1.0,negbinomial,0.2842243727205218,True
CTTTAATATTGGTCGA-1,8217.0,8752.0,L6,3,0.4551768202062602,1,bisquare,8535,1.0,negbinomial,0.2842243727205218,True
CTTTACCGAATAGTAG-1,8975.0,8633.0,L5,2,0.33178331197115524,1,bisquare,8535,1.0,negbinomial,0.2842243727205218,True
CTTTAGGAACACTGTT-1,9184.0,7556.0,L4,1,0.20066459201568781,1,bisquare,8535,1.0,negbinomial,0.2842243727205218,True
CTTTAGTGCTATTATT-1,7599.0,7912.0,L5,2,0.2477662748332779,1,bisquare,8535,1.0,negbinomial,0.2842243727205218,True
CTTTCTGTGCGGGCTT-1,7735.0,9110.0,L6,3,0.2604470859939143,1,bisquare,8535,1.0,negbinomial,0.2842243727205218,True
CTTTGCATCGCTCTTG-1,9661.0,9833.0,L6,3,0.3233179104539107,1,bisquare,8535,1.0,negbinomial,0.2842243727205218,True
CTTTGCTGTCATGGAT-1,11591.0,8399.0,L3,0,0.35612732455006507,1,bisquare,8535,1.0,negbinomial,0.2842243727205218,True
CTTTGGCAGACAGAGT-1,10982.0,3247.0,L3,0,0.214444679974381,1,bisquare,8535,1.0,negbinomial,0.2842243727205218,True
CTTTGGCGCTTTATAC-1,4435.0,6468.0,L3,0,0.2693098964645358,1,bisquare,8535,1.0,negbinomial,0.2842243727205218,True
CTTTGGCTTTAGTAAA-1,5950.0,6471.0,L4,1,0.3382834323059122,1,bisquare,8535,1.0,negbinomial,0.2842243727205218,True
CTTTGGGATTGTTGCA-1,6218.0,10065.0,WM,4,0.21259672888893888,1,bisquare,8535,1.0,negbinomial,0.2842243727205218,True
CTTTGTCGAATGCTCC-1,3672.0,9461.0,L5,2,0.18894279353961999,1,bisquare,8535,1.0,negbinomial,0.2842243727205218,True
GAAACAGATGACCACC-1,9528.0,7437.0,L3,0,0.5418767473900222,1,bisquare,8535,1.0,negbinomial,0.2842243727205218,True
GAAACAGCCATGCAGT-1,7400.0,4198.0,L3,0,0.33531192281607286,1,bisquare,8535,1.0,negbinomial,0.2842243727205218,True
GAAACATAGGAAACAG-1,4566.0,9822.0,L6,3,0.3975352578808511,1,bisquare,8535,1.0,negbinomial,0.2842243727205218,True
GAAACCATGGTGCGCT-1,10702.0,5882.0,L3,0,0.34215540849758264,1,bisquare,8535,1.0,negbinomial,0.2842243727205218,True
GAAACCGAATTACCTT-1,6704.0,8030.0,L6,3,0.3333162281610538,1,bisquare,8535,1.0,negbinomial,0.2842243727205218,True
GAAACCTATACAAATG-1,6769.0,9827.0,WM,4,0.4838465211597347,1,bisquare,8535,1.0,negbinomial,0.2842243727205218,True
GAAACTCGTGCGATGC-1,4849.0,5989.0,L3,0,0.3214720246184392,1,bisquare,8535,1.0,negbinomial,0.2842243727205218,True
GAAACTCTAATGAAGG-1,8227.0,4199.0,L3,0,0.17859741406338622,1,bisquare,8535,1.0,negbinomial,0.2842243727205218,True
GAAAGAACAGCGTTAT-1,10286.0,7079.0,L3,0,0.5640774380289986,1,bisquare,8535,1.0,negbinomial,0.2842243727205218,True
GAAAGCAGTGCACTTT-1,6908.0,9348.0,L6,3,0.15210372281941856,1,bisquare,8535,1.0,negbinomial,0.2842243727205218,True
GAAAGCCCTTTGGACC-1,4641.0,6828.0,L4,1,0.3250130437591232,1,bisquare,8535,1.0,negbinomial,0.2842243727205218,True
GAAAGTGACTAACTGC-1,5332.0,5631.0,L3,0,0.24141410148412182,1,bisquare,8535,1.0,negbinomial,0.2842243727205218,True
GAAATACCTGCTGGCT-1,9054.0,3482.0,L3,0,0.24986196533828703,1,bisquare,8535,1.0,negbinomial,0.2842243727205218,True
GAAATACTAAACGTTT-1,4714.0,4791.0,L3,0,0.3797896934176053,1,bisquare,8535,1.0,negbinomial,0.2842243727205218,True
GAAATATCACCATCAG-1,4779.0,6588.0,L4,1,0.24899027445919653,1,bisquare,8535,1.0,negbinomial,0.2842243727205218,True
GAAATATGCTTGAATG-1,10773.0,4564.0,L3,0,0.23713661600019847,1,bisquare,8535,1.0,negbinomial,0.2842243727205218,True
GAAATCGCGCGCAACT-1,7881.0,4798.0,L3,0,0.3788034109556884,1,bisquare,8535,1.0,negbinomial,0.2842243727205218,True
GAAATGGCGGTGTTAG-1,6777.0,6233.0,L4,1,0.3312399291312703,1,bisquare,8535,1.0,negbinomial,0.2842243727205218,True
GAAATGGGATGTAAAC-1,4371.0,4192.0,L3,0,0.1884424402613831,1,bisquare,8535,1.0,negbinomial,0.2842243727205218,True
GAAATTAGCACGGATA-1,9809.0,4802.0,L3,0,0.16329457934603628,1,bisquare,8535,1.0,negbinomial,0.2842243727205218,True
GAAATTCACATCGCTG-1,6574.0,4196.0,L3,0,0.21921300313177322,1,bisquare,8535,1.0,negbinomial,0.2842243727205218,True
GAAATTGTCTCTATAA-1,6842.0,7790.0,L5,2,0.34478514545060396,1,bisquare,8535,1.0,negbinomial,0.2842243727205218,True
GAACAACTGGGATGAA-1,9039.0,10670.0,WM,4,0.44391218957622375,1,bisquare,8535,1.0,negbinomial,0.2842243727205218,True
GAACACACATCAACCA-1,6641.0,5274.0,L3,0,0.35330725816608904,1,bisquare,8535,1.0,negbinomial,0.2842243727205218,True
GAACAGATTACTAAAT-1,8078.0,9470.0,L6,3,0.3615672050362128,1,bisquare,8535,1.0,negbinomial,0.2842243727205218,True
GAACATTAGTATGTTA-1,11600.0,4326.0,L3,0,0.31515238508400334,1,bisquare,8535,1.0,negbinomial,0.2842243727205218,True
GAACCCTCTGTGTTCT-1,7802.0,9709.0,L6,3,0.10390363540302112,1,bisquare,8535,1.0,negbinomial,0.2842243727205218,True
GAACCTCGACCTACAC-1,3813.0,7545.0,L4,1,0.2863581724206163,1,bisquare,8535,1.0,negbinomial,0.2842243727205218,True
GAACCTTTAACGATCC-1,8627.0,10190.0,L6,3,0.2583416625542228,1,bisquare,8535,1.0,negbinomial,0.2842243727205218,True
GAACGACCGAATGATA-1,7537.0,4917.0,L3,0,0.2342632013937716,1,bisquare,8535,1.0,negbinomial,0.2842243727205218,True
GAACGATAAGTTAAAG-1,11666.0,5884.0,L3,0,0.12475220155006449,1,bisquare,8535,1.0,negbinomial,0.2842243727205218,True
GAACGCGGGTCACACG-1,11041.0,8398.0,L3,0,0.4303587019461421,1,bisquare,8535,1.0,negbinomial,0.2842243727205218,True
GAACGGTGTAAAGCAG-1,10776.0,3127.0,L3,0,0.5577740554469494,1,bisquare,8535,1.0,negbinomial,0.2842243727205218,True
GAACGTCTCATGGTCG-1,9186.0,6358.0,L3,0,0.21915747098499924,1,bisquare,8535,1.0,negbinomial,0.2842243727205218,True
GAACGTTAGGAAGACG-1,4229.0,6587.0,L3,0,0.3603428794522783,1,bisquare,8535,1.0,negbinomial,0.2842243727205218,True
GAACTGTGGAGAGACA-1,7731.0,10787.0,WM,4,0.22610254601699367,1,bisquare,8535,1.0,negbinomial,0.2842243727205218,True
GAACTTAGCGCCCGGT-1,10156.0,3245.0,L3,0,0.19888053494052266,1,bisquare,8535,1.0,negbinomial,0.2842243727205218,True
GAACTTGTGCACGGGA-1,11737.0,4806.0,L3,0,0.2889103744291319,1,bisquare,8535,1.0,negbinomial,0.2842243727205218,True
GAAGAAACGATATTGT-1,5186.0,9704.0,L6,3,0.26506499058820315,1,bisquare,8535,1.0,negbinomial,0.2842243727205218,True
GAAGAACGGTGCAGGT-1,5954.0,4315.0,L3,0,0.25485549630670645,1,bisquare,8535,1.0,negbinomial,0.2842243727205218,True
GAAGCCACTGATTATG-1,7938.0,10428.0,WM,4,0.28976492839787865,1,bisquare,8535,1.0,negbinomial,0.2842243727205218,True
GAAGCCGGGTAAGCTC-1,3405.0,5387.0,L3,0,0.18593241090193596,1,bisquare,8535,1.0,negbinomial,0.2842243727205218,True
GAAGCCTGCACATTCC-1,7389.0,9948.0,WM,4,0.3129723394126092,1,bisquare,8535,1.0,negbinomial,0.2842243727205218,True
GAAGCGTGAGGAATTT-1,7326.0,6713.0,L4,1,0.25445432783712074,1,bisquare,8535,1.0,negbinomial,0.2842243727205218,True
GAAGCTCGGACCCGTC-1,4636.0,9223.0,L6,3,0.26582700271906423,1,bisquare,8535,1.0,negbinomial,0.2842243727205218,True
GAAGCTTGCTGACCGC-1,5606.0,6111.0,L3,0,0.43033205670882035,1,bisquare,8535,1.0,negbinomial,0.2842243727205218,True
GAAGGAGTCGAGTGCG-1,7318.0,10547.0,WM,4,0.21677060272022364,1,bisquare,8535,1.0,negbinomial,0.2842243727205218,True
GAAGGCTACCATTGTT-1,11391.0,5644.0,L3,0,0.15453229572700802,1,bisquare,8535,1.0,negbinomial,0.2842243727205218,True
GAAGGGTCATTAAGAC-1,8763.0,11388.0,WM,4,0.21908324889145503,1,bisquare,8535,1.0,negbinomial,0.2842243727205218,True
GAAGTCAGTTGCACTA-1,7184.0,8869.0,L6,3,0.44054069275363705,1,bisquare,8535,1.0,negbinomial,0.2842243727205218,True
GAAGTCTCCCTAGCGA-1,9460.0,7077.0,L3,0,0.41227986043941844,1,bisquare,8535,1.0,negbinomial,0.2842243727205218,True
GAAGTGATTTATCGTG-1,6430.0,7310.0,L5,2,0.4607014393856421,1,bisquare,8535,1.0,negbinomial,0.2842243727205218,True
GAAGTGCTGGATAGCT-1,7400.0,4437.0,L3,0,0.30312395253311947,1,bisquare,8535,1.0,negbinomial,0.2842243727205218,True
GAAGTTTCCACTCAAT-1,6362.0,6951.0,L5,2,0.39039186076527455,1,bisquare,8535,1.0,negbinomial,0.2842243727205218,True
GAATAGACGCGACCCA-1,9528.0,7676.0,L3,0,0.42024959236695864,1,bisquare,8535,1.0,negbinomial,0.2842243727205218,True
GAATAGCATTTAGGGT-1,11317.0,8159.0,L3,0,0.552738974102607,1,bisquare,8535,1.0,negbinomial,0.2842243727205218,True
GAATAGCCCTGCGGTC-1,10773.0,4804.0,L3,0,0.2712427055066237,1,bisquare,8535,1.0,negbinomial,0.2842243727205218,True
GAATAGTGCTCGATTA-1,5668.0,9825.0,L6,3,0.15876069878112245,1,bisquare,8535,1.0,negbinomial,0.2842243727205218,True
GAATATTCGGAGTCCC-1,8915.0,4201.0,L3,0,0.16627988726138057,1,bisquare,8535,1.0,negbinomial,0.2842243727205218,True
GAATCGACATGGTCAC-1,6089.0,5752.0,L3,0,0.301092950867878,1,bisquare,8535,1.0,negbinomial,0.2842243727205218,True
GAATCGCCGGACACGG-1,6024.0,3955.0,L3,0,0.1039911211390322,1,bisquare,8535,1.0,negbinomial,0.2842243727205218,True
GAATCTGAACATTCTC-1,7600.0,7672.0,L5,2,0.44535746810943516,1,bisquare,8535,1.0,negbinomial,0.2842243727205218,True
GAATGAAGGTCTTCAG-1,11255.0,4685.0,L3,0,0.28393250811437404,1,bisquare,8535,1.0,negbinomial,0.2842243727205218,True
GAATGCCGAAATGACC-1,4369.0,5150.0,L3,0,0.24023378989443944,1,bisquare,8535,1.0,negbinomial,0.2842243727205218,True
GAATGCGAATCGGTTC-1,7939.0,10189.0,WM,4,0.48695177589726113,1,bisquare,8535,1.0,negbinomial,0.2842243727205218,True
GAATGGGCTTATCGAC-1,3607.0,7424.0,L4,1,0.10937551920566081,1,bisquare,8535,1.0,negbinomial,0.2842243727205218,True
GAATGTATGGCAGGTC-1,9465.0,4442.0,L3,0,0.18696128380967397,1,bisquare,8535,1.0,negbinomial,0.2842243727205218,True
GAATGTGGTCCGGATT-1,8770.0,7794.0,L4,1,0.3822343589558127,1,bisquare,8535,1.0,negbinomial,0.2842243727205218,True
GAATGTTGGGTAATCT-1,7949.0,5397.0,L3,0,0.27228285002200986,1,bisquare,8535,1.0,negbinomial,0.2842243727205218,True
GAATTATAGTGAAAGG-1,7877.0,6714.0,L3,0,0.48899475611916304,1,bisquare,8535,1.0,negbinomial,0.2842243727205218,True
GAATTCACCCGGGTGT-1,6979.0,8270.0,L6,3,0.34790502431346876,1,bisquare,8535,1.0,negbinomial,0.2842243727205218,True
GAATTTCTCGCTGCAG-1,5262.0,5990.0,L3,0,0.4032638529663342,1,bisquare,8535,1.0,negbinomial,0.2842243727205218,True
GACAAACATATGCAGG-1,10078.0,7917.0,L3,0,0.564530285421283,1,bisquare,8535,1.0,negbinomial,0.2842243727205218,True
GACAACGACCATTGAA-1,8499.0,5638.0,L3,0,0.2776769652116108,1,bisquare,8535,1.0,negbinomial,0.2842243727205218,True
GACAACGCAGCTTACG-1,6917.0,5035.0,L3,0,0.3163907398632261,1,bisquare,8535,1.0,negbinomial,0.2842243727205218,True
GACAAGAGATGAGATT-1,11176.0,9357.0,L5,2,0.2177205163303697,1,bisquare,8535,1.0,negbinomial,0.2842243727205218,True
GACACAAGGGAAGAAA-1,8154.0,6236.0,L3,0,0.35674848288535643,1,bisquare,8535,1.0,negbinomial,0.2842243727205218,True
GACACAGCCGGGACTG-1,10071.0,11271.0,L6,3,0.12127415219641395,1,bisquare,8535,1.0,negbinomial,0.2842243727205218,True
GACACCCAAAGACGCG-1,5733.0,11622.0,WM,4,0.2240012001261846,1,bisquare,8535,1.0,negbinomial,0.2842243727205218,True
GACACGAGTTAGAGGA-1,4920.0,4911.0,L3,0,0.32545700770539615,1,bisquare,8535,1.0,negbinomial,0.2842243727205218,True
GACACTGAGTTCAGTG-1,6360.0,7909.0,L5,2,0.26111458655851344,1,bisquare,8535,1.0,negbinomial,0.2842243727205218,True
GACACTGGAACCCGAT-1,10764.0,8877.0,L5,2,0.3283254273373754,1,bisquare,8535,1.0,negbinomial,0.2842243727205218,True
GACACTTCCAATTACC-1,9796.0,11031.0,L6,3,0.11012082766447583,1,bisquare,8535,1.0,negbinomial,0.2842243727205218,True
GACAGATTTCTGGCTC-1,3744.0,7904.0,L5,2,0.19773814572821108,1,bisquare,8535,1.0,negbinomial,0.2842243727205218,True
GACAGCCAGACCTGAC-1,9114.0,7675.0,L4,1,0.22219655191784232,1,bisquare,8535,1.0,negbinomial,0.2842243727205218,True
GACAGGCACACACTAT-1,4709.0,7187.0,L5,2,0.24846648509019606,1,bisquare,8535,1.0,negbinomial,0.2842243727205218,True
GACATCCGTCGAACTG-1,8076.0,10429.0,WM,4,0.3525453122097246,1,bisquare,8535,1.0,negbinomial,0.2842243727205218,True
GACATCGATTTATAAC-1,6633.0,8868.0,L6,3,0.3000950662531044,1,bisquare,8535,1.0,negbinomial,0.2842243727205218,True
GACATTTCGCCCAGCC-1,4288.0,11259.0,L6,3,0.20464935117985858,1,bisquare,8535,1.0,negbinomial,0.2842243727205218,True
GACCAAACGTTGACTG-1,10625.0,9595.0,L5,2,0.2892309501560471,1,bisquare,8535,1.0,negbinomial,0.2842243727205218,True
GACCACACTTCCCTTT-1,8694.0,11029.0,WM,4,0.24915480193781572,1,bisquare,8535,1.0,negbinomial,0.2842243727205218,True
GACCAGAGCCCTGTAG-1,6432.0,6352.0,L4,1,0.2868287896806471,1,bisquare,8535,1.0,negbinomial,0.2842243727205218,True
GACCCAATTATGATAC-1,4568.0,9104.0,L5,2,0.15798423142979973,1,bisquare,8535,1.0,negbinomial,0.2842243727205218,True
GACCCGTCGCCGGCTA-1,7264.0,3718.0,L3,0,0.20642505201207173,1,bisquare,8535,1.0,negbinomial,0.2842243727205218,True
GACCGACGTGAAAGCA-1,10905.0,7200.0,L3,0,0.4308333938479462,1,bisquare,8535,1.0,negbinomial,0.2842243727205218,True
GACCGACTGAAGCGTC-1,4710.0,6708.0,L4,1,0.18375154102121594,1,bisquare,8535,1.0,negbinomial,0.2842243727205218,True
GACCGATTAAATATGT-1,4289.0,10780.0,L6,3,0.4477912401785395,1,bisquare,8535,1.0,negbinomial,0.2842243727205218,True
GACCGCGTCTGACGTG-1,10903.0,8637.0,L4,1,0.24109131457872074,1,bisquare,8535,1.0,negbinomial,0.2842243727205218,True
GACCGTCAGGTCGTGA-1,8777.0,4201.0,L3,0,0.23076207841206553,1,bisquare,8535,1.0,negbinomial,0.2842243727205218,True
GACCGTGCTGACGGTG-1,6774.0,7431.0,L5,2,0.2710911798756346,1,bisquare,8535,1.0,negbinomial,0.2842243727205218,True
GACCGTTACATGCGAC-1,3608.0,7185.0,L3,0,0.1871317619771957,1,bisquare,8535,1.0,negbinomial,0.2842243727205218,True
GACCTTCCACGTCTAC-1,8282.0,10549.0,WM,4,0.3648741343549191,1,bisquare,8535,1.0,negbinomial,0.2842243727205218,True
GACGACGATCCGCGTT-1,8010.0,8871.0,L6,3,0.45751227037947256,1,bisquare,8535,1.0,negbinomial,0.2842243727205218,True
GACGAGGCTAATAAAC-1,10075.0,9354.0,L5,2,0.3706144365866066,1,bisquare,8535,1.0,negbinomial,0.2842243727205218,True
GACGATATCACTGGGT-1,5527.0,11262.0,WM,4,0.24427395439190608,1,bisquare,8535,1.0,negbinomial,0.2842243727205218,True
GACGCATACCCGTCGG-1,3601.0,10299.0,L6,3,0.1503750607267689,1,bisquare,8535,1.0,negbinomial,0.2842243727205218,True
GACGCCGTAAAGGCTA-1,6908.0,9108.0,L6,3,0.24681840306732705,1,bisquare,8535,1.0,negbinomial,0.2842243727205218,True
GACGCCTGTTGCAGGG-1,5336.0,3954.0,L3,0,0.16609998152088087,1,bisquare,8535,1.0,negbinomial,0.2842243727205218,True
GACGCTTGCTTCTAAA-1,5673.0,7189.0,L5,2,0.2038107864459806,1,bisquare,8535,1.0,negbinomial,0.2842243727205218,True
GACGGGTTGGCCCGTA-1,6700.0,9946.0,WM,4,0.3151151571029779,1,bisquare,8535,1.0,negbinomial,0.2842243727205218,True
GACGGTCAATAGAAGC-1,10081.0,6240.0,L3,0,0.35435667838310647,1,bisquare,8535,1.0,negbinomial,0.2842243727205218,True
GACGGTCCTAGGGTGT-1,11799.0,7801.0,L3,0,0.3496802240793675,1,bisquare,8535,1.0,negbinomial,0.2842243727205218,True
GACGTGTAGGGATTAT-1,5400.0,5991.0,L3,0,0.07050422952028036,1,bisquare,8535,1.0,negbinomial,0.2842243727205218,True
GACGTTCGTAAATACA-1,11184.0,5523.0,L3,0,0.3152986245525494,1,bisquare,8535,1.0,negbinomial,0.2842243727205218,True
GACGTTGCTCGGCGGC-1,5320.0,11381.0,WM,4,0.18888834567671214,1,bisquare,8535,1.0,negbinomial,0.2842243727205218,True
GACTAACACAGCACCT-1,9398.0,3603.0,L3,0,0.1817478728383361,1,bisquare,8535,1.0,negbinomial,0.2842243727205218,True
GACTAAGATCATGCAC-1,6847.0,5395.0,L3,0,0.2365028486409763,1,bisquare,8535,1.0,negbinomial,0.2842243727205218,True
GACTAAGTAGGCTCAC-1,6158.0,5872.0,L3,0,0.23421114441379026,1,bisquare,8535,1.0,negbinomial,0.2842243727205218,True
GACTACAAAGCGGTGG-1,4638.0,8505.0,L5,2,0.24465975957657324,1,bisquare,8535,1.0,negbinomial,0.2842243727205218,True
GACTACAATTGCTCGT-1,8847.0,3602.0,L3,0,0.19769938031816456,1,bisquare,8535,1.0,negbinomial,0.2842243727205218,True
GACTAGGCCGTTAGGT-1,8558.0,10549.0,WM,4,0.29083565556900015,1,bisquare,8535,1.0,negbinomial,0.2842243727205218,True
GACTCACCCACGTGAG-1,10492.0,7199.0,L3,0,0.49087677786734085,1,bisquare,8535,1.0,negbinomial,0.2842243727205218,True
GACTCCCAGAATAAGG-1,10839.0,5882.0,L3,0,0.47908744416055954,1,bisquare,8535,1.0,negbinomial,0.2842243727205218,True
GACTCCTTCCAATTGA-1,3879.0,9342.0,L5,2,0.2672516338973435,1,bisquare,8535,1.0,negbinomial,0.2842243727205218,True
GACTCGCGGGAATGAC-1,9806.0,6000.0,L3,0,0.38321845140573024,1,bisquare,8535,1.0,negbinomial,0.2842243727205218,True
GACTCGGTCGGCGGAT-1,10568.0,3725.0,L3,0,0.24444035401871578,1,bisquare,8535,1.0,negbinomial,0.2842243727205218,True
GACTCTAGAGTTCCAA-1,7041.0,11505.0,WM,4,0.25636355959370644,1,bisquare,8535,1.0,negbinomial,0.2842243727205218,True
GACTGATTGGTCACAA-1,10155.0,3724.0,L3,0,0.23046636599658404,1,bisquare,8535,1.0,negbinomial,0.2842243727205218,True
GACTGCAAATCGAGCT-1,8353.0,9710.0,L6,3,0.18751409970408067,1,bisquare,8535,1.0,negbinomial,0.2842243727205218,True
GACTGCACCAGCCCAG-1,8700.0,8154.0,L5,2,0.5386884320348135,1,bisquare,8535,1.0,negbinomial,0.2842243727205218,True
GACTGCGGCACGTGTA-1,4230.0,5868.0,L3,0,0.25795138762175873,1,bisquare,8535,1.0,negbinomial,0.2842243727205218,True
GACTGCTGGTGAGAAA-1,5872.0,10664.0,WM,4,0.2562454586170613,1,bisquare,8535,1.0,negbinomial,0.2842243727205218,True
GACTGGGCGCCGCAAC-1,9674.0,3364.0,L3,0,0.19791221100359263,1,bisquare,8535,1.0,negbinomial,0.2842243727205218,True
GAGAACGGTTCTGACT-1,10279.0,10673.0,L6,3,0.45726396217937926,1,bisquare,8535,1.0,negbinomial,0.2842243727205218,True
GAGAATCTCACGATCA-1,3541.0,6346.0,L3,0,0.21007316067402396,1,bisquare,8535,1.0,negbinomial,0.2842243727205218,True
GAGACCCTGCAACGCC-1,10843.0,3965.0,L3,0,0.2188932507607506,1,bisquare,8535,1.0,negbinomial,0.2842243727205218,True
GAGACTGATGGGTAGA-1,7052.0,5994.0,L3,0,0.43054473947352917,1,bisquare,8535,1.0,negbinomial,0.2842243727205218,True
GAGACTTCGCGACCGA-1,7115.0,8989.0,L6,3,0.23936456000889064,1,bisquare,8535,1.0,negbinomial,0.2842243727205218,True
GAGAGCGCAGTCCCTG-1,3610.0,5987.0,L3,0,0.12696315356336169,1,bisquare,8535,1.0,negbinomial,0.2842243727205218,True
GAGAGGCCTATGTGTA-1,11312.0,10555.0,L6,3,0.19245739314145846,1,bisquare,8535,1.0,negbinomial,0.2842243727205218,True
GAGAGGGCGCGAGGTT-1,5948.0,7190.0,L5,2,0.4685711273265081,1,bisquare,8535,1.0,negbinomial,0.2842243727205218,True
GAGAGGTGCATTCTGG-1,5121.0,7907.0,L5,2,0.20035342940215642,1,bisquare,8535,1.0,negbinomial,0.2842243727205218,True
GAGAGTCTCGGGAGAG-1,5940.0,11263.0,WM,4,0.26777869627676393,1,bisquare,8535,1.0,negbinomial,0.2842243727205218,True
GAGATCTGCTTGGCAT-1,6225.0,6711.0,L5,2,0.3820808791572468,1,bisquare,8535,1.0,negbinomial,0.2842243727205218,True
GAGATCTGTCACTCCG-1,8291.0,6236.0,L3,0,0.3723645360118131,1,bisquare,8535,1.0,negbinomial,0.2842243727205218,True
GAGATCTTCCATGACA-1,8494.0,8033.0,L5,2,0.4729289638948807,1,bisquare,8535,1.0,negbinomial,0.2842243727205218,True
GAGATGACAATCCTTA-1,11528.0,5883.0,L3,0,0.14864275816499548,1,bisquare,8535,1.0,negbinomial,0.2842243727205218,True
GAGATGGCTTTAATCA-1,8419.0,11028.0,WM,4,0.19524430045288596,1,bisquare,8535,1.0,negbinomial,0.2842243727205218,True
GAGATGGGAGTCGACA-1,8148.0,8871.0,L6,3,0.3216767149344648,1,bisquare,8535,1.0,negbinomial,0.2842243727205218,True
GAGCACCTGTGTCCAG-1,8697.0,9591.0,L6,3,0.3219478735132826,1,bisquare,8535,1.0,negbinomial,0.2842243727205218,True
GAGCACGGCGCCTCTT-1,11593.0,7680.0,L3,0,0.19726882563596296,1,bisquare,8535,1.0,negbinomial,0.2842243727205218,True
GAGCATCAACAACTTG-1,5254.0,10303.0,L6,3,0.24697397406766972,1,bisquare,8535,1.0,negbinomial,0.2842243727205218,True
GAGCATCATCCCTGGG-1,5955.0,4075.0,L3,0,0.20111237411147245,1,bisquare,8535,1.0,negbinomial,0.2842243727205218,True
GAGCCACGGTAGTAGG-1,6438.0,3717.0,L3,0,0.09392798449716054,1,bisquare,8535,1.0,negbinomial,0.2842243727205218,True
GAGCCAGCTACCTGTG-1,9318.0,8994.0,L5,2,0.5325301598401299,1,bisquare,8535,1.0,negbinomial,0.2842243727205218,True
GAGCCGAGCGTTTATT-1,10567.0,4204.0,L3,0,0.28780284341796886,1,bisquare,8535,1.0,negbinomial,0.2842243727205218,True
GAGCGAGGGAGTACCG-1,7194.0,4317.0,L3,0,0.44424119397464246,1,bisquare,8535,1.0,negbinomial,0.2842243727205218,True
GAGCGCAAATACTCCG-1,10558.0,8756.0,L5,2,0.4457465427779043,1,bisquare,8535,1.0,negbinomial,0.2842243727205218,True
GAGCGCGCACGAGTAG-1,9595.0,8515.0,L5,2,0.2388866020616564,1,bisquare,8535,1.0,negbinomial,0.2842243727205218,True
GAGCGCTGTTAGGTAA-1,4772.0,9943.0,L6,3,0.20708484053757797,1,bisquare,8535,1.0,negbinomial,0.2842243727205218,True
GAGCGGAATGCGGTGT-1,6492.0,10785.0,WM,4,0.25608042885503357,1,bisquare,8535,1.0,negbinomial,0.2842243727205218,True
GAGCTAAGGGCATATC-1,8911.0,6118.0,L3,0,0.19226635545596468,1,bisquare,8535,1.0,negbinomial,0.2842243727205218,True
GAGCTCAACATGAGCG-1,7936.0,11387.0,WM,4,0.24283473984480822,1,bisquare,8535,1.0,negbinomial,0.2842243727205218,True
GAGCTCTCGGACCTAA-1,5472.0,4433.0,L3,0,0.2190204309556109,1,bisquare,8535,1.0,negbinomial,0.2842243727205218,True
GAGCTGTCGTCTCGGA-1,10635.0,5043.0,L3,0,0.19317079920041744,1,bisquare,8535,1.0,negbinomial,0.2842243727205218,True
GAGGAATATCTCTTTG-1,6285.0,11144.0,WM,4,0.1651500076977871,1,bisquare,8535,1.0,negbinomial,0.2842243727205218,True
GAGGAATGGAGAGGTT-1,5332.0,5871.0,L3,0,0.278991509109751,1,bisquare,8535,1.0,negbinomial,0.2842243727205218,True
GAGGATAAACAGTGCT-1,11043.0,7440.0,L3,0,0.5422717632363003,1,bisquare,8535,1.0,negbinomial,0.2842243727205218,True
GAGGCATTTGCAGCAG-1,11462.0,4566.0,L3,0,0.2104354562015165,1,bisquare,8535,1.0,negbinomial,0.2842243727205218,True
GAGGCCCGACTCCGCA-1,4774.0,9224.0,L6,3,0.23870444796362209,1,bisquare,8535,1.0,negbinomial,0.2842243727205218,True
GAGGCCTGTTGATACA-1,10555.0,10194.0,L6,3,0.3289212707509044,1,bisquare,8535,1.0,negbinomial,0.2842243727205218,True
GAGGCTATCAAAGTCG-1,5054.0,6828.0,L5,2,0.42955314366406805,1,bisquare,8535,1.0,negbinomial,0.2842243727205218,True
GAGGGAGTCAGATCGC-1,6011.0,10424.0,WM,4,0.28033759701505817,1,bisquare,8535,1.0,negbinomial,0.2842243727205218,True
GAGGGCATCGCGTATC-1,5473.0,3954.0,L3,0,0.12373581411295496,1,bisquare,8535,1.0,negbinomial,0.2842243727205218,True
GAGGGCCATAATATTA-1,11598.0,5045.0,L3,0,0.27467309838504167,1,bisquare,8535,1.0,negbinomial,0.2842243727205218,True
GAGGGCCGGCAGAGTC-1,11877.0,3368.0,L3,0,0.06183881441367997,1,bisquare,8535,1.0,negbinomial,0.2842243727205218,True
GAGGGCGCAGCTCTGC-1,9325.0,5879.0,L3,0,0.2737838042143258,1,bisquare,8535,1.0,negbinomial,0.2842243727205218,True
GAGGGTAGTAACAAAG-1,5323.0,10183.0,L6,3,0.3184842261567673,1,bisquare,8535,1.0,negbinomial,0.2842243727205218,True
GAGGTACATCCATCTT-1,7883.0,4079.0,L3,0,0.1843723091944583,1,bisquare,8535,1.0,negbinomial,0.2842243727205218,True
GAGGTACGCGTGTCCC-1,7800.0,10668.0,WM,4,0.18541475408832786,1,bisquare,8535,1.0,negbinomial,0.2842243727205218,True
GAGGTCCCAAAGATCT-1,4990.0,4792.0,L3,0,0.27171244698370756,1,bisquare,8535,1.0,negbinomial,0.2842243727205218,True
GAGTAAACCGGAAAGT-1,11246.0,8758.0,L4,1,0.40204172760489953,1,bisquare,8535,1.0,negbinomial,0.2842243727205218,True
GAGTAAGGCCACGGGA-1,4156.0,8384.0,L5,2,0.3179845267124376,1,bisquare,8535,1.0,negbinomial,0.2842243727205218,True
GAGTACGGGTATACAA-1,6161.0,4435.0,L3,0,0.31914518985784135,1,bisquare,8535,1.0,negbinomial,0.2842243727205218,True
GAGTAGATACTAGTTG-1,7595.0,10068.0,WM,4,0.28690129496611133,1,bisquare,8535,1.0,negbinomial,0.2842243727205218,True
GAGTATACCCTAATCA-1,5252.0,11022.0,WM,4,0.5467965752014989,1,bisquare,8535,1.0,negbinomial,0.2842243727205218,True
GAGTATCAAAGTTACA-1,11520.0,9477.0,L5,2,0.2584293993410855,1,bisquare,8535,1.0,negbinomial,0.2842243727205218,True
GAGTATGCCCGCCTTG-1,6152.0,8508.0,L6,3,0.28467689602715024,1,bisquare,8535,1.0,negbinomial,0.2842243727205218,True
GAGTATGCGCGTGCAT-1,8077.0,10189.0,WM,4,0.3766016605403209,1,bisquare,8535,1.0,negbinomial,0.2842243727205218,True
GAGTCAGACCAGAATC-1,6495.0,9347.0,L6,3,0.21127547198081467,1,bisquare,8535,1.0,negbinomial,0.2842243727205218,True
GAGTCCGCTTACCGGA-1,7186.0,8151.0,L5,2,0.19509656305460163,1,bisquare,8535,1.0,negbinomial,0.2842243727205218,True
GAGTCGACAGACCCTC-1,3816.0,6107.0,L3,0,0.16917665664943773,1,bisquare,8535,1.0,negbinomial,0.2842243727205218,True
GAGTGCACGGACAACA-1,11942.0,5166.0,L3,0,0.15959908732497163,1,bisquare,8535,1.0,negbinomial,0.2842243727205218,True
GAGTGTCAACCAGAAA-1,8903.0,10191.0,L6,3,0.24675797618940754,1,bisquare,8535,1.0,negbinomial,0.2842243727205218,True
GAGTGTGCGGTACCCA-1,9252.0,7915.0,L4,1,0.2610267217925052,1,bisquare,8535,1.0,negbinomial,0.2842243727205218,True
GAGTTGATGGCAATTT-1,4499.0,8744.0,L5,2,0.17542871996882223,1,bisquare,8535,1.0,negbinomial,0.2842243727205218,True
GAGTTGTCACCAGTCT-1,3738.0,10779.0,L6,3,0.28600568831324025,1,bisquare,8535,1.0,negbinomial,0.2842243727205218,True
GATAAATCGGTGGATG-1,6023.0,4435.0,L3,0,0.21443244951976717,1,bisquare,8535,1.0,negbinomial,0.2842243727205218,True
GATAACTCGCACTGTG-1,9322.0,7316.0,L3,0,0.3496086349048921,1,bisquare,8535,1.0,negbinomial,0.2842243727205218,True
GATAAGGCAGATGCAA-1,5129.0,3834.0,L3,0,0.1345419513826933,1,bisquare,8535,1.0,negbinomial,0.2842243727205218,True
GATACCGTGTCGGAGT-1,11937.0,7561.0,L3,0,0.28844810855196906,1,bisquare,8535,1.0,negbinomial,0.2842243727205218,True
GATACGATGGGAGTCA-1,6291.0,8029.0,L6,3,0.2700742321155026,1,bisquare,8535,1.0,negbinomial,0.2842243727205218,True
GATAGAACCCGCTAGG-1,7042.0,11025.0,WM,4,0.22476904066324221,1,bisquare,8535,1.0,negbinomial,0.2842243727205218,True
GATAGGTAACGTTGAC-1,7323.0,8390.0,L6,3,0.256971546621841,1,bisquare,8535,1.0,negbinomial,0.2842243727205218,True
GATAGGTGTCCCGGGC-1,11663.0,7321.0,L3,0,0.2472147552239368,1,bisquare,8535,1.0,negbinomial,0.2842243727205218,True
GATAGTGCGAGTAAGT-1,6216.0,10784.0,WM,4,0.22814722261059567,1,bisquare,8535,1.0,negbinomial,0.2842243727205218,True
GATATCTCATGCAATA-1,7194.0,4078.0,L3,0,0.3530275838041387,1,bisquare,8535,1.0,negbinomial,0.2842243727205218,True
GATATGAGACACTAAC-1,8771.0,7315.0,L3,0,0.4239647005264024,1,bisquare,8535,1.0,negbinomial,0.2842243727205218,True
GATATGCGGTAGCCAA-1,9464.0,4921.0,L3,0,0.2770826132627329,1,bisquare,8535,1.0,negbinomial,0.2842243727205218,True
GATATGGATTACGCGG-1,4436.0,5989.0,L3,0,0.41113344810618624,1,bisquare,8535,1.0,negbinomial,0.2842243727205218,True
GATATTGAGATTGGCG-1,10080.0,6719.0,L3,0,0.3116807907310818,1,bisquare,8535,1.0,negbinomial,0.2842243727205218,True
GATATTTCCTACATGG-1,9327.0,4681.0,L3,0,0.387668166551846,1,bisquare,8535,1.0,negbinomial,0.2842243727205218,True
GATCAACATAAAGGGA-1,5667.0,10064.0,WM,4,0.5651774525712103,1,bisquare,8535,1.0,negbinomial,0.2842243727205218,True
GATCATTCCAAACATT-1,7052.0,6234.0,L3,0,0.3523941953929961,1,bisquare,8535,1.0,negbinomial,0.2842243727205218,True
GATCCCTTTATACTGC-1,7328.0,5995.0,L3,0,0.5219159294982405,1,bisquare,8535,1.0,negbinomial,0.2842243727205218,True
GATCCGAATATAAGTG-1,11732.0,6962.0,L3,0,0.23199505564900555,1,bisquare,8535,1.0,negbinomial,0.2842243727205218,True
GATCCGGGAATTAACA-1,8220.0,7314.0,L4,1,0.39042113217648766,1,bisquare,8535,1.0,negbinomial,0.2842243727205218,True
GATCCTAAATCGGGAC-1,9738.0,5880.0,L3,0,0.24111356444191867,1,bisquare,8535,1.0,negbinomial,0.2842243727205218,True
GATCCTCGACACTGGC-1,5395.0,8626.0,L6,3,0.23411716199201266,1,bisquare,8535,1.0,negbinomial,0.2842243727205218,True
GATCCTCTTGCGCTTA-1,8917.0,3482.0,L3,0,0.16632570208553094,1,bisquare,8535,1.0,negbinomial,0.2842243727205218,True
GATCGACACTATCTGA-1,6433.0,5873.0,L3,0,0.3496258459209866,1,bisquare,8535,1.0,negbinomial,0.2842243727205218,True
GATCGCGGGCTCTCCA-1,6775.0,6952.0,L5,2,0.37266970864267124,1,bisquare,8535,1.0,negbinomial,0.2842243727205218,True
GATCGCTACCCGATTT-1,9939.0,8635.0,L5,2,0.4149841418888278,1,bisquare,8535,1.0,negbinomial,0.2842243727205218,True
GATCGCTATATCTCAG-1,4910.0,9943.0,L6,3,0.23800232715774547,1,bisquare,8535,1.0,negbinomial,0.2842243727205218,True
GATCGCTGTGGTGCGT-1,4426.0,11020.0,L6,3,0.219303606966875,1,bisquare,8535,1.0,negbinomial,0.2842243727205218,True
GATCGGATAGAACCAT-1,4089.0,7545.0,L5,2,0.4262775564682591,1,bisquare,8535,1.0,negbinomial,0.2842243727205218,True
GATCGGCGATAAGTCG-1,4163.0,5030.0,L3,0,0.2592746977728107,1,bisquare,8535,1.0,negbinomial,0.2842243727205218,True
GATCGGTGGCCATAAC-1,7879.0,5996.0,L3,0,0.4107935539545371,1,bisquare,8535,1.0,negbinomial,0.2842243727205218,True
GATCGTGACTGATATC-1,8152.0,7194.0,L4,1,0.29448493182436253,1,bisquare,8535,1.0,negbinomial,0.2842243727205218,True
GATCTCGACGCTGTGG-1,11316.0,8638.0,L4,1,0.32569550815376896,1,bisquare,8535,1.0,negbinomial,0.2842243727205218,True
GATCTGCTATCTAAGG-1,7044.0,10067.0,WM,4,0.2293994848344058,1,bisquare,8535,1.0,negbinomial,0.2842243727205218,True
GATCTTGGAGGGCATA-1,8012.0,7913.0,L5,2,0.34376989195570734,1,bisquare,8535,1.0,negbinomial,0.2842243727205218,True
GATCTTTGCAGGGTAT-1,5811.0,6950.0,L5,2,0.26578704571083983,1,bisquare,8535,1.0,negbinomial,0.2842243727205218,True
GATCTTTGCTCAAAGA-1,11463.0,4086.0,L3,0,0.35280747153801556,1,bisquare,8535,1.0,negbinomial,0.2842243727205218,True
GATGACAAGTAGGGCA-1,5462.0,9465.0,L6,3,0.2851504240385585,1,bisquare,8535,1.0,negbinomial,0.2842243727205218,True
GATGACGATGATCGCG-1,10979.0,4924.0,L3,0,0.21976791648091235,1,bisquare,8535,1.0,negbinomial,0.2842243727205218,True
GATGAGGAACCTTCGG-1,8764.0,10670.0,WM,4,0.2549981425275813,1,bisquare,8535,1.0,negbinomial,0.2842243727205218,True
GATGCCAGCAGAAGGC-1,4369.0,5389.0,L3,0,0.15858848582397161,1,bisquare,8535,1.0,negbinomial,0.2842243727205218,True
GATGCCTTCTGCGGCA-1,4153.0,9582.0,L6,3,0.5370192797575083,1,bisquare,8535,1.0,negbinomial,0.2842243727205218,True
GATGCGAATGGTATTA-1,3886.0,5748.0,L3,0,0.4329250135913188,1,bisquare,8535,1.0,negbinomial,0.2842243727205218,True
GATGCGTCCTGCATTC-1,7119.0,7072.0,L5,2,0.31880367894383627,1,bisquare,8535,1.0,negbinomial,0.2842243727205218,True
GATGCTACAAGCGCCT-1,6711.0,4676.0,L3,0,0.29572078193951273,1,bisquare,8535,1.0,negbinomial,0.2842243727205218,True
GATGCTACCTTCGATG-1,7180.0,11026.0,WM,4,0.23232353378879486,1,bisquare,8535,1.0,negbinomial,0.2842243727205218,True
GATGCTGTATTTCATC-1,8357.0,7794.0,L5,2,0.28812900865944213,1,bisquare,8535,1.0,negbinomial,0.2842243727205218,True
GATGGCGCACACATTA-1,5196.0,4912.0,L3,0,0.25931330768111055,1,bisquare,8535,1.0,negbinomial,0.2842243727205218,True
GATGGTGAAATAACCC-1,11326.0,3367.0,L3,0,0.2331502139386508,1,bisquare,8535,1.0,negbinomial,0.2842243727205218,True
GATGGTGCCCTAGGCA-1,8572.0,3841.0,L3,0,0.17193900727956604,1,bisquare,8535,1.0,negbinomial,0.2842243727205218,True
GATGTAACGAACCACC-1,4637.0,8744.0,L5,2,0.22558958265341256,1,bisquare,8535,1.0,negbinomial,0.2842243727205218,True
GATGTCGGTCAACTGC-1,8228.0,3720.0,L3,0,0.17440062191228406,1,bisquare,8535,1.0,negbinomial,0.2842243727205218,True
GATGTGTTGTCACAAG-1,8573.0,3362.0,L3,0,0.30241423722103267,1,bisquare,8535,1.0,negbinomial,0.2842243727205218,True
GATGTTCAATCCACGA-1,6154.0,7549.0,L5,2,0.2963439550902708,1,bisquare,8535,1.0,negbinomial,0.2842243727205218,True
GATGTTTGTGCGAGAT-1,5264.0,5032.0,L3,0,0.23317699716123508,1,bisquare,8535,1.0,negbinomial,0.2842243727205218,True
GATTAACCGAAAGCCC-1,9593.0,9234.0,L5,2,0.34111250734210674,1,bisquare,8535,1.0,negbinomial,0.2842243727205218,True
GATTACTGAATTTGGG-1,5879.0,7549.0,L5,2,0.1636082954534194,1,bisquare,8535,1.0,negbinomial,0.2842243727205218,True
GATTAGAAACAAGCGT-1,6284.0,11623.0,WM,4,0.12148264965009059,1,bisquare,8535,1.0,negbinomial,0.2842243727205218,True
GATTCCCTTGTCGCAG-1,7811.0,5636.0,L3,0,0.2923128568195374,1,bisquare,8535,1.0,negbinomial,0.2842243727205218,True
GATTCCGCGTTTCCGT-1,8432.0,4559.0,L3,0,0.21946690854917283,1,bisquare,8535,1.0,negbinomial,0.2842243727205218,True
GATTCCTATACGGCGC-1,4781.0,5630.0,L3,0,0.19561409911708708,1,bisquare,8535,1.0,negbinomial,0.2842243727205218,True
GATTCGACGGTTCACG-1,8082.0,7553.0,L5,2,0.4104259241141076,1,bisquare,8535,1.0,negbinomial,0.2842243727205218,True
GATTCTGTTAATGAGT-1,7454.0,11505.0,WM,4,0.1598828534303851,1,bisquare,8535,1.0,negbinomial,0.2842243727205218,True
GATTGCTCCAGTTGCA-1,5047.0,10183.0,L6,3,0.4201074933316503,1,bisquare,8535,1.0,negbinomial,0.2842243727205218,True
GATTGGGAAAGGTTGT-1,8695.0,10550.0,WM,4,0.4733159308700866,1,bisquare,8535,1.0,negbinomial,0.2842243727205218,True
GATTTAGTGCGTACTG-1,11944.0,4447.0,L3,0,0.1911278006538294,1,bisquare,8535,1.0,negbinomial,0.2842243727205218,True
GATTTGCGCTAACACC-1,6697.0,11624.0,WM,4,0.1689296645725044,1,bisquare,8535,1.0,negbinomial,0.2842243727205218,True
GCAAACCCTACATTAT-1,8838.0,8394.0,L5,2,0.2913450194096486,1,bisquare,8535,1.0,negbinomial,0.2842243727205218,True
GCAAACCTTGGCCATA-1,7803.0,9470.0,L6,3,0.21155101700932544,1,bisquare,8535,1.0,negbinomial,0.2842243727205218,True
GCAAACGTCGCCAGGT-1,11247.0,8279.0,L3,0,0.5671978980843274,1,bisquare,8535,1.0,negbinomial,0.2842243727205218,True
GCAAAGGGCGTTAGCC-1,4565.0,10541.0,L6,3,0.31142853408063337,1,bisquare,8535,1.0,negbinomial,0.2842243727205218,True
GCAAATATTACGCTTT-1,6018.0,6830.0,L5,2,0.3128728640023382,1,bisquare,8535,1.0,negbinomial,0.2842243727205218,True
GCAAATGAGGACACTT-1,3538.0,7544.0,L4,1,0.12515834844202942,1,bisquare,8535,1.0,negbinomial,0.2842243727205218,True
GCAACACACTAGAACT-1,4294.0,8145.0,L5,2,0.38985295588604985,1,bisquare,8535,1.0,negbinomial,0.2842243727205218,True
GCAACAGCAGTATGCG-1,10490.0,8157.0,L3,0,0.4019654973007053,1,bisquare,8535,1.0,negbinomial,0.2842243727205218,True
GCAACCACCAGACCGG-1,9534.0,4322.0,L3,0,0.2221179134742744,1,bisquare,8535,1.0,negbinomial,0.2842243727205218,True
GCAACCACGGCCGCGT-1,5190.0,7787.0,L5,2,0.44338825166103235,1,bisquare,8535,1.0,negbinomial,0.2842243727205218,True
GCAACCCAAGTTGTTT-1,3403.0,6346.0,L3,0,0.17525277223535513,1,bisquare,8535,1.0,negbinomial,0.2842243727205218,True
GCAACGGCTAGTTATG-1,10973.0,7799.0,L3,0,0.4296950301268951,1,bisquare,8535,1.0,negbinomial,0.2842243727205218,True
GCAAGAATTCCTTGGC-1,5672.0,7908.0,L5,2,0.21131889995388436,1,bisquare,8535,1.0,negbinomial,0.2842243727205218,True
GCAAGATGTGTTCGCG-1,10430.0,3964.0,L3,0,0.2864146996047047,1,bisquare,8535,1.0,negbinomial,0.2842243727205218,True
GCAAGTGCACAGAGAA-1,6090.0,5513.0,L3,0,0.28943369559068505,1,bisquare,8535,1.0,negbinomial,0.2842243727205218,True
GCAAGTGTAAAGCATG-1,6286.0,10664.0,WM,4,0.33020803562311773,1,bisquare,8535,1.0,negbinomial,0.2842243727205218,True
GCAATTAGTCGCACCG-1,11665.0,6363.0,L3,0,0.09498909929254455,1,bisquare,8535,1.0,negbinomial,0.2842243727205218,True
GCACAAACCCTAGATG-1,4634.0,10421.0,L6,3,0.20213937740651225,1,bisquare,8535,1.0,negbinomial,0.2842243727205218,True
GCACAAACGAGGCGTG-1,11041.0,8159.0,L3,0,0.5388626443289267,1,bisquare,8535,1.0,negbinomial,0.2842243727205218,True
GCACAACCTCGGGCGT-1,3878.0,9581.0,L5,2,0.3894700898191295,1,bisquare,8535,1.0,negbinomial,0.2842243727205218,True
GCACAAGTGTCGGAAG-1,7608.0,3839.0,L3,0,0.17345423986244732,1,bisquare,8535,1.0,negbinomial,0.2842243727205218,True
GCACACACTGGTAGCC-1,9662.0,9354.0,L5,2,0.2648145399989667,1,bisquare,8535,1.0,negbinomial,0.2842243727205218,True
GCACACAGCTATTACC-1,8005.0,11267.0,WM,4,0.1821868683581547,1,bisquare,8535,1.0,negbinomial,0.2842243727205218,True
GCACACGCCCATGGTC-1,3884.0,6706.0,L3,0,0.31507181873865164,1,bisquare,8535,1.0,negbinomial,0.2842243727205218,True
GCACAGCACGGGCCGA-1,6078.0,11263.0,WM,4,0.2261720011831635,1,bisquare,8535,1.0,negbinomial,0.2842243727205218,True
GCACCTTCCCGAAGGT-1,11518.0,10675.0,L6,3,0.2417293697704338,1,bisquare,8535,1.0,negbinomial,0.2842243727205218,True
GCACGCCGATTCCCGC-1,8419.0,11268.0,WM,4,0.16625832604317597,1,bisquare,8535,1.0,negbinomial,0.2842243727205218,True
GCACGCCTACTTAGAT-1,5875.0,9226.0,L6,3,0.17857347308270805,1,bisquare,8535,1.0,negbinomial,0.2842243727205218,True
GCACGTGGTTTACTTA-1,10486.0,10314.0,L6,3,0.24435466527884436,1,bisquare,8535,1.0,negbinomial,0.2842243727205218,True
GCACTAGTCGCGCTAT-1,6161.0,4195.0,L3,0,0.13749259343159553,1,bisquare,8535,1.0,negbinomial,0.2842243727205218,True
GCACTGCCTACCTTTA-1,7869.0,10548.0,WM,4,0.22617397178805287,1,bisquare,8535,1.0,negbinomial,0.2842243727205218,True
GCACTGTGCAAATGTA-1,5474.0,3715.0,L3,0,0.2304458446104452,1,bisquare,8535,1.0,negbinomial,0.2842243727205218,True
GCAGAAACGTAATCCA-1,11601.0,3607.0,L3,0,0.1554239260530602,1,bisquare,8535,1.0,negbinomial,0.2842243727205218,True
GCAGAAGGTAATCTCC-1,11591.0,8639.0,L3,0,0.28590993458607,1,bisquare,8535,1.0,negbinomial,0.2842243727205218,True
GCAGACCCAGCACGTA-1,10286.0,7318.0,L3,0,0.4522226180938797,1,bisquare,8535,1.0,negbinomial,0.2842243727205218,True
GCAGATCCATAAGACT-1,9043.0,8753.0,L5,2,0.5601142810233131,1,bisquare,8535,1.0,negbinomial,0.2842243727205218,True
GCAGATCCTCGCAAAT-1,4093.0,5389.0,L3,0,0.2672969961681691,1,bisquare,8535,1.0,negbinomial,0.2842243727205218,True
GCAGATTAGGGATATC-1,7395.0,7073.0,L5,2,0.3971186803904253,1,bisquare,8535,1.0,negbinomial,0.2842243727205218,True
GCAGCACACAGCCCAG-1,6086.0,7190.0,L5,2,0.36289158918794634,1,bisquare,8535,1.0,negbinomial,0.2842243727205218,True
GCAGCCTATATCACAT-1,10975.0,6841.0,L3,0,0.3435076188865691,1,bisquare,8535,1.0,negbinomial,0.2842243727205218,True
GCAGCTATGGACAGGT-1,10980.0,4205.0,L3,0,0.18380420877173126,1,bisquare,8535,1.0,negbinomial,0.2842243727205218,True
GCAGCTGTCAACGCAT-1,9176.0,11150.0,WM,4,0.3190830922412685,1,bisquare,8535,1.0,negbinomial,0.2842243727205218,True
GCAGGAACTTAGATCT-1,4224.0,8983.0,L5,2,0.22108642262630154,1,bisquare,8535,1.0,negbinomial,0.2842243727205218,True
GCAGGACTATAGAATA-1,5743.0,6830.0,L5,2,0.2394495340487715,1,bisquare,8535,1.0,negbinomial,0.2842243727205218,True
GCAGGTAGAGTATGGT-1,9671.0,4801.0,L3,0,0.21891175444290067,1,bisquare,8535,1.0,negbinomial,0.2842243727205218,True
GCAGTGCGGGCGGATG-1,11865.0,9358.0,L4,1,0.32459150327640807,1,bisquare,8535,1.0,negbinomial,0.2842243727205218,True
GCAGTGTGGCTATAGG-1,8904.0,9711.0,L6,3,0.4014980824235912,1,bisquare,8535,1.0,negbinomial,0.2842243727205218,True
GCAGTTCGATCCGAGC-1,11314.0,9357.0,L5,2,0.48721622211380733,1,bisquare,8535,1.0,negbinomial,0.2842243727205218,True
GCATAAATTGAACGCC-1,11877.0,3608.0,L3,0,0.08222219419798861,1,bisquare,8535,1.0,negbinomial,0.2842243727205218,True
GCATACGAGGTCTTTA-1,4158.0,7186.0,L4,1,0.2581936000002977,1,bisquare,8535,1.0,negbinomial,0.2842243727205218,True
GCATAGAGCACTCAGG-1,7257.0,7073.0,L5,2,0.2578207704041386,1,bisquare,8535,1.0,negbinomial,0.2842243727205218,True
GCATCCCTAACTTTGA-1,6092.0,4554.0,L3,0,0.20712130974936754,1,bisquare,8535,1.0,negbinomial,0.2842243727205218,True
GCATCGGCCGTGTAGG-1,10283.0,8516.0,L4,1,0.0526971053737431,1,bisquare,8535,1.0,negbinomial,0.2842243727205218,True
GCATGAGGGACGCGGC-1,9393.0,6238.0,L3,0,0.3022557472021021,1,bisquare,8535,1.0,negbinomial,0.2842243727205218,True
GCATGCTAATAACGAT-1,9728.0,10671.0,L6,3,0.2062257400693311,1,bisquare,8535,1.0,negbinomial,0.2842243727205218,True
GCATTCAAGGCAACGC-1,10633.0,6001.0,L3,0,0.3098573426208666,1,bisquare,8535,1.0,negbinomial,0.2842243727205218,True
GCATTCGAAATGAACA-1,4161.0,5988.0,L3,0,0.35066486896325005,1,bisquare,8535,1.0,negbinomial,0.2842243727205218,True
GCATTGTAATTCATAT-1,4640.0,7546.0,L5,2,0.4540581989191671,1,bisquare,8535,1.0,negbinomial,0.2842243727205218,True
GCATTTCCAAGGCTCC-1,10838.0,6601.0,L3,0,0.2947496203720611,1,bisquare,8535,1.0,negbinomial,0.2842243727205218,True
GCCAACCATTTCCGGA-1,10495.0,5761.0,L3,0,0.31566824180624364,1,bisquare,8535,1.0,negbinomial,0.2842243727205218,True
GCCAAGAATACTTCTG-1,3881.0,8144.0,L5,2,0.17723270027368543,1,bisquare,8535,1.0,negbinomial,0.2842243727205218,True
GCCAATAGGGCATCTC-1,10289.0,5641.0,L3,0,0.20974344154874408,1,bisquare,8535,1.0,negbinomial,0.2842243727205218,True
GCCACAATTTAAGGAC-1,5878.0,8028.0,L5,2,0.2039707418065874,1,bisquare,8535,1.0,negbinomial,0.2842243727205218,True
GCCACTCAGAGCGCGA-1,9730.0,9713.0,L6,3,0.32690521872062456,1,bisquare,8535,1.0,negbinomial,0.2842243727205218,True
GCCACTCCTTACGGTA-1,11383.0,9237.0,L5,2,0.23709438366808855,1,bisquare,8535,1.0,negbinomial,0.2842243727205218,True
GCCAGGAAAGAACACT-1,5596.0,11142.0,WM,4,0.4311442808203529,1,bisquare,8535,1.0,negbinomial,0.2842243727205218,True
GCCAGGAGTAACCGAT-1,9326.0,5160.0,L3,0,0.2445929937305606,1,bisquare,8535,1.0,negbinomial,0.2842243727205218,True
GCCAGGCGTTCGCATG-1,9329.0,3723.0,L3,0,0.3306742936272075,1,bisquare,8535,1.0,negbinomial,0.2842243727205218,True
GCCATATTGCACACAG-1,9395.0,5280.0,L3,0,0.19106394349195932,1,bisquare,8535,1.0,negbinomial,0.2842243727205218,True
GCCATCGAGCTGCGTG-1,6427.0,8988.0,L6,3,0.28627601152475224,1,bisquare,8535,1.0,negbinomial,0.2842243727205218,True
GCCATCGATGCTGCAT-1,10769.0,6481.0,L3,0,0.34120715411021596,1,bisquare,8535,1.0,negbinomial,0.2842243727205218,True
GCCATTAGCCTCAAAC-1,4085.0,9222.0,L5,2,0.32444590834271697,1,bisquare,8535,1.0,negbinomial,0.2842243727205218,True
GCCCACCAAGGCTGTC-1,5817.0,4075.0,L3,0,0.10896501700233399,1,bisquare,8535,1.0,negbinomial,0.2842243727205218,True
GCCCACTGGTCCACAA-1,11808.0,3488.0,L3,0,0.059619444245645144,1,bisquare,8535,1.0,negbinomial,0.2842243727205218,True
GCCCAGATGCTGGAGA-1,11525.0,7081.0,L3,0,0.23080016161105446,1,bisquare,8535,1.0,negbinomial,0.2842243727205218,True
GCCCAGTTGGTATGCC-1,5815.0,5273.0,L3,0,0.31331184531007517,1,bisquare,8535,1.0,negbinomial,0.2842243727205218,True
GCCCGACTTCTTCCCG-1,4913.0,8505.0,L5,2,0.24351090154510796,1,bisquare,8535,1.0,negbinomial,0.2842243727205218,True
GCCCGAGAGTCTAAAT-1,3877.0,10060.0,L6,3,0.23437846888347064,1,bisquare,8535,1.0,negbinomial,0.2842243727205218,True
GCCCGATCTGTGGTCG-1,7528.0,8990.0,L6,3,0.4627789604183593,1,bisquare,8535,1.0,negbinomial,0.2842243727205218,True
GCCCGATGCCCAGTTC-1,4494.0,11379.0,L6,3,0.16069327467406794,1,bisquare,8535,1.0,negbinomial,0.2842243727205218,True
GCCCGCGCGTAAACGG-1,6015.0,8508.0,L6,3,0.4106752800557808,1,bisquare,8535,1.0,negbinomial,0.2842243727205218,True
GCCCGCGCGTTTGACA-1,5953.0,5033.0,L3,0,0.2026933197894159,1,bisquare,8535,1.0,negbinomial,0.2842243727205218,True
GCCCGTAATACCTTCT-1,8636.0,5877.0,L3,0,0.18529702418094685,1,bisquare,8535,1.0,negbinomial,0.2842243727205218,True
GCCCTAGCCGTCGCGA-1,4292.0,9103.0,L5,2,0.13058151697929993,1,bisquare,8535,1.0,negbinomial,0.2842243727205218,True
GCCCTGAGGATGGGCT-1,8282.0,10788.0,WM,4,0.21281695069648363,1,bisquare,8535,1.0,negbinomial,0.2842243727205218,True
GCCGAAATTCCTACGT-1,6293.0,6831.0,L5,2,0.2867816455545732,1,bisquare,8535,1.0,negbinomial,0.2842243727205218,True
GCCGACCCACGACTGC-1,5254.0,10063.0,L6,3,0.21109362251640248,1,bisquare,8535,1.0,negbinomial,0.2842243727205218,True
GCCGATTGGCCAAGCT-1,7394.0,7552.0,L5,2,0.35038511619705326,1,bisquare,8535,1.0,negbinomial,0.2842243727205218,True
GCCGCACTCCGTTTCA-1,11524.0,7800.0,L3,0,0.3998768342407816,1,bisquare,8535,1.0,negbinomial,0.2842243727205218,True
GCCGCATTAGTCCGGC-1,4366.0,6827.0,L4,1,0.17520620901510942,1,bisquare,8535,1.0,negbinomial,0.2842243727205218,True
GCCGCTTGTGAGAAAC-1,5949.0,6950.0,L5,2,0.3567338126412888,1,bisquare,8535,1.0,negbinomial,0.2842243727205218,True
GCCGGGTTAGGGTCGC-1,7256.0,7552.0,L5,2,0.26311319213944917,1,bisquare,8535,1.0,negbinomial,0.2842243727205218,True
GCCGGTCGTATCTCTC-1,6904.0,11025.0,WM,4,0.2156037396938231,1,bisquare,8535,1.0,negbinomial,0.2842243727205218,True
GCCGTCGGTTTCGGGC-1,6009.0,11143.0,WM,4,0.2447642080308808,1,bisquare,8535,1.0,negbinomial,0.2842243727205218,True
GCCGTGGAAGAAATGT-1,11112.0,7320.0,L3,0,0.42904335213527983,1,bisquare,8535,1.0,negbinomial,0.2842243727205218,True
GCCTACGTTCTGTGCA-1,8833.0,10789.0,WM,4,0.31473026824549344,1,bisquare,8535,1.0,negbinomial,0.2842243727205218,True
GCCTAGCGATCTGACC-1,6091.0,5034.0,L3,0,0.16480131533430625,1,bisquare,8535,1.0,negbinomial,0.2842243727205218,True
GCCTATAGTGTCAGGG-1,9462.0,6119.0,L3,0,0.25134846490214185,1,bisquare,8535,1.0,negbinomial,0.2842243727205218,True
GCCTATCAGGTAAGAT-1,11864.0,9837.0,L5,2,0.22536470974307254,1,bisquare,8535,1.0,negbinomial,0.2842243727205218,True
GCCTATGCTGGGCCTT-1,11048.0,4804.0,L3,0,0.19535419970800286,1,bisquare,8535,1.0,negbinomial,0.2842243727205218,True
GCCTATTCCGATATAG-1,5263.0,5511.0,L3,0,0.32732920766710016,1,bisquare,8535,1.0,negbinomial,0.2842243727205218,True
GCCTATTTGCTACACA-1,6644.0,3597.0,L3,0,0.15136047236168035,1,bisquare,8535,1.0,negbinomial,0.2842243727205218,True
GCCTCATCTGGAAATA-1,9734.0,7557.0,L3,0,0.5081958776975373,1,bisquare,8535,1.0,negbinomial,0.2842243727205218,True
GCCTCCGACAATTCAC-1,9936.0,9833.0,L6,3,0.4440749324665598,1,bisquare,8535,1.0,negbinomial,0.2842243727205218,True
GCCTCTATACATAGCA-1,8354.0,9231.0,L6,3,0.4875545583636831,1,bisquare,8535,1.0,negbinomial,0.2842243727205218,True
GCCTGCTACACTGAGA-1,10500.0,3605.0,L3,0,0.21816344246948008,1,bisquare,8535,1.0,negbinomial,0.2842243727205218,True
GCCTGTCCCGGTGCAT-1,7523.0,11386.0,WM,4,0.27099479870037446,1,bisquare,8535,1.0,negbinomial,0.2842243727205218,True
GCCTTCAGCCCTACCG-1,6642.0,4556.0,L3,0,0.20322777262828956,1,bisquare,8535,1.0,negbinomial,0.2842243727205218,True
GCCTTGTATATGCAGT-1,4232.0,4670.0,L3,0,0.1365181414083761,1,bisquare,8535,1.0,negbinomial,0.2842243727205218,True
GCCTTTGTCAGTGGAC-1,3877.0,10300.0,L6,3,0.18208329650423,1,bisquare,8535,1.0,negbinomial,0.2842243727205218,True
GCGAAACGATCGGGAG-1,10075.0,9115.0,L5,2,0.3782048426448596,1,bisquare,8535,1.0,negbinomial,0.2842243727205218,True
GCGAAACTTAACTGGA-1,8839.0,7914.0,L5,2,0.3785181089665068,1,bisquare,8535,1.0,negbinomial,0.2842243727205218,True
GCGAAGAATCTGACGG-1,8971.0,10550.0,WM,4,0.5118368927102452,1,bisquare,8535,1.0,negbinomial,0.2842243727205218,True
GCGAAGCCATACCCGT-1,7396.0,6354.0,L3,0,0.5214551839893937,1,bisquare,8535,1.0,negbinomial,0.2842243727205218,True
GCGAATGGACTAGCGA-1,8211.0,11627.0,WM,4,0.17607864164238374,1,bisquare,8535,1.0,negbinomial,0.2842243727205218,True
GCGACATGTAAACATC-1,10561.0,7079.0,L3,0,0.568067802194443,1,bisquare,8535,1.0,negbinomial,0.2842243727205218,True
GCGACCCAACCATCTG-1,5461.0,9704.0,L6,3,0.22837489234572303,1,bisquare,8535,1.0,negbinomial,0.2842243727205218,True
GCGACGATAGTTGTAC-1,6910.0,8390.0,L6,3,0.2422156458342777,1,bisquare,8535,1.0,negbinomial,0.2842243727205218,True
GCGACGGTAGTCTCCT-1,8074.0,11387.0,WM,4,0.19374886619691792,1,bisquare,8535,1.0,negbinomial,0.2842243727205218,True
GCGAGAAACGGGAGTT-1,4096.0,4191.0,L3,0,0.18540325253052037,1,bisquare,8535,1.0,negbinomial,0.2842243727205218,True
GCGAGAGGCCATGTAA-1,10979.0,5164.0,L3,0,0.22810748008709025,1,bisquare,8535,1.0,negbinomial,0.2842243727205218,True
GCGAGAGTTGCGTCCA-1,10562.0,6600.0,L3,0,0.2665012874468176,1,bisquare,8535,1.0,negbinomial,0.2842243727205218,True
GCGAGCGCATGCTCCC-1,10699.0,7080.0,L3,0,0.3664938449947131,1,bisquare,8535,1.0,negbinomial,0.2842243727205218,True
GCGAGGCCCGAGCAGA-1,6431.0,7071.0,L5,2,0.33283352786371906,1,bisquare,8535,1.0,negbinomial,0.2842243727205218,True
GCGAGTTCTGCAAAGA-1,7533.0,6834.0,L4,1,0.3588750563179846,1,bisquare,8535,1.0,negbinomial,0.2842243727205218,True
GCGATTCTGGAAGCAG-1,8296.0,3840.0,L3,0,0.195363893318913,1,bisquare,8535,1.0,negbinomial,0.2842243727205218,True
GCGATTGTTAACGTTA-1,8496.0,7075.0,L3,0,0.25305947884598645,1,bisquare,8535,1.0,negbinomial,0.2842243727205218,True
GCGCAAATATATTCAA-1,5117.0,9584.0,L6,3,0.37711874719453514,1,bisquare,8535,1.0,negbinomial,0.2842243727205218,True
GCGCAAGAGCGCGCTG-1,10079.0,7438.0,L3,0,0.42634491332778285,1,bisquare,8535,1.0,negbinomial,0.2842243727205218,True
GCGCATCCAGTCAGCA-1,9737.0,6119.0,L3,0,0.45509457199188225,1,bisquare,8535,1.0,negbinomial,0.2842243727205218,True
GCGCCGTTCCACGATA-1,7669.0,7553.0,L5,2,0.2718572946025277,1,bisquare,8535,1.0,negbinomial,0.2842243727205218,True
GCGCCTCCCACTCCGA-1,10765.0,8398.0,L4,1,0.24963994599787365,1,bisquare,8535,1.0,negbinomial,0.2842243727205218,True
GCGCGGTCTAGTAACT-1,7318.0,10786.0,WM,4,0.19158689204220034,1,bisquare,8535,1.0,negbinomial,0.2842243727205218,True
GCGCGTCATTGGTACA-1,8904.0,9472.0,L6,3,0.48524059035436606,1,bisquare,8535,1.0,negbinomial,0.2842243727205218,True
GCGCTAATTGAATAGA-1,8015.0,6715.0,L3,0,0.5631727168537691,1,bisquare,8535,1.0,negbinomial,0.2842243727205218,True
GCGCTATGCCGAGGCA-1,6429.0,7790.0,L5,2,0.28086940828603213,1,bisquare,8535,1.0,negbinomial,0.2842243727205218,True
GCGCTCGATCACCTGT-1,11799.0,8040.0,L3,0,0.22007022147220945,1,bisquare,8535,1.0,negbinomial,0.2842243727205218,True
GCGCTGATCCAGACTC-1,9189.0,4681.0,L3,0,0.19309403546930803,1,bisquare,8535,1.0,negbinomial,0.2842243727205218,True
GCGCTGCTTTGCATTT-1,9669.0,5999.0,L3,0,0.23271407357303864,1,bisquare,8535,1.0,negbinomial,0.2842243727205218,True
GCGCTTAAATAATTGG-1,9317.0,9473.0,L6,3,0.4158212155052207,1,bisquare,8535,1.0,negbinomial,0.2842243727205218,True
GCGGACCGCGTTGTGG-1,6152.0,8747.0,L6,3,0.2595031155566767,1,bisquare,8535,1.0,negbinomial,0.2842243727205218,True
GCGGAGAAACTTCGCA-1,5462.0,9225.0,L6,3,0.2811112487407237,1,bisquare,8535,1.0,negbinomial,0.2842243727205218,True
GCGGAGAGGGAGAACG-1,8563.0,8153.0,L5,2,0.44342408829387364,1,bisquare,8535,1.0,negbinomial,0.2842243727205218,True
GCGGCAAAGTATTGCC-1,5048.0,9703.0,L6,3,0.29465852651482277,1,bisquare,8535,1.0,negbinomial,0.2842243727205218,True
GCGGCTCTGACGTACC-1,5811.0,7189.0,L5,2,0.2859927000530083,1,bisquare,8535,1.0,negbinomial,0.2842243727205218,True
GCGGCTTTAGCAAGTT-1,8557.0,11028.0,WM,4,0.23365203033897247,1,bisquare,8535,1.0,negbinomial,0.2842243727205218,True
GCGGGAACCAGGCCCT-1,6504.0,4795.0,L3,0,0.3905601686091933,1,bisquare,8535,1.0,negbinomial,0.2842243727205218,True
GCGGGCATTACGATGC-1,11389.0,6362.0,L3,0,0.18337869136840557,1,bisquare,8535,1.0,negbinomial,0.2842243727205218,True
GCGGGCGAGCCTTACC-1,6702.0,9228.0,L6,3,0.22213674342150058,1,bisquare,8535,1.0,negbinomial,0.2842243727205218,True
GCGGTCCCGGTGAAGG-1,11393.0,4685.0,L3,0,0.2793486476948226,1,bisquare,8535,1.0,negbinomial,0.2842243727205218,True
GCGGTCCCTAGACGCA-1,6299.0,4196.0,L3,0,0.2205671318335932,1,bisquare,8535,1.0,negbinomial,0.2842243727205218,True
GCGGTCTTGCTTTCAC-1,8832.0,11269.0,WM,4,0.1622351493427601,1,bisquare,8535,1.0,negbinomial,0.2842243727205218,True
GCGGTGAACTGCGCTC-1,9671.0,5041.0,L3,0,0.1343853848374948,1,bisquare,8535,1.0,negbinomial,0.2842243727205218,True
GCGGTTCCCTATCATG-1,6566.0,8269.0,L6,3,0.356526058456449,1,bisquare,8535,1.0,negbinomial,0.2842243727205218,True
GCGTAAATGGCCATAA-1,10218.0,6719.0,L3,0,0.5342947329698757,1,bisquare,8535,1.0,negbinomial,0.2842243727205218,True
GCGTCCCTAAGACATA-1,6080.0,10305.0,WM,4,0.19154944172751176,1,bisquare,8535,1.0,negbinomial,0.2842243727205218,True
GCGTCGAAATGTCGGT-1,7675.0,4678.0,L3,0,0.3964855036756158,1,bisquare,8535,1.0,negbinomial,0.2842243727205218,True
GCGTCGCCAGGGTGAT-1,7459.0,9109.0,L6,3,0.1389656506544907,1,bisquare,8535,1.0,negbinomial,0.2842243727205218,True
GCGTCGTAACATGGTC-1,8418.0,11507.0,WM,4,0.03642468363881161,1,bisquare,8535,1.0,negbinomial,0.2842243727205218,True
GCGTCTAACCTCCTAA-1,11871.0,6483.0,L3,0,0.2580946100677374,1,bisquare,8535,1.0,negbinomial,0.2842243727205218,True
GCGTCTCTGCATTGGG-1,6017.0,7310.0,L5,2,0.25357006767070905,1,bisquare,8535,1.0,negbinomial,0.2842243727205218,True
GCGTGGTACTGGGTTA-1,9736.0,6838.0,L3,0,0.30506351667794496,1,bisquare,8535,1.0,negbinomial,0.2842243727205218,True
GCGTTATATTTGGAAC-1,4091.0,6347.0,L3,0,0.37142863837309115,1,bisquare,8535,1.0,negbinomial,0.2842243727205218,True
GCGTTCGGAGACCGGG-1,10291.0,4923.0,L3,0,0.18754722065480384,1,bisquare,8535,1.0,negbinomial,0.2842243727205218,True
GCTAAACCTGAGGTGA-1,4782.0,5390.0,L3,0,0.41090507246681185,1,bisquare,8535,1.0,negbinomial,0.2842243727205218,True
GCTAACTGAAGTCTGA-1,9248.0,9592.0,L6,3,0.4240278776738298,1,bisquare,8535,1.0,negbinomial,0.2842243727205218,True
GCTAAGTAAAGGCGAT-1,4092.0,5868.0,L3,0,0.22730223919872458,1,bisquare,8535,1.0,negbinomial,0.2842243727205218,True
GCTAAGTAGTTTCTCT-1,8703.0,6716.0,L3,0,0.21766106052182987,1,bisquare,8535,1.0,negbinomial,0.2842243727205218,True
GCTAATACCGAATGCC-1,6435.0,5154.0,L3,0,0.2846251790040792,1,bisquare,8535,1.0,negbinomial,0.2842243727205218,True
GCTACAATCGAGGATA-1,10349.0,10074.0,L6,3,0.42966498432311057,1,bisquare,8535,1.0,negbinomial,0.2842243727205218,True
GCTACAGTACGGACCG-1,4158.0,7426.0,L5,2,0.19990367499707515,1,bisquare,8535,1.0,negbinomial,0.2842243727205218,True
GCTACGACTTATTGGG-1,7944.0,7793.0,L5,2,0.36376008025628453,1,bisquare,8535,1.0,negbinomial,0.2842243727205218,True
GCTACTATAGTAGAGT-1,9663.0,8635.0,L5,2,0.4200867471145472,1,bisquare,8535,1.0,negbinomial,0.2842243727205218,True
GCTAGACCGTCTACTG-1,10354.0,7678.0,L3,0,0.5592059843793217,1,bisquare,8535,1.0,negbinomial,0.2842243727205218,True
GCTAGAGTAGAGATGT-1,9799.0,9354.0,L5,2,0.21914945202218417,1,bisquare,8535,1.0,negbinomial,0.2842243727205218,True
GCTAGCACCTGGGCCA-1,11525.0,7321.0,L3,0,0.19445888592040822,1,bisquare,8535,1.0,negbinomial,0.2842243727205218,True
GCTAGCAGGGAGTGGG-1,10154.0,4443.0,L3,0,0.14857573608295002,1,bisquare,8535,1.0,negbinomial,0.2842243727205218,True
GCTAGCGATAGGTCTT-1,4840.0,10542.0,L6,3,0.25044012971860735,1,bisquare,8535,1.0,negbinomial,0.2842243727205218,True
GCTAGCTTGAATAGCT-1,6220.0,8867.0,L6,3,0.2538252081662899,1,bisquare,8535,1.0,negbinomial,0.2842243727205218,True
GCTAGGCACCACGGAG-1,8974.0,9113.0,L5,2,0.44916618572102535,1,bisquare,8535,1.0,negbinomial,0.2842243727205218,True
GCTAGTAGAGCTTGTA-1,7669.0,7313.0,L5,2,0.37969552691931924,1,bisquare,8535,1.0,negbinomial,0.2842243727205218,True
GCTAGTTTCATTGAGG-1,5747.0,4674.0,L3,0,0.2559138999831898,1,bisquare,8535,1.0,negbinomial,0.2842243727205218,True
GCTATACGTCTCGGAC-1,9250.0,8874.0,L5,2,0.2197523177171143,1,bisquare,8535,1.0,negbinomial,0.2842243727205218,True
GCTATCATACTCATGG-1,8561.0,9112.0,L6,3,0.34843171995341576,1,bisquare,8535,1.0,negbinomial,0.2842243727205218,True
GCTATCGCGGCGCAAC-1,4851.0,5031.0,L3,0,0.30150021385489945,1,bisquare,8535,1.0,negbinomial,0.2842243727205218,True
GCTCAATCCGTTTATT-1,5601.0,8986.0,L6,3,0.22953083262516885,1,bisquare,8535,1.0,negbinomial,0.2842243727205218,True
GCTCAATGTAATACCG-1,7182.0,10067.0,WM,4,0.29270859325522136,1,bisquare,8535,1.0,negbinomial,0.2842243727205218,True
GCTCATTACTGCATGT-1,9604.0,4202.0,L3,0,0.2086344070375881,1,bisquare,8535,1.0,negbinomial,0.2842243727205218,True
GCTCATTGATCATATC-1,6490.0,11503.0,WM,4,0.10640326821412535,1,bisquare,8535,1.0,negbinomial,0.2842243727205218,True
GCTCCATGAGTGCAGA-1,11796.0,9478.0,L5,2,0.24104252381208682,1,bisquare,8535,1.0,negbinomial,0.2842243727205218,True
GCTCCATGCAAAGCAA-1,6974.0,10905.0,WM,4,0.2388636698931759,1,bisquare,8535,1.0,negbinomial,0.2842243727205218,True
GCTCCCAGTCGGTCCA-1,10698.0,7798.0,L3,0,0.5096172732443334,1,bisquare,8535,1.0,negbinomial,0.2842243727205218,True
GCTCCGCTCGCTTCAG-1,10904.0,7679.0,L3,0,0.5226326997248442,1,bisquare,8535,1.0,negbinomial,0.2842243727205218,True
GCTCCGGACGTTGATA-1,10294.0,3006.0,L3,0,0.4231642582088421,1,bisquare,8535,1.0,negbinomial,0.2842243727205218,True
GCTCCTGACATACTGG-1,5393.0,9345.0,L6,3,0.34985543491233445,1,bisquare,8535,1.0,negbinomial,0.2842243727205218,True
GCTCGCGGTTCCGCTC-1,4093.0,5628.0,L3,0,0.13513557300806053,1,bisquare,8535,1.0,negbinomial,0.2842243727205218,True
GCTCGCTCATGTCCAA-1,10010.0,7557.0,L3,0,0.4096831429803126,1,bisquare,8535,1.0,negbinomial,0.2842243727205218,True
GCTCGGAATTTAAAGC-1,8982.0,5279.0,L3,0,0.24469673737855496,1,bisquare,8535,1.0,negbinomial,0.2842243727205218,True
GCTCTAAACCCTGACG-1,7191.0,5515.0,L3,0,0.3325059823204398,1,bisquare,8535,1.0,negbinomial,0.2842243727205218,True
GCTCTATGTTACGTGC-1,5951.0,5752.0,L3,0,0.24329405782133223,1,bisquare,8535,1.0,negbinomial,0.2842243727205218,True
GCTCTCGGGTACCGAA-1,7191.0,5755.0,L3,0,0.3993767956262614,1,bisquare,8535,1.0,negbinomial,0.2842243727205218,True
GCTCTTTCCGCTAGTG-1,6906.0,10306.0,WM,4,0.17231057210317785,1,bisquare,8535,1.0,negbinomial,0.2842243727205218,True
GCTGAACTCTCCAGGG-1,11456.0,7441.0,L3,0,0.20917919794690465,1,bisquare,8535,1.0,negbinomial,0.2842243727205218,True
GCTGAATCTTCCAATC-1,4773.0,9703.0,L6,3,0.38920893036925375,1,bisquare,8535,1.0,negbinomial,0.2842243727205218,True
GCTGAGGCGTGAGTAT-1,7600.0,7433.0,L5,2,0.41391371608153427,1,bisquare,8535,1.0,negbinomial,0.2842243727205218,True
GCTGCACGGTTTCTTA-1,8220.0,7554.0,L5,2,0.2200478728678708,1,bisquare,8535,1.0,negbinomial,0.2842243727205218,True
GCTGCGAAGAATTATT-1,6353.0,11503.0,WM,4,0.13014329230535296,1,bisquare,8535,1.0,negbinomial,0.2842243727205218,True
GCTGCTAAGTAGTCGA-1,7046.0,9348.0,L6,3,0.15048627052454094,1,bisquare,8535,1.0,negbinomial,0.2842243727205218,True
GCTGCTACTGCGTAGC-1,8355.0,8752.0,L5,2,0.5189292050479581,1,bisquare,8535,1.0,negbinomial,0.2842243727205218,True
GCTGCTCTCCGGACAC-1,7534.0,6354.0,L3,0,0.5285842250555526,1,bisquare,8535,1.0,negbinomial,0.2842243727205218,True
GCTGGACCCAAAGTGG-1,10498.0,4324.0,L3,0,0.34115436606893157,1,bisquare,8535,1.0,negbinomial,0.2842243727205218,True
GCTGGCAGGTGCCGTG-1,3335.0,5747.0,L3,0,0.16193907672785798,1,bisquare,8535,1.0,negbinomial,0.2842243727205218,True
GCTGGCATATTCACCT-1,5331.0,6350.0,L4,1,0.2385194331805496,1,bisquare,8535,1.0,negbinomial,0.2842243727205218,True
GCTGGCGGCGCATGCT-1,7597.0,9110.0,L6,3,0.5201971726506643,1,bisquare,8535,1.0,negbinomial,0.2842243727205218,True
GCTGGGAGCGCGTCAA-1,5458.0,11381.0,WM,4,0.14864332031987454,1,bisquare,8535,1.0,negbinomial,0.2842243727205218,True
GCTGGTGACTCGTAGT-1,11256.0,3966.0,L3,0,0.24385418330109296,1,bisquare,8535,1.0,negbinomial,0.2842243727205218,True
GCTGGTTTAGGCCATA-1,4153.0,9821.0,L6,3,0.21241818207889382,1,bisquare,8535,1.0,negbinomial,0.2842243727205218,True
GCTGTATTACTGGCCC-1,5809.0,8148.0,L6,3,0.2003373244948593,1,bisquare,8535,1.0,negbinomial,0.2842243727205218,True
GCTGTTGCTACCGAAC-1,9735.0,7317.0,L3,0,0.4679541939194214,1,bisquare,8535,1.0,negbinomial,0.2842243727205218,True
GCTTAATGTAACTAAC-1,8977.0,7675.0,L4,1,0.47982883909025614,1,bisquare,8535,1.0,negbinomial,0.2842243727205218,True
GCTTACGTAGTTAGTA-1,10906.0,6960.0,L3,0,0.4426908461811242,1,bisquare,8535,1.0,negbinomial,0.2842243727205218,True
GCTTAGGGAAGCGGTA-1,11738.0,4087.0,L3,0,0.1441127741147372,1,bisquare,8535,1.0,negbinomial,0.2842243727205218,True
GCTTATGAAGCAGGAA-1,9323.0,6837.0,L3,0,0.28479533028886095,1,bisquare,8535,1.0,negbinomial,0.2842243727205218,True
GCTTCAGTGGGATTAC-1,10982.0,3486.0,L3,0,0.22879299306295414,1,bisquare,8535,1.0,negbinomial,0.2842243727205218,True
GCTTCCGTCCCTAGAC-1,8498.0,6117.0,L3,0,0.23658452097709493,1,bisquare,8535,1.0,negbinomial,0.2842243727205218,True
GCTTCGACGTTCAATC-1,4220.0,10900.0,L6,3,0.2647215019252928,1,bisquare,8535,1.0,negbinomial,0.2842243727205218,True
GCTTGATGATAATCAG-1,5677.0,5272.0,L3,0,0.28191227041137645,1,bisquare,8535,1.0,negbinomial,0.2842243727205218,True
GCTTGCAGCACAATTG-1,11254.0,4924.0,L3,0,0.2870846338309559,1,bisquare,8535,1.0,negbinomial,0.2842243727205218,True
GCTTGGATCGATTAGG-1,9874.0,6359.0,L3,0,0.23006774627599907,1,bisquare,8535,1.0,negbinomial,0.2842243727205218,True
GCTTTACACAACTGGG-1,11173.0,11034.0,L6,3,0.41785871413611214,1,bisquare,8535,1.0,negbinomial,0.2842243727205218,True
GCTTTCAGAGGAGGTG-1,9736.0,6598.0,L3,0,0.24781742109645516,1,bisquare,8535,1.0,negbinomial,0.2842243727205218,True
GCTTTCTATCTCAACT-1,11258.0,3247.0,L3,0,0.31005938108146497,1,bisquare,8535,1.0,negbinomial,0.2842243727205218,True
GGAAACCTTGTTGAAT-1,10497.0,5043.0,L3,0,0.36277147998575177,1,bisquare,8535,1.0,negbinomial,0.2842243727205218,True
GGAAACTAAATGGGCC-1,10212.0,9834.0,L6,3,0.5507738445959405,1,bisquare,8535,1.0,negbinomial,0.2842243727205218,True
GGAAAGGGAATTGAGC-1,8212.0,11387.0,WM,4,0.29226873629723515,1,bisquare,8535,1.0,negbinomial,0.2842243727205218,True
GGAAAGTCTTGATTGT-1,6146.0,11622.0,WM,4,0.09575955110377025,1,bisquare,8535,1.0,negbinomial,0.2842243727205218,True
GGAAAGTGCCCATGCC-1,9395.0,5040.0,L3,0,0.24361315349300097,1,bisquare,8535,1.0,negbinomial,0.2842243727205218,True
GGAACCCGAACAAGAA-1,3818.0,5388.0,L3,0,0.3058921289654143,1,bisquare,8535,1.0,negbinomial,0.2842243727205218,True
GGAACCGTGTAAATTG-1,6428.0,8508.0,L6,3,0.34195266061614465,1,bisquare,8535,1.0,negbinomial,0.2842243727205218,True
GGAACCTTGACTCTGC-1,4635.0,9703.0,L6,3,0.3243464440887442,1,bisquare,8535,1.0,negbinomial,0.2842243727205218,True
GGAACGGCCTGCAGCC-1,4230.0,5629.0,L3,0,0.22359440274413064,1,bisquare,8535,1.0,negbinomial,0.2842243727205218,True
GGAACTTTGGCGATTA-1,10762.0,9835.0,L5,2,0.27728050789822845,1,bisquare,8535,1.0,negbinomial,0.2842243727205218,True
GGAAGATAAGACTGTA-1,11739.0,3608.0,L3,0,0.08643093931800735,1,bisquare,8535,1.0,negbinomial,0.2842243727205218,True
GGAAGCTCGCTTACAG-1,8916.0,3961.0,L3,0,0.1576860555961745,1,bisquare,8535,1.0,negbinomial,0.2842243727205218,True
GGAAGGACACCGTATA-1,8900.0,11389.0,WM,4,0.20817067327777242,1,bisquare,8535,1.0,negbinomial,0.2842243727205218,True
GGAATGCGCTAGCGTG-1,8842.0,6477.0,L3,0,0.2946895929520936,1,bisquare,8535,1.0,negbinomial,0.2842243727205218,True
GGACAACCATGAAGCC-1,10209.0,11032.0,L6,3,0.18955948336661316,1,bisquare,8535,1.0,negbinomial,0.2842243727205218,True
GGACAAGTTGCAGTGA-1,3678.0,6586.0,L3,0,0.18280203254570634,1,bisquare,8535,1.0,negbinomial,0.2842243727205218,True
GGACACAAGTTTACAC-1,10834.0,8278.0,L3,0,0.499733484007055,1,bisquare,8535,1.0,negbinomial,0.2842243727205218,True
GGACCAACAGGATAAC-1,7804.0,8751.0,L6,3,0.384310743965456,1,bisquare,8535,1.0,negbinomial,0.2842243727205218,True
GGACCTACGGTAACGT-1,10704.0,4684.0,L3,0,0.2921723555022701,1,bisquare,8535,1.0,negbinomial,0.2842243727205218,True
GGACCTCTAGGCCGCC-1,5255.0,9584.0,L6,3,0.41069301866990227,1,bisquare,8535,1.0,negbinomial,0.2842243727205218,True
GGACGGCTTGCGCAAC-1,10156.0,3485.0,L3,0,0.31735768071005155,1,bisquare,8535,1.0,negbinomial,0.2842243727205218,True
GGACGGGCGACCAACC-1,11243.0,10675.0,L6,3,0.3744923052219131,1,bisquare,8535,1.0,negbinomial,0.2842243727205218,True
GGACGTCCATAGTTGG-1,11187.0,4325.0,L3,0,0.32259899519291935,1,bisquare,8535,1.0,negbinomial,0.2842243727205218,True
GGACTAAGTCAGGAGT-1,3542.0,5867.0,L3,0,0.14317635100352646,1,bisquare,8535,1.0,negbinomial,0.2842243727205218,True
GGACTCACAAATTAGG-1,11522.0,8519.0,L3,0,0.3501322821517587,1,bisquare,8535,1.0,negbinomial,0.2842243727205218,True
GGACTCGAAGCTTTCA-1,11726.0,9837.0,L5,2,0.2520042346711958,1,bisquare,8535,1.0,negbinomial,0.2842243727205218,True
GGACTCGACAGCGCAT-1,6354.0,10784.0,WM,4,0.24525097751046296,1,bisquare,8535,1.0,negbinomial,0.2842243727205218,True
GGACTCGTGAGTGGTC-1,5804.0,10304.0,WM,4,0.3648780554533745,1,bisquare,8535,1.0,negbinomial,0.2842243727205218,True
GGACTCTTCCGGTTGA-1,11658.0,9478.0,L5,2,0.2534025674976428,1,bisquare,8535,1.0,negbinomial,0.2842243727205218,True
GGACTCTTTGACTAAG-1,8901.0,11149.0,WM,4,0.2631383413273514,1,bisquare,8535,1.0,negbinomial,0.2842243727205218,True
GGAGAAGTCATTGGCA-1,6021.0,5393.0,L3,0,0.21803315923994268,1,bisquare,8535,1.0,negbinomial,0.2842243727205218,True
GGAGACCAATGTGCTT-1,11323.0,5284.0,L3,0,0.4550739837826702,1,bisquare,8535,1.0,negbinomial,0.2842243727205218,True
GGAGACCATCTACATA-1,3742.0,8623.0,L5,2,0.21732706164259025,1,bisquare,8535,1.0,negbinomial,0.2842243727205218,True
GGAGACGACACCTTTG-1,7806.0,7792.0,L5,2,0.23493345006192504,1,bisquare,8535,1.0,negbinomial,0.2842243727205218,True
GGAGCAACATTTCAAG-1,10281.0,9475.0,L5,2,0.3411672846683684,1,bisquare,8535,1.0,negbinomial,0.2842243727205218,True
GGAGCACCAAGAACTA-1,8843.0,5758.0,L3,0,0.2594957762452656,1,bisquare,8535,1.0,negbinomial,0.2842243727205218,True
GGAGCGAGGCCTACTT-1,7938.0,10668.0,WM,4,0.28410782641617915,1,bisquare,8535,1.0,negbinomial,0.2842243727205218,True
GGAGGATTGAAAGGAG-1,8228.0,3481.0,L3,0,0.23590833303959152,1,bisquare,8535,1.0,negbinomial,0.2842243727205218,True
GGAGGCCGAAGTCGTC-1,11180.0,7440.0,L3,0,0.5587605223796104,1,bisquare,8535,1.0,negbinomial,0.2842243727205218,True
GGAGGGCTTGGTTGGC-1,8566.0,6476.0,L3,0,0.2146657748501852,1,bisquare,8535,1.0,negbinomial,0.2842243727205218,True
GGAGGGTCAAGTAAGA-1,11037.0,10075.0,L5,2,0.20682486742173944,1,bisquare,8535,1.0,negbinomial,0.2842243727205218,True
GGAGTGCCGCCCTGGA-1,6848.0,4915.0,L3,0,0.41858134409657444,1,bisquare,8535,1.0,negbinomial,0.2842243727205218,True
GGAGTTGATTCTGTGT-1,10898.0,10794.0,L6,3,0.18710520280717524,1,bisquare,8535,1.0,negbinomial,0.2842243727205218,True
GGATACTCATGAATTG-1,6300.0,3716.0,L3,0,0.09760262423551756,1,bisquare,8535,1.0,negbinomial,0.2842243727205218,True
GGATCATCCCGTACGC-1,10153.0,4683.0,L3,0,0.21082990075107616,1,bisquare,8535,1.0,negbinomial,0.2842243727205218,True
GGATCCGGAATATACT-1,8841.0,6716.0,L3,0,0.29576613960221587,1,bisquare,8535,1.0,negbinomial,0.2842243727205218,True
GGATCTTACTGCCCTT-1,5598.0,10423.0,WM,4,0.3054656921659788,1,bisquare,8535,1.0,negbinomial,0.2842243727205218,True
GGATCTTGACTCAACC-1,4362.0,8744.0,L5,2,0.14518388107287492,1,bisquare,8535,1.0,negbinomial,0.2842243727205218,True
GGATGAAGATCGCTGA-1,9665.0,7676.0,L3,0,0.4431385830665875,1,bisquare,8535,1.0,negbinomial,0.2842243727205218,True
GGATGACGCGAGTTTA-1,6293.0,7071.0,L5,2,0.33984118394705193,1,bisquare,8535,1.0,negbinomial,0.2842243727205218,True
GGATGCTGGCGTTCCT-1,4502.0,7306.0,L5,2,0.20694971958589659,1,bisquare,8535,1.0,negbinomial,0.2842243727205218,True
GGATGGCTTGAAGTAT-1,9934.0,10792.0,L6,3,0.18152111090324607,1,bisquare,8535,1.0,negbinomial,0.2842243727205218,True
GGATGTCCTTACCGCA-1,9460.0,6838.0,L3,0,0.2918807638888065,1,bisquare,8535,1.0,negbinomial,0.2842243727205218,True
GGATTAAGCTAAGGTC-1,9192.0,3483.0,L3,0,0.4872809434105323,1,bisquare,8535,1.0,negbinomial,0.2842243727205218,True
GGATTAATCATGGACC-1,8350.0,11148.0,WM,4,0.1664261859061131,1,bisquare,8535,1.0,negbinomial,0.2842243727205218,True
GGATTCAGTACGGTGG-1,5471.0,4913.0,L3,0,0.20621580274290796,1,bisquare,8535,1.0,negbinomial,0.2842243727205218,True
GGATTCCGCTATACCC-1,8776.0,4919.0,L3,0,0.26074639163656793,1,bisquare,8535,1.0,negbinomial,0.2842243727205218,True
GGATTGCTGTGACTCC-1,8972.0,9831.0,L6,3,0.3794158844461307,1,bisquare,8535,1.0,negbinomial,0.2842243727205218,True
GGATTTCACTTCTATA-1,8911.0,6357.0,L3,0,0.17290795510211757,1,bisquare,8535,1.0,negbinomial,0.2842243727205218,True
GGCAAAGGCGCCAATA-1,5531.0,9106.0,L6,3,0.3742962761917634,1,bisquare,8535,1.0,negbinomial,0.2842243727205218,True
GGCAAATTACTTTACT-1,6843.0,7551.0,L5,2,0.3126511154558251,1,bisquare,8535,1.0,negbinomial,0.2842243727205218,True
GGCAAGCCAGGGATAG-1,11530.0,4685.0,L3,0,0.2521636466908525,1,bisquare,8535,1.0,negbinomial,0.2842243727205218,True
GGCAAGCCCATAGTGG-1,7387.0,10667.0,WM,4,0.16334350384916946,1,bisquare,8535,1.0,negbinomial,0.2842243727205218,True
GGCAAGGCGAAATAGC-1,7943.0,8032.0,L5,2,0.23586823048613792,1,bisquare,8535,1.0,negbinomial,0.2842243727205218,True
GGCAATAGTCAATGAG-1,8016.0,6236.0,L3,0,0.38686009405363037,1,bisquare,8535,1.0,negbinomial,0.2842243727205218,True
GGCACTCAGCCGACCC-1,11659.0,9238.0,L4,1,0.25980322887599966,1,bisquare,8535,1.0,negbinomial,0.2842243727205218,True
GGCACTCCACTGGGCA-1,6363.0,6711.0,L5,2,0.30330823626728276,1,bisquare,8535,1.0,negbinomial,0.2842243727205218,True
GGCACTGCGGTGGTTT-1,10760.0,11033.0,L6,3,0.3441087933477378,1,bisquare,8535,1.0,negbinomial,0.2842243727205218,True
GGCAGAGAGATCGGGA-1,3402.0,6825.0,L3,0,0.20739253866938426,1,bisquare,8535,1.0,negbinomial,0.2842243727205218,True
GGCAGCAAACCTATGC-1,10283.0,8756.0,L5,2,0.37176134139508005,1,bisquare,8535,1.0,negbinomial,0.2842243727205218,True
GGCAGCGGTAATCCTA-1,10085.0,4323.0,L3,0,0.24261709500100354,1,bisquare,8535,1.0,negbinomial,0.2842243727205218,True
GGCATACAGGTAGCGG-1,5399.0,6709.0,L5,2,0.25722347578580346,1,bisquare,8535,1.0,negbinomial,0.2842243727205218,True
GGCATATCGGTTCTGC-1,8914.0,4680.0,L3,0,0.21621271983625256,1,bisquare,8535,1.0,negbinomial,0.2842243727205218,True
GGCATTGAACATCTCA-1,7179.0,11505.0,WM,4,0.19640491841995275,1,bisquare,8535,1.0,negbinomial,0.2842243727205218,True
GGCCCAATCTAGAGGG-1,11257.0,3487.0,L3,0,0.19411834445275353,1,bisquare,8535,1.0,negbinomial,0.2842243727205218,True
GGCCCAGCTGGTTTGC-1,8281.0,11028.0,WM,4,0.19004143283285696,1,bisquare,8535,1.0,negbinomial,0.2842243727205218,True
GGCCCAGTTATCAGCA-1,11187.0,4086.0,L3,0,0.2644658373741386,1,bisquare,8535,1.0,negbinomial,0.2842243727205218,True
GGCCCGGAGCATGTCT-1,11388.0,6841.0,L3,0,0.36959116557101895,1,bisquare,8535,1.0,negbinomial,0.2842243727205218,True
GGCCCGTATACCATGC-1,11390.0,5883.0,L3,0,0.1662218907389962,1,bisquare,8535,1.0,negbinomial,0.2842243727205218,True
GGCCCTCACCCACTTA-1,4778.0,7067.0,L5,2,0.30610677503989975,1,bisquare,8535,1.0,negbinomial,0.2842243727205218,True
GGCCGAGACTCTGGTG-1,5392.0,10064.0,L6,3,0.15984401995215772,1,bisquare,8535,1.0,negbinomial,0.2842243727205218,True
GGCCGCAGGAACCGCA-1,11173.0,10794.0,L6,3,0.3036181104657378,1,bisquare,8535,1.0,negbinomial,0.2842243727205218,True
GGCCGGCGTCTGCTAT-1,8627.0,10430.0,WM,4,0.48952393933631144,1,bisquare,8535,1.0,negbinomial,0.2842243727205218,True
GGCCGTTTGGGTTTCA-1,6288.0,9706.0,WM,4,0.32053032363390566,1,bisquare,8535,1.0,negbinomial,0.2842243727205218,True
GGCCTGCTCTGATGTT-1,7592.0,11266.0,WM,4,0.2986628461443009,1,bisquare,8535,1.0,negbinomial,0.2842243727205218,True
GGCCTGCTTCTCCCGA-1,10969.0,9716.0,L5,2,0.2872039799207485,1,bisquare,8535,1.0,negbinomial,0.2842243727205218,True
GGCCTTTGCAACTGGC-1,3746.0,6946.0,L3,0,0.36168006389100893,1,bisquare,8535,1.0,negbinomial,0.2842243727205218,True
GGCGAAATCTAACTTG-1,9183.0,7795.0,L4,1,0.39024820182838404,1,bisquare,8535,1.0,negbinomial,0.2842243727205218,True
GGCGAACCGTTCTGAT-1,11943.0,4686.0,L3,0,0.19857256114936933,1,bisquare,8535,1.0,negbinomial,0.2842243727205218,True
GGCGAGCGAAACGGCA-1,3673.0,8742.0,L5,2,0.1552423148167147,1,bisquare,8535,1.0,negbinomial,0.2842243727205218,True
GGCGCAGGACATCTTC-1,5054.0,7068.0,L5,2,0.3050499117635964,1,bisquare,8535,1.0,negbinomial,0.2842243727205218,True
GGCGCATGAATTGATG-1,6911.0,7671.0,L5,2,0.3773981229996454,1,bisquare,8535,1.0,negbinomial,0.2842243727205218,True
GGCGCGGAGATCTTTC-1,9110.0,9592.0,L6,3,0.4541921582826014,1,bisquare,8535,1.0,negbinomial,0.2842243727205218,True
GGCGCGTTCGAGTTTA-1,7254.0,8271.0,L6,3,0.3085623059759476,1,bisquare,8535,1.0,negbinomial,0.2842243727205218,True
GGCGCTCCTCATCAAT-1,4508.0,4671.0,L3,0,0.18088711029996446,1,bisquare,8535,1.0,negbinomial,0.2842243727205218,True
GGCGCTTCATTCCCTG-1,8076.0,10668.0,WM,4,0.24309583499565388,1,bisquare,8535,1.0,negbinomial,0.2842243727205218,True
GGCGGAGTAATATTAG-1,6363.0,6472.0,L4,1,0.29993069493511665,1,bisquare,8535,1.0,negbinomial,0.2842243727205218,True
GGCGGTAGGATCATTG-1,7947.0,6355.0,L3,0,0.34564283889402275,1,bisquare,8535,1.0,negbinomial,0.2842243727205218,True
GGCGGTTTGCCGGTGC-1,3958.0,4430.0,L3,0,0.18394569697497073,1,bisquare,8535,1.0,negbinomial,0.2842243727205218,True
GGCGTAGGGAAAGCTG-1,8834.0,10310.0,L6,3,0.19522096438143402,1,bisquare,8535,1.0,negbinomial,0.2842243727205218,True
GGCGTCCTATCCGCTG-1,5468.0,6350.0,L4,1,0.18752974228095207,1,bisquare,8535,1.0,negbinomial,0.2842243727205218,True
GGCTAAAGGGCGGGTC-1,10015.0,4922.0,L3,0,0.141590198663636,1,bisquare,8535,1.0,negbinomial,0.2842243727205218,True
GGCTAATGATTGAAAT-1,10981.0,3966.0,L3,0,0.3355888392360048,1,bisquare,8535,1.0,negbinomial,0.2842243727205218,True
GGCTACTATACACTCC-1,6217.0,10305.0,WM,4,0.2572049590904298,1,bisquare,8535,1.0,negbinomial,0.2842243727205218,True
GGCTATTAAGTTGTAT-1,6019.0,6591.0,L5,2,0.349663307745734,1,bisquare,8535,1.0,negbinomial,0.2842243727205218,True
GGCTCCTCCACCTGTT-1,5599.0,9705.0,L6,3,0.1332530619147668,1,bisquare,8535,1.0,negbinomial,0.2842243727205218,True
GGCTCGCGTTGAGGTA-1,9599.0,6359.0,L3,0,0.25947748192787895,1,bisquare,8535,1.0,negbinomial,0.2842243727205218,True
GGCTCGTGCCACCAGC-1,5815.0,5033.0,L3,0,0.4203230133767389,1,bisquare,8535,1.0,negbinomial,0.2842243727205218,True
GGCTCTGCTCCAACGC-1,8155.0,5757.0,L3,0,0.23386688684088228,1,bisquare,8535,1.0,negbinomial,0.2842243727205218,True
GGCTGAAATAGCAAAG-1,8631.0,8513.0,L5,2,0.24313179162615586,1,bisquare,8535,1.0,negbinomial,0.2842243727205218,True
GGCTGAGCATCGTAAG-1,10018.0,3724.0,L3,0,0.19578365115070878,1,bisquare,8535,1.0,negbinomial,0.2842243727205218,True
GGCTGGCTAGCTTAAA-1,5198.0,3954.0,L3,0,0.14348463457611238,1,bisquare,8535,1.0,negbinomial,0.2842243727205218,True
GGCTTGGCTCTCACCT-1,3336.0,5507.0,L3,0,0.14896797451903188,1,bisquare,8535,1.0,negbinomial,0.2842243727205218,True
GGCTTTCAATAAGGGT-1,7458.0,9828.0,WM,4,0.3551804797947725,1,bisquare,8535,1.0,negbinomial,0.2842243727205218,True
GGGAAAGAATGCCAAC-1,10622.0,11033.0,L6,3,0.44231236303413,1,bisquare,8535,1.0,negbinomial,0.2842243727205218,True
GGGAACGGGAGGTTAG-1,5742.0,7309.0,L5,2,0.3209497033978107,1,bisquare,8535,1.0,negbinomial,0.2842243727205218,True
GGGAACGGTTTCAGAT-1,5391.0,10303.0,WM,4,0.5654293886753087,1,bisquare,8535,1.0,negbinomial,0.2842243727205218,True
GGGAAGACGGTCTGTC-1,8421.0,10309.0,WM,4,0.5376512668553712,1,bisquare,8535,1.0,negbinomial,0.2842243727205218,True
GGGAAGGGCTTTCTCA-1,9178.0,10191.0,L6,3,0.21129621024958878,1,bisquare,8535,1.0,negbinomial,0.2842243727205218,True
GGGAATGAGCCCTCAC-1,10566.0,4923.0,L3,0,0.3311953661192572,1,bisquare,8535,1.0,negbinomial,0.2842243727205218,True
GGGAATTCTGTCCAGT-1,3472.0,5987.0,L3,0,0.16127008247096294,1,bisquare,8535,1.0,negbinomial,0.2842243727205218,True
GGGACAGAGTTACTCC-1,4498.0,9463.0,L6,3,0.24144099533589292,1,bisquare,8535,1.0,negbinomial,0.2842243727205218,True
GGGACCCGTATATCTT-1,6839.0,9468.0,L6,3,0.14955517121988918,1,bisquare,8535,1.0,negbinomial,0.2842243727205218,True
GGGACTGCATAGATAG-1,7327.0,6474.0,L4,1,0.41486307953120516,1,bisquare,8535,1.0,negbinomial,0.2842243727205218,True
GGGAGAACTCACAGTA-1,7602.0,6474.0,L3,0,0.46717577825155643,1,bisquare,8535,1.0,negbinomial,0.2842243727205218,True
GGGAGCGACCGTAGTG-1,9108.0,10790.0,WM,4,0.27914260924167705,1,bisquare,8535,1.0,negbinomial,0.2842243727205218,True
GGGAGGATGCCCGAAA-1,6706.0,7071.0,L5,2,0.44989630761003985,1,bisquare,8535,1.0,negbinomial,0.2842243727205218,True
GGGAGTAATGGCTGGC-1,6093.0,3836.0,L3,0,0.2005120183952781,1,bisquare,8535,1.0,negbinomial,0.2842243727205218,True
GGGAGTTAATGAGGCG-1,8359.0,6596.0,L3,0,0.43712295452961986,1,bisquare,8535,1.0,negbinomial,0.2842243727205218,True
GGGATCCCAATACAAA-1,11461.0,4805.0,L3,0,0.5358665088504632,1,bisquare,8535,1.0,negbinomial,0.2842243727205218,True
GGGATGGTCGTAACCG-1,6153.0,8268.0,L6,3,0.5201627062559966,1,bisquare,8535,1.0,negbinomial,0.2842243727205218,True
GGGATTTACCGCACCT-1,9390.0,7676.0,L4,1,0.22356608001544764,1,bisquare,8535,1.0,negbinomial,0.2842243727205218,True
GGGCAACCGCACGTGC-1,4498.0,9223.0,L6,3,0.34287221064655765,1,bisquare,8535,1.0,negbinomial,0.2842243727205218,True
GGGCACGAATTGGCCG-1,3266.0,6106.0,L3,0,0.17968537678745394,1,bisquare,8535,1.0,negbinomial,0.2842243727205218,True
GGGCACGTAGTACTGT-1,6491.0,11024.0,WM,4,0.18674503549756338,1,bisquare,8535,1.0,negbinomial,0.2842243727205218,True
GGGCAGAGCAATCGTT-1,7320.0,9588.0,L6,3,0.11990639243143598,1,bisquare,8535,1.0,negbinomial,0.2842243727205218,True
GGGCAGTCAACGCCAA-1,8626.0,10909.0,WM,4,0.30663191749065283,1,bisquare,8535,1.0,negbinomial,0.2842243727205218,True
GGGCATGCATGTCGAG-1,6973.0,11385.0,WM,4,0.2594783117145958,1,bisquare,8535,1.0,negbinomial,0.2842243727205218,True
GGGCCATTCGTGCTGG-1,3669.0,10899.0,L6,3,0.19225443910884732,1,bisquare,8535,1.0,negbinomial,0.2842243727205218,True
GGGCCCGTCTTAAACA-1,6774.0,7671.0,L5,2,0.44736876733676717,1,bisquare,8535,1.0,negbinomial,0.2842243727205218,True
GGGCCCTACGAAAGGG-1,4296.0,7186.0,L4,1,0.2671460923386209,1,bisquare,8535,1.0,negbinomial,0.2842243727205218,True
GGGCCCTTATCTATAC-1,3540.0,6586.0,L3,0,0.1759574970865784,1,bisquare,8535,1.0,negbinomial,0.2842243727205218,True
GGGCCGGCCGAAGTAC-1,8978.0,6956.0,L3,0,0.298159956846771,1,bisquare,8535,1.0,negbinomial,0.2842243727205218,True
GGGCCTAAATGGGCTA-1,3812.0,8024.0,L5,2,0.24310381938372833,1,bisquare,8535,1.0,negbinomial,0.2842243727205218,True
GGGCCTATTTAAGTAT-1,11256.0,4206.0,L3,0,0.19609710198813493,1,bisquare,8535,1.0,negbinomial,0.2842243727205218,True
GGGCGATATGTGTGAA-1,7190.0,5994.0,L3,0,0.358738094222365,1,bisquare,8535,1.0,negbinomial,0.2842243727205218,True
GGGCGCAGCGTTACTC-1,11457.0,6722.0,L3,0,0.3737810919872421,1,bisquare,8535,1.0,negbinomial,0.2842243727205218,True
GGGCGGCAAATGAATT-1,6290.0,8508.0,L6,3,0.5225116388129001,1,bisquare,8535,1.0,negbinomial,0.2842243727205218,True
GGGCGGGTTCCCTACG-1,5741.0,7788.0,L5,2,0.19052471804737087,1,bisquare,8535,1.0,negbinomial,0.2842243727205218,True
GGGCGGTCCTATTGTC-1,5128.0,4313.0,L3,0,0.1500818233118319,1,bisquare,8535,1.0,negbinomial,0.2842243727205218,True
GGGCGTACATTTATAT-1,6916.0,5515.0,L3,0,0.26732290321112534,1,bisquare,8535,1.0,negbinomial,0.2842243727205218,True
GGGCGTCACCACGTAA-1,6634.0,8389.0,L6,3,0.23447339649886148,1,bisquare,8535,1.0,negbinomial,0.2842243727205218,True
GGGCGTCCACTGGCTC-1,8983.0,4560.0,L3,0,0.3076994537238012,1,bisquare,8535,1.0,negbinomial,0.2842243727205218,True
GGGCGTGGTTTCCCAG-1,8766.0,9951.0,L6,3,0.24055663034486832,1,bisquare,8535,1.0,negbinomial,0.2842243727205218,True
GGGCGTTTACATTCAT-1,4978.0,10542.0,L6,3,0.25493793334092824,1,bisquare,8535,1.0,negbinomial,0.2842243727205218,True
GGGCTACTATTTCGTG-1,3605.0,8622.0,L5,2,0.1469645630880854,1,bisquare,8535,1.0,negbinomial,0.2842243727205218,True
GGGCTATGATCGATGG-1,6701.0,9467.0,L6,3,0.27313451491403107,1,bisquare,8535,1.0,negbinomial,0.2842243727205218,True
GGGCTCATCGAACCCA-1,9325.0,5639.0,L3,0,0.267353241012752,1,bisquare,8535,1.0,negbinomial,0.2842243727205218,True
GGGCTGCCTAGGGCGA-1,7946.0,6595.0,L3,0,0.36445033012876443,1,bisquare,8535,1.0,negbinomial,0.2842243727205218,True
GGGCTGGTTAGTCGCG-1,6708.0,6353.0,L4,1,0.20301567691543654,1,bisquare,8535,1.0,negbinomial,0.2842243727205218,True
GGGTACCCACGGTCCT-1,4991.0,4313.0,L3,0,0.19772613725953528,1,bisquare,8535,1.0,negbinomial,0.2842243727205218,True
GGGTACTTCATGAACT-1,5880.0,7070.0,L5,2,0.28737763387763615,1,bisquare,8535,1.0,negbinomial,0.2842243727205218,True
GGGTATGTATGCACTT-1,5125.0,5990.0,L3,0,0.27076291210836373,1,bisquare,8535,1.0,negbinomial,0.2842243727205218,True
GGGTATTCTAGCAAAC-1,4223.0,9223.0,L5,2,0.3912608356036705,1,bisquare,8535,1.0,negbinomial,0.2842243727205218,True
GGGTCACCGTGACGGT-1,6431.0,6831.0,L5,2,0.251683851779869,1,bisquare,8535,1.0,negbinomial,0.2842243727205218,True
GGGTCACGTGCTTATG-1,10226.0,2886.0,L3,0,0.42273395282577897,1,bisquare,8535,1.0,negbinomial,0.2842243727205218,True
GGGTCAGGAGCTAGAT-1,6975.0,10426.0,WM,4,0.1788493496333231,1,bisquare,8535,1.0,negbinomial,0.2842243727205218,True
GGGTCATGCGTACCAT-1,4162.0,5269.0,L3,0,0.2790179325953864,1,bisquare,8535,1.0,negbinomial,0.2842243727205218,True
GGGTCCTTGGAAGAAG-1,3944.0,11139.0,L6,3,0.4346356216269237,1,bisquare,8535,1.0,negbinomial,0.2842243727205218,True
GGGTCGTGGCAAGTGT-1,10564.0,5642.0,L3,0,0.31858968756433653,1,bisquare,8535,1.0,negbinomial,0.2842243727205218,True
GGGTCTATCGCTTTCC-1,10968.0,10195.0,L6,3,0.2550423913487896,1,bisquare,8535,1.0,negbinomial,0.2842243727205218,True
GGGTGACACCTTAACT-1,7048.0,8150.0,L6,3,0.22611436692925632,1,bisquare,8535,1.0,negbinomial,0.2842243727205218,True
GGGTGCATATGAAAGC-1,10907.0,6242.0,L3,0,0.358197637102929,1,bisquare,8535,1.0,negbinomial,0.2842243727205218,True
GGGTGGTCCAGCCTGT-1,7953.0,3480.0,L3,0,0.25631387410912027,1,bisquare,8535,1.0,negbinomial,0.2842243727205218,True
GGGTGTTTCAGCTATG-1,7882.0,4558.0,L3,0,0.19457481423636877,1,bisquare,8535,1.0,negbinomial,0.2842243727205218,True
GGGTTAACATTTGAGT-1,6633.0,9108.0,L6,3,0.1943246649851826,1,bisquare,8535,1.0,negbinomial,0.2842243727205218,True
GGGTTCAGACGAACAA-1,4507.0,4911.0,L3,0,0.16590323359138873,1,bisquare,8535,1.0,negbinomial,0.2842243727205218,True
GGGTTTAGGATAGGAT-1,10560.0,7798.0,L3,0,0.39040881641297703,1,bisquare,8535,1.0,negbinomial,0.2842243727205218,True
GGTAAACTCTGCGCTG-1,11036.0,10554.0,L6,3,0.25895020595270146,1,bisquare,8535,1.0,negbinomial,0.2842243727205218,True
GGTAAATGTGCGTTAC-1,8778.0,3961.0,L3,0,0.22185193422024105,1,bisquare,8535,1.0,negbinomial,0.2842243727205218,True
GGTAACCGGGAGGATA-1,5049.0,9464.0,L6,3,0.3630169546425258,1,bisquare,8535,1.0,negbinomial,0.2842243727205218,True
GGTAACTATGTATCTG-1,6230.0,4076.0,L3,0,0.3578952589194482,1,bisquare,8535,1.0,negbinomial,0.2842243727205218,True
GGTACAAACATGCTAT-1,6912.0,7431.0,L5,2,0.34974627893694205,1,bisquare,8535,1.0,negbinomial,0.2842243727205218,True
GGTACACCAGATTTAT-1,11322.0,5763.0,L3,0,0.2201578435159116,1,bisquare,8535,1.0,negbinomial,0.2842243727205218,True
GGTACATCTGGGACGA-1,4434.0,7187.0,L5,2,0.17937379227857195,1,bisquare,8535,1.0,negbinomial,0.2842243727205218,True
GGTACCATTAAGACGG-1,10426.0,6121.0,L3,0,0.3320630771117041,1,bisquare,8535,1.0,negbinomial,0.2842243727205218,True
GGTACGTTGCGGCCGG-1,10899.0,10554.0,L6,3,0.3324573468378604,1,bisquare,8535,1.0,negbinomial,0.2842243727205218,True
GGTACTAAGTGCTTTG-1,11660.0,8759.0,L3,0,0.3221789496381817,1,bisquare,8535,1.0,negbinomial,0.2842243727205218,True
GGTAGAAGACCGCCTG-1,8079.0,8991.0,L6,3,0.3613715664166823,1,bisquare,8535,1.0,negbinomial,0.2842243727205218,True
GGTAGACCGTTGGGCG-1,6840.0,8988.0,L6,3,0.18126636039000202,1,bisquare,8535,1.0,negbinomial,0.2842243727205218,True
GGTAGGCCAATATCAC-1,6903.0,11504.0,WM,4,0.1789071665653896,1,bisquare,8535,1.0,negbinomial,0.2842243727205218,True
GGTAGTGCTCGCACCA-1,8153.0,6715.0,L3,0,0.3532736928398927,1,bisquare,8535,1.0,negbinomial,0.2842243727205218,True
GGTATAGTGACACATA-1,11044.0,6721.0,L3,0,0.42773828215799486,1,bisquare,8535,1.0,negbinomial,0.2842243727205218,True
GGTATGAAAGAACTGA-1,3196.0,6705.0,L3,0,0.21635904285330199,1,bisquare,8535,1.0,negbinomial,0.2842243727205218,True
GGTATTGCCGAGTTTA-1,6845.0,6593.0,L4,1,0.23474300055820305,1,bisquare,8535,1.0,negbinomial,0.2842243727205218,True
GGTCAAGACTACTTCG-1,10420.0,8996.0,L5,2,0.28834885513780156,1,bisquare,8535,1.0,negbinomial,0.2842243727205218,True
GGTCAGTGGGTCCCAC-1,7461.0,8391.0,L6,3,0.247473056958568,1,bisquare,8535,1.0,negbinomial,0.2842243727205218,True
GGTCATTGTAGTCATA-1,11462.0,4326.0,L3,0,0.18404197842923867,1,bisquare,8535,1.0,negbinomial,0.2842243727205218,True
GGTCCACGTCTATTTG-1,4907.0,11380.0,L6,3,0.13522943407034463,1,bisquare,8535,1.0,negbinomial,0.2842243727205218,True
GGTCCCATAACATAGA-1,10295.0,2766.0,L3,0,0.47850251267210303,1,bisquare,8535,1.0,negbinomial,0.2842243727205218,True
GGTCCTTCATACGACT-1,3820.0,4190.0,L3,0,0.19154996212795977,1,bisquare,8535,1.0,negbinomial,0.2842243727205218,True
GGTCGGATAAACGGCG-1,9876.0,5401.0,L3,0,0.35707957845569205,1,bisquare,8535,1.0,negbinomial,0.2842243727205218,True
GGTCGGCCAGGAGCTT-1,8979.0,6477.0,L3,0,0.39496132713643073,1,bisquare,8535,1.0,negbinomial,0.2842243727205218,True
GGTCGGTAATTAGACA-1,5680.0,4074.0,L3,0,0.1549725066547274,1,bisquare,8535,1.0,negbinomial,0.2842243727205218,True
GGTCGGTCGTCCACAG-1,6770.0,9348.0,L6,3,0.24056064676095057,1,bisquare,8535,1.0,negbinomial,0.2842243727205218,True
GGTCGTAAGCTCGCAC-1,4500.0,8504.0,L5,2,0.3011630808865064,1,bisquare,8535,1.0,negbinomial,0.2842243727205218,True
GGTCTCCGTCCAGGTT-1,10142.0,10193.0,L6,3,0.25284609671623753,1,bisquare,8535,1.0,negbinomial,0.2842243727205218,True
GGTCTCTGAATGGACT-1,5532.0,8866.0,L6,3,0.3098624230381337,1,bisquare,8535,1.0,negbinomial,0.2842243727205218,True
GGTCTGAGAATCTGGA-1,8704.0,6237.0,L3,0,0.2199066117496874,1,bisquare,8535,1.0,negbinomial,0.2842243727205218,True
GGTCTTGAGCGCTCTT-1,7663.0,10428.0,WM,4,0.22797945152484222,1,bisquare,8535,1.0,negbinomial,0.2842243727205218,True
GGTGAACGGGCTAGCC-1,5405.0,3595.0,L3,0,0.2702792166953873,1,bisquare,8535,1.0,negbinomial,0.2842243727205218,True
GGTGAAGTACAGGGAT-1,5740.0,8267.0,L6,3,0.2871707652292064,1,bisquare,8535,1.0,negbinomial,0.2842243727205218,True
GGTGAGATGCAGATAA-1,5679.0,4554.0,L3,0,0.3033432053783268,1,bisquare,8535,1.0,negbinomial,0.2842243727205218,True
GGTGATAAGGAGCAGT-1,8634.0,7075.0,L3,0,0.23507321462469608,1,bisquare,8535,1.0,negbinomial,0.2842243727205218,True
GGTGATGAAGGAAGTG-1,3265.0,6346.0,L3,0,0.22648112786877544,1,bisquare,8535,1.0,negbinomial,0.2842243727205218,True
GGTGATTTCATCTTGT-1,5887.0,3715.0,L3,0,0.19131564308892976,1,bisquare,8535,1.0,negbinomial,0.2842243727205218,True
GGTGCAGAGCCTATCG-1,10361.0,4084.0,L3,0,0.2889410873416175,1,bisquare,8535,1.0,negbinomial,0.2842243727205218,True
GGTGCATAAATGATTA-1,6423.0,10665.0,WM,4,0.29136060656592594,1,bisquare,8535,1.0,negbinomial,0.2842243727205218,True
GGTGCGGATAAGTGGC-1,6367.0,4555.0,L3,0,0.43306322428508986,1,bisquare,8535,1.0,negbinomial,0.2842243727205218,True
GGTGCTGATCACAAAG-1,4643.0,5869.0,L3,0,0.4129249791817938,1,bisquare,8535,1.0,negbinomial,0.2842243727205218,True
GGTGCTGGTACACATT-1,6361.0,7670.0,L5,2,0.26219905040776553,1,bisquare,8535,1.0,negbinomial,0.2842243727205218,True
GGTGGACCACGTGTTA-1,10431.0,3485.0,L3,0,0.28694638602677786,1,bisquare,8535,1.0,negbinomial,0.2842243727205218,True
GGTGGACTGCTCTGGC-1,9042.0,9233.0,L6,3,0.34931989675023384,1,bisquare,8535,1.0,negbinomial,0.2842243727205218,True
GGTGGAGGTTGATACG-1,11592.0,7920.0,L3,0,0.17696001903800046,1,bisquare,8535,1.0,negbinomial,0.2842243727205218,True
GGTGTAAATCGATTGT-1,7662.0,10907.0,WM,4,0.2000675342910706,1,bisquare,8535,1.0,negbinomial,0.2842243727205218,True
GGTGTAGGTAAGTAAA-1,6629.0,11024.0,WM,4,0.19667784008791078,1,bisquare,8535,1.0,negbinomial,0.2842243727205218,True
GGTGTTGGGCGTCTTA-1,11660.0,8519.0,L3,0,0.2654251893301879,1,bisquare,8535,1.0,negbinomial,0.2842243727205218,True
GGTTACCACCCTCGGG-1,5465.0,8027.0,L5,2,0.24947431871059536,1,bisquare,8535,1.0,negbinomial,0.2842243727205218,True
GGTTACCCGACACTTT-1,11664.0,6602.0,L3,0,0.13716669130390963,1,bisquare,8535,1.0,negbinomial,0.2842243727205218,True
GGTTACCGCTCCCTAC-1,6214.0,11742.0,WM,4,0.13796532760362598,1,bisquare,8535,1.0,negbinomial,0.2842243727205218,True
GGTTAGCTATATGTCT-1,9182.0,8274.0,L5,2,0.4592606189901296,1,bisquare,8535,1.0,negbinomial,0.2842243727205218,True
GGTTAGGCTTGGAGAA-1,5676.0,5991.0,L3,0,0.2963898659615601,1,bisquare,8535,1.0,negbinomial,0.2842243727205218,True
GGTTAGTTACGGCGCC-1,4781.0,5870.0,L3,0,0.2610546990629704,1,bisquare,8535,1.0,negbinomial,0.2842243727205218,True
GGTTCCCTAGTGTCTC-1,11670.0,3488.0,L3,0,0.0624471755890236,1,bisquare,8535,1.0,negbinomial,0.2842243727205218,True
GGTTCGGATTATACTA-1,3676.0,7305.0,L4,1,0.14881379627146507,1,bisquare,8535,1.0,negbinomial,0.2842243727205218,True
GGTTCTACTCGTCTGA-1,10423.0,7319.0,L3,0,0.338877066408038,1,bisquare,8535,1.0,negbinomial,0.2842243727205218,True
GGTTGTGCTCTTGTCC-1,3887.0,5508.0,L3,0,0.2579765259837563,1,bisquare,8535,1.0,negbinomial,0.2842243727205218,True
GGTTGTGTAGCCTGGC-1,4091.0,6587.0,L3,0,0.31565989408818146,1,bisquare,8535,1.0,negbinomial,0.2842243727205218,True
GGTTTAATTACCATCG-1,5873.0,10184.0,WM,4,0.4672673053532389,1,bisquare,8535,1.0,negbinomial,0.2842243727205218,True
GGTTTAATTGAGCAGG-1,11184.0,5763.0,L3,0,0.3415153655871571,1,bisquare,8535,1.0,negbinomial,0.2842243727205218,True
GGTTTACAATCTCAAT-1,8224.0,5637.0,L3,0,0.40781965736070824,1,bisquare,8535,1.0,negbinomial,0.2842243727205218,True
GGTTTAGCCTTTCTTG-1,10215.0,8157.0,L4,1,0.1758763252325753,1,bisquare,8535,1.0,negbinomial,0.2842243727205218,True
GGTTTCAATCGGTCAG-1,9461.0,6598.0,L3,0,0.5372673228084582,1,bisquare,8535,1.0,negbinomial,0.2842243727205218,True
GGTTTGACAAGAAGCT-1,10912.0,4085.0,L3,0,0.43072629251949,1,bisquare,8535,1.0,negbinomial,0.2842243727205218,True
GGTTTGAGTGCTGGAA-1,6093.0,4075.0,L3,0,0.17624160664641136,1,bisquare,8535,1.0,negbinomial,0.2842243727205218,True
GGTTTGCGAACACGTA-1,11668.0,4446.0,L3,0,0.2508676723941037,1,bisquare,8535,1.0,negbinomial,0.2842243727205218,True
GGTTTGTGACCTGAGG-1,10418.0,9954.0,L6,3,0.27320646774450463,1,bisquare,8535,1.0,negbinomial,0.2842243727205218,True
GTAACAACTGACCTTG-1,11394.0,3966.0,L3,0,0.35797543197955206,1,bisquare,8535,1.0,negbinomial,0.2842243727205218,True
GTAACATCTAAGATAA-1,10763.0,9356.0,L5,2,0.512966361711914,1,bisquare,8535,1.0,negbinomial,0.2842243727205218,True
GTAACTACGTAGACCT-1,4356.0,11379.0,L6,3,0.25124646184045923,1,bisquare,8535,1.0,negbinomial,0.2842243727205218,True
GTAACTGCCCAAGGAG-1,6355.0,10545.0,WM,4,0.2341905609826997,1,bisquare,8535,1.0,negbinomial,0.2842243727205218,True
GTAACTTGCGGCAGTC-1,5955.0,3835.0,L3,0,0.12743422235826463,1,bisquare,8535,1.0,negbinomial,0.2842243727205218,True
GTAAGCGGGCAGTCAG-1,7536.0,5396.0,L3,0,0.29993474072308834,1,bisquare,8535,1.0,negbinomial,0.2842243727205218,True
GTAAGGATTTGTCGGA-1,7883.0,3839.0,L3,0,0.2112303251578563,1,bisquare,8535,1.0,negbinomial,0.2842243727205218,True
GTAAGTAACAGTCTGG-1,8840.0,7435.0,L4,1,0.28827265545603076,1,bisquare,8535,1.0,negbinomial,0.2842243727205218,True
GTAAGTAGGGTATACC-1,5676.0,5752.0,L3,0,0.30234441227833336,1,bisquare,8535,1.0,negbinomial,0.2842243727205218,True
GTAAGTCCACACTCTA-1,11386.0,7800.0,L3,0,0.3444081682040704,1,bisquare,8535,1.0,negbinomial,0.2842243727205218,True
GTAATAAAGGGCTCCC-1,10288.0,6360.0,L3,0,0.4333373810056838,1,bisquare,8535,1.0,negbinomial,0.2842243727205218,True
GTAATCTGATTCTTCG-1,6221.0,8628.0,L6,3,0.24819575438917071,1,bisquare,8535,1.0,negbinomial,0.2842243727205218,True
GTACACTTACCTGAAG-1,7601.0,6953.0,L4,1,0.3177541532978546,1,bisquare,8535,1.0,negbinomial,0.2842243727205218,True
GTACAGAGGCAAGGGT-1,8909.0,7076.0,L3,0,0.5539477368495019,1,bisquare,8535,1.0,negbinomial,0.2842243727205218,True
GTACGACGGCGCTGCG-1,4991.0,4073.0,L3,0,0.21352886535046295,1,bisquare,8535,1.0,negbinomial,0.2842243727205218,True
GTACGAGATTGCGACA-1,7123.0,5156.0,L3,0,0.2790933553807355,1,bisquare,8535,1.0,negbinomial,0.2842243727205218,True
GTACGCTTCATTGCAC-1,8150.0,8153.0,L5,2,0.19748176182435404,1,bisquare,8535,1.0,negbinomial,0.2842243727205218,True
GTACGTCACGTATTAA-1,10568.0,3965.0,L3,0,0.22189467184470157,1,bisquare,8535,1.0,negbinomial,0.2842243727205218,True
GTACGTTTGCCCGTCA-1,7875.0,7912.0,L5,2,0.22239769600494166,1,bisquare,8535,1.0,negbinomial,0.2842243727205218,True
GTACTAAGATTTGGAG-1,6984.0,5874.0,L3,0,0.27751030938276133,1,bisquare,8535,1.0,negbinomial,0.2842243727205218,True
GTACTCCCTTATCGCT-1,5123.0,6948.0,L5,2,0.3303365266674051,1,bisquare,8535,1.0,negbinomial,0.2842243727205218,True
GTACTCCTGGGTATGC-1,10220.0,5761.0,L3,0,0.21719241666413053,1,bisquare,8535,1.0,negbinomial,0.2842243727205218,True
GTACTGAGGTCGTAAC-1,6437.0,3956.0,L3,0,0.22196524585408572,1,bisquare,8535,1.0,negbinomial,0.2842243727205218,True
GTACTGCATGAAGCGT-1,5886.0,3955.0,L3,0,0.05809423542494121,1,bisquare,8535,1.0,negbinomial,0.2842243727205218,True
GTACTGGAGTTAGACC-1,8772.0,6597.0,L3,0,0.27586622971712127,1,bisquare,8535,1.0,negbinomial,0.2842243727205218,True
GTACTTGGGCACTTCT-1,5472.0,4673.0,L3,0,0.28641493630306636,1,bisquare,8535,1.0,negbinomial,0.2842243727205218,True
GTAGAAACGGGTGGAG-1,4300.0,5509.0,L3,0,0.3562289932750047,1,bisquare,8535,1.0,negbinomial,0.2842243727205218,True
GTAGACAACCGATGAA-1,6989.0,3478.0,L3,0,0.31344610726462235,1,bisquare,8535,1.0,negbinomial,0.2842243727205218,True
GTAGACACGCCTGACT-1,7801.0,10188.0,WM,4,0.3301966600451017,1,bisquare,8535,1.0,negbinomial,0.2842243727205218,True
GTAGACGTCGTTACAT-1,5886.0,4195.0,L3,0,0.28159658733206966,1,bisquare,8535,1.0,negbinomial,0.2842243727205218,True
GTAGAGGGAGACAAGT-1,5326.0,8746.0,L6,3,0.28833638468739253,1,bisquare,8535,1.0,negbinomial,0.2842243727205218,True
GTAGCCAAACATGGGA-1,8011.0,8631.0,L6,3,0.3708864860471327,1,bisquare,8535,1.0,negbinomial,0.2842243727205218,True
GTAGCGGCTATACACT-1,7945.0,7314.0,L5,2,0.2881888768489442,1,bisquare,8535,1.0,negbinomial,0.2842243727205218,True
GTAGCTCCGGGAGGCT-1,5735.0,10424.0,WM,4,0.4099977295488904,1,bisquare,8535,1.0,negbinomial,0.2842243727205218,True
GTAGCTTCCTCTTGTT-1,9324.0,6358.0,L3,0,0.3793280939766675,1,bisquare,8535,1.0,negbinomial,0.2842243727205218,True
GTAGGTGATCCGTGTA-1,8639.0,4680.0,L3,0,0.39768452470755794,1,bisquare,8535,1.0,negbinomial,0.2842243727205218,True
GTAGTCGCGGGAATCA-1,8768.0,8513.0,L5,2,0.415985945542244,1,bisquare,8535,1.0,negbinomial,0.2842243727205218,True
GTAGTCTACGATATTG-1,8490.0,10190.0,WM,4,0.5257283946085137,1,bisquare,8535,1.0,negbinomial,0.2842243727205218,True
GTAGTGAGCAACCTCA-1,10967.0,10914.0,L6,3,0.25866940188424237,1,bisquare,8535,1.0,negbinomial,0.2842243727205218,True
GTAGTTCGAAGGCGAA-1,5873.0,10424.0,WM,4,0.29836760141486307,1,bisquare,8535,1.0,negbinomial,0.2842243727205218,True
GTAGTTTAAGCACACG-1,4769.0,11380.0,L6,3,0.1744682623850014,1,bisquare,8535,1.0,negbinomial,0.2842243727205218,True
GTATAATCTCCCGGAT-1,4027.0,4311.0,L3,0,0.15623024824930673,1,bisquare,8535,1.0,negbinomial,0.2842243727205218,True
GTATAGGACTCAGTAG-1,7192.0,5036.0,L3,0,0.32175420288171724,1,bisquare,8535,1.0,negbinomial,0.2842243727205218,True
GTATCAAACGTTAGCT-1,9869.0,9234.0,L5,2,0.43657128401543394,1,bisquare,8535,1.0,negbinomial,0.2842243727205218,True
GTATCAAGGTACTTCC-1,8143.0,11267.0,WM,4,0.20305812982987514,1,bisquare,8535,1.0,negbinomial,0.2842243727205218,True
GTATCAGCTTGGGTTC-1,5540.0,5033.0,L3,0,0.4269073701947176,1,bisquare,8535,1.0,negbinomial,0.2842243727205218,True
GTATCCTTTGGTAACC-1,9522.0,10312.0,L6,3,0.2040681339062075,1,bisquare,8535,1.0,negbinomial,0.2842243727205218,True
GTATCTCAGTCTTGAC-1,4704.0,9583.0,L6,3,0.25569274295745975,1,bisquare,8535,1.0,negbinomial,0.2842243727205218,True
GTATCTCGGGCGCTTT-1,4495.0,11140.0,L6,3,0.20471242022277,1,bisquare,8535,1.0,negbinomial,0.2842243727205218,True
GTATCTTTCATAACCA-1,7737.0,8152.0,L5,2,0.19167990801166523,1,bisquare,8535,1.0,negbinomial,0.2842243727205218,True
GTATGAAATTTCACTC-1,4706.0,8864.0,L5,2,0.29199971958843424,1,bisquare,8535,1.0,negbinomial,0.2842243727205218,True
GTATGTGGGTCTAGTT-1,9529.0,7197.0,L3,0,0.35724246711238883,1,bisquare,8535,1.0,negbinomial,0.2842243727205218,True
GTATTAAGGCGTCTAA-1,4989.0,5031.0,L3,0,0.24535268808437943,1,bisquare,8535,1.0,negbinomial,0.2842243727205218,True
GTATTAGGGTTCGCGT-1,10707.0,3486.0,L3,0,0.2060489206756683,1,bisquare,8535,1.0,negbinomial,0.2842243727205218,True
GTATTCTGAGAAACGA-1,5808.0,8387.0,L6,3,0.38259461824987984,1,bisquare,8535,1.0,negbinomial,0.2842243727205218,True
GTATTTAATGGCATAA-1,11453.0,8878.0,L4,1,0.21083345078775723,1,bisquare,8535,1.0,negbinomial,0.2842243727205218,True
GTCAAAGAAGTGGTGT-1,4429.0,9343.0,L6,3,0.5229457571047614,1,bisquare,8535,1.0,negbinomial,0.2842243727205218,True
GTCAAAGTTTACATAG-1,5197.0,4193.0,L3,0,0.387662061469142,1,bisquare,8535,1.0,negbinomial,0.2842243727205218,True
GTCAACCAGGCCTATA-1,10279.0,10433.0,L6,3,0.24869481423891215,1,bisquare,8535,1.0,negbinomial,0.2842243727205218,True
GTCAAGCGGACTCGGG-1,8496.0,7315.0,L4,1,0.23832359527647465,1,bisquare,8535,1.0,negbinomial,0.2842243727205218,True
GTCAATGCTATAATTT-1,11460.0,5284.0,L3,0,0.3780662403456489,1,bisquare,8535,1.0,negbinomial,0.2842243727205218,True
GTCACAAAGTTTCCAA-1,7401.0,3719.0,L3,0,0.3526833886531173,1,bisquare,8535,1.0,negbinomial,0.2842243727205218,True
GTCACTCTCCAAATCT-1,5333.0,5391.0,L3,0,0.36483119221360105,1,bisquare,8535,1.0,negbinomial,0.2842243727205218,True
GTCAGAATAGTCTATG-1,5400.0,6230.0,L3,0,0.24644120901920724,1,bisquare,8535,1.0,negbinomial,0.2842243727205218,True
GTCAGTTGTGCTCGTT-1,8090.0,3720.0,L3,0,0.386433557920037,1,bisquare,8535,1.0,negbinomial,0.2842243727205218,True
GTCAGTTTGGTAGTCG-1,4092.0,6108.0,L3,0,0.36413878019442203,1,bisquare,8535,1.0,negbinomial,0.2842243727205218,True
GTCATCTCCTACAGCT-1,4027.0,4071.0,L3,0,0.20371525212772199,1,bisquare,8535,1.0,negbinomial,0.2842243727205218,True
GTCATGCACCTCCGTT-1,7396.0,6114.0,L3,0,0.5702858062316463,1,bisquare,8535,1.0,negbinomial,0.2842243727205218,True
GTCATGCGCGAGGGCT-1,9935.0,10313.0,L6,3,0.24684546304855862,1,bisquare,8535,1.0,negbinomial,0.2842243727205218,True
GTCATGGACATGACTA-1,7466.0,5755.0,L3,0,0.28466430243815444,1,bisquare,8535,1.0,negbinomial,0.2842243727205218,True
GTCATTAGAGCGAACG-1,7808.0,7074.0,L4,1,0.3592779730602568,1,bisquare,8535,1.0,negbinomial,0.2842243727205218,True
GTCATTGCATTGACCC-1,4367.0,6348.0,L3,0,0.2815976484415278,1,bisquare,8535,1.0,negbinomial,0.2842243727205218,True
GTCCAATATTTAGCCT-1,6837.0,10426.0,WM,4,0.1770577020376188,1,bisquare,8535,1.0,negbinomial,0.2842243727205218,True
GTCCACGTCGCATTCG-1,11312.0,10315.0,L6,3,0.20519399231582744,1,bisquare,8535,1.0,negbinomial,0.2842243727205218,True
GTCCAGGCACGTGTGC-1,6216.0,11024.0,WM,4,0.1685032737205213,1,bisquare,8535,1.0,negbinomial,0.2842243727205218,True
GTCCATTACTGCTACG-1,10491.0,7678.0,L3,0,0.4312882158679771,1,bisquare,8535,1.0,negbinomial,0.2842243727205218,True
GTCCCAACGTAAAGTA-1,8222.0,6595.0,L3,0,0.4446536345182439,1,bisquare,8535,1.0,negbinomial,0.2842243727205218,True
GTCCCGCGACGTTATG-1,8835.0,9592.0,L6,3,0.35038947497632567,1,bisquare,8535,1.0,negbinomial,0.2842243727205218,True
GTCCGAGAGCAATCAT-1,3747.0,6466.0,L3,0,0.25072011224444246,1,bisquare,8535,1.0,negbinomial,0.2842243727205218,True
GTCCGGACCTGAAATT-1,9249.0,9113.0,L5,2,0.2979109139402258,1,bisquare,8535,1.0,negbinomial,0.2842243727205218,True
GTCCGGCTGAATTGCG-1,6777.0,5993.0,L3,0,0.23660561740676067,1,bisquare,8535,1.0,negbinomial,0.2842243727205218,True
GTCCGGGTTCACATTA-1,8075.0,10908.0,WM,4,0.14109046779596526,1,bisquare,8535,1.0,negbinomial,0.2842243727205218,True
GTCCTACAGGCGGCTC-1,4301.0,4790.0,L3,0,0.13725826321776838,1,bisquare,8535,1.0,negbinomial,0.2842243727205218,True
GTCCTACGAATAGTCT-1,9456.0,8994.0,L5,2,0.30375318854437944,1,bisquare,8535,1.0,negbinomial,0.2842243727205218,True
GTCCTACTCTACGGGC-1,3604.0,9102.0,L5,2,0.1123724913989905,1,bisquare,8535,1.0,negbinomial,0.2842243727205218,True
GTCCTATTGTTGTGGT-1,3679.0,6107.0,L3,0,0.11188580313229923,1,bisquare,8535,1.0,negbinomial,0.2842243727205218,True
GTCCTTCTACAACCCA-1,3612.0,5268.0,L3,0,0.24416645582847893,1,bisquare,8535,1.0,negbinomial,0.2842243727205218,True
GTCCTTCTAGTGGGTT-1,8847.0,3841.0,L3,0,0.13723190959273415,1,bisquare,8535,1.0,negbinomial,0.2842243727205218,True
GTCCTTTAATGACTTC-1,10362.0,3605.0,L3,0,0.2444706334871175,1,bisquare,8535,1.0,negbinomial,0.2842243727205218,True
GTCGAATTTGGGCGCT-1,4357.0,10900.0,L6,3,0.21042692460166615,1,bisquare,8535,1.0,negbinomial,0.2842243727205218,True
GTCGATAGGTGACTTT-1,11521.0,8998.0,L4,1,0.165972966286364,1,bisquare,8535,1.0,negbinomial,0.2842243727205218,True
GTCGCCGTTGTGTGTT-1,6150.0,9466.0,L6,3,0.12338121656196274,1,bisquare,8535,1.0,negbinomial,0.2842243727205218,True
GTCGCGTAACCCGTTG-1,8358.0,7314.0,L4,1,0.14375935199193443,1,bisquare,8535,1.0,negbinomial,0.2842243727205218,True
GTCGGAAGGATACCAG-1,11118.0,4205.0,L3,0,0.23495086898715986,1,bisquare,8535,1.0,negbinomial,0.2842243727205218,True
GTCGGATATCTCAGAC-1,5675.0,6470.0,L4,1,0.4479764825430273,1,bisquare,8535,1.0,negbinomial,0.2842243727205218,True
GTCGGATGTAGCGCGC-1,8501.0,4679.0,L3,0,0.22915137611573091,1,bisquare,8535,1.0,negbinomial,0.2842243727205218,True
GTCGGGAACATGGTAG-1,3469.0,7424.0,L3,0,0.13447790366449663,1,bisquare,8535,1.0,negbinomial,0.2842243727205218,True
GTCGGGAAGCAGAAAC-1,7664.0,9709.0,L6,3,0.1364916027057262,1,bisquare,8535,1.0,negbinomial,0.2842243727205218,True
GTCGTACCATCTCGGG-1,7461.0,8151.0,L5,2,0.12578941165223773,1,bisquare,8535,1.0,negbinomial,0.2842243727205218,True
GTCGTACCTACGATTG-1,3814.0,7065.0,L3,0,0.21098012010935233,1,bisquare,8535,1.0,negbinomial,0.2842243727205218,True
GTCGTATTGGCGTACA-1,9740.0,4921.0,L3,0,0.15049463357052686,1,bisquare,8535,1.0,negbinomial,0.2842243727205218,True
GTCGTCAATTATAAGG-1,6299.0,3956.0,L3,0,0.14305107038545276,1,bisquare,8535,1.0,negbinomial,0.2842243727205218,True
GTCGTCTGGTTGGCTA-1,11596.0,6243.0,L3,0,0.09677446736571285,1,bisquare,8535,1.0,negbinomial,0.2842243727205218,True
GTCGTGTCTGGTCATC-1,10770.0,6002.0,L3,0,0.05009230082882938,1,bisquare,8535,1.0,negbinomial,0.2842243727205218,True
GTCGTTATTCGCTTAT-1,8425.0,8153.0,L5,2,0.14174380765042344,1,bisquare,8535,1.0,negbinomial,0.2842243727205218,True
GTCTACTCAATTACAA-1,4090.0,7066.0,L4,1,0.28772287741961283,1,bisquare,8535,1.0,negbinomial,0.2842243727205218,True
GTCTAGTGAGCCGCTT-1,9522.0,10551.0,L6,3,0.15170728147620638,1,bisquare,8535,1.0,negbinomial,0.2842243727205218,True
GTCTATACACGCATGG-1,6628.0,11504.0,WM,4,0.1498065509136064,1,bisquare,8535,1.0,negbinomial,0.2842243727205218,True
GTCTATCTGAGTTTCT-1,6086.0,7430.0,L5,2,0.2572698529331104,1,bisquare,8535,1.0,negbinomial,0.2842243727205218,True
GTCTATTGCATGCTCG-1,10417.0,10433.0,L6,3,0.24950799532759027,1,bisquare,8535,1.0,negbinomial,0.2842243727205218,True
GTCTATTGGTTCCGGT-1,9388.0,8634.0,L5,2,0.3040790355041654,1,bisquare,8535,1.0,negbinomial,0.2842243727205218,True
GTCTCAAGGCCCGGCT-1,7733.0,9829.0,WM,4,0.50356156186318,1,bisquare,8535,1.0,negbinomial,0.2842243727205218,True
GTCTCCCGAGTCCCGT-1,10759.0,11273.0,L6,3,0.2783192262738697,1,bisquare,8535,1.0,negbinomial,0.2842243727205218,True
GTCTCCGCCTCAATAC-1,7386.0,11146.0,WM,4,0.2714140763473348,1,bisquare,8535,1.0,negbinomial,0.2842243727205218,True
GTCTCCTGCCAGTATG-1,4084.0,9702.0,L6,3,0.19618917871686126,1,bisquare,8535,1.0,negbinomial,0.2842243727205218,True
GTCTCGACTAAGTTTG-1,10840.0,5642.0,L3,0,0.3366347933114016,1,bisquare,8535,1.0,negbinomial,0.2842243727205218,True
GTCTCGATCTGCTTTC-1,8707.0,5039.0,L3,0,0.2953664230680359,1,bisquare,8535,1.0,negbinomial,0.2842243727205218,True
GTCTGCCGACTCGACG-1,9176.0,11389.0,WM,4,0.24149735117505855,1,bisquare,8535,1.0,negbinomial,0.2842243727205218,True
GTCTGGGCGGTCGAGA-1,6222.0,8149.0,L6,3,0.2886554299022121,1,bisquare,8535,1.0,negbinomial,0.2842243727205218,True
GTCTGTAGGTTGAACA-1,5871.0,11382.0,WM,4,0.15725288470885224,1,bisquare,8535,1.0,negbinomial,0.2842243727205218,True
GTCTTAGTACAGCCGG-1,8571.0,4080.0,L3,0,0.19252029335638593,1,bisquare,8535,1.0,negbinomial,0.2842243727205218,True
GTCTTCCTCACCTAAG-1,3197.0,6226.0,L3,0,0.14219338237126303,1,bisquare,8535,1.0,negbinomial,0.2842243727205218,True
GTCTTGAGGAGCAGTG-1,11181.0,7200.0,L3,0,0.45096468293872977,1,bisquare,8535,1.0,negbinomial,0.2842243727205218,True
GTCTTGTAGCTATTCA-1,10904.0,7919.0,L3,0,0.2362487534062218,1,bisquare,8535,1.0,negbinomial,0.2842243727205218,True
GTGAAACGGCGCCACC-1,9257.0,5519.0,L3,0,0.3762559226060892,1,bisquare,8535,1.0,negbinomial,0.2842243727205218,True
GTGAAACGTGCTCCAC-1,5749.0,3955.0,L3,0,0.09724441080811708,1,bisquare,8535,1.0,negbinomial,0.2842243727205218,True
GTGAACTCCCATTCGA-1,10357.0,6240.0,L3,0,0.17014534996724837,1,bisquare,8535,1.0,negbinomial,0.2842243727205218,True
GTGAAGATTTCAAGTG-1,10290.0,5162.0,L3,0,0.1849165060390501,1,bisquare,8535,1.0,negbinomial,0.2842243727205218,True
GTGAAGCCGTATAGTC-1,10565.0,5163.0,L3,0,0.22661310599026555,1,bisquare,8535,1.0,negbinomial,0.2842243727205218,True
GTGAAGTCACGACTCG-1,3674.0,8503.0,L5,2,0.18652300831110094,1,bisquare,8535,1.0,negbinomial,0.2842243727205218,True
GTGACAGCTTCCCACT-1,8283.0,10309.0,WM,4,0.526311527162383,1,bisquare,8535,1.0,negbinomial,0.2842243727205218,True
GTGACCGCACACTACG-1,9459.0,7317.0,L3,0,0.37514170607909936,1,bisquare,8535,1.0,negbinomial,0.2842243727205218,True
GTGACCTAAAGAATAA-1,11734.0,6243.0,L3,0,0.1516005462011331,1,bisquare,8535,1.0,negbinomial,0.2842243727205218,True
GTGACGAGGGTGACCC-1,11045.0,6481.0,L3,0,0.3058449625934842,1,bisquare,8535,1.0,negbinomial,0.2842243727205218,True
GTGACGCAGGTTTCAT-1,8351.0,10429.0,WM,4,0.26609494456025284,1,bisquare,8535,1.0,negbinomial,0.2842243727205218,True
GTGACTTCAGTAGTGC-1,6635.0,8149.0,L6,3,0.20913661191676192,1,bisquare,8535,1.0,negbinomial,0.2842243727205218,True
GTGAGATAACCTTATA-1,6010.0,10903.0,WM,4,0.21514494050636732,1,bisquare,8535,1.0,negbinomial,0.2842243727205218,True
GTGAGCGTGCTGCACT-1,4917.0,6589.0,L4,1,0.25366896371469144,1,bisquare,8535,1.0,negbinomial,0.2842243727205218,True
GTGAGGACACTTAAGG-1,8495.0,7554.0,L4,1,0.2547996911621124,1,bisquare,8535,1.0,negbinomial,0.2842243727205218,True
GTGAGGAGCGGTTGAG-1,9190.0,4201.0,L3,0,0.2881701819870947,1,bisquare,8535,1.0,negbinomial,0.2842243727205218,True
GTGAGTCGACTAATAG-1,10966.0,11153.0,L6,3,0.504463384813642,1,bisquare,8535,1.0,negbinomial,0.2842243727205218,True
GTGAGTCTAAGACGGA-1,3955.0,5628.0,L3,0,0.287960145698358,1,bisquare,8535,1.0,negbinomial,0.2842243727205218,True
GTGAGTGGTACAACGC-1,7047.0,8869.0,L6,3,0.4136219668149734,1,bisquare,8535,1.0,negbinomial,0.2842243727205218,True
GTGATCAAGCGTGCAC-1,5047.0,10422.0,L6,3,0.1916426947377295,1,bisquare,8535,1.0,negbinomial,0.2842243727205218,True
GTGATCACTAACGCCT-1,9871.0,8276.0,L4,1,0.27639548095625616,1,bisquare,8535,1.0,negbinomial,0.2842243727205218,True
GTGATCATAGATCTGC-1,7117.0,8031.0,L5,2,0.19533526476006832,1,bisquare,8535,1.0,negbinomial,0.2842243727205218,True
GTGATCCTTGTCATGA-1,8972.0,10071.0,L6,3,0.283658923246029,1,bisquare,8535,1.0,negbinomial,0.2842243727205218,True
GTGATGCACAACATCT-1,9810.0,4083.0,L3,0,0.20676152525849867,1,bisquare,8535,1.0,negbinomial,0.2842243727205218,True
GTGATTCGCCGCTCAA-1,5946.0,8388.0,L6,3,0.4133736069299354,1,bisquare,8535,1.0,negbinomial,0.2842243727205218,True
GTGCAACAAATGTGGC-1,7469.0,4318.0,L3,0,0.43641870922979564,1,bisquare,8535,1.0,negbinomial,0.2842243727205218,True
GTGCACCAGCTTCAAC-1,6905.0,10546.0,WM,4,0.23383877896091448,1,bisquare,8535,1.0,negbinomial,0.2842243727205218,True
GTGCACGAAAGTGACT-1,8088.0,4678.0,L3,0,0.2007696216120231,1,bisquare,8535,1.0,negbinomial,0.2842243727205218,True
GTGCAGCGTAGAGTAG-1,11728.0,8879.0,L4,1,0.2912057412683044,1,bisquare,8535,1.0,negbinomial,0.2842243727205218,True
GTGCCATCACACGGTG-1,5534.0,7668.0,L5,2,0.28015932326620685,1,bisquare,8535,1.0,negbinomial,0.2842243727205218,True
GTGCCCGTTCGGATTC-1,9046.0,7316.0,L3,0,0.366069864238921,1,bisquare,8535,1.0,negbinomial,0.2842243727205218,True
GTGCCGCTTCAAAGGT-1,6222.0,7909.0,L6,3,0.256410253182048,1,bisquare,8535,1.0,negbinomial,0.2842243727205218,True
GTGCCTAGCTATGCTT-1,3958.0,4191.0,L3,0,0.15654786232190926,1,bisquare,8535,1.0,negbinomial,0.2842243727205218,True
GTGCCTCAGTGTACGG-1,9604.0,3963.0,L3,0,0.1908634624638165,1,bisquare,8535,1.0,negbinomial,0.2842243727205218,True
GTGCCTGAGACCAAAC-1,9314.0,10910.0,WM,4,0.5254774137870016,1,bisquare,8535,1.0,negbinomial,0.2842243727205218,True
GTGCGAAATCGAACAC-1,6153.0,8029.0,L6,3,0.44584159634032267,1,bisquare,8535,1.0,negbinomial,0.2842243727205218,True
GTGCGACAGGGAGTGT-1,10080.0,6959.0,L3,0,0.5652110134756643,1,bisquare,8535,1.0,negbinomial,0.2842243727205218,True
GTGCGGGTCTCCAAAT-1,7054.0,5036.0,L3,0,0.3097512607257842,1,bisquare,8535,1.0,negbinomial,0.2842243727205218,True
GTGCGTGTATATGAGC-1,8908.0,7555.0,L4,1,0.43665963699559274,1,bisquare,8535,1.0,negbinomial,0.2842243727205218,True
GTGCTCAAGTACTGTC-1,6776.0,6712.0,L5,2,0.2861014443563932,1,bisquare,8535,1.0,negbinomial,0.2842243727205218,True
GTGCTGCAGATAAGGA-1,3677.0,7065.0,L3,0,0.41164559040242005,1,bisquare,8535,1.0,negbinomial,0.2842243727205218,True
GTGCTTACATCAGCGC-1,11179.0,8159.0,L3,0,0.5676023980353573,1,bisquare,8535,1.0,negbinomial,0.2842243727205218,True
GTGGAACCTACATGCG-1,8777.0,4440.0,L3,0,0.28169383886873817,1,bisquare,8535,1.0,negbinomial,0.2842243727205218,True
GTGGACCAACCCGATT-1,5189.0,8027.0,L5,2,0.33009214352584687,1,bisquare,8535,1.0,negbinomial,0.2842243727205218,True
GTGGACGCATTTGTCC-1,7596.0,9349.0,L6,3,0.2590960620857511,1,bisquare,8535,1.0,negbinomial,0.2842243727205218,True
GTGGACGTGCTGAGAC-1,5885.0,4674.0,L3,0,0.3856608334168391,1,bisquare,8535,1.0,negbinomial,0.2842243727205218,True
GTGGAGCATGTCGGCC-1,11801.0,7082.0,L3,0,0.24040998739831704,1,bisquare,8535,1.0,negbinomial,0.2842243727205218,True
GTGGAGCGTTTACCGA-1,4291.0,9582.0,L6,3,0.22933213614692188,1,bisquare,8535,1.0,negbinomial,0.2842243727205218,True
GTGGAGTCGGCGGTTG-1,5807.0,9106.0,L6,3,0.23060793093134893,1,bisquare,8535,1.0,negbinomial,0.2842243727205218,True
GTGGCAAACAGCGGCA-1,4569.0,8624.0,L5,2,0.19531581688410646,1,bisquare,8535,1.0,negbinomial,0.2842243727205218,True
GTGGCCGGTTTCTCGG-1,3876.0,10779.0,L6,3,0.4072163512565091,1,bisquare,8535,1.0,negbinomial,0.2842243727205218,True
GTGGCCTAATATCATT-1,3264.0,6825.0,L3,0,0.17114533106983035,1,bisquare,8535,1.0,negbinomial,0.2842243727205218,True
GTGGCGGTCCCAGCGT-1,4571.0,7426.0,L5,2,0.15968535024875466,1,bisquare,8535,1.0,negbinomial,0.2842243727205218,True
GTGGCGTGCACCAGAG-1,10157.0,2766.0,L3,0,0.4837730086022885,1,bisquare,8535,1.0,negbinomial,0.2842243727205218,True
GTGGCTGTTTCTGTTC-1,9521.0,11030.0,WM,4,0.28136997868471375,1,bisquare,8535,1.0,negbinomial,0.2842243727205218,True
GTGGGAACAAACCGGG-1,6422.0,11144.0,WM,4,0.24033423637568269,1,bisquare,8535,1.0,negbinomial,0.2842243727205218,True
GTGGGAAGACTGAATC-1,4226.0,8025.0,L5,2,0.2652470977816831,1,bisquare,8535,1.0,negbinomial,0.2842243727205218,True
GTGGGCTTAGACACAC-1,5882.0,6111.0,L3,0,0.2902059146956743,1,bisquare,8535,1.0,negbinomial,0.2842243727205218,True
GTGGTATAGTCTGCCG-1,6013.0,9466.0,L6,3,0.2724959961815161,1,bisquare,8535,1.0,negbinomial,0.2842243727205218,True
GTGGTCAGCGAAGTAT-1,9536.0,3603.0,L3,0,0.20436272006307002,1,bisquare,8535,1.0,negbinomial,0.2842243727205218,True
GTGGTGGCCAAGTGAA-1,8632.0,8034.0,L5,2,0.3678846069136747,1,bisquare,8535,1.0,negbinomial,0.2842243727205218,True
GTGGTTACTTCTTTCG-1,10425.0,6360.0,L3,0,0.2959686775627375,1,bisquare,8535,1.0,negbinomial,0.2842243727205218,True
GTGGTTTCCGCCTTTC-1,5397.0,7668.0,L5,2,0.3576912257377105,1,bisquare,8535,1.0,negbinomial,0.2842243727205218,True
GTGTACCTTGGCTACG-1,8568.0,5758.0,L3,0,0.17683876541432,1,bisquare,8535,1.0,negbinomial,0.2842243727205218,True
GTGTATATCAGCGGGC-1,8422.0,9591.0,L6,3,0.1814550401255675,1,bisquare,8535,1.0,negbinomial,0.2842243727205218,True
GTGTCAGTGTACGTGG-1,6079.0,10784.0,WM,4,0.15804498320293758,1,bisquare,8535,1.0,negbinomial,0.2842243727205218,True
GTGTCGTATAGCGTTC-1,8423.0,9111.0,L6,3,0.3374414383906437,1,bisquare,8535,1.0,negbinomial,0.2842243727205218,True
GTGTCGTATTCACCTT-1,11257.0,3727.0,L3,0,0.15861076622256534,1,bisquare,8535,1.0,negbinomial,0.2842243727205218,True
GTGTGAATAACTTAGG-1,8910.0,6597.0,L3,0,0.4431798913705287,1,bisquare,8535,1.0,negbinomial,0.2842243727205218,True
GTGTTACTATGCGTCC-1,8357.0,7554.0,L4,1,0.3961774549479196,1,bisquare,8535,1.0,negbinomial,0.2842243727205218,True
GTTAAAGTAGGACTGG-1,8906.0,8513.0,L5,2,0.5209871643753301,1,bisquare,8535,1.0,negbinomial,0.2842243727205218,True
GTTAACATCACTTAAA-1,8216.0,9231.0,L6,3,0.2984990712388534,1,bisquare,8535,1.0,negbinomial,0.2842243727205218,True
GTTAACTATGTTGTCA-1,10835.0,7799.0,L3,0,0.47149168896086335,1,bisquare,8535,1.0,negbinomial,0.2842243727205218,True
GTTAAGGGTGCGATGT-1,8077.0,9949.0,WM,4,0.5565076680611506,1,bisquare,8535,1.0,negbinomial,0.2842243727205218,True
GTTAAGTTAGAGTGGG-1,11181.0,6961.0,L3,0,0.30955462438380754,1,bisquare,8535,1.0,negbinomial,0.2842243727205218,True
GTTAATGTCTATCTTA-1,4023.0,6227.0,L3,0,0.27865420462624857,1,bisquare,8535,1.0,negbinomial,0.2842243727205218,True
GTTACAATTGGTGACG-1,5467.0,7069.0,L5,2,0.3577569982458904,1,bisquare,8535,1.0,negbinomial,0.2842243727205218,True
GTTACCTACAACTTGC-1,7805.0,8272.0,L5,2,0.20314405382450557,1,bisquare,8535,1.0,negbinomial,0.2842243727205218,True
GTTACTTTGGGCCTAG-1,6705.0,7790.0,L5,2,0.3264475550307359,1,bisquare,8535,1.0,negbinomial,0.2842243727205218,True
GTTAGAGTGTGCCGCT-1,8366.0,3481.0,L3,0,0.21559194714932445,1,bisquare,8535,1.0,negbinomial,0.2842243727205218,True
GTTAGCCCATGACATC-1,8351.0,10669.0,WM,4,0.23954370224075847,1,bisquare,8535,1.0,negbinomial,0.2842243727205218,True
GTTAGCCGTAAATCAA-1,10770.0,6241.0,L3,0,0.3369635357404688,1,bisquare,8535,1.0,negbinomial,0.2842243727205218,True
GTTAGGCTACCCGTTT-1,4154.0,9103.0,L5,2,0.12812398402274322,1,bisquare,8535,1.0,negbinomial,0.2842243727205218,True
GTTATAATACGGTGAA-1,10558.0,8996.0,L5,2,0.5523916049610081,1,bisquare,8535,1.0,negbinomial,0.2842243727205218,True
GTTATATCAGGAGCCA-1,11116.0,5403.0,L3,0,0.3192316942015523,1,bisquare,8535,1.0,negbinomial,0.2842243727205218,True
GTTATATTATCTCCCT-1,7048.0,8390.0,L6,3,0.27831034596197674,1,bisquare,8535,1.0,negbinomial,0.2842243727205218,True
GTTATCAAGCTATCGA-1,10278.0,11152.0,L6,3,0.24881171981552613,1,bisquare,8535,1.0,negbinomial,0.2842243727205218,True
GTTATTAACGTGGGAG-1,4438.0,5270.0,L3,0,0.17924012297712663,1,bisquare,8535,1.0,negbinomial,0.2842243727205218,True
GTTCACAGGAGTCTAG-1,5537.0,6470.0,L4,1,0.2790422063693677,1,bisquare,8535,1.0,negbinomial,0.2842243727205218,True
GTTCAGTCGCCAAATG-1,7318.0,11026.0,WM,4,0.24574535862536478,1,bisquare,8535,1.0,negbinomial,0.2842243727205218,True
GTTCATCGTTTGGCTG-1,10425.0,6600.0,L3,0,0.2737827470620698,1,bisquare,8535,1.0,negbinomial,0.2842243727205218,True
GTTCCAGTCTGACCAT-1,6849.0,4676.0,L3,0,0.21426737618579608,1,bisquare,8535,1.0,negbinomial,0.2842243727205218,True
GTTCCCGTAAACATAT-1,11382.0,9717.0,L5,2,0.3343726483941187,1,bisquare,8535,1.0,negbinomial,0.2842243727205218,True
GTTCCGTCCGCCTGCA-1,6078.0,11023.0,WM,4,0.2769920453490133,1,bisquare,8535,1.0,negbinomial,0.2842243727205218,True
GTTCGACAATTGTATA-1,5046.0,10901.0,L6,3,0.26518751377441685,1,bisquare,8535,1.0,negbinomial,0.2842243727205218,True
GTTCGCCATAAGTGCC-1,6844.0,7072.0,L5,2,0.5007919667459901,1,bisquare,8535,1.0,negbinomial,0.2842243727205218,True
GTTCGCTGAGACGTCT-1,10695.0,8996.0,L5,2,0.3253408100114397,1,bisquare,8535,1.0,negbinomial,0.2842243727205218,True
GTTCGGAGCACTCAAC-1,11037.0,10315.0,L6,3,0.3223402356552044,1,bisquare,8535,1.0,negbinomial,0.2842243727205218,True
GTTCGGATCGGGAACA-1,10766.0,7918.0,L3,0,0.4478462440925305,1,bisquare,8535,1.0,negbinomial,0.2842243727205218,True
GTTCGGGCGTACCATT-1,10632.0,6481.0,L3,0,0.20816357402855004,1,bisquare,8535,1.0,negbinomial,0.2842243727205218,True
GTTCGTCTAAAGAACT-1,9319.0,8754.0,L5,2,0.4768758273931298,1,bisquare,8535,1.0,negbinomial,0.2842243727205218,True
GTTCGTCTGGGTCCCT-1,11392.0,5164.0,L3,0,0.3725803296620665,1,bisquare,8535,1.0,negbinomial,0.2842243727205218,True
GTTCTTCCCTCGATGT-1,6711.0,4436.0,L3,0,0.2861851390543045,1,bisquare,8535,1.0,negbinomial,0.2842243727205218,True
GTTCTTGTAACTCAAT-1,7385.0,11625.0,WM,4,0.325902953331423,1,bisquare,8535,1.0,negbinomial,0.2842243727205218,True
GTTGAACCGGTTCCAT-1,5947.0,7669.0,L5,2,0.3278682834948229,1,bisquare,8535,1.0,negbinomial,0.2842243727205218,True
GTTGAGTCCCGCCGGT-1,8561.0,8872.0,L5,2,0.27706744114659265,1,bisquare,8535,1.0,negbinomial,0.2842243727205218,True
GTTGCACGGAGTTTCG-1,6503.0,5514.0,L3,0,0.2017853964613368,1,bisquare,8535,1.0,negbinomial,0.2842243727205218,True
GTTGCCCTAACGGGTG-1,4219.0,11379.0,L6,3,0.18689126234520165,1,bisquare,8535,1.0,negbinomial,0.2842243727205218,True
GTTGCGCTAACATTAC-1,11387.0,7560.0,L3,0,0.4699041558754446,1,bisquare,8535,1.0,negbinomial,0.2842243727205218,True
GTTGCGGACGGTCAGG-1,11384.0,8998.0,L4,1,0.27783463497132355,1,bisquare,8535,1.0,negbinomial,0.2842243727205218,True
GTTGGACCGCATCAGG-1,11185.0,5044.0,L3,0,0.2762555788141095,1,bisquare,8535,1.0,negbinomial,0.2842243727205218,True
GTTGGATTCAGTGGCT-1,9809.0,4562.0,L3,0,0.15142463198925848,1,bisquare,8535,1.0,negbinomial,0.2842243727205218,True
GTTGGATTGAGAACAC-1,9255.0,6478.0,L3,0,0.3403162757507043,1,bisquare,8535,1.0,negbinomial,0.2842243727205218,True
GTTGGATTTGCGTTGG-1,6637.0,6951.0,L5,2,0.4091698592214781,1,bisquare,8535,1.0,negbinomial,0.2842243727205218,True
GTTGGTCATGCTATCC-1,7528.0,9229.0,L6,3,0.22618179748092013,1,bisquare,8535,1.0,negbinomial,0.2842243727205218,True
GTTGTAGATTTATGAG-1,7524.0,11146.0,WM,4,0.2540372140341403,1,bisquare,8535,1.0,negbinomial,0.2842243727205218,True
GTTGTCGTGTTAGTTG-1,6436.0,4435.0,L3,0,0.1767026324071564,1,bisquare,8535,1.0,negbinomial,0.2842243727205218,True
GTTGTTACATTGCGCT-1,11325.0,4086.0,L3,0,0.2128099994548136,1,bisquare,8535,1.0,negbinomial,0.2842243727205218,True
GTTGTTGCAAGATGGC-1,11519.0,10196.0,L5,2,0.18269128755097197,1,bisquare,8535,1.0,negbinomial,0.2842243727205218,True
GTTTACGTTCCATCTG-1,7598.0,8391.0,L5,2,0.19098366223814314,1,bisquare,8535,1.0,negbinomial,0.2842243727205218,True
GTTTATGGGATTTAGA-1,3749.0,5268.0,L3,0,0.22449758479435714,1,bisquare,8535,1.0,negbinomial,0.2842243727205218,True
GTTTCAAACGAGTTGT-1,10693.0,9955.0,L5,2,0.371844152239231,1,bisquare,8535,1.0,negbinomial,0.2842243727205218,True
GTTTCATATCGTCGCT-1,5053.0,7308.0,L5,2,0.22723522746220395,1,bisquare,8535,1.0,negbinomial,0.2842243727205218,True
GTTTCCTGGAGGGTGA-1,6571.0,5634.0,L3,0,0.30977479037830485,1,bisquare,8535,1.0,negbinomial,0.2842243727205218,True
GTTTCTAGAGGCGCGG-1,9590.0,10911.0,L6,3,0.152560415274769,1,bisquare,8535,1.0,negbinomial,0.2842243727205218,True
GTTTCTGCAGTCTCCC-1,8151.0,7434.0,L4,1,0.23405291133348405,1,bisquare,8535,1.0,negbinomial,0.2842243727205218,True
GTTTGACCAAATCCTA-1,7190.0,6234.0,L3,0,0.37676817462111256,1,bisquare,8535,1.0,negbinomial,0.2842243727205218,True
GTTTGGCCCAAGTTAT-1,8701.0,7675.0,L4,1,0.30312634658569676,1,bisquare,8535,1.0,negbinomial,0.2842243727205218,True
GTTTGGCCGCTCAGCG-1,5404.0,4074.0,L3,0,0.15801509041724565,1,bisquare,8535,1.0,negbinomial,0.2842243727205218,True
GTTTGGGCTTGTGAGC-1,7666.0,8751.0,L6,3,0.3381790162753206,1,bisquare,8535,1.0,negbinomial,0.2842243727205218,True
GTTTGGGTTTCGCCCG-1,9454.0,10192.0,L6,3,0.2309553775632042,1,bisquare,8535,1.0,negbinomial,0.2842243727205218,True
GTTTGGTAGGGTCAAC-1,7253.0,8989.0,L6,3,0.21185703590525842,1,bisquare,8535,1.0,negbinomial,0.2842243727205218,True
GTTTGGTGATCGGTGC-1,5804.0,10544.0,WM,4,0.23380159387744104,1,bisquare,8535,1.0,negbinomial,0.2842243727205218,True
TAAACCCAGGAGGGCA-1,5669.0,9106.0,L6,3,0.34534782163878647,1,bisquare,8535,1.0,negbinomial,0.2842243727205218,True
TAAAGACAACCCTTTA-1,11318.0,7440.0,L3,0,0.38484304353429194,1,bisquare,8535,1.0,negbinomial,0.2842243727205218,True
TAAAGAGCCCGAAACC-1,6368.0,3836.0,L3,0,0.20134351869950398,1,bisquare,8535,1.0,negbinomial,0.2842243727205218,True
TAAAGCGGTATTTCCA-1,6562.0,10186.0,WM,4,0.28471111219804623,1,bisquare,8535,1.0,negbinomial,0.2842243727205218,True
TAAAGCGTTAGGAGAA-1,9256.0,5999.0,L3,0,0.21705818835120608,1,bisquare,8535,1.0,negbinomial,0.2842243727205218,True
TAAAGCTGCAATAGGG-1,9878.0,4682.0,L3,0,0.17659754466184,1,bisquare,8535,1.0,negbinomial,0.2842243727205218,True
TAAAGTGCACGTCTCG-1,6629.0,11264.0,WM,4,0.21059479874210088,1,bisquare,8535,1.0,negbinomial,0.2842243727205218,True
TAAATCTTTACACCTC-1,11460.0,5524.0,L3,0,0.2253857130654519,1,bisquare,8535,1.0,negbinomial,0.2842243727205218,True
TAAATGAATCCGTTTC-1,5195.0,5391.0,L3,0,0.48762494038797505,1,bisquare,8535,1.0,negbinomial,0.2842243727205218,True
TAAATGCCGTCTCATG-1,10293.0,3964.0,L3,0,0.3108686800624223,1,bisquare,8535,1.0,negbinomial,0.2842243727205218,True
TAAATTGTGGGTAAAG-1,8280.0,11507.0,WM,4,0.16633695757089284,1,bisquare,8535,1.0,negbinomial,0.2842243727205218,True
TAAATTTAGTAACACC-1,5871.0,11143.0,WM,4,0.41456814296803457,1,bisquare,8535,1.0,negbinomial,0.2842243727205218,True
TAACAAAGGGAGAAGC-1,5608.0,5152.0,L3,0,0.5227597288484102,1,bisquare,8535,1.0,negbinomial,0.2842243727205218,True
TAACAATATTTGTTGC-1,4299.0,5988.0,L3,0,0.21403937629673442,1,bisquare,8535,1.0,negbinomial,0.2842243727205218,True
TAACAGCGTTTGTGCT-1,5736.0,10184.0,WM,4,0.5395584794845589,1,bisquare,8535,1.0,negbinomial,0.2842243727205218,True
TAACAGGTTCCCTTAG-1,7317.0,11505.0,WM,4,0.12942505183623287,1,bisquare,8535,1.0,negbinomial,0.2842243727205218,True
TAACATACAATGTGGG-1,8014.0,7194.0,L4,1,0.4437128226290451,1,bisquare,8535,1.0,negbinomial,0.2842243727205218,True
TAACATACACGCGATC-1,4912.0,9224.0,L6,3,0.4553595124942697,1,bisquare,8535,1.0,negbinomial,0.2842243727205218,True
TAACCGCCCGCAGTGC-1,6575.0,3717.0,L3,0,0.1389666649325432,1,bisquare,8535,1.0,negbinomial,0.2842243727205218,True
TAACCTACCGTCCGAG-1,10149.0,6599.0,L3,0,0.42761633307970637,1,bisquare,8535,1.0,negbinomial,0.2842243727205218,True
TAACCTAGGGAGTCCA-1,10487.0,9835.0,L5,2,0.3434872786743802,1,bisquare,8535,1.0,negbinomial,0.2842243727205218,True
TAACGCTTTGAGAGCG-1,5194.0,5870.0,L3,0,0.30968085564020936,1,bisquare,8535,1.0,negbinomial,0.2842243727205218,True
TAACTATCGAAGGTCC-1,5539.0,5512.0,L3,0,0.19235312381451203,1,bisquare,8535,1.0,negbinomial,0.2842243727205218,True
TAACTATTACGCCAAA-1,10563.0,6121.0,L3,0,0.5211709303603154,1,bisquare,8535,1.0,negbinomial,0.2842243727205218,True
TAACTCATCCGCGCGG-1,6567.0,7790.0,L5,2,0.29429689024591843,1,bisquare,8535,1.0,negbinomial,0.2842243727205218,True
TAACTCCATGGAGGCT-1,5058.0,4912.0,L3,0,0.2535839498324953,1,bisquare,8535,1.0,negbinomial,0.2842243727205218,True
TAACTGAAATACGCCT-1,3668.0,11138.0,L6,3,0.3260433158348583,1,bisquare,8535,1.0,negbinomial,0.2842243727205218,True
TAAGAGGGACAGGGAC-1,4496.0,10182.0,L6,3,0.2552527407950075,1,bisquare,8535,1.0,negbinomial,0.2842243727205218,True
TAAGCAGGCGACACGC-1,4503.0,6827.0,L4,1,0.2630729937164035,1,bisquare,8535,1.0,negbinomial,0.2842243727205218,True
TAAGCCCTTACGACCA-1,11049.0,4325.0,L3,0,0.31435704390350183,1,bisquare,8535,1.0,negbinomial,0.2842243727205218,True
TAAGCGCGAATCAAAT-1,4909.0,10422.0,L6,3,0.2274984238482861,1,bisquare,8535,1.0,negbinomial,0.2842243727205218,True
TAAGGAACTTGTGGGA-1,5954.0,4554.0,L3,0,0.2676047225317321,1,bisquare,8535,1.0,negbinomial,0.2842243727205218,True
TAAGGCAACATAAGAT-1,8086.0,5637.0,L3,0,0.42413010763085374,1,bisquare,8535,1.0,negbinomial,0.2842243727205218,True
TAAGGCATAACATCAA-1,6563.0,9467.0,L6,3,0.16530933715148793,1,bisquare,8535,1.0,negbinomial,0.2842243727205218,True
TAAGGCCCGTCACCCT-1,8008.0,10069.0,WM,4,0.49418937917338307,1,bisquare,8535,1.0,negbinomial,0.2842243727205218,True
TAAGGCTGAATCCCTC-1,9871.0,8036.0,L4,1,0.39577366067312014,1,bisquare,8535,1.0,negbinomial,0.2842243727205218,True
TAAGGGCCTGTCCGAT-1,9730.0,9474.0,L5,2,0.5210605220473868,1,bisquare,8535,1.0,negbinomial,0.2842243727205218,True
TAAGGGCTGGGAGAGG-1,4435.0,6707.0,L4,1,0.28396538175965996,1,bisquare,8535,1.0,negbinomial,0.2842243727205218,True
TAAGTAACATCTTGAC-1,5946.0,8148.0,L6,3,0.30386036176072245,1,bisquare,8535,1.0,negbinomial,0.2842243727205218,True
TAAGTCGCCGAGTATC-1,5394.0,9105.0,L6,3,0.23594519142849005,1,bisquare,8535,1.0,negbinomial,0.2842243727205218,True
TAAGTGAATAGTCTAC-1,4839.0,11260.0,L6,3,0.23974576130638187,1,bisquare,8535,1.0,negbinomial,0.2842243727205218,True
TAAGTTGCGACGTAGG-1,9731.0,8994.0,L5,2,0.24094940028544265,1,bisquare,8535,1.0,negbinomial,0.2842243727205218,True
TAATAAACAAGGAGAT-1,9465.0,4681.0,L3,0,0.26577513003346914,1,bisquare,8535,1.0,negbinomial,0.2842243727205218,True
TAATACACAGTAGTAT-1,7605.0,5037.0,L3,0,0.36601824063912075,1,bisquare,8535,1.0,negbinomial,0.2842243727205218,True
TAATACTAGAACAGAC-1,8488.0,10909.0,WM,4,0.32623123913477764,1,bisquare,8535,1.0,negbinomial,0.2842243727205218,True
TAATAGAACAGAGTTA-1,5808.0,8627.0,L6,3,0.5113737998514399,1,bisquare,8535,1.0,negbinomial,0.2842243727205218,True
TAATAGCTAAATGATG-1,11735.0,5764.0,L3,0,0.1272056903790142,1,bisquare,8535,1.0,negbinomial,0.2842243727205218,True
TAATAGGTCACCAGAA-1,4635.0,9942.0,L6,3,0.2660857502792329,1,bisquare,8535,1.0,negbinomial,0.2842243727205218,True
TAATAGTGACGACCAG-1,8912.0,5878.0,L3,0,0.24217410713812462,1,bisquare,8535,1.0,negbinomial,0.2842243727205218,True
TAATATTGAAATTCGC-1,6436.0,4675.0,L3,0,0.4861849610371452,1,bisquare,8535,1.0,negbinomial,0.2842243727205218,True
TAATCAACCAAATGGG-1,11797.0,8759.0,L3,0,0.5444083133562203,1,bisquare,8535,1.0,negbinomial,0.2842243727205218,True
TAATCGATCCGTACGT-1,9601.0,5640.0,L3,0,0.19646571700772414,1,bisquare,8535,1.0,negbinomial,0.2842243727205218,True
TAATGAAAGACCCTTG-1,4368.0,5629.0,L3,0,0.2205288625159709,1,bisquare,8535,1.0,negbinomial,0.2842243727205218,True
TAATGTCGGTTCATGG-1,4838.0,11500.0,L6,3,0.10975501699814857,1,bisquare,8535,1.0,negbinomial,0.2842243727205218,True
TAATTACGTCAGTAGA-1,10211.0,10074.0,L6,3,0.2887786584448407,1,bisquare,8535,1.0,negbinomial,0.2842243727205218,True
TAATTAGATGGATATG-1,5405.0,3834.0,L3,0,0.13452263724572228,1,bisquare,8535,1.0,negbinomial,0.2842243727205218,True
TAATTAGGACATCCGT-1,10629.0,7678.0,L3,0,0.39363537263362874,1,bisquare,8535,1.0,negbinomial,0.2842243727205218,True
TAATTCCAATGCTTCA-1,11518.0,10436.0,L6,3,0.26499165714153217,1,bisquare,8535,1.0,negbinomial,0.2842243727205218,True
TAATTGGAATCGGGAA-1,10429.0,4683.0,L3,0,0.2739051200712472,1,bisquare,8535,1.0,negbinomial,0.2842243727205218,True
TAATTTCCGTCCAGTA-1,3194.0,7424.0,L3,0,0.3095683973462311,1,bisquare,8535,1.0,negbinomial,0.2842243727205218,True
TACAACGCACAACTCA-1,6567.0,7550.0,L5,2,0.375514223791834,1,bisquare,8535,1.0,negbinomial,0.2842243727205218,True
TACAAGGGCTTCTTTA-1,9659.0,10791.0,L6,3,0.1143980399482833,1,bisquare,8535,1.0,negbinomial,0.2842243727205218,True
TACAAGTCTCGTGCAT-1,5055.0,6349.0,L4,1,0.23233247061939624,1,bisquare,8535,1.0,negbinomial,0.2842243727205218,True
TACACAGCCGTGGTGC-1,8281.0,11267.0,WM,4,0.21263046053853918,1,bisquare,8535,1.0,negbinomial,0.2842243727205218,True
TACACCGTCGTTAGTC-1,11253.0,5643.0,L3,0,0.22427100412156406,1,bisquare,8535,1.0,negbinomial,0.2842243727205218,True
TACACCTCTTCGAATC-1,9452.0,11150.0,WM,4,0.30678149330168736,1,bisquare,8535,1.0,negbinomial,0.2842243727205218,True
TACAGAAACGGTGGGC-1,9041.0,9712.0,L6,3,0.4525917463077771,1,bisquare,8535,1.0,negbinomial,0.2842243727205218,True
TACATAGGCATACACC-1,7325.0,7432.0,L5,2,0.29059108683112067,1,bisquare,8535,1.0,negbinomial,0.2842243727205218,True
TACATCCCTATCCCTG-1,4157.0,7905.0,L5,2,0.15742459181416005,1,bisquare,8535,1.0,negbinomial,0.2842243727205218,True
TACATGACCTTATCCG-1,3543.0,5388.0,L3,0,0.05810680259188976,1,bisquare,8535,1.0,negbinomial,0.2842243727205218,True
TACATGCCGGAATTGT-1,11590.0,9118.0,L4,1,0.1897768441848194,1,bisquare,8535,1.0,negbinomial,0.2842243727205218,True
TACATTTCTAACGTGC-1,6981.0,7312.0,L5,2,0.23507177951626437,1,bisquare,8535,1.0,negbinomial,0.2842243727205218,True
TACCAAATAGCCCAGA-1,7389.0,9708.0,L6,3,0.1305455855624977,1,bisquare,8535,1.0,negbinomial,0.2842243727205218,True
TACCAATAAAGTACCA-1,8905.0,9232.0,L6,3,0.4754616657651799,1,bisquare,8535,1.0,negbinomial,0.2842243727205218,True
TACCAGAAGTAGGTTC-1,6703.0,8509.0,L6,3,0.22212467016493373,1,bisquare,8535,1.0,negbinomial,0.2842243727205218,True
TACCAGCTAGGTTTAA-1,7676.0,3959.0,L3,0,0.2754653693205225,1,bisquare,8535,1.0,negbinomial,0.2842243727205218,True
TACCAGGAATCCCGTC-1,5666.0,10783.0,WM,4,0.17588919149798796,1,bisquare,8535,1.0,negbinomial,0.2842243727205218,True
TACCGAATAATTGTAA-1,9590.0,10671.0,L6,3,0.2511318790933241,1,bisquare,8535,1.0,negbinomial,0.2842243727205218,True
TACCGCGGACTTGCAG-1,9874.0,6599.0,L3,0,0.25145028125938634,1,bisquare,8535,1.0,negbinomial,0.2842243727205218,True
TACCGGCTCACTGCCC-1,7667.0,8271.0,L5,2,0.24811452861805114,1,bisquare,8535,1.0,negbinomial,0.2842243727205218,True
TACCGGTCGTTTCCAT-1,5534.0,7908.0,L5,2,0.2409905481762053,1,bisquare,8535,1.0,negbinomial,0.2842243727205218,True
TACCGTAGGTTAACTA-1,7114.0,9708.0,WM,4,0.3791269691603684,1,bisquare,8535,1.0,negbinomial,0.2842243727205218,True
TACCGTGCCTCGGACC-1,7942.0,8751.0,L6,3,0.3158671188308143,1,bisquare,8535,1.0,negbinomial,0.2842243727205218,True
TACCTACTCCCAGTAT-1,7458.0,9589.0,L6,3,0.09554227472584655,1,bisquare,8535,1.0,negbinomial,0.2842243727205218,True
TACCTATCCCTAGAGG-1,3332.0,7424.0,L3,0,0.20414978038157236,1,bisquare,8535,1.0,negbinomial,0.2842243727205218,True
TACCTCACGCTTGTAC-1,7055.0,4556.0,L3,0,0.3131873408483447,1,bisquare,8535,1.0,negbinomial,0.2842243727205218,True
TACCTCAGTTGTCTGT-1,6632.0,9827.0,WM,4,0.4013714502836749,1,bisquare,8535,1.0,negbinomial,0.2842243727205218,True
TACCTCCACACCAATG-1,5184.0,10423.0,L6,3,0.2424083069618029,1,bisquare,8535,1.0,negbinomial,0.2842243727205218,True
TACCTGCTGCACTGTG-1,4712.0,5989.0,L3,0,0.2835048131448849,1,bisquare,8535,1.0,negbinomial,0.2842243727205218,True
TACCTTAAGATTTCCC-1,5188.0,8506.0,L6,3,0.4162566710044071,1,bisquare,8535,1.0,negbinomial,0.2842243727205218,True
TACGAACACGACTTCA-1,6845.0,6353.0,L4,1,0.24134322795658528,1,bisquare,8535,1.0,negbinomial,0.2842243727205218,True
TACGACGCTTGCTGCG-1,6910.0,8150.0,L6,3,0.232323169536072,1,bisquare,8535,1.0,negbinomial,0.2842243727205218,True
TACGACTGCCTCTTAG-1,7737.0,7912.0,L5,2,0.15166402365463072,1,bisquare,8535,1.0,negbinomial,0.2842243727205218,True
TACGAGAACTTCACGT-1,5880.0,6830.0,L5,2,0.2892710828900982,1,bisquare,8535,1.0,negbinomial,0.2842243727205218,True
TACGATCCAAGCCACT-1,10708.0,3007.0,L3,0,0.5056669502158525,1,bisquare,8535,1.0,negbinomial,0.2842243727205218,True
TACGATGTTGATCATC-1,5605.0,6830.0,L5,2,0.2424281820911075,1,bisquare,8535,1.0,negbinomial,0.2842243727205218,True
TACGCAGTTCTTTCCT-1,6705.0,7551.0,L5,2,0.16574474779447884,1,bisquare,8535,1.0,negbinomial,0.2842243727205218,True
TACGCCATATTCTAAT-1,7187.0,7432.0,L5,2,0.4201383381162964,1,bisquare,8535,1.0,negbinomial,0.2842243727205218,True
TACGCCGAGGGTACCC-1,5531.0,9345.0,L6,3,0.3636546800049851,1,bisquare,8535,1.0,negbinomial,0.2842243727205218,True
TACGCCGCCTCAGAAG-1,11936.0,8041.0,L3,0,0.37304962163596467,1,bisquare,8535,1.0,negbinomial,0.2842243727205218,True
TACGCCTCCATTCCGA-1,7252.0,9229.0,L6,3,0.17699875521403569,1,bisquare,8535,1.0,negbinomial,0.2842243727205218,True
TACGCTATAGAAACCT-1,10356.0,6720.0,L3,0,0.560070929560403,1,bisquare,8535,1.0,negbinomial,0.2842243727205218,True
TACGCTCCTAGAACTG-1,6422.0,11383.0,WM,4,0.1546020158389348,1,bisquare,8535,1.0,negbinomial,0.2842243727205218,True
TACGCTCGGTATTGGA-1,10969.0,9955.0,L5,2,0.17977776981340418,1,bisquare,8535,1.0,negbinomial,0.2842243727205218,True
TACGCTGATAGTTGTA-1,4081.0,11379.0,L6,3,0.19074970802792315,1,bisquare,8535,1.0,negbinomial,0.2842243727205218,True
TACGCTGCTGTGTTAA-1,4839.0,10781.0,L6,3,0.18089739426589296,1,bisquare,8535,1.0,negbinomial,0.2842243727205218,True
TACGGAAGCCAAACCA-1,8213.0,10908.0,WM,4,0.20140294448340032,1,bisquare,8535,1.0,negbinomial,0.2842243727205218,True
TACGGCATGGACGCTA-1,11106.0,10195.0,L6,3,0.3131370786458964,1,bisquare,8535,1.0,negbinomial,0.2842243727205218,True
TACGGGATGCTAGCAG-1,8913.0,5159.0,L3,0,0.22425922573980245,1,bisquare,8535,1.0,negbinomial,0.2842243727205218,True
TACGGGTAATAACATA-1,9245.0,11269.0,WM,4,0.3365852130922027,1,bisquare,8535,1.0,negbinomial,0.2842243727205218,True
TACGTAAAGCGGAGTG-1,10280.0,10193.0,L6,3,0.5153352905847962,1,bisquare,8535,1.0,negbinomial,0.2842243727205218,True
TACGTACTAGTGCTGA-1,6080.0,10065.0,WM,4,0.2908310851982253,1,bisquare,8535,1.0,negbinomial,0.2842243727205218,True
TACGTGCACTATGCTG-1,5471.0,5152.0,L3,0,0.23728204804418238,1,bisquare,8535,1.0,negbinomial,0.2842243727205218,True
TACGTGGGCCCAGGGC-1,8764.0,10909.0,WM,4,0.2790661531407797,1,bisquare,8535,1.0,negbinomial,0.2842243727205218,True
TACGTTTACCGGCAAT-1,5397.0,7428.0,L5,2,0.18204277696842,1,bisquare,8535,1.0,negbinomial,0.2842243727205218,True
TACTACGTGCAATGCG-1,9038.0,11149.0,WM,4,0.2879069278279173,1,bisquare,8535,1.0,negbinomial,0.2842243727205218,True
TACTATGGTTCCTCAG-1,6426.0,9467.0,L6,3,0.18942558255853043,1,bisquare,8535,1.0,negbinomial,0.2842243727205218,True
TACTCCTCTAGTTGAC-1,5667.0,10304.0,WM,4,0.4604218944833026,1,bisquare,8535,1.0,negbinomial,0.2842243727205218,True
TACTCGGCACGCCGGG-1,4297.0,6947.0,L4,1,0.2258616180735065,1,bisquare,8535,1.0,negbinomial,0.2842243727205218,True
TACTCGTTTGAATCAA-1,9107.0,11269.0,WM,4,0.444086556601412,1,bisquare,8535,1.0,negbinomial,0.2842243727205218,True
TACTCTCCGAACAAAT-1,8775.0,5159.0,L3,0,0.46858427609486286,1,bisquare,8535,1.0,negbinomial,0.2842243727205218,True
TACTCTTACTTTACTG-1,10831.0,9715.0,L5,2,0.1972640623928724,1,bisquare,8535,1.0,negbinomial,0.2842243727205218,True
TACTCTTTCGTCTTCA-1,6357.0,9586.0,L6,3,0.13877236424148062,1,bisquare,8535,1.0,negbinomial,0.2842243727205218,True
TACTGAACAGATTTAG-1,6219.0,9347.0,L6,3,0.300739221317394,1,bisquare,8535,1.0,negbinomial,0.2842243727205218,True
TACTGAGGGAAGAAAG-1,3602.0,9820.0,L5,2,0.18239806776976553,1,bisquare,8535,1.0,negbinomial,0.2842243727205218,True
TACTGCAATCAATTAC-1,10221.0,5282.0,L3,0,0.44875935931749583,1,bisquare,8535,1.0,negbinomial,0.2842243727205218,True
TACTGGACAGCTCGGC-1,4916.0,6828.0,L4,1,0.4077642999956193,1,bisquare,8535,1.0,negbinomial,0.2842243727205218,True
TACTGTTTCTCTGGTA-1,11385.0,8279.0,L3,0,0.40424930375953566,1,bisquare,8535,1.0,negbinomial,0.2842243727205218,True
TACTTAAACATGTACA-1,10623.0,10554.0,L6,3,0.5276211159072071,1,bisquare,8535,1.0,negbinomial,0.2842243727205218,True
TACTTGTTAGTAGTCC-1,9185.0,7077.0,L3,0,0.3225195605910721,1,bisquare,8535,1.0,negbinomial,0.2842243727205218,True
TACTTTACTGAGCCGG-1,9806.0,6239.0,L3,0,0.4580955925791036,1,bisquare,8535,1.0,negbinomial,0.2842243727205218,True
TACTTTCCGCACGCCA-1,4500.0,8265.0,L5,2,0.3071602636219702,1,bisquare,8535,1.0,negbinomial,0.2842243727205218,True
TAGAAACCACTAAGTA-1,8642.0,3242.0,L3,0,0.23642895603719175,1,bisquare,8535,1.0,negbinomial,0.2842243727205218,True
TAGAAAGGTGGCGCTA-1,8773.0,6357.0,L3,0,0.289131115223857,1,bisquare,8535,1.0,negbinomial,0.2842243727205218,True
TAGAAATTCACGTATA-1,3884.0,6946.0,L3,0,0.3261201263411941,1,bisquare,8535,1.0,negbinomial,0.2842243727205218,True
TAGAATAGCCGATGAA-1,10073.0,10073.0,L6,3,0.3541935914834386,1,bisquare,8535,1.0,negbinomial,0.2842243727205218,True
TAGAATTAAGGGCAAC-1,8434.0,3841.0,L3,0,0.29902108966205476,1,bisquare,8535,1.0,negbinomial,0.2842243727205218,True
TAGACGAAACGCCAAT-1,8214.0,10189.0,WM,4,0.5169228586980923,1,bisquare,8535,1.0,negbinomial,0.2842243727205218,True
TAGACGCCCGTACCGG-1,9392.0,6478.0,L3,0,0.32437402504400703,1,bisquare,8535,1.0,negbinomial,0.2842243727205218,True
TAGACTACCTAGCGTT-1,10355.0,7199.0,L3,0,0.3619877730683379,1,bisquare,8535,1.0,negbinomial,0.2842243727205218,True
TAGACTCAGTTGGCCT-1,4151.0,11019.0,L6,3,0.39444780739180374,1,bisquare,8535,1.0,negbinomial,0.2842243727205218,True
TAGAGATCATGCAACT-1,4983.0,7906.0,L5,2,0.23238447869010434,1,bisquare,8535,1.0,negbinomial,0.2842243727205218,True
TAGAGCTACGAAGAAC-1,6850.0,4197.0,L3,0,0.25061771597902527,1,bisquare,8535,1.0,negbinomial,0.2842243727205218,True
TAGAGGGAGTTTATCT-1,7661.0,11386.0,WM,4,0.2503983943028415,1,bisquare,8535,1.0,negbinomial,0.2842243727205218,True
TAGAGGTTCTACTTGT-1,9800.0,9114.0,L5,2,0.3229947726053195,1,bisquare,8535,1.0,negbinomial,0.2842243727205218,True
TAGAGTCTAAGCGAAC-1,6983.0,6114.0,L3,0,0.5667680158027387,1,bisquare,8535,1.0,negbinomial,0.2842243727205218,True
TAGATATGGACTGGAA-1,6841.0,8509.0,L6,3,0.346469984808773,1,bisquare,8535,1.0,negbinomial,0.2842243727205218,True
TAGATCCGAAGTCGCA-1,8158.0,3840.0,L3,0,0.16352444216202103,1,bisquare,8535,1.0,negbinomial,0.2842243727205218,True
TAGATGGTTCCTTACT-1,9868.0,9713.0,L6,3,0.3905949529337367,1,bisquare,8535,1.0,negbinomial,0.2842243727205218,True
TAGATTCAAAGTGCGG-1,5872.0,10903.0,WM,4,0.25784423237972615,1,bisquare,8535,1.0,negbinomial,0.2842243727205218,True
TAGATTCCTGGTTATT-1,4573.0,6468.0,L3,0,0.27816653563521526,1,bisquare,8535,1.0,negbinomial,0.2842243727205218,True
TAGCAACCTGTCACAA-1,4989.0,5271.0,L3,0,0.2403352796162481,1,bisquare,8535,1.0,negbinomial,0.2842243727205218,True
TAGCAGATACTTAGGG-1,9589.0,11390.0,WM,4,0.365029734595448,1,bisquare,8535,1.0,negbinomial,0.2842243727205218,True
TAGCAGTATGACTAAA-1,9935.0,10552.0,L6,3,0.21432010992786046,1,bisquare,8535,1.0,negbinomial,0.2842243727205218,True
TAGCCATTTCAAAGTC-1,9321.0,7796.0,L4,1,0.36427801494231943,1,bisquare,8535,1.0,negbinomial,0.2842243727205218,True
TAGCCGGCGGTCAGCG-1,9048.0,6597.0,L3,0,0.3797179398933135,1,bisquare,8535,1.0,negbinomial,0.2842243727205218,True
TAGCGTCCCTCGATTG-1,10697.0,8038.0,L3,0,0.5059038477431419,1,bisquare,8535,1.0,negbinomial,0.2842243727205218,True
TAGCGTCCGGTGTGGT-1,8492.0,8992.0,L6,3,0.45155818563543487,1,bisquare,8535,1.0,negbinomial,0.2842243727205218,True
TAGCGTCGAATATTGA-1,3471.0,6705.0,L3,0,0.13739128981667761,1,bisquare,8535,1.0,negbinomial,0.2842243727205218,True
TAGCGTTGGGTCTTAC-1,7876.0,7194.0,L4,1,0.22232709371111542,1,bisquare,8535,1.0,negbinomial,0.2842243727205218,True
TAGCTAAGTCCGGGAG-1,7121.0,6114.0,L3,0,0.2769392102594325,1,bisquare,8535,1.0,negbinomial,0.2842243727205218,True
TAGCTAGAAGGCATGA-1,6703.0,8749.0,L6,3,0.28807907660174464,1,bisquare,8535,1.0,negbinomial,0.2842243727205218,True
TAGCTAGTGATGATGG-1,6494.0,9826.0,WM,4,0.48295260699616005,1,bisquare,8535,1.0,negbinomial,0.2842243727205218,True
TAGCTCAGATCCTAGT-1,11188.0,3607.0,L3,0,0.32424786462065813,1,bisquare,8535,1.0,negbinomial,0.2842243727205218,True
TAGCTCGCCTGATAAC-1,7185.0,8630.0,L6,3,0.23711874772160058,1,bisquare,8535,1.0,negbinomial,0.2842243727205218,True
TAGCTGATGTGAAGCG-1,3882.0,7665.0,L5,2,0.25478240204988606,1,bisquare,8535,1.0,negbinomial,0.2842243727205218,True
TAGGCATGTTACGCCA-1,9050.0,5399.0,L3,0,0.18494061255132005,1,bisquare,8535,1.0,negbinomial,0.2842243727205218,True
TAGGCCTATATAGTCT-1,10761.0,10554.0,L6,3,0.46727921496633845,1,bisquare,8535,1.0,negbinomial,0.2842243727205218,True
TAGGCGATGAGGTCTC-1,3948.0,9222.0,L5,2,0.24002744722560754,1,bisquare,8535,1.0,negbinomial,0.2842243727205218,True
TAGGCGGCTGCAAAGA-1,4083.0,10420.0,L6,3,0.34164399512821425,1,bisquare,8535,1.0,negbinomial,0.2842243727205218,True
TAGGCTAAAGTGGCAC-1,10004.0,10432.0,L6,3,0.35594580854805374,1,bisquare,8535,1.0,negbinomial,0.2842243727205218,True
TAGGGAGCTTGGGATG-1,9804.0,6958.0,L3,0,0.278758316600948,1,bisquare,8535,1.0,negbinomial,0.2842243727205218,True
TAGGGTGTTTCAAGAG-1,6916.0,5275.0,L3,0,0.25767550196704125,1,bisquare,8535,1.0,negbinomial,0.2842243727205218,True
TAGGTCCAAGTAAGGA-1,4780.0,6109.0,L3,0,0.39274540445844525,1,bisquare,8535,1.0,negbinomial,0.2842243727205218,True
TAGGTCGCCGGAACTG-1,10081.0,6479.0,L3,0,0.3287003881067148,1,bisquare,8535,1.0,negbinomial,0.2842243727205218,True
TAGGTGACGATAACCT-1,8628.0,9950.0,L6,3,0.21524610557902116,1,bisquare,8535,1.0,negbinomial,0.2842243727205218,True
TAGGTGAGCCCTACTC-1,5469.0,6111.0,L3,0,0.2017877497447654,1,bisquare,8535,1.0,negbinomial,0.2842243727205218,True
TAGGTGCTCGCCTAGC-1,9115.0,7436.0,L3,0,0.3302580123528799,1,bisquare,8535,1.0,negbinomial,0.2842243727205218,True
TAGGTGTTCCACAGAT-1,7320.0,9828.0,WM,4,0.4077127714048798,1,bisquare,8535,1.0,negbinomial,0.2842243727205218,True
TAGGTTCGAGTTCGTC-1,7808.0,6834.0,L4,1,0.24060861708326722,1,bisquare,8535,1.0,negbinomial,0.2842243727205218,True
TAGGTTCTGCTGAGAA-1,7455.0,11266.0,WM,4,0.32769456828118576,1,bisquare,8535,1.0,negbinomial,0.2842243727205218,True
TAGTACCACAACTTTC-1,4083.0,10181.0,L6,3,0.32088244646920494,1,bisquare,8535,1.0,negbinomial,0.2842243727205218,True
TAGTACCTTAGTGGTC-1,4645.0,5150.0,L3,0,0.20694205258431492,1,bisquare,8535,1.0,negbinomial,0.2842243727205218,True
TAGTAGCTTATACCAG-1,6149.0,9945.0,WM,4,0.3096710495813659,1,bisquare,8535,1.0,negbinomial,0.2842243727205218,True
TAGTCCCGGAGACCAC-1,6492.0,10545.0,WM,4,0.2443487722054046,1,bisquare,8535,1.0,negbinomial,0.2842243727205218,True
TAGTCCGCAGAGAATG-1,6843.0,7311.0,L5,2,0.28748022557407965,1,bisquare,8535,1.0,negbinomial,0.2842243727205218,True
TAGTCCGTATGCATAA-1,4095.0,4431.0,L3,0,0.15675851485377296,1,bisquare,8535,1.0,negbinomial,0.2842243727205218,True
TAGTCCTGCACTAAGC-1,4908.0,10901.0,L6,3,0.23043345353170056,1,bisquare,8535,1.0,negbinomial,0.2842243727205218,True
TAGTCGATCACGGGTT-1,9801.0,8396.0,L5,2,0.25318191174876076,1,bisquare,8535,1.0,negbinomial,0.2842243727205218,True
TAGTCTAACAACGAGA-1,5535.0,7428.0,L5,2,0.3938095455941042,1,bisquare,8535,1.0,negbinomial,0.2842243727205218,True
TAGTCTGCGGCACATT-1,5665.0,11262.0,WM,4,0.20347796911492652,1,bisquare,8535,1.0,negbinomial,0.2842243727205218,True
TAGTCTGTGACGTTGC-1,10290.0,5402.0,L3,0,0.19613034448231084,1,bisquare,8535,1.0,negbinomial,0.2842243727205218,True
TAGTCTTTCCGAATTG-1,11178.0,8638.0,L4,1,0.2424282757680208,1,bisquare,8535,1.0,negbinomial,0.2842243727205218,True
TAGTGCCCTCCAGAGT-1,6776.0,6473.0,L4,1,0.20687193171346827,1,bisquare,8535,1.0,negbinomial,0.2842243727205218,True
TAGTGTCAGAAACGGC-1,4507.0,5150.0,L3,0,0.26131031597959653,1,bisquare,8535,1.0,negbinomial,0.2842243727205218,True
TAGTTAAGATAGGATA-1,8846.0,4081.0,L3,0,0.3125593482802065,1,bisquare,8535,1.0,negbinomial,0.2842243727205218,True
TAGTTTATTCTTGCTT-1,7125.0,4197.0,L3,0,0.1471085744914152,1,bisquare,8535,1.0,negbinomial,0.2842243727205218,True
TATAAATCCACAAGCT-1,6228.0,5034.0,L3,0,0.26515293620202113,1,bisquare,8535,1.0,negbinomial,0.2842243727205218,True
TATAAGTGAGGATAGC-1,5884.0,5153.0,L3,0,0.3914127660352231,1,bisquare,8535,1.0,negbinomial,0.2842243727205218,True
TATACACAGACGCCTT-1,7322.0,8630.0,L6,3,0.3360987140264445,1,bisquare,8535,1.0,negbinomial,0.2842243727205218,True
TATACACGCAAAGTAT-1,5678.0,4793.0,L3,0,0.4005580755528075,1,bisquare,8535,1.0,negbinomial,0.2842243727205218,True
TATACCGAGTGCCACA-1,11453.0,8639.0,L4,1,0.2051918742939622,1,bisquare,8535,1.0,negbinomial,0.2842243727205218,True
TATACGCGTCATCACT-1,7871.0,9829.0,L6,3,0.14995010277476697,1,bisquare,8535,1.0,negbinomial,0.2842243727205218,True
TATACTCATGCGGCAA-1,4438.0,5030.0,L3,0,0.24290381326190355,1,bisquare,8535,1.0,negbinomial,0.2842243727205218,True
TATAGAGTCGCTTGAA-1,6355.0,10305.0,WM,4,0.08083417336607673,1,bisquare,8535,1.0,negbinomial,0.2842243727205218,True
TATAGATGGTCGCAGT-1,10217.0,7438.0,L3,0,0.3037453277976147,1,bisquare,8535,1.0,negbinomial,0.2842243727205218,True
TATAGCGCACGTTATC-1,3674.0,8263.0,L5,2,0.2321455396610061,1,bisquare,8535,1.0,negbinomial,0.2842243727205218,True
TATAGGGTACTCATGA-1,4572.0,6947.0,L4,1,0.24396109438714278,1,bisquare,8535,1.0,negbinomial,0.2842243727205218,True
TATAGTTAGGTGTACT-1,4012.0,11259.0,L6,3,0.36607288858661047,1,bisquare,8535,1.0,negbinomial,0.2842243727205218,True
TATATAGGGCTTTACG-1,5460.0,10184.0,WM,4,0.5622815085416784,1,bisquare,8535,1.0,negbinomial,0.2842243727205218,True
TATATATCGAGAAATG-1,5117.0,9823.0,L6,3,0.2044997045086347,1,bisquare,8535,1.0,negbinomial,0.2842243727205218,True
TATATCAAAGTGATCT-1,5734.0,11142.0,WM,4,0.3215858436227915,1,bisquare,8535,1.0,negbinomial,0.2842243727205218,True
TATATCATTGATCAGT-1,3610.0,6226.0,L3,0,0.19929951097324716,1,bisquare,8535,1.0,negbinomial,0.2842243727205218,True
TATATCCCTGGGAGGA-1,9942.0,6958.0,L3,0,0.3891268666509328,1,bisquare,8535,1.0,negbinomial,0.2842243727205218,True
TATATGCTGGGTTGCC-1,3680.0,5388.0,L3,0,0.12799403887692962,1,bisquare,8535,1.0,negbinomial,0.2842243727205218,True
TATATTACAAATGTCG-1,10566.0,4683.0,L3,0,0.3139382470710477,1,bisquare,8535,1.0,negbinomial,0.2842243727205218,True
TATATTCGCGTCGATA-1,7471.0,3599.0,L3,0,0.13125134926692839,1,bisquare,8535,1.0,negbinomial,0.2842243727205218,True
TATCAAAGGTCTGTAA-1,3611.0,5747.0,L3,0,0.1467261317578964,1,bisquare,8535,1.0,negbinomial,0.2842243727205218,True
TATCACCATGTAAAGT-1,9742.0,3723.0,L3,0,0.2023704308426885,1,bisquare,8535,1.0,negbinomial,0.2842243727205218,True
TATCACCCAACCGACC-1,10083.0,5521.0,L3,0,0.3241264659937615,1,bisquare,8535,1.0,negbinomial,0.2842243727205218,True
TATCACTTCGAGTAAC-1,10016.0,4682.0,L3,0,0.27254269797033154,1,bisquare,8535,1.0,negbinomial,0.2842243727205218,True
TATCAGTGGCGTAGTC-1,3741.0,9102.0,L5,2,0.17983471006714347,1,bisquare,8535,1.0,negbinomial,0.2842243727205218,True
TATCCAATTGGTTATC-1,8629.0,9232.0,L6,3,0.3393523705154657,1,bisquare,8535,1.0,negbinomial,0.2842243727205218,True
TATCCATATCATGCGA-1,6780.0,4795.0,L3,0,0.22625428864013053,1,bisquare,8535,1.0,negbinomial,0.2842243727205218,True
TATCCATCTCGGTTAG-1,4359.0,9942.0,L6,3,0.3393438510492691,1,bisquare,8535,1.0,negbinomial,0.2842243727205218,True
TATCCGCACCGTCGGG-1,6838.0,9707.0,WM,4,0.3903663794677502,1,bisquare,8535,1.0,negbinomial,0.2842243727205218,True
TATCCTATCAACTGGT-1,7249.0,10906.0,WM,4,0.15023123135001154,1,bisquare,8535,1.0,negbinomial,0.2842243727205218,True
TATCCTGCATGGGAAT-1,6918.0,4317.0,L3,0,0.2758914019115253,1,bisquare,8535,1.0,negbinomial,0.2842243727205218,True
TATCGATCTATGCATA-1,9257.0,5280.0,L3,0,0.19973300065226604,1,bisquare,8535,1.0,negbinomial,0.2842243727205218,True
TATCGATGATTAAACG-1,6572.0,5394.0,L3,0,0.40167855811641895,1,bisquare,8535,1.0,negbinomial,0.2842243727205218,True
TATCTACAGAGGTAAT-1,4849.0,6229.0,L3,0,0.4499609230062155,1,bisquare,8535,1.0,negbinomial,0.2842243727205218,True
TATCTACCACAGCGGG-1,7324.0,7672.0,L5,2,0.2748669641067994,1,bisquare,8535,1.0,negbinomial,0.2842243727205218,True
TATCTAGCCTAAAGGA-1,4022.0,6707.0,L3,0,0.4301417350232803,1,bisquare,8535,1.0,negbinomial,0.2842243727205218,True
TATCTGAGCCGATATT-1,3739.0,10300.0,L6,3,0.31208254815610686,1,bisquare,8535,1.0,negbinomial,0.2842243727205218,True
TATCTTGCAATACAAC-1,4292.0,9343.0,L5,2,0.28895968352859963,1,bisquare,8535,1.0,negbinomial,0.2842243727205218,True
TATGAAGAATTAAGGT-1,10003.0,10672.0,L6,3,0.452062131824376,1,bisquare,8535,1.0,negbinomial,0.2842243727205218,True
TATGAAGACAGGTGCG-1,4643.0,6109.0,L3,0,0.22349786610959915,1,bisquare,8535,1.0,negbinomial,0.2842243727205218,True
TATGATAAATCTAACG-1,8848.0,3362.0,L3,0,0.07080439558210311,1,bisquare,8535,1.0,negbinomial,0.2842243727205218,True
TATGATCCGGCACGCC-1,10908.0,5762.0,L3,0,0.25113875500352084,1,bisquare,8535,1.0,negbinomial,0.2842243727205218,True
TATGATCTTCTCTTTA-1,9386.0,9593.0,L6,3,0.3127979686308381,1,bisquare,8535,1.0,negbinomial,0.2842243727205218,True
TATGCTCCCTACTTAC-1,7397.0,5635.0,L3,0,0.2541554299691519,1,bisquare,8535,1.0,negbinomial,0.2842243727205218,True
TATGGATGTGCTACGC-1,6915.0,5754.0,L3,0,0.4839110383499225,1,bisquare,8535,1.0,negbinomial,0.2842243727205218,True
TATGGCCCGGCCTCGC-1,5262.0,6230.0,L3,0,0.2645809424763995,1,bisquare,8535,1.0,negbinomial,0.2842243727205218,True
TATGGCTAGGCTAATT-1,11803.0,5884.0,L3,0,0.06608441814440352,1,bisquare,8535,1.0,negbinomial,0.2842243727205218,True
TATGGGACCGAGCAGG-1,7051.0,6952.0,L5,2,0.3407082687601963,1,bisquare,8535,1.0,negbinomial,0.2842243727205218,True
TATGGGTACGTATCGT-1,7189.0,6473.0,L4,1,0.2015208993033886,1,bisquare,8535,1.0,negbinomial,0.2842243727205218,True
TATGGTCTGAGTAACA-1,7188.0,6953.0,L5,2,0.36233855899439227,1,bisquare,8535,1.0,negbinomial,0.2842243727205218,True
TATGGTTAGTGGGAGA-1,10423.0,7558.0,L3,0,0.558477637195529,1,bisquare,8535,1.0,negbinomial,0.2842243727205218,True
TATGTAAAGTGCTTAA-1,6217.0,10544.0,WM,4,0.2921234404276396,1,bisquare,8535,1.0,negbinomial,0.2842243727205218,True
TATGTAGAAACCCGGC-1,3671.0,9940.0,L6,3,0.4576918146909894,1,bisquare,8535,1.0,negbinomial,0.2842243727205218,True
TATGTCAAGACCGACT-1,9533.0,5041.0,L3,0,0.15004847504713797,1,bisquare,8535,1.0,negbinomial,0.2842243727205218,True
TATGTCTCATTGTGCC-1,8842.0,6237.0,L3,0,0.496087605671668,1,bisquare,8535,1.0,negbinomial,0.2842243727205218,True
TATTAACACCAAAGCA-1,3879.0,9102.0,L5,2,0.36661625353742855,1,bisquare,8535,1.0,negbinomial,0.2842243727205218,True
TATTAACCTGACCGCG-1,6288.0,9466.0,L6,3,0.1676735929207304,1,bisquare,8535,1.0,negbinomial,0.2842243727205218,True
TATTACCATCCTGCTT-1,9804.0,7198.0,L3,0,0.4311694418196564,1,bisquare,8535,1.0,negbinomial,0.2842243727205218,True
TATTATGTTTGCCTGC-1,4360.0,9462.0,L6,3,0.1780247935095909,1,bisquare,8535,1.0,negbinomial,0.2842243727205218,True
TATTCAATTCTAATCC-1,8290.0,6715.0,L3,0,0.3634891631567108,1,bisquare,8535,1.0,negbinomial,0.2842243727205218,True
TATTCCACTCAGCTCG-1,7116.0,8510.0,L6,3,0.28900285525756403,1,bisquare,8535,1.0,negbinomial,0.2842243727205218,True
TATTCCGAGCTGTTAT-1,9111.0,9113.0,L5,2,0.2728435026501257,1,bisquare,8535,1.0,negbinomial,0.2842243727205218,True
TATTCCTCCGCCCACT-1,5395.0,8386.0,L6,3,0.26004382558164524,1,bisquare,8535,1.0,negbinomial,0.2842243727205218,True
TATTCGTGCCAGAATA-1,7602.0,6714.0,L4,1,0.22361347842068535,1,bisquare,8535,1.0,negbinomial,0.2842243727205218,True
TATTGACATTTCTGCC-1,11250.0,6841.0,L3,0,0.2801682779951462,1,bisquare,8535,1.0,negbinomial,0.2842243727205218,True
TATTGCCGGGCTTGTA-1,10967.0,10674.0,L6,3,0.2956046763984849,1,bisquare,8535,1.0,negbinomial,0.2842243727205218,True
TATTTAGTCTAGATCG-1,7193.0,4796.0,L3,0,0.26793092014782227,1,bisquare,8535,1.0,negbinomial,0.2842243727205218,True
TATTTATACCGAGTAG-1,8570.0,4560.0,L3,0,0.2416300091659526,1,bisquare,8535,1.0,negbinomial,0.2842243727205218,True
TATTTGATTTGCACAG-1,11315.0,9117.0,L5,2,0.3651669008307753,1,bisquare,8535,1.0,negbinomial,0.2842243727205218,True
TATTTGTTACCCTTTA-1,6365.0,5513.0,L3,0,0.1922652764882951,1,bisquare,8535,1.0,negbinomial,0.2842243727205218,True
TCAAACAACCGCGTCG-1,7329.0,5515.0,L3,0,0.3820950932376525,1,bisquare,8535,1.0,negbinomial,0.2842243727205218,True
TCAAACTTAGATTGTT-1,7671.0,6355.0,L3,0,0.3217193364705861,1,bisquare,8535,1.0,negbinomial,0.2842243727205218,True
TCAAAGAGCTATCTGT-1,3536.0,8502.0,L5,2,0.03761579662026718,1,bisquare,8535,1.0,negbinomial,0.2842243727205218,True
TCAAAGTCACGGCGTC-1,4839.0,11021.0,L6,3,0.25366589665845596,1,bisquare,8535,1.0,negbinomial,0.2842243727205218,True
TCAAATTGTTGTGCCG-1,8557.0,10789.0,WM,4,0.2522698228760906,1,bisquare,8535,1.0,negbinomial,0.2842243727205218,True
TCAAATTTGAGACTCA-1,8008.0,9829.0,L6,3,0.16947005081690808,1,bisquare,8535,1.0,negbinomial,0.2842243727205218,True
TCAACAAAGATAATTC-1,5187.0,8985.0,L6,3,0.42219341885539363,1,bisquare,8535,1.0,negbinomial,0.2842243727205218,True
TCAACACATTGGGTAA-1,5611.0,3954.0,L3,0,0.16117350046023401,1,bisquare,8535,1.0,negbinomial,0.2842243727205218,True
TCAACATAGCGCCCTA-1,6219.0,9586.0,L6,3,0.1494619715341511,1,bisquare,8535,1.0,negbinomial,0.2842243727205218,True
TCAACATCGACCGAGA-1,4295.0,7905.0,L5,2,0.23392274142617686,1,bisquare,8535,1.0,negbinomial,0.2842243727205218,True
TCAACCATGTTCGGGC-1,6709.0,5634.0,L3,0,0.3460897803446647,1,bisquare,8535,1.0,negbinomial,0.2842243727205218,True
TCAACGAGGAGACAAA-1,7049.0,7671.0,L5,2,0.5663656766441196,1,bisquare,8535,1.0,negbinomial,0.2842243727205218,True
TCAACGCAGGAAATAA-1,5326.0,8506.0,L6,3,0.4435280909511171,1,bisquare,8535,1.0,negbinomial,0.2842243727205218,True
TCAACGCGACCGGCAG-1,4778.0,7307.0,L5,2,0.2911505980178084,1,bisquare,8535,1.0,negbinomial,0.2842243727205218,True
TCAACTAACGTATAAC-1,4504.0,6348.0,L3,0,0.562357600730674,1,bisquare,8535,1.0,negbinomial,0.2842243727205218,True
TCAACTGCAGAGTCAG-1,10626.0,9356.0,L5,2,0.4017356266607171,1,bisquare,8535,1.0,negbinomial,0.2842243727205218,True
TCAAGAAATACTAGCT-1,10631.0,6720.0,L3,0,0.5563720327145836,1,bisquare,8535,1.0,negbinomial,0.2842243727205218,True
TCAAGCGCGGACGGTA-1,11038.0,9596.0,L5,2,0.2907181800018276,1,bisquare,8535,1.0,negbinomial,0.2842243727205218,True
TCAAGCTGCCTTGAAA-1,11872.0,6004.0,L3,0,0.1170278416149793,1,bisquare,8535,1.0,negbinomial,0.2842243727205218,True
TCAAGGTTACTACACC-1,10284.0,8277.0,L4,1,0.24938967032116569,1,bisquare,8535,1.0,negbinomial,0.2842243727205218,True
TCAATACAATTGCTGC-1,3334.0,6226.0,L3,0,0.20169512284949137,1,bisquare,8535,1.0,negbinomial,0.2842243727205218,True
TCAATACGCCGTCATG-1,7388.0,10187.0,WM,4,0.22983977523723662,1,bisquare,8535,1.0,negbinomial,0.2842243727205218,True
TCACAAACCGAGGTAC-1,9729.0,9953.0,L6,3,0.3181249252417733,1,bisquare,8535,1.0,negbinomial,0.2842243727205218,True
TCACAGCAAACTCGAA-1,6565.0,8748.0,L6,3,0.5344474414448969,1,bisquare,8535,1.0,negbinomial,0.2842243727205218,True
TCACAGGAGAATAAGA-1,6564.0,9227.0,L6,3,0.2159273683093094,1,bisquare,8535,1.0,negbinomial,0.2842243727205218,True
TCACAGGGAATCGCAA-1,8631.0,8273.0,L5,2,0.23573107674028104,1,bisquare,8535,1.0,negbinomial,0.2842243727205218,True
TCACAGGTTATTGGGC-1,6501.0,6472.0,L4,1,0.1862052433916865,1,bisquare,8535,1.0,negbinomial,0.2842243727205218,True
TCACATCTTATCTGAT-1,4574.0,5989.0,L3,0,0.24765169851911578,1,bisquare,8535,1.0,negbinomial,0.2842243727205218,True
TCACCCTCTTAAGATT-1,7255.0,8031.0,L5,2,0.3377543123802026,1,bisquare,8535,1.0,negbinomial,0.2842243727205218,True
TCACCGCTCGGCACTC-1,9531.0,6239.0,L3,0,0.1920675188989936,1,bisquare,8535,1.0,negbinomial,0.2842243727205218,True
TCACGATGTCCGTGGA-1,5119.0,8865.0,L6,3,0.46735683387977894,1,bisquare,8535,1.0,negbinomial,0.2842243727205218,True
TCACGCATTGTAGATC-1,6569.0,6592.0,L5,2,0.33806067148209307,1,bisquare,8535,1.0,negbinomial,0.2842243727205218,True
TCACGGCCCAAGAGAG-1,4426.0,10780.0,L6,3,0.3821260883666002,1,bisquare,8535,1.0,negbinomial,0.2842243727205218,True
TCACGGTCATCGCACA-1,6296.0,5393.0,L3,0,0.3273257940382996,1,bisquare,8535,1.0,negbinomial,0.2842243727205218,True
TCACGTGCCCGATTCA-1,7463.0,7193.0,L5,2,0.3176375289157405,1,bisquare,8535,1.0,negbinomial,0.2842243727205218,True
TCACTACGACCAATGC-1,9741.0,4203.0,L3,0,0.2337327029481733,1,bisquare,8535,1.0,negbinomial,0.2842243727205218,True
TCACTATCCCTTCGGT-1,10346.0,11272.0,L6,3,0.1915811682694518,1,bisquare,8535,1.0,negbinomial,0.2842243727205218,True
TCACTCGTGCAACGGC-1,9603.0,4442.0,L3,0,0.20124748007961799,1,bisquare,8535,1.0,negbinomial,0.2842243727205218,True
TCAGAACCTCCACAGG-1,10494.0,6241.0,L3,0,0.24213593612004564,1,bisquare,8535,1.0,negbinomial,0.2842243727205218,True
TCAGAACGGCGGTAAT-1,8625.0,11388.0,WM,4,0.24371774049308526,1,bisquare,8535,1.0,negbinomial,0.2842243727205218,True
TCAGACGCTATAGAAG-1,8149.0,8392.0,L5,2,0.2129232068756247,1,bisquare,8535,1.0,negbinomial,0.2842243727205218,True
TCAGATGGAGACGTAG-1,11944.0,4207.0,L3,0,0.16567654160358336,1,bisquare,8535,1.0,negbinomial,0.2842243727205218,True
TCAGCAAATGCATCTC-1,8222.0,6356.0,L3,0,0.34030086830195816,1,bisquare,8535,1.0,negbinomial,0.2842243727205218,True
TCAGCAGTAGGCCCTG-1,6012.0,9945.0,WM,4,0.5221186999419554,1,bisquare,8535,1.0,negbinomial,0.2842243727205218,True
TCAGCCAATCCGTAAA-1,10417.0,10194.0,L6,3,0.352230437306538,1,bisquare,8535,1.0,negbinomial,0.2842243727205218,True
TCAGCGCACGCCGTTT-1,8693.0,11508.0,WM,4,0.14141197087408303,1,bisquare,8535,1.0,negbinomial,0.2842243727205218,True
TCAGGGCGACTTCCTT-1,3473.0,5507.0,L3,0,0.0796859981059775,1,bisquare,8535,1.0,negbinomial,0.2842243727205218,True
TCAGGGCGCAAACTCG-1,4300.0,5270.0,L3,0,0.1918204278800488,1,bisquare,8535,1.0,negbinomial,0.2842243727205218,True
TCAGGGTGCACGAAAC-1,9330.0,3483.0,L3,0,0.21355185679268937,1,bisquare,8535,1.0,negbinomial,0.2842243727205218,True
TCAGGGTGTAACGTAA-1,8154.0,5996.0,L3,0,0.21930502764342183,1,bisquare,8535,1.0,negbinomial,0.2842243727205218,True
TCAGGTTCTTTGAGAA-1,6088.0,6232.0,L4,1,0.41747956343492193,1,bisquare,8535,1.0,negbinomial,0.2842243727205218,True
TCAGTACTGACCCGCG-1,5538.0,5751.0,L3,0,0.47943616888165874,1,bisquare,8535,1.0,negbinomial,0.2842243727205218,True
TCAGTAGGGACTATAA-1,6497.0,8149.0,L6,3,0.19622351691193252,1,bisquare,8535,1.0,negbinomial,0.2842243727205218,True
TCAGTGTATACGTCAT-1,5668.0,9585.0,L6,3,0.1268263730116032,1,bisquare,8535,1.0,negbinomial,0.2842243727205218,True
TCATAAGTCCAAGAAG-1,11726.0,10077.0,L5,2,0.24233459354764747,1,bisquare,8535,1.0,negbinomial,0.2842243727205218,True
TCATACTTACAGATCC-1,4851.0,5271.0,L3,0,0.17250126766202672,1,bisquare,8535,1.0,negbinomial,0.2842243727205218,True
TCATATGAGCTTTGTT-1,7457.0,10307.0,WM,4,0.15720684046676528,1,bisquare,8535,1.0,negbinomial,0.2842243727205218,True
TCATCACTCGAGCTCG-1,5196.0,4672.0,L3,0,0.23561877600141726,1,bisquare,8535,1.0,negbinomial,0.2842243727205218,True
TCATCCCAGAGGGTGG-1,8020.0,4079.0,L3,0,0.18618712128790577,1,bisquare,8535,1.0,negbinomial,0.2842243727205218,True
TCATCCTCAGCTGCTT-1,9383.0,10791.0,WM,4,0.5481286754509785,1,bisquare,8535,1.0,negbinomial,0.2842243727205218,True
TCATCGACGACCGTCG-1,8970.0,11029.0,WM,4,0.09724781771527889,1,bisquare,8535,1.0,negbinomial,0.2842243727205218,True
TCATCGATGGTCCCAA-1,5186.0,9464.0,L6,3,0.34147674724455557,1,bisquare,8535,1.0,negbinomial,0.2842243727205218,True
TCATGCAGGTTCTCAT-1,8983.0,4800.0,L3,0,0.1656931386288312,1,bisquare,8535,1.0,negbinomial,0.2842243727205218,True
TCATTCGTATAATTTG-1,10776.0,3366.0,L3,0,0.22110974189328716,1,bisquare,8535,1.0,negbinomial,0.2842243727205218,True
TCATTTAAGTCTCCGA-1,10011.0,6839.0,L3,0,0.2984552171930855,1,bisquare,8535,1.0,negbinomial,0.2842243727205218,True
TCATTTAGAAGTGTGA-1,10764.0,9116.0,L5,2,0.45268122698302626,1,bisquare,8535,1.0,negbinomial,0.2842243727205218,True
TCCAACTCAGCTATCT-1,9453.0,10671.0,L6,3,0.14118512654631774,1,bisquare,8535,1.0,negbinomial,0.2842243727205218,True
TCCAACTTTAAATTCT-1,5948.0,7429.0,L5,2,0.2975275698931927,1,bisquare,8535,1.0,negbinomial,0.2842243727205218,True
TCCAAGCCTAGACACA-1,8626.0,10669.0,WM,4,0.28517812601687026,1,bisquare,8535,1.0,negbinomial,0.2842243727205218,True
TCCAATAAAGGCTACC-1,6837.0,10186.0,WM,4,0.3067168238333174,1,bisquare,8535,1.0,negbinomial,0.2842243727205218,True
TCCACAATGGTTTACG-1,5675.0,6231.0,L4,1,0.2688679558690713,1,bisquare,8535,1.0,negbinomial,0.2842243727205218,True
TCCACATCGTATATTG-1,7800.0,10907.0,WM,4,0.17559388592889782,1,bisquare,8535,1.0,negbinomial,0.2842243727205218,True
TCCACCAAGACATAGG-1,10622.0,11272.0,L6,3,0.2582554349023545,1,bisquare,8535,1.0,negbinomial,0.2842243727205218,True
TCCACCTCTAGCCTTT-1,6838.0,9947.0,WM,4,0.4443663534804664,1,bisquare,8535,1.0,negbinomial,0.2842243727205218,True
TCCACTTTATCTAGGT-1,8635.0,6357.0,L3,0,0.1827263988665237,1,bisquare,8535,1.0,negbinomial,0.2842243727205218,True
TCCAGAGCACCGGTTC-1,8013.0,7434.0,L5,2,0.2207899006783328,1,bisquare,8535,1.0,negbinomial,0.2842243727205218,True
TCCAGATGTACGCCAA-1,11047.0,5523.0,L3,0,0.3511154750452492,1,bisquare,8535,1.0,negbinomial,0.2842243727205218,True
TCCAGCGCTATAAGCG-1,11177.0,8878.0,L4,1,0.27015051845083915,1,bisquare,8535,1.0,negbinomial,0.2842243727205218,True
TCCAGGCAGGACGATC-1,7042.0,11265.0,WM,4,0.20529906821443095,1,bisquare,8535,1.0,negbinomial,0.2842243727205218,True
TCCAGGCGAGTACGGT-1,7121.0,6354.0,L4,1,0.5382815456427772,1,bisquare,8535,1.0,negbinomial,0.2842243727205218,True
TCCAGGGTATATACGA-1,7526.0,9948.0,WM,4,0.34834204808403163,1,bisquare,8535,1.0,negbinomial,0.2842243727205218,True
TCCATCAATACTAATC-1,4152.0,10301.0,L6,3,0.28759800484350706,1,bisquare,8535,1.0,negbinomial,0.2842243727205218,True
TCCATTCCCACTAGAG-1,11874.0,4806.0,L3,0,0.24335246221859383,1,bisquare,8535,1.0,negbinomial,0.2842243727205218,True
TCCATTGTGACCTCGT-1,8434.0,3601.0,L3,0,0.10561097528547614,1,bisquare,8535,1.0,negbinomial,0.2842243727205218,True
TCCCAAACAGACAACG-1,10772.0,5283.0,L3,0,0.3849983006275318,1,bisquare,8535,1.0,negbinomial,0.2842243727205218,True
TCCCAAAGACGAAGGA-1,7328.0,5755.0,L3,0,0.4973782457227027,1,bisquare,8535,1.0,negbinomial,0.2842243727205218,True
TCCCAAAGCCCTAAAT-1,11249.0,7320.0,L3,0,0.454876032387837,1,bisquare,8535,1.0,negbinomial,0.2842243727205218,True
TCCCACTCTCTTCCGG-1,10563.0,6361.0,L3,0,0.22004165088525376,1,bisquare,8535,1.0,negbinomial,0.2842243727205218,True
TCCCAGCACACGACAT-1,11727.0,9358.0,L4,1,0.29380163437359624,1,bisquare,8535,1.0,negbinomial,0.2842243727205218,True
TCCCAGCTTTAGTCTG-1,7051.0,6713.0,L4,1,0.2095395134526755,1,bisquare,8535,1.0,negbinomial,0.2842243727205218,True
TCCCAGGCTTAGCTAA-1,6501.0,6232.0,L4,1,0.275006341577939,1,bisquare,8535,1.0,negbinomial,0.2842243727205218,True
TCCCGCCTATGTGCGT-1,11595.0,6483.0,L3,0,0.09411697765634963,1,bisquare,8535,1.0,negbinomial,0.2842243727205218,True
TCCCGCGTACTCCTGG-1,7948.0,5876.0,L3,0,0.29995155610114477,1,bisquare,8535,1.0,negbinomial,0.2842243727205218,True
TCCCGGGTGTGCTGCT-1,5536.0,6710.0,L5,2,0.3702353485204507,1,bisquare,8535,1.0,negbinomial,0.2842243727205218,True
TCCCGGTCAGGAATTT-1,5680.0,3595.0,L3,0,0.10844808372809,1,bisquare,8535,1.0,negbinomial,0.2842243727205218,True
TCCCGTCAGTCCCGCA-1,8362.0,5398.0,L3,0,0.23935353162496453,1,bisquare,8535,1.0,negbinomial,0.2842243727205218,True
TCCCGTCGCGTCATAG-1,11114.0,6122.0,L3,0,0.2969270267403321,1,bisquare,8535,1.0,negbinomial,0.2842243727205218,True
TCCCGTGTGCAATTTG-1,8701.0,7914.0,L5,2,0.2931936834067133,1,bisquare,8535,1.0,negbinomial,0.2842243727205218,True
TCCCTAGATCAATAGG-1,11046.0,6002.0,L3,0,0.2533614246621822,1,bisquare,8535,1.0,negbinomial,0.2842243727205218,True
TCCCTCTTCTCAAGGG-1,11105.0,10435.0,L6,3,0.2223953593427021,1,bisquare,8535,1.0,negbinomial,0.2842243727205218,True
TCCCTGGCGTATTAAC-1,4429.0,9582.0,L6,3,0.26307930716811356,1,bisquare,8535,1.0,negbinomial,0.2842243727205218,True
TCCCTGGCTCGCTGGA-1,5055.0,6589.0,L4,1,0.39592908783038566,1,bisquare,8535,1.0,negbinomial,0.2842243727205218,True
TCCCTTAGATTACTCG-1,9120.0,4800.0,L3,0,0.2055593872818415,1,bisquare,8535,1.0,negbinomial,0.2842243727205218,True
TCCCTTGTCTGAAACT-1,11105.0,10674.0,L6,3,0.22757287996503986,1,bisquare,8535,1.0,negbinomial,0.2842243727205218,True
TCCGAACGTTGCCGCT-1,11522.0,8758.0,L4,1,0.24016482776141027,1,bisquare,8535,1.0,negbinomial,0.2842243727205218,True
TCCGAACTTGGCTTAC-1,4504.0,6588.0,L3,0,0.17956770106316597,1,bisquare,8535,1.0,negbinomial,0.2842243727205218,True
TCCGAAGTAGTCACCA-1,10774.0,4325.0,L3,0,0.19135516223817908,1,bisquare,8535,1.0,negbinomial,0.2842243727205218,True
TCCGAATGGTCCTGAG-1,10976.0,6361.0,L3,0,0.3682004841066748,1,bisquare,8535,1.0,negbinomial,0.2842243727205218,True
TCCGACCGCTAATCAA-1,5665.0,11023.0,WM,4,0.31178869334249587,1,bisquare,8535,1.0,negbinomial,0.2842243727205218,True
TCCGATAATTGCCATA-1,7606.0,4797.0,L3,0,0.369867557549582,1,bisquare,8535,1.0,negbinomial,0.2842243727205218,True
TCCGATGACTGAGCTC-1,8431.0,5278.0,L3,0,0.18997308357228174,1,bisquare,8535,1.0,negbinomial,0.2842243727205218,True
TCCGATGGTGCGACAT-1,6847.0,5634.0,L3,0,0.3804122793720233,1,bisquare,8535,1.0,negbinomial,0.2842243727205218,True
TCCGATTACATTGCCG-1,5399.0,6470.0,L4,1,0.2949529051072924,1,bisquare,8535,1.0,negbinomial,0.2842243727205218,True
TCCGCCTGTCTACAAG-1,8285.0,9351.0,L6,3,0.23601457790047453,1,bisquare,8535,1.0,negbinomial,0.2842243727205218,True
TCCGCGGCAGCATCTG-1,8979.0,6717.0,L3,0,0.27395771500365407,1,bisquare,8535,1.0,negbinomial,0.2842243727205218,True
TCCGCGGCCCAATGAA-1,10007.0,8995.0,L5,2,0.2954076010424479,1,bisquare,8535,1.0,negbinomial,0.2842243727205218,True
TCCGCTGTCATCCCGG-1,8769.0,8274.0,L5,2,0.35549070459050525,1,bisquare,8535,1.0,negbinomial,0.2842243727205218,True
TCCGCTTATCCCATTA-1,7598.0,8631.0,L6,3,0.21182798619957047,1,bisquare,8535,1.0,negbinomial,0.2842243727205218,True
TCCGGAGGAAGGGCTG-1,10636.0,4324.0,L3,0,0.23700513352203528,1,bisquare,8535,1.0,negbinomial,0.2842243727205218,True
TCCGGCCTAGCGTACA-1,9944.0,6000.0,L3,0,0.23596325593154788,1,bisquare,8535,1.0,negbinomial,0.2842243727205218,True
TCCGGGCTTGACGGGA-1,9797.0,10552.0,L6,3,0.2426166223425537,1,bisquare,8535,1.0,negbinomial,0.2842243727205218,True
TCCGGTTCGTCCGGTC-1,6840.0,8749.0,L6,3,0.15073432613458893,1,bisquare,8535,1.0,negbinomial,0.2842243727205218,True
TCCGTAACCACAATCC-1,4301.0,5030.0,L3,0,0.2568469875389235,1,bisquare,8535,1.0,negbinomial,0.2842243727205218,True
TCCGTTAAGCTAATAT-1,10076.0,8875.0,L5,2,0.30327601063518456,1,bisquare,8535,1.0,negbinomial,0.2842243727205218,True
TCCGTTTAGCCTTGAA-1,9324.0,6118.0,L3,0,0.2579612107233914,1,bisquare,8535,1.0,negbinomial,0.2842243727205218,True
TCCTAAAGATTCAGAC-1,8970.0,10790.0,WM,4,0.3505221925139376,1,bisquare,8535,1.0,negbinomial,0.2842243727205218,True
TCCTAAATTGGGAAGC-1,8009.0,9350.0,L6,3,0.41067783081544895,1,bisquare,8535,1.0,negbinomial,0.2842243727205218,True
TCCTAACCGTCGGGCA-1,6356.0,10066.0,WM,4,0.23014830082071652,1,bisquare,8535,1.0,negbinomial,0.2842243727205218,True
TCCTACATCCACGGCC-1,8976.0,8154.0,L5,2,0.2792200127478574,1,bisquare,8535,1.0,negbinomial,0.2842243727205218,True
TCCTAGCAAAGAAGCT-1,6017.0,7549.0,L5,2,0.3187766499968996,1,bisquare,8535,1.0,negbinomial,0.2842243727205218,True
TCCTATCATAGGTAAC-1,11454.0,8159.0,L3,0,0.33953794491616124,1,bisquare,8535,1.0,negbinomial,0.2842243727205218,True
TCCTCCTAAGACATTC-1,4638.0,8265.0,L5,2,0.28511306211702053,1,bisquare,8535,1.0,negbinomial,0.2842243727205218,True
TCCTCGGGCTGGGCTT-1,8426.0,7434.0,L4,1,0.22264045868494867,1,bisquare,8535,1.0,negbinomial,0.2842243727205218,True
TCCTCTACGAGATGGC-1,5401.0,5751.0,L3,0,0.27976204414387484,1,bisquare,8535,1.0,negbinomial,0.2842243727205218,True
TCCTCTCCAGTTGTCC-1,4573.0,6228.0,L3,0,0.3705177840783646,1,bisquare,8535,1.0,negbinomial,0.2842243727205218,True
TCCTCTGGCCCATTAG-1,9260.0,3842.0,L3,0,0.4685512454610563,1,bisquare,8535,1.0,negbinomial,0.2842243727205218,True
TCCTGCCAACTGGAGA-1,9397.0,4082.0,L3,0,0.26586822155022644,1,bisquare,8535,1.0,negbinomial,0.2842243727205218,True
TCCTGCGTTGATACTC-1,5260.0,7188.0,L5,2,0.34756879001919755,1,bisquare,8535,1.0,negbinomial,0.2842243727205218,True
TCCTGGCGCTGCCTGG-1,10499.0,4084.0,L3,0,0.3449624999018108,1,bisquare,8535,1.0,negbinomial,0.2842243727205218,True
TCCTTACGACGGTCCG-1,9732.0,8515.0,L5,2,0.2126862560568517,1,bisquare,8535,1.0,negbinomial,0.2842243727205218,True
TCCTTCAGTGGTCGAA-1,7951.0,4439.0,L3,0,0.16205016373132794,1,bisquare,8535,1.0,negbinomial,0.2842243727205218,True
TCCTTGTCCTTTAATT-1,7937.0,10907.0,WM,4,0.14091050552345177,1,bisquare,8535,1.0,negbinomial,0.2842243727205218,True
TCCTTTAAATCCGCTT-1,9524.0,9353.0,L5,2,0.35756753539393876,1,bisquare,8535,1.0,negbinomial,0.2842243727205218,True
TCCTTTCTTACGCTTA-1,7465.0,6234.0,L3,0,0.30822245578614715,1,bisquare,8535,1.0,negbinomial,0.2842243727205218,True
TCGAAATTTAGGACCA-1,6295.0,6112.0,L3,0,0.2718979897886542,1,bisquare,8535,1.0,negbinomial,0.2842243727205218,True
TCGAAGAACCGAGCAC-1,10009.0,8037.0,L4,1,0.4238841006951562,1,bisquare,8535,1.0,negbinomial,0.2842243727205218,True
TCGAATATCCCGCAGG-1,5393.0,9584.0,L6,3,0.23595710243301038,1,bisquare,8535,1.0,negbinomial,0.2842243727205218,True
TCGAATCGCAGGGTAG-1,6834.0,11624.0,WM,4,0.13242141908168092,1,bisquare,8535,1.0,negbinomial,0.2842243727205218,True
TCGACAACTGAACCCG-1,4223.0,9462.0,L5,2,0.3317620041791153,1,bisquare,8535,1.0,negbinomial,0.2842243727205218,True
TCGACATAGCGTAGCG-1,5252.0,11261.0,WM,4,0.2062953554730517,1,bisquare,8535,1.0,negbinomial,0.2842243727205218,True
TCGAGACCAACACCGT-1,6981.0,7072.0,L5,2,0.5613198175921937,1,bisquare,8535,1.0,negbinomial,0.2842243727205218,True
TCGAGCCAGGCAGGCC-1,5737.0,9465.0,L6,3,0.15302957132745074,1,bisquare,8535,1.0,negbinomial,0.2842243727205218,True
TCGAGGGCAACAGACG-1,11383.0,9477.0,L5,2,0.25384149569546144,1,bisquare,8535,1.0,negbinomial,0.2842243727205218,True
TCGATAGGCTAGTCGC-1,6507.0,3597.0,L3,0,0.12661153360288807,1,bisquare,8535,1.0,negbinomial,0.2842243727205218,True
TCGCAAAGATGCATTT-1,8356.0,8273.0,L5,2,0.19876055181782734,1,bisquare,8535,1.0,negbinomial,0.2842243727205218,True
TCGCACCAGGAGGCAG-1,8699.0,8633.0,L5,2,0.41401869997542373,1,bisquare,8535,1.0,negbinomial,0.2842243727205218,True
TCGCATAAAGGGCGCA-1,10830.0,10195.0,L6,3,0.49731461044992836,1,bisquare,8535,1.0,negbinomial,0.2842243727205218,True
TCGCATCCCTAAGTGT-1,5335.0,4433.0,L3,0,0.23657692860805485,1,bisquare,8535,1.0,negbinomial,0.2842243727205218,True
TCGCATTCAATGACTT-1,5749.0,3715.0,L3,0,0.10086628354922789,1,bisquare,8535,1.0,negbinomial,0.2842243727205218,True
TCGCCCAACTGACTCC-1,10706.0,3725.0,L3,0,0.25982547196847666,1,bisquare,8535,1.0,negbinomial,0.2842243727205218,True
TCGCCCACTGCGAGAG-1,3333.0,6945.0,L3,0,0.13571362371569623,1,bisquare,8535,1.0,negbinomial,0.2842243727205218,True
TCGCCGAAGTTGCGTC-1,5740.0,8028.0,L5,2,0.13883538081027721,1,bisquare,8535,1.0,negbinomial,0.2842243727205218,True
TCGCCGACATATTCGC-1,9109.0,10550.0,WM,4,0.37742104745730587,1,bisquare,8535,1.0,negbinomial,0.2842243727205218,True
TCGCCGGATGGGCAAG-1,3473.0,5747.0,L3,0,0.15939972468036281,1,bisquare,8535,1.0,negbinomial,0.2842243727205218,True
TCGCCGGTCGATCCGT-1,7399.0,4917.0,L3,0,0.3593558948835355,1,bisquare,8535,1.0,negbinomial,0.2842243727205218,True
TCGCGCGTTTACATGA-1,3600.0,11018.0,L6,3,0.10720749772788095,1,bisquare,8535,1.0,negbinomial,0.2842243727205218,True
TCGCGTAGCAGTGTCC-1,10006.0,9474.0,L5,2,0.014228145198857647,1,bisquare,8535,1.0,negbinomial,0.2842243727205218,True
TCGCGTCCAGAAGGTC-1,5193.0,6350.0,L4,1,0.28228856399294394,1,bisquare,8535,1.0,negbinomial,0.2842243727205218,True
TCGCTAAACCGCTATC-1,9327.0,4921.0,L3,0,0.38720774929836815,1,bisquare,8535,1.0,negbinomial,0.2842243727205218,True
TCGCTACTGGCTTTGA-1,8214.0,10429.0,WM,4,0.2653650556499662,1,bisquare,8535,1.0,negbinomial,0.2842243727205218,True
TCGCTCGATATATTCC-1,7534.0,6115.0,L3,0,0.2825756050398172,1,bisquare,8535,1.0,negbinomial,0.2842243727205218,True
TCGCTCGGCACCAGCG-1,10634.0,5522.0,L3,0,0.17396510148190608,1,bisquare,8535,1.0,negbinomial,0.2842243727205218,True
TCGCTGCCAATGCTGT-1,8695.0,10789.0,WM,4,0.21757391724538844,1,bisquare,8535,1.0,negbinomial,0.2842243727205218,True
TCGCTGGGCGGATTGT-1,8292.0,5997.0,L3,0,0.23436769391787377,1,bisquare,8535,1.0,negbinomial,0.2842243727205218,True
TCGCTGTGCGTAAATC-1,6023.0,4674.0,L3,0,0.19352568424215238,1,bisquare,8535,1.0,negbinomial,0.2842243727205218,True
TCGCTTAATTACGAAG-1,11531.0,4206.0,L3,0,0.22967145427251137,1,bisquare,8535,1.0,negbinomial,0.2842243727205218,True
TCGCTTTAAACGTTTG-1,9188.0,5639.0,L3,0,0.3499206067065612,1,bisquare,8535,1.0,negbinomial,0.2842243727205218,True
TCGGAATGACCATCAA-1,8435.0,3361.0,L3,0,0.20304410799172246,1,bisquare,8535,1.0,negbinomial,0.2842243727205218,True
TCGGAATGCGCTCTGA-1,5124.0,6230.0,L3,0,0.23760226644120336,1,bisquare,8535,1.0,negbinomial,0.2842243727205218,True
TCGGACGCCCAGCCCA-1,8635.0,6596.0,L3,0,0.204257927645568,1,bisquare,8535,1.0,negbinomial,0.2842243727205218,True
TCGGAGAGTATCGGGA-1,4776.0,8026.0,L5,2,0.22414254165182274,1,bisquare,8535,1.0,negbinomial,0.2842243727205218,True
TCGGAGTACATGAGTA-1,8291.0,6476.0,L3,0,0.3880681040341675,1,bisquare,8535,1.0,negbinomial,0.2842243727205218,True
TCGGCGAACCCAAACC-1,10421.0,8517.0,L4,1,0.34633726386661107,1,bisquare,8535,1.0,negbinomial,0.2842243727205218,True
TCGGCGTACTGCACAA-1,4087.0,8504.0,L5,2,0.5291025350293637,1,bisquare,8535,1.0,negbinomial,0.2842243727205218,True
TCGGCTTGTATCGACG-1,9799.0,9593.0,L6,3,0.37377846115125635,1,bisquare,8535,1.0,negbinomial,0.2842243727205218,True
TCGGGAACGTGCCTAG-1,10701.0,6361.0,L3,0,0.2964479655076049,1,bisquare,8535,1.0,negbinomial,0.2842243727205218,True
TCGGGAGACAGCGTAC-1,8078.0,9710.0,L6,3,0.12316080152273903,1,bisquare,8535,1.0,negbinomial,0.2842243727205218,True
TCGGGATTCAAACATA-1,4227.0,7306.0,L4,1,0.22246203343537987,1,bisquare,8535,1.0,negbinomial,0.2842243727205218,True
TCGGGCCGTCGTGGTA-1,9253.0,7436.0,L3,0,0.3024146717142081,1,bisquare,8535,1.0,negbinomial,0.2842243727205218,True
TCGGGTGAAACTGCTA-1,7057.0,3838.0,L3,0,0.39033660765916434,1,bisquare,8535,1.0,negbinomial,0.2842243727205218,True
TCGGTCCCGACAATAG-1,4773.0,9463.0,L6,3,0.5027126840490508,1,bisquare,8535,1.0,negbinomial,0.2842243727205218,True
TCGGTCCCTGACTCCA-1,9398.0,3843.0,L3,0,0.19724084083013255,1,bisquare,8535,1.0,negbinomial,0.2842243727205218,True
TCGGTGACCGCTCCGG-1,10705.0,4444.0,L3,0,0.1558619854478954,1,bisquare,8535,1.0,negbinomial,0.2842243727205218,True
TCGGTTAGCCATGTAG-1,9743.0,3244.0,L3,0,0.2008616949652775,1,bisquare,8535,1.0,negbinomial,0.2842243727205218,True
TCGTAACTCCCAAGAC-1,11380.0,10675.0,L6,3,0.1742234284022238,1,bisquare,8535,1.0,negbinomial,0.2842243727205218,True
TCGTAAGACGACATTG-1,8499.0,5877.0,L3,0,0.39427939647310617,1,bisquare,8535,1.0,negbinomial,0.2842243727205218,True
TCGTAAGCTCCGAGGA-1,10498.0,4564.0,L3,0,0.22833059048942592,1,bisquare,8535,1.0,negbinomial,0.2842243727205218,True
TCGTACCGACGTCAAG-1,7043.0,10786.0,WM,4,0.1722981602546247,1,bisquare,8535,1.0,negbinomial,0.2842243727205218,True
TCGTATAGTGCAATTA-1,7056.0,4077.0,L3,0,0.1806142334727055,1,bisquare,8535,1.0,negbinomial,0.2842243727205218,True
TCGTATTACCCATTGC-1,4916.0,7068.0,L5,2,0.37521648700507315,1,bisquare,8535,1.0,negbinomial,0.2842243727205218,True
TCGTATTTCGTCCGGA-1,8779.0,3242.0,L3,0,0.18436043168616137,1,bisquare,8535,1.0,negbinomial,0.2842243727205218,True
TCGTCAAGTACGCGCA-1,5806.0,9346.0,L6,3,0.21979736543336342,1,bisquare,8535,1.0,negbinomial,0.2842243727205218,True
TCGTCACACTGTTAGC-1,4505.0,5869.0,L3,0,0.23362449661852044,1,bisquare,8535,1.0,negbinomial,0.2842243727205218,True
TCGTCCGCTGGCGTCT-1,5952.0,5273.0,L3,0,0.20843099787183747,1,bisquare,8535,1.0,negbinomial,0.2842243727205218,True
TCGTCCGGGTACACTC-1,11532.0,3727.0,L3,0,0.11071393845678904,1,bisquare,8535,1.0,negbinomial,0.2842243727205218,True
TCGTCTTAGGCGTTAA-1,8905.0,8993.0,L5,2,0.2772432876751555,1,bisquare,8535,1.0,negbinomial,0.2842243727205218,True
TCGTGTACTATGGATG-1,8494.0,8273.0,L5,2,0.01276730338557732,1,bisquare,8535,1.0,negbinomial,0.2842243727205218,True
TCGTGTATTGGTCACG-1,11246.0,8998.0,L4,1,0.031829763137994384,1,bisquare,8535,1.0,negbinomial,0.2842243727205218,True
TCGTGTCACGCTGACA-1,4777.0,7786.0,L5,2,0.0440391645059951,1,bisquare,8535,1.0,negbinomial,0.2842243727205218,True
TCGTGTTCGACCACAA-1,10419.0,9475.0,L5,2,0.07954921798378985,1,bisquare,8535,1.0,negbinomial,0.2842243727205218,True
TCGTTAGGAGTCCCTA-1,6909.0,8869.0,L6,3,0.3083947898804257,1,bisquare,8535,1.0,negbinomial,0.2842243727205218,True
TCGTTCGTTATTATGT-1,7470.0,3839.0,L3,0,0.16383337054875682,1,bisquare,8535,1.0,negbinomial,0.2842243727205218,True
TCGTTGACAGGGTCCC-1,3335.0,5986.0,L3,0,0.125513418376336,1,bisquare,8535,1.0,negbinomial,0.2842243727205218,True
TCGTTGCTATCCGGTC-1,6358.0,9107.0,L6,3,0.26922473906871874,1,bisquare,8535,1.0,negbinomial,0.2842243727205218,True
TCGTTGGCTCGTCAAT-1,5336.0,3714.0,L3,0,0.10269143321938859,1,bisquare,8535,1.0,negbinomial,0.2842243727205218,True
TCGTTTACGCGACCCT-1,9658.0,11031.0,L6,3,0.10290375301247398,1,bisquare,8535,1.0,negbinomial,0.2842243727205218,True
TCTAAAGAACAGTCTC-1,3880.0,8863.0,L5,2,0.22373373486030876,1,bisquare,8535,1.0,negbinomial,0.2842243727205218,True
TCTAACTGTATGTAAA-1,3955.0,5868.0,L3,0,0.45641084236325546,1,bisquare,8535,1.0,negbinomial,0.2842243727205218,True
TCTAATACTGCCTCAG-1,4911.0,9464.0,L6,3,0.49358238436507385,1,bisquare,8535,1.0,negbinomial,0.2842243727205218,True
TCTACACGTTCATGCA-1,9606.0,3244.0,L3,0,0.17001336935003647,1,bisquare,8535,1.0,negbinomial,0.2842243727205218,True
TCTACCCAATAGAGAG-1,10488.0,9355.0,L5,2,0.4552918424355095,1,bisquare,8535,1.0,negbinomial,0.2842243727205218,True
TCTACCGTCCACAAGC-1,7810.0,5876.0,L3,0,0.4293260308940717,1,bisquare,8535,1.0,negbinomial,0.2842243727205218,True
TCTACGGGCTCAGTTG-1,11599.0,4566.0,L3,0,0.1989789995449974,1,bisquare,8535,1.0,negbinomial,0.2842243727205218,True
TCTAGCAATCTCCGCC-1,5258.0,8147.0,L5,2,0.3323514875274285,1,bisquare,8535,1.0,negbinomial,0.2842243727205218,True
TCTAGCATCTTCGATG-1,6159.0,5393.0,L3,0,0.30317955545317876,1,bisquare,8535,1.0,negbinomial,0.2842243727205218,True
TCTAGCATGCCCAGAA-1,7736.0,8391.0,L5,2,0.4413149761218561,1,bisquare,8535,1.0,negbinomial,0.2842243727205218,True
TCTAGGTGGCGACGCT-1,10013.0,6120.0,L3,0,0.2507505144007292,1,bisquare,8535,1.0,negbinomial,0.2842243727205218,True
TCTAGTGATATCGTGG-1,9940.0,7917.0,L4,1,0.2633376619553548,1,bisquare,8535,1.0,negbinomial,0.2842243727205218,True
TCTAGTTATCAGAAGA-1,6913.0,6712.0,L4,1,0.32585098363318443,1,bisquare,8535,1.0,negbinomial,0.2842243727205218,True
TCTATAGGTGGGTAAT-1,10692.0,10434.0,L6,3,0.3832962014940209,1,bisquare,8535,1.0,negbinomial,0.2842243727205218,True
TCTATCATGCAGTTAC-1,5953.0,4794.0,L3,0,0.3347761852954483,1,bisquare,8535,1.0,negbinomial,0.2842243727205218,True
TCTATCCGATTGCACA-1,9038.0,11389.0,WM,4,0.23070587101944462,1,bisquare,8535,1.0,negbinomial,0.2842243727205218,True
TCTATCGGTCGCAACA-1,7605.0,5276.0,L3,0,0.24204550484686022,1,bisquare,8535,1.0,negbinomial,0.2842243727205218,True
TCTATGCTATAACGAC-1,9660.0,10312.0,L6,3,0.17054699082297706,1,bisquare,8535,1.0,negbinomial,0.2842243727205218,True
TCTATTACGCTGGCGA-1,5541.0,4314.0,L3,0,0.2020963160720004,1,bisquare,8535,1.0,negbinomial,0.2842243727205218,True
TCTATTACTAGAGGAT-1,4227.0,7545.0,L5,2,0.2844323310908174,1,bisquare,8535,1.0,negbinomial,0.2842243727205218,True
TCTCAAATCAATCGGG-1,9314.0,11150.0,WM,4,0.2983095496231323,1,bisquare,8535,1.0,negbinomial,0.2842243727205218,True
TCTCATGAGATAGGGT-1,9182.0,8514.0,L5,2,0.5432877577639111,1,bisquare,8535,1.0,negbinomial,0.2842243727205218,True
TCTCCAACGTAGGTTA-1,8569.0,5039.0,L3,0,0.250010271863549,1,bisquare,8535,1.0,negbinomial,0.2842243727205218,True
TCTCCACAAGTTGAAT-1,9592.0,9952.0,L6,3,0.36134591521612014,1,bisquare,8535,1.0,negbinomial,0.2842243727205218,True
TCTCCCTGGGCAGCGT-1,8698.0,9112.0,L6,3,0.38756800274299014,1,bisquare,8535,1.0,negbinomial,0.2842243727205218,True
TCTCGAACGAGGTCAC-1,9673.0,4083.0,L3,0,0.30227078744129643,1,bisquare,8535,1.0,negbinomial,0.2842243727205218,True
TCTCGACGTATCGCCG-1,10973.0,8039.0,L3,0,0.379712401415408,1,bisquare,8535,1.0,negbinomial,0.2842243727205218,True
TCTCGAGGAGGTTCGC-1,10902.0,8877.0,L4,1,0.29479733397265484,1,bisquare,8535,1.0,negbinomial,0.2842243727205218,True
TCTCGGCTCCAGGACT-1,4784.0,4192.0,L3,0,0.10455619494892049,1,bisquare,8535,1.0,negbinomial,0.2842243727205218,True
TCTCTAATAGCTGGTA-1,6779.0,5035.0,L3,0,0.41157440869176426,1,bisquare,8535,1.0,negbinomial,0.2842243727205218,True
TCTCTCGCCGCACATA-1,11108.0,9237.0,L5,2,0.43434717751241103,1,bisquare,8535,1.0,negbinomial,0.2842243727205218,True
TCTCTTACCGCGAACC-1,6148.0,10425.0,WM,4,0.18620126836630954,1,bisquare,8535,1.0,negbinomial,0.2842243727205218,True
TCTGAACCGGTCGGCT-1,5746.0,5153.0,L3,0,0.2861744992057265,1,bisquare,8535,1.0,negbinomial,0.2842243727205218,True
TCTGAACTCGTACCCG-1,9733.0,8276.0,L4,1,0.2830592075577967,1,bisquare,8535,1.0,negbinomial,0.2842243727205218,True
TCTGAAGCACGTGGTC-1,8973.0,9352.0,L6,3,0.3530002896711952,1,bisquare,8535,1.0,negbinomial,0.2842243727205218,True
TCTGAATTCCGTACAA-1,9667.0,6718.0,L3,0,0.39585711756083897,1,bisquare,8535,1.0,negbinomial,0.2842243727205218,True
TCTGACGGGCTAACCC-1,11459.0,6003.0,L3,0,0.13576493171615656,1,bisquare,8535,1.0,negbinomial,0.2842243727205218,True
TCTGAGCAATTGACTG-1,10902.0,9117.0,L5,2,0.3620278943130914,1,bisquare,8535,1.0,negbinomial,0.2842243727205218,True
TCTGATCGGGTGCTAG-1,11320.0,6722.0,L3,0,0.22398330590655602,1,bisquare,8535,1.0,negbinomial,0.2842243727205218,True
TCTGATGTATTCTGTC-1,8906.0,8753.0,L5,2,0.3878019740692551,1,bisquare,8535,1.0,negbinomial,0.2842243727205218,True
TCTGATTGGAAATGGA-1,11664.0,6842.0,L3,0,0.1785929557338629,1,bisquare,8535,1.0,negbinomial,0.2842243727205218,True
TCTGCACCATTAGTAA-1,11941.0,5645.0,L3,0,0.09255438692185941,1,bisquare,8535,1.0,negbinomial,0.2842243727205218,True
TCTGCAGATTCGAGTC-1,3542.0,5627.0,L3,0,0.11995181989751486,1,bisquare,8535,1.0,negbinomial,0.2842243727205218,True
TCTGCATACCTTGCTT-1,10005.0,9953.0,L6,3,0.3649131610401969,1,bisquare,8535,1.0,negbinomial,0.2842243727205218,True
TCTGCCAGAAACTGCA-1,8633.0,7555.0,L4,1,0.2542138726891509,1,bisquare,8535,1.0,negbinomial,0.2842243727205218,True
TCTGCGAATCGTTCGC-1,11668.0,4686.0,L3,0,0.22918791974857103,1,bisquare,8535,1.0,negbinomial,0.2842243727205218,True
TCTGCGTCCGGTTTCT-1,4784.0,4432.0,L3,0,0.18203988292782966,1,bisquare,8535,1.0,negbinomial,0.2842243727205218,True
TCTGGCCGTTCAAGTT-1,11594.0,6962.0,L3,0,0.18996909481051338,1,bisquare,8535,1.0,negbinomial,0.2842243727205218,True
TCTGGCGCAAGCCGGG-1,3609.0,6706.0,L3,0,0.36618892948443094,1,bisquare,8535,1.0,negbinomial,0.2842243727205218,True
TCTGGGAACCTTTGAA-1,9941.0,7437.0,L3,0,0.2991137256833568,1,bisquare,8535,1.0,negbinomial,0.2842243727205218,True
TCTGGGTAGCGCTCAT-1,5673.0,7429.0,L5,2,0.1788686711622055,1,bisquare,8535,1.0,negbinomial,0.2842243727205218,True
TCTGTCATACAAGAGC-1,6231.0,3836.0,L3,0,0.09694710340224173,1,bisquare,8535,1.0,negbinomial,0.2842243727205218,True
TCTGTGATGGAGGTTG-1,11051.0,3367.0,L3,0,0.21629072458008222,1,bisquare,8535,1.0,negbinomial,0.2842243727205218,True
TCTGTGCCATCATAGT-1,8704.0,6477.0,L3,0,0.3530956301470839,1,bisquare,8535,1.0,negbinomial,0.2842243727205218,True
TCTGTTACCCAGCATA-1,5601.0,8746.0,L6,3,0.22158821416537394,1,bisquare,8535,1.0,negbinomial,0.2842243727205218,True
TCTTACAGAGGTACCG-1,6298.0,4435.0,L3,0,0.19816320399342877,1,bisquare,8535,1.0,negbinomial,0.2842243727205218,True
TCTTACCGGAACTCGT-1,9464.0,5160.0,L3,0,0.2486951510402184,1,bisquare,8535,1.0,negbinomial,0.2842243727205218,True
TCTTACGGCATCCGAC-1,5194.0,5631.0,L3,0,0.3272496799819245,1,bisquare,8535,1.0,negbinomial,0.2842243727205218,True
TCTTACTTATGCCTCT-1,9596.0,8036.0,L4,1,0.21786431202603018,1,bisquare,8535,1.0,negbinomial,0.2842243727205218,True
TCTTAGAGCTCCAATT-1,10630.0,7439.0,L3,0,0.3373779979119189,1,bisquare,8535,1.0,negbinomial,0.2842243727205218,True
TCTTAGAGTGAACTCT-1,10009.0,7797.0,L3,0,0.5664382986136025,1,bisquare,8535,1.0,negbinomial,0.2842243727205218,True
TCTTCCCATGGGCACA-1,9805.0,6479.0,L3,0,0.22975787100415623,1,bisquare,8535,1.0,negbinomial,0.2842243727205218,True
TCTTCGAATAGACGTT-1,8082.0,7314.0,L4,1,0.23171328650987516,1,bisquare,8535,1.0,negbinomial,0.2842243727205218,True
TCTTCGATACCAATAA-1,7740.0,6475.0,L3,0,0.39441180986699625,1,bisquare,8535,1.0,negbinomial,0.2842243727205218,True
TCTTCGCGGTGAGAGG-1,11175.0,9836.0,L5,2,0.18456792732103805,1,bisquare,8535,1.0,negbinomial,0.2842243727205218,True
TCTTCTATAACCCGCC-1,10560.0,8038.0,L3,0,0.4382661151664886,1,bisquare,8535,1.0,negbinomial,0.2842243727205218,True
TCTTGATGCGTAGCGA-1,7878.0,6475.0,L3,0,0.510739737490112,1,bisquare,8535,1.0,negbinomial,0.2842243727205218,True
TCTTGCTCCCGATACT-1,7801.0,10428.0,WM,4,0.23097468823372708,1,bisquare,8535,1.0,negbinomial,0.2842243727205218,True
TCTTGGTAACACCAAA-1,7674.0,5157.0,L3,0,0.43816016621495835,1,bisquare,8535,1.0,negbinomial,0.2842243727205218,True
TCTTGGTCAATGATAC-1,4563.0,11499.0,L6,3,0.10409861556193349,1,bisquare,8535,1.0,negbinomial,0.2842243727205218,True
TCTTTAAGACTATGAA-1,9943.0,6719.0,L3,0,0.3203086538404621,1,bisquare,8535,1.0,negbinomial,0.2842243727205218,True
TCTTTAGAGTCTAACA-1,11040.0,8638.0,L4,1,0.5297076507988244,1,bisquare,8535,1.0,negbinomial,0.2842243727205218,True
TCTTTAGCAGGCGAAC-1,11182.0,6721.0,L3,0,0.41427070497591706,1,bisquare,8535,1.0,negbinomial,0.2842243727205218,True
TCTTTCCTTCGAGATA-1,11451.0,9597.0,L5,2,0.2352518047709556,1,bisquare,8535,1.0,negbinomial,0.2842243727205218,True
TCTTTCTCTTAAGGAG-1,8641.0,3482.0,L3,0,0.2753319150966254,1,bisquare,8535,1.0,negbinomial,0.2842243727205218,True
TGAAACTTATGCAAGC-1,8227.0,3960.0,L3,0,0.15669539048042588,1,bisquare,8535,1.0,negbinomial,0.2842243727205218,True
TGAAAGGACCTGACTC-1,8910.0,6836.0,L3,0,0.23346697741746814,1,bisquare,8535,1.0,negbinomial,0.2842243727205218,True
TGAACAAGCAGGGACT-1,5666.0,10543.0,WM,4,0.36822751575164786,1,bisquare,8535,1.0,negbinomial,0.2842243727205218,True
TGAACTGCTATGACTT-1,3263.0,7304.0,L3,0,0.17852556678825626,1,bisquare,8535,1.0,negbinomial,0.2842243727205218,True
TGAATACCGACGCGTA-1,8833.0,10550.0,WM,4,0.5081875259680199,1,bisquare,8535,1.0,negbinomial,0.2842243727205218,True
TGAATATGCTATAAAC-1,11049.0,4565.0,L3,0,0.29552882536550296,1,bisquare,8535,1.0,negbinomial,0.2842243727205218,True
TGAATGAGATACAGCA-1,11806.0,4686.0,L3,0,0.36948605017448,1,bisquare,8535,1.0,negbinomial,0.2842243727205218,True
TGAATGAGTGTTTCCC-1,6630.0,10545.0,WM,4,0.22864511348592034,1,bisquare,8535,1.0,negbinomial,0.2842243727205218,True
TGAATGTCAGCCGGCC-1,10697.0,8278.0,L3,0,0.5593868779739157,1,bisquare,8535,1.0,negbinomial,0.2842243727205218,True
TGACACTTCTCTTTGC-1,10222.0,4563.0,L3,0,0.16157548542093828,1,bisquare,8535,1.0,negbinomial,0.2842243727205218,True
TGACAGGACAAGTCCA-1,3810.0,9222.0,L5,2,0.2988121585468298,1,bisquare,8535,1.0,negbinomial,0.2842243727205218,True
TGACATATATGACGAT-1,3332.0,7184.0,L3,0,0.25897793629949345,1,bisquare,8535,1.0,negbinomial,0.2842243727205218,True
TGACATCGAGCGGACC-1,10149.0,6839.0,L3,0,0.3263613550919632,1,bisquare,8535,1.0,negbinomial,0.2842243727205218,True
TGACATGTAACGTGAC-1,7524.0,10907.0,WM,4,0.19641900701528822,1,bisquare,8535,1.0,negbinomial,0.2842243727205218,True
TGACCAAATCTTAAAC-1,7456.0,10547.0,WM,4,0.30885202218412444,1,bisquare,8535,1.0,negbinomial,0.2842243727205218,True
TGACCAGCTTCAAAGT-1,9880.0,3484.0,L3,0,0.23485176589215045,1,bisquare,8535,1.0,negbinomial,0.2842243727205218,True
TGACCCACGTTAGACA-1,6432.0,6592.0,L5,2,0.2529376867593389,1,bisquare,8535,1.0,negbinomial,0.2842243727205218,True
TGACCCAGCATTCCCG-1,10432.0,3006.0,L3,0,0.4570537516918548,1,bisquare,8535,1.0,negbinomial,0.2842243727205218,True
TGACGAATATTTCCCT-1,4708.0,7906.0,L5,2,0.1805507246167063,1,bisquare,8535,1.0,negbinomial,0.2842243727205218,True
TGACGATGCACTAGAA-1,9735.0,7078.0,L3,0,0.46194319855398785,1,bisquare,8535,1.0,negbinomial,0.2842243727205218,True
TGACTATAATCCTTTC-1,7874.0,8152.0,L5,2,0.16296274519129011,1,bisquare,8535,1.0,negbinomial,0.2842243727205218,True
TGACTCCGAATCATAC-1,4290.0,10061.0,L6,3,0.2082557767240462,1,bisquare,8535,1.0,negbinomial,0.2842243727205218,True
TGACTCTAACTGGTAA-1,11656.0,10675.0,L6,3,0.2686819178657835,1,bisquare,8535,1.0,negbinomial,0.2842243727205218,True
TGAGAATGCTTTACCG-1,6917.0,4796.0,L3,0,0.2857244226326267,1,bisquare,8535,1.0,negbinomial,0.2842243727205218,True
TGAGACGTACCTCTCA-1,3539.0,7304.0,L3,0,0.21705160356220632,1,bisquare,8535,1.0,negbinomial,0.2842243727205218,True
TGAGAGATTTACCACG-1,9459.0,7556.0,L3,0,0.5638952187771746,1,bisquare,8535,1.0,negbinomial,0.2842243727205218,True
TGAGATCAAATACTCA-1,7540.0,3479.0,L3,0,0.13894743342784738,1,bisquare,8535,1.0,negbinomial,0.2842243727205218,True
TGAGATTAGGCCCTAA-1,9672.0,4562.0,L3,0,0.2357268605236925,1,bisquare,8535,1.0,negbinomial,0.2842243727205218,True
TGAGCCATACAGTCTC-1,5810.0,7669.0,L5,2,0.22536002249417833,1,bisquare,8535,1.0,negbinomial,0.2842243727205218,True
TGAGCGGAAAGTGTTC-1,7665.0,9230.0,L6,3,0.20532041631856576,1,bisquare,8535,1.0,negbinomial,0.2842243727205218,True
TGAGCTCAACTGTATA-1,11727.0,9597.0,L5,2,0.2713952452262818,1,bisquare,8535,1.0,negbinomial,0.2842243727205218,True
TGAGCTTTAATGACGC-1,9051.0,4920.0,L3,0,0.37730573264039086,1,bisquare,8535,1.0,negbinomial,0.2842243727205218,True
TGAGGAGTGCCAGCTT-1,7183.0,9588.0,L6,3,0.11137131044691718,1,bisquare,8535,1.0,negbinomial,0.2842243727205218,True
TGAGGCATGTACTGTG-1,3741.0,9341.0,L5,2,0.21508481178504524,1,bisquare,8535,1.0,negbinomial,0.2842243727205218,True
TGAGGTGTGTGGCGGA-1,6767.0,11025.0,WM,4,0.24913945401486648,1,bisquare,8535,1.0,negbinomial,0.2842243727205218,True
TGAGTAAATTAGCGTA-1,7117.0,8270.0,L6,3,0.24773207870770333,1,bisquare,8535,1.0,negbinomial,0.2842243727205218,True
TGAGTGCCTCTTAAAT-1,6016.0,8028.0,L6,3,0.36381286067576585,1,bisquare,8535,1.0,negbinomial,0.2842243727205218,True
TGAGTGGTCCGTGACG-1,8980.0,6238.0,L3,0,0.4045753489137857,1,bisquare,8535,1.0,negbinomial,0.2842243727205218,True
TGAGTTAAAGACATTC-1,10903.0,8398.0,L3,0,0.44526568388576415,1,bisquare,8535,1.0,negbinomial,0.2842243727205218,True
TGATACATTTAGCCGT-1,6151.0,9227.0,L6,3,0.2810526034419381,1,bisquare,8535,1.0,negbinomial,0.2842243727205218,True
TGATAGCGGGATTCTA-1,4023.0,5988.0,L3,0,0.2787275970824075,1,bisquare,8535,1.0,negbinomial,0.2842243727205218,True
TGATCACCACACTGAC-1,6698.0,10905.0,WM,4,0.1833651579169831,1,bisquare,8535,1.0,negbinomial,0.2842243727205218,True
TGATCAGGGAACTGCT-1,4846.0,7667.0,L5,2,0.3025002044802235,1,bisquare,8535,1.0,negbinomial,0.2842243727205218,True
TGATCCCAGCATTAGT-1,10564.0,5881.0,L3,0,0.36270846956121294,1,bisquare,8535,1.0,negbinomial,0.2842243727205218,True
TGATCGGTTTGACCCT-1,6915.0,5994.0,L3,0,0.5333847834114234,1,bisquare,8535,1.0,negbinomial,0.2842243727205218,True
TGATCTACGCTGATCT-1,10085.0,4563.0,L3,0,0.1727958371746293,1,bisquare,8535,1.0,negbinomial,0.2842243727205218,True
TGATCTATCACACTCT-1,9520.0,11270.0,WM,4,0.37950529914597064,1,bisquare,8535,1.0,negbinomial,0.2842243727205218,True
TGATCTCCGGCGCCAG-1,6639.0,5993.0,L3,0,0.1658032477301953,1,bisquare,8535,1.0,negbinomial,0.2842243727205218,True
TGATGGCTGTTTCTGA-1,11045.0,6242.0,L3,0,0.3369521217216343,1,bisquare,8535,1.0,negbinomial,0.2842243727205218,True
TGATGTCAATTAAGTG-1,10281.0,9714.0,L5,2,0.2391689652497852,1,bisquare,8535,1.0,negbinomial,0.2842243727205218,True
TGATTATGGCACGCAG-1,10843.0,4205.0,L3,0,0.20135820148277903,1,bisquare,8535,1.0,negbinomial,0.2842243727205218,True
TGATTCAGGTCCCGCG-1,3743.0,8383.0,L5,2,0.35746513112339046,1,bisquare,8535,1.0,negbinomial,0.2842243727205218,True
TGATTCCCGGTTACCT-1,6631.0,10306.0,WM,4,0.22174443153645315,1,bisquare,8535,1.0,negbinomial,0.2842243727205218,True
TGATTCGTCTATCACT-1,6019.0,6351.0,L4,1,0.5204488842581398,1,bisquare,8535,1.0,negbinomial,0.2842243727205218,True
TGATTCTGTCGCCGGT-1,6221.0,8388.0,L6,3,0.35986498471983963,1,bisquare,8535,1.0,negbinomial,0.2842243727205218,True
TGATTTATTAGCTGTG-1,5535.0,7189.0,L5,2,0.2505333740959224,1,bisquare,8535,1.0,negbinomial,0.2842243727205218,True
TGATTTCCTCCTGACG-1,5541.0,4553.0,L3,0,0.18406966294232968,1,bisquare,8535,1.0,negbinomial,0.2842243727205218,True
TGCAAAGTTCGTCTGT-1,7248.0,11146.0,WM,4,0.26954400681443186,1,bisquare,8535,1.0,negbinomial,0.2842243727205218,True
TGCAACCCATCTGCGG-1,9385.0,9832.0,L6,3,0.46074900810752445,1,bisquare,8535,1.0,negbinomial,0.2842243727205218,True
TGCAACTACTGGTTGA-1,9452.0,10911.0,WM,4,0.40305734529827647,1,bisquare,8535,1.0,negbinomial,0.2842243727205218,True
TGCAAGAATGACGTAA-1,7327.0,6234.0,L3,0,0.5637501978068027,1,bisquare,8535,1.0,negbinomial,0.2842243727205218,True
TGCAATCTAACACGGT-1,9385.0,10072.0,L6,3,0.4287523076751524,1,bisquare,8535,1.0,negbinomial,0.2842243727205218,True
TGCAATTTGGGCACGG-1,10361.0,4324.0,L3,0,0.3095548367350128,1,bisquare,8535,1.0,negbinomial,0.2842243727205218,True
TGCACAGTGAAGTTAT-1,10086.0,4084.0,L3,0,0.41892912962165374,1,bisquare,8535,1.0,negbinomial,0.2842243727205218,True
TGCACGAGTCGGCAGC-1,7746.0,3360.0,L3,0,0.23573074749487904,1,bisquare,8535,1.0,negbinomial,0.2842243727205218,True
TGCACTATGTGAGTGC-1,4095.0,4670.0,L3,0,0.24828428701063576,1,bisquare,8535,1.0,negbinomial,0.2842243727205218,True
TGCAGAACTATATCGT-1,4708.0,7666.0,L5,2,0.22233010501536407,1,bisquare,8535,1.0,negbinomial,0.2842243727205218,True
TGCAGAGTACCGAGCA-1,6362.0,7191.0,L5,2,0.22453349292514257,1,bisquare,8535,1.0,negbinomial,0.2842243727205218,True
TGCAGATCGTCCTAGG-1,4433.0,7666.0,L5,2,0.18180453798555368,1,bisquare,8535,1.0,negbinomial,0.2842243727205218,True
TGCAGCTACGTACTTC-1,4295.0,7665.0,L5,2,0.19190858781094494,1,bisquare,8535,1.0,negbinomial,0.2842243727205218,True
TGCAGGATCGGCAAAG-1,8293.0,5517.0,L3,0,0.2684731967790458,1,bisquare,8535,1.0,negbinomial,0.2842243727205218,True
TGCAGTGAGGCTCGGG-1,11531.0,4446.0,L3,0,0.18119839448919145,1,bisquare,8535,1.0,negbinomial,0.2842243727205218,True
TGCAGTGGTAGGGAAC-1,4564.0,10781.0,L6,3,0.15617169052261992,1,bisquare,8535,1.0,negbinomial,0.2842243727205218,True
TGCAGTTTCCTCCCAT-1,9390.0,7436.0,L3,0,0.5218017325184069,1,bisquare,8535,1.0,negbinomial,0.2842243727205218,True
TGCATATGTCTGTCAC-1,9047.0,6837.0,L3,0,0.4546300544899576,1,bisquare,8535,1.0,negbinomial,0.2842243727205218,True
TGCATGGATCGGATCT-1,7812.0,4917.0,L3,0,0.2057086542748606,1,bisquare,8535,1.0,negbinomial,0.2842243727205218,True
TGCATGGCAGTCTTGC-1,10433.0,2766.0,L3,0,0.45639900963762553,1,bisquare,8535,1.0,negbinomial,0.2842243727205218,True
TGCATGTGACCCATAG-1,5803.0,10783.0,WM,4,0.17253044132679526,1,bisquare,8535,1.0,negbinomial,0.2842243727205218,True
TGCATGTGGTAATCTA-1,8773.0,6117.0,L3,0,0.3045724125088929,1,bisquare,8535,1.0,negbinomial,0.2842243727205218,True
TGCCAAAGTCAGACTT-1,4501.0,7786.0,L5,2,0.19774937040503696,1,bisquare,8535,1.0,negbinomial,0.2842243727205218,True
TGCCAATGGGTACTCT-1,6771.0,9108.0,L6,3,0.19175134278512765,1,bisquare,8535,1.0,negbinomial,0.2842243727205218,True
TGCCACCTGGCGAAAC-1,8431.0,5038.0,L3,0,0.1780624959748777,1,bisquare,8535,1.0,negbinomial,0.2842243727205218,True
TGCCAGTACGTGGAGA-1,8080.0,8751.0,L6,3,0.28958524141492514,1,bisquare,8535,1.0,negbinomial,0.2842243727205218,True
TGCCATTACTAAAGAA-1,9188.0,5160.0,L3,0,0.24718309927769844,1,bisquare,8535,1.0,negbinomial,0.2842243727205218,True
TGCCCGATAGTTAGAA-1,8556.0,11268.0,WM,4,0.1664346124137156,1,bisquare,8535,1.0,negbinomial,0.2842243727205218,True
TGCCCGTACCGTTAAA-1,8356.0,8033.0,L5,2,0.3201414077214486,1,bisquare,8535,1.0,negbinomial,0.2842243727205218,True
TGCCGAAAGCGTATTC-1,11389.0,6602.0,L3,0,0.3290691068987376,1,bisquare,8535,1.0,negbinomial,0.2842243727205218,True
TGCCGGATGTACGAGC-1,5529.0,10064.0,WM,4,0.5550265878249511,1,bisquare,8535,1.0,negbinomial,0.2842243727205218,True
TGCCGTGGATCGTCCT-1,7527.0,9469.0,L6,3,0.13240037870014623,1,bisquare,8535,1.0,negbinomial,0.2842243727205218,True
TGCCGTGGGACCCAAT-1,7799.0,11147.0,WM,4,0.18000656301806134,1,bisquare,8535,1.0,negbinomial,0.2842243727205218,True
TGCCTAATTGAAGATT-1,10419.0,9235.0,L5,2,0.44693745475124613,1,bisquare,8535,1.0,negbinomial,0.2842243727205218,True
TGCCTGACATCGGTCA-1,4577.0,4551.0,L3,0,0.15034817216485966,1,bisquare,8535,1.0,negbinomial,0.2842243727205218,True
TGCCTGATCAAACGAT-1,8018.0,5038.0,L3,0,0.48021338608024944,1,bisquare,8535,1.0,negbinomial,0.2842243727205218,True
TGCCTTGGCCAGGCAA-1,8837.0,8873.0,L5,2,0.38640510088129765,1,bisquare,8535,1.0,negbinomial,0.2842243727205218,True
TGCGAATATGGGATTT-1,4088.0,8024.0,L5,2,0.16069684503851503,1,bisquare,8535,1.0,negbinomial,0.2842243727205218,True
TGCGACACCCTAGTGC-1,6360.0,8149.0,L6,3,0.2560476902546507,1,bisquare,8535,1.0,negbinomial,0.2842243727205218,True
TGCGACGGCCGAACGT-1,5392.0,9824.0,L6,3,0.20379061550867356,1,bisquare,8535,1.0,negbinomial,0.2842243727205218,True
TGCGAGAATATTACCC-1,5945.0,8627.0,L6,3,0.43170273854592295,1,bisquare,8535,1.0,negbinomial,0.2842243727205218,True
TGCGAGATGGCGGCCA-1,11119.0,3966.0,L3,0,0.2911019087950105,1,bisquare,8535,1.0,negbinomial,0.2842243727205218,True
TGCGAGCCCTTCCGCG-1,10223.0,4084.0,L3,0,0.24062312359402607,1,bisquare,8535,1.0,negbinomial,0.2842243727205218,True
TGCGATGCTAATGGCT-1,3956.0,5149.0,L3,0,0.0992403453110589,1,bisquare,8535,1.0,negbinomial,0.2842243727205218,True
TGCGCAAAGCATTTGG-1,7809.0,6355.0,L3,0,0.35353549439771853,1,bisquare,8535,1.0,negbinomial,0.2842243727205218,True
TGCGCCGTTAATAACG-1,11662.0,7561.0,L3,0,0.3374595597748125,1,bisquare,8535,1.0,negbinomial,0.2842243727205218,True
TGCGCGATTAACGGAG-1,6020.0,5872.0,L3,0,0.4072556037603314,1,bisquare,8535,1.0,negbinomial,0.2842243727205218,True
TGCGGACTTGACTCCG-1,8420.0,10789.0,WM,4,0.25138353314131234,1,bisquare,8535,1.0,negbinomial,0.2842243727205218,True
TGCGGAGTAAAGGTGC-1,8018.0,5277.0,L3,0,0.5202769699126665,1,bisquare,8535,1.0,negbinomial,0.2842243727205218,True
TGCGGCATAGTTCAAC-1,6919.0,4077.0,L3,0,0.33480281136757545,1,bisquare,8535,1.0,negbinomial,0.2842243727205218,True
TGCGGTGAAATTTCAT-1,7745.0,4079.0,L3,0,0.266878325007142,1,bisquare,8535,1.0,negbinomial,0.2842243727205218,True
TGCGTAAGAACCTGAT-1,6154.0,7789.0,L5,2,0.4104373383609245,1,bisquare,8535,1.0,negbinomial,0.2842243727205218,True
TGCGTACGGCTAATTG-1,10141.0,10672.0,L6,3,0.32817438794832954,1,bisquare,8535,1.0,negbinomial,0.2842243727205218,True
TGCGTCATGACTGAGC-1,4637.0,8984.0,L5,2,0.2715579187908644,1,bisquare,8535,1.0,negbinomial,0.2842243727205218,True
TGCGTGATTGGGTGTC-1,4372.0,3952.0,L3,0,0.14463431922530037,1,bisquare,8535,1.0,negbinomial,0.2842243727205218,True
TGCGTTTGTTGACACT-1,8426.0,7674.0,L5,2,0.27078228045329616,1,bisquare,8535,1.0,negbinomial,0.2842243727205218,True
TGCTAAGTGTCTATTT-1,9387.0,8874.0,L5,2,0.416445139157163,1,bisquare,8535,1.0,negbinomial,0.2842243727205218,True
TGCTATGGCAAAGGGA-1,4977.0,11021.0,L6,3,0.2404791860230509,1,bisquare,8535,1.0,negbinomial,0.2842243727205218,True
TGCTCACACAACAACC-1,10639.0,2887.0,L3,0,0.5545126030115761,1,bisquare,8535,1.0,negbinomial,0.2842243727205218,True
TGCTCCACAGTTCTTA-1,9733.0,8036.0,L4,1,0.29448676668249907,1,bisquare,8535,1.0,negbinomial,0.2842243727205218,True
TGCTCGGCGAAACCCA-1,7390.0,9469.0,L6,3,0.23058140743206854,1,bisquare,8535,1.0,negbinomial,0.2842243727205218,True
TGCTCGGTGGGTCACC-1,8145.0,10548.0,WM,4,0.2724144223707766,1,bisquare,8535,1.0,negbinomial,0.2842243727205218,True
TGCTCTGCCGGTTCAC-1,11941.0,5884.0,L3,0,0.07067828671838752,1,bisquare,8535,1.0,negbinomial,0.2842243727205218,True
TGCTCTTGAGAGTTTG-1,8007.0,10309.0,WM,4,0.2149097961177491,1,bisquare,8535,1.0,negbinomial,0.2842243727205218,True
TGCTGCGTCAGAGTTA-1,11739.0,3847.0,L3,0,0.0964516880741282,1,bisquare,8535,1.0,negbinomial,0.2842243727205218,True
TGCTGGTTGGACAATT-1,6022.0,5153.0,L3,0,0.3246936026777251,1,bisquare,8535,1.0,negbinomial,0.2842243727205218,True
TGCTGTTGAAGAACTC-1,7738.0,7193.0,L5,2,0.3956768288195973,1,bisquare,8535,1.0,negbinomial,0.2842243727205218,True
TGCTTAGAGAGAATGC-1,4979.0,10063.0,L6,3,0.3480671963362116,1,bisquare,8535,1.0,negbinomial,0.2842243727205218,True
TGCTTCCCAAGCAGTA-1,7733.0,10068.0,WM,4,0.31083211656549314,1,bisquare,8535,1.0,negbinomial,0.2842243727205218,True
TGGAACCACTGACACA-1,10220.0,5521.0,L3,0,0.39450789672960745,1,bisquare,8535,1.0,negbinomial,0.2842243727205218,True
TGGAAGAAGGGAACGT-1,5604.0,7309.0,L5,2,0.2189215675972302,1,bisquare,8535,1.0,negbinomial,0.2842243727205218,True
TGGAAGACGAACACCA-1,6367.0,4315.0,L3,0,0.20653738560222967,1,bisquare,8535,1.0,negbinomial,0.2842243727205218,True
TGGAAGGATAAAGATG-1,7881.0,5037.0,L3,0,0.48478807541584457,1,bisquare,8535,1.0,negbinomial,0.2842243727205218,True
TGGAATATCCTTGACC-1,10565.0,5402.0,L3,0,0.26871812102394416,1,bisquare,8535,1.0,negbinomial,0.2842243727205218,True
TGGAATTAGACGCTTT-1,4437.0,5749.0,L3,0,0.22685153617419854,1,bisquare,8535,1.0,negbinomial,0.2842243727205218,True
TGGACCAATCTAAGAT-1,8696.0,10070.0,L6,3,0.18681113887611722,1,bisquare,8535,1.0,negbinomial,0.2842243727205218,True
TGGACGCAATCCAGCC-1,4567.0,9583.0,L6,3,0.2689231880900627,1,bisquare,8535,1.0,negbinomial,0.2842243727205218,True
TGGACTGTTCGCTCAA-1,8221.0,7075.0,L4,1,0.2846408406940688,1,bisquare,8535,1.0,negbinomial,0.2842243727205218,True
TGGAGAATAATCGTCC-1,6215.0,11263.0,WM,4,0.20750039383478058,1,bisquare,8535,1.0,negbinomial,0.2842243727205218,True
TGGAGCTAAAGTTCCC-1,7884.0,3360.0,L3,0,0.33048361030176765,1,bisquare,8535,1.0,negbinomial,0.2842243727205218,True
TGGAGGGAAACACCTC-1,11598.0,5285.0,L3,0,0.25770226137108115,1,bisquare,8535,1.0,negbinomial,0.2842243727205218,True
TGGAGTGATGCGATGA-1,6020.0,6112.0,L3,0,0.3751390036092521,1,bisquare,8535,1.0,negbinomial,0.2842243727205218,True
TGGCAAACTAAATTAC-1,8562.0,8633.0,L5,2,0.4656867616307681,1,bisquare,8535,1.0,negbinomial,0.2842243727205218,True
TGGCAACTCGCGCGCC-1,9119.0,5279.0,L3,0,0.2687828245439414,1,bisquare,8535,1.0,negbinomial,0.2842243727205218,True
TGGCAAGCACAAGTCG-1,7043.0,10546.0,WM,4,0.2502371244623336,1,bisquare,8535,1.0,negbinomial,0.2842243727205218,True
TGGCAATGGGACGGCG-1,10488.0,9116.0,L5,2,0.49288280327476675,1,bisquare,8535,1.0,negbinomial,0.2842243727205218,True
TGGCACGAGCTCGAGT-1,10019.0,3245.0,L3,0,0.20542981955844614,1,bisquare,8535,1.0,negbinomial,0.2842243727205218,True
TGGCAGATTACGATCA-1,7186.0,7911.0,L5,2,0.24352717216381403,1,bisquare,8535,1.0,negbinomial,0.2842243727205218,True
TGGCAGCAGTAATAGT-1,7394.0,7312.0,L5,2,0.3576298972268397,1,bisquare,8535,1.0,negbinomial,0.2842243727205218,True
TGGCATGAAGTTTGGG-1,4016.0,9342.0,L5,2,0.29858664166599924,1,bisquare,8535,1.0,negbinomial,0.2842243727205218,True
TGGCCAAACTGAAGTA-1,8429.0,5997.0,L3,0,0.4812558735290447,1,bisquare,8535,1.0,negbinomial,0.2842243727205218,True
TGGCCAATTTGGTACT-1,3949.0,8503.0,L5,2,0.24060164812780332,1,bisquare,8535,1.0,negbinomial,0.2842243727205218,True
TGGCCGTATATTGACC-1,5814.0,5752.0,L3,0,0.43726757652183346,1,bisquare,8535,1.0,negbinomial,0.2842243727205218,True
TGGCGACTGCTCCAAA-1,6426.0,9227.0,L6,3,0.2460865139494228,1,bisquare,8535,1.0,negbinomial,0.2842243727205218,True
TGGCGATCAAGTTATG-1,6978.0,8749.0,L6,3,0.28673223696138783,1,bisquare,8535,1.0,negbinomial,0.2842243727205218,True
TGGCTACACTCTACCT-1,10073.0,10313.0,L6,3,0.45351602188329815,1,bisquare,8535,1.0,negbinomial,0.2842243727205218,True
TGGCTATGTGACATAC-1,8835.0,9831.0,L6,3,0.38046351002306017,1,bisquare,8535,1.0,negbinomial,0.2842243727205218,True
TGGCTCTTGTCGCGTA-1,4020.0,7665.0,L5,2,0.2812323934747263,1,bisquare,8535,1.0,negbinomial,0.2842243727205218,True
TGGCTTGTACAAGCTT-1,11186.0,4565.0,L3,0,0.1611849744775188,1,bisquare,8535,1.0,negbinomial,0.2842243727205218,True
TGGCTTTGGGTAGACA-1,6710.0,4915.0,L3,0,0.35265101927591713,1,bisquare,8535,1.0,negbinomial,0.2842243727205218,True
TGGGAAATGCCTTTCC-1,5057.0,5391.0,L3,0,0.21860264251079556,1,bisquare,8535,1.0,negbinomial,0.2842243727205218,True
TGGGATGCACTCATTC-1,9948.0,4083.0,L3,0,0.20574182781255373,1,bisquare,8535,1.0,negbinomial,0.2842243727205218,True
TGGGCAATAGTTGGGT-1,10628.0,8158.0,L3,0,0.5649045788250906,1,bisquare,8535,1.0,negbinomial,0.2842243727205218,True
TGGGCACAAACAGAAC-1,6369.0,3597.0,L3,0,0.12897740770366609,1,bisquare,8535,1.0,negbinomial,0.2842243727205218,True
TGGGCACGTTCTATGG-1,8226.0,4439.0,L3,0,0.1501040558947976,1,bisquare,8535,1.0,negbinomial,0.2842243727205218,True
TGGGCAGGCCACCGCA-1,11177.0,9117.0,L5,2,0.347537033471976,1,bisquare,8535,1.0,negbinomial,0.2842243727205218,True
TGGGCCACAAGAGCGC-1,8157.0,4798.0,L3,0,0.16968582673099916,1,bisquare,8535,1.0,negbinomial,0.2842243727205218,True
TGGGCCCATACTAATT-1,9320.0,8275.0,L5,2,0.2719479957477525,1,bisquare,8535,1.0,negbinomial,0.2842243727205218,True
TGGGCGATACAATAAG-1,7456.0,10787.0,WM,4,0.24909260525190852,1,bisquare,8535,1.0,negbinomial,0.2842243727205218,True
TGGGTAAGGTTCCCGC-1,8640.0,4200.0,L3,0,0.4919872327487858,1,bisquare,8535,1.0,negbinomial,0.2842243727205218,True
TGGGTGCACAAGCCAT-1,9039.0,10910.0,WM,4,0.2828600043984304,1,bisquare,8535,1.0,negbinomial,0.2842243727205218,True
TGGGTGGGATGTCATT-1,10912.0,3846.0,L3,0,0.19091903539091154,1,bisquare,8535,1.0,negbinomial,0.2842243727205218,True
TGGGTGTAATAGATTT-1,10210.0,10792.0,L6,3,0.2596780942167786,1,bisquare,8535,1.0,negbinomial,0.2842243727205218,True
TGGGTGTTAAGTAGAA-1,7868.0,11267.0,WM,4,0.2294971706324758,1,bisquare,8535,1.0,negbinomial,0.2842243727205218,True
TGGGTTTCGGGCGTAC-1,4908.0,11141.0,L6,3,0.1732968115084211,1,bisquare,8535,1.0,negbinomial,0.2842243727205218,True
TGGTAAGCAGGATTGA-1,3951.0,7545.0,L5,2,0.24693798194366007,1,bisquare,8535,1.0,negbinomial,0.2842243727205218,True
TGGTAGAATATATGGG-1,10077.0,8396.0,L4,1,0.30001267710423213,1,bisquare,8535,1.0,negbinomial,0.2842243727205218,True
TGGTATCGCATCCCAA-1,7884.0,3600.0,L3,0,0.1746926000367785,1,bisquare,8535,1.0,negbinomial,0.2842243727205218,True
TGGTATCGGTCTGTAT-1,7264.0,3479.0,L3,0,0.15566245852456612,1,bisquare,8535,1.0,negbinomial,0.2842243727205218,True
TGGTCCCACGCTACGG-1,8286.0,8872.0,L6,3,0.29704400384326024,1,bisquare,8535,1.0,negbinomial,0.2842243727205218,True
TGGTCGATATACCTCT-1,5733.0,11382.0,WM,4,0.220593532741203,1,bisquare,8535,1.0,negbinomial,0.2842243727205218,True
TGGTCGTGCAAGGCAA-1,3676.0,7544.0,L4,1,0.3429835506109979,1,bisquare,8535,1.0,negbinomial,0.2842243727205218,True
TGGTCGTTTGATAGAT-1,10501.0,2886.0,L3,0,0.48824659649888397,1,bisquare,8535,1.0,negbinomial,0.2842243727205218,True
TGGTCTGTTGGGCGTA-1,5191.0,7068.0,L5,2,0.26446589761855144,1,bisquare,8535,1.0,negbinomial,0.2842243727205218,True
TGGTGATCGTATTTGT-1,4299.0,5749.0,L3,0,0.297132105066555,1,bisquare,8535,1.0,negbinomial,0.2842243727205218,True
TGGTGCCCTGCCTTAC-1,6766.0,11504.0,WM,4,0.16846182006921068,1,bisquare,8535,1.0,negbinomial,0.2842243727205218,True
TGGTTAACTTACATTT-1,3740.0,9821.0,L5,2,0.2590001016489779,1,bisquare,8535,1.0,negbinomial,0.2842243727205218,True
TGGTTAAGGGCGCTGG-1,11046.0,5763.0,L3,0,0.2538690053512247,1,bisquare,8535,1.0,negbinomial,0.2842243727205218,True
TGGTTATGCTTGCGGT-1,3267.0,5627.0,L3,0,0.15993054269219262,1,bisquare,8535,1.0,negbinomial,0.2842243727205218,True
TGGTTCAACGGGTAAT-1,8286.0,8632.0,L5,2,0.20971745370731643,1,bisquare,8535,1.0,negbinomial,0.2842243727205218,True
TGGTTCGTAGCAAAGG-1,6985.0,5395.0,L3,0,0.44943671516392186,1,bisquare,8535,1.0,negbinomial,0.2842243727205218,True
TGGTTGGAGGATCCTG-1,9466.0,3962.0,L3,0,0.2643227307049166,1,bisquare,8535,1.0,negbinomial,0.2842243727205218,True
TGGTTTAAACGTGGGT-1,10909.0,5523.0,L3,0,0.32762919908616556,1,bisquare,8535,1.0,negbinomial,0.2842243727205218,True
TGTAATGACCACAATA-1,4159.0,6946.0,L4,1,0.3953454627969531,1,bisquare,8535,1.0,negbinomial,0.2842243727205218,True
TGTAATGCCTTCGGAC-1,10570.0,3006.0,L3,0,0.30970280946934986,1,bisquare,8535,1.0,negbinomial,0.2842243727205218,True
TGTACCTACACGAGGG-1,9454.0,9713.0,L6,3,0.3072938584610268,1,bisquare,8535,1.0,negbinomial,0.2842243727205218,True
TGTACGAACAAATCCG-1,7188.0,7192.0,L5,2,0.46680394066152653,1,bisquare,8535,1.0,negbinomial,0.2842243727205218,True
TGTACTACTCTCACGG-1,11461.0,5045.0,L3,0,0.3711341116357775,1,bisquare,8535,1.0,negbinomial,0.2842243727205218,True
TGTACTTCCGGGCATG-1,11035.0,11034.0,L6,3,0.28751815237518097,1,bisquare,8535,1.0,negbinomial,0.2842243727205218,True
TGTAGCCAATTCCGTT-1,8763.0,11149.0,WM,4,0.1904596644539212,1,bisquare,8535,1.0,negbinomial,0.2842243727205218,True
TGTAGCCATCCCATTC-1,10900.0,10075.0,L5,2,0.17777285177859223,1,bisquare,8535,1.0,negbinomial,0.2842243727205218,True
TGTAGGAGAAATTTCC-1,9116.0,6717.0,L3,0,0.5138350402370887,1,bisquare,8535,1.0,negbinomial,0.2842243727205218,True
TGTAGTGATCTATAAT-1,5467.0,6829.0,L5,2,0.19151825735629308,1,bisquare,8535,1.0,negbinomial,0.2842243727205218,True
TGTATAACAGATCCTG-1,8636.0,6117.0,L3,0,0.2002150248536043,1,bisquare,8535,1.0,negbinomial,0.2842243727205218,True
TGTATACGGATGATGA-1,11804.0,5644.0,L3,0,0.10642306857885589,1,bisquare,8535,1.0,negbinomial,0.2842243727205218,True
TGTATCAGACTGAAGC-1,10775.0,3845.0,L3,0,0.2885051185805095,1,bisquare,8535,1.0,negbinomial,0.2842243727205218,True
TGTATCCTTATTCCAT-1,6644.0,3837.0,L3,0,0.3203076093957235,1,bisquare,8535,1.0,negbinomial,0.2842243727205218,True
TGTATGGCGCAGACAG-1,9596.0,7796.0,L4,1,0.201836865085961,1,bisquare,8535,1.0,negbinomial,0.2842243727205218,True
TGTATTTACCTAATGC-1,10224.0,3844.0,L3,0,0.30350400157098395,1,bisquare,8535,1.0,negbinomial,0.2842243727205218,True
TGTCATTTGTTGGGAA-1,10703.0,5163.0,L3,0,0.3299329336754186,1,bisquare,8535,1.0,negbinomial,0.2842243727205218,True
TGTCCACGGCTCAACT-1,10141.0,10433.0,L6,3,0.3583258366205827,1,bisquare,8535,1.0,negbinomial,0.2842243727205218,True
TGTCCCGACATAGCAC-1,7126.0,3958.0,L3,0,0.1722398301534347,1,bisquare,8535,1.0,negbinomial,0.2842243727205218,True
TGTCCGCAAACAATTC-1,6697.0,11384.0,WM,4,0.23849877133735062,1,bisquare,8535,1.0,negbinomial,0.2842243727205218,True
TGTCCGTGGCGCCTTT-1,4436.0,6228.0,L3,0,0.23192140127659905,1,bisquare,8535,1.0,negbinomial,0.2842243727205218,True
TGTCCTAAGTCACCGC-1,5261.0,6709.0,L4,1,0.2643693903988091,1,bisquare,8535,1.0,negbinomial,0.2842243727205218,True
TGTCGGCATGGTGGAA-1,4785.0,3713.0,L3,0,0.22942525205520709,1,bisquare,8535,1.0,negbinomial,0.2842243727205218,True
TGTCGTTATCACATAT-1,4222.0,9941.0,L6,3,0.5185088876077698,1,bisquare,8535,1.0,negbinomial,0.2842243727205218,True
TGTCTACAGTTTCTGT-1,6850.0,3957.0,L3,0,0.11859856981170645,1,bisquare,8535,1.0,negbinomial,0.2842243727205218,True
TGTGACTACGCCAGTC-1,8225.0,5158.0,L3,0,0.2604550706732428,1,bisquare,8535,1.0,negbinomial,0.2842243727205218,True
TGTGACTAGAGTTTGC-1,10760.0,10793.0,L6,3,0.26415518397029186,1,bisquare,8535,1.0,negbinomial,0.2842243727205218,True
TGTGAGACTAGCCCAA-1,7527.0,9709.0,L6,3,0.18909903076886228,1,bisquare,8535,1.0,negbinomial,0.2842243727205218,True
TGTGCCGGTGCCGGAA-1,9869.0,8995.0,L5,2,0.29024198238513904,1,bisquare,8535,1.0,negbinomial,0.2842243727205218,True
TGTGCTTTACGTAAGA-1,4434.0,6947.0,L4,1,0.19859820812364365,1,bisquare,8535,1.0,negbinomial,0.2842243727205218,True
TGTGGCAAAGCGTATG-1,9187.0,6118.0,L3,0,0.3136038019949736,1,bisquare,8535,1.0,negbinomial,0.2842243727205218,True
TGTGGCGGGCTTCTGG-1,7250.0,10427.0,WM,4,0.1750317240533898,1,bisquare,8535,1.0,negbinomial,0.2842243727205218,True
TGTGGCTCCCACCAAC-1,11317.0,7919.0,L3,0,0.4906267173198927,1,bisquare,8535,1.0,negbinomial,0.2842243727205218,True
TGTGGTAGGGTGCCTT-1,11797.0,8999.0,L4,1,0.2962327324279709,1,bisquare,8535,1.0,negbinomial,0.2842243727205218,True
TGTGGTTGCTAAAGCT-1,6561.0,10425.0,WM,4,0.22344367993282044,1,bisquare,8535,1.0,negbinomial,0.2842243727205218,True
TGTGTAGTAGCACGTG-1,11176.0,9596.0,L5,2,0.23232004061519643,1,bisquare,8535,1.0,negbinomial,0.2842243727205218,True
TGTGTCGCGAGTTGCA-1,5677.0,5512.0,L3,0,0.36409649276336625,1,bisquare,8535,1.0,negbinomial,0.2842243727205218,True
TGTGTTCGTATCCAAG-1,4642.0,6348.0,L3,0,0.3180468330679803,1,bisquare,8535,1.0,negbinomial,0.2842243727205218,True
TGTTATTGTATGTGGC-1,9114.0,7915.0,L4,1,0.25904289567500793,1,bisquare,8535,1.0,negbinomial,0.2842243727205218,True
TGTTCATAAATGTGCT-1,3748.0,5748.0,L3,0,0.2699191190746007,1,bisquare,8535,1.0,negbinomial,0.2842243727205218,True
TGTTCCGCTTCCATGA-1,6224.0,6951.0,L5,2,0.31155783216848487,1,bisquare,8535,1.0,negbinomial,0.2842243727205218,True
TGTTCCGGCCTGAGCT-1,7731.0,11027.0,WM,4,0.20772160113808497,1,bisquare,8535,1.0,negbinomial,0.2842243727205218,True
TGTTCGTATTGCGGTG-1,7392.0,8510.0,L6,3,0.2540418136766129,1,bisquare,8535,1.0,negbinomial,0.2842243727205218,True
TGTTCTCTACTCCCTA-1,11669.0,4207.0,L3,0,0.30648186582839937,1,bisquare,8535,1.0,negbinomial,0.2842243727205218,True
TGTTCTTCCATTGACT-1,6156.0,6591.0,L5,2,0.3157166493290176,1,bisquare,8535,1.0,negbinomial,0.2842243727205218,True
TGTTGCCGTCGTCCCA-1,11592.0,8160.0,L3,0,0.2470807862051971,1,bisquare,8535,1.0,negbinomial,0.2842243727205218,True
TGTTGTCAAGAAGTCT-1,8844.0,5518.0,L3,0,0.2830196089129671,1,bisquare,8535,1.0,negbinomial,0.2842243727205218,True
TGTTTAATACTTCATC-1,8503.0,3721.0,L3,0,0.17205242891204203,1,bisquare,8535,1.0,negbinomial,0.2842243727205218,True
TGTTTCGGTACTTCTC-1,7055.0,4796.0,L3,0,0.24723586957559876,1,bisquare,8535,1.0,negbinomial,0.2842243727205218,True
TGTTTCTGAAGCGTGC-1,3670.0,10180.0,L6,3,0.2389179863403638,1,bisquare,8535,1.0,negbinomial,0.2842243727205218,True
TGTTTGAGATCGTCAG-1,11109.0,8518.0,L4,1,0.23502805397374224,1,bisquare,8535,1.0,negbinomial,0.2842243727205218,True
TTAAACAGAGTCCCGC-1,5061.0,3714.0,L3,0,0.2812783950446299,1,bisquare,8535,1.0,negbinomial,0.2842243727205218,True
TTAAACCGGTAGCGAC-1,6782.0,3598.0,L3,0,0.24383716302891942,1,bisquare,8535,1.0,negbinomial,0.2842243727205218,True
TTAAACCTGGTTCCTT-1,4024.0,5748.0,L3,0,0.284929665632325,1,bisquare,8535,1.0,negbinomial,0.2842243727205218,True
TTAAACTCGAATTCAT-1,9737.0,6359.0,L3,0,0.3330986598166061,1,bisquare,8535,1.0,negbinomial,0.2842243727205218,True
TTAAAGGCGATGCTCG-1,6559.0,11384.0,WM,4,0.19236475265668068,1,bisquare,8535,1.0,negbinomial,0.2842243727205218,True
TTAAAGTAAGTCGCCA-1,10416.0,10913.0,L6,3,0.4563859735429881,1,bisquare,8535,1.0,negbinomial,0.2842243727205218,True
TTAACACCTCGAACAT-1,4713.0,5510.0,L3,0,0.3912187502427417,1,bisquare,8535,1.0,negbinomial,0.2842243727205218,True
TTAACCAACCCTCCCT-1,6986.0,4916.0,L3,0,0.5575070727686217,1,bisquare,8535,1.0,negbinomial,0.2842243727205218,True
TTAACGAACAAGCAGT-1,11047.0,5283.0,L3,0,0.30213763216722733,1,bisquare,8535,1.0,negbinomial,0.2842243727205218,True
TTAACGTCGCAAGACC-1,6919.0,3837.0,L3,0,0.24715065206061537,1,bisquare,8535,1.0,negbinomial,0.2842243727205218,True
TTAACGTTAAAGCCTG-1,3470.0,6945.0,L3,0,0.23553957877539813,1,bisquare,8535,1.0,negbinomial,0.2842243727205218,True
TTAACTCACGCGTGGA-1,4162.0,5509.0,L3,0,0.2827708327173,1,bisquare,8535,1.0,negbinomial,0.2842243727205218,True
TTAACTTCAGGTAGGA-1,4983.0,8146.0,L5,2,0.28167254302910355,1,bisquare,8535,1.0,negbinomial,0.2842243727205218,True
TTAAGACGAACGAACC-1,9812.0,3364.0,L3,0,0.22987924072778584,1,bisquare,8535,1.0,negbinomial,0.2842243727205218,True
TTAAGATACCCAGAGA-1,4976.0,11500.0,L6,3,0.10725794554650643,1,bisquare,8535,1.0,negbinomial,0.2842243727205218,True
TTAAGATAGGATTGAC-1,10147.0,7797.0,L3,0,0.4595080360480562,1,bisquare,8535,1.0,negbinomial,0.2842243727205218,True
TTAAGCCGACAACTTC-1,8502.0,4200.0,L3,0,0.21558960245169304,1,bisquare,8535,1.0,negbinomial,0.2842243727205218,True
TTAAGCGCCTGACCCA-1,6226.0,6232.0,L4,1,0.23189535878826237,1,bisquare,8535,1.0,negbinomial,0.2842243727205218,True
TTAAGGCCCGTACTTT-1,4911.0,9703.0,L6,3,0.5334004618284925,1,bisquare,8535,1.0,negbinomial,0.2842243727205218,True
TTAAGTATTGTTATCC-1,9384.0,10311.0,L6,3,0.2546567964303941,1,bisquare,8535,1.0,negbinomial,0.2842243727205218,True
TTAATCAGTACGTCAG-1,8432.0,4799.0,L3,0,0.16062141790210555,1,bisquare,8535,1.0,negbinomial,0.2842243727205218,True
TTAATGTAGACCAGGT-1,7878.0,6235.0,L3,0,0.34849317842707594,1,bisquare,8535,1.0,negbinomial,0.2842243727205218,True
TTAATTGCTTTGGGTG-1,8421.0,10070.0,L6,3,0.10926153822720092,1,bisquare,8535,1.0,negbinomial,0.2842243727205218,True
TTAATTTCAGACGCGG-1,7950.0,4678.0,L3,0,0.3077895081011371,1,bisquare,8535,1.0,negbinomial,0.2842243727205218,True
TTACAACTACGCATCC-1,6778.0,5514.0,L3,0,0.2141005707050957,1,bisquare,8535,1.0,negbinomial,0.2842243727205218,True
TTACACGATCTGCGAC-1,10762.0,10075.0,L6,3,0.3226829039668213,1,bisquare,8535,1.0,negbinomial,0.2842243727205218,True
TTACAGACCTAAATGA-1,9807.0,5760.0,L3,0,0.33455721327507704,1,bisquare,8535,1.0,negbinomial,0.2842243727205218,True
TTACATCGTGGCCTGG-1,5678.0,5033.0,L3,0,0.39065888123605697,1,bisquare,8535,1.0,negbinomial,0.2842243727205218,True
TTACATGCCACAACTA-1,10285.0,7558.0,L3,0,0.399775225060013,1,bisquare,8535,1.0,negbinomial,0.2842243727205218,True
TTACCATTGATTACCC-1,5123.0,6709.0,L4,1,0.16771308057494216,1,bisquare,8535,1.0,negbinomial,0.2842243727205218,True
TTACCCATTGCCGGGT-1,9052.0,4680.0,L3,0,0.3657548341956067,1,bisquare,8535,1.0,negbinomial,0.2842243727205218,True
TTACCCTAACAGTCCT-1,4850.0,5510.0,L3,0,0.3531958362285443,1,bisquare,8535,1.0,negbinomial,0.2842243727205218,True
TTACCCTAGGGATTGG-1,7182.0,9828.0,WM,4,0.3793524765664611,1,bisquare,8535,1.0,negbinomial,0.2842243727205218,True
TTACCGCCTTAGGGAA-1,4647.0,3953.0,L3,0,0.17894900339686592,1,bisquare,8535,1.0,negbinomial,0.2842243727205218,True
TTACGGATGGTTCGAG-1,9599.0,6598.0,L3,0,0.5321560681921564,1,bisquare,8535,1.0,negbinomial,0.2842243727205218,True
TTACGTATCTATGACA-1,11174.0,10315.0,L6,3,0.27180444706174706,1,bisquare,8535,1.0,negbinomial,0.2842243727205218,True
TTACTAAAGGACTTTA-1,8562.0,8393.0,L5,2,0.3932894813850621,1,bisquare,8535,1.0,negbinomial,0.2842243727205218,True
TTACTATCGGCTTCTC-1,4297.0,6707.0,L3,0,0.22216094058316835,1,bisquare,8535,1.0,negbinomial,0.2842243727205218,True
TTACTCCGGCCGGGAA-1,8566.0,6716.0,L3,0,0.3641696164839448,1,bisquare,8535,1.0,negbinomial,0.2842243727205218,True
TTACTCTGGTACGTAC-1,5328.0,7787.0,L5,2,0.18334499612160057,1,bisquare,8535,1.0,negbinomial,0.2842243727205218,True
TTACTGGGATATTTCA-1,6911.0,7910.0,L5,2,0.1959032772374513,1,bisquare,8535,1.0,negbinomial,0.2842243727205218,True
TTACTGTCTAGAGCTC-1,11117.0,4924.0,L3,0,0.2265589206292958,1,bisquare,8535,1.0,negbinomial,0.2842243727205218,True
TTAGAAGAACATGACT-1,7597.0,8870.0,L6,3,0.49696797803400866,1,bisquare,8535,1.0,negbinomial,0.2842243727205218,True
TTAGAATAAGGGTCGG-1,6287.0,9946.0,WM,4,0.3037703759020208,1,bisquare,8535,1.0,negbinomial,0.2842243727205218,True
TTAGACACGATCGTTG-1,9121.0,4561.0,L3,0,0.22584750161424186,1,bisquare,8535,1.0,negbinomial,0.2842243727205218,True
TTAGACGAGTCACCTC-1,8700.0,8393.0,L5,2,0.20804129933634272,1,bisquare,8535,1.0,negbinomial,0.2842243727205218,True
TTAGAGTTTAGAAGGA-1,9113.0,8155.0,L5,2,0.403954022642482,1,bisquare,8535,1.0,negbinomial,0.2842243727205218,True
TTAGATAGGTCGATAC-1,4647.0,4192.0,L3,0,0.10104102901729752,1,bisquare,8535,1.0,negbinomial,0.2842243727205218,True
TTAGCAACATGGATGT-1,5127.0,5032.0,L3,0,0.2063121423891838,1,bisquare,8535,1.0,negbinomial,0.2842243727205218,True
TTAGCTAATACGATCT-1,9946.0,5281.0,L3,0,0.27388371466777905,1,bisquare,8535,1.0,negbinomial,0.2842243727205218,True
TTAGCTCTGTAATCCG-1,4229.0,6348.0,L3,0,0.3277246803816504,1,bisquare,8535,1.0,negbinomial,0.2842243727205218,True
TTAGCTGATTTGCCGT-1,9666.0,7197.0,L3,0,0.3700098633450034,1,bisquare,8535,1.0,negbinomial,0.2842243727205218,True
TTAGGTCATAACCGAC-1,5806.0,9585.0,L6,3,0.12381334633628642,1,bisquare,8535,1.0,negbinomial,0.2842243727205218,True
TTAGTAAACCTGCTCT-1,9660.0,10072.0,L6,3,0.34050774743854534,1,bisquare,8535,1.0,negbinomial,0.2842243727205218,True
TTAGTAGGGCGGCGGG-1,4986.0,6708.0,L4,1,0.24582686150799107,1,bisquare,8535,1.0,negbinomial,0.2842243727205218,True
TTAGTTATTCGTGGCA-1,9457.0,8275.0,L5,2,0.30892815147243435,1,bisquare,8535,1.0,negbinomial,0.2842243727205218,True
TTAGTTCAAGTGTTCG-1,10909.0,5283.0,L3,0,0.2359863574359564,1,bisquare,8535,1.0,negbinomial,0.2842243727205218,True
TTATAGGTAATTGTCT-1,8215.0,9950.0,WM,4,0.5051242257777998,1,bisquare,8535,1.0,negbinomial,0.2842243727205218,True
TTATAGTCCAAGGTGC-1,10569.0,3246.0,L3,0,0.36880101551604566,1,bisquare,8535,1.0,negbinomial,0.2842243727205218,True
TTATATACGCTGTCAC-1,8289.0,7194.0,L4,1,0.2994751666752153,1,bisquare,8535,1.0,negbinomial,0.2842243727205218,True
TTATATTTGGCAATCC-1,7604.0,5756.0,L3,0,0.3610572778052265,1,bisquare,8535,1.0,negbinomial,0.2842243727205218,True
TTATCCAATCGAACTC-1,5473.0,4194.0,L3,0,0.24007830939470656,1,bisquare,8535,1.0,negbinomial,0.2842243727205218,True
TTATCCGGGATCTATA-1,9181.0,8754.0,L5,2,0.26974820469599964,1,bisquare,8535,1.0,negbinomial,0.2842243727205218,True
TTATCCTCAAGGAATA-1,4430.0,8864.0,L5,2,0.17128255783351315,1,bisquare,8535,1.0,negbinomial,0.2842243727205218,True
TTATCGCCTGCGAAGC-1,4368.0,5869.0,L3,0,0.2860295441201154,1,bisquare,8535,1.0,negbinomial,0.2842243727205218,True
TTATCTGACATTAGGA-1,3743.0,8143.0,L5,2,0.13933467083222204,1,bisquare,8535,1.0,negbinomial,0.2842243727205218,True
TTATCTGTATCATAAC-1,7329.0,5276.0,L3,0,0.4042750983684889,1,bisquare,8535,1.0,negbinomial,0.2842243727205218,True
TTATGAATGAAAGGGA-1,7531.0,7552.0,L5,2,0.5236354435994006,1,bisquare,8535,1.0,negbinomial,0.2842243727205218,True
TTATGACAAACTGGAT-1,5607.0,5871.0,L3,0,0.2773761392088422,1,bisquare,8535,1.0,negbinomial,0.2842243727205218,True
TTATGATCTTAACGAA-1,8840.0,7196.0,L3,0,0.5731655951101459,1,bisquare,8535,1.0,negbinomial,0.2842243727205218,True
TTATGCGTCCCGGTCC-1,6300.0,3477.0,L3,0,0.20493957756045028,1,bisquare,8535,1.0,negbinomial,0.2842243727205218,True
TTATGTTTGCGATAGA-1,4574.0,5749.0,L3,0,0.22828470749837884,1,bisquare,8535,1.0,negbinomial,0.2842243727205218,True
TTATTAGAGCGTGTTC-1,8012.0,8152.0,L5,2,0.167068427364791,1,bisquare,8535,1.0,negbinomial,0.2842243727205218,True
TTATTAGGGAAGCATC-1,7262.0,4437.0,L3,0,0.16945853280701287,1,bisquare,8535,1.0,negbinomial,0.2842243727205218,True
TTATTATCTGGAAGGC-1,11521.0,9238.0,L4,1,0.2114612869462177,1,bisquare,8535,1.0,negbinomial,0.2842243727205218,True
TTCAAAGTCTCTAGCC-1,8359.0,6835.0,L3,0,0.27698726971586984,1,bisquare,8535,1.0,negbinomial,0.2842243727205218,True
TTCAACGACCCGACCG-1,6504.0,5034.0,L3,0,0.28280755739701247,1,bisquare,8535,1.0,negbinomial,0.2842243727205218,True
TTCAAGCCGAGCTGAG-1,8364.0,4200.0,L3,0,0.13065411406544203,1,bisquare,8535,1.0,negbinomial,0.2842243727205218,True
TTCAATACTCTGAATC-1,9115.0,7196.0,L3,0,0.5617438913786317,1,bisquare,8535,1.0,negbinomial,0.2842243727205218,True
TTCAATTAGCCATAAT-1,8503.0,3481.0,L3,0,0.22583104048926275,1,bisquare,8535,1.0,negbinomial,0.2842243727205218,True
TTCACGAAAGGATCAC-1,6912.0,7192.0,L5,2,0.34224121340493424,1,bisquare,8535,1.0,negbinomial,0.2842243727205218,True
TTCACGGTCGTCACGT-1,5045.0,11141.0,L6,3,0.1508384981046439,1,bisquare,8535,1.0,negbinomial,0.2842243727205218,True
TTCACTCGAGCACCTA-1,7941.0,9230.0,L6,3,0.4027324703424059,1,bisquare,8535,1.0,negbinomial,0.2842243727205218,True
TTCACTTCCTAGAACG-1,6699.0,10665.0,WM,4,0.28280371471389687,1,bisquare,8535,1.0,negbinomial,0.2842243727205218,True
TTCAGCCCTGGTCCAC-1,9044.0,8274.0,L5,2,0.46594453638511735,1,bisquare,8535,1.0,negbinomial,0.2842243727205218,True
TTCAGCTGGCGTGCCC-1,9731.0,9234.0,L5,2,0.2192330335158987,1,bisquare,8535,1.0,negbinomial,0.2842243727205218,True
TTCAGGCGTCAAAGCC-1,4296.0,7426.0,L5,2,0.20505127167039985,1,bisquare,8535,1.0,negbinomial,0.2842243727205218,True
TTCAGTTCAAGAGGAG-1,5802.0,11262.0,WM,4,0.2527046509053588,1,bisquare,8535,1.0,negbinomial,0.2842243727205218,True
TTCAGTTTGTGGCAGC-1,3679.0,5867.0,L3,0,0.13800777551968185,1,bisquare,8535,1.0,negbinomial,0.2842243727205218,True
TTCATGGCGCAACAGG-1,8363.0,4919.0,L3,0,0.22914191611665466,1,bisquare,8535,1.0,negbinomial,0.2842243727205218,True
TTCCAATCAGAGCTAG-1,9739.0,5401.0,L3,0,0.25262186327778446,1,bisquare,8535,1.0,negbinomial,0.2842243727205218,True
TTCCAATCTGGCTATC-1,6359.0,8388.0,L6,3,0.2102999466368267,1,bisquare,8535,1.0,negbinomial,0.2842243727205218,True
TTCCACACAGATTTGA-1,6359.0,8628.0,L6,3,0.2625526529747087,1,bisquare,8535,1.0,negbinomial,0.2842243727205218,True
TTCCAGACGAGATTTA-1,10836.0,7320.0,L3,0,0.5473247128654863,1,bisquare,8535,1.0,negbinomial,0.2842243727205218,True
TTCCAGTGGGTTTCGT-1,6421.0,11623.0,WM,4,0.09161782766715283,1,bisquare,8535,1.0,negbinomial,0.2842243727205218,True
TTCCATCATGCGGTGA-1,10017.0,4203.0,L3,0,0.27820779546572433,1,bisquare,8535,1.0,negbinomial,0.2842243727205218,True
TTCCATCGACAGCGTG-1,10556.0,9954.0,L6,3,0.3122606757508582,1,bisquare,8535,1.0,negbinomial,0.2842243727205218,True
TTCCCGGCGCCAATAG-1,4019.0,8144.0,L5,2,0.22386135558836143,1,bisquare,8535,1.0,negbinomial,0.2842243727205218,True
TTCCGCAGAGAAATAT-1,10152.0,5162.0,L3,0,0.20452018340848907,1,bisquare,8535,1.0,negbinomial,0.2842243727205218,True
TTCCGCGTGAGGCGAT-1,7599.0,8151.0,L5,2,0.29497743671924415,1,bisquare,8535,1.0,negbinomial,0.2842243727205218,True
TTCCGGCCTTGAGGCT-1,6220.0,9107.0,L6,3,0.33137446447187857,1,bisquare,8535,1.0,negbinomial,0.2842243727205218,True
TTCCGGCTCGACTTCT-1,10774.0,4085.0,L3,0,0.15254584078298167,1,bisquare,8535,1.0,negbinomial,0.2842243727205218,True
TTCCGGTATCTGTGTC-1,11111.0,7560.0,L3,0,0.2862963963783692,1,bisquare,8535,1.0,negbinomial,0.2842243727205218,True
TTCCGGTTACCCACTT-1,9183.0,8035.0,L4,1,0.3429757343656457,1,bisquare,8535,1.0,negbinomial,0.2842243727205218,True
TTCCTCGAGGGTGTCT-1,6572.0,5154.0,L3,0,0.4243567403221804,1,bisquare,8535,1.0,negbinomial,0.2842243727205218,True
TTCCTCGGACTAACCA-1,9112.0,8634.0,L5,2,0.49040974429014983,1,bisquare,8535,1.0,negbinomial,0.2842243727205218,True
TTCCTCTGCCCGAATA-1,4228.0,6827.0,L4,1,0.2716408677633677,1,bisquare,8535,1.0,negbinomial,0.2842243727205218,True
TTCCTTTCTGTGTTGC-1,4922.0,3953.0,L3,0,0.09298399146218153,1,bisquare,8535,1.0,negbinomial,0.2842243727205218,True
TTCGAACGAAACATGC-1,6077.0,11503.0,WM,4,0.13435457108067353,1,bisquare,8535,1.0,negbinomial,0.2842243727205218,True
TTCGACAGAGCCCGTG-1,7873.0,8871.0,L6,3,0.41307887961449086,1,bisquare,8535,1.0,negbinomial,0.2842243727205218,True
TTCGACGGGAAGGGCG-1,6227.0,5513.0,L3,0,0.29739425686879306,1,bisquare,8535,1.0,negbinomial,0.2842243727205218,True
TTCGAGCCGGCGCTAC-1,11670.0,3727.0,L3,0,0.09392063820203934,1,bisquare,8535,1.0,negbinomial,0.2842243727205218,True
TTCGCACTCGCGTGCT-1,6296.0,5633.0,L3,0,0.2184308090018762,1,bisquare,8535,1.0,negbinomial,0.2842243727205218,True
TTCGCACTGTACGACA-1,7251.0,9948.0,WM,4,0.34381781281399204,1,bisquare,8535,1.0,negbinomial,0.2842243727205218,True
TTCGCATCCGGAAGCA-1,4509.0,3952.0,L3,0,0.1685781299209647,1,bisquare,8535,1.0,negbinomial,0.2842243727205218,True
TTCGCCGCTCGCGCTA-1,3810.0,9461.0,L5,2,0.20208656686244225,1,bisquare,8535,1.0,negbinomial,0.2842243727205218,True
TTCGCGCGCCATACGA-1,6425.0,9706.0,WM,4,0.4572833129376729,1,bisquare,8535,1.0,negbinomial,0.2842243727205218,True
TTCGCTAGGAAGTTGT-1,11249.0,7560.0,L3,0,0.3805770677053642,1,bisquare,8535,1.0,negbinomial,0.2842243727205218,True
TTCGCTATCTGACGTG-1,10084.0,5042.0,L3,0,0.17887756667987112,1,bisquare,8535,1.0,negbinomial,0.2842243727205218,True
TTCGGACTGATGCCTT-1,10018.0,3484.0,L3,0,0.25766440687350883,1,bisquare,8535,1.0,negbinomial,0.2842243727205218,True
TTCGGCAACCCGCTGA-1,9259.0,4561.0,L3,0,0.2007353693711473,1,bisquare,8535,1.0,negbinomial,0.2842243727205218,True
TTCGGCTAGAGATGGT-1,4852.0,4791.0,L3,0,0.18236742477813836,1,bisquare,8535,1.0,negbinomial,0.2842243727205218,True
TTCGGGACTAATCGCG-1,8152.0,6955.0,L4,1,0.1638001593028931,1,bisquare,8535,1.0,negbinomial,0.2842243727205218,True
TTCGGGCGCTAGTCTT-1,5738.0,9226.0,L6,3,0.18861752009772992,1,bisquare,8535,1.0,negbinomial,0.2842243727205218,True
TTCGGGTTGCCACGGG-1,11244.0,9956.0,L5,2,0.2359930432418814,1,bisquare,8535,1.0,negbinomial,0.2842243727205218,True
TTCGGTACTGTAGAGG-1,7525.0,10667.0,WM,4,0.16889339746637155,1,bisquare,8535,1.0,negbinomial,0.2842243727205218,True
TTCGGTGGAGACGCCC-1,11523.0,8279.0,L3,0,0.3240869567782679,1,bisquare,8535,1.0,negbinomial,0.2842243727205218,True
TTCGTAATCCCAGCGG-1,9122.0,4082.0,L3,0,0.3842269721368673,1,bisquare,8535,1.0,negbinomial,0.2842243727205218,True
TTCGTACTCCAGAACG-1,5193.0,6110.0,L3,0,0.2466828129572267,1,bisquare,8535,1.0,negbinomial,0.2842243727205218,True
TTCGTGGGCTGGAAGC-1,11052.0,3127.0,L3,0,0.332746918153724,1,bisquare,8535,1.0,negbinomial,0.2842243727205218,True
TTCGTTCAACGAAGTT-1,10427.0,5402.0,L3,0,0.25835047906382147,1,bisquare,8535,1.0,negbinomial,0.2842243727205218,True
TTCTAACCGAAGCTTA-1,9392.0,6718.0,L3,0,0.22114584491686803,1,bisquare,8535,1.0,negbinomial,0.2842243727205218,True
TTCTACCTCAATCGGT-1,4770.0,10901.0,L6,3,0.2584007170269352,1,bisquare,8535,1.0,negbinomial,0.2842243727205218,True
TTCTACCTTTATGTTG-1,8986.0,3362.0,L3,0,0.18521512828645326,1,bisquare,8535,1.0,negbinomial,0.2842243727205218,True
TTCTACTTGCGAGGGC-1,5402.0,5272.0,L3,0,0.1552643108922993,1,bisquare,8535,1.0,negbinomial,0.2842243727205218,True
TTCTAGAAAGTCTTAT-1,6356.0,9826.0,WM,4,0.45850982745796626,1,bisquare,8535,1.0,negbinomial,0.2842243727205218,True
TTCTAGGCCAATTGTG-1,6228.0,5274.0,L3,0,0.17556993217812256,1,bisquare,8535,1.0,negbinomial,0.2842243727205218,True
TTCTATGCCTTTCGCA-1,11527.0,6123.0,L3,0,0.11146427853686319,1,bisquare,8535,1.0,negbinomial,0.2842243727205218,True
TTCTATTAAACGCAGC-1,6974.0,10666.0,WM,4,0.23950957598898828,1,bisquare,8535,1.0,negbinomial,0.2842243727205218,True
TTCTCAATTGCTACAA-1,4150.0,11259.0,L6,3,0.2150640232096,1,bisquare,8535,1.0,negbinomial,0.2842243727205218,True
TTCTCTTACAGGTGAT-1,3739.0,10060.0,L6,3,0.21764025957950026,1,bisquare,8535,1.0,negbinomial,0.2842243727205218,True
TTCTGACCGGGCTCAA-1,8974.0,8873.0,L5,2,0.4312416920295427,1,bisquare,8535,1.0,negbinomial,0.2842243727205218,True
TTCTGCCGCGCCTAGA-1,7942.0,8512.0,L5,2,0.17343320133967197,1,bisquare,8535,1.0,negbinomial,0.2842243727205218,True
TTCTGCGAGCGCCCTT-1,4366.0,6587.0,L3,0,0.23548559747621847,1,bisquare,8535,1.0,negbinomial,0.2842243727205218,True
TTCTGCGGGTTAGCGG-1,8702.0,7435.0,L4,1,0.2538249688366928,1,bisquare,8535,1.0,negbinomial,0.2842243727205218,True
TTCTGCTAGACTCCAA-1,10495.0,6001.0,L3,0,0.25915239471552876,1,bisquare,8535,1.0,negbinomial,0.2842243727205218,True
TTCTTAGTGAACGGTG-1,5540.0,4793.0,L3,0,0.2644745187988203,1,bisquare,8535,1.0,negbinomial,0.2842243727205218,True
TTCTTAGTGGCTCAGA-1,7399.0,4677.0,L3,0,0.28982111575622416,1,bisquare,8535,1.0,negbinomial,0.2842243727205218,True
TTCTTATCCGCTGGGT-1,10145.0,8516.0,L4,1,0.2682352581059343,1,bisquare,8535,1.0,negbinomial,0.2842243727205218,True
TTCTTGAGCCGCGCTA-1,6015.0,8268.0,L6,3,0.30395489864610514,1,bisquare,8535,1.0,negbinomial,0.2842243727205218,True
TTCTTGCTAGCATCTC-1,10767.0,7439.0,L3,0,0.406775711184529,1,bisquare,8535,1.0,negbinomial,0.2842243727205218,True
TTCTTGGACGATCTGC-1,5394.0,8866.0,L6,3,0.18636045309321325,1,bisquare,8535,1.0,negbinomial,0.2842243727205218,True
TTCTTGGAGTAATGAG-1,8638.0,5159.0,L3,0,0.1978422835298841,1,bisquare,8535,1.0,negbinomial,0.2842243727205218,True
TTCTTGTAACCTAATG-1,5608.0,5392.0,L3,0,0.21892942563337733,1,bisquare,8535,1.0,negbinomial,0.2842243727205218,True
TTCTTGTGTCCATCAG-1,3747.0,6227.0,L3,0,0.23117724630797715,1,bisquare,8535,1.0,negbinomial,0.2842243727205218,True
TTCTTTGGTCGCGACG-1,10358.0,5522.0,L3,0,0.19604231555253662,1,bisquare,8535,1.0,negbinomial,0.2842243727205218,True
TTGAAACCCTCATTCC-1,11449.0,10795.0,L6,3,0.19887272174087242,1,bisquare,8535,1.0,negbinomial,0.2842243727205218,True
TTGAAAGGTGTAAAGG-1,10292.0,4204.0,L3,0,0.36829058917064483,1,bisquare,8535,1.0,negbinomial,0.2842243727205218,True
TTGAACGAATCCTTTG-1,4645.0,4911.0,L3,0,0.26598124806182494,1,bisquare,8535,1.0,negbinomial,0.2842243727205218,True
TTGAACGACGTGCTGA-1,9248.0,9832.0,L6,3,0.33215601355680124,1,bisquare,8535,1.0,negbinomial,0.2842243727205218,True
TTGAAGAATTCCCAGG-1,6638.0,6472.0,L4,1,0.36149063300835105,1,bisquare,8535,1.0,negbinomial,0.2842243727205218,True
TTGAAGGATGGGCGCC-1,4015.0,10061.0,L6,3,0.5198458016095581,1,bisquare,8535,1.0,negbinomial,0.2842243727205218,True
TTGAATATGGACTTTC-1,8428.0,6716.0,L3,0,0.24202458363309737,1,bisquare,8535,1.0,negbinomial,0.2842243727205218,True
TTGAATCGTTGTATAA-1,3881.0,8383.0,L5,2,0.4274926703297669,1,bisquare,8535,1.0,negbinomial,0.2842243727205218,True
TTGAATTCACGTGAGG-1,9873.0,7318.0,L3,0,0.3271610804947163,1,bisquare,8535,1.0,negbinomial,0.2842243727205218,True
TTGACAGGAGCTCCCG-1,10008.0,8276.0,L4,1,0.2193941430661324,1,bisquare,8535,1.0,negbinomial,0.2842243727205218,True
TTGACATGAACGTGGA-1,5396.0,7907.0,L5,2,0.2229455204564345,1,bisquare,8535,1.0,negbinomial,0.2842243727205218,True
TTGACCAGGAACAACT-1,8696.0,10310.0,WM,4,0.5401742052635985,1,bisquare,8535,1.0,negbinomial,0.2842243727205218,True
TTGACCATGTTCTCCG-1,8568.0,5518.0,L3,0,0.32190617445358,1,bisquare,8535,1.0,negbinomial,0.2842243727205218,True
TTGACCGTGTTAATGA-1,5532.0,8626.0,L6,3,0.3000823798713183,1,bisquare,8535,1.0,negbinomial,0.2842243727205218,True
TTGACGATTCAGCACG-1,6713.0,3717.0,L3,0,0.176044015300518,1,bisquare,8535,1.0,negbinomial,0.2842243727205218,True
TTGACGCTCCATGAGC-1,10147.0,7558.0,L3,0,0.3793308333978018,1,bisquare,8535,1.0,negbinomial,0.2842243727205218,True
TTGACTACCATATGGT-1,6016.0,7789.0,L5,2,0.3769490136374051,1,bisquare,8535,1.0,negbinomial,0.2842243727205218,True
TTGACTATTGTCCGGC-1,10353.0,8157.0,L4,1,0.3649202026531396,1,bisquare,8535,1.0,negbinomial,0.2842243727205218,True
TTGAGAAGTTTAGCAT-1,9180.0,9233.0,L5,2,0.3385897588476778,1,bisquare,8535,1.0,negbinomial,0.2842243727205218,True
TTGAGAGTACTGCTAA-1,5809.0,7908.0,L5,2,0.3161631898935799,1,bisquare,8535,1.0,negbinomial,0.2842243727205218,True
TTGAGCAGCCCACGGT-1,11179.0,7919.0,L3,0,0.42118117681475986,1,bisquare,8535,1.0,negbinomial,0.2842243727205218,True
TTGAGCGCCACGTGAT-1,11319.0,7201.0,L3,0,0.4644843770316248,1,bisquare,8535,1.0,negbinomial,0.2842243727205218,True
TTGAGGCATTTAACTC-1,9467.0,3483.0,L3,0,0.40415408833563243,1,bisquare,8535,1.0,negbinomial,0.2842243727205218,True
TTGAGTCCCGCTGCTG-1,11387.0,7321.0,L3,0,0.23606974031966077,1,bisquare,8535,1.0,negbinomial,0.2842243727205218,True
TTGATAGTCAATACAT-1,11115.0,5883.0,L3,0,0.23014120430139745,1,bisquare,8535,1.0,negbinomial,0.2842243727205218,True
TTGATCTAACTTTGTC-1,6433.0,6112.0,L3,0,0.2801117344943833,1,bisquare,8535,1.0,negbinomial,0.2842243727205218,True
TTGATGCCGCTCGTCG-1,5527.0,11022.0,WM,4,0.4838296470901467,1,bisquare,8535,1.0,negbinomial,0.2842243727205218,True
TTGATGTGTAGTCCCG-1,9394.0,5520.0,L3,0,0.4070348222567146,1,bisquare,8535,1.0,negbinomial,0.2842243727205218,True
TTGATTAGCTGTTTCT-1,5533.0,8387.0,L6,3,0.32592079078958247,1,bisquare,8535,1.0,negbinomial,0.2842243727205218,True
TTGATTATGCAGATGA-1,5469.0,5871.0,L3,0,0.244722954766424,1,bisquare,8535,1.0,negbinomial,0.2842243727205218,True
TTGCAAGAAGACTCCT-1,7868.0,11027.0,WM,4,0.17471713681074766,1,bisquare,8535,1.0,negbinomial,0.2842243727205218,True
TTGCACAATTCAGAAA-1,7118.0,7791.0,L5,2,0.5430742265009303,1,bisquare,8535,1.0,negbinomial,0.2842243727205218,True
TTGCACGGAGCAGCAC-1,7261.0,5156.0,L3,0,0.26079060261923365,1,bisquare,8535,1.0,negbinomial,0.2842243727205218,True
TTGCATGCTGATCACG-1,5603.0,7548.0,L5,2,0.18349356892795393,1,bisquare,8535,1.0,negbinomial,0.2842243727205218,True
TTGCCAAGCAGAACCC-1,11042.0,7919.0,L3,0,0.5620927792354828,1,bisquare,8535,1.0,negbinomial,0.2842243727205218,True
TTGCCATAGCCCGCTC-1,4843.0,9104.0,L6,3,0.3699599618954426,1,bisquare,8535,1.0,negbinomial,0.2842243727205218,True
TTGCCCTGATCACGGG-1,5536.0,6949.0,L5,2,0.4917701331268944,1,bisquare,8535,1.0,negbinomial,0.2842243727205218,True
TTGCCGCAGACCTACA-1,4428.0,10062.0,L6,3,0.30063625828100643,1,bisquare,8535,1.0,negbinomial,0.2842243727205218,True
TTGCCGCTTTCTAGTA-1,8559.0,10070.0,L6,3,0.16489095635794507,1,bisquare,8535,1.0,negbinomial,0.2842243727205218,True
TTGCCGGTGATCCCTC-1,9879.0,3963.0,L3,0,0.17183377774428457,1,bisquare,8535,1.0,negbinomial,0.2842243727205218,True
TTGCCTAATCCAAAGT-1,4633.0,10901.0,L6,3,0.2986842431693236,1,bisquare,8535,1.0,negbinomial,0.2842243727205218,True
TTGCCTTCTCGCCGGG-1,10347.0,10793.0,L6,3,0.3496038502681043,1,bisquare,8535,1.0,negbinomial,0.2842243727205218,True
TTGCGCTTGATCAATA-1,10140.0,10912.0,L6,3,0.27437297114711434,1,bisquare,8535,1.0,negbinomial,0.2842243727205218,True
TTGCGGAAAGCTGCCC-1,6077.0,11742.0,WM,4,0.24708930613829333,1,bisquare,8535,1.0,negbinomial,0.2842243727205218,True
TTGCGGCATCAGAAAG-1,6289.0,8987.0,L6,3,0.36342146392775043,1,bisquare,8535,1.0,negbinomial,0.2842243727205218,True
TTGCGTAGTTTGAGGA-1,4506.0,5629.0,L3,0,0.23564360348040378,1,bisquare,8535,1.0,negbinomial,0.2842243727205218,True
TTGCGTCGGCCAACCG-1,6014.0,8747.0,L6,3,0.21120225645166368,1,bisquare,8535,1.0,negbinomial,0.2842243727205218,True
TTGCGTGAACGCTTAG-1,9810.0,4323.0,L3,0,0.21453372557343262,1,bisquare,8535,1.0,negbinomial,0.2842243727205218,True
TTGCGTGTGTAGGCAT-1,8901.0,10909.0,WM,4,0.11250748102057608,1,bisquare,8535,1.0,negbinomial,0.2842243727205218,True
TTGCTCATAGTACGTG-1,10554.0,10673.0,L6,3,0.24993724647572815,1,bisquare,8535,1.0,negbinomial,0.2842243727205218,True
TTGCTCCCATACCGGA-1,8156.0,5277.0,L3,0,0.2550643716377075,1,bisquare,8535,1.0,negbinomial,0.2842243727205218,True
TTGCTGAAGGAACCAC-1,7124.0,4916.0,L3,0,0.26278836210938894,1,bisquare,8535,1.0,negbinomial,0.2842243727205218,True
TTGCTGATCATGTTCG-1,7120.0,6593.0,L4,1,0.25417918013446905,1,bisquare,8535,1.0,negbinomial,0.2842243727205218,True
TTGCTGCACCTATCCA-1,4575.0,5270.0,L3,0,0.1811652536619503,1,bisquare,8535,1.0,negbinomial,0.2842243727205218,True
TTGCTGGCCGGGCTTC-1,8572.0,3601.0,L3,0,0.11474123445827032,1,bisquare,8535,1.0,negbinomial,0.2842243727205218,True
TTGGAAGAATACAGTC-1,4844.0,8625.0,L5,2,0.17861971573597135,1,bisquare,8535,1.0,negbinomial,0.2842243727205218,True
TTGGACATGTGGCTTA-1,5190.0,7547.0,L5,2,0.21257121406808052,1,bisquare,8535,1.0,negbinomial,0.2842243727205218,True
TTGGACCATCTGGCAA-1,10420.0,8756.0,L5,2,0.27887863732733176,1,bisquare,8535,1.0,negbinomial,0.2842243727205218,True
TTGGACCTATAACAGT-1,9111.0,9352.0,L6,3,0.4151673288644784,1,bisquare,8535,1.0,negbinomial,0.2842243727205218,True
TTGGAGTCTCCCTTCT-1,6231.0,3596.0,L3,0,0.10281347851844436,1,bisquare,8535,1.0,negbinomial,0.2842243727205218,True
TTGGATATCGTCTACG-1,6772.0,8389.0,L6,3,0.243489865414009,1,bisquare,8535,1.0,negbinomial,0.2842243727205218,True
TTGGATCGACTTCTGG-1,7332.0,3838.0,L3,0,0.3539765019021449,1,bisquare,8535,1.0,negbinomial,0.2842243727205218,True
TTGGATTGGGTACCAC-1,6986.0,4676.0,L3,0,0.37050105442264253,1,bisquare,8535,1.0,negbinomial,0.2842243727205218,True
TTGGCCAAATTGTATC-1,9107.0,11509.0,WM,4,0.34220382273241967,1,bisquare,8535,1.0,negbinomial,0.2842243727205218,True
TTGGCCATCTTGCGCT-1,4646.0,4671.0,L3,0,0.18832773892386379,1,bisquare,8535,1.0,negbinomial,0.2842243727205218,True
TTGGCCTAGAATTTCG-1,8845.0,4560.0,L3,0,0.3151978750453799,1,bisquare,8535,1.0,negbinomial,0.2842243727205218,True
TTGGCGATCCGAATAT-1,11526.0,6842.0,L3,0,0.21936195422332455,1,bisquare,8535,1.0,negbinomial,0.2842243727205218,True
TTGGCTCAATATGTGT-1,10968.0,10434.0,L6,3,0.4085692825960015,1,bisquare,8535,1.0,negbinomial,0.2842243727205218,True
TTGGCTCGCATGAGAC-1,5746.0,5392.0,L3,0,0.2551197304570668,1,bisquare,8535,1.0,negbinomial,0.2842243727205218,True
TTGGGAAGACGAGCCG-1,7593.0,10787.0,WM,4,0.21480818489932285,1,bisquare,8535,1.0,negbinomial,0.2842243727205218,True
TTGGGACACTGCCCGC-1,8016.0,5996.0,L3,0,0.22269088967758818,1,bisquare,8535,1.0,negbinomial,0.2842243727205218,True
TTGGGACGTAAGAGTT-1,10696.0,8757.0,L4,1,0.2529790933272508,1,bisquare,8535,1.0,negbinomial,0.2842243727205218,True
TTGGGCGGCGGTTGCC-1,8429.0,6236.0,L3,0,0.2560949654202664,1,bisquare,8535,1.0,negbinomial,0.2842243727205218,True
TTGGGTTTATTCAGCG-1,11806.0,4446.0,L3,0,0.14632871152728852,1,bisquare,8535,1.0,negbinomial,0.2842243727205218,True
TTGGTATGGCTTGTGT-1,11251.0,6602.0,L3,0,0.369141526611673,1,bisquare,8535,1.0,negbinomial,0.2842243727205218,True
TTGGTCACACTCGTAA-1,6497.0,8389.0,L6,3,0.3352220931260253,1,bisquare,8535,1.0,negbinomial,0.2842243727205218,True
TTGGTGCGGTGTTGAA-1,11602.0,3368.0,L3,0,0.0815466502373412,1,bisquare,8535,1.0,negbinomial,0.2842243727205218,True
TTGGTTGCGGTGCGCG-1,4774.0,8984.0,L6,3,0.20309008360560532,1,bisquare,8535,1.0,negbinomial,0.2842243727205218,True
TTGTAAGGACCTAAGT-1,5396.0,8147.0,L5,2,0.22382569893456125,1,bisquare,8535,1.0,negbinomial,0.2842243727205218,True
TTGTAAGGCCAGTTGG-1,8774.0,5878.0,L3,0,0.2391402577025633,1,bisquare,8535,1.0,negbinomial,0.2842243727205218,True
TTGTAATCCGTACTCG-1,6982.0,6832.0,L5,2,0.24644117702803764,1,bisquare,8535,1.0,negbinomial,0.2842243727205218,True
TTGTATCACACAGAAT-1,8296.0,4080.0,L3,0,0.16435090540016395,1,bisquare,8535,1.0,negbinomial,0.2842243727205218,True
TTGTCGTTCAGTTACC-1,7192.0,5276.0,L3,0,0.31022714818215974,1,bisquare,8535,1.0,negbinomial,0.2842243727205218,True
TTGTCTCGGCAAGATG-1,6008.0,11622.0,WM,4,0.09464672024453773,1,bisquare,8535,1.0,negbinomial,0.2842243727205218,True
TTGTGAACCTAATCCG-1,9386.0,9353.0,L5,2,0.36511304533926786,1,bisquare,8535,1.0,negbinomial,0.2842243727205218,True
TTGTGAGGCATGACGC-1,4088.0,7785.0,L5,2,0.19194984265354198,1,bisquare,8535,1.0,negbinomial,0.2842243727205218,True
TTGTGATCTGTTCAGT-1,10829.0,10913.0,L6,3,0.3273248640286121,1,bisquare,8535,1.0,negbinomial,0.2842243727205218,True
TTGTGCAGCCACGTCA-1,8284.0,9830.0,L6,3,0.17124392330246024,1,bisquare,8535,1.0,negbinomial,0.2842243727205218,True
TTGTGGCCCTGACAGT-1,7330.0,4797.0,L3,0,0.24300101686273326,1,bisquare,8535,1.0,negbinomial,0.2842243727205218,True
TTGTGGTAGGAGGGAT-1,5119.0,8625.0,L6,3,0.25992221655506337,1,bisquare,8535,1.0,negbinomial,0.2842243727205218,True
TTGTGGTATAGGTATG-1,11873.0,5525.0,L3,0,0.14852620919421186,1,bisquare,8535,1.0,negbinomial,0.2842243727205218,True
TTGTGGTGGTACTAAG-1,9729.0,10192.0,L6,3,0.29186350206522865,1,bisquare,8535,1.0,negbinomial,0.2842243727205218,True
TTGTGTATGCCACCAA-1,7321.0,9349.0,L6,3,0.1566014288921411,1,bisquare,8535,1.0,negbinomial,0.2842243727205218,True
TTGTGTTTCCCGAAAG-1,7253.0,8750.0,L6,3,0.2968435903478537,1,bisquare,8535,1.0,negbinomial,0.2842243727205218,True
TTGTTAGCAAATTCGA-1,6090.0,5273.0,L3,0,0.22639443398721643,1,bisquare,8535,1.0,negbinomial,0.2842243727205218,True
TTGTTCAGTGTGCTAC-1,7604.0,5516.0,L3,0,0.27623713781364123,1,bisquare,8535,1.0,negbinomial,0.2842243727205218,True
TTGTTGTGTGTCAAGA-1,8498.0,6356.0,L3,0,0.35320505515109907,1,bisquare,8535,1.0,negbinomial,0.2842243727205218,True
TTGTTTCACATCCAGG-1,6081.0,9586.0,L6,3,0.19420461740835282,1,bisquare,8535,1.0,negbinomial,0.2842243727205218,True
TTGTTTCATTAGTCTA-1,5255.0,9824.0,L6,3,0.25632009920204557,1,bisquare,8535,1.0,negbinomial,0.2842243727205218,True
TTGTTTCCATACAACT-1,5052.0,8026.0,L5,2,0.15439231777409898,1,bisquare,8535,1.0,negbinomial,0.2842243727205218,True
TTGTTTGTATTACACG-1,6009.0,11383.0,WM,4,0.20368241745775761,1,bisquare,8535,1.0,negbinomial,0.2842243727205218,True
TTGTTTGTGTAAATTC-1,6713.0,3478.0,L3,0,0.18843926631121455,1,bisquare,8535,1.0,negbinomial,0.2842243727205218,True
