obs_id,x,y,group,group_idx,p_hat,n_resolutions,basis_kind,M,sigma2,likelihood,known_capture_rate,converged
AAACAAGTATCTCCCA-1,9791.0,8468.0,L3,2,0.4276932303779773,1,bisquare,7469,1.0,negbinomial,0.29239382422135424,True
AAACAATCTACTAGCA-1,5769.0,2807.0,L1,0,0.2774792880208828,1,bisquare,7469,1.0,negbinomial,0.29239382422135424,True
AAACACCAATAACTGC-1,4068.0,9505.0,WM,6,0.3068288484819534,1,bisquare,7469,1.0,negbinomial,0.29239382422135424,True
AAACAGAGCGACTCCT-1,9271.0,4151.0,L3,2,0.249079628694631,1,bisquare,7469,1.0,negbinomial,0.29239382422135424,True
AAACAGCTTTCAGAAG-1,3393.0,7583.0,L5,4,0.2322992055052348,1,bisquare,7469,1.0,negbinomial,0.29239382422135424,True
AAACAGGGTCTATATT-1,3665.0,8064.0,L6,5,0.3151127211137523,1,bisquare,7469,1.0,negbinomial,0.29239382422135424,True
AAACAGTGTTCCTGGG-1,5709.0,11194.0,WM,6,0.19841037820203197,1,bisquare,7469,1.0,negbinomial,0.29239382422135424,True
AAACATTTCCCGGATT-1,9437.0,9783.0,L3,2,0.4091911400163671,1,bisquare,7469,1.0,negbinomial,0.29239382422135424,True
AAACCCGAACGAAATC-1,10690.0,7875.0,L2,1,0.5876028261839781,1,bisquare,7469,1.0,negbinomial,0.29239382422135424,True
AAACCGGGTAGGTACC-1,4703.0,7473.0,L6,5,0.10127053532950936,1,bisquare,7469,1.0,negbinomial,0.29239382422135424,True
AAACCGTTCGTCCAGG-1,5658.0,8678.0,WM,6,0.29139616548134556,1,bisquare,7469,1.0,negbinomial,0.29239382422135424,True
AAACCTAAGCAGCCGG-1,8470.0,10256.0,L4,3,0.5396129516696984,1,bisquare,7469,1.0,negbinomial,0.29239382422135424,True
AAACCTCATGAAGTTG-1,4087.0,6869.0,L5,4,0.1984963314095307,1,bisquare,7469,1.0,negbinomial,0.29239382422135424,True
AAACGAAGAACATACC-1,7213.0,3177.0,L3,2,0.34473801805621634,1,bisquare,7469,1.0,negbinomial,0.29239382422135424,True
AAACGAGACGGTTGAT-1,8220.0,6659.0,L5,4,0.33478401500193716,1,bisquare,7469,1.0,negbinomial,0.29239382422135424,True
AAACGGGCGTACGGGT-1,9021.0,10260.0,L3,2,0.3946972353501613,1,bisquare,7469,1.0,negbinomial,0.29239382422135424,True
AAACGGTTGCGAACTG-1,6816.0,10483.0,L6,5,0.5801001383885832,1,bisquare,7469,1.0,negbinomial,0.29239382422135424,True
AAACTCGGTTCGCAAT-1,7574.0,10369.0,L5,4,0.2536816491048332,1,bisquare,7469,1.0,negbinomial,0.29239382422135424,True
AAACTCGTGATATAAG-1,10572.0,5238.0,L2,1,0.49796653048033285,1,bisquare,7469,1.0,negbinomial,0.29239382422135424,True
AAACTGCTGGCTCCAA-1,7385.0,7851.0,L6,5,0.5556602550190126,1,bisquare,7469,1.0,negbinomial,0.29239382422135424,True
AAACTTAATTGCACGC-1,3582.0,10100.0,WM,6,0.24519632974256678,1,bisquare,7469,1.0,negbinomial,0.29239382422135424,True
AAACTTGCAAACGTAT-1,4080.0,7827.0,L6,5,0.12928414257678272,1,bisquare,7469,1.0,negbinomial,0.29239382422135424,True
AAAGACATGAAGTTTA-1,9146.0,2472.0,L2,1,0.21836925841600277,1,bisquare,7469,1.0,negbinomial,0.29239382422135424,True
AAAGACCCAAGTCGCG-1,6107.0,3649.0,L3,2,0.2204280989612331,1,bisquare,7469,1.0,negbinomial,0.29239382422135424,True
AAAGACTGGGCGCTTT-1,3819.0,5909.0,L3,2,0.28416294256513874,1,bisquare,7469,1.0,negbinomial,0.29239382422135424,True
AAAGGCCCTATAATAC-1,4269.0,10345.0,WM,6,0.31037960316917645,1,bisquare,7469,1.0,negbinomial,0.29239382422135424,True
AAAGGCTACGGACCAT-1,6476.0,9882.0,L6,5,0.3880438615456417,1,bisquare,7469,1.0,negbinomial,0.29239382422135424,True
AAAGGCTCTCGCGCCG-1,6550.0,9043.0,L6,5,0.3319805484627346,1,bisquare,7469,1.0,negbinomial,0.29239382422135424,True
AAAGGGATGTAGCAAG-1,7059.0,5333.0,L5,4,0.36265963090520564,1,bisquare,7469,1.0,negbinomial,0.29239382422135424,True
AAAGGGCAGCTTGAAT-1,4580.0,5315.0,L3,2,0.12151314617327305,1,bisquare,7469,1.0,negbinomial,0.29239382422135424,True
AAAGGTAAGCTGTACC-1,10101.0,3677.0,L1,0,0.5408886564748306,1,bisquare,7469,1.0,negbinomial,0.29239382422135424,True
AAAGTAGCATTGCTCA-1,4626.0,8550.0,WM,6,0.2665127145763257,1,bisquare,7469,1.0,negbinomial,0.29239382422135424,True
AAAGTCACTGATGTAA-1,6383.0,3651.0,L3,2,0.24217107450772968,1,bisquare,7469,1.0,negbinomial,0.29239382422135424,True
AAAGTCGACCCTCAGT-1,3812.0,6867.0,L5,4,0.2613564199043068,1,bisquare,7469,1.0,negbinomial,0.29239382422135424,True
AAAGTGTGATTTATCT-1,9245.0,7745.0,L4,3,0.3336181531697206,1,bisquare,7469,1.0,negbinomial,0.29239382422135424,True
AAAGTTGACTCCCGTA-1,9385.0,7506.0,L4,3,0.5374369532114318,1,bisquare,7469,1.0,negbinomial,0.29239382422135424,True
AAATAACCATACGGGA-1,8858.0,4148.0,L3,2,0.3633139086451049,1,bisquare,7469,1.0,negbinomial,0.29239382422135424,True
AAATAAGGTAGTGCCC-1,10703.0,6198.0,L2,1,0.5571634362477224,1,bisquare,7469,1.0,negbinomial,0.29239382422135424,True
AAATACCTATAAGCAT-1,7521.0,8092.0,L6,5,0.5792636328611721,1,bisquare,7469,1.0,negbinomial,0.29239382422135424,True
AAATAGCTTAGACTTT-1,10079.0,6792.0,L3,2,0.3346534459053971,1,bisquare,7469,1.0,negbinomial,0.29239382422135424,True
AAATAGGGTGCTATTG-1,8205.0,8816.0,L5,4,0.3313294203723576,1,bisquare,7469,1.0,negbinomial,0.29239382422135424,True
AAATCCGATACACGCC-1,8745.0,10258.0,L3,2,0.5713510165960893,1,bisquare,7469,1.0,negbinomial,0.29239382422135424,True
AAATCGTGTACCACAA-1,6629.0,7726.0,L6,5,0.29459813016307795,1,bisquare,7469,1.0,negbinomial,0.29239382422135424,True
AAATCTAGCCCTGCTA-1,9720.0,8827.0,L3,2,0.30613412804239243,1,bisquare,7469,1.0,negbinomial,0.29239382422135424,True
AAATGATTCGATCAGC-1,10436.0,4998.0,L2,1,0.45118223767573806,1,bisquare,7469,1.0,negbinomial,0.29239382422135424,True
AAATGCTCGTTACGTT-1,4450.0,4356.0,L3,2,0.118992522513291,1,bisquare,7469,1.0,negbinomial,0.29239382422135424,True
AAATGGCATGTCTTGT-1,7551.0,4018.0,L3,2,0.13861493048478876,1,bisquare,7469,1.0,negbinomial,0.29239382422135424,True
AAATGGCCCGTGCCCT-1,3939.0,8306.0,L6,5,0.14339388356579383,1,bisquare,7469,1.0,negbinomial,0.29239382422135424,True
AAATGGTCAATGTGCC-1,6294.0,6406.0,L6,5,0.20674741275041011,1,bisquare,7469,1.0,negbinomial,0.29239382422135424,True
AAATGTGGGTGCTCCT-1,6527.0,2693.0,L1,0,0.3104392291982141,1,bisquare,7469,1.0,negbinomial,0.29239382422135424,True
AAATTAACGGGTAGCT-1,6775.0,6529.0,L6,5,0.46239235054293676,1,bisquare,7469,1.0,negbinomial,0.29239382422135424,True
AAATTACACGACTCTG-1,8720.0,4147.0,L3,2,0.19480481230147323,1,bisquare,7469,1.0,negbinomial,0.29239382422135424,True
AAATTACCTATCGATG-1,9261.0,5588.0,L4,3,0.31637718369064205,1,bisquare,7469,1.0,negbinomial,0.29239382422135424,True
AAATTGATAGTCCTTT-1,4898.0,9032.0,WM,6,0.2630354418711227,1,bisquare,7469,1.0,negbinomial,0.29239382422135424,True
AAATTGCGGCGGTTCT-1,4115.0,3035.0,L1,0,0.3177085836727565,1,bisquare,7469,1.0,negbinomial,0.29239382422135424,True
AAATTTACCGAAATCC-1,9003.0,3190.0,L3,2,0.3288103758196993,1,bisquare,7469,1.0,negbinomial,0.29239382422135424,True
AAATTTGCGGGTGTGG-1,5043.0,8074.0,WM,6,0.2561374667944801,1,bisquare,7469,1.0,negbinomial,0.29239382422135424,True
AACAACTGGTAGTTGC-1,5679.0,5802.0,L5,4,0.20633025384844797,1,bisquare,7469,1.0,negbinomial,0.29239382422135424,True
AACAATACATTGTCGA-1,5306.0,9753.0,WM,6,0.49753458297113123,1,bisquare,7469,1.0,negbinomial,0.29239382422135424,True
AACAATTACTCTACGC-1,4507.0,5914.0,L4,3,0.14353507416076366,1,bisquare,7469,1.0,negbinomial,0.29239382422135424,True
AACACACGCTCGCCGC-1,9170.0,8583.0,L4,3,0.4025898105590643,1,bisquare,7469,1.0,negbinomial,0.29239382422135424,True
AACACGACTGTACTGA-1,7279.0,3537.0,L3,2,0.2273530263463734,1,bisquare,7469,1.0,negbinomial,0.29239382422135424,True
AACACGAGACGCGGCC-1,4218.0,7828.0,L6,5,0.16155398442582053,1,bisquare,7469,1.0,negbinomial,0.29239382422135424,True
AACACGCGGCCGCGAA-1,5147.0,3162.0,L1,0,0.27529158760154177,1,bisquare,7469,1.0,negbinomial,0.29239382422135424,True
AACAGCTGTGTGGCAA-1,4894.0,9511.0,WM,6,0.380972082215163,1,bisquare,7469,1.0,negbinomial,0.29239382422135424,True
AACAGGAAATCGAATA-1,7411.0,4257.0,L3,2,0.21579834244241888,1,bisquare,7469,1.0,negbinomial,0.29239382422135424,True
AACAGGATGGGCCGCG-1,4920.0,5917.0,L5,4,0.2708802193160773,1,bisquare,7469,1.0,negbinomial,0.29239382422135424,True
AACAGGTAGTATGGAT-1,10549.0,8353.0,L2,1,0.4003067307917433,1,bisquare,7469,1.0,negbinomial,0.29239382422135424,True
AACATATCAACTGGTG-1,9604.0,5711.0,L3,2,0.27394764660435705,1,bisquare,7469,1.0,negbinomial,0.29239382422135424,True
AACATCGATACGTCTA-1,10577.0,4520.0,L2,1,0.133152358612309,1,bisquare,7469,1.0,negbinomial,0.29239382422135424,True
AACATTGAAGTTGATC-1,4337.0,10465.0,WM,6,0.2959295734325238,1,bisquare,7469,1.0,negbinomial,0.29239382422135424,True
AACATTGGTCAGCCGT-1,3979.0,2795.0,L1,0,0.2940009612151821,1,bisquare,7469,1.0,negbinomial,0.29239382422135424,True
AACATTGTGACTCGAG-1,6336.0,10120.0,L6,5,0.3374815117178137,1,bisquare,7469,1.0,negbinomial,0.29239382422135424,True
AACCAAGACTTCTCTG-1,4432.0,6752.0,L5,4,0.17885493654265858,1,bisquare,7469,1.0,negbinomial,0.29239382422135424,True
AACCAGTATCACTCTT-1,9141.0,3191.0,L3,2,0.20533541783189307,1,bisquare,7469,1.0,negbinomial,0.29239382422135424,True
AACCATAGGGTTGAAC-1,3512.0,10220.0,WM,6,0.3940016368395799,1,bisquare,7469,1.0,negbinomial,0.29239382422135424,True
AACCATGGGATCGCTA-1,4865.0,4119.0,L2,1,0.1700806619286962,1,bisquare,7469,1.0,negbinomial,0.29239382422135424,True
AACCCAGAGACGGAGA-1,5483.0,4243.0,L3,2,0.20291701529932082,1,bisquare,7469,1.0,negbinomial,0.29239382422135424,True
AACCCATCCCATGATC-1,3727.0,9143.0,WM,6,0.2413001841724422,1,bisquare,7469,1.0,negbinomial,0.29239382422135424,True
AACCCGACAACCCGTG-1,5714.0,10475.0,WM,6,0.5676039766677314,1,bisquare,7469,1.0,negbinomial,0.29239382422135424,True
AACCCGAGCAGAATCG-1,10542.0,9312.0,L2,1,0.343589628725121,1,bisquare,7469,1.0,negbinomial,0.29239382422135424,True
AACCCTACTGTCAATA-1,9387.0,7267.0,L4,3,0.3005396156759152,1,bisquare,7469,1.0,negbinomial,0.29239382422135424,True
AACCCTGGTGGAACCA-1,7624.0,3420.0,L3,2,0.35469569875758566,1,bisquare,7469,1.0,negbinomial,0.29239382422135424,True
AACCGAGCTTGGTCAT-1,7610.0,5337.0,L5,4,0.17847060229265518,1,bisquare,7469,1.0,negbinomial,0.29239382422135424,True
AACCGCTAAGGGATGC-1,9106.0,7984.0,L4,3,0.44725589742895067,1,bisquare,7469,1.0,negbinomial,0.29239382422135424,True
AACCGTTGTGTTTGCT-1,7207.0,3896.0,L3,2,0.33487883142129793,1,bisquare,7469,1.0,negbinomial,0.29239382422135424,True
AACCTAAAGCCGTCCG-1,8319.0,2466.0,L2,1,0.38042722951938146,1,bisquare,7469,1.0,negbinomial,0.29239382422135424,True
AACCTCGCTTTAGCCC-1,8404.0,9896.0,L4,3,0.3995414567716946,1,bisquare,7469,1.0,negbinomial,0.29239382422135424,True
AACCTTTAAATACGGT-1,7446.0,8930.0,L6,5,0.410749314250837,1,bisquare,7469,1.0,negbinomial,0.29239382422135424,True
AACCTTTACGACGTCT-1,9132.0,4389.0,L3,2,0.19168956767823384,1,bisquare,7469,1.0,negbinomial,0.29239382422135424,True
AACGAAAGTCGTCCCA-1,3312.0,9380.0,WM,6,0.41115056076155243,1,bisquare,7469,1.0,negbinomial,0.29239382422135424,True
AACGATAATGCCGTAG-1,7792.0,8813.0,L6,5,0.33360218541907755,1,bisquare,7469,1.0,negbinomial,0.29239382422135424,True
AACGATAGAAGGGCCG-1,6447.0,4250.0,L3,2,0.22162167508531433,1,bisquare,7469,1.0,negbinomial,0.29239382422135424,True
AACGATATGTCAACTG-1,8023.0,5340.0,L5,4,0.22597854395049305,1,bisquare,7469,1.0,negbinomial,0.29239382422135424,True
AACGCATGATCTGGGT-1,9955.0,4875.0,L3,2,0.3917820392151809,1,bisquare,7469,1.0,negbinomial,0.29239382422135424,True
AACGCGACCTTGGGCG-1,6402.0,10480.0,L6,5,0.5694910851478228,1,bisquare,7469,1.0,negbinomial,0.29239382422135424,True
AACGCGGTCTCCAGCC-1,7267.0,5215.0,L5,4,0.14677717408008462,1,bisquare,7469,1.0,negbinomial,0.29239382422135424,True
AACGCTGTTGCTGAAA-1,9237.0,8943.0,L3,2,0.3930199551125529,1,bisquare,7469,1.0,negbinomial,0.29239382422135424,True
AACGGACGTACGTATA-1,9102.0,8463.0,L4,3,0.5670723782070344,1,bisquare,7469,1.0,negbinomial,0.29239382422135424,True
AACGGCCATCTCCGGT-1,5456.0,8077.0,WM,6,0.5090974034284893,1,bisquare,7469,1.0,negbinomial,0.29239382422135424,True
AACGTACTGTGGGTAC-1,5661.0,8198.0,WM,6,0.25167961171416103,1,bisquare,7469,1.0,negbinomial,0.29239382422135424,True
AACGTAGTCTACCCAT-1,5633.0,2567.0,L1,0,0.5096459666607124,1,bisquare,7469,1.0,negbinomial,0.29239382422135424,True
AACGTCAGACTAGTGG-1,5544.0,5322.0,L5,4,0.1790995676794966,1,bisquare,7469,1.0,negbinomial,0.29239382422135424,True
AACGTGATGAAGGACA-1,8518.0,3546.0,L3,2,0.3128668772457627,1,bisquare,7469,1.0,negbinomial,0.29239382422135424,True
AACGTGCGAAAGTCTC-1,7875.0,6777.0,L6,5,0.3954969872684973,1,bisquare,7469,1.0,negbinomial,0.29239382422135424,True
AACTACCCGTTTGTCA-1,10551.0,8114.0,L3,2,0.3068976403120024,1,bisquare,7469,1.0,negbinomial,0.29239382422135424,True
AACTAGCGTATCGCAC-1,6113.0,2930.0,L1,0,0.22102448085398613,1,bisquare,7469,1.0,negbinomial,0.29239382422135424,True
AACTAGGCTTGGGTGT-1,6964.0,9046.0,L6,5,0.124102005353057,1,bisquare,7469,1.0,negbinomial,0.29239382422135424,True
AACTCAAGTTAATTGC-1,5808.0,7001.0,L6,5,0.08454729773202048,1,bisquare,7469,1.0,negbinomial,0.29239382422135424,True
AACTCCAGAGCGTGTT-1,9094.0,9661.0,L3,2,0.22730253812653614,1,bisquare,7469,1.0,negbinomial,0.29239382422135424,True
AACTCCTAATCCCATG-1,9135.0,3910.0,L3,2,0.31436800092400696,1,bisquare,7469,1.0,negbinomial,0.29239382422135424,True
AACTCGATAAACACGT-1,3634.0,2912.0,L1,0,0.345788244846655,1,bisquare,7469,1.0,negbinomial,0.29239382422135424,True
AACTCGATGGCGCAGT-1,4661.0,3758.0,L1,0,0.22019911246795018,1,bisquare,7469,1.0,negbinomial,0.29239382422135424,True
AACTCTCAATAGAGCG-1,9184.0,6666.0,L4,3,0.5475752855160864,1,bisquare,7469,1.0,negbinomial,0.29239382422135424,True
AACTCTCAGTGTGCTC-1,5588.0,8797.0,WM,6,0.42680573709677805,1,bisquare,7469,1.0,negbinomial,0.29239382422135424,True
AACTGATATTAGGCCT-1,7342.0,4376.0,L4,3,0.1911979403672297,1,bisquare,7469,1.0,negbinomial,0.29239382422135424,True
AACTGGGTCCCGACGT-1,7338.0,4856.0,L5,4,0.26553293971408043,1,bisquare,7469,1.0,negbinomial,0.29239382422135424,True
AACTGGGTTCGAGCCG-1,8937.0,2830.0,L3,2,0.25387708279108334,1,bisquare,7469,1.0,negbinomial,0.29239382422135424,True
AACTGGTGTGGGCCTT-1,6179.0,3290.0,L2,1,0.22567894863603816,1,bisquare,7469,1.0,negbinomial,0.29239382422135424,True
AACTTCTGCGTCTATC-1,4035.0,4592.0,L3,2,0.11438871272235195,1,bisquare,7469,1.0,negbinomial,0.29239382422135424,True
AACTTGCCCGTATGCA-1,4645.0,5915.0,L5,4,0.23730475479743687,1,bisquare,7469,1.0,negbinomial,0.29239382422135424,True
AACTTGCGTTCTCGCG-1,4176.0,4114.0,L2,1,0.07979888572436045,1,bisquare,7469,1.0,negbinomial,0.29239382422135424,True
AACTTTAGCTGCTGAG-1,6181.0,3050.0,L1,0,0.25283148141225575,1,bisquare,7469,1.0,negbinomial,0.29239382422135424,True
AAGAAGGATCAGTTAG-1,4521.0,3997.0,L2,1,0.1422873871139913,1,bisquare,7469,1.0,negbinomial,0.29239382422135424,True
AAGACCAAATAACTCA-1,3170.0,9858.0,WM,6,0.350844793369748,1,bisquare,7469,1.0,negbinomial,0.29239382422135424,True
AAGACCCAACTGAACA-1,6477.0,9642.0,L6,5,0.459490266078169,1,bisquare,7469,1.0,negbinomial,0.29239382422135424,True
AAGACTAACCCGTTGT-1,4666.0,3039.0,L1,0,0.2504492200183143,1,bisquare,7469,1.0,negbinomial,0.29239382422135424,True
AAGACTCACGCCCACT-1,9351.0,2594.0,L2,1,0.19310149224157594,1,bisquare,7469,1.0,negbinomial,0.29239382422135424,True
AAGACTGCAAGCTACT-1,7462.0,6774.0,L6,5,0.36944374531594604,1,bisquare,7469,1.0,negbinomial,0.29239382422135424,True
AAGAGATGAATCGGTA-1,4647.0,5675.0,L4,3,0.17074061714202166,1,bisquare,7469,1.0,negbinomial,0.29239382422135424,True
AAGAGCTCTTTATCGG-1,8083.0,6658.0,L6,5,0.4361691801202137,1,bisquare,7469,1.0,negbinomial,0.29239382422135424,True
AAGAGGATGTACGCGA-1,4774.0,7114.0,L6,5,0.27935482744744305,1,bisquare,7469,1.0,negbinomial,0.29239382422135424,True
AAGAGGCATGGATCGC-1,8288.0,6780.0,L5,4,0.26776441711652893,1,bisquare,7469,1.0,negbinomial,0.29239382422135424,True
AAGAGGCCCTTTGGAA-1,10265.0,9550.0,L3,2,0.4715653042892337,1,bisquare,7469,1.0,negbinomial,0.29239382422135424,True
AAGATGGCACCGGACC-1,5445.0,9515.0,WM,6,0.46404353176199836,1,bisquare,7469,1.0,negbinomial,0.29239382422135424,True
AAGATTGGCGGAACGT-1,8986.0,5586.0,L4,3,0.32708001149797855,1,bisquare,7469,1.0,negbinomial,0.29239382422135424,True
AAGCACCCTGCGTATC-1,7786.0,9532.0,L5,4,0.29553181626828473,1,bisquare,7469,1.0,negbinomial,0.29239382422135424,True
AAGCATACTCTCCTGA-1,7516.0,8811.0,L6,5,0.5265960687253349,1,bisquare,7469,1.0,negbinomial,0.29239382422135424,True
AAGCCGAAGCGGTTTA-1,10136.0,8351.0,L3,2,0.4020092818909501,1,bisquare,7469,1.0,negbinomial,0.29239382422135424,True
AAGCCGCCGTGAAATC-1,4338.0,10226.0,WM,6,0.3698494854638623,1,bisquare,7469,1.0,negbinomial,0.29239382422135424,True
AAGCGCAGGGCTTTGA-1,7779.0,10490.0,L5,4,0.17230067418897108,1,bisquare,7469,1.0,negbinomial,0.29239382422135424,True
AAGCGGCGTCATGGGT-1,9482.0,3553.0,L3,2,0.29713749956607455,1,bisquare,7469,1.0,negbinomial,0.29239382422135424,True
AAGCGTCCCTCATCGA-1,5172.0,9273.0,WM,6,0.21395460419367301,1,bisquare,7469,1.0,negbinomial,0.29239382422135424,True
AAGCTAGATCGAGTAA-1,7450.0,8451.0,L6,5,0.36598078616394714,1,bisquare,7469,1.0,negbinomial,0.29239382422135424,True
AAGCTCGTGCCAAGTC-1,7807.0,6656.0,L6,5,0.2951230092039463,1,bisquare,7469,1.0,negbinomial,0.29239382422135424,True
AAGCTCTTTCATGGTG-1,8339.0,9296.0,L5,4,0.43080428671551985,1,bisquare,7469,1.0,negbinomial,0.29239382422135424,True
AAGGAGAACTTATAAG-1,6733.0,2814.0,L1,0,0.3854656677426516,1,bisquare,7469,1.0,negbinomial,0.29239382422135424,True
AAGGAGCGGTTGGTGC-1,6092.0,5805.0,L5,4,0.17150416668704896,1,bisquare,7469,1.0,negbinomial,0.29239382422135424,True
AAGGATCGATCGCTTG-1,10283.0,7153.0,L3,2,0.46855347203879605,1,bisquare,7469,1.0,negbinomial,0.29239382422135424,True
AAGGATGAGGGACCTC-1,8778.0,5705.0,L5,4,0.3895260174886233,1,bisquare,7469,1.0,negbinomial,0.29239382422135424,True
AAGGCAGGCTGTCTCC-1,10900.0,7517.0,L2,1,0.27468824857237634,1,bisquare,7469,1.0,negbinomial,0.29239382422135424,True
AAGGCGCGTAAAGCTT-1,5407.0,5321.0,L4,3,0.1459481552647446,1,bisquare,7469,1.0,negbinomial,0.29239382422135424,True
AAGGCTGTGCTCATCG-1,5952.0,6044.0,L5,4,0.23313483190844683,1,bisquare,7469,1.0,negbinomial,0.29239382422135424,True
AAGGGAACGACTGGCT-1,4202.0,9985.0,WM,6,0.3480106366777181,1,bisquare,7469,1.0,negbinomial,0.29239382422135424,True
AAGGGACAGATTCTGT-1,9123.0,5587.0,L4,3,0.3280043614949658,1,bisquare,7469,1.0,negbinomial,0.29239382422135424,True
AAGGGACTATGCATTC-1,4549.0,9628.0,WM,6,0.3337775917673137,1,bisquare,7469,1.0,negbinomial,0.29239382422135424,True
AAGGTATCCTAATATA-1,8367.0,5462.0,L5,4,0.21540116751504354,1,bisquare,7469,1.0,negbinomial,0.29239382422135424,True
AAGGTGATAAACCAGC-1,9108.0,7744.0,L5,4,0.4286472396437084,1,bisquare,7469,1.0,negbinomial,0.29239382422135424,True
AAGTAAGCTTCCAAAC-1,5565.0,2447.0,L1,0,0.5764072182365916,1,bisquare,7469,1.0,negbinomial,0.29239382422135424,True
AAGTAGAAGACCGGGT-1,6031.0,4726.0,L4,3,0.3544033374960435,1,bisquare,7469,1.0,negbinomial,0.29239382422135424,True
AAGTAGTGACGCGAGG-1,4917.0,6396.0,L5,4,0.17195336776634973,1,bisquare,7469,1.0,negbinomial,0.29239382422135424,True
AAGTCAATTGTCGTCA-1,9726.0,7868.0,L3,2,0.3956639844650105,1,bisquare,7469,1.0,negbinomial,0.29239382422135424,True
AAGTGACGACCGAATT-1,4497.0,7351.0,L6,5,0.21477457835607822,1,bisquare,7469,1.0,negbinomial,0.29239382422135424,True
AAGTGAGTCGGGTTTA-1,6062.0,9879.0,WM,6,0.23505973103498706,1,bisquare,7469,1.0,negbinomial,0.29239382422135424,True
AAGTGCAAAGGTAGAC-1,3475.0,5786.0,L3,2,0.09884873582466229,1,bisquare,7469,1.0,negbinomial,0.29239382422135424,True
AAGTGCCTTGACTGTA-1,9934.0,7750.0,L3,2,0.3576089233135869,1,bisquare,7469,1.0,negbinomial,0.29239382422135424,True
AAGTGCGTTAGAATCT-1,4628.0,8311.0,WM,6,0.2128512998911008,1,bisquare,7469,1.0,negbinomial,0.29239382422135424,True
AAGTGCTTCTCTATTG-1,5299.0,10712.0,WM,6,0.1824026657363024,1,bisquare,7469,1.0,negbinomial,0.29239382422135424,True
AAGTGTTTGGAGACGG-1,8274.0,8697.0,L5,4,0.5348802649609639,1,bisquare,7469,1.0,negbinomial,0.29239382422135424,True
AAGTTCACTCCAAGCT-1,8614.0,9298.0,L4,3,0.5677618513131771,1,bisquare,7469,1.0,negbinomial,0.29239382422135424,True
AAGTTCAGTCTGCGTA-1,9956.0,4635.0,L3,2,0.47507144752271285,1,bisquare,7469,1.0,negbinomial,0.29239382422135424,True
AAGTTCGGCCAACAGG-1,5112.0,7955.0,WM,6,0.38084992855766747,1,bisquare,7469,1.0,negbinomial,0.29239382422135424,True
AAGTTTACTAATGGCA-1,7007.0,3056.0,L2,1,0.23293585253191815,1,bisquare,7469,1.0,negbinomial,0.29239382422135424,True
AAGTTTATGGGCCCAA-1,7572.0,10608.0,L5,4,0.2960391755313324,1,bisquare,7469,1.0,negbinomial,0.29239382422135424,True
AATAACAACGCTCGGC-1,4846.0,6755.0,L5,4,0.2577137179150064,1,bisquare,7469,1.0,negbinomial,0.29239382422135424,True
AATAACACTAGAACAA-1,5383.0,8676.0,WM,6,0.31110192229540523,1,bisquare,7469,1.0,negbinomial,0.29239382422135424,True
AATAAGTCCTCGAGAC-1,7695.0,3061.0,L3,2,0.20930900725316112,1,bisquare,7469,1.0,negbinomial,0.29239382422135424,True
AATACAATGTTTCAGG-1,4099.0,5192.0,L3,2,0.15261125176233636,1,bisquare,7469,1.0,negbinomial,0.29239382422135424,True
AATACCGGAGGGCTGT-1,5301.0,10472.0,WM,6,0.385955515628205,1,bisquare,7469,1.0,negbinomial,0.29239382422135424,True
AATAGAACAGAGTGGC-1,5933.0,8680.0,WM,6,0.34665757387074314,1,bisquare,7469,1.0,negbinomial,0.29239382422135424,True
AATAGAATCTGTTTCA-1,8691.0,8220.0,L5,4,0.4932468651680487,1,bisquare,7469,1.0,negbinomial,0.29239382422135424,True
AATAGCTACCGCGTGC-1,10438.0,4758.0,L2,1,0.4711671023102582,1,bisquare,7469,1.0,negbinomial,0.29239382422135424,True
AATAGTCCGTCCCGAC-1,6686.0,9284.0,L6,5,0.15983687498694263,1,bisquare,7469,1.0,negbinomial,0.29239382422135424,True
AATATCAAGGTCGGAT-1,5696.0,3406.0,L1,0,0.32324264260278346,1,bisquare,7469,1.0,negbinomial,0.29239382422135424,True
AATATCGAATCAATGC-1,10274.0,8352.0,L3,2,0.36726286013144616,1,bisquare,7469,1.0,negbinomial,0.29239382422135424,True
AATATCGAGGGTTCTC-1,9742.0,5712.0,L3,2,0.2261868492348453,1,bisquare,7469,1.0,negbinomial,0.29239382422135424,True
AATATTGGAGTATTGA-1,4295.0,6751.0,L5,4,0.2296987706342204,1,bisquare,7469,1.0,negbinomial,0.29239382422135424,True
AATCAGACTGCAGGAC-1,4390.0,3037.0,L1,0,0.24327877008678872,1,bisquare,7469,1.0,negbinomial,0.29239382422135424,True
AATCATGTAAAGACTC-1,9512.0,8945.0,L3,2,0.5101877015868914,1,bisquare,7469,1.0,negbinomial,0.29239382422135424,True
AATCCAAGGGCCTGAG-1,6036.0,4008.0,L3,2,0.29538773159143383,1,bisquare,7469,1.0,negbinomial,0.29239382422135424,True
AATCCATGCAAGGGTG-1,4594.0,3398.0,L1,0,0.14443388506282628,1,bisquare,7469,1.0,negbinomial,0.29239382422135424,True
AATCGCCTCAGCGCCA-1,8217.0,7138.0,L5,4,0.37577349752123995,1,bisquare,7469,1.0,negbinomial,0.29239382422135424,True
AATCGCGCAGAGGACT-1,10624.0,7515.0,L2,1,0.41194266257088563,1,bisquare,7469,1.0,negbinomial,0.29239382422135424,True
AATCGGGACACTACGA-1,6935.0,3415.0,L3,2,0.1564377506362755,1,bisquare,7469,1.0,negbinomial,0.29239382422135424,True
AATCGTGAGCCGAGCA-1,8468.0,10495.0,L3,2,0.1757222960330406,1,bisquare,7469,1.0,negbinomial,0.29239382422135424,True
AATCTAGGTTTACTTG-1,3868.0,8665.0,WM,6,0.14247917192251533,1,bisquare,7469,1.0,negbinomial,0.29239382422135424,True
AATCTATGCCGGAGCC-1,10363.0,5596.0,L3,2,0.4479641585433015,1,bisquare,7469,1.0,negbinomial,0.29239382422135424,True
AATCTCTACTGTGGTT-1,3467.0,6984.0,L5,4,0.10098903099373159,1,bisquare,7469,1.0,negbinomial,0.29239382422135424,True
AATCTGCGTTGGGACG-1,9118.0,6306.0,L4,3,0.3303297937293714,1,bisquare,7469,1.0,negbinomial,0.29239382422135424,True
AATCTGGCTTTCTAGT-1,3800.0,8544.0,WM,6,0.2082693717579032,1,bisquare,7469,1.0,negbinomial,0.29239382422135424,True
AATCTGGGTAGACCCT-1,9280.0,2953.0,L3,2,0.21472086877174018,1,bisquare,7469,1.0,negbinomial,0.29239382422135424,True
AATGACAGCAATGTCT-1,4835.0,8192.0,WM,6,0.31712555621470756,1,bisquare,7469,1.0,negbinomial,0.29239382422135424,True
AATGACGTAGGATGTC-1,8144.0,7737.0,L5,4,0.2498397598538111,1,bisquare,7469,1.0,negbinomial,0.29239382422135424,True
AATGACTGTCAGCCGG-1,6027.0,5206.0,L5,4,0.3080480629101949,1,bisquare,7469,1.0,negbinomial,0.29239382422135424,True
AATGAGTTCGCATATG-1,4244.0,4234.0,L2,1,0.09190684976860024,1,bisquare,7469,1.0,negbinomial,0.29239382422135424,True
AATGATGATACGCTAT-1,9195.0,5229.0,L4,3,0.48981659621252,1,bisquare,7469,1.0,negbinomial,0.29239382422135424,True
AATGATGCGACTCCTG-1,9744.0,5472.0,L3,2,0.5601126872403206,1,bisquare,7469,1.0,negbinomial,0.29239382422135424,True
AATGCAACCGGGTACC-1,6852.0,5451.0,L5,4,0.23562568682456067,1,bisquare,7469,1.0,negbinomial,0.29239382422135424,True
AATGCACCAAGCAATG-1,9474.0,4751.0,L3,2,0.42826376666402616,1,bisquare,7469,1.0,negbinomial,0.29239382422135424,True
AATGGTCCACCGTTCA-1,3887.0,6029.0,L3,2,0.11274501315940742,1,bisquare,7469,1.0,negbinomial,0.29239382422135424,True
AATGGTTCTCACAAGC-1,5205.0,4720.0,L3,2,0.2301966869523897,1,bisquare,7469,1.0,negbinomial,0.29239382422135424,True
AATGTATGGCACTGTA-1,3374.0,10219.0,WM,6,0.42019344291520494,1,bisquare,7469,1.0,negbinomial,0.29239382422135424,True
AATGTGCCCGAGGTGT-1,4622.0,9030.0,WM,6,0.26955060554070537,1,bisquare,7469,1.0,negbinomial,0.29239382422135424,True
AATGTGCTAATCTGAG-1,4957.0,10350.0,WM,6,0.32178320786354625,1,bisquare,7469,1.0,negbinomial,0.29239382422135424,True
AATTAAAGGTCGGCGT-1,6219.0,7244.0,L6,5,0.39823333199902655,1,bisquare,7469,1.0,negbinomial,0.29239382422135424,True
AATTAACGGATTTCCA-1,7305.0,9408.0,L6,5,0.5786612538353898,1,bisquare,7469,1.0,negbinomial,0.29239382422135424,True
AATTACGAGACCCATC-1,3104.0,9498.0,WM,6,0.10517381655933628,1,bisquare,7469,1.0,negbinomial,0.29239382422135424,True
AATTACTCGTACGCTC-1,3353.0,3629.0,L1,0,0.14887388325793957,1,bisquare,7469,1.0,negbinomial,0.29239382422135424,True
AATTAGCGCTGCAGCG-1,7105.0,8568.0,L6,5,0.46645215185520944,1,bisquare,7469,1.0,negbinomial,0.29239382422135424,True
AATTCATAAGGGATCT-1,9057.0,5228.0,L4,3,0.23936619393825898,1,bisquare,7469,1.0,negbinomial,0.29239382422135424,True
AATTCATTGTCATGCA-1,3376.0,9979.0,WM,6,0.2143945914573915,1,bisquare,7469,1.0,negbinomial,0.29239382422135424,True
AATTCCAAGCATGTAC-1,6748.0,10363.0,L6,5,0.46605857071265194,1,bisquare,7469,1.0,negbinomial,0.29239382422135424,True
AATTCGATTCGAGGAT-1,7987.0,10372.0,L5,4,0.21214666686867176,1,bisquare,7469,1.0,negbinomial,0.29239382422135424,True
AATTCTAGAGTTAGGC-1,7107.0,8329.0,L6,5,0.3551201603606381,1,bisquare,7469,1.0,negbinomial,0.29239382422135424,True
AATTGAACGCTCTGGT-1,8487.0,7859.0,L5,4,0.2841969181378717,1,bisquare,7469,1.0,negbinomial,0.29239382422135424,True
AATTGCAGCAATCGAC-1,9779.0,10145.0,L3,2,0.3298959633638811,1,bisquare,7469,1.0,negbinomial,0.29239382422135424,True
AATTGCGTGGATTACA-1,3373.0,10458.0,WM,6,0.30162300660850117,1,bisquare,7469,1.0,negbinomial,0.29239382422135424,True
AATTTGGGACATAGTA-1,9066.0,4029.0,L3,2,0.36584142142155757,1,bisquare,7469,1.0,negbinomial,0.29239382422135424,True
AATTTGGTTCCAAAGA-1,7415.0,3778.0,L3,2,0.5668321429888701,1,bisquare,7469,1.0,negbinomial,0.29239382422135424,True
ACAAACCATGCGTCCT-1,3857.0,10102.0,WM,6,0.24495573885742758,1,bisquare,7469,1.0,negbinomial,0.29239382422135424,True
ACAAACCGACAAGGCG-1,8182.0,2465.0,L2,1,0.35534109493888943,1,bisquare,7469,1.0,negbinomial,0.29239382422135424,True
ACAAAGCATGACCTAG-1,9435.0,10023.0,L3,2,0.3796016291159915,1,bisquare,7469,1.0,negbinomial,0.29239382422135424,True
ACAAATCGCACCGAAT-1,8414.0,8458.0,L5,4,0.5850138910038294,1,bisquare,7469,1.0,negbinomial,0.29239382422135424,True
ACAAATGGTAGTGTTT-1,8557.0,7740.0,L5,4,0.3157001403470098,1,bisquare,7469,1.0,negbinomial,0.29239382422135424,True
ACAAATTCAGATCTGA-1,9897.0,3317.0,L1,0,0.5866608425120595,1,bisquare,7469,1.0,negbinomial,0.29239382422135424,True
ACAACAGCATGAGCTA-1,7741.0,6296.0,L6,5,0.3895936853305136,1,bisquare,7469,1.0,negbinomial,0.29239382422135424,True
ACAACGGTCCCTGCGA-1,4858.0,5077.0,L3,2,0.12340142590038795,1,bisquare,7469,1.0,negbinomial,0.29239382422135424,True
ACAAGCAGTGCCTAGC-1,4575.0,6034.0,L5,4,0.2236252081865885,1,bisquare,7469,1.0,negbinomial,0.29239382422135424,True
ACAAGGAAATCCGCCC-1,7933.0,8335.0,L5,4,0.542733537583565,1,bisquare,7469,1.0,negbinomial,0.29239382422135424,True
ACAAGGACAAGAGGTT-1,5334.0,5920.0,L5,4,0.2416947557958746,1,bisquare,7469,1.0,negbinomial,0.29239382422135424,True
ACAAGGATGCTTTAGG-1,8749.0,9778.0,L3,2,0.2989751856832927,1,bisquare,7469,1.0,negbinomial,0.29239382422135424,True
ACAAGGGCAGGCTCTG-1,8006.0,7736.0,L6,5,0.5825844582703248,1,bisquare,7469,1.0,negbinomial,0.29239382422135424,True
ACAATAGTCGTACGTT-1,4152.0,7469.0,L6,5,0.29158742227389084,1,bisquare,7469,1.0,negbinomial,0.29239382422135424,True
ACAATCCATTTAAACC-1,4983.0,6756.0,L5,4,0.20328236789675921,1,bisquare,7469,1.0,negbinomial,0.29239382422135424,True
ACAATCGATCTTTATA-1,7078.0,2697.0,L1,0,0.41338176785333614,1,bisquare,7469,1.0,negbinomial,0.29239382422135424,True
ACAATGAATACGGAGA-1,4896.0,9271.0,WM,6,0.2970715571809291,1,bisquare,7469,1.0,negbinomial,0.29239382422135424,True
ACAATTGTGTCTCTTT-1,9446.0,8585.0,L3,2,0.2666466576994326,1,bisquare,7469,1.0,negbinomial,0.29239382422135424,True
ACAATTTGAGCAGTGG-1,8433.0,5822.0,L5,4,0.24999926694366828,1,bisquare,7469,1.0,negbinomial,0.29239382422135424,True
ACACAAAGACGGGTGG-1,6646.0,5330.0,L5,4,0.18008991140473643,1,bisquare,7469,1.0,negbinomial,0.29239382422135424,True
ACACACCAGGACCAGT-1,8970.0,7743.0,L5,4,0.24715958932578472,1,bisquare,7469,1.0,negbinomial,0.29239382422135424,True
ACACACTTTCTACACG-1,7206.0,4136.0,L3,2,0.28057494305278424,1,bisquare,7469,1.0,negbinomial,0.29239382422135424,True
ACACATGATCAAATCT-1,3861.0,9623.0,WM,6,0.4295551906464029,1,bisquare,7469,1.0,negbinomial,0.29239382422135424,True
ACACATTGACGCAACA-1,3355.0,3389.0,L1,0,0.2669990783155844,1,bisquare,7469,1.0,negbinomial,0.29239382422135424,True
ACACCCAGCATGCAGC-1,6233.0,5327.0,L5,4,0.18636262495670772,1,bisquare,7469,1.0,negbinomial,0.29239382422135424,True
ACACCCGAGAAATCCG-1,5480.0,4722.0,L3,2,0.2772009874943607,1,bisquare,7469,1.0,negbinomial,0.29239382422135424,True
ACACCGGTCTGACCGC-1,3925.0,10223.0,WM,6,0.26631578949482554,1,bisquare,7469,1.0,negbinomial,0.29239382422135424,True
ACACCTTAAGTAGGGC-1,5750.0,5443.0,L5,4,0.21054609205644972,1,bisquare,7469,1.0,negbinomial,0.29239382422135424,True
ACACCTTACTACTTGC-1,10419.0,7394.0,L3,2,0.31173127410084145,1,bisquare,7469,1.0,negbinomial,0.29239382422135424,True
ACACGAGACTCCTTCT-1,7673.0,6176.0,L6,5,0.4036395145236807,1,bisquare,7469,1.0,negbinomial,0.29239382422135424,True
ACACGGCACTATGCAT-1,7694.0,3301.0,L3,2,0.196990360929159,1,bisquare,7469,1.0,negbinomial,0.29239382422135424,True
ACACGGGAACTTAGGG-1,7676.0,5697.0,L6,5,0.3650966794411746,1,bisquare,7469,1.0,negbinomial,0.29239382422135424,True
ACACGTAGGCCACAAG-1,10335.0,9430.0,L3,2,0.372100043591093,1,bisquare,7469,1.0,negbinomial,0.29239382422135424,True
ACACTCCAATGTCACT-1,3967.0,4472.0,L2,1,0.30148761288676573,1,bisquare,7469,1.0,negbinomial,0.29239382422135424,True
ACACTGATCAAGGTGT-1,6071.0,8681.0,WM,6,0.23947516904936758,1,bisquare,7469,1.0,negbinomial,0.29239382422135424,True
ACACTGGGACAGTCGT-1,10678.0,9553.0,L2,1,0.16112121609764768,1,bisquare,7469,1.0,negbinomial,0.29239382422135424,True
ACAGAACTGAGAACAA-1,4419.0,8669.0,WM,6,0.3538688421227362,1,bisquare,7469,1.0,negbinomial,0.29239382422135424,True
ACAGATTAGGTTAGTG-1,6730.0,3294.0,L3,2,0.18699946665071523,1,bisquare,7469,1.0,negbinomial,0.29239382422135424,True
ACAGCATAGAGCCAGT-1,6796.0,3654.0,L3,2,0.21625713221876436,1,bisquare,7469,1.0,negbinomial,0.29239382422135424,True
ACAGCGACATTCTCAT-1,9577.0,9545.0,L3,2,0.4194813153975091,1,bisquare,7469,1.0,negbinomial,0.29239382422135424,True
ACAGCGCACCCGCAGC-1,8311.0,3665.0,L3,2,0.15058444578905064,1,bisquare,7469,1.0,negbinomial,0.29239382422135424,True
ACAGGCTTGCCCGACT-1,8756.0,8820.0,L5,4,0.4264747206220884,1,bisquare,7469,1.0,negbinomial,0.29239382422135424,True
ACAGGTGGAGGTGAGG-1,5452.0,8556.0,WM,6,0.218866984670202,1,bisquare,7469,1.0,negbinomial,0.29239382422135424,True
ACAGTAATACAACTTG-1,3735.0,7945.0,L6,5,0.2789104827924833,1,bisquare,7469,1.0,negbinomial,0.29239382422135424,True
ACATAAGTCGTGGTGA-1,3380.0,9500.0,WM,6,0.1982316039978451,1,bisquare,7469,1.0,negbinomial,0.29239382422135424,True
ACATAATAAGGCGGTG-1,7131.0,4974.0,L5,4,0.18259540863245968,1,bisquare,7469,1.0,negbinomial,0.29239382422135424,True
ACATCAGCTGGGACGC-1,3610.0,6266.0,L4,3,0.14906630605420282,1,bisquare,7469,1.0,negbinomial,0.29239382422135424,True
ACATCCCGGCCATACG-1,6688.0,9044.0,L6,5,0.14138650661259294,1,bisquare,7469,1.0,negbinomial,0.29239382422135424,True
ACATCCTGGTAACTGT-1,9798.0,7509.0,L3,2,0.4583136224745512,1,bisquare,7469,1.0,negbinomial,0.29239382422135424,True
ACATCGATCGTTTACC-1,7044.0,7489.0,L6,5,0.04601065611321412,1,bisquare,7469,1.0,negbinomial,0.29239382422135424,True
ACATCGGTCAGCCGCG-1,5323.0,7357.0,L6,5,0.055333809059076554,1,bisquare,7469,1.0,negbinomial,0.29239382422135424,True
ACATCGTATGCAATGG-1,8349.0,7858.0,L5,4,0.5184202310267597,1,bisquare,7469,1.0,negbinomial,0.29239382422135424,True
ACATCGTTAACCTAGT-1,7967.0,3542.0,L3,2,0.2531041761448933,1,bisquare,7469,1.0,negbinomial,0.29239382422135424,True
ACATCTCAACGCGTAA-1,7903.0,2943.0,L3,2,0.3127902135047393,1,bisquare,7469,1.0,negbinomial,0.29239382422135424,True
ACATGGCGCCAAAGTA-1,9937.0,7271.0,L3,2,0.5823344487351879,1,bisquare,7469,1.0,negbinomial,0.29239382422135424,True
ACATGGCTCAATTTAG-1,3768.0,3392.0,L1,0,0.2535177666366254,1,bisquare,7469,1.0,negbinomial,0.29239382422135424,True
ACATTAGTTTATATCC-1,6967.0,8567.0,L6,5,0.2931426129131497,1,bisquare,7469,1.0,negbinomial,0.29239382422135424,True
ACCAAACTAGAAATCC-1,7422.0,2819.0,L3,2,0.3501208111422282,1,bisquare,7469,1.0,negbinomial,0.29239382422135424,True
ACCAACACCACACACT-1,10368.0,4878.0,L2,1,0.524685359712521,1,bisquare,7469,1.0,negbinomial,0.29239382422135424,True
ACCAACCGCACTCCAC-1,9434.0,10262.0,L3,2,0.20795436520639538,1,bisquare,7469,1.0,negbinomial,0.29239382422135424,True
ACCAACGCTTATTTAT-1,6139.0,8801.0,WM,6,0.364168356211541,1,bisquare,7469,1.0,negbinomial,0.29239382422135424,True
ACCAAGAACGCGTGTC-1,6170.0,4488.0,L4,3,0.32859179264179295,1,bisquare,7469,1.0,negbinomial,0.29239382422135424,True
ACCAATATGCAAGTTA-1,8133.0,9175.0,L5,4,0.29811761279312976,1,bisquare,7469,1.0,negbinomial,0.29239382422135424,True
ACCACAACTCAGAACA-1,8382.0,3306.0,L3,2,0.2855881691033638,1,bisquare,7469,1.0,negbinomial,0.29239382422135424,True
ACCACAAGTTTCTATC-1,6503.0,6048.0,L6,5,0.3343306621731641,1,bisquare,7469,1.0,negbinomial,0.29239382422135424,True
ACCACCAATGTAACAA-1,10143.0,7392.0,L3,2,0.5639230542360917,1,bisquare,7469,1.0,negbinomial,0.29239382422135424,True
ACCACGTGCAGCTATA-1,8002.0,8215.0,L5,4,0.14721020572983917,1,bisquare,7469,1.0,negbinomial,0.29239382422135424,True
ACCACTGTTCAAGAAG-1,3215.0,3628.0,L1,0,0.16077466701615648,1,bisquare,7469,1.0,negbinomial,0.29239382422135424,True
ACCAGCCCGGTCTTTG-1,7765.0,2942.0,L3,2,0.18406536793970124,1,bisquare,7469,1.0,negbinomial,0.29239382422135424,True
ACCAGGAGTGTGATCT-1,6595.0,2813.0,L1,0,0.28771520609351126,1,bisquare,7469,1.0,negbinomial,0.29239382422135424,True
ACCAGTGCCCGGTCAA-1,9895.0,3556.0,L2,1,0.307107732114395,1,bisquare,7469,1.0,negbinomial,0.29239382422135424,True
ACCAGTGCGGGAGACG-1,9242.0,8224.0,L4,3,0.22321232285647752,1,bisquare,7469,1.0,negbinomial,0.29239382422135424,True
ACCATATCCGCAATAA-1,6634.0,7007.0,L6,5,0.39895697541081393,1,bisquare,7469,1.0,negbinomial,0.29239382422135424,True
ACCATCCGCCAACTAG-1,3599.0,7704.0,L5,4,0.20820820916715746,1,bisquare,7469,1.0,negbinomial,0.29239382422135424,True
ACCATCGTATATGGTA-1,5667.0,7480.0,L6,5,0.2547967025282033,1,bisquare,7469,1.0,negbinomial,0.29239382422135424,True
ACCCAACGCCCGTGGC-1,8707.0,6064.0,L5,4,0.36286226476641653,1,bisquare,7469,1.0,negbinomial,0.29239382422135424,True
ACCCACCTACATGCTC-1,4511.0,5434.0,L3,2,0.12174835414185356,1,bisquare,7469,1.0,negbinomial,0.29239382422135424,True
ACCCATCTTGAGGGTA-1,5327.0,6878.0,L6,5,0.49387803164661714,1,bisquare,7469,1.0,negbinomial,0.29239382422135424,True
ACCCATTTGTCCCTCT-1,9645.0,9665.0,L3,2,0.27041738604372184,1,bisquare,7469,1.0,negbinomial,0.29239382422135424,True
ACCCGAGCGAAATTAC-1,4755.0,9749.0,WM,6,0.2604749328311869,1,bisquare,7469,1.0,negbinomial,0.29239382422135424,True
ACCCGGAAACTCCCAG-1,7237.0,9288.0,L6,5,0.5109377255759684,1,bisquare,7469,1.0,negbinomial,0.29239382422135424,True
ACCCGGATGACGCATC-1,9664.0,7029.0,L3,2,0.39664221562825197,1,bisquare,7469,1.0,negbinomial,0.29239382422135424,True
ACCCGGTTACACTTCC-1,6080.0,7482.0,L6,5,0.15982547686281295,1,bisquare,7469,1.0,negbinomial,0.29239382422135424,True
ACCCGTGTCATCAGTA-1,6479.0,9402.0,L6,5,0.31897183420247993,1,bisquare,7469,1.0,negbinomial,0.29239382422135424,True
ACCCTATAGGACTGAG-1,4178.0,3874.0,L1,0,0.1430063259940927,1,bisquare,7469,1.0,negbinomial,0.29239382422135424,True
ACCCTATGCCATATCG-1,5517.0,9156.0,WM,6,0.29084039579394255,1,bisquare,7469,1.0,negbinomial,0.29239382422135424,True
ACCCTCCCTTGCTATT-1,8553.0,8219.0,L5,4,0.30911809682377767,1,bisquare,7469,1.0,negbinomial,0.29239382422135424,True
ACCCTTCATCTGCGAA-1,7275.0,4016.0,L3,2,0.1522853748738116,1,bisquare,7469,1.0,negbinomial,0.29239382422135424,True
ACCCTTTAGTTCTCCA-1,8314.0,3185.0,L3,2,0.26056116307351934,1,bisquare,7469,1.0,negbinomial,0.29239382422135424,True
ACCGAAAGGGCCCTGC-1,6453.0,3531.0,L3,2,0.18202215752728607,1,bisquare,7469,1.0,negbinomial,0.29239382422135424,True
ACCGAAGAGTCTGGTT-1,3519.0,9261.0,WM,6,0.3743578675913096,1,bisquare,7469,1.0,negbinomial,0.29239382422135424,True
ACCGACACATCTCCCA-1,7372.0,9768.0,L6,5,0.38352353256917476,1,bisquare,7469,1.0,negbinomial,0.29239382422135424,True
ACCGACTGAGTCCCAC-1,7331.0,5814.0,L6,5,0.3292422624629947,1,bisquare,7469,1.0,negbinomial,0.29239382422135424,True
ACCGATGGTAGCATCG-1,9115.0,6786.0,L5,4,0.43002949533009777,1,bisquare,7469,1.0,negbinomial,0.29239382422135424,True
ACCGCAATAACTGCCT-1,8206.0,8576.0,L5,4,0.26938811339645213,1,bisquare,7469,1.0,negbinomial,0.29239382422135424,True
ACCGCGGTGGAAGTCG-1,10072.0,7751.0,L3,2,0.5704515602377797,1,bisquare,7469,1.0,negbinomial,0.29239382422135424,True
ACCGGGCCTTTGTTGA-1,9519.0,7987.0,L3,2,0.33834332863400035,1,bisquare,7469,1.0,negbinomial,0.29239382422135424,True
ACCGGTCAGGTACACC-1,3793.0,9503.0,WM,6,0.2922693511304191,1,bisquare,7469,1.0,negbinomial,0.29239382422135424,True
ACCGGTCTGAGTACGG-1,9693.0,2956.0,L1,0,0.4210286771179651,1,bisquare,7469,1.0,negbinomial,0.29239382422135424,True
ACCGTCCACTGGGCCC-1,3101.0,9977.0,WM,6,0.21947187875120025,1,bisquare,7469,1.0,negbinomial,0.29239382422135424,True
ACCGTGACCACGTGGG-1,5444.0,9754.0,WM,6,0.22555780939559492,1,bisquare,7469,1.0,negbinomial,0.29239382422135424,True
ACCGTTCCCGCTCTGA-1,7282.0,3058.0,L3,2,0.17311627651848388,1,bisquare,7469,1.0,negbinomial,0.29239382422135424,True
ACCTAAGTACCTTTCA-1,4833.0,8432.0,WM,6,0.1763679108343196,1,bisquare,7469,1.0,negbinomial,0.29239382422135424,True
ACCTAATCGACTTCCT-1,4849.0,6275.0,L5,4,0.291402675157797,1,bisquare,7469,1.0,negbinomial,0.29239382422135424,True
ACCTACAGTATGTGGT-1,10556.0,7395.0,L3,2,0.44404532395001833,1,bisquare,7469,1.0,negbinomial,0.29239382422135424,True
ACCTACTATAAATCTA-1,6746.0,10603.0,L6,5,0.25118801168655946,1,bisquare,7469,1.0,negbinomial,0.29239382422135424,True
ACCTCCGCCCTCGCTG-1,10131.0,9069.0,L3,2,0.4894322220157603,1,bisquare,7469,1.0,negbinomial,0.29239382422135424,True
ACCTCCGTTATTCACC-1,10493.0,6556.0,L3,2,0.25927483006433155,1,bisquare,7469,1.0,negbinomial,0.29239382422135424,True
ACCTCGAACTTATGCT-1,3788.0,10222.0,WM,6,0.20500139183363206,1,bisquare,7469,1.0,negbinomial,0.29239382422135424,True
ACCTGCGTGTCATGTT-1,4011.0,7947.0,L6,5,0.3400432187245346,1,bisquare,7469,1.0,negbinomial,0.29239382422135424,True
ACCTTTCCTTTAGAAG-1,7355.0,2459.0,L1,0,0.4319317457208257,1,bisquare,7469,1.0,negbinomial,0.29239382422135424,True
ACGAAATGGGCGGCAC-1,4436.0,6272.0,L5,4,0.23990715555374295,1,bisquare,7469,1.0,negbinomial,0.29239382422135424,True
ACGACTGGTCATACTC-1,5097.0,10111.0,WM,6,0.3755286661427659,1,bisquare,7469,1.0,negbinomial,0.29239382422135424,True
ACGAGAACCCATCACG-1,5145.0,3402.0,L1,0,0.20641246332237778,1,bisquare,7469,1.0,negbinomial,0.29239382422135424,True
ACGAGATATTTGCTTA-1,8381.0,3545.0,L3,2,0.1795460868358072,1,bisquare,7469,1.0,negbinomial,0.29239382422135424,True
ACGAGGATACCACTCT-1,4007.0,8426.0,L6,5,0.24507957123386448,1,bisquare,7469,1.0,negbinomial,0.29239382422135424,True
ACGAGGTTTACAACGT-1,3657.0,9262.0,WM,6,0.2641482139562797,1,bisquare,7469,1.0,negbinomial,0.29239382422135424,True
ACGAGTACGGATGCCC-1,9948.0,5833.0,L3,2,0.35661739254029917,1,bisquare,7469,1.0,negbinomial,0.29239382422135424,True
ACGATACATAGAACTA-1,8300.0,5102.0,L5,4,0.3527741398915734,1,bisquare,7469,1.0,negbinomial,0.29239382422135424,True
ACGATCATACATAGAG-1,7127.0,5453.0,L5,4,0.16029303792461305,1,bisquare,7469,1.0,negbinomial,0.29239382422135424,True
ACGATCATCTTGTAAA-1,9803.0,6791.0,L3,2,0.4538605893089103,1,bisquare,7469,1.0,negbinomial,0.29239382422135424,True
ACGATGCATATGTTAT-1,5740.0,6881.0,L6,5,0.08210126759774333,1,bisquare,7469,1.0,negbinomial,0.29239382422135424,True
ACGATGGATCCGATGC-1,7622.0,3660.0,L3,2,0.5070073899068183,1,bisquare,7469,1.0,negbinomial,0.29239382422135424,True
ACGCAAACTAATAGAT-1,5993.0,9998.0,WM,6,0.3901770616805688,1,bisquare,7469,1.0,negbinomial,0.29239382422135424,True
ACGCAATCACTACAGC-1,10295.0,5476.0,L3,2,0.4109096308576185,1,bisquare,7469,1.0,negbinomial,0.29239382422135424,True
ACGCATACGTTTACTA-1,9786.0,9187.0,L3,2,0.26836854130169996,1,bisquare,7469,1.0,negbinomial,0.29239382422135424,True
ACGCATTCGTGAGTAC-1,6983.0,6411.0,L6,5,0.13609204432717495,1,bisquare,7469,1.0,negbinomial,0.29239382422135424,True
ACGCCAGATGATTTCT-1,7823.0,4500.0,L4,3,0.20822578221133614,1,bisquare,7469,1.0,negbinomial,0.29239382422135424,True
ACGCCCAGCTGTCGAT-1,7697.0,2821.0,L3,2,0.22788783113314087,1,bisquare,7469,1.0,negbinomial,0.29239382422135424,True
ACGCCGCTAGACGACC-1,7663.0,7614.0,L6,5,0.26281311126016416,1,bisquare,7469,1.0,negbinomial,0.29239382422135424,True
ACGCGAAGTCAGACGA-1,6831.0,8327.0,L6,5,0.18214757427411976,1,bisquare,7469,1.0,negbinomial,0.29239382422135424,True
ACGCGCTACACAGGGT-1,4910.0,7354.0,L6,5,0.22408511962418814,1,bisquare,7469,1.0,negbinomial,0.29239382422135424,True
ACGCGGGCCAAGGACA-1,7051.0,6531.0,L6,5,0.17879603976879813,1,bisquare,7469,1.0,negbinomial,0.29239382422135424,True
ACGCTAGTGATACACT-1,9672.0,5831.0,L3,2,0.2874414720260894,1,bisquare,7469,1.0,negbinomial,0.29239382422135424,True
ACGCTGTGAGGCGTAG-1,3672.0,7106.0,L5,4,0.2221698254447665,1,bisquare,7469,1.0,negbinomial,0.29239382422135424,True
ACGCTTAGTGTCTCTC-1,8386.0,2826.0,L3,2,0.22057924231329223,1,bisquare,7469,1.0,negbinomial,0.29239382422135424,True
ACGGAATTTAGCAAAT-1,4657.0,4237.0,L3,2,0.12504853250392167,1,bisquare,7469,1.0,negbinomial,0.29239382422135424,True
ACGGACTCTCAAAGCG-1,7922.0,9772.0,L5,4,0.32680249542588896,1,bisquare,7469,1.0,negbinomial,0.29239382422135424,True
ACGGAGCGCAAATTAC-1,10232.0,4637.0,L3,2,0.4825198621683693,1,bisquare,7469,1.0,negbinomial,0.29239382422135424,True
ACGGATGGTGCGGATA-1,8201.0,9295.0,L5,4,0.3705349627045513,1,bisquare,7469,1.0,negbinomial,0.29239382422135424,True
ACGGCACTTGCTTGGG-1,6897.0,8687.0,L6,5,0.10226150591291712,1,bisquare,7469,1.0,negbinomial,0.29239382422135424,True
ACGGCCAACATGGACT-1,6552.0,8804.0,L6,5,0.23048915661784947,1,bisquare,7469,1.0,negbinomial,0.29239382422135424,True
ACGGCGACGATGGGAA-1,8070.0,8336.0,L5,4,0.450777557311594,1,bisquare,7469,1.0,negbinomial,0.29239382422135424,True
ACGGCGGGTTGCCCTG-1,4941.0,3041.0,L1,0,0.1996758396873405,1,bisquare,7469,1.0,negbinomial,0.29239382422135424,True
ACGGCTGGATGTAGAA-1,3516.0,9740.0,WM,6,0.3267745880899344,1,bisquare,7469,1.0,negbinomial,0.29239382422135424,True
ACGGGAGTGTCGGCCC-1,4492.0,8070.0,L6,5,0.21803603633357532,1,bisquare,7469,1.0,negbinomial,0.29239382422135424,True
ACGGGTCATGTGACTT-1,3418.0,4228.0,L1,0,0.3451848799286786,1,bisquare,7469,1.0,negbinomial,0.29239382422135424,True
ACGTACAGATTTCTCT-1,7347.0,3658.0,L3,2,0.1910321447465039,1,bisquare,7469,1.0,negbinomial,0.29239382422135424,True
ACGTAGATTGCTGATG-1,7396.0,6414.0,L6,5,0.20071358858269933,1,bisquare,7469,1.0,negbinomial,0.29239382422135424,True
ACGTATTACTCCGATC-1,9455.0,7387.0,L3,2,0.2574007159593444,1,bisquare,7469,1.0,negbinomial,0.29239382422135424,True
ACGTCCTAAACGAGAT-1,7080.0,2457.0,L1,0,0.4827375130890095,1,bisquare,7469,1.0,negbinomial,0.29239382422135424,True
ACGTGCGCCTCGTGCA-1,7134.0,4495.0,L4,3,0.16025726757286668,1,bisquare,7469,1.0,negbinomial,0.29239382422135424,True
ACGTGGTCGAATGTGC-1,8180.0,2705.0,L3,2,0.2898728273255144,1,bisquare,7469,1.0,negbinomial,0.29239382422135424,True
ACGTTAATGTCGAAGA-1,7527.0,7373.0,L6,5,0.2508390539666746,1,bisquare,7469,1.0,negbinomial,0.29239382422135424,True
ACGTTAGATTTGCCCG-1,5463.0,7119.0,L6,5,0.21941644854142597,1,bisquare,7469,1.0,negbinomial,0.29239382422135424,True
ACGTTCCGCGCTCCGT-1,6522.0,3412.0,L3,2,0.20258938001536647,1,bisquare,7469,1.0,negbinomial,0.29239382422135424,True
ACGTTCGCAATCAATT-1,10563.0,6437.0,L2,1,0.3869951227212468,1,bisquare,7469,1.0,negbinomial,0.29239382422135424,True
ACGTTCGTTCAGGAAA-1,5789.0,9637.0,WM,6,0.42800852252556365,1,bisquare,7469,1.0,negbinomial,0.29239382422135424,True
ACGTTCTGTACAAGTC-1,9296.0,10261.0,L3,2,0.2674078252438842,1,bisquare,7469,1.0,negbinomial,0.29239382422135424,True
ACGTTTAGTTGTGATC-1,7481.0,4138.0,L3,2,0.1211975336617803,1,bisquare,7469,1.0,negbinomial,0.29239382422135424,True
ACTAATACGTCAGGCG-1,9552.0,3434.0,L2,1,0.18468649992349304,1,bisquare,7469,1.0,negbinomial,0.29239382422135424,True
ACTACATCCCGACAAG-1,3927.0,9983.0,WM,6,0.14519839800222492,1,bisquare,7469,1.0,negbinomial,0.29239382422135424,True
ACTACCAGCTCTCTGG-1,5612.0,5442.0,L5,4,0.16791976844859657,1,bisquare,7469,1.0,negbinomial,0.29239382422135424,True
ACTACGCGTTAGAATT-1,6615.0,9643.0,L6,5,0.07542669779087491,1,bisquare,7469,1.0,negbinomial,0.29239382422135424,True
ACTAGTTGCGATCGTC-1,9929.0,8469.0,L3,2,0.30012983788450065,1,bisquare,7469,1.0,negbinomial,0.29239382422135424,True
ACTATATGCTGTGTTC-1,10030.0,4036.0,L2,1,0.4938406637939542,1,bisquare,7469,1.0,negbinomial,0.29239382422135424,True
ACTATCCAGGGCATGG-1,10215.0,7033.0,L3,2,0.49999354842703075,1,bisquare,7469,1.0,negbinomial,0.29239382422135424,True
ACTATCTGCCCGCGTA-1,10546.0,8833.0,L2,1,0.437039179195185,1,bisquare,7469,1.0,negbinomial,0.29239382422135424,True
ACTATGTCCAGCTGCC-1,4270.0,10105.0,WM,6,0.3910932759935767,1,bisquare,7469,1.0,negbinomial,0.29239382422135424,True
ACTATTCGTCCGTGGT-1,7894.0,4141.0,L3,2,0.18902362976521866,1,bisquare,7469,1.0,negbinomial,0.29239382422135424,True
ACTATTTCCGGGCCCA-1,5583.0,9516.0,WM,6,0.364155181503509,1,bisquare,7469,1.0,negbinomial,0.29239382422135424,True
ACTCAACGAATGTATT-1,5077.0,3282.0,L1,0,0.19439356794607382,1,bisquare,7469,1.0,negbinomial,0.29239382422135424,True
ACTCAAGTGCAAGGCT-1,8681.0,9658.0,L4,3,0.5201681046569155,1,bisquare,7469,1.0,negbinomial,0.29239382422135424,True
ACTCAATAAAGGCACG-1,7540.0,5456.0,L5,4,0.2217616853189155,1,bisquare,7469,1.0,negbinomial,0.29239382422135424,True
ACTCAGACCTGCTTCT-1,5764.0,3526.0,L2,1,0.17376084807173492,1,bisquare,7469,1.0,negbinomial,0.29239382422135424,True
ACTCATGGCAGCCTTC-1,3924.0,10462.0,WM,6,0.25218915776075,1,bisquare,7469,1.0,negbinomial,0.29239382422135424,True
ACTCCAATATCATCAT-1,4753.0,9989.0,WM,6,0.2894803530705507,1,bisquare,7469,1.0,negbinomial,0.29239382422135424,True
ACTCCCATTCCTAAAG-1,3941.0,8066.0,L6,5,0.29728540608662035,1,bisquare,7469,1.0,negbinomial,0.29239382422135424,True
ACTCCCGAATTCGTTT-1,9944.0,6312.0,L3,2,0.26917372136685497,1,bisquare,7469,1.0,negbinomial,0.29239382422135424,True
ACTCCCTAATGCTAAA-1,7513.0,9290.0,L6,5,0.3988547067672228,1,bisquare,7469,1.0,negbinomial,0.29239382422135424,True
ACTCCCTAGAATAGTA-1,7589.0,8212.0,L6,5,0.5435281813648469,1,bisquare,7469,1.0,negbinomial,0.29239382422135424,True
ACTCGTAACCCGTCCT-1,4352.0,8309.0,WM,6,0.13171205790330667,1,bisquare,7469,1.0,negbinomial,0.29239382422135424,True
ACTCGTCAGTAATCCC-1,8151.0,6779.0,L5,4,0.3430137890107376,1,bisquare,7469,1.0,negbinomial,0.29239382422135424,True
ACTCTCTGACTTAGGT-1,8145.0,7497.0,L5,4,0.2562894666953741,1,bisquare,7469,1.0,negbinomial,0.29239382422135424,True
ACTCTCTTATACACGA-1,8588.0,3427.0,L3,2,0.27413498759329324,1,bisquare,7469,1.0,negbinomial,0.29239382422135424,True
ACTCTTGTATAGTAAC-1,7600.0,6775.0,L6,5,0.35588335328501286,1,bisquare,7469,1.0,negbinomial,0.29239382422135424,True
ACTGAAACGCCGTTAG-1,9165.0,9302.0,L3,2,0.5678129515848173,1,bisquare,7469,1.0,negbinomial,0.29239382422135424,True
ACTGAATGGCGAAAGT-1,8485.0,8099.0,L5,4,0.2612610698044381,1,bisquare,7469,1.0,negbinomial,0.29239382422135424,True
ACTGATTTAGTGATTC-1,8316.0,2946.0,L3,2,0.24927060217493718,1,bisquare,7469,1.0,negbinomial,0.29239382422135424,True
ACTGCCCGCCATTCTC-1,4818.0,10589.0,WM,6,0.31231470702021574,1,bisquare,7469,1.0,negbinomial,0.29239382422135424,True
ACTGCCGTCGTAACTC-1,7617.0,4378.0,L4,3,0.17163487021859153,1,bisquare,7469,1.0,negbinomial,0.29239382422135424,True
ACTGCTCGGAAGGATG-1,3385.0,8781.0,WM,6,0.08913745321884144,1,bisquare,7469,1.0,negbinomial,0.29239382422135424,True
ACTGTACGATACACAT-1,8156.0,6060.0,L5,4,0.24556389589065597,1,bisquare,7469,1.0,negbinomial,0.29239382422135424,True
ACTGTAGCACTTTGGA-1,5473.0,5681.0,L5,4,0.14761444312920494,1,bisquare,7469,1.0,negbinomial,0.29239382422135424,True
ACTGTATACGCGAGCA-1,5281.0,3643.0,L2,1,0.13608806625029207,1,bisquare,7469,1.0,negbinomial,0.29239382422135424,True
ACTGTCCAGGATTATA-1,6570.0,6408.0,L6,5,0.27281590483213025,1,bisquare,7469,1.0,negbinomial,0.29239382422135424,True
ACTGTCTTCTTTAGAA-1,7192.0,6053.0,L6,5,0.21310204511676145,1,bisquare,7469,1.0,negbinomial,0.29239382422135424,True
ACTGTGCTAGTAGATC-1,4934.0,4000.0,L2,1,0.19847703403346265,1,bisquare,7469,1.0,negbinomial,0.29239382422135424,True
ACTGTTTAGTGTAGGC-1,6871.0,2815.0,L1,0,0.2585539846990649,1,bisquare,7469,1.0,negbinomial,0.29239382422135424,True
ACTTACCGGGCGCGCA-1,9343.0,3792.0,L3,2,0.3636728762878039,1,bisquare,7469,1.0,negbinomial,0.29239382422135424,True
ACTTACGCATCCACGC-1,8132.0,9414.0,L5,4,0.2584374502199973,1,bisquare,7469,1.0,negbinomial,0.29239382422135424,True
ACTTAGTACGACAAGA-1,5002.0,4120.0,L3,2,0.38877112811284575,1,bisquare,7469,1.0,negbinomial,0.29239382422135424,True
ACTTATACTTACCCGG-1,8977.0,6785.0,L5,4,0.3230167327469129,1,bisquare,7469,1.0,negbinomial,0.29239382422135424,True
ACTTATCTGATCTATA-1,5014.0,2443.0,L1,0,0.3656129751306868,1,bisquare,7469,1.0,negbinomial,0.29239382422135424,True
ACTTATTAGGATCGGT-1,6359.0,7005.0,L6,5,0.184414498581526,1,bisquare,7469,1.0,negbinomial,0.29239382422135424,True
ACTTATTTATGTGCCA-1,8968.0,7983.0,L5,4,0.3676214654582306,1,bisquare,7469,1.0,negbinomial,0.29239382422135424,True
ACTTCAGGCTGATCCC-1,8344.0,8577.0,L5,4,0.4613386426770258,1,bisquare,7469,1.0,negbinomial,0.29239382422135424,True
ACTTCCATGCGGGACA-1,8611.0,9777.0,L4,3,0.4005463636551801,1,bisquare,7469,1.0,negbinomial,0.29239382422135424,True
ACTTCGCCATACGCAC-1,7952.0,5699.0,L5,4,0.3003458175609477,1,bisquare,7469,1.0,negbinomial,0.29239382422135424,True
ACTTGACTCCCTCTTT-1,7732.0,7494.0,L6,5,0.32908655669081815,1,bisquare,7469,1.0,negbinomial,0.29239382422135424,True
ACTTGCCATATTGTAC-1,6663.0,2934.0,L1,0,0.5807743847132568,1,bisquare,7469,1.0,negbinomial,0.29239382422135424,True
ACTTGGGACCCGGTGG-1,6160.0,5925.0,L5,4,0.19312786183355324,1,bisquare,7469,1.0,negbinomial,0.29239382422135424,True
ACTTGTAGTCCCTTCA-1,3461.0,7703.0,L5,4,0.2478020646271128,1,bisquare,7469,1.0,negbinomial,0.29239382422135424,True
ACTTGTGGATGGAACG-1,10202.0,8710.0,L3,2,0.4052703531294447,1,bisquare,7469,1.0,negbinomial,0.29239382422135424,True
ACTTTACCCTCATGAA-1,10082.0,6313.0,L3,2,0.32406533035277657,1,bisquare,7469,1.0,negbinomial,0.29239382422135424,True
ACTTTCCTATAGCTTC-1,7056.0,5812.0,L6,5,0.3229654715952707,1,bisquare,7469,1.0,negbinomial,0.29239382422135424,True
ACTTTGACTGCATCCT-1,3535.0,7105.0,L5,4,0.17751317653371185,1,bisquare,7469,1.0,negbinomial,0.29239382422135424,True
ACTTTGGTCGTGCTCC-1,3653.0,9741.0,WM,6,0.19934478008127798,1,bisquare,7469,1.0,negbinomial,0.29239382422135424,True
AGAAATTATGACTCGC-1,10684.0,8834.0,L2,1,0.2912743289650871,1,bisquare,7469,1.0,negbinomial,0.29239382422135424,True
AGAACCCTCAATTGGG-1,3378.0,9739.0,WM,6,0.4467721267520304,1,bisquare,7469,1.0,negbinomial,0.29239382422135424,True
AGAACGTGGTACATTC-1,7814.0,5698.0,L5,4,0.26232466179547154,1,bisquare,7469,1.0,negbinomial,0.29239382422135424,True
AGAAGAGCGCCGTTCC-1,8837.0,7023.0,L5,4,0.016414237791494306,1,bisquare,7469,1.0,negbinomial,0.29239382422135424,True
AGAAGGTACACTTCAC-1,3730.0,8664.0,WM,6,0.13604650561448006,1,bisquare,7469,1.0,negbinomial,0.29239382422135424,True
AGAAGGTTGCCGAATT-1,5804.0,7481.0,L6,5,0.2606012917528833,1,bisquare,7469,1.0,negbinomial,0.29239382422135424,True
AGAAGGTTGTAGGTCG-1,8126.0,10133.0,L5,4,0.40680478994523245,1,bisquare,7469,1.0,negbinomial,0.29239382422135424,True
AGAAGTGATTCGTGAT-1,4697.0,8191.0,WM,6,0.3980845884615024,1,bisquare,7469,1.0,negbinomial,0.29239382422135424,True
AGAATAAATCTTCAGG-1,3536.0,6865.0,L5,4,0.12453367553459528,1,bisquare,7469,1.0,negbinomial,0.29239382422135424,True
AGAATGCGGGTTCGGA-1,10237.0,3918.0,L1,0,0.548578579784979,1,bisquare,7469,1.0,negbinomial,0.29239382422135424,True
AGAATTATGGATTCGA-1,9531.0,6309.0,L3,2,0.26042365124453737,1,bisquare,7469,1.0,negbinomial,0.29239382422135424,True
AGAATTGTTTGACATA-1,4380.0,4475.0,L3,2,0.18171028893298916,1,bisquare,7469,1.0,negbinomial,0.29239382422135424,True
AGACATAGATCCTTCC-1,6041.0,3289.0,L2,1,0.2595378921343751,1,bisquare,7469,1.0,negbinomial,0.29239382422135424,True
AGACCAAACCACACCT-1,3387.0,8541.0,L6,5,0.14620608630905232,1,bisquare,7469,1.0,negbinomial,0.29239382422135424,True
AGACCATGGGATACAA-1,4720.0,5076.0,L3,2,0.164399383794412,1,bisquare,7469,1.0,negbinomial,0.29239382422135424,True
AGACCCACCGCTGATC-1,7244.0,8330.0,L6,5,0.13752364389816613,1,bisquare,7469,1.0,negbinomial,0.29239382422135424,True
AGACCCGCCCTCCTCG-1,6644.0,5570.0,L5,4,0.18057546941805228,1,bisquare,7469,1.0,negbinomial,0.29239382422135424,True
AGACCGCTCCGCGGTT-1,10410.0,8592.0,L3,2,0.3736825260896215,1,bisquare,7469,1.0,negbinomial,0.29239382422135424,True
AGACCGGGAAACCCTG-1,3946.0,7347.0,L5,4,0.25785726790349234,1,bisquare,7469,1.0,negbinomial,0.29239382422135424,True
AGACGAAGTGCCGGTC-1,9448.0,8346.0,L3,2,0.5675283245684645,1,bisquare,7469,1.0,negbinomial,0.29239382422135424,True
AGACGACGATGCCGCT-1,5037.0,8793.0,WM,6,0.24012221329740255,1,bisquare,7469,1.0,negbinomial,0.29239382422135424,True
AGACGGGATTGGTATA-1,8250.0,2586.0,L2,1,0.3087686184530196,1,bisquare,7469,1.0,negbinomial,0.29239382422135424,True
AGACGGGCCGATTTAA-1,9827.0,3436.0,L2,1,0.577443002838595,1,bisquare,7469,1.0,negbinomial,0.29239382422135424,True
AGACTAGCCTTCCAGA-1,5954.0,5804.0,L5,4,0.39058529991383684,1,bisquare,7469,1.0,negbinomial,0.29239382422135424,True
AGACTGTTACCGGGTC-1,5855.0,9997.0,WM,6,0.3613785970067365,1,bisquare,7469,1.0,negbinomial,0.29239382422135424,True
AGAGAAACACCAGAAA-1,5093.0,10591.0,WM,6,0.36292266376973686,1,bisquare,7469,1.0,negbinomial,0.29239382422135424,True
AGAGAACCGTCTAGGA-1,8848.0,5585.0,L5,4,0.3571386570557226,1,bisquare,7469,1.0,negbinomial,0.29239382422135424,True
AGAGAAGGAGTACAAT-1,5102.0,9392.0,WM,6,0.4545936947853547,1,bisquare,7469,1.0,negbinomial,0.29239382422135424,True
AGAGATCTCTAAAGCG-1,4016.0,7228.0,L5,4,0.189157491916788,1,bisquare,7469,1.0,negbinomial,0.29239382422135424,True
AGAGCAGTTATGAGAC-1,4094.0,5911.0,L4,3,0.2546380812140028,1,bisquare,7469,1.0,negbinomial,0.29239382422135424,True
AGAGCCGCCGAGATTT-1,10473.0,9431.0,L2,1,0.27454895343953956,1,bisquare,7469,1.0,negbinomial,0.29239382422135424,True
AGAGCGGGCTAATCAT-1,7204.0,4375.0,L4,3,0.1844907243122419,1,bisquare,7469,1.0,negbinomial,0.29239382422135424,True
AGAGCGTACAAGCTCG-1,4718.0,5316.0,L3,2,0.153036842048708,1,bisquare,7469,1.0,negbinomial,0.29239382422135424,True
AGAGGCTTCGGAAACC-1,9721.0,8587.0,L3,2,0.3706888451919975,1,bisquare,7469,1.0,negbinomial,0.29239382422135424,True
AGAGGTATCTCGGTCC-1,6320.0,2811.0,L1,0,0.18382740586990357,1,bisquare,7469,1.0,negbinomial,0.29239382422135424,True
AGAGTAAACTTCACTA-1,10068.0,8230.0,L3,2,0.4334483457293001,1,bisquare,7469,1.0,negbinomial,0.29239382422135424,True
AGAGTTAGAGACCGAT-1,9554.0,3194.0,L2,1,0.4583535454751771,1,bisquare,7469,1.0,negbinomial,0.29239382422135424,True
AGATAACTTCAGGGCC-1,5813.0,6282.0,L5,4,0.2564741203399813,1,bisquare,7469,1.0,negbinomial,0.29239382422135424,True
AGATACCGGTGTTCAC-1,5393.0,7238.0,L6,5,0.07032573073455549,1,bisquare,7469,1.0,negbinomial,0.29239382422135424,True
AGATACGACTTCATAT-1,5208.0,4241.0,L3,2,0.17519747090153784,1,bisquare,7469,1.0,negbinomial,0.29239382422135424,True
AGATACTCAAGATCGA-1,8417.0,7979.0,L5,4,0.3832539289822045,1,bisquare,7469,1.0,negbinomial,0.29239382422135424,True
AGATATAATACGACTA-1,7713.0,10130.0,L5,4,0.27234171148539904,1,bisquare,7469,1.0,negbinomial,0.29239382422135424,True
AGATCGTGCATAAGAT-1,9472.0,4991.0,L3,2,0.22387006064807904,1,bisquare,7469,1.0,negbinomial,0.29239382422135424,True
AGATCTCAGGTGTGAT-1,7950.0,5938.0,L6,5,0.20516571751399876,1,bisquare,7469,1.0,negbinomial,0.29239382422135424,True
AGATGACTCGCCCACG-1,6580.0,4970.0,L5,4,0.1456827115835437,1,bisquare,7469,1.0,negbinomial,0.29239382422135424,True
AGATGAGGGTTGCGAT-1,9547.0,4153.0,L3,2,0.265221443656062,1,bisquare,7469,1.0,negbinomial,0.29239382422135424,True
AGATGATGGAGTCTGG-1,10080.0,6553.0,L3,2,0.5734507144015649,1,bisquare,7469,1.0,negbinomial,0.29239382422135424,True
AGATGCAAGACGTGCA-1,4413.0,9388.0,WM,6,0.30581212336893054,1,bisquare,7469,1.0,negbinomial,0.29239382422135424,True
AGATGCTATAACGAGC-1,3283.0,3748.0,L1,0,0.15409407110472023,1,bisquare,7469,1.0,negbinomial,0.29239382422135424,True
AGATTATAGGACGTTT-1,6498.0,6767.0,L6,5,0.30030570346776836,1,bisquare,7469,1.0,negbinomial,0.29239382422135424,True
AGATTCACAACCGATA-1,3660.0,8783.0,WM,6,0.17715471625477905,1,bisquare,7469,1.0,negbinomial,0.29239382422135424,True
AGCAAAGGCCGCTAGT-1,7717.0,9651.0,L5,4,0.24238964691829679,1,bisquare,7469,1.0,negbinomial,0.29239382422135424,True
AGCAACATATCTTATT-1,9179.0,7385.0,L4,3,0.2669020601112615,1,bisquare,7469,1.0,negbinomial,0.29239382422135424,True
AGCAACCGAAAGTAAT-1,4140.0,9146.0,WM,6,0.22008430869723622,1,bisquare,7469,1.0,negbinomial,0.29239382422135424,True
AGCACACGTTTAGACT-1,4542.0,10587.0,WM,6,0.42535128791428223,1,bisquare,7469,1.0,negbinomial,0.29239382422135424,True
AGCACCAGTACTCACG-1,7263.0,5694.0,L6,5,0.2967801328521315,1,bisquare,7469,1.0,negbinomial,0.29239382422135424,True
AGCACTACCGGCCTGT-1,4159.0,6510.0,L5,4,0.39942003580474345,1,bisquare,7469,1.0,negbinomial,0.29239382422135424,True
AGCACTACCTCACCAG-1,8342.0,8817.0,L5,4,0.25074580804195123,1,bisquare,7469,1.0,negbinomial,0.29239382422135424,True
AGCACTTAAGGACGCC-1,5194.0,6158.0,L5,4,0.26675399719542003,1,bisquare,7469,1.0,negbinomial,0.29239382422135424,True
AGCAGAAGGAGAAAGA-1,7438.0,10128.0,L6,5,0.34029377776070896,1,bisquare,7469,1.0,negbinomial,0.29239382422135424,True
AGCAGCCAGATGAATA-1,6756.0,9165.0,L6,5,0.11121136937810312,1,bisquare,7469,1.0,negbinomial,0.29239382422135424,True
AGCATATCAATATGCT-1,9308.0,8584.0,L3,2,0.2898519040947612,1,bisquare,7469,1.0,negbinomial,0.29239382422135424,True
AGCATCATTTCGAAAG-1,4073.0,8786.0,WM,6,0.19261209897118076,1,bisquare,7469,1.0,negbinomial,0.29239382422135424,True
AGCATCGTCGATAATT-1,6372.0,5088.0,L5,4,0.26094324520695816,1,bisquare,7469,1.0,negbinomial,0.29239382422135424,True
AGCCAAGCTTTGTGTC-1,6749.0,10123.0,L6,5,0.15418482983581244,1,bisquare,7469,1.0,negbinomial,0.29239382422135424,True
AGCCACAGGTTACCCG-1,8885.0,10019.0,L3,2,0.4360320952859212,1,bisquare,7469,1.0,negbinomial,0.29239382422135424,True
AGCCACTCCCGTGCTT-1,8368.0,5223.0,L5,4,0.25290915840045197,1,bisquare,7469,1.0,negbinomial,0.29239382422135424,True
AGCCCATACATGTAAG-1,4565.0,7472.0,L6,5,0.1559007250707619,1,bisquare,7469,1.0,negbinomial,0.29239382422135424,True
AGCCCGGCATTAGAGG-1,4546.0,10107.0,WM,6,0.5135108552521882,1,bisquare,7469,1.0,negbinomial,0.29239382422135424,True
AGCCCGGTAGCCTGTA-1,6132.0,9759.0,L6,5,0.2561451240155955,1,bisquare,7469,1.0,negbinomial,0.29239382422135424,True
AGCCCTAAGCGAAGTT-1,7274.0,4256.0,L3,2,0.18999581282581943,1,bisquare,7469,1.0,negbinomial,0.29239382422135424,True
AGCCCTCCCTGGTGGC-1,4750.0,10468.0,WM,6,0.48510508619631393,1,bisquare,7469,1.0,negbinomial,0.29239382422135424,True
AGCCCTTCTAATCCGA-1,9888.0,4515.0,L3,2,0.2671155451588627,1,bisquare,7469,1.0,negbinomial,0.29239382422135424,True
AGCCGTGGCTAAATGT-1,4283.0,8428.0,WM,6,0.26784202388469697,1,bisquare,7469,1.0,negbinomial,0.29239382422135424,True
AGCCTAATACCCACGT-1,3732.0,8424.0,L6,5,0.33422034270752254,1,bisquare,7469,1.0,negbinomial,0.29239382422135424,True
AGCCTTAAAGCGGAAG-1,3826.0,4950.0,L3,2,0.15429102216164084,1,bisquare,7469,1.0,negbinomial,0.29239382422135424,True
AGCGACAGGAACGGTC-1,5315.0,8555.0,WM,6,0.2773785633298352,1,bisquare,7469,1.0,negbinomial,0.29239382422135424,True
AGCGACATCCCATTCA-1,6859.0,4493.0,L4,3,0.16712839990130393,1,bisquare,7469,1.0,negbinomial,0.29239382422135424,True
AGCGACCAACGATATT-1,6576.0,5449.0,L5,4,0.1566529476421116,1,bisquare,7469,1.0,negbinomial,0.29239382422135424,True
AGCGAGACGTGAAGGC-1,4267.0,10585.0,WM,6,0.2287578917986231,1,bisquare,7469,1.0,negbinomial,0.29239382422135424,True
AGCGATGCGCCTAATA-1,10192.0,10148.0,L3,2,0.271028073289343,1,bisquare,7469,1.0,negbinomial,0.29239382422135424,True
AGCGCATAATGAATCG-1,6549.0,9283.0,L6,5,0.5488483017590802,1,bisquare,7469,1.0,negbinomial,0.29239382422135424,True
AGCGCGGGTGCCAATG-1,9125.0,5348.0,L4,3,0.24604443514794685,1,bisquare,7469,1.0,negbinomial,0.29239382422135424,True
AGCGCTTATGGGCAAG-1,9414.0,3433.0,L3,2,0.24207626161230694,1,bisquare,7469,1.0,negbinomial,0.29239382422135424,True
AGCGGACACTTCGTAG-1,7026.0,9886.0,L6,5,0.250969969311284,1,bisquare,7469,1.0,negbinomial,0.29239382422135424,True
AGCGGCGGTTAGCGGT-1,3594.0,8423.0,L6,5,0.19131287034855207,1,bisquare,7469,1.0,negbinomial,0.29239382422135424,True
AGCGGGAAGGGTCCAT-1,5347.0,4003.0,L3,2,0.16921887036948624,1,bisquare,7469,1.0,negbinomial,0.29239382422135424,True
AGCGGGTCTGACACTC-1,7298.0,10367.0,L6,5,0.5924730716061009,1,bisquare,7469,1.0,negbinomial,0.29239382422135424,True
AGCGGTTGAGATGTAC-1,9008.0,2471.0,L2,1,0.306059786696327,1,bisquare,7469,1.0,negbinomial,0.29239382422135424,True
AGCGTAGCGCTAGACC-1,4530.0,2798.0,L1,0,0.2952747397721185,1,bisquare,7469,1.0,negbinomial,0.29239382422135424,True
AGCGTCTGAACCCGCA-1,5285.0,3163.0,L1,0,0.140663762849533,1,bisquare,7469,1.0,negbinomial,0.29239382422135424,True
AGCGTGGTATTCTACT-1,7661.0,7853.0,L6,5,0.2760751019457016,1,bisquare,7469,1.0,negbinomial,0.29239382422135424,True
AGCGTTCCGATTTAAA-1,9144.0,2712.0,L3,2,0.30489474432259633,1,bisquare,7469,1.0,negbinomial,0.29239382422135424,True
AGCTAACAAGCAATGT-1,5030.0,9751.0,WM,6,0.3745945761446755,1,bisquare,7469,1.0,negbinomial,0.29239382422135424,True
AGCTAAGTACGCAGGC-1,8677.0,10137.0,L3,2,0.42505613652234875,1,bisquare,7469,1.0,negbinomial,0.29239382422135424,True
AGCTAGAAGCAGAAGT-1,9610.0,4992.0,L3,2,0.21305416243274544,1,bisquare,7469,1.0,negbinomial,0.29239382422135424,True
AGCTATTTAATCCAAC-1,7892.0,4380.0,L4,3,0.2564088460154236,1,bisquare,7469,1.0,negbinomial,0.29239382422135424,True
AGCTCCATATATGTTC-1,10267.0,9310.0,L3,2,0.3448053608453522,1,bisquare,7469,1.0,negbinomial,0.29239382422135424,True
AGCTCCTTCGCACATC-1,8688.0,8699.0,L5,4,0.3383303757279595,1,bisquare,7469,1.0,negbinomial,0.29239382422135424,True
AGCTCTAGACGTTCCA-1,8011.0,7017.0,L6,5,0.3268432655777918,1,bisquare,7469,1.0,negbinomial,0.29239382422135424,True
AGCTCTTCCCAGTGCA-1,8855.0,4627.0,L4,3,0.19128193308840616,1,bisquare,7469,1.0,negbinomial,0.29239382422135424,True
AGCTCTTCGTAACCTT-1,10145.0,7152.0,L3,2,0.3613680684780224,1,bisquare,7469,1.0,negbinomial,0.29239382422135424,True
AGCTCTTTACTCAGTT-1,5874.0,7361.0,L6,5,0.23715400073207185,1,bisquare,7469,1.0,negbinomial,0.29239382422135424,True
AGCTGAAGTAAACCAA-1,8578.0,4865.0,L5,4,0.18963223027969,1,bisquare,7469,1.0,negbinomial,0.29239382422135424,True
AGCTGTAACCTCAATC-1,4692.0,8910.0,WM,6,0.25463282730113757,1,bisquare,7469,1.0,negbinomial,0.29239382422135424,True
AGCTTATAGAGACCTG-1,6043.0,3049.0,L1,0,0.19360302213034544,1,bisquare,7469,1.0,negbinomial,0.29239382422135424,True
AGCTTCAATACTTTGA-1,8044.0,2464.0,L2,1,0.29289122813587776,1,bisquare,7469,1.0,negbinomial,0.29239382422135424,True
AGCTTGATCTTAACTT-1,4359.0,7350.0,L6,5,0.18223244129748462,1,bisquare,7469,1.0,negbinomial,0.29239382422135424,True
AGGAAAGCCTCTGATG-1,3702.0,3032.0,L1,0,0.37478918707807596,1,bisquare,7469,1.0,negbinomial,0.29239382422135424,True
AGGAAGCTGTCCGCCG-1,7234.0,9767.0,L6,5,0.32326184141519115,1,bisquare,7469,1.0,negbinomial,0.29239382422135424,True
AGGACAGTCGAATCCC-1,8627.0,7621.0,L5,4,0.3472568729205189,1,bisquare,7469,1.0,negbinomial,0.29239382422135424,True
AGGACATCGCACGTCG-1,5414.0,4362.0,L3,2,0.2467136206536361,1,bisquare,7469,1.0,negbinomial,0.29239382422135424,True
AGGACGACCCATTAGA-1,5872.0,7601.0,WM,6,0.3047763503351935,1,bisquare,7469,1.0,negbinomial,0.29239382422135424,True
AGGACGCTCGATGTTG-1,9543.0,4632.0,L3,2,0.20538212810728793,1,bisquare,7469,1.0,negbinomial,0.29239382422135424,True
AGGAGGCCTTCGCGCG-1,9514.0,8705.0,L3,2,0.30249750232939965,1,bisquare,7469,1.0,negbinomial,0.29239382422135424,True
AGGATAAAGTCGGGAT-1,7241.0,8809.0,L6,5,0.1832589019800688,1,bisquare,7469,1.0,negbinomial,0.29239382422135424,True
AGGATATAGGGATTTA-1,9381.0,7986.0,L4,3,0.44852167876991517,1,bisquare,7469,1.0,negbinomial,0.29239382422135424,True
AGGATCACGCGATCTG-1,3871.0,8185.0,L6,5,0.23761309938343295,1,bisquare,7469,1.0,negbinomial,0.29239382422135424,True
AGGCAAAGAGGAATCA-1,5496.0,2566.0,L1,0,0.4115548738651561,1,bisquare,7469,1.0,negbinomial,0.29239382422135424,True
AGGCACGTGACTGTCC-1,10680.0,9313.0,L2,1,0.16024368348579665,1,bisquare,7469,1.0,negbinomial,0.29239382422135424,True
AGGCAGATGCGTAAAC-1,8710.0,5584.0,L5,4,0.5231988690452049,1,bisquare,7469,1.0,negbinomial,0.29239382422135424,True
AGGCAGGGAGCGTACT-1,6134.0,9520.0,WM,6,0.5544613697157165,1,bisquare,7469,1.0,negbinomial,0.29239382422135424,True
AGGCATTGTCGTAGGG-1,9585.0,8347.0,L3,2,0.2477173076441192,1,bisquare,7469,1.0,negbinomial,0.29239382422135424,True
AGGCCACCCGTTATGA-1,5403.0,5800.0,L5,4,0.1391824722769891,1,bisquare,7469,1.0,negbinomial,0.29239382422135424,True
AGGCCCATTGTACAGG-1,6585.0,4251.0,L3,2,0.20916477947982667,1,bisquare,7469,1.0,negbinomial,0.29239382422135424,True
AGGCCCTAGAACGCCA-1,4493.0,7830.0,L6,5,0.19526634799683112,1,bisquare,7469,1.0,negbinomial,0.29239382422135424,True
AGGCCTGAGAATCTCG-1,8817.0,9899.0,L3,2,0.3184442594315665,1,bisquare,7469,1.0,negbinomial,0.29239382422135424,True
AGGCGGTTTGTCCCGC-1,3930.0,9504.0,WM,6,0.20372570138380913,1,bisquare,7469,1.0,negbinomial,0.29239382422135424,True
AGGCGTCTATGGACGG-1,10509.0,4399.0,L2,1,0.14720543527807878,1,bisquare,7469,1.0,negbinomial,0.29239382422135424,True
AGGCTATGGTTAGCTT-1,4854.0,5557.0,L4,3,0.11130150893202183,1,bisquare,7469,1.0,negbinomial,0.29239382422135424,True
AGGCTTCCCGAAGAAG-1,5660.0,8438.0,WM,6,0.34582077470670947,1,bisquare,7469,1.0,negbinomial,0.29239382422135424,True
AGGCTTGCTAGACACC-1,4030.0,5311.0,L3,2,0.10869075350241976,1,bisquare,7469,1.0,negbinomial,0.29239382422135424,True
AGGGAAACGAGGTACT-1,8928.0,4028.0,L3,2,0.32626513141842606,1,bisquare,7469,1.0,negbinomial,0.29239382422135424,True
AGGGACAGCACGGCGG-1,5975.0,2929.0,L1,0,0.19264354302270825,1,bisquare,7469,1.0,negbinomial,0.29239382422135424,True
AGGGACCGGCTGCGTT-1,10354.0,6794.0,L3,2,0.4348032675407222,1,bisquare,7469,1.0,negbinomial,0.29239382422135424,True
AGGGACTCTACGCGAC-1,6413.0,9043.0,L6,5,0.19453714365328564,1,bisquare,7469,1.0,negbinomial,0.29239382422135424,True
AGGGAGACATACTTCG-1,10567.0,5957.0,L2,1,0.3645810585447778,1,bisquare,7469,1.0,negbinomial,0.29239382422135424,True
AGGGCAGCGGCGTGGT-1,7899.0,3422.0,L3,2,0.2656752260003021,1,bisquare,7469,1.0,negbinomial,0.29239382422135424,True
AGGGCGAGCAGCTGAT-1,4150.0,7708.0,L6,5,0.17611703906839635,1,bisquare,7469,1.0,negbinomial,0.29239382422135424,True
AGGGCGTGATCGGCTA-1,5895.0,4486.0,L3,2,0.3547513437824245,1,bisquare,7469,1.0,negbinomial,0.29239382422135424,True
AGGGCTGCAGTTACAG-1,7256.0,6652.0,L6,5,0.20666790267615895,1,bisquare,7469,1.0,negbinomial,0.29239382422135424,True
AGGGTCAGAGCACTCG-1,5506.0,10594.0,WM,6,0.5705774295585022,1,bisquare,7469,1.0,negbinomial,0.29239382422135424,True
AGGGTCGATGCGAACT-1,9458.0,6908.0,L3,2,0.4352082371944067,1,bisquare,7469,1.0,negbinomial,0.29239382422135424,True
AGGGTGCCGTTCTTTA-1,5027.0,10231.0,WM,6,0.303678888984856,1,bisquare,7469,1.0,negbinomial,0.29239382422135424,True
AGGGTGCTCTCGAGGG-1,9116.0,6546.0,L5,4,0.34968675920509373,1,bisquare,7469,1.0,negbinomial,0.29239382422135424,True
AGGGTGGATAGTGCAT-1,3543.0,5907.0,L3,2,0.13747391680691412,1,bisquare,7469,1.0,negbinomial,0.29239382422135424,True
AGGGTTCCCTTTGGTT-1,8844.0,6065.0,L5,4,0.36359158504721545,1,bisquare,7469,1.0,negbinomial,0.29239382422135424,True
AGGGTTTAGTTCGGGA-1,7120.0,6412.0,L6,5,0.14186018401875716,1,bisquare,7469,1.0,negbinomial,0.29239382422135424,True
AGGTAACCTCCTATTC-1,5623.0,4005.0,L3,2,0.1663069430930888,1,bisquare,7469,1.0,negbinomial,0.29239382422135424,True
AGGTACGATATTGCCA-1,8034.0,3902.0,L3,2,0.17618155403280517,1,bisquare,7469,1.0,negbinomial,0.29239382422135424,True
AGGTAGATCGAGATAT-1,5166.0,9992.0,WM,6,0.21738197386906633,1,bisquare,7469,1.0,negbinomial,0.29239382422135424,True
AGGTAGGTACAAAGCT-1,4915.0,6635.0,L5,4,0.2886175543935107,1,bisquare,7469,1.0,negbinomial,0.29239382422135424,True
AGGTATAATTGATAGT-1,10286.0,6674.0,L3,2,0.45204722102070677,1,bisquare,7469,1.0,negbinomial,0.29239382422135424,True
AGGTCAGGTGAGAGTG-1,4148.0,7948.0,L6,5,0.4038838412856355,1,bisquare,7469,1.0,negbinomial,0.29239382422135424,True
AGGTCGCCACTTCGGT-1,4668.0,2799.0,L1,0,0.284742616265874,1,bisquare,7469,1.0,negbinomial,0.29239382422135424,True
AGGTCGCGGAGTTACT-1,9950.0,5593.0,L3,2,0.3466976241799297,1,bisquare,7469,1.0,negbinomial,0.29239382422135424,True
AGGTGGTGACCTTCGC-1,6612.0,10122.0,L6,5,0.13372653641315554,1,bisquare,7469,1.0,negbinomial,0.29239382422135424,True
AGGTGTATCGCCATGA-1,3950.0,6868.0,L5,4,0.31027122538130086,1,bisquare,7469,1.0,negbinomial,0.29239382422135424,True
AGGTTACACCATGCCG-1,10692.0,7636.0,L2,1,0.5752618720151303,1,bisquare,7469,1.0,negbinomial,0.29239382422135424,True
AGGTTCTCCTTTCCGG-1,3305.0,10338.0,WM,6,0.20142550001287735,1,bisquare,7469,1.0,negbinomial,0.29239382422135424,True
AGGTTGAGGCACGCTT-1,7887.0,5099.0,L5,4,0.2299446710327893,1,bisquare,7469,1.0,negbinomial,0.29239382422135424,True
AGGTTTCACACACCTT-1,7389.0,7372.0,L6,5,0.07933592925384313,1,bisquare,7469,1.0,negbinomial,0.29239382422135424,True
AGTAACGTTCATCCTG-1,9073.0,3071.0,L3,2,0.3771771348607769,1,bisquare,7469,1.0,negbinomial,0.29239382422135424,True
AGTAATGTCTTGCCGC-1,6929.0,4373.0,L4,3,0.17632302547161205,1,bisquare,7469,1.0,negbinomial,0.29239382422135424,True
AGTAATTTGCAAGCGT-1,3371.0,10698.0,WM,6,0.45927228736914943,1,bisquare,7469,1.0,negbinomial,0.29239382422135424,True
AGTACATCATTTATCA-1,10291.0,5955.0,L3,2,0.3687972980402884,1,bisquare,7469,1.0,negbinomial,0.29239382422135424,True
AGTACCTTCGAGTGCT-1,10239.0,3678.0,L1,0,0.5345254127468956,1,bisquare,7469,1.0,negbinomial,0.29239382422135424,True
AGTACGGCCCGTATCG-1,3538.0,6625.0,L5,4,0.22635532216087678,1,bisquare,7469,1.0,negbinomial,0.29239382422135424,True
AGTACGGGCACCTGGC-1,8229.0,5461.0,L5,4,0.42669224963856295,1,bisquare,7469,1.0,negbinomial,0.29239382422135424,True
AGTACGTGGCCTGTCT-1,8865.0,3189.0,L3,2,0.17885223985511586,1,bisquare,7469,1.0,negbinomial,0.29239382422135424,True
AGTACTCTTATGCCCA-1,8822.0,9180.0,L4,3,0.5846593315766125,1,bisquare,7469,1.0,negbinomial,0.29239382422135424,True
AGTAGAAGGCGCCTCA-1,7019.0,10844.0,L6,5,0.19944228045661916,1,bisquare,7469,1.0,negbinomial,0.29239382422135424,True
AGTAGCGTGAACGAAC-1,7767.0,2702.0,L3,2,0.32700180970111187,1,bisquare,7469,1.0,negbinomial,0.29239382422135424,True
AGTAGCTAGACGCCGA-1,9831.0,2957.0,L1,0,0.45705814017611307,1,bisquare,7469,1.0,negbinomial,0.29239382422135424,True
AGTAGGAAGGAAGTTG-1,9545.0,4392.0,L3,2,0.3362093695740475,1,bisquare,7469,1.0,negbinomial,0.29239382422135424,True
AGTAGGTAACATACAT-1,6311.0,4010.0,L3,2,0.3256698646610794,1,bisquare,7469,1.0,negbinomial,0.29239382422135424,True
AGTATAATACTAGGCA-1,5062.0,5438.0,L4,3,0.24150700060875488,1,bisquare,7469,1.0,negbinomial,0.29239382422135424,True
AGTATACACAGCGACA-1,6061.0,10118.0,L6,5,0.1829077208023438,1,bisquare,7469,1.0,negbinomial,0.29239382422135424,True
AGTATCCATAATAACG-1,4460.0,2918.0,L1,0,0.41262299824467763,1,bisquare,7469,1.0,negbinomial,0.29239382422135424,True
AGTATGCTGGAGACCA-1,4551.0,9388.0,WM,6,0.31631294200328197,1,bisquare,7469,1.0,negbinomial,0.29239382422135424,True
AGTATTTGGCACGACC-1,6341.0,9401.0,L6,5,0.4396989809896234,1,bisquare,7469,1.0,negbinomial,0.29239382422135424,True
AGTCAAATGATGTGAT-1,5163.0,10471.0,WM,6,0.2586554654709175,1,bisquare,7469,1.0,negbinomial,0.29239382422135424,True
AGTCAACACCACCATC-1,6012.0,7362.0,L6,5,0.2164297148525867,1,bisquare,7469,1.0,negbinomial,0.29239382422135424,True
AGTCAAGATGACACTT-1,8966.0,8222.0,L5,4,0.31470583937028673,1,bisquare,7469,1.0,negbinomial,0.29239382422135424,True
AGTCACTAGCTCTCGA-1,9580.0,9065.0,L3,2,0.5771968155946168,1,bisquare,7469,1.0,negbinomial,0.29239382422135424,True
AGTCACTCCGCCTCAT-1,4871.0,3160.0,L1,0,0.2050710549921669,1,bisquare,7469,1.0,negbinomial,0.29239382422135424,True
AGTCAGCCACCGCCTG-1,4725.0,4358.0,L3,2,0.13914787217193886,1,bisquare,7469,1.0,negbinomial,0.29239382422135424,True
AGTCCAGCGGGTACGT-1,4185.0,2916.0,L1,0,0.31659088750406633,1,bisquare,7469,1.0,negbinomial,0.29239382422135424,True
AGTCCATTGGCTGATG-1,9660.0,7508.0,L3,2,0.4633597145740432,1,bisquare,7469,1.0,negbinomial,0.29239382422135424,True
AGTCCCGCCTTTAATT-1,9200.0,4510.0,L3,2,0.24006261712613117,1,bisquare,7469,1.0,negbinomial,0.29239382422135424,True
AGTCGACGGTCTCAAG-1,8975.0,7024.0,L5,4,0.5761647626906429,1,bisquare,7469,1.0,negbinomial,0.29239382422135424,True
AGTCGGCCCAAACGAC-1,5475.0,5441.0,L5,4,0.33917232074341613,1,bisquare,7469,1.0,negbinomial,0.29239382422135424,True
AGTCGGCTCAACTTTA-1,4354.0,8069.0,L6,5,0.15628283628191497,1,bisquare,7469,1.0,negbinomial,0.29239382422135424,True
AGTCGGTTGCGTGAGA-1,10488.0,7275.0,L3,2,0.4472480282448262,1,bisquare,7469,1.0,negbinomial,0.29239382422135424,True
AGTCGTATAAAGCAGA-1,8332.0,10255.0,L4,3,0.397225370347463,1,bisquare,7469,1.0,negbinomial,0.29239382422135424,True
AGTCGTCGACCACCAA-1,9028.0,9301.0,L3,2,0.5384144746875946,1,bisquare,7469,1.0,negbinomial,0.29239382422135424,True
AGTCGTGGGCATTACG-1,4764.0,8551.0,WM,6,0.2144982165811226,1,bisquare,7469,1.0,negbinomial,0.29239382422135424,True
AGTCTAAAGTATACTC-1,10429.0,5956.0,L3,2,0.42928748573234254,1,bisquare,7469,1.0,negbinomial,0.29239382422135424,True
AGTCTCACAAGACTAC-1,4830.0,8911.0,WM,6,0.3118131367379269,1,bisquare,7469,1.0,negbinomial,0.29239382422135424,True
AGTCTGGACATCCTTG-1,4173.0,4593.0,L3,2,0.10614716358187368,1,bisquare,7469,1.0,negbinomial,0.29239382422135424,True
AGTCTTCTCCTCAAAT-1,7335.0,5335.0,L5,4,0.19157130975168524,1,bisquare,7469,1.0,negbinomial,0.29239382422135424,True
AGTCTTTAAAGTGTCC-1,8055.0,10492.0,L5,4,0.23551296253615814,1,bisquare,7469,1.0,negbinomial,0.29239382422135424,True
AGTGAACAAACTTCTC-1,9796.0,7749.0,L3,2,0.4972973184025516,1,bisquare,7469,1.0,negbinomial,0.29239382422135424,True
AGTGACCTACTTTACG-1,6353.0,7724.0,WM,6,0.3736078286326342,1,bisquare,7469,1.0,negbinomial,0.29239382422135424,True
AGTGACTGTGACACAA-1,4682.0,10348.0,WM,6,0.5051357570192676,1,bisquare,7469,1.0,negbinomial,0.29239382422135424,True
AGTGAGACTTCCAGTA-1,8771.0,6663.0,L5,4,0.29520494336499187,1,bisquare,7469,1.0,negbinomial,0.29239382422135424,True
AGTGAGCCTCGCCGCC-1,9878.0,5952.0,L3,2,0.3416894426339442,1,bisquare,7469,1.0,negbinomial,0.29239382422135424,True
AGTGAGGGTTTCTGAC-1,8863.0,3429.0,L3,2,0.47575889769590973,1,bisquare,7469,1.0,negbinomial,0.29239382422135424,True
AGTGATAACCTGCGCG-1,8888.0,9540.0,L3,2,0.5797448486725453,1,bisquare,7469,1.0,negbinomial,0.29239382422135424,True
AGTGATATGAGTAGTT-1,6146.0,7842.0,WM,6,0.26100439368719125,1,bisquare,7469,1.0,negbinomial,0.29239382422135424,True
AGTGATTCAAGCAGGA-1,8773.0,6424.0,L5,4,0.41587045955022384,1,bisquare,7469,1.0,negbinomial,0.29239382422135424,True
AGTGCACGCTTAAGAA-1,9376.0,8704.0,L3,2,0.3216727247151594,1,bisquare,7469,1.0,negbinomial,0.29239382422135424,True
AGTGCGTAGCTCGTAA-1,5663.0,7959.0,WM,6,0.28505761872347485,1,bisquare,7469,1.0,negbinomial,0.29239382422135424,True
AGTGCTAAACACAGCA-1,9024.0,9780.0,L3,2,0.5633124823221425,1,bisquare,7469,1.0,negbinomial,0.29239382422135424,True
AGTGCTTGCACGAATA-1,8904.0,7383.0,L5,4,0.2969625512669823,1,bisquare,7469,1.0,negbinomial,0.29239382422135424,True
AGTGGCGGCAATTTGA-1,9263.0,5349.0,L4,3,0.2897710069402064,1,bisquare,7469,1.0,negbinomial,0.29239382422135424,True
AGTGGCGTCTGAAGGT-1,8679.0,9898.0,L3,2,0.3389378115704769,1,bisquare,7469,1.0,negbinomial,0.29239382422135424,True
AGTGGCTCCGTCGGCC-1,3603.0,7225.0,L5,4,0.13553576135999867,1,bisquare,7469,1.0,negbinomial,0.29239382422135424,True
AGTGGTGTTACCCGTG-1,3390.0,8062.0,L6,5,0.37553356856575604,1,bisquare,7469,1.0,negbinomial,0.29239382422135424,True
AGTGTATTGCGCATTG-1,9338.0,4511.0,L3,2,0.45274596814771373,1,bisquare,7469,1.0,negbinomial,0.29239382422135424,True
AGTGTGCTAAGATCGC-1,3487.0,4109.0,L1,0,0.1973983346722331,1,bisquare,7469,1.0,negbinomial,0.29239382422135424,True
AGTGTGGTCTATTGTG-1,4377.0,4954.0,L3,2,0.1481775380074266,1,bisquare,7469,1.0,negbinomial,0.29239382422135424,True
AGTTAAACACTTGCGA-1,5806.0,7241.0,L6,5,0.3291187318437849,1,bisquare,7469,1.0,negbinomial,0.29239382422135424,True
AGTTAAGCGGTCCCGG-1,8306.0,4383.0,L4,3,0.17690555273464595,1,bisquare,7469,1.0,negbinomial,0.29239382422135424,True
AGTTAAGTCAACCGCT-1,4488.0,8549.0,WM,6,0.17112901395170338,1,bisquare,7469,1.0,negbinomial,0.29239382422135424,True
AGTTACCGCACATGGT-1,3752.0,5549.0,L3,2,0.14521253369372802,1,bisquare,7469,1.0,negbinomial,0.29239382422135424,True
AGTTACTCTATCGTGG-1,8926.0,4268.0,L3,2,0.16293741272654247,1,bisquare,7469,1.0,negbinomial,0.29239382422135424,True
AGTTATTGAAAGGTAA-1,7905.0,2703.0,L3,2,0.4838443734949088,1,bisquare,7469,1.0,negbinomial,0.29239382422135424,True
AGTTCCTACAGAATTA-1,6228.0,6046.0,L5,4,0.1455748429001685,1,bisquare,7469,1.0,negbinomial,0.29239382422135424,True
AGTTCCTATTTATGTT-1,7249.0,7611.0,L6,5,0.11112665672552334,1,bisquare,7469,1.0,negbinomial,0.29239382422135424,True
AGTTCTGCGTTGTATC-1,4108.0,3994.0,L1,0,0.14649660537356324,1,bisquare,7469,1.0,negbinomial,0.29239382422135424,True
AGTTGACATCGGCTGG-1,4593.0,3638.0,L1,0,0.183830412079625,1,bisquare,7469,1.0,negbinomial,0.29239382422135424,True
AGTTGACGGTCCTTGC-1,7093.0,10246.0,L6,5,0.2925500671536589,1,bisquare,7469,1.0,negbinomial,0.29239382422135424,True
AGTTGCTGACTGATAT-1,4037.0,4353.0,L2,1,0.14533329546705617,1,bisquare,7469,1.0,negbinomial,0.29239382422135424,True
AGTTTCGCAGGTCGGA-1,7070.0,3895.0,L3,2,0.12154203985693988,1,bisquare,7469,1.0,negbinomial,0.29239382422135424,True
AGTTTGCACCTGCCTC-1,7856.0,9412.0,L5,4,0.34926349742917584,1,bisquare,7469,1.0,negbinomial,0.29239382422135424,True
AGTTTGGCACGGGTTG-1,9793.0,8228.0,L3,2,0.2887123741855351,1,bisquare,7469,1.0,negbinomial,0.29239382422135424,True
AGTTTGGCCAGACCTA-1,4905.0,8073.0,WM,6,0.3334332804435239,1,bisquare,7469,1.0,negbinomial,0.29239382422135424,True
ATAAACCATTGGACGG-1,5907.0,2808.0,L1,0,0.18795864866699136,1,bisquare,7469,1.0,negbinomial,0.29239382422135424,True
ATAAACGGACCCGTAA-1,6971.0,8088.0,L6,5,0.28268018061341144,1,bisquare,7469,1.0,negbinomial,0.29239382422135424,True
ATAAACGTTGCACCAC-1,10129.0,9309.0,L3,2,0.37725585271667,1,bisquare,7469,1.0,negbinomial,0.29239382422135424,True
ATAAAGGCTCGGTCGT-1,6224.0,6525.0,L6,5,0.15508270481399675,1,bisquare,7469,1.0,negbinomial,0.29239382422135424,True
ATAAAGGTCAAGTACG-1,8659.0,3068.0,L3,2,0.5520132920272404,1,bisquare,7469,1.0,negbinomial,0.29239382422135424,True
ATAAATATTAGCAGCT-1,4706.0,6993.0,L5,4,0.26354291666355767,1,bisquare,7469,1.0,negbinomial,0.29239382422135424,True
ATAACGCCGGAGGGTC-1,8358.0,6660.0,L5,4,0.29886744753241956,1,bisquare,7469,1.0,negbinomial,0.29239382422135424,True
ATAACGGAGTCCAACG-1,7954.0,5459.0,L5,4,0.319047633730736,1,bisquare,7469,1.0,negbinomial,0.29239382422135424,True
ATAAGGTGGAGAACAT-1,7725.0,8453.0,L6,5,0.5889522359946052,1,bisquare,7469,1.0,negbinomial,0.29239382422135424,True
ATAAGTAGGATTCAGA-1,9880.0,5713.0,L3,2,0.5134341887867789,1,bisquare,7469,1.0,negbinomial,0.29239382422135424,True
ATAAGTAGGGCGACTC-1,10216.0,6793.0,L3,2,0.31362700591433534,1,bisquare,7469,1.0,negbinomial,0.29239382422135424,True
ATAAGTTACCGCGACG-1,6352.0,7964.0,WM,6,0.22471705497434113,1,bisquare,7469,1.0,negbinomial,0.29239382422135424,True
ATAATACCGTTAGCCG-1,3899.0,4352.0,L2,1,0.1225037684756436,1,bisquare,7469,1.0,negbinomial,0.29239382422135424,True
ATAATAGCTGTTGAAT-1,7108.0,8089.0,L6,5,0.3410685700472892,1,bisquare,7469,1.0,negbinomial,0.29239382422135424,True
ATAATAGTGTAGGGAC-1,4861.0,4598.0,L3,2,0.18204993654004004,1,bisquare,7469,1.0,negbinomial,0.29239382422135424,True
ATAATCTTGGAGAACC-1,8060.0,9773.0,L5,4,0.40568124629333285,1,bisquare,7469,1.0,negbinomial,0.29239382422135424,True
ATAATTAGCTAAGTAG-1,7162.0,10126.0,L6,5,0.5621684923991815,1,bisquare,7469,1.0,negbinomial,0.29239382422135424,True
ATACAGGCCCTCCAAT-1,7720.0,9172.0,L5,4,0.3173970404569598,1,bisquare,7469,1.0,negbinomial,0.29239382422135424,True
ATACCACGGGCAACTT-1,4778.0,6634.0,L5,4,0.232980086151736,1,bisquare,7469,1.0,negbinomial,0.29239382422135424,True
ATACCAGCAAATTGCT-1,6939.0,2936.0,L2,1,0.2663129290270187,1,bisquare,7469,1.0,negbinomial,0.29239382422135424,True
ATACCAGGCTAATAGA-1,6590.0,3532.0,L3,2,0.28325285452693405,1,bisquare,7469,1.0,negbinomial,0.29239382422135424,True
ATACCAGGTGAGCGAT-1,6597.0,2574.0,L1,0,0.28819880071457077,1,bisquare,7469,1.0,negbinomial,0.29239382422135424,True
ATACCTAACCAAGAAA-1,7168.0,9407.0,L6,5,0.41832885552253557,1,bisquare,7469,1.0,negbinomial,0.29239382422135424,True
ATACGCCGATCTACCG-1,4945.0,2562.0,L1,0,0.3818709607777645,1,bisquare,7469,1.0,negbinomial,0.29239382422135424,True
ATACGCCGGCGAAACC-1,8147.0,7258.0,L5,4,0.5748164495078089,1,bisquare,7469,1.0,negbinomial,0.29239382422135424,True
ATACGGAACGTCGTTT-1,4277.0,9147.0,WM,6,0.322847523983248,1,bisquare,7469,1.0,negbinomial,0.29239382422135424,True
ATACGGGTTTCGATTG-1,8438.0,5103.0,L5,4,0.30332349228082434,1,bisquare,7469,1.0,negbinomial,0.29239382422135424,True
ATACGGTGAAGATGCA-1,3540.0,6386.0,L4,3,0.2647457034178897,1,bisquare,7469,1.0,negbinomial,0.29239382422135424,True
ATACGTACTTAGCCAC-1,8065.0,9054.0,L5,4,0.28342270939769865,1,bisquare,7469,1.0,negbinomial,0.29239382422135424,True
ATACGTCCACTCCTGT-1,9174.0,8104.0,L4,3,0.34732832901766997,1,bisquare,7469,1.0,negbinomial,0.29239382422135424,True
ATACGTTATGCACGGA-1,7094.0,10006.0,L6,5,0.5779043962961051,1,bisquare,7469,1.0,negbinomial,0.29239382422135424,True
ATACTACCCGTACCAC-1,9990.0,9548.0,L3,2,0.4627035409758407,1,bisquare,7469,1.0,negbinomial,0.29239382422135424,True
ATACTAGCATGACCCT-1,6993.0,4973.0,L5,4,0.17663223021899474,1,bisquare,7469,1.0,negbinomial,0.29239382422135424,True
ATACTCTCGCCACTCT-1,4525.0,3517.0,L1,0,0.19572209476676752,1,bisquare,7469,1.0,negbinomial,0.29239382422135424,True
ATACTGCCTTACACCG-1,8545.0,9417.0,L5,4,0.3284976690097032,1,bisquare,7469,1.0,negbinomial,0.29239382422135424,True
ATACTTGTTCTCGAGC-1,3474.0,6026.0,L3,2,0.07421028401585025,1,bisquare,7469,1.0,negbinomial,0.29239382422135424,True
ATAGACAACGGGACCT-1,9122.0,5827.0,L4,3,0.42248387365037277,1,bisquare,7469,1.0,negbinomial,0.29239382422135424,True
ATAGACGAAGAGAAAG-1,5881.0,6403.0,L6,5,0.3185668511471522,1,bisquare,7469,1.0,negbinomial,0.29239382422135424,True
ATAGAGTACTGGGACA-1,6094.0,5566.0,L5,4,0.2201615111781084,1,bisquare,7469,1.0,negbinomial,0.29239382422135424,True
ATAGAGTTATCAACTT-1,9191.0,5708.0,L4,3,0.272565483006096,1,bisquare,7469,1.0,negbinomial,0.29239382422135424,True
ATAGATTTGCAGTCGG-1,7423.0,2580.0,L2,1,0.17081755585592925,1,bisquare,7469,1.0,negbinomial,0.29239382422135424,True
ATAGCAACTAGGGAAG-1,9505.0,9904.0,L3,2,0.4687765461105183,1,bisquare,7469,1.0,negbinomial,0.29239382422135424,True
ATAGCCTCAGTACCCA-1,3759.0,4590.0,L2,1,0.09683659613117897,1,bisquare,7469,1.0,negbinomial,0.29239382422135424,True
ATAGCTGCTCTTGTTA-1,3486.0,4349.0,L1,0,0.1270072213981603,1,bisquare,7469,1.0,negbinomial,0.29239382422135424,True
ATAGGAATCTAAGCTT-1,9899.0,3077.0,L1,0,0.5332285943946731,1,bisquare,7469,1.0,negbinomial,0.29239382422135424,True
ATAGGCGGCTATAGAA-1,5046.0,7595.0,L6,5,0.22043308565681122,1,bisquare,7469,1.0,negbinomial,0.29239382422135424,True
ATAGGCTAGCTTCGCA-1,9468.0,5470.0,L3,2,0.22410221082307233,1,bisquare,7469,1.0,negbinomial,0.29239382422135424,True
ATAGGGATATCCTTGA-1,7682.0,4978.0,L5,4,0.3740973181393124,1,bisquare,7469,1.0,negbinomial,0.29239382422135424,True
ATAGGTTGGGCAGATG-1,7194.0,5813.0,L6,5,0.45187477972959295,1,bisquare,7469,1.0,negbinomial,0.29239382422135424,True
ATAGTCTTTGACGTGC-1,7418.0,3299.0,L3,2,0.12193085905845312,1,bisquare,7469,1.0,negbinomial,0.29239382422135424,True
ATAGTGAAGCGTTCTC-1,6700.0,7367.0,L6,5,0.20500008715040513,1,bisquare,7469,1.0,negbinomial,0.29239382422135424,True
ATAGTTCCACCCACTC-1,9801.0,7030.0,L3,2,0.5705899779848053,1,bisquare,7469,1.0,negbinomial,0.29239382422135424,True
ATATAAAGCGCTCGTG-1,7443.0,9409.0,L6,5,0.452460029348464,1,bisquare,7469,1.0,negbinomial,0.29239382422135424,True
ATATAAATGTAGCTGC-1,7860.0,8933.0,L5,4,0.2860315597829343,1,bisquare,7469,1.0,negbinomial,0.29239382422135424,True
ATATAACACGGGCGCA-1,9226.0,10381.0,L3,2,0.22037942366989,1,bisquare,7469,1.0,negbinomial,0.29239382422135424,True
ATATACGCTCGTGACG-1,10194.0,9909.0,L3,2,0.5032181708797148,1,bisquare,7469,1.0,negbinomial,0.29239382422135424,True
ATATAGAGTATTGGTC-1,3514.0,9980.0,WM,6,0.3015823657077514,1,bisquare,7469,1.0,negbinomial,0.29239382422135424,True
ATATCAACCTACAGAG-1,10009.0,6912.0,L3,2,0.4216047558791082,1,bisquare,7469,1.0,negbinomial,0.29239382422135424,True
ATATCAATTCCAGCCT-1,3176.0,9139.0,WM,6,0.07275200182526867,1,bisquare,7469,1.0,negbinomial,0.29239382422135424,True
ATATCGGTAGGGAGAT-1,10352.0,7034.0,L3,2,0.42038984592225076,1,bisquare,7469,1.0,negbinomial,0.29239382422135424,True
ATATCGTGCCAGACCC-1,8248.0,2825.0,L3,2,0.37380766008808414,1,bisquare,7469,1.0,negbinomial,0.29239382422135424,True
ATATCGTTCCTCGAAC-1,9096.0,9421.0,L3,2,0.37949503768819404,1,bisquare,7469,1.0,negbinomial,0.29239382422135424,True
ATATCTCCCTCGTTAA-1,8785.0,4746.0,L4,3,0.2936501557877968,1,bisquare,7469,1.0,negbinomial,0.29239382422135424,True
ATATCTTAGGGCCTTC-1,6981.0,6650.0,L6,5,0.143189532655321,1,bisquare,7469,1.0,negbinomial,0.29239382422135424,True
ATATGTCTCCCTAGCC-1,9460.0,6668.0,L3,2,0.3461391151923571,1,bisquare,7469,1.0,negbinomial,0.29239382422135424,True
ATATTCAGTTAAACCT-1,5527.0,7718.0,WM,6,0.2519155802351808,1,bisquare,7469,1.0,negbinomial,0.29239382422135424,True
ATATTCCACATAGTGA-1,8069.0,8575.0,L5,4,0.2946001007606567,1,bisquare,7469,1.0,negbinomial,0.29239382422135424,True
ATATTCCCACAGGTCA-1,6864.0,3774.0,L3,2,0.2107977755091884,1,bisquare,7469,1.0,negbinomial,0.29239382422135424,True
ATATTGCTGTCAAAGT-1,4999.0,4599.0,L3,2,0.1794273342272051,1,bisquare,7469,1.0,negbinomial,0.29239382422135424,True
ATATTTAACCCTCAAG-1,6571.0,6168.0,L6,5,0.30828586264015123,1,bisquare,7469,1.0,negbinomial,0.29239382422135424,True
ATCAAACACTGTTCCA-1,10138.0,8111.0,L3,2,0.4382399720048369,1,bisquare,7469,1.0,negbinomial,0.29239382422135424,True
ATCAAACGAAGGTTTG-1,5041.0,8314.0,WM,6,0.4381068445433544,1,bisquare,7469,1.0,negbinomial,0.29239382422135424,True
ATCAATCTGGGCTGCA-1,7258.0,6413.0,L6,5,0.206452692900997,1,bisquare,7469,1.0,negbinomial,0.29239382422135424,True
ATCAATGCCGTGGCTG-1,4066.0,9744.0,WM,6,0.18589473321698702,1,bisquare,7469,1.0,negbinomial,0.29239382422135424,True
ATCACATTAGAATATC-1,8440.0,4864.0,L5,4,0.44948924968998644,1,bisquare,7469,1.0,negbinomial,0.29239382422135424,True
ATCACGTGCTAATTAA-1,5250.0,7956.0,WM,6,0.3640528706051641,1,bisquare,7469,1.0,negbinomial,0.29239382422135424,True
ATCACTTCATCCTCGC-1,7406.0,4976.0,L5,4,0.1810649201003094,1,bisquare,7469,1.0,negbinomial,0.29239382422135424,True
ATCAGACGGCACGCCG-1,5665.0,7719.0,WM,6,0.3345604305601569,1,bisquare,7469,1.0,negbinomial,0.29239382422135424,True
ATCAGCCTCATGCTGC-1,8752.0,9299.0,L4,3,0.537361879235406,1,bisquare,7469,1.0,negbinomial,0.29239382422135424,True
ATCAGCTCGTCCACTA-1,3801.0,8305.0,L6,5,0.17731036955237658,1,bisquare,7469,1.0,negbinomial,0.29239382422135424,True
ATCAGGTCGCCATTGC-1,9277.0,3432.0,L3,2,0.27176275931542937,1,bisquare,7469,1.0,negbinomial,0.29239382422135424,True
ATCAGTAGGCAGGGAT-1,8782.0,5226.0,L5,4,0.375139624700762,1,bisquare,7469,1.0,negbinomial,0.29239382422135424,True
ATCATAGCCCTATGTA-1,10056.0,9908.0,L3,2,0.35853342401439336,1,bisquare,7469,1.0,negbinomial,0.29239382422135424,True
ATCATCCAATATTTGT-1,6840.0,7129.0,L6,5,0.12456443110369968,1,bisquare,7469,1.0,negbinomial,0.29239382422135424,True
ATCATCTGCCCAGTGT-1,8593.0,2708.0,L3,2,0.368655298319777,1,bisquare,7469,1.0,negbinomial,0.29239382422135424,True
ATCCAACGCAGTCATA-1,5337.0,5440.0,L5,4,0.16300407587784202,1,bisquare,7469,1.0,negbinomial,0.29239382422135424,True
ATCCAATGGAGGGTCC-1,4633.0,7592.0,L6,5,0.10172724902700093,1,bisquare,7469,1.0,negbinomial,0.29239382422135424,True
ATCCACATCGACAGAA-1,7715.0,9891.0,L5,4,0.2032987276064833,1,bisquare,7469,1.0,negbinomial,0.29239382422135424,True
ATCCACGCTAAATGTT-1,8522.0,3067.0,L3,2,0.36302837856998643,1,bisquare,7469,1.0,negbinomial,0.29239382422135424,True
ATCCAGAGCAACAACC-1,6348.0,8443.0,L6,5,0.3980289519965416,1,bisquare,7469,1.0,negbinomial,0.29239382422135424,True
ATCCAGGATTCGTGAA-1,5944.0,7242.0,L6,5,0.33663226911620353,1,bisquare,7469,1.0,negbinomial,0.29239382422135424,True
ATCCCATCCACAGCGC-1,3721.0,9862.0,WM,6,0.2732462745281639,1,bisquare,7469,1.0,negbinomial,0.29239382422135424,True
ATCCTACCTAAGCTCT-1,6078.0,7722.0,WM,6,0.27765163021739986,1,bisquare,7469,1.0,negbinomial,0.29239382422135424,True
ATCCTGAATCGCTGCG-1,4568.0,6992.0,L5,4,0.16240307933896128,1,bisquare,7469,1.0,negbinomial,0.29239382422135424,True
ATCCTGCGTGGAATGG-1,6008.0,7841.0,WM,6,0.40423594741405816,1,bisquare,7469,1.0,negbinomial,0.29239382422135424,True
ATCCTGCTGCAGATAG-1,5835.0,3167.0,L1,0,0.2306237446564084,1,bisquare,7469,1.0,negbinomial,0.29239382422135424,True
ATCGACCCAATACAGA-1,7112.0,7610.0,L6,5,0.19523151452838952,1,bisquare,7469,1.0,negbinomial,0.29239382422135424,True
ATCGACTCTTTCCGTT-1,6991.0,5213.0,L5,4,0.13973403025346895,1,bisquare,7469,1.0,negbinomial,0.29239382422135424,True
ATCGCACGATTGTTCA-1,3975.0,3274.0,L1,0,0.2120870418481735,1,bisquare,7469,1.0,negbinomial,0.29239382422135424,True
ATCGCACGCCGGGAGA-1,6714.0,5450.0,L5,4,0.33457474837041945,1,bisquare,7469,1.0,negbinomial,0.29239382422135424,True
ATCGCCAGTCAACATT-1,10002.0,7870.0,L3,2,0.4628387635005074,1,bisquare,7469,1.0,negbinomial,0.29239382422135424,True
ATCGCTGCGTGCAGCA-1,10434.0,5237.0,L2,1,0.48440644731817517,1,bisquare,7469,1.0,negbinomial,0.29239382422135424,True
ATCGGAGACAGACGGC-1,7999.0,8695.0,L5,4,0.2735240687151526,1,bisquare,7469,1.0,negbinomial,0.29239382422135424,True
ATCGGCAAGCAGTCCA-1,9404.0,4871.0,L3,2,0.24636590181126627,1,bisquare,7469,1.0,negbinomial,0.29239382422135424,True
ATCGTGGAAAGTCTGG-1,4340.0,9986.0,WM,6,0.17683672677964177,1,bisquare,7469,1.0,negbinomial,0.29239382422135424,True
ATCGTTAGCTAGCGGA-1,9509.0,9424.0,L3,2,0.50044859862486,1,bisquare,7469,1.0,negbinomial,0.29239382422135424,True
ATCGTTCACTTTCGCC-1,9275.0,3671.0,L3,2,0.20389400430670795,1,bisquare,7469,1.0,negbinomial,0.29239382422135424,True
ATCTAATATCCTACGG-1,7377.0,9049.0,L6,5,0.2982748342241414,1,bisquare,7469,1.0,negbinomial,0.29239382422135424,True
ATCTAGCTTGTGAGGG-1,7229.0,10486.0,L6,5,0.583296363078284,1,bisquare,7469,1.0,negbinomial,0.29239382422135424,True
ATCTCCCACGGAATAT-1,10196.0,9669.0,L3,2,0.41366646414487707,1,bisquare,7469,1.0,negbinomial,0.29239382422135424,True
ATCTCCCTGCAATCTA-1,7755.0,4379.0,L4,3,0.15603562693156328,1,bisquare,7469,1.0,negbinomial,0.29239382422135424,True
ATCTCGTGAGCGAAAC-1,10757.0,8235.0,L2,1,0.49555105357885854,1,bisquare,7469,1.0,negbinomial,0.29239382422135424,True
ATCTGACATGGAAGGA-1,5580.0,9995.0,WM,6,0.295277917558198,1,bisquare,7469,1.0,negbinomial,0.29239382422135424,True
ATCTGATAGTGTCTTA-1,3623.0,4350.0,L1,0,0.305508123433103,1,bisquare,7469,1.0,negbinomial,0.29239382422135424,True
ATCTGCACCTCTGCGA-1,9740.0,5951.0,L3,2,0.2541676584078219,1,bisquare,7469,1.0,negbinomial,0.29239382422135424,True
ATCTGCTGTTATCGCC-1,6678.0,10482.0,L6,5,0.46490112940285416,1,bisquare,7469,1.0,negbinomial,0.29239382422135424,True
ATCTGGGCTGTTCTTG-1,7509.0,9769.0,L6,5,0.3512080002630603,1,bisquare,7469,1.0,negbinomial,0.29239382422135424,True
ATCTGGTTAAGACTGT-1,8022.0,5579.0,L5,4,0.1807341843207526,1,bisquare,7469,1.0,negbinomial,0.29239382422135424,True
ATCTGTAATTGTACCC-1,6723.0,4252.0,L3,2,0.2301475136138303,1,bisquare,7469,1.0,negbinomial,0.29239382422135424,True
ATCTTAGGGCATTAAT-1,3509.0,10699.0,WM,6,0.3226963195191575,1,bisquare,7469,1.0,negbinomial,0.29239382422135424,True
ATCTTATCGCACACCC-1,9917.0,10146.0,L3,2,0.2296671883228424,1,bisquare,7469,1.0,negbinomial,0.29239382422135424,True
ATCTTGACCTGCAACG-1,5818.0,5564.0,L5,4,0.18601714745794912,1,bisquare,7469,1.0,negbinomial,0.29239382422135424,True
ATCTTGACTTGTCCAA-1,10221.0,6075.0,L3,2,0.3867880211867009,1,bisquare,7469,1.0,negbinomial,0.29239382422135424,True
ATGAAGCCAAGGAGCC-1,5959.0,5085.0,L5,4,0.24384748307712953,1,bisquare,7469,1.0,negbinomial,0.29239382422135424,True
ATGACGCCGGCTCTAA-1,6791.0,4372.0,L4,3,0.258549013455604,1,bisquare,7469,1.0,negbinomial,0.29239382422135424,True
ATGACGCGTTCTATCC-1,4832.0,8672.0,WM,6,0.32720646615974214,1,bisquare,7469,1.0,negbinomial,0.29239382422135424,True
ATGACTATCAGCTGTG-1,5717.0,9996.0,WM,6,0.5108186301253319,1,bisquare,7469,1.0,negbinomial,0.29239382422135424,True
ATGACTATGCGACATT-1,8829.0,8221.0,L5,4,0.3090817125939583,1,bisquare,7469,1.0,negbinomial,0.29239382422135424,True
ATGAGGAGTGTTAATC-1,5199.0,5439.0,L4,3,0.21591234061620485,1,bisquare,7469,1.0,negbinomial,0.29239382422135424,True
ATGATCGGGAATAGAC-1,6515.0,4370.0,L4,3,0.3116005424341065,1,bisquare,7469,1.0,negbinomial,0.29239382422135424,True
ATGATGCAATGGTACA-1,6216.0,7723.0,WM,6,0.2703966284545972,1,bisquare,7469,1.0,negbinomial,0.29239382422135424,True
ATGCACGCGCTGTTCA-1,3517.0,9501.0,WM,6,0.2498831106393132,1,bisquare,7469,1.0,negbinomial,0.29239382422135424,True
ATGCACTACCGCATTG-1,5886.0,5684.0,L5,4,0.23135577452925035,1,bisquare,7469,1.0,negbinomial,0.29239382422135424,True
ATGCATGATCCAGGAT-1,7265.0,5454.0,L5,4,0.19339253117011218,1,bisquare,7469,1.0,negbinomial,0.29239382422135424,True
ATGCATTCCGTGATGG-1,6388.0,2932.0,L1,0,0.32858182569035865,1,bisquare,7469,1.0,negbinomial,0.29239382422135424,True
ATGCCAATCGCTCTGC-1,10028.0,4276.0,L3,2,0.369783965573119,1,bisquare,7469,1.0,negbinomial,0.29239382422135424,True
ATGCCATTTGCGACCA-1,9040.0,7624.0,L5,4,0.220060809856743,1,bisquare,7469,1.0,negbinomial,0.29239382422135424,True
ATGCCGGTCTTGCATA-1,7948.0,6178.0,L6,5,0.46712129543626424,1,bisquare,7469,1.0,negbinomial,0.29239382422135424,True
ATGCCGGTTGATGGGA-1,8510.0,4744.0,L5,4,0.1888695774227311,1,bisquare,7469,1.0,negbinomial,0.29239382422135424,True
ATGCGACAATTGGTCC-1,10305.0,4038.0,L2,1,0.1823759615603797,1,bisquare,7469,1.0,negbinomial,0.29239382422135424,True
ATGCGACAGTCCCATT-1,7669.0,6655.0,L6,5,0.3533046252013556,1,bisquare,7469,1.0,negbinomial,0.29239382422135424,True
ATGCGAGTCCCACCAC-1,9930.0,8229.0,L3,2,0.5077770083723235,1,bisquare,7469,1.0,negbinomial,0.29239382422135424,True
ATGCTCAGTGTTGCAT-1,4790.0,4957.0,L3,2,0.23780826245629616,1,bisquare,7469,1.0,negbinomial,0.29239382422135424,True
ATGCTCTGGCGCGGTA-1,7992.0,9653.0,L5,4,0.3579426600603555,1,bisquare,7469,1.0,negbinomial,0.29239382422135424,True
ATGCTTAGGAGTTGAT-1,10474.0,9192.0,L2,1,0.38304678385325663,1,bisquare,7469,1.0,negbinomial,0.29239382422135424,True
ATGGAAATTTAAGGAG-1,3247.0,8780.0,WM,6,0.10582882762326057,1,bisquare,7469,1.0,negbinomial,0.29239382422135424,True
ATGGAGCAGGCCGTGA-1,7324.0,6773.0,L6,5,0.23032173258520575,1,bisquare,7469,1.0,negbinomial,0.29239382422135424,True
ATGGATCCGGCGTCCG-1,8234.0,4742.0,L5,4,0.23975379443609665,1,bisquare,7469,1.0,negbinomial,0.29239382422135424,True
ATGGATTGACCAAACG-1,6988.0,5692.0,L6,5,0.30532376120345106,1,bisquare,7469,1.0,negbinomial,0.29239382422135424,True
ATGGCAGCATTACGAT-1,3995.0,10103.0,WM,6,0.3294884427161102,1,bisquare,7469,1.0,negbinomial,0.29239382422135424,True
ATGGCTGGAAATGGCC-1,9207.0,3551.0,L3,2,0.20634610486028815,1,bisquare,7469,1.0,negbinomial,0.29239382422135424,True
ATGGGAACGGAAGCGG-1,8867.0,2950.0,L3,2,0.29701026029311584,1,bisquare,7469,1.0,negbinomial,0.29239382422135424,True
ATGGGACCTGCTGAAC-1,4893.0,9750.0,WM,6,0.2580983605948907,1,bisquare,7469,1.0,negbinomial,0.29239382422135424,True
ATGGGCCTCGGCCTCT-1,9038.0,7863.0,L5,4,0.24553135648579258,1,bisquare,7469,1.0,negbinomial,0.29239382422135424,True
ATGGGTGTATACCTCC-1,4408.0,10106.0,WM,6,0.3671439395789419,1,bisquare,7469,1.0,negbinomial,0.29239382422135424,True
ATGGTATTTACTGATT-1,3646.0,10700.0,WM,6,0.20957809576255945,1,bisquare,7469,1.0,negbinomial,0.29239382422135424,True
ATGGTCGCGTGGTTTC-1,8625.0,7860.0,L5,4,0.33580743571874855,1,bisquare,7469,1.0,negbinomial,0.29239382422135424,True
ATGGTGCTCAAAGCCA-1,6735.0,2575.0,L1,0,0.3720950435777418,1,bisquare,7469,1.0,negbinomial,0.29239382422135424,True
ATGTAAGGCTGCTCTT-1,10495.0,6316.0,L3,2,0.37414880613582996,1,bisquare,7469,1.0,negbinomial,0.29239382422135424,True
ATGTACATGCGGTGAG-1,10467.0,10150.0,L2,1,0.12401296549516243,1,bisquare,7469,1.0,negbinomial,0.29239382422135424,True
ATGTACGATGACGTCG-1,7161.0,10366.0,L6,5,0.5920709492331891,1,bisquare,7469,1.0,negbinomial,0.29239382422135424,True
ATGTAGCGCGCGTAGG-1,7710.0,10609.0,L5,4,0.1451516558543907,1,bisquare,7469,1.0,negbinomial,0.29239382422135424,True
ATGTGAAAGCCTAATG-1,4286.0,7949.0,L6,5,0.28101091535667494,1,bisquare,7469,1.0,negbinomial,0.29239382422135424,True
ATGTGCATCCGACGCA-1,6716.0,5211.0,L5,4,0.2599554381602731,1,bisquare,7469,1.0,negbinomial,0.29239382422135424,True
ATGTGGACATCTTGAT-1,7659.0,8093.0,L6,5,0.23854035073271418,1,bisquare,7469,1.0,negbinomial,0.29239382422135424,True
ATGTGTAGTTTAGTCA-1,6869.0,3055.0,L2,1,0.17952608253309751,1,bisquare,7469,1.0,negbinomial,0.29239382422135424,True
ATGTTACGAGCAATAC-1,4795.0,4238.0,L3,2,0.19562570568242635,1,bisquare,7469,1.0,negbinomial,0.29239382422135424,True
ATGTTCGTCGACCCAC-1,3746.0,6507.0,L5,4,0.46260647656840415,1,bisquare,7469,1.0,negbinomial,0.29239382422135424,True
ATGTTGTAGTCTGTTT-1,5991.0,10238.0,L6,5,0.1960152300305049,1,bisquare,7469,1.0,negbinomial,0.29239382422135424,True
ATTAAACATGCGGACC-1,6836.0,7608.0,L6,5,0.07755835676393395,1,bisquare,7469,1.0,negbinomial,0.29239382422135424,True
ATTAATACTACGCGGG-1,7336.0,5095.0,L5,4,0.3233099371490165,1,bisquare,7469,1.0,negbinomial,0.29239382422135424,True
ATTAATGAACCAGTCG-1,8231.0,5222.0,L5,4,0.5661311938876701,1,bisquare,7469,1.0,negbinomial,0.29239382422135424,True
ATTAATTCGGTCACTC-1,7343.0,4137.0,L3,2,0.13268377971260445,1,bisquare,7469,1.0,negbinomial,0.29239382422135424,True
ATTACAACTACCGGCC-1,8792.0,3788.0,L3,2,0.20239148142301988,1,bisquare,7469,1.0,negbinomial,0.29239382422135424,True
ATTACATGTCAGTCTT-1,10204.0,8471.0,L3,2,0.4510725612731545,1,bisquare,7469,1.0,negbinomial,0.29239382422135424,True
ATTACCACACTGCCTG-1,10894.0,8236.0,L2,1,0.182862708190801,1,bisquare,7469,1.0,negbinomial,0.29239382422135424,True
ATTACGCGCTGGCAGG-1,4842.0,7234.0,L6,5,0.196599989354953,1,bisquare,7469,1.0,negbinomial,0.29239382422135424,True
ATTACTAGCCTCTTGC-1,5825.0,4605.0,L3,2,0.1641420992267461,1,bisquare,7469,1.0,negbinomial,0.29239382422135424,True
ATTACTTACTGGGCAT-1,9678.0,5112.0,L3,2,0.3007281346511625,1,bisquare,7469,1.0,negbinomial,0.29239382422135424,True
ATTAGATTCCTCAGCA-1,10019.0,5474.0,L3,2,0.3606374213805083,1,bisquare,7469,1.0,negbinomial,0.29239382422135424,True
ATTAGATTGATAGCGG-1,6168.0,4727.0,L4,3,0.2781841512637536,1,bisquare,7469,1.0,negbinomial,0.29239382422135424,True
ATTAGGCGATGCTTTC-1,7668.0,6895.0,L6,5,0.32483490818460237,1,bisquare,7469,1.0,negbinomial,0.29239382422135424,True
ATTATACTTTGCTCGT-1,8166.0,4622.0,L5,4,0.2293690245667613,1,bisquare,7469,1.0,negbinomial,0.29239382422135424,True
ATTATAGCTACTTTAC-1,10701.0,6438.0,L2,1,0.40970170202797757,1,bisquare,7469,1.0,negbinomial,0.29239382422135424,True
ATTATCTCGACAGATC-1,7005.0,3296.0,L3,2,0.14166387646559567,1,bisquare,7469,1.0,negbinomial,0.29239382422135424,True
ATTATGAGACCCAATT-1,3580.0,10340.0,WM,6,0.2224871079382804,1,bisquare,7469,1.0,negbinomial,0.29239382422135424,True
ATTATGCCATAGGGAG-1,6442.0,4969.0,L5,4,0.326643657803735,1,bisquare,7469,1.0,negbinomial,0.29239382422135424,True
ATTATTATGTCCGTCA-1,5308.0,9514.0,WM,6,0.49591992066935026,1,bisquare,7469,1.0,negbinomial,0.29239382422135424,True
ATTCAAAGTACCTGTT-1,3217.0,3388.0,L1,0,0.23862610511011453,1,bisquare,7469,1.0,negbinomial,0.29239382422135424,True
ATTCAACCATTTAAGG-1,9646.0,9425.0,L3,2,0.3745165108037474,1,bisquare,7469,1.0,negbinomial,0.29239382422135424,True
ATTCACTGATGTTGGA-1,7445.0,9170.0,L6,5,0.24683145126360193,1,bisquare,7469,1.0,negbinomial,0.29239382422135424,True
ATTCAGGACCTATTTC-1,9542.0,4872.0,L3,2,0.194313623633286,1,bisquare,7469,1.0,negbinomial,0.29239382422135424,True
ATTCAGGATCGCCTCT-1,8801.0,2590.0,L3,2,0.2667750340536726,1,bisquare,7469,1.0,negbinomial,0.29239382422135424,True
ATTCAGTAGCAGGGTC-1,4509.0,5674.0,L4,3,0.12430271172534978,1,bisquare,7469,1.0,negbinomial,0.29239382422135424,True
ATTCATATACTGTCCA-1,6903.0,7968.0,L6,5,0.2798571932577571,1,bisquare,7469,1.0,negbinomial,0.29239382422135424,True
ATTCATCGTTGAGGCA-1,8886.0,9779.0,L3,2,0.4431899760100336,1,bisquare,7469,1.0,negbinomial,0.29239382422135424,True
ATTCCCACATAAACAA-1,4441.0,5554.0,L3,2,0.19245825783075554,1,bisquare,7469,1.0,negbinomial,0.29239382422135424,True
ATTCCTAAGACGTGGA-1,10166.0,4277.0,L2,1,0.47469692373639216,1,bisquare,7469,1.0,negbinomial,0.29239382422135424,True
ATTCCTCCGCCAGTGC-1,5476.0,5202.0,L4,3,0.21252915935426073,1,bisquare,7469,1.0,negbinomial,0.29239382422135424,True
ATTCCTTCCAGGCGGT-1,4455.0,3637.0,L1,0,0.17429590201126813,1,bisquare,7469,1.0,negbinomial,0.29239382422135424,True
ATTCGACGCCGGGCCT-1,4570.0,6753.0,L5,4,0.2201480304029319,1,bisquare,7469,1.0,negbinomial,0.29239382422135424,True
ATTCGTGCTATCTCTT-1,10349.0,7513.0,L3,2,0.46440159472650855,1,bisquare,7469,1.0,negbinomial,0.29239382422135424,True
ATTCTCGTCTCTTTAG-1,6313.0,3770.0,L3,2,0.13465600833839228,1,bisquare,7469,1.0,negbinomial,0.29239382422135424,True
ATTCTGAGTATGAACT-1,8727.0,3188.0,L3,2,0.2615799544047887,1,bisquare,7469,1.0,negbinomial,0.29239382422135424,True
ATTCTTCGTACTTATG-1,8794.0,3548.0,L3,2,0.3675982008702496,1,bisquare,7469,1.0,negbinomial,0.29239382422135424,True
ATTGAAGATCTTAGTG-1,6158.0,6165.0,L6,5,0.2359837123892212,1,bisquare,7469,1.0,negbinomial,0.29239382422135424,True
ATTGACGTAACTCGGT-1,7762.0,3421.0,L3,2,0.19542879424381016,1,bisquare,7469,1.0,negbinomial,0.29239382422135424,True
ATTGATAGCAACGAGA-1,4315.0,3875.0,L1,0,0.17935385192413775,1,bisquare,7469,1.0,negbinomial,0.29239382422135424,True
ATTGATCACCACATTT-1,3317.0,8661.0,L6,5,0.09384523939093234,1,bisquare,7469,1.0,negbinomial,0.29239382422135424,True
ATTGATGAGTCCTAAC-1,9599.0,6430.0,L3,2,0.26337808817945607,1,bisquare,7469,1.0,negbinomial,0.29239382422135424,True
ATTGCCTATTAGACCG-1,4474.0,10466.0,WM,6,0.5186550809681644,1,bisquare,7469,1.0,negbinomial,0.29239382422135424,True
ATTGCCTTTATGTTTG-1,8539.0,10136.0,L4,3,0.4001553695196709,1,bisquare,7469,1.0,negbinomial,0.29239382422135424,True
ATTGCGATCAGTAACT-1,9584.0,8586.0,L3,2,0.22123610529559118,1,bisquare,7469,1.0,negbinomial,0.29239382422135424,True
ATTGCTGCTCCTCCAT-1,5742.0,6641.0,L6,5,0.2716187234502905,1,bisquare,7469,1.0,negbinomial,0.29239382422135424,True
ATTGGATTACAGCGTA-1,9788.0,8947.0,L3,2,0.37494705059049477,1,bisquare,7469,1.0,negbinomial,0.29239382422135424,True
ATTGGGAATATCTTGG-1,6381.0,3890.0,L3,2,0.22503975105901275,1,bisquare,7469,1.0,negbinomial,0.29239382422135424,True
ATTGTACAACTCGGCT-1,9873.0,6671.0,L3,2,0.36172322912690985,1,bisquare,7469,1.0,negbinomial,0.29239382422135424,True
ATTGTCGCAATACCTT-1,8651.0,4266.0,L3,2,0.19539751844097927,1,bisquare,7469,1.0,negbinomial,0.29239382422135424,True
ATTGTGACTTCGCTGC-1,10307.0,3799.0,L1,0,0.3482449583337034,1,bisquare,7469,1.0,negbinomial,0.29239382422135424,True
ATTTAACTCGTATTAC-1,6379.0,4130.0,L3,2,0.15904952115643198,1,bisquare,7469,1.0,negbinomial,0.29239382422135424,True
ATTTACAGTTTACTGG-1,5402.0,6040.0,L5,4,0.18869679211425788,1,bisquare,7469,1.0,negbinomial,0.29239382422135424,True
ATTTACTAAGTCCATT-1,10427.0,6196.0,L3,2,0.2041193828650355,1,bisquare,7469,1.0,negbinomial,0.29239382422135424,True
ATTTCATTATTTCGCG-1,8170.0,4143.0,L3,2,0.33066850989555246,1,bisquare,7469,1.0,negbinomial,0.29239382422135424,True
ATTTCCGGGTTCTGCG-1,5173.0,9034.0,WM,6,0.23881619225797682,1,bisquare,7469,1.0,negbinomial,0.29239382422135424,True
ATTTGCCTAGTTACGA-1,7010.0,2577.0,L1,0,0.33479483873386956,1,bisquare,7469,1.0,negbinomial,0.29239382422135424,True
ATTTGCGCGAGTAGCT-1,4900.0,8792.0,WM,6,0.40195806535482576,1,bisquare,7469,1.0,negbinomial,0.29239382422135424,True
ATTTGTCTTGGGAGCT-1,8560.0,7261.0,L5,4,0.24718146977032016,1,bisquare,7469,1.0,negbinomial,0.29239382422135424,True
ATTTGTTCCAGGGCTC-1,7683.0,4738.0,L5,4,0.23739057329216984,1,bisquare,7469,1.0,negbinomial,0.29239382422135424,True
CAAACGAGTATCGCAG-1,6007.0,8081.0,WM,6,0.24098198222304384,1,bisquare,7469,1.0,negbinomial,0.29239382422135424,True
CAAACGGTCGCACTTT-1,5539.0,6041.0,L5,4,0.2762815360086847,1,bisquare,7469,1.0,negbinomial,0.29239382422135424,True
CAAACGTGGTCTTGCG-1,8178.0,2945.0,L3,2,0.38397884320525655,1,bisquare,7469,1.0,negbinomial,0.29239382422135424,True
CAAACTACGATAGAGA-1,8585.0,3906.0,L3,2,0.4556022799725834,1,bisquare,7469,1.0,negbinomial,0.29239382422135424,True
CAAACTATTGAGCTTC-1,7966.0,3782.0,L3,2,0.5443201004600435,1,bisquare,7469,1.0,negbinomial,0.29239382422135424,True
CAAACTCGCGACGCCG-1,10415.0,7873.0,L3,2,0.5434929013203993,1,bisquare,7469,1.0,negbinomial,0.29239382422135424,True
CAAAGATTATTGGGCC-1,4828.0,9151.0,WM,6,0.23010560658905083,1,bisquare,7469,1.0,negbinomial,0.29239382422135424,True
CAAATCTCTCACAAGG-1,4425.0,7710.0,L6,5,0.19750163401576745,1,bisquare,7469,1.0,negbinomial,0.29239382422135424,True
CAAATGCGGAGTGTTC-1,6805.0,2455.0,L1,0,0.4240305328715466,1,bisquare,7469,1.0,negbinomial,0.29239382422135424,True
CAAATGTCCTTCCGTG-1,6421.0,7844.0,L6,5,0.2611407771821059,1,bisquare,7469,1.0,negbinomial,0.29239382422135424,True
CAAATTGTCAGCAAGC-1,7413.0,4017.0,L3,2,0.5060968974750577,1,bisquare,7469,1.0,negbinomial,0.29239382422135424,True
CAACAGAATAACGCTA-1,9214.0,2593.0,L2,1,0.39349047489732564,1,bisquare,7469,1.0,negbinomial,0.29239382422135424,True
CAACAGTGCCAAACGG-1,7631.0,2461.0,L2,1,0.19884101537598806,1,bisquare,7469,1.0,negbinomial,0.29239382422135424,True
CAACATGGCCTGATAA-1,3632.0,3151.0,L1,0,0.296459151308336,1,bisquare,7469,1.0,negbinomial,0.29239382422135424,True
CAACCTACCGAGCAGT-1,9850.0,9786.0,L3,2,0.35648547145890996,1,bisquare,7469,1.0,negbinomial,0.29239382422135424,True
CAACGACCCGTTTACA-1,6236.0,4848.0,L5,4,0.22342284658281475,1,bisquare,7469,1.0,negbinomial,0.29239382422135424,True
CAACGGTTCTTGATAC-1,5412.0,4602.0,L3,2,0.15467480711245563,1,bisquare,7469,1.0,negbinomial,0.29239382422135424,True
CAACGTGGTGGAGTCT-1,10544.0,9072.0,L2,1,0.3602653876621409,1,bisquare,7469,1.0,negbinomial,0.29239382422135424,True
CAACTATATCGAATGC-1,8238.0,4263.0,L3,2,0.2759904253180116,1,bisquare,7469,1.0,negbinomial,0.29239382422135424,True
CAACTCCAACGTTTAG-1,8729.0,2949.0,L3,2,0.3732874114058407,1,bisquare,7469,1.0,negbinomial,0.29239382422135424,True
CAACTCCGTAACTTGC-1,10994.0,4043.0,L1,0,0.4846352612662576,1,bisquare,7469,1.0,negbinomial,0.29239382422135424,True
CAACTCCTTGATCCCG-1,5963.0,4606.0,L3,2,0.1478668251098091,1,bisquare,7469,1.0,negbinomial,0.29239382422135424,True
CAACTGCTCATCCGAT-1,6547.0,9523.0,L6,5,0.26976198291266185,1,bisquare,7469,1.0,negbinomial,0.29239382422135424,True
CAACTTGTAGTGGGCA-1,5626.0,3525.0,L2,1,0.17120457318791293,1,bisquare,7469,1.0,negbinomial,0.29239382422135424,True
CAAGAGGGCGGAGTAC-1,7867.0,7975.0,L6,5,0.5755355474977294,1,bisquare,7469,1.0,negbinomial,0.29239382422135424,True
CAAGATATTATAACGT-1,8900.0,7862.0,L5,4,0.2690461478929423,1,bisquare,7469,1.0,negbinomial,0.29239382422135424,True
CAAGCAACGTCGGAGT-1,5400.0,6279.0,L5,4,0.22625058567848208,1,bisquare,7469,1.0,negbinomial,0.29239382422135424,True
CAAGCACCAAATGCCT-1,7340.0,4616.0,L5,4,0.4398344610827113,1,bisquare,7469,1.0,negbinomial,0.29239382422135424,True
CAAGCGGCACATAATT-1,7722.0,8932.0,L6,5,0.43540734207188825,1,bisquare,7469,1.0,negbinomial,0.29239382422135424,True
CAAGGATCGCATGTTC-1,7459.0,7253.0,L6,5,0.18268733209892205,1,bisquare,7469,1.0,negbinomial,0.29239382422135424,True
CAAGGTCCTATAGGCT-1,10356.0,6555.0,L3,2,0.45860110581693564,1,bisquare,7469,1.0,negbinomial,0.29239382422135424,True
CAAGTGAACTTTGGTT-1,6524.0,3172.0,L2,1,0.19238610207814436,1,bisquare,7469,1.0,negbinomial,0.29239382422135424,True
CAAGTGTGGTTGCAAA-1,9249.0,7266.0,L4,3,0.33993327910091115,1,bisquare,7469,1.0,negbinomial,0.29239382422135424,True
CAATAAACCTTGGCCC-1,7884.0,5578.0,L5,4,0.19481337442032,1,bisquare,7469,1.0,negbinomial,0.29239382422135424,True
CAATACGCTCTGAGGC-1,3465.0,7224.0,L5,4,0.16628422300622658,1,bisquare,7469,1.0,negbinomial,0.29239382422135424,True
CAATATGTAGATTTAC-1,10037.0,3078.0,L1,0,0.5139861311732979,1,bisquare,7469,1.0,negbinomial,0.29239382422135424,True
CAATATTCTTGACCTA-1,5518.0,8916.0,WM,6,0.3237323458991053,1,bisquare,7469,1.0,negbinomial,0.29239382422135424,True
CAATCCATTATCCGTT-1,9697.0,2476.0,L1,0,0.25917054647076426,1,bisquare,7469,1.0,negbinomial,0.29239382422135424,True
CAATCCCTATACCAGC-1,8860.0,3908.0,L3,2,0.27370192551513034,1,bisquare,7469,1.0,negbinomial,0.29239382422135424,True
CAATCCTGCCGTGGAG-1,4451.0,4116.0,L2,1,0.10291400671727274,1,bisquare,7469,1.0,negbinomial,0.29239382422135424,True
CAATGCGAGAAGTATC-1,8410.0,8937.0,L5,4,0.48654870210647083,1,bisquare,7469,1.0,negbinomial,0.29239382422135424,True
CAATGGAATCTACATA-1,9069.0,3550.0,L3,2,0.18676089408539454,1,bisquare,7469,1.0,negbinomial,0.29239382422135424,True
CAATGGATCTCTACCA-1,8708.0,5824.0,L5,4,0.28157936617891144,1,bisquare,7469,1.0,negbinomial,0.29239382422135424,True
CAATGGTCGGCCTGGG-1,6662.0,3173.0,L2,1,0.1776200384414503,1,bisquare,7469,1.0,negbinomial,0.29239382422135424,True
CAATGTGCCAACCCTT-1,10697.0,6917.0,L2,1,0.3638980174592108,1,bisquare,7469,1.0,negbinomial,0.29239382422135424,True
CAATTAAGGGTGATGA-1,7262.0,5933.0,L6,5,0.3433097325401173,1,bisquare,7469,1.0,negbinomial,0.29239382422135424,True
CAATTTCGTATAAGGG-1,7117.0,6891.0,L6,5,0.1850037328913267,1,bisquare,7469,1.0,negbinomial,0.29239382422135424,True
CAATTTGACCGGGAAG-1,3700.0,3272.0,L1,0,0.25042437324163397,1,bisquare,7469,1.0,negbinomial,0.29239382422135424,True
CACAAGAAAGATATTA-1,10511.0,4160.0,L1,0,0.42236575643144325,1,bisquare,7469,1.0,negbinomial,0.29239382422135424,True
CACAAGCTAAGAAAGG-1,3786.0,10461.0,WM,6,0.42025133107137524,1,bisquare,7469,1.0,negbinomial,0.29239382422135424,True
CACAATGAGCTGCTAT-1,6217.0,7483.0,L6,5,0.27560747525409246,1,bisquare,7469,1.0,negbinomial,0.29239382422135424,True
CACACACGCTAACGAG-1,9856.0,9067.0,L3,2,0.427332147076618,1,bisquare,7469,1.0,negbinomial,0.29239382422135424,True
CACACAGCTTGCGCTC-1,10689.0,8115.0,L2,1,0.5165275820269314,1,bisquare,7469,1.0,negbinomial,0.29239382422135424,True
CACACAGGGATAGATT-1,4648.0,5435.0,L3,2,0.14252394829874923,1,bisquare,7469,1.0,negbinomial,0.29239382422135424,True
CACACGCGCTGTCTTA-1,8911.0,6425.0,L5,4,0.2594000149891245,1,bisquare,7469,1.0,negbinomial,0.29239382422135424,True
CACACGTTTCAATGGG-1,8935.0,3070.0,L3,2,0.17742388116834945,1,bisquare,7469,1.0,negbinomial,0.29239382422135424,True
CACACTTGTATTGCGA-1,10790.0,3682.0,L1,0,0.318215306354366,1,bisquare,7469,1.0,negbinomial,0.29239382422135424,True
CACAGAGACGAGGACG-1,4133.0,10104.0,WM,6,0.3441032642357476,1,bisquare,7469,1.0,negbinomial,0.29239382422135424,True
CACAGCACCCACGGCA-1,6847.0,6170.0,L6,5,0.37283822947440615,1,bisquare,7469,1.0,negbinomial,0.29239382422135424,True
CACAGCTAGGGAGTGA-1,6925.0,4853.0,L5,4,0.15168028265660927,1,bisquare,7469,1.0,negbinomial,0.29239382422135424,True
CACAGGGCCATATAGT-1,9441.0,9304.0,L3,2,0.5697000460488042,1,bisquare,7469,1.0,negbinomial,0.29239382422135424,True
CACAGGGCCGTTGTCA-1,6889.0,9885.0,L6,5,0.11727169331485297,1,bisquare,7469,1.0,negbinomial,0.29239382422135424,True
CACAGTCCCGCTTCGC-1,10471.0,9671.0,L2,1,0.20154271463996432,1,bisquare,7469,1.0,negbinomial,0.29239382422135424,True
CACAGTTCGCTTCCCA-1,10614.0,8953.0,L2,1,0.33651008927457166,1,bisquare,7469,1.0,negbinomial,0.29239382422135424,True
CACATAAGGCGACCGT-1,4807.0,2561.0,L1,0,0.42097608487103155,1,bisquare,7469,1.0,negbinomial,0.29239382422135424,True
CACATATTAGCAGGAT-1,7797.0,8094.0,L6,5,0.2816489602321704,1,bisquare,7469,1.0,negbinomial,0.29239382422135424,True
CACATCGTGCACGCGC-1,5376.0,9634.0,WM,6,0.40755711922790333,1,bisquare,7469,1.0,negbinomial,0.29239382422135424,True
CACATCTCACCGACGA-1,7926.0,9293.0,L5,4,0.2838237123990288,1,bisquare,7469,1.0,negbinomial,0.29239382422135424,True
CACATGATTCAGCAAC-1,7185.0,7011.0,L6,5,0.10698617088792242,1,bisquare,7469,1.0,negbinomial,0.29239382422135424,True
CACATGTTTGGACATG-1,4042.0,3634.0,L1,0,0.11749966844723256,1,bisquare,7469,1.0,negbinomial,0.29239382422135424,True
CACATTCTTTCGATGG-1,8992.0,4628.0,L3,2,0.3234920048183059,1,bisquare,7469,1.0,negbinomial,0.29239382422135424,True
CACATTTCTTGTCAGA-1,10209.0,7752.0,L3,2,0.30465829544708734,1,bisquare,7469,1.0,negbinomial,0.29239382422135424,True
CACCAGTCAGCATGCA-1,4274.0,9626.0,WM,6,0.41944140779560823,1,bisquare,7469,1.0,negbinomial,0.29239382422135424,True
CACCATCGGAGGAGAC-1,7002.0,3775.0,L3,2,0.1270659886548032,1,bisquare,7469,1.0,negbinomial,0.29239382422135424,True
CACCCAAATCTTATGT-1,10011.0,6672.0,L3,2,0.574079836779404,1,bisquare,7469,1.0,negbinomial,0.29239382422135424,True
CACCCACACGTCACCC-1,5757.0,4485.0,L3,2,0.24340062553042946,1,bisquare,7469,1.0,negbinomial,0.29239382422135424,True
CACCCACGAGGCAATT-1,8715.0,4866.0,L4,3,0.4430602771576594,1,bisquare,7469,1.0,negbinomial,0.29239382422135424,True
CACCCGGTTTGTGACT-1,5451.0,8796.0,WM,6,0.41296556481009594,1,bisquare,7469,1.0,negbinomial,0.29239382422135424,True
CACCCTAACAAGATCT-1,8271.0,9176.0,L5,4,0.5703608836274473,1,bisquare,7469,1.0,negbinomial,0.29239382422135424,True
CACCCTTGGTGAGACC-1,3869.0,8425.0,L6,5,0.133311077000301,1,bisquare,7469,1.0,negbinomial,0.29239382422135424,True
CACCCTTTCCTCGCTC-1,5558.0,3405.0,L1,0,0.25693821158793606,1,bisquare,7469,1.0,negbinomial,0.29239382422135424,True
CACCGATACACCGAGC-1,8586.0,3667.0,L3,2,0.3756706793898469,1,bisquare,7469,1.0,negbinomial,0.29239382422135424,True
CACCGCCAGAAGGTTT-1,6850.0,5691.0,L5,4,0.19726041005947584,1,bisquare,7469,1.0,negbinomial,0.29239382422135424,True
CACCGCCGACCAGCGA-1,7417.0,3538.0,L3,2,0.20059788607117066,1,bisquare,7469,1.0,negbinomial,0.29239382422135424,True
CACCGCGTCCACTCTA-1,9958.0,4395.0,L3,2,0.22523981245499541,1,bisquare,7469,1.0,negbinomial,0.29239382422135424,True
CACCGGAGATATCTCC-1,9209.0,3312.0,L3,2,0.39703102592153955,1,bisquare,7469,1.0,negbinomial,0.29239382422135424,True
CACCGGTAGAGACATT-1,3856.0,10342.0,WM,6,0.49941579039530015,1,bisquare,7469,1.0,negbinomial,0.29239382422135424,True
CACCGTATCCCATCCG-1,9927.0,8708.0,L3,2,0.442642449623946,1,bisquare,7469,1.0,negbinomial,0.29239382422135424,True
CACCGTTAGGGATCAC-1,5313.0,8795.0,WM,6,0.22388703361711768,1,bisquare,7469,1.0,negbinomial,0.29239382422135424,True
CACCGTTGCGCGATAT-1,4767.0,8072.0,L6,5,0.19869461552265136,1,bisquare,7469,1.0,negbinomial,0.29239382422135424,True
CACCTAATAGAGTCGT-1,4518.0,4476.0,L3,2,0.13532858316213411,1,bisquare,7469,1.0,negbinomial,0.29239382422135424,True
CACCTAATCAGTTTAC-1,7751.0,4859.0,L5,4,0.15644544869687432,1,bisquare,7469,1.0,negbinomial,0.29239382422135424,True
CACCTCGATGGTGGAC-1,7615.0,4618.0,L5,4,0.2719541236209185,1,bisquare,7469,1.0,negbinomial,0.29239382422135424,True
CACCTTGCGAAACTCG-1,8574.0,5344.0,L5,4,0.2935781800728002,1,bisquare,7469,1.0,negbinomial,0.29239382422135424,True
CACCTTGGCGCCTTTG-1,9866.0,7630.0,L3,2,0.5166441269666888,1,bisquare,7469,1.0,negbinomial,0.29239382422135424,True
CACGAAAGTTAGTCCC-1,4779.0,6395.0,L5,4,0.26687621486316077,1,bisquare,7469,1.0,negbinomial,0.29239382422135424,True
CACGACCACAGACTTT-1,9627.0,2596.0,L1,0,0.3602535973041138,1,bisquare,7469,1.0,negbinomial,0.29239382422135424,True
CACGACGTAATAGTAA-1,10105.0,3198.0,L1,0,0.4555772340208652,1,bisquare,7469,1.0,negbinomial,0.29239382422135424,True
CACGACTAAAGTTCTG-1,6182.0,2810.0,L1,0,0.2105112874786886,1,bisquare,7469,1.0,negbinomial,0.29239382422135424,True
CACGATTGGTCGTTAA-1,6254.0,2451.0,L1,0,0.43673001647941717,1,bisquare,7469,1.0,negbinomial,0.29239382422135424,True
CACGCACAGCGCAGCT-1,7748.0,5338.0,L5,4,0.19169889938443,1,bisquare,7469,1.0,negbinomial,0.29239382422135424,True
CACGCAGCGAGGCTTT-1,5745.0,6162.0,L5,4,0.13417900115719653,1,bisquare,7469,1.0,negbinomial,0.29239382422135424,True
CACGCGGAACTGTTGC-1,9523.0,7507.0,L3,2,0.427509476235077,1,bisquare,7469,1.0,negbinomial,0.29239382422135424,True
CACGGCGCGCCAAAGG-1,9890.0,4275.0,L3,2,0.3925451100746026,1,bisquare,7469,1.0,negbinomial,0.29239382422135424,True
CACGGGATTGAGGGTT-1,3542.0,6146.0,L3,2,0.17737993232368238,1,bisquare,7469,1.0,negbinomial,0.29239382422135424,True
CACGTCGGCAACCTCT-1,5316.0,8316.0,WM,6,0.36117582373276697,1,bisquare,7469,1.0,negbinomial,0.29239382422135424,True
CACGTCTATGATGTGG-1,9346.0,3313.0,L3,2,0.339042989854891,1,bisquare,7469,1.0,negbinomial,0.29239382422135424,True
CACGTTCGTGCTCTAG-1,8356.0,6900.0,L5,4,0.24208619254905794,1,bisquare,7469,1.0,negbinomial,0.29239382422135424,True
CACGTTTCGTACACAC-1,9029.0,9061.0,L4,3,0.29592104159055865,1,bisquare,7469,1.0,negbinomial,0.29239382422135424,True
CACTAAAGTTGCCTAT-1,6292.0,6645.0,L6,5,0.15247040306030551,1,bisquare,7469,1.0,negbinomial,0.29239382422135424,True
CACTACGGGAGCTGCC-1,10128.0,9549.0,L3,2,0.45489703068996695,1,bisquare,7469,1.0,negbinomial,0.29239382422135424,True
CACTACTCAGTTCTGT-1,7971.0,3063.0,L3,2,0.16568137403935818,1,bisquare,7469,1.0,negbinomial,0.29239382422135424,True
CACTCAAGAGCTATGG-1,6702.0,7128.0,L6,5,0.280172746097923,1,bisquare,7469,1.0,negbinomial,0.29239382422135424,True
CACTCAGCTCTTGAGG-1,7690.0,3780.0,L3,2,0.156545549188494,1,bisquare,7469,1.0,negbinomial,0.29239382422135424,True
CACTCCTATGTAAGAT-1,5241.0,9154.0,WM,6,0.28042920202636745,1,bisquare,7469,1.0,negbinomial,0.29239382422135424,True
CACTCCTCTCGGTCGG-1,8788.0,4267.0,L3,2,0.21913805792643848,1,bisquare,7469,1.0,negbinomial,0.29239382422135424,True
CACTCGAGCTGAACAA-1,7865.0,8214.0,L6,5,0.5871310998469141,1,bisquare,7469,1.0,negbinomial,0.29239382422135424,True
CACTCGGTTAGGAGGA-1,3676.0,6626.0,L5,4,0.15177789358407964,1,bisquare,7469,1.0,negbinomial,0.29239382422135424,True
CACTCTTCTGCTAGCC-1,9714.0,9546.0,L3,2,0.46470320063816617,1,bisquare,7469,1.0,negbinomial,0.29239382422135424,True
CACTGACGATTGTGGA-1,6266.0,10240.0,L6,5,0.4368199010324169,1,bisquare,7469,1.0,negbinomial,0.29239382422135424,True
CACTGTCCAAGTGAGA-1,5755.0,4724.0,L3,2,0.17355173516786723,1,bisquare,7469,1.0,negbinomial,0.29239382422135424,True
CACTTAATCAGACGGA-1,6087.0,6524.0,L6,5,0.17435573838020552,1,bisquare,7469,1.0,negbinomial,0.29239382422135424,True
CACTTCGCCACAGGCT-1,4927.0,4958.0,L3,2,0.19318452697371924,1,bisquare,7469,1.0,negbinomial,0.29239382422135424,True
CACTTCGTCTTATCTC-1,3763.0,4111.0,L1,0,0.13055558226785904,1,bisquare,7469,1.0,negbinomial,0.29239382422135424,True
CAGAACTTAGCCCTCT-1,8618.0,8819.0,L5,4,0.4553517679876775,1,bisquare,7469,1.0,negbinomial,0.29239382422135424,True
CAGAATAACACACGGA-1,10406.0,9071.0,L3,2,0.5138981776958895,1,bisquare,7469,1.0,negbinomial,0.29239382422135424,True
CAGACACCGATCGCTG-1,6277.0,8802.0,WM,6,0.4367341412751785,1,bisquare,7469,1.0,negbinomial,0.29239382422135424,True
CAGACCTGTAAGTGTT-1,9601.0,6190.0,L3,2,0.2803312764282271,1,bisquare,7469,1.0,negbinomial,0.29239382422135424,True
CAGACGAACCTGATAC-1,6211.0,8442.0,WM,6,0.32011250352904963,1,bisquare,7469,1.0,negbinomial,0.29239382422135424,True
CAGAGACGGTCACCCA-1,6692.0,8565.0,L6,5,0.2182053411815825,1,bisquare,7469,1.0,negbinomial,0.29239382422135424,True
CAGAGCATGAGCTTGC-1,7608.0,5576.0,L5,4,0.22340795819536996,1,bisquare,7469,1.0,negbinomial,0.29239382422135424,True
CAGAGGCGATGCATGA-1,6069.0,8920.0,WM,6,0.20895837953230334,1,bisquare,7469,1.0,negbinomial,0.29239382422135424,True
CAGAGTGATTTAACGT-1,7554.0,3539.0,L3,2,0.3167392264518492,1,bisquare,7469,1.0,negbinomial,0.29239382422135424,True
CAGATACTAACATAGT-1,5956.0,5565.0,L5,4,0.288083906419503,1,bisquare,7469,1.0,negbinomial,0.29239382422135424,True
CAGATATGAAGATGAC-1,4061.0,10463.0,WM,6,0.2665008527235655,1,bisquare,7469,1.0,negbinomial,0.29239382422135424,True
CAGATCATTTAAAGTC-1,10228.0,5116.0,L3,2,0.341680899162629,1,bisquare,7469,1.0,negbinomial,0.29239382422135424,True
CAGATCCTGGTTTGAA-1,3934.0,9025.0,WM,6,0.25105713814453917,1,bisquare,7469,1.0,negbinomial,0.29239382422135424,True
CAGCAGCCCGTTCCTT-1,8158.0,5820.0,L5,4,0.1801521954844335,1,bisquare,7469,1.0,negbinomial,0.29239382422135424,True
CAGCAGTCCAGACTAT-1,9653.0,8467.0,L3,2,0.20883192662793287,1,bisquare,7469,1.0,negbinomial,0.29239382422135424,True
CAGCAGTCTGTGCTGC-1,7853.0,9892.0,L5,4,0.34874703693849596,1,bisquare,7469,1.0,negbinomial,0.29239382422135424,True
CAGCCCTCACAGGCAG-1,7146.0,2817.0,L2,1,0.16749116170655465,1,bisquare,7469,1.0,negbinomial,0.29239382422135424,True
CAGCCGGGCCCTCTAT-1,8654.0,3787.0,L3,2,0.316691425608815,1,bisquare,7469,1.0,negbinomial,0.29239382422135424,True
CAGCCTCCTGCAGAGG-1,8093.0,5221.0,L5,4,0.20680201279487354,1,bisquare,7469,1.0,negbinomial,0.29239382422135424,True
CAGCCTCTCCTCAAGA-1,9339.0,4271.0,L3,2,0.3005307037598792,1,bisquare,7469,1.0,negbinomial,0.29239382422135424,True
CAGCGATTCCCTTCAA-1,5726.0,8798.0,WM,6,0.36401595294812983,1,bisquare,7469,1.0,negbinomial,0.29239382422135424,True
CAGCTCACTGAGACAT-1,6845.0,6410.0,L6,5,0.10064610203607412,1,bisquare,7469,1.0,negbinomial,0.29239382422135424,True
CAGCTCGACAAGTTAA-1,8984.0,5826.0,L5,4,0.5012341552592874,1,bisquare,7469,1.0,negbinomial,0.29239382422135424,True
CAGCTCGTGCTTGTGT-1,5691.0,4125.0,L3,2,0.26182861727571877,1,bisquare,7469,1.0,negbinomial,0.29239382422135424,True
CAGCTGGCGTAACCGT-1,4284.0,8188.0,L6,5,0.15646184932444912,1,bisquare,7469,1.0,negbinomial,0.29239382422135424,True
CAGCTTAGTAGGTAGC-1,4711.0,6274.0,L5,4,0.23995663371692283,1,bisquare,7469,1.0,negbinomial,0.29239382422135424,True
CAGGAAGACTTTATAT-1,8653.0,4026.0,L3,2,0.27365384492790334,1,bisquare,7469,1.0,negbinomial,0.29239382422135424,True
CAGGATATATCGTTGT-1,6904.0,7728.0,L6,5,0.0710080293885584,1,bisquare,7469,1.0,negbinomial,0.29239382422135424,True
CAGGATCCGCCCGACC-1,6184.0,2571.0,L1,0,0.3417070694791583,1,bisquare,7469,1.0,negbinomial,0.29239382422135424,True
CAGGCAGTCTTACCAG-1,8607.0,10257.0,L3,2,0.35044944578136317,1,bisquare,7469,1.0,negbinomial,0.29239382422135424,True
CAGGCCGTTTGGGTGT-1,5738.0,7121.0,L6,5,0.15281600891839126,1,bisquare,7469,1.0,negbinomial,0.29239382422135424,True
CAGGCGCACGGTGGTC-1,4690.0,9150.0,WM,6,0.33804465826841823,1,bisquare,7469,1.0,negbinomial,0.29239382422135424,True
CAGGCGCCATGCTAGG-1,7795.0,8334.0,L6,5,0.5961853770763547,1,bisquare,7469,1.0,negbinomial,0.29239382422135424,True
CAGTAACTATTTATTG-1,9749.0,4753.0,L3,2,0.30508515618935467,1,bisquare,7469,1.0,negbinomial,0.29239382422135424,True
CAGTAATCCCTCCCAG-1,4514.0,4955.0,L3,2,0.15477239134431417,1,bisquare,7469,1.0,negbinomial,0.29239382422135424,True
CAGTACATTCTCTAAA-1,9817.0,4874.0,L3,2,0.46587609009897535,1,bisquare,7469,1.0,negbinomial,0.29239382422135424,True
CAGTACCAGTTTACGT-1,4009.0,8186.0,L6,5,0.14919446060412647,1,bisquare,7469,1.0,negbinomial,0.29239382422135424,True
CAGTAGCCCACGCGGT-1,9055.0,5467.0,L4,3,0.26307337213164006,1,bisquare,7469,1.0,negbinomial,0.29239382422135424,True
CAGTAGCGAGGTAGTA-1,4873.0,2921.0,L1,0,0.2696829221612022,1,bisquare,7469,1.0,negbinomial,0.29239382422135424,True
CAGTCGAGGATGCAAT-1,9606.0,5471.0,L3,2,0.25027282872111345,1,bisquare,7469,1.0,negbinomial,0.29239382422135424,True
CAGTCTCTCGGCTAAT-1,4734.0,3159.0,L1,0,0.21873715588413425,1,bisquare,7469,1.0,negbinomial,0.29239382422135424,True
CAGTCTGTATACTGGG-1,7319.0,7491.0,L6,5,0.08032302796210308,1,bisquare,7469,1.0,negbinomial,0.29239382422135424,True
CAGTGAATAAATGACT-1,8504.0,5463.0,L5,4,0.3048759700304648,1,bisquare,7469,1.0,negbinomial,0.29239382422135424,True
CAGTGGTTGCACATGA-1,4312.0,4355.0,L3,2,0.18822873899351572,1,bisquare,7469,1.0,negbinomial,0.29239382422135424,True
CAGTGTCCGCAGAATG-1,5346.0,4242.0,L3,2,0.2350249054895516,1,bisquare,7469,1.0,negbinomial,0.29239382422135424,True
CAGTGTCGGCTGGCCC-1,9101.0,8702.0,L4,3,0.576627101870919,1,bisquare,7469,1.0,negbinomial,0.29239382422135424,True
CAGTGTTAATCTCTCA-1,3852.0,10821.0,WM,6,0.15717861592812227,1,bisquare,7469,1.0,negbinomial,0.29239382422135424,True
CAGTTCAAATTGACAC-1,6298.0,5926.0,L5,4,0.18580891677846897,1,bisquare,7469,1.0,negbinomial,0.29239382422135424,True
CAGTTCCGCGGGTCGA-1,4579.0,5555.0,L4,3,0.1137935712228424,1,bisquare,7469,1.0,negbinomial,0.29239382422135424,True
CATAACGGACAGTCGT-1,9252.0,6787.0,L4,3,0.4379002299674251,1,bisquare,7469,1.0,negbinomial,0.29239382422135424,True
CATAAGAAGCTTGGCT-1,7718.0,9411.0,L5,4,0.3160582608955153,1,bisquare,7469,1.0,negbinomial,0.29239382422135424,True
CATAAGCTCTCCGTCT-1,3739.0,7466.0,L5,4,0.20241382570188082,1,bisquare,7469,1.0,negbinomial,0.29239382422135424,True
CATAATGAGCGGGCGA-1,5973.0,3168.0,L1,0,0.23512702472957064,1,bisquare,7469,1.0,negbinomial,0.29239382422135424,True
CATACAAAGCCGAACC-1,5210.0,4002.0,L3,2,0.16332829412160363,1,bisquare,7469,1.0,negbinomial,0.29239382422135424,True
CATACACGGTTCCCAC-1,6545.0,9762.0,L6,5,0.2644464251189955,1,bisquare,7469,1.0,negbinomial,0.29239382422135424,True
CATACCCGTACCCAGT-1,4914.0,6875.0,L5,4,0.20485267884260988,1,bisquare,7469,1.0,negbinomial,0.29239382422135424,True
CATACGAACTAGCTGG-1,4889.0,10230.0,WM,6,0.23877404874295718,1,bisquare,7469,1.0,negbinomial,0.29239382422135424,True
CATACGGCGTCTGGGC-1,7115.0,7131.0,L6,5,0.17791485759245987,1,bisquare,7469,1.0,negbinomial,0.29239382422135424,True
CATACGGGTGCATGAT-1,3977.0,3034.0,L1,0,0.3090608067165128,1,bisquare,7469,1.0,negbinomial,0.29239382422135424,True
CATACTATGTAATTGT-1,6085.0,6764.0,L6,5,0.1876642316480222,1,bisquare,7469,1.0,negbinomial,0.29239382422135424,True
CATACTTAGGCAATAC-1,10560.0,6916.0,L3,2,0.3345125956330086,1,bisquare,7469,1.0,negbinomial,0.29239382422135424,True
CATAGCCGCCCGGGAT-1,4303.0,5553.0,L3,2,0.09399306439801816,1,bisquare,7469,1.0,negbinomial,0.29239382422135424,True
CATAGCGTTGCCCACC-1,5656.0,8917.0,WM,6,0.2423784183672855,1,bisquare,7469,1.0,negbinomial,0.29239382422135424,True
CATAGTACATTGAGAG-1,8100.0,4262.0,L3,2,0.2721351749781303,1,bisquare,7469,1.0,negbinomial,0.29239382422135424,True
CATAGTAGCATAGTAG-1,5893.0,4725.0,L4,3,0.32032503579281607,1,bisquare,7469,1.0,negbinomial,0.29239382422135424,True
CATAGTCAAATACATA-1,9158.0,10260.0,L3,2,0.3856110993818971,1,bisquare,7469,1.0,negbinomial,0.29239382422135424,True
CATAGTCCACAAGAAC-1,4907.0,7833.0,L6,5,0.2877667644710263,1,bisquare,7469,1.0,negbinomial,0.29239382422135424,True
CATATACTACTGATAA-1,9819.0,4634.0,L3,2,0.2186657684125026,1,bisquare,7469,1.0,negbinomial,0.29239382422135424,True
CATATAGGTACAGTCA-1,6561.0,7606.0,L6,5,0.23704450244020966,1,bisquare,7469,1.0,negbinomial,0.29239382422135424,True
CATATGTCAGGCTACG-1,4422.0,8189.0,L6,5,0.21671299225744944,1,bisquare,7469,1.0,negbinomial,0.29239382422135424,True
CATATTATTTGCCCTA-1,8243.0,3544.0,L3,2,0.17635300661753817,1,bisquare,7469,1.0,negbinomial,0.29239382422135424,True
CATCATCTACCCGGAC-1,7553.0,3779.0,L3,2,0.1679483527356747,1,bisquare,7469,1.0,negbinomial,0.29239382422135424,True
CATCATTACCCTGAGG-1,9238.0,8703.0,L3,2,0.26474214225432946,1,bisquare,7469,1.0,negbinomial,0.29239382422135424,True
CATCCAATATAGTTTG-1,3993.0,10343.0,WM,6,0.26359506665635224,1,bisquare,7469,1.0,negbinomial,0.29239382422135424,True
CATCCGCAGGCCCGAA-1,3831.0,4231.0,L1,0,0.30140231767435327,1,bisquare,7469,1.0,negbinomial,0.29239382422135424,True
CATCCTCTCAAAGATC-1,9099.0,8942.0,L3,2,0.5026022077436435,1,bisquare,7469,1.0,negbinomial,0.29239382422135424,True
CATCGAATGGATCTCT-1,4117.0,2796.0,L1,0,0.305042606470993,1,bisquare,7469,1.0,negbinomial,0.29239382422135424,True
CATCGCCCGCGGCCAA-1,5829.0,4126.0,L3,2,0.1614221779641616,1,bisquare,7469,1.0,negbinomial,0.29239382422135424,True
CATCGGACGGGTTAAT-1,6768.0,7487.0,L6,5,0.25260745389380984,1,bisquare,7469,1.0,negbinomial,0.29239382422135424,True
CATCTATCCCGTGTCT-1,9681.0,4633.0,L3,2,0.19997598601139738,1,bisquare,7469,1.0,negbinomial,0.29239382422135424,True
CATCTTACACCACCTC-1,9596.0,6909.0,L3,2,0.34920936501112815,1,bisquare,7469,1.0,negbinomial,0.29239382422135424,True
CATGAACCGACATTTG-1,5762.0,3766.0,L3,2,0.15123391936454197,1,bisquare,7469,1.0,negbinomial,0.29239382422135424,True
CATGAACCTCTTATCA-1,7558.0,3060.0,L3,2,0.18750103747929459,1,bisquare,7469,1.0,negbinomial,0.29239382422135424,True
CATGACTTCGCTGAAT-1,10075.0,7272.0,L3,2,0.4042707483547702,1,bisquare,7469,1.0,negbinomial,0.29239382422135424,True
CATGAGATGCACTCTC-1,8200.0,9535.0,L5,4,0.41332978386212527,1,bisquare,7469,1.0,negbinomial,0.29239382422135424,True
CATGATGCACAATTCT-1,7544.0,4977.0,L5,4,0.2626907267522927,1,bisquare,7469,1.0,negbinomial,0.29239382422135424,True
CATGATGGAAGTTAGC-1,9864.0,7869.0,L3,2,0.30013423696013913,1,bisquare,7469,1.0,negbinomial,0.29239382422135424,True
CATGCACGTGTTACTG-1,9074.0,2831.0,L3,2,0.23508159054336336,1,bisquare,7469,1.0,negbinomial,0.29239382422135424,True
CATGCATGGAGACCCT-1,7626.0,3180.0,L3,2,0.18422970830457175,1,bisquare,7469,1.0,negbinomial,0.29239382422135424,True
CATGCCAACTCGCAAA-1,4220.0,7589.0,L6,5,0.260794090545261,1,bisquare,7469,1.0,negbinomial,0.29239382422135424,True
CATGCGACCAGTTTAA-1,9536.0,5590.0,L3,2,0.3660486637408019,1,bisquare,7469,1.0,negbinomial,0.29239382422135424,True
CATGCGTTAGACAGAA-1,7136.0,4255.0,L3,2,0.1399705429488823,1,bisquare,7469,1.0,negbinomial,0.29239382422135424,True
CATGCTGGCTCCAATT-1,6932.0,3894.0,L3,2,0.17681368348005375,1,bisquare,7469,1.0,negbinomial,0.29239382422135424,True
CATGGAAATGGGACCA-1,9967.0,3197.0,L1,0,0.5682496599257658,1,bisquare,7469,1.0,negbinomial,0.29239382422135424,True
CATGGATTGTCTTCCG-1,9718.0,9066.0,L3,2,0.38037870973321686,1,bisquare,7469,1.0,negbinomial,0.29239382422135424,True
CATGGCAGGAAGATCG-1,6721.0,4492.0,L4,3,0.28477778929813363,1,bisquare,7469,1.0,negbinomial,0.29239382422135424,True
CATGGGTATGCCTTAT-1,8409.0,9177.0,L5,4,0.5168057224717268,1,bisquare,7469,1.0,negbinomial,0.29239382422135424,True
CATGGGTCGGGTGTGG-1,8646.0,4985.0,L5,4,0.532262303005145,1,bisquare,7469,1.0,negbinomial,0.29239382422135424,True
CATGGTAAGTAGCGTT-1,7799.0,7854.0,L6,5,0.38545564664411863,1,bisquare,7469,1.0,negbinomial,0.29239382422135424,True
CATGGTATTAGTTTGT-1,3242.0,9499.0,WM,6,0.142744710824822,1,bisquare,7469,1.0,negbinomial,0.29239382422135424,True
CATGGTCTAGATACCG-1,7333.0,5575.0,L6,5,0.5769963886490511,1,bisquare,7469,1.0,negbinomial,0.29239382422135424,True
CATGTAAGAGACATTT-1,8961.0,8941.0,L4,3,0.46398922413356475,1,bisquare,7469,1.0,negbinomial,0.29239382422135424,True
CATGTAGGAGCGCCAA-1,10441.0,4279.0,L2,1,0.09420320347546851,1,bisquare,7469,1.0,negbinomial,0.29239382422135424,True
CATGTCTCATTTATGG-1,8621.0,8340.0,L5,4,0.4336071501605264,1,bisquare,7469,1.0,negbinomial,0.29239382422135424,True
CATTACGTCGGCCCGT-1,7270.0,4735.0,L5,4,0.16557450713739216,1,bisquare,7469,1.0,negbinomial,0.29239382422135424,True
CATTATAACAGGGTCC-1,7286.0,2579.0,L2,1,0.16580487015958828,1,bisquare,7469,1.0,negbinomial,0.29239382422135424,True
CATTATCCCATTAACG-1,4888.0,10469.0,WM,6,0.19326475301708354,1,bisquare,7469,1.0,negbinomial,0.29239382422135424,True
CATTATGCTTGTTGTG-1,6369.0,5568.0,L5,4,0.16866642462588755,1,bisquare,7469,1.0,negbinomial,0.29239382422135424,True
CATTCACTGACAGCTA-1,7420.0,3059.0,L3,2,0.17225104217576392,1,bisquare,7469,1.0,negbinomial,0.29239382422135424,True
CATTCAGGTCAGTGCG-1,4253.0,3036.0,L1,0,0.22456550217429921,1,bisquare,7469,1.0,negbinomial,0.29239382422135424,True
CATTCCCTAAGTACAA-1,4040.0,3873.0,L1,0,0.14617640143080426,1,bisquare,7469,1.0,negbinomial,0.29239382422135424,True
CATTGCAAAGCATAAT-1,8525.0,2588.0,L2,1,0.3769293387424207,1,bisquare,7469,1.0,negbinomial,0.29239382422135424,True
CATTGCGAAATGGGCG-1,3606.0,6746.0,L5,4,0.3075840533024999,1,bisquare,7469,1.0,negbinomial,0.29239382422135424,True
CATTGTGTGCTAGATC-1,3833.0,3992.0,L1,0,0.15188996894880616,1,bisquare,7469,1.0,negbinomial,0.29239382422135424,True
CATTTAGCGGACCATG-1,8642.0,5464.0,L5,4,0.29191694674355806,1,bisquare,7469,1.0,negbinomial,0.29239382422135424,True
CATTTATCGTTCAAGA-1,8109.0,3064.0,L3,2,0.3642128739191481,1,bisquare,7469,1.0,negbinomial,0.29239382422135424,True
CATTTCTAGCAGACTA-1,4587.0,4357.0,L3,2,0.11472689052297741,1,bisquare,7469,1.0,negbinomial,0.29239382422135424,True
CATTTGAGTGGTACGT-1,6073.0,8441.0,WM,6,0.2973315109421097,1,bisquare,7469,1.0,negbinomial,0.29239382422135424,True
CCAAACAGAACCCTCG-1,6097.0,5086.0,L5,4,0.42948442282466665,1,bisquare,7469,1.0,negbinomial,0.29239382422135424,True
CCAAAGCAGTTGGTTG-1,3491.0,3630.0,L1,0,0.22379409855415497,1,bisquare,7469,1.0,negbinomial,0.29239382422135424,True
CCAAATAACAAGATTC-1,10548.0,8593.0,L2,1,0.5875747656877729,1,bisquare,7469,1.0,negbinomial,0.29239382422135424,True
CCAACCTTATGTAACT-1,5576.0,10474.0,WM,6,0.5692480001853092,1,bisquare,7469,1.0,negbinomial,0.29239382422135424,True
CCAACGATGCACTGAT-1,5332.0,6159.0,L5,4,0.2228243984574752,1,bisquare,7469,1.0,negbinomial,0.29239382422135424,True
CCAACGCTTGCCAGGG-1,9688.0,3674.0,L3,2,0.44234413387089094,1,bisquare,7469,1.0,negbinomial,0.29239382422135424,True
CCAAGAAAGTGGGCGA-1,6346.0,8683.0,L6,5,0.24173266759726966,1,bisquare,7469,1.0,negbinomial,0.29239382422135424,True
CCAAGACTTCTGCGAA-1,7063.0,4854.0,L5,4,0.20646190172173148,1,bisquare,7469,1.0,negbinomial,0.29239382422135424,True
CCAAGCGTAACTCGTA-1,7671.0,6416.0,L6,5,0.3630112585841448,1,bisquare,7469,1.0,negbinomial,0.29239382422135424,True
CCAAGGAACAGAGAGG-1,6104.0,4128.0,L3,2,0.1751663129696252,1,bisquare,7469,1.0,negbinomial,0.29239382422135424,True
CCAATAGTGCCGTCGA-1,5674.0,6521.0,L6,5,0.4455042467931945,1,bisquare,7469,1.0,negbinomial,0.29239382422135424,True
CCAATCGGTAGATCGA-1,8583.0,4146.0,L3,2,0.14793068997434258,1,bisquare,7469,1.0,negbinomial,0.29239382422135424,True
CCAATGTCACAGCAAG-1,6153.0,6884.0,L6,5,0.20374397979008482,1,bisquare,7469,1.0,negbinomial,0.29239382422135424,True
CCAATTACGGGTCGAG-1,9198.0,4749.0,L3,2,0.24565458658478637,1,bisquare,7469,1.0,negbinomial,0.29239382422135424,True
CCAATTGAATGTTAAT-1,5961.0,4846.0,L4,3,0.16420351375629103,1,bisquare,7469,1.0,negbinomial,0.29239382422135424,True
CCACAATGTACGTCTT-1,8639.0,5943.0,L5,4,0.2658957808071003,1,bisquare,7469,1.0,negbinomial,0.29239382422135424,True
CCACACTGAGATATTA-1,6151.0,7124.0,L6,5,0.27653348795776767,1,bisquare,7469,1.0,negbinomial,0.29239382422135424,True
CCACAGCTGAAATCAT-1,4732.0,3399.0,L1,0,0.19748250054618008,1,bisquare,7469,1.0,negbinomial,0.29239382422135424,True
CCACAGTACCCATCCT-1,9104.0,8223.0,L4,3,0.17811554502016952,1,bisquare,7469,1.0,negbinomial,0.29239382422135424,True
CCACATACTGCACCCA-1,10891.0,8715.0,L2,1,0.18534695528983477,1,bisquare,7469,1.0,negbinomial,0.29239382422135424,True
CCACCAACTTTACTGT-1,5520.0,8677.0,WM,6,0.34154513017293686,1,bisquare,7469,1.0,negbinomial,0.29239382422135424,True
CCACCCAAGGAAAGTG-1,7943.0,6897.0,L6,5,0.47939409312693404,1,bisquare,7469,1.0,negbinomial,0.29239382422135424,True
CCACGAATTTAACCTC-1,10281.0,7393.0,L3,2,0.5298906857699318,1,bisquare,7469,1.0,negbinomial,0.29239382422135424,True
CCACGAGAAGAGAATC-1,7960.0,4501.0,L4,3,0.23456282147602983,1,bisquare,7469,1.0,negbinomial,0.29239382422135424,True
CCACGGAGCCATAAGA-1,4629.0,8071.0,L6,5,0.19692652558169083,1,bisquare,7469,1.0,negbinomial,0.29239382422135424,True
CCACGGTGCCCGGTAG-1,10148.0,6673.0,L3,2,0.33811307861820306,1,bisquare,7469,1.0,negbinomial,0.29239382422135424,True
CCACTAAACTGAATCG-1,4047.0,2915.0,L1,0,0.40764538731885847,1,bisquare,7469,1.0,negbinomial,0.29239382422135424,True
CCACTGGTGGCTGGTT-1,4223.0,7110.0,L5,4,0.24484159198746033,1,bisquare,7469,1.0,negbinomial,0.29239382422135424,True
CCACTGTTTGGATTAA-1,10060.0,9428.0,L3,2,0.45615115743452767,1,bisquare,7469,1.0,negbinomial,0.29239382422135424,True
CCAGAAAGCAACTCAT-1,5245.0,8675.0,WM,6,0.27505913356318007,1,bisquare,7469,1.0,negbinomial,0.29239382422135424,True
CCAGAGACAAAGCCGG-1,4237.0,5193.0,L3,2,0.1904213454172793,1,bisquare,7469,1.0,negbinomial,0.29239382422135424,True
CCAGATAGTTGAGTGA-1,8571.0,5823.0,L5,4,0.24008910847714032,1,bisquare,7469,1.0,negbinomial,0.29239382422135424,True
CCAGCCTGGACCAATA-1,7255.0,6892.0,L6,5,0.20784717491086602,1,bisquare,7469,1.0,negbinomial,0.29239382422135424,True
CCAGCTACGCCTCATA-1,5213.0,3522.0,L1,0,0.21183185865824508,1,bisquare,7469,1.0,negbinomial,0.29239382422135424,True
CCAGCTCGAACGCATT-1,7232.0,10007.0,L6,5,0.3467566214478764,1,bisquare,7469,1.0,negbinomial,0.29239382422135424,True
CCAGCTGATGGTACTT-1,4225.0,6870.0,L5,4,0.3132470614801538,1,bisquare,7469,1.0,negbinomial,0.29239382422135424,True
CCAGCTTCCGCCCGCA-1,3956.0,5910.0,L3,2,0.1367796024629526,1,bisquare,7469,1.0,negbinomial,0.29239382422135424,True
CCAGGGACGTGGCCTC-1,6437.0,5688.0,L5,4,0.32159965425634324,1,bisquare,7469,1.0,negbinomial,0.29239382422135424,True
CCAGTAGTCTGATCCA-1,9054.0,5707.0,L4,3,0.40001742838362914,1,bisquare,7469,1.0,negbinomial,0.29239382422135424,True
CCAGTCAAATCTCTTA-1,3325.0,7463.0,L5,4,0.19849555977465672,1,bisquare,7469,1.0,negbinomial,0.29239382422135424,True
CCAGTCCATTATTCGA-1,4317.0,3636.0,L1,0,0.14351078168466297,1,bisquare,7469,1.0,negbinomial,0.29239382422135424,True
CCAGTCTAGACGGCGC-1,8712.0,5345.0,L5,4,0.3019194147257993,1,bisquare,7469,1.0,negbinomial,0.29239382422135424,True
CCAGTCTTGTCATAGA-1,6822.0,9525.0,L6,5,0.16103433851674695,1,bisquare,7469,1.0,negbinomial,0.29239382422135424,True
CCATAAACAACCCGAC-1,8032.0,4142.0,L3,2,0.29094995216237457,1,bisquare,7469,1.0,negbinomial,0.29239382422135424,True
CCATACCTTTACTTGT-1,9808.0,6072.0,L3,2,0.33222314095066174,1,bisquare,7469,1.0,negbinomial,0.29239382422135424,True
CCATAGGTTGGCGTGG-1,7064.0,4614.0,L5,4,0.2048294226657454,1,bisquare,7469,1.0,negbinomial,0.29239382422135424,True
CCATAGTCAGTAACCC-1,3969.0,4232.0,L2,1,0.14021957302675656,1,bisquare,7469,1.0,negbinomial,0.29239382422135424,True
CCATATGGAAACTATA-1,9857.0,8828.0,L3,2,0.5626980161898595,1,bisquare,7469,1.0,negbinomial,0.29239382422135424,True
CCATATTGGATCATGA-1,3559.0,3750.0,L1,0,0.20951886762279623,1,bisquare,7469,1.0,negbinomial,0.29239382422135424,True
CCATCCATACCAAGTC-1,5415.0,4123.0,L3,2,0.14613270012027643,1,bisquare,7469,1.0,negbinomial,0.29239382422135424,True
CCATCGCAGTTAAACT-1,7037.0,8448.0,L6,5,0.4475425899416249,1,bisquare,7469,1.0,negbinomial,0.29239382422135424,True
CCATCTCACCAGTGAA-1,9526.0,7028.0,L3,2,0.3401043577993126,1,bisquare,7469,1.0,negbinomial,0.29239382422135424,True
CCATCTTGTTCACAAT-1,5628.0,3286.0,L1,0,0.20616723176012144,1,bisquare,7469,1.0,negbinomial,0.29239382422135424,True
CCATGCCCTAGATTTC-1,9510.0,9185.0,L3,2,0.45096594765399883,1,bisquare,7469,1.0,negbinomial,0.29239382422135424,True
CCATGCCTGTTTAGTA-1,6430.0,6646.0,L6,5,0.29456692595267003,1,bisquare,7469,1.0,negbinomial,0.29239382422135424,True
CCATGCTCTGCAGGAA-1,5754.0,4964.0,L4,3,0.2214206771310726,1,bisquare,7469,1.0,negbinomial,0.29239382422135424,True
CCATGGCCCTTGTACC-1,4298.0,6271.0,L5,4,0.2000227637575541,1,bisquare,7469,1.0,negbinomial,0.29239382422135424,True
CCATGTTCATCTATAT-1,4680.0,10588.0,WM,6,0.3081991195614779,1,bisquare,7469,1.0,negbinomial,0.29239382422135424,True
CCATTAGCGATAATCC-1,5675.0,6281.0,L5,4,0.14941379044050648,1,bisquare,7469,1.0,negbinomial,0.29239382422135424,True
CCATTCCCTGCCCACA-1,5468.0,6400.0,L5,4,0.2169319129224777,1,bisquare,7469,1.0,negbinomial,0.29239382422135424,True
CCATTTCTACCTATTA-1,7652.0,9051.0,L6,5,0.5638503097986862,1,bisquare,7469,1.0,negbinomial,0.29239382422135424,True
CCCAAACATGCTGCTC-1,8841.0,6544.0,L5,4,0.47659633606384566,1,bisquare,7469,1.0,negbinomial,0.29239382422135424,True
CCCAACATACGTCGCG-1,5184.0,7596.0,L6,5,0.28838647753177443,1,bisquare,7469,1.0,negbinomial,0.29239382422135424,True
CCCAACCACACTAACA-1,7349.0,3418.0,L3,2,0.2754973647083364,1,bisquare,7469,1.0,negbinomial,0.29239382422135424,True
CCCAAGAATGCACGGT-1,8869.0,2710.0,L3,2,0.33215238804994557,1,bisquare,7469,1.0,negbinomial,0.29239382422135424,True
CCCAAGACAGAGTATG-1,6250.0,2931.0,L1,0,0.2458207026150941,1,bisquare,7469,1.0,negbinomial,0.29239382422135424,True
CCCAATGAGATTTGCA-1,5513.0,9635.0,WM,6,0.25521096102712226,1,bisquare,7469,1.0,negbinomial,0.29239382422135424,True
CCCAATTTCACAACTT-1,5049.0,7116.0,L6,5,0.12699977966893677,1,bisquare,7469,1.0,negbinomial,0.29239382422135424,True
CCCAGAGGAGGGCGTA-1,10023.0,4995.0,L3,2,0.23054971338996424,1,bisquare,7469,1.0,negbinomial,0.29239382422135424,True
CCCAGGTCTGAAGGCT-1,10408.0,8832.0,L3,2,0.4959545082206331,1,bisquare,7469,1.0,negbinomial,0.29239382422135424,True
CCCAGTAAACTTGGGA-1,3592.0,8663.0,WM,6,0.15426493339230288,1,bisquare,7469,1.0,negbinomial,0.29239382422135424,True
CCCAGTTAAGGCGCCG-1,8421.0,7499.0,L5,4,0.568272416032164,1,bisquare,7469,1.0,negbinomial,0.29239382422135424,True
CCCGAAGTTTCGCGAA-1,3529.0,7824.0,L6,5,0.40613306145919326,1,bisquare,7469,1.0,negbinomial,0.29239382422135424,True
CCCGACCATAGTCCGC-1,7889.0,4860.0,L5,4,0.1855319766326203,1,bisquare,7469,1.0,negbinomial,0.29239382422135424,True
CCCGAGTTTCTCCGTA-1,10206.0,8231.0,L3,2,0.4095939772465111,1,bisquare,7469,1.0,negbinomial,0.29239382422135424,True
CCCGCAGCGCGAACTA-1,7382.0,8331.0,L6,5,0.32765433438101277,1,bisquare,7469,1.0,negbinomial,0.29239382422135424,True
CCCGCAGGGCCCAAAG-1,8241.0,3784.0,L3,2,0.22001960771646092,1,bisquare,7469,1.0,negbinomial,0.29239382422135424,True
CCCGCCATGCTCCCGT-1,5618.0,4723.0,L3,2,0.1529625213169321,1,bisquare,7469,1.0,negbinomial,0.29239382422135424,True
CCCGCGCAATGCACCC-1,4378.0,4714.0,L3,2,0.11642468338250846,1,bisquare,7469,1.0,negbinomial,0.29239382422135424,True
CCCGCTAGAGGGTTAA-1,8457.0,2467.0,L2,1,0.45008414437615846,1,bisquare,7469,1.0,negbinomial,0.29239382422135424,True
CCCGGGTCGTTCAGGG-1,6680.0,10243.0,L6,5,0.3621873509856019,1,bisquare,7469,1.0,negbinomial,0.29239382422135424,True
CCCGGTGGAAGAACCT-1,4235.0,5432.0,L3,2,0.10734476171163027,1,bisquare,7469,1.0,negbinomial,0.29239382422135424,True
CCCGGTGTATCGGAAT-1,3936.0,8785.0,WM,6,0.15059199806378862,1,bisquare,7469,1.0,negbinomial,0.29239382422135424,True
CCCGTAAGTCTAGGCC-1,4704.0,7233.0,L6,5,0.1719451288235812,1,bisquare,7469,1.0,negbinomial,0.29239382422135424,True
CCCGTAGCTGGGAAGA-1,5447.0,9275.0,WM,6,0.26270485302424323,1,bisquare,7469,1.0,negbinomial,0.29239382422135424,True
CCCGTCAGCGTCTGAC-1,6303.0,5208.0,L5,4,0.241503731090682,1,bisquare,7469,1.0,negbinomial,0.29239382422135424,True
CCCGTTTCGCAGATGT-1,10065.0,8709.0,L3,2,0.25229473805586583,1,bisquare,7469,1.0,negbinomial,0.29239382422135424,True
CCCTAGTGTCAGGTGT-1,4179.0,3635.0,L1,0,0.16377596643598386,1,bisquare,7469,1.0,negbinomial,0.29239382422135424,True
CCCTATGTAGAGCAGA-1,4412.0,9627.0,WM,6,0.2845128795189192,1,bisquare,7469,1.0,negbinomial,0.29239382422135424,True
CCCTCATTCTGGAATT-1,5827.0,4365.0,L3,2,0.2068394699815645,1,bisquare,7469,1.0,negbinomial,0.29239382422135424,True
CCCTCCTCGCTCGTAT-1,10066.0,8470.0,L3,2,0.26127151106168645,1,bisquare,7469,1.0,negbinomial,0.29239382422135424,True
CCCTCGGGAGCCTTGT-1,6803.0,2695.0,L1,0,0.24951264405809293,1,bisquare,7469,1.0,negbinomial,0.29239382422135424,True
CCCTGAAATGAGTTGA-1,5470.0,6160.0,L5,4,0.14943295054588077,1,bisquare,7469,1.0,negbinomial,0.29239382422135424,True
CCCTGACTAACAAATT-1,3604.0,6985.0,L5,4,0.19063949445320408,1,bisquare,7469,1.0,negbinomial,0.29239382422135424,True
CCCTGATGTAACTCGT-1,3901.0,4112.0,L1,0,0.14355780085391412,1,bisquare,7469,1.0,negbinomial,0.29239382422135424,True
CCCTGCCCAATCCGCT-1,4084.0,7348.0,L5,4,0.2074345376756769,1,bisquare,7469,1.0,negbinomial,0.29239382422135424,True
CCCTGCGCTACGCATA-1,4434.0,6512.0,L5,4,0.3121111273632453,1,bisquare,7469,1.0,negbinomial,0.29239382422135424,True
CCCTGGTATGGGCGGC-1,7763.0,3181.0,L3,2,0.18948718889477134,1,bisquare,7469,1.0,negbinomial,0.29239382422135424,True
CCCTGTTGGCAAAGAC-1,3489.0,3869.0,L1,0,0.10672442331635977,1,bisquare,7469,1.0,negbinomial,0.29239382422135424,True
CCCTTCTCGTACGCGA-1,5288.0,2684.0,L1,0,0.309962991356291,1,bisquare,7469,1.0,negbinomial,0.29239382422135424,True
CCCTTTAATGGAGTTC-1,10262.0,10029.0,L3,2,0.2806386328347501,1,bisquare,7469,1.0,negbinomial,0.29239382422135424,True
CCCTTTGACAGGTCTT-1,6624.0,8445.0,L6,5,0.15498654289966593,1,bisquare,7469,1.0,negbinomial,0.29239382422135424,True
CCGAAAGTGGTGAGCA-1,4655.0,4477.0,L3,2,0.1412845150754008,1,bisquare,7469,1.0,negbinomial,0.29239382422135424,True
CCGAACACTGGGCCTC-1,4012.0,7707.0,L6,5,0.06380926290874121,1,bisquare,7469,1.0,negbinomial,0.29239382422135424,True
CCGAACCTTCCCGGCC-1,7657.0,8333.0,L6,5,0.5939058036825293,1,bisquare,7469,1.0,negbinomial,0.29239382422135424,True
CCGAAGTATATTGTTC-1,4307.0,5073.0,L3,2,0.08698248095546215,1,bisquare,7469,1.0,negbinomial,0.29239382422135424,True
CCGACAAACACATGAG-1,3761.0,4351.0,L2,1,0.15304268504197968,1,bisquare,7469,1.0,negbinomial,0.29239382422135424,True
CCGACAAAGGGAGTGC-1,4228.0,6391.0,L5,4,0.3115646472753225,1,bisquare,7469,1.0,negbinomial,0.29239382422135424,True
CCGACAATAGGCCGCC-1,10405.0,9311.0,L2,1,0.44601331386460064,1,bisquare,7469,1.0,negbinomial,0.29239382422135424,True
CCGACGGGCATGAGGT-1,4555.0,8909.0,WM,6,0.25493101753793707,1,bisquare,7469,1.0,negbinomial,0.29239382422135424,True
CCGACGTAAACACAAC-1,9479.0,4032.0,L3,2,0.2632704584949684,1,bisquare,7469,1.0,negbinomial,0.29239382422135424,True
CCGACTCGCATAGTCT-1,8041.0,2944.0,L3,2,0.20454207317741033,1,bisquare,7469,1.0,negbinomial,0.29239382422135424,True
CCGAGAAGTCGCATAA-1,10483.0,7994.0,L3,2,0.41061514383516323,1,bisquare,7469,1.0,negbinomial,0.29239382422135424,True
CCGAGCTGTGCTTGTC-1,10507.0,4639.0,L2,1,0.15202607980587599,1,bisquare,7469,1.0,negbinomial,0.29239382422135424,True
CCGAGGGATGTTAGGC-1,7075.0,3176.0,L3,2,0.2385087287012554,1,bisquare,7469,1.0,negbinomial,0.29239382422135424,True
CCGATCTCAACCTTAT-1,9733.0,6910.0,L3,2,0.5177811462512216,1,bisquare,7469,1.0,negbinomial,0.29239382422135424,True
CCGATTCGAGGGACCC-1,4155.0,6989.0,L5,4,0.24284121225533323,1,bisquare,7469,1.0,negbinomial,0.29239382422135424,True
CCGATTGGTCAATGAA-1,9557.0,2715.0,L1,0,0.44196146677176473,1,bisquare,7469,1.0,negbinomial,0.29239382422135424,True
CCGCACAAAGACCAAC-1,8013.0,6778.0,L6,5,0.37632713343603874,1,bisquare,7469,1.0,negbinomial,0.29239382422135424,True
CCGCACGTGACCTCGG-1,4577.0,5794.0,L4,3,0.18560021661691986,1,bisquare,7469,1.0,negbinomial,0.29239382422135424,True
CCGCATGTGGTACGAT-1,7307.0,9169.0,L6,5,0.2376714962538678,1,bisquare,7469,1.0,negbinomial,0.29239382422135424,True
CCGCCACCACAATCCA-1,7352.0,2939.0,L3,2,0.23103855996476816,1,bisquare,7469,1.0,negbinomial,0.29239382422135424,True
CCGCCGGAACTTCTCG-1,3591.0,8902.0,WM,6,0.13414981597908396,1,bisquare,7469,1.0,negbinomial,0.29239382422135424,True
CCGCCGGTCAACACAC-1,6587.0,4012.0,L3,2,0.2000466472153772,1,bisquare,7469,1.0,negbinomial,0.29239382422135424,True
CCGCCGTTGAGGATAA-1,10966.0,7877.0,L2,1,0.21451380795336625,1,bisquare,7469,1.0,negbinomial,0.29239382422135424,True
CCGCCTGCGAATTGGT-1,9477.0,4272.0,L3,2,0.19027988512891936,1,bisquare,7469,1.0,negbinomial,0.29239382422135424,True
CCGCGATTTGGTAGGT-1,3397.0,7104.0,L5,4,0.17238509917312633,1,bisquare,7469,1.0,negbinomial,0.29239382422135424,True
CCGCGGAATGCGTCAC-1,5865.0,8559.0,WM,6,0.23289817649681313,1,bisquare,7469,1.0,negbinomial,0.29239382422135424,True
CCGCGGGTACGAAGAA-1,4574.0,6273.0,L5,4,0.25636350435657207,1,bisquare,7469,1.0,negbinomial,0.29239382422135424,True
CCGCGTAGGTAAGGGC-1,4300.0,6032.0,L4,3,0.06648489080989264,1,bisquare,7469,1.0,negbinomial,0.29239382422135424,True
CCGCTATCAGCACCAG-1,7110.0,7849.0,L6,5,0.1854827176028175,1,bisquare,7469,1.0,negbinomial,0.29239382422135424,True
CCGCTCTTCCGAACTA-1,9573.0,10024.0,L3,2,0.3238062858958649,1,bisquare,7469,1.0,negbinomial,0.29239382422135424,True
CCGCTGGTGCCATTCA-1,7901.0,3182.0,L3,2,0.18581350012062353,1,bisquare,7469,1.0,negbinomial,0.29239382422135424,True
CCGCTTACCTCACTCT-1,5180.0,8075.0,WM,6,0.209617718084895,1,bisquare,7469,1.0,negbinomial,0.29239382422135424,True
CCGCTTCGCGGTTAAC-1,5426.0,2685.0,L1,0,0.2988330977167663,1,bisquare,7469,1.0,negbinomial,0.29239382422135424,True
CCGCTTGCTGACATGG-1,10568.0,5718.0,L2,1,0.364916650954641,1,bisquare,7469,1.0,negbinomial,0.29239382422135424,True
CCGGAATGGTTTCAGT-1,4994.0,5318.0,L4,3,0.12729816622276138,1,bisquare,7469,1.0,negbinomial,0.29239382422135424,True
CCGGAGCGTACTTTCT-1,6617.0,9403.0,L6,5,0.17922687383486693,1,bisquare,7469,1.0,negbinomial,0.29239382422135424,True
CCGGCACGACCGTTTC-1,10424.0,6675.0,L3,2,0.4393909917001514,1,bisquare,7469,1.0,negbinomial,0.29239382422135424,True
CCGGCGCATATTGGAT-1,6655.0,4132.0,L3,2,0.10834627034109309,1,bisquare,7469,1.0,negbinomial,0.29239382422135424,True
CCGGCGTGAGACTCTG-1,3528.0,8063.0,L6,5,0.27237463688254687,1,bisquare,7469,1.0,negbinomial,0.29239382422135424,True
CCGGGACCCGCAGAGA-1,6378.0,4369.0,L3,2,0.31735280079825245,1,bisquare,7469,1.0,negbinomial,0.29239382422135424,True
CCGGGCGGTCTCGTCA-1,8016.0,6298.0,L6,5,0.5645862551121563,1,bisquare,7469,1.0,negbinomial,0.29239382422135424,True
CCGGGCTAAGAATTTC-1,4128.0,10823.0,WM,6,0.18714642605917903,1,bisquare,7469,1.0,negbinomial,0.29239382422135424,True
CCGGGCTGCTCCATAC-1,8701.0,6783.0,L5,4,0.42165846205866575,1,bisquare,7469,1.0,negbinomial,0.29239382422135424,True
CCGGGTTCGAGGTTAC-1,4981.0,6995.0,L6,5,0.2417994877154266,1,bisquare,7469,1.0,negbinomial,0.29239382422135424,True
CCGGTAATGGCTAGTC-1,10628.0,7036.0,L2,1,0.40563075091281114,1,bisquare,7469,1.0,negbinomial,0.29239382422135424,True
CCGGTTTGTAATTGTG-1,5654.0,9157.0,WM,6,0.37755449443830025,1,bisquare,7469,1.0,negbinomial,0.29239382422135424,True
CCGTAAGTTGGTCCCA-1,8084.0,6419.0,L6,5,0.41279902020147696,1,bisquare,7469,1.0,negbinomial,0.29239382422135424,True
CCGTACCCAAGCGCCA-1,5142.0,3881.0,L2,1,0.16980483221013448,1,bisquare,7469,1.0,negbinomial,0.29239382422135424,True
CCGTAGGAAATCCCTG-1,9369.0,9663.0,L3,2,0.39725818769495336,1,bisquare,7469,1.0,negbinomial,0.29239382422135424,True
CCGTAGGGTTGTTTAC-1,9920.0,9667.0,L3,2,0.3582749227173402,1,bisquare,7469,1.0,negbinomial,0.29239382422135424,True
CCGTATCTCGTCGTAG-1,4624.0,8790.0,WM,6,0.25344238230014304,1,bisquare,7469,1.0,negbinomial,0.29239382422135424,True
CCGTATTAGCGCAGTT-1,10439.0,4519.0,L2,1,0.19332036385376225,1,bisquare,7469,1.0,negbinomial,0.29239382422135424,True
CCGTCAACCTCTGGCG-1,3716.0,10581.0,WM,6,0.2816522311591321,1,bisquare,7469,1.0,negbinomial,0.29239382422135424,True
CCGTGCCCATGACGGC-1,6106.0,3888.0,L3,2,0.13637792116719052,1,bisquare,7469,1.0,negbinomial,0.29239382422135424,True
CCGTGGAACGATCCAA-1,10089.0,5355.0,L3,2,0.3335838326601476,1,bisquare,7469,1.0,negbinomial,0.29239382422135424,True
CCGTGTTAAATTCCAT-1,5248.0,8195.0,WM,6,0.10071758578835951,1,bisquare,7469,1.0,negbinomial,0.29239382422135424,True
CCGTTACGTTAGAACA-1,8853.0,4867.0,L4,3,0.29696767047087214,1,bisquare,7469,1.0,negbinomial,0.29239382422135424,True
CCGTTCCGAATCTCGG-1,4291.0,7230.0,L5,4,0.14436705535611188,1,bisquare,7469,1.0,negbinomial,0.29239382422135424,True
CCTAAACAGGGTCCGT-1,6667.0,2454.0,L1,0,0.4749496091654398,1,bisquare,7469,1.0,negbinomial,0.29239382422135424,True
CCTAAAGGCTGACGCT-1,8445.0,4145.0,L3,2,0.24486575416045897,1,bisquare,7469,1.0,negbinomial,0.29239382422135424,True
CCTAAATTAACGGTTC-1,7457.0,7492.0,L6,5,0.24293107782912593,1,bisquare,7469,1.0,negbinomial,0.29239382422135424,True
CCTAAATTGTATCCTA-1,10616.0,8713.0,L2,1,0.43899011150813166,1,bisquare,7469,1.0,negbinomial,0.29239382422135424,True
CCTAACCCAAACAAGT-1,8897.0,8342.0,L5,4,0.4519861113027353,1,bisquare,7469,1.0,negbinomial,0.29239382422135424,True
CCTAACTAAGGCTCTA-1,9196.0,4989.0,L3,2,0.238572718205137,1,bisquare,7469,1.0,negbinomial,0.29239382422135424,True
CCTAAGTGTCTAACCG-1,4324.0,2677.0,L1,0,0.27634440184593023,1,bisquare,7469,1.0,negbinomial,0.29239382422135424,True
CCTACAAGTCCGGAAT-1,10033.0,3557.0,L1,0,0.5242631070033245,1,bisquare,7469,1.0,negbinomial,0.29239382422135424,True
CCTACATTCACAGACG-1,5039.0,8553.0,WM,6,0.18728740907489067,1,bisquare,7469,1.0,negbinomial,0.29239382422135424,True
CCTACGCGACCTTACA-1,9212.0,2832.0,L3,2,0.4215430879196942,1,bisquare,7469,1.0,negbinomial,0.29239382422135424,True
CCTACGGCTCAGTCGA-1,5001.0,4359.0,L3,2,0.18289712690983706,1,bisquare,7469,1.0,negbinomial,0.29239382422135424,True
CCTACTGCTTACACTT-1,6162.0,5686.0,L5,4,0.21429793718638834,1,bisquare,7469,1.0,negbinomial,0.29239382422135424,True
CCTAGGCGTAGCGATC-1,8839.0,6784.0,L5,4,0.3216127681649894,1,bisquare,7469,1.0,negbinomial,0.29239382422135424,True
CCTAGGTAAAGGTAGC-1,3524.0,8542.0,L6,5,0.13488668795395917,1,bisquare,7469,1.0,negbinomial,0.29239382422135424,True
CCTAGTTAGTCGCATG-1,7758.0,3900.0,L3,2,0.17455485125015893,1,bisquare,7469,1.0,negbinomial,0.29239382422135424,True
CCTATAATGAGTGCCC-1,8341.0,9056.0,L5,4,0.41616374867273775,1,bisquare,7469,1.0,negbinomial,0.29239382422135424,True
CCTATACCGTCCTGTC-1,5862.0,9039.0,WM,6,0.4707200844301099,1,bisquare,7469,1.0,negbinomial,0.29239382422135424,True
CCTATATCGTGTCACG-1,3448.0,9620.0,WM,6,0.32363759885319643,1,bisquare,7469,1.0,negbinomial,0.29239382422135424,True
CCTATATTTGTCCTGG-1,6338.0,9881.0,L6,5,0.22654478978336742,1,bisquare,7469,1.0,negbinomial,0.29239382422135424,True
CCTATCTATATCGGAA-1,8096.0,4741.0,L5,4,0.12912321303502924,1,bisquare,7469,1.0,negbinomial,0.29239382422135424,True
CCTATGAAGTGGTGCC-1,10422.0,6915.0,L3,2,0.4432490138450584,1,bisquare,7469,1.0,negbinomial,0.29239382422135424,True
CCTATGGCTCCTAGTG-1,4410.0,9867.0,WM,6,0.3990548248975053,1,bisquare,7469,1.0,negbinomial,0.29239382422135424,True
CCTATGGGTTACCGTC-1,7537.0,5935.0,L6,5,0.27672822053374213,1,bisquare,7469,1.0,negbinomial,0.29239382422135424,True
CCTATGGTCAAAGCTG-1,7434.0,10607.0,L6,5,0.5296467996704072,1,bisquare,7469,1.0,negbinomial,0.29239382422135424,True
CCTATGTCCACTCCAC-1,9092.0,9901.0,L3,2,0.45358650348439516,1,bisquare,7469,1.0,negbinomial,0.29239382422135424,True
CCTCACCAATCTTGAC-1,5206.0,4481.0,L3,2,0.1648870274072869,1,bisquare,7469,1.0,negbinomial,0.29239382422135424,True
CCTCACCTGAGGGAGC-1,9810.0,5832.0,L3,2,0.23187039330438913,1,bisquare,7469,1.0,negbinomial,0.29239382422135424,True
CCTCACCTTAGCATCG-1,9467.0,5710.0,L3,2,0.27895267735912055,1,bisquare,7469,1.0,negbinomial,0.29239382422135424,True
CCTCATGCAGCTACGA-1,4868.0,3640.0,L1,0,0.26108757586104975,1,bisquare,7469,1.0,negbinomial,0.29239382422135424,True
CCTCCCGACAATCCCT-1,7141.0,3536.0,L3,2,0.1184434215962485,1,bisquare,7469,1.0,negbinomial,0.29239382422135424,True
CCTCCGACAATTCAAG-1,5055.0,6397.0,L5,4,0.13534661852915333,1,bisquare,7469,1.0,negbinomial,0.29239382422135424,True
CCTCCTAGCTAGAGTC-1,3648.0,10460.0,WM,6,0.32830838229275455,1,bisquare,7469,1.0,negbinomial,0.29239382422135424,True
CCTCCTGTTGTGTCGT-1,9367.0,9903.0,L3,2,0.2772152466611462,1,bisquare,7469,1.0,negbinomial,0.29239382422135424,True
CCTCGAAGTGGACGGG-1,7687.0,4259.0,L3,2,0.20204952186970576,1,bisquare,7469,1.0,negbinomial,0.29239382422135424,True
CCTCGACCCACTGCCT-1,7835.0,2822.0,L3,2,0.20303718216925376,1,bisquare,7469,1.0,negbinomial,0.29239382422135424,True
CCTCGCCAGCAAATTA-1,7891.0,4620.0,L5,4,0.1967160562450191,1,bisquare,7469,1.0,negbinomial,0.29239382422135424,True
CCTCGCGCGATATAGG-1,9334.0,4990.0,L3,2,0.3487470664900874,1,bisquare,7469,1.0,negbinomial,0.29239382422135424,True
CCTCGCGCTGTGCGAT-1,6824.0,9285.0,L6,5,0.25759974994212687,1,bisquare,7469,1.0,negbinomial,0.29239382422135424,True
CCTCGGACCGGGATAG-1,8628.0,7381.0,L5,4,0.44250280601888203,1,bisquare,7469,1.0,negbinomial,0.29239382422135424,True
CCTCGGATGCTACCTG-1,3472.0,6265.0,L3,2,0.11860952525747755,1,bisquare,7469,1.0,negbinomial,0.29239382422135424,True
CCTCGGTTTCCTTGCC-1,5367.0,10832.0,WM,6,0.15909596469470486,1,bisquare,7469,1.0,negbinomial,0.29239382422135424,True
CCTCTAATCTGCCAAG-1,7818.0,5219.0,L5,4,0.24761887633860155,1,bisquare,7469,1.0,negbinomial,0.29239382422135424,True
CCTCTACAAGGATTGG-1,4612.0,10467.0,WM,6,0.3708835587720397,1,bisquare,7469,1.0,negbinomial,0.29239382422135424,True
CCTCTATCGATTAGCA-1,4556.0,8670.0,WM,6,0.273261478675562,1,bisquare,7469,1.0,negbinomial,0.29239382422135424,True
CCTCTCTCCCATCTAG-1,5260.0,6518.0,L5,4,0.2674130755384375,1,bisquare,7469,1.0,negbinomial,0.29239382422135424,True
CCTCTGGCCTAGACGG-1,7962.0,4261.0,L3,2,0.22392781334868944,1,bisquare,7469,1.0,negbinomial,0.29239382422135424,True
CCTCTGTACTATTCTA-1,6965.0,8807.0,L6,5,0.15814189536258316,1,bisquare,7469,1.0,negbinomial,0.29239382422135424,True
CCTGAACGATATATTC-1,8632.0,6902.0,L5,4,0.28448459749903826,1,bisquare,7469,1.0,negbinomial,0.29239382422135424,True
CCTGAATATTTACATA-1,7680.0,5218.0,L5,4,0.4591509854909032,1,bisquare,7469,1.0,negbinomial,0.29239382422135424,True
CCTGACCACCGATGGT-1,6972.0,7848.0,L6,5,0.06991475313591823,1,bisquare,7469,1.0,negbinomial,0.29239382422135424,True
CCTGACGCAACCTTTA-1,8799.0,2829.0,L3,2,0.2944158584302065,1,bisquare,7469,1.0,negbinomial,0.29239382422135424,True
CCTGCGTTCTACGCTT-1,3747.0,6267.0,L4,3,0.11133947174131822,1,bisquare,7469,1.0,negbinomial,0.29239382422135424,True
CCTGCTATTTGAGAAG-1,6231.0,5567.0,L5,4,0.2717054108876922,1,bisquare,7469,1.0,negbinomial,0.29239382422135424,True
CCTGGAAACGTTCTGC-1,10558.0,7155.0,L3,2,0.33630754492585163,1,bisquare,7469,1.0,negbinomial,0.29239382422135424,True
CCTGGCTAGACCCGCC-1,5747.0,5922.0,L5,4,0.14130205298935883,1,bisquare,7469,1.0,negbinomial,0.29239382422135424,True
CCTGGTCGAATGTGGG-1,7511.0,9530.0,L6,5,0.30878061376212407,1,bisquare,7469,1.0,negbinomial,0.29239382422135424,True
CCTGTAAGACATGATA-1,5602.0,6880.0,L6,5,0.2024695649765746,1,bisquare,7469,1.0,negbinomial,0.29239382422135424,True
CCTGTACTCACGCCCA-1,4429.0,7231.0,L6,5,0.2789135481797344,1,bisquare,7469,1.0,negbinomial,0.29239382422135424,True
CCTGTCACCCGGGCTC-1,7399.0,5934.0,L6,5,0.4643965838076476,1,bisquare,7469,1.0,negbinomial,0.29239382422135424,True
CCTGTCCCTCACGTTA-1,10629.0,6796.0,L2,1,0.3184869879463588,1,bisquare,7469,1.0,negbinomial,0.29239382422135424,True
CCTGTCGCCCGTAAAT-1,7049.0,6771.0,L6,5,0.30995237416865223,1,bisquare,7469,1.0,negbinomial,0.29239382422135424,True
CCTGTGCATAGGAGAC-1,3909.0,2914.0,L1,0,0.33290868517360533,1,bisquare,7469,1.0,negbinomial,0.29239382422135424,True
CCTGTGCGGATTGTAA-1,9625.0,2835.0,L1,0,0.3416540542347388,1,bisquare,7469,1.0,negbinomial,0.29239382422135424,True
CCTGTTTGAAGACACG-1,9233.0,9422.0,L3,2,0.39220762315232716,1,bisquare,7469,1.0,negbinomial,0.29239382422135424,True
CCTTCAGTTAAAGTGA-1,5994.0,9758.0,WM,6,0.5259928146776861,1,bisquare,7469,1.0,negbinomial,0.29239382422135424,True
CCTTCGTATAGAATCC-1,6951.0,10724.0,L6,5,0.17862994790481493,1,bisquare,7469,1.0,negbinomial,0.29239382422135424,True
CCTTCTCAGCGTTCCT-1,3807.0,7586.0,L6,5,0.12352062463786398,1,bisquare,7469,1.0,negbinomial,0.29239382422135424,True
CCTTCTTGATCCAGTG-1,7821.0,4739.0,L5,4,0.2849290051773457,1,bisquare,7469,1.0,negbinomial,0.29239382422135424,True
CCTTGACCACTTTATT-1,10269.0,9070.0,L3,2,0.3996251847856996,1,bisquare,7469,1.0,negbinomial,0.29239382422135424,True
CCTTTAAGGGAGCACT-1,6204.0,9400.0,WM,6,0.24375204306389794,1,bisquare,7469,1.0,negbinomial,0.29239382422135424,True
CCTTTCAATGAAGAAA-1,9331.0,5469.0,L3,2,0.37339155226467996,1,bisquare,7469,1.0,negbinomial,0.29239382422135424,True
CCTTTGAATTATGGCT-1,3174.0,9379.0,WM,6,0.12227175771958028,1,bisquare,7469,1.0,negbinomial,0.29239382422135424,True
CGAAACATAGATGGCA-1,8103.0,3783.0,L3,2,0.28080177139679857,1,bisquare,7469,1.0,negbinomial,0.29239382422135424,True
CGAAACGCAATTCATG-1,5048.0,7355.0,L6,5,0.12933904416121147,1,bisquare,7469,1.0,negbinomial,0.29239382422135424,True
CGAACAGTATGGGCGT-1,9378.0,8465.0,L3,2,0.46815612206978185,1,bisquare,7469,1.0,negbinomial,0.29239382422135424,True
CGAACCCGCATGCGTC-1,6143.0,8322.0,WM,6,0.3589202897977227,1,bisquare,7469,1.0,negbinomial,0.29239382422135424,True
CGAACGCCCAGTGCCG-1,7619.0,4139.0,L3,2,0.10795027795494615,1,bisquare,7469,1.0,negbinomial,0.29239382422135424,True
CGAACGGCCGGACAAC-1,3803.0,8065.0,L6,5,0.32788201181307336,1,bisquare,7469,1.0,negbinomial,0.29239382422135424,True
CGAAGACTGCCCGGGA-1,6116.0,2451.0,L1,0,0.5515644570411921,1,bisquare,7469,1.0,negbinomial,0.29239382422135424,True
CGAAGCTATAAATTCA-1,10024.0,4755.0,L3,2,0.39393856202286975,1,bisquare,7469,1.0,negbinomial,0.29239382422135424,True
CGAAGGGTTTCAGATT-1,3718.0,10341.0,WM,6,0.26929125335848475,1,bisquare,7469,1.0,negbinomial,0.29239382422135424,True
CGAAGTTGCTCTGTGT-1,5192.0,6398.0,L5,4,0.14758032295750834,1,bisquare,7469,1.0,negbinomial,0.29239382422135424,True
CGAATCTGCTCGACGC-1,4272.0,9866.0,WM,6,0.35332721021046426,1,bisquare,7469,1.0,negbinomial,0.29239382422135424,True
CGAATGAAGTCATTGC-1,4134.0,9865.0,WM,6,0.20749780731703538,1,bisquare,7469,1.0,negbinomial,0.29239382422135424,True
CGAATGACGCATAATG-1,6681.0,10003.0,L6,5,0.3786837762856392,1,bisquare,7469,1.0,negbinomial,0.29239382422135424,True
CGAATTACATGGTGTT-1,9282.0,2713.0,L2,1,0.5188290890687701,1,bisquare,7469,1.0,negbinomial,0.29239382422135424,True
CGACAATTTGATCTAA-1,9315.0,7626.0,L4,3,0.5047482891048853,1,bisquare,7469,1.0,negbinomial,0.29239382422135424,True
CGACACGCTCCGACAG-1,9244.0,7985.0,L4,3,0.3922729396826296,1,bisquare,7469,1.0,negbinomial,0.29239382422135424,True
CGACAGTTCGCGTTAT-1,5672.0,6761.0,L6,5,0.108862321754869,1,bisquare,7469,1.0,negbinomial,0.29239382422135424,True
CGACATGCGATCTTCT-1,7211.0,3417.0,L3,2,0.24067726592399905,1,bisquare,7469,1.0,negbinomial,0.29239382422135424,True
CGACCCTTAACGCCGG-1,3596.0,8183.0,L6,5,0.3243665847490597,1,bisquare,7469,1.0,negbinomial,0.29239382422135424,True
CGACGCATCCGTACCT-1,3456.0,8422.0,L6,5,0.1422043792671077,1,bisquare,7469,1.0,negbinomial,0.29239382422135424,True
CGACTCAGGATGTTAT-1,8919.0,5227.0,L4,3,0.32554984512455015,1,bisquare,7469,1.0,negbinomial,0.29239382422135424,True
CGACTTTGTATAGCCT-1,10288.0,6435.0,L3,2,0.4644332895254392,1,bisquare,7469,1.0,negbinomial,0.29239382422135424,True
CGAGACCCTAGAGTGT-1,6974.0,7609.0,L6,5,0.08449544879857508,1,bisquare,7469,1.0,negbinomial,0.29239382422135424,True
CGAGAGATGTGAACCT-1,7812.0,5937.0,L6,5,0.4248558276867455,1,bisquare,7469,1.0,negbinomial,0.29239382422135424,True
CGAGAGCGCGTAGATA-1,3254.0,7822.0,L5,4,0.10341614558021532,1,bisquare,7469,1.0,negbinomial,0.29239382422135424,True
CGAGAGCTTTCACTAC-1,8815.0,10138.0,L3,2,0.33138738614258023,1,bisquare,7469,1.0,negbinomial,0.29239382422135424,True
CGAGAGGGTAGCCGCG-1,9924.0,9188.0,L3,2,0.4872645533466098,1,bisquare,7469,1.0,negbinomial,0.29239382422135424,True
CGAGATGTTGCCTATA-1,5013.0,2682.0,L1,0,0.3172288771022626,1,bisquare,7469,1.0,negbinomial,0.29239382422135424,True
CGAGATTTCGCTCGGG-1,10762.0,7516.0,L2,1,0.5422304315194315,1,bisquare,7469,1.0,negbinomial,0.29239382422135424,True
CGAGCACTTCAAGTTT-1,4512.0,5195.0,L3,2,0.13186327891451793,1,bisquare,7469,1.0,negbinomial,0.29239382422135424,True
CGAGCGTTGATCAGCC-1,5968.0,3887.0,L3,2,0.1866038882923689,1,bisquare,7469,1.0,negbinomial,0.29239382422135424,True
CGAGCTGGGCTTTAGG-1,7410.0,4497.0,L4,3,0.3706416539066879,1,bisquare,7469,1.0,negbinomial,0.29239382422135424,True
CGAGGCCAGGCATTGG-1,4314.0,4115.0,L2,1,0.10286320456447412,1,bisquare,7469,1.0,negbinomial,0.29239382422135424,True
CGAGGCTAAATATGGC-1,7675.0,5936.0,L6,5,0.32757749388352986,1,bisquare,7469,1.0,negbinomial,0.29239382422135424,True
CGAGGGACTGCGGTCG-1,8149.0,7018.0,L5,4,0.36193653829294953,1,bisquare,7469,1.0,negbinomial,0.29239382422135424,True
CGAGGGTATCCAGGTG-1,6887.0,10124.0,L6,5,0.32894758724649104,1,bisquare,7469,1.0,negbinomial,0.29239382422135424,True
CGAGTACTAAAGAGGA-1,5182.0,7835.0,WM,6,0.3759719333289009,1,bisquare,7469,1.0,negbinomial,0.29239382422135424,True
CGAGTGAAGGTACCAG-1,4760.0,9031.0,WM,6,0.2664782637381958,1,bisquare,7469,1.0,negbinomial,0.29239382422135424,True
CGAGTGCTATAGTTCG-1,5419.0,3644.0,L2,1,0.13822171259744287,1,bisquare,7469,1.0,negbinomial,0.29239382422135424,True
CGAGTTCTGTCCCACC-1,8640.0,5704.0,L5,4,0.33433056183351434,1,bisquare,7469,1.0,negbinomial,0.29239382422135424,True
CGAGTTTATCGGACTG-1,9183.0,6906.0,L4,3,0.29035896439512593,1,bisquare,7469,1.0,negbinomial,0.29239382422135424,True
CGATAATACTCAGGTT-1,10830.0,7637.0,L2,1,0.40824336332660033,1,bisquare,7469,1.0,negbinomial,0.29239382422135424,True
CGATACCTCGCGGACA-1,6081.0,7243.0,L6,5,0.2391990961196814,1,bisquare,7469,1.0,negbinomial,0.29239382422135424,True
CGATAGCGATACAGTG-1,3442.0,10339.0,WM,6,0.2970305949085106,1,bisquare,7469,1.0,negbinomial,0.29239382422135424,True
CGATAGTCGTACTGCA-1,8813.0,10378.0,L3,2,0.2708213152632422,1,bisquare,7469,1.0,negbinomial,0.29239382422135424,True
CGATATTAGCCGCAGG-1,5215.0,3283.0,L1,0,0.14961507318390752,1,bisquare,7469,1.0,negbinomial,0.29239382422135424,True
CGATCCGACCCAGTGC-1,6221.0,7004.0,L6,5,0.29902984682250916,1,bisquare,7469,1.0,negbinomial,0.29239382422135424,True
CGATCCTCGCAACATA-1,5508.0,10354.0,WM,6,0.40436447187740215,1,bisquare,7469,1.0,negbinomial,0.29239382422135424,True
CGATCTGTTGGAGGAC-1,4424.0,7950.0,L6,5,0.19490758141897613,1,bisquare,7469,1.0,negbinomial,0.29239382422135424,True
CGATGGACCCTACGCC-1,9402.0,5110.0,L3,2,0.2080090103058661,1,bisquare,7469,1.0,negbinomial,0.29239382422135424,True
CGATGTTGTTATCTAC-1,3587.0,9382.0,WM,6,0.20744079854125963,1,bisquare,7469,1.0,negbinomial,0.29239382422135424,True
CGATTAAATATCTCCT-1,7032.0,9167.0,L6,5,0.11779018015668165,1,bisquare,7469,1.0,negbinomial,0.29239382422135424,True
CGATTCGCCTGGCTGC-1,7788.0,9292.0,L5,4,0.3575111606326099,1,bisquare,7469,1.0,negbinomial,0.29239382422135424,True
CGCAAACACGAGTTAC-1,5335.0,5680.0,L5,4,0.15361415661302563,1,bisquare,7469,1.0,negbinomial,0.29239382422135424,True
CGCAATTACTTTCGGT-1,5063.0,5199.0,L4,3,0.2658341153276452,1,bisquare,7469,1.0,negbinomial,0.29239382422135424,True
CGCAATTAGGGTAATA-1,5816.0,5803.0,L5,4,0.13451600707575453,1,bisquare,7469,1.0,negbinomial,0.29239382422135424,True
CGCAATTCTACAATAA-1,4716.0,5556.0,L4,3,0.14575610887340898,1,bisquare,7469,1.0,negbinomial,0.29239382422135424,True
CGCACATGTCCACTAC-1,8768.0,7142.0,L5,4,0.3479844358050942,1,bisquare,7469,1.0,negbinomial,0.29239382422135424,True
CGCACGTCTGTTTATG-1,4956.0,10590.0,WM,6,0.3518026533562198,1,bisquare,7469,1.0,negbinomial,0.29239382422135424,True
CGCACGTGCGCTATCA-1,9594.0,7148.0,L3,2,0.4320069236403182,1,bisquare,7469,1.0,negbinomial,0.29239382422135424,True
CGCAGAAACATTTGCG-1,6798.0,3414.0,L3,2,0.24581036420357022,1,bisquare,7469,1.0,negbinomial,0.29239382422135424,True
CGCAGATCTTCACCCG-1,10570.0,5478.0,L2,1,0.4058380122574313,1,bisquare,7469,1.0,negbinomial,0.29239382422135424,True
CGCAGGCGATCCAAAC-1,9789.0,8707.0,L3,2,0.49797876542802744,1,bisquare,7469,1.0,negbinomial,0.29239382422135424,True
CGCATCATGGCTTCAG-1,8656.0,3547.0,L3,2,0.18337170287669652,1,bisquare,7469,1.0,negbinomial,0.29239382422135424,True
CGCATGGTGCGATGCT-1,7321.0,7252.0,L6,5,0.22398002067462178,1,bisquare,7469,1.0,negbinomial,0.29239382422135424,True
CGCATTAGCTAATAGG-1,6712.0,5690.0,L5,4,0.13687755733373425,1,bisquare,7469,1.0,negbinomial,0.29239382422135424,True
CGCCAAGAAGCCGAGT-1,3948.0,7108.0,L5,4,0.14496316088373323,1,bisquare,7469,1.0,negbinomial,0.29239382422135424,True
CGCCACAGGTCGCGAT-1,3388.0,8302.0,L6,5,0.30280814990053184,1,bisquare,7469,1.0,negbinomial,0.29239382422135424,True
CGCCACCCGCATTAAC-1,4045.0,3154.0,L1,0,0.24197246239109793,1,bisquare,7469,1.0,negbinomial,0.29239382422135424,True
CGCCATCCGATTATGA-1,8299.0,5342.0,L5,4,0.32561201457164857,1,bisquare,7469,1.0,negbinomial,0.29239382422135424,True
CGCCCAGCACGCCTAG-1,6272.0,9521.0,L6,5,0.22995233939414447,1,bisquare,7469,1.0,negbinomial,0.29239382422135424,True
CGCCCAGCGTTTCACG-1,8883.0,10259.0,L3,2,0.20770828499564176,1,bisquare,7469,1.0,negbinomial,0.29239382422135424,True
CGCCCGCTTCCGTACA-1,8304.0,4623.0,L4,3,0.22365380072360347,1,bisquare,7469,1.0,negbinomial,0.29239382422135424,True
CGCCCTAATTGTTCAA-1,3510.0,10459.0,WM,6,0.24462148083390436,1,bisquare,7469,1.0,negbinomial,0.29239382422135424,True
CGCCCTTACATCCACC-1,9559.0,2475.0,L1,0,0.3563127826126324,1,bisquare,7469,1.0,negbinomial,0.29239382422135424,True
CGCCCTTGAAGGCTGA-1,4167.0,5312.0,L3,2,0.12812329754931182,1,bisquare,7469,1.0,negbinomial,0.29239382422135424,True
CGCCGCCCATGCCTGT-1,8492.0,7140.0,L5,4,0.5091499627200351,1,bisquare,7469,1.0,negbinomial,0.29239382422135424,True
CGCCGCGTTCTGAACG-1,5846.0,11195.0,WM,6,0.13926539430630594,1,bisquare,7469,1.0,negbinomial,0.29239382422135424,True
CGCCGTTCAGCATAGT-1,9922.0,9427.0,L3,2,0.3152415457077905,1,bisquare,7469,1.0,negbinomial,0.29239382422135424,True
CGCCTCCCTCCTCTAT-1,7800.0,7615.0,L6,5,0.2529310863649665,1,bisquare,7469,1.0,negbinomial,0.29239382422135424,True
CGCCTGGCCTACGTAA-1,4635.0,7352.0,L6,5,0.292866269047136,1,bisquare,7469,1.0,negbinomial,0.29239382422135424,True
CGCCTTTAGCATGCTC-1,10828.0,7876.0,L2,1,0.5599106616074958,1,bisquare,7469,1.0,negbinomial,0.29239382422135424,True
CGCGAAGTGGCATACT-1,9366.0,10142.0,L3,2,0.43794487309338226,1,bisquare,7469,1.0,negbinomial,0.29239382422135424,True
CGCGACCGCGACAGAT-1,8337.0,9536.0,L5,4,0.5279992978058518,1,bisquare,7469,1.0,negbinomial,0.29239382422135424,True
CGCGAGAGGGACTTGT-1,10234.0,4397.0,L2,1,0.4320784736958241,1,bisquare,7469,1.0,negbinomial,0.29239382422135424,True
CGCGAGTCTGCCGGGT-1,4143.0,8667.0,WM,6,0.2171976027662424,1,bisquare,7469,1.0,negbinomial,0.29239382422135424,True
CGCGCAAATGTCCAGA-1,4415.0,9148.0,WM,6,0.34044147238944555,1,bisquare,7469,1.0,negbinomial,0.29239382422135424,True
CGCGCAAGGAACTACA-1,4803.0,3040.0,L1,0,0.24755218269155935,1,bisquare,7469,1.0,negbinomial,0.29239382422135424,True
CGCGCATGTTTGATTG-1,6486.0,8444.0,L6,5,0.18456063480498452,1,bisquare,7469,1.0,negbinomial,0.29239382422135424,True
CGCGCCCGACTTAATA-1,7957.0,4980.0,L5,4,0.22539400263370077,1,bisquare,7469,1.0,negbinomial,0.29239382422135424,True
CGCGGCAGTATTACGG-1,3902.0,3872.0,L1,0,0.150086966114979,1,bisquare,7469,1.0,negbinomial,0.29239382422135424,True
CGCGGCTCAACTTGAA-1,9453.0,7627.0,L3,2,0.5040776034407081,1,bisquare,7469,1.0,negbinomial,0.29239382422135424,True
CGCGGGAATTAGGCAG-1,8295.0,5821.0,L5,4,0.47007916788672127,1,bisquare,7469,1.0,negbinomial,0.29239382422135424,True
CGCGGTCACAAACCAA-1,10094.0,4636.0,L3,2,0.5022787374041601,1,bisquare,7469,1.0,negbinomial,0.29239382422135424,True
CGCGTCATATTAAACC-1,7216.0,2698.0,L2,1,0.21026772616716044,1,bisquare,7469,1.0,negbinomial,0.29239382422135424,True
CGCGTGCTATCAACGA-1,4669.0,2560.0,L1,0,0.3883512039371683,1,bisquare,7469,1.0,negbinomial,0.29239382422135424,True
CGCGTTCATGAAATAC-1,6299.0,5687.0,L5,4,0.2641736179214137,1,bisquare,7469,1.0,negbinomial,0.29239382422135424,True
CGCTACGGGACATTTA-1,6083.0,7003.0,L6,5,0.17572447672337643,1,bisquare,7469,1.0,negbinomial,0.29239382422135424,True
CGCTAGAGACCGCTGC-1,9732.0,7149.0,L3,2,0.4219141205525969,1,bisquare,7469,1.0,negbinomial,0.29239382422135424,True
CGCTATACCGCCCACT-1,5278.0,4122.0,L3,2,0.13133990364991147,1,bisquare,7469,1.0,negbinomial,0.29239382422135424,True
CGCTATTCAATGTATG-1,4929.0,4718.0,L3,2,0.12215807631396401,1,bisquare,7469,1.0,negbinomial,0.29239382422135424,True
CGCTATTCTTAGGCTC-1,6909.0,7009.0,L6,5,0.1292086930618084,1,bisquare,7469,1.0,negbinomial,0.29239382422135424,True
CGCTCGACATAATGAT-1,5891.0,4965.0,L4,3,0.1892797553524751,1,bisquare,7469,1.0,negbinomial,0.29239382422135424,True
CGCTCTCCGTAGATTA-1,5330.0,6399.0,L5,4,0.24668863969598515,1,bisquare,7469,1.0,negbinomial,0.29239382422135424,True
CGCTGAGGACGTCCAA-1,5562.0,2926.0,L1,0,0.2299540300089813,1,bisquare,7469,1.0,negbinomial,0.29239382422135424,True
CGCTGGTGACTACCCT-1,9517.0,8226.0,L3,2,0.45351049535849425,1,bisquare,7469,1.0,negbinomial,0.29239382422135424,True
CGCTGTGACGCCGCAC-1,6026.0,5445.0,L5,4,0.23729261906432475,1,bisquare,7469,1.0,negbinomial,0.29239382422135424,True
CGCTGTGTGGATGTTG-1,5721.0,9517.0,WM,6,0.3003424283659913,1,bisquare,7469,1.0,negbinomial,0.29239382422135424,True
CGCTTAGTATTGATAC-1,6334.0,10360.0,L6,5,0.37362934101518197,1,bisquare,7469,1.0,negbinomial,0.29239382422135424,True
CGCTTATTCCCGGTCG-1,4840.0,7474.0,L6,5,0.1568815462569571,1,bisquare,7469,1.0,negbinomial,0.29239382422135424,True
CGCTTCCACTGAAATC-1,5687.0,4604.0,L3,2,0.1411152943521123,1,bisquare,7469,1.0,negbinomial,0.29239382422135424,True
CGCTTTCATACCGGTG-1,6242.0,4129.0,L3,2,0.21798401713110588,1,bisquare,7469,1.0,negbinomial,0.29239382422135424,True
CGCTTTCTTGCATTCG-1,8637.0,6183.0,L5,4,0.4953139070681739,1,bisquare,7469,1.0,negbinomial,0.29239382422135424,True
CGGAAAGAATCAAACG-1,6066.0,9399.0,WM,6,0.398853563854602,1,bisquare,7469,1.0,negbinomial,0.29239382422135424,True
CGGAAATTTCACATCC-1,8454.0,2947.0,L3,2,0.24864691361794022,1,bisquare,7469,1.0,negbinomial,0.29239382422135424,True
CGGAACGTAAACATAG-1,5869.0,8080.0,WM,6,0.3695074252758885,1,bisquare,7469,1.0,negbinomial,0.29239382422135424,True
CGGAGCAATTTAATCG-1,6896.0,8926.0,L6,5,0.18607987374609702,1,bisquare,7469,1.0,negbinomial,0.29239382422135424,True
CGGAGCATGGCGATCC-1,7391.0,7133.0,L6,5,0.30653181713084854,1,bisquare,7469,1.0,negbinomial,0.29239382422135424,True
CGGAGCTTATAACACC-1,8724.0,3668.0,L3,2,0.3856318326095276,1,bisquare,7469,1.0,negbinomial,0.29239382422135424,True
CGGAGTTTGAGAGACA-1,5126.0,6038.0,L5,4,0.16822889764859786,1,bisquare,7469,1.0,negbinomial,0.29239382422135424,True
CGGATAAGCGGACATG-1,3965.0,4711.0,L3,2,0.167637946519517,1,bisquare,7469,1.0,negbinomial,0.29239382422135424,True
CGGATCCTCAAGGACT-1,8268.0,9655.0,L5,4,0.45756668166548903,1,bisquare,7469,1.0,negbinomial,0.29239382422135424,True
CGGCAAACATCGTGCG-1,7310.0,8690.0,L6,5,0.5822982422301974,1,bisquare,7469,1.0,negbinomial,0.29239382422135424,True
CGGCAATAAGATCGCC-1,10201.0,8950.0,L3,2,0.585565789362862,1,bisquare,7469,1.0,negbinomial,0.29239382422135424,True
CGGCACCGTTAGCGCC-1,8930.0,3789.0,L3,2,0.43907688831393527,1,bisquare,7469,1.0,negbinomial,0.29239382422135424,True
CGGCACTCAAGAAAGT-1,4729.0,3878.0,L2,1,0.13209022724368194,1,bisquare,7469,1.0,negbinomial,0.29239382422135424,True
CGGCAGGGTCGGGTTG-1,9256.0,6307.0,L4,3,0.5853100744536075,1,bisquare,7469,1.0,negbinomial,0.29239382422135424,True
CGGCCACGCACAAAGT-1,6843.0,6649.0,L6,5,0.10081653148518212,1,bisquare,7469,1.0,negbinomial,0.29239382422135424,True
CGGCCAGAGCGACCAT-1,6127.0,10478.0,L6,5,0.3233838171892658,1,bisquare,7469,1.0,negbinomial,0.29239382422135424,True
CGGCCCAACCTGTAGT-1,10499.0,5837.0,L2,1,0.45062367079024157,1,bisquare,7469,1.0,negbinomial,0.29239382422135424,True
CGGCCCAGGTATATCC-1,10004.0,7631.0,L3,2,0.3341189691813593,1,bisquare,7469,1.0,negbinomial,0.29239382422135424,True
CGGCGCCATCAATCCC-1,9164.0,9542.0,L3,2,0.3813141096695079,1,bisquare,7469,1.0,negbinomial,0.29239382422135424,True
CGGCTCTAAAGCTGCA-1,10345.0,7993.0,L3,2,0.5516254213003179,1,bisquare,7469,1.0,negbinomial,0.29239382422135424,True
CGGCTCTTCGTCGAAC-1,8726.0,3428.0,L3,2,0.4212799242006923,1,bisquare,7469,1.0,negbinomial,0.29239382422135424,True
CGGCTGCAAGATTAAG-1,7490.0,2940.0,L3,2,0.33624385005222446,1,bisquare,7469,1.0,negbinomial,0.29239382422135424,True
CGGCTTTGTATGATAA-1,6660.0,3413.0,L3,2,0.2233706344595287,1,bisquare,7469,1.0,negbinomial,0.29239382422135424,True
CGGGAATATAGTATAC-1,10000.0,8110.0,L3,2,0.4728690143214319,1,bisquare,7469,1.0,negbinomial,0.29239382422135424,True
CGGGAATTTATGTAAA-1,7248.0,7850.0,L6,5,0.33655340922416294,1,bisquare,7469,1.0,negbinomial,0.29239382422135424,True
CGGGAGCTTCAGTGTA-1,9034.0,8343.0,L4,3,0.3037829540269201,1,bisquare,7469,1.0,negbinomial,0.29239382422135424,True
CGGGAGTATACCGCCG-1,3827.0,4710.0,L3,2,0.08380193967568188,1,bisquare,7469,1.0,negbinomial,0.29239382422135424,True
CGGGATCAATGTAAGA-1,6854.0,5212.0,L5,4,0.16597128680828346,1,bisquare,7469,1.0,negbinomial,0.29239382422135424,True
CGGGCAGCTAAACCGC-1,6639.0,6288.0,L6,5,0.2842204396130966,1,bisquare,7469,1.0,negbinomial,0.29239382422135424,True
CGGGCCATAGCCGCAC-1,4038.0,4113.0,L1,0,0.2130565926179735,1,bisquare,7469,1.0,negbinomial,0.29239382422135424,True
CGGGCCTTCTTTGTAA-1,6563.0,7366.0,L6,5,0.26216155891481147,1,bisquare,7469,1.0,negbinomial,0.29239382422135424,True
CGGGTGTACCCATTTA-1,8705.0,6303.0,L5,4,0.33343870945300136,1,bisquare,7469,1.0,negbinomial,0.29239382422135424,True
CGGGTTCGGCACGTAT-1,10173.0,3319.0,L1,0,0.29706306235690894,1,bisquare,7469,1.0,negbinomial,0.29239382422135424,True
CGGGTTGTAGCTTTGG-1,4254.0,2796.0,L1,0,0.273369920390025,1,bisquare,7469,1.0,negbinomial,0.29239382422135424,True
CGGGTTTGTTAGGGCT-1,10612.0,9193.0,L2,1,0.22423887699043862,1,bisquare,7469,1.0,negbinomial,0.29239382422135424,True
CGGTACTAGAATCAAA-1,8489.0,7620.0,L5,4,0.5650065171000193,1,bisquare,7469,1.0,negbinomial,0.29239382422135424,True
CGGTAGAGGTGCAGGT-1,9127.0,5108.0,L4,3,0.2448399883505637,1,bisquare,7469,1.0,negbinomial,0.29239382422135424,True
CGGTATAGGTATTAGC-1,9618.0,3794.0,L3,2,0.3235186768206509,1,bisquare,7469,1.0,negbinomial,0.29239382422135424,True
CGGTCAAGTGGGAACC-1,8297.0,5581.0,L5,4,0.35133906948644456,1,bisquare,7469,1.0,negbinomial,0.29239382422135424,True
CGGTCCGTCGCAAGCC-1,6268.0,10000.0,L6,5,0.29346771080332157,1,bisquare,7469,1.0,negbinomial,0.29239382422135424,True
CGGTCTATCAACCCGT-1,8442.0,4624.0,L4,3,0.38922616119791326,1,bisquare,7469,1.0,negbinomial,0.29239382422135424,True
CGGTGAAGACTAAAGT-1,4364.0,6631.0,L5,4,0.27975965779257267,1,bisquare,7469,1.0,negbinomial,0.29239382422135424,True
CGGTGCAGATAGAACG-1,5253.0,7477.0,L6,5,0.3119484120585475,1,bisquare,7469,1.0,negbinomial,0.29239382422135424,True
CGGTGCGCGTTGGTCC-1,5454.0,8317.0,WM,6,0.2467540626921657,1,bisquare,7469,1.0,negbinomial,0.29239382422135424,True
CGGTGGGCTCCAGCCT-1,9615.0,4273.0,L3,2,0.31716818798695257,1,bisquare,7469,1.0,negbinomial,0.29239382422135424,True
CGGTGTACTTGATCCC-1,4931.0,4479.0,L3,2,0.1398858808232678,1,bisquare,7469,1.0,negbinomial,0.29239382422135424,True
CGGTTATCCAACAGTG-1,9533.0,6070.0,L3,2,0.3017670202324241,1,bisquare,7469,1.0,negbinomial,0.29239382422135424,True
CGGTTCAAGTAGGTGT-1,9538.0,5351.0,L3,2,0.34720526144761227,1,bisquare,7469,1.0,negbinomial,0.29239382422135424,True
CGGTTCCGGCTTCTTG-1,4800.0,3519.0,L1,0,0.17422392509581971,1,bisquare,7469,1.0,negbinomial,0.29239382422135424,True
CGGTTGACCTGGCATA-1,4499.0,7112.0,L5,4,0.24520832341566465,1,bisquare,7469,1.0,negbinomial,0.29239382422135424,True
CGGTTGAGTATCCTTC-1,4820.0,10349.0,WM,6,0.303213045061617,1,bisquare,7469,1.0,negbinomial,0.29239382422135424,True
CGGTTGGGTTCAAGTT-1,9690.0,3435.0,L2,1,0.40437037273220755,1,bisquare,7469,1.0,negbinomial,0.29239382422135424,True
CGGTTTATGAAGGAAC-1,9963.0,3676.0,L2,1,0.3510240805337226,1,bisquare,7469,1.0,negbinomial,0.29239382422135424,True
CGTAAACGCTTGAGTG-1,4385.0,3756.0,L1,0,0.24543599842799968,1,bisquare,7469,1.0,negbinomial,0.29239382422135424,True
CGTAACTTCGACACTT-1,6195.0,10599.0,L6,5,0.22094950861799773,1,bisquare,7469,1.0,negbinomial,0.29239382422135424,True
CGTACCTGATAGGCCT-1,7474.0,5096.0,L5,4,0.25117879717364694,1,bisquare,7469,1.0,negbinomial,0.29239382422135424,True
CGTAGAGAGTAATTAT-1,8743.0,10497.0,L3,2,0.38059238139617474,1,bisquare,7469,1.0,negbinomial,0.29239382422135424,True
CGTAGCGAATTGTCAG-1,7689.0,4019.0,L3,2,0.1599550675023782,1,bisquare,7469,1.0,negbinomial,0.29239382422135424,True
CGTAGCGCCGACGTTG-1,6454.0,3292.0,L2,1,0.2670840815097484,1,bisquare,7469,1.0,negbinomial,0.29239382422135424,True
CGTATTAAGAGATCTA-1,6502.0,6287.0,L6,5,0.5202664674169099,1,bisquare,7469,1.0,negbinomial,0.29239382422135424,True
CGTCAAGGCTATAAAT-1,3749.0,6028.0,L3,2,0.10977023521797867,1,bisquare,7469,1.0,negbinomial,0.29239382422135424,True
CGTCAATCTTTAACAT-1,3421.0,3749.0,L1,0,0.12995000790370814,1,bisquare,7469,1.0,negbinomial,0.29239382422135424,True
CGTCACGTCCATTGGT-1,6282.0,8083.0,WM,6,0.2317375740594101,1,bisquare,7469,1.0,negbinomial,0.29239382422135424,True
CGTCAGTGCGCACAAG-1,6175.0,3769.0,L3,2,0.2741305396138095,1,bisquare,7469,1.0,negbinomial,0.29239382422135424,True
CGTCAGTTTATCGTCT-1,6941.0,2696.0,L1,0,0.25115566634308556,1,bisquare,7469,1.0,negbinomial,0.29239382422135424,True
CGTCATACCATATCCA-1,4171.0,4833.0,L3,2,0.138666449274448,1,bisquare,7469,1.0,negbinomial,0.29239382422135424,True
CGTCGCATGTGAGCCA-1,8057.0,10253.0,L5,4,0.3540410339848496,1,bisquare,7469,1.0,negbinomial,0.29239382422135424,True
CGTCGCGGCGGGATTT-1,3765.0,3871.0,L1,0,0.18551374760750147,1,bisquare,7469,1.0,negbinomial,0.29239382422135424,True
CGTCGCTTGGTTATAC-1,4478.0,9987.0,WM,6,0.29015685548111714,1,bisquare,7469,1.0,negbinomial,0.29239382422135424,True
CGTCGGATAGTGTTGA-1,9392.0,6548.0,L3,2,0.205975145908408,1,bisquare,7469,1.0,negbinomial,0.29239382422135424,True
CGTCGGGTCTAAGCGC-1,4279.0,8907.0,WM,6,0.3418727849151339,1,bisquare,7469,1.0,negbinomial,0.29239382422135424,True
CGTCGTCCTTCGCGAA-1,7996.0,9174.0,L5,4,0.2755549933164433,1,bisquare,7469,1.0,negbinomial,0.29239382422135424,True
CGTCTGGAAGGGCCCG-1,7066.0,4374.0,L4,3,0.1630522402029024,1,bisquare,7469,1.0,negbinomial,0.29239382422135424,True
CGTGAAGTTAATTCAC-1,6632.0,7247.0,L6,5,0.18383970223996324,1,bisquare,7469,1.0,negbinomial,0.29239382422135424,True
CGTGACATTGGGTCGT-1,8513.0,4265.0,L3,2,0.2391069857946503,1,bisquare,7469,1.0,negbinomial,0.29239382422135424,True
CGTGACCAGTCCTCTG-1,6544.0,10002.0,L6,5,0.26095775634116053,1,bisquare,7469,1.0,negbinomial,0.29239382422135424,True
CGTGCAGACTGGGACA-1,7872.0,7256.0,L6,5,0.16449146253180486,1,bisquare,7469,1.0,negbinomial,0.29239382422135424,True
CGTGCATTGTCGACGC-1,4912.0,7115.0,L6,5,0.28502964536465347,1,bisquare,7469,1.0,negbinomial,0.29239382422135424,True
CGTGCCCGACATTTGT-1,6873.0,2576.0,L1,0,0.31012914057395535,1,bisquare,7469,1.0,negbinomial,0.29239382422135424,True
CGTGCCCTCCCGAAGA-1,8076.0,7617.0,L6,5,0.2884234615943076,1,bisquare,7469,1.0,negbinomial,0.29239382422135424,True
CGTGCTTCTACCTAAA-1,4685.0,9869.0,WM,6,0.32186180028877326,1,bisquare,7469,1.0,negbinomial,0.29239382422135424,True
CGTGGCCGAATATCTA-1,9725.0,8108.0,L3,2,0.513519781480157,1,bisquare,7469,1.0,negbinomial,0.29239382422135424,True
CGTGGTACCCAAAGGC-1,5646.0,10355.0,WM,6,0.4103457669261198,1,bisquare,7469,1.0,negbinomial,0.29239382422135424,True
CGTGTCCCATTCGCGA-1,5541.0,5801.0,L5,4,0.13605378804643273,1,bisquare,7469,1.0,negbinomial,0.29239382422135424,True
CGTGTCTCGTTACGAC-1,5100.0,9632.0,WM,6,0.1310772905631591,1,bisquare,7469,1.0,negbinomial,0.29239382422135424,True
CGTGTGTTAAACCCTG-1,10771.0,6318.0,L2,1,0.1932754763939232,1,bisquare,7469,1.0,negbinomial,0.29239382422135424,True
CGTTAAACTAGTTAGG-1,10412.0,8353.0,L3,2,0.5141768929396917,1,bisquare,7469,1.0,negbinomial,0.29239382422135424,True
CGTTAATGTCCCGACG-1,8750.0,9539.0,L4,3,0.49941477327362715,1,bisquare,7469,1.0,negbinomial,0.29239382422135424,True
CGTTAGCTCACAACTG-1,8996.0,4149.0,L3,2,0.2321156842016767,1,bisquare,7469,1.0,negbinomial,0.29239382422135424,True
CGTTCAGACCCGCGAA-1,6955.0,10245.0,L6,5,0.5701922406123018,1,bisquare,7469,1.0,negbinomial,0.29239382422135424,True
CGTTCATGGTGCGCGT-1,4147.0,8187.0,L6,5,0.26804352108245133,1,bisquare,7469,1.0,negbinomial,0.29239382422135424,True
CGTTCTTCGCACACCT-1,10300.0,4757.0,L2,1,0.2856266934505875,1,bisquare,7469,1.0,negbinomial,0.29239382422135424,True
CGTTGAATACCGCGCT-1,8064.0,9294.0,L5,4,0.37650265629503044,1,bisquare,7469,1.0,negbinomial,0.29239382422135424,True
CGTTGAGCGACCGTCG-1,7868.0,7735.0,L6,5,0.28809783469989597,1,bisquare,7469,1.0,negbinomial,0.29239382422135424,True
CGTTGAGTAATTGCGT-1,9756.0,3795.0,L3,2,0.3118957253557676,1,bisquare,7469,1.0,negbinomial,0.29239382422135424,True
CGTTGCCCGCGTGGGA-1,5853.0,10237.0,WM,6,0.1732722014941781,1,bisquare,7469,1.0,negbinomial,0.29239382422135424,True
CGTTGTAAACGTCAGG-1,3688.0,4949.0,L3,2,0.12648589468013371,1,bisquare,7469,1.0,negbinomial,0.29239382422135424,True
CGTTGTAAGATTGATT-1,10225.0,5595.0,L3,2,0.362744138362289,1,bisquare,7469,1.0,negbinomial,0.29239382422135424,True
CGTTGTCGGCAATTGA-1,7300.0,10127.0,L6,5,0.4985042797716557,1,bisquare,7469,1.0,negbinomial,0.29239382422135424,True
CGTTGTTTCAATTCCC-1,5536.0,6520.0,L6,5,0.2939986273464665,1,bisquare,7469,1.0,negbinomial,0.29239382422135424,True
CGTTTAAGCGGAGCAC-1,6862.0,4013.0,L3,2,0.12239787725291154,1,bisquare,7469,1.0,negbinomial,0.29239382422135424,True
CGTTTCACTTCGGGCG-1,9130.0,4629.0,L3,2,0.26085808764568363,1,bisquare,7469,1.0,negbinomial,0.29239382422135424,True
CGTTTCGCTCATTACA-1,6155.0,6644.0,L6,5,0.22326671100987722,1,bisquare,7469,1.0,negbinomial,0.29239382422135424,True
CGTTTGTGTAGAGGGT-1,5586.0,9037.0,WM,6,0.2610517026892203,1,bisquare,7469,1.0,negbinomial,0.29239382422135424,True
CTAAACGGGTGTAATC-1,5699.0,2927.0,L1,0,0.23623505239498127,1,bisquare,7469,1.0,negbinomial,0.29239382422135424,True
CTAAAGAATGCCTACT-1,5259.0,6758.0,L6,5,0.5449624384791639,1,bisquare,7469,1.0,negbinomial,0.29239382422135424,True
CTAAAGGGAAATAGGA-1,7042.0,7729.0,L6,5,0.17134665562758467,1,bisquare,7469,1.0,negbinomial,0.29239382422135424,True
CTAAAGTCCGAAGCTA-1,4322.0,2917.0,L1,0,0.37568891765251705,1,bisquare,7469,1.0,negbinomial,0.29239382422135424,True
CTAAATCCGGTGTACA-1,5168.0,9752.0,WM,6,0.4422596195167204,1,bisquare,7469,1.0,negbinomial,0.29239382422135424,True
CTAAATCCTATTCCGG-1,8572.0,5583.0,L5,4,0.5851749221639944,1,bisquare,7469,1.0,negbinomial,0.29239382422135424,True
CTAACCGCGCGCCCGT-1,5189.0,6877.0,L6,5,0.24140608171264988,1,bisquare,7469,1.0,negbinomial,0.29239382422135424,True
CTAACGAAACTTGCTG-1,9257.0,6068.0,L4,3,0.335672015303029,1,bisquare,7469,1.0,negbinomial,0.29239382422135424,True
CTAACTGATAATCGCC-1,9784.0,9426.0,L3,2,0.3322372951775236,1,bisquare,7469,1.0,negbinomial,0.29239382422135424,True
CTAACTGGTCCGGTTC-1,5247.0,8435.0,WM,6,0.27270244722858994,1,bisquare,7469,1.0,negbinomial,0.29239382422135424,True
CTAAGGGAATGATTGG-1,7731.0,7734.0,L6,5,0.4684464331253715,1,bisquare,7469,1.0,negbinomial,0.29239382422135424,True
CTAAGTACAGGGCTAC-1,9829.0,3196.0,L1,0,0.538365572149024,1,bisquare,7469,1.0,negbinomial,0.29239382422135424,True
CTAATTCGCACGCGCT-1,5128.0,5798.0,L5,4,0.18340243117473892,1,bisquare,7469,1.0,negbinomial,0.29239382422135424,True
CTAATTCTCAGATATT-1,10018.0,5714.0,L3,2,0.41311308527474183,1,bisquare,7469,1.0,negbinomial,0.29239382422135424,True
CTAATTTCAACAACAC-1,4652.0,4956.0,L3,2,0.1431123762426068,1,bisquare,7469,1.0,negbinomial,0.29239382422135424,True
CTACAAGAAATAACCC-1,5515.0,9395.0,WM,6,0.5675208520009052,1,bisquare,7469,1.0,negbinomial,0.29239382422135424,True
CTACACTAGCTTGTTC-1,5424.0,2925.0,L1,0,0.19368666743366983,1,bisquare,7469,1.0,negbinomial,0.29239382422135424,True
CTACACTCGCAGATGG-1,9716.0,9306.0,L3,2,0.3135650047737082,1,bisquare,7469,1.0,negbinomial,0.29239382422135424,True
CTACATATCGCGGGAC-1,3578.0,10580.0,WM,6,0.1900195188283994,1,bisquare,7469,1.0,negbinomial,0.29239382422135424,True
CTACCCTAAGGTCATA-1,9050.0,6186.0,L5,4,0.3071978855178214,1,bisquare,7469,1.0,negbinomial,0.29239382422135424,True
CTACGAACTAGGTCGA-1,7833.0,3062.0,L3,2,0.21946251166023642,1,bisquare,7469,1.0,negbinomial,0.29239382422135424,True
CTACGACTAGCTATAA-1,4431.0,6991.0,L5,4,0.3524802957584208,1,bisquare,7469,1.0,negbinomial,0.29239382422135424,True
CTACGATCCTATCCTA-1,4060.0,10703.0,WM,6,0.385824408894747,1,bisquare,7469,1.0,negbinomial,0.29239382422135424,True
CTACGCACGGAGTACC-1,6705.0,6648.0,L6,5,0.23605655022588234,1,bisquare,7469,1.0,negbinomial,0.29239382422135424,True
CTACGCCATTTCCGAT-1,8309.0,3904.0,L3,2,0.22609864355153492,1,bisquare,7469,1.0,negbinomial,0.29239382422135424,True
CTACGTGTTGCCACCA-1,4458.0,3157.0,L1,0,0.2055481102500845,1,bisquare,7469,1.0,negbinomial,0.29239382422135424,True
CTACTATCATAGGTTT-1,4487.0,8789.0,WM,6,0.21091201746421007,1,bisquare,7469,1.0,negbinomial,0.29239382422135424,True
CTACTATCTTTCAGAG-1,9189.0,5947.0,L4,3,0.300995470266561,1,bisquare,7469,1.0,negbinomial,0.29239382422135424,True
CTACTCAAGGTATAGT-1,5651.0,9636.0,WM,6,0.18611277327764686,1,bisquare,7469,1.0,negbinomial,0.29239382422135424,True
CTACTCTAGGCCCGGC-1,4506.0,6153.0,L5,4,0.25397251999459264,1,bisquare,7469,1.0,negbinomial,0.29239382422135424,True
CTACTGCCACCTGACC-1,7126.0,5693.0,L6,5,0.5136005022359769,1,bisquare,7469,1.0,negbinomial,0.29239382422135424,True
CTAGACATATATGTAG-1,10241.0,3439.0,L1,0,0.29737882784441183,1,bisquare,7469,1.0,negbinomial,0.29239382422135424,True
CTAGACTGCATTTCGT-1,9413.0,3672.0,L3,2,0.24239755128525894,1,bisquare,7469,1.0,negbinomial,0.29239382422135424,True
CTAGATAAACTCCTCG-1,4526.0,3278.0,L1,0,0.21883947100368534,1,bisquare,7469,1.0,negbinomial,0.29239382422135424,True
CTAGATGTGAGTGTAA-1,9875.0,6432.0,L3,2,0.4008973024090804,1,bisquare,7469,1.0,negbinomial,0.29239382422135424,True
CTAGATTTACGACGGC-1,7870.0,7495.0,L6,5,0.4632039020262066,1,bisquare,7469,1.0,negbinomial,0.29239382422135424,True
CTAGCAACTAATTTAC-1,4737.0,2680.0,L1,0,0.4257278522298642,1,bisquare,7469,1.0,negbinomial,0.29239382422135424,True
CTAGCATAGTATAATG-1,7326.0,6533.0,L6,5,0.15623757303434566,1,bisquare,7469,1.0,negbinomial,0.29239382422135424,True
CTAGCCGATGTTATGA-1,9746.0,5232.0,L3,2,0.2421999905281662,1,bisquare,7469,1.0,negbinomial,0.29239382422135424,True
CTAGGCGCCCTATCAG-1,9033.0,8582.0,L4,3,0.563737908998094,1,bisquare,7469,1.0,negbinomial,0.29239382422135424,True
CTAGGCGGCAGAGAAT-1,5011.0,2922.0,L1,0,0.14112921629067798,1,bisquare,7469,1.0,negbinomial,0.29239382422135424,True
CTAGGGATAGGGACAA-1,5710.0,10954.0,WM,6,0.2055179174544137,1,bisquare,7469,1.0,negbinomial,0.29239382422135424,True
CTAGGTCTGAAGGAAT-1,9941.0,6792.0,L3,2,0.37506498306536246,1,bisquare,7469,1.0,negbinomial,0.29239382422135424,True
CTAGGTTCGGACGTGA-1,7581.0,9410.0,L6,5,0.4282860590538783,1,bisquare,7469,1.0,negbinomial,0.29239382422135424,True
CTAGTAGAAAGGGATT-1,8334.0,10015.0,L5,4,0.5632088059766086,1,bisquare,7469,1.0,negbinomial,0.29239382422135424,True
CTAGTATTCGGAATTA-1,8307.0,4144.0,L3,2,0.2968856259262759,1,bisquare,7469,1.0,negbinomial,0.29239382422135424,True
CTAGTCACGTCTTAAG-1,7530.0,6894.0,L6,5,0.23118447352090243,1,bisquare,7469,1.0,negbinomial,0.29239382422135424,True
CTAGTGAAGGACAGGA-1,5398.0,6519.0,L5,4,0.2453952446417729,1,bisquare,7469,1.0,negbinomial,0.29239382422135424,True
CTAGTTACAACCCGGT-1,7378.0,8810.0,L6,5,0.5870378414039641,1,bisquare,7469,1.0,negbinomial,0.29239382422135424,True
CTAGTTGGGCCCGGTA-1,7471.0,5575.0,L6,5,0.41377681351871803,1,bisquare,7469,1.0,negbinomial,0.29239382422135424,True
CTATAAGAGCCAATCG-1,9674.0,5591.0,L3,2,0.3273980103946888,1,bisquare,7469,1.0,negbinomial,0.29239382422135424,True
CTATAGGCGTTGATGT-1,5374.0,9874.0,WM,6,0.3045488193283412,1,bisquare,7469,1.0,negbinomial,0.29239382422135424,True
CTATCGACGAAATACA-1,9169.0,8823.0,L3,2,0.3693827572681524,1,bisquare,7469,1.0,negbinomial,0.29239382422135424,True
CTATCGGGTCTCAACA-1,7532.0,6654.0,L6,5,0.29990900271848303,1,bisquare,7469,1.0,negbinomial,0.29239382422135424,True
CTATGCCCGAATGCAA-1,6819.0,10004.0,L6,5,0.29707585908038503,1,bisquare,7469,1.0,negbinomial,0.29239382422135424,True
CTATGGGAAGCGGAAT-1,9925.0,8948.0,L3,2,0.5414962785262678,1,bisquare,7469,1.0,negbinomial,0.29239382422135424,True
CTATGTCACTAGCCCA-1,7330.0,6054.0,L6,5,0.335397292796819,1,bisquare,7469,1.0,negbinomial,0.29239382422135424,True
CTATGTCTATTGAAAC-1,6589.0,3772.0,L3,2,0.13546525723253858,1,bisquare,7469,1.0,negbinomial,0.29239382422135424,True
CTATGTGAGTCACGGC-1,3943.0,7826.0,L6,5,0.08633083162867514,1,bisquare,7469,1.0,negbinomial,0.29239382422135424,True
CTATTCATGTGTCCCA-1,7035.0,8688.0,L6,5,0.11341901852401716,1,bisquare,7469,1.0,negbinomial,0.29239382422135424,True
CTATTGTGTTTGGTCA-1,9754.0,4034.0,L3,2,0.3024365975170006,1,bisquare,7469,1.0,negbinomial,0.29239382422135424,True
CTATTTGCTTGGAGGA-1,7157.0,10845.0,L6,5,0.17278810017376353,1,bisquare,7469,1.0,negbinomial,0.29239382422135424,True
CTATTTGGTTACGGAT-1,8426.0,6781.0,L5,4,0.1840148827635255,1,bisquare,7469,1.0,negbinomial,0.29239382422135424,True
CTCAAACCACTGCCCG-1,5510.0,10114.0,WM,6,0.35097552509764585,1,bisquare,7469,1.0,negbinomial,0.29239382422135424,True
CTCAACTAACCCGGAT-1,8609.0,10017.0,L4,3,0.38383038560115834,1,bisquare,7469,1.0,negbinomial,0.29239382422135424,True
CTCAAGACATTAGCGC-1,9822.0,4155.0,L3,2,0.3238450758199291,1,bisquare,7469,1.0,negbinomial,0.29239382422135424,True
CTCACATTTACTAAAT-1,7440.0,9889.0,L6,5,0.2892820314498733,1,bisquare,7469,1.0,negbinomial,0.29239382422135424,True
CTCACTGTGATACTTA-1,7921.0,10012.0,L5,4,0.2728276004808517,1,bisquare,7469,1.0,negbinomial,0.29239382422135424,True
CTCACTTGGCTGGTAA-1,4567.0,7232.0,L6,5,0.20303350544296747,1,bisquare,7469,1.0,negbinomial,0.29239382422135424,True
CTCAGGACTCACCTGT-1,4863.0,4358.0,L3,2,0.1532424387805874,1,bisquare,7469,1.0,negbinomial,0.29239382422135424,True
CTCAGTCACGACAAAT-1,9400.0,5350.0,L3,2,0.3570184508299858,1,bisquare,7469,1.0,negbinomial,0.29239382422135424,True
CTCATGGCTCACAATC-1,7138.0,4015.0,L3,2,0.15129754941691576,1,bisquare,7469,1.0,negbinomial,0.29239382422135424,True
CTCATGGTAATTTGCG-1,4558.0,8430.0,WM,6,0.14129077912453858,1,bisquare,7469,1.0,negbinomial,0.29239382422135424,True
CTCATTGCTCTAACAA-1,8130.0,9654.0,L5,4,0.41913500009678234,1,bisquare,7469,1.0,negbinomial,0.29239382422135424,True
CTCATTTGATGGGCGG-1,7061.0,5093.0,L5,4,0.15111660088627188,1,bisquare,7469,1.0,negbinomial,0.29239382422135424,True
CTCCCAATGAGTCGCG-1,10685.0,8594.0,L2,1,0.15544826416046384,1,bisquare,7469,1.0,negbinomial,0.29239382422135424,True
CTCCCTCCTTTCGATC-1,4351.0,8548.0,WM,6,0.16677821474129317,1,bisquare,7469,1.0,negbinomial,0.29239382422135424,True
CTCCGCCCACATGAGG-1,5459.0,7598.0,L6,5,0.1769817953545088,1,bisquare,7469,1.0,negbinomial,0.29239382422135424,True
CTCCGGCCTAATATGC-1,6857.0,4732.0,L5,4,0.26957879358000686,1,bisquare,7469,1.0,negbinomial,0.29239382422135424,True
CTCCGGCTTGTAGACA-1,4106.0,4233.0,L2,1,0.12049746267608195,1,bisquare,7469,1.0,negbinomial,0.29239382422135424,True
CTCCTAAGTTATGTCT-1,4866.0,3879.0,L2,1,0.1580968411773415,1,bisquare,7469,1.0,negbinomial,0.29239382422135424,True
CTCCTCCAGCTCACAC-1,6200.0,9880.0,L6,5,0.23145292411159973,1,bisquare,7469,1.0,negbinomial,0.29239382422135424,True
CTCCTGTTCAAGGCAG-1,10820.0,9074.0,L2,1,0.194688012180465,1,bisquare,7469,1.0,negbinomial,0.29239382422135424,True
CTCCTTTACGCAAGTC-1,10296.0,5236.0,L3,2,0.546688975293743,1,bisquare,7469,1.0,negbinomial,0.29239382422135424,True
CTCGAATGGAACGTAT-1,9691.0,3195.0,L2,1,0.4193155313069985,1,bisquare,7469,1.0,negbinomial,0.29239382422135424,True
CTCGAGACATACGATA-1,3245.0,9020.0,WM,6,0.08247564026081869,1,bisquare,7469,1.0,negbinomial,0.29239382422135424,True
CTCGAGGTCGAACAGT-1,6848.0,5930.0,L6,5,0.47027055624870967,1,bisquare,7469,1.0,negbinomial,0.29239382422135424,True
CTCGATATTTGCGAGC-1,9608.0,5231.0,L3,2,0.37257697888758184,1,bisquare,7469,1.0,negbinomial,0.29239382422135424,True
CTCGCACCTATATAGT-1,7472.0,5336.0,L5,4,0.1910470308951705,1,bisquare,7469,1.0,negbinomial,0.29239382422135424,True
CTCGCATTGCATAGCC-1,3585.0,9621.0,WM,6,0.326738161137606,1,bisquare,7469,1.0,negbinomial,0.29239382422135424,True
CTCGCCGAATGTAGGG-1,7166.0,9647.0,L6,5,0.474183044333864,1,bisquare,7469,1.0,negbinomial,0.29239382422135424,True
CTCGGGCATCGTCGGG-1,7493.0,2460.0,L2,1,0.11879699828480529,1,bisquare,7469,1.0,negbinomial,0.29239382422135424,True
CTCGGGTTCTCTGGCC-1,4617.0,9748.0,WM,6,0.3701861219959268,1,bisquare,7469,1.0,negbinomial,0.29239382422135424,True
CTCGGTACCACTGCTC-1,8353.0,7379.0,L5,4,0.29464280743032456,1,bisquare,7469,1.0,negbinomial,0.29239382422135424,True
CTCGGTCCGTAGCCTG-1,6238.0,4608.0,L4,3,0.17864142091987792,1,bisquare,7469,1.0,negbinomial,0.29239382422135424,True
CTCGGTTGTCGGCCCT-1,4553.0,9149.0,WM,6,0.23412538658151338,1,bisquare,7469,1.0,negbinomial,0.29239382422135424,True
CTCGTCGAGGGCTCAT-1,3998.0,9624.0,WM,6,0.2203622813223095,1,bisquare,7469,1.0,negbinomial,0.29239382422135424,True
CTCGTTACGGCTACCA-1,5505.0,10833.0,WM,6,0.18773387621965834,1,bisquare,7469,1.0,negbinomial,0.29239382422135424,True
CTCGTTTCTAATGTTT-1,9953.0,5114.0,L3,2,0.3071083679805173,1,bisquare,7469,1.0,negbinomial,0.29239382422135424,True
CTCTAATGCATTGATC-1,10364.0,5357.0,L3,2,0.4690455039639655,1,bisquare,7469,1.0,negbinomial,0.29239382422135424,True
CTCTACACTGGCGATT-1,3944.0,7587.0,L6,5,0.11122385035735077,1,bisquare,7469,1.0,negbinomial,0.29239382422135424,True
CTCTAGCCCTCGGAAA-1,8951.0,10379.0,L3,2,0.23555730346123288,1,bisquare,7469,1.0,negbinomial,0.29239382422135424,True
CTCTATTTGGCTGCAG-1,7452.0,8211.0,L6,5,0.5399203787129946,1,bisquare,7469,1.0,negbinomial,0.29239382422135424,True
CTCTCACAATCGATGA-1,7603.0,6295.0,L6,5,0.46743455443561993,1,bisquare,7469,1.0,negbinomial,0.29239382422135424,True
CTCTCGATGTGCGCCT-1,7077.0,2937.0,L2,1,0.23863751744040892,1,bisquare,7469,1.0,negbinomial,0.29239382422135424,True
CTCTCTAACTGCCTAG-1,4208.0,9266.0,WM,6,0.2713876328901552,1,bisquare,7469,1.0,negbinomial,0.29239382422135424,True
CTCTGCGAAGCAAGCA-1,6243.0,3889.0,L3,2,0.12430263934173508,1,bisquare,7469,1.0,negbinomial,0.29239382422135424,True
CTCTGGACGCCTGGTG-1,7052.0,6291.0,L6,5,0.19219216787020002,1,bisquare,7469,1.0,negbinomial,0.29239382422135424,True
CTCTGTGCCTGCTATG-1,6114.0,2690.0,L1,0,0.15632646144248677,1,bisquare,7469,1.0,negbinomial,0.29239382422135424,True
CTCTGTTTGAGGATTC-1,7757.0,4140.0,L3,2,0.08864902506313908,1,bisquare,7469,1.0,negbinomial,0.29239382422135424,True
CTCTTCTATTGACTGG-1,9657.0,7988.0,L3,2,0.5595711650142788,1,bisquare,7469,1.0,negbinomial,0.29239382422135424,True
CTCTTCTGGAAGTTAG-1,5512.0,9875.0,WM,6,0.4971158327669515,1,bisquare,7469,1.0,negbinomial,0.29239382422135424,True
CTCTTGTCCCGCTTGG-1,6758.0,8925.0,L6,5,0.07376630389233277,1,bisquare,7469,1.0,negbinomial,0.29239382422135424,True
CTGAAAGAGATCCGAC-1,7546.0,4737.0,L5,4,0.41681690118996156,1,bisquare,7469,1.0,negbinomial,0.29239382422135424,True
CTGAATCCGAGACCTC-1,6420.0,8084.0,L6,5,0.4427157507422507,1,bisquare,7469,1.0,negbinomial,0.29239382422135424,True
CTGAATTTATTGCCAG-1,10091.0,5115.0,L3,2,0.24644333213864691,1,bisquare,7469,1.0,negbinomial,0.29239382422135424,True
CTGACATAGAAATAGA-1,10961.0,8596.0,L2,1,0.17107410946950566,1,bisquare,7469,1.0,negbinomial,0.29239382422135424,True
CTGACTGCGCAGCTCG-1,9739.0,6191.0,L3,2,0.39224788172171493,1,bisquare,7469,1.0,negbinomial,0.29239382422135424,True
CTGAGAAAGTTCGGCG-1,10825.0,8355.0,L2,1,0.17442295512621278,1,bisquare,7469,1.0,negbinomial,0.29239382422135424,True
CTGAGCAAGTAACAAG-1,4519.0,4236.0,L2,1,0.19005227195715563,1,bisquare,7469,1.0,negbinomial,0.29239382422135424,True
CTGATAGTGTATCTCA-1,3885.0,6268.0,L4,3,0.10374051767553401,1,bisquare,7469,1.0,negbinomial,0.29239382422135424,True
CTGCAAATGGGCTCCA-1,7218.0,2458.0,L1,0,0.4816105263017047,1,bisquare,7469,1.0,negbinomial,0.29239382422135424,True
CTGCAAGCACGTTCCG-1,10401.0,9790.0,L2,1,0.24065030156549375,1,bisquare,7469,1.0,negbinomial,0.29239382422135424,True
CTGCACAACTACATAT-1,8001.0,8455.0,L5,4,0.2586543699452744,1,bisquare,7469,1.0,negbinomial,0.29239382422135424,True
CTGCACCTGGAACCGC-1,6172.0,4248.0,L3,2,0.2934027407930726,1,bisquare,7469,1.0,negbinomial,0.29239382422135424,True
CTGCACTCCAGTACAG-1,7584.0,8931.0,L6,5,0.3505334661671174,1,bisquare,7469,1.0,negbinomial,0.29239382422135424,True
CTGCAGAGAATCAGAG-1,9713.0,9785.0,L3,2,0.4212890009421368,1,bisquare,7469,1.0,negbinomial,0.29239382422135424,True
CTGCCAAGGTTGGAAG-1,8095.0,4981.0,L5,4,0.272989777530022,1,bisquare,7469,1.0,negbinomial,0.29239382422135424,True
CTGCCATGCATCACAT-1,7045.0,7250.0,L6,5,0.11843529219993462,1,bisquare,7469,1.0,negbinomial,0.29239382422135424,True
CTGCCTAGCCACCAAG-1,8313.0,3425.0,L3,2,0.2408475288123887,1,bisquare,7469,1.0,negbinomial,0.29239382422135424,True
CTGCCTTTAATACCTT-1,4684.0,10108.0,WM,6,0.26393507699623947,1,bisquare,7469,1.0,negbinomial,0.29239382422135424,True
CTGCCTTTCTAGTAAA-1,9160.0,10021.0,L3,2,0.44357524376389995,1,bisquare,7469,1.0,negbinomial,0.29239382422135424,True
CTGCGGGTGAAATGTT-1,4368.0,6152.0,L5,4,0.1589559462279946,1,bisquare,7469,1.0,negbinomial,0.29239382422135424,True
CTGCGGTAGTCACGTG-1,9137.0,3670.0,L3,2,0.2219969980545585,1,bisquare,7469,1.0,negbinomial,0.29239382422135424,True
CTGCGTTACGATATAA-1,8994.0,4388.0,L3,2,0.2056837911020901,1,bisquare,7469,1.0,negbinomial,0.29239382422135424,True
CTGCTGAGGCCACGAA-1,5179.0,8315.0,WM,6,0.2952523230458752,1,bisquare,7469,1.0,negbinomial,0.29239382422135424,True
CTGCTGTCTAACGAGC-1,10962.0,8356.0,L2,1,0.09785972033193165,1,bisquare,7469,1.0,negbinomial,0.29239382422135424,True
CTGCTTGGCGATAGCT-1,7929.0,8814.0,L5,4,0.2622022705984885,1,bisquare,7469,1.0,negbinomial,0.29239382422135424,True
CTGCTTTATGTCCGCG-1,10506.0,4879.0,L2,1,0.23004747513584933,1,bisquare,7469,1.0,negbinomial,0.29239382422135424,True
CTGGAAATGGATGCTT-1,6435.0,5927.0,L5,4,0.34927047594541705,1,bisquare,7469,1.0,negbinomial,0.29239382422135424,True
CTGGAAGACACGGTGG-1,8827.0,8461.0,L5,4,0.40856600238509316,1,bisquare,7469,1.0,negbinomial,0.29239382422135424,True
CTGGACGCAGTCCGGC-1,3662.0,8543.0,L6,5,0.11967724697066937,1,bisquare,7469,1.0,negbinomial,0.29239382422135424,True
CTGGATTTACACTTGA-1,6556.0,8325.0,L6,5,0.16490806115664025,1,bisquare,7469,1.0,negbinomial,0.29239382422135424,True
CTGGCATCCGAATGAG-1,4560.0,8190.0,WM,6,0.24599999677928047,1,bisquare,7469,1.0,negbinomial,0.29239382422135424,True
CTGGCGACATAAGTCC-1,8374.0,4504.0,L4,3,0.3156702879504285,1,bisquare,7469,1.0,negbinomial,0.29239382422135424,True
CTGGCGCACAGGTCTG-1,8907.0,6904.0,L5,4,0.3861539995237778,1,bisquare,7469,1.0,negbinomial,0.29239382422135424,True
CTGGCGGGAATAAGTA-1,4309.0,4834.0,L3,2,0.2387266640006931,1,bisquare,7469,1.0,negbinomial,0.29239382422135424,True
CTGGCTCCTGCGGGAT-1,4664.0,3279.0,L1,0,0.18024413871871336,1,bisquare,7469,1.0,negbinomial,0.29239382422135424,True
CTGGCTGATTCATCCT-1,9383.0,7746.0,L4,3,0.5535639012153175,1,bisquare,7469,1.0,negbinomial,0.29239382422135424,True
CTGGCTGCTAACGTAA-1,4528.0,3038.0,L1,0,0.276973618007593,1,bisquare,7469,1.0,negbinomial,0.29239382422135424,True
CTGGCTGGTTGTCAGT-1,6620.0,8924.0,L6,5,0.3025922842095189,1,bisquare,7469,1.0,negbinomial,0.29239382422135424,True
CTGGGATAAATAATGG-1,8562.0,7021.0,L5,4,0.4772448781203584,1,bisquare,7469,1.0,negbinomial,0.29239382422135424,True
CTGGGATACGCTACCC-1,10835.0,6918.0,L2,1,0.29416165037445124,1,bisquare,7469,1.0,negbinomial,0.29239382422135424,True
CTGGGATCGCCCAGAT-1,7148.0,2578.0,L1,0,0.40838308899972253,1,bisquare,7469,1.0,negbinomial,0.29239382422135424,True
CTGGGCACTAGTCGGA-1,9489.0,2595.0,L1,0,0.4778729298259344,1,bisquare,7469,1.0,negbinomial,0.29239382422135424,True
CTGGGCCTGCTATATC-1,4839.0,7713.0,L6,5,0.49043371263226004,1,bisquare,7469,1.0,negbinomial,0.29239382422135424,True
CTGGGCGGCCAAATGT-1,7837.0,2583.0,L2,1,0.2956766610419419,1,bisquare,7469,1.0,negbinomial,0.29239382422135424,True
CTGGGTAGGCAGTTAA-1,8213.0,7618.0,L5,4,0.22896593960219414,1,bisquare,7469,1.0,negbinomial,0.29239382422135424,True
CTGGGTTGAGTTAAAG-1,3523.0,8782.0,WM,6,0.1340513689938187,1,bisquare,7469,1.0,negbinomial,0.29239382422135424,True
CTGGTAAAGTGTGGGC-1,10609.0,9672.0,L2,1,0.2075570323809054,1,bisquare,7469,1.0,negbinomial,0.29239382422135424,True
CTGGTAACACATAGAA-1,8834.0,7502.0,L5,4,0.30451629793375334,1,bisquare,7469,1.0,negbinomial,0.29239382422135424,True
CTGGTAACGAGCTCTT-1,9465.0,5949.0,L3,2,0.2162680166474092,1,bisquare,7469,1.0,negbinomial,0.29239382422135424,True
CTGGTCATTCCAATCC-1,3824.0,5190.0,L3,2,0.08803596256670122,1,bisquare,7469,1.0,negbinomial,0.29239382422135424,True
CTGGTCCTAACTTGGC-1,7281.0,3298.0,L3,2,0.13454386811941643,1,bisquare,7469,1.0,negbinomial,0.29239382422135424,True
CTGGTGAATGGGCCTA-1,4063.0,10224.0,WM,6,0.3154509488615034,1,bisquare,7469,1.0,negbinomial,0.29239382422135424,True
CTGGTTCAACGCATCA-1,5421.0,3404.0,L1,0,0.4443894544287924,1,bisquare,7469,1.0,negbinomial,0.29239382422135424,True
CTGGTTTCGAGCAAGA-1,8831.0,7982.0,L5,4,0.4153916363991906,1,bisquare,7469,1.0,negbinomial,0.29239382422135424,True
CTGTACTTCTTAGCAT-1,6289.0,7125.0,L6,5,0.17783488453904076,1,bisquare,7469,1.0,negbinomial,0.29239382422135424,True
CTGTAGCCATCTCACT-1,5930.0,9159.0,WM,6,0.21182862692302912,1,bisquare,7469,1.0,negbinomial,0.29239382422135424,True
CTGTAGTGAGGATCGA-1,5712.0,10715.0,WM,6,0.18531050105744135,1,bisquare,7469,1.0,negbinomial,0.29239382422135424,True
CTGTATGGTGTAGAAA-1,4997.0,4839.0,L3,2,0.2330306927343449,1,bisquare,7469,1.0,negbinomial,0.29239382422135424,True
CTGTCAAATGGCTCGG-1,8506.0,5224.0,L5,4,0.2868008272210751,1,bisquare,7469,1.0,negbinomial,0.29239382422135424,True
CTGTCACGCCAGGCGC-1,9550.0,3673.0,L3,2,0.2224225991372089,1,bisquare,7469,1.0,negbinomial,0.29239382422135424,True
CTGTGCAGGGTAGGTC-1,7595.0,7493.0,L6,5,0.3179142142324016,1,bisquare,7469,1.0,negbinomial,0.29239382422135424,True
CTGTGGTCGGGAGATA-1,8892.0,9060.0,L4,3,0.36091405140010513,1,bisquare,7469,1.0,negbinomial,0.29239382422135424,True
CTGTTACCCAATCTAG-1,6763.0,8206.0,L6,5,0.22861742522786718,1,bisquare,7469,1.0,negbinomial,0.29239382422135424,True
CTGTTCACTGCCTGTG-1,6648.0,5090.0,L5,4,0.22191662619408337,1,bisquare,7469,1.0,negbinomial,0.29239382422135424,True
CTGTTCATCTCACGGG-1,5133.0,5079.0,L3,2,0.07923116078812492,1,bisquare,7469,1.0,negbinomial,0.29239382422135424,True
CTGTTGTTCAGTCGTA-1,4199.0,10464.0,WM,6,0.2535778997557826,1,bisquare,7469,1.0,negbinomial,0.29239382422135424,True
CTTAACTTCGAAGTAC-1,7139.0,3776.0,L3,2,0.16197424154985277,1,bisquare,7469,1.0,negbinomial,0.29239382422135424,True
CTTACACGGTATTCCA-1,5883.0,6163.0,L5,4,0.27774798906975706,1,bisquare,7469,1.0,negbinomial,0.29239382422135424,True
CTTACACTGGGAAATA-1,6102.0,4367.0,L3,2,0.502736906154586,1,bisquare,7469,1.0,negbinomial,0.29239382422135424,True
CTTAGCCTTCCACATG-1,8163.0,5101.0,L5,4,0.3017665802319124,1,bisquare,7469,1.0,negbinomial,0.29239382422135424,True
CTTAGGTATAGACCAG-1,3789.0,9982.0,WM,6,0.20945929012974274,1,bisquare,7469,1.0,negbinomial,0.29239382422135424,True
CTTAGTAGGCCTACAG-1,9807.0,6311.0,L3,2,0.5117397844945789,1,bisquare,7469,1.0,negbinomial,0.29239382422135424,True
CTTAGTGTAGTAGCAT-1,8473.0,9776.0,L4,3,0.4193527015131486,1,bisquare,7469,1.0,negbinomial,0.29239382422135424,True
CTTAGTTGAGGAATCG-1,5025.0,10470.0,WM,6,0.28304804998252064,1,bisquare,7469,1.0,negbinomial,0.29239382422135424,True
CTTATGCGCTCAGGGC-1,3531.0,7584.0,L5,4,0.3577441211056376,1,bisquare,7469,1.0,negbinomial,0.29239382422135424,True
CTTATGTTGACTACCA-1,4659.0,3998.0,L2,1,0.09307327538163175,1,bisquare,7469,1.0,negbinomial,0.29239382422135424,True
CTTCAACTCCACTTGG-1,8062.0,9534.0,L5,4,0.40175753600401454,1,bisquare,7469,1.0,negbinomial,0.29239382422135424,True
CTTCAGTGGTCGCCTA-1,4004.0,8905.0,WM,6,0.22300563699846,1,bisquare,7469,1.0,negbinomial,0.29239382422135424,True
CTTCATAGCTCAAGAA-1,5342.0,4721.0,L3,2,0.3320186935399255,1,bisquare,7469,1.0,negbinomial,0.29239382422135424,True
CTTCATTGTCAGTGGA-1,6911.0,6770.0,L6,5,0.16812893254732728,1,bisquare,7469,1.0,negbinomial,0.29239382422135424,True
CTTCCGCTCCGTGAAG-1,6205.0,9161.0,WM,6,0.2699062558296298,1,bisquare,7469,1.0,negbinomial,0.29239382422135424,True
CTTCCTGCATATTTAC-1,9969.0,2958.0,L1,0,0.42029331580097495,1,bisquare,7469,1.0,negbinomial,0.29239382422135424,True
CTTCGGCCAATTGTTT-1,10342.0,8472.0,L3,2,0.3806588645865184,1,bisquare,7469,1.0,negbinomial,0.29239382422135424,True
CTTCGTAGATAGGTGA-1,5876.0,7122.0,L6,5,0.2565812288068271,1,bisquare,7469,1.0,negbinomial,0.29239382422135424,True
CTTCGTGCCCGCATCG-1,4326.0,2438.0,L1,0,0.1850551377166777,1,bisquare,7469,1.0,negbinomial,0.29239382422135424,True
CTTCTATGTTGAAGTA-1,4699.0,7952.0,L6,5,0.18815176717952306,1,bisquare,7469,1.0,negbinomial,0.29239382422135424,True
CTTCTATTAATGCTAG-1,6003.0,8560.0,WM,6,0.30003317568669535,1,bisquare,7469,1.0,negbinomial,0.29239382422135424,True
CTTCTGGGCGTACCTA-1,5095.0,10351.0,WM,6,0.3331272938840398,1,bisquare,7469,1.0,negbinomial,0.29239382422135424,True
CTTCTTACGTCGTATA-1,6930.0,4134.0,L3,2,0.1232651992615932,1,bisquare,7469,1.0,negbinomial,0.29239382422135424,True
CTTGACCCGAAAGATA-1,6728.0,3533.0,L3,2,0.1743190854436407,1,bisquare,7469,1.0,negbinomial,0.29239382422135424,True
CTTGAGGTTATCCCGA-1,4453.0,3876.0,L1,0,0.15172656430624937,1,bisquare,7469,1.0,negbinomial,0.29239382422135424,True
CTTGAGTTAGGGTAAT-1,9181.0,7145.0,L4,3,0.42422937633863234,1,bisquare,7469,1.0,negbinomial,0.29239382422135424,True
CTTGCAACCGCCTCCT-1,4495.0,7591.0,L6,5,0.08091289117678292,1,bisquare,7469,1.0,negbinomial,0.29239382422135424,True
CTTGCCCAGGCTCTAC-1,6559.0,7845.0,L6,5,0.27581475064244043,1,bisquare,7469,1.0,negbinomial,0.29239382422135424,True
CTTGGCCAAGCTGGGA-1,6683.0,9763.0,L6,5,0.09479443774474523,1,bisquare,7469,1.0,negbinomial,0.29239382422135424,True
CTTGTACTTGTTGACT-1,6304.0,4968.0,L5,4,0.28934920940780345,1,bisquare,7469,1.0,negbinomial,0.29239382422135424,True
CTTGTCAACATTCGAG-1,7312.0,8450.0,L6,5,0.3886521235509642,1,bisquare,7469,1.0,negbinomial,0.29239382422135424,True
CTTGTCGTACGTGTCA-1,5150.0,2683.0,L1,0,0.2860483099508546,1,bisquare,7469,1.0,negbinomial,0.29239382422135424,True
CTTGTGAGGACAGCGG-1,3494.0,3150.0,L1,0,0.2624936459997351,1,bisquare,7469,1.0,negbinomial,0.29239382422135424,True
CTTGTGAGTCTTTGAC-1,5143.0,3642.0,L2,1,0.1136074727049075,1,bisquare,7469,1.0,negbinomial,0.29239382422135424,True
CTTGTGCTCACCGATT-1,9264.0,5109.0,L3,2,0.17500907401942953,1,bisquare,7469,1.0,negbinomial,0.29239382422135424,True
CTTGTTGCTGAGTCAA-1,8287.0,7019.0,L5,4,0.3371243199474563,1,bisquare,7469,1.0,negbinomial,0.29239382422135424,True
CTTGTTTATGTAGCCA-1,4723.0,4597.0,L3,2,0.1041172159848093,1,bisquare,7469,1.0,negbinomial,0.29239382422135424,True
CTTTAACTTTCAAAGG-1,7404.0,5216.0,L5,4,0.43741869278341516,1,bisquare,7469,1.0,negbinomial,0.29239382422135424,True
CTTTAATATTGGTCGA-1,7793.0,8573.0,L6,5,0.3759991344067414,1,bisquare,7469,1.0,negbinomial,0.29239382422135424,True
CTTTACCGAATAGTAG-1,8552.0,8459.0,L5,4,0.5385043909545301,1,bisquare,7469,1.0,negbinomial,0.29239382422135424,True
CTTTAGGAACACTGTT-1,8766.0,7382.0,L5,4,0.4984304556841702,1,bisquare,7469,1.0,negbinomial,0.29239382422135424,True
CTTTAGTGCTATTATT-1,7180.0,7730.0,L6,5,0.18868185504749874,1,bisquare,7469,1.0,negbinomial,0.29239382422135424,True
CTTTCTGTGCGGGCTT-1,7309.0,8929.0,L6,5,0.19483464464259842,1,bisquare,7469,1.0,negbinomial,0.29239382422135424,True
CTTTGAAACATATTCC-1,9421.0,2474.0,L1,0,0.38734720996995936,1,bisquare,7469,1.0,negbinomial,0.29239382422135424,True
CTTTGCATCGCTCTTG-1,9232.0,9662.0,L3,2,0.27820249431728794,1,bisquare,7469,1.0,negbinomial,0.29239382422135424,True
CTTTGGCGCTTTATAC-1,4023.0,6269.0,L4,3,0.14633989678402914,1,bisquare,7469,1.0,negbinomial,0.29239382422135424,True
CTTTGGCTTTAGTAAA-1,5538.0,6280.0,L5,4,0.20595264912691824,1,bisquare,7469,1.0,negbinomial,0.29239382422135424,True
CTTTGGGATTGTTGCA-1,5787.0,9877.0,WM,6,0.3305920965439817,1,bisquare,7469,1.0,negbinomial,0.29239382422135424,True
CTTTGTCGAATGCTCC-1,3244.0,9259.0,WM,6,0.09376120152645362,1,bisquare,7469,1.0,negbinomial,0.29239382422135424,True
GAAACAGATGACCACC-1,9111.0,7265.0,L5,4,0.2514755982971113,1,bisquare,7469,1.0,negbinomial,0.29239382422135424,True
GAAACAGCCATGCAGT-1,7000.0,4014.0,L3,2,0.2100377244012006,1,bisquare,7469,1.0,negbinomial,0.29239382422135424,True
GAAACATAGGAAACAG-1,4136.0,9625.0,WM,6,0.4415370886100761,1,bisquare,7469,1.0,negbinomial,0.29239382422135424,True
GAAACCATGGTGCGCT-1,10293.0,5716.0,L3,2,0.5135408125160669,1,bisquare,7469,1.0,negbinomial,0.29239382422135424,True
GAAACCGAATTACCTT-1,6284.0,7843.0,WM,6,0.34976729597637846,1,bisquare,7469,1.0,negbinomial,0.29239382422135424,True
GAAACCTATACAAATG-1,6340.0,9641.0,L6,5,0.3369345798162115,1,bisquare,7469,1.0,negbinomial,0.29239382422135424,True
GAAACTCGTGCGATGC-1,4439.0,5793.0,L4,3,0.1427274234428785,1,bisquare,7469,1.0,negbinomial,0.29239382422135424,True
GAAACTCTAATGAAGG-1,7826.0,4020.0,L3,2,0.19490374405631625,1,bisquare,7469,1.0,negbinomial,0.29239382422135424,True
GAAAGAACAGCGTTAT-1,9871.0,6911.0,L3,2,0.5102216980997739,1,bisquare,7469,1.0,negbinomial,0.29239382422135424,True
GAAAGCAGTGCACTTT-1,6481.0,9163.0,L6,5,0.33731557827441777,1,bisquare,7469,1.0,negbinomial,0.29239382422135424,True
GAAAGCCCTTTGGACC-1,4227.0,6630.0,L5,4,0.2676693168441643,1,bisquare,7469,1.0,negbinomial,0.29239382422135424,True
GAAAGTGACTAACTGC-1,4924.0,5437.0,L4,3,0.15776517180476476,1,bisquare,7469,1.0,negbinomial,0.29239382422135424,True
GAAATACCTGCTGGCT-1,8658.0,3308.0,L3,2,0.29438359245030016,1,bisquare,7469,1.0,negbinomial,0.29239382422135424,True
GAAATACTAAACGTTT-1,4310.0,4594.0,L3,2,0.2199397737640294,1,bisquare,7469,1.0,negbinomial,0.29239382422135424,True
GAAATATCACCATCAG-1,4366.0,6392.0,L5,4,0.22048411617680605,1,bisquare,7469,1.0,negbinomial,0.29239382422135424,True
GAAATATGCTTGAATG-1,10371.0,4398.0,L2,1,0.2940224243084574,1,bisquare,7469,1.0,negbinomial,0.29239382422135424,True
GAAATCGCGCGCAACT-1,7478.0,4617.0,L5,4,0.5056425949873374,1,bisquare,7469,1.0,negbinomial,0.29239382422135424,True
GAAATGGCGGTGTTAG-1,6366.0,6047.0,L6,5,0.5763014938448401,1,bisquare,7469,1.0,negbinomial,0.29239382422135424,True
GAAATGGGATGTAAAC-1,3970.0,3993.0,L1,0,0.1918612290267147,1,bisquare,7469,1.0,negbinomial,0.29239382422135424,True
GAAATTAGCACGGATA-1,9406.0,4631.0,L3,2,0.3398905535702053,1,bisquare,7469,1.0,negbinomial,0.29239382422135424,True
GAAATTCACATCGCTG-1,6174.0,4009.0,L3,2,0.19940076566859602,1,bisquare,7469,1.0,negbinomial,0.29239382422135424,True
GAAATTGTCTCTATAA-1,6423.0,7605.0,L6,5,0.24092725649610156,1,bisquare,7469,1.0,negbinomial,0.29239382422135424,True
GAACAACTGGGATGAA-1,8606.0,10496.0,L3,2,0.2512996068962737,1,bisquare,7469,1.0,negbinomial,0.29239382422135424,True
GAACACACATCAACCA-1,6235.0,5087.0,L5,4,0.3601384450465265,1,bisquare,7469,1.0,negbinomial,0.29239382422135424,True
GAACAGATTACTAAAT-1,7650.0,9291.0,L6,5,0.5502523209085212,1,bisquare,7469,1.0,negbinomial,0.29239382422135424,True
GAACCATCTGGGAGAC-1,6526.0,2933.0,L1,0,0.3301766930504473,1,bisquare,7469,1.0,negbinomial,0.29239382422135424,True
GAACCCTCTGTGTTCT-1,7373.0,9529.0,L6,5,0.4709260722750408,1,bisquare,7469,1.0,negbinomial,0.29239382422135424,True
GAACCTCGACCTACAC-1,3395.0,7343.0,L5,4,0.11123254419009666,1,bisquare,7469,1.0,negbinomial,0.29239382422135424,True
GAACCTTTAACGATCC-1,8196.0,10014.0,L5,4,0.41105624529979407,1,bisquare,7469,1.0,negbinomial,0.29239382422135424,True
GAACGACCGAATGATA-1,7132.0,4734.0,L5,4,0.4889614265649782,1,bisquare,7469,1.0,negbinomial,0.29239382422135424,True
GAACGCGGGTCACACG-1,10619.0,8234.0,L2,1,0.3765026597857329,1,bisquare,7469,1.0,negbinomial,0.29239382422135424,True
GAACGTCTCATGGTCG-1,8775.0,6184.0,L5,4,0.5432125230615548,1,bisquare,7469,1.0,negbinomial,0.29239382422135424,True
GAACGTTAGGAAGACG-1,3815.0,6388.0,L4,3,0.20869952563049063,1,bisquare,7469,1.0,negbinomial,0.29239382422135424,True
GAACTGTGGAGAGACA-1,7297.0,10606.0,L6,5,0.46380605390308044,1,bisquare,7469,1.0,negbinomial,0.29239382422135424,True
GAACTTAGCGCCCGGT-1,9761.0,3076.0,L1,0,0.5603282301981234,1,bisquare,7469,1.0,negbinomial,0.29239382422135424,True
GAAGAAACGATATTGT-1,4757.0,9510.0,WM,6,0.2993629486319634,1,bisquare,7469,1.0,negbinomial,0.29239382422135424,True
GAAGAACGGTGCAGGT-1,5553.0,4124.0,L3,2,0.2977665397936624,1,bisquare,7469,1.0,negbinomial,0.29239382422135424,True
GAAGACTTCAATGCCG-1,7284.0,2818.0,L2,1,0.30163875735141443,1,bisquare,7469,1.0,negbinomial,0.29239382422135424,True
GAAGCAAGGCAATGTT-1,5771.0,2568.0,L1,0,0.5107768445157214,1,bisquare,7469,1.0,negbinomial,0.29239382422135424,True
GAAGCCACTGATTATG-1,7506.0,10249.0,L5,4,0.3768793251057737,1,bisquare,7469,1.0,negbinomial,0.29239382422135424,True
GAAGCCTGCACATTCC-1,6958.0,9765.0,L6,5,0.15644092142054608,1,bisquare,7469,1.0,negbinomial,0.29239382422135424,True
GAAGCGTGAGGAATTT-1,6913.0,6530.0,L6,5,0.16903790066784086,1,bisquare,7469,1.0,negbinomial,0.29239382422135424,True
GAAGCTCGGACCCGTC-1,4209.0,9027.0,WM,6,0.24165027337438894,1,bisquare,7469,1.0,negbinomial,0.29239382422135424,True
GAAGCTTGCTGACCGC-1,5196.0,5919.0,L5,4,0.1915287469907194,1,bisquare,7469,1.0,negbinomial,0.29239382422135424,True
GAAGGACTAAATTGAA-1,3772.0,2913.0,L1,0,0.4196387758512483,1,bisquare,7469,1.0,negbinomial,0.29239382422135424,True
GAAGGAGTCGAGTGCG-1,6885.0,10364.0,L6,5,0.5918257202583266,1,bisquare,7469,1.0,negbinomial,0.29239382422135424,True
GAAGGGCATAACCATG-1,3562.0,3271.0,L1,0,0.3733617184503325,1,bisquare,7469,1.0,negbinomial,0.29239382422135424,True
GAAGTCAGTTGCACTA-1,6760.0,8686.0,L6,5,0.08788900030411245,1,bisquare,7469,1.0,negbinomial,0.29239382422135424,True
GAAGTCTCCCTAGCGA-1,9045.0,6905.0,L5,4,0.42435814665803334,1,bisquare,7469,1.0,negbinomial,0.29239382422135424,True
GAAGTGATTTATCGTG-1,6013.0,7123.0,L6,5,0.3222389059389205,1,bisquare,7469,1.0,negbinomial,0.29239382422135424,True
GAAGTGCTGGATAGCT-1,6998.0,4254.0,L3,2,0.3498283584454451,1,bisquare,7469,1.0,negbinomial,0.29239382422135424,True
GAAGTTTCCACTCAAT-1,5947.0,6763.0,L6,5,0.1482747787876512,1,bisquare,7469,1.0,negbinomial,0.29239382422135424,True
GAATAGACGCGACCCA-1,9109.0,7504.0,L5,4,0.35071812774770345,1,bisquare,7469,1.0,negbinomial,0.29239382422135424,True
GAATAGCATTTAGGGT-1,10896.0,7997.0,L2,1,0.4909103504004312,1,bisquare,7469,1.0,negbinomial,0.29239382422135424,True
GAATAGCCCTGCGGTC-1,10370.0,4638.0,L2,1,0.2709540128824158,1,bisquare,7469,1.0,negbinomial,0.29239382422135424,True
GAATAGTGCTCGATTA-1,5238.0,9633.0,WM,6,0.44173712840494267,1,bisquare,7469,1.0,negbinomial,0.29239382422135424,True
GAATATTCGGAGTCCC-1,8515.0,4025.0,L3,2,0.20565119283814312,1,bisquare,7469,1.0,negbinomial,0.29239382422135424,True
GAATCGACATGGTCAC-1,5680.0,5563.0,L5,4,0.24070942038880377,1,bisquare,7469,1.0,negbinomial,0.29239382422135424,True
GAATCGCCGGACACGG-1,5625.0,3765.0,L3,2,0.17421716259717784,1,bisquare,7469,1.0,negbinomial,0.29239382422135424,True
GAATCTATACTCGGAC-1,8042.0,2704.0,L3,2,0.2838148730702564,1,bisquare,7469,1.0,negbinomial,0.29239382422135424,True
GAATCTGAACATTCTC-1,7181.0,7490.0,L6,5,0.18855772867779944,1,bisquare,7469,1.0,negbinomial,0.29239382422135424,True
GAATGCCGAAATGACC-1,3963.0,4951.0,L3,2,0.12516338609682956,1,bisquare,7469,1.0,negbinomial,0.29239382422135424,True
GAATGCGAATCGGTTC-1,7508.0,10009.0,L5,4,0.2147579980371826,1,bisquare,7469,1.0,negbinomial,0.29239382422135424,True
GAATGTATGGCAGGTC-1,9064.0,4269.0,L3,2,0.24194219499003672,1,bisquare,7469,1.0,negbinomial,0.29239382422135424,True
GAATGTGGTCCGGATT-1,8351.0,7619.0,L5,4,0.282416143213807,1,bisquare,7469,1.0,negbinomial,0.29239382422135424,True
GAATGTTGGGTAATCT-1,7542.0,5217.0,L5,4,0.15169035264539932,1,bisquare,7469,1.0,negbinomial,0.29239382422135424,True
GAATTATAGTGAAAGG-1,7464.0,6534.0,L6,5,0.5144172309465782,1,bisquare,7469,1.0,negbinomial,0.29239382422135424,True
GAATTCACCCGGGTGT-1,6557.0,8085.0,L6,5,0.5363557548827775,1,bisquare,7469,1.0,negbinomial,0.29239382422135424,True
GAATTTCTCGCTGCAG-1,4852.0,5796.0,L5,4,0.15930465861945955,1,bisquare,7469,1.0,negbinomial,0.29239382422135424,True
GACAAACATATGCAGG-1,9659.0,7748.0,L3,2,0.40557878021674265,1,bisquare,7469,1.0,negbinomial,0.29239382422135424,True
GACAACGACCATTGAA-1,8091.0,5460.0,L5,4,0.2474697789187942,1,bisquare,7469,1.0,negbinomial,0.29239382422135424,True
GACAACGCAGCTTACG-1,6512.0,4850.0,L5,4,0.24284347542891835,1,bisquare,7469,1.0,negbinomial,0.29239382422135424,True
GACAAGAGATGAGATT-1,10750.0,9194.0,L2,1,0.1947533488513854,1,bisquare,7469,1.0,negbinomial,0.29239382422135424,True
GACACAAGGGAAGAAA-1,7743.0,6057.0,L6,5,0.3217455378061204,1,bisquare,7469,1.0,negbinomial,0.29239382422135424,True
GACACGAGTTAGAGGA-1,4516.0,4715.0,L3,2,0.18574428229836712,1,bisquare,7469,1.0,negbinomial,0.29239382422135424,True
GACACTGAGTTCAGTG-1,5940.0,7721.0,WM,6,0.2850127897113636,1,bisquare,7469,1.0,negbinomial,0.29239382422135424,True
GACACTGGAACCCGAT-1,10340.0,8711.0,L3,2,0.5465942247196243,1,bisquare,7469,1.0,negbinomial,0.29239382422135424,True
GACAGATTTCTGGCTC-1,3324.0,7702.0,L5,4,0.13625395930026604,1,bisquare,7469,1.0,negbinomial,0.29239382422135424,True
GACAGCCAGACCTGAC-1,8696.0,7501.0,L5,4,0.267680483076883,1,bisquare,7469,1.0,negbinomial,0.29239382422135424,True
GACAGGCACACACTAT-1,4293.0,6990.0,L5,4,0.17858342364371627,1,bisquare,7469,1.0,negbinomial,0.29239382422135424,True
GACATCCGTCGAACTG-1,7644.0,10250.0,L5,4,0.25040649161894885,1,bisquare,7469,1.0,negbinomial,0.29239382422135424,True
GACATCGATTTATAAC-1,6209.0,8682.0,WM,6,0.33122104166080296,1,bisquare,7469,1.0,negbinomial,0.29239382422135424,True
GACCAAACGTTGACTG-1,10197.0,9429.0,L3,2,0.43765744924335104,1,bisquare,7469,1.0,negbinomial,0.29239382422135424,True
GACCAGAGCCCTGTAG-1,6020.0,6164.0,L5,4,0.31714202738752123,1,bisquare,7469,1.0,negbinomial,0.29239382422135424,True
GACCAGGTCATTCATA-1,7559.0,2820.0,L3,2,0.1972667788851437,1,bisquare,7469,1.0,negbinomial,0.29239382422135424,True
GACCCAATTATGATAC-1,4141.0,8906.0,WM,6,0.2383007769931196,1,bisquare,7469,1.0,negbinomial,0.29239382422135424,True
GACCCGTCGCCGGCTA-1,6866.0,3534.0,L3,2,0.16402387140772265,1,bisquare,7469,1.0,negbinomial,0.29239382422135424,True
GACCGACGTGAAAGCA-1,10490.0,7035.0,L3,2,0.5144749023768355,1,bisquare,7469,1.0,negbinomial,0.29239382422135424,True
GACCGACTGAAGCGTC-1,4296.0,6511.0,L5,4,0.3227330375263096,1,bisquare,7469,1.0,negbinomial,0.29239382422135424,True
GACCGATTAAATATGT-1,3854.0,10582.0,WM,6,0.36097791769040144,1,bisquare,7469,1.0,negbinomial,0.29239382422135424,True
GACCGCGTCTGACGTG-1,10480.0,8473.0,L3,2,0.5327103748628386,1,bisquare,7469,1.0,negbinomial,0.29239382422135424,True
GACCGTCAGGTCGTGA-1,8377.0,4024.0,L3,2,0.26926385674378567,1,bisquare,7469,1.0,negbinomial,0.29239382422135424,True
GACCGTGCTGACGGTG-1,6357.0,7245.0,L6,5,0.27279556039654407,1,bisquare,7469,1.0,negbinomial,0.29239382422135424,True
GACCTTCCACGTCTAC-1,7849.0,10371.0,L5,4,0.282096536845743,1,bisquare,7469,1.0,negbinomial,0.29239382422135424,True
GACGACGATCCGCGTT-1,7586.0,8692.0,L6,5,0.4922866833182618,1,bisquare,7469,1.0,negbinomial,0.29239382422135424,True
GACGAGGCTAATAAAC-1,9648.0,9186.0,L3,2,0.5653871734432294,1,bisquare,7469,1.0,negbinomial,0.29239382422135424,True
GACGCATACCCGTCGG-1,3169.0,10097.0,WM,6,0.34500634611314895,1,bisquare,7469,1.0,negbinomial,0.29239382422135424,True
GACGCCGTAAAGGCTA-1,6482.0,8923.0,L6,5,0.2690354197207984,1,bisquare,7469,1.0,negbinomial,0.29239382422135424,True
GACGCCTGTTGCAGGG-1,4936.0,3760.0,L2,1,0.14318260982895523,1,bisquare,7469,1.0,negbinomial,0.29239382422135424,True
GACGCTTGCTTCTAAA-1,5257.0,6997.0,L6,5,0.10645578539797121,1,bisquare,7469,1.0,negbinomial,0.29239382422135424,True
GACGGACCGCGTTCCT-1,6801.0,2935.0,L2,1,0.19327214322542724,1,bisquare,7469,1.0,negbinomial,0.29239382422135424,True
GACGGGATGTCTTATG-1,4532.0,2559.0,L1,0,0.3305624119964046,1,bisquare,7469,1.0,negbinomial,0.29239382422135424,True
GACGGGTTGGCCCGTA-1,6270.0,9760.0,L6,5,0.30386991477218817,1,bisquare,7469,1.0,negbinomial,0.29239382422135424,True
GACGGTCAATAGAAGC-1,9671.0,6071.0,L3,2,0.41238543151221646,1,bisquare,7469,1.0,negbinomial,0.29239382422135424,True
GACGTGAGACTCCATG-1,4870.0,3400.0,L1,0,0.20428988618105903,1,bisquare,7469,1.0,negbinomial,0.29239382422135424,True
GACGTGTAGGGATTAT-1,4990.0,5797.0,L5,4,0.0459307184760773,1,bisquare,7469,1.0,negbinomial,0.29239382422135424,True
GACTAACACAGCACCT-1,9001.0,3430.0,L3,2,0.21247075961450274,1,bisquare,7469,1.0,negbinomial,0.29239382422135424,True
GACTAAGATCATGCAC-1,6440.0,5209.0,L5,4,0.244248038159649,1,bisquare,7469,1.0,negbinomial,0.29239382422135424,True
GACTAAGTAGGCTCAC-1,5748.0,5683.0,L5,4,0.2503661359414703,1,bisquare,7469,1.0,negbinomial,0.29239382422135424,True
GACTACAAAGCGGTGG-1,4215.0,8308.0,L6,5,0.2994990634883939,1,bisquare,7469,1.0,negbinomial,0.29239382422135424,True
GACTACAATTGCTCGT-1,8450.0,3426.0,L3,2,0.3031694637397996,1,bisquare,7469,1.0,negbinomial,0.29239382422135424,True
GACTAGGCCGTTAGGT-1,8125.0,10373.0,L5,4,0.365714385466781,1,bisquare,7469,1.0,negbinomial,0.29239382422135424,True
GACTCACCCACGTGAG-1,10077.0,7032.0,L3,2,0.4766103615011451,1,bisquare,7469,1.0,negbinomial,0.29239382422135424,True
GACTCCCAGAATAAGG-1,10431.0,5717.0,L2,1,0.5835759051970424,1,bisquare,7469,1.0,negbinomial,0.29239382422135424,True
GACTCCTTCCAATTGA-1,3451.0,9141.0,WM,6,0.20516392013839918,1,bisquare,7469,1.0,negbinomial,0.29239382422135424,True
GACTCGCGGGAATGAC-1,9397.0,5829.0,L3,2,0.3014401497995104,1,bisquare,7469,1.0,negbinomial,0.29239382422135424,True
GACTCGGTCGGCGGAT-1,10171.0,3558.0,L1,0,0.4720511496294059,1,bisquare,7469,1.0,negbinomial,0.29239382422135424,True
GACTGATTGGTCACAA-1,9758.0,3555.0,L2,1,0.32564711563422877,1,bisquare,7469,1.0,negbinomial,0.29239382422135424,True
GACTGCAAATCGAGCT-1,7924.0,9533.0,L5,4,0.43073054284732737,1,bisquare,7469,1.0,negbinomial,0.29239382422135424,True
GACTGCACCAGCCCAG-1,8280.0,7978.0,L5,4,0.23852660351687968,1,bisquare,7469,1.0,negbinomial,0.29239382422135424,True
GACTGCGGCACGTGTA-1,3820.0,5669.0,L3,2,0.26678702447472347,1,bisquare,7469,1.0,negbinomial,0.29239382422135424,True
GACTGCTGGTGAGAAA-1,5438.0,10473.0,WM,6,0.5133362469827962,1,bisquare,7469,1.0,negbinomial,0.29239382422135424,True
GACTGGGCGCCGCAAC-1,9278.0,3192.0,L3,2,0.4289319761461334,1,bisquare,7469,1.0,negbinomial,0.29239382422135424,True
GAGACTGATGGGTAGA-1,6643.0,5809.0,L6,5,0.38059744926667605,1,bisquare,7469,1.0,negbinomial,0.29239382422135424,True
GAGACTTCGCGACCGA-1,6690.0,8805.0,L6,5,0.08820561894661273,1,bisquare,7469,1.0,negbinomial,0.29239382422135424,True
GAGAGGGCGCGAGGTT-1,5532.0,6999.0,L6,5,0.3495467514526326,1,bisquare,7469,1.0,negbinomial,0.29239382422135424,True
GAGAGGTGCATTCTGG-1,4701.0,7712.0,L6,5,0.295100405467715,1,bisquare,7469,1.0,negbinomial,0.29239382422135424,True
GAGAGTCTCGGGAGAG-1,5503.0,11073.0,WM,6,0.23949794719646417,1,bisquare,7469,1.0,negbinomial,0.29239382422135424,True
GAGATCTGCTTGGCAT-1,5811.0,6522.0,L6,5,0.3122890103883375,1,bisquare,7469,1.0,negbinomial,0.29239382422135424,True
GAGATCTGTCACTCCG-1,7880.0,6058.0,L6,5,0.48924436395930676,1,bisquare,7469,1.0,negbinomial,0.29239382422135424,True
GAGATCTTCCATGACA-1,8074.0,7856.0,L5,4,0.3921077315354487,1,bisquare,7469,1.0,negbinomial,0.29239382422135424,True
GAGATGGGAGTCGACA-1,7724.0,8693.0,L6,5,0.56254101786014,1,bisquare,7469,1.0,negbinomial,0.29239382422135424,True
GAGCACCTGTGTCCAG-1,8269.0,9415.0,L5,4,0.5638090382851758,1,bisquare,7469,1.0,negbinomial,0.29239382422135424,True
GAGCATCAACAACTTG-1,4821.0,10109.0,WM,6,0.30772600362840385,1,bisquare,7469,1.0,negbinomial,0.29239382422135424,True
GAGCATCATCCCTGGG-1,5555.0,3884.0,L3,2,0.23558993720610594,1,bisquare,7469,1.0,negbinomial,0.29239382422135424,True
GAGCCACGGTAGTAGG-1,6039.0,3528.0,L3,2,0.18674193207489423,1,bisquare,7469,1.0,negbinomial,0.29239382422135424,True
GAGCCAGCTACCTGTG-1,8893.0,8821.0,L4,3,0.4562085469125777,1,bisquare,7469,1.0,negbinomial,0.29239382422135424,True
GAGCCGAGCGTTTATT-1,10167.0,4037.0,L2,1,0.30685194630843626,1,bisquare,7469,1.0,negbinomial,0.29239382422135424,True
GAGCGAGGGAGTACCG-1,6793.0,4133.0,L3,2,0.12901165193892128,1,bisquare,7469,1.0,negbinomial,0.29239382422135424,True
GAGCGCAAATACTCCG-1,10134.0,8590.0,L3,2,0.41160336733750924,1,bisquare,7469,1.0,negbinomial,0.29239382422135424,True
GAGCGCGCACGAGTAG-1,9172.0,8344.0,L4,3,0.34174870899273513,1,bisquare,7469,1.0,negbinomial,0.29239382422135424,True
GAGCGCTATGTCAGGC-1,4188.0,2437.0,L1,0,0.1696950049579301,1,bisquare,7469,1.0,negbinomial,0.29239382422135424,True
GAGCGCTGTTAGGTAA-1,4342.0,9746.0,WM,6,0.19036888832148557,1,bisquare,7469,1.0,negbinomial,0.29239382422135424,True
GAGCGGAATGCGGTGT-1,6057.0,10598.0,L6,5,0.21526829808204495,1,bisquare,7469,1.0,negbinomial,0.29239382422135424,True
GAGCTAAGGGCATATC-1,8501.0,5942.0,L5,4,0.30627275593726777,1,bisquare,7469,1.0,negbinomial,0.29239382422135424,True
GAGCTCTCGGACCTAA-1,5070.0,4240.0,L3,2,0.12517000857957977,1,bisquare,7469,1.0,negbinomial,0.29239382422135424,True
GAGCTGTCGTCTCGGA-1,10230.0,4877.0,L3,2,0.39309998565500665,1,bisquare,7469,1.0,negbinomial,0.29239382422135424,True
GAGGAATGGAGAGGTT-1,4922.0,5677.0,L4,3,0.16244222948172668,1,bisquare,7469,1.0,negbinomial,0.29239382422135424,True
GAGGAGATCCTCATGC-1,3351.0,3868.0,L1,0,0.0432304383496347,1,bisquare,7469,1.0,negbinomial,0.29239382422135424,True
GAGGAGTAATTCCTAC-1,6252.0,2691.0,L1,0,0.15745774753353686,1,bisquare,7469,1.0,negbinomial,0.29239382422135424,True
GAGGATAAACAGTGCT-1,10626.0,7276.0,L2,1,0.5834075085575066,1,bisquare,7469,1.0,negbinomial,0.29239382422135424,True
GAGGCCCGACTCCGCA-1,4347.0,9028.0,WM,6,0.23518619130979362,1,bisquare,7469,1.0,negbinomial,0.29239382422135424,True
GAGGCCTGTTGATACA-1,10124.0,10028.0,L3,2,0.31688837376379875,1,bisquare,7469,1.0,negbinomial,0.29239382422135424,True
GAGGCTATCAAAGTCG-1,4640.0,6633.0,L5,4,0.20826577176722474,1,bisquare,7469,1.0,negbinomial,0.29239382422135424,True
GAGGGAGTCAGATCGC-1,5578.0,10235.0,WM,6,0.2566905780793418,1,bisquare,7469,1.0,negbinomial,0.29239382422135424,True
GAGGGCATCGCGTATC-1,5074.0,3761.0,L2,1,0.1780817749515027,1,bisquare,7469,1.0,negbinomial,0.29239382422135424,True
GAGGGCGCAGCTCTGC-1,8916.0,5706.0,L5,4,0.38427067819457367,1,bisquare,7469,1.0,negbinomial,0.29239382422135424,True
GAGGGTAGTAACAAAG-1,4891.0,9990.0,WM,6,0.3616318259330997,1,bisquare,7469,1.0,negbinomial,0.29239382422135424,True
GAGGTACATCCATCTT-1,7483.0,3898.0,L3,2,0.17028990866338492,1,bisquare,7469,1.0,negbinomial,0.29239382422135424,True
GAGGTACGCGTGTCCC-1,7366.0,10487.0,L6,5,0.575092146202714,1,bisquare,7469,1.0,negbinomial,0.29239382422135424,True
GAGGTCCCAAAGATCT-1,4586.0,4596.0,L3,2,0.15369335619369306,1,bisquare,7469,1.0,negbinomial,0.29239382422135424,True
GAGGTCTTAGTGGGTC-1,9350.0,2833.0,L2,1,0.4183249783487153,1,bisquare,7469,1.0,negbinomial,0.29239382422135424,True
GAGTAAACCGGAAAGT-1,10823.0,8595.0,L2,1,0.2058229792496034,1,bisquare,7469,1.0,negbinomial,0.29239382422135424,True
GAGTAAGGCCACGGGA-1,3733.0,8184.0,L6,5,0.3876347067010198,1,bisquare,7469,1.0,negbinomial,0.29239382422135424,True
GAGTACGGGTATACAA-1,5759.0,4245.0,L3,2,0.2620297453862981,1,bisquare,7469,1.0,negbinomial,0.29239382422135424,True
GAGTAGATACTAGTTG-1,7164.0,9887.0,L6,5,0.4029329302759344,1,bisquare,7469,1.0,negbinomial,0.29239382422135424,True
GAGTATGCCCGCCTTG-1,5729.0,8319.0,WM,6,0.41138386438214664,1,bisquare,7469,1.0,negbinomial,0.29239382422135424,True
GAGTATGCGCGTGCAT-1,7645.0,10010.0,L5,4,0.24321965318726396,1,bisquare,7469,1.0,negbinomial,0.29239382422135424,True
GAGTCAGACCAGAATC-1,6068.0,9160.0,WM,6,0.28265868985460485,1,bisquare,7469,1.0,negbinomial,0.29239382422135424,True
GAGTCCGCTTACCGGA-1,6765.0,7967.0,L6,5,0.2373163164074706,1,bisquare,7469,1.0,negbinomial,0.29239382422135424,True
GAGTGTCAACCAGAAA-1,8472.0,10016.0,L4,3,0.37970583684246406,1,bisquare,7469,1.0,negbinomial,0.29239382422135424,True
GAGTGTGCGGTACCCA-1,8832.0,7742.0,L5,4,0.5411304176317042,1,bisquare,7469,1.0,negbinomial,0.29239382422135424,True
GAGTTGATGGCAATTT-1,4075.0,8546.0,WM,6,0.2635506274505447,1,bisquare,7469,1.0,negbinomial,0.29239382422135424,True
GAGTTGTCACCAGTCT-1,3303.0,10578.0,WM,6,0.24855195798979118,1,bisquare,7469,1.0,negbinomial,0.29239382422135424,True
GATAAATCGGTGGATG-1,5621.0,4244.0,L3,2,0.3101265855004638,1,bisquare,7469,1.0,negbinomial,0.29239382422135424,True
GATAACTCGCACTGTG-1,8905.0,7143.0,L5,4,0.43408896892207793,1,bisquare,7469,1.0,negbinomial,0.29239382422135424,True
GATAAGGCAGATGCAA-1,4730.0,3639.0,L1,0,0.30705740516528235,1,bisquare,7469,1.0,negbinomial,0.29239382422135424,True
GATACGATGGGAGTCA-1,5871.0,7840.0,WM,6,0.4965798726647166,1,bisquare,7469,1.0,negbinomial,0.29239382422135424,True
GATAGGTAACGTTGAC-1,6901.0,8207.0,L6,5,0.25319340547449637,1,bisquare,7469,1.0,negbinomial,0.29239382422135424,True
GATAGTGCGAGTAAGT-1,5782.0,10596.0,WM,6,0.4920727734476386,1,bisquare,7469,1.0,negbinomial,0.29239382422135424,True
GATATCTCATGCAATA-1,6794.0,3893.0,L3,2,0.1488013161839228,1,bisquare,7469,1.0,negbinomial,0.29239382422135424,True
GATATGAGACACTAAC-1,8355.0,7139.0,L5,4,0.40009681636646804,1,bisquare,7469,1.0,negbinomial,0.29239382422135424,True
GATATGCGGTAGCCAA-1,9060.0,4748.0,L3,2,0.3165472468766353,1,bisquare,7469,1.0,negbinomial,0.29239382422135424,True
GATATGGATTACGCGG-1,4026.0,5790.0,L3,2,0.28733946598884325,1,bisquare,7469,1.0,negbinomial,0.29239382422135424,True
GATATTGAGATTGGCG-1,9667.0,6550.0,L3,2,0.2695309979627198,1,bisquare,7469,1.0,negbinomial,0.29239382422135424,True
GATATTTCCTACATGG-1,8924.0,4508.0,L3,2,0.20172652528639567,1,bisquare,7469,1.0,negbinomial,0.29239382422135424,True
GATCAACATAAAGGGA-1,5236.0,9873.0,WM,6,0.5233182389904015,1,bisquare,7469,1.0,negbinomial,0.29239382422135424,True
GATCATTCCAAACATT-1,6641.0,6049.0,L6,5,0.3892386242207965,1,bisquare,7469,1.0,negbinomial,0.29239382422135424,True
GATCCCTTTATACTGC-1,6918.0,5811.0,L6,5,0.4806851982249205,1,bisquare,7469,1.0,negbinomial,0.29239382422135424,True
GATCCGGGAATTAACA-1,7804.0,7136.0,L6,5,0.5781966270664397,1,bisquare,7469,1.0,negbinomial,0.29239382422135424,True
GATCCTAAATCGGGAC-1,9329.0,5709.0,L3,2,0.2835268824643424,1,bisquare,7469,1.0,negbinomial,0.29239382422135424,True
GATCCTCGACACTGGC-1,4971.0,8433.0,WM,6,0.18264695197556724,1,bisquare,7469,1.0,negbinomial,0.29239382422135424,True
GATCCTCTTGCGCTTA-1,8520.0,3307.0,L3,2,0.2382933419080372,1,bisquare,7469,1.0,negbinomial,0.29239382422135424,True
GATCGACACTATCTGA-1,6024.0,5685.0,L5,4,0.15050883007246393,1,bisquare,7469,1.0,negbinomial,0.29239382422135424,True
GATCGCGGGCTCTCCA-1,6360.0,6766.0,L6,5,0.1225517015446884,1,bisquare,7469,1.0,negbinomial,0.29239382422135424,True
GATCGCTACCCGATTT-1,9516.0,8466.0,L3,2,0.3482666811519149,1,bisquare,7469,1.0,negbinomial,0.29239382422135424,True
GATCGCTATATCTCAG-1,4480.0,9747.0,WM,6,0.40632177778855233,1,bisquare,7469,1.0,negbinomial,0.29239382422135424,True
GATCGGATAGAACCAT-1,3671.0,7345.0,L5,4,0.3121456306547713,1,bisquare,7469,1.0,negbinomial,0.29239382422135424,True
GATCGGCGATAAGTCG-1,3758.0,4830.0,L3,2,0.10668281152156567,1,bisquare,7469,1.0,negbinomial,0.29239382422135424,True
GATCGGTGGCCATAAC-1,7469.0,5815.0,L6,5,0.5487146441925234,1,bisquare,7469,1.0,negbinomial,0.29239382422135424,True
GATCGTGACTGATATC-1,7736.0,7015.0,L6,5,0.43601248271165893,1,bisquare,7469,1.0,negbinomial,0.29239382422135424,True
GATCTCGACGCTGTGG-1,10893.0,8476.0,L2,1,0.10575667385146678,1,bisquare,7469,1.0,negbinomial,0.29239382422135424,True
GATCTGCTATCTAAGG-1,6613.0,9883.0,L6,5,0.2500010299681008,1,bisquare,7469,1.0,negbinomial,0.29239382422135424,True
GATCTTGGAGGGCATA-1,7593.0,7733.0,L6,5,0.48922225219319193,1,bisquare,7469,1.0,negbinomial,0.29239382422135424,True
GATCTTTGCAGGGTAT-1,5396.0,6759.0,L6,5,0.27472190395385027,1,bisquare,7469,1.0,negbinomial,0.29239382422135424,True
GATGACAAGTAGGGCA-1,5034.0,9272.0,WM,6,0.3521481926887594,1,bisquare,7469,1.0,negbinomial,0.29239382422135424,True
GATGACGATGATCGCG-1,10575.0,4759.0,L2,1,0.16827504186618003,1,bisquare,7469,1.0,negbinomial,0.29239382422135424,True
GATGAGGAACCTTCGG-1,8330.0,10494.0,L4,3,0.14704586125584834,1,bisquare,7469,1.0,negbinomial,0.29239382422135424,True
GATGATTTGAAACTGG-1,5152.0,2444.0,L1,0,0.4538774068888351,1,bisquare,7469,1.0,negbinomial,0.29239382422135424,True
GATGCCACACTACAGC-1,5428.0,2446.0,L1,0,0.44904806671677255,1,bisquare,7469,1.0,negbinomial,0.29239382422135424,True
GATGCCAGCAGAAGGC-1,3962.0,5191.0,L3,2,0.09774316688310303,1,bisquare,7469,1.0,negbinomial,0.29239382422135424,True
GATGCCTTCTGCGGCA-1,3725.0,9383.0,WM,6,0.24370675084633697,1,bisquare,7469,1.0,negbinomial,0.29239382422135424,True
GATGCGTCCTGCATTC-1,6704.0,6888.0,L6,5,0.2019885057940216,1,bisquare,7469,1.0,negbinomial,0.29239382422135424,True
GATGCTACAAGCGCCT-1,6308.0,4489.0,L4,3,0.20878895990533244,1,bisquare,7469,1.0,negbinomial,0.29239382422135424,True
GATGCTGTATTTCATC-1,7938.0,7616.0,L6,5,0.3271757689138744,1,bisquare,7469,1.0,negbinomial,0.29239382422135424,True
GATGGCGCACACATTA-1,4791.0,4717.0,L3,2,0.19600885014663608,1,bisquare,7469,1.0,negbinomial,0.29239382422135424,True
GATGGTGCCCTAGGCA-1,8173.0,3664.0,L3,2,0.1451250855120045,1,bisquare,7469,1.0,negbinomial,0.29239382422135424,True
GATGTAACGAACCACC-1,4213.0,8547.0,WM,6,0.23983158962680928,1,bisquare,7469,1.0,negbinomial,0.29239382422135424,True
GATGTCCGGATCACAT-1,5353.0,3284.0,L1,0,0.18417392494747656,1,bisquare,7469,1.0,negbinomial,0.29239382422135424,True
GATGTCGGTCAACTGC-1,7830.0,3541.0,L3,2,0.38705994454182163,1,bisquare,7469,1.0,negbinomial,0.29239382422135424,True
GATGTGTTGTCACAAG-1,8177.0,3184.0,L3,2,0.27166197254012153,1,bisquare,7469,1.0,negbinomial,0.29239382422135424,True
GATGTTCAATCCACGA-1,5736.0,7360.0,L6,5,0.2159486736710074,1,bisquare,7469,1.0,negbinomial,0.29239382422135424,True
GATGTTTGTGCGAGAT-1,4859.0,4838.0,L3,2,0.12601177376956138,1,bisquare,7469,1.0,negbinomial,0.29239382422135424,True
GATTAACCGAAAGCCC-1,9167.0,9062.0,L3,2,0.3448312623467172,1,bisquare,7469,1.0,negbinomial,0.29239382422135424,True
GATTAATCCTGGCTCA-1,4736.0,2920.0,L1,0,0.2919434190724867,1,bisquare,7469,1.0,negbinomial,0.29239382422135424,True
GATTACTGAATTTGGG-1,5461.0,7358.0,L6,5,0.17726768503608717,1,bisquare,7469,1.0,negbinomial,0.29239382422135424,True
GATTCCCTTGTCGCAG-1,7403.0,5455.0,L5,4,0.14575025064087704,1,bisquare,7469,1.0,negbinomial,0.29239382422135424,True
GATTCCGCGTTTCCGT-1,8030.0,4381.0,L4,3,0.1981503917155856,1,bisquare,7469,1.0,negbinomial,0.29239382422135424,True
GATTCCTATACGGCGC-1,4373.0,5433.0,L3,2,0.1119312962529945,1,bisquare,7469,1.0,negbinomial,0.29239382422135424,True
GATTCGACGGTTCACG-1,7664.0,7374.0,L6,5,0.3747845127498677,1,bisquare,7469,1.0,negbinomial,0.29239382422135424,True
GATTGACACTCTGCTC-1,7145.0,3057.0,L3,2,0.184971198497404,1,bisquare,7469,1.0,negbinomial,0.29239382422135424,True
GATTGCTCCAGTTGCA-1,4616.0,9988.0,WM,6,0.28489167993517533,1,bisquare,7469,1.0,negbinomial,0.29239382422135424,True
GATTGGGAAAGGTTGT-1,8262.0,10374.0,L4,3,0.31418410736214836,1,bisquare,7469,1.0,negbinomial,0.29239382422135424,True
GCAAACCCTACATTAT-1,8416.0,8218.0,L5,4,0.3950172880443106,1,bisquare,7469,1.0,negbinomial,0.29239382422135424,True
GCAAACCTTGGCCATA-1,7375.0,9289.0,L6,5,0.29889269992504686,1,bisquare,7469,1.0,negbinomial,0.29239382422135424,True
GCAAACGTAAGCGACC-1,3096.0,10696.0,WM,6,0.2483222729675365,1,bisquare,7469,1.0,negbinomial,0.29239382422135424,True
GCAAACGTCGCCAGGT-1,10826.0,8116.0,L2,1,0.5582945717483648,1,bisquare,7469,1.0,negbinomial,0.29239382422135424,True
GCAAAGGGCGTTAGCC-1,4131.0,10344.0,WM,6,0.33265319707159885,1,bisquare,7469,1.0,negbinomial,0.29239382422135424,True
GCAAATATTACGCTTT-1,5604.0,6640.0,L6,5,0.2452132435435135,1,bisquare,7469,1.0,negbinomial,0.29239382422135424,True
GCAACACACTAGAACT-1,3873.0,7946.0,L6,5,0.17886272188033245,1,bisquare,7469,1.0,negbinomial,0.29239382422135424,True
GCAACAGCAGTATGCG-1,10070.0,7991.0,L3,2,0.46026910015842853,1,bisquare,7469,1.0,negbinomial,0.29239382422135424,True
GCAACCACCAGACCGG-1,9134.0,4150.0,L3,2,0.28747907147051294,1,bisquare,7469,1.0,negbinomial,0.29239382422135424,True
GCAACCACGGCCGCGT-1,4771.0,7593.0,L6,5,0.283171516039837,1,bisquare,7469,1.0,negbinomial,0.29239382422135424,True
GCAACGGCTAGTTATG-1,10554.0,7635.0,L3,2,0.560908957056887,1,bisquare,7469,1.0,negbinomial,0.29239382422135424,True
GCAAGAATTCCTTGGC-1,5252.0,7716.0,L6,5,0.30677827388788736,1,bisquare,7469,1.0,negbinomial,0.29239382422135424,True
GCAAGATGTGTTCGCG-1,10031.0,3797.0,L2,1,0.3866569435700516,1,bisquare,7469,1.0,negbinomial,0.29239382422135424,True
GCAAGTGCACAGAGAA-1,5682.0,5323.0,L5,4,0.4046481738898222,1,bisquare,7469,1.0,negbinomial,0.29239382422135424,True
GCAAGTGTAAAGCATG-1,5852.0,10476.0,WM,6,0.5863932393675241,1,bisquare,7469,1.0,negbinomial,0.29239382422135424,True
GCACAAACCCTAGATG-1,4201.0,10225.0,WM,6,0.24240397371378183,1,bisquare,7469,1.0,negbinomial,0.29239382422135424,True
GCACAAACGAGGCGTG-1,10621.0,7995.0,L2,1,0.5611746705536484,1,bisquare,7469,1.0,negbinomial,0.29239382422135424,True
GCACAACCTCGGGCGT-1,3449.0,9381.0,WM,6,0.39817709962471926,1,bisquare,7469,1.0,negbinomial,0.29239382422135424,True
GCACAAGTGTCGGAAG-1,7209.0,3657.0,L3,2,0.13980326331332493,1,bisquare,7469,1.0,negbinomial,0.29239382422135424,True
GCACACACTGGTAGCC-1,9235.0,9183.0,L3,2,0.4675405280883931,1,bisquare,7469,1.0,negbinomial,0.29239382422135424,True
GCACACGCCCATGGTC-1,3470.0,6505.0,L4,3,0.10941826238706928,1,bisquare,7469,1.0,negbinomial,0.29239382422135424,True
GCACAGCACGGGCCGA-1,5641.0,11074.0,WM,6,0.17399578016832934,1,bisquare,7469,1.0,negbinomial,0.29239382422135424,True
GCACGCCTACTTAGAT-1,5449.0,9036.0,WM,6,0.2987329624841894,1,bisquare,7469,1.0,negbinomial,0.29239382422135424,True
GCACGTGGTTTACTTA-1,10054.0,10147.0,L3,2,0.2091345773143591,1,bisquare,7469,1.0,negbinomial,0.29239382422135424,True
GCACTAGTCGCGCTAT-1,5761.0,4006.0,L3,2,0.1603512462766203,1,bisquare,7469,1.0,negbinomial,0.29239382422135424,True
GCACTGCCTACCTTTA-1,7436.0,10368.0,L5,4,0.17241906867667073,1,bisquare,7469,1.0,negbinomial,0.29239382422135424,True
GCACTGTGCAAATGTA-1,5075.0,3521.0,L1,0,0.2540828687379458,1,bisquare,7469,1.0,negbinomial,0.29239382422135424,True
GCAGACCCAGCACGTA-1,9869.0,7150.0,L3,2,0.3394831404029724,1,bisquare,7469,1.0,negbinomial,0.29239382422135424,True
GCAGATCCATAAGACT-1,8620.0,8579.0,L5,4,0.3141417632631461,1,bisquare,7469,1.0,negbinomial,0.29239382422135424,True
GCAGATCCTCGCAAAT-1,3686.0,5189.0,L3,2,0.14660317777064868,1,bisquare,7469,1.0,negbinomial,0.29239382422135424,True
GCAGATTAGGGATATC-1,6979.0,6890.0,L6,5,0.5400841333254925,1,bisquare,7469,1.0,negbinomial,0.29239382422135424,True
GCAGCACACAGCCCAG-1,5670.0,7000.0,L6,5,0.09665923998052711,1,bisquare,7469,1.0,negbinomial,0.29239382422135424,True
GCAGCCTATATCACAT-1,10561.0,6676.0,L2,1,0.3084875476793564,1,bisquare,7469,1.0,negbinomial,0.29239382422135424,True
GCAGCGGTGGGCATTA-1,4939.0,3281.0,L1,0,0.17831604364051457,1,bisquare,7469,1.0,negbinomial,0.29239382422135424,True
GCAGGAACTTAGATCT-1,3798.0,8784.0,WM,6,0.177127153831114,1,bisquare,7469,1.0,negbinomial,0.29239382422135424,True
GCAGGACTATAGAATA-1,5328.0,6638.0,L5,4,0.3360918543758871,1,bisquare,7469,1.0,negbinomial,0.29239382422135424,True
GCAGGTAGAGTATGGT-1,9268.0,4630.0,L3,2,0.22164914359714677,1,bisquare,7469,1.0,negbinomial,0.29239382422135424,True
GCAGTGTGGCTATAGG-1,8475.0,9537.0,L5,4,0.5260270651649989,1,bisquare,7469,1.0,negbinomial,0.29239382422135424,True
GCATACGAGGTCTTTA-1,3742.0,6986.0,L5,4,0.2356362346060697,1,bisquare,7469,1.0,negbinomial,0.29239382422135424,True
GCATAGAGCACTCAGG-1,6841.0,6889.0,L6,5,0.3072350327566535,1,bisquare,7469,1.0,negbinomial,0.29239382422135424,True
GCATCCCTAACTTTGA-1,5689.0,4364.0,L3,2,0.2733398820401331,1,bisquare,7469,1.0,negbinomial,0.29239382422135424,True
GCATCGGCCGTGTAGG-1,9861.0,8349.0,L3,2,0.08202370817666857,1,bisquare,7469,1.0,negbinomial,0.29239382422135424,True
GCATGAGGGACGCGGC-1,8982.0,6066.0,L5,4,0.39373660503856883,1,bisquare,7469,1.0,negbinomial,0.29239382422135424,True
GCATTCAAGGCAACGC-1,10223.0,5835.0,L3,2,0.4769605434312989,1,bisquare,7469,1.0,negbinomial,0.29239382422135424,True
GCATTCGAAATGAACA-1,3751.0,5788.0,L3,2,0.2002955141158446,1,bisquare,7469,1.0,negbinomial,0.29239382422135424,True
GCATTGTAATTCATAT-1,4221.0,7349.0,L6,5,0.41058893944038183,1,bisquare,7469,1.0,negbinomial,0.29239382422135424,True
GCATTTCCAAGGCTCC-1,10425.0,6436.0,L3,2,0.3805254428323527,1,bisquare,7469,1.0,negbinomial,0.29239382422135424,True
GCCAACCATTTCCGGA-1,10087.0,5594.0,L3,2,0.46514135814013846,1,bisquare,7469,1.0,negbinomial,0.29239382422135424,True
GCCAAGAATACTTCTG-1,3460.0,7943.0,L6,5,0.27780616467203423,1,bisquare,7469,1.0,negbinomial,0.29239382422135424,True
GCCAATAGGGCATCTC-1,9882.0,5473.0,L3,2,0.3521971931075427,1,bisquare,7469,1.0,negbinomial,0.29239382422135424,True
GCCACAATTTAAGGAC-1,5457.0,7837.0,WM,6,0.351116910646579,1,bisquare,7469,1.0,negbinomial,0.29239382422135424,True
GCCACTCAGAGCGCGA-1,9301.0,9543.0,L3,2,0.5541217118928429,1,bisquare,7469,1.0,negbinomial,0.29239382422135424,True
GCCAGGAAAGAACACT-1,5159.0,10950.0,WM,6,0.24186065021784442,1,bisquare,7469,1.0,negbinomial,0.29239382422135424,True
GCCAGGAGTAACCGAT-1,8921.0,4987.0,L4,3,0.3420268711777453,1,bisquare,7469,1.0,negbinomial,0.29239382422135424,True
GCCAGGCGTTCGCATG-1,8931.0,3549.0,L3,2,0.2998209977067911,1,bisquare,7469,1.0,negbinomial,0.29239382422135424,True
GCCATATTGCACACAG-1,8989.0,5107.0,L4,3,0.168098471019843,1,bisquare,7469,1.0,negbinomial,0.29239382422135424,True
GCCATCGAGCTGCGTG-1,6001.0,8800.0,WM,6,0.31232696565934825,1,bisquare,7469,1.0,negbinomial,0.29239382422135424,True
GCCATCGATGCTGCAT-1,10357.0,6315.0,L3,2,0.3240683786703888,1,bisquare,7469,1.0,negbinomial,0.29239382422135424,True
GCCATTAGCCTCAAAC-1,3659.0,9023.0,WM,6,0.4550648547493198,1,bisquare,7469,1.0,negbinomial,0.29239382422135424,True
GCCCACCAAGGCTGTC-1,5417.0,3883.0,L3,2,0.10498045853850889,1,bisquare,7469,1.0,negbinomial,0.29239382422135424,True
GCCCAGTTGGTATGCC-1,5408.0,5081.0,L4,3,0.1835117276185761,1,bisquare,7469,1.0,negbinomial,0.29239382422135424,True
GCCCATGGGTGCAATG-1,8870.0,2470.0,L2,1,0.39480593109923195,1,bisquare,7469,1.0,negbinomial,0.29239382422135424,True
GCCCGACTTCTTCCCG-1,4490.0,8310.0,WM,6,0.1580676557898384,1,bisquare,7469,1.0,negbinomial,0.29239382422135424,True
GCCCGAGAGTCTAAAT-1,3446.0,9860.0,WM,6,0.26850115365258914,1,bisquare,7469,1.0,negbinomial,0.29239382422135424,True
GCCCGATCTGTGGTCG-1,7103.0,8808.0,L6,5,0.2425204117265382,1,bisquare,7469,1.0,negbinomial,0.29239382422135424,True
GCCCGCGCGTAAACGG-1,5592.0,8318.0,WM,6,0.3773428009546925,1,bisquare,7469,1.0,negbinomial,0.29239382422135424,True
GCCCGCGCGTTTGACA-1,5548.0,4843.0,L3,2,0.1766714340102846,1,bisquare,7469,1.0,negbinomial,0.29239382422135424,True
GCCCGTAATACCTTCT-1,8227.0,5701.0,L5,4,0.49971676235957463,1,bisquare,7469,1.0,negbinomial,0.29239382422135424,True
GCCCTAGCCGTCGCGA-1,3866.0,8904.0,WM,6,0.2121728984171518,1,bisquare,7469,1.0,negbinomial,0.29239382422135424,True
GCCCTGAGGATGGGCT-1,7847.0,10610.0,L5,4,0.2229894329872599,1,bisquare,7469,1.0,negbinomial,0.29239382422135424,True
GCCGAAATTCCTACGT-1,5879.0,6642.0,L6,5,0.24609751102234445,1,bisquare,7469,1.0,negbinomial,0.29239382422135424,True
GCCGACCCACGACTGC-1,4823.0,9870.0,WM,6,0.30504439817901824,1,bisquare,7469,1.0,negbinomial,0.29239382422135424,True
GCCGATTGGCCAAGCT-1,6976.0,7369.0,L6,5,0.05622279573735223,1,bisquare,7469,1.0,negbinomial,0.29239382422135424,True
GCCGCATTAGTCCGGC-1,3951.0,6628.0,L5,4,0.2411646211624475,1,bisquare,7469,1.0,negbinomial,0.29239382422135424,True
GCCGCTAGATACGCAG-1,9419.0,2714.0,L2,1,0.21997245982026978,1,bisquare,7469,1.0,negbinomial,0.29239382422135424,True
GCCGCTTGTGAGAAAC-1,5534.0,6760.0,L6,5,0.18340396490100383,1,bisquare,7469,1.0,negbinomial,0.29239382422135424,True
GCCGGAAACACATCTT-1,6458.0,2812.0,L1,0,0.35031250026067323,1,bisquare,7469,1.0,negbinomial,0.29239382422135424,True
GCCGGGTTAGGGTCGC-1,6838.0,7368.0,L6,5,0.18733655016936973,1,bisquare,7469,1.0,negbinomial,0.29239382422135424,True
GCCGGTTTGGGCGGAT-1,4875.0,2681.0,L1,0,0.41455426638700155,1,bisquare,7469,1.0,negbinomial,0.29239382422135424,True
GCCGTCGGTTTCGGGC-1,5573.0,10953.0,WM,6,0.20737133668226723,1,bisquare,7469,1.0,negbinomial,0.29239382422135424,True
GCCGTGGAAGAAATGT-1,10696.0,7156.0,L2,1,0.5458033437119458,1,bisquare,7469,1.0,negbinomial,0.29239382422135424,True
GCCTAGCGATCTGACC-1,5686.0,4844.0,L4,3,0.21584024419809503,1,bisquare,7469,1.0,negbinomial,0.29239382422135424,True
GCCTATAGTGTCAGGG-1,9052.0,5946.0,L4,3,0.3812790400583184,1,bisquare,7469,1.0,negbinomial,0.29239382422135424,True
GCCTATTCCGATATAG-1,4856.0,5317.0,L4,3,0.13743670640283437,1,bisquare,7469,1.0,negbinomial,0.29239382422135424,True
GCCTATTTGCTACACA-1,6247.0,3410.0,L2,1,0.2563698200172184,1,bisquare,7469,1.0,negbinomial,0.29239382422135424,True
GCCTCATCTGGAAATA-1,9317.0,7386.0,L4,3,0.4888126778068466,1,bisquare,7469,1.0,negbinomial,0.29239382422135424,True
GCCTCCGACAATTCAC-1,9507.0,9664.0,L3,2,0.3021097328163419,1,bisquare,7469,1.0,negbinomial,0.29239382422135424,True
GCCTCTATACATAGCA-1,7928.0,9053.0,L5,4,0.3245044659443191,1,bisquare,7469,1.0,negbinomial,0.29239382422135424,True
GCCTGCTACACTGAGA-1,10103.0,3438.0,L1,0,0.4009089109319019,1,bisquare,7469,1.0,negbinomial,0.29239382422135424,True
GCCTTCAGCCCTACCG-1,6240.0,4368.0,L3,2,0.18842105342109233,1,bisquare,7469,1.0,negbinomial,0.29239382422135424,True
GCCTTGTATATGCAGT-1,3829.0,4471.0,L2,1,0.1017833121852693,1,bisquare,7469,1.0,negbinomial,0.29239382422135424,True
GCCTTTGTCAGTGGAC-1,3444.0,10099.0,WM,6,0.20969117978306104,1,bisquare,7469,1.0,negbinomial,0.29239382422135424,True
GCGAAACGATCGGGAG-1,9650.0,8946.0,L3,2,0.38071736301303094,1,bisquare,7469,1.0,negbinomial,0.29239382422135424,True
GCGAAACTTAACTGGA-1,8419.0,7739.0,L5,4,0.49377295727386544,1,bisquare,7469,1.0,negbinomial,0.29239382422135424,True
GCGAAGAATCTGACGG-1,8538.0,10376.0,L3,2,0.3384917186203511,1,bisquare,7469,1.0,negbinomial,0.29239382422135424,True
GCGAAGCCATACCCGT-1,6984.0,6171.0,L6,5,0.24159379364606118,1,bisquare,7469,1.0,negbinomial,0.29239382422135424,True
GCGACATGTAAACATC-1,10147.0,6913.0,L3,2,0.46785917076264966,1,bisquare,7469,1.0,negbinomial,0.29239382422135424,True
GCGACCCAACCATCTG-1,5032.0,9512.0,WM,6,0.19129131696820287,1,bisquare,7469,1.0,negbinomial,0.29239382422135424,True
GCGACGATAGTTGTAC-1,6488.0,8204.0,L6,5,0.27673201005707243,1,bisquare,7469,1.0,negbinomial,0.29239382422135424,True
GCGAGAAACGGGAGTT-1,3695.0,3991.0,L1,0,0.2116045582166711,1,bisquare,7469,1.0,negbinomial,0.29239382422135424,True
GCGAGAGGCCATGTAA-1,10574.0,4999.0,L2,1,0.19665942779784978,1,bisquare,7469,1.0,negbinomial,0.29239382422135424,True
GCGAGAGTTGCGTCCA-1,10150.0,6434.0,L3,2,0.4724994990411583,1,bisquare,7469,1.0,negbinomial,0.29239382422135424,True
GCGAGCGCATGCTCCC-1,10284.0,6914.0,L3,2,0.4440502421517896,1,bisquare,7469,1.0,negbinomial,0.29239382422135424,True
GCGAGGCCCGAGCAGA-1,6015.0,6883.0,L6,5,0.2973291145093476,1,bisquare,7469,1.0,negbinomial,0.29239382422135424,True
GCGAGTTCTGCAAAGA-1,7119.0,6651.0,L6,5,0.33438851405894604,1,bisquare,7469,1.0,negbinomial,0.29239382422135424,True
GCGATTCTGGAAGCAG-1,7898.0,3662.0,L3,2,0.1665343745070766,1,bisquare,7469,1.0,negbinomial,0.29239382422135424,True
GCGATTGTTAACGTTA-1,8081.0,6898.0,L6,5,0.4469908449796857,1,bisquare,7469,1.0,negbinomial,0.29239382422135424,True
GCGCAAATATATTCAA-1,4689.0,9389.0,WM,6,0.3675213103107205,1,bisquare,7469,1.0,negbinomial,0.29239382422135424,True
GCGCAAGAGCGCGCTG-1,9662.0,7269.0,L3,2,0.2501691453332387,1,bisquare,7469,1.0,negbinomial,0.29239382422135424,True
GCGCATCCAGTCAGCA-1,9327.0,5948.0,L4,3,0.42593447949704594,1,bisquare,7469,1.0,negbinomial,0.29239382422135424,True
GCGCCGTTCCACGATA-1,7251.0,7371.0,L6,5,0.0778746314815091,1,bisquare,7469,1.0,negbinomial,0.29239382422135424,True
GCGCCTCCCACTCCGA-1,10344.0,8232.0,L3,2,0.38476685431745866,1,bisquare,7469,1.0,negbinomial,0.29239382422135424,True
GCGCGGTCTAGTAACT-1,6883.0,10604.0,L6,5,0.22406180909213688,1,bisquare,7469,1.0,negbinomial,0.29239382422135424,True
GCGCGTCATTGGTACA-1,8477.0,9297.0,L5,4,0.4419679380265177,1,bisquare,7469,1.0,negbinomial,0.29239382422135424,True
GCGCTAAGTATGCATG-1,8731.0,2709.0,L3,2,0.5094520110322225,1,bisquare,7469,1.0,negbinomial,0.29239382422135424,True
GCGCTAATTGAATAGA-1,7601.0,6535.0,L6,5,0.5084390048954321,1,bisquare,7469,1.0,negbinomial,0.29239382422135424,True
GCGCTATGCCGAGGCA-1,6010.0,7602.0,WM,6,0.3947958904040237,1,bisquare,7469,1.0,negbinomial,0.29239382422135424,True
GCGCTGATCCAGACTC-1,8787.0,4507.0,L3,2,0.2418812675851606,1,bisquare,7469,1.0,negbinomial,0.29239382422135424,True
GCGCTGCTTTGCATTT-1,9259.0,5828.0,L4,3,0.31474500049222554,1,bisquare,7469,1.0,negbinomial,0.29239382422135424,True
GCGCTTAAATAATTGG-1,8890.0,9300.0,L4,3,0.580862292469077,1,bisquare,7469,1.0,negbinomial,0.29239382422135424,True
GCGGACCGCGTTGTGG-1,5728.0,8558.0,WM,6,0.23897520374990355,1,bisquare,7469,1.0,negbinomial,0.29239382422135424,True
GCGGAGAAACTTCGCA-1,5036.0,9033.0,WM,6,0.22544933218036606,1,bisquare,7469,1.0,negbinomial,0.29239382422135424,True
GCGGAGAGGGAGAACG-1,8142.0,7977.0,L5,4,0.2384792737724814,1,bisquare,7469,1.0,negbinomial,0.29239382422135424,True
GCGGCAAAGTATTGCC-1,4619.0,9509.0,WM,6,0.20526773736901288,1,bisquare,7469,1.0,negbinomial,0.29239382422135424,True
GCGGCTCTGACGTACC-1,5395.0,6998.0,L6,5,0.1283387389585264,1,bisquare,7469,1.0,negbinomial,0.29239382422135424,True
GCGGGAACCAGGCCCT-1,6101.0,4607.0,L4,3,0.15323365187792656,1,bisquare,7469,1.0,negbinomial,0.29239382422135424,True
GCGGGCGAGCCTTACC-1,6275.0,9042.0,WM,6,0.3966421139042309,1,bisquare,7469,1.0,negbinomial,0.29239382422135424,True
GCGGTCCCTAGACGCA-1,5898.0,4007.0,L3,2,0.22991154881718479,1,bisquare,7469,1.0,negbinomial,0.29239382422135424,True
GCGGTGAACTGCGCTC-1,9266.0,4870.0,L3,2,0.4208868056167785,1,bisquare,7469,1.0,negbinomial,0.29239382422135424,True
GCGGTTCCCTATCATG-1,6144.0,8082.0,WM,6,0.4601145565928446,1,bisquare,7469,1.0,negbinomial,0.29239382422135424,True
GCGTAAATGGCCATAA-1,9805.0,6551.0,L3,2,0.5820666355969498,1,bisquare,7469,1.0,negbinomial,0.29239382422135424,True
GCGTCCCTAAGACATA-1,5648.0,10115.0,WM,6,0.26271014495577893,1,bisquare,7469,1.0,negbinomial,0.29239382422135424,True
GCGTCGAAATGTCGGT-1,7272.0,4496.0,L4,3,0.1999365889520671,1,bisquare,7469,1.0,negbinomial,0.29239382422135424,True
GCGTCGCCAGGGTGAT-1,7033.0,8927.0,L6,5,0.16147227759665178,1,bisquare,7469,1.0,negbinomial,0.29239382422135424,True
GCGTCTCTGCATTGGG-1,5600.0,7120.0,L6,5,0.0736661581985424,1,bisquare,7469,1.0,negbinomial,0.29239382422135424,True
GCGTGGTACTGGGTTA-1,9322.0,6667.0,L4,3,0.4124983076492572,1,bisquare,7469,1.0,negbinomial,0.29239382422135424,True
GCGTGTATGTCGTATT-1,7009.0,2816.0,L2,1,0.18838435141509408,1,bisquare,7469,1.0,negbinomial,0.29239382422135424,True
GCGTTATATTTGGAAC-1,3679.0,6147.0,L3,2,0.14921968492818813,1,bisquare,7469,1.0,negbinomial,0.29239382422135424,True
GCGTTCGGAGACCGGG-1,9887.0,4754.0,L3,2,0.21877950617148417,1,bisquare,7469,1.0,negbinomial,0.29239382422135424,True
GCTAAACCTGAGGTGA-1,4375.0,5194.0,L3,2,0.10646820183654612,1,bisquare,7469,1.0,negbinomial,0.29239382422135424,True
GCTAACTGAAGTCTGA-1,8820.0,9419.0,L4,3,0.461439210121126,1,bisquare,7469,1.0,negbinomial,0.29239382422135424,True
GCTAAGTAAAGGCGAT-1,3683.0,5668.0,L3,2,0.16432836977853973,1,bisquare,7469,1.0,negbinomial,0.29239382422135424,True
GCTAAGTAGTTTCTCT-1,8290.0,6540.0,L5,4,0.31478837160349715,1,bisquare,7469,1.0,negbinomial,0.29239382422135424,True
GCTAATACCGAATGCC-1,6029.0,4966.0,L5,4,0.20557753966093806,1,bisquare,7469,1.0,negbinomial,0.29239382422135424,True
GCTACAATCGAGGATA-1,9918.0,9907.0,L3,2,0.3993751291622102,1,bisquare,7469,1.0,negbinomial,0.29239382422135424,True
GCTACAGTACGGACCG-1,3740.0,7226.0,L5,4,0.12285322382603045,1,bisquare,7469,1.0,negbinomial,0.29239382422135424,True
GCTACGACTTATTGGG-1,7525.0,7613.0,L6,5,0.29114560632427905,1,bisquare,7469,1.0,negbinomial,0.29239382422135424,True
GCTACTATAGTAGAGT-1,9240.0,8464.0,L4,3,0.28148947680256403,1,bisquare,7469,1.0,negbinomial,0.29239382422135424,True
GCTAGACCGTCTACTG-1,9936.0,7510.0,L3,2,0.29878356748054835,1,bisquare,7469,1.0,negbinomial,0.29239382422135424,True
GCTAGAGTAGAGATGT-1,9373.0,9184.0,L3,2,0.529214299138252,1,bisquare,7469,1.0,negbinomial,0.29239382422135424,True
GCTAGCAGGGAGTGGG-1,9752.0,4274.0,L3,2,0.408271578599956,1,bisquare,7469,1.0,negbinomial,0.29239382422135424,True
GCTAGCGATAGGTCTT-1,4406.0,10346.0,WM,6,0.255806241303376,1,bisquare,7469,1.0,negbinomial,0.29239382422135424,True
GCTAGCTTGAATAGCT-1,5796.0,8679.0,WM,6,0.3149640574327972,1,bisquare,7469,1.0,negbinomial,0.29239382422135424,True
GCTAGGCACCACGGAG-1,8548.0,8938.0,L5,4,0.41492899864095545,1,bisquare,7469,1.0,negbinomial,0.29239382422135424,True
GCTAGTAGAGCTTGTA-1,7253.0,7132.0,L6,5,0.22307903577442956,1,bisquare,7469,1.0,negbinomial,0.29239382422135424,True
GCTAGTTTCATTGAGG-1,5344.0,4482.0,L3,2,0.18778953863294923,1,bisquare,7469,1.0,negbinomial,0.29239382422135424,True
GCTATACGTCTCGGAC-1,8825.0,8700.0,L4,3,0.35542338031745657,1,bisquare,7469,1.0,negbinomial,0.29239382422135424,True
GCTATCATACTCATGG-1,8135.0,8935.0,L5,4,0.3108306323700872,1,bisquare,7469,1.0,negbinomial,0.29239382422135424,True
GCTATCGCGGCGCAAC-1,4446.0,4835.0,L3,2,0.11356929931359588,1,bisquare,7469,1.0,negbinomial,0.29239382422135424,True
GCTCAATCCGTTTATT-1,5175.0,8794.0,WM,6,0.22968499560889438,1,bisquare,7469,1.0,negbinomial,0.29239382422135424,True
GCTCAATGTAATACCG-1,6751.0,9884.0,L6,5,0.30546574386348685,1,bisquare,7469,1.0,negbinomial,0.29239382422135424,True
GCTCATTACTGCATGT-1,9203.0,4030.0,L3,2,0.2878015756889241,1,bisquare,7469,1.0,negbinomial,0.29239382422135424,True
GCTCCCAGTCGGTCCA-1,10279.0,7633.0,L3,2,0.3541590804988616,1,bisquare,7469,1.0,negbinomial,0.29239382422135424,True
GCTCCGCTCGCTTCAG-1,10487.0,7514.0,L3,2,0.5349335057352351,1,bisquare,7469,1.0,negbinomial,0.29239382422135424,True
GCTCCGGACGTTGATA-1,9901.0,2837.0,L1,0,0.3952901122458786,1,bisquare,7469,1.0,negbinomial,0.29239382422135424,True
GCTCCTGACATACTGG-1,4966.0,9152.0,WM,6,0.2586024896583984,1,bisquare,7469,1.0,negbinomial,0.29239382422135424,True
GCTCGCGGTTCCGCTC-1,3684.0,5428.0,L3,2,0.10956723456432498,1,bisquare,7469,1.0,negbinomial,0.29239382422135424,True
GCTCGCTCATGTCCAA-1,9592.0,7388.0,L3,2,0.4794950278641099,1,bisquare,7469,1.0,negbinomial,0.29239382422135424,True
GCTCGGAATTTAAAGC-1,8576.0,5104.0,L5,4,0.38938224651160885,1,bisquare,7469,1.0,negbinomial,0.29239382422135424,True
GCTCTAAACCCTGACG-1,6784.0,5331.0,L5,4,0.1988686867329794,1,bisquare,7469,1.0,negbinomial,0.29239382422135424,True
GCTCTATGTTACGTGC-1,5543.0,5562.0,L5,4,0.19315790683956086,1,bisquare,7469,1.0,negbinomial,0.29239382422135424,True
GCTCTCGGGTACCGAA-1,6782.0,5571.0,L5,4,0.3962999928149004,1,bisquare,7469,1.0,negbinomial,0.29239382422135424,True
GCTCTTTCCGCTAGTG-1,6474.0,10121.0,L6,5,0.2500196090080882,1,bisquare,7469,1.0,negbinomial,0.29239382422135424,True
GCTGAATCTTCCAATC-1,4344.0,9507.0,WM,6,0.2808167715472797,1,bisquare,7469,1.0,negbinomial,0.29239382422135424,True
GCTGAGGCGTGAGTAT-1,7183.0,7251.0,L6,5,0.10323769042339262,1,bisquare,7469,1.0,negbinomial,0.29239382422135424,True
GCTGCACGGTTTCTTA-1,7802.0,7375.0,L6,5,0.4523821543063241,1,bisquare,7469,1.0,negbinomial,0.29239382422135424,True
GCTGCTAAGTAGTCGA-1,6618.0,9164.0,L6,5,0.23662007003558483,1,bisquare,7469,1.0,negbinomial,0.29239382422135424,True
GCTGCTACTGCGTAGC-1,7931.0,8574.0,L5,4,0.26420900484288,1,bisquare,7469,1.0,negbinomial,0.29239382422135424,True
GCTGCTCTCCGGACAC-1,7122.0,6172.0,L6,5,0.22816881913410333,1,bisquare,7469,1.0,negbinomial,0.29239382422135424,True
GCTGGACCCAAAGTGG-1,10098.0,4157.0,L2,1,0.5675995697083289,1,bisquare,7469,1.0,negbinomial,0.29239382422135424,True
GCTGGCATATTCACCT-1,4919.0,6156.0,L5,4,0.2851032222980584,1,bisquare,7469,1.0,negbinomial,0.29239382422135424,True
GCTGGCGGCGCATGCT-1,7171.0,8928.0,L6,5,0.1706607333647261,1,bisquare,7469,1.0,negbinomial,0.29239382422135424,True
GCTGGGTCCGCTGTTA-1,3841.0,2794.0,L1,0,0.2535841650181994,1,bisquare,7469,1.0,negbinomial,0.29239382422135424,True
GCTGGTTTAGGCCATA-1,3723.0,9622.0,WM,6,0.2544300582457798,1,bisquare,7469,1.0,negbinomial,0.29239382422135424,True
GCTGTATTACTGGCCC-1,5388.0,7957.0,WM,6,0.27882794279349066,1,bisquare,7469,1.0,negbinomial,0.29239382422135424,True
GCTGTCTGTGATCGAC-1,9076.0,2592.0,L2,1,0.38932534944260505,1,bisquare,7469,1.0,negbinomial,0.29239382422135424,True
GCTGTTGCTACCGAAC-1,9319.0,7146.0,L4,3,0.5586922954774733,1,bisquare,7469,1.0,negbinomial,0.29239382422135424,True
GCTTAATGTAACTAAC-1,8559.0,7500.0,L5,4,0.3978411617542719,1,bisquare,7469,1.0,negbinomial,0.29239382422135424,True
GCTTACGTAGTTAGTA-1,10492.0,6795.0,L3,2,0.2510081691674285,1,bisquare,7469,1.0,negbinomial,0.29239382422135424,True
GCTTATGAAGCAGGAA-1,8909.0,6664.0,L5,4,0.34268917519770803,1,bisquare,7469,1.0,negbinomial,0.29239382422135424,True
GCTTCCGTCCCTAGAC-1,8088.0,5939.0,L5,4,0.16530756944363456,1,bisquare,7469,1.0,negbinomial,0.29239382422135424,True
GCTTCGACGTTCAATC-1,3784.0,10701.0,WM,6,0.34551977006970325,1,bisquare,7469,1.0,negbinomial,0.29239382422135424,True
GCTTGATGATAATCAG-1,5271.0,5080.0,L4,3,0.21090678883562622,1,bisquare,7469,1.0,negbinomial,0.29239382422135424,True
GCTTGGATCGATTAGG-1,9463.0,6189.0,L3,2,0.2678816934307853,1,bisquare,7469,1.0,negbinomial,0.29239382422135424,True
GCTTTCAGAGGAGGTG-1,9324.0,6428.0,L4,3,0.2166226577700849,1,bisquare,7469,1.0,negbinomial,0.29239382422135424,True
GGAAACCTTGTTGAAT-1,10092.0,4876.0,L3,2,0.30959679947054625,1,bisquare,7469,1.0,negbinomial,0.29239382422135424,True
GGAAACTAAATGGGCC-1,9782.0,9666.0,L3,2,0.5351931135340768,1,bisquare,7469,1.0,negbinomial,0.29239382422135424,True
GGAAAGTGCCCATGCC-1,8991.0,4868.0,L4,3,0.320780324005098,1,bisquare,7469,1.0,negbinomial,0.29239382422135424,True
GGAACCGTGTAAATTG-1,6005.0,8321.0,WM,6,0.28347517258613963,1,bisquare,7469,1.0,negbinomial,0.29239382422135424,True
GGAACCTTGACTCTGC-1,4206.0,9506.0,WM,6,0.394234278174924,1,bisquare,7469,1.0,negbinomial,0.29239382422135424,True
GGAACGGCCTGCAGCC-1,3822.0,5429.0,L3,2,0.17467754195018134,1,bisquare,7469,1.0,negbinomial,0.29239382422135424,True
GGAACTTTGGCGATTA-1,10333.0,9670.0,L2,1,0.38219780515022056,1,bisquare,7469,1.0,negbinomial,0.29239382422135424,True
GGAAGCTCGCTTACAG-1,8517.0,3786.0,L3,2,0.23862704946690505,1,bisquare,7469,1.0,negbinomial,0.29239382422135424,True
GGAATAACCTCAAGAA-1,6937.0,3175.0,L3,2,0.17492845903296278,1,bisquare,7469,1.0,negbinomial,0.29239382422135424,True
GGAATGCGCTAGCGTG-1,8429.0,6301.0,L5,4,0.5489288154201387,1,bisquare,7469,1.0,negbinomial,0.29239382422135424,True
GGACACAAGTTTACAC-1,10413.0,8113.0,L3,2,0.48833788793898764,1,bisquare,7469,1.0,negbinomial,0.29239382422135424,True
GGACCAACAGGATAAC-1,7380.0,8570.0,L6,5,0.4552554150445747,1,bisquare,7469,1.0,negbinomial,0.29239382422135424,True
GGACCTACGGTAACGT-1,10302.0,4518.0,L2,1,0.5043568945974266,1,bisquare,7469,1.0,negbinomial,0.29239382422135424,True
GGACCTCTAGGCCGCC-1,4826.0,9390.0,WM,6,0.42582085632814903,1,bisquare,7469,1.0,negbinomial,0.29239382422135424,True
GGACGGCTTGCGCAAC-1,9759.0,3316.0,L2,1,0.4064831613875304,1,bisquare,7469,1.0,negbinomial,0.29239382422135424,True
GGACTCGACAGCGCAT-1,5920.0,10597.0,WM,6,0.33429960155155586,1,bisquare,7469,1.0,negbinomial,0.29239382422135424,True
GGACTCGTGAGTGGTC-1,5372.0,10113.0,WM,6,0.4527582666664046,1,bisquare,7469,1.0,negbinomial,0.29239382422135424,True
GGAGAAGTCATTGGCA-1,5614.0,5203.0,L4,3,0.3321796149248896,1,bisquare,7469,1.0,negbinomial,0.29239382422135424,True
GGAGACCATCTACATA-1,3319.0,8421.0,L6,5,0.13115332079574532,1,bisquare,7469,1.0,negbinomial,0.29239382422135424,True
GGAGACGACACCTTTG-1,7387.0,7612.0,L6,5,0.334990496724897,1,bisquare,7469,1.0,negbinomial,0.29239382422135424,True
GGAGCAACATTTCAAG-1,9854.0,9307.0,L3,2,0.37389823270092226,1,bisquare,7469,1.0,negbinomial,0.29239382422135424,True
GGAGCACCAAGAACTA-1,8435.0,5582.0,L5,4,0.38321943811167525,1,bisquare,7469,1.0,negbinomial,0.29239382422135424,True
GGAGCGAGGCCTACTT-1,7504.0,10488.0,L5,4,0.30729617936782005,1,bisquare,7469,1.0,negbinomial,0.29239382422135424,True
GGAGGATTGAAAGGAG-1,7831.0,3302.0,L3,2,0.3802755858057814,1,bisquare,7469,1.0,negbinomial,0.29239382422135424,True
GGAGGCCGAAGTCGTC-1,10764.0,7277.0,L2,1,0.4011719188751538,1,bisquare,7469,1.0,negbinomial,0.29239382422135424,True
GGAGGCGAAGAACCGC-1,9763.0,2836.0,L1,0,0.4578399237534119,1,bisquare,7469,1.0,negbinomial,0.29239382422135424,True
GGAGGGCTTGGTTGGC-1,8154.0,6299.0,L5,4,0.3702134122937557,1,bisquare,7469,1.0,negbinomial,0.29239382422135424,True
GGAGGGTCAAGTAAGA-1,10607.0,9912.0,L2,1,0.15331677971539917,1,bisquare,7469,1.0,negbinomial,0.29239382422135424,True
GGAGTGCCGCCCTGGA-1,6444.0,4729.0,L4,3,0.22393011460982803,1,bisquare,7469,1.0,negbinomial,0.29239382422135424,True
GGATACTCATGAATTG-1,5902.0,3527.0,L2,1,0.20628910423868557,1,bisquare,7469,1.0,negbinomial,0.29239382422135424,True
GGATCAAAGGACGAGG-1,6386.0,3171.0,L2,1,0.19009419273212874,1,bisquare,7469,1.0,negbinomial,0.29239382422135424,True
GGATCATCCCGTACGC-1,9751.0,4514.0,L3,2,0.18609924775547335,1,bisquare,7469,1.0,negbinomial,0.29239382422135424,True
GGATCCCTACCAGCTA-1,3630.0,3391.0,L1,0,0.28490683991720195,1,bisquare,7469,1.0,negbinomial,0.29239382422135424,True
GGATCCGGAATATACT-1,8428.0,6541.0,L5,4,0.404657621655747,1,bisquare,7469,1.0,negbinomial,0.29239382422135424,True
GGATCTTACTGCCCTT-1,5165.0,10232.0,WM,6,0.44920985621272586,1,bisquare,7469,1.0,negbinomial,0.29239382422135424,True
GGATCTTGACTCAACC-1,3937.0,8545.0,WM,6,0.3051717346228334,1,bisquare,7469,1.0,negbinomial,0.29239382422135424,True
GGATGAAGATCGCTGA-1,9247.0,7505.0,L4,3,0.2857622003926047,1,bisquare,7469,1.0,negbinomial,0.29239382422135424,True
GGATGACGCGAGTTTA-1,5877.0,6882.0,L6,5,0.06389965473224042,1,bisquare,7469,1.0,negbinomial,0.29239382422135424,True
GGATGCTGGCGTTCCT-1,4086.0,7109.0,L5,4,0.11848008671784559,1,bisquare,7469,1.0,negbinomial,0.29239382422135424,True
GGATGTCCTTACCGCA-1,9047.0,6665.0,L5,4,0.5708560496456755,1,bisquare,7469,1.0,negbinomial,0.29239382422135424,True
GGATTAAGCTAAGGTC-1,8795.0,3309.0,L3,2,0.22208974296247697,1,bisquare,7469,1.0,negbinomial,0.29239382422135424,True
GGATTCAGTACGGTGG-1,5067.0,4719.0,L3,2,0.14379916263419917,1,bisquare,7469,1.0,negbinomial,0.29239382422135424,True
GGATTCCGCTATACCC-1,8372.0,4743.0,L5,4,0.20229822743151038,1,bisquare,7469,1.0,negbinomial,0.29239382422135424,True
GGATTGCTGTGACTCC-1,8543.0,9657.0,L4,3,0.476831416083475,1,bisquare,7469,1.0,negbinomial,0.29239382422135424,True
GGATTTCACTTCTATA-1,8499.0,6182.0,L5,4,0.26682059881584824,1,bisquare,7469,1.0,negbinomial,0.29239382422135424,True
GGCAAAGGCGCCAATA-1,5105.0,8913.0,WM,6,0.5220515450297559,1,bisquare,7469,1.0,negbinomial,0.29239382422135424,True
GGCAAATTACTTTACT-1,6425.0,7365.0,L6,5,0.24175029999167794,1,bisquare,7469,1.0,negbinomial,0.29239382422135424,True
GGCAAGCCCATAGTGG-1,6953.0,10484.0,L6,5,0.41306653334385857,1,bisquare,7469,1.0,negbinomial,0.29239382422135424,True
GGCAAGGCGAAATAGC-1,7523.0,7852.0,L6,5,0.3902483641762811,1,bisquare,7469,1.0,negbinomial,0.29239382422135424,True
GGCAATAGTCAATGAG-1,7605.0,6056.0,L6,5,0.1786587984239717,1,bisquare,7469,1.0,negbinomial,0.29239382422135424,True
GGCACTCCACTGGGCA-1,5949.0,6523.0,L6,5,0.18421747432048252,1,bisquare,7469,1.0,negbinomial,0.29239382422135424,True
GGCAGCAAACCTATGC-1,9859.0,8588.0,L3,2,0.4399654991225888,1,bisquare,7469,1.0,negbinomial,0.29239382422135424,True
GGCAGCGGTAATCCTA-1,9684.0,4154.0,L3,2,0.267240769258927,1,bisquare,7469,1.0,negbinomial,0.29239382422135424,True
GGCATACAGGTAGCGG-1,4985.0,6516.0,L5,4,0.13556698818342014,1,bisquare,7469,1.0,negbinomial,0.29239382422135424,True
GGCATATCGGTTCTGC-1,8511.0,4505.0,L4,3,0.24691665224678053,1,bisquare,7469,1.0,negbinomial,0.29239382422135424,True
GGCATCAACGAGCACG-1,6318.0,3051.0,L1,0,0.4187249561331597,1,bisquare,7469,1.0,negbinomial,0.29239382422135424,True
GGCCACAAGCGATGGC-1,5837.0,2928.0,L1,0,0.19957902787617232,1,bisquare,7469,1.0,negbinomial,0.29239382422135424,True
GGCCCTCACCCACTTA-1,4363.0,6871.0,L5,4,0.2128646626663943,1,bisquare,7469,1.0,negbinomial,0.29239382422135424,True
GGCCGAGACTCTGGTG-1,4961.0,9871.0,WM,6,0.3414826823990547,1,bisquare,7469,1.0,negbinomial,0.29239382422135424,True
GGCCGGCGTCTGCTAT-1,8194.0,10254.0,L5,4,0.37430344437261326,1,bisquare,7469,1.0,negbinomial,0.29239382422135424,True
GGCCGTTTGGGTTTCA-1,5858.0,9518.0,WM,6,0.17987415803379186,1,bisquare,7469,1.0,negbinomial,0.29239382422135424,True
GGCCTGCTTCTCCCGA-1,10541.0,9552.0,L2,1,0.19389092376769063,1,bisquare,7469,1.0,negbinomial,0.29239382422135424,True
GGCGAAATCTAACTTG-1,8764.0,7622.0,L5,4,0.5660941853181936,1,bisquare,7469,1.0,negbinomial,0.29239382422135424,True
GGCGAGCATCGAGGAC-1,4601.0,2440.0,L1,0,0.3221363126357517,1,bisquare,7469,1.0,negbinomial,0.29239382422135424,True
GGCGAGCGAAACGGCA-1,3249.0,8540.0,L6,5,0.10562036208355524,1,bisquare,7469,1.0,negbinomial,0.29239382422135424,True
GGCGCAGGACATCTTC-1,4638.0,6873.0,L5,4,0.22020029415946837,1,bisquare,7469,1.0,negbinomial,0.29239382422135424,True
GGCGCATGAATTGATG-1,6493.0,7485.0,L6,5,0.353214177052936,1,bisquare,7469,1.0,negbinomial,0.29239382422135424,True
GGCGCGGAGATCTTTC-1,8682.0,9418.0,L4,3,0.35926602094636445,1,bisquare,7469,1.0,negbinomial,0.29239382422135424,True
GGCGCGTTCGAGTTTA-1,6833.0,8087.0,L6,5,0.3160106893459272,1,bisquare,7469,1.0,negbinomial,0.29239382422135424,True
GGCGCTCCTCATCAAT-1,4105.0,4473.0,L3,2,0.16066807174580855,1,bisquare,7469,1.0,negbinomial,0.29239382422135424,True
GGCGCTTCATTCCCTG-1,7642.0,10489.0,L5,4,0.2685484830209674,1,bisquare,7469,1.0,negbinomial,0.29239382422135424,True
GGCGGAGTAATATTAG-1,5951.0,6283.0,L6,5,0.34563999202960144,1,bisquare,7469,1.0,negbinomial,0.29239382422135424,True
GGCGGTAGGATCATTG-1,7535.0,6175.0,L6,5,0.3589829662927648,1,bisquare,7469,1.0,negbinomial,0.29239382422135424,True
GGCGGTTTGCCGGTGC-1,3555.0,4229.0,L1,0,0.4179605185096117,1,bisquare,7469,1.0,negbinomial,0.29239382422135424,True
GGCGTACCCTATATAA-1,6390.0,2692.0,L1,0,0.272855574505925,1,bisquare,7469,1.0,negbinomial,0.29239382422135424,True
GGCGTAGGGAAAGCTG-1,8402.0,10135.0,L4,3,0.5496873447347632,1,bisquare,7469,1.0,negbinomial,0.29239382422135424,True
GGCGTCCTATCCGCTG-1,5056.0,6157.0,L5,4,0.15835702697966508,1,bisquare,7469,1.0,negbinomial,0.29239382422135424,True
GGCTAAAGGGCGGGTC-1,9611.0,4752.0,L3,2,0.1923866245203058,1,bisquare,7469,1.0,negbinomial,0.29239382422135424,True
GGCTACTATACACTCC-1,5785.0,10116.0,WM,6,0.2731308579486691,1,bisquare,7469,1.0,negbinomial,0.29239382422135424,True
GGCTATTAAGTTGTAT-1,5606.0,6401.0,L5,4,0.1560191799227925,1,bisquare,7469,1.0,negbinomial,0.29239382422135424,True
GGCTCCTCCACCTGTT-1,5170.0,9513.0,WM,6,0.14854814664126417,1,bisquare,7469,1.0,negbinomial,0.29239382422135424,True
GGCTCGCGTTGAGGTA-1,9188.0,6187.0,L4,3,0.44252012409398694,1,bisquare,7469,1.0,negbinomial,0.29239382422135424,True
GGCTCGTGCCACCAGC-1,5410.0,4842.0,L3,2,0.15921263727540386,1,bisquare,7469,1.0,negbinomial,0.29239382422135424,True
GGCTCTGCTCCAACGC-1,7746.0,5577.0,L5,4,0.16036529609558353,1,bisquare,7469,1.0,negbinomial,0.29239382422135424,True
GGCTGAAATAGCAAAG-1,8208.0,8337.0,L5,4,0.23391932026146353,1,bisquare,7469,1.0,negbinomial,0.29239382422135424,True
GGCTGAGCATCGTAAG-1,9620.0,3554.0,L2,1,0.2499787807449126,1,bisquare,7469,1.0,negbinomial,0.29239382422135424,True
GGCTGGCTAGCTTAAA-1,4798.0,3759.0,L1,0,0.35472962085768683,1,bisquare,7469,1.0,negbinomial,0.29239382422135424,True
GGCTTTCAATAAGGGT-1,7028.0,9646.0,L6,5,0.16666711881298618,1,bisquare,7469,1.0,negbinomial,0.29239382422135424,True
GGGAACCACCTGTTTC-1,5220.0,2564.0,L1,0,0.35278843410178473,1,bisquare,7469,1.0,negbinomial,0.29239382422135424,True
GGGAACGGGAGGTTAG-1,5325.0,7118.0,L6,5,0.10239001167915486,1,bisquare,7469,1.0,negbinomial,0.29239382422135424,True
GGGAACGGTTTCAGAT-1,4959.0,10110.0,WM,6,0.3708484008122176,1,bisquare,7469,1.0,negbinomial,0.29239382422135424,True
GGGAAGACGGTCTGTC-1,7989.0,10132.0,L5,4,0.42642982454199596,1,bisquare,7469,1.0,negbinomial,0.29239382422135424,True
GGGAAGGGCTTTCTCA-1,8747.0,10018.0,L3,2,0.32136171112194584,1,bisquare,7469,1.0,negbinomial,0.29239382422135424,True
GGGAATGAGCCCTCAC-1,10162.0,4756.0,L3,2,0.29508572648916936,1,bisquare,7469,1.0,negbinomial,0.29239382422135424,True
GGGACAGAGTTACTCC-1,4070.0,9265.0,WM,6,0.34272878193978196,1,bisquare,7469,1.0,negbinomial,0.29239382422135424,True
GGGACCCGTATATCTT-1,6411.0,9282.0,L6,5,0.33076267506872276,1,bisquare,7469,1.0,negbinomial,0.29239382422135424,True
GGGACTGCATAGATAG-1,6915.0,6290.0,L6,5,0.17208484400522386,1,bisquare,7469,1.0,negbinomial,0.29239382422135424,True
GGGAGAACTCACAGTA-1,7190.0,6292.0,L6,5,0.2197360465205958,1,bisquare,7469,1.0,negbinomial,0.29239382422135424,True
GGGAGGATGCCCGAAA-1,6291.0,6885.0,L6,5,0.2790214034437499,1,bisquare,7469,1.0,negbinomial,0.29239382422135424,True
GGGAGTAATGGCTGGC-1,5694.0,3646.0,L2,1,0.23835755974774991,1,bisquare,7469,1.0,negbinomial,0.29239382422135424,True
GGGAGTTAATGAGGCG-1,7947.0,6418.0,L6,5,0.5931412839996988,1,bisquare,7469,1.0,negbinomial,0.29239382422135424,True
GGGATGGACCCGCGTC-1,3099.0,10217.0,WM,6,0.1456751099542059,1,bisquare,7469,1.0,negbinomial,0.29239382422135424,True
GGGATGGTCGTAACCG-1,5731.0,8079.0,WM,6,0.18682573701854838,1,bisquare,7469,1.0,negbinomial,0.29239382422135424,True
GGGATTTACCGCACCT-1,8972.0,7503.0,L5,4,0.4081516176568801,1,bisquare,7469,1.0,negbinomial,0.29239382422135424,True
GGGCAACCGCACGTGC-1,4072.0,9026.0,WM,6,0.2686448515796268,1,bisquare,7469,1.0,negbinomial,0.29239382422135424,True
GGGCAGAGCAATCGTT-1,6892.0,9405.0,L6,5,0.10499065234277037,1,bisquare,7469,1.0,negbinomial,0.29239382422135424,True
GGGCAGGATTTCTGTG-1,3237.0,10218.0,WM,6,0.2041120713168944,1,bisquare,7469,1.0,negbinomial,0.29239382422135424,True
GGGCCATTCGTGCTGG-1,3233.0,10697.0,WM,6,0.33676482800587243,1,bisquare,7469,1.0,negbinomial,0.29239382422135424,True
GGGCCCGTCTTAAACA-1,6355.0,7484.0,L6,5,0.4293548134744306,1,bisquare,7469,1.0,negbinomial,0.29239382422135424,True
GGGCCCTACGAAAGGG-1,3880.0,6987.0,L5,4,0.18653333545716264,1,bisquare,7469,1.0,negbinomial,0.29239382422135424,True
GGGCCGGCCGAAGTAC-1,8564.0,6782.0,L5,4,0.33270094285360013,1,bisquare,7469,1.0,negbinomial,0.29239382422135424,True
GGGCCTAAATGGGCTA-1,3392.0,7823.0,L5,4,0.35115686327219164,1,bisquare,7469,1.0,negbinomial,0.29239382422135424,True
GGGCGATATGTGTGAA-1,6780.0,5810.0,L6,5,0.2592663919164011,1,bisquare,7469,1.0,negbinomial,0.29239382422135424,True
GGGCGGCAAATGAATT-1,5867.0,8320.0,WM,6,0.2808235349738259,1,bisquare,7469,1.0,negbinomial,0.29239382422135424,True
GGGCGGGTTCCCTACG-1,5321.0,7597.0,L6,5,0.2906077474390173,1,bisquare,7469,1.0,negbinomial,0.29239382422135424,True
GGGCGGTCCTATTGTC-1,4727.0,4118.0,L2,1,0.11242230812895765,1,bisquare,7469,1.0,negbinomial,0.29239382422135424,True
GGGCGTACATTTATAT-1,6508.0,5329.0,L5,4,0.19756894212683115,1,bisquare,7469,1.0,negbinomial,0.29239382422135424,True
GGGCGTCACCACGTAA-1,6212.0,8202.0,WM,6,0.2650899932476121,1,bisquare,7469,1.0,negbinomial,0.29239382422135424,True
GGGCGTCCACTGGCTC-1,8581.0,4385.0,L3,2,0.17944341365539926,1,bisquare,7469,1.0,negbinomial,0.29239382422135424,True
GGGCGTGGTTTCCCAG-1,8336.0,9775.0,L5,4,0.2968968183594414,1,bisquare,7469,1.0,negbinomial,0.29239382422135424,True
GGGCGTTTACATTCAT-1,4544.0,10347.0,WM,6,0.2881273121058847,1,bisquare,7469,1.0,negbinomial,0.29239382422135424,True
GGGCTATGATCGATGG-1,6273.0,9281.0,L6,5,0.28124606037300026,1,bisquare,7469,1.0,negbinomial,0.29239382422135424,True
GGGCTCATCGAACCCA-1,8918.0,5466.0,L5,4,0.378629928623987,1,bisquare,7469,1.0,negbinomial,0.29239382422135424,True
GGGCTGCCTAGGGCGA-1,7533.0,6415.0,L6,5,0.34820078020779727,1,bisquare,7469,1.0,negbinomial,0.29239382422135424,True
GGGCTGGTTAGTCGCG-1,6296.0,6166.0,L6,5,0.2546874586800407,1,bisquare,7469,1.0,negbinomial,0.29239382422135424,True
GGGTAATGCTGTGTTT-1,4249.0,3515.0,L1,0,0.1379148763350012,1,bisquare,7469,1.0,negbinomial,0.29239382422135424,True
GGGTACACTCTGGAGG-1,3357.0,3149.0,L1,0,0.1819567928382902,1,bisquare,7469,1.0,negbinomial,0.29239382422135424,True
GGGTACCCACGGTCCT-1,4589.0,4117.0,L2,1,0.19448527973936663,1,bisquare,7469,1.0,negbinomial,0.29239382422135424,True
GGGTACTTCATGAACT-1,5464.0,6879.0,L6,5,0.31460913271943475,1,bisquare,7469,1.0,negbinomial,0.29239382422135424,True
GGGTATGTATGCACTT-1,4715.0,5795.0,L4,3,0.26582771924435145,1,bisquare,7469,1.0,negbinomial,0.29239382422135424,True
GGGTATTCTAGCAAAC-1,3796.0,9024.0,WM,6,0.44212082404295117,1,bisquare,7469,1.0,negbinomial,0.29239382422135424,True
GGGTCACCGTGACGGT-1,6017.0,6643.0,L6,5,0.15094792042543087,1,bisquare,7469,1.0,negbinomial,0.29239382422135424,True
GGGTCACGTGCTTATG-1,9833.0,2717.0,L1,0,0.3736846119563599,1,bisquare,7469,1.0,negbinomial,0.29239382422135424,True
GGGTCAGGAGCTAGAT-1,6542.0,10242.0,L6,5,0.266786078517261,1,bisquare,7469,1.0,negbinomial,0.29239382422135424,True
GGGTCATGCGTACCAT-1,3756.0,5069.0,L3,2,0.14308110379633024,1,bisquare,7469,1.0,negbinomial,0.29239382422135424,True
GGGTCGTGGCAAGTGT-1,10157.0,5475.0,L3,2,0.31696086977927646,1,bisquare,7469,1.0,negbinomial,0.29239382422135424,True
GGGTCTATCGCTTTCC-1,10537.0,10031.0,L2,1,0.10362844540169175,1,bisquare,7469,1.0,negbinomial,0.29239382422135424,True
GGGTGACACCTTAACT-1,6627.0,7966.0,L6,5,0.22543469732761848,1,bisquare,7469,1.0,negbinomial,0.29239382422135424,True
GGGTGCATATGAAAGC-1,10497.0,6077.0,L2,1,0.49846522059088144,1,bisquare,7469,1.0,negbinomial,0.29239382422135424,True
GGGTGGTCCAGCCTGT-1,7556.0,3300.0,L3,2,0.34571341055150406,1,bisquare,7469,1.0,negbinomial,0.29239382422135424,True
GGGTGTTTCAGCTATG-1,7479.0,4377.0,L4,3,0.2418355322801238,1,bisquare,7469,1.0,negbinomial,0.29239382422135424,True
GGGTTAACATTTGAGT-1,6207.0,8921.0,WM,6,0.3066206466891888,1,bisquare,7469,1.0,negbinomial,0.29239382422135424,True
GGGTTCAGACGAACAA-1,4103.0,4712.0,L3,2,0.12271745122902764,1,bisquare,7469,1.0,negbinomial,0.29239382422135424,True
GGGTTTAGGATAGGAT-1,10141.0,7632.0,L3,2,0.36810238615187313,1,bisquare,7469,1.0,negbinomial,0.29239382422135424,True
GGTAAATGTGCGTTAC-1,8379.0,3785.0,L3,2,0.29295227289824843,1,bisquare,7469,1.0,negbinomial,0.29239382422135424,True
GGTAACCGGGAGGATA-1,4621.0,9269.0,WM,6,0.22467931719419273,1,bisquare,7469,1.0,negbinomial,0.29239382422135424,True
GGTAACTATGTATCTG-1,5830.0,3886.0,L3,2,0.18426051690947956,1,bisquare,7469,1.0,negbinomial,0.29239382422135424,True
GGTACAAACATGCTAT-1,6495.0,7246.0,L6,5,0.3635769219079799,1,bisquare,7469,1.0,negbinomial,0.29239382422135424,True
GGTACATCTGGGACGA-1,4018.0,6988.0,L5,4,0.13670561054490318,1,bisquare,7469,1.0,negbinomial,0.29239382422135424,True
GGTACCATTAAGACGG-1,10016.0,5953.0,L3,2,0.3131089104127949,1,bisquare,7469,1.0,negbinomial,0.29239382422135424,True
GGTAGAAGACCGCCTG-1,7654.0,8812.0,L6,5,0.4411022233238089,1,bisquare,7469,1.0,negbinomial,0.29239382422135424,True
GGTAGACCGTTGGGCG-1,6414.0,8803.0,L6,5,0.1863412171620905,1,bisquare,7469,1.0,negbinomial,0.29239382422135424,True
GGTAGTGCTCGCACCA-1,7739.0,6536.0,L6,5,0.5453990313357306,1,bisquare,7469,1.0,negbinomial,0.29239382422135424,True
GGTATAGTGACACATA-1,10631.0,6557.0,L2,1,0.3078724066155214,1,bisquare,7469,1.0,negbinomial,0.29239382422135424,True
GGTATTGCCGAGTTTA-1,6432.0,6407.0,L6,5,0.1840031031502832,1,bisquare,7469,1.0,negbinomial,0.29239382422135424,True
GGTCAAGACTACTTCG-1,9995.0,8829.0,L3,2,0.43484513109111333,1,bisquare,7469,1.0,negbinomial,0.29239382422135424,True
GGTCACGTTAGATTCA-1,5422.0,3164.0,L1,0,0.20115556684828403,1,bisquare,7469,1.0,negbinomial,0.29239382422135424,True
GGTCAGTGGGTCCCAC-1,7039.0,8208.0,L6,5,0.14358151156264604,1,bisquare,7469,1.0,negbinomial,0.29239382422135424,True
GGTCATTGTAGTCATA-1,11062.0,4164.0,L1,0,0.36409958698304423,1,bisquare,7469,1.0,negbinomial,0.29239382422135424,True
GGTCCTTCATACGACT-1,3419.0,3989.0,L1,0,0.04098507298474496,1,bisquare,7469,1.0,negbinomial,0.29239382422135424,True
GGTCGGATAAACGGCG-1,9470.0,5230.0,L3,2,0.3672385176327856,1,bisquare,7469,1.0,negbinomial,0.29239382422135424,True
GGTCGGCCAGGAGCTT-1,8567.0,6302.0,L5,4,0.5808499098938494,1,bisquare,7469,1.0,negbinomial,0.29239382422135424,True
GGTCGGTAATTAGACA-1,5279.0,3882.0,L2,1,0.1413227832275439,1,bisquare,7469,1.0,negbinomial,0.29239382422135424,True
GGTCGGTCGTCCACAG-1,6343.0,9162.0,L6,5,0.2917507609250162,1,bisquare,7469,1.0,negbinomial,0.29239382422135424,True
GGTCGTAAGCTCGCAC-1,4077.0,8307.0,L6,5,0.2544351005133169,1,bisquare,7469,1.0,negbinomial,0.29239382422135424,True
GGTCTCCGTCCAGGTT-1,9711.0,10025.0,L3,2,0.5079742077519979,1,bisquare,7469,1.0,negbinomial,0.29239382422135424,True
GGTCTCTGAATGGACT-1,5107.0,8674.0,WM,6,0.2917551773598729,1,bisquare,7469,1.0,negbinomial,0.29239382422135424,True
GGTCTGAGAATCTGGA-1,8294.0,6061.0,L5,4,0.3141389289692063,1,bisquare,7469,1.0,negbinomial,0.29239382422135424,True
GGTCTTGAGCGCTCTT-1,7230.0,10247.0,L6,5,0.5592258311823294,1,bisquare,7469,1.0,negbinomial,0.29239382422135424,True
GGTGAAACCGGGAATG-1,6111.0,3169.0,L1,0,0.36226267996527123,1,bisquare,7469,1.0,negbinomial,0.29239382422135424,True
GGTGAACGGGCTAGCC-1,5007.0,3401.0,L1,0,0.1961850329860395,1,bisquare,7469,1.0,negbinomial,0.29239382422135424,True
GGTGAAGTACAGGGAT-1,5318.0,8076.0,WM,6,0.33972126613133513,1,bisquare,7469,1.0,negbinomial,0.29239382422135424,True
GGTGAGATGCAGATAA-1,5276.0,4361.0,L3,2,0.2060990127427931,1,bisquare,7469,1.0,negbinomial,0.29239382422135424,True
GGTGATAAGGAGCAGT-1,8219.0,6899.0,L5,4,0.3530111364468591,1,bisquare,7469,1.0,negbinomial,0.29239382422135424,True
GGTGATTTCATCTTGT-1,5489.0,3524.0,L2,1,0.09323005350002364,1,bisquare,7469,1.0,negbinomial,0.29239382422135424,True
GGTGCAGAGCCTATCG-1,9962.0,3916.0,L2,1,0.32827487524993676,1,bisquare,7469,1.0,negbinomial,0.29239382422135424,True
GGTGCATAAATGATTA-1,5989.0,10477.0,L6,5,0.5809833167124725,1,bisquare,7469,1.0,negbinomial,0.29239382422135424,True
GGTGCGGATAAGTGGC-1,5965.0,4366.0,L3,2,0.15994142701817787,1,bisquare,7469,1.0,negbinomial,0.29239382422135424,True
GGTGCTGATCACAAAG-1,4234.0,5672.0,L3,2,0.3083703853671195,1,bisquare,7469,1.0,negbinomial,0.29239382422135424,True
GGTGCTGGTACACATT-1,5942.0,7481.0,L6,5,0.22358003626536183,1,bisquare,7469,1.0,negbinomial,0.29239382422135424,True
GGTGGACCACGTGTTA-1,10035.0,3318.0,L1,0,0.482077620786949,1,bisquare,7469,1.0,negbinomial,0.29239382422135424,True
GGTGGACTGCTCTGGC-1,8616.0,9058.0,L5,4,0.29815529507456356,1,bisquare,7469,1.0,negbinomial,0.29239382422135424,True
GGTGTAAATCGATTGT-1,7227.0,10726.0,L6,5,0.2773252695294785,1,bisquare,7469,1.0,negbinomial,0.29239382422135424,True
GGTGTTCTGTTTCTAC-1,9005.0,2951.0,L3,2,0.21198192152061585,1,bisquare,7469,1.0,negbinomial,0.29239382422135424,True
GGTTACCACCCTCGGG-1,5044.0,7834.0,L6,5,0.3682842178541875,1,bisquare,7469,1.0,negbinomial,0.29239382422135424,True
GGTTAGCTATATGTCT-1,8761.0,8101.0,L5,4,0.31629946796996083,1,bisquare,7469,1.0,negbinomial,0.29239382422135424,True
GGTTAGGCTTGGAGAA-1,5266.0,5799.0,L5,4,0.14343224143209976,1,bisquare,7469,1.0,negbinomial,0.29239382422135424,True
GGTTAGTTACGGCGCC-1,4371.0,5673.0,L3,2,0.3285998363862723,1,bisquare,7469,1.0,negbinomial,0.29239382422135424,True
GGTTCCACCCGCTTCT-1,9006.0,2711.0,L3,2,0.22893498823325822,1,bisquare,7469,1.0,negbinomial,0.29239382422135424,True
GGTTCTACTCGTCTGA-1,10007.0,7151.0,L3,2,0.3234939804781844,1,bisquare,7469,1.0,negbinomial,0.29239382422135424,True
GGTTGTATCGTGAAAT-1,6322.0,2572.0,L1,0,0.2568123189634792,1,bisquare,7469,1.0,negbinomial,0.29239382422135424,True
GGTTGTGTAGCCTGGC-1,3678.0,6387.0,L4,3,0.33806757044708863,1,bisquare,7469,1.0,negbinomial,0.29239382422135424,True
GGTTTAATTACCATCG-1,5442.0,9994.0,WM,6,0.25516734970965,1,bisquare,7469,1.0,negbinomial,0.29239382422135424,True
GGTTTACAATCTCAAT-1,7816.0,5458.0,L5,4,0.22197403607909755,1,bisquare,7469,1.0,negbinomial,0.29239382422135424,True
GGTTTAGCCTTTCTTG-1,9794.0,7989.0,L3,2,0.45646438852262694,1,bisquare,7469,1.0,negbinomial,0.29239382422135424,True
GGTTTCAATCGGTCAG-1,9048.0,6426.0,L5,4,0.3568146072434099,1,bisquare,7469,1.0,negbinomial,0.29239382422135424,True
GGTTTGAGTGCTGGAA-1,5693.0,3885.0,L3,2,0.20151809415515773,1,bisquare,7469,1.0,negbinomial,0.29239382422135424,True
GGTTTGTGACCTGAGG-1,9988.0,9787.0,L3,2,0.3138187809228904,1,bisquare,7469,1.0,negbinomial,0.29239382422135424,True
GTAACATCTAAGATAA-1,10337.0,9191.0,L3,2,0.5203105231028154,1,bisquare,7469,1.0,negbinomial,0.29239382422135424,True
GTAACTGCCCAAGGAG-1,5921.0,10357.0,L6,5,0.5857800951628146,1,bisquare,7469,1.0,negbinomial,0.29239382422135424,True
GTAACTTGCGGCAGTC-1,5557.0,3645.0,L2,1,0.2005757304042702,1,bisquare,7469,1.0,negbinomial,0.29239382422135424,True
GTAAGCGGGCAGTCAG-1,7129.0,5214.0,L5,4,0.13682702713187747,1,bisquare,7469,1.0,negbinomial,0.29239382422135424,True
GTAAGGATTTGTCGGA-1,7485.0,3659.0,L3,2,0.2623661773687976,1,bisquare,7469,1.0,negbinomial,0.29239382422135424,True
GTAAGTAACAGTCTGG-1,8423.0,7260.0,L5,4,0.4023361687244059,1,bisquare,7469,1.0,negbinomial,0.29239382422135424,True
GTAAGTAGGGTATACC-1,5267.0,5560.0,L5,4,0.13052866398548404,1,bisquare,7469,1.0,negbinomial,0.29239382422135424,True
GTAATAAAGGGCTCCC-1,9876.0,6192.0,L3,2,0.4336417548786252,1,bisquare,7469,1.0,negbinomial,0.29239382422135424,True
GTAATCTGATTCTTCG-1,5797.0,8439.0,WM,6,0.38514383751772613,1,bisquare,7469,1.0,negbinomial,0.29239382422135424,True
GTACACTTACCTGAAG-1,7187.0,6772.0,L6,5,0.20526000565015687,1,bisquare,7469,1.0,negbinomial,0.29239382422135424,True
GTACAGAGGCAAGGGT-1,8494.0,6901.0,L5,4,0.37806380190842737,1,bisquare,7469,1.0,negbinomial,0.29239382422135424,True
GTACGACGGCGCTGCG-1,4591.0,3877.0,L1,0,0.42945504261598194,1,bisquare,7469,1.0,negbinomial,0.29239382422135424,True
GTACGAGATTGCGACA-1,6718.0,4971.0,L5,4,0.201111704461136,1,bisquare,7469,1.0,negbinomial,0.29239382422135424,True
GTACGCTTCATTGCAC-1,7729.0,7974.0,L6,5,0.32822025040042224,1,bisquare,7469,1.0,negbinomial,0.29239382422135424,True
GTACGTCACGTATTAA-1,10169.0,3798.0,L1,0,0.5668821146828154,1,bisquare,7469,1.0,negbinomial,0.29239382422135424,True
GTACGTTTGCCCGTCA-1,7455.0,7732.0,L6,5,0.2555115817371816,1,bisquare,7469,1.0,negbinomial,0.29239382422135424,True
GTACTAAGATTTGGAG-1,6575.0,5689.0,L5,4,0.312322744931911,1,bisquare,7469,1.0,negbinomial,0.29239382422135424,True
GTACTCCCTTATCGCT-1,4708.0,6754.0,L5,4,0.21686611704113407,1,bisquare,7469,1.0,negbinomial,0.29239382422135424,True
GTACTCCTGGGTATGC-1,9812.0,5592.0,L3,2,0.3637238214398948,1,bisquare,7469,1.0,negbinomial,0.29239382422135424,True
GTACTGAGGTCGTAAC-1,6038.0,3768.0,L3,2,0.2455942706544188,1,bisquare,7469,1.0,negbinomial,0.29239382422135424,True
GTACTGCATGAAGCGT-1,5487.0,3764.0,L2,1,0.14918282607656877,1,bisquare,7469,1.0,negbinomial,0.29239382422135424,True
GTACTGGAGTTAGACC-1,8360.0,6421.0,L5,4,0.4575084079080204,1,bisquare,7469,1.0,negbinomial,0.29239382422135424,True
GTACTTGGGCACTTCT-1,5069.0,4480.0,L3,2,0.15933792744168962,1,bisquare,7469,1.0,negbinomial,0.29239382422135424,True
GTAGAAACGGGTGGAG-1,3892.0,5310.0,L3,2,0.10730499233002651,1,bisquare,7469,1.0,negbinomial,0.29239382422135424,True
GTAGACAACCGATGAA-1,6592.0,3293.0,L3,2,0.37077247096897953,1,bisquare,7469,1.0,negbinomial,0.29239382422135424,True
GTAGACACGCCTGACT-1,7370.0,10008.0,L6,5,0.31255772294023765,1,bisquare,7469,1.0,negbinomial,0.29239382422135424,True
GTAGACGTCGTTACAT-1,5485.0,4004.0,L3,2,0.20929768959583142,1,bisquare,7469,1.0,negbinomial,0.29239382422135424,True
GTAGAGGGAGACAAGT-1,4901.0,8552.0,WM,6,0.37174312257157865,1,bisquare,7469,1.0,negbinomial,0.29239382422135424,True
GTAGCCAAACATGGGA-1,7588.0,8452.0,L6,5,0.5783892475336556,1,bisquare,7469,1.0,negbinomial,0.29239382422135424,True
GTAGCGCTGTTGTAGT-1,6249.0,3170.0,L2,1,0.22228318807763683,1,bisquare,7469,1.0,negbinomial,0.29239382422135424,True
GTAGCGGCTATACACT-1,7528.0,7134.0,L6,5,0.329146554053658,1,bisquare,7469,1.0,negbinomial,0.29239382422135424,True
GTAGCTAGTAAGCGCG-1,8318.0,2706.0,L3,2,0.2969303775356045,1,bisquare,7469,1.0,negbinomial,0.29239382422135424,True
GTAGCTCCGGGAGGCT-1,5302.0,10233.0,WM,6,0.5161890162228175,1,bisquare,7469,1.0,negbinomial,0.29239382422135424,True
GTAGCTTCCTCTTGTT-1,8912.0,6185.0,L5,4,0.2781788735444146,1,bisquare,7469,1.0,negbinomial,0.29239382422135424,True
GTAGGTGATCCGTGTA-1,8236.0,4503.0,L4,3,0.23256722174646652,1,bisquare,7469,1.0,negbinomial,0.29239382422135424,True
GTAGTCGCGGGAATCA-1,8346.0,8338.0,L5,4,0.3941195719105632,1,bisquare,7469,1.0,negbinomial,0.29239382422135424,True
GTAGTCTACGATATTG-1,8058.0,10013.0,L5,4,0.31076126849488594,1,bisquare,7469,1.0,negbinomial,0.29239382422135424,True
GTAGTTCGAAGGCGAA-1,5440.0,10234.0,WM,6,0.18674327158987694,1,bisquare,7469,1.0,negbinomial,0.29239382422135424,True
GTATAATCTCCCGGAT-1,3625.0,4110.0,L1,0,0.1897392201364737,1,bisquare,7469,1.0,negbinomial,0.29239382422135424,True
GTATAGGACTCAGTAG-1,6787.0,4852.0,L5,4,0.15877063527659926,1,bisquare,7469,1.0,negbinomial,0.29239382422135424,True
GTATAGTGGCCCATGT-1,9142.0,2952.0,L3,2,0.29582260121909115,1,bisquare,7469,1.0,negbinomial,0.29239382422135424,True
GTATATGTTACGGCGG-1,4183.0,3155.0,L1,0,0.22490322554088446,1,bisquare,7469,1.0,negbinomial,0.29239382422135424,True
GTATCAAACGTTAGCT-1,9442.0,9064.0,L3,2,0.33740514036939595,1,bisquare,7469,1.0,negbinomial,0.29239382422135424,True
GTATCAGCTTGGGTTC-1,5135.0,4840.0,L3,2,0.1393086550506143,1,bisquare,7469,1.0,negbinomial,0.29239382422135424,True
GTATCCTTTGGTAACC-1,9090.0,10140.0,L3,2,0.3694745739150724,1,bisquare,7469,1.0,negbinomial,0.29239382422135424,True
GTATCGGGACGAGCTG-1,3840.0,3033.0,L1,0,0.2902745457563486,1,bisquare,7469,1.0,negbinomial,0.29239382422135424,True
GTATCTCAGTCTTGAC-1,4276.0,9387.0,WM,6,0.1777211036489864,1,bisquare,7469,1.0,negbinomial,0.29239382422135424,True
GTATCTCCCTAACTGT-1,6942.0,2456.0,L1,0,0.4650429052020783,1,bisquare,7469,1.0,negbinomial,0.29239382422135424,True
GTATCTTGTTGCTCAC-1,6529.0,2453.0,L1,0,0.3954331638811246,1,bisquare,7469,1.0,negbinomial,0.29239382422135424,True
GTATCTTTCATAACCA-1,7316.0,7971.0,L6,5,0.24795424397048546,1,bisquare,7469,1.0,negbinomial,0.29239382422135424,True
GTATGAAATTTCACTC-1,4281.0,8668.0,WM,6,0.23461621012765413,1,bisquare,7469,1.0,negbinomial,0.29239382422135424,True
GTATGACGTGGGAAAC-1,4802.0,3280.0,L1,0,0.18310390706566332,1,bisquare,7469,1.0,negbinomial,0.29239382422135424,True
GTATGTGGGTCTAGTT-1,9113.0,7025.0,L5,4,0.37638164229386667,1,bisquare,7469,1.0,negbinomial,0.29239382422135424,True
GTATTAAGGCGTCTAA-1,4584.0,4836.0,L3,2,0.1773756853849321,1,bisquare,7469,1.0,negbinomial,0.29239382422135424,True
GTATTCTGAGAAACGA-1,5386.0,8196.0,WM,6,0.27474876243492263,1,bisquare,7469,1.0,negbinomial,0.29239382422135424,True
GTATTTAATGGCATAA-1,11029.0,8716.0,L2,1,0.11024982475976673,1,bisquare,7469,1.0,negbinomial,0.29239382422135424,True
GTCAAAGAAGTGGTGT-1,4002.0,9145.0,WM,6,0.19210652538764497,1,bisquare,7469,1.0,negbinomial,0.29239382422135424,True
GTCAAAGTTTACATAG-1,4797.0,3999.0,L2,1,0.26684803657812267,1,bisquare,7469,1.0,negbinomial,0.29239382422135424,True
GTCAACCAGGCCTATA-1,9847.0,10265.0,L3,2,0.21750683795500966,1,bisquare,7469,1.0,negbinomial,0.29239382422135424,True
GTCAAGCGGACTCGGG-1,8079.0,7137.0,L6,5,0.5857999399099802,1,bisquare,7469,1.0,negbinomial,0.29239382422135424,True
GTCAATTGTACTGAAG-1,5905.0,3048.0,L1,0,0.2522404693695706,1,bisquare,7469,1.0,negbinomial,0.29239382422135424,True
GTCACAAAGTTTCCAA-1,7003.0,3535.0,L3,2,0.28330920917864266,1,bisquare,7469,1.0,negbinomial,0.29239382422135424,True
GTCACCTGTCTATGTC-1,9487.0,2834.0,L2,1,0.21614929160728832,1,bisquare,7469,1.0,negbinomial,0.29239382422135424,True
GTCACTCTCCAAATCT-1,4926.0,5198.0,L3,2,0.15012318176269296,1,bisquare,7469,1.0,negbinomial,0.29239382422135424,True
GTCAGAATAGTCTATG-1,4988.0,6037.0,L5,4,0.31130078119971083,1,bisquare,7469,1.0,negbinomial,0.29239382422135424,True
GTCAGTTGTGCTCGTT-1,7692.0,3540.0,L3,2,0.18009139260178325,1,bisquare,7469,1.0,negbinomial,0.29239382422135424,True
GTCAGTTTGGTAGTCG-1,3681.0,5908.0,L3,2,0.18223895838494805,1,bisquare,7469,1.0,negbinomial,0.29239382422135424,True
GTCATCTCCTACAGCT-1,3627.0,3870.0,L1,0,0.1684726653892631,1,bisquare,7469,1.0,negbinomial,0.29239382422135424,True
GTCATGCACCTCCGTT-1,6986.0,5931.0,L6,5,0.2794995736973155,1,bisquare,7469,1.0,negbinomial,0.29239382422135424,True
GTCATGCGCGAGGGCT-1,9503.0,10143.0,L3,2,0.22511563984893648,1,bisquare,7469,1.0,negbinomial,0.29239382422135424,True
GTCATGGACATGACTA-1,7058.0,5573.0,L5,4,0.19879402050191602,1,bisquare,7469,1.0,negbinomial,0.29239382422135424,True
GTCATTAGAGCGAACG-1,7392.0,6893.0,L6,5,0.28152108603606707,1,bisquare,7469,1.0,negbinomial,0.29239382422135424,True
GTCATTGCATTGACCC-1,3955.0,6149.0,L4,3,0.1358555127186221,1,bisquare,7469,1.0,negbinomial,0.29239382422135424,True
GTCCAATATTTAGCCT-1,6404.0,10241.0,L6,5,0.4863264557577454,1,bisquare,7469,1.0,negbinomial,0.29239382422135424,True
GTCCATTACTGCTACG-1,10073.0,7511.0,L3,2,0.35018770674498945,1,bisquare,7469,1.0,negbinomial,0.29239382422135424,True
GTCCCAACGTAAAGTA-1,7809.0,6417.0,L6,5,0.5517242594624258,1,bisquare,7469,1.0,negbinomial,0.29239382422135424,True
GTCCCGCGACGTTATG-1,8407.0,9416.0,L5,4,0.48101614864798053,1,bisquare,7469,1.0,negbinomial,0.29239382422135424,True
GTCCGGACCTGAAATT-1,8824.0,8940.0,L4,3,0.34595260970917663,1,bisquare,7469,1.0,negbinomial,0.29239382422135424,True
GTCCGGCTGAATTGCG-1,6367.0,5807.0,L5,4,0.29178261509302195,1,bisquare,7469,1.0,negbinomial,0.29239382422135424,True
GTCCTACAGGCGGCTC-1,3897.0,4591.0,L3,2,0.09950417655312818,1,bisquare,7469,1.0,negbinomial,0.29239382422135424,True
GTCCTACGAATAGTCT-1,9031.0,8822.0,L4,3,0.5721711825113777,1,bisquare,7469,1.0,negbinomial,0.29239382422135424,True
GTCCTAGGATACCTTA-1,3167.0,10337.0,WM,6,0.2723331999909581,1,bisquare,7469,1.0,negbinomial,0.29239382422135424,True
GTCCTTCTAGTGGGTT-1,8449.0,3666.0,L3,2,0.16582742781340265,1,bisquare,7469,1.0,negbinomial,0.29239382422135424,True
GTCCTTTAATGACTTC-1,9965.0,3437.0,L1,0,0.5800532883518825,1,bisquare,7469,1.0,negbinomial,0.29239382422135424,True
GTCGAATTTGGGCGCT-1,3922.0,10702.0,WM,6,0.19058657543037022,1,bisquare,7469,1.0,negbinomial,0.29239382422135424,True
GTCGCCGTTGTGTGTT-1,5722.0,9277.0,WM,6,0.3642029218303812,1,bisquare,7469,1.0,negbinomial,0.29239382422135424,True
GTCGCGTAACCCGTTG-1,7941.0,7137.0,L6,5,0.4238862261023302,1,bisquare,7469,1.0,negbinomial,0.29239382422135424,True
GTCGGATATCTCAGAC-1,5262.0,6278.0,L5,4,0.24537724359677118,1,bisquare,7469,1.0,negbinomial,0.29239382422135424,True
GTCGGATGTAGCGCGC-1,8098.0,4502.0,L4,3,0.3310512987538937,1,bisquare,7469,1.0,negbinomial,0.29239382422135424,True
GTCGGGAAGCAGAAAC-1,7236.0,9528.0,L6,5,0.47048445576209647,1,bisquare,7469,1.0,negbinomial,0.29239382422135424,True
GTCGTACCATCTCGGG-1,7040.0,7969.0,L6,5,0.12721022170400065,1,bisquare,7469,1.0,negbinomial,0.29239382422135424,True
GTCGTATTGGCGTACA-1,9336.0,4750.0,L3,2,0.23838836162744956,1,bisquare,7469,1.0,negbinomial,0.29239382422135424,True
GTCGTCAATTATAAGG-1,5900.0,3767.0,L3,2,0.14315863221521039,1,bisquare,7469,1.0,negbinomial,0.29239382422135424,True
GTCGTGTCTGGTCATC-1,10361.0,5836.0,L3,2,0.07863444476404907,1,bisquare,7469,1.0,negbinomial,0.29239382422135424,True
GTCGTTATTCGCTTAT-1,8004.0,7976.0,L5,4,0.28071420638312755,1,bisquare,7469,1.0,negbinomial,0.29239382422135424,True
GTCTACTCAATTACAA-1,3674.0,6866.0,L5,4,0.1934336446548398,1,bisquare,7469,1.0,negbinomial,0.29239382422135424,True
GTCTAGTGAGCCGCTT-1,9089.0,10380.0,L3,2,0.25748883695301056,1,bisquare,7469,1.0,negbinomial,0.29239382422135424,True
GTCTATCTGAGTTTCT-1,5668.0,7240.0,L6,5,0.13156077840402833,1,bisquare,7469,1.0,negbinomial,0.29239382422135424,True
GTCTATTGGTTCCGGT-1,8965.0,8462.0,L4,3,0.4682761135823995,1,bisquare,7469,1.0,negbinomial,0.29239382422135424,True
GTCTCAAGGCCCGGCT-1,7304.0,9648.0,L6,5,0.17639767370346052,1,bisquare,7469,1.0,negbinomial,0.29239382422135424,True
GTCTCCTGCCAGTATG-1,3655.0,9502.0,WM,6,0.20285633514301732,1,bisquare,7469,1.0,negbinomial,0.29239382422135424,True
GTCTCGACTAAGTTTG-1,10432.0,5477.0,L2,1,0.45588391238907855,1,bisquare,7469,1.0,negbinomial,0.29239382422135424,True
GTCTCGATCTGCTTTC-1,8302.0,4863.0,L5,4,0.36799955088872605,1,bisquare,7469,1.0,negbinomial,0.29239382422135424,True
GTCTCGCCAACACGCC-1,7769.0,2462.0,L2,1,0.19206056984442677,1,bisquare,7469,1.0,negbinomial,0.29239382422135424,True
GTCTGGGCGGTCGAGA-1,5801.0,7960.0,WM,6,0.3494107381469179,1,bisquare,7469,1.0,negbinomial,0.29239382422135424,True
GTCTGTAGGTTGAACA-1,5433.0,11192.0,WM,6,0.19616013093756357,1,bisquare,7469,1.0,negbinomial,0.29239382422135424,True
GTCTTAGTACAGCCGG-1,8171.0,3903.0,L3,2,0.14797684850950985,1,bisquare,7469,1.0,negbinomial,0.29239382422135424,True
GTCTTGAGGAGCAGTG-1,10765.0,7037.0,L2,1,0.48672571407966636,1,bisquare,7469,1.0,negbinomial,0.29239382422135424,True
GTCTTGTAGCTATTCA-1,10485.0,7754.0,L3,2,0.19831245813151363,1,bisquare,7469,1.0,negbinomial,0.29239382422135424,True
GTGAAACGGCGCCACC-1,8850.0,5346.0,L5,4,0.4355143029041912,1,bisquare,7469,1.0,negbinomial,0.29239382422135424,True
GTGAAACGTGCTCCAC-1,5349.0,3763.0,L2,1,0.21595008364620485,1,bisquare,7469,1.0,negbinomial,0.29239382422135424,True
GTGAACTCCCATTCGA-1,9946.0,6073.0,L3,2,0.47393244684878294,1,bisquare,7469,1.0,negbinomial,0.29239382422135424,True
GTGAAGATTTCAAGTG-1,9885.0,4994.0,L3,2,0.271159040113722,1,bisquare,7469,1.0,negbinomial,0.29239382422135424,True
GTGAAGCCGTATAGTC-1,10160.0,4996.0,L3,2,0.3184035445680537,1,bisquare,7469,1.0,negbinomial,0.29239382422135424,True
GTGAAGTCACGACTCG-1,3251.0,8301.0,L6,5,0.13718937368716477,1,bisquare,7469,1.0,negbinomial,0.29239382422135424,True
GTGACAGCTTCCCACT-1,7851.0,10131.0,L5,4,0.4836404060863325,1,bisquare,7469,1.0,negbinomial,0.29239382422135424,True
GTGACCGCACACTACG-1,9043.0,7144.0,L5,4,0.4005369924597634,1,bisquare,7469,1.0,negbinomial,0.29239382422135424,True
GTGACGAGGGTGACCC-1,10633.0,6317.0,L2,1,0.44570072669233046,1,bisquare,7469,1.0,negbinomial,0.29239382422135424,True
GTGACGCAGGTTTCAT-1,7919.0,10252.0,L5,4,0.42524749502341197,1,bisquare,7469,1.0,negbinomial,0.29239382422135424,True
GTGACTTCAGTAGTGC-1,6214.0,7963.0,WM,6,0.24288716982624003,1,bisquare,7469,1.0,negbinomial,0.29239382422135424,True
GTGAGATAACCTTATA-1,5574.0,10714.0,WM,6,0.21703745954708678,1,bisquare,7469,1.0,negbinomial,0.29239382422135424,True
GTGAGCGTGCTGCACT-1,4504.0,6393.0,L5,4,0.307502913980005,1,bisquare,7469,1.0,negbinomial,0.29239382422135424,True
GTGAGGACACTTAAGG-1,8077.0,7377.0,L6,5,0.48440530135946364,1,bisquare,7469,1.0,negbinomial,0.29239382422135424,True
GTGAGGAGCGGTTGAG-1,8790.0,4027.0,L3,2,0.2850492572142864,1,bisquare,7469,1.0,negbinomial,0.29239382422135424,True
GTGAGTGGTACAACGC-1,6622.0,8685.0,L6,5,0.18223060357834261,1,bisquare,7469,1.0,negbinomial,0.29239382422135424,True
GTGATCAAGCGTGCAC-1,4614.0,10228.0,WM,6,0.3362286507755244,1,bisquare,7469,1.0,negbinomial,0.29239382422135424,True
GTGATCACTAACGCCT-1,9449.0,8106.0,L3,2,0.34184561034040195,1,bisquare,7469,1.0,negbinomial,0.29239382422135424,True
GTGATCATAGATCTGC-1,6697.0,7846.0,L6,5,0.2298921956030021,1,bisquare,7469,1.0,negbinomial,0.29239382422135424,True
GTGATCCTTGTCATGA-1,8541.0,9897.0,L4,3,0.28360736936048686,1,bisquare,7469,1.0,negbinomial,0.29239382422135424,True
GTGATGCACAACATCT-1,9411.0,3912.0,L3,2,0.4274587644000581,1,bisquare,7469,1.0,negbinomial,0.29239382422135424,True
GTGATTCGCCGCTCAA-1,5524.0,8197.0,WM,6,0.2593279144414737,1,bisquare,7469,1.0,negbinomial,0.29239382422135424,True
GTGCAACAAATGTGGC-1,7068.0,4135.0,L3,2,0.23082760788321532,1,bisquare,7469,1.0,negbinomial,0.29239382422135424,True
GTGCACCAGCTTCAAC-1,6472.0,10361.0,L6,5,0.32948519749426,1,bisquare,7469,1.0,negbinomial,0.29239382422135424,True
GTGCACGAAAGTGACT-1,7685.0,4499.0,L4,3,0.35853999940348036,1,bisquare,7469,1.0,negbinomial,0.29239382422135424,True
GTGCCATCACACGGTG-1,5116.0,7476.0,L6,5,0.23884432682149392,1,bisquare,7469,1.0,negbinomial,0.29239382422135424,True
GTGCCCGTTCGGATTC-1,8630.0,7141.0,L5,4,0.4711715792147344,1,bisquare,7469,1.0,negbinomial,0.29239382422135424,True
GTGCCGCTTCAAAGGT-1,5803.0,7720.0,WM,6,0.3537141195205471,1,bisquare,7469,1.0,negbinomial,0.29239382422135424,True
GTGCCTAGCTATGCTT-1,3557.0,3990.0,L1,0,0.13890669959170474,1,bisquare,7469,1.0,negbinomial,0.29239382422135424,True
GTGCCTCAGTGTACGG-1,9205.0,3791.0,L3,2,0.22732025634965675,1,bisquare,7469,1.0,negbinomial,0.29239382422135424,True
GTGCGAAATCGAACAC-1,5733.0,7839.0,WM,6,0.4217088189985944,1,bisquare,7469,1.0,negbinomial,0.29239382422135424,True
GTGCGACAGGGAGTGT-1,9665.0,6790.0,L3,2,0.26815786572507483,1,bisquare,7469,1.0,negbinomial,0.29239382422135424,True
GTGCGCAGCTTGCTCC-1,5079.0,3042.0,L1,0,0.19722138821147545,1,bisquare,7469,1.0,negbinomial,0.29239382422135424,True
GTGCGCTTACAAATGA-1,5978.0,2450.0,L1,0,0.568619295687062,1,bisquare,7469,1.0,negbinomial,0.29239382422135424,True
GTGCGGGACCATCGGC-1,5560.0,3165.0,L1,0,0.22988831973459586,1,bisquare,7469,1.0,negbinomial,0.29239382422135424,True
GTGCGGGTCTCCAAAT-1,6650.0,4851.0,L5,4,0.17940307054845572,1,bisquare,7469,1.0,negbinomial,0.29239382422135424,True
GTGCGTGTATATGAGC-1,8491.0,7380.0,L5,4,0.46677351437887243,1,bisquare,7469,1.0,negbinomial,0.29239382422135424,True
GTGCTCAAGTACTGTC-1,6362.0,6526.0,L6,5,0.12257816913678173,1,bisquare,7469,1.0,negbinomial,0.29239382422135424,True
GTGCTTACATCAGCGC-1,10758.0,7996.0,L2,1,0.4142837887651691,1,bisquare,7469,1.0,negbinomial,0.29239382422135424,True
GTGGAACCTACATGCG-1,8375.0,4264.0,L3,2,0.5230076531851587,1,bisquare,7469,1.0,negbinomial,0.29239382422135424,True
GTGGACCAACCCGATT-1,4769.0,7832.0,L6,5,0.32808237000108414,1,bisquare,7469,1.0,negbinomial,0.29239382422135424,True
GTGGACGCATTTGTCC-1,7169.0,9168.0,L6,5,0.19958754270463455,1,bisquare,7469,1.0,negbinomial,0.29239382422135424,True
GTGGACGTGCTGAGAC-1,5482.0,4483.0,L3,2,0.287576418344005,1,bisquare,7469,1.0,negbinomial,0.29239382422135424,True
GTGGAGCGTTTACCGA-1,3862.0,9384.0,WM,6,0.38889648245886177,1,bisquare,7469,1.0,negbinomial,0.29239382422135424,True
GTGGAGTCGGCGGTTG-1,5381.0,8915.0,WM,6,0.2316460752648447,1,bisquare,7469,1.0,negbinomial,0.29239382422135424,True
GTGGCAAACAGCGGCA-1,4145.0,8427.0,WM,6,0.22328680797192021,1,bisquare,7469,1.0,negbinomial,0.29239382422135424,True
GTGGCCGGTTTCTCGG-1,3441.0,10579.0,WM,6,0.37079479603617316,1,bisquare,7469,1.0,negbinomial,0.29239382422135424,True
GTGGCGGGCCGTAGCT-1,7561.0,2581.0,L2,1,0.30170817075544704,1,bisquare,7469,1.0,negbinomial,0.29239382422135424,True
GTGGCGGTCCCAGCGT-1,4153.0,7229.0,L5,4,0.24860800469552038,1,bisquare,7469,1.0,negbinomial,0.29239382422135424,True
GTGGCGTGCACCAGAG-1,9765.0,2597.0,L1,0,0.29529851824170156,1,bisquare,7469,1.0,negbinomial,0.29239382422135424,True
GTGGGAAGACTGAATC-1,3805.0,7826.0,L6,5,0.16842904434492464,1,bisquare,7469,1.0,negbinomial,0.29239382422135424,True
GTGGGCTTAGACACAC-1,5471.0,5920.0,L5,4,0.15731788120625287,1,bisquare,7469,1.0,negbinomial,0.29239382422135424,True
GTGGTATAGTCTGCCG-1,5585.0,9276.0,WM,6,0.294849578672042,1,bisquare,7469,1.0,negbinomial,0.29239382422135424,True
GTGGTCAGCGAAGTAT-1,9139.0,3431.0,L3,2,0.2523291209674876,1,bisquare,7469,1.0,negbinomial,0.29239382422135424,True
GTGGTGGCCAAGTGAA-1,8212.0,7857.0,L5,4,0.17774478076929487,1,bisquare,7469,1.0,negbinomial,0.29239382422135424,True
GTGGTTACTTCTTTCG-1,10014.0,6193.0,L3,2,0.359662167097457,1,bisquare,7469,1.0,negbinomial,0.29239382422135424,True
GTGGTTTCCGCCTTTC-1,4978.0,7475.0,L6,5,0.17055100988302907,1,bisquare,7469,1.0,negbinomial,0.29239382422135424,True
GTGTACCTTGGCTACG-1,8159.0,5580.0,L5,4,0.20828245119332242,1,bisquare,7469,1.0,negbinomial,0.29239382422135424,True
GTGTATATCAGCGGGC-1,7994.0,9413.0,L5,4,0.32029785147970413,1,bisquare,7469,1.0,negbinomial,0.29239382422135424,True
GTGTATGACTTTAAAG-1,5630.0,3046.0,L1,0,0.23034325936418204,1,bisquare,7469,1.0,negbinomial,0.29239382422135424,True
GTGTCAGTGTACGTGG-1,5644.0,10595.0,WM,6,0.29340862729465683,1,bisquare,7469,1.0,negbinomial,0.29239382422135424,True
GTGTCCGATAAGGCAT-1,9555.0,2955.0,L2,1,0.27804234070093103,1,bisquare,7469,1.0,negbinomial,0.29239382422135424,True
GTGTCGTATAGCGTTC-1,7997.0,8934.0,L5,4,0.2486185631377294,1,bisquare,7469,1.0,negbinomial,0.29239382422135424,True
GTGTGAATAACTTAGG-1,8497.0,6422.0,L5,4,0.3949106854295155,1,bisquare,7469,1.0,negbinomial,0.29239382422135424,True
GTGTGAGCCGAGGTGC-1,5082.0,2563.0,L1,0,0.40032208303354344,1,bisquare,7469,1.0,negbinomial,0.29239382422135424,True
GTGTTACTATGCGTCC-1,7940.0,7376.0,L6,5,0.3446196688480396,1,bisquare,7469,1.0,negbinomial,0.29239382422135424,True
GTTAAAGTAGGACTGG-1,8484.0,8339.0,L5,4,0.4310098770562225,1,bisquare,7469,1.0,negbinomial,0.29239382422135424,True
GTTAACATCACTTAAA-1,7790.0,9052.0,L5,4,0.4585703290690448,1,bisquare,7469,1.0,negbinomial,0.29239382422135424,True
GTTAACTATGTTGTCA-1,10417.0,7634.0,L3,2,0.45746599015059164,1,bisquare,7469,1.0,negbinomial,0.29239382422135424,True
GTTAAGGGTGCGATGT-1,7647.0,9770.0,L5,4,0.23232337885216298,1,bisquare,7469,1.0,negbinomial,0.29239382422135424,True
GTTAAGTTAGAGTGGG-1,10767.0,6797.0,L2,1,0.22595549081670016,1,bisquare,7469,1.0,negbinomial,0.29239382422135424,True
GTTAATGTCTATCTTA-1,3611.0,6027.0,L3,2,0.08696072420419394,1,bisquare,7469,1.0,negbinomial,0.29239382422135424,True
GTTACAATTGGTGACG-1,5051.0,6876.0,L6,5,0.3300135441670377,1,bisquare,7469,1.0,negbinomial,0.29239382422135424,True
GTTACCTACAACTTGC-1,7384.0,8091.0,L6,5,0.19698377875414516,1,bisquare,7469,1.0,negbinomial,0.29239382422135424,True
GTTACGAAATCCACGC-1,5081.0,2802.0,L1,0,0.28309613007096573,1,bisquare,7469,1.0,negbinomial,0.29239382422135424,True
GTTACTTTGGGCCTAG-1,6285.0,7604.0,L6,5,0.23101743463544244,1,bisquare,7469,1.0,negbinomial,0.29239382422135424,True
GTTAGAGTGTGCCGCT-1,7969.0,3303.0,L3,2,0.17538117270550377,1,bisquare,7469,1.0,negbinomial,0.29239382422135424,True
GTTAGCCCATGACATC-1,7917.0,10491.0,L5,4,0.1727283865402003,1,bisquare,7469,1.0,negbinomial,0.29239382422135424,True
GTTAGCCGTAAATCAA-1,10359.0,6076.0,L3,2,0.5330028154061243,1,bisquare,7469,1.0,negbinomial,0.29239382422135424,True
GTTAGGCTACCCGTTT-1,3728.0,8903.0,WM,6,0.16055650858615306,1,bisquare,7469,1.0,negbinomial,0.29239382422135424,True
GTTATAATACGGTGAA-1,10133.0,8830.0,L3,2,0.543063797513833,1,bisquare,7469,1.0,negbinomial,0.29239382422135424,True
GTTATATTATCTCCCT-1,6625.0,8205.0,L6,5,0.17630808152358218,1,bisquare,7469,1.0,negbinomial,0.29239382422135424,True
GTTATCACCTTCTGAA-1,6799.0,3174.0,L2,1,0.1842229601624945,1,bisquare,7469,1.0,negbinomial,0.29239382422135424,True
GTTATTAAATACGACC-1,8661.0,2828.0,L3,2,0.5063297003233399,1,bisquare,7469,1.0,negbinomial,0.29239382422135424,True
GTTATTAACGTGGGAG-1,4031.0,5071.0,L3,2,0.09399407402781838,1,bisquare,7469,1.0,negbinomial,0.29239382422135424,True
GTTCAATCTATGTCAA-1,8591.0,2948.0,L3,2,0.34587816361521323,1,bisquare,7469,1.0,negbinomial,0.29239382422135424,True
GTTCACAGGAGTCTAG-1,5124.0,6277.0,L5,4,0.18046056500861876,1,bisquare,7469,1.0,negbinomial,0.29239382422135424,True
GTTCAGTCGCCAAATG-1,6882.0,10843.0,L6,5,0.2260128425408597,1,bisquare,7469,1.0,negbinomial,0.29239382422135424,True
GTTCATCGTTTGGCTG-1,10012.0,6433.0,L3,2,0.3437719703626719,1,bisquare,7469,1.0,negbinomial,0.29239382422135424,True
GTTCCAAGACAGCGAC-1,4598.0,2919.0,L1,0,0.3445860366626195,1,bisquare,7469,1.0,negbinomial,0.29239382422135424,True
GTTCCAGTCTGACCAT-1,6446.0,4490.0,L4,3,0.18363750868234985,1,bisquare,7469,1.0,negbinomial,0.29239382422135424,True
GTTCCGTCCGCCTGCA-1,5642.0,10834.0,WM,6,0.19987069367962823,1,bisquare,7469,1.0,negbinomial,0.29239382422135424,True
GTTCGCCATAAGTGCC-1,6428.0,6886.0,L6,5,0.16910463876524656,1,bisquare,7469,1.0,negbinomial,0.29239382422135424,True
GTTCGCTGAGACGTCT-1,10270.0,8831.0,L3,2,0.40225225817634497,1,bisquare,7469,1.0,negbinomial,0.29239382422135424,True
GTTCGGATCGGGAACA-1,10347.0,7753.0,L3,2,0.34897113527495693,1,bisquare,7469,1.0,negbinomial,0.29239382422135424,True
GTTCGGGCGTACCATT-1,10220.0,6314.0,L3,2,0.3696601210097739,1,bisquare,7469,1.0,negbinomial,0.29239382422135424,True
GTTCGTCTAAAGAACT-1,8895.0,8581.0,L4,3,0.3325717948147978,1,bisquare,7469,1.0,negbinomial,0.29239382422135424,True
GTTCGTTGCGGACCAG-1,5290.0,2445.0,L1,0,0.41547898936621525,1,bisquare,7469,1.0,negbinomial,0.29239382422135424,True
GTTCTTCCCTCGATGT-1,6310.0,4249.0,L3,2,0.13818291650629877,1,bisquare,7469,1.0,negbinomial,0.29239382422135424,True
GTTGAACCGGTTCCAT-1,5529.0,7479.0,L6,5,0.259062907654789,1,bisquare,7469,1.0,negbinomial,0.29239382422135424,True
GTTGAGTCCCGCCGGT-1,8137.0,8696.0,L5,4,0.4298820273603792,1,bisquare,7469,1.0,negbinomial,0.29239382422135424,True
GTTGCACGGAGTTTCG-1,6095.0,5326.0,L5,4,0.34266783459430367,1,bisquare,7469,1.0,negbinomial,0.29239382422135424,True
GTTGCGGACGGTCAGG-1,10959.0,8836.0,L2,1,0.16471207560790835,1,bisquare,7469,1.0,negbinomial,0.29239382422135424,True
GTTGGATTCAGTGGCT-1,9407.0,4391.0,L3,2,0.17256761787369848,1,bisquare,7469,1.0,negbinomial,0.29239382422135424,True
GTTGGATTGAGAACAC-1,8843.0,6304.0,L5,4,0.3896309416357841,1,bisquare,7469,1.0,negbinomial,0.29239382422135424,True
GTTGGATTTGCGTTGG-1,6223.0,6765.0,L6,5,0.20104324290944123,1,bisquare,7469,1.0,negbinomial,0.29239382422135424,True
GTTGGTCATGCTATCC-1,7101.0,9047.0,L6,5,0.18696063290291012,1,bisquare,7469,1.0,negbinomial,0.29239382422135424,True
GTTGTCGTGTTAGTTG-1,6034.0,4247.0,L3,2,0.12593085384625544,1,bisquare,7469,1.0,negbinomial,0.29239382422135424,True
GTTTACGTTCCATCTG-1,7176.0,8209.0,L6,5,0.37005362525827573,1,bisquare,7469,1.0,negbinomial,0.29239382422135424,True
GTTTCAAACGAGTTGT-1,10263.0,9789.0,L3,2,0.4509499489552946,1,bisquare,7469,1.0,negbinomial,0.29239382422135424,True
GTTTCATATCGTCGCT-1,4636.0,7113.0,L6,5,0.3248283027163842,1,bisquare,7469,1.0,negbinomial,0.29239382422135424,True
GTTTCCTGGAGGGTGA-1,6163.0,5446.0,L5,4,0.20465060795125875,1,bisquare,7469,1.0,negbinomial,0.29239382422135424,True
GTTTCTGCAGTCTCCC-1,7734.0,7255.0,L6,5,0.23207467636038417,1,bisquare,7469,1.0,negbinomial,0.29239382422135424,True
GTTTGACCAAATCCTA-1,6779.0,6050.0,L6,5,0.3296918175162736,1,bisquare,7469,1.0,negbinomial,0.29239382422135424,True
GTTTGAGCGGTTATGT-1,5703.0,2448.0,L1,0,0.5466526980726687,1,bisquare,7469,1.0,negbinomial,0.29239382422135424,True
GTTTGGCCCAAGTTAT-1,8283.0,7498.0,L5,4,0.22495806926052153,1,bisquare,7469,1.0,negbinomial,0.29239382422135424,True
GTTTGGCCGCTCAGCG-1,5004.0,3880.0,L2,1,0.272715079967984,1,bisquare,7469,1.0,negbinomial,0.29239382422135424,True
GTTTGGGCTTGTGAGC-1,7242.0,8569.0,L6,5,0.2984826054998198,1,bisquare,7469,1.0,negbinomial,0.29239382422135424,True
GTTTGGGTTTCGCCCG-1,9022.0,10020.0,L3,2,0.2792769942565101,1,bisquare,7469,1.0,negbinomial,0.29239382422135424,True
GTTTGGTAGGGTCAAC-1,6828.0,8806.0,L6,5,0.10790014432547544,1,bisquare,7469,1.0,negbinomial,0.29239382422135424,True
GTTTGGTGATCGGTGC-1,5370.0,10353.0,WM,6,0.27531040236843773,1,bisquare,7469,1.0,negbinomial,0.29239382422135424,True
TAAACCCAGGAGGGCA-1,5243.0,8914.0,WM,6,0.3371498311851501,1,bisquare,7469,1.0,negbinomial,0.29239382422135424,True
TAAAGAGCCCGAAACC-1,5970.0,3648.0,L3,2,0.2088732492760974,1,bisquare,7469,1.0,negbinomial,0.29239382422135424,True
TAAAGCGGTATTTCCA-1,6130.0,9999.0,L6,5,0.33957628691959746,1,bisquare,7469,1.0,negbinomial,0.29239382422135424,True
TAAAGCGTTAGGAGAA-1,8846.0,5825.0,L5,4,0.5806006220505523,1,bisquare,7469,1.0,negbinomial,0.29239382422135424,True
TAAAGCTGCAATAGGG-1,9475.0,4512.0,L3,2,0.4299549695973145,1,bisquare,7469,1.0,negbinomial,0.29239382422135424,True
TAAAGGAGAAACTAGT-1,7906.0,2463.0,L2,1,0.26632944063663944,1,bisquare,7469,1.0,negbinomial,0.29239382422135424,True
TAAATGAATCCGTTTC-1,4788.0,5197.0,L3,2,0.15841498941592386,1,bisquare,7469,1.0,negbinomial,0.29239382422135424,True
TAAATGCCGTCTCATG-1,9894.0,3796.0,L2,1,0.5808519153237133,1,bisquare,7469,1.0,negbinomial,0.29239382422135424,True
TAAATTTAGTAACACC-1,5435.0,10952.0,WM,6,0.24324038502991302,1,bisquare,7469,1.0,negbinomial,0.29239382422135424,True
TAACAAAGGGAGAAGC-1,5203.0,4960.0,L3,2,0.22183088371943835,1,bisquare,7469,1.0,negbinomial,0.29239382422135424,True
TAACAATATTTGTTGC-1,3888.0,5789.0,L3,2,0.10670034744239774,1,bisquare,7469,1.0,negbinomial,0.29239382422135424,True
TAACAGCGTTTGTGCT-1,5304.0,9993.0,WM,6,0.2669152167846207,1,bisquare,7469,1.0,negbinomial,0.29239382422135424,True
TAACATACAATGTGGG-1,7598.0,7014.0,L6,5,0.37035480793776077,1,bisquare,7469,1.0,negbinomial,0.29239382422135424,True
TAACATACACGCGATC-1,4485.0,9029.0,WM,6,0.23167641912370762,1,bisquare,7469,1.0,negbinomial,0.29239382422135424,True
TAACCGCCCGCAGTGC-1,6177.0,3529.0,L3,2,0.1465232446766466,1,bisquare,7469,1.0,negbinomial,0.29239382422135424,True
TAACCTACCGTCCGAG-1,9737.0,6431.0,L3,2,0.3196904242918815,1,bisquare,7469,1.0,negbinomial,0.29239382422135424,True
TAACCTAGGGAGTCCA-1,10058.0,9668.0,L3,2,0.49694820142528634,1,bisquare,7469,1.0,negbinomial,0.29239382422135424,True
TAACGCTTTGAGAGCG-1,4784.0,5676.0,L4,3,0.20256396549488373,1,bisquare,7469,1.0,negbinomial,0.29239382422135424,True
TAACTATCGAAGGTCC-1,5131.0,5319.0,L4,3,0.17835460218298435,1,bisquare,7469,1.0,negbinomial,0.29239382422135424,True
TAACTATTACGCCAAA-1,10153.0,5954.0,L3,2,0.5677174624607749,1,bisquare,7469,1.0,negbinomial,0.29239382422135424,True
TAACTCATCCGCGCGG-1,6148.0,7603.0,WM,6,0.35969124111432366,1,bisquare,7469,1.0,negbinomial,0.29239382422135424,True
TAACTCCATGGAGGCT-1,4654.0,4716.0,L3,2,0.20231120684463458,1,bisquare,7469,1.0,negbinomial,0.29239382422135424,True
TAAGAGGGACAGGGAC-1,4065.0,9984.0,WM,6,0.2524051160142378,1,bisquare,7469,1.0,negbinomial,0.29239382422135424,True
TAAGATTTAGCGGGAG-1,5286.0,2924.0,L1,0,0.18495826547259445,1,bisquare,7469,1.0,negbinomial,0.29239382422135424,True
TAAGCAGGCGACACGC-1,4089.0,6629.0,L5,4,0.3168606852500321,1,bisquare,7469,1.0,negbinomial,0.29239382422135424,True
TAAGCGCGAATCAAAT-1,4476.0,10227.0,WM,6,0.47393156952121973,1,bisquare,7469,1.0,negbinomial,0.29239382422135424,True
TAAGGAACTTGTGGGA-1,5551.0,4363.0,L3,2,0.3077151238487899,1,bisquare,7469,1.0,negbinomial,0.29239382422135424,True
TAAGGCAACATAAGAT-1,7678.0,5457.0,L5,4,0.4128287153874661,1,bisquare,7469,1.0,negbinomial,0.29239382422135424,True
TAAGGCATAACATCAA-1,6136.0,9280.0,WM,6,0.3379204213445592,1,bisquare,7469,1.0,negbinomial,0.29239382422135424,True
TAAGGCCCGTCACCCT-1,7577.0,9890.0,L5,4,0.20124506387917,1,bisquare,7469,1.0,negbinomial,0.29239382422135424,True
TAAGGCTGAATCCCTC-1,9451.0,7866.0,L3,2,0.462719604678667,1,bisquare,7469,1.0,negbinomial,0.29239382422135424,True
TAAGGGCCTGTCCGAT-1,9303.0,9303.0,L3,2,0.513011777928108,1,bisquare,7469,1.0,negbinomial,0.29239382422135424,True
TAAGGGCTGGGAGAGG-1,4021.0,6509.0,L5,4,0.21843737343064346,1,bisquare,7469,1.0,negbinomial,0.29239382422135424,True
TAAGTAAATGTGCCGC-1,9486.0,3074.0,L2,1,0.40633475249863393,1,bisquare,7469,1.0,negbinomial,0.29239382422135424,True
TAAGTAACATCTTGAC-1,5525.0,7958.0,WM,6,0.2793964358709396,1,bisquare,7469,1.0,negbinomial,0.29239382422135424,True
TAAGTCGCCGAGTATC-1,4968.0,8912.0,WM,6,0.39244999029857874,1,bisquare,7469,1.0,negbinomial,0.29239382422135424,True
TAAGTTGCGACGTAGG-1,9306.0,8824.0,L3,2,0.3106352542639487,1,bisquare,7469,1.0,negbinomial,0.29239382422135424,True
TAATAAACAAGGAGAT-1,9062.0,4509.0,L3,2,0.2560501049676681,1,bisquare,7469,1.0,negbinomial,0.29239382422135424,True
TAATACACAGTAGTAT-1,7200.0,4855.0,L5,4,0.2073240291202522,1,bisquare,7469,1.0,negbinomial,0.29239382422135424,True
TAATAGAACAGAGTTA-1,5384.0,8436.0,WM,6,0.2907632980626464,1,bisquare,7469,1.0,negbinomial,0.29239382422135424,True
TAATAGGTCACCAGAA-1,4204.0,9745.0,WM,6,0.27294630022236455,1,bisquare,7469,1.0,negbinomial,0.29239382422135424,True
TAATAGTGACGACCAG-1,8503.0,5703.0,L5,4,0.40863786097393606,1,bisquare,7469,1.0,negbinomial,0.29239382422135424,True
TAATATTGAAATTCGC-1,6033.0,4487.0,L3,2,0.20193205098539177,1,bisquare,7469,1.0,negbinomial,0.29239382422135424,True
TAATCGATCCGTACGT-1,9193.0,5468.0,L4,3,0.22886225247404118,1,bisquare,7469,1.0,negbinomial,0.29239382422135424,True
TAATGAAAGACCCTTG-1,3960.0,5430.0,L3,2,0.15612955268732082,1,bisquare,7469,1.0,negbinomial,0.29239382422135424,True
TAATTACGTCAGTAGA-1,9781.0,9906.0,L3,2,0.4494647994685826,1,bisquare,7469,1.0,negbinomial,0.29239382422135424,True
TAATTAGATGGATATG-1,5006.0,3641.0,L1,0,0.26837884203832485,1,bisquare,7469,1.0,negbinomial,0.29239382422135424,True
TAATTAGGACATCCGT-1,10211.0,7512.0,L3,2,0.368265797244319,1,bisquare,7469,1.0,negbinomial,0.29239382422135424,True
TAATTGGAATCGGGAA-1,10026.0,4516.0,L3,2,0.3908302245843572,1,bisquare,7469,1.0,negbinomial,0.29239382422135424,True
TACAAATTGCGGAGGT-1,8387.0,2587.0,L2,1,0.3579908717339126,1,bisquare,7469,1.0,negbinomial,0.29239382422135424,True
TACAACGCACAACTCA-1,6149.0,7363.0,L6,5,0.3215402477016971,1,bisquare,7469,1.0,negbinomial,0.29239382422135424,True
TACAAGCTGTTCACTG-1,6460.0,2573.0,L1,0,0.2648584155646926,1,bisquare,7469,1.0,negbinomial,0.29239382422135424,True
TACAAGTCTCGTGCAT-1,4643.0,6154.0,L5,4,0.46513259393969714,1,bisquare,7469,1.0,negbinomial,0.29239382422135424,True
TACAGAAACGGTGGGC-1,8613.0,9538.0,L4,3,0.38125992717644214,1,bisquare,7469,1.0,negbinomial,0.29239382422135424,True
TACATAGGCATACACC-1,6908.0,7249.0,L6,5,0.21577275441819674,1,bisquare,7469,1.0,negbinomial,0.29239382422135424,True
TACATCCCTATCCCTG-1,3737.0,7705.0,L6,5,0.19831631531222188,1,bisquare,7469,1.0,negbinomial,0.29239382422135424,True
TACATTTCTAACGTGC-1,6564.0,7127.0,L6,5,0.20388903152841326,1,bisquare,7469,1.0,negbinomial,0.29239382422135424,True
TACCAAATAGCCCAGA-1,6960.0,9526.0,L6,5,0.3576626783514756,1,bisquare,7469,1.0,negbinomial,0.29239382422135424,True
TACCAATAAAGTACCA-1,8478.0,9057.0,L5,4,0.590886163534556,1,bisquare,7469,1.0,negbinomial,0.29239382422135424,True
TACCAGAAGTAGGTTC-1,6280.0,8323.0,WM,6,0.37819119117352124,1,bisquare,7469,1.0,negbinomial,0.29239382422135424,True
TACCAGCTAGGTTTAA-1,7277.0,3777.0,L3,2,0.1494554863163326,1,bisquare,7469,1.0,negbinomial,0.29239382422135424,True
TACCAGGAATCCCGTC-1,5231.0,10592.0,WM,6,0.18796079889411957,1,bisquare,7469,1.0,negbinomial,0.29239382422135424,True
TACCGCGGACTTGCAG-1,9461.0,6429.0,L3,2,0.24368328663136454,1,bisquare,7469,1.0,negbinomial,0.29239382422135424,True
TACCGGCTCACTGCCC-1,7246.0,8090.0,L6,5,0.30513187200046765,1,bisquare,7469,1.0,negbinomial,0.29239382422135424,True
TACCGGTCGTTTCCAT-1,5114.0,7715.0,L6,5,0.1648020016058275,1,bisquare,7469,1.0,negbinomial,0.29239382422135424,True
TACCGTAGGTTAACTA-1,6685.0,9524.0,L6,5,0.21460605121356446,1,bisquare,7469,1.0,negbinomial,0.29239382422135424,True
TACCGTGCCTCGGACC-1,7518.0,8571.0,L6,5,0.45613482689578616,1,bisquare,7469,1.0,negbinomial,0.29239382422135424,True
TACCTACTCCCAGTAT-1,7030.0,9406.0,L6,5,0.15725823739212946,1,bisquare,7469,1.0,negbinomial,0.29239382422135424,True
TACCTCACGCTTGTAC-1,6653.0,4371.0,L4,3,0.160454941984919,1,bisquare,7469,1.0,negbinomial,0.29239382422135424,True
TACCTCAGTTGTCTGT-1,6202.0,9640.0,L6,5,0.27955073210802334,1,bisquare,7469,1.0,negbinomial,0.29239382422135424,True
TACCTCCACACCAATG-1,4752.0,10229.0,WM,6,0.36120095161265237,1,bisquare,7469,1.0,negbinomial,0.29239382422135424,True
TACCTGCTGCACTGTG-1,4302.0,5792.0,L4,3,0.18966048564866678,1,bisquare,7469,1.0,negbinomial,0.29239382422135424,True
TACCTTAAGATTTCCC-1,4765.0,8312.0,WM,6,0.2322732163170408,1,bisquare,7469,1.0,negbinomial,0.29239382422135424,True
TACGAACACGACTTCA-1,6434.0,6167.0,L6,5,0.4253539289623736,1,bisquare,7469,1.0,negbinomial,0.29239382422135424,True
TACGACGCTTGCTGCG-1,6489.0,7965.0,L6,5,0.2804438019713591,1,bisquare,7469,1.0,negbinomial,0.29239382422135424,True
TACGACTGCCTCTTAG-1,7317.0,7731.0,L6,5,0.13160177230085912,1,bisquare,7469,1.0,negbinomial,0.29239382422135424,True
TACGAGAACTTCACGT-1,5466.0,6639.0,L6,5,0.3024766145836689,1,bisquare,7469,1.0,negbinomial,0.29239382422135424,True
TACGATGTTGATCATC-1,5191.0,6637.0,L5,4,0.24829578577679107,1,bisquare,7469,1.0,negbinomial,0.29239382422135424,True
TACGCAGTTCTTTCCT-1,6287.0,7364.0,L6,5,0.22146115641013137,1,bisquare,7469,1.0,negbinomial,0.29239382422135424,True
TACGCCATATTCTAAT-1,6770.0,7248.0,L6,5,0.12108640630705086,1,bisquare,7469,1.0,negbinomial,0.29239382422135424,True
TACGCCGAGGGTACCC-1,5104.0,9153.0,WM,6,0.44768808533176907,1,bisquare,7469,1.0,negbinomial,0.29239382422135424,True
TACGCCTCCATTCCGA-1,6826.0,9045.0,L6,5,0.18719203532306292,1,bisquare,7469,1.0,negbinomial,0.29239382422135424,True
TACGCTATAGAAACCT-1,9943.0,6552.0,L3,2,0.5106616484384635,1,bisquare,7469,1.0,negbinomial,0.29239382422135424,True
TACGCTCGGTATTGGA-1,10539.0,9791.0,L2,1,0.15065608313064324,1,bisquare,7469,1.0,negbinomial,0.29239382422135424,True
TACGCTGCTGTGTTAA-1,4405.0,10586.0,WM,6,0.3449473048643281,1,bisquare,7469,1.0,negbinomial,0.29239382422135424,True
TACGGGATGCTAGCAG-1,8508.0,4984.0,L5,4,0.29096679344862386,1,bisquare,7469,1.0,negbinomial,0.29239382422135424,True
TACGTAAAGCGGAGTG-1,9849.0,10026.0,L3,2,0.37668770940063406,1,bisquare,7469,1.0,negbinomial,0.29239382422135424,True
TACGTACTAGTGCTGA-1,5649.0,9876.0,WM,6,0.3282717154269649,1,bisquare,7469,1.0,negbinomial,0.29239382422135424,True
TACGTGCACTATGCTG-1,5065.0,4959.0,L3,2,0.11813922903349466,1,bisquare,7469,1.0,negbinomial,0.29239382422135424,True
TACGTTTACCGGCAAT-1,4980.0,7235.0,L6,5,0.14141938170868945,1,bisquare,7469,1.0,negbinomial,0.29239382422135424,True
TACTATGGTTCCTCAG-1,5998.0,9279.0,WM,6,0.2273263696573189,1,bisquare,7469,1.0,negbinomial,0.29239382422135424,True
TACTCCTCTAGTTGAC-1,5234.0,10112.0,WM,6,0.25713227880763734,1,bisquare,7469,1.0,negbinomial,0.29239382422135424,True
TACTCGGCACGCCGGG-1,3882.0,6748.0,L5,4,0.2668421126391363,1,bisquare,7469,1.0,negbinomial,0.29239382422135424,True
TACTCTCCGAACAAAT-1,8370.0,4983.0,L5,4,0.5738708221687794,1,bisquare,7469,1.0,negbinomial,0.29239382422135424,True
TACTCTTACTTTACTG-1,10403.0,9551.0,L2,1,0.3127271501326455,1,bisquare,7469,1.0,negbinomial,0.29239382422135424,True
TACTCTTTCGTCTTCA-1,5928.0,9398.0,WM,6,0.20446185122911026,1,bisquare,7469,1.0,negbinomial,0.29239382422135424,True
TACTGAACAGATTTAG-1,5792.0,9158.0,WM,6,0.18338996935976576,1,bisquare,7469,1.0,negbinomial,0.29239382422135424,True
TACTGAGGGAAGAAAG-1,3172.0,9618.0,WM,6,0.314448657508725,1,bisquare,7469,1.0,negbinomial,0.29239382422135424,True
TACTGCAATCAATTAC-1,9815.0,5113.0,L3,2,0.29514424913690995,1,bisquare,7469,1.0,negbinomial,0.29239382422135424,True
TACTGGACAGCTCGGC-1,4502.0,6632.0,L5,4,0.16249893999657822,1,bisquare,7469,1.0,negbinomial,0.29239382422135424,True
TACTGTTTCTCTGGTA-1,10964.0,8117.0,L2,1,0.2081244396534105,1,bisquare,7469,1.0,negbinomial,0.29239382422135424,True
TACTTGTTAGTAGTCC-1,8769.0,6903.0,L5,4,0.3013677667299165,1,bisquare,7469,1.0,negbinomial,0.29239382422135424,True
TACTTTACTGAGCCGG-1,9395.0,6069.0,L3,2,0.34135905997412214,1,bisquare,7469,1.0,negbinomial,0.29239382422135424,True
TACTTTCCGCACGCCA-1,4079.0,8067.0,L6,5,0.2984399937356393,1,bisquare,7469,1.0,negbinomial,0.29239382422135424,True
TAGAAACCACTAAGTA-1,8246.0,3065.0,L3,2,0.4512441355463748,1,bisquare,7469,1.0,negbinomial,0.29239382422135424,True
TAGAAAGGTGGCGCTA-1,8361.0,6181.0,L5,4,0.33515516138945817,1,bisquare,7469,1.0,negbinomial,0.29239382422135424,True
TAGAAATTCACGTATA-1,3468.0,6745.0,L5,4,0.12936061133946314,1,bisquare,7469,1.0,negbinomial,0.29239382422135424,True
TAGAATAGCCGATGAA-1,9643.0,9905.0,L3,2,0.5572177627572721,1,bisquare,7469,1.0,negbinomial,0.29239382422135424,True
TAGAATTAAGGGCAAC-1,8035.0,3663.0,L3,2,0.30791390808821306,1,bisquare,7469,1.0,negbinomial,0.29239382422135424,True
TAGACGAAACGCCAAT-1,7783.0,10011.0,L5,4,0.29424142604414294,1,bisquare,7469,1.0,negbinomial,0.29239382422135424,True
TAGACGCCCGTACCGG-1,8980.0,6305.0,L5,4,0.32143679176838325,1,bisquare,7469,1.0,negbinomial,0.29239382422135424,True
TAGACTACCTAGCGTT-1,9939.0,7031.0,L3,2,0.41297323988675244,1,bisquare,7469,1.0,negbinomial,0.29239382422135424,True
TAGAGATCATGCAACT-1,4563.0,7711.0,L6,5,0.17982679438087437,1,bisquare,7469,1.0,negbinomial,0.29239382422135424,True
TAGAGCTACGAAGAAC-1,6449.0,4011.0,L3,2,0.3032005081372841,1,bisquare,7469,1.0,negbinomial,0.29239382422135424,True
TAGAGGTTCTACTTGT-1,9374.0,8944.0,L3,2,0.2804723345146935,1,bisquare,7469,1.0,negbinomial,0.29239382422135424,True
TAGAGTCTAAGCGAAC-1,6573.0,5928.0,L6,5,0.47069822975547304,1,bisquare,7469,1.0,negbinomial,0.29239382422135424,True
TAGATATGGACTGGAA-1,6418.0,8324.0,L6,5,0.18321624412423446,1,bisquare,7469,1.0,negbinomial,0.29239382422135424,True
TAGATCCGAAGTCGCA-1,7760.0,3661.0,L3,2,0.3735167072429672,1,bisquare,7469,1.0,negbinomial,0.29239382422135424,True
TAGATGGTTCCTTACT-1,9439.0,9544.0,L3,2,0.42920038895613716,1,bisquare,7469,1.0,negbinomial,0.29239382422135424,True
TAGATTCAAAGTGCGG-1,5437.0,10713.0,WM,6,0.22202616863527994,1,bisquare,7469,1.0,negbinomial,0.29239382422135424,True
TAGATTCCTGGTTATT-1,4160.0,6270.0,L5,4,0.19914377460771682,1,bisquare,7469,1.0,negbinomial,0.29239382422135424,True
TAGCAACCTGTCACAA-1,4582.0,5075.0,L3,2,0.1162375584685215,1,bisquare,7469,1.0,negbinomial,0.29239382422135424,True
TAGCAGTATGACTAAA-1,9502.0,10383.0,L3,2,0.24313623182330182,1,bisquare,7469,1.0,negbinomial,0.29239382422135424,True
TAGCCAGAGGGTCCGG-1,3425.0,3270.0,L1,0,0.2617632498912617,1,bisquare,7469,1.0,negbinomial,0.29239382422135424,True
TAGCCATTTCAAAGTC-1,8902.0,7623.0,L5,4,0.3528603052456647,1,bisquare,7469,1.0,negbinomial,0.29239382422135424,True
TAGCCGGCGGTCAGCG-1,8635.0,6423.0,L5,4,0.5461075521323001,1,bisquare,7469,1.0,negbinomial,0.29239382422135424,True
TAGCGTCCCTCGATTG-1,10277.0,7872.0,L3,2,0.5703411721830691,1,bisquare,7469,1.0,negbinomial,0.29239382422135424,True
TAGCGTCCGGTGTGGT-1,8067.0,8815.0,L5,4,0.3416150044528741,1,bisquare,7469,1.0,negbinomial,0.29239382422135424,True
TAGCGTTGGGTCTTAC-1,7460.0,7013.0,L6,5,0.24407290876874574,1,bisquare,7469,1.0,negbinomial,0.29239382422135424,True
TAGCTAAGTCCGGGAG-1,6711.0,5929.0,L6,5,0.5345426814167336,1,bisquare,7469,1.0,negbinomial,0.29239382422135424,True
TAGCTAGAAGGCATGA-1,6279.0,8562.0,WM,6,0.4279222208426009,1,bisquare,7469,1.0,negbinomial,0.29239382422135424,True
TAGCTAGTGATGATGG-1,6064.0,9639.0,WM,6,0.2668360001599181,1,bisquare,7469,1.0,negbinomial,0.29239382422135424,True
TAGCTCGCCTGATAAC-1,6761.0,8446.0,L6,5,0.37412162561285006,1,bisquare,7469,1.0,negbinomial,0.29239382422135424,True
TAGCTGATGTGAAGCG-1,3463.0,7464.0,L5,4,0.16406136989329112,1,bisquare,7469,1.0,negbinomial,0.29239382422135424,True
TAGGAACAGCCTCCAG-1,8797.0,3069.0,L3,2,0.2943112812802884,1,bisquare,7469,1.0,negbinomial,0.29239382422135424,True
TAGGCATGTTACGCCA-1,8644.0,5225.0,L5,4,0.3156145091900929,1,bisquare,7469,1.0,negbinomial,0.29239382422135424,True
TAGGCGATGAGGTCTC-1,3521.0,9022.0,WM,6,0.21304407012904295,1,bisquare,7469,1.0,negbinomial,0.29239382422135424,True
TAGGCGGCTGCAAAGA-1,3650.0,10221.0,WM,6,0.38035554951003214,1,bisquare,7469,1.0,negbinomial,0.29239382422135424,True
TAGGCTAAAGTGGCAC-1,9571.0,10263.0,L3,2,0.21934858843493274,1,bisquare,7469,1.0,negbinomial,0.29239382422135424,True
TAGGGAGCTTGGGATG-1,9390.0,6788.0,L3,2,0.2920150935431923,1,bisquare,7469,1.0,negbinomial,0.29239382422135424,True
TAGGGTGTTTCAAGAG-1,6510.0,5089.0,L5,4,0.2726472479423159,1,bisquare,7469,1.0,negbinomial,0.29239382422135424,True
TAGGTCCAAGTAAGGA-1,4370.0,5913.0,L4,3,0.29930703500849754,1,bisquare,7469,1.0,negbinomial,0.29239382422135424,True
TAGGTCGCCGGAACTG-1,9669.0,6310.0,L3,2,0.2936737332407938,1,bisquare,7469,1.0,negbinomial,0.29239382422135424,True
TAGGTGACGATAACCT-1,8198.0,9774.0,L5,4,0.5832697339381986,1,bisquare,7469,1.0,negbinomial,0.29239382422135424,True
TAGGTGAGCCCTACTC-1,5058.0,5918.0,L5,4,0.2793124594591965,1,bisquare,7469,1.0,negbinomial,0.29239382422135424,True
TAGGTGCTCGCCTAGC-1,8698.0,7262.0,L5,4,0.28932154679718525,1,bisquare,7469,1.0,negbinomial,0.29239382422135424,True
TAGGTGTTCCACAGAT-1,6890.0,9645.0,L6,5,0.09365779544909383,1,bisquare,7469,1.0,negbinomial,0.29239382422135424,True
TAGGTTCGAGTTCGTC-1,7394.0,6653.0,L6,5,0.25050116323198995,1,bisquare,7469,1.0,negbinomial,0.29239382422135424,True
TAGTACCACAACTTTC-1,3652.0,9981.0,WM,6,0.2782187841371701,1,bisquare,7469,1.0,negbinomial,0.29239382422135424,True
TAGTACCTTAGTGGTC-1,4239.0,4953.0,L3,2,0.10346464055945473,1,bisquare,7469,1.0,negbinomial,0.29239382422135424,True
TAGTAGCTTATACCAG-1,5719.0,9756.0,WM,6,0.3122033298875746,1,bisquare,7469,1.0,negbinomial,0.29239382422135424,True
TAGTCCCGGAGACCAC-1,6059.0,10358.0,L6,5,0.47025429446759576,1,bisquare,7469,1.0,negbinomial,0.29239382422135424,True
TAGTCCGCAGAGAATG-1,6427.0,7126.0,L6,5,0.33098060323302714,1,bisquare,7469,1.0,negbinomial,0.29239382422135424,True
TAGTCCGTATGCATAA-1,3693.0,4230.0,L1,0,0.3042587964357306,1,bisquare,7469,1.0,negbinomial,0.29239382422135424,True
TAGTCGATCACGGGTT-1,9380.0,8225.0,L3,2,0.326727161430839,1,bisquare,7469,1.0,negbinomial,0.29239382422135424,True
TAGTCTAACAACGAGA-1,5117.0,7236.0,L6,5,0.1639183035456229,1,bisquare,7469,1.0,negbinomial,0.29239382422135424,True
TAGTCTGCGGCACATT-1,5227.0,11071.0,WM,6,0.17187653764021163,1,bisquare,7469,1.0,negbinomial,0.29239382422135424,True
TAGTCTGTGACGTTGC-1,9883.0,5233.0,L3,2,0.20534492724597217,1,bisquare,7469,1.0,negbinomial,0.29239382422135424,True
TAGTCTTTCCGAATTG-1,10755.0,8475.0,L2,1,0.11912011715779587,1,bisquare,7469,1.0,negbinomial,0.29239382422135424,True
TAGTGCCCTCCAGAGT-1,6364.0,6286.0,L6,5,0.311577844984995,1,bisquare,7469,1.0,negbinomial,0.29239382422135424,True
TAGTGGAACTCATACA-1,8523.0,2827.0,L3,2,0.2574078618056954,1,bisquare,7469,1.0,negbinomial,0.29239382422135424,True
TAGTGTCAGAAACGGC-1,4101.0,4952.0,L3,2,0.1072283558399597,1,bisquare,7469,1.0,negbinomial,0.29239382422135424,True
TAGTTAAGATAGGATA-1,8447.0,3905.0,L3,2,0.42113584088487516,1,bisquare,7469,1.0,negbinomial,0.29239382422135424,True
TAGTTTATTCTTGCTT-1,6725.0,4013.0,L3,2,0.17501122905962666,1,bisquare,7469,1.0,negbinomial,0.29239382422135424,True
TATAAATCCACAAGCT-1,5823.0,4845.0,L4,3,0.18885739000371196,1,bisquare,7469,1.0,negbinomial,0.29239382422135424,True
TATAAGTGAGGATAGC-1,5478.0,4962.0,L4,3,0.21221156415910628,1,bisquare,7469,1.0,negbinomial,0.29239382422135424,True
TATACACAGACGCCTT-1,6899.0,8447.0,L6,5,0.1012226150974873,1,bisquare,7469,1.0,negbinomial,0.29239382422135424,True
TATACACGCAAAGTAT-1,5274.0,4601.0,L3,2,0.16201284285221404,1,bisquare,7469,1.0,negbinomial,0.29239382422135424,True
TATACCGAGTGCCACA-1,11030.0,8477.0,L2,1,0.09537227751599302,1,bisquare,7469,1.0,negbinomial,0.29239382422135424,True
TATACGCGTCATCACT-1,7441.0,9649.0,L6,5,0.4368546266514168,1,bisquare,7469,1.0,negbinomial,0.29239382422135424,True
TATACTCATGCGGCAA-1,4033.0,4832.0,L3,2,0.3019550712207592,1,bisquare,7469,1.0,negbinomial,0.29239382422135424,True
TATAGAGTCGCTTGAA-1,5923.0,10117.0,WM,6,0.20981923071863012,1,bisquare,7469,1.0,negbinomial,0.29239382422135424,True
TATAGATGGTCGCAGT-1,9800.0,7270.0,L3,2,0.27308137992247394,1,bisquare,7469,1.0,negbinomial,0.29239382422135424,True
TATAGGGTACTCATGA-1,4157.0,6750.0,L5,4,0.27178972359865106,1,bisquare,7469,1.0,negbinomial,0.29239382422135424,True
TATATAGGGCTTTACG-1,5029.0,9991.0,WM,6,0.21226413973156708,1,bisquare,7469,1.0,negbinomial,0.29239382422135424,True
TATATATCGAGAAATG-1,4687.0,9629.0,WM,6,0.4004074134934446,1,bisquare,7469,1.0,negbinomial,0.29239382422135424,True
TATATCAAAGTGATCT-1,5297.0,10951.0,WM,6,0.16138944154524745,1,bisquare,7469,1.0,negbinomial,0.29239382422135424,True
TATATCCCTGGGAGGA-1,9528.0,6789.0,L3,2,0.4722849930867682,1,bisquare,7469,1.0,negbinomial,0.29239382422135424,True
TATATTACAAATGTCG-1,10164.0,4517.0,L3,2,0.3557167548213363,1,bisquare,7469,1.0,negbinomial,0.29239382422135424,True
TATATTCGCGTCGATA-1,7073.0,3416.0,L3,2,0.12770481746703655,1,bisquare,7469,1.0,negbinomial,0.29239382422135424,True
TATCACAGCACGGGCA-1,7214.0,2938.0,L2,1,0.20658320224406224,1,bisquare,7469,1.0,negbinomial,0.29239382422135424,True
TATCACCATGTAAAGT-1,9345.0,3552.0,L3,2,0.32334469179191244,1,bisquare,7469,1.0,negbinomial,0.29239382422135424,True
TATCACCCAACCGACC-1,9676.0,5352.0,L3,2,0.2834083882253646,1,bisquare,7469,1.0,negbinomial,0.29239382422135424,True
TATCACTTCGAGTAAC-1,9613.0,4513.0,L3,2,0.20188229667249197,1,bisquare,7469,1.0,negbinomial,0.29239382422135424,True
TATCAGTGGCGTAGTC-1,3315.0,8900.0,WM,6,0.0975000353992139,1,bisquare,7469,1.0,negbinomial,0.29239382422135424,True
TATCCAATTGGTTATC-1,8203.0,9055.0,L5,4,0.3694018007247182,1,bisquare,7469,1.0,negbinomial,0.29239382422135424,True
TATCCATATCATGCGA-1,6376.0,4609.0,L4,3,0.1709851050096076,1,bisquare,7469,1.0,negbinomial,0.29239382422135424,True
TATCCATCTCGGTTAG-1,3929.0,9743.0,WM,6,0.1446453778157579,1,bisquare,7469,1.0,negbinomial,0.29239382422135424,True
TATCCGCACCGTCGGG-1,6409.0,9522.0,L6,5,0.23187126845968659,1,bisquare,7469,1.0,negbinomial,0.29239382422135424,True
TATCCTATCAACTGGT-1,6814.0,10723.0,L6,5,0.14157325425141182,1,bisquare,7469,1.0,negbinomial,0.29239382422135424,True
TATCCTGCATGGGAAT-1,6517.0,4131.0,L3,2,0.1716077099561061,1,bisquare,7469,1.0,negbinomial,0.29239382422135424,True
TATCGATCTATGCATA-1,8851.0,5106.0,L5,4,0.4861300482503333,1,bisquare,7469,1.0,negbinomial,0.29239382422135424,True
TATCGATGATTAAACG-1,6165.0,5207.0,L5,4,0.3831119850129074,1,bisquare,7469,1.0,negbinomial,0.29239382422135424,True
TATCTACAGAGGTAAT-1,4438.0,6033.0,L4,3,0.19446334795805492,1,bisquare,7469,1.0,negbinomial,0.29239382422135424,True
TATCTACCACAGCGGG-1,6906.0,7488.0,L6,5,0.06112356262380879,1,bisquare,7469,1.0,negbinomial,0.29239382422135424,True
TATCTAGCCTAAAGGA-1,3608.0,6506.0,L4,3,0.313292789991113,1,bisquare,7469,1.0,negbinomial,0.29239382422135424,True
TATCTGAGCCGATATT-1,3306.0,10098.0,WM,6,0.19057782232153964,1,bisquare,7469,1.0,negbinomial,0.29239382422135424,True
TATCTTGCAATACAAC-1,3864.0,9144.0,WM,6,0.22750893230361208,1,bisquare,7469,1.0,negbinomial,0.29239382422135424,True
TATGAAGACAGGTGCG-1,4232.0,5912.0,L4,3,0.13436337329515113,1,bisquare,7469,1.0,negbinomial,0.29239382422135424,True
TATGATAAATCTAACG-1,8452.0,3186.0,L3,2,0.2161122030341139,1,bisquare,7469,1.0,negbinomial,0.29239382422135424,True
TATGATCCGGCACGCC-1,10500.0,5597.0,L2,1,0.3703975976373718,1,bisquare,7469,1.0,negbinomial,0.29239382422135424,True
TATGATCTTCTCTTTA-1,8958.0,9420.0,L3,2,0.4549748996366569,1,bisquare,7469,1.0,negbinomial,0.29239382422135424,True
TATGATTCTGCTTGGT-1,5217.0,3043.0,L1,0,0.21209930303117133,1,bisquare,7469,1.0,negbinomial,0.29239382422135424,True
TATGCTCCCTACTTAC-1,6990.0,5452.0,L5,4,0.1784649855879709,1,bisquare,7469,1.0,negbinomial,0.29239382422135424,True
TATGGAGTTTCTCGTT-1,5009.0,3161.0,L1,0,0.1612319810831926,1,bisquare,7469,1.0,negbinomial,0.29239382422135424,True
TATGGATGTGCTACGC-1,6507.0,5569.0,L5,4,0.20071347458767214,1,bisquare,7469,1.0,negbinomial,0.29239382422135424,True
TATGGCCCGGCCTCGC-1,4851.0,6036.0,L5,4,0.35082209752131144,1,bisquare,7469,1.0,negbinomial,0.29239382422135424,True
TATGGGACCGAGCAGG-1,6636.0,6768.0,L6,5,0.3437936501896252,1,bisquare,7469,1.0,negbinomial,0.29239382422135424,True
TATGGGTACGTATCGT-1,6777.0,6289.0,L6,5,0.36120466189735956,1,bisquare,7469,1.0,negbinomial,0.29239382422135424,True
TATGGTCTGAGTAACA-1,6773.0,6769.0,L6,5,0.21499155342770493,1,bisquare,7469,1.0,negbinomial,0.29239382422135424,True
TATGGTTAGTGGGAGA-1,10005.0,7391.0,L3,2,0.36472801989352627,1,bisquare,7469,1.0,negbinomial,0.29239382422135424,True
TATGTAAAGTGCTTAA-1,5784.0,10356.0,WM,6,0.5885022638145903,1,bisquare,7469,1.0,negbinomial,0.29239382422135424,True
TATGTAGAAACCCGGC-1,3240.0,9738.0,WM,6,0.24133991720614453,1,bisquare,7469,1.0,negbinomial,0.29239382422135424,True
TATGTCAAGACCGACT-1,9128.0,4869.0,L3,2,0.28675251978986704,1,bisquare,7469,1.0,negbinomial,0.29239382422135424,True
TATGTCTCATTGTGCC-1,8431.0,6062.0,L5,4,0.28247450801270274,1,bisquare,7469,1.0,negbinomial,0.29239382422135424,True
TATTAACACCAAAGCA-1,3453.0,8901.0,WM,6,0.16172290507105544,1,bisquare,7469,1.0,negbinomial,0.29239382422135424,True
TATTAACCTGACCGCG-1,5860.0,9278.0,WM,6,0.39357810919565966,1,bisquare,7469,1.0,negbinomial,0.29239382422135424,True
TATTACCATCCTGCTT-1,9388.0,7027.0,L4,3,0.3404161317304431,1,bisquare,7469,1.0,negbinomial,0.29239382422135424,True
TATTATGTTTGCCTGC-1,3932.0,9264.0,WM,6,0.2697241408725851,1,bisquare,7469,1.0,negbinomial,0.29239382422135424,True
TATTCAATTCTAATCC-1,7877.0,6537.0,L6,5,0.5809886848307076,1,bisquare,7469,1.0,negbinomial,0.29239382422135424,True
TATTCCACTCAGCTCG-1,6693.0,8326.0,L6,5,0.1970832529627641,1,bisquare,7469,1.0,negbinomial,0.29239382422135424,True
TATTCCGAGCTGTTAT-1,8686.0,8939.0,L5,4,0.30420122726357346,1,bisquare,7469,1.0,negbinomial,0.29239382422135424,True
TATTCCGGCAGTCCTA-1,6731.0,3054.0,L2,1,0.20839342417979181,1,bisquare,7469,1.0,negbinomial,0.29239382422135424,True
TATTCCTCCGCCCACT-1,4973.0,8193.0,WM,6,0.30656711008192905,1,bisquare,7469,1.0,negbinomial,0.29239382422135424,True
TATTCGTGCCAGAATA-1,7188.0,6532.0,L6,5,0.3254152353600795,1,bisquare,7469,1.0,negbinomial,0.29239382422135424,True
TATTTAGTCTAGATCG-1,6789.0,4612.0,L4,3,0.292435817994905,1,bisquare,7469,1.0,negbinomial,0.29239382422135424,True
TATTTATACCGAGTAG-1,8168.0,4382.0,L4,3,0.2901899643014874,1,bisquare,7469,1.0,negbinomial,0.29239382422135424,True
TATTTGATTTGCACAG-1,10889.0,8955.0,L2,1,0.17253549546344565,1,bisquare,7469,1.0,negbinomial,0.29239382422135424,True
TATTTGTTACCCTTTA-1,5958.0,5325.0,L5,4,0.43032057432873316,1,bisquare,7469,1.0,negbinomial,0.29239382422135424,True
TCAAACAACCGCGTCG-1,6922.0,5332.0,L5,4,0.15669821105801568,1,bisquare,7469,1.0,negbinomial,0.29239382422135424,True
TCAAACTTAGATTGTT-1,7260.0,6173.0,L6,5,0.28115293001714237,1,bisquare,7469,1.0,negbinomial,0.29239382422135424,True
TCAAATTTGAGACTCA-1,7579.0,9650.0,L6,5,0.3559844587115294,1,bisquare,7469,1.0,negbinomial,0.29239382422135424,True
TCAACAAAGATAATTC-1,4762.0,8791.0,WM,6,0.39833217898935896,1,bisquare,7469,1.0,negbinomial,0.29239382422135424,True
TCAACACATTGGGTAA-1,5211.0,3762.0,L2,1,0.21631741770136273,1,bisquare,7469,1.0,negbinomial,0.29239382422135424,True
TCAACATAGCGCCCTA-1,5790.0,9397.0,WM,6,0.2491624957185132,1,bisquare,7469,1.0,negbinomial,0.29239382422135424,True
TCAACATCGACCGAGA-1,3875.0,7706.0,L6,5,0.23102025425951453,1,bisquare,7469,1.0,negbinomial,0.29239382422135424,True
TCAACCATGTTCGGGC-1,6301.0,5447.0,L5,4,0.27722240401568676,1,bisquare,7469,1.0,negbinomial,0.29239382422135424,True
TCAACGAGGAGACAAA-1,6631.0,7486.0,L6,5,0.1890382857697631,1,bisquare,7469,1.0,negbinomial,0.29239382422135424,True
TCAACGCAGGAAATAA-1,4903.0,8313.0,WM,6,0.44676383017128396,1,bisquare,7469,1.0,negbinomial,0.29239382422135424,True
TCAACGCGACCGGCAG-1,4361.0,7111.0,L5,4,0.15226073196178788,1,bisquare,7469,1.0,negbinomial,0.29239382422135424,True
TCAACTAACGTATAAC-1,4092.0,6150.0,L4,3,0.21751188440693134,1,bisquare,7469,1.0,negbinomial,0.29239382422135424,True
TCAACTGCAGAGTCAG-1,10199.0,9190.0,L3,2,0.44141275333610425,1,bisquare,7469,1.0,negbinomial,0.29239382422135424,True
TCAAGAAATACTAGCT-1,10218.0,6554.0,L3,2,0.5606386199946307,1,bisquare,7469,1.0,negbinomial,0.29239382422135424,True
TCAAGCGCGGACGGTA-1,10610.0,9432.0,L2,1,0.1915680819531286,1,bisquare,7469,1.0,negbinomial,0.29239382422135424,True
TCAAGGTTACTACACC-1,9862.0,8109.0,L3,2,0.261831160110604,1,bisquare,7469,1.0,negbinomial,0.29239382422135424,True
TCAATACGCCGTCATG-1,6957.0,10005.0,L6,5,0.1686099545387693,1,bisquare,7469,1.0,negbinomial,0.29239382422135424,True
TCACAAACCGAGGTAC-1,9300.0,9782.0,L3,2,0.3576529834451941,1,bisquare,7469,1.0,negbinomial,0.29239382422135424,True
TCACAGATCCTCAAAC-1,3834.0,3752.0,L1,0,0.20150096662119,1,bisquare,7469,1.0,negbinomial,0.29239382422135424,True
TCACAGCAAACTCGAA-1,6141.0,8561.0,WM,6,0.35168276323811226,1,bisquare,7469,1.0,negbinomial,0.29239382422135424,True
TCACAGGAGAATAAGA-1,6137.0,9041.0,WM,6,0.3636136134752158,1,bisquare,7469,1.0,negbinomial,0.29239382422135424,True
TCACAGGGAATCGCAA-1,8210.0,8097.0,L5,4,0.2254855688187438,1,bisquare,7469,1.0,negbinomial,0.29239382422135424,True
TCACAGGTTATTGGGC-1,6088.0,6284.0,L6,5,0.14793503433939129,1,bisquare,7469,1.0,negbinomial,0.29239382422135424,True
TCACATCTTATCTGAT-1,4164.0,5791.0,L3,2,0.23150134115446638,1,bisquare,7469,1.0,negbinomial,0.29239382422135424,True
TCACCCTCTTAAGATT-1,6835.0,7847.0,L6,5,0.07666257706814818,1,bisquare,7469,1.0,negbinomial,0.29239382422135424,True
TCACCGCTCGGCACTC-1,9120.0,6067.0,L4,3,0.21264754402405447,1,bisquare,7469,1.0,negbinomial,0.29239382422135424,True
TCACGATGTCCGTGGA-1,4694.0,8671.0,WM,6,0.2881098156864986,1,bisquare,7469,1.0,negbinomial,0.29239382422135424,True
TCACGCATTGTAGATC-1,6156.0,6405.0,L6,5,0.16814942159698515,1,bisquare,7469,1.0,negbinomial,0.29239382422135424,True
TCACGGCCCAAGAGAG-1,3992.0,10583.0,WM,6,0.28529099946542924,1,bisquare,7469,1.0,negbinomial,0.29239382422135424,True
TCACGGTCATCGCACA-1,5890.0,5205.0,L5,4,0.2872465138071128,1,bisquare,7469,1.0,negbinomial,0.29239382422135424,True
TCACGTGCCCGATTCA-1,7047.0,7010.0,L6,5,0.12668167490153942,1,bisquare,7469,1.0,negbinomial,0.29239382422135424,True
TCACTACGACCAATGC-1,9341.0,4031.0,L3,2,0.18239742105313073,1,bisquare,7469,1.0,negbinomial,0.29239382422135424,True
TCACTATCGTGCAATC-1,5149.0,2923.0,L1,0,0.19542307916198928,1,bisquare,7469,1.0,negbinomial,0.29239382422135424,True
TCACTCAGCGCATTAG-1,5841.0,2449.0,L1,0,0.4930746412610741,1,bisquare,7469,1.0,negbinomial,0.29239382422135424,True
TCACTCGTGCAACGGC-1,9202.0,4270.0,L3,2,0.1959127026261116,1,bisquare,7469,1.0,negbinomial,0.29239382422135424,True
TCAGAACCTCCACAGG-1,10084.0,6074.0,L3,2,0.33334799886940875,1,bisquare,7469,1.0,negbinomial,0.29239382422135424,True
TCAGACGCTATAGAAG-1,7727.0,8213.0,L6,5,0.5914532018697748,1,bisquare,7469,1.0,negbinomial,0.29239382422135424,True
TCAGCAAATGCATCTC-1,7811.0,6177.0,L6,5,0.24538406584956077,1,bisquare,7469,1.0,negbinomial,0.29239382422135424,True
TCAGCAGTAGGCCCTG-1,5581.0,9755.0,WM,6,0.18738165649266564,1,bisquare,7469,1.0,negbinomial,0.29239382422135424,True
TCAGCCAATCCGTAAA-1,9986.0,10027.0,L3,2,0.48725443579216005,1,bisquare,7469,1.0,negbinomial,0.29239382422135424,True
TCAGGGCGCAAACTCG-1,3894.0,5070.0,L3,2,0.13711696174490876,1,bisquare,7469,1.0,negbinomial,0.29239382422135424,True
TCAGGGTGCACGAAAC-1,8933.0,3310.0,L3,2,0.2663462671163531,1,bisquare,7469,1.0,negbinomial,0.29239382422135424,True
TCAGGGTGTAACGTAA-1,7744.0,5817.0,L6,5,0.2854635016184005,1,bisquare,7469,1.0,negbinomial,0.29239382422135424,True
TCAGGTTCTTTGAGAA-1,5677.0,6042.0,L5,4,0.20795642180874294,1,bisquare,7469,1.0,negbinomial,0.29239382422135424,True
TCAGTACTGACCCGCG-1,5130.0,5559.0,L5,4,0.19714990322560036,1,bisquare,7469,1.0,negbinomial,0.29239382422135424,True
TCAGTAGGGACTATAA-1,6076.0,7962.0,WM,6,0.5523909748527016,1,bisquare,7469,1.0,negbinomial,0.29239382422135424,True
TCAGTGTATACGTCAT-1,5240.0,9393.0,WM,6,0.289562867487605,1,bisquare,7469,1.0,negbinomial,0.29239382422135424,True
TCAGTTACGGAATGAT-1,7973.0,2823.0,L3,2,0.2708590566093399,1,bisquare,7469,1.0,negbinomial,0.29239382422135424,True
TCATACTTACAGATCC-1,4444.0,5074.0,L3,2,0.10788101505371436,1,bisquare,7469,1.0,negbinomial,0.29239382422135424,True
TCATATGAGCTTTGTT-1,7025.0,10125.0,L6,5,0.27589284903441186,1,bisquare,7469,1.0,negbinomial,0.29239382422135424,True
TCATCACTCGAGCTCG-1,4793.0,4478.0,L3,2,0.11042298613022052,1,bisquare,7469,1.0,negbinomial,0.29239382422135424,True
TCATCCCAGAGGGTGG-1,7621.0,3899.0,L3,2,0.4242725679015562,1,bisquare,7469,1.0,negbinomial,0.29239382422135424,True
TCATCGATGGTCCCAA-1,4758.0,9270.0,WM,6,0.4456742705535966,1,bisquare,7469,1.0,negbinomial,0.29239382422135424,True
TCATGCAGGTTCTCAT-1,8579.0,4625.0,L4,3,0.22025864214691404,1,bisquare,7469,1.0,negbinomial,0.29239382422135424,True
TCATTTAAGTCTCCGA-1,9597.0,6669.0,L3,2,0.25459448489554987,1,bisquare,7469,1.0,negbinomial,0.29239382422135424,True
TCATTTAGAAGTGTGA-1,10338.0,8951.0,L3,2,0.5689719175448027,1,bisquare,7469,1.0,negbinomial,0.29239382422135424,True
TCCAACTCAGCTATCT-1,9019.0,10499.0,L3,2,0.32949653629267533,1,bisquare,7469,1.0,negbinomial,0.29239382422135424,True
TCCAACTTTAAATTCT-1,5531.0,7239.0,L6,5,0.10471608386508696,1,bisquare,7469,1.0,negbinomial,0.29239382422135424,True
TCCAAGCCTAGACACA-1,8193.0,10493.0,L5,4,0.1469602269795847,1,bisquare,7469,1.0,negbinomial,0.29239382422135424,True
TCCAATAAAGGCTACC-1,6406.0,10001.0,L6,5,0.3608769388118465,1,bisquare,7469,1.0,negbinomial,0.29239382422135424,True
TCCACAATGGTTTACG-1,5264.0,6039.0,L5,4,0.23205638970102793,1,bisquare,7469,1.0,negbinomial,0.29239382422135424,True
TCCACATCGTATATTG-1,7365.0,10727.0,L6,5,0.2350253112120947,1,bisquare,7469,1.0,negbinomial,0.29239382422135424,True
TCCACCTCTAGCCTTT-1,6408.0,9761.0,L6,5,0.42304308617385966,1,bisquare,7469,1.0,negbinomial,0.29239382422135424,True
TCCACTTTATCTAGGT-1,8224.0,6180.0,L5,4,0.38517119672122946,1,bisquare,7469,1.0,negbinomial,0.29239382422135424,True
TCCAGAGCACCGGTTC-1,7596.0,7254.0,L6,5,0.18212234384080178,1,bisquare,7469,1.0,negbinomial,0.29239382422135424,True
TCCAGCGCTATAAGCG-1,10753.0,8714.0,L2,1,0.1601421733257271,1,bisquare,7469,1.0,negbinomial,0.29239382422135424,True
TCCAGGCGAGTACGGT-1,6709.0,6169.0,L6,5,0.3266591129756604,1,bisquare,7469,1.0,negbinomial,0.29239382422135424,True
TCCAGGGTATATACGA-1,7096.0,9766.0,L6,5,0.35739768755789486,1,bisquare,7469,1.0,negbinomial,0.29239382422135424,True
TCCATCAATACTAATC-1,3720.0,10101.0,WM,6,0.27289028121718656,1,bisquare,7469,1.0,negbinomial,0.29239382422135424,True
TCCATTAGTTGGATAG-1,4596.0,3158.0,L1,0,0.2086111717750604,1,bisquare,7469,1.0,negbinomial,0.29239382422135424,True
TCCATTGTGACCTCGT-1,8037.0,3423.0,L3,2,0.13693317403475527,1,bisquare,7469,1.0,negbinomial,0.29239382422135424,True
TCCCAAACAGACAACG-1,10366.0,5117.0,L2,1,0.5860905463891555,1,bisquare,7469,1.0,negbinomial,0.29239382422135424,True
TCCCAAAGACGAAGGA-1,6920.0,5572.0,L5,4,0.28925433271247636,1,bisquare,7469,1.0,negbinomial,0.29239382422135424,True
TCCCAAAGCCCTAAAT-1,10833.0,7157.0,L2,1,0.42153010485018727,1,bisquare,7469,1.0,negbinomial,0.29239382422135424,True
TCCCACGGAGGGAGCT-1,7974.0,2584.0,L2,1,0.4746163975519966,1,bisquare,7469,1.0,negbinomial,0.29239382422135424,True
TCCCACTCTCTTCCGG-1,10152.0,6194.0,L3,2,0.3902405706596137,1,bisquare,7469,1.0,negbinomial,0.29239382422135424,True
TCCCAGCTTTAGTCTG-1,6638.0,6528.0,L6,5,0.24861764133135197,1,bisquare,7469,1.0,negbinomial,0.29239382422135424,True
TCCCAGGCTTAGCTAA-1,6090.0,6045.0,L5,4,0.2959716073889086,1,bisquare,7469,1.0,negbinomial,0.29239382422135424,True
TCCCGCGTACTCCTGG-1,7539.0,5696.0,L6,5,0.4015790370710629,1,bisquare,7469,1.0,negbinomial,0.29239382422135424,True
TCCCGGGTGTGCTGCT-1,5123.0,6517.0,L5,4,0.2915211740609359,1,bisquare,7469,1.0,negbinomial,0.29239382422135424,True
TCCCGGTCAGGAATTT-1,5283.0,3403.0,L1,0,0.19445745054273633,1,bisquare,7469,1.0,negbinomial,0.29239382422135424,True
TCCCGTCAGTCCCGCA-1,7955.0,5220.0,L5,4,0.2278603652054811,1,bisquare,7469,1.0,negbinomial,0.29239382422135424,True
TCCCGTGTGCAATTTG-1,8281.0,7738.0,L5,4,0.31367006140659665,1,bisquare,7469,1.0,negbinomial,0.29239382422135424,True
TCCCTAGATCAATAGG-1,10636.0,5838.0,L2,1,0.35725430087762966,1,bisquare,7469,1.0,negbinomial,0.29239382422135424,True
TCCCTGGCGTATTAAC-1,4000.0,9385.0,WM,6,0.23239895300917776,1,bisquare,7469,1.0,negbinomial,0.29239382422135424,True
TCCCTGGCTCGCTGGA-1,4642.0,6394.0,L5,4,0.3578198537102505,1,bisquare,7469,1.0,negbinomial,0.29239382422135424,True
TCCCTTAGATTACTCG-1,8717.0,4626.0,L4,3,0.2510337189124231,1,bisquare,7469,1.0,negbinomial,0.29239382422135424,True
TCCGAACTTGGCTTAC-1,4091.0,6390.0,L5,4,0.17570034730715692,1,bisquare,7469,1.0,negbinomial,0.29239382422135424,True
TCCGAAGTAGTCACCA-1,10373.0,4159.0,L2,1,0.15312192020586166,1,bisquare,7469,1.0,negbinomial,0.29239382422135424,True
TCCGAATGGTCCTGAG-1,10565.0,6197.0,L2,1,0.3423571159464484,1,bisquare,7469,1.0,negbinomial,0.29239382422135424,True
TCCGACCGCTAATCAA-1,5229.0,10831.0,WM,6,0.1806229977134499,1,bisquare,7469,1.0,negbinomial,0.29239382422135424,True
TCCGAGAAGGCTAAGC-1,5698.0,3166.0,L1,0,0.20776734625786383,1,bisquare,7469,1.0,negbinomial,0.29239382422135424,True
TCCGATAATTGCCATA-1,7202.0,4615.0,L5,4,0.19821906666188607,1,bisquare,7469,1.0,negbinomial,0.29239382422135424,True
TCCGATGACTGAGCTC-1,8025.0,5100.0,L5,4,0.21508414877446563,1,bisquare,7469,1.0,negbinomial,0.29239382422135424,True
TCCGATGGTGCGACAT-1,6439.0,5448.0,L5,4,0.3118210640004327,1,bisquare,7469,1.0,negbinomial,0.29239382422135424,True
TCCGATTACATTGCCG-1,4987.0,6276.0,L5,4,0.17315638071593767,1,bisquare,7469,1.0,negbinomial,0.29239382422135424,True
TCCGCCTGTCTACAAG-1,7858.0,9173.0,L5,4,0.2451320303490854,1,bisquare,7469,1.0,negbinomial,0.29239382422135424,True
TCCGCGGCAGCATCTG-1,8565.0,6542.0,L5,4,0.2554885928730441,1,bisquare,7469,1.0,negbinomial,0.29239382422135424,True
TCCGCGGCCCAATGAA-1,9582.0,8826.0,L3,2,0.3861604477279275,1,bisquare,7469,1.0,negbinomial,0.29239382422135424,True
TCCGCTGTCATCCCGG-1,8348.0,8098.0,L5,4,0.3905863042907654,1,bisquare,7469,1.0,negbinomial,0.29239382422135424,True
TCCGCTTATCCCATTA-1,7174.0,8449.0,L6,5,0.16171589791417584,1,bisquare,7469,1.0,negbinomial,0.29239382422135424,True
TCCGGAGGAAGGGCTG-1,10235.0,4158.0,L2,1,0.3421881486368426,1,bisquare,7469,1.0,negbinomial,0.29239382422135424,True
TCCGGCCTAGCGTACA-1,9535.0,5830.0,L3,2,0.35787025730717986,1,bisquare,7469,1.0,negbinomial,0.29239382422135424,True
TCCGGCCTGCATCGAT-1,8455.0,2707.0,L3,2,0.5443756804010175,1,bisquare,7469,1.0,negbinomial,0.29239382422135424,True
TCCGGGCTTGACGGGA-1,9364.0,10382.0,L3,2,0.1571091454878679,1,bisquare,7469,1.0,negbinomial,0.29239382422135424,True
TCCGGTTCGTCCGGTC-1,6416.0,8563.0,L6,5,0.20255551974359856,1,bisquare,7469,1.0,negbinomial,0.29239382422135424,True
TCCGTAACCACAATCC-1,3895.0,4831.0,L3,2,0.21803503200672436,1,bisquare,7469,1.0,negbinomial,0.29239382422135424,True
TCCGTTAAGCTAATAT-1,9652.0,8706.0,L3,2,0.45513899000940194,1,bisquare,7469,1.0,negbinomial,0.29239382422135424,True
TCCGTTTAGCCTTGAA-1,8914.0,5945.0,L5,4,0.5228936216296823,1,bisquare,7469,1.0,negbinomial,0.29239382422135424,True
TCCTAAATTGGGAAGC-1,7582.0,9171.0,L6,5,0.5244454084394351,1,bisquare,7469,1.0,negbinomial,0.29239382422135424,True
TCCTAACCGTCGGGCA-1,5925.0,9878.0,WM,6,0.2331532965740673,1,bisquare,7469,1.0,negbinomial,0.29239382422135424,True
TCCTACATCCACGGCC-1,8555.0,7980.0,L5,4,0.44288825575375734,1,bisquare,7469,1.0,negbinomial,0.29239382422135424,True
TCCTAGCAAAGAAGCT-1,5599.0,7359.0,L6,5,0.27691891790283585,1,bisquare,7469,1.0,negbinomial,0.29239382422135424,True
TCCTCCTAAGACATTC-1,4216.0,8068.0,L6,5,0.28981237714949926,1,bisquare,7469,1.0,negbinomial,0.29239382422135424,True
TCCTCGGGCTGGGCTT-1,8009.0,7257.0,L6,5,0.45692184388512824,1,bisquare,7469,1.0,negbinomial,0.29239382422135424,True
TCCTCTACGAGATGGC-1,4992.0,5558.0,L4,3,0.15304588659283766,1,bisquare,7469,1.0,negbinomial,0.29239382422135424,True
TCCTCTCCAGTTGTCC-1,4162.0,6031.0,L4,3,0.1070587430432369,1,bisquare,7469,1.0,negbinomial,0.29239382422135424,True
TCCTCTGGCCCATTAG-1,8862.0,3668.0,L3,2,0.18526396758958316,1,bisquare,7469,1.0,negbinomial,0.29239382422135424,True
TCCTGCCAACTGGAGA-1,8998.0,3909.0,L3,2,0.2519401120452565,1,bisquare,7469,1.0,negbinomial,0.29239382422135424,True
TCCTGCGTTGATACTC-1,4844.0,6994.0,L6,5,0.25719080858736587,1,bisquare,7469,1.0,negbinomial,0.29239382422135424,True
TCCTGGCGCTGCCTGG-1,10099.0,3917.0,L2,1,0.268664945812978,1,bisquare,7469,1.0,negbinomial,0.29239382422135424,True
TCCTTACGACGGTCCG-1,9310.0,8345.0,L3,2,0.34383654811484593,1,bisquare,7469,1.0,negbinomial,0.29239382422135424,True
TCCTTCAGTGGTCGAA-1,7549.0,4258.0,L3,2,0.18454986892173073,1,bisquare,7469,1.0,negbinomial,0.29239382422135424,True
TCCTTGTCCTTTAATT-1,7502.0,10728.0,L5,4,0.14378588535256523,1,bisquare,7469,1.0,negbinomial,0.29239382422135424,True
TCCTTTAAATCCGCTT-1,9097.0,9182.0,L3,2,0.3057699542929364,1,bisquare,7469,1.0,negbinomial,0.29239382422135424,True
TCCTTTCTTACGCTTA-1,7054.0,6052.0,L6,5,0.2553729666908156,1,bisquare,7469,1.0,negbinomial,0.29239382422135424,True
TCGAAATTTAGGACCA-1,5884.0,5923.0,L5,4,0.17513396134928289,1,bisquare,7469,1.0,negbinomial,0.29239382422135424,True
TCGAAGAACCGAGCAC-1,9589.0,7867.0,L3,2,0.5892400791241562,1,bisquare,7469,1.0,negbinomial,0.29239382422135424,True
TCGAATATCCCGCAGG-1,4964.0,9391.0,WM,6,0.2769495425074611,1,bisquare,7469,1.0,negbinomial,0.29239382422135424,True
TCGACAACTGAACCCG-1,3794.0,9263.0,WM,6,0.34120515959456793,1,bisquare,7469,1.0,negbinomial,0.29239382422135424,True
TCGAGACCAACACCGT-1,6566.0,6887.0,L6,5,0.25258936761278683,1,bisquare,7469,1.0,negbinomial,0.29239382422135424,True
TCGAGCCAGGCAGGCC-1,5309.0,9274.0,WM,6,0.22355761449814582,1,bisquare,7469,1.0,negbinomial,0.29239382422135424,True
TCGATAGGCTAGTCGC-1,6109.0,3409.0,L2,1,0.18678819792806575,1,bisquare,7469,1.0,negbinomial,0.29239382422135424,True
TCGCAAAGATGCATTT-1,7935.0,8095.0,L6,5,0.41230087304021773,1,bisquare,7469,1.0,negbinomial,0.29239382422135424,True
TCGCACCAGGAGGCAG-1,8276.0,8457.0,L5,4,0.29417474505023106,1,bisquare,7469,1.0,negbinomial,0.29239382422135424,True
TCGCATAAAGGGCGCA-1,10399.0,10030.0,L2,1,0.1699543652707811,1,bisquare,7469,1.0,negbinomial,0.29239382422135424,True
TCGCATCCCTAAGTGT-1,4933.0,4239.0,L3,2,0.12387695088395113,1,bisquare,7469,1.0,negbinomial,0.29239382422135424,True
TCGCATTCAATGACTT-1,5351.0,3523.0,L1,0,0.2672620687347384,1,bisquare,7469,1.0,negbinomial,0.29239382422135424,True
TCGCCCAACTGACTCC-1,10309.0,3559.0,L1,0,0.20144539112662635,1,bisquare,7469,1.0,negbinomial,0.29239382422135424,True
TCGCCGAAGTTGCGTC-1,5320.0,7836.0,WM,6,0.3244297874705316,1,bisquare,7469,1.0,negbinomial,0.29239382422135424,True
TCGCCGACATATTCGC-1,8675.0,10377.0,L3,2,0.3306611765994046,1,bisquare,7469,1.0,negbinomial,0.29239382422135424,True
TCGCCGGTCGATCCGT-1,6995.0,4733.0,L5,4,0.18882722955617456,1,bisquare,7469,1.0,negbinomial,0.29239382422135424,True
TCGCCTCGACCTGTTG-1,3564.0,3031.0,L1,0,0.28726025430313157,1,bisquare,7469,1.0,negbinomial,0.29239382422135424,True
TCGCGTAGCAGTGTCC-1,9578.0,9305.0,L3,2,0.019680495880371584,1,bisquare,7469,1.0,negbinomial,0.29239382422135424,True
TCGCGTCCAGAAGGTC-1,4781.0,6155.0,L5,4,0.22571007706776477,1,bisquare,7469,1.0,negbinomial,0.29239382422135424,True
TCGCTAAACCGCTATC-1,8923.0,4747.0,L4,3,0.29649345961966983,1,bisquare,7469,1.0,negbinomial,0.29239382422135424,True
TCGCTACTGGCTTTGA-1,7781.0,10251.0,L5,4,0.3520779681936865,1,bisquare,7469,1.0,negbinomial,0.29239382422135424,True
TCGCTCGATATATTCC-1,7124.0,5932.0,L6,5,0.487621297221548,1,bisquare,7469,1.0,negbinomial,0.29239382422135424,True
TCGCTCGGCACCAGCG-1,10227.0,5356.0,L3,2,0.33779019302129165,1,bisquare,7469,1.0,negbinomial,0.29239382422135424,True
TCGCTGGGCGGATTGT-1,7882.0,5818.0,L6,5,0.1979392917330903,1,bisquare,7469,1.0,negbinomial,0.29239382422135424,True
TCGCTGTGCGTAAATC-1,5619.0,4484.0,L3,2,0.2126798813212234,1,bisquare,7469,1.0,negbinomial,0.29239382422135424,True
TCGCTTTAAACGTTTG-1,8780.0,5465.0,L5,4,0.488243858774597,1,bisquare,7469,1.0,negbinomial,0.29239382422135424,True
TCGGAATGACCATCAA-1,8039.0,3183.0,L3,2,0.2269883004937513,1,bisquare,7469,1.0,negbinomial,0.29239382422135424,True
TCGGAATGCGCTCTGA-1,4713.0,6035.0,L5,4,0.16601026284604595,1,bisquare,7469,1.0,negbinomial,0.29239382422135424,True
TCGGACGCCCAGCCCA-1,8222.0,6420.0,L5,4,0.41479307822764927,1,bisquare,7469,1.0,negbinomial,0.29239382422135424,True
TCGGAGAGTATCGGGA-1,4356.0,7829.0,L6,5,0.16382236479504866,1,bisquare,7469,1.0,negbinomial,0.29239382422135424,True
TCGGAGTACATGAGTA-1,7879.0,6297.0,L6,5,0.2941516261016044,1,bisquare,7469,1.0,negbinomial,0.29239382422135424,True
TCGGATCTGGATGACC-1,3097.0,10456.0,WM,6,0.21301023342644718,1,bisquare,7469,1.0,negbinomial,0.29239382422135424,True
TCGGCGAACCCAAACC-1,9998.0,8350.0,L3,2,0.5799681892021352,1,bisquare,7469,1.0,negbinomial,0.29239382422135424,True
TCGGCGTACTGCACAA-1,3664.0,8304.0,L6,5,0.21409515108870625,1,bisquare,7469,1.0,negbinomial,0.29239382422135424,True
TCGGCTAACTTCCCTT-1,8110.0,2824.0,L3,2,0.3154657440427416,1,bisquare,7469,1.0,negbinomial,0.29239382422135424,True
TCGGCTTGTATCGACG-1,9371.0,9423.0,L3,2,0.3944515984853451,1,bisquare,7469,1.0,negbinomial,0.29239382422135424,True
TCGGGAACGTGCCTAG-1,10289.0,6195.0,L3,2,0.28745523277443774,1,bisquare,7469,1.0,negbinomial,0.29239382422135424,True
TCGGGAGACAGCGTAC-1,7649.0,9531.0,L5,4,0.2566617823561316,1,bisquare,7469,1.0,negbinomial,0.29239382422135424,True
TCGGGATTCAAACATA-1,3810.0,7107.0,L5,4,0.23285723686421,1,bisquare,7469,1.0,negbinomial,0.29239382422135424,True
TCGGGCACTTCTGGAT-1,5977.0,2689.0,L1,0,0.26354006977416333,1,bisquare,7469,1.0,negbinomial,0.29239382422135424,True
TCGGGCCGTCGTGGTA-1,8836.0,7263.0,L5,4,0.24545373769472154,1,bisquare,7469,1.0,negbinomial,0.29239382422135424,True
TCGGGTGAAACTGCTA-1,6658.0,3653.0,L3,2,0.2258888749464745,1,bisquare,7469,1.0,negbinomial,0.29239382422135424,True
TCGGTCCCGACAATAG-1,4345.0,9267.0,WM,6,0.20704297715510755,1,bisquare,7469,1.0,negbinomial,0.29239382422135424,True
TCGGTCCCTGACTCCA-1,8999.0,3669.0,L3,2,0.1807063743514689,1,bisquare,7469,1.0,negbinomial,0.29239382422135424,True
TCGGTGACCGCTCCGG-1,10303.0,4278.0,L2,1,0.17772144882016147,1,bisquare,7469,1.0,negbinomial,0.29239382422135424,True
TCGGTTAGCCATGTAG-1,9348.0,3073.0,L3,2,0.30324531565906276,1,bisquare,7469,1.0,negbinomial,0.29239382422135424,True
TCGTAAGACGACATTG-1,8090.0,5700.0,L5,4,0.1781245375026879,1,bisquare,7469,1.0,negbinomial,0.29239382422135424,True
TCGTAAGCTCCGAGGA-1,10096.0,4396.0,L3,2,0.36495540369793156,1,bisquare,7469,1.0,negbinomial,0.29239382422135424,True
TCGTATAGTGCAATTA-1,6657.0,3892.0,L3,2,0.08502370250123502,1,bisquare,7469,1.0,negbinomial,0.29239382422135424,True
TCGTATTACCCATTGC-1,4500.0,6872.0,L5,4,0.27012365294905893,1,bisquare,7469,1.0,negbinomial,0.29239382422135424,True
TCGTATTTCGTCCGGA-1,8384.0,3066.0,L3,2,0.21958562756676372,1,bisquare,7469,1.0,negbinomial,0.29239382422135424,True
TCGTCAAGTACGCGCA-1,5379.0,9155.0,WM,6,0.1862804627131925,1,bisquare,7469,1.0,negbinomial,0.29239382422135424,True
TCGTCACACTGTTAGC-1,4096.0,5671.0,L3,2,0.17107891016232726,1,bisquare,7469,1.0,negbinomial,0.29239382422135424,True
TCGTCCGCTGGCGTCT-1,5546.0,5082.0,L4,3,0.1599500015290908,1,bisquare,7469,1.0,negbinomial,0.29239382422135424,True
TCGTCTTAGGCGTTAA-1,8480.0,8818.0,L5,4,0.42645234488169265,1,bisquare,7469,1.0,negbinomial,0.29239382422135424,True
TCGTGTACTATGGATG-1,8072.0,8096.0,L5,4,0.02916905348479331,1,bisquare,7469,1.0,negbinomial,0.29239382422135424,True
TCGTGTATTGGTCACG-1,10821.0,8835.0,L2,1,0.015367993849421885,1,bisquare,7469,1.0,negbinomial,0.29239382422135424,True
TCGTGTCACGCTGACA-1,4357.0,7590.0,L6,5,0.036100896634605466,1,bisquare,7469,1.0,negbinomial,0.29239382422135424,True
TCGTGTTCGACCACAA-1,9992.0,9308.0,L3,2,0.11373438861986265,1,bisquare,7469,1.0,negbinomial,0.29239382422135424,True
TCGTTAGGAGTCCCTA-1,6484.0,8684.0,L6,5,0.24207865411568358,1,bisquare,7469,1.0,negbinomial,0.29239382422135424,True
TCGTTCGTTATTATGT-1,7071.0,3656.0,L3,2,0.11240254662349364,1,bisquare,7469,1.0,negbinomial,0.29239382422135424,True
TCGTTGCTATCCGGTC-1,5932.0,8919.0,WM,6,0.3768634431592686,1,bisquare,7469,1.0,negbinomial,0.29239382422135424,True
TCGTTGGCTCGTCAAT-1,4938.0,3520.0,L1,0,0.18149951845622195,1,bisquare,7469,1.0,negbinomial,0.29239382422135424,True
TCTAAAGAACAGTCTC-1,3455.0,8662.0,WM,6,0.1991085992367275,1,bisquare,7469,1.0,negbinomial,0.29239382422135424,True
TCTAACTGTATGTAAA-1,3545.0,5667.0,L3,2,0.21482499844496925,1,bisquare,7469,1.0,negbinomial,0.29239382422135424,True
TCTAATACTGCCTCAG-1,4483.0,9268.0,WM,6,0.3261172655173811,1,bisquare,7469,1.0,negbinomial,0.29239382422135424,True
TCTACACGTTCATGCA-1,9210.0,3072.0,L3,2,0.26736554896585224,1,bisquare,7469,1.0,negbinomial,0.29239382422135424,True
TCTACCCAATAGAGAG-1,10061.0,9189.0,L3,2,0.4462021742773448,1,bisquare,7469,1.0,negbinomial,0.29239382422135424,True
TCTACCGTCCACAAGC-1,7401.0,5695.0,L6,5,0.3553671775266187,1,bisquare,7469,1.0,negbinomial,0.29239382422135424,True
TCTAGCAATCTCCGCC-1,4837.0,7953.0,L6,5,0.2842058986791801,1,bisquare,7469,1.0,negbinomial,0.29239382422135424,True
TCTAGCATCTTCGATG-1,5752.0,5204.0,L5,4,0.17139700111261932,1,bisquare,7469,1.0,negbinomial,0.29239382422135424,True
TCTAGCATGCCCAGAA-1,7314.0,8210.0,L6,5,0.2583809676392401,1,bisquare,7469,1.0,negbinomial,0.29239382422135424,True
TCTAGGTGGCGACGCT-1,9603.0,5950.0,L3,2,0.43999725786631605,1,bisquare,7469,1.0,negbinomial,0.29239382422135424,True
TCTAGTGATATCGTGG-1,9521.0,7747.0,L3,2,0.5039314189529489,1,bisquare,7469,1.0,negbinomial,0.29239382422135424,True
TCTAGTTATCAGAAGA-1,6500.0,6527.0,L6,5,0.21444634992858988,1,bisquare,7469,1.0,negbinomial,0.29239382422135424,True
TCTATCATGCAGTTAC-1,5550.0,4603.0,L3,2,0.13767696270269295,1,bisquare,7469,1.0,negbinomial,0.29239382422135424,True
TCTATCGGTCGCAACA-1,7199.0,5094.0,L5,4,0.21973474832063655,1,bisquare,7469,1.0,negbinomial,0.29239382422135424,True
TCTATGCTATAACGAC-1,9228.0,10141.0,L3,2,0.4334808601101532,1,bisquare,7469,1.0,negbinomial,0.29239382422135424,True
TCTATTACGCTGGCGA-1,5140.0,4121.0,L3,2,0.2005203922558144,1,bisquare,7469,1.0,negbinomial,0.29239382422135424,True
TCTATTACTAGAGGAT-1,3808.0,7346.0,L5,4,0.16411974503687748,1,bisquare,7469,1.0,negbinomial,0.29239382422135424,True
TCTCATGAGATAGGGT-1,8759.0,8341.0,L5,4,0.4498297978046739,1,bisquare,7469,1.0,negbinomial,0.29239382422135424,True
TCTCCAACGTAGGTTA-1,8164.0,4862.0,L5,4,0.3040954986340588,1,bisquare,7469,1.0,negbinomial,0.29239382422135424,True
TCTCCACAAGTTGAAT-1,9162.0,9781.0,L3,2,0.3329185076824225,1,bisquare,7469,1.0,negbinomial,0.29239382422135424,True
TCTCCCTGGGCAGCGT-1,8273.0,8936.0,L5,4,0.40771114953918824,1,bisquare,7469,1.0,negbinomial,0.29239382422135424,True
TCTCGAACGAGGTCAC-1,9273.0,3911.0,L3,2,0.5264532396213404,1,bisquare,7469,1.0,negbinomial,0.29239382422135424,True
TCTCGACGTATCGCCG-1,10553.0,7874.0,L3,2,0.40024983021320404,1,bisquare,7469,1.0,negbinomial,0.29239382422135424,True
TCTCGAGGAGGTTCGC-1,10478.0,8712.0,L3,2,0.5839511959690202,1,bisquare,7469,1.0,negbinomial,0.29239382422135424,True
TCTCGGCTCCAGGACT-1,4383.0,3996.0,L2,1,0.05626981595071161,1,bisquare,7469,1.0,negbinomial,0.29239382422135424,True
TCTCTAATAGCTGGTA-1,6374.0,4849.0,L5,4,0.17876746781518768,1,bisquare,7469,1.0,negbinomial,0.29239382422135424,True
TCTCTCGCCGCACATA-1,10682.0,9073.0,L2,1,0.18621072933689506,1,bisquare,7469,1.0,negbinomial,0.29239382422135424,True
TCTCTTACCGCGAACC-1,5716.0,10236.0,WM,6,0.365591952959987,1,bisquare,7469,1.0,negbinomial,0.29239382422135424,True
TCTGAACCGGTCGGCT-1,5340.0,4961.0,L3,2,0.12258883642327012,1,bisquare,7469,1.0,negbinomial,0.29239382422135424,True
TCTGAACTCGTACCCG-1,9312.0,8105.0,L4,3,0.25652860539295913,1,bisquare,7469,1.0,negbinomial,0.29239382422135424,True
TCTGAAGCACGTGGTC-1,8546.0,9178.0,L5,4,0.5725377278715539,1,bisquare,7469,1.0,negbinomial,0.29239382422135424,True
TCTGAATTCCGTACAA-1,9254.0,6547.0,L4,3,0.4634554138283995,1,bisquare,7469,1.0,negbinomial,0.29239382422135424,True
TCTGACTGTAATGGTT-1,3770.0,3152.0,L1,0,0.183640344615987,1,bisquare,7469,1.0,negbinomial,0.29239382422135424,True
TCTGAGCAATTGACTG-1,10476.0,8952.0,L2,1,0.5165128729081606,1,bisquare,7469,1.0,negbinomial,0.29239382422135424,True
TCTGATGTATTCTGTC-1,8482.0,8578.0,L5,4,0.3202713565394502,1,bisquare,7469,1.0,negbinomial,0.29239382422135424,True
TCTGCATACCTTGCTT-1,9575.0,9784.0,L3,2,0.36034683939119744,1,bisquare,7469,1.0,negbinomial,0.29239382422135424,True
TCTGCCAGAAACTGCA-1,8215.0,7378.0,L5,4,0.39594323077196264,1,bisquare,7469,1.0,negbinomial,0.29239382422135424,True
TCTGCGTCCGGTTTCT-1,4382.0,4235.0,L2,1,0.19687703537278167,1,bisquare,7469,1.0,negbinomial,0.29239382422135424,True
TCTGGGAACCTTTGAA-1,9524.0,7268.0,L3,2,0.2464060473016467,1,bisquare,7469,1.0,negbinomial,0.29239382422135424,True
TCTGGGTAGCGCTCAT-1,5255.0,7237.0,L6,5,0.06232041010199301,1,bisquare,7469,1.0,negbinomial,0.29239382422135424,True
TCTGTCATACAAGAGC-1,5832.0,3647.0,L3,2,0.17633690210499564,1,bisquare,7469,1.0,negbinomial,0.29239382422135424,True
TCTGTGACTGACCGTT-1,4392.0,2797.0,L1,0,0.24346735454926566,1,bisquare,7469,1.0,negbinomial,0.29239382422135424,True
TCTGTGCCATCATAGT-1,8292.0,6300.0,L5,4,0.3127347060144631,1,bisquare,7469,1.0,negbinomial,0.29239382422135424,True
TCTGTGGCTACATTTC-1,6045.0,2809.0,L1,0,0.1718999524779349,1,bisquare,7469,1.0,negbinomial,0.29239382422135424,True
TCTGTTACCCAGCATA-1,5177.0,8554.0,WM,6,0.2050867042805976,1,bisquare,7469,1.0,negbinomial,0.29239382422135424,True
TCTTACAGAGGTACCG-1,5897.0,4246.0,L3,2,0.24950284895597194,1,bisquare,7469,1.0,negbinomial,0.29239382422135424,True
TCTTACCGGAACTCGT-1,9059.0,4988.0,L4,3,0.28631385037267126,1,bisquare,7469,1.0,negbinomial,0.29239382422135424,True
TCTTACGGCATCCGAC-1,4786.0,5436.0,L4,3,0.11269513505406947,1,bisquare,7469,1.0,negbinomial,0.29239382422135424,True
TCTTACTTATGCCTCT-1,9176.0,7864.0,L4,3,0.24868847487385215,1,bisquare,7469,1.0,negbinomial,0.29239382422135424,True
TCTTAGAGCTCCAATT-1,10213.0,7273.0,L3,2,0.3761508028095215,1,bisquare,7469,1.0,negbinomial,0.29239382422135424,True
TCTTAGAGTGAACTCT-1,9591.0,7628.0,L3,2,0.30551797899034866,1,bisquare,7469,1.0,negbinomial,0.29239382422135424,True
TCTTATGGGTAGTACC-1,6392.0,2452.0,L1,0,0.4811538614754464,1,bisquare,7469,1.0,negbinomial,0.29239382422135424,True
TCTTCCCATGGGCACA-1,9393.0,6308.0,L3,2,0.2999248546585734,1,bisquare,7469,1.0,negbinomial,0.29239382422135424,True
TCTTCGAATAGACGTT-1,7666.0,7135.0,L6,5,0.3657926116182837,1,bisquare,7469,1.0,negbinomial,0.29239382422135424,True
TCTTCGATACCAATAA-1,7328.0,6293.0,L6,5,0.5282406250498789,1,bisquare,7469,1.0,negbinomial,0.29239382422135424,True
TCTTCTATAACCCGCC-1,10140.0,7871.0,L3,2,0.4037490058353241,1,bisquare,7469,1.0,negbinomial,0.29239382422135424,True
TCTTGATGCGTAGCGA-1,7466.0,6294.0,L6,5,0.4000673444185996,1,bisquare,7469,1.0,negbinomial,0.29239382422135424,True
TCTTGCTCCCGATACT-1,7368.0,10248.0,L6,5,0.2364928297768912,1,bisquare,7469,1.0,negbinomial,0.29239382422135424,True
TCTTGGTAACACCAAA-1,7268.0,4975.0,L5,4,0.3742791191297416,1,bisquare,7469,1.0,negbinomial,0.29239382422135424,True
TCTTTAAGACTATGAA-1,9529.0,6549.0,L3,2,0.2865037801603241,1,bisquare,7469,1.0,negbinomial,0.29239382422135424,True
TCTTTAGAGTCTAACA-1,10617.0,8474.0,L2,1,0.3120874122075765,1,bisquare,7469,1.0,negbinomial,0.29239382422135424,True
TCTTTCTCTTAAGGAG-1,8245.0,3305.0,L3,2,0.19573153878366673,1,bisquare,7469,1.0,negbinomial,0.29239382422135424,True
TGAAACCTCAACTCAC-1,4739.0,2441.0,L1,0,0.4927022281143821,1,bisquare,7469,1.0,negbinomial,0.29239382422135424,True
TGAAACTTATGCAAGC-1,7828.0,3781.0,L3,2,0.3531155489619266,1,bisquare,7469,1.0,negbinomial,0.29239382422135424,True
TGAAAGGACCTGACTC-1,8496.0,6661.0,L5,4,0.43825927119514274,1,bisquare,7469,1.0,negbinomial,0.29239382422135424,True
TGAACAAGCAGGGACT-1,5233.0,10352.0,WM,6,0.5273976022278296,1,bisquare,7469,1.0,negbinomial,0.29239382422135424,True
TGAATACCGACGCGTA-1,8400.0,10375.0,L4,3,0.21500257977294518,1,bisquare,7469,1.0,negbinomial,0.29239382422135424,True
TGAATGAGTGTTTCCC-1,6197.0,10359.0,L6,5,0.44787062749365353,1,bisquare,7469,1.0,negbinomial,0.29239382422135424,True
TGAATGTCAGCCGGCC-1,10276.0,8112.0,L3,2,0.4960346185592391,1,bisquare,7469,1.0,negbinomial,0.29239382422135424,True
TGACACTTCTCTTTGC-1,9820.0,4394.0,L3,2,0.22043041308045253,1,bisquare,7469,1.0,negbinomial,0.29239382422135424,True
TGACAGGACAAGTCCA-1,3383.0,9021.0,WM,6,0.12998698482729173,1,bisquare,7469,1.0,negbinomial,0.29239382422135424,True
TGACATCGAGCGGACC-1,9735.0,6670.0,L3,2,0.2894788917636566,1,bisquare,7469,1.0,negbinomial,0.29239382422135424,True
TGACATGTAACGTGAC-1,7089.0,10725.0,L6,5,0.2100508857851954,1,bisquare,7469,1.0,negbinomial,0.29239382422135424,True
TGACCAAATCTTAAAC-1,7023.0,10365.0,L6,5,0.592978110824624,1,bisquare,7469,1.0,negbinomial,0.29239382422135424,True
TGACCAGCTTCAAAGT-1,9484.0,3314.0,L3,2,0.474486390430886,1,bisquare,7469,1.0,negbinomial,0.29239382422135424,True
TGACCCAACTCACATT-1,4877.0,2442.0,L1,0,0.4232452688763514,1,bisquare,7469,1.0,negbinomial,0.29239382422135424,True
TGACCCACGTTAGACA-1,6019.0,6404.0,L6,5,0.20804936413909594,1,bisquare,7469,1.0,negbinomial,0.29239382422135424,True
TGACGAATATTTCCCT-1,4288.0,7709.0,L6,5,0.21856731414036648,1,bisquare,7469,1.0,negbinomial,0.29239382422135424,True
TGACGATGCACTAGAA-1,9320.0,6907.0,L4,3,0.3200059858558732,1,bisquare,7469,1.0,negbinomial,0.29239382422135424,True
TGACTATAATCCTTTC-1,7453.0,7972.0,L6,5,0.406431907954802,1,bisquare,7469,1.0,negbinomial,0.29239382422135424,True
TGACTCCGAATCATAC-1,3859.0,9863.0,WM,6,0.200787625193298,1,bisquare,7469,1.0,negbinomial,0.29239382422135424,True
TGAGAATGCTTTACCG-1,6514.0,4610.0,L4,3,0.21720004223419703,1,bisquare,7469,1.0,negbinomial,0.29239382422135424,True
TGAGAGATTTACCACG-1,9041.0,7384.0,L5,4,0.2359361171181772,1,bisquare,7469,1.0,negbinomial,0.29239382422135424,True
TGAGATCAAATACTCA-1,7143.0,3297.0,L3,2,0.25433233282483875,1,bisquare,7469,1.0,negbinomial,0.29239382422135424,True
TGAGATTAGGCCCTAA-1,9270.0,4390.0,L3,2,0.2477976941448149,1,bisquare,7469,1.0,negbinomial,0.29239382422135424,True
TGAGCAGTCGTGAAGT-1,5492.0,3045.0,L1,0,0.10557194295369483,1,bisquare,7469,1.0,negbinomial,0.29239382422135424,True
TGAGCCATACAGTCTC-1,5391.0,7478.0,L6,5,0.2033861090806247,1,bisquare,7469,1.0,negbinomial,0.29239382422135424,True
TGAGCGGAAAGTGTTC-1,7239.0,9048.0,L6,5,0.41093438491845574,1,bisquare,7469,1.0,negbinomial,0.29239382422135424,True
TGAGCTTTAATGACGC-1,8647.0,4745.0,L4,3,0.17671082260965748,1,bisquare,7469,1.0,negbinomial,0.29239382422135424,True
TGAGGAGTGCCAGCTT-1,6754.0,9404.0,L6,5,0.3393055618172572,1,bisquare,7469,1.0,negbinomial,0.29239382422135424,True
TGAGGCATGTACTGTG-1,3313.0,9140.0,WM,6,0.1996996813070787,1,bisquare,7469,1.0,negbinomial,0.29239382422135424,True
TGAGGTTGATCCCAAG-1,5358.0,2565.0,L1,0,0.34527758505094264,1,bisquare,7469,1.0,negbinomial,0.29239382422135424,True
TGAGTAAATTAGCGTA-1,6695.0,8086.0,L6,5,0.24535684147383596,1,bisquare,7469,1.0,negbinomial,0.29239382422135424,True
TGAGTGCCTCTTAAAT-1,5595.0,7838.0,WM,6,0.36374359618104274,1,bisquare,7469,1.0,negbinomial,0.29239382422135424,True
TGAGTGGTCCGTGACG-1,8569.0,6063.0,L5,4,0.2599710277315056,1,bisquare,7469,1.0,negbinomial,0.29239382422135424,True
TGAGTTAAAGACATTC-1,10481.0,8233.0,L3,2,0.3709315209827293,1,bisquare,7469,1.0,negbinomial,0.29239382422135424,True
TGATACATTTAGCCGT-1,5724.0,9038.0,WM,6,0.31792404288785836,1,bisquare,7469,1.0,negbinomial,0.29239382422135424,True
TGATAGCGGGATTCTA-1,3613.0,5787.0,L3,2,0.10338670707876618,1,bisquare,7469,1.0,negbinomial,0.29239382422135424,True
TGATCAGGGAACTGCT-1,4427.0,7471.0,L6,5,0.3254205476476272,1,bisquare,7469,1.0,negbinomial,0.29239382422135424,True
TGATCCCAGCATTAGT-1,10155.0,5715.0,L3,2,0.287534270563623,1,bisquare,7469,1.0,negbinomial,0.29239382422135424,True
TGATCGGTTTGACCCT-1,6505.0,5808.0,L5,4,0.3839342904490974,1,bisquare,7469,1.0,negbinomial,0.29239382422135424,True
TGATCTACGCTGATCT-1,9683.0,4393.0,L3,2,0.20974171248515264,1,bisquare,7469,1.0,negbinomial,0.29239382422135424,True
TGATCTCCGGCGCCAG-1,6230.0,5806.0,L5,4,0.20787136815577723,1,bisquare,7469,1.0,negbinomial,0.29239382422135424,True
TGATGGCTGTTTCTGA-1,10635.0,6078.0,L2,1,0.28634135271617234,1,bisquare,7469,1.0,negbinomial,0.29239382422135424,True
TGATGGGACTAAGTCA-1,3426.0,3030.0,L1,0,0.22064261783949782,1,bisquare,7469,1.0,negbinomial,0.29239382422135424,True
TGATGTCAATTAAGTG-1,9852.0,9547.0,L3,2,0.37072836984355384,1,bisquare,7469,1.0,negbinomial,0.29239382422135424,True
TGATTATGGCACGCAG-1,10443.0,4039.0,L1,0,0.3572246359508033,1,bisquare,7469,1.0,negbinomial,0.29239382422135424,True
TGATTCAGGTCCCGCG-1,3320.0,8181.0,L6,5,0.346570790078664,1,bisquare,7469,1.0,negbinomial,0.29239382422135424,True
TGATTCCCGGTTACCT-1,6198.0,10119.0,L6,5,0.2828638057668876,1,bisquare,7469,1.0,negbinomial,0.29239382422135424,True
TGATTCGTCTATCACT-1,5607.0,6161.0,L5,4,0.2122930695962205,1,bisquare,7469,1.0,negbinomial,0.29239382422135424,True
TGATTCTGTCGCCGGT-1,5799.0,8199.0,WM,6,0.25825748926890735,1,bisquare,7469,1.0,negbinomial,0.29239382422135424,True
TGATTTATTAGCTGTG-1,5119.0,6996.0,L6,5,0.2155687086538337,1,bisquare,7469,1.0,negbinomial,0.29239382422135424,True
TGATTTCCTCCTGACG-1,5138.0,4360.0,L3,2,0.13786547521209938,1,bisquare,7469,1.0,negbinomial,0.29239382422135424,True
TGCAACCCATCTGCGG-1,8956.0,9660.0,L3,2,0.5222891818604007,1,bisquare,7469,1.0,negbinomial,0.29239382422135424,True
TGCAAGAATGACGTAA-1,6916.0,6051.0,L6,5,0.36300597058948547,1,bisquare,7469,1.0,negbinomial,0.29239382422135424,True
TGCAATCTAACACGGT-1,8954.0,9900.0,L3,2,0.5638619540169459,1,bisquare,7469,1.0,negbinomial,0.29239382422135424,True
TGCAATTTGGGCACGG-1,9960.0,4156.0,L3,2,0.30323850962521404,1,bisquare,7469,1.0,negbinomial,0.29239382422135424,True
TGCACAGTGAAGTTAT-1,9686.0,3914.0,L3,2,0.3247285534664875,1,bisquare,7469,1.0,negbinomial,0.29239382422135424,True
TGCACGAGTCGGCAGC-1,7350.0,3178.0,L3,2,0.12911618766954835,1,bisquare,7469,1.0,negbinomial,0.29239382422135424,True
TGCACTATGTGAGTGC-1,3691.0,4470.0,L2,1,0.08854586109445323,1,bisquare,7469,1.0,negbinomial,0.29239382422135424,True
TGCAGAACTATATCGT-1,4289.0,7470.0,L6,5,0.20114940455092842,1,bisquare,7469,1.0,negbinomial,0.29239382422135424,True
TGCAGAGTACCGAGCA-1,5945.0,7002.0,L6,5,0.24692435252022119,1,bisquare,7469,1.0,negbinomial,0.29239382422135424,True
TGCAGATCGTCCTAGG-1,4014.0,7468.0,L6,5,0.31086994774445553,1,bisquare,7469,1.0,negbinomial,0.29239382422135424,True
TGCAGCTACGTACTTC-1,3876.0,7467.0,L5,4,0.3546347207434121,1,bisquare,7469,1.0,negbinomial,0.29239382422135424,True
TGCAGGATCGGCAAAG-1,7886.0,5339.0,L5,4,0.21100274771549365,1,bisquare,7469,1.0,negbinomial,0.29239382422135424,True
TGCAGTGGTAGGGAAC-1,4129.0,10584.0,WM,6,0.4617122460939556,1,bisquare,7469,1.0,negbinomial,0.29239382422135424,True
TGCAGTTTCCTCCCAT-1,8973.0,7264.0,L5,4,0.4383227221251175,1,bisquare,7469,1.0,negbinomial,0.29239382422135424,True
TGCATATGTCTGTCAC-1,8633.0,6662.0,L5,4,0.4413147790117721,1,bisquare,7469,1.0,negbinomial,0.29239382422135424,True
TGCATGGATCGGATCT-1,7408.0,4736.0,L5,4,0.25635717256840157,1,bisquare,7469,1.0,negbinomial,0.29239382422135424,True
TGCATGTGACCCATAG-1,5369.0,10593.0,WM,6,0.2688943003102188,1,bisquare,7469,1.0,negbinomial,0.29239382422135424,True
TGCATGTGGTAATCTA-1,8363.0,5941.0,L5,4,0.28833901782463867,1,bisquare,7469,1.0,negbinomial,0.29239382422135424,True
TGCCAAAGTCAGACTT-1,4082.0,7588.0,L6,5,0.2728352281163568,1,bisquare,7469,1.0,negbinomial,0.29239382422135424,True
TGCCAATGGGTACTCT-1,6345.0,8922.0,L6,5,0.3789742391206186,1,bisquare,7469,1.0,negbinomial,0.29239382422135424,True
TGCCACCTGGCGAAAC-1,8027.0,4861.0,L5,4,0.5452267188935198,1,bisquare,7469,1.0,negbinomial,0.29239382422135424,True
TGCCAGTACGTGGAGA-1,7656.0,8572.0,L6,5,0.4089427112027588,1,bisquare,7469,1.0,negbinomial,0.29239382422135424,True
TGCCATGGCTTATAAG-1,9418.0,2954.0,L2,1,0.4618298635328278,1,bisquare,7469,1.0,negbinomial,0.29239382422135424,True
TGCCATTACTAAAGAA-1,8783.0,4986.0,L5,4,0.3948103914406342,1,bisquare,7469,1.0,negbinomial,0.29239382422135424,True
TGCCCGTACCGTTAAA-1,7936.0,7855.0,L6,5,0.5836475020939871,1,bisquare,7469,1.0,negbinomial,0.29239382422135424,True
TGCCGGATGTACGAGC-1,5098.0,9872.0,WM,6,0.1861112376339429,1,bisquare,7469,1.0,negbinomial,0.29239382422135424,True
TGCCGTGGATCGTCCT-1,7100.0,9287.0,L6,5,0.3344500246156271,1,bisquare,7469,1.0,negbinomial,0.29239382422135424,True
TGCCTAATTGAAGATT-1,9993.0,9068.0,L3,2,0.38590190227677296,1,bisquare,7469,1.0,negbinomial,0.29239382422135424,True
TGCCTGACATCGGTCA-1,4174.0,4354.0,L2,1,0.1553992202111184,1,bisquare,7469,1.0,negbinomial,0.29239382422135424,True
TGCCTGATCAAACGAT-1,7614.0,4858.0,L5,4,0.29354716812304477,1,bisquare,7469,1.0,negbinomial,0.29239382422135424,True
TGCCTTGGCCAGGCAA-1,8412.0,8698.0,L5,4,0.4574454095480387,1,bisquare,7469,1.0,negbinomial,0.29239382422135424,True
TGCGAATATGGGATTT-1,3667.0,7825.0,L6,5,0.4101455663609303,1,bisquare,7469,1.0,negbinomial,0.29239382422135424,True
TGCGACACCCTAGTGC-1,5939.0,7961.0,WM,6,0.4616358135917307,1,bisquare,7469,1.0,negbinomial,0.29239382422135424,True
TGCGACGGCCGAACGT-1,4962.0,9631.0,WM,6,0.3336712490842444,1,bisquare,7469,1.0,negbinomial,0.29239382422135424,True
TGCGAGAATATTACCC-1,5522.0,8437.0,WM,6,0.22630474895670105,1,bisquare,7469,1.0,negbinomial,0.29239382422135424,True
TGCGAGCCCTTCCGCG-1,9824.0,3915.0,L3,2,0.2341497162690618,1,bisquare,7469,1.0,negbinomial,0.29239382422135424,True
TGCGCAAAGCATTTGG-1,7398.0,6174.0,L6,5,0.585315246911199,1,bisquare,7469,1.0,negbinomial,0.29239382422135424,True
TGCGCGATTAACGGAG-1,5611.0,5682.0,L5,4,0.16005703573598454,1,bisquare,7469,1.0,negbinomial,0.29239382422135424,True
TGCGGACTTGACTCCG-1,7985.0,10611.0,L5,4,0.15002039508277865,1,bisquare,7469,1.0,negbinomial,0.29239382422135424,True
TGCGGAGTAAAGGTGC-1,7612.0,5097.0,L5,4,0.20099945678061465,1,bisquare,7469,1.0,negbinomial,0.29239382422135424,True
TGCGGCATAGTTCAAC-1,6519.0,3891.0,L3,2,0.22350636800003093,1,bisquare,7469,1.0,negbinomial,0.29239382422135424,True
TGCGGGTATTGGGATC-1,7699.0,2582.0,L2,1,0.23181457659961974,1,bisquare,7469,1.0,negbinomial,0.29239382422135424,True
TGCGGTCTACGAGTAA-1,9283.0,2473.0,L2,1,0.14052047316800875,1,bisquare,7469,1.0,negbinomial,0.29239382422135424,True
TGCGGTGAAATTTCAT-1,7345.0,3897.0,L3,2,0.23721845320233392,1,bisquare,7469,1.0,negbinomial,0.29239382422135424,True
TGCGTAAGAACCTGAT-1,5735.0,7600.0,WM,6,0.3283064951966182,1,bisquare,7469,1.0,negbinomial,0.29239382422135424,True
TGCGTCATGACTGAGC-1,4211.0,8787.0,WM,6,0.186345558665381,1,bisquare,7469,1.0,negbinomial,0.29239382422135424,True
TGCGTGATTGGGTGTC-1,3972.0,3753.0,L1,0,0.1311960728714701,1,bisquare,7469,1.0,negbinomial,0.29239382422135424,True
TGCGTTTGTTGACACT-1,8008.0,7496.0,L6,5,0.5104846258636359,1,bisquare,7469,1.0,negbinomial,0.29239382422135424,True
TGCTAAGTGTCTATTT-1,8963.0,8701.0,L4,3,0.3277006867736755,1,bisquare,7469,1.0,negbinomial,0.29239382422135424,True
TGCTATACAAACGGAC-1,6594.0,3053.0,L2,1,0.2600774919584793,1,bisquare,7469,1.0,negbinomial,0.29239382422135424,True
TGCTCCACAGTTCTTA-1,9313.0,7865.0,L4,3,0.2709666780268286,1,bisquare,7469,1.0,negbinomial,0.29239382422135424,True
TGCTCGGCGAAACCCA-1,6962.0,9286.0,L6,5,0.16149336671072062,1,bisquare,7469,1.0,negbinomial,0.29239382422135424,True
TGCTCGGTGGGTCACC-1,7711.0,10370.0,L5,4,0.34212572558748566,1,bisquare,7469,1.0,negbinomial,0.29239382422135424,True
TGCTCTTGAGAGTTTG-1,7576.0,10129.0,L5,4,0.4582875845467092,1,bisquare,7469,1.0,negbinomial,0.29239382422135424,True
TGCTGGTTGGACAATT-1,5616.0,4963.0,L4,3,0.19276106068986493,1,bisquare,7469,1.0,negbinomial,0.29239382422135424,True
TGCTGTTGAAGAACTC-1,7323.0,7012.0,L6,5,0.26397443947719385,1,bisquare,7469,1.0,negbinomial,0.29239382422135424,True
TGCTTAGAGAGAATGC-1,4548.0,9868.0,WM,6,0.43401147798227013,1,bisquare,7469,1.0,negbinomial,0.29239382422135424,True
TGCTTCCCAAGCAGTA-1,7302.0,9888.0,L6,5,0.2922206320990681,1,bisquare,7469,1.0,negbinomial,0.29239382422135424,True
TGGAAACGGAGTGAAC-1,3908.0,3153.0,L1,0,0.22379911800475694,1,bisquare,7469,1.0,negbinomial,0.29239382422135424,True
TGGAACCACTGACACA-1,9814.0,5353.0,L3,2,0.29082519220682584,1,bisquare,7469,1.0,negbinomial,0.29239382422135424,True
TGGAAGAAGGGAACGT-1,5187.0,7117.0,L6,5,0.1158831045247008,1,bisquare,7469,1.0,negbinomial,0.29239382422135424,True
TGGAAGACGAACACCA-1,5966.0,4127.0,L3,2,0.18962010675774885,1,bisquare,7469,1.0,negbinomial,0.29239382422135424,True
TGGAAGGATAAAGATG-1,7476.0,4857.0,L5,4,0.2512075888352032,1,bisquare,7469,1.0,negbinomial,0.29239382422135424,True
TGGAATATCCTTGACC-1,10159.0,5235.0,L3,2,0.2540413105420684,1,bisquare,7469,1.0,negbinomial,0.29239382422135424,True
TGGAATTAGACGCTTT-1,4028.0,5551.0,L3,2,0.10230814103728446,1,bisquare,7469,1.0,negbinomial,0.29239382422135424,True
TGGACCAATCTAAGAT-1,8266.0,9895.0,L5,4,0.4993820547038293,1,bisquare,7469,1.0,negbinomial,0.29239382422135424,True
TGGACGCAATCCAGCC-1,4138.0,9386.0,WM,6,0.24054480221439753,1,bisquare,7469,1.0,negbinomial,0.29239382422135424,True
TGGACTGTTCGCTCAA-1,7805.0,6896.0,L6,5,0.4674726390110134,1,bisquare,7469,1.0,negbinomial,0.29239382422135424,True
TGGAGAATAATCGTCC-1,5778.0,11075.0,WM,6,0.1946592234361188,1,bisquare,7469,1.0,negbinomial,0.29239382422135424,True
TGGAGCTAAAGTTCCC-1,7488.0,3179.0,L3,2,0.4894297964472803,1,bisquare,7469,1.0,negbinomial,0.29239382422135424,True
TGGAGTGATGCGATGA-1,5609.0,5921.0,L5,4,0.14286259477059396,1,bisquare,7469,1.0,negbinomial,0.29239382422135424,True
TGGCAAACTAAATTAC-1,8138.0,8456.0,L5,4,0.30662396353303595,1,bisquare,7469,1.0,negbinomial,0.29239382422135424,True
TGGCAACTCGCGCGCC-1,8714.0,5105.0,L5,4,0.34813881033236455,1,bisquare,7469,1.0,negbinomial,0.29239382422135424,True
TGGCAAGCACAAGTCG-1,6610.0,10362.0,L6,5,0.41405793972920385,1,bisquare,7469,1.0,negbinomial,0.29239382422135424,True
TGGCAATGGGACGGCG-1,10063.0,8949.0,L3,2,0.49389222224705787,1,bisquare,7469,1.0,negbinomial,0.29239382422135424,True
TGGCACGAGCTCGAGT-1,9623.0,3075.0,L2,1,0.3601855257094128,1,bisquare,7469,1.0,negbinomial,0.29239382422135424,True
TGGCAGATTACGATCA-1,6767.0,7727.0,L6,5,0.3267228930437584,1,bisquare,7469,1.0,negbinomial,0.29239382422135424,True
TGGCAGCAGTAATAGT-1,6977.0,7130.0,L6,5,0.08881211143504308,1,bisquare,7469,1.0,negbinomial,0.29239382422135424,True
TGGCATGAAGTTTGGG-1,3589.0,9142.0,WM,6,0.39467692184019865,1,bisquare,7469,1.0,negbinomial,0.29239382422135424,True
TGGCCAAACTGAAGTA-1,8020.0,5819.0,L5,4,0.2945597643015926,1,bisquare,7469,1.0,negbinomial,0.29239382422135424,True
TGGCCAATTTGGTACT-1,3526.0,8303.0,L6,5,0.31442776226254276,1,bisquare,7469,1.0,negbinomial,0.29239382422135424,True
TGGCCGTATATTGACC-1,5405.0,5561.0,L5,4,0.16315309012230567,1,bisquare,7469,1.0,negbinomial,0.29239382422135424,True
TGGCGACTGCTCCAAA-1,6000.0,9040.0,WM,6,0.3555252132261902,1,bisquare,7469,1.0,negbinomial,0.29239382422135424,True
TGGCGATCAAGTTATG-1,6554.0,8564.0,L6,5,0.2233890415434319,1,bisquare,7469,1.0,negbinomial,0.29239382422135424,True
TGGCGGTGTGCGATTG-1,5766.0,3287.0,L1,0,0.20607111185827584,1,bisquare,7469,1.0,negbinomial,0.29239382422135424,True
TGGCTACACTCTACCT-1,9641.0,10144.0,L3,2,0.2834224629314578,1,bisquare,7469,1.0,negbinomial,0.29239382422135424,True
TGGCTATGTGACATAC-1,8405.0,9656.0,L5,4,0.35267285616426813,1,bisquare,7469,1.0,negbinomial,0.29239382422135424,True
TGGCTCTTGTCGCGTA-1,3601.0,7465.0,L5,4,0.18593113013181883,1,bisquare,7469,1.0,negbinomial,0.29239382422135424,True
TGGCTTTGGGTAGACA-1,6306.0,4728.0,L4,3,0.2579196028722484,1,bisquare,7469,1.0,negbinomial,0.29239382422135424,True
TGGGAAATGCCTTTCC-1,4650.0,5196.0,L3,2,0.12506085337096604,1,bisquare,7469,1.0,negbinomial,0.29239382422135424,True
TGGGATGCACTCATTC-1,9548.0,3913.0,L3,2,0.2654571577538558,1,bisquare,7469,1.0,negbinomial,0.29239382422135424,True
TGGGCAATAGTTGGGT-1,10208.0,7992.0,L3,2,0.49019978090043764,1,bisquare,7469,1.0,negbinomial,0.29239382422135424,True
TGGGCACAAACAGAAC-1,5971.0,3408.0,L2,1,0.2802985934823995,1,bisquare,7469,1.0,negbinomial,0.29239382422135424,True
TGGGCACGTTCTATGG-1,7825.0,4260.0,L3,2,0.15371535330975877,1,bisquare,7469,1.0,negbinomial,0.29239382422135424,True
TGGGCAGGCCACCGCA-1,10752.0,8954.0,L2,1,0.20140687990612038,1,bisquare,7469,1.0,negbinomial,0.29239382422135424,True
TGGGCCACAAGAGCGC-1,7753.0,4619.0,L5,4,0.23265411409288841,1,bisquare,7469,1.0,negbinomial,0.29239382422135424,True
TGGGCCCATACTAATT-1,8898.0,8102.0,L5,4,0.24293368889233719,1,bisquare,7469,1.0,negbinomial,0.29239382422135424,True
TGGGCCTTGCCTGCAT-1,3493.0,3390.0,L1,0,0.30450611817192985,1,bisquare,7469,1.0,negbinomial,0.29239382422135424,True
TGGGCGATACAATAAG-1,7021.0,10605.0,L6,5,0.29658130465231325,1,bisquare,7469,1.0,negbinomial,0.29239382422135424,True
TGGGTAAGGTTCCCGC-1,8239.0,4023.0,L3,2,0.25539510796852216,1,bisquare,7469,1.0,negbinomial,0.29239382422135424,True
TGGTAAGCAGGATTGA-1,3533.0,7344.0,L5,4,0.10120752622845788,1,bisquare,7469,1.0,negbinomial,0.29239382422135424,True
TGGTAGAATATATGGG-1,9655.0,8227.0,L3,2,0.4439916752593426,1,bisquare,7469,1.0,negbinomial,0.29239382422135424,True
TGGTATCGCATCCCAA-1,7486.0,3419.0,L3,2,0.27513031011826605,1,bisquare,7469,1.0,negbinomial,0.29239382422135424,True
TGGTATCGGTCTGTAT-1,6867.0,3295.0,L3,2,0.13905158569953036,1,bisquare,7469,1.0,negbinomial,0.29239382422135424,True
TGGTCCCACGCTACGG-1,7861.0,8694.0,L5,4,0.2883243397693994,1,bisquare,7469,1.0,negbinomial,0.29239382422135424,True
TGGTCTGTTGGGCGTA-1,4776.0,6874.0,L5,4,0.2851438285399786,1,bisquare,7469,1.0,negbinomial,0.29239382422135424,True
TGGTGATCGTATTTGT-1,3890.0,5550.0,L3,2,0.07635547274936405,1,bisquare,7469,1.0,negbinomial,0.29239382422135424,True
TGGTTAACTTACATTT-1,3310.0,9619.0,WM,6,0.3286670146263504,1,bisquare,7469,1.0,negbinomial,0.29239382422135424,True
TGGTTCAACGGGTAAT-1,7863.0,8454.0,L6,5,0.5589676192614379,1,bisquare,7469,1.0,negbinomial,0.29239382422135424,True
TGGTTCGTAGCAAAGG-1,6578.0,5210.0,L5,4,0.29075094497256665,1,bisquare,7469,1.0,negbinomial,0.29239382422135424,True
TGGTTGGAGGATCCTG-1,9067.0,3790.0,L3,2,0.18579514195685265,1,bisquare,7469,1.0,negbinomial,0.29239382422135424,True
TGGTTTAAACGTGGGT-1,10502.0,5358.0,L2,1,0.5666386160694554,1,bisquare,7469,1.0,negbinomial,0.29239382422135424,True
TGTAACTTGTCAACCT-1,4943.0,2801.0,L1,0,0.34322326828002203,1,bisquare,7469,1.0,negbinomial,0.29239382422135424,True
TGTAATGACCACAATA-1,3744.0,6747.0,L5,4,0.513418827487051,1,bisquare,7469,1.0,negbinomial,0.29239382422135424,True
TGTACCCGACCCTAAT-1,3235.0,10457.0,WM,6,0.3480170547793334,1,bisquare,7469,1.0,negbinomial,0.29239382422135424,True
TGTACCTACACGAGGG-1,9026.0,9541.0,L3,2,0.5734999364487201,1,bisquare,7469,1.0,negbinomial,0.29239382422135424,True
TGTACGAACAAATCCG-1,6772.0,7008.0,L6,5,0.3488066784830809,1,bisquare,7469,1.0,negbinomial,0.29239382422135424,True
TGTACGCTATCAGCTT-1,8595.0,2468.0,L2,1,0.5665057133058748,1,bisquare,7469,1.0,negbinomial,0.29239382422135424,True
TGTACTGTGCCAAAGT-1,5767.0,3047.0,L1,0,0.20779562415236233,1,bisquare,7469,1.0,negbinomial,0.29239382422135424,True
TGTAGCCATCCCATTC-1,10469.0,9911.0,L2,1,0.10809062275357487,1,bisquare,7469,1.0,negbinomial,0.29239382422135424,True
TGTAGGAGAAATTTCC-1,8703.0,6543.0,L5,4,0.35920849059918813,1,bisquare,7469,1.0,negbinomial,0.29239382422135424,True
TGTAGTGATCTATAAT-1,5053.0,6636.0,L5,4,0.45933823406199764,1,bisquare,7469,1.0,negbinomial,0.29239382422135424,True
TGTATAACAGATCCTG-1,8226.0,5940.0,L5,4,0.2260981050721656,1,bisquare,7469,1.0,negbinomial,0.29239382422135424,True
TGTATCCTTATTCCAT-1,6245.0,3650.0,L3,2,0.1523972326140299,1,bisquare,7469,1.0,negbinomial,0.29239382422135424,True
TGTATGGCGCAGACAG-1,9177.0,7625.0,L4,3,0.3038709386550559,1,bisquare,7469,1.0,negbinomial,0.29239382422135424,True
TGTATTTACCTAATGC-1,9826.0,3675.0,L2,1,0.4391334009350582,1,bisquare,7469,1.0,negbinomial,0.29239382422135424,True
TGTCATTTGTTGGGAA-1,10298.0,4997.0,L3,2,0.5148288966713499,1,bisquare,7469,1.0,negbinomial,0.29239382422135424,True
TGTCCACGGCTCAACT-1,9709.0,10264.0,L3,2,0.31538538753784345,1,bisquare,7469,1.0,negbinomial,0.29239382422135424,True
TGTCCCGACATAGCAC-1,6726.0,3773.0,L3,2,0.1974440938012006,1,bisquare,7469,1.0,negbinomial,0.29239382422135424,True
TGTCCGTGGCGCCTTT-1,4024.0,6030.0,L4,3,0.13290893011676155,1,bisquare,7469,1.0,negbinomial,0.29239382422135424,True
TGTCCTAAGTCACCGC-1,4847.0,6515.0,L5,4,0.1798179999464252,1,bisquare,7469,1.0,negbinomial,0.29239382422135424,True
TGTCGGCATGGTGGAA-1,4387.0,3516.0,L1,0,0.1447148221003012,1,bisquare,7469,1.0,negbinomial,0.29239382422135424,True
TGTCGTTATCACATAT-1,3791.0,9742.0,WM,6,0.3660578614743174,1,bisquare,7469,1.0,negbinomial,0.29239382422135424,True
TGTCTACAGTTTCTGT-1,6451.0,3771.0,L3,2,0.1571062354825636,1,bisquare,7469,1.0,negbinomial,0.29239382422135424,True
TGTGACTACGCCAGTC-1,7819.0,4979.0,L5,4,0.17327616767949416,1,bisquare,7469,1.0,negbinomial,0.29239382422135424,True
TGTGAGACTAGCCCAA-1,7098.0,9527.0,L6,5,0.24343144725281304,1,bisquare,7469,1.0,negbinomial,0.29239382422135424,True
TGTGATTCCAGCGCTT-1,8733.0,2469.0,L2,1,0.34085882866191947,1,bisquare,7469,1.0,negbinomial,0.29239382422135424,True
TGTGCCGGTGCCGGAA-1,9444.0,8825.0,L3,2,0.43082003433535154,1,bisquare,7469,1.0,negbinomial,0.29239382422135424,True
TGTGCTTTACGTAAGA-1,4019.0,6749.0,L5,4,0.23877150080488016,1,bisquare,7469,1.0,negbinomial,0.29239382422135424,True
TGTGGAGGAAGCTTAA-1,6665.0,2694.0,L1,0,0.32246443022596905,1,bisquare,7469,1.0,negbinomial,0.29239382422135424,True
TGTGGCAAAGCGTATG-1,8776.0,5944.0,L5,4,0.3443245247788903,1,bisquare,7469,1.0,negbinomial,0.29239382422135424,True
TGTGGCGGGCTTCTGG-1,6817.0,10244.0,L6,5,0.28849180990182755,1,bisquare,7469,1.0,negbinomial,0.29239382422135424,True
TGTGGCTCCCACCAAC-1,10898.0,7757.0,L2,1,0.37607666178030463,1,bisquare,7469,1.0,negbinomial,0.29239382422135424,True
TGTGGTTGCTAAAGCT-1,6129.0,10239.0,L6,5,0.21780001891130013,1,bisquare,7469,1.0,negbinomial,0.29239382422135424,True
TGTGTCGCGAGTTGCA-1,5269.0,5320.0,L4,3,0.11296809376727608,1,bisquare,7469,1.0,negbinomial,0.29239382422135424,True
TGTGTTCGTATCCAAG-1,4230.0,6151.0,L4,3,0.16919234854953444,1,bisquare,7469,1.0,negbinomial,0.29239382422135424,True
TGTTATTGTATGTGGC-1,8695.0,7741.0,L5,4,0.36931224058217715,1,bisquare,7469,1.0,negbinomial,0.29239382422135424,True
TGTTCCGCTTCCATGA-1,5809.0,6762.0,L6,5,0.20715824809903494,1,bisquare,7469,1.0,negbinomial,0.29239382422135424,True
TGTTCCGGCCTGAGCT-1,7295.0,10846.0,L6,5,0.19283777082328846,1,bisquare,7469,1.0,negbinomial,0.29239382422135424,True
TGTTCGTATTGCGGTG-1,6969.0,8328.0,L6,5,0.08165886195700675,1,bisquare,7469,1.0,negbinomial,0.29239382422135424,True
TGTTCTTCCATTGACT-1,5743.0,6402.0,L6,5,0.16963178904465664,1,bisquare,7469,1.0,negbinomial,0.29239382422135424,True
TGTTGTCAAGAAGTCT-1,8436.0,5343.0,L5,4,0.28378274443436063,1,bisquare,7469,1.0,negbinomial,0.29239382422135424,True
TGTTTAATACTTCATC-1,8105.0,3543.0,L3,2,0.14759491236251207,1,bisquare,7469,1.0,negbinomial,0.29239382422135424,True
TGTTTCGGTACTTCTC-1,6651.0,4611.0,L4,3,0.15473269493806352,1,bisquare,7469,1.0,negbinomial,0.29239382422135424,True
TGTTTCTGAAGCGTGC-1,3238.0,9978.0,WM,6,0.23741400622079367,1,bisquare,7469,1.0,negbinomial,0.29239382422135424,True
TGTTTGAGATCGTCAG-1,10687.0,8354.0,L2,1,0.24569779262603375,1,bisquare,7469,1.0,negbinomial,0.29239382422135424,True
TTAAACAGAGTCCCGC-1,4662.0,3518.0,L1,0,0.22950169006032758,1,bisquare,7469,1.0,negbinomial,0.29239382422135424,True
TTAAACCGGTAGCGAC-1,6385.0,3411.0,L3,2,0.20249550180580145,1,bisquare,7469,1.0,negbinomial,0.29239382422135424,True
TTAAACCTGGTTCCTT-1,3615.0,5548.0,L3,2,0.09045651699188156,1,bisquare,7469,1.0,negbinomial,0.29239382422135424,True
TTAAACTCGAATTCAT-1,9325.0,6188.0,L4,3,0.41024001475389593,1,bisquare,7469,1.0,negbinomial,0.29239382422135424,True
TTAACACCTCGAACAT-1,4305.0,5313.0,L3,2,0.10356940572687202,1,bisquare,7469,1.0,negbinomial,0.29239382422135424,True
TTAACCAACCCTCCCT-1,6582.0,4730.0,L5,4,0.360170270216886,1,bisquare,7469,1.0,negbinomial,0.29239382422135424,True
TTAACGTCGCAAGACC-1,6521.0,3652.0,L3,2,0.11590344708141144,1,bisquare,7469,1.0,negbinomial,0.29239382422135424,True
TTAACTCACGCGTGGA-1,3754.0,5309.0,L3,2,0.07082875507646674,1,bisquare,7469,1.0,negbinomial,0.29239382422135424,True
TTAACTTCAGGTAGGA-1,4561.0,7951.0,L6,5,0.2191637334731573,1,bisquare,7469,1.0,negbinomial,0.29239382422135424,True
TTAAGACGAACGAACC-1,9416.0,3193.0,L3,2,0.2897800262638658,1,bisquare,7469,1.0,negbinomial,0.29239382422135424,True
TTAAGATAGGATTGAC-1,9728.0,7629.0,L3,2,0.3192261792363413,1,bisquare,7469,1.0,negbinomial,0.29239382422135424,True
TTAAGCCGACAACTTC-1,8102.0,4022.0,L3,2,0.17658371508676568,1,bisquare,7469,1.0,negbinomial,0.29239382422135424,True
TTAAGCGCCTGACCCA-1,5815.0,6043.0,L5,4,0.14833322657532147,1,bisquare,7469,1.0,negbinomial,0.29239382422135424,True
TTAAGGATACGGAGGT-1,5490.0,3285.0,L1,0,0.21267732518594526,1,bisquare,7469,1.0,negbinomial,0.29239382422135424,True
TTAAGGCCCGTACTTT-1,4481.0,9508.0,WM,6,0.2986781464258958,1,bisquare,7469,1.0,negbinomial,0.29239382422135424,True
TTAAGTATTGTTATCC-1,8953.0,10139.0,L3,2,0.3535343256461741,1,bisquare,7469,1.0,negbinomial,0.29239382422135424,True
TTAATCAGTACGTCAG-1,8028.0,4621.0,L5,4,0.27573820067143606,1,bisquare,7469,1.0,negbinomial,0.29239382422135424,True
TTAATGCGAGGTAACT-1,7627.0,2941.0,L3,2,0.2045497797094541,1,bisquare,7469,1.0,negbinomial,0.29239382422135424,True
TTAATGTAGACCAGGT-1,7467.0,6055.0,L6,5,0.3920171092142813,1,bisquare,7469,1.0,negbinomial,0.29239382422135424,True
TTAATTGCTTTGGGTG-1,7990.0,9893.0,L5,4,0.3316558043301653,1,bisquare,7469,1.0,negbinomial,0.29239382422135424,True
TTAATTTCAGACGCGG-1,7547.0,4498.0,L4,3,0.2853586685748786,1,bisquare,7469,1.0,negbinomial,0.29239382422135424,True
TTACAACTACGCATCC-1,6371.0,5328.0,L5,4,0.21359775268207212,1,bisquare,7469,1.0,negbinomial,0.29239382422135424,True
TTACACGATCTGCGAC-1,10331.0,9910.0,L2,1,0.2766541117837488,1,bisquare,7469,1.0,negbinomial,0.29239382422135424,True
TTACAGACCTAAATGA-1,9399.0,5589.0,L3,2,0.25620905385606013,1,bisquare,7469,1.0,negbinomial,0.29239382422135424,True
TTACATCGTGGCCTGG-1,5273.0,4841.0,L3,2,0.14601835157139953,1,bisquare,7469,1.0,negbinomial,0.29239382422135424,True
TTACATGCCACAACTA-1,9868.0,7390.0,L3,2,0.3027925229713287,1,bisquare,7469,1.0,negbinomial,0.29239382422135424,True
TTACCATTGATTACCC-1,4710.0,6514.0,L5,4,0.2464962933741064,1,bisquare,7469,1.0,negbinomial,0.29239382422135424,True
TTACCCATTGCCGGGT-1,8649.0,4506.0,L4,3,0.33481175029834287,1,bisquare,7469,1.0,negbinomial,0.29239382422135424,True
TTACCCTAACAGTCCT-1,4443.0,5314.0,L3,2,0.15313368981615189,1,bisquare,7469,1.0,negbinomial,0.29239382422135424,True
TTACCCTAGGGATTGG-1,6753.0,9644.0,L6,5,0.1307242748058723,1,bisquare,7469,1.0,negbinomial,0.29239382422135424,True
TTACCGCCTTAGGGAA-1,4247.0,3755.0,L1,0,0.13123866125216332,1,bisquare,7469,1.0,negbinomial,0.29239382422135424,True
TTACGGATGGTTCGAG-1,9186.0,6427.0,L4,3,0.26433349905629666,1,bisquare,7469,1.0,negbinomial,0.29239382422135424,True
TTACGGTGTCACCGAG-1,5354.0,3044.0,L1,0,0.19158358634073858,1,bisquare,7469,1.0,negbinomial,0.29239382422135424,True
TTACGTAGCGCGTGCT-1,9695.0,2716.0,L1,0,0.3320557883500896,1,bisquare,7469,1.0,negbinomial,0.29239382422135424,True
TTACTAAAGGACTTTA-1,8140.0,8216.0,L5,4,0.23176136166777261,1,bisquare,7469,1.0,negbinomial,0.29239382422135424,True
TTACTATCGGCTTCTC-1,3883.0,6508.0,L5,4,0.1380084745863621,1,bisquare,7469,1.0,negbinomial,0.29239382422135424,True
TTACTCCGGCCGGGAA-1,8152.0,6539.0,L6,5,0.4367940091970916,1,bisquare,7469,1.0,negbinomial,0.29239382422135424,True
TTACTCTGGTACGTAC-1,4908.0,7594.0,L6,5,0.27569794232002065,1,bisquare,7469,1.0,negbinomial,0.29239382422135424,True
TTACTGGGATATTTCA-1,6491.0,7725.0,L6,5,0.2399955895437347,1,bisquare,7469,1.0,negbinomial,0.29239382422135424,True
TTACTGTTTCTCTACG-1,7491.0,2700.0,L2,1,0.27949971906661547,1,bisquare,7469,1.0,negbinomial,0.29239382422135424,True
TTAGAAGAACATGACT-1,7173.0,8689.0,L6,5,0.29881049554579975,1,bisquare,7469,1.0,negbinomial,0.29239382422135424,True
TTAGAATAAGGGTCGG-1,5857.0,9757.0,WM,6,0.4183433993953508,1,bisquare,7469,1.0,negbinomial,0.29239382422135424,True
TTAGACACGATCGTTG-1,8719.0,4386.0,L3,2,0.13552011262553912,1,bisquare,7469,1.0,negbinomial,0.29239382422135424,True
TTAGACGAGTCACCTC-1,8278.0,8217.0,L5,4,0.28089960404474384,1,bisquare,7469,1.0,negbinomial,0.29239382422135424,True
TTAGAGTTTAGAAGGA-1,8693.0,7981.0,L5,4,0.5753992445044681,1,bisquare,7469,1.0,negbinomial,0.29239382422135424,True
TTAGATAGGTCGATAC-1,4246.0,3995.0,L1,0,0.15726819899750533,1,bisquare,7469,1.0,negbinomial,0.29239382422135424,True
TTAGCAACATGGATGT-1,4722.0,4837.0,L3,2,0.17543013435677848,1,bisquare,7469,1.0,negbinomial,0.29239382422135424,True
TTAGCTAATACGATCT-1,9540.0,5111.0,L3,2,0.4467807317685827,1,bisquare,7469,1.0,negbinomial,0.29239382422135424,True
TTAGCTCTGTAATCCG-1,3817.0,6148.0,L4,3,0.18011993937767756,1,bisquare,7469,1.0,negbinomial,0.29239382422135424,True
TTAGCTGATTTGCCGT-1,9251.0,7026.0,L4,3,0.2517305546897258,1,bisquare,7469,1.0,negbinomial,0.29239382422135424,True
TTAGGTCATAACCGAC-1,5377.0,9394.0,WM,6,0.228918044031986,1,bisquare,7469,1.0,negbinomial,0.29239382422135424,True
TTAGTAAACCTGCTCT-1,9230.0,9902.0,L3,2,0.37765838889083503,1,bisquare,7469,1.0,negbinomial,0.29239382422135424,True
TTAGTAGGGCGGCGGG-1,4572.0,6513.0,L5,4,0.2431650263332643,1,bisquare,7469,1.0,negbinomial,0.29239382422135424,True
TTAGTTATTCGTGGCA-1,9036.0,8103.0,L4,3,0.26920853680062795,1,bisquare,7469,1.0,negbinomial,0.29239382422135424,True
TTAGTTCAAGTGTTCG-1,10504.0,5118.0,L2,1,0.44539538744850043,1,bisquare,7469,1.0,negbinomial,0.29239382422135424,True
TTATAGATGCACATTA-1,6456.0,3052.0,L2,1,0.17468444249334886,1,bisquare,7469,1.0,negbinomial,0.29239382422135424,True
TTATAGGTAATTGTCT-1,7785.0,9771.0,L5,4,0.33937995638767204,1,bisquare,7469,1.0,negbinomial,0.29239382422135424,True
TTATATACGCTGTCAC-1,7873.0,7016.0,L6,5,0.34377459186132686,1,bisquare,7469,1.0,negbinomial,0.29239382422135424,True
TTATATTTGGCAATCC-1,7195.0,5574.0,L6,5,0.2672121147554231,1,bisquare,7469,1.0,negbinomial,0.29239382422135424,True
TTATCCAATCGAACTC-1,5072.0,4001.0,L2,1,0.2460417367947445,1,bisquare,7469,1.0,negbinomial,0.29239382422135424,True
TTATCCGGGATCTATA-1,8757.0,8580.0,L5,4,0.3193207412459008,1,bisquare,7469,1.0,negbinomial,0.29239382422135424,True
TTATCCTCAAGGAATA-1,4005.0,8666.0,WM,6,0.17719512829845077,1,bisquare,7469,1.0,negbinomial,0.29239382422135424,True
TTATCGCCTGCGAAGC-1,3958.0,5670.0,L3,2,0.13463397692466372,1,bisquare,7469,1.0,negbinomial,0.29239382422135424,True
TTATCTGACATTAGGA-1,3322.0,7942.0,L6,5,0.1262412513679066,1,bisquare,7469,1.0,negbinomial,0.29239382422135424,True
TTATCTGTATCATAAC-1,6923.0,5092.0,L5,4,0.18475411910098768,1,bisquare,7469,1.0,negbinomial,0.29239382422135424,True
TTATGAATGAAAGGGA-1,7113.0,7370.0,L6,5,0.07206982419961287,1,bisquare,7469,1.0,negbinomial,0.29239382422135424,True
TTATGACAAACTGGAT-1,5198.0,5679.0,L5,4,0.19864692385082244,1,bisquare,7469,1.0,negbinomial,0.29239382422135424,True
TTATGATCTTAACGAA-1,8424.0,7020.0,L5,4,0.3450608690151505,1,bisquare,7469,1.0,negbinomial,0.29239382422135424,True
TTATGCGTCCCGGTCC-1,5903.0,3288.0,L1,0,0.23325131013602368,1,bisquare,7469,1.0,negbinomial,0.29239382422135424,True
TTATGTTTGCGATAGA-1,4166.0,5552.0,L3,2,0.10165150744257762,1,bisquare,7469,1.0,negbinomial,0.29239382422135424,True
TTATTAGAGCGTGTTC-1,7591.0,7973.0,L6,5,0.3315415756765569,1,bisquare,7469,1.0,negbinomial,0.29239382422135424,True
TTATTAGGGAAGCATC-1,6861.0,4253.0,L3,2,0.19386184742806795,1,bisquare,7469,1.0,negbinomial,0.29239382422135424,True
TTATTTCATCCCAAAC-1,4118.0,2556.0,L1,0,0.1962194929048006,1,bisquare,7469,1.0,negbinomial,0.29239382422135424,True
TTCAAAGTCTCTAGCC-1,7945.0,6657.0,L6,5,0.3570204458198884,1,bisquare,7469,1.0,negbinomial,0.29239382422135424,True
TTCAACGACCCGACCG-1,6099.0,4847.0,L4,3,0.2670844174605653,1,bisquare,7469,1.0,negbinomial,0.29239382422135424,True
TTCAAGCCGAGCTGAG-1,7964.0,4021.0,L3,2,0.27058104309363407,1,bisquare,7469,1.0,negbinomial,0.29239382422135424,True
TTCAATACTCTGAATC-1,8700.0,7022.0,L5,4,0.398889782807775,1,bisquare,7469,1.0,negbinomial,0.29239382422135424,True
TTCAATTAGCCATAAT-1,8107.0,3304.0,L3,2,0.19820307758952374,1,bisquare,7469,1.0,negbinomial,0.29239382422135424,True
TTCACGAAAGGATCAC-1,6496.0,7006.0,L6,5,0.26940366547907424,1,bisquare,7469,1.0,negbinomial,0.29239382422135424,True
TTCACTCGAGCACCTA-1,7514.0,9050.0,L6,5,0.33978285042053796,1,bisquare,7469,1.0,negbinomial,0.29239382422135424,True
TTCACTTCCTAGAACG-1,6265.0,10479.0,L6,5,0.4651520294952705,1,bisquare,7469,1.0,negbinomial,0.29239382422135424,True
TTCAGAGTAACCTGAC-1,4321.0,3156.0,L1,0,0.19308238450411302,1,bisquare,7469,1.0,negbinomial,0.29239382422135424,True
TTCAGCCCTGGTCCAC-1,8623.0,8100.0,L5,4,0.3517617186201489,1,bisquare,7469,1.0,negbinomial,0.29239382422135424,True
TTCAGCTGGCGTGCCC-1,9305.0,9063.0,L3,2,0.2590253818688471,1,bisquare,7469,1.0,negbinomial,0.29239382422135424,True
TTCAGGCGTCAAAGCC-1,3878.0,7227.0,L5,4,0.08040576425965791,1,bisquare,7469,1.0,negbinomial,0.29239382422135424,True
TTCAGTTCAAGAGGAG-1,5365.0,11072.0,WM,6,0.17654078159548467,1,bisquare,7469,1.0,negbinomial,0.29239382422135424,True
TTCATAGCCTTGTAAC-1,3838.0,3273.0,L1,0,0.16090738030109158,1,bisquare,7469,1.0,negbinomial,0.29239382422135424,True
TTCATGGCGCAACAGG-1,7959.0,4740.0,L5,4,0.2060718019295643,1,bisquare,7469,1.0,negbinomial,0.29239382422135424,True
TTCCAATCAGAGCTAG-1,9332.0,5230.0,L3,2,0.3815463577877582,1,bisquare,7469,1.0,negbinomial,0.29239382422135424,True
TTCCAATCTGGCTATC-1,5937.0,8200.0,WM,6,0.4082687638953236,1,bisquare,7469,1.0,negbinomial,0.29239382422135424,True
TTCCACACAGATTTGA-1,5935.0,8440.0,WM,6,0.3242368058255067,1,bisquare,7469,1.0,negbinomial,0.29239382422135424,True
TTCCACATTTCTCGTC-1,8112.0,2585.0,L2,1,0.373357771047054,1,bisquare,7469,1.0,negbinomial,0.29239382422135424,True
TTCCAGACGAGATTTA-1,10420.0,7154.0,L3,2,0.3763848802299039,1,bisquare,7469,1.0,negbinomial,0.29239382422135424,True
TTCCATCATGCGGTGA-1,9616.0,4033.0,L3,2,0.2884902438070354,1,bisquare,7469,1.0,negbinomial,0.29239382422135424,True
TTCCATCGACAGCGTG-1,10126.0,9788.0,L3,2,0.30183295098129387,1,bisquare,7469,1.0,negbinomial,0.29239382422135424,True
TTCCCGACGCTTCACT-1,8938.0,2591.0,L3,2,0.20925406785932082,1,bisquare,7469,1.0,negbinomial,0.29239382422135424,True
TTCCCGGCGCCAATAG-1,3597.0,7944.0,L6,5,0.24590324913603964,1,bisquare,7469,1.0,negbinomial,0.29239382422135424,True
TTCCGCAGAGAAATAT-1,9747.0,4993.0,L3,2,0.3572407293789488,1,bisquare,7469,1.0,negbinomial,0.29239382422135424,True
TTCCGCGTGAGGCGAT-1,7178.0,7970.0,L6,5,0.18340028570115247,1,bisquare,7469,1.0,negbinomial,0.29239382422135424,True
TTCCGGCCTTGAGGCT-1,5794.0,8918.0,WM,6,0.36441086500510106,1,bisquare,7469,1.0,negbinomial,0.29239382422135424,True
TTCCGGCTCGACTTCT-1,10375.0,3919.0,L1,0,0.3794471750911009,1,bisquare,7469,1.0,negbinomial,0.29239382422135424,True
TTCCGGTATCTGTGTC-1,10694.0,7396.0,L2,1,0.4143643785746983,1,bisquare,7469,1.0,negbinomial,0.29239382422135424,True
TTCCGGTTACCCACTT-1,8763.0,7861.0,L5,4,0.360279975556148,1,bisquare,7469,1.0,negbinomial,0.29239382422135424,True
TTCCTCGAGGGTGTCT-1,6167.0,4967.0,L5,4,0.21286712540218686,1,bisquare,7469,1.0,negbinomial,0.29239382422135424,True
TTCCTCGGACTAACCA-1,8689.0,8460.0,L5,4,0.4775400534511265,1,bisquare,7469,1.0,negbinomial,0.29239382422135424,True
TTCCTCTGCCCGAATA-1,3814.0,6627.0,L5,4,0.35066988049621056,1,bisquare,7469,1.0,negbinomial,0.29239382422135424,True
TTCCTTTCTGTGTTGC-1,4523.0,3757.0,L1,0,0.1654695472560197,1,bisquare,7469,1.0,negbinomial,0.29239382422135424,True
TTCGACAGAGCCCGTG-1,7448.0,8691.0,L6,5,0.5778777083141458,1,bisquare,7469,1.0,negbinomial,0.29239382422135424,True
TTCGACGGGAAGGGCG-1,5820.0,5324.0,L5,4,0.20289523470004697,1,bisquare,7469,1.0,negbinomial,0.29239382422135424,True
TTCGCACTCGCGTGCT-1,5888.0,5444.0,L5,4,0.15179525100174587,1,bisquare,7469,1.0,negbinomial,0.29239382422135424,True
TTCGCACTGTACGACA-1,6821.0,9764.0,L6,5,0.07795520827293269,1,bisquare,7469,1.0,negbinomial,0.29239382422135424,True
TTCGCATCCGGAAGCA-1,4110.0,3754.0,L1,0,0.14921439470183176,1,bisquare,7469,1.0,negbinomial,0.29239382422135424,True
TTCGCCGCTCGCGCTA-1,3381.0,9260.0,WM,6,0.32684154217060357,1,bisquare,7469,1.0,negbinomial,0.29239382422135424,True
TTCGCGCGCCATACGA-1,5996.0,9519.0,WM,6,0.22471822066820193,1,bisquare,7469,1.0,negbinomial,0.29239382422135424,True
TTCGCTAGGAAGTTGT-1,10832.0,7397.0,L2,1,0.2605990697151491,1,bisquare,7469,1.0,negbinomial,0.29239382422135424,True
TTCGCTATCTGACGTG-1,9679.0,4873.0,L3,2,0.22079003753000154,1,bisquare,7469,1.0,negbinomial,0.29239382422135424,True
TTCGGACTGATGCCTT-1,9622.0,3315.0,L2,1,0.5031305844839001,1,bisquare,7469,1.0,negbinomial,0.29239382422135424,True
TTCGGACTGGGCATGG-1,3165.0,10577.0,WM,6,0.1653967729408145,1,bisquare,7469,1.0,negbinomial,0.29239382422135424,True
TTCGGCAACCCGCTGA-1,8856.0,4387.0,L3,2,0.19208398756669684,1,bisquare,7469,1.0,negbinomial,0.29239382422135424,True
TTCGGCTAGAGATGGT-1,4448.0,4595.0,L3,2,0.15154437926697456,1,bisquare,7469,1.0,negbinomial,0.29239382422135424,True
TTCGGGACTAATCGCG-1,7737.0,6776.0,L6,5,0.27362994150218684,1,bisquare,7469,1.0,negbinomial,0.29239382422135424,True
TTCGGGCGCTAGTCTT-1,5311.0,9035.0,WM,6,0.2623026580265057,1,bisquare,7469,1.0,negbinomial,0.29239382422135424,True
TTCGGTACTGTAGAGG-1,7091.0,10485.0,L6,5,0.4291518224649245,1,bisquare,7469,1.0,negbinomial,0.29239382422135424,True
TTCGTAATCCCAGCGG-1,8722.0,3907.0,L3,2,0.190785841469745,1,bisquare,7469,1.0,negbinomial,0.29239382422135424,True
TTCGTACTCCAGAACG-1,4783.0,5916.0,L5,4,0.23430599629432222,1,bisquare,7469,1.0,negbinomial,0.29239382422135424,True
TTCGTTCAACGAAGTT-1,10021.0,5234.0,L3,2,0.2632646450340718,1,bisquare,7469,1.0,negbinomial,0.29239382422135424,True
TTCTAACCGAAGCTTA-1,8979.0,6545.0,L5,4,0.5759715176313457,1,bisquare,7469,1.0,negbinomial,0.29239382422135424,True
TTCTACCTCAATCGGT-1,4335.0,10705.0,WM,6,0.1854375001917176,1,bisquare,7469,1.0,negbinomial,0.29239382422135424,True
TTCTACCTTTATGTTG-1,8590.0,3187.0,L3,2,0.27668069436358045,1,bisquare,7469,1.0,negbinomial,0.29239382422135424,True
TTCTACTTGCGAGGGC-1,4995.0,5078.0,L3,2,0.25910904231703646,1,bisquare,7469,1.0,negbinomial,0.29239382422135424,True
TTCTAGAAAGTCTTAT-1,5926.0,9638.0,WM,6,0.3538804939903583,1,bisquare,7469,1.0,negbinomial,0.29239382422135424,True
TTCTAGGCCAATTGTG-1,5822.0,5084.0,L4,3,0.2130969749650883,1,bisquare,7469,1.0,negbinomial,0.29239382422135424,True
TTCTATTAAACGCAGC-1,6540.0,10481.0,L6,5,0.47716295812111625,1,bisquare,7469,1.0,negbinomial,0.29239382422135424,True
TTCTCTTACAGGTGAT-1,3308.0,9859.0,WM,6,0.4189553451018308,1,bisquare,7469,1.0,negbinomial,0.29239382422135424,True
TTCTGACCGGGCTCAA-1,8550.0,8698.0,L5,4,0.5663747477656518,1,bisquare,7469,1.0,negbinomial,0.29239382422135424,True
TTCTGCCGCGCCTAGA-1,7520.0,8332.0,L6,5,0.5523187788336138,1,bisquare,7469,1.0,negbinomial,0.29239382422135424,True
TTCTGCGAGCGCCCTT-1,3953.0,6389.0,L5,4,0.13984478403442113,1,bisquare,7469,1.0,negbinomial,0.29239382422135424,True
TTCTGCGGGTTAGCGG-1,8285.0,7259.0,L5,4,0.5572345530140353,1,bisquare,7469,1.0,negbinomial,0.29239382422135424,True
TTCTGCTAGACTCCAA-1,10085.0,5834.0,L3,2,0.4031543209830428,1,bisquare,7469,1.0,negbinomial,0.29239382422135424,True
TTCTTAGTGAACGGTG-1,5137.0,4600.0,L3,2,0.24225896970000946,1,bisquare,7469,1.0,negbinomial,0.29239382422135424,True
TTCTTAGTGGCTCAGA-1,6996.0,4494.0,L4,3,0.16665780325712667,1,bisquare,7469,1.0,negbinomial,0.29239382422135424,True
TTCTTATCCGCTGGGT-1,9723.0,8348.0,L3,2,0.22592847207767772,1,bisquare,7469,1.0,negbinomial,0.29239382422135424,True
TTCTTCCCTTTGATAT-1,7629.0,2701.0,L3,2,0.21338385458840992,1,bisquare,7469,1.0,negbinomial,0.29239382422135424,True
TTCTTCGCAATAGAGC-1,8663.0,2589.0,L2,1,0.38287441078598206,1,bisquare,7469,1.0,negbinomial,0.29239382422135424,True
TTCTTGAGCCGCGCTA-1,5593.0,8078.0,WM,6,0.3016157965211293,1,bisquare,7469,1.0,negbinomial,0.29239382422135424,True
TTCTTGCTAGCATCTC-1,10351.0,7274.0,L3,2,0.3428515388468586,1,bisquare,7469,1.0,negbinomial,0.29239382422135424,True
TTCTTGGACGATCTGC-1,4969.0,8673.0,WM,6,0.3038791883360541,1,bisquare,7469,1.0,negbinomial,0.29239382422135424,True
TTCTTGGAGTAATGAG-1,8232.0,4982.0,L5,4,0.20144562099136262,1,bisquare,7469,1.0,negbinomial,0.29239382422135424,True
TTCTTGTAACCTAATG-1,5201.0,5200.0,L4,3,0.10037783580448371,1,bisquare,7469,1.0,negbinomial,0.29239382422135424,True
TTCTTTGGTCGCGACG-1,9951.0,5354.0,L3,2,0.3070830905619318,1,bisquare,7469,1.0,negbinomial,0.29239382422135424,True
TTGAAAGGTGTAAAGG-1,9892.0,4035.0,L3,2,0.39408537861574816,1,bisquare,7469,1.0,negbinomial,0.29239382422135424,True
TTGAACGAATCCTTTG-1,4241.0,4713.0,L3,2,0.1426182000324256,1,bisquare,7469,1.0,negbinomial,0.29239382422135424,True
TTGAACGACGTGCTGA-1,8818.0,9659.0,L3,2,0.44986308897044813,1,bisquare,7469,1.0,negbinomial,0.29239382422135424,True
TTGAAGAATTCCCAGG-1,6226.0,6285.0,L6,5,0.3683472943071296,1,bisquare,7469,1.0,negbinomial,0.29239382422135424,True
TTGAAGGATGGGCGCC-1,3584.0,9861.0,WM,6,0.325267226522969,1,bisquare,7469,1.0,negbinomial,0.29239382422135424,True
TTGAATATGGACTTTC-1,8015.0,6538.0,L6,5,0.32478079272889204,1,bisquare,7469,1.0,negbinomial,0.29239382422135424,True
TTGAATCGTTGTATAA-1,3458.0,8182.0,L6,5,0.20366580779322146,1,bisquare,7469,1.0,negbinomial,0.29239382422135424,True
TTGAATTCACGTGAGG-1,9456.0,7147.0,L3,2,0.3028570856654555,1,bisquare,7469,1.0,negbinomial,0.29239382422135424,True
TTGACAGGAGCTCCCG-1,9587.0,8107.0,L3,2,0.46751246503505905,1,bisquare,7469,1.0,negbinomial,0.29239382422135424,True
TTGACATGAACGTGGA-1,4976.0,7714.0,L6,5,0.22310212712308913,1,bisquare,7469,1.0,negbinomial,0.29239382422135424,True
TTGACCAGGAACAACT-1,8264.0,10134.0,L5,4,0.3905184702492592,1,bisquare,7469,1.0,negbinomial,0.29239382422135424,True
TTGACCATGTTCTCCG-1,8161.0,5341.0,L5,4,0.155630954322094,1,bisquare,7469,1.0,negbinomial,0.29239382422135424,True
TTGACCGTGTTAATGA-1,5109.0,8434.0,WM,6,0.22222506233027228,1,bisquare,7469,1.0,negbinomial,0.29239382422135424,True
TTGACGATTCAGCACG-1,6315.0,3530.0,L3,2,0.1800186776771297,1,bisquare,7469,1.0,negbinomial,0.29239382422135424,True
TTGACGCTCCATGAGC-1,9730.0,7389.0,L3,2,0.3017422188455235,1,bisquare,7469,1.0,negbinomial,0.29239382422135424,True
TTGACTACCATATGGT-1,5597.0,7599.0,WM,6,0.27786122922151724,1,bisquare,7469,1.0,negbinomial,0.29239382422135424,True
TTGACTATTGTCCGGC-1,9932.0,7990.0,L3,2,0.37474098361497077,1,bisquare,7469,1.0,negbinomial,0.29239382422135424,True
TTGAGAAGTTTAGCAT-1,8754.0,9059.0,L4,3,0.3754431523425375,1,bisquare,7469,1.0,negbinomial,0.29239382422135424,True
TTGAGAGTACTGCTAA-1,5389.0,7717.0,WM,6,0.34446514209417556,1,bisquare,7469,1.0,negbinomial,0.29239382422135424,True
TTGAGCAGCCCACGGT-1,10760.0,7756.0,L2,1,0.5641389773607136,1,bisquare,7469,1.0,negbinomial,0.29239382422135424,True
TTGAGCGCCACGTGAT-1,10903.0,7038.0,L2,1,0.42946263525208755,1,bisquare,7469,1.0,negbinomial,0.29239382422135424,True
TTGAGGCATTTAACTC-1,9071.0,3311.0,L3,2,0.1638802402288125,1,bisquare,7469,1.0,negbinomial,0.29239382422135424,True
TTGATCTAACTTTGTC-1,6022.0,5924.0,L5,4,0.21743596589152872,1,bisquare,7469,1.0,negbinomial,0.29239382422135424,True
TTGATGTGTAGTCCCG-1,8987.0,5347.0,L4,3,0.4033248234213087,1,bisquare,7469,1.0,negbinomial,0.29239382422135424,True
TTGATTAGCTGTTTCT-1,5111.0,8194.0,WM,6,0.17894315597653834,1,bisquare,7469,1.0,negbinomial,0.29239382422135424,True
TTGATTATGCAGATGA-1,5060.0,5678.0,L5,4,0.13099343352620832,1,bisquare,7469,1.0,negbinomial,0.29239382422135424,True
TTGCAAGAAGACTCCT-1,7433.0,10847.0,L6,5,0.3251933157570004,1,bisquare,7469,1.0,negbinomial,0.29239382422135424,True
TTGCACAATTCAGAAA-1,6699.0,7607.0,L6,5,0.5109825806027944,1,bisquare,7469,1.0,negbinomial,0.29239382422135424,True
TTGCACGGAGCAGCAC-1,6855.0,4972.0,L5,4,0.14870358121414404,1,bisquare,7469,1.0,negbinomial,0.29239382422135424,True
TTGCATGCTGATCACG-1,5185.0,7356.0,L6,5,0.21361991531753768,1,bisquare,7469,1.0,negbinomial,0.29239382422135424,True
TTGCCAAGCAGAACCC-1,10622.0,7755.0,L2,1,0.5849625417168317,1,bisquare,7469,1.0,negbinomial,0.29239382422135424,True
TTGCCATAGCCCGCTC-1,4417.0,8908.0,WM,6,0.4189228361951492,1,bisquare,7469,1.0,negbinomial,0.29239382422135424,True
TTGCCCTGATCACGGG-1,5121.0,6757.0,L5,4,0.2408742302785955,1,bisquare,7469,1.0,negbinomial,0.29239382422135424,True
TTGCCGCAGACCTACA-1,3997.0,9864.0,WM,6,0.19525965289859834,1,bisquare,7469,1.0,negbinomial,0.29239382422135424,True
TTGCCGCTTTCTAGTA-1,8128.0,9894.0,L5,4,0.44374365302417706,1,bisquare,7469,1.0,negbinomial,0.29239382422135424,True
TTGCCGGTGATCCCTC-1,9481.0,3793.0,L3,2,0.21587607703163442,1,bisquare,7469,1.0,negbinomial,0.29239382422135424,True
TTGCCTAATCCAAAGT-1,4197.0,10704.0,WM,6,0.2687454510107361,1,bisquare,7469,1.0,negbinomial,0.29239382422135424,True
TTGCGGCATCAGAAAG-1,5864.0,8799.0,WM,6,0.385322325567929,1,bisquare,7469,1.0,negbinomial,0.29239382422135424,True
TTGCGGCGACTCATGC-1,7354.0,2699.0,L2,1,0.1887993563740108,1,bisquare,7469,1.0,negbinomial,0.29239382422135424,True
TTGCGTAGTTTGAGGA-1,4098.0,5431.0,L3,2,0.10384420006563748,1,bisquare,7469,1.0,negbinomial,0.29239382422135424,True
TTGCGTCGGCCAACCG-1,5590.0,8557.0,WM,6,0.28570788212757015,1,bisquare,7469,1.0,negbinomial,0.29239382422135424,True
TTGCGTGAACGCTTAG-1,9409.0,4152.0,L3,2,0.25435235495912356,1,bisquare,7469,1.0,negbinomial,0.29239382422135424,True
TTGCTAGCTACCAATC-1,4805.0,2800.0,L1,0,0.3731770202398297,1,bisquare,7469,1.0,negbinomial,0.29239382422135424,True
TTGCTCCCATACCGGA-1,7750.0,5098.0,L5,4,0.25332770347609257,1,bisquare,7469,1.0,negbinomial,0.29239382422135424,True
TTGCTGAAGGAACCAC-1,6719.0,4731.0,L5,4,0.22206127181117102,1,bisquare,7469,1.0,negbinomial,0.29239382422135424,True
TTGCTGATCATGTTCG-1,6707.0,6409.0,L6,5,0.2139948913750239,1,bisquare,7469,1.0,negbinomial,0.29239382422135424,True
TTGCTGCACCTATCCA-1,4169.0,5072.0,L3,2,0.15235513160417613,1,bisquare,7469,1.0,negbinomial,0.29239382422135424,True
TTGCTGGCCGGGCTTC-1,8175.0,3424.0,L3,2,0.17181218391595574,1,bisquare,7469,1.0,negbinomial,0.29239382422135424,True
TTGGAAGAATACAGTC-1,4420.0,8429.0,WM,6,0.3144865700868505,1,bisquare,7469,1.0,negbinomial,0.29239382422135424,True
TTGGACATGTGGCTTA-1,4772.0,7353.0,L6,5,0.224256666625153,1,bisquare,7469,1.0,negbinomial,0.29239382422135424,True
TTGGACCATCTGGCAA-1,9997.0,8589.0,L3,2,0.3514246856885653,1,bisquare,7469,1.0,negbinomial,0.29239382422135424,True
TTGGACCTATAACAGT-1,8684.0,9179.0,L4,3,0.5481684821425309,1,bisquare,7469,1.0,negbinomial,0.29239382422135424,True
TTGGAGTCTCCCTTCT-1,5834.0,3407.0,L2,1,0.10273881382392515,1,bisquare,7469,1.0,negbinomial,0.29239382422135424,True
TTGGATATCGTCTACG-1,6350.0,8203.0,WM,6,0.5550197492970704,1,bisquare,7469,1.0,negbinomial,0.29239382422135424,True
TTGGATCGACTTCTGG-1,6934.0,3655.0,L3,2,0.16131040612312955,1,bisquare,7469,1.0,negbinomial,0.29239382422135424,True
TTGGATTGGGTACCAC-1,6583.0,4491.0,L4,3,0.17378015733726043,1,bisquare,7469,1.0,negbinomial,0.29239382422135424,True
TTGGCCATCTTGCGCT-1,4242.0,4474.0,L3,2,0.10881139822479576,1,bisquare,7469,1.0,negbinomial,0.29239382422135424,True
TTGGCCTAGAATTTCG-1,8443.0,4384.0,L3,2,0.4729399676879835,1,bisquare,7469,1.0,negbinomial,0.29239382422135424,True
TTGGCTCGCATGAGAC-1,5339.0,5201.0,L4,3,0.09045437738711444,1,bisquare,7469,1.0,negbinomial,0.29239382422135424,True
TTGGGAAGACGAGCCG-1,7159.0,10605.0,L6,5,0.2649559775918106,1,bisquare,7469,1.0,negbinomial,0.29239382422135424,True
TTGGGACACTGCCCGC-1,7607.0,5816.0,L6,5,0.2989659709074972,1,bisquare,7469,1.0,negbinomial,0.29239382422135424,True
TTGGGACGTAAGAGTT-1,10272.0,8591.0,L3,2,0.4039247028495115,1,bisquare,7469,1.0,negbinomial,0.29239382422135424,True
TTGGGCGGCGGTTGCC-1,8018.0,6059.0,L5,4,0.3074077966710839,1,bisquare,7469,1.0,negbinomial,0.29239382422135424,True
TTGGTCACACTCGTAA-1,6075.0,8201.0,WM,6,0.37375468439555404,1,bisquare,7469,1.0,negbinomial,0.29239382422135424,True
TTGGTTGCGGTGCGCG-1,4349.0,8788.0,WM,6,0.22633871851586376,1,bisquare,7469,1.0,negbinomial,0.29239382422135424,True
TTGTAAGGACCTAAGT-1,4975.0,7954.0,WM,6,0.23263924755271986,1,bisquare,7469,1.0,negbinomial,0.29239382422135424,True
TTGTAAGGCCAGTTGG-1,8365.0,5702.0,L5,4,0.22926039226071365,1,bisquare,7469,1.0,negbinomial,0.29239382422135424,True
TTGTAATCCGTACTCG-1,6568.0,6647.0,L6,5,0.23011561669077582,1,bisquare,7469,1.0,negbinomial,0.29239382422135424,True
TTGTATCACACAGAAT-1,7896.0,3901.0,L3,2,0.21622654285153292,1,bisquare,7469,1.0,negbinomial,0.29239382422135424,True
TTGTCGTTCAGTTACC-1,6786.0,5091.0,L5,4,0.12547294518577645,1,bisquare,7469,1.0,negbinomial,0.29239382422135424,True
TTGTGAACCTAATCCG-1,8960.0,9181.0,L4,3,0.5101040978399797,1,bisquare,7469,1.0,negbinomial,0.29239382422135424,True
TTGTGAGGCATGACGC-1,3669.0,7585.0,L5,4,0.11628498727950402,1,bisquare,7469,1.0,negbinomial,0.29239382422135424,True
TTGTGCAGCCACGTCA-1,7854.0,9652.0,L5,4,0.26154774524405183,1,bisquare,7469,1.0,negbinomial,0.29239382422135424,True
TTGTGGCCCTGACAGT-1,6927.0,4613.0,L5,4,0.26961005587217723,1,bisquare,7469,1.0,negbinomial,0.29239382422135424,True
TTGTGGTAGGAGGGAT-1,4696.0,8431.0,WM,6,0.1594878865448707,1,bisquare,7469,1.0,negbinomial,0.29239382422135424,True
TTGTGGTGGTACTAAG-1,9298.0,10022.0,L3,2,0.33890420238361596,1,bisquare,7469,1.0,negbinomial,0.29239382422135424,True
TTGTGTATGCCACCAA-1,6894.0,9166.0,L6,5,0.09889362838852292,1,bisquare,7469,1.0,negbinomial,0.29239382422135424,True
TTGTGTTTCCCGAAAG-1,6829.0,8566.0,L6,5,0.13859709558449682,1,bisquare,7469,1.0,negbinomial,0.29239382422135424,True
TTGTTAGCAAATTCGA-1,5684.0,5083.0,L4,3,0.2646348445770815,1,bisquare,7469,1.0,negbinomial,0.29239382422135424,True
TTGTTCAGTGTGCTAC-1,7197.0,5334.0,L5,4,0.38904117021012125,1,bisquare,7469,1.0,negbinomial,0.29239382422135424,True
TTGTTGTGTGTCAAGA-1,8086.0,6179.0,L5,4,0.22904111164267854,1,bisquare,7469,1.0,negbinomial,0.29239382422135424,True
TTGTTTCACATCCAGG-1,5653.0,9396.0,WM,6,0.3618651564203228,1,bisquare,7469,1.0,negbinomial,0.29239382422135424,True
TTGTTTCATTAGTCTA-1,4825.0,9630.0,WM,6,0.22715361283676905,1,bisquare,7469,1.0,negbinomial,0.29239382422135424,True
TTGTTTCCATACAACT-1,4631.0,7831.0,L6,5,0.17351985292222835,1,bisquare,7469,1.0,negbinomial,0.29239382422135424,True
TTGTTTGTATTACACG-1,5571.0,11193.0,WM,6,0.20191423542944398,1,bisquare,7469,1.0,negbinomial,0.29239382422135424,True
TTGTTTGTGTAAATTC-1,6317.0,3291.0,L2,1,0.3322900431163042,1,bisquare,7469,1.0,negbinomial,0.29239382422135424,True
