,FSV,M,g,l,max_delta,max_ll,max_mu_hat,max_s2_t_hat,model,n,s2_FSV,s2_logdelta,time,BIC,max_ll_null,LLR,pval,qval
31,0.2833514128185459,4,GAD1,0.7071067811865476,2.5287521279165923,-3035.368398020345,-2.3653191032415393,1.451094317198167,SE,3484,0.0014686492723236405,0.03841920358183966,0.0070972442626953125,6103.36054139258,-3040.7027305889987,5.3343325686537355,0.020909345010573177,0.047786720440619254
74,0.15877306278880324,4,GABRA1,0.7071067811865476,5.297387506967842,-3566.838039082759,-6.280227737796171,5.79243728198008,SE,3484,0.020589682753575117,1.0957487652856688,0.004080295562744141,7166.299823517408,-3572.2505833120485,5.412544229289324,0.01999255692479751,0.046120901996713336
78,0.2535794138622236,4,NRN1,0.7071067811865476,2.9430321718641745,-3462.5535399547052,-4.853688772606991,5.2975083291622935,SE,3484,0.0024071205535327847,0.07070889131279713,0.004166364669799805,6957.7308252613,-3470.6783780351516,8.124838080446352,0.004366288335420854,0.013069820959685483
79,0.37375375284234047,4,NRSN1,0.7071067811865476,1.675270607399908,-2960.0030889222744,-3.3333286413500374,3.516261335971916,SE,3484,0.0012733165310861065,0.026473062049271037,0.0040988922119140625,5952.6299231964385,-2970.270208524189,10.267119601914601,0.0013542206345080743,0.00469490974983539
147,0.46270603514321434,4,RTN3,0.7071067811865476,1.1609999282824126,-3160.7895309998203,-8.043501089784487,23.632711482015353,SE,3484,0.001023005387066249,0.019330671203109304,0.004103422164916992,6354.20280735153,-3175.084978441452,14.29544744163195,0.00015624229528088396,0.0007263329842603078
177,0.4231599149774783,4,DYNLL1,0.7071067811865476,1.362938644502018,-3126.759927425248,-7.116370049283431,17.2631470025076,SE,3484,0.0009944345761537634,0.019341949262281395,0.004126071929931641,6286.143600202386,-3139.3916780553645,12.631750630116585,0.0003792498498349506,0.0015671481398138456
182,0.2569703340306775,4,SUCLA2,0.7071067811865476,2.8910031121406043,-2850.032912119842,-3.3808253049056125,2.624178385006094,SE,3484,0.00196949062043821,0.05702231387883873,0.006349325180053711,5732.689569591574,-2855.5277190002676,5.494806880425585,0.019073034241651854,0.04441710578959808
194,0.38982838543417414,4,SERF2,0.7071067811865476,1.5649625011738488,-3569.792311482224,-4.934550406620945,7.88018097078521,SE,3484,0.0011073735171869682,0.022440178957503398,0.004137754440307617,7172.208368316337,-3581.133162953329,11.340851471104997,0.0007582055253303466,0.002867406849576091
236,0.3218488521452665,4,DYNLRB1,0.7071067811865476,2.1066865921391176,-3629.5646029738,-5.591638020662051,8.594353327993359,SE,3484,0.0014348008663300142,0.03337316044165239,0.004952907562255859,7291.75295129949,-3637.434827903308,7.870224929507913,0.005025540153938524,0.014685019930339844
261,0.3575701736046981,4,ZSCAN18,0.7071067811865476,1.79634523048566,-2865.1863018249333,-3.0344847377320856,2.8228024297469747,SE,3484,0.0012331475768422606,0.026417605786651716,0.0057218074798583984,5762.996349001756,-2872.282670566749,7.096368741815695,0.007724028190063126,0.020879932031608373
274,0.34130555902758164,4,IGKC,2.6270809225916127,1.9191499182127005,-3356.462912165236,-1.9348484818223384,0.3435910578357292,SE,3484,3.83009587062609e-06,8.493788745354594e-05,0.004390239715576172,6745.549569682362,-3804.464464726454,448.001552561218,0.0,0.0
287,0.13131933447524677,4,MUC1,5.0636965839213595,6.479769442798285,-3096.3738041575903,-2.32619241147145,0.12405085107478254,SE,3484,1.2217695550240324e-05,0.0008587072822606194,0.004998207092285156,6225.37135366707,-3267.9848361756267,171.61103201803644,0.0,0.0
288,0.11543209569035379,4,TMSB10,5.0636965839213595,7.506416675070397,-2162.477385256574,-8.27368553810363,0.942869465795668,SE,3484,1.3064237893750381e-05,0.001119690898959974,0.00503849983215332,4357.578515865038,-2300.8485266224,138.37114136582613,0.0,0.0
290,0.109410717218901,4,CCK,5.0636965839213595,7.973438902908608,-3115.45413156262,-6.46003425501898,0.5965432738323352,SE,3484,1.276810635095552e-05,0.0011907168320764792,0.005002021789550781,6263.53200847713,-3211.9707509864106,96.51661942379042,0.0,0.0
293,0.15472969942813586,4,CARTPT,5.0636965839213595,5.3511854133086025,-3070.1768969571613,-0.7689965484987521,0.06776521586628825,SE,3484,8.438576975021006e-06,0.00046588849449032897,0.005054950714111328,6172.977539266212,-3364.948703245749,294.77180628858787,0.0,0.0
294,0.15741877136367305,4,ENC1,5.0636965839213595,5.24304194571452,-3585.3474970533334,-5.98856731093955,0.5817638293093523,SE,3484,1.4812421665453542e-05,0.0007979349015404378,0.004973173141479492,7203.318739458557,-3788.1990090497084,202.85151199637494,0.0,0.0
299,0.05392398242945374,4,TMSB4X,5.0636965839213595,17.185894686770794,-2783.763144027789,-6.548607093040788,0.5161807290724948,SE,3484,7.17997199979032e-06,0.002224980528012579,0.014531612396240234,5600.150033407468,-2836.104465171323,52.34132114353406,4.664046926450283e-13,9.383700969758395e-12
301,0.09586809275333456,4,NEFM,5.0636965839213595,9.238166381438461,-3626.5816299750954,-5.767425003624993,0.4818485706096614,SE,3484,9.406270395916601e-06,0.001085254286519917,0.004389524459838867,7285.787005302081,-3742.952370963956,116.37074098886069,0.0,0.0
302,0.14398468050350235,4,COX6C,5.0636965839213595,5.823623918721289,-2764.3621626574977,-5.982507992170922,0.5398710729918631,SE,3484,1.0443017424725145e-05,0.0006399330373355996,0.005001544952392578,5561.348070666885,-2982.0351202516795,217.67295759418175,0.0,0.0
304,0.3689631718189541,4,SCGB1D2,5.0636965839213595,1.6753276570291122,-3433.923416522845,-3.5227544912579494,0.40999618475456223,SE,3484,1.3852464141507103e-05,0.00029043782541051565,0.004411458969116211,6900.47057839758,-4221.052401019228,787.1289844963826,0.0,0.0
305,0.6203174502546013,4,SCGB2A2,5.0636965839213595,0.5995628425816788,-3907.229675133657,-6.342912059259155,1.4002917260803494,SE,3484,1.3714052788354769e-05,0.0002823089379776109,0.004441976547241211,7847.083095619204,-5269.653734338213,1362.4240592045562,0.0,0.0
309,0.3200749026761496,4,MGP,5.0636965839213595,2.0808344105545906,-3247.9825212590363,-1.0825631825423199,0.18024632690401254,SE,3484,1.5349788915027227e-05,0.00035871958689319666,0.0044362545013427734,6528.588787869962,-3835.215390774257,587.2328695152205,0.0,0.0
313,0.08864364699243234,4,MAP2K1,5.0636965839213595,10.0709092133095,-3472.4156382347464,-4.984899663086647,0.3604195955936466,SE,3484,9.399588446895897e-06,0.001233866448242465,0.004434823989868164,6977.455021821383,-3574.661057873792,102.2454196390454,0.0,0.0
315,0.22020402076058168,4,GFAP,5.0636965839213595,3.468836402508958,-3923.1195105834836,-1.3985049244527075,0.1755500445522689,SE,3484,1.5946670687388998e-05,0.0005512840363643116,0.0051419734954833984,7878.862766518857,-4247.917602249178,324.79809166569476,0.0,0.0
323,0.06253180184401744,4,TTC9B,5.0636965839213595,14.68532871512036,-3607.303533164996,-5.492013900948871,0.39381221756138474,SE,3484,8.174879176890942e-06,0.001948757371286883,0.015111684799194336,7247.230811681882,-3667.6040627423026,60.300529577306406,8.104628079763643e-15,1.9893178013965307e-13
324,0.0598749391742535,4,LGALS1,5.0636965839213595,15.380434895114327,-3684.4149366212814,-5.696689475030346,0.4177505467353602,SE,3484,7.637656824506503e-06,0.001965258066196897,0.012910127639770508,7401.453618594453,-3743.426188938088,59.011252316806804,1.5654144647214707e-14,3.694597075828647e-13
325,0.2205995487236788,4,PCP4,5.0636965839213595,3.4608605814908966,-3111.325656322271,-4.103506579611044,0.3360363823451123,SE,3484,1.1757632153306462e-05,0.0004055860731603967,0.005072593688964844,6255.275057996431,-3406.9418065417585,295.61615021948774,0.0,0.0
326,0.6287619609917015,4,log_total_count,5.0636965839213595,0.5783547160868336,-927.3107901237846,7.909910524322646,1.130208735202256,SE,3484,6.434761952067493e-06,0.00013436975747359043,0.004406452178955078,1887.2453255994587,-2922.839531770117,1995.5287416463325,0.0,0.0
328,0.0696982918828722,4,CAMK2N1,9.760271514103954,12.420219774898277,-3160.5541524920272,-4.550889282751316,0.12164382858397356,SE,3484,4.2851974807215004e-05,0.008456073291201372,0.004469156265258789,6353.732050335944,-3256.5229797358534,95.96882724382613,0.0,0.0
329,0.040868424999155856,4,STMN1,9.760271514103954,21.838252570810177,-3120.6769288375826,-8.67735683742888,0.3342372888694629,SE,3484,2.5473818207312495e-05,0.013048256975961119,0.014569282531738281,6273.977603027055,-3151.4627325480683,30.785803710485652,2.8813809227479226e-08,3.157357342296831e-07
330,0.025517669510598345,4,UQCRH,9.760271514103954,35.53534674976043,-3528.66932960993,-6.562733944196268,0.1813563990767435,SE,3484,1.4348130815240736e-05,0.017721050597467106,0.024764299392700195,7089.96240457175,-3550.873693522525,22.204363912595,2.451160384553397e-06,1.8342940793498262e-05
331,0.02655986459271277,4,EPS15,9.760271514103954,34.10444520775063,-3182.983418316334,-4.109820831414082,0.0772921063166071,SE,3484,1.3475128004297202e-05,0.015427438646679392,0.04410600662231445,6398.5905819845575,-3207.4532549553433,24.469836639009372,7.548233623699829e-07,6.015416406136229e-06
332,0.043081869642502324,4,SSBP3,9.760271514103954,20.668446639888355,-3129.4583046530315,-3.889586301038852,0.0812055899023068,SE,3484,2.9082776408887676e-05,0.013524484285960366,0.044182538986206055,6291.540354657953,-3163.827730223299,34.369425570267595,4.558279642630225e-09,5.7084207027372955e-08
333,0.03172167347190523,4,DNAJC6,9.760271514103954,28.403490764052748,-3505.1088298307177,-5.339532190096936,0.13129784229605776,SE,3484,1.70626556990362e-05,0.01398345395471979,0.02469611167907715,7042.841405013325,-3533.3317651790844,28.22293534836672,1.0811583606162856e-07,1.061500935877808e-06
334,0.03448663019966653,4,AK5,9.760271514103954,26.051643653652473,-3725.766856895657,-4.861873847174866,0.11630408433526439,SE,3484,2.4761883287839015e-05,0.017362009795829282,0.02465367317199707,7484.157459143204,-3751.6005050418435,25.833648146186533,3.7214401948926223e-07,3.216353561526915e-06
336,0.030951625776429223,4,MGST3,9.760271514103954,29.133293801265513,-3610.159853609375,-6.602966578674828,0.19259419729322327,SE,3484,1.7820142788896587e-05,0.01529236116863849,0.023116350173950195,7252.94345257064,-3636.7692517443265,26.609398134951334,2.490294254142711e-07,2.2472575154362705e-06
337,0.018446164017064184,4,GLUL,9.760271514103954,49.51487145593545,-3736.860790973519,-4.44434771885237,0.08263745714525297,SE,3484,9.267737364526054e-06,0.02128260117228479,0.024447202682495117,7506.345327298928,-3755.7284312729175,18.867640299398317,1.4010937490649411e-05,8.863526528761344e-05
338,0.02679135820851515,4,ATP2B4,9.760271514103954,33.801721783003686,-3015.087014917949,-2.8214882327869084,0.0411589733553451,SE,3484,1.2400447665239591e-05,0.013965876656696808,0.022821903228759766,6062.797775187788,-3038.2129127290536,23.12589781110455,1.5173321930017636e-06,1.1711826532603666e-05
339,0.09683859294074953,4,HPCAL1,9.760271514103954,8.678496610011248,-3453.8603919594525,-1.2834217229708298,0.05525339388157387,SE,3484,3.62834281891678e-05,0.004117956357759696,0.004442691802978516,6940.344529270795,-3621.4993092179857,167.63891725853318,0.0,0.0
340,0.0544568860584343,4,VSNL1,9.760271514103954,16.15682903144975,-2763.8450204895908,-8.197078300577674,0.31215899095442806,SE,3484,2.2707176470189252e-05,0.006914152128152107,0.004403114318847656,5560.313786331071,-2824.4373854952473,60.592365005656575,6.994405055138486e-15,1.7518454219734618e-13
342,0.02957531100228721,4,TMEM178A,9.760271514103954,30.5323416982685,-2838.5416779512643,-3.2185606115231935,0.05134922114840903,SE,3484,1.6127044564339022e-05,0.015073409755801202,0.0214083194732666,5709.707101254418,-2863.0221626042003,24.480484652935957,7.506632712095396e-07,6.015416406136229e-06
343,0.030559058479618248,4,RTN4,9.760271514103954,29.51949914556053,-3376.6929998418373,-7.1432134413474335,0.2201419106253801,SE,3484,1.87926590234422e-05,0.016517720653558866,0.01450967788696289,6786.009745035564,-3407.218379299533,30.525379457695635,3.295273154346745e-08,3.578937054197994e-07
344,0.01735649324748318,4,PPP3R1,9.760271514103954,52.681920936911844,-3021.0064022920233,-3.318764672197574,0.046188111654127076,SE,3484,7.4311264272895905e-06,0.01918922470681755,0.014392852783203125,6074.636549935936,-3039.3529816113646,18.346579319341345,1.841493121401694e-05,0.00011414213562407194
345,0.039113073758483774,4,CNRIP1,9.760271514103954,22.860089936949503,-3066.0927854903084,-3.7672553735963223,0.0742811885701932,SE,3484,2.9729942533596496e-05,0.01650948918560427,0.02339792251586914,6164.809316332507,-3094.3901884137085,28.297402923400114,1.0403547023862814e-07,1.0380479292102587e-06
346,0.0241020599082264,4,DBI,9.760271514103954,37.67713201808518,-3619.7214402681893,-3.1887884469750962,0.051740492335751814,SE,3484,1.122291550163483e-05,0.015448129542482774,0.0236968994140625,7272.066625888268,-3644.2299627187003,24.50852245051101,7.398187684692914e-07,5.973417089913538e-06
347,0.05002579315775943,4,TBR1,9.760271514103954,17.670361233606894,-2760.487133652332,-3.6902204850663467,0.07497415775206392,SE,3484,2.3036201102989704e-05,0.008167529984482252,0.004576206207275391,5553.598012656554,-2819.009817662114,58.5226840097821,2.0095036745715333e-14,4.653224632369761e-13
348,0.021809305787574,4,SLC4A10,9.760271514103954,41.73585187722557,-2936.702402904917,-3.0507097784187893,0.042930336573908046,SE,3484,1.6614566865821316e-05,0.027671388921217562,0.02350616455078125,5906.028551161724,-2955.5397703564186,18.83736745150145,1.423507484665798e-05,8.918565751475764e-05
350,0.02250082625497692,4,MAP2,9.760271514103954,40.424581265125475,-3665.3829178925553,-5.414008332724095,0.12407266717843646,SE,3484,9.410366256044915e-06,0.014765855909482452,0.013484954833984375,7363.389581137,-3693.712601686081,28.329683793525874,1.0231496727630685e-07,1.029248925655844e-06
351,0.029125220972733023,4,TUBA4A,9.760271514103954,31.018556796272332,-3550.5783893746247,-5.717969177331104,0.14559166854654546,SE,3484,1.5496129995690274e-05,0.014907667005514748,0.02319192886352539,7133.780524101139,-3575.39976310318,24.821373728555045,6.289617396904035e-07,5.146050597466939e-06
352,0.028718993131635222,4,PTMA,9.760271514103954,31.470473967371213,-3707.5607476206487,-5.197698468548272,0.12365015551424124,SE,3484,1.5962347398114863e-05,0.015767741304779613,0.021555423736572266,7447.745240593187,-3733.8237278651595,26.2629802445108,2.9794549438744156e-07,2.5933360246489116e-06
355,0.07521357986610332,4,SYN2,9.760271514103954,11.441231711090824,-3595.083555735806,-6.413437960454186,0.22628011357037772,SE,3484,3.2184401616334274e-05,0.005571940223139561,0.004472255706787109,7222.790856823502,-3689.483559365248,94.40000362944193,0.0,0.0
356,0.024970692101893514,4,SYNPR,9.760271514103954,36.334123468840765,-3149.596396832363,-3.216745120266606,0.05014620869580312,SE,3484,1.8004337781806475e-05,0.023170079285135856,0.013893365859985352,6331.816539016616,-3170.9731714303525,21.376774597989424,3.7731434355814386e-06,2.723927079163071e-05
357,0.040987048211968476,4,MTRNR2L12,9.760271514103954,21.77235601199175,-2801.6463667853077,-5.030159787463763,0.12024111388349984,SE,3484,2.3023830116360338e-05,0.011730716169666788,0.022852182388305664,5635.916478922505,-2833.1319365939617,31.485569808653963,2.009279265191566e-08,2.2511890822548504e-07
358,0.02805728568539828,4,GAP43,9.760271514103954,32.23462420937486,-3505.456104728022,-7.023369523267243,0.21025615299642927,SE,3484,1.5353555553923493e-05,0.015847675025240957,0.0138092041015625,7043.535954807934,-3533.8697629067433,28.413658178721107,9.797167921377081e-08,9.937022309435809e-07
360,0.039710538125047316,4,MGLL,9.760271514103954,22.50214857476842,-3301.4029180347115,-3.5552406363809195,0.07024864869449653,SE,3484,2.388161025902854e-05,0.012896578075007152,0.021596193313598633,6635.429581421313,-3329.3427347180855,27.93981668337392,1.2514784220041264e-07,1.2093742803905304e-06
361,0.06010424567034874,4,TF,9.760271514103954,14.551311375758303,-2968.8492416300687,-2.915268735620936,0.05934430861317484,SE,3484,2.0999767088619844e-05,0.005367166498156881,0.004450559616088867,5970.322228612027,-3067.453582060796,98.60434043072746,0.0,0.0
362,0.020538447307211903,4,APOD,9.760271514103954,44.37592124803328,-3544.162897181257,-3.0860342940564127,0.04581146286232154,SE,3484,1.3320871996018228e-05,0.024886992241869244,0.0247037410736084,7120.949539714404,-3561.9707678123928,17.807870631135756,2.4437029703783253e-05,0.00014629707361466695
363,0.031117542907880588,4,CPLX1,9.760271514103954,28.972995077444843,-3589.0106323824484,-5.095773894367472,0.12105043747948707,SE,3484,2.6930537304946634e-05,0.022879979116586787,0.021570920944213867,7210.645010116787,-3610.0294290815746,21.018796699126142,4.54799493831981e-06,3.2365692267370645e-05
364,0.03837629790768098,4,QDPR,9.760271514103954,23.316839305936888,-3586.9585044281994,-4.884006569525512,0.11933430158054928,SE,3484,1.4518049112042387e-05,0.0083499431138312,0.0062694549560546875,7206.5407542082885,-3640.0978939306597,53.13938950246029,3.107514245925813e-13,6.35627913939371e-12
365,0.02818235857095572,4,UCHL1,9.760271514103954,32.087437777801114,-2881.084836955507,-8.358526608599059,0.2884400419373874,SE,3484,1.760600100283279e-05,0.018020792309101585,0.014403343200683594,5794.793419262904,-2902.5823148095606,21.497477854053614,3.542943370571372e-06,2.5881891505797365e-05
366,0.08481634172690089,4,HOPX,9.760271514103954,10.040522580619061,-3752.7404953390933,-3.8153633542370318,0.11589245857562412,SE,3484,2.7088791933908674e-05,0.003827339594089992,0.004426479339599609,7538.104736030076,-3921.6816701575854,168.94117481849207,0.0,0.0
367,0.03423399241556111,4,SPARCL1,9.760271514103954,26.250764894714237,-3011.289840395806,-6.762018501803787,0.2008217147125367,SE,3484,2.4446119409429867e-05,0.01737685517713762,0.015493154525756836,6055.203426143502,-3040.185004817881,28.895164422074686,7.640341415093843e-08,7.879649282182345e-07
368,0.07848147945549906,4,SNCA,9.760271514103954,10.926082712664586,-3598.237846462086,-7.344879458640028,0.28749540597841106,SE,3484,3.2810889278988425e-05,0.005283654886203109,0.0044498443603515625,7229.099438276062,-3690.656683493563,92.41883703147687,0.0,0.0
369,0.029437865851045186,4,PPP3CA,9.760271514103954,30.67924155716712,-3679.170292588774,-6.4289762483960935,0.18183788285532262,SE,3484,1.3675002757430935e-05,0.01289403333335637,0.01395106315612793,7390.964330529438,-3710.6477105410677,31.477417952293763,2.0177324366876803e-08,2.2511890822548504e-07
370,0.027239648995731353,4,RPL34,9.760271514103954,33.230123161308285,-2476.8566809312924,-5.188986377190847,0.11410969924531587,SE,3484,1.9935059086923652e-05,0.021758250813539607,0.014484405517578125,4986.337107214475,-2497.229020459427,20.37233952813449,6.374455103208554e-06,4.370499943794591e-05
371,0.03492867944791572,4,SCRG1,9.760271514103954,25.710163611083193,-3270.5234260900897,-2.743481981609554,0.04575921022719085,SE,3484,2.3687747749467876e-05,0.016219950024952724,0.023186683654785156,6573.670597532069,-3297.0499966702455,26.52657058015575,2.599381657697464e-07,2.3285768001934815e-06
372,0.046605174620639275,4,GPM6A,9.760271514103954,19.035585878487044,-2947.195161332892,-7.077386309220196,0.23196379853463786,SE,3484,2.0450282967012166e-05,0.008241387304479153,0.006004810333251953,5927.014068017674,-3001.848661996851,54.65350066395922,1.4377388168895777e-13,3.09560989282445e-12
373,0.020369525339198516,4,TPPP,9.760271514103954,44.75164202572289,-3394.9158867439073,-3.9443566100830743,0.0675244280166843,SE,3484,1.1897468965666976e-05,0.0225823096316298,0.023305892944335938,6822.455518839704,-3414.697734570051,19.781847826143803,8.680314682041335e-06,5.789735583377373e-05
374,0.025836326182493305,4,PJA2,9.760271514103954,35.08558880270221,-3521.4276941227454,-5.901148027326847,0.14940532383469327,SE,3484,1.0286040953187365e-05,0.012408652102813904,0.022983789443969727,7075.4791335973805,-3548.750499071688,27.322804948942576,1.7216885472848276e-07,1.5921654791734632e-06
375,0.044337731660014645,4,SPOCK1,9.760271514103954,20.05665785688881,-3199.2383233339497,-4.358607308095738,0.09920704679934544,SE,3484,1.823071565484626e-05,0.008044622690015546,0.0061740875244140625,6431.100392019789,-3253.832638682481,54.59431534853138,1.482147737874584e-13,3.1362060284180078e-12
377,0.04568893241058879,4,CD74,9.760271514103954,19.435984655869316,-3132.6649116777007,-1.343582592862449,0.025594036702813787,SE,3484,2.8174737289863583e-05,0.011771287555486662,0.006197690963745117,6297.953568707291,-3182.825174521272,50.16026284357122,1.4168666240266248e-12,2.7170027591419657e-11
378,0.06651325916196493,4,TUBB2A,9.760271514103954,13.059529236382284,-3351.549006602132,-8.618104833343075,0.36331701171148406,SE,3484,4.277821220993555e-05,0.009154855549380553,0.0044248104095458984,6735.721758556154,-3407.9650194612705,56.41601285913839,5.861977570020827e-14,1.2846866427805386e-12
380,0.03818154564771699,4,HLA-A,9.760271514103954,23.440517609932357,-3272.596585827706,-2.002283901581866,0.03285804636487968,SE,3484,2.1737602594635844e-05,0.012620222323913481,0.014319419860839844,6577.8169170073015,-3312.6136274818027,40.01704165409683,2.517568375992596e-10,3.722581936024102e-09
381,0.03698359231204944,4,TUBB,9.760271514103954,24.22993174771934,-3593.037912556645,-6.19622343299625,0.17876744883216286,SE,3484,2.9158031238654436e-05,0.01795624404292222,0.02310800552368164,7218.69957046518,-3620.6979801421207,27.660067585475645,1.4461743635951763e-07,1.3652695040933485e-06
382,0.025907801714234537,4,HLA-C,9.760271514103954,34.98622603757755,-3276.6636423721184,-2.9628770775012976,0.04537602823082225,SE,3484,1.1460241064685893e-05,0.01375296925026015,0.014482498168945312,6585.9510300961265,-3310.2058956672895,33.54225329517112,6.9732551954970745e-09,8.558085921746411e-08
383,0.024347251603631253,4,HLA-B,9.760271514103954,37.2883293393104,-3400.979389671088,-2.0233595733762675,0.026846277797377204,SE,3484,1.0806279922294197e-05,0.014591089450672853,0.02279806137084961,6834.582524694066,-3425.8484517301677,24.869062059079624,6.135928876105368e-07,5.088147409546835e-06
384,0.029575311002287212,4,SERINC1,9.760271514103954,30.5323416982685,-3588.6779492064534,-6.808756905875321,0.20149416873944287,SE,3484,1.6394801930242564e-05,0.015323673620038468,0.021944761276245117,7209.9796437647965,-3613.8548226522844,25.176873445831006,5.230567889924487e-07,4.3968036434608085e-06
386,0.03131505546259729,4,SEPT7,9.760271514103954,28.784385465598408,-3641.08720384147,-6.112874012131237,0.16807228560900234,SE,3484,1.571098049462395e-05,0.013190593987567459,0.02220892906188965,7314.79815303483,-3669.9899862262796,28.902782384809598,7.610351471232235e-08,7.879649282182345e-07
387,0.028372549355367913,4,STX1A,9.760271514103954,31.8661072241376,-3411.367219519335,-4.724140201725873,0.1020716336438651,SE,3484,1.2160002630283202e-05,0.012289640040797863,0.023905038833618164,6855.3581843905595,-3439.562803868873,28.195584349537967,1.0965444441346506e-07,1.0680627702610234e-06
388,0.024702206826311943,4,VGF,9.760271514103954,36.73914838123005,-3462.1811862437653,-3.631843355466211,0.06293565823501378,SE,3484,1.4284662777256423e-05,0.018764470969494018,0.022574424743652344,6956.98611783942,-3486.0818440117637,23.900657767998382,1.014370965224387e-06,7.929361916924857e-06
390,0.07163993907737062,4,FAM3C,9.760271514103954,12.05837644274339,-3240.366288053484,-4.244921218271088,0.11193776320916854,SE,3484,7.470649309243692e-05,0.01405960156086859,0.004678964614868164,6513.356321458858,-3281.189435706472,40.823147652988155,1.6664747359840248e-10,2.494169505075869e-09
391,0.032638848928375395,4,TSPAN7,9.760271514103954,27.5791835565184,-3432.337739246821,-7.215165148011013,0.22797469595695138,SE,3484,1.6579609507415474e-05,0.012882225115912508,0.021820783615112305,6897.299223845532,-3460.1162259391776,27.778486692356637,1.3603037418707942e-07,1.2941578939574154e-06
392,0.020401431746036376,4,SYP,9.760271514103954,44.68019832540585,-3621.5002539133193,-6.48186066938738,0.1682428561655561,SE,3484,1.1683269621130387e-05,0.022109313221391258,0.014942407608032227,7275.624253178528,-3639.83048819528,18.330234281960657,1.8573596563875583e-05,0.00011454707794075852
393,0.185769374767521,4,PLP1,9.760271514103954,4.078504173183817,-4108.19396142243,-6.06229448124835,0.3262555616148761,SE,3484,4.683357725600925e-05,0.0020091550325832437,0.004407644271850586,8249.01166819675,-4492.310363176758,384.11640175432785,0.0,0.0
394,0.04119835204297257,4,PGRMC1,9.760271514103954,21.655914327027226,-3352.3997661135627,-4.335047187189266,0.09775519315256186,SE,3484,2.0302935095665565e-05,0.010247224141478333,0.013347625732421875,6737.423277579015,-3391.204286962582,38.804520849019355,4.684417298506105e-10,6.533019992751283e-09
395,0.12675472131612148,4,NEFL,9.760271514103954,6.4106150485288165,-3393.8985435406994,-8.513255289058929,0.40755617113477854,SE,3484,9.466966976622741e-05,0.007020954133813637,0.004403352737426758,6820.4208324332885,-3531.181587966882,137.28304442618264,0.0,0.0
396,0.031176580207344082,4,DPYSL2,9.760271514103954,28.916368500656727,-3512.034110976634,-6.692409695462695,0.1968805912614313,SE,3484,1.5082504374654056e-05,0.012768538989397258,0.012174129486083984,7056.691967305158,-3547.2312917204417,35.19718074380762,2.979545721260024e-09,3.8491738982785006e-08
397,0.017166749069640413,4,PTK2B,9.760271514103954,53.27449960471127,-3187.6899158779643,-2.7889116519870845,0.03492612745311635,SE,3484,7.738968638035012e-06,0.02041250512539621,0.023818254470825195,6408.003577107818,-3206.8298385909256,19.13992271296138,1.2147716643928774e-05,7.80631475491473e-05
398,0.0627628367259575,4,STMN2,9.760271514103954,13.895511362474064,-3536.5318296042424,-8.212929715630397,0.33217470471800525,SE,3484,2.585534286781156e-05,0.006123740754094015,0.004456043243408203,7105.6874045603745,-3613.4422485613995,76.91041895715716,0.0,0.0
399,0.020794578556170184,4,RPL30,9.760271514103954,43.81787212066407,-3337.8774700124186,-4.824487999407281,0.09678437069374461,SE,3484,1.4927254239461485e-05,0.02723381579229243,0.023259878158569336,6708.378685376727,-3356.7137383719414,18.83626835952282,1.4243279822356847e-05,8.918565751475764e-05
401,0.05340627667337768,4,SLC24A2,9.760271514103954,16.49297179630868,-3177.7360958905847,-4.738894613942145,0.11984867603885282,SE,3484,1.6039309110738484e-05,0.005056849849746292,0.004514217376708984,6388.095937133059,-3270.5007934563396,92.76469756575489,0.0,0.0
404,0.08851300203486087,4,DIRAS2,9.760271514103954,9.58232738167728,-3341.846589458753,-5.568872564561143,0.18372365772100266,SE,3484,2.072581704839529e-05,0.002727308828714472,0.004464626312255859,6716.316924269396,-3521.1540172231835,179.30742776443049,0.0,0.0
405,0.06719317399055985,4,PTGDS,9.760271514103954,12.917966572945017,-3540.9558660437588,-3.9912027985689584,0.10535291730666008,SE,3484,3.7354571464619415e-05,0.007854021159850977,0.004411935806274414,7114.535477439407,-3608.584883106859,67.62901706310004,2.220446049250313e-16,5.7980699545220954e-15
406,0.11963854938138226,4,MTRNR2L8,9.760271514103954,6.847270359173256,-1408.5988593694333,-4.794145281337718,0.12764602698975766,SE,3484,5.692567173971544e-05,0.004614256179502207,0.00454258918762207,2849.8214640907563,-1533.263448348819,124.66458897938583,0.0,0.0
407,0.034031844592943505,4,DKK3,9.760271514103954,26.412220685302554,-3697.0907684152444,-6.536472487510197,0.1941515516678678,SE,3484,1.059315905446349e-05,0.0076133803944111855,0.012099981307983398,7426.8052821823785,-3739.995145334394,42.9043769191494,5.748190812226994e-11,9.161815344163451e-10
408,0.029575311002287212,4,MICAL2,9.760271514103954,30.5323416982685,-3042.2347213148214,-3.7773316874496348,0.06828505188477983,SE,3484,2.308509265682606e-05,0.02157686484208202,0.021466493606567383,6117.0931879815325,-3063.657224895409,21.422503580587545,3.6842159114591766e-06,2.675466100306557e-05
410,0.022337588668017855,4,PRDX5,9.760271514103954,40.72679417174878,-3601.7784471420373,-6.043015284560781,0.15099055391439614,SE,3484,9.966548118061397e-06,0.015857419133652052,0.013910531997680664,7236.180639635964,-3623.5507167497162,21.772269607678936,3.070054876430639e-06,2.2697557958276908e-05
411,0.2853233759099613,4,MALAT1,9.760271514103954,2.3307721523190263,-4090.9775514058556,-1.2866077088288133,0.258212277481901,SE,3484,8.733399461089425e-05,0.0022690296760658956,0.004378318786621094,8214.578848163601,-4477.638521505085,386.6609700992294,0.0,0.0
412,0.11898393868519065,4,CRYAB,9.760271514103954,6.890061238868637,-3820.7418426342883,-4.4184336887538915,0.16633522745609378,SE,3484,6.205533871828964e-05,0.005073067306010828,0.004443645477294922,7674.107430620466,-3968.113075796836,147.37123316254747,0.0,0.0
413,0.03619608739924892,4,SCN3B,9.760271514103954,24.777338497016707,-3488.437746282626,-3.9232221145343096,0.08118482924019878,SE,3484,1.7325194256610063e-05,0.01110342991293947,0.014773845672607422,7009.499237917142,-3525.724347655313,37.28660137268707,1.0198286659601763e-09,1.3906754535820588e-08
414,0.075810095355033,4,NRGN,9.760271514103954,11.343883938399772,-2378.2727848138356,-6.9507600411656645,0.23952059451675511,SE,3484,2.4080032826538986e-05,0.004113022346481662,0.004548311233520508,4789.169314979561,-2528.2045870548436,149.93180224100797,0.0,0.0
415,0.05373659375534668,4,PFKP,9.760271514103954,16.385870138018056,-3362.6839510404025,-4.9131399341992825,0.1298566522044496,SE,3484,2.666058153240404e-05,0.008313333869996874,0.006094455718994141,6757.991647432695,-3412.43350947322,49.749558432817594,1.7468249069452213e-12,3.298200873253215e-11
416,0.04457816347271527,4,PHYHIPL,9.760271514103954,19.943463732374347,-3337.899269902461,-4.079203511721292,0.09077501574556714,SE,3484,1.933339827020582e-05,0.008447512730883905,0.013441324234008789,6708.422285156812,-3382.148352939329,44.24908303686789,2.8913982319522802e-11,4.731378925012823e-10
417,0.030024270768711354,4,CAMK2G,9.760271514103954,30.061870293272623,-3222.4230904068063,-4.500493392721715,0.09395968137772796,SE,3484,1.4352381918764378e-05,0.013040148428141574,0.010471343994140625,6477.469926165502,-3257.796334369891,35.37324396308486,2.722005953970097e-09,3.553876245512216e-08
418,0.1516182592697833,4,SNCG,9.760271514103954,5.206758130436243,-3622.604585480934,-5.725998278985435,0.24531967690601464,SE,3484,7.204439545405956e-05,0.004095257331253931,0.004424571990966797,7277.832916313758,-3765.671243432593,143.06665795165918,0.0,0.0
419,0.024066924058428092,4,LMO3,9.760271514103954,37.73349621323536,-3498.93994337842,-4.05044448845993,0.07511026972327245,SE,3484,1.1884710759907393e-05,0.01640453545544192,0.014079093933105469,7030.50363210873,-3521.6655902137745,22.725646835354382,1.8685722855682485e-06,1.4243775186432162e-05
420,0.032638848928375395,4,NELL2,9.760271514103954,27.5791835565184,-3557.548157466681,-5.826151478847643,0.1549799241967431,SE,3484,1.8412911741164672e-05,0.014306686413996721,0.021624088287353516,7147.720060285252,-3584.855688945172,27.307531478491,1.735341720321415e-07,1.5921654791734632e-06
421,0.0769839750142395,4,TUBA1B,9.760271514103954,11.15671929990128,-2576.7984207631443,-8.536393148542198,0.35451027843773575,SE,3484,2.257826624960338e-05,0.003756846334575755,0.00443720817565918,5186.220586878178,-2741.8450131177515,165.04659235460713,0.0,0.0
422,0.047063566739262874,4,TUBA1A,9.760271514103954,18.84111894663402,-3454.397778868066,-7.3642092123207545,0.2558442291854467,SE,3484,1.723310660769943e-05,0.006822675654482153,0.004440784454345703,6941.4193030880215,-3522.3391841420344,67.94140527396848,2.220446049250313e-16,5.7980699545220954e-15
423,0.049568085536313915,4,TESPA1,9.760271514103954,17.84212027700921,-3176.1058087995216,-2.682964822434422,0.051135638084287824,SE,3484,3.841019579759956e-05,0.013845921835108424,0.006048440933227539,6384.835362950933,-3218.094404651131,41.98859585160926,9.180733950842068e-11,1.3910202955821319e-09
424,0.03577196921312142,4,KCNMB4,9.760271514103954,25.082135025357676,-2876.556921774637,-3.5137592907042547,0.06319448897390852,SE,3484,1.432731491832284e-05,0.009385154546005834,0.022415876388549805,5785.737588901164,-2909.630187170054,33.07326539541691,8.8750686799699e-09,1.0678558572156298e-07
425,0.09839339461270574,4,SYT1,9.760271514103954,8.526655915520763,-3325.09729106543,-9.345025460666372,0.45235759044685586,SE,3484,4.634153620334068e-05,0.00512487015213475,0.004388332366943359,6682.81832748275,-3432.0013023760894,106.90401131065937,0.0,0.0
426,0.04115104895773838,4,ATP2B1,9.760271514103954,21.681877412932334,-3631.264409926659,-5.152552631868207,0.13370878178051374,SE,3484,2.60683065159466e-05,0.013184873807993503,0.013939142227172852,7295.152565205208,-3667.5776679944493,36.31325806779023,1.680170003126591e-09,2.2413335021945632e-08
427,0.019326874075248298,4,NUAK1,9.760271514103954,47.21611548387953,-3050.394677823041,-4.206125258612637,0.07279240488871855,SE,3484,1.0777640770673868e-05,0.02262700220704948,0.013897895812988281,6133.413100997972,-3067.905407627657,17.51072980461595,2.856908140236314e-05,0.0001677610260686831
428,0.02536047264165522,4,COX6A1,9.760271514103954,35.76138042004365,-2709.7050250044404,-6.247949259840364,0.16068785150721085,SE,3484,1.2273018628122686e-05,0.015336833074089045,0.023163318634033203,5452.0337953607705,-2734.6688505370694,24.963825532629016,5.841612068513413e-07,4.8770416156419975e-06
429,0.03755514141211481,4,DCLK1,9.760271514103954,23.84701651104247,-3474.3804145440417,-5.616516120914176,0.14955601553185444,SE,3484,1.8890552203146995e-05,0.011307778751567358,0.011600255966186523,6981.384574439973,-3514.2388574160177,39.85844287197597,2.7305135930077995e-10,3.9499628167224896e-09
431,0.0349376992608156,4,ITM2B,9.760271514103954,25.70328582510375,-3028.0054921203227,-6.9693193046024025,0.21355643929520318,SE,3484,1.7909958591883525e-05,0.012257779540906379,0.023850202560424805,6088.634729592535,-3057.7371556301327,29.731663509810005,4.961773225620192e-08,5.341621893610255e-07
432,0.02892720362268821,4,CALM1,9.760271514103954,31.23726000747549,-2387.420720059822,-6.931316249889441,0.20000692877152113,SE,3484,1.766020551382463e-05,0.01720916734491252,0.01340031623840332,4807.465185471534,-2415.284383722345,27.863663662522868,1.30171544321378e-07,1.2480936422859399e-06
433,0.02602124584069679,4,NDUFB1,9.760271514103954,34.82964074712802,-3612.2125062184205,-6.230133617407603,0.16605998054869078,SE,3484,1.2718445944164207e-05,0.015137063876204141,0.02212071418762207,7257.048757788731,-3637.052416184856,24.839909966435698,6.229426057213772e-07,5.131009870188282e-06
434,0.052495095010789035,4,IFI27,9.760271514103954,16.795399478366413,-2985.2587364844667,-1.7629523999848773,0.03252125242222583,SE,3484,2.277780610639169e-05,0.007406087761157027,0.004473447799682617,6003.141218320823,-3052.934670502591,67.67593401812428,2.220446049250313e-16,5.7980699545220954e-15
435,0.10823927195749927,4,MEG3,9.760271514103954,7.666392979730951,-3670.9655641405725,-4.477362701182352,0.15521986335973992,SE,3484,6.502390419830987e-05,0.0061685211535403035,0.004688262939453125,7374.554873633035,-3767.600583341492,96.63501920091949,0.0,0.0
436,0.034105354028406906,4,HSP90AA1,9.760271514103954,26.353287131144324,-3064.222788719676,-7.645622254249391,0.25348636989368,SE,3484,2.2328078488733745e-05,0.015982979324271628,0.01411890983581543,6161.069322791242,-3096.1599806437634,31.93719192408753,1.59238873198575e-08,1.8612335828404872e-07
437,0.03613739715772644,4,B2M,9.760271514103954,24.819090277165476,-3859.6446217607054,-3.244906505938778,0.06501736971232394,SE,3484,2.4013868723861454e-05,0.015436481337873561,0.012243270874023438,7751.9129888733005,-3891.750562122459,32.10594036175371,1.4599024100725444e-08,1.72278693496323e-07
438,0.024164382306395442,4,SCG3,9.760271514103954,37.57755894881873,-3597.5917880958123,-4.29347187589428,0.08375223833257014,SE,3484,1.6794604055387204e-05,0.023004189701725842,0.023386478424072266,7227.807321543514,-3618.074054568916,20.482266473103664,6.018629960302668e-06,4.1731640710881374e-05
439,0.0537257102473454,4,ARPP19,9.760271514103954,16.38937801373926,-3517.2652955471567,-6.428333046994825,0.20736618196304407,SE,3484,3.466345098398266e-05,0.010812712704409349,0.006131172180175781,7067.154336446203,-3564.824753283959,47.559457736802415,5.33606492325589e-12,9.491024567055932e-11
440,0.03439011386715857,4,RPL4,9.760271514103954,26.127369482269653,-3507.635567152668,-5.48838620006882,0.1407516046062888,SE,3484,1.4242685544868135e-05,0.010038616213960315,0.01155233383178711,7047.894879657226,-3550.1979989067436,42.56243175407553,6.846179179120782e-11,1.0771960246868364e-09
442,0.035162604558426534,4,SV2B,9.760271514103954,25.532931978758466,-3443.518990769203,-5.057175701937015,0.12212183211920921,SE,3484,1.8192995052760035e-05,0.012303841263437646,0.014087438583374023,6919.6617268902955,-3475.038989914213,31.519999145009933,1.973966867740984e-08,2.2431441678874822e-07
443,0.020161230890582773,4,GPRC5B,9.760271514103954,45.2236043599528,-3330.1832487469064,-2.7920278954224647,0.037878492452437455,SE,3484,1.0947208529208655e-05,0.021192181709742398,0.013692855834960938,6692.990242845703,-3351.196001719998,21.012752973091665,4.562363880356024e-06,3.2365692267370645e-05
444,0.05314414676613477,4,CRYM,9.760271514103954,16.578912010332814,-3440.7471933663746,-4.684360310002419,0.12092451097846145,SE,3484,2.823165039612547e-05,0.00897954689863715,0.020802021026611328,6914.118132084639,-3479.741674122913,38.99448075653845,4.250053642351759e-10,5.9953734766717606e-09
445,0.0618198823305408,4,MT3,9.760271514103954,14.121656652978997,-856.6729734119153,-3.0177871628777515,0.04717286421041502,SE,3484,4.311997960304513e-05,0.010487888371620596,0.005017757415771484,1745.9696921757202,-903.99208002461,47.31910661269467,6.032174759695863e-12,1.0575890812453788e-10
446,0.04463528818983441,4,NDRG4,9.760271514103954,19.91674898054999,-3565.927385222946,-7.215370673004205,0.24515478379184702,SE,3484,2.1491528034509853e-05,0.009368594864483869,0.012537956237792969,7164.478515797782,-3608.055682319651,42.128297096704955,8.547729191121789e-11,1.3112993645470927e-09
447,0.043262268097128895,4,ALDOC,9.760271514103954,20.578381529957323,-3585.03291081117,-5.835011438923976,0.16697918843030943,SE,3484,2.2095837486786735e-05,0.01019714077259608,0.006167173385620117,7202.68956697423,-3634.6808056307536,49.6478948195836,1.8396395518038844e-12,3.4208173483956534e-11
448,0.022515528314064556,4,RPL19,9.760271514103954,40.39757744832496,-3371.650523399783,-5.208622736883617,0.11391057532701636,SE,3484,1.6604652908473975e-05,0.026021992699726656,0.023202180862426758,6775.924792151456,-3390.545035213505,18.894511813721692,1.3814954263557944e-05,8.784827251909199e-05
449,0.17703436405423742,4,KRT19,9.760271514103954,4.325653450286805,-3344.716954534525,-1.8824748436498946,0.10605307335852421,SE,3484,7.786997395035774e-05,0.0035634353078999393,0.005163908004760742,6722.05765442094,-3542.8744055932657,198.15745105874066,0.0,0.0
450,0.04214043920812514,4,AQP4,9.760271514103954,21.15097431949076,-3352.754806106861,-2.1465080608880713,0.03819043998369296,SE,3484,1.902844965855862e-05,0.009213976647558582,0.006177186965942383,6738.133357565612,-3402.120087803315,49.365281696454076,2.1247448245276246e-12,3.834766728759751e-11
451,0.052063513826414665,4,CELF4,9.760271514103954,16.94233875509966,-3428.86745932908,-4.5848527030837225,0.11596654096549423,SE,3484,2.6831227328167498e-05,0.008854141982625413,0.006102323532104492,6890.358664010049,-3478.2758960161295,49.40843668704974,2.0784485244007556e-12,3.8071987896078974e-11
452,0.02990709312538276,4,SYT4,9.760271514103954,30.18330020669703,-3387.0903584127554,-5.391089059152854,0.1306006027018176,SE,3484,1.5638964396733826e-05,0.014313881161810427,0.022701025009155273,6806.804462177401,-3413.4608645812377,26.37050616848228,2.818109946511882e-07,2.4745638132750726e-06
453,0.031541889031812945,4,FKBP1A,9.760271514103954,28.570690623951563,-3674.9406839965295,-4.087776101680621,0.08463082678718004,SE,3484,2.1907704154973536e-05,0.018146231685182368,0.012090921401977539,7382.505113344949,-3706.489301025048,31.548617028518493,1.9450885568872422e-08,2.2309851756990462e-07
454,0.03192063020193367,4,PRNP,9.760271514103954,28.220656038455466,-3521.9730968674967,-7.1797158866867195,0.22558241727824854,SE,3484,2.5880102448373047e-05,0.020962913555978038,0.022821903228759766,7076.569939086883,-3544.293235508329,22.320138640832283,2.307737218987249e-06,1.7375600923774607e-05
455,0.06465606886057605,4,SNAP25,9.760271514103954,13.461381556160186,-2227.5307005007353,-8.87610856171897,0.36777490043176975,SE,3484,2.8435777467807037e-05,0.0063934928708260525,0.0045697689056396484,4487.68514635336,-2286.6001708504314,59.069470349696076,1.5210055437364645e-14,3.6601737683497815e-13
456,0.11585544384689357,4,CST3,9.760271514103954,7.101243897728084,-1609.4284187352691,-2.7001425350329042,0.054615913419161166,SE,3484,4.857972645832312e-05,0.004139820693181485,0.004518270492553711,3251.480582822428,-1741.935145768644,132.50672703337477,0.0,0.0
459,0.02192768513338422,4,PIN1,9.760271514103954,41.50551212004843,-3638.0204353684303,-5.692778535626811,0.13482894655776126,SE,3484,1.2173606280674216e-05,0.020066368875769187,0.02294015884399414,7308.66461608875,-3657.941822262579,19.92138689414878,8.06925782192991e-06,5.4115738001020266e-05
460,0.031941007121237326,4,MAST3,9.760271514103954,28.202058902748558,-3664.396540937879,-4.092603455627074,0.0850421940430629,SE,3484,2.30057948652308e-05,0.018612482086159645,0.02349853515625,7361.416827227647,-3688.636045795143,24.239504857264365,8.506936746144333e-07,6.735697716888476e-06
461,0.02273836671193554,4,YJEFN3,9.760271514103954,39.99255768418784,-3370.1721272984696,-2.666834773949254,0.037320515778740536,SE,3484,9.38679054769272e-06,0.01443669140518851,0.01388406753540039,6772.967999948829,-3398.401397692708,28.229270394238483,1.0776255998656836e-07,1.061500935877808e-06
463,0.06427095194422446,4,SCN1B,9.760271514103954,13.547619057483052,-3374.619436693829,-4.169172348449076,0.10701677108545139,SE,3484,2.506120680888758e-05,0.005693896874488651,0.004492044448852539,6781.8626187395475,-3446.699357816484,72.07992112265492,0.0,0.0
464,0.05711668889269892,4,COX7A1,9.760271514103954,15.361107307930366,-3619.079759303855,-5.11558135929886,0.14524137399159806,SE,3484,3.458511545400231e-05,0.009673866225807104,0.0061795711517333984,7270.7832639596,-3665.6959390682523,46.6161797643972,8.634426507114767e-12,1.4717772455309264e-10
465,0.027769364053116558,4,APOE,9.760271514103954,32.57849105487887,-3732.4840940860577,-3.6381583435231937,0.06782804419862251,SE,3484,1.3347790214366016e-05,0.014048145979653513,0.0216367244720459,7497.591933524005,-3758.0146634979255,25.530569411867873,4.3542902727899957e-07,3.736994194702158e-06
467,0.021185258212949837,4,CALM3,9.760271514103954,42.99266206764272,-3032.146276383828,-7.188279032375537,0.20335450254875323,SE,3484,1.3054943597762325e-05,0.022984142185931557,0.023112773895263672,6096.916298119546,-3050.553162991232,18.406886607403976,1.7841201633284065e-05,0.00011114731059037144
468,0.03996333766903001,4,SLC17A7,9.760271514103954,22.353918489479526,-3509.2603800966017,-7.42747861043869,0.25187614902758504,SE,3484,1.6583595580446415e-05,0.008851503647214385,0.006086587905883789,7051.144505545093,-3560.58498503631,51.32460493970848,7.829292769656604e-13,1.5497866919408234e-11
469,0.024572925676456827,4,PEG3,9.760271514103954,36.937333108164935,-3322.932036358213,-4.351386014945056,0.08433683399771075,SE,3484,1.2492408408088254e-05,0.016574565149160673,0.023381948471069336,6678.487818068315,-3345.548534343452,22.61649798523922,1.9777895610140206e-06,1.498325425010622e-05
470,0.02073921000263819,4,SEZ6L,9.760271514103954,43.937339254076264,-3032.0593204362876,-2.840318929350776,0.037925972533299816,SE,3484,9.834929204225662e-06,0.018035057620334662,0.014542102813720703,6096.742386224465,-3052.4517070442635,20.392386607975823,6.3080254439906724e-06,4.34925145525404e-05
471,0.031013331479696798,4,YWHAH,9.760271514103954,29.073477298676316,-3081.204928280281,-7.268206236119474,0.2260044034792672,SE,3484,1.926890794129147e-05,0.016473988254098588,0.013885259628295898,6195.033601912452,-3110.3129376458783,29.108009365597354,6.845340305705605e-08,7.242327125942451e-07
474,0.050817430098929445,4,S100B,9.760271514103954,17.380595539203217,-3811.18789000631,-2.9589113062606347,0.06751769574920456,SE,3484,2.0378718146898005e-05,0.007023955757840746,0.004328727722167969,7654.99952536451,-3879.786032712319,68.59814270600873,1.1102230246251565e-16,3.0966964529833917e-15
478,0.012549626848150412,4,GABRD,18.81291630535589,62.19864666697324,-3391.2830436396525,-3.575668666812061,0.02552714898095097,SE,3484,4.484142384071927e-05,0.21715801615826158,0.009778499603271484,6815.189832631195,-3398.051764939184,6.768721299531535,0.009276927908116517,0.024224086413843906
483,0.012288036466178315,4,CAMTA1,18.81291630535589,63.539573055718854,-3234.7267289946067,-3.6261586159125216,0.025313489050996046,SE,3484,8.551024005161547e-05,0.43146310982742747,0.008185625076293945,6502.077203341103,-3240.2131081538946,5.486379159287935,0.019165194554603526,0.0445471980866301
484,0.018324592845822395,4,PARK7,18.81291630535589,42.34772138450525,-3660.5382388612115,-5.128133784229592,0.05239786509181944,SE,3484,9.955157657606206e-05,0.23154034156937287,0.010175704956054688,7353.700223074313,-3668.847770153414,8.309531292202337,0.003943756718822744,0.011892051754323665
486,0.010458364894003744,4,KIF1B,18.81291630535589,74.79399849409855,-3348.880745949312,-4.115149297493864,0.029722397413941778,SE,3484,2.81786990938068e-05,0.1948093610907938,0.008898735046386719,6730.3852372505135,-3356.9431828249544,8.062436875642561,0.004519236015592787,0.0133969447102553
490,0.006788623121080737,4,PINK1,18.81291630535589,115.65288113666884,-3562.0713472990656,-5.573557343290207,0.04515100734329961,SE,3484,1.2705513931301055e-05,0.20533308729830682,0.00938558578491211,7156.766439950021,-3567.6911257237507,5.619778424685137,0.017758893912445783,0.04199423153232056
491,0.014424600401895327,4,RAP1GAP,18.81291630535589,54.011039215931625,-3060.562594399492,-3.480119589072718,0.024590669752773502,SE,3484,4.410424609672011e-05,0.1629215128932159,0.010876178741455078,6153.7489341508735,-3069.800366445417,9.237772045924885,0.002370732292494515,0.007697182767839336
493,0.02251794348330271,4,RPL11,18.81291630535589,34.314410215331826,-3556.549503174877,-4.974379636846896,0.05278807208574872,SE,3484,2.2293404798399033e-05,0.03492997350404658,0.0037708282470703125,7145.722751701644,-3596.4042291469577,39.854725972080814,2.7357149878781684e-10,3.9499628167224896e-09
495,0.015871366016001517,4,SH3BGRL3,18.81291630535589,49.015566978349895,-3507.507496501942,-4.74695477229338,0.04349204370980233,SE,3484,2.993183278226426e-05,0.0918731793520554,0.009308338165283203,7047.638738355774,-3521.0081198216044,13.500623319662282,0.00023848422331496089,0.0010528243998534901
497,0.012305968126484202,4,IFI6,18.81291630535589,63.44583440555882,-3127.738037739181,-2.9529000087312767,0.018423885570246202,SE,3484,2.6603075896403158e-05,0.1338513833333609,0.009211063385009766,6288.099820830252,-3140.315027256947,12.576989517765924,0.00039052529100924716,0.0016083256341137392
498,0.011472205466519886,4,ATP5IF1,18.81291630535589,68.11432199451143,-3640.3915461819024,-6.226745870346987,0.06363138655716029,SE,3484,2.393461927206521e-05,0.13809060918684868,0.010430097579956055,7313.406837715695,-3647.790586193122,7.399040011219768,0.006525869388454564,0.01828543726528365
499,0.010221158546734992,4,FABP3,18.81291630535589,76.5481167168496,-3545.5210196677863,-4.842010752944362,0.03947146788965556,SE,3484,2.822326025102219e-05,0.20407906518621333,0.008887290954589844,7123.665784687462,-3551.8848688530716,6.363849185285289,0.011646860776668433,0.02953279873873476
501,0.016055911281617607,4,PTP4A2,18.81291630535589,48.4431004342112,-2973.079993304922,-2.6757009207463156,0.01762734795153504,SE,3484,1.4011454225338828e-05,0.04205580554129339,0.011800050735473633,5978.783731961734,-2990.843147100239,17.763153795317066,2.5018172936985827e-05,0.00014832908855920453
502,0.012635487884409116,4,MARCKSL1,18.81291630535589,61.770621044954304,-3596.9327449613784,-3.1393896026510437,0.022067618179745587,SE,3484,1.552549875766395e-05,0.07419473133172984,0.009586095809936523,7226.4892352746465,-3611.4787416500485,14.54599668867013,0.0001367789682626963,0.0006687852486586021
503,0.006283864702961847,4,SFPQ,18.81291630535589,125.00632438788911,-3156.1294189342016,-2.7913070172982377,0.013033085853539877,SE,3484,1.319894469235922e-05,0.2484320695598705,0.008822441101074219,6344.882583220293,-3161.6331791999237,5.503760265722121,0.018975627154162567,0.04427427697566448
506,0.009632354726590969,4,HPCAL4,18.81291630535589,81.27564892136712,-3300.0499732825256,-2.579766799368824,0.014218319546776402,SE,3484,2.536006710126211e-05,0.2059784176873626,0.010845661163330078,6632.723691916941,-3305.604079372718,5.554106090192363,0.01843738586810728,0.0434312875971817
510,0.027299602438840453,4,PRDX1,18.81291630535589,28.165615131156837,-3622.8441057834225,-4.745806384269636,0.053478018878920765,SE,3484,0.00024692925086065967,0.26839527962656673,0.009206056594848633,7278.311956918735,-3637.2561530779385,14.412047294516015,0.00014685976987705018,0.0006932191934755867
511,0.015880146365603955,4,ELAVL4,18.81291630535589,48.98802852977711,-2992.3976100657947,-3.7605057169969816,0.028334191415021033,SE,3484,9.225280198708072e-05,0.28285916179807197,0.009861230850219727,6017.418965483479,-2999.7140322174537,7.316422151659026,0.0068327306235376195,0.018962080515943808
512,0.0246542253541771,4,RNF11,18.81291630535589,31.272580217467628,-3634.445996045849,-5.728127897045674,0.06822830945724163,SE,3484,8.970374560628379e-05,0.11827175122404368,0.008722305297851562,7301.515737443588,-3646.2520130140806,11.806016968231688,0.0005903960338781156,0.0022786229400395775
513,0.019741322210906787,4,ZYG11B,18.81291630535589,39.2519221060566,-2883.300835791759,-3.1018686427208753,0.02295644421869868,SE,3484,4.8556991352409635e-05,0.09787258775042121,0.01042628288269043,5799.225416935407,-2897.338837066726,14.038001274966973,0.00017915325403061733,0.0008173602329886227
516,0.03312703633837743,4,PRKACB,18.81291630535589,23.071896880469357,-3599.391801467569,-5.600474802283444,0.07243662551949542,SE,3484,0.0001802577699044075,0.13622896140927662,0.008356809616088867,7231.407348287028,-3609.8150485139595,10.423247046390316,0.0012443891429043674,0.00440551723974813
519,0.008695939419930533,4,BTBD8,18.81291630535589,90.11287571031113,-3001.323216912413,-2.876874769729507,0.015162902898111638,SE,3484,1.3940941976422764e-05,0.13839350285196061,0.01286625862121582,6035.270179176716,-3010.9891630245506,9.66594611213759,0.0018771506522236026,0.006310326724097164
520,0.021721053038121753,4,RPL5,18.81291630535589,35.6023201357756,-3654.0192663774424,-5.534274883792176,0.062281049238792685,SE,3484,2.715170376076687e-05,0.045572699618568566,0.004419088363647461,7340.6622781067745,-3683.346773162619,29.32750678517641,6.112188166707e-08,6.522888557355297e-07
521,0.021916252889480667,4,SORT1,18.81291630535589,35.27818301267254,-3299.4229431149042,-3.5098351103657897,0.030666847529355196,SE,3484,6.990675359645288e-05,0.1153457003981612,0.0128631591796875,6631.469631581698,-3308.881988974462,9.459045859557591,0.002101103364302581,0.006931792624165409
525,0.05713740202059003,4,ATP1A1,18.81291630535589,13.04440842815034,-3572.180932566709,-6.735318163069783,0.11461862728539932,SE,3484,0.00036787736650153535,0.10283345246014561,0.009986162185668945,7176.985610485308,-3579.081475458942,6.9005428922328065,0.008616957888416321,0.022890384001105935
528,0.021509954746582804,4,S100A13,18.81291630535589,35.959478491932984,-3374.6333297076235,-2.445326624293823,0.02076096715785866,SE,3484,5.931247469371449e-05,0.10142915239792817,0.009942054748535156,6781.890404767137,-3394.166526039652,19.533196332028638,9.886656429092255e-06,6.488568876652672e-05
529,0.01067537580310662,4,S100A1,18.81291630535589,73.25750377016439,-3373.492079517252,-2.484403911795246,0.014435635005569505,SE,3484,1.167806919890102e-05,0.07755500430490822,0.009984970092773438,6779.607904386394,-3385.5938942992148,12.10181478196273,0.0005037277205216517,0.0020071795239203953
530,0.03168424773957372,4,RPS27,18.81291630535589,24.15850560317304,-3300.2772525188348,-4.693169460295096,0.05272439161638706,SE,3484,8.337014296103831e-05,0.06847596810219227,0.0038416385650634766,6633.178250389559,-3325.7541937706796,25.47694125184489,4.4770186191644967e-07,3.815640868606106e-06
537,0.06381871766652661,4,PEA15,18.81291630535589,11.596003825319004,-3689.760499770028,-4.5195241941889455,0.0778765505753313,SE,3484,9.398837513836561e-05,0.021619524148336143,0.0037970542907714844,7412.144744891946,-3743.633841513572,53.87334174354373,2.1382895454280515e-13,4.447905834095331e-12
540,0.03586966128085002,4,RGS4,18.81291630535589,21.247358383183084,-3664.8463167031723,-6.344104355541544,0.09040561138141061,SE,3484,0.00011119748892363034,0.07247249661398429,0.01093602180480957,7362.316378758234,-3679.3171013984365,14.470784695264229,0.0001423503128168413,0.0006824322524955106
541,0.06782747878110193,4,ATP1B1,18.81291630535589,10.863933337997214,-3419.291885484665,-7.973900760370067,0.1519380053941527,SE,3484,0.0002991150661250989,0.061872959911125916,0.004963874816894531,6871.207516321219,-3434.5597740519815,15.267888567316731,9.328901263216949e-05,0.000477046087323594
542,0.06053274760388677,4,KIFAP3,18.81291630535589,12.268394391365003,-3213.5653052243224,-4.2736465729769195,0.06224156660536185,SE,3484,0.00020920783449056328,0.052804267278029976,0.004511117935180664,6459.7543558005345,-3232.964807394882,19.399502170559572,1.06034696814028e-05,6.921994231089837e-05
544,0.03178042155710217,4,CACYBP,18.81291630535589,24.08300502612771,-3410.2134690457124,-4.764906157611303,0.05496162943073823,SE,3484,0.00020151004776521568,0.16457366381486985,0.009390592575073242,6853.0506834433145,-3420.4134853300293,10.200016284316916,0.0014043941359880296,0.00484150174561757
546,0.015782005253897134,4,CSRP1,18.81291630535589,49.29757849411971,-3513.3554089390955,-3.2491168327120334,0.025064145551646766,SE,3484,2.0409106682564367e-05,0.06333219405235126,0.008249759674072266,7059.334563230081,-3534.298471017314,20.943062078218645,4.731382480138713e-06,3.337182000097839e-05
549,0.011620542301039153,4,NENF,18.81291630535589,67.23474843815241,-3475.2414290564493,-4.045489821202238,0.030357877478610535,SE,3484,1.2694815172996019e-05,0.0714283196774318,0.008217096328735352,6983.106603464788,-3490.0194384970523,14.778009440603,0.00012093763029463744,0.0006009046775773302
553,0.016930618187686285,4,KCNK1,18.81291630535589,45.899486182901875,-2976.167656654253,-3.3199344891020597,0.024069726470301176,SE,3484,9.977644750305118e-05,0.2703035538344893,0.01063394546508789,5984.959058660395,-2982.011330270468,5.843673616215256,0.015633153542763067,0.03806774401646852
558,0.007580843857603696,4,RPS7,18.81291630535589,103.48420241082026,-3498.9037225389475,-5.60893584829438,0.046930393817469086,SE,3484,1.2410986345481624e-05,0.16137096146298724,0.00996541976928711,7030.431190429785,-3505.723400426764,6.819677887816397,0.009015882817674625,0.02379558514928787
559,0.01649856282679871,4,ID2,18.81291630535589,47.122177807111996,-3010.9985687503968,-2.8645183734460353,0.019618032738687608,SE,3484,3.659956053115358e-05,0.1042279644694468,0.008947372436523438,6054.620882852683,-3024.213102408523,13.214533658126129,0.00027778660803079447,0.0011920277204118645
560,0.014256233527354757,4,YWHAQ,18.81291630535589,54.65824818622656,-3559.7754031921622,-5.03353584136098,0.046536286547680675,SE,3484,4.103423544807179e-05,0.1550750875931513,0.009331226348876953,7152.174551736214,-3567.4048263055465,7.629423113384291,0.0057423666973909215,0.01650920639238186
562,0.0059107325407082864,4,MRPL33,18.81291630535589,132.94761374493493,-3404.5873915250986,-3.4565065584658945,0.01849275719790854,SE,3484,1.0333848407903531e-05,0.21949772667833634,0.00937795639038086,6841.798528402087,-3410.3024715059023,5.715079980803694,0.016819798291317967,0.040317343205396414
564,0.014168030016748009,4,YPEL5,18.81291630535589,55.00344602779725,-3128.5720323717824,-3.582173713582147,0.02576376778438342,SE,3484,4.697060823503541e-05,0.1796615675289297,0.011017560958862305,6289.7678100954545,-3136.274751773277,7.702719401494505,0.005513769298784665,0.015922114552640212
570,0.017075293945113562,4,RPS27A,18.81291630535589,45.50389078561183,-2885.8086513752287,-5.6149583151361755,0.05560246001982209,SE,3484,3.533344400182127e-05,0.09416213127900006,0.007868766784667969,5804.241048102347,-2902.77960291725,16.97095154202134,3.795611943380184e-05,0.00021869723105263548
571,0.009313015518058873,4,MDH1,18.81291630535589,84.08966075798148,-3400.079239146099,-7.521655941399241,0.08476411669631125,SE,3484,2.4400631904944847e-05,0.21173081248113967,0.010005474090576172,6832.782223644088,-3407.3370077782865,7.257768632187435,0.007059495073170496,0.019339370668994226
572,0.02568184549596316,4,UGP2,18.81291630535589,29.989625028934043,-3298.042287321853,-4.066700111708606,0.0398297868009959,SE,3484,5.406532743737988e-05,0.06596779439911746,0.009350061416625977,6628.708319995596,-3317.3801239504683,19.33783662861515,1.09514612492978e-05,7.111338473570001e-05
581,0.011029445462861404,4,COX5B,18.81291630535589,70.88039894602652,-3139.813789124718,-6.494383573602983,0.0662907348011469,SE,3484,2.3385106418437194e-05,0.1457038608463871,0.008389472961425781,6312.251323601326,-3147.7970034842638,7.983214359545855,0.004721303933851839,0.013962235072727237
583,0.01974815265360411,4,CREG2,18.81291630535589,39.23807233452295,-3481.940928805411,-4.482099985902871,0.042685655283819644,SE,3484,5.6380850049267276e-05,0.11356710580830869,0.007159233093261719,6996.505602962712,-3490.007802384005,8.066873578593913,0.004508183528941556,0.013396539212130975
584,0.021208963688143307,4,SMIM37,18.81291630535589,36.481022690207986,-3399.060283272125,-4.093880800162792,0.03793488738572665,SE,3484,7.700428599786863e-05,0.13528162300134725,0.009938240051269531,6830.74431189614,-3409.847262325955,10.786979053829782,0.001022165616091586,0.0037559161179195463
589,0.018621284641263783,4,PLEKHB2,18.81291630535589,41.66040288405609,-3365.2570629162565,-4.2198312300828675,0.03756738445096599,SE,3484,0.00023795664029328874,0.5366024596929391,0.010597467422485352,6763.137871184403,-3370.9902952992334,5.733232382976894,0.016646814321453207,0.03998078515204027
591,0.028032354630828205,4,KIF5C,18.81291630535589,27.40871654361658,-3573.6803029639805,-4.554080557796487,0.050630989500649204,SE,3484,8.496716711362413e-05,0.08784884165189834,0.010492563247680664,7179.984351279851,-3585.7949803772044,12.114677413223944,0.0005002649164427275,0.001999874554923548
592,0.008157571301101363,4,SCN2A,18.81291630535589,96.11214586976226,-3225.7432022492203,-3.9235921927950725,0.025074280002057102,SE,3484,2.3717361736573946e-05,0.26695297136937624,0.010407447814941406,6484.11014985033,-3231.440228218533,5.697025969312563,0.016993684183386093,0.040575652011976
593,0.010189951762874946,4,RAPGEF4,18.81291630535589,76.78496662989043,-2875.7137779391287,-2.9876701811989697,0.016756309024351806,SE,3484,1.833323826653474e-05,0.13336152080009506,0.0092620849609375,5784.051301230147,-2885.2481561261684,9.534378187039692,0.00201658483401157,0.0066889177540924325
595,0.025804010356319598,4,CHN1,18.81291630535589,29.843901615316675,-3003.4706088112653,-8.127000041430174,0.11870966284891529,SE,3484,6.80323669089754e-05,0.08226632281242724,0.010602474212646484,6039.56496297442,-3017.8415685313303,14.370959720065002,0.00015009944167521105,0.0007057967476890803
596,0.0301349175457111,4,ATP5MC3,18.81291630535589,25.441211367606712,-3637.0352852264905,-5.982121077080367,0.07780719227757099,SE,3484,0.00014581223494503293,0.13156840841550316,0.010488271713256836,7306.694315804871,-3648.195104946776,11.159819720285668,0.0008358804536793274,0.003146789214911021
599,0.015552078260798878,4,FAM171B,18.81291630535589,50.038096823775405,-2949.3202946356378,-2.52149259217321,0.016054417443575296,SE,3484,4.0531217872701355e-05,0.12939817197110187,0.011032819747924805,5931.264334623165,-2955.48355730985,6.163262674212092,0.013043040929573535,0.03220798473554833
600,0.039940357438905574,4,GLS,18.81291630535589,19.001274693402454,-3338.454326250966,-4.615013061161863,0.0571140630677553,SE,3484,0.0003191208764902263,0.17051132936083466,0.010505199432373047,6709.532397853822,-3347.745181540853,9.290855289887077,0.0023030060956935605,0.007537110858633472
604,0.004736494479346391,4,EEF1B2,18.81291630535589,166.10301433655283,-3617.3127489610024,-4.387724299693723,0.02633135668555128,SE,3484,6.38722678990383e-06,0.21024887795431257,0.011139869689941406,7267.2492432738945,-3623.0232423996686,5.7104934386661625,0.016863798599045077,0.040344015787189186
606,0.005054856444794203,4,ARPC2,18.81291630535589,155.5918267898572,-3222.8643866842094,-3.2977085548293523,0.01589285312486924,SE,3484,7.115242804921621e-06,0.2059117948619505,0.009444713592529297,6478.352518720309,-3228.1243199830938,5.259933298884334,0.02182185509716028,0.04959512522081883
610,0.03278987282619659,4,SCG2,18.81291630535589,23.317263072254814,-3384.583000145002,-3.7805252269561405,0.04129369822855611,SE,3484,0.0001745603366072838,0.1344673073397685,0.008394956588745117,6801.789745641894,-3395.2651050248887,10.682104879886538,0.0010817690127153945,0.003963061511983128
611,0.026973133777772728,4,SERPINE2,18.81291630535589,28.516084639183052,-3274.425666240957,-2.085985104139672,0.020467417529192913,SE,3484,3.567407439290879e-05,0.0396670807141263,0.0038721561431884766,6581.475077833804,-3312.0071090667325,37.58144282577541,8.7674645321556e-10,1.2089966413084844e-08
613,0.010249708021692646,4,SNORC,18.81291630535589,76.33269822729902,-3113.02770575302,-1.5226521304068419,0.007884825620095433,SE,3484,2.7771354187064564e-05,0.19971778692787445,0.008182525634765625,6258.67915685793,-3119.285407664117,6.257701911096774,0.01236545051370641,0.030907902598599626
616,0.010104845494194326,4,COPS9,18.81291630535589,77.43833215364883,-3549.6493731418777,-5.610208834780172,0.050853605936320455,SE,3484,1.6797410276898113e-05,0.12421272648566628,0.009171485900878906,7131.922491635645,-3561.0919167323395,11.44254359046181,0.0007178146253723483,0.0027529822279905407
623,0.018583461037794267,4,RPL32,18.81291630535589,41.74680475194612,-2707.0376144084157,-4.81319093545936,0.04292457955041302,SE,3484,7.442450129695907e-05,0.16848827119466322,0.008193254470825195,5446.698974168721,-2717.9690852042922,10.931470795876521,0.0009454440976854883,0.003494933000754133
624,0.03528568708347444,4,IQSEC1,18.81291630535589,21.612082325954024,-3278.0198716601417,-3.9298898903779795,0.043671289254474416,SE,3484,0.0002728302941025037,0.18331961376792572,0.009879350662231445,6588.663488672173,-3286.532282702102,8.51241104196015,0.003527323977378649,0.010987280501756291
627,0.007198710659337396,4,RPSA,18.81291630535589,109.01947444174559,-3651.519245865915,-5.149486360181282,0.039995910279853615,SE,3484,7.248231484963576e-06,0.10434942094378737,0.010075807571411133,7335.662237083719,-3659.395806745413,7.876560879498356,0.005007962717560432,0.01466858248797263
629,0.012130654911465913,4,RPL14,18.81291630535589,64.37418301189625,-3518.8524235581326,-5.60097895981862,0.053120672422675985,SE,3484,2.502703712737778e-05,0.12949413504379464,0.007281064987182617,7070.328592468155,-3533.473416445693,14.620992887560533,0.00013144215326277298,0.0006478528912184869
633,0.00749233966953893,4,RHOA,18.81291630535589,104.71596010053673,-3443.464180598914,-3.5743643757152794,0.021331777781691093,SE,3484,1.0159066462154428e-05,0.1351804985159481,0.011175870895385742,6919.552106549718,-3450.254218981765,6.79003838285098,0.009166793750793545,0.024038794801032028
634,0.024394042466390924,4,BSN,18.81291630535589,31.61455970915282,-3382.3548427534206,-4.059845384333511,0.0395275852199964,SE,3484,0.00022142890736418855,0.2978933116597123,0.008773326873779297,6797.333430858731,-3388.1490458058634,5.794203052442754,0.016079101830986042,0.03884536054372076
637,0.008032296332326085,4,RPL29,18.81291630535589,97.62347889346476,-3528.6808293343192,-4.817494191676516,0.03640828790787387,SE,3484,1.6079424216980333e-05,0.18657618878015472,0.011211633682250977,7089.985404020528,-3534.9297273205366,6.248897986217344,0.012427059692879272,0.030935885276391337
640,0.012971473760021486,4,CADPS,18.81291630535589,60.150169111946546,-2996.2596381993817,-3.669247167654802,0.025482175521766265,SE,3484,3.7011082104025485e-05,0.16806023802758907,0.008781909942626953,6025.143021750653,-3002.851418964758,6.59178076537637,0.010245064143803218,0.026509085693405543
641,0.01651240145246025,4,CADM2,18.81291630535589,47.0820234129502,-3312.3497342529035,-4.5883976258282,0.04077862460089027,SE,3484,5.181045657592155e-05,0.14730659310480973,0.008260011672973633,6657.323213857697,-3321.936976476452,9.587242223548401,0.0019593401472568495,0.006534360668964297
642,0.06526601006719096,4,CLDND1,18.81291630535589,11.321329785933445,-3053.228906420488,-3.2555169338000836,0.04838800230172994,SE,3484,0.00011444059718758662,0.025312435795756715,0.0044291019439697266,6139.0815581928655,-3140.5934374953486,87.36453107486068,0.0,0.0
645,0.03568531301786246,4,TAGLN3,18.81291630535589,21.361204634087002,-3579.5499909562104,-7.109030178908723,0.10657966294260009,SE,3484,0.00025628178201615633,0.16863580923279928,0.007807254791259766,7191.723727264311,-3592.1101448128684,12.560153856657962,0.0003940593038540552,0.001617452296147688
646,0.04858849440984144,4,ATP6V1A,18.81291630535589,15.47859107352359,-3458.4952672538057,-5.576976352845515,0.08137641790922918,SE,3484,0.0003304110283048325,0.123475066975098,0.003835439682006836,6949.614279859501,-3472.0806951403656,13.585427886559955,0.00022794815242477284,0.0010210020098654394
653,0.010516455528766436,4,SEC62,18.81291630535589,74.3764860620556,-3532.688480655307,-4.286659189972259,0.032448821621680134,SE,3484,2.8083049404443798e-05,0.19205516724779373,0.00943446159362793,7098.000706662504,-3539.707488156475,7.019007501167835,0.00806489218855877,0.021563882857109015
654,0.0162569853464702,4,NDUFB5,18.81291630535589,47.834156157174085,-3254.4014096087003,-3.8974587800937206,0.031278870411451096,SE,3484,9.181324777087601e-05,0.2690270548057897,0.01073908805847168,6541.42656456929,-3260.889966268933,6.488556660232916,0.010857109276391053,0.02775965439986349
658,0.0810752735194404,4,EIF4A2,18.81291630535589,8.959586875399385,-3394.551050393579,-7.508603593753063,0.14791627200027396,SE,3484,0.0003238607111462921,0.049361144414508465,0.004368305206298828,6821.7258461390475,-3414.271011773548,19.719961379968936,8.965992741472029e-06,5.947955872721003e-05
659,0.0122612583823347,4,FGF12,18.81291630535589,63.680067267064224,-3081.7251956927075,-3.3083264793558347,0.021543151925579807,SE,3484,2.0278517549122324e-05,0.10275637380434924,0.009934186935424805,6196.074136737305,-3094.6393611424555,12.914165449747998,0.0003261047677438622,0.001371742946048007
660,0.012327389934080581,4,RPL35A,18.81291630535589,63.334208327941575,-3450.8297360073484,-5.808416160891152,0.056585970528989074,SE,3484,5.208507372317776e-05,0.2611751736145013,0.010383367538452148,6934.2832173665865,-3460.5953846481098,9.765648640761356,0.001778027734851917,0.005994848756368852
661,0.01067566022377385,4,ATP5ME,18.81291630535589,73.25553098539979,-3262.7755295748293,-6.668499691285727,0.0694650992265552,SE,3484,1.4265360758928888e-05,0.09473248049402058,0.010024070739746094,6558.174804501548,-3270.3936217809796,7.6180922061503225,0.005778558734632289,0.01653006669016839
662,0.00908971620575426,4,C4orf48,18.81291630535589,86.17483909577173,-3641.8598244916384,-5.830034237507621,0.05325374895335802,SE,3484,1.2487807005288574e-05,0.11364456090104641,0.008455753326416016,7316.3433943351665,-3654.2874825124454,12.42765802080703,0.0004230220427577924,0.0017134106142304827
665,0.011775583067495024,4,NSG1,18.81291630535589,66.33910827574445,-2959.5826779991867,-2.968943281859152,0.017747713684514544,SE,3484,4.0335939309188474e-05,0.2211574196074946,0.011016845703125,5951.789101350263,-2965.9257942123722,6.343116213185567,0.011783768253301408,0.029818345158307225
669,0.012672026315189645,4,RPL9,18.81291630535589,61.590232780713265,-3283.1719071121543,-5.378385421379509,0.04921004768872918,SE,3484,2.6014628590282007e-05,0.12362386787707197,0.01052236557006836,6598.967559576198,-3295.3715476234956,12.199640511341386,0.0004779872589091294,0.001917061198833407
670,0.012752646355720754,4,OCIAD1,18.81291630535589,61.19587256152615,-3567.052167973183,-5.009780427391568,0.04470405366305391,SE,3484,4.5085503099829415e-05,0.2116202256086132,0.011637449264526367,7166.728081298255,-3572.8987853002855,5.846617327102649,0.015607022881401589,0.03806774401646852
671,0.04423507805228749,4,G3BP2,18.81291630535589,17.079720482460733,-3494.843515425504,-5.400632400792764,0.075538840453464,SE,3484,0.0001922106789081733,0.0851755871393468,0.009409427642822266,7022.310776202898,-3503.1758549187907,8.332339493286781,0.0038945471134415044,0.01185303228657478
672,0.04668173446722216,4,CCNI,18.81291630535589,16.143117204750155,-3618.5857679101,-5.3262638539614064,0.07782857436153429,SE,3484,0.0001860715082428862,0.07476312009939609,0.00487828254699707,7269.79528117209,-3634.7950573329017,16.209289422801703,5.6715320840727834e-05,0.0003052858179225781
673,0.01664871168336023,4,HNRNPDL,18.81291630535589,46.69007035956281,-3473.8335493437608,-4.02199637795751,0.03415452263551387,SE,3484,5.0713676277926536e-05,0.1419160899090877,0.009379863739013672,6980.290844039411,-3485.658269154565,11.824719810804254,0.0005844950926620074,0.0022775737282257854
674,0.01419670767435294,4,SCD5,18.81291630535589,54.890741065829694,-3603.7931775145107,-5.27301009120448,0.05041849976684219,SE,3484,1.978946184657778e-05,0.0753976489184992,0.008189201354980469,7240.210100380911,-3619.6896580884886,15.896480573977897,6.690301071188287e-05,0.00035088991632106406
675,0.007644479332703799,4,MRPS18C,18.81291630535589,102.61618127896297,-2870.4570485130025,-2.881990011838515,0.0142516478306058,SE,3484,1.3466512448186574e-05,0.17223755205685032,0.008817672729492188,5773.537842377895,-2876.0028391730098,5.545790660007242,0.0185251859244705,0.04355451236160777
677,0.078840703219504,4,NAP1L5,18.81291630535589,9.235931855615616,-3173.884308397517,-4.033601101433195,0.0681973279758194,SE,3484,0.0007323837959708326,0.1170285850926395,0.003862142562866211,6380.392362146924,-3184.287878141029,10.40356974351198,0.0012577193967731048,0.004431234131038068
683,0.04198585925347654,4,SCOC,18.81291630535589,18.037043124809127,-3364.9955851935947,-4.479587065703855,0.05661316813740654,SE,3484,0.00015603844177885888,0.07606751040526988,0.009541511535644531,6762.614915739079,-3381.064101652175,16.068516458580234,6.10913061875884e-05,0.00032317109464437445
684,0.008925972539560883,4,RPS3A,18.81291630535589,87.77018590883696,-3319.2601977185814,-5.865780342170517,0.052674947298310355,SE,3484,1.1289771530067986e-05,0.10647396475105406,0.008281230926513672,6671.1441407890525,-3331.6925753499886,12.432377631407235,0.00042195437432834826,0.0017134106142304827
685,0.025372269303006796,4,FBXW7,18.81291630535589,30.365184296652174,-3453.1563779523103,-5.0784730267798155,0.05589008695743094,SE,3484,0.0001851489325351003,0.2311651562368143,0.008254051208496094,6938.93650125651,-3459.250348367546,6.093970415235617,0.013564393995367574,0.0334281341616397
686,0.019847510970498777,4,TRIM2,18.81291630535589,39.037685968527285,-3482.907431089694,-4.6330109792476675,0.04494367311546528,SE,3484,6.221008613424534e-05,0.12410772178893124,0.010185718536376953,6998.438607531278,-3493.511827711328,10.604396621633896,0.0011281906797938612,0.004072346036689072
687,0.11842755997332186,4,GUCY1B1,18.81291630535589,5.88439330933654,-3155.608874612067,-4.062791344709903,0.09084898739212839,SE,3484,0.0004520787664303162,0.037227931206558484,0.00439906120300293,6343.841494576024,-3172.420377417524,16.811502805456712,4.12823090631953e-05,0.00023467062315344047
688,0.021913567694234873,4,GRIA2,18.81291630535589,35.28260271425121,-3493.557561763633,-4.372701963017854,0.042846160098344827,SE,3484,2.903169500585317e-05,0.047913328696014675,0.004425764083862305,7019.738868879156,-3524.8180733619115,31.2605115982783,2.256225162255987e-08,2.4945978452461777e-07
689,0.009132733058908122,4,MSMO1,18.81291630535589,85.76521639311974,-3033.2098712689194,-3.2676076763352118,0.01889829901444823,SE,3484,2.518190061526976e-05,0.22705301190531008,0.011156797409057617,6099.043487889729,-3039.627956192782,6.418084923862807,0.011296391525195126,0.028762973517565866
690,0.01893584441439707,4,CPE,18.81291630535589,40.95521419566887,-3444.305948788594,-6.578188784362403,0.07829047586510965,SE,3484,1.8802684302854694e-05,0.04105660892416435,0.009536504745483398,6921.235642929078,-3470.7160957986384,26.41014701004451,2.7608630925879396e-07,2.455313027005085e-06
692,0.05529253783075242,4,UBE2QL1,18.81291630535589,13.506016992011523,-3193.8527142544763,-4.365977838341183,0.06036418797159512,SE,3484,0.00011667223470148665,0.03457389255077744,0.004357576370239258,6420.329173860842,-3236.2673317472468,42.4146174927705,7.383615940881327e-11,1.147051958594913e-09
695,0.022325629928152946,4,SUB1,18.81291630535589,34.616804737529115,-3703.25719678359,-5.345479386759751,0.05991550258259477,SE,3484,8.651025298679863e-05,0.13778416294174453,0.009461164474487305,7439.13813891907,-3712.4893721325207,9.232175348930468,0.002377989593693397,0.00770037407408512
696,0.009514086309529756,4,SLC1A3,18.81291630535589,82.29580283294938,-3882.7873826266323,-3.522615781689856,0.02416354818974971,SE,3484,1.7372632819688184e-05,0.14456250872830337,0.010649919509887695,7798.198510605154,-3889.9478319062155,7.16044927958319,0.007452852693362266,0.020191352871842386
697,0.01573724862561214,4,RPL37,18.81291630535589,49.4400286214398,-3098.9409575337404,-5.139230968702027,0.0474827752306827,SE,3484,3.683167261805816e-05,0.11492354682720991,0.008935928344726562,6230.5056604193705,-3113.875102919632,14.934145385891497,0.00011132966801907784,0.0005554140865696789
698,0.0380262435940922,4,HMGCS1,18.81291630535589,19.99752590161386,-3334.0762090668522,-4.46389113805574,0.053527735796243175,SE,3484,0.0001584820918403715,0.09270545907119289,0.009738683700561523,6700.776163485594,-3343.7109155500702,9.634706483217997,0.0019093471531417272,0.006384985525740234
700,0.0231764787643823,4,RAB3C,18.81291630535589,33.3169413732036,-3159.624795793882,-3.9603562860360344,0.03597259477517097,SE,3484,0.00018506316978403586,0.27445340208566427,0.00971364974975586,6351.873336939654,-3168.077185713291,8.452389919408688,0.003645640596544153,0.011241696677328935
701,0.09378727694808985,4,MAP1B,18.81291630535589,7.638053541976025,-3245.077285663827,-7.798108042432238,0.16076554832883003,SE,3484,0.00018770117691935975,0.02244861354363482,0.003832578659057617,6522.778316679543,-3319.6903974166507,74.6131117528239,0.0,0.0
702,0.011229044969833221,4,RPS23,18.81291630535589,69.606428259404,-3406.415569715781,-5.008592759074496,0.042483758418158164,SE,3484,1.4158512948794365e-05,0.08517817427051604,0.00834512710571289,6845.454884783452,-3419.7522833482794,13.336713632498231,0.00026026005802037844,0.0011246833493198174
703,0.01921239358346035,4,MEF2C,18.81291630535589,40.35431354255052,-3630.7489208176257,-5.2468558514479176,0.05494266165899686,SE,3484,0.00011892907143860728,0.2525506461673415,0.009348869323730469,7294.121586987141,-3637.8227480578144,7.073827240188621,0.007821799983875999,0.02109776219427093
704,0.04974173894662893,4,NREP,18.81291630535589,15.101398207903081,-2989.729190760344,-3.274043393077024,0.04001719127151621,SE,3484,0.0002706220347733467,0.09693931629567606,0.00882577896118164,6012.082126872578,-3000.150613148019,10.421422387675193,0.0012456192077124895,0.00440551723974813
706,0.034722036114734255,4,HINT1,18.81291630535589,21.97574854770949,-3249.3747579888895,-7.053638409273346,0.10087642231318797,SE,3484,0.00037336686525858275,0.25849641804446144,0.0076711177825927734,6531.373261329669,-3257.154033738967,7.779275750077431,0.005284898051285736,0.015297196331980584
708,0.017953662804982302,4,SEPT8,18.81291630535589,43.238974536844324,-3196.214862631424,-3.7327362622285905,0.03017754762677,SE,3484,5.020240128476486e-05,0.12145253091991548,0.009842395782470703,6425.053470614737,-3208.037805038097,11.822942406673064,0.0005850533119732271,0.0022775737282257854
709,0.021892774124591216,4,UQCRQ,18.81291630535589,35.31686462938039,-3448.2680165110187,-6.211298078175948,0.07367459005307199,SE,3484,3.43594568119783e-05,0.05680911589529383,0.010161638259887695,6929.159778373927,-3464.2180797256924,15.950063214673719,6.503560691217825e-05,0.00034255977109418903
711,0.02862142728087353,4,CXCL14,18.81291630535589,26.828333837308776,-3087.793859746397,-1.005409213355596,0.01439427996765957,SE,3484,4.444366722639594e-05,0.04418419970182993,0.0038194656372070312,6208.211464844684,-3121.281529520714,33.4876697743166,7.171720772802814e-09,8.714512190174437e-08
715,0.01469188653103698,4,RPS14,18.81291630535589,53.01404753431788,-3238.2507479931364,-5.216817221287577,0.04838439642867646,SE,3484,3.3716513823399255e-05,0.1201904065347203,0.007157087326049805,6509.125241338163,-3253.3920563771844,15.141308384047989,9.975648610194288e-05,0.0005060461490474359
716,0.023377830942060925,4,ANXA6,18.81291630535589,33.023175641395575,-3552.698837047664,-5.3777314364924775,0.06018095493638749,SE,3484,0.00016604874738422742,0.2422292134690839,0.007778644561767578,7138.021419447217,-3565.158932860001,12.460095812337386,0.00041573861915877863,0.0016950985679986446
718,0.015549018702107011,4,LARP1,18.81291630535589,50.048098293841726,-3018.9129800960845,-3.436025879098786,0.024654121819322763,SE,3484,6.157457299836405e-05,0.19665515721239737,0.008683919906616211,6070.449705544059,-3026.4208493631095,7.507869267024944,0.006142999988566933,0.017451704512974245
719,0.03847010954208534,4,GABRG2,18.81291630535589,19.757674948052397,-3115.4070530753397,-4.1167536135824765,0.046387600007977876,SE,3484,0.00019132376661591216,0.10954354121585717,0.009898185729980469,6263.437851502569,-3125.423896545037,10.016843469697505,0.001551150801912482,0.005288014097428917
720,0.021524835922202386,4,NPM1,18.81291630535589,35.934071434729844,-3177.870625701712,-3.5780812107626963,0.030473856972855578,SE,3484,0.00010189755967229708,0.17402280871610432,0.009265661239624023,6388.364996755314,-3185.1839264961004,7.313300794388397,0.006844608766977345,0.018962080515943808
721,0.018255372454086566,4,NSG2,18.81291630535589,42.51129207634353,-3548.821291209021,-4.280407113250609,0.03915788512105539,SE,3484,4.815138821995728e-05,0.11281105355520184,0.0076749324798583984,7130.266327769932,-3563.333547561938,14.512256352916665,0.00013925061220476653,0.0006741446043448419
722,0.014828721001047668,4,CPLX2,18.81291630535589,52.51755728411887,-3751.601417272308,-3.609919836516578,0.02936509582448828,SE,3484,5.4921899883657457e-05,0.19229341105096764,0.0065534114837646484,7535.826579896506,-3759.677326404116,8.075909131807748,0.004485759650753485,0.013394770025474907
724,0.019550106497190193,4,SNCB,18.81291630535589,39.64356899769909,-3520.989251552088,-6.530449677462224,0.07839407592158658,SE,3484,8.642128015007513e-05,0.17747821035951553,0.008234977722167969,7074.602248456065,-3536.266791670859,15.277540118771412,9.281354409684806e-05,0.0004766005497555911
728,0.00977978359157885,4,MAPK9,18.81291630535589,80.03851339318226,-3232.0849525389967,-3.882194228645295,0.02611899605367197,SE,3484,2.9328094223540782e-05,0.2312202666371751,0.008448362350463867,6496.793650429883,-3237.8220700160387,5.73711747704192,0.01661003015191942,0.03997066079338898
734,0.01205235678128886,4,RPS10,18.81291630535589,64.79752528061259,-3686.670723529828,-5.182565880788381,0.04706074659389322,SE,3484,1.5645525696556876e-05,0.08198140533136515,0.009956598281860352,7405.965192411546,-3699.2218984446054,12.55117491477722,0.0003959572676640599,0.0016198251858984272
737,0.05083975015331008,4,MTCH1,18.81291630535589,14.758173241737284,-3575.751050645853,-6.875212670074025,0.11318311325450106,SE,3484,0.0005326817826383414,0.18345507518925924,0.009151458740234375,7184.125846643596,-3585.911394591619,10.160343945765817,0.0014349384824304812,0.004930698667608695
739,0.0302559172674144,4,HSP90AB1,18.81291630535589,25.336305323710647,-3110.230013270596,-7.119602266759152,0.0978454384937171,SE,3484,0.00018239965356196296,0.16334782497269504,0.00864100456237793,6253.083771893082,-3117.721252337634,7.491239067037895,0.006199988061360018,0.01753243377217433
743,0.026127544877499197,4,EEF1A1,18.81291630535589,29.464559303515145,-2660.3144583466574,-4.620222028683248,0.043960580508940125,SE,3484,3.786022263186341e-05,0.04471333172571818,0.003840923309326172,5353.2526620452045,-2703.517343003653,43.20288465699559,4.934785913235373e-11,7.96885285032028e-10
744,0.015476828681672881,4,COX7A2,18.81291630535589,50.28522947975876,-3537.857913609504,-6.350604756533487,0.07053598274083496,SE,3484,5.75218484524248e-05,0.18537457933232676,0.008819580078125,7108.339572570898,-3543.510749338672,5.652835729168146,0.017427168445212526,0.041395200571963144
746,0.03723139478534957,4,SNAP91,18.81291630535589,20.441326890002934,-3249.4490930012,-4.661844107249589,0.055186834886132845,SE,3484,0.0001995743208655259,0.121392936384691,0.008873701095581055,6531.521931354289,-3259.849153735457,10.400060734257295,0.0012601116910411214,0.004431234131038068
748,0.021744517659242575,4,WASF1,18.81291630535589,35.56304846654118,-3471.7900269865368,-4.303586356607844,0.04161142778340752,SE,3484,3.738425379796672e-05,0.06261813256789989,0.010012626647949219,6976.203799324963,-3488.228212833109,16.438185846572196,5.026244392269952e-05,0.00028166998462284915
749,0.02944896383399994,4,MARCKS,18.81291630535589,26.05222549804068,-3639.3031204884674,-4.808897450997685,0.05628501148004642,SE,3484,0.00017324946069542042,0.16323953642713415,0.009435176849365234,7311.229986328824,-3651.938369864665,12.635249376197862,0.00037854071136766976,0.0015671481398138456
751,0.02660787391613978,4,TSPYL1,18.81291630535589,28.91839094485816,-3702.8786227704713,-6.239564589076825,0.08057673047409337,SE,3484,0.00016646528389249187,0.18993304093944188,0.009220600128173828,7438.380990892832,-3711.1931413400644,8.31451856959302,0.003932942702134179,0.011892051754323665
752,0.016526472681958698,4,GJA1,18.81291630535589,47.041263043925674,-3554.347522573814,-2.898601572948778,0.022483973659768713,SE,3484,3.153482034866849e-05,0.08951180313861956,0.009290456771850586,7141.3187904995175,-3571.717978816325,17.370456242510954,3.075698765031554e-05,0.00017974862912522072
753,0.013108412463859546,4,NCOA7,18.81291630535589,59.51354473694195,-2820.7167760223547,-3.312737926845436,0.021330104889186064,SE,3484,5.983516092649829e-05,0.2662028520100056,0.012202262878417969,5674.057297396599,-2829.07562371905,8.358847696695193,0.0038381387891303076,0.01177610764846799
754,0.019456477110188698,4,QKI,18.81291630535589,39.83814770543379,-3361.4282406118336,-2.8217938603051382,0.02260792839174077,SE,3484,1.6591311296957054e-05,0.034388148599015254,0.004372358322143555,6755.480226575557,-3390.13524887108,28.707008259246322,8.419847463692065e-08,8.611207633321432e-07
756,0.02260707440709179,4,PRKAR1B,18.81291630535589,34.176005212372395,-3649.1650457655633,-6.335761629465422,0.07832240589782735,SE,3484,0.00021376902318288242,0.3324244585993565,0.008243322372436523,7330.953836883016,-3658.826369540352,9.661323774788798,0.0018818796586085318,0.006310326724097164
759,0.016236588343754948,4,RAC1,18.81291630535589,47.89524023604687,-3630.2733347013527,-5.272805828043363,0.052589307905447816,SE,3484,4.861696193600954e-05,0.1428014386521942,0.010132551193237305,7293.170414754595,-3638.604834980415,8.331500279062311,0.0038963466345631748,0.01185303228657478
760,0.07437984245807136,4,NDUFA4,18.81291630535589,9.837257041055189,-2081.8994059707497,-6.675477282362876,0.09998806308622814,SE,3484,9.519666527853722e-05,0.016798089630117693,0.004504203796386719,4196.422557293389,-2188.2796028251128,106.38019685436302,0.0,0.0
765,0.009825795347732839,4,TAX1BP1,18.81291630535589,79.66001126992755,-2901.3696225500516,-3.022748234330869,0.016890973778345506,SE,3484,1.860997933885485e-05,0.1453762564225083,0.011126518249511719,5835.362990451993,-2908.8660908684587,7.496468318407096,0.006182010636196056,0.01752197010049271
766,0.045887553284320835,4,MTURN,18.81291630535589,16.436189102624976,-3802.2331512289566,-4.769377242920656,0.07062781598104378,SE,3484,7.508776902411408e-05,0.0311249614449292,0.003837108612060547,7637.090047809803,-3849.0574682617,46.82431703274324,7.764344722716032e-12,1.342108242723002e-10
769,0.022421075926221348,4,AMPH,18.81291630535589,34.46607670771578,-2946.6447786307153,-3.582417534052283,0.029751577666069916,SE,3484,0.00012057814064373014,0.1904862660363763,0.01111149787902832,5925.91330261332,-2955.862270233438,9.217491602722475,0.0023971375201871092,0.007741951321178464
770,0.01743555476226266,4,CAMK2B,18.81291630535589,44.54733667894539,-3668.3506082796757,-4.665368914401641,0.044575199419756927,SE,3484,5.590796820031238e-05,0.14310983594726215,0.010964393615722656,7369.324961911241,-3676.153724679827,7.803116400151339,0.0052156204695978925,0.015172822786620563
772,0.014684556856879347,4,PPIA,18.81291630535589,53.040903620842315,-2809.081839618849,-7.462103096285979,0.09008562692145891,SE,3484,2.278982498836187e-05,0.08131833951735284,0.009349346160888672,5650.787424589587,-2826.7462429981283,17.66440337927952,2.6351217794706727e-05,0.00015548139870128535
773,0.009807915380662077,4,H2AFV,18.81291630535589,79.80667366051851,-3067.037697605615,-2.958829344495925,0.01671998907306272,SE,3484,2.0613999636273606e-05,0.16160686805605928,0.009366273880004883,6166.69914056312,-3074.990902550094,7.9532049444787845,0.004800229511282228,0.014161516259246085
777,0.008468914832379127,4,GTF2I,18.81291630535589,92.54970493256903,-3616.727877108635,-5.1527879133660255,0.041864548598024943,SE,3484,2.7095003645298975e-05,0.2833236323247829,0.009439945220947266,7266.079499569159,-3622.3672837901086,5.639406681473702,0.017561148985077657,0.041606793839689085
781,0.05930765628171397,4,YWHAG,18.81291630535589,12.538145839111445,-3445.0325847957247,-7.800878067613559,0.14121720013846897,SE,3484,0.0002861937824545432,0.07488933447807072,0.010765314102172852,6922.688914943339,-3454.602455422045,9.569870626320153,0.001977967210160414,0.006578604911841732
783,0.01170721265910476,4,DYNC1I1,18.81291630535589,66.73114677320366,-3117.3072553426546,-3.9998712732096777,0.02870450053650515,SE,3484,3.948347403821737e-05,0.21895770291479058,0.010553598403930664,6267.238256037199,-3123.6930206564934,6.385765313838874,0.0115039149155296,0.029230726775766915
792,0.007863776292374397,4,NRCAM,18.81291630535589,99.73248166522868,-3205.075448397639,-3.90856691677297,0.024579915971909144,SE,3484,1.1427999360187671e-05,0.13825167376303588,0.011450052261352539,6442.7746421471675,-3212.5382060431166,7.462757645477723,0.0062988441378705184,0.017771033617816512
794,0.013601987832839686,4,ARF5,18.81291630535589,57.32529206076177,-3000.893501586159,-3.084399383228857,0.019973370514659746,SE,3484,2.884792751473932e-05,0.11943940422356322,0.015456676483154297,6034.4107485242075,-3008.262090978046,7.368589391887326,0.006637297911177065,0.018555295465083946
796,0.028525107507365394,4,MTPN,18.81291630535589,26.92159339370325,-3385.879039066487,-3.9831540565671295,0.04123493154021034,SE,3484,9.912669309372362e-05,0.09917596279549394,0.00959324836730957,6804.381823484864,-3398.632268275631,12.753229209143683,0.00035539505377102376,0.0014886234023918155
797,0.006966365088101227,4,PTN,18.81291630535589,112.6819093889208,-3661.5856304269373,-2.2733664832858445,0.011133928567430606,SE,3484,1.4250164507760728e-05,0.2188553313435395,0.010492563247680664,7355.795006205764,-3668.800450265569,7.2148198386316835,0.007230407140449868,0.019675568715193152
798,0.01695558313986868,4,NDUFB2,18.81291630535589,45.83074109656367,-3631.551168717676,-5.861171899051752,0.06343996550661879,SE,3484,2.551158847907461e-05,0.0689169101367184,0.008298158645629883,7295.7260827872415,-3643.4780289789232,11.926860261247384,0.0005533034902694967,0.0021834542878217495
801,0.033884383792700964,4,RHEB,18.81291630535589,22.538550363330693,-3402.772048623877,-4.492176159443202,0.05205693807511218,SE,3484,0.00013367694810950966,0.09685511442290247,0.011101007461547852,6838.167842599643,-3413.1312720299775,10.359223406100682,0.0012882938829263946,0.004504524066176205
803,0.018580134508901558,4,DNAJB6,18.81291630535589,41.75442049555031,-3492.103366794301,-4.404004259737677,0.040754720302035655,SE,3484,0.00010843528882122367,0.2455692421254338,0.010004043579101562,7016.830478940492,-3498.3635785809,6.260211786599029,0.012347944144010081,0.030907902598599626
807,0.015292281139564183,4,ATP6AP2,18.81291630535589,50.90161224407127,-3497.2948813625017,-4.934961039341089,0.04571561607203907,SE,3484,8.885366972917247e-05,0.2930780532859928,0.010357141494750977,7027.213508076893,-3503.7293509489955,6.434469586493833,0.011192657520346039,0.028558094221257144
810,0.023366410319795763,4,USP11,18.81291630535589,33.03970248909121,-3580.9425634180134,-4.416246815256867,0.04519727833710768,SE,3484,0.00019074870126904237,0.27852023644825924,0.008217334747314453,7194.5088721879165,-3587.531751046544,6.589187628530453,0.010259997981336588,0.026509085693405543
811,0.030822062762310164,4,SYN1,18.81291630535589,24.85640338869864,-3560.8065129249308,-6.278404979295396,0.08362154032085681,SE,3484,0.00020621642226955806,0.17836225335498895,0.008287191390991211,7154.236771201751,-3575.1448038308104,14.338290905879603,0.0001527265972741665,0.000712688926097908
812,0.02234802064944308,4,PCSK1N,18.81291630535589,34.58132978947065,-3211.455679614359,-5.288549911032339,0.05550259228696571,SE,3484,3.3462350556059874e-05,0.053193318553271605,0.009382486343383789,6455.535104580607,-3232.7926376657906,21.336958051431793,3.8523257485101325e-06,2.7648270922321527e-05
815,0.011381612657341111,4,MAGED2,18.81291630535589,68.66277507292743,-3078.6983772587246,-3.3090882854099117,0.020963421361253495,SE,3484,5.917850958584726e-05,0.34675743015636556,0.010685443878173828,6190.020499869339,-3084.5276431263433,5.8292658676186875,0.015761699703645382,0.03830476075593388
817,0.033415659017392144,4,NAP1L2,18.81291630535589,22.86578913701588,-3330.7349958822088,-4.762210341834844,0.05522042101596084,SE,3484,0.00020424548440749074,0.15187907389445374,0.01062464714050293,6694.093737116307,-3339.8820509490806,9.147055066871872,0.0024911868613033405,0.00798267805069905
818,0.01812136017023633,4,COX7B,18.81291630535589,42.83152028648478,-3623.1847101325,-6.139093908015579,0.06978570577548292,SE,3484,7.315683899745734e-05,0.17384392332111367,0.008926868438720703,7278.99316561689,-3631.6880220581943,8.503311925694106,0.003545006364949921,0.011014404125851309
826,0.014369163142859116,4,RPL39,18.81291630535589,54.222467435483416,-3423.176014914179,-5.385542765814089,0.051575498120565756,SE,3484,3.567131739377481e-05,0.13275868169104463,0.007852792739868164,6878.975775180248,-3434.572948493962,11.396933579782853,0.0007356543730703269,0.002803877480646362
830,0.013943958850968571,4,SLC9A6,18.81291630535589,55.900021559842784,-2808.617864077575,-3.428098268892197,0.022936095771606952,SE,3484,4.954165768734301e-05,0.19545486303315504,0.009898185729980469,5649.85947350704,-2815.1803240146032,6.562459937028052,0.0104152291331292,0.026853627444087896
832,0.027145109043461603,4,IDS,18.81291630535589,28.330415612032887,-3350.7410066666835,-5.835559046862808,0.06991823337239904,SE,3484,5.08948141114519e-05,0.05591565541303823,0.009929418563842773,6734.105758685257,-3372.289909664367,21.5489029976834,3.4491992604301913e-06,2.5347953193145125e-05
833,0.00576481884518647,4,SSR4,18.81291630535589,136.33266737754607,-3324.034842066786,-3.213109057369628,0.016112372359120327,SE,3484,1.0256769508195335e-05,0.22889016949509533,0.008643865585327148,6680.693429485462,-3329.424402333229,5.389560266442913,0.020257575133485584,0.04647022333085054
834,0.007738110512589054,4,PDZD4,18.81291630535589,101.3649599841342,-3324.95965374157,-2.7776834875505325,0.014400511815394436,SE,3484,1.576710010729744e-05,0.1968877592174154,0.00945425033569336,6682.54305283503,-3330.3179835339133,5.358329792343284,0.02062351625084735,0.04722141611031874
835,0.02640219614905574,4,RPL10,18.81291630535589,29.149828371285512,-3391.2591875349026,-5.110365903572743,0.056683165641874894,SE,3484,5.23681637435011e-05,0.06063483125487824,0.0037775039672851562,6815.142120421695,-3428.3093127001152,37.05012516521265,1.1513119346773237e-09,1.5527183934209664e-08
840,0.006323498261492594,4,PSD3,18.81291630535589,124.21787229914044,-3409.560251039228,-3.889539366168012,0.023112416532066596,SE,3484,1.0612064346589019e-05,0.19727792056100274,0.010530710220336914,6851.744247430346,-3414.833273366954,5.273022327725812,0.021658377823028152,0.04931490986859169
843,0.013896693978316178,4,PHYHIP,18.81291630535589,56.09283503197839,-3684.5566853796236,-5.413016968590739,0.05275192767958,SE,3484,6.348481522838984e-05,0.25212194985309627,0.009432077407836914,7401.737116111137,-3692.4430861073065,7.88640072768294,0.004980788733777497,0.01465678074788122
845,0.037412180237846225,4,PNMA2,18.81291630535589,20.338729189767438,-3606.018635327134,-5.862101798038791,0.0809231525845717,SE,3484,0.00043229633582819634,0.2606020951970236,0.008750677108764648,7244.661016006157,-3612.5145326387265,6.495897311592671,0.010812371028185441,0.02770298137796612
846,0.02235592764272714,4,STMN4,18.81291630535589,34.56881924876411,-3366.1111544354226,-3.9863610698799983,0.03710713007464082,SE,3484,4.73480164179012e-05,0.07521581289633342,0.009916543960571289,6764.846054222735,-3381.842838217658,15.73168378223545,7.299125924775662e-05,0.0003811922629960211
847,0.04041066592850921,4,CLU,18.81291630535589,18.770933647983135,-2107.480552877246,-4.68483259824514,0.047895943720203185,SE,3484,0.00023584930412358447,0.12333369796856976,0.0077648162841796875,4247.584851106381,-2115.109053846272,7.6285009690263905,0.0057453034556492755,0.01650920639238186
848,0.06012994188101528,4,SARAF,18.81291630535589,12.355874825706751,-3545.8937560664417,-7.1447783300781715,0.1264411489372214,SE,3484,0.000415906718429612,0.10621824006686396,0.004451751708984375,7124.411257484773,-3560.991463537314,15.097707470872137,0.00010208719074900063,0.0005134787910251523
849,0.014641660820127824,4,PPP2CB,18.81291630535589,53.198614789984404,-3457.101278928253,-4.379319593373931,0.037075706851925044,SE,3484,6.696584552423143e-05,0.24030642676166242,0.008349180221557617,6946.826303208396,-3464.519247434402,7.417968506149009,0.006457568434557248,0.01813546367100538
851,0.008303280479561604,4,RPS20,18.81291630535589,94.41166092026828,-3651.333639249634,-3.9516528400739577,0.026608948849959704,SE,3484,9.94792325969344e-06,0.10813960402604056,0.011073112487792969,7335.291023851158,-3661.626893068233,10.293253818599169,0.001335174420922014,0.004641991934701827
853,0.00846204736871203,4,ASPH,18.81291630535589,92.62545615098769,-2987.3395144153255,-3.442579559044205,0.0199383531003012,SE,3484,2.243115771161592e-05,0.23492951119369737,0.013009786605834961,6007.302774182541,-2993.624275367721,6.2847609523955725,0.0121780503025688,0.03062661681905343
854,0.01560568433036629,4,VXN,18.81291630535589,49.86349885598821,-3136.01107473254,-2.99945245229788,0.02084148056220099,SE,3484,7.098613151410202e-05,0.22512240549522025,0.010551214218139648,6304.645894816969,-3145.279908657135,9.268833924595128,0.002330860510902699,0.007587802483044717
855,0.01240426829112781,4,RPL7,18.81291630535589,62.9367804950048,-3627.808477623238,-4.7129532178337135,0.040321060724434366,SE,3484,1.7317623505950175e-05,0.08579150545439658,0.008881568908691406,7288.240700598366,-3642.9492501390478,15.140772515809658,9.978480361216846e-05,0.0005060461490474359
862,0.020330041879998397,4,PABPC1,18.81291630535589,38.09236936929196,-3367.0742711701932,-2.778614257209144,0.022786369927368117,SE,3484,4.176056135706517e-05,0.07956011328530056,0.008748292922973633,6766.772287692276,-3382.682334561977,15.608063391783617,7.792159408603894e-05,0.0004052163020653027
863,0.016414390741085992,4,YWHAZ,18.81291630535589,47.367871312201125,-3494.9051211587575,-6.524022014665533,0.07479857219804201,SE,3484,0.00011357698023644992,0.3266567177023192,0.011018991470336914,7022.433987669405,-3500.705292805639,5.8001716468816085,0.01602461011796885,0.03879007290525006
865,0.020022427005111348,4,AZIN1,18.81291630535589,38.68974679846831,-3053.3780019276464,-3.5835620397904817,0.029001352246346864,SE,3484,5.531911844240236e-05,0.10851807569926493,0.011092424392700195,6139.379749207183,-3064.8120501783073,11.434048250660908,0.0007211040212758979,0.0027569822393725923
867,0.006968778770480703,4,BAALC,18.81291630535589,112.64260747672425,-3703.172955784753,-4.5694496008519145,0.032218423515990774,SE,3484,1.488992738335305e-05,0.22852476896805066,0.009233713150024414,7438.969656921396,-3708.9269193536747,5.75396356892179,0.016451497998131948,0.03966694462846603
869,0.009388907390292193,4,NDUFB9,18.81291630535589,83.40356243993033,-3664.9467826011924,-5.438903878436188,0.0475563233703382,SE,3484,2.0158628472611473e-05,0.17215935014423275,0.010558366775512695,7362.517310554274,-3671.2231916647224,6.276409063530082,0.012235578856498397,0.03070836857459163
871,0.03868833368996928,4,LY6H,18.81291630535589,19.64177164092612,-3700.9407269979765,-5.094352882382474,0.06889286179504545,SE,3484,0.00010838921536257228,0.06141444209714808,0.0038466453552246094,7434.505199347843,-3719.16482181429,18.22409481631348,1.9637871157995868e-05,0.00011931199848467338
874,0.04277378968699258,4,SH3GL2,18.81291630535589,17.690223575411668,-3436.6133725087348,-5.069675634230268,0.0677498628515547,SE,3484,0.00020665445710779776,0.0973709274486199,0.00956106185913086,6905.850490369359,-3451.1219479274396,14.508575418704822,0.0001395229647807028,0.0006741446043448419
882,0.005942681024881291,4,GDA,18.81291630535589,132.22862349825482,-2996.6304810357515,-3.0147425461493835,0.014189792396542044,SE,3484,1.185742695928939e-05,0.24919176403594415,0.010247230529785156,6025.884707423393,-3002.0972352170556,5.466754181304168,0.019381589077900108,0.04496502020134929
885,0.015114997174247842,4,HNRNPK,18.81291630535589,51.50790947221923,-3568.3584500452816,-4.873915963628294,0.04499120910413773,SE,3484,4.3663422729480874e-05,0.14731201642872718,0.022901058197021484,7169.340645442453,-3578.388478680473,10.03002863519123,0.0015400864285539662,0.005264919418961395
890,0.036301522030518646,4,STXBP1,18.81291630535589,20.98518530443153,-3492.5482243729975,-7.106467192333245,0.10599390880519925,SE,3484,0.000273979464344104,0.17464435499474776,0.00878763198852539,7017.720194097885,-3498.057539973839,5.509315600841546,0.018915447221800497,0.044217928570442724
892,0.045112835760121144,4,DNM1,18.81291630535589,16.73202087834349,-3475.2238019278475,-6.896952285115459,0.10768712733992829,SE,3484,0.00018146885029718274,0.07758751082054859,0.00995945930480957,6983.071349207585,-3485.8150606363206,10.591258708473106,0.0011362359370878927,0.004077401688114449
897,0.013345254220040894,4,RPL7A,18.81291630535589,58.443313080432624,-3335.7349526484986,-5.888090467612907,0.05868603697461873,SE,3484,3.7709764341560585e-05,0.1620240635550368,0.008918285369873047,6704.093650648887,-3345.651416545385,9.916463896886398,0.001638067952780764,0.0055688535287182865
898,0.06781751909732063,4,OLFM1,18.81291630535589,10.865644907135474,-2943.5333367138355,-7.217727464885645,0.12227514040984348,SE,3484,0.00013883541725611903,0.028725893456822194,0.0044155120849609375,5919.690418779561,-3029.051651546164,85.51831483232854,0.0,0.0
899,0.009932005231791025,4,EGFL7,18.81291630535589,78.79969774509856,-2920.0708484203806,-2.7143334249901363,0.014472671248633618,SE,3484,3.795351890831601e-05,0.29030301756214844,0.010009765625,5872.765442192651,-2925.7225833204957,5.651734900115116,0.017438111529833655,0.041395200571963144
903,0.01699429997107702,4,TUBB4B,18.81291630535589,45.724527463494816,-3564.3724065056776,-5.366584601430055,0.05448452699201496,SE,3484,9.448004800930655e-05,0.2541067326824113,0.008270978927612305,7161.368558363245,-3573.373258018022,9.000851512344525,0.002698538436206821,0.008624590172536006
905,0.034354419123340016,4,IFITM3,18.81291630535589,22.219363674777586,-3216.138319431332,-1.5699411369626477,0.02067424691166738,SE,3484,0.0003152747527227379,0.22264389452936123,0.008292675018310547,6464.900384214554,-3225.9048342222795,9.76651479094744,0.0017771902722991673,0.005994848756368852
906,0.011023415265499258,4,CEND1,18.81291630535589,70.91960545290637,-3575.7194892957423,-4.913265695001775,0.04148146290556213,SE,3484,6.301825321407945e-05,0.3930631175704905,0.00822305679321289,7184.062723943374,-3581.3915725321626,5.672083236420349,0.017236974373915803,0.04107663796078789
907,0.027700315234484903,4,SLC25A22,18.81291630535589,27.746736074905833,-3012.3359575080676,-3.445698027080012,0.03131784539026746,SE,3484,0.00014600417960092276,0.15438884159973806,0.008227348327636719,6057.295660368025,-3026.7754325349097,14.439475026842047,0.00014473642622114813,0.0006911714729343828
908,0.025627875434271315,4,CTSD,18.81291630535589,30.0544452564256,-3644.8233393643295,-5.327309240524604,0.061934316383905744,SE,3484,4.191748203813247e-05,0.05134999700439057,0.003814697265625,7322.270424080549,-3679.662742853013,34.839403488683274,3.5805302056601818e-09,4.577382365190574e-08
910,0.025305844504156714,4,APBB1,18.81291630535589,30.44696419570518,-3740.8464340439914,-5.468069571751644,0.06501691340549506,SE,3484,0.00016783873245200225,0.21059748150645774,0.008283376693725586,7514.3166134398725,-3753.094363318942,12.24792927495082,0.00046577475754538966,0.001878406114932724
912,0.05572235057328892,4,EIF4G2,18.81291630535589,13.39574129678978,-3514.2800277921688,-4.833381765393036,0.07364050581321537,SE,3484,0.0002989403393241683,0.08737271010842915,0.00944662094116211,7061.183800936227,-3527.2966123828655,13.016584590696766,0.0003087444024401087,0.0013134250986380467
913,0.033033563420060565,4,LDHA,18.81291630535589,23.13941871959305,-3596.8301393078527,-5.279142673696746,0.06647319275179245,SE,3484,0.00016461716296146812,0.12506659624572516,0.009361743927001953,7226.284023967595,-3610.638733798353,13.808594490500127,0.00020240820766748158,0.0009166423359647775
915,0.02604153524988085,4,SLC1A2,18.81291630535589,29.564485268447488,-3463.5797738489964,-4.715165369553423,0.050660474143376766,SE,3484,3.676015040241978e-05,0.04368613577588377,0.0044097900390625,6959.783293049883,-3495.975949704783,32.39617585578662,1.257336645910101e-08,1.4981504607048866e-07
917,0.016266958624794856,4,DGKZ,18.81291630535589,47.8043443686049,-3519.5021583011767,-3.8837655227041306,0.03241628072912162,SE,3484,7.617257380820653e-05,0.2229329665349778,0.007643461227416992,7071.628061954243,-3526.548541533202,7.046383232025164,0.00794254639270875,0.02128312352154985
922,0.03426201797796324,4,DDB1,18.81291630535589,22.281418888539445,-3050.0331001451314,-3.3185314675916366,0.03351414765893903,SE,3484,0.0001885688501717662,0.13383490949913376,0.009590864181518555,6132.689945642152,-3058.231904818051,8.198804672919778,0.004191799730087653,0.012609023252269012
924,0.11394734986738433,4,FTH1,18.81291630535589,6.146838029833994,-1120.6982244349688,-5.070720041253065,0.06600580080786689,SE,3484,0.0003926363866253267,0.034341588976208724,0.004418134689331055,2274.0201942218273,-1177.7316949383999,57.03347050343109,4.285460875053104e-14,9.562598646812714e-13
925,0.019342509231193235,4,GNG3,18.81291630535589,40.07753545130281,-3588.3068346481823,-6.2214371301007585,0.0724016652986342,SE,3484,4.3848141332770775e-05,0.09191361657596098,0.010021448135375977,7209.237414648254,-3600.987885144028,12.681050495845739,0.00036937998574149145,0.0015419387159895286
926,0.03144677424211007,4,COX8A,18.81291630535589,24.34691046903028,-3542.9435971021503,-6.096388558546766,0.08019206189996572,SE,3484,0.00015168598693635345,0.12635474375573044,0.0038604736328125,7118.51093955619,-3559.9239455838942,16.98034848174393,3.776872003735665e-05,0.00021864396248040947
937,0.01636888833146399,4,PLEKHB1,18.81291630535589,47.50174243687263,-3334.352042872478,-2.579331583646771,0.018560515474834536,SE,3484,1.9572676195971946e-05,0.05659546896142168,0.007879495620727539,6701.327831096845,-3356.19528921306,21.843246340582027,2.9585609758742137e-06,2.2005825440386717e-05
938,0.013803390796454516,4,PGM2L1,18.81291630535589,56.47733441432568,-2966.5150263568657,-3.347917644168774,0.022528614170442877,SE,3484,4.687870785733253e-05,0.1886259041251101,0.009985208511352539,5965.653798065621,-2972.571110605685,6.0560842488193884,0.013858463740696214,0.03408439797766422
940,0.012749177858024888,4,RPS3,18.81291630535589,61.21273635922968,-3683.9821976470093,-4.500862834162145,0.03801227669424889,SE,3484,2.4463410027704307e-05,0.11488605668892038,0.008877038955688477,7400.588140645908,-3698.117945280691,14.135747633681603,0.00017008074472801837,0.0007788636546228794
944,0.030115520176150663,4,NCAM1,18.81291630535589,25.458107174347095,-3460.36917148678,-4.025709067346802,0.043511225266056504,SE,3484,4.9539228578687466e-05,0.04475402815351372,0.003799915313720703,6953.36208832545,-3487.6172508377877,27.24807935100762,1.789528056850287e-07,1.6268436880457158e-06
945,0.08679801251691444,4,FXYD6,18.81291630535589,8.316747892381988,-3683.0398986079404,-6.4837738645387955,0.13445941798227382,SE,3484,0.00048024990119561095,0.06528660711208058,0.0038678646087646484,7398.7035425677705,-3703.395478839906,20.355580231965632,6.430528701639737e-06,4.38445138748164e-05
946,0.009464324215990298,4,ATP5MG,18.81291630535589,82.73265894539222,-3670.2928293816676,-5.850486936047403,0.054259823232744794,SE,3484,2.325142076524595e-05,0.19548131809663205,0.010979652404785156,7373.209404115225,-3675.821554654611,5.528725272943575,0.018706729323703097,0.04381347083101871
949,0.013189992262416229,4,SORL1,18.81291630535589,59.140565669070476,-3168.801928156142,-3.9906531951516926,0.029878233037613406,SE,3484,4.583900251708203e-05,0.2014875502820171,0.008407115936279297,6370.227601664174,-3180.8234616762775,12.021533520135563,0.0005258941523224037,0.002088723464652089
950,0.02864113712215048,4,HSPA8,18.81291630535589,26.809327516610868,-3194.9191290716,-7.334866371680332,0.10238155650750372,SE,3484,0.00012219259424460364,0.12132175749712319,0.009323596954345703,6422.462003495089,-3205.549781325361,10.630652253761127,0.0011122847682984993,0.004038688642288795
959,0.03310736909548774,4,PPP3CB,18.81291630535589,23.086072194749153,-3559.4348851439045,-5.19805873084239,0.06468444223327481,SE,3484,0.00010192155661087114,0.07711216838216489,0.013747453689575195,7151.493515639699,-3571.3257500149202,11.890864871015765,0.0005640992231704667,0.002218921769464249
960,0.02620529791825984,4,RPS24,18.81291630535589,29.374790352912125,-3203.1782121898477,-5.052824620928855,0.0541682449859018,SE,3484,4.0481863957462674e-05,0.04754122462780548,0.0038466453552246094,6438.980169731585,-3242.678295951676,39.50008376182814,3.280453686471674e-10,4.681408537776703e-09
962,0.022891463608416162,4,ADIRF,18.81291630535589,33.74160338193753,-3118.2542107193512,-1.229355087081579,0.012739446640080773,SE,3484,3.5532334134390876e-05,0.05395309502336565,0.010132312774658203,6269.132166790592,-3142.848928699075,24.594717979723555,7.074538399542973e-07,5.749925851524995e-06
964,0.05105081698516366,4,PGAM1,18.81291630535589,14.693888136852754,-3524.787747958042,-7.027132071784636,0.11615862255411342,SE,3484,0.0002541780443332645,0.08688892570284093,0.022368192672729492,7082.199241267974,-3536.6063045069986,11.818556548956622,0.0005864330577268762,0.0022775737282257854
966,0.02983030123023838,4,NDUFB8,18.81291630535589,25.70908007624188,-3696.75698153331,-5.833115675884635,0.07526631785398309,SE,3484,0.0001329547438091039,0.12227891783367614,0.011651039123535156,7426.13770841851,-3710.0383583005214,13.281376767211441,0.0002680555744973834,0.0011543063016633734
968,0.010908859034415403,4,PSD,18.81291630535589,71.67264830170205,-3606.4467343504084,-3.521876368315003,0.02443697708809929,SE,3484,2.9019070047266457e-05,0.1847345049228023,0.010312080383300781,7245.517214052707,-3613.617104629614,7.170370279205599,0.0074117475076616035,0.02012441499465641
969,0.02348992864514334,4,INA,18.81291630535589,32.86181141050767,-3494.9516047044362,-4.502190510607617,0.04586367937444774,SE,3484,0.00021699871968419392,0.3136831402848962,0.012677669525146484,7022.526954760762,-3501.7016631117485,6.750058407312281,0.009374461575436532,0.02442679623014731
970,0.03753498844652568,4,ATP5MD,18.81291630535589,20.269597915538633,-3210.862420526577,-6.981453391912204,0.10084189075551392,SE,3484,0.00031442660710076346,0.18840093779819464,0.0038700103759765625,6454.3485864050435,-3229.1191779196665,18.25675739308963,1.9303991303010193e-05,0.00011786697539151408
973,0.025941442802424337,4,PRDX3,18.81291630535589,29.681606887569682,-3069.416805834251,-3.476146768171932,0.03112140745656308,SE,3484,7.879561125757421e-05,0.09432719283684578,0.008416414260864258,6171.457357020392,-3082.9688696307358,13.552063796484617,0.0002320361406337179,0.0010317812577586272
976,0.015790981992574844,4,BNIP3,18.81291630535589,49.269104805566656,-3463.7549631608,-4.755598006943879,0.04332890990020588,SE,3484,7.662201151651058e-05,0.2375068639733019,0.007761716842651367,6960.1336716734895,-3475.093058047395,11.338094886595172,0.000759331813869224,0.002867406849576091
977,0.034056207610145314,4,CALY,18.81291630535589,22.420848332429806,-3707.147227810625,-5.420644014357401,0.07112945699150419,SE,3484,0.0001334321709457092,0.09577090380238383,0.010361433029174805,7446.918200973139,-3721.308730887288,14.161503076663394,0.00016776819821173738,0.0007711510643031853
981,0.02736468349665911,4,GAPDH,18.81291630535589,28.09674921633408,-1799.787715337151,-6.69851574024842,0.07952452038924576,SE,3484,6.41960370326864e-05,0.06946353340507844,0.009858846664428711,3632.1991760261917,-1817.5616302716817,17.773914934530694,2.487706388087929e-05,0.00014820845648361451
983,0.016664435406804533,4,TPI1,18.81291630535589,46.645270089742226,-3364.898465884088,-6.8164228986471045,0.08043945057036776,SE,3484,6.527667170725057e-05,0.1823360658079979,0.012193918228149414,6762.420677120066,-3370.920944224294,6.022478340205907,0.014124797996925675,0.03460075720531603
984,0.0392990183114684,4,ENO2,18.81291630535589,19.324265794672534,-3494.684016375886,-7.169365026148484,0.10998634650026476,SE,3484,0.00042376314602892155,0.2332741715910166,0.0037145614624023438,7021.991778103662,-3507.6224394359324,12.938423060046262,0.0003219060657621009,0.001362298397425819
985,0.04403465872484535,4,C12orf57,18.81291630535589,17.161054951773462,-3664.43387349106,-4.5212940084804005,0.06290931985457164,SE,3484,0.00025588663619115546,0.1143358953370242,0.008218765258789062,7361.491492334009,-3677.902656388178,13.468782897118217,0.0002425656073469229,0.0010670041378896904
988,0.02489038428159622,4,KIF21A,18.81291630535589,30.968367143652507,-3186.0232020290487,-4.071519366826683,0.03861762816154948,SE,3484,0.0002938665224204893,0.3805018425501199,0.010449886322021484,6404.670149409987,-3191.459949353861,5.436747324812131,0.019717354458238634,0.045635122978330105
989,0.03460916845990265,4,CNTN1,18.81291630535589,22.049993959746967,-3482.2080300795706,-5.030580746828157,0.062033005852753245,SE,3484,8.601495149760349e-05,0.05991334452234822,0.004439353942871094,6997.039805511031,-3506.214571174999,24.006541095428474,9.60089764578953e-07,7.5531537423169395e-06
991,0.010895093511769335,4,DDN,18.81291630535589,71.7642026304886,-3556.900595751792,-2.6000041068172006,0.016057590513363775,SE,3484,3.430418734944858e-05,0.21891915149442906,0.0095062255859375,7146.424936855474,-3563.423544611791,6.522948859998905,0.010649128901709548,0.027399130964947387
992,0.011374718483856105,4,TMBIM6,18.81291630535589,68.7048704320622,-3548.8249534206016,-3.8244512632603316,0.02786684053424566,SE,3484,2.701515579022137e-05,0.15848318161997507,0.009656429290771484,7130.273652193093,-3557.510431216201,8.685477795599581,0.0032075548079079086,0.010067888841375675
995,0.007159223220507594,4,DAZAP2,18.81291630535589,109.62514270025162,-3036.927297037655,-2.488592384654204,0.011355626803662495,SE,3484,1.1010372912231835e-05,0.16023842329616766,0.012161493301391602,6106.4783394272,-3043.61619324241,6.68889620475511,0.009701525439591574,0.02517213020074693
1003,0.013368096725167035,4,RPL41,18.81291630535589,58.34209833894481,-1623.4710971656377,-4.543308435037304,0.03345872278417351,SE,3484,2.2963712749961882e-05,0.09833840033416107,0.009852170944213867,3279.565939683165,-1640.2204717656386,16.74937460000092,4.2656322508660693e-05,0.00024124857723792185
1005,0.0217170437451138,4,MYL6,18.81291630535589,35.609038796086004,-3700.37420442846,-4.818644416903745,0.050784847517795384,SE,3484,3.749338629193645e-05,0.06295287651486361,0.0037450790405273438,7433.37215420881,-3725.6831007532,25.30889632474009,4.884507069924382e-07,4.1342222848889764e-06
1008,0.016679152902515235,4,NACA,18.81291630535589,46.60341331187529,-3630.372242706084,-5.510629197706996,0.05698241285102044,SE,3484,1.9556699439068326e-05,0.054534276326362034,0.0038437843322753906,7293.368230764057,-3656.739512614484,26.367269908399976,2.822835757365638e-07,2.4745638132750726e-06
1010,0.01576014246238399,4,PPFIA2,18.81291630535589,49.36706168597242,-3440.309605209307,-3.989344594492129,0.03290618053353828,SE,3484,2.664483966821345e-05,0.08290463285600924,0.003782033920288086,6913.242955770504,-3467.723165576708,27.41356036740126,1.6427526727813557e-07,1.5390118724877382e-06
1015,0.022314219847719835,4,HSP90B1,18.81291630535589,34.63490978827647,-3552.394256455139,-4.290434884440467,0.04242492889972492,SE,3484,0.00011692164111292422,0.18640195702118298,0.007699251174926758,7137.412258262168,-3559.7404053559276,7.3461489007886485,0.0067206567703420594,0.018745633553640048
1016,0.047222943830734936,4,ISCU,18.81291630535589,15.94904571911465,-3540.2296307572306,-5.350554587292381,0.0774051027452386,SE,3484,0.0002625344041623929,0.10330374507981818,0.009250879287719727,7113.083006866351,-3548.5756358599187,8.346005102688196,0.003865362736687361,0.011830060518086463
1021,0.0096526987813264,4,RPLP0,18.81291630535589,81.10268609891983,-3725.5767576135386,-3.88017446457417,0.027490562207271634,SE,3484,1.3829131559419274e-05,0.11185879267094975,0.009906291961669922,7483.777260578967,-3736.1701338447447,10.593376231206094,0.0011349353178795596,0.004077401688114449
1023,0.01001709860665566,4,CCDC92,18.81291630535589,78.12359401874757,-3023.643998623139,-3.3193792650019036,0.019987711237451973,SE,3484,2.1349197146400555e-05,0.160591860613857,0.009486913681030273,6079.911742598168,-3030.9401759732846,7.296177350145626,0.006910147292263136,0.01910052998475683
1027,0.00867938625545697,4,RPL21,18.81291630535589,90.28624492354902,-3492.7549392930296,-5.047248957620997,0.040304914014635866,SE,3484,1.1829771135685529e-05,0.11787594755369002,0.009527444839477539,7018.133623937949,-3500.9220523789963,8.167113085966776,0.004265674779196482,0.012799868752867863
1029,0.008877064136238986,4,HMGB1,18.81291630535589,88.25811313311875,-3669.270442549604,-4.7858724979245,0.03748737999782952,SE,3484,1.4052955250485885e-05,0.1339709265418947,0.009401559829711914,7371.164630451098,-3679.6330920029523,10.36264945334824,0.001285905218099459,0.004504524066176205
1031,0.011627633648479702,4,TSC22D1,18.81291630535589,67.19326187121813,-3573.124053541539,-6.464643395834116,0.06801021624873645,SE,3484,2.7293524190111776e-05,0.15338626255332669,0.008270978927612305,7178.871852434968,-3580.3956854746116,7.271631933072513,0.00700521262832543,0.019276471765673323
1032,0.011384536136236734,4,PCDH9,18.81291630535589,68.64493990136502,-3075.911483947234,-3.192627588667729,0.01985104594286588,SE,3484,2.4327178406642906e-05,0.1424740096785821,0.011178255081176758,6184.446713246358,-3084.3676158650132,8.456131917779203,0.0036381475835701726,0.011241696677328935
1034,0.025877106120818047,4,NDFIP2,18.81291630535589,29.75736781681137,-3153.1245293117227,-3.947969250951361,0.037365388796797835,SE,3484,6.520544285191402e-05,0.07842638288274345,0.008724212646484375,6338.872803975335,-3168.2547566325825,15.13022732085983,0.00010034370452915997,0.0005067863865109091
1037,0.03045726785872798,4,RNASE1,18.81291630535589,25.16358314308964,-2990.791330841328,-2.354536794164936,0.022043999564122615,SE,3484,3.783312229543857e-05,0.03346212819672623,0.003961801528930664,6014.206407034546,-3037.1859331301266,46.394602288798524,9.66815516534325e-12,1.6254059119817423e-10
1038,0.005750043111169327,4,NDRG2,18.81291630535589,136.68502913627268,-3703.543340699497,-3.637385465208937,0.02051934698478737,SE,3484,1.0175506079370542e-05,0.22823123878608598,0.009795665740966797,7439.710426750884,-3710.520006842938,6.97666614344098,0.0082579302319149,0.022022586550541647
1045,0.006462757508669143,4,RPL36AL,18.81291630535589,121.52419697187385,-3675.766364175038,-4.410933678135501,0.029528141070411566,SE,3484,8.129958767061126e-06,0.14477600377816946,0.008180618286132812,7384.156473701965,-3684.09530381344,8.328939638402062,0.0039018426282620977,0.01185303228657478
1046,0.02448725970454002,4,ATL1,18.81291630535589,31.491201306147126,-3303.7501003589596,-4.41324982070423,0.04388083830273119,SE,3484,9.45570389549973e-05,0.12629088457584245,0.011239051818847656,6640.123946069809,-3309.184418619596,5.434318260636246,0.019744796541957488,0.045635122978330105
1047,0.01987167038079931,4,GMFB,18.81291630535589,38.98926400750251,-2863.6779658364394,-3.085805144844731,0.022776428502810094,SE,3484,4.363994699686471e-05,0.08685771721006136,0.009424209594726562,5759.9796770247685,-2877.273824655258,13.59585881881867,0.000226685036970542,0.0010190636027646745
1050,0.07227718774182766,4,CHGA,18.81291630535589,10.14643457658468,-3519.7457581807716,-5.462881663726277,0.09674915252515703,SE,3484,0.00036521126076973675,0.06769288756898664,0.004316806793212891,7072.115261713433,-3532.7590529106988,13.013294729927111,0.00030928728804224814,0.0013134250986380467
1051,0.029410305350363583,4,ITPK1,18.81291630535589,26.08750900400106,-3283.862232973446,-3.656336398039748,0.03678316081964217,SE,3484,0.00010740236640058771,0.10144727679156776,0.007676362991333008,6600.348211298782,-3297.627094322821,13.764861349374769,0.00020717526362035166,0.0009347814367896885
1052,0.0530125920975335,4,MOAP1,18.81291630535589,14.12087582455734,-3530.8305238159264,-6.086746610248395,0.09611831762358028,SE,3484,0.0004009913463878294,0.12810913167992688,0.0038118362426757812,7094.284792983743,-3545.090414211224,14.259890395297589,0.00015922189059125458,0.0007346191124340182
1054,0.02081388204340528,4,CYP46A1,18.81291630535589,37.1884971809874,-3193.4910323316853,-2.4008542397878307,0.018940245341636696,SE,3484,1.9475615341871755e-05,0.035468924589655004,0.004431009292602539,6419.60581001526,-3225.0811924968975,31.590160165212183,1.9039187337810404e-08,2.2043656008614108e-07
1056,0.018108728807173995,4,DYNC1H1,18.81291630535589,42.86194790276641,-3568.887894531502,-4.995290267542812,0.04952940384450133,SE,3484,0.00010796677503318635,0.25690817578478536,0.007930755615234375,7170.399534414893,-3577.621056786442,8.733162254939998,0.0031247409445337437,0.00985837876868557
1058,0.032463261583780136,4,CKB,18.81291630535589,23.559809965320905,-2588.9062575099542,-6.120428760721678,0.07356596774157421,SE,3484,4.02939613589995e-05,0.03162529066461385,0.004409074783325195,5210.436260371798,-2635.132163694272,46.225906184317864,1.0537459793624748e-11,1.7476131107362917e-10
1059,0.031079118972161417,4,KLC1,18.81291630535589,24.64427725807421,-3578.5717152659354,-6.655763058305412,0.0921508916019036,SE,3484,0.00016933022927131488,0.1441952432353471,0.008307933807373047,7189.7671758837605,-3592.9139908453258,14.342275579390389,0.00015240369501301476,0.000712688926097908
1060,0.015346937769555135,4,ATP5MPL,18.81291630535589,50.71751583623244,-3453.408378965699,-6.493665673701076,0.07278339455337952,SE,3484,2.441781529230932e-05,0.07998585802381465,0.011076688766479492,6939.440503283287,-3465.0547241487075,11.646345183008634,0.0006432879863098595,0.0024748896594993172
1063,0.05007434364596361,4,SNRPN,18.81291630535589,14.995840823252456,-3366.96096442632,-7.286398880097874,0.11936184476537628,SE,3484,0.00044141214519067797,0.15623026773217213,0.00917816162109375,6766.54567420453,-3378.7669167881013,11.805952361781237,0.0005904165217969215,0.0022786229400395775
1064,0.031106851565373166,4,PWAR6,18.81291630535589,24.62160148014042,-3226.056378893264,-3.8344150821535927,0.03950047962709562,SE,3484,8.569894676281262e-05,0.07285608441086334,0.009000539779663086,6484.736503138418,-3242.63752640496,16.581147511696145,4.661207619793828e-05,0.0002624116049508619
1066,0.06064946245150782,4,APBA2,18.81291630535589,12.24326365385769,-3152.9455377004197,-3.7652882583181158,0.05402512895268405,SE,3484,0.0003116987251844884,0.07840649048069132,0.00446319580078125,6338.514820752729,-3169.327237298944,16.381699598524392,5.178278780171297e-05,0.0002875638154352633
1068,0.010318682559193614,4,SRP14,18.81291630535589,75.81717347699448,-3603.094604001254,-5.838945554343166,0.05508649167038692,SE,3484,1.821216646296263e-05,0.1292645244554812,0.008152484893798828,7238.812953354398,-3612.277770345512,9.183166344258098,0.002442511077438092,0.007867788008927285
1069,0.018939714112367827,4,MAP1A,18.81291630535589,40.94668485533751,-3690.6853503342336,-5.052763752131093,0.05195240936900468,SE,3484,3.9185107098456336e-05,0.08552904907616234,0.010535240173339844,7413.994446020357,-3709.8250810366317,19.139730702398083,1.2148938740796922e-05,7.80631475491473e-05
1071,0.06195282850959992,4,TMOD2,18.81291630535589,11.969059025228075,-3420.223389254923,-4.368985298500201,0.0683621339984132,SE,3484,0.00029776108269742,0.07215027475969,0.004345893859863281,6873.070523861736,-3435.666231604938,15.442842350014871,8.50383973146629e-05,0.00044035994006442244
1072,0.0214878559017175,4,MYO5A,18.81291630535589,35.997273414786996,-3380.4491796980246,-4.41512320794273,0.042373540259538364,SE,3484,0.00012054696039899287,0.20655072340910657,0.007653236389160156,6793.522104747939,-3389.718662460218,9.269482762193547,0.0023300349411639054,0.007587802483044717
1073,0.024748590440771913,4,PKM,18.81291630535589,31.150325399757467,-3329.3120117828103,-6.725593642666845,0.0860777305786418,SE,3484,6.62669942322251e-05,0.08673932101301254,0.003799915313720703,6691.24776891751,-3352.1385530273806,22.826541244570308,1.773002211158392e-06,1.3599732869680849e-05
1074,0.0481895682065302,4,NPTN,18.81291630535589,15.613270902591845,-3735.499846749687,-6.196960164661734,0.09845337372371897,SE,3484,0.00022713583753453605,0.08615556749348617,0.00895547866821289,7503.623438851264,-3749.0283253518737,13.528478602186624,0.00023497045229381452,0.001041057140126845
1075,0.03563612089310158,4,COX5A,18.81291630535589,21.39178284817987,-3570.278637936214,-5.734928768521504,0.0766037610046291,SE,3484,0.0001599849521548588,0.10554156275409585,0.009448051452636719,7173.181021224318,-3583.6651415485862,13.386503612372053,0.0002534413942125724,0.0011029847910605183
1076,0.020117288767788642,4,RCN2,18.81291630535589,38.50358031687708,-2998.9194643524543,-3.5280790679373824,0.0281619302577604,SE,3484,7.35663042939177e-05,0.14301068950046758,0.0070722103118896484,6030.462674056798,-3005.9692078706594,7.049743518205105,0.007927660188098207,0.02128312352154985
1077,0.012438615706232743,4,TSPAN3,18.81291630535589,62.76080697267081,-3634.423086840324,-4.4882318057216475,0.037320234026461445,SE,3484,2.100312184895828e-05,0.10349025120308847,0.010506153106689453,7301.469919032537,-3642.8560753734923,8.432988533168555,0.0036847425029659098,0.011333794438377716
1080,0.02870307923086606,4,HDGFL3,18.81291630535589,26.749766279522987,-3080.6466120333935,-3.262433129271551,0.030289729386475044,SE,3484,0.00013365774907972633,0.13216618183575915,0.010547876358032227,6193.916969418677,-3089.2624740161177,8.615861982724255,0.003332480529801618,0.010433322623451263
1084,0.02460116749705915,4,BAIAP3,18.81291630535589,31.34173131800776,-3058.9305180320143,-2.4654944393636145,0.020588733571456814,SE,3484,6.56987258879047e-05,0.08697712625001519,0.02246260643005371,6150.484781415918,-3070.788338096714,11.857820064699808,0.000574197183574654,0.002251426656479184
1087,0.024131155565489212,4,RPS2,18.81291630535589,31.96758313197472,-3677.522518626065,-4.768723719602094,0.05182698253237544,SE,3484,3.311774163916643e-05,0.045481458045750524,0.003693819046020508,7387.66878260402,-3706.421936921982,28.899418295916803,7.623580444704459e-08,7.879649282182345e-07
1088,0.013965364392395773,4,SYNGR3,18.81291630535589,55.81312865371376,-3325.4852758529223,-4.56296346222377,0.038429264017986964,SE,3484,0.00010051795285833439,0.3953897621629841,0.010503530502319336,6683.594297057734,-3332.356292244636,6.8710163917135105,0.008760481307276358,0.023221381827651846
1091,0.013727715385447117,4,ELOB,18.81291630535589,56.79302905401498,-3496.7865301911925,-5.812141090699855,0.05843780115747353,SE,3484,4.1788485160644664e-05,0.16995044131784087,0.010205984115600586,7026.196805734275,-3502.8136141461937,6.027083955001217,0.014087988272018626,0.034579607576772996
1092,0.008384176762557087,4,HCFC1R1,18.81291630535589,93.49308532556223,-3409.0831731114013,-4.087390690132088,0.027550939695527053,SE,3484,2.14782030104209e-05,0.22907309895482678,0.008377313613891602,6850.790091574692,-3415.2505826571255,6.16740954572424,0.013012501097153795,0.032197354254321166
1095,0.041545360876494256,4,C16orf45,18.81291630535589,18.236668249751048,-3517.270899383445,-5.383540896853792,0.07363454381089145,SE,3484,0.0002770591909377397,0.1377009359933307,0.0038051605224609375,7067.1655441187795,-3533.465969326675,16.19506994323001,5.7142637149065756e-05,0.00030546076575921485
1096,0.02003178832607269,4,RPS15A,18.81291630535589,38.6712967647615,-3692.3193039315065,-4.784104396103708,0.04875720514989748,SE,3484,4.1366201609411156e-05,0.08107427417029667,0.012729167938232422,7417.262353214903,-3708.414168578508,16.094864647001486,6.0247186926654095e-05,0.00032008540870123194
1100,0.034485070430120064,4,PRKCB,18.81291630535589,22.132187762558523,-3718.6397355995923,-5.075927690415478,0.06552697368430621,SE,3484,6.187321665277857e-05,0.04338659616564736,0.008413553237915039,7469.903216551074,-3738.237939215267,19.59820361567472,9.555900342239632e-06,6.305212835788615e-05
1103,0.009735135939543704,4,PRRT2,18.81291630535589,80.40921445452561,-3035.244281918388,-2.8355098036128803,0.015578946896954042,SE,3484,1.9276384448224615e-05,0.15334232700928074,0.008792400360107422,6103.112309188666,-3043.1266196496067,7.88233773121874,0.004991990953982062,0.01465678074788122
1109,0.06094450903225567,4,ITFG1,18.81291630535589,12.18016421210406,-3308.0052828781954,-4.540420233263858,0.06832750686003587,SE,3484,0.0003968911145334866,0.098986553873871,0.004479885101318359,6648.634311108281,-3322.0255964023468,14.020313524151334,0.00018084632709214343,0.000822028759509743
1110,0.02253872579335609,4,GNAO1,18.81291630535589,34.28204099753583,-3600.866276260097,-5.591492782146984,0.06361727900595233,SE,3484,4.826310433811425e-05,0.07548707367823645,0.008302927017211914,7234.356297872084,-3614.314893248583,13.44861698848581,0.00024518686004060264,0.001074682665762382
1111,0.011400524100983493,4,MT2A,18.81291630535589,68.54756444755193,-3873.1962602117183,-2.7318839877939016,0.01875348699217982,SE,3484,1.6291891117521208e-05,0.09515356415954981,0.009972810745239258,7779.016265775326,-3887.7281608262138,14.531900614495498,0.00013780615686098674,0.0006711338808164939
1113,0.007098836261780091,4,MT1X,18.81291630535589,110.56440429450257,-3112.7262966178887,-1.5176598234411471,0.006235508233444452,SE,3484,8.751437978577144e-06,0.12950692302452926,0.008955240249633789,6258.076338587667,-3119.778682718468,7.052386100579497,0.007915973484757699,0.02128312352154985
1118,0.023818395201887846,4,TERF2IP,18.81291630535589,32.3977307900214,-3544.111780954824,-5.167233243308212,0.05688555620445432,SE,3484,0.00019459419389611932,0.2739570615814111,0.010500907897949219,7120.847307261538,-3550.077065052036,5.965284097211679,0.01459024958736177,0.03566975179814993
1120,0.026340591561333768,4,KIAA0513,18.81291630535589,29.219851892786764,-3325.105391143182,-3.4655956766061036,0.03304324389915775,SE,3484,0.00016217677631658566,0.18860970252106118,0.00818490982055664,6682.834527638253,-3333.602689767882,8.497298624700306,0.0035567415007128345,0.011022959196424075
1121,0.019936802175063245,4,COX4I1,18.81291630535589,38.85930701932895,-2937.3718709330115,-6.1417989901864125,0.06777558855976155,SE,3484,3.130399839464048e-05,0.06191519685632756,0.008182525634765625,5907.367487217913,-2955.542426788862,18.17055585585058,2.019774701611521e-05,0.00012210908406518376
1123,0.013072256559029102,4,RPL13,18.81291630535589,59.68033667044461,-3244.37828168386,-4.8766112896762195,0.04178835985711508,SE,3484,2.475929327675194e-05,0.11074623654956807,0.0076754093170166016,6521.38030871961,-3257.933632110926,13.555350427065605,0.0002316301819250688,0.0010317812577586272
1131,0.016169675624980083,4,NAA38,18.81291630535589,48.09670961997733,-3639.6829632825766,-4.866525807110188,0.04623393441285053,SE,3484,4.409570468546606e-05,0.13055962052920542,0.010729074478149414,7311.989671917043,-3647.464404995518,7.781441712941614,0.005278565512522926,0.015297196331980584
1134,0.009167068846098678,4,RPL26,18.81291630535589,85.4410169821277,-3508.1434985764326,-5.284478077225693,0.04442851119313571,SE,3484,1.31208055048405e-05,0.11743603797852901,0.012598991394042969,7048.910742504755,-3518.4964360217136,10.352937445280986,0.001292688185476898,0.004507048167339392
1141,0.01434141788089761,4,AP2B1,18.81291630535589,54.328896864743086,-2964.102187597008,-3.2700520565727533,0.022058033926147837,SE,3484,4.6621732663096424e-05,0.17416523612986967,0.010983705520629883,5960.828120545906,-2975.0565377406765,10.954350143668307,0.0009338411769160837,0.0034729630546465927
1145,0.024928837985313854,4,THRA,18.81291630535589,30.919377869062632,-3351.8396286315874,-2.7278224342938193,0.024954339322221387,SE,3484,5.103782273339949e-05,0.06589094884897766,0.009305715560913086,6736.3030026150645,-3366.408424378219,14.568795746631622,0.00013513387925323528,0.000663384498152246
1146,0.018576727910173355,4,ATP6V0A1,18.81291630535589,41.762222377520104,-3487.537794536237,-4.871845451641645,0.04753199240743509,SE,3484,3.5076605752270604e-05,0.07946467447933693,0.011152982711791992,7007.699334424364,-3500.17700061427,12.639206078033112,0.0003777403641609389,0.0015671481398138456
1151,0.0746708158512947,4,NSF,18.81291630535589,9.795843382573745,-3591.1475612370755,-6.68525580095375,0.12715570942694374,SE,3484,0.00032888793186968866,0.05764812898611938,0.00430750846862793,7214.918867826041,-3607.5649798743307,16.417418637255196,5.081611106583228e-05,0.0002834783055325355
1156,0.04182046352960057,4,SEPT4,18.81291630535589,18.111504123900694,-3126.0662769699884,-3.1474089222823927,0.03623885707407652,SE,3484,5.788782621629854e-05,0.028424727753552908,0.004240274429321289,6284.7562992918665,-3184.3081941529967,58.241917183008354,2.3203661214665772e-14,5.273559366969495e-13
1157,0.03592045062920642,4,TRIM37,18.81291630535589,21.21619819595781,-3174.5314264434755,-4.15569567491977,0.04609886925400773,SE,3484,0.00027668687502683777,0.17985661769356662,0.007573127746582031,6381.686598238841,-3185.192170022544,10.660743579068367,0.0010943339043190115,0.003997161176489896
1158,0.05150238132015332,4,CLTC,18.81291630535589,14.558123676834871,-3658.3964770585953,-5.94034067039536,0.09422529962773438,SE,3484,0.0003935212467269345,0.13241034466697776,0.007485151290893555,7349.41669946908,-3669.03051721239,10.634040153794558,0.0011102489382586178,0.004038688642288795
1160,0.010374431423345801,4,PRKCA,18.81291630535589,75.40550848457329,-3235.7470998113886,-2.048493475506435,0.010986039588118241,SE,3484,2.2010707413219648e-05,0.15458647970265385,0.009902477264404297,6504.117944974667,-3244.5817370992777,8.834637287889109,0.0029556637703536115,0.009397423669282562
1164,0.008681994825046325,4,SUMO2,18.81291630535589,90.25888024455172,-3771.6956219594804,-4.562256427098804,0.03464350472733078,SE,3484,3.340469510084478e-05,0.3326595798208045,0.008832693099975586,7576.0149892708505,-3777.1037474780387,5.408125518558336,0.020043227333070623,0.04615104366304852
1166,0.00961409644308243,4,H3F3B,18.81291630535589,81.43150203171597,-3552.419827447171,-3.727380557594843,0.025225848403678666,SE,3484,1.2904363481928843e-05,0.10520179735228266,0.011034965515136719,7137.463400246232,-3561.8426261322634,9.422798685092403,0.0021430419897695563,0.007051198357759935
1172,0.010481902163814245,4,ACTG1,18.81291630535589,74.62427238187196,-3192.777152875022,-7.000822427927294,0.07552049174589952,SE,3484,4.6025095971343964e-05,0.31679120935036875,0.010442495346069336,6418.178051101933,-3200.094560099289,7.317407224267299,0.0068289863593670175,0.018962080515943808
1177,0.010087524196991186,4,RAB40B,18.81291630535589,77.57265893738008,-2919.238216793211,-2.3624132667295425,0.012002956885751329,SE,3484,9.211592181806237e-06,0.06834670863109586,0.009900569915771484,5871.100178938312,-2933.6692803540755,14.431063560864459,0.00014538430056632023,0.000691574368444441
1183,0.013318709432988664,4,ATP5F1A,18.81291630535589,58.56136871497393,-3656.6289959741143,-5.946484305913499,0.061055485712682565,SE,3484,7.845449276407209e-05,0.3383962444575398,0.009398221969604492,7345.881737300118,-3663.6025430286063,6.9735470544919735,0.00827233602946642,0.022022586550541647
1186,0.5803313537271791,4,MBP,18.81291630535589,0.571645723329348,-3339.1255204267472,-5.8990356600047855,0.7452986994729015,SE,3484,0.0008543283700760981,0.016676094537205186,0.0032286643981933594,6710.874786205384,-4163.317669068175,824.1921486414276,0.0,0.0
1188,0.015506614136046284,4,SIRPA,18.81291630535589,50.18712208483348,-3502.796700952149,-4.463035221166983,0.03914691620027549,SE,3484,5.90965801658496e-05,0.1897416833842542,0.011292457580566406,7038.217147256188,-3509.1055268773953,6.30882592524631,0.012013837109220216,0.03033028560302881
1190,0.06748849828417967,4,CHGB,18.81291630535589,10.92247104990441,-3602.5154089489934,-5.344646026806651,0.09304700556380087,SE,3484,0.00019600944505385678,0.04089938933457702,0.004513978958129883,7237.654563249876,-3623.0131519096685,20.49774296067517,5.9701608948747875e-06,4.1630770702897544e-05
1194,0.042597316372995894,4,NAPB,18.81291630535589,17.76678597595895,-3622.4787602035894,-6.825888123241112,0.10619843107315072,SE,3484,0.0003773747807073293,0.1791605808982495,0.008252620697021484,7277.581265759069,-3633.004253783398,10.525493579808426,0.0011773896217139868,0.004200517942161423
1196,0.009140375560231194,4,MAP1LC3A,18.81291630535589,85.69284495744807,-3608.696624706946,-5.299278487374315,0.04491594709153415,SE,3484,6.95202767829738e-05,0.6258026673407572,0.008242130279541016,7250.016994765781,-3614.257123406477,5.560498699531308,0.0183701805558405,0.043356195367805384
1203,0.010446324413457437,4,PKIG,18.81291630535589,74.8811175159913,-3028.5541440552324,-2.6254073830908378,0.014353149330136612,SE,3484,1.8587564482566328e-05,0.12879243871141607,0.010149717330932617,6089.732033462355,-3039.1193865868227,10.56524253159023,0.001152339145108594,0.0041231323771444535
1204,0.025751665465277324,4,YWHAB,18.81291630535589,29.90617152566203,-3570.508027620297,-7.365056824886927,0.10358617288898285,SE,3484,0.00017217908958781753,0.20900583934899267,0.008734464645385742,7173.639800592484,-3577.0217777936464,6.513750173349308,0.010704352662997518,0.027483598507125624
1207,0.04453994764043972,4,GNAS,18.81291630535589,16.957401439709162,-2487.0095713446435,-6.6804068770588,0.091309560561492,SE,3484,0.00038184496584931724,0.16710388085853617,0.009349346160888672,5006.642888041177,-2497.165597607771,10.156026263127387,0.001438303063188373,0.004930698667608695
1208,0.012079391801417778,4,ATP5F1E,18.81291630535589,64.65073201925671,-2911.3618291211305,-6.715269721141128,0.07130637123542721,SE,3484,2.1295491634729308e-05,0.11110024922088113,0.013812780380249023,5855.347403594151,-2919.4289841574036,8.067155036273107,0.004507483305161819,0.013396539212130975
1209,0.018060339693087485,4,RPS21,18.81291630535589,42.97890599113019,-2748.429516109196,-5.0839309858514605,0.04694308105145173,SE,3484,7.251218612419818e-05,0.17343507125970994,0.009362220764160156,5529.4827775702815,-2759.768724195698,11.339208086501912,0.0007588767779875827,0.002867406849576091
1210,0.04643373386440296,4,EEF1A2,18.81291630535589,16.23355888336456,-3589.393148767138,-6.3070775757452235,0.09695803111945853,SE,3484,0.00019858009126874556,0.08056411559115491,0.008682489395141602,7211.410042886166,-3605.7324847157006,16.33933594856262,5.2953291585944307e-05,0.0002927393269493236
1211,0.03381628644341063,4,PPDPF,18.81291630535589,22.585529082415295,-3695.934583504534,-4.181653418539612,0.050802463827038805,SE,3484,0.00010747400819881219,0.07816238055195693,0.01063084602355957,7424.492912360958,-3709.3025504822317,13.367966977697506,0.0002559586645057843,0.0011100038454314452
1215,0.02123875248551954,4,GPX4,18.81291630535589,36.42874685409011,-3381.286013337638,-6.022522390007077,0.0689658301310929,SE,3484,5.218601920969993e-05,0.09143484187926458,0.00976419448852539,6795.195772027166,-3392.2828113698893,10.996798032251263,0.0009126942753285849,0.0034150146111241405
1216,0.012480748654525716,4,ATP5F1D,18.81291630535589,62.54626827869711,-3602.122199103097,-5.3431542397226695,0.049685298468567125,SE,3484,1.3216879788994175e-05,0.06469677928404981,0.009114980697631836,7236.868143558084,-3618.9327955901913,16.810596487094244,4.1302029675005514e-05,0.00023467062315344047
1219,0.01721864790808227,4,RPS15,18.81291630535589,45.118466621789516,-2997.448938517493,-5.27991740210997,0.05049254018795476,SE,3484,4.696727299851529e-05,0.12316261080140795,0.009934186935424805,6027.521622386876,-3012.1102123617006,14.661273844207699,0.00012866276496537044,0.0006367108970060488
1220,0.01877036943992859,4,UQCR11,18.81291630535589,41.323234089202515,-3369.274827245443,-5.867310189283907,0.0637986140932102,SE,3484,3.247013923724462e-05,0.07210698298685085,0.007819414138793945,6771.173399842775,-3384.6435842389265,15.368756993483657,8.843857639939667e-05,0.0004560430792176682
1226,0.015343024303499968,4,RPL36,18.81291630535589,50.730653717595274,-3133.333146286792,-5.155967854433441,0.04756123551322855,SE,3484,5.15363981488682e-05,0.16890208530278764,0.010950088500976562,6299.290037925473,-3141.931712594575,8.59856630778313,0.003364277460093268,0.010506071180027556
1228,0.01624809373612004,4,TUBB4A,18.81291630535589,47.860765519202175,-3670.636353648314,-5.689406479328354,0.059865947233370784,SE,3484,4.80336427801886e-05,0.1408949734513906,0.008869647979736328,7373.896452648518,-3681.472376745657,10.836023097343059,0.000995443005601615,0.0036687088658536185
1229,0.008590515469359189,4,PET100,18.81291630535589,91.22845392965631,-3353.9346883494472,-3.904545970150334,0.025591749493915718,SE,3484,1.2783420236371698e-05,0.12997984152284806,0.011120080947875977,6740.493122050784,-3362.711835028147,8.777146678699864,0.003050279660100186,0.009648260405658977
1230,0.04949580889003522,4,CTXN1,18.81291630535589,15.18036030780625,-3685.1891488246692,-5.320221187163186,0.08097685338434277,SE,3484,0.00028134508605487537,0.10168517324434963,0.0037491321563720703,7403.002043001228,-3701.444192279665,16.255043454995757,5.536202800104917e-05,0.00030063852695662264
1245,0.008266475740737468,4,RPL18A,18.81291630535589,94.8355284081794,-3590.458013558721,-4.868371268880916,0.037565580320898136,SE,3484,1.6451108840868808e-05,0.18040146888505257,0.009834051132202148,7213.539772469332,-3597.885574563413,7.427561004691597,0.0064232342589998215,0.018080413364574145
1248,0.021647337273787298,4,JUND,18.81291630535589,35.72624871846921,-3801.326745147084,-4.579996512462041,0.04795083905006955,SE,3484,5.5912510660015355e-05,0.09445804857553235,0.015915393829345703,7635.277235646057,-3810.197203052085,8.87045790500133,0.002898224350281864,0.00923873169511338
1250,0.012665571521247244,4,FKBP8,18.81291630535589,61.62202405929097,-3586.6677028583417,-4.881863452800601,0.04281658534191784,SE,3484,1.9941859470782146e-05,0.09485961630589831,0.010429859161376953,7205.959151068573,-3602.8848183923064,16.217115533964716,5.648150722159517e-05,0.0003052858179225781
1252,0.018535186282003065,4,TMEM59L,18.81291630535589,41.85759282241817,-3624.2911668238403,-6.351450869956561,0.07437728514196344,SE,3484,8.56102051452615e-05,0.19478380488909874,0.010774612426757812,7281.20607899957,-3630.464346008078,6.173179184237597,0.012970132552901581,0.032157353436946076
1257,0.025550620518899714,4,APLP1,18.81291630535589,30.147708074590206,-3660.687836412795,-5.787817194828831,0.07035830529069702,SE,3484,6.947888687898048e-05,0.08560205627027868,0.008035659790039062,7353.99941817748,-3671.622121810554,10.934285397758686,0.0009440088874741459,0.003494933000754133
1258,0.038992323234908345,4,CLIP3,18.81291630535589,19.482478901933863,-3535.2541801213993,-4.644434844022118,0.05939986899583803,SE,3484,0.0002194536226879531,0.1225625920549632,0.007821083068847656,7103.132105594688,-3544.7626164816584,9.508436360259111,0.0020452937315352804,0.006765857725000316
1263,0.0130562301060617,4,RPS19,18.81291630535589,59.75456428854482,-3587.564560770533,-4.408243283847912,0.036647116122966145,SE,3484,2.8047022484751028e-05,0.12575185600907082,0.006589412689208984,7207.752866892955,-3599.808312576747,12.243751806214277,0.0004668187048592065,0.001878406114932724
1265,0.022350680287258833,4,ATP1A3,18.81291630535589,34.57712069029571,-3706.1884162525766,-5.565475951564719,0.06381430771217701,SE,3484,0.00011989157870003134,0.19054197366716896,0.010697364807128906,7445.000577857043,-3712.9178192390327,6.72940298645608,0.009483633645938516,0.024658908748106702
1266,0.024734899793820563,4,PNMA8B,18.81291630535589,31.16800448610303,-3304.017088744912,-3.7816747275464744,0.03563909951876432,SE,3484,0.00019981639189273087,0.26182211621745105,0.010956287384033203,6640.657922841714,-3309.337782475196,5.320693730283892,0.021073620075768074,0.04807263788828473
1268,0.01352525409338706,4,TMEM160,18.81291630535589,57.655004261392506,-3658.464668950277,-4.776813159182599,0.04248841728419245,SE,3484,2.664210756956657e-05,0.11152660954266486,0.011124134063720703,7349.553083252444,-3669.4480127552356,10.983343804958622,0.0009193440356016769,0.003429440309649804
1269,0.030711287087193808,4,FTL,18.81291630535589,24.948911786009624,-2751.2865340366634,-4.397047635302334,0.0434437008387632,SE,3484,6.130143481079658e-05,0.05338059787953382,0.003779888153076172,5535.1968134252165,-2785.387722336445,34.101188299781825,5.231930666482754e-09,6.485864462581927e-08
1270,0.019348673294000498,4,RPL13A,18.81291630535589,40.06451579497466,-3395.7848530645488,-4.818039407099241,0.04678884769095567,SE,3484,3.04678634597494e-05,0.06382706085981282,0.008247137069702148,6824.193451480987,-3416.3833415648096,20.598488500260828,5.664081591527648e-06,3.972213064188221e-05
1271,0.005968862640715195,4,RPS11,18.81291630535589,131.64515298769533,-3725.855069726117,-4.551517446666801,0.030515318051497615,SE,3484,9.68248992082384e-06,0.20172469990914108,0.009318351745605469,7484.333884804124,-3731.3924996541537,5.537429928036545,0.018613899779466037,0.04367941022471607
1274,0.0072378359108957535,4,RPS9,18.81291630535589,108.4258795410522,-3678.4950046934573,-3.766745146013449,0.023535759740602905,SE,3484,1.181178171144855e-05,0.16824249494770868,0.010351896286010742,7389.613754738804,-3685.2941737513906,6.799169057933341,0.00912003079550816,0.02396737701759007
1281,0.040656499638219476,4,PI4KA,18.81291630535589,18.65265348551499,-3675.910932829149,-5.9117164976719785,0.08544222963316607,SE,3484,0.00019809086609328107,0.10244026322498152,0.008661031723022461,7384.445611010187,-3688.823558103706,12.912625274557286,0.00032637321057082946,0.001371742946048007
1282,0.01917024303662984,4,CHCHD10,18.81291630535589,40.444780625940986,-3592.4707387024837,-5.690761541128487,0.06230036485435348,SE,3484,2.3586174871102175e-05,0.05029801904922424,0.009589433670043945,7217.565222756857,-3609.545407619065,17.07466891658123,3.593847533156502e-05,0.00020903464755541918
1283,0.014654915591441242,4,MIF,18.81291630535589,53.14978385437794,-3625.344778959895,-5.042068862483552,0.047376394962912,SE,3484,2.1573448238955476e-05,0.07728038424270953,0.011662006378173828,7283.31330327168,-3638.7382058854973,13.393426925602398,0.00025250762283068884,0.0011028317399593335
1285,0.01976931170143543,4,UQCR10,18.81291630535589,39.1952298581996,-3499.546101103184,-6.4802736579467535,0.07744601141391026,SE,3484,7.624579779948255e-05,0.15326543859203484,0.010988235473632812,7031.7159475582575,-3507.857019550762,8.310918447577933,0.003940745887703212,0.011892051754323665
1287,0.014109171012239912,4,DDX17,18.81291630535589,55.236200704802165,-3366.601930503667,-3.2200740268399572,0.022934335093331648,SE,3484,3.2045589842593485e-05,0.12356862106120703,0.009435892105102539,6765.827606359224,-3376.498251885244,9.896321381576854,0.0016560949101761535,0.0056145859586584825
1288,0.023365180825493784,4,NPTXR,18.81291630535589,33.04148266059559,-3651.6782245821514,-4.260851023904033,0.04358940965569861,SE,3484,4.8936372424436024e-05,0.07146122724403162,0.01157689094543457,7335.980194516193,-3668.575883926166,16.897659344014755,3.945019938622618e-05,0.00022624370930928359
1290,0.07072014084590421,4,SYNGR1,18.81291630535589,10.38723308903896,-3463.3112154644687,-4.835447669751485,0.08268562527800491,SE,3484,0.0002704350555786214,0.05204120135900914,0.004459857940673828,6959.246176280827,-3477.586255230115,14.275039765646397,0.00015794547599790043,0.0007314799059937071
1292,0.00800409970261404,4,RPS19BP1,18.81291630535589,97.97016900816472,-3169.513412703941,-3.1275651587759925,0.017097968540149833,SE,3484,2.1991664042166753e-05,0.25694942007400584,0.00973820686340332,6371.650570759772,-3175.8190437354415,6.305631031500525,0.012035506664846318,0.03033028560302881
1299,0.023624209087445117,4,SULT4A1,18.81291630535589,32.670531104657144,-3314.009852373376,-4.4720780645856415,0.04422204810088088,SE,3484,0.0001278745801685107,0.18285392511154783,0.008653640747070312,6660.643450098642,-3321.623865193136,7.614012819760319,0.00579164558848122,0.01653006669016839
1301,0.014833404598614802,4,ATP5PF,18.81291630535589,52.50072544759269,-3600.9989665483818,-5.954336453601299,0.0626890558370342,SE,3484,5.092748327737e-05,0.17819894095116098,0.008312463760375977,7234.621678448653,-3607.8089000150885,6.809933466706752,0.009065214247631626,0.023874442517172644
1302,0.026699409374060772,4,APP,18.81291630535589,28.816537903901285,-3473.2935530103014,-7.596801576077814,0.10934750127950452,SE,3484,0.00017380868084680833,0.19702736328632678,0.01123666763305664,6979.2108513724925,-3480.54634374396,7.252790733658458,0.007079090972964441,0.019339370668994226
1303,0.013657249906976844,4,SOD1,18.81291630535589,57.09013500589005,-3491.477154003812,-6.9885571205907135,0.08097057741632975,SE,3484,5.9481218348740674e-05,0.24433729694626247,0.011053800582885742,7015.578053359513,-3498.995668247303,7.518514243491154,0.006106802840793901,0.017389124309368842
1304,0.017294858818966516,4,SYNJ1,18.81291630535589,44.91616584264384,-3022.8176873658567,-3.7703181784767525,0.02942701356666465,SE,3484,2.40741390084963e-05,0.06259416854262513,0.02512049674987793,6078.259120083603,-3040.8684595320065,18.050772166149727,2.150913896403761e-05,0.00012939990018471826
1305,0.015225230859138485,4,SON,18.81291630535589,51.129258707644446,-2931.8236636208994,-2.794933201708485,0.01804894367428231,SE,3484,4.9618867686161316e-05,0.16506388749592496,0.009282827377319336,5896.271072593689,-2939.073410030333,7.2497464094335555,0.007091102578631214,0.019339370668994226
1307,0.023919285940457332,4,TTC3,18.81291630535589,32.257743997269216,-3420.0955670458306,-4.079139397752188,0.039741269592923435,SE,3484,6.907353933836609e-05,0.09646529160351146,0.00960683822631836,6872.814879443551,-3433.126633363159,13.031066317328168,0.00030636605951284146,0.0013100860954777828
1309,0.00708950013721792,4,PDXK,18.81291630535589,110.71104695549953,-3228.3144753602946,-3.1387774596104494,0.016561867821216717,SE,3484,9.995184802938038e-06,0.14829643040640367,0.010052204132080078,6489.252696072479,-3235.569764676241,7.2552893159463565,0.007069248165055164,0.019339370668994226
1310,0.008780581583405457,4,CSTB,18.81291630535589,89.23659462556091,-3209.4198364661997,-3.2190938563419826,0.018597418240679574,SE,3484,1.8369234189553546e-05,0.17891756286501878,0.009850502014160156,6451.463418284289,-3217.0445338777604,7.624697411560646,0.005757432866321022,0.01650920639238186
1312,0.006986311852086186,4,RPL22,36.26188261268037,72.84661210011716,-3657.743093420525,-4.883443575866643,0.023121979015808713,SE,3484,1.316728878471319e-05,0.20108793033388037,0.0038771629333496094,7348.10993219294,-3672.2259173799484,14.482823959423513,0.0001414433775388524,0.0006807435282618566
1314,0.01939799644876864,4,RPS8,36.26188261268037,25.908244805148552,-3185.056616784018,-5.675591484415614,0.039513694362130834,SE,3484,8.493994245415211e-05,0.17707243258332916,0.0038449764251708984,6402.736978919926,-3220.501091274064,35.444474490046105,2.624257811056907e-09,3.463096818110288e-08
1319,0.014328987728688226,4,H3F3A,36.26188261268037,35.25482514454252,-3662.2512316591283,-3.5659646664161855,0.023244328793297096,SE,3484,4.779802429263075e-05,0.1788603169566865,0.0038251876831054688,7357.126208670146,-3681.329059016396,19.07782735726778,1.2549444128540088e-05,8.021661729890683e-05
1323,0.014103746499642274,4,RPL37A,36.26188261268037,35.82604063404111,-2643.735158667664,-5.326638332492181,0.02905545408204059,SE,3484,5.17431338842717e-05,0.19967191770417397,0.0039331912994384766,5320.094062687218,-2660.0345075946175,16.29934892695337,5.408253043936995e-05,0.0002963125653131065
1325,0.005199991338796159,4,SLC6A1,36.26188261268037,98.04721255776897,-3361.072893880778,-2.683892170260906,0.008899953548891712,SE,3484,1.7895023941344598e-05,0.4896634420203367,0.0038416385650634766,6754.7695331134455,-3367.3263957590216,6.253501878243696,0.012394802778834535,0.030918299614609433
1326,0.003559840864244118,4,ARPP21,36.26188261268037,143.4573253692514,-3020.5282477204773,-3.057259826229757,0.008176155739256613,SE,3484,6.133675255170311e-06,0.3556909247746791,0.0038368701934814453,6073.680240792844,-3027.3525094853358,6.82426176485842,0.008992771945700806,0.023785740843840303
1328,0.00702318134960756,4,FAM107A,36.26188261268037,72.46149973795262,-3765.5143533562177,-3.1702841922752754,0.013987328552861798,SE,3484,2.109092791065619e-05,0.31877172324136566,0.004464387893676758,7563.652452064325,-3771.715783194445,6.201429838227341,0.012764715363132062,0.03171211950722909
1329,0.08316796530803865,4,COX7C,36.26188261268037,5.649835381211878,-3293.6819650080256,-6.987070793820849,0.1127522096785916,SE,3484,0.027235538286713046,3.976794016748429,0.0033402442932128906,6619.987675367941,-3300.4583154480306,6.77635044000499,0.009237357283980452,0.024172189054804442
1331,0.042736024188059954,4,RPS12,36.26188261268037,11.479941908512332,-2968.977532229541,-5.35419362687434,0.05256903252338737,SE,3484,0.0001482272338220281,0.06995428098784646,0.0038118362426757812,5970.5788098109715,-3031.4591363560503,62.48160412650941,2.6645352591003757e-15,6.812732196563462e-14
1333,0.008128830601230791,4,TSC22D4,36.26188261268037,62.535882772440935,-3266.157891592303,-2.3892814880054516,0.01013539783989485,SE,3484,2.2159097140891382e-05,0.25115072914886116,0.004414558410644531,6564.939528536495,-3274.9677626330795,8.80987104077667,0.0029960520956100467,0.00950122229051812
1334,0.030544971765886924,4,GPM6B,36.26188261268037,16.266346930457527,-3789.891103121402,-4.461390371779137,0.04808833575112073,SE,3484,0.00011844526866585712,0.10419703802209575,0.0038340091705322266,7612.405951594694,-3824.5492718667583,34.658168745356306,3.929860437068555e-09,4.97217581072404e-08
1335,0.011143960851232766,4,RPS4X,36.26188261268037,45.47739540859017,-3652.9363544155103,-4.690363338486387,0.02672140327613218,SE,3484,4.124667227837717e-05,0.2518568719294794,0.003858327865600586,7338.49645418291,-3664.0214043291016,11.08504991359132,0.0008702648027819615,0.0032662148561458113
1337,0.008759712884816338,4,RPL8,36.26188261268037,57.99508168183836,-3516.39283626409,-5.137447480393495,0.02649972866467451,SE,3484,1.575624391834929e-05,0.15418566251403826,0.003856658935546875,7065.40941788007,-3528.3820395424355,11.989203278345485,0.0005350966191993711,0.002118417700642672
1340,0.031154829308713692,4,RPS6,36.26188261268037,15.937899864483215,-3724.233425592499,-4.282506813758451,0.04627498638791749,SE,3484,0.00014120582638010057,0.11969842369303908,0.003804922103881836,7481.0905965368875,-3748.0082562481,23.774830655601363,1.0828928564965423e-06,8.411423223649783e-06
1341,0.004174476094560472,4,GABBR2,36.26188261268037,122.25971140926347,-3460.639898479084,-4.73340046998454,0.017920136073474015,SE,3484,1.3390910709696965e-05,0.5661457496436842,0.0033905506134033203,6953.903542310058,-3466.036611287836,5.3967128087519995,0.020174715040662705,0.04636681189120643
1342,0.015141053790845467,4,GSN,36.26188261268037,33.33650168013885,-3126.9132606805897,-1.69613762628393,0.012733483820667475,SE,3484,4.605165272422337e-05,0.15485170582093985,0.004944562911987305,6286.450266713069,-3141.3354417411538,14.422181060564071,0.00014607162557489506,0.0006921610899477303
1344,0.013669247276332806,4,RPL12,36.26188261268037,36.98112046967956,-3638.393589918781,-4.537694656522801,0.028363598487306876,SE,3484,7.323347456425142e-05,0.3003158665363184,0.003743886947631836,7309.4109251894515,-3654.650958829095,16.2573689103142,5.52941204338131e-05,0.00030063852695662264
1348,0.012856951439816673,4,RPS13,36.26188261268037,39.34994949007218,-3488.986857222322,-5.189340047768936,0.0312749884470717,SE,3484,3.3756698140689566e-05,0.15595208936023072,0.0037894248962402344,7010.597459796534,-3505.2893805054227,16.302523283100527,5.3992008011150006e-05,0.0002963125653131065
1349,0.01005606889030437,4,FAU,36.26188261268037,50.45270420962915,-3308.0883707005587,-5.34942655489679,0.028621536786322368,SE,3484,3.983912329312095e-05,0.2974055085568167,0.003849506378173828,6648.800486753007,-3317.4106829679286,9.322312267369853,0.0022638013613731633,0.007428614092984373
1351,0.019663397061286794,4,VIM,36.26188261268037,25.551638853106713,-3538.7007206244207,-1.272779179696316,0.01866158197163115,SE,3484,6.861827780622446e-05,0.13936261199414923,0.003786802291870117,7110.025186600731,-3566.004837573657,27.30411694923623,1.7384088268901365e-07,1.5921654791734632e-06
1352,0.03138157016443693,4,SCD,36.26188261268037,15.81904093159422,-3615.580477024774,-3.0483190451688325,0.037068408558106544,SE,3484,6.995060007989276e-05,0.058495993619434854,0.0037589073181152344,7263.784699401438,-3666.7962663904927,51.21578936571859,8.274492202531292e-13,1.611914065428174e-11
1356,0.013249879521917396,4,RPL6,36.26188261268037,38.167819523358794,-3535.6882278470257,-5.8187660441071065,0.037241163951522306,SE,3484,4.947085552733646e-05,0.21554336227227863,0.003864765167236328,7104.000201045941,-3555.9923765548137,20.304148707788045,6.605719572339019e-06,4.479016284609582e-05
1361,0.08369561981863921,4,CNP,36.26188261268037,5.610985209767593,-3602.889267692223,-4.160160852489128,0.09763749056975425,SE,3484,0.00025465542605081166,0.03679084199749135,0.0037841796875,7238.402280736335,-3700.106634930922,97.21736723869935,0.0,0.0
1364,0.007607082344604117,4,RPS16,36.26188261268037,66.86019364046282,-3745.415845067989,-4.101488163111951,0.019327404353890628,SE,3484,1.5086137428506513e-05,0.19482431675440498,0.003796815872192383,7523.455435487867,-3754.5767448049683,9.160899736979445,0.0024724097876123174,0.007943248960677366
1367,0.007269515581031589,4,RPL18,36.26188261268037,69.98870821161606,-3441.78699658212,-5.140122242437274,0.02448586954422734,SE,3484,2.41817292323772e-05,0.3414845875808941,0.0032172203063964844,6916.19773851613,-3447.609311385526,5.8223148034057886,0.01582410622229946,0.03838042292508853
1368,0.011244615183196291,4,NDUFA3,36.26188261268037,45.06572430197012,-3575.8330566615796,-5.666821015425776,0.033874190963591226,SE,3484,4.517010301322028e-05,0.27101047589315885,0.004305124282836914,7184.289858675049,-3586.0927993424393,10.259742680859745,0.0013596464305111189,0.00470044220535214
1369,0.0823900781795567,4,MAPK1,36.26188261268037,5.7080172524698405,-3574.9247647804887,-4.555984844296982,0.09811159211393485,SE,3484,0.003319667492805481,0.4924381305910073,0.0032417774200439453,7182.473274912867,-3582.7273329131085,7.802568132619854,0.005217203212999455,0.015172822786620563
1370,0.005222379958800645,4,RPL24,69.89475258769221,42.35109450901214,-3451.078318178589,-5.350674885696127,0.022611680095916766,SE,3484,1.7686812820562284e-05,0.4798700204955786,0.003968238830566406,6934.780381709068,-3458.367543687743,7.289225509153766,0.006936937493477124,0.019131492576494626
1371,0.01198498535583537,4,CAMK2A,69.89475258769221,18.32876214306051,-3643.2815787324707,-3.9721091267558783,0.03339861898173884,SE,3484,5.760508448945488e-05,0.30516483528849064,0.003374338150024414,7319.186902816831,-3663.3916664717913,20.110087739320534,7.311004439958246e-06,4.929997998972844e-05
1372,0.020804610089585746,4,RPS18,69.89475258769221,10.4644613379845,-3530.55883577657,-4.572645812075168,0.05301727747126891,SE,3484,0.0001837685065817665,0.33496428871172573,0.0032596588134765625,7093.74141690503,-3546.7504951545898,16.19165937801972,5.72456101756158e-05,0.00030546076575921485
1373,0.012157412621062885,4,TPT1,69.89475258769221,18.06565394873845,-3370.418557905904,-4.9665620102852435,0.03430349508506773,SE,3484,6.143166846765329e-05,0.3164951039239634,0.0032300949096679688,6773.460861163698,-3380.8495441649734,10.430986259069414,0.0012391855243993888,0.00440551723974813
1374,0.02291781081184132,4,RPLP1,69.89475258769221,9.479055483606636,-2685.227210697704,-4.649242798133611,0.03994948228858648,SE,3484,0.00020646252628113413,0.3128104847429223,0.0033884048461914062,5403.0781667472975,-2703.5188553143335,18.291644616629583,1.8953666324206253e-05,0.0001163065888076293
1376,0.009587749582011317,4,RPL28,69.89475258769221,22.9671136593427,-3053.0476607661376,-5.3155530342505255,0.02799226063489757,SE,3484,4.734443349665894e-05,0.38805371398988187,0.0032138824462890625,6138.719066884165,-3063.6699216677625,10.62226090162494,0.001117343509198565,0.004045089132255465
1377,0.009986393622077983,4,NCDN,134.72208521204524,7.072334528040298,-3610.0765989993515,-5.629791801500098,0.07721041419204393,SE,3484,4.8766894178429705e-05,0.36904437604980816,0.0032608509063720703,7252.776943350593,-3625.0315072514322,14.954908252080713,0.00011011125155779844,0.000551577697970419
1379,0.010089134990961795,4,VSTM2L,134.72208521204524,6.999587870037682,-3029.4605337996545,-2.7928947708585956,0.05032004893306084,SE,3484,6.120908267357684e-05,0.4540074433842005,0.0031409263610839844,6091.544812951199,-3038.157848159103,8.697314359448683,0.003186792335577726,0.01002836748958026
